checkedAt,coin,premium,korbitPrice,foreignPrice,usdKrwRate
2026-10-04T00:00:06.980Z,BTC,0.8693,115143000,84719.9,1347.389067
2026-10-04T00:00:06.980Z,XRP,0.9152,2020,1.4856,1347.389067
2026-10-04T00:00:06.980Z,SOL,0.9518,162600,119.54,1347.389067
2026-10-04T00:00:06.980Z,ETH,0.8762,3651000,2686.15,1347.389067
2026-10-04T00:00:06.980Z,FIL,0.6742,1446,1.066,1347.389067
2026-10-04T00:00:06.980Z,TRX,0.7781,455.2,0.33523,1347.389067
2026-10-04T00:00:06.980Z,BNB,1.0643,1071000,786.5,1347.389067
2026-10-04T00:00:06.980Z,WLD,0.7372,811,0.5975,1347.389067
2026-10-04T00:00:06.980Z,FLOW,0.9081,44.99,0.03309,1347.389067
2026-10-04T00:00:06.980Z,LINK,0.7874,19160,14.109,1347.389067
2026-10-04T00:00:06.980Z,DOGE,0.9731,126.2,0.09276,1347.389067
2026-10-04T00:00:06.980Z,SUI,0.6872,1606,1.1838,1347.389067
2026-10-04T00:00:06.980Z,XLM,0.8059,293.3,0.21594,1347.389067
2026-10-04T00:00:06.980Z,BCH,0.4435,432400,319.5,1347.389067
2026-10-04T00:00:06.980Z,AVAX,0.5141,15060,11.12,1347.389067
2026-10-04T00:00:06.980Z,ETC,1.2402,12060,8.841,1347.389067
2026-10-04T00:00:06.980Z,AAVE,6.2823,259800,181.42,1347.389067
2026-10-04T00:00:06.980Z,ADA,1.1089,332,0.2437,1347.389067
2026-10-04T00:00:06.980Z,HYPE,1.1076,121600,89.26,1347.389067
2026-10-04T00:00:06.980Z,SEI,0.3663,96.84,0.07161,1347.389067
2026-10-04T00:00:06.980Z,HBAR,0.8118,138.4,0.10189,1347.389067
2026-10-04T00:00:06.980Z,ARB,0.3639,272,0.20114,1347.389067
2026-10-04T00:00:06.980Z,JTO,0.3079,764.7,0.5658,1347.389067
2026-10-04T00:00:06.980Z,ONDO,1.1385,683,0.5012,1347.389067
2026-10-04T00:00:06.980Z,QTUM,-0.1003,1335,0.9918,1347.389067
2026-10-04T00:00:06.980Z,PYTH,-2.7513,102.1,0.07792,1347.389067
2026-10-04T00:00:06.980Z,APT,0.9286,1092,0.803,1347.389067
2026-10-04T00:00:06.980Z,UNI,0.1876,12210,9.045,1347.389067
2026-10-04T00:00:06.980Z,TIA,1.5485,646.5,0.4725,1347.389067
2026-10-04T00:00:06.980Z,ALGO,0.9332,178.4,0.13118,1347.389067
2026-10-04T00:00:06.980Z,NEAR,0.4582,6535,4.828,1347.389067
2026-10-04T00:00:06.980Z,ZIL,-4.9846,4.5,0.003515,1347.389067
2026-10-04T00:00:06.980Z,SUSHI,-2.8972,335.2,0.2562,1347.389067
2026-10-04T00:00:06.980Z,PENDLE,-2.7802,3153,2.407,1347.389067
2026-10-04T00:00:06.980Z,XTZ,-0.7354,430,0.3215,1347.389067
2026-10-04T00:00:06.980Z,W,-0.6951,18.45,0.013789,1347.389067
2026-10-04T00:00:06.980Z,AR,11.0135,6740,4.506,1347.389067
2026-10-04T00:00:06.980Z,SHIB,2.1462,0.0079,5.74e-06,1347.389067
2026-10-04T00:00:06.980Z,CELO,18.2097,159.8,0.10033,1347.389067
2026-10-04T00:00:06.980Z,STX,0.7929,521.5,0.384,1347.389067
2026-10-04T00:00:06.980Z,JUP,1.0128,447.1,0.3285,1347.389067
2026-10-04T00:00:06.980Z,PEPE,-0.0552,0.0058,4.307e-06,1347.389067
2026-10-04T00:00:06.980Z,DYDX,0.4502,200,0.14777,1347.389067
2026-10-04T00:00:06.980Z,KITE,-13.3448,176.2,0.15091,1347.389067
2026-10-04T00:00:06.980Z,CRV,-0.9196,507.7,0.3803,1347.389067
2026-10-04T00:00:06.980Z,ENJ,-2.4036,44,0.03346,1347.389067
2026-10-04T00:00:06.980Z,ATOM,22.2102,2824,1.715,1347.389067
2026-10-04T00:00:06.980Z,ICP,1.6737,4603,3.36,1347.389067
2026-10-04T00:00:06.980Z,SPACE,0.4121,7.176,0.005304,1347.389067
2026-10-04T00:00:06.980Z,DOT,0.8327,1609,1.1843,1347.389067
2026-10-04T00:00:06.980Z,ETHFI,-3.2332,944.1,0.7241,1347.389067
2026-10-04T00:00:06.980Z,CC,-0.0146,167.2,0.12411,1347.389067
2026-10-04T00:00:06.980Z,SYRUP,0.6808,350.4,0.2583,1347.389067
2026-10-04T00:00:06.980Z,TAO,-3.3939,400000,307.3,1347.389067
2026-10-04T00:00:06.980Z,GRAM,0.1006,2042,1.514,1347.389067
2026-10-04T00:00:06.980Z,RAY,-6.9832,2613,2.0849,1347.389067
2026-10-04T00:00:06.980Z,RENDER,-2.0402,2620,1.985,1347.389067
2026-10-04T00:00:06.980Z,GRASS,2.4703,991.6,0.7182,1347.389067
2026-10-04T00:00:06.980Z,MINA,-0.2843,219,0.163,1347.389067
2026-10-04T00:00:06.980Z,POL,-5.4493,140.2,0.11005,1347.389067
2026-10-04T00:00:06.980Z,ENA,-1.296,317.6,0.23881,1347.389067
2026-10-04T00:00:06.980Z,SAND,1.0021,101.4,0.07451,1347.389067
2026-10-04T00:00:06.980Z,AERO,-5.9583,1074,0.8476,1347.389067
2026-10-04T00:00:06.980Z,KGEN,-1.6882,213.4,0.1611,1347.389067
2026-10-04T00:00:06.980Z,LIT,3.6248,4977,3.5646,1347.389067
2026-10-04T00:00:06.980Z,MANA,2.1656,143.7,0.10439,1347.389067
2026-10-04T00:00:06.980Z,BAND,-0.922,299.7,0.2245,1347.389067
2026-10-04T00:00:06.980Z,APE,-0.3894,219.4,0.16347,1347.389067
2026-10-04T00:00:06.980Z,GMT,1.9436,12.06,0.00878,1347.389067
2026-10-04T00:00:06.980Z,VIRTUAL,-3.2835,1039,0.7973,1347.389067
2026-10-04T00:00:06.980Z,LPT,0.1269,2396,1.776,1347.389067
2026-10-04T00:00:06.980Z,DATA,-0.1889,288.2,0.2143,1347.389067
2026-10-04T00:00:06.980Z,THETA,1.0184,308.7,0.2268,1347.389067
2026-10-04T00:00:06.980Z,GRT,1.1557,38.49,0.02824,1347.389067
2026-10-04T00:00:06.980Z,LAYER,2.0232,107.8,0.07842,1347.389067
2026-10-04T00:00:06.980Z,NMR,-0.3843,15320,11.414,1347.389067
2026-10-04T00:00:06.980Z,EIGEN,-8.1835,321.9,0.2602,1347.389067
2026-10-04T00:00:06.980Z,BAT,-5.8926,119.8,0.09448,1347.389067
2026-10-04T00:00:06.980Z,SPK,-4.2687,32.35,0.02508,1347.389067
2026-10-04T00:00:06.980Z,PUMP,3.6228,8.75,0.006267,1347.389067
2026-10-04T00:00:06.980Z,KMNO,-4.8074,52.01,0.04055,1347.389067
2026-10-04T00:00:06.980Z,CHZ,-6.8676,21.32,0.01699,1347.389067
2026-10-04T00:00:06.980Z,PENGU,0.6368,12.54,0.009248,1347.389067
2026-10-04T00:00:06.980Z,OP,-5.0198,174.2,0.13612,1347.389067
2026-10-04T00:00:06.980Z,UMA,3.3363,560,0.4022,1347.389067
2026-10-04T00:00:06.980Z,ZRO,1.145,2721,1.9966,1347.389067
2026-10-04T00:00:06.980Z,S,-9.3106,52.8,0.04321,1347.389067
2026-10-04T00:00:06.980Z,IMX,1.1193,249.7,0.18327,1347.389067
2026-10-04T00:00:06.980Z,A,0.9763,130,0.09555,1347.389067
2026-10-04T00:00:06.980Z,ATH,-4.2485,9.4,0.007286,1347.389067
2026-10-04T00:00:06.980Z,COMP,11.546,38100,25.35,1347.389067
2026-10-04T00:00:06.980Z,CVX,-2.7504,3019,2.304,1347.389067
2026-10-04T00:00:06.980Z,AXS,8.4719,1748,1.196,1347.389067
2026-10-04T00:00:06.980Z,WCT,-2.6352,57.08,0.04351,1347.389067
2026-10-04T00:00:06.980Z,ME,-2.3253,103.1,0.07834,1347.389067
2026-10-04T00:00:06.980Z,ASTER,3.7863,1000,0.7151,1347.389067
2026-10-04T00:00:06.980Z,GMX,1.3373,11210,8.21,1347.389067
2026-10-04T00:00:06.980Z,MORPHO,-7.7742,3419,2.7514,1347.389067
2026-10-04T00:00:06.980Z,MON,-2.0512,44.7,0.03387,1347.389067
2026-10-04T00:00:06.980Z,1INCH,-1.8902,139,0.10515,1347.389067
2026-10-04T00:00:06.980Z,SKY,-3.2905,118.2,0.09071,1347.389067
2026-10-04T00:00:06.980Z,YGG,4.8985,38.84,0.02748,1347.389067
2026-10-04T00:00:06.980Z,BIO,-1.4476,41.43,0.0312,1347.389067
2026-10-04T00:00:06.980Z,MOVE,-1.4492,13.43,0.010114,1347.389067
2026-10-04T00:00:06.980Z,GALA,-2.6984,3.292,0.002511,1347.389067
2026-10-04T00:00:06.980Z,ZK,-1.3876,17.56,0.013216,1347.389067
2026-10-04T00:00:06.980Z,ENS,0.256,9260,6.855,1347.389067
2026-10-04T00:00:06.980Z,INJ,0.2339,10360,7.671,1347.389067
2026-10-04T00:00:06.980Z,KAITO,-4.864,445.7,0.3477,1347.389067
2026-10-04T00:00:06.980Z,LDO,-3.2041,609.2,0.4671,1347.389067
2026-10-04T00:00:06.980Z,BLUR,29.4405,37.48,0.02149,1347.389067
2026-10-04T00:00:06.980Z,AUCTION,1.4314,5110,3.739,1347.389067
2026-10-04T00:00:06.980Z,ZETA,0.3315,66.66,0.04931,1347.389067
2026-10-04T00:00:06.980Z,WIF,0.7598,340.9,0.2511,1347.389067
2026-10-04T00:00:06.980Z,KSM,-3.7709,6750,5.206,1347.389067
2026-10-04T00:00:06.980Z,SNX,-8.0144,315.8,0.2548,1347.389067
2026-10-04T00:00:06.980Z,FET,-2.5525,297,0.2262,1347.389067
2026-10-04T00:05:06.746Z,BTC,0.8883,115250000,84782.7,1347.389067
2026-10-04T00:05:06.746Z,XRP,0.9356,2020,1.4853,1347.389067
2026-10-04T00:05:06.746Z,SOL,0.8759,162600,119.63,1347.389067
2026-10-04T00:05:06.746Z,ETH,0.8732,3651000,2686.23,1347.389067
2026-10-04T00:05:06.746Z,FIL,0.9013,1446,1.0636,1347.389067
2026-10-04T00:05:06.746Z,TRX,0.646,455.2,0.33567,1347.389067
2026-10-04T00:05:06.746Z,BNB,1.0001,1071000,787,1347.389067
2026-10-04T00:05:06.746Z,WLD,0.6469,811.9,0.5987,1347.389067
2026-10-04T00:05:06.746Z,FLOW,1.2447,44.99,0.03298,1347.389067
2026-10-04T00:05:06.746Z,LINK,0.8289,19210,14.14,1347.389067
2026-10-04T00:05:06.746Z,DOGE,0.9078,126.2,0.09282,1347.389067
2026-10-04T00:05:06.746Z,SUI,0.8473,1611,1.1856,1347.389067
2026-10-04T00:05:06.746Z,XLM,0.8246,293.3,0.2159,1347.389067
2026-10-04T00:05:06.746Z,BCH,0.6009,432400,319,1347.389067
2026-10-04T00:05:06.746Z,AVAX,0.4329,15060,11.129,1347.389067
2026-10-04T00:05:06.746Z,ETC,1.2516,12060,8.84,1347.389067
2026-10-04T00:05:06.746Z,AAVE,6.177,259800,181.6,1347.389067
2026-10-04T00:05:06.746Z,ADA,1.192,332,0.2435,1347.389067
2026-10-04T00:05:06.746Z,HYPE,0.9131,121600,89.432,1347.389067
2026-10-04T00:05:06.746Z,SEI,0.5919,97.41,0.07187,1347.389067
2026-10-04T00:05:06.746Z,HBAR,0.8613,138.4,0.10184,1347.389067
2026-10-04T00:05:06.746Z,ARB,1.0701,274.2,0.20135,1347.389067
2026-10-04T00:05:06.746Z,JTO,0.1486,764.7,0.5667,1347.389067
2026-10-04T00:05:06.746Z,ONDO,0.8769,683,0.5025,1347.389067
2026-10-04T00:05:06.746Z,QTUM,-0.0701,1335,0.9915,1347.389067
2026-10-04T00:05:06.746Z,PYTH,-3.0623,102.1,0.07817,1347.389067
2026-10-04T00:05:06.746Z,APT,1.0922,1092,0.8017,1347.389067
2026-10-04T00:05:06.746Z,UNI,0.2985,12210,9.035,1347.389067
2026-10-04T00:05:06.746Z,TIA,1.4198,646.5,0.4731,1347.389067
2026-10-04T00:05:06.746Z,ALGO,1.1878,178.4,0.13085,1347.389067
2026-10-04T00:05:06.746Z,NEAR,0.3958,6535,4.831,1347.389067
2026-10-04T00:05:06.746Z,ZIL,-4.795,4.5,0.003508,1347.389067
2026-10-04T00:05:06.746Z,SUSHI,-2.8213,335.2,0.256,1347.389067
2026-10-04T00:05:06.746Z,PENDLE,-2.9012,3153,2.41,1347.389067
2026-10-04T00:05:06.746Z,XTZ,0.6107,438,0.3231,1347.389067
2026-10-04T00:05:06.746Z,W,-0.9035,18.45,0.013818,1347.389067
2026-10-04T00:05:06.746Z,AR,10.8413,6740,4.513,1347.389067
2026-10-04T00:05:06.746Z,SHIB,2.1996,0.0079,5.737e-06,1347.389067
2026-10-04T00:05:06.746Z,CELO,18.2568,159.8,0.10029,1347.389067
2026-10-04T00:05:06.746Z,STX,0.8455,521.5,0.3838,1347.389067
2026-10-04T00:05:06.746Z,JUP,0.0684,447.1,0.3316,1347.389067
2026-10-04T00:05:06.746Z,PEPE,-0.0088,0.0058,4.305e-06,1347.389067
2026-10-04T00:05:06.746Z,DYDX,0.3822,200,0.14787,1347.389067
2026-10-04T00:05:06.746Z,KITE,-13.9152,176.2,0.15191,1347.389067
2026-10-04T00:05:06.746Z,CRV,-0.9456,507.7,0.3804,1347.389067
2026-10-04T00:05:06.746Z,ENJ,-1.4017,44,0.03312,1347.389067
2026-10-04T00:05:06.746Z,ATOM,22.139,2824,1.716,1347.389067
2026-10-04T00:05:06.746Z,ICP,1.6132,4603,3.362,1347.389067
2026-10-04T00:05:06.746Z,SPACE,0.3364,7.176,0.005308,1347.389067
2026-10-04T00:05:06.746Z,DOT,0.8838,1609,1.1837,1347.389067
2026-10-04T00:05:06.746Z,ETHFI,-3.1128,944.1,0.7232,1347.389067
2026-10-04T00:05:06.746Z,CC,0.2115,167.2,0.12383,1347.389067
2026-10-04T00:05:06.746Z,SYRUP,0.564,350.4,0.2586,1347.389067
2026-10-04T00:05:06.746Z,TAO,-3.7073,400000,308.3,1347.389067
2026-10-04T00:05:06.746Z,GRAM,0.1668,2042,1.513,1347.389067
2026-10-04T00:05:06.746Z,RAY,-7.3344,2613,2.0928,1347.389067
2026-10-04T00:05:06.746Z,RENDER,-1.9909,2620,1.984,1347.389067
2026-10-04T00:05:06.746Z,GRASS,2.0441,991.6,0.7212,1347.389067
2026-10-04T00:05:06.746Z,MINA,-0.8802,219,0.16398,1347.389067
2026-10-04T00:05:06.746Z,POL,-5.3719,140.2,0.10996,1347.389067
2026-10-04T00:05:06.746Z,ENA,-1.4445,317.6,0.23917,1347.389067
2026-10-04T00:05:06.746Z,SAND,2.0429,101.4,0.07375,1347.389067
2026-10-04T00:05:06.746Z,AERO,-6.0692,1074,0.8486,1347.389067
2026-10-04T00:05:06.746Z,KGEN,-1.8101,213.4,0.1613,1347.389067
2026-10-04T00:05:06.746Z,LIT,3.6597,4977,3.5634,1347.389067
2026-10-04T00:05:06.746Z,MANA,2.3814,143.7,0.10417,1347.389067
2026-10-04T00:05:06.746Z,BAND,-0.922,299.7,0.2245,1347.389067
2026-10-04T00:05:06.746Z,APE,-0.2735,219.4,0.16328,1347.389067
2026-10-04T00:05:06.746Z,GMT,2.0714,12.06,0.008769,1347.389067
2026-10-04T00:05:06.746Z,VIRTUAL,-3.1985,1039,0.7966,1347.389067
2026-10-04T00:05:06.746Z,LPT,0.2963,2396,1.773,1347.389067
2026-10-04T00:05:06.746Z,DATA,0.279,288.2,0.2133,1347.389067
2026-10-04T00:05:06.746Z,THETA,0.885,308.7,0.2271,1347.389067
2026-10-04T00:05:06.746Z,GRT,0.9769,38.49,0.02829,1347.389067
2026-10-04T00:05:06.746Z,LAYER,2.2318,107.8,0.07826,1347.389067
2026-10-04T00:05:06.746Z,NMR,-0.4802,15320,11.425,1347.389067
2026-10-04T00:05:06.746Z,EIGEN,-8.0421,321.9,0.2598,1347.389067
2026-10-04T00:05:06.746Z,BAT,-5.6929,119.8,0.09428,1347.389067
2026-10-04T00:05:06.746Z,SPK,-4.0775,32.35,0.02503,1347.389067
2026-10-04T00:05:06.746Z,PUMP,3.1947,8.75,0.006293,1347.389067
2026-10-04T00:05:06.746Z,KMNO,-5.065,52.01,0.04066,1347.389067
2026-10-04T00:05:06.746Z,CHZ,-6.7029,21.32,0.01696,1347.389067
2026-10-04T00:05:06.746Z,PENGU,0.6368,12.54,0.009248,1347.389067
2026-10-04T00:05:06.746Z,OP,-5.0058,174.2,0.1361,1347.389067
2026-10-04T00:05:06.746Z,UMA,3.208,560,0.4027,1347.389067
2026-10-04T00:05:06.746Z,ZRO,1.3633,2721,1.9923,1347.389067
2026-10-04T00:05:06.746Z,S,-8.7403,52.8,0.04294,1347.389067
2026-10-04T00:05:06.746Z,IMX,1.4959,249.7,0.18259,1347.389067
2026-10-04T00:05:06.746Z,A,0.9658,130,0.09556,1347.389067
2026-10-04T00:05:06.746Z,ATH,-4.0377,9.4,0.00727,1347.389067
2026-10-04T00:05:06.746Z,COMP,11.59,38100,25.34,1347.389067
2026-10-04T00:05:06.746Z,CVX,-2.5813,3019,2.3,1347.389067
2026-10-04T00:05:06.746Z,AXS,5.8262,1748,1.2259,1347.389067
2026-10-04T00:05:06.746Z,WCT,-2.4334,57.08,0.04342,1347.389067
2026-10-04T00:05:06.746Z,ME,-2.3378,103.1,0.07835,1347.389067
2026-10-04T00:05:06.746Z,ASTER,3.6848,1000,0.7158,1347.389067
2026-10-04T00:05:06.746Z,GMX,1.4733,11210,8.199,1347.389067
2026-10-04T00:05:06.746Z,MORPHO,-7.7507,3419,2.7507,1347.389067
2026-10-04T00:05:06.746Z,MON,-1.8483,44.7,0.0338,1347.389067
2026-10-04T00:05:06.746Z,1INCH,-1.75,139,0.105,1347.389067
2026-10-04T00:05:06.746Z,SKY,-3.3011,118.2,0.09072,1347.389067
2026-10-04T00:05:06.746Z,YGG,5.0132,38.84,0.02745,1347.389067
2026-10-04T00:05:06.746Z,BIO,-1.3844,41.43,0.03118,1347.389067
2026-10-04T00:05:06.746Z,MOVE,-1.459,13.43,0.010115,1347.389067
2026-10-04T00:05:06.746Z,GALA,-2.8145,3.292,0.002514,1347.389067
2026-10-04T00:05:06.746Z,ZK,-1.3279,17.56,0.013208,1347.389067
2026-10-04T00:05:06.746Z,ENS,0.2707,9260,6.854,1347.389067
2026-10-04T00:05:06.746Z,INJ,0.0774,10360,7.683,1347.389067
2026-10-04T00:05:06.746Z,KAITO,-4.864,445.7,0.3477,1347.389067
2026-10-04T00:05:06.746Z,LDO,-3.1626,609.2,0.4669,1347.389067
2026-10-04T00:05:06.746Z,BLUR,29.14,37.48,0.02154,1347.389067
2026-10-04T00:05:06.746Z,AUCTION,1.4314,5110,3.739,1347.389067
2026-10-04T00:05:06.746Z,ZETA,0.2705,66.66,0.04934,1347.389067
2026-10-04T00:05:06.746Z,WIF,0.8401,340.9,0.2509,1347.389067
2026-10-04T00:05:06.746Z,KSM,-3.8078,6750,5.208,1347.389067
2026-10-04T00:05:06.746Z,SNX,-8.0505,315.8,0.2549,1347.389067
2026-10-04T00:05:06.746Z,FET,-2.6386,297,0.2264,1347.389067
2026-10-04T00:10:06.936Z,BTC,0.9277,115280000,84771.6,1347.389067
2026-10-04T00:10:06.936Z,XRP,0.9423,2020,1.4852,1347.389067
2026-10-04T00:10:06.936Z,SOL,0.9493,162800,119.69,1347.389067
2026-10-04T00:10:06.936Z,ETH,0.9072,3652000,2686.06,1347.389067
2026-10-04T00:10:06.936Z,FIL,0.9773,1446,1.0628,1347.389067
2026-10-04T00:10:06.936Z,TRX,0.6251,455.2,0.33574,1347.389067
2026-10-04T00:10:06.936Z,BNB,1.0514,1071000,786.6,1347.389067
2026-10-04T00:10:06.936Z,WLD,1.2126,810.6,0.5944,1347.389067
2026-10-04T00:10:06.936Z,FLOW,1.3369,44.99,0.03295,1347.389067
2026-10-04T00:10:06.936Z,LINK,0.886,19210,14.132,1347.389067
2026-10-04T00:10:06.936Z,DOGE,0.9187,126.2,0.09281,1347.389067
2026-10-04T00:10:06.936Z,SUI,0.9601,1606,1.1806,1347.389067
2026-10-04T00:10:06.936Z,XLM,0.9181,293.3,0.2157,1347.389067
2026-10-04T00:10:06.936Z,BCH,0.5544,432200,319,1347.389067
2026-10-04T00:10:06.936Z,AVAX,0.4148,15060,11.131,1347.389067
2026-10-04T00:10:06.936Z,ETC,1.3319,12060,8.833,1347.389067
2026-10-04T00:10:06.936Z,AAVE,6.294,259800,181.4,1347.389067
2026-10-04T00:10:06.936Z,ADA,1.1089,332,0.2437,1347.389067
2026-10-04T00:10:06.936Z,HYPE,0.8793,121600,89.462,1347.389067
2026-10-04T00:10:06.936Z,SEI,0.6759,97.41,0.07181,1347.389067
2026-10-04T00:10:06.936Z,HBAR,1.0002,138.4,0.1017,1347.389067
2026-10-04T00:10:06.936Z,ARB,1.2814,274.2,0.20093,1347.389067
2026-10-04T00:10:06.936Z,JTO,0.5211,764.7,0.5646,1347.389067
2026-10-04T00:10:06.936Z,ONDO,1.3813,683,0.5,1347.389067
2026-10-04T00:10:06.936Z,QTUM,0.1015,1335,0.9898,1347.389067
2026-10-04T00:10:06.936Z,PYTH,-2.851,102.1,0.078,1347.389067
2026-10-04T00:10:06.936Z,APT,1.4846,1092,0.7986,1347.389067
2026-10-04T00:10:06.936Z,UNI,0.4096,12210,9.025,1347.389067
2026-10-04T00:10:06.936Z,TIA,1.5056,646.5,0.4727,1347.389067
2026-10-04T00:10:06.936Z,ALGO,1.4048,178.4,0.13057,1347.389067
2026-10-04T00:10:06.936Z,NEAR,0.7503,6535,4.814,1347.389067
2026-10-04T00:10:06.936Z,ZIL,-4.6863,4.5,0.003504,1347.389067
2026-10-04T00:10:06.936Z,SUSHI,-2.7073,335.2,0.2557,1347.389067
2026-10-04T00:10:06.936Z,PENDLE,-3.4221,3153,2.423,1347.389067
2026-10-04T00:10:06.936Z,XTZ,0.9544,438,0.322,1347.389067
2026-10-04T00:10:06.936Z,W,-0.9537,18.45,0.013825,1347.389067
2026-10-04T00:10:06.936Z,AR,10.6941,6740,4.519,1347.389067
2026-10-04T00:10:06.936Z,SHIB,1.0116,0.0078,5.731e-06,1347.389067
2026-10-04T00:10:06.936Z,CELO,18.5642,159.8,0.10003,1347.389067
2026-10-04T00:10:06.936Z,STX,0.6095,521.5,0.3847,1347.389067
2026-10-04T00:10:06.936Z,JUP,0.5232,447.1,0.3301,1347.389067
2026-10-04T00:10:06.936Z,PEPE,0.0377,0.0058,4.303e-06,1347.389067
2026-10-04T00:10:06.936Z,DYDX,0.491,200,0.14771,1347.389067
2026-10-04T00:10:06.936Z,KITE,-14.3774,176.2,0.15273,1347.389067
2026-10-04T00:10:06.936Z,CRV,-1.2053,507.7,0.3814,1347.389067
2026-10-04T00:10:06.936Z,ENJ,-0.6216,44,0.03286,1347.389067
2026-10-04T00:10:06.936Z,ATOM,22.0679,2824,1.717,1347.389067
2026-10-04T00:10:06.936Z,ICP,1.8252,4603,3.355,1347.389067
2026-10-04T00:10:06.936Z,SPACE,0.3364,7.176,0.005308,1347.389067
2026-10-04T00:10:06.936Z,DOT,1.0887,1609,1.1813,1347.389067
2026-10-04T00:10:06.936Z,ETHFI,-3.2065,944.1,0.7239,1347.389067
2026-10-04T00:10:06.936Z,CC,-0.3918,167.2,0.12458,1347.389067
2026-10-04T00:10:06.936Z,SYRUP,0.5251,350.4,0.2587,1347.389067
2026-10-04T00:10:06.936Z,TAO,-3.1418,400000,306.5,1347.389067
2026-10-04T00:10:06.936Z,GRAM,0.1006,2042,1.514,1347.389067
2026-10-04T00:10:06.936Z,RAY,-7.3432,2613,2.093,1347.389067
2026-10-04T00:10:06.936Z,RENDER,-1.7929,2620,1.98,1347.389067
2026-10-04T00:10:06.936Z,GRASS,2.7278,991.6,0.7164,1347.389067
2026-10-04T00:10:06.936Z,MINA,-1.0914,219,0.16433,1347.389067
2026-10-04T00:10:06.936Z,POL,-5.234,140.2,0.1098,1347.389067
2026-10-04T00:10:06.936Z,ENA,-1.329,317.6,0.23889,1347.389067
2026-10-04T00:10:06.936Z,SAND,3.235,99.9,0.07182,1347.389067
2026-10-04T00:10:06.936Z,AERO,-5.825,1074,0.8464,1347.389067
2026-10-04T00:10:06.936Z,KGEN,-1.5047,213.4,0.1608,1347.389067
2026-10-04T00:10:06.936Z,LIT,3.6626,4977,3.5633,1347.389067
2026-10-04T00:10:06.936Z,MANA,3.1937,143.7,0.10335,1347.389067
2026-10-04T00:10:06.936Z,BAND,-0.7451,299.7,0.2241,1347.389067
2026-10-04T00:10:06.936Z,APE,-0.0102,219.4,0.16285,1347.389067
2026-10-04T00:10:06.936Z,GMT,2.1996,12.06,0.008758,1347.389067
2026-10-04T00:10:06.936Z,VIRTUAL,-3.1255,1039,0.796,1347.389067
2026-10-04T00:10:06.936Z,LPT,0.808,2396,1.764,1347.389067
2026-10-04T00:10:06.936Z,DATA,0.3261,288.2,0.2132,1347.389067
2026-10-04T00:10:06.936Z,THETA,1.0184,308.7,0.2268,1347.389067
2026-10-04T00:10:06.936Z,GRT,1.2632,38.49,0.02821,1347.389067
2026-10-04T00:10:06.936Z,LAYER,2.4675,107.8,0.07808,1347.389067
2026-10-04T00:10:06.936Z,NMR,-0.1568,15320,11.388,1347.389067
2026-10-04T00:10:06.936Z,EIGEN,-7.7937,321.9,0.2591,1347.389067
2026-10-04T00:10:06.936Z,BAT,-5.4422,119.8,0.09403,1347.389067
2026-10-04T00:10:06.936Z,SPK,-3.8085,32.35,0.02496,1347.389067
2026-10-04T00:10:06.936Z,PUMP,3.2932,8.75,0.006287,1347.389067
2026-10-04T00:10:06.936Z,KMNO,-4.6428,52.01,0.04048,1347.389067
2026-10-04T00:10:06.936Z,CHZ,-6.5375,21.32,0.01693,1347.389067
2026-10-04T00:10:06.936Z,PENGU,0.7566,12.54,0.009237,1347.389067
2026-10-04T00:10:06.936Z,OP,-4.789,174.2,0.13579,1347.389067
2026-10-04T00:10:06.936Z,UMA,3.362,560,0.4021,1347.389067
2026-10-04T00:10:06.936Z,ZRO,1.4397,2721,1.9908,1347.389067
2026-10-04T00:10:06.936Z,S,-7.3596,52.8,0.0423,1347.389067
2026-10-04T00:10:06.936Z,IMX,1.797,249.7,0.18205,1347.389067
2026-10-04T00:10:06.936Z,A,1.4008,130,0.09515,1347.389067
2026-10-04T00:10:06.936Z,ATH,-3.6268,9.4,0.007239,1347.389067
2026-10-04T00:10:06.936Z,COMP,11.546,38100,25.35,1347.389067
2026-10-04T00:10:06.936Z,CVX,-2.6237,3019,2.301,1347.389067
2026-10-04T00:10:06.936Z,AXS,5.2339,1748,1.2328,1347.389067
2026-10-04T00:10:06.936Z,WCT,-2.1404,57.08,0.04329,1347.389067
2026-10-04T00:10:06.936Z,ME,-2.1129,103.1,0.07817,1347.389067
2026-10-04T00:10:06.936Z,ASTER,3.859,1000,0.7146,1347.389067
2026-10-04T00:10:06.936Z,GMX,1.821,11210,8.171,1347.389067
2026-10-04T00:10:06.936Z,MORPHO,-7.8479,3419,2.7536,1347.389067
2026-10-04T00:10:06.936Z,MON,-2.5689,44.7,0.03405,1347.389067
2026-10-04T00:10:06.936Z,1INCH,-1.6282,139,0.10487,1347.389067
2026-10-04T00:10:06.936Z,SKY,-3.3331,118.2,0.09075,1347.389067
2026-10-04T00:10:06.936Z,YGG,4.8604,38.84,0.02749,1347.389067
2026-10-04T00:10:06.936Z,BIO,-1.3211,41.43,0.03116,1347.389067
2026-10-04T00:10:06.936Z,MOVE,-1.8084,13.43,0.010151,1347.389067
2026-10-04T00:10:06.936Z,GALA,-2.4653,3.292,0.002505,1347.389067
2026-10-04T00:10:06.936Z,ZK,-0.968,17.56,0.01316,1347.389067
2026-10-04T00:10:06.936Z,ENS,0.3732,9260,6.847,1347.389067
2026-10-04T00:10:06.936Z,INJ,0.1556,10360,7.677,1347.389067
2026-10-04T00:10:06.936Z,KAITO,-4.6446,445.7,0.3469,1347.389067
2026-10-04T00:10:06.936Z,LDO,-3.0172,609.2,0.4662,1347.389067
2026-10-04T00:10:06.936Z,BLUR,29.4405,37.48,0.02149,1347.389067
2026-10-04T00:10:06.936Z,AUCTION,1.6761,5110,3.73,1347.389067
2026-10-04T00:10:06.936Z,ZETA,0.2502,66.66,0.04935,1347.389067
2026-10-04T00:10:06.936Z,WIF,0.8401,340.9,0.2509,1347.389067
2026-10-04T00:10:06.936Z,KSM,-3.7339,6750,5.204,1347.389067
2026-10-04T00:10:06.936Z,SNX,-7.8698,315.8,0.2544,1347.389067
2026-10-04T00:10:06.936Z,FET,-2.25,297,0.2255,1347.389067
2026-10-04T00:15:06.916Z,BTC,0.847,115310000,84785,1348.606131
2026-10-04T00:15:06.916Z,XRP,0.8469,2021,1.486,1348.606131
2026-10-04T00:15:06.916Z,SOL,0.8498,162800,119.7,1348.606131
2026-10-04T00:15:06.916Z,ETH,0.7772,3651000,2686.36,1348.606131
2026-10-04T00:15:06.916Z,FIL,0.9622,1446,1.062,1348.606131
2026-10-04T00:15:06.916Z,TRX,1.5472,459.8,0.33575,1348.606131
2026-10-04T00:15:06.916Z,BNB,1.063,1071000,785.8,1348.606131
2026-10-04T00:15:06.916Z,WLD,0.816,810.6,0.5962,1348.606131
2026-10-04T00:15:06.916Z,FLOW,1.092,44.99,0.033,1348.606131
2026-10-04T00:15:06.916Z,LINK,0.852,19210,14.124,1348.606131
2026-10-04T00:15:06.916Z,DOGE,0.8059,126.2,0.09283,1348.606131
2026-10-04T00:15:06.916Z,SUI,0.8172,1603,1.179,1348.606131
2026-10-04T00:15:06.916Z,XLM,0.8223,293.3,0.21571,1348.606131
2026-10-04T00:15:06.916Z,BCH,0.5898,432200,318.6,1348.606131
2026-10-04T00:15:06.916Z,AVAX,0.5319,15060,11.108,1348.606131
2026-10-04T00:15:06.916Z,ETC,1.1946,12060,8.837,1348.606131
2026-10-04T00:15:06.916Z,AAVE,6.0053,259800,181.73,1348.606131
2026-10-04T00:15:06.916Z,ADA,0.7329,331.2,0.2438,1348.606131
2026-10-04T00:15:06.916Z,HYPE,0.7511,121600,89.495,1348.606131
2026-10-04T00:15:06.916Z,SEI,0.4033,97.41,0.07194,1348.606131
2026-10-04T00:15:06.916Z,HBAR,1.1079,138.4,0.1015,1348.606131
2026-10-04T00:15:06.916Z,ARB,0.2273,274.2,0.20286,1348.606131
2026-10-04T00:15:06.916Z,JTO,0.4482,764.7,0.5645,1348.606131
2026-10-04T00:15:06.916Z,ONDO,1.229,683,0.5003,1348.606131
2026-10-04T00:15:06.916Z,QTUM,0.0213,1335,0.9897,1348.606131
2026-10-04T00:15:06.916Z,PYTH,-2.976,102.1,0.07803,1348.606131
2026-10-04T00:15:06.916Z,APT,1.1777,1092,0.8003,1348.606131
2026-10-04T00:15:06.916Z,UNI,0.1193,12210,9.043,1348.606131
2026-10-04T00:15:06.916Z,TIA,1.3068,646.5,0.4732,1348.606131
2026-10-04T00:15:06.916Z,ALGO,1.29,178.4,0.1306,1348.606131
2026-10-04T00:15:06.916Z,NEAR,0.911,6535,4.802,1348.606131
2026-10-04T00:15:06.916Z,ZIL,-4.7995,4.5,0.003505,1348.606131
2026-10-04T00:15:06.916Z,SUSHI,-2.9469,335.2,0.2561,1348.606131
2026-10-04T00:15:06.916Z,PENDLE,-3.6286,3153,2.426,1348.606131
2026-10-04T00:15:06.916Z,XTZ,0.926,438,0.3218,1348.606131
2026-10-04T00:15:06.916Z,W,-1.2288,18.45,0.013851,1348.606131
2026-10-04T00:15:06.916Z,AR,10.5942,6740,4.519,1348.606131
2026-10-04T00:15:06.916Z,SHIB,0.8852,0.0078,5.733e-06,1348.606131
2026-10-04T00:15:06.916Z,CELO,18.6113,159.8,0.0999,1348.606131
2026-10-04T00:15:06.916Z,STX,0.4665,521.5,0.3849,1348.606131
2026-10-04T00:15:06.916Z,JUP,0.1896,447.1,0.3309,1348.606131
2026-10-04T00:15:06.916Z,PEPE,-0.099,0.0058,4.305e-06,1348.606131
2026-10-04T00:15:06.916Z,DYDX,0.3663,200,0.14776,1348.606131
2026-10-04T00:15:06.916Z,KITE,-15.0553,176.2,0.15381,1348.606131
2026-10-04T00:15:06.916Z,CRV,-1.1909,507.7,0.381,1348.606131
2026-10-04T00:15:06.916Z,ENJ,-1.4312,44,0.0331,1348.606131
2026-10-04T00:15:06.916Z,ATOM,21.9577,2824,1.717,1348.606131
2026-10-04T00:15:06.916Z,ICP,2.0375,4603,3.345,1348.606131
2026-10-04T00:15:06.916Z,SPACE,0.3404,7.176,0.005303,1348.606131
2026-10-04T00:15:06.916Z,DOT,0.8183,1609,1.1834,1348.606131
2026-10-04T00:15:06.916Z,ETHFI,-3.3472,944.1,0.7243,1348.606131
2026-10-04T00:15:06.916Z,CC,-0.3778,167.2,0.12445,1348.606131
2026-10-04T00:15:06.916Z,SYRUP,0.551,350.4,0.2584,1348.606131
2026-10-04T00:15:06.916Z,TAO,-3.2292,400000,306.5,1348.606131
2026-10-04T00:15:06.916Z,GRAM,-0.2532,2042,1.518,1348.606131
2026-10-04T00:15:06.916Z,RAY,-7.4931,2613,2.0945,1348.606131
2026-10-04T00:15:06.916Z,RENDER,-1.931,2620,1.981,1348.606131
2026-10-04T00:15:06.916Z,GRASS,2.5778,991.6,0.7168,1348.606131
2026-10-04T00:15:06.916Z,MINA,-0.9395,219,0.16393,1348.606131
2026-10-04T00:15:06.916Z,POL,-5.2591,140.2,0.10973,1348.606131
2026-10-04T00:15:06.916Z,ENA,-1.4758,317.6,0.23903,1348.606131
2026-10-04T00:15:06.916Z,SAND,1.7255,99.9,0.07282,1348.606131
2026-10-04T00:15:06.916Z,AERO,-5.7876,1074,0.8453,1348.606131
2026-10-04T00:15:06.916Z,KGEN,-1.5936,213.4,0.1608,1348.606131
2026-10-04T00:15:06.916Z,LIT,3.2244,4977,3.5752,1348.606131
2026-10-04T00:15:06.916Z,MANA,2.6932,143.7,0.10376,1348.606131
2026-10-04T00:15:06.916Z,BAND,-0.8347,299.7,0.2241,1348.606131
2026-10-04T00:15:06.916Z,APE,0.1209,219.4,0.16249,1348.606131
2026-10-04T00:15:06.916Z,GMT,2.2709,12.06,0.008744,1348.606131
2026-10-04T00:15:06.916Z,VIRTUAL,-3.2858,1039,0.7966,1348.606131
2026-10-04T00:15:06.916Z,LPT,0.5461,2396,1.767,1348.606131
2026-10-04T00:15:06.916Z,DATA,0.8981,288.2,0.2118,1348.606131
2026-10-04T00:15:06.916Z,THETA,1.1502,308.7,0.2263,1348.606131
2026-10-04T00:15:06.916Z,GRT,1.2436,38.49,0.02819,1348.606131
2026-10-04T00:15:06.916Z,LAYER,2.4931,107.8,0.07799,1348.606131
2026-10-04T00:15:06.916Z,NMR,-0.3432,15320,11.399,1348.606131
2026-10-04T00:15:06.916Z,EIGEN,-8.5476,321.9,0.261,1348.606131
2026-10-04T00:15:06.916Z,BAT,-5.698,119.8,0.0942,1348.606131
2026-10-04T00:15:06.916Z,SPK,-4.2788,32.35,0.02506,1348.606131
2026-10-04T00:15:06.916Z,PUMP,3.4798,8.75,0.00627,1348.606131
2026-10-04T00:15:06.916Z,KMNO,-4.6818,52.01,0.04046,1348.606131
2026-10-04T00:15:06.916Z,CHZ,-6.7871,21.32,0.01696,1348.606131
2026-10-04T00:15:06.916Z,PENGU,0.6657,12.54,0.009237,1348.606131
2026-10-04T00:15:06.916Z,OP,-5.3766,174.2,0.13651,1348.606131
2026-10-04T00:15:06.916Z,UMA,3.2687,560,0.4021,1348.606131
2026-10-04T00:15:06.916Z,ZRO,1.3787,2721,1.9902,1348.606131
2026-10-04T00:15:06.916Z,S,-8.6099,52.8,0.04284,1348.606131
2026-10-04T00:15:06.916Z,IMX,1.471,249.7,0.18247,1348.606131
2026-10-04T00:15:06.916Z,A,1.2455,130,0.09521,1348.606131
2026-10-04T00:15:06.916Z,ATH,-3.5005,9.4,0.007223,1348.606131
2026-10-04T00:15:06.916Z,COMP,11.2698,38100,25.39,1348.606131
2026-10-04T00:15:06.916Z,CVX,-2.6692,3019,2.3,1348.606131
2026-10-04T00:15:06.916Z,AXS,4.9687,1748,1.2348,1348.606131
2026-10-04T00:15:06.916Z,WCT,-2.0704,57.08,0.04322,1348.606131
2026-10-04T00:15:06.916Z,ME,-2.0634,103.1,0.07806,1348.606131
2026-10-04T00:15:06.916Z,ASTER,3.7507,1000,0.7147,1348.606131
2026-10-04T00:15:06.916Z,GMX,1.8039,11210,8.165,1348.606131
2026-10-04T00:15:06.916Z,MORPHO,-7.7971,3419,2.7496,1348.606131
2026-10-04T00:15:06.916Z,MON,-2.6855,44.7,0.03406,1348.606131
2026-10-04T00:15:06.916Z,1INCH,-1.6701,139,0.10482,1348.606131
2026-10-04T00:15:06.916Z,SKY,-4.0547,118.2,0.09135,1348.606131
2026-10-04T00:15:06.916Z,YGG,4.7277,38.84,0.0275,1348.606131
2026-10-04T00:15:06.916Z,BIO,-1.5681,41.43,0.03121,1348.606131
2026-10-04T00:15:06.916Z,MOVE,-1.3822,13.43,0.010098,1348.606131
2026-10-04T00:15:06.916Z,GALA,-2.7475,3.292,0.00251,1348.606131
2026-10-04T00:15:06.916Z,ZK,-1.7294,17.56,0.01325,1348.606131
2026-10-04T00:15:06.916Z,ENS,0.224,9260,6.851,1348.606131
2026-10-04T00:15:06.916Z,INJ,-0.026,10360,7.684,1348.606131
2026-10-04T00:15:06.916Z,KAITO,-4.9498,445.7,0.3477,1348.606131
2026-10-04T00:15:06.916Z,LDO,-3.3949,609.2,0.4676,1348.606131
2026-10-04T00:15:06.916Z,BLUR,29.7463,37.48,0.02142,1348.606131
2026-10-04T00:15:06.916Z,AUCTION,1.5844,5110,3.73,1348.606131
2026-10-04T00:15:06.916Z,ZETA,0.0178,66.66,0.04942,1348.606131
2026-10-04T00:15:06.916Z,WIF,0.6288,340.9,0.2512,1348.606131
2026-10-04T00:15:06.916Z,KSM,-4.1706,6750,5.223,1348.606131
2026-10-04T00:15:06.916Z,SNX,-8.0614,315.8,0.2547,1348.606131
2026-10-04T00:15:06.916Z,FET,-2.2081,297,0.2252,1348.606131
2026-10-04T00:20:06.954Z,BTC,0.8332,115350000,84826,1348.606131
2026-10-04T00:20:06.954Z,XRP,0.8245,2023,1.4878,1348.606131
2026-10-04T00:20:06.954Z,SOL,0.8473,163000,119.85,1348.606131
2026-10-04T00:20:06.954Z,ETH,0.7451,3655000,2690.16,1348.606131
2026-10-04T00:20:06.954Z,FIL,0.7724,1446,1.064,1348.606131
2026-10-04T00:20:06.954Z,TRX,1.6077,459.8,0.33555,1348.606131
2026-10-04T00:20:06.954Z,BNB,0.9731,1071000,786.5,1348.606131
2026-10-04T00:20:06.954Z,WLD,0.7484,810.6,0.5966,1348.606131
2026-10-04T00:20:06.954Z,FLOW,1.2454,44.99,0.03295,1348.606131
2026-10-04T00:20:06.954Z,LINK,0.7593,19210,14.137,1348.606131
2026-10-04T00:20:06.954Z,DOGE,0.7299,126.2,0.0929,1348.606131
2026-10-04T00:20:06.954Z,SUI,0.7061,1603,1.1803,1348.606131
2026-10-04T00:20:06.954Z,XLM,0.6963,293.3,0.21598,1348.606131
2026-10-04T00:20:06.954Z,BCH,0.4322,432200,319.1,1348.606131
2026-10-04T00:20:06.954Z,AVAX,0.3873,15060,11.124,1348.606131
2026-10-04T00:20:06.954Z,ETC,1.0688,12060,8.848,1348.606131
2026-10-04T00:20:06.954Z,AAVE,5.8713,259800,181.96,1348.606131
2026-10-04T00:20:06.954Z,ADA,0.5268,331.2,0.2443,1348.606131
2026-10-04T00:20:06.954Z,HYPE,0.5163,121600,89.704,1348.606131
2026-10-04T00:20:06.954Z,SEI,0.4651,97.89,0.07225,1348.606131
2026-10-04T00:20:06.954Z,HBAR,1.0083,138.4,0.1016,1348.606131
2026-10-04T00:20:06.954Z,ARB,0.4823,276.7,0.20419,1348.606131
2026-10-04T00:20:06.954Z,JTO,-0.0828,764.7,0.5675,1348.606131
2026-10-04T00:20:06.954Z,ONDO,1.1078,683,0.5009,1348.606131
2026-10-04T00:20:06.954Z,QTUM,-0.0696,1335,0.9906,1348.606131
2026-10-04T00:20:06.954Z,PYTH,-3.125,102.1,0.07815,1348.606131
2026-10-04T00:20:06.954Z,APT,0.9632,1092,0.802,1348.606131
2026-10-04T00:20:06.954Z,UNI,-0.1677,12210,9.069,1348.606131
2026-10-04T00:20:06.954Z,TIA,1.1999,646.5,0.4737,1348.606131
2026-10-04T00:20:06.954Z,ALGO,1.197,178.4,0.13072,1348.606131
2026-10-04T00:20:06.954Z,NEAR,0.6803,6535,4.813,1348.606131
2026-10-04T00:20:06.954Z,ZIL,-4.908,4.5,0.003509,1348.606131
2026-10-04T00:20:06.954Z,SUSHI,-3.0227,335.2,0.2563,1348.606131
2026-10-04T00:20:06.954Z,PENDLE,-5.307,3153,2.469,1348.606131
2026-10-04T00:20:06.954Z,XTZ,0.9887,438,0.3216,1348.606131
2026-10-04T00:20:06.954Z,W,-1.4707,18.45,0.013885,1348.606131
2026-10-04T00:20:06.954Z,AR,10.0584,6740,4.541,1348.606131
2026-10-04T00:20:06.954Z,SHIB,0.85,0.0078,5.735e-06,1348.606131
2026-10-04T00:20:06.954Z,CELO,18.1972,159.8,0.10025,1348.606131
2026-10-04T00:20:06.954Z,STX,0.3622,521.5,0.3853,1348.606131
2026-10-04T00:20:06.954Z,JUP,0.0687,447.1,0.3313,1348.606131
2026-10-04T00:20:06.954Z,PEPE,-0.1918,0.0058,4.309e-06,1348.606131
2026-10-04T00:20:06.954Z,DYDX,0.0009,200,0.1483,1348.606131
2026-10-04T00:20:06.954Z,KITE,-15.5058,176.2,0.15463,1348.606131
2026-10-04T00:20:06.954Z,CRV,-1.087,507.7,0.3806,1348.606131
2026-10-04T00:20:06.954Z,ENJ,-1.9643,44,0.03328,1348.606131
2026-10-04T00:20:06.954Z,ATOM,21.745,2824,1.72,1348.606131
2026-10-04T00:20:06.954Z,ICP,2.068,4603,3.344,1348.606131
2026-10-04T00:20:06.954Z,SPACE,0.2836,7.176,0.005306,1348.606131
2026-10-04T00:20:06.954Z,DOT,0.7757,1609,1.1839,1348.606131
2026-10-04T00:20:06.954Z,ETHFI,-3.3872,944.1,0.7246,1348.606131
2026-10-04T00:20:06.954Z,CC,-0.5217,167.2,0.12463,1348.606131
2026-10-04T00:20:06.954Z,SYRUP,0.8633,350.4,0.2576,1348.606131
2026-10-04T00:20:06.954Z,TAO,-3.6692,400000,307.9,1348.606131
2026-10-04T00:20:06.954Z,GRAM,-0.3845,2042,1.52,1348.606131
2026-10-04T00:20:06.954Z,RAY,-7.4268,2613,2.093,1348.606131
2026-10-04T00:20:06.954Z,RENDER,-2.1286,2620,1.985,1348.606131
2026-10-04T00:20:06.954Z,GRASS,2.3209,991.6,0.7186,1348.606131
2026-10-04T00:20:06.954Z,MINA,-1.1024,219,0.1642,1348.606131
2026-10-04T00:20:06.954Z,POL,-5.526,140.2,0.11004,1348.606131
2026-10-04T00:20:06.954Z,ENA,-1.6445,317.6,0.23944,1348.606131
2026-10-04T00:20:06.954Z,SAND,-4.0218,94.45,0.07297,1348.606131
2026-10-04T00:20:06.954Z,AERO,-5.8321,1074,0.8457,1348.606131
2026-10-04T00:20:06.954Z,KGEN,-1.6548,213.4,0.1609,1348.606131
2026-10-04T00:20:06.954Z,LIT,3.3863,4977,3.5696,1348.606131
2026-10-04T00:20:06.954Z,MANA,2.2203,143.7,0.10424,1348.606131
2026-10-04T00:20:06.954Z,BAND,-0.8789,299.7,0.2242,1348.606131
2026-10-04T00:20:06.954Z,APE,0.0224,219.4,0.16265,1348.606131
2026-10-04T00:20:06.954Z,GMT,2.2592,12.06,0.008745,1348.606131
2026-10-04T00:20:06.954Z,VIRTUAL,-3.528,1039,0.7986,1348.606131
2026-10-04T00:20:06.954Z,LPT,0.5461,2396,1.767,1348.606131
2026-10-04T00:20:06.954Z,DATA,0.8505,288.2,0.2119,1348.606131
2026-10-04T00:20:06.954Z,THETA,0.9273,308.7,0.2268,1348.606131
2026-10-04T00:20:06.954Z,GRT,1.0644,38.49,0.02824,1348.606131
2026-10-04T00:20:06.954Z,LAYER,2.375,107.8,0.07808,1348.606131
2026-10-04T00:20:06.954Z,NMR,-0.317,15320,11.396,1348.606131
2026-10-04T00:20:06.954Z,EIGEN,-8.5826,321.9,0.2611,1348.606131
2026-10-04T00:20:06.954Z,BAT,-5.838,119.8,0.09434,1348.606131
2026-10-04T00:20:06.954Z,SPK,-4.4694,32.35,0.02511,1348.606131
2026-10-04T00:20:06.954Z,PUMP,3.6285,8.75,0.006261,1348.606131
2026-10-04T00:20:06.954Z,KMNO,-4.8229,52.01,0.04052,1348.606131
2026-10-04T00:20:06.954Z,CHZ,-6.8968,21.32,0.01698,1348.606131
2026-10-04T00:20:06.954Z,PENGU,0.4808,12.54,0.009254,1348.606131
2026-10-04T00:20:06.954Z,OP,-5.5012,174.2,0.13669,1348.606131
2026-10-04T00:20:06.954Z,UMA,3.1917,560,0.4024,1348.606131
2026-10-04T00:20:06.954Z,ZRO,1.2312,2721,1.9931,1348.606131
2026-10-04T00:20:06.954Z,S,-9.2454,52.8,0.04314,1348.606131
2026-10-04T00:20:06.954Z,IMX,1.2435,249.7,0.18288,1348.606131
2026-10-04T00:20:06.954Z,A,1.0862,130,0.09536,1348.606131
2026-10-04T00:20:06.954Z,ATH,-3.4604,9.4,0.00722,1348.606131
2026-10-04T00:20:06.954Z,COMP,11.3575,38100,25.37,1348.606131
2026-10-04T00:20:06.954Z,CVX,-2.8804,3019,2.305,1348.606131
2026-10-04T00:20:06.954Z,AXS,4.7989,1748,1.2368,1348.606131
2026-10-04T00:20:06.954Z,WCT,-2.1383,57.08,0.04325,1348.606131
2026-10-04T00:20:06.954Z,ME,-1.9755,103.1,0.07799,1348.606131
2026-10-04T00:20:06.954Z,ASTER,3.5768,1000,0.7159,1348.606131
2026-10-04T00:20:06.954Z,GMX,1.4683,11210,8.192,1348.606131
2026-10-04T00:20:06.954Z,MORPHO,-8.5686,3419,2.7728,1348.606131
2026-10-04T00:20:06.954Z,MON,-2.3414,44.7,0.03394,1348.606131
2026-10-04T00:20:06.954Z,1INCH,-1.7076,139,0.10486,1348.606131
2026-10-04T00:20:06.954Z,SKY,-4.2747,118.2,0.09156,1348.606131
2026-10-04T00:20:06.954Z,YGG,4.6135,38.84,0.02753,1348.606131
2026-10-04T00:20:06.954Z,BIO,-1.7883,41.43,0.03128,1348.606131
2026-10-04T00:20:06.954Z,MOVE,-1.4797,13.43,0.010108,1348.606131
2026-10-04T00:20:06.954Z,GALA,-2.9408,3.292,0.002515,1348.606131
2026-10-04T00:20:06.954Z,ZK,-2.9164,17.56,0.013412,1348.606131
2026-10-04T00:20:06.954Z,ENS,0.1802,9260,6.854,1348.606131
2026-10-04T00:20:06.954Z,INJ,-0.3372,10360,7.708,1348.606131
2026-10-04T00:20:06.954Z,KAITO,-5.0045,445.7,0.3479,1348.606131
2026-10-04T00:20:06.954Z,LDO,-3.7243,609.2,0.4692,1348.606131
2026-10-04T00:20:06.954Z,BLUR,29.7463,37.48,0.02142,1348.606131
2026-10-04T00:20:06.954Z,AUCTION,1.5572,5110,3.731,1348.606131
2026-10-04T00:20:06.954Z,ZETA,0.2003,66.66,0.04933,1348.606131
2026-10-04T00:20:06.954Z,WIF,0.4688,340.9,0.2516,1348.606131
2026-10-04T00:20:06.954Z,KSM,-4.0972,6750,5.219,1348.606131
2026-10-04T00:20:06.954Z,SNX,-8.0974,315.8,0.2548,1348.606131
2026-10-04T00:20:06.954Z,FET,-2.3815,297,0.2256,1348.606131
2026-10-04T00:25:06.654Z,BTC,0.8705,115392000,84825.5,1348.606131
2026-10-04T00:25:06.654Z,XRP,0.8564,2025,1.4888,1348.606131
2026-10-04T00:25:06.654Z,SOL,0.8335,163100,119.94,1348.606131
2026-10-04T00:25:06.654Z,ETH,0.8648,3661000,2691.38,1348.606131
2026-10-04T00:25:06.654Z,FIL,0.8482,1446,1.0632,1348.606131
2026-10-04T00:25:06.654Z,TRX,1.6259,459.8,0.33549,1348.606131
2026-10-04T00:25:06.654Z,BNB,1.0245,1071000,786.1,1348.606131
2026-10-04T00:25:06.654Z,WLD,0.8658,811,0.5962,1348.606131
2026-10-04T00:25:06.654Z,FLOW,1.3685,44.99,0.03291,1348.606131
2026-10-04T00:25:06.654Z,LINK,0.7165,19210,14.143,1348.606131
2026-10-04T00:25:06.654Z,DOGE,0.6974,126.2,0.09293,1348.606131
2026-10-04T00:25:06.654Z,SUI,0.8745,1605,1.1798,1348.606131
2026-10-04T00:25:06.654Z,XLM,0.8805,294,0.2161,1348.606131
2026-10-04T00:25:06.654Z,BCH,0.4906,433400,319.8,1348.606131
2026-10-04T00:25:06.654Z,AVAX,0.4234,15060,11.12,1348.606131
2026-10-04T00:25:06.654Z,ETC,1.0802,12060,8.847,1348.606131
2026-10-04T00:25:06.654Z,AAVE,5.7724,259800,182.13,1348.606131
2026-10-04T00:25:06.654Z,ADA,0.5679,331.2,0.2442,1348.606131
2026-10-04T00:25:06.654Z,HYPE,0.6768,121600,89.561,1348.606131
2026-10-04T00:25:06.654Z,SEI,0.856,97.89,0.07197,1348.606131
2026-10-04T00:25:06.654Z,HBAR,1.0183,138.4,0.10159,1348.606131
2026-10-04T00:25:06.654Z,ARB,0.7735,276.7,0.2036,1348.606131
2026-10-04T00:25:06.654Z,JTO,0.1997,764.7,0.5659,1348.606131
2026-10-04T00:25:06.654Z,ONDO,1.2116,682.2,0.4998,1348.606131
2026-10-04T00:25:06.654Z,QTUM,0.0921,1335,0.989,1348.606131
2026-10-04T00:25:06.654Z,PYTH,-3.0754,102.1,0.07811,1348.606131
2026-10-04T00:25:06.654Z,APT,1.0262,1092,0.8015,1348.606131
2026-10-04T00:25:06.654Z,UNI,-0.2117,12210,9.073,1348.606131
2026-10-04T00:25:06.654Z,TIA,1.3925,646.5,0.4728,1348.606131
2026-10-04T00:25:06.654Z,ALGO,1.4765,178.4,0.13036,1348.606131
2026-10-04T00:25:06.654Z,NEAR,0.7012,6535,4.812,1348.606131
2026-10-04T00:25:06.654Z,ZIL,-4.908,4.5,0.003509,1348.606131
2026-10-04T00:25:06.654Z,SUSHI,-2.909,335.2,0.256,1348.606131
2026-10-04T00:25:06.654Z,PENDLE,-4.9219,3153,2.459,1348.606131
2026-10-04T00:25:06.654Z,XTZ,1.2721,438,0.3207,1348.606131
2026-10-04T00:25:06.654Z,W,-1.4565,18.45,0.013883,1348.606131
2026-10-04T00:25:06.654Z,AR,10.5453,6740,4.521,1348.606131
2026-10-04T00:25:06.654Z,SHIB,0.9204,0.0078,5.731e-06,1348.606131
2026-10-04T00:25:06.654Z,CELO,18.1972,159.8,0.10025,1348.606131
2026-10-04T00:25:06.654Z,STX,0.1802,521.5,0.386,1348.606131
2026-10-04T00:25:06.654Z,JUP,0.1291,447.1,0.3311,1348.606131
2026-10-04T00:25:06.654Z,PEPE,-0.3305,0.0058,4.315e-06,1348.606131
2026-10-04T00:25:06.654Z,DYDX,0.1833,200,0.14803,1348.606131
2026-10-04T00:25:06.654Z,KITE,-16.0271,176.2,0.15559,1348.606131
2026-10-04T00:25:06.654Z,CRV,-0.748,507.7,0.3793,1348.606131
2026-10-04T00:25:06.654Z,ENJ,-1.9938,44,0.03329,1348.606131
2026-10-04T00:25:06.654Z,ATOM,22.0288,2824,1.716,1348.606131
2026-10-04T00:25:06.654Z,ICP,2.1902,4603,3.34,1348.606131
2026-10-04T00:25:06.654Z,SPACE,0.3782,7.176,0.005301,1348.606131
2026-10-04T00:25:06.654Z,DOT,0.8524,1609,1.183,1348.606131
2026-10-04T00:25:06.654Z,ETHFI,-2.9048,944.1,0.721,1348.606131
2026-10-04T00:25:06.654Z,CC,-0.3698,167.2,0.12444,1348.606131
2026-10-04T00:25:06.654Z,SYRUP,0.8241,350.4,0.2577,1348.606131
2026-10-04T00:25:06.654Z,TAO,-3.5752,400000,307.6,1348.606131
2026-10-04T00:25:06.654Z,GRAM,-0.1216,2042,1.516,1348.606131
2026-10-04T00:25:06.654Z,RAY,-7.1785,2613,2.0874,1348.606131
2026-10-04T00:25:06.654Z,RENDER,-1.8815,2620,1.98,1348.606131
2026-10-04T00:25:06.654Z,GRASS,2.3209,991.6,0.7186,1348.606131
2026-10-04T00:25:06.654Z,MINA,-0.5756,219,0.16333,1348.606131
2026-10-04T00:25:06.654Z,POL,-5.4659,140.2,0.10997,1348.606131
2026-10-04T00:25:06.654Z,ENA,-1.4511,317.6,0.23897,1348.606131
2026-10-04T00:25:06.654Z,SAND,-4.1794,94.45,0.07309,1348.606131
2026-10-04T00:25:06.654Z,AERO,-5.4969,1074,0.8427,1348.606131
2026-10-04T00:25:06.654Z,KGEN,-1.6548,213.4,0.1609,1348.606131
2026-10-04T00:25:06.654Z,LIT,3.5255,4977,3.5648,1348.606131
2026-10-04T00:25:06.654Z,MANA,2.5252,143.7,0.10393,1348.606131
2026-10-04T00:25:06.654Z,BAND,-0.8789,299.7,0.2242,1348.606131
2026-10-04T00:25:06.654Z,APE,0.2937,219.4,0.16221,1348.606131
2026-10-04T00:25:06.654Z,GMT,2.2943,12.06,0.008742,1348.606131
2026-10-04T00:25:06.654Z,VIRTUAL,-3.4676,1039,0.7981,1348.606131
2026-10-04T00:25:06.654Z,LPT,0.7742,2396,1.763,1348.606131
2026-10-04T00:25:06.654Z,DATA,0.8981,288.2,0.2118,1348.606131
2026-10-04T00:25:06.654Z,THETA,1.2397,308.7,0.2261,1348.606131
2026-10-04T00:25:06.654Z,GRT,1.0286,38.49,0.02825,1348.606131
2026-10-04T00:25:06.654Z,LAYER,2.375,107.8,0.07808,1348.606131
2026-10-04T00:25:06.654Z,NMR,-0.1154,15320,11.373,1348.606131
2026-10-04T00:25:06.654Z,EIGEN,-8.2664,321.9,0.2602,1348.606131
2026-10-04T00:25:06.654Z,BAT,-5.9576,119.8,0.09446,1348.606131
2026-10-04T00:25:06.654Z,SPK,-3.9338,32.35,0.02497,1348.606131
2026-10-04T00:25:06.654Z,PUMP,3.612,8.75,0.006262,1348.606131
2026-10-04T00:25:06.654Z,KMNO,-4.7524,52.01,0.04049,1348.606131
2026-10-04T00:25:06.654Z,CHZ,-6.7871,21.32,0.01696,1348.606131
2026-10-04T00:25:06.654Z,PENGU,0.6657,12.54,0.009237,1348.606131
2026-10-04T00:25:06.654Z,OP,-5.3142,174.2,0.13642,1348.606131
2026-10-04T00:25:06.654Z,UMA,3.2174,560,0.4023,1348.606131
2026-10-04T00:25:06.654Z,ZRO,0.9375,2721,1.9989,1348.606131
2026-10-04T00:25:06.654Z,S,-9.0768,52.8,0.04306,1348.606131
2026-10-04T00:25:06.654Z,IMX,1.1771,249.7,0.183,1348.606131
2026-10-04T00:25:06.654Z,A,1.1286,130,0.09532,1348.606131
2026-10-04T00:25:06.654Z,ATH,-2.5153,9.4,0.00715,1348.606131
2026-10-04T00:25:06.654Z,COMP,11.3136,38100,25.38,1348.606131
2026-10-04T00:25:06.654Z,CVX,-2.5845,3019,2.298,1348.606131
2026-10-04T00:25:06.654Z,AXS,5.2841,1748,1.2311,1348.606131
2026-10-04T00:25:06.654Z,WCT,-1.9797,57.08,0.04318,1348.606131
2026-10-04T00:25:06.654Z,ME,-1.9629,103.1,0.07798,1348.606131
2026-10-04T00:25:06.654Z,ASTER,3.6202,1000,0.7156,1348.606131
2026-10-04T00:25:06.654Z,GMX,1.4312,11210,8.195,1348.606131
2026-10-04T00:25:06.654Z,MORPHO,-8.5191,3419,2.7713,1348.606131
2026-10-04T00:25:06.654Z,MON,-2.0817,44.7,0.03385,1348.606131
2026-10-04T00:25:06.654Z,1INCH,-1.848,139,0.10501,1348.606131
2026-10-04T00:25:06.654Z,SKY,-4.525,118.2,0.0918,1348.606131
2026-10-04T00:25:06.654Z,YGG,4.8039,38.84,0.02748,1348.606131
2026-10-04T00:25:06.654Z,BIO,-1.7569,41.43,0.03127,1348.606131
2026-10-04T00:25:06.654Z,MOVE,-0.99,13.43,0.010058,1348.606131
2026-10-04T00:25:06.654Z,GALA,-2.8636,3.292,0.002513,1348.606131
2026-10-04T00:25:06.654Z,ZK,-2.6697,17.56,0.013378,1348.606131
2026-10-04T00:25:06.654Z,ENS,0.2679,9260,6.848,1348.606131
2026-10-04T00:25:06.654Z,INJ,-0.1169,10360,7.691,1348.606131
2026-10-04T00:25:06.654Z,KAITO,-4.9225,445.7,0.3476,1348.606131
2026-10-04T00:25:06.654Z,LDO,-3.2914,609.2,0.4671,1348.606131
2026-10-04T00:25:06.654Z,BLUR,29.989,37.48,0.02138,1348.606131
2026-10-04T00:25:06.654Z,AUCTION,1.5572,5110,3.731,1348.606131
2026-10-04T00:25:06.654Z,ZETA,0.18,66.66,0.04934,1348.606131
2026-10-04T00:25:06.654Z,WIF,0.3093,340.9,0.252,1348.606131
2026-10-04T00:25:06.654Z,KSM,-4.042,6750,5.216,1348.606131
2026-10-04T00:25:06.654Z,SNX,-7.9891,315.8,0.2545,1348.606131
2026-10-04T00:25:06.654Z,FET,-2.3815,297,0.2256,1348.606131
2026-10-04T00:30:06.963Z,BTC,0.8837,115329000,84768.1,1348.606131
2026-10-04T00:30:06.963Z,XRP,0.8564,2025,1.4888,1348.606131
2026-10-04T00:30:06.963Z,SOL,0.8503,163100,119.92,1348.606131
2026-10-04T00:30:06.963Z,ETH,0.8998,3660000,2689.71,1348.606131
2026-10-04T00:30:06.963Z,FIL,0.8387,1446,1.0633,1348.606131
2026-10-04T00:30:06.963Z,TRX,1.7138,459.8,0.3352,1348.606131
2026-10-04T00:30:06.963Z,BNB,1.0245,1071000,786.1,1348.606131
2026-10-04T00:30:06.963Z,WLD,0.9615,810,0.5949,1348.606131
2026-10-04T00:30:06.963Z,FLOW,1.3069,44.99,0.03293,1348.606131
2026-10-04T00:30:06.963Z,LINK,0.7735,19210,14.135,1348.606131
2026-10-04T00:30:06.963Z,DOGE,0.6866,126.2,0.09294,1348.606131
2026-10-04T00:30:06.963Z,SUI,0.655,1603,1.1809,1348.606131
2026-10-04T00:30:06.963Z,XLM,0.8992,294,0.21606,1348.606131
2026-10-04T00:30:06.963Z,BCH,0.6479,433400,319.3,1348.606131
2026-10-04T00:30:06.963Z,AVAX,0.4957,15060,11.112,1348.606131
2026-10-04T00:30:06.963Z,ETC,1.1145,12060,8.844,1348.606131
2026-10-04T00:30:06.963Z,AAVE,5.6448,259800,182.35,1348.606131
2026-10-04T00:30:06.963Z,ADA,0.5679,331.2,0.2442,1348.606131
2026-10-04T00:30:06.963Z,HYPE,0.66,121600,89.576,1348.606131
2026-10-04T00:30:06.963Z,SEI,0.9823,97.89,0.07188,1348.606131
2026-10-04T00:30:06.963Z,HBAR,1.0481,138.4,0.10156,1348.606131
2026-10-04T00:30:06.963Z,ARB,0.6647,276.7,0.20382,1348.606131
2026-10-04T00:30:06.963Z,JTO,0.1643,764.7,0.5661,1348.606131
2026-10-04T00:30:06.963Z,ONDO,1.2521,682.2,0.4996,1348.606131
2026-10-04T00:30:06.963Z,QTUM,0.1022,1335,0.9889,1348.606131
2026-10-04T00:30:06.963Z,PYTH,-2.976,102.1,0.07803,1348.606131
2026-10-04T00:30:06.963Z,APT,1.0136,1092,0.8016,1348.606131
2026-10-04T00:30:06.963Z,UNI,-0.2447,12210,9.076,1348.606131
2026-10-04T00:30:06.963Z,TIA,1.5859,646.5,0.4719,1348.606131
2026-10-04T00:30:06.963Z,ALGO,1.5544,178.4,0.13026,1348.606131
2026-10-04T00:30:06.963Z,NEAR,0.0409,6565,4.866,1348.606131
2026-10-04T00:30:06.963Z,ZIL,-4.8809,4.5,0.003508,1348.606131
2026-10-04T00:30:06.963Z,SUSHI,-2.8331,335.2,0.2558,1348.606131
2026-10-04T00:30:06.963Z,PENDLE,-5.689,3153,2.479,1348.606131
2026-10-04T00:30:06.963Z,XTZ,1.3353,438,0.3205,1348.606131
2026-10-04T00:30:06.963Z,W,-1.3357,18.45,0.013866,1348.606131
2026-10-04T00:30:06.963Z,AR,10.5208,6740,4.522,1348.606131
2026-10-04T00:30:06.963Z,SHIB,0.9028,0.0078,5.732e-06,1348.606131
2026-10-04T00:30:06.963Z,CELO,18.0089,159.8,0.10041,1348.606131
2026-10-04T00:30:06.963Z,STX,0.3362,521.5,0.3854,1348.606131
2026-10-04T00:30:06.963Z,JUP,0.0385,447.1,0.3314,1348.606131
2026-10-04T00:30:06.963Z,PEPE,-0.3305,0.0058,4.315e-06,1348.606131
2026-10-04T00:30:06.963Z,DYDX,0.0751,200,0.14819,1348.606131
2026-10-04T00:30:06.963Z,KITE,-15.3854,176.2,0.15441,1348.606131
2026-10-04T00:30:06.963Z,CRV,-0.8003,507.7,0.3795,1348.606131
2026-10-04T00:30:06.963Z,ENJ,-1.7872,44,0.03322,1348.606131
2026-10-04T00:30:06.963Z,ATOM,21.8867,2824,1.718,1348.606131
2026-10-04T00:30:06.963Z,ICP,1.9765,4603,3.347,1348.606131
2026-10-04T00:30:06.963Z,SPACE,0.1892,7.176,0.005311,1348.606131
2026-10-04T00:30:06.963Z,DOT,0.6652,1609,1.1852,1348.606131
2026-10-04T00:30:06.963Z,ETHFI,-2.9183,944.1,0.7211,1348.606131
2026-10-04T00:30:06.963Z,CC,-0.3217,167.2,0.12438,1348.606131
2026-10-04T00:30:06.963Z,SYRUP,1.4541,350.4,0.2561,1348.606131
2026-10-04T00:30:06.963Z,TAO,-3.5125,400000,307.4,1348.606131
2026-10-04T00:30:06.963Z,GRAM,0.0103,2042,1.514,1348.606131
2026-10-04T00:30:06.963Z,RAY,-7.0271,2613,2.084,1348.606131
2026-10-04T00:30:06.963Z,RENDER,-1.931,2620,1.981,1348.606131
2026-10-04T00:30:06.963Z,GRASS,1.9803,991.6,0.721,1348.606131
2026-10-04T00:30:06.963Z,MINA,-0.4964,219,0.1632,1348.606131
2026-10-04T00:30:06.963Z,POL,-5.6803,140.2,0.11022,1348.606131
2026-10-04T00:30:06.963Z,ENA,-1.5828,317.6,0.23929,1348.606131
2026-10-04T00:30:06.963Z,SAND,-3.7977,94.45,0.0728,1348.606131
2026-10-04T00:30:06.963Z,AERO,-5.3058,1074,0.841,1348.606131
2026-10-04T00:30:06.963Z,KGEN,-1.6548,213.4,0.1609,1348.606131
2026-10-04T00:30:06.963Z,LIT,3.4994,4977,3.5657,1348.606131
2026-10-04T00:30:06.963Z,MANA,2.6338,143.7,0.10382,1348.606131
2026-10-04T00:30:06.963Z,BAND,-0.8347,299.7,0.2241,1348.606131
2026-10-04T00:30:06.963Z,APE,0.3928,219.4,0.16205,1348.606131
2026-10-04T00:30:06.963Z,GMT,2.3997,12.06,0.008733,1348.606131
2026-10-04T00:30:06.963Z,VIRTUAL,-3.6848,1039,0.7999,1348.606131
2026-10-04T00:30:06.963Z,LPT,0.8887,2396,1.761,1348.606131
2026-10-04T00:30:06.963Z,DATA,1.1847,288.2,0.2112,1348.606131
2026-10-04T00:30:06.963Z,THETA,1.1502,308.7,0.2263,1348.606131
2026-10-04T00:30:06.963Z,GRT,1.136,38.49,0.02822,1348.606131
2026-10-04T00:30:06.963Z,LAYER,2.5326,107.8,0.07796,1348.606131
2026-10-04T00:30:06.963Z,NMR,-0.3082,15320,11.395,1348.606131
2026-10-04T00:30:06.963Z,EIGEN,-8.3368,321.9,0.2604,1348.606131
2026-10-04T00:30:06.963Z,BAT,-5.8779,119.8,0.09438,1348.606131
2026-10-04T00:30:06.963Z,SPK,-4.1258,32.35,0.02502,1348.606131
2026-10-04T00:30:06.963Z,PUMP,3.5954,8.75,0.006263,1348.606131
2026-10-04T00:30:06.963Z,KMNO,-4.5402,52.01,0.0404,1348.606131
2026-10-04T00:30:06.963Z,CHZ,-6.842,21.32,0.01697,1348.606131
2026-10-04T00:30:06.963Z,PENGU,0.6875,12.54,0.009235,1348.606131
2026-10-04T00:30:06.963Z,OP,-5.4182,174.2,0.13657,1348.606131
2026-10-04T00:30:06.963Z,UMA,3.2174,560,0.4023,1348.606131
2026-10-04T00:30:06.963Z,ZRO,1.5931,2721,1.986,1348.606131
2026-10-04T00:30:06.963Z,S,-7.7702,52.8,0.04245,1348.606131
2026-10-04T00:30:06.963Z,IMX,1.1771,249.7,0.183,1348.606131
2026-10-04T00:30:06.963Z,A,1.203,130,0.09525,1348.606131
2026-10-04T00:30:06.963Z,ATH,-2.4334,9.4,0.007144,1348.606131
2026-10-04T00:30:06.963Z,COMP,11.3136,38100,25.38,1348.606131
2026-10-04T00:30:06.963Z,CVX,-2.5845,3019,2.298,1348.606131
2026-10-04T00:30:06.963Z,AXS,5.4212,1748,1.2295,1348.606131
2026-10-04T00:30:06.963Z,WCT,-1.866,57.08,0.04313,1348.606131
2026-10-04T00:30:06.963Z,ME,-1.7866,103.1,0.07784,1348.606131
2026-10-04T00:30:06.963Z,ASTER,3.6347,1000,0.7155,1348.606131
2026-10-04T00:30:06.963Z,GMX,1.4064,11210,8.197,1348.606131
2026-10-04T00:30:06.963Z,MORPHO,-8.6871,3419,2.7764,1348.606131
2026-10-04T00:30:06.963Z,MON,-2.2838,44.7,0.03392,1348.606131
2026-10-04T00:30:06.963Z,1INCH,-1.9041,139,0.10507,1348.606131
2026-10-04T00:30:06.963Z,SKY,-4.3583,118.2,0.09164,1348.606131
2026-10-04T00:30:06.963Z,YGG,4.6896,38.84,0.02751,1348.606131
2026-10-04T00:30:06.963Z,BIO,-1.6626,41.43,0.03124,1348.606131
2026-10-04T00:30:06.963Z,MOVE,-0.8717,13.43,0.010046,1348.606131
2026-10-04T00:30:06.963Z,GALA,-3.0564,3.292,0.002518,1348.606131
2026-10-04T00:30:06.963Z,ZK,-2.0694,17.56,0.013296,1348.606131
2026-10-04T00:30:06.963Z,ENS,0.2826,9260,6.847,1348.606131
2026-10-04T00:30:06.963Z,INJ,-0.2984,10360,7.705,1348.606131
2026-10-04T00:30:06.963Z,KAITO,-4.9772,445.7,0.3478,1348.606131
2026-10-04T00:30:06.963Z,LDO,-3.2707,609.2,0.467,1348.606131
2026-10-04T00:30:06.963Z,BLUR,29.989,37.48,0.02138,1348.606131
2026-10-04T00:30:06.963Z,AUCTION,1.6389,5110,3.728,1348.606131
2026-10-04T00:30:06.963Z,ZETA,0.0381,66.66,0.04941,1348.606131
2026-10-04T00:30:06.963Z,WIF,0.2695,340.9,0.2521,1348.606131
2026-10-04T00:30:06.963Z,KSM,-4.2623,6750,5.228,1348.606131
2026-10-04T00:30:06.963Z,SNX,-7.9529,315.8,0.2544,1348.606131
2026-10-04T00:30:06.963Z,FET,-2.5111,297,0.2259,1348.606131
2026-10-04T00:35:06.930Z,BTC,0.8567,115333000,84793.7,1348.606131
2026-10-04T00:35:06.930Z,XRP,0.8023,2025,1.4896,1348.606131
2026-10-04T00:35:06.930Z,SOL,0.7129,163000,120.01,1348.606131
2026-10-04T00:35:06.930Z,ETH,0.8376,3660000,2691.37,1348.606131
2026-10-04T00:35:06.930Z,FIL,0.9242,1446,1.0624,1348.606131
2026-10-04T00:35:06.930Z,TRX,1.6926,459.8,0.33527,1348.606131
2026-10-04T00:35:06.930Z,BNB,0.9859,1071000,786.4,1348.606131
2026-10-04T00:35:06.930Z,WLD,0.6907,810,0.5965,1348.606131
2026-10-04T00:35:06.930Z,FLOW,1.184,44.99,0.03297,1348.606131
2026-10-04T00:35:06.930Z,LINK,0.4537,19210,14.18,1348.606131
2026-10-04T00:35:06.930Z,DOGE,0.9188,126.6,0.09302,1348.606131
2026-10-04T00:35:06.930Z,SUI,0.4339,1603,1.1835,1348.606131
2026-10-04T00:35:06.930Z,XLM,0.8059,294,0.21626,1348.606131
2026-10-04T00:35:06.930Z,BCH,0.6479,433400,319.3,1348.606131
2026-10-04T00:35:06.930Z,AVAX,0.4415,15060,11.118,1348.606131
2026-10-04T00:35:06.930Z,ETC,0.9775,12060,8.856,1348.606131
2026-10-04T00:35:06.930Z,AAVE,5.668,259800,182.31,1348.606131
2026-10-04T00:35:06.930Z,ADA,0.5268,331.2,0.2443,1348.606131
2026-10-04T00:35:06.930Z,HYPE,0.6948,121600,89.545,1348.606131
2026-10-04T00:35:06.930Z,SEI,1.0807,97.89,0.07181,1348.606131
2026-10-04T00:35:06.930Z,HBAR,0.9587,138.4,0.10165,1348.606131
2026-10-04T00:35:06.930Z,ARB,0.6548,276.7,0.20384,1348.606131
2026-10-04T00:35:06.930Z,JTO,0.4482,764.7,0.5645,1348.606131
2026-10-04T00:35:06.930Z,ONDO,1.1711,682.2,0.5,1348.606131
2026-10-04T00:35:06.930Z,QTUM,0.2036,1335,0.9879,1348.606131
2026-10-04T00:35:06.930Z,PYTH,-3.1622,102.1,0.07818,1348.606131
2026-10-04T00:35:06.930Z,APT,1.1019,1092,0.8009,1348.606131
2026-10-04T00:35:06.930Z,UNI,-0.3654,12210,9.087,1348.606131
2026-10-04T00:35:06.930Z,TIA,1.6936,646.5,0.4714,1348.606131
2026-10-04T00:35:06.930Z,ALGO,1.6793,178.4,0.1301,1348.606131
2026-10-04T00:35:06.930Z,NEAR,-0.5924,6565,4.897,1348.606131
2026-10-04T00:35:06.930Z,ZIL,-4.908,4.5,0.003509,1348.606131
2026-10-04T00:35:06.930Z,SUSHI,-2.8331,335.2,0.2558,1348.606131
2026-10-04T00:35:06.930Z,PENDLE,-5.4219,3153,2.472,1348.606131
2026-10-04T00:35:06.930Z,XTZ,1.2406,438,0.3208,1348.606131
2026-10-04T00:35:06.930Z,W,-1.236,18.45,0.013852,1348.606131
2026-10-04T00:35:06.930Z,AR,10.1554,6740,4.537,1348.606131
2026-10-04T00:35:06.930Z,SHIB,0.9204,0.0078,5.731e-06,1348.606131
2026-10-04T00:35:06.930Z,CELO,17.9032,159.8,0.1005,1348.606131
2026-10-04T00:35:06.930Z,STX,0.3622,521.5,0.3853,1348.606131
2026-10-04T00:35:06.930Z,JUP,0.402,447.1,0.3302,1348.606131
2026-10-04T00:35:06.930Z,PEPE,-0.1918,0.0058,4.309e-06,1348.606131
2026-10-04T00:35:06.930Z,DYDX,0.1156,200,0.14813,1348.606131
2026-10-04T00:35:06.930Z,KITE,-15.4237,176.2,0.15448,1348.606131
2026-10-04T00:35:06.930Z,CRV,-0.617,507.7,0.3788,1348.606131
2026-10-04T00:35:06.930Z,ENJ,-1.6392,44,0.03317,1348.606131
2026-10-04T00:35:06.930Z,ATOM,21.9577,2824,1.717,1348.606131
2026-10-04T00:35:06.930Z,ICP,1.7333,4603,3.355,1348.606131
2026-10-04T00:35:06.930Z,SPACE,0.1892,7.176,0.005311,1348.606131
2026-10-04T00:35:06.930Z,DOT,0.521,1609,1.1869,1348.606131
2026-10-04T00:35:06.930Z,ETHFI,-2.9452,944.1,0.7213,1348.606131
2026-10-04T00:35:06.930Z,CC,-1.1955,167.2,0.12548,1348.606131
2026-10-04T00:35:06.930Z,SYRUP,1.0201,350.4,0.2572,1348.606131
2026-10-04T00:35:06.930Z,TAO,-3.6379,400000,307.8,1348.606131
2026-10-04T00:35:06.930Z,GRAM,-0.1875,2042,1.517,1348.606131
2026-10-04T00:35:06.930Z,RAY,-7.1563,2613,2.0869,1348.606131
2026-10-04T00:35:06.930Z,RENDER,-1.931,2620,1.981,1348.606131
2026-10-04T00:35:06.930Z,GRASS,1.67,991.6,0.7232,1348.606131
2026-10-04T00:35:06.930Z,MINA,-0.0493,219,0.16247,1348.606131
2026-10-04T00:35:06.930Z,POL,-5.7487,140.2,0.1103,1348.606131
2026-10-04T00:35:06.930Z,ENA,-1.7594,317.6,0.23972,1348.606131
2026-10-04T00:35:06.930Z,SAND,-3.6919,94.45,0.07272,1348.606131
2026-10-04T00:35:06.930Z,AERO,-5.2044,1074,0.8401,1348.606131
2026-10-04T00:35:06.930Z,KGEN,-1.6548,213.4,0.1609,1348.606131
2026-10-04T00:35:06.930Z,LIT,3.2735,4977,3.5735,1348.606131
2026-10-04T00:35:06.930Z,MANA,3.6018,143.7,0.10285,1348.606131
2026-10-04T00:35:06.930Z,BAND,-0.7904,299.7,0.224,1348.606131
2026-10-04T00:35:06.930Z,APE,0.2134,219.4,0.16234,1348.606131
2026-10-04T00:35:06.930Z,GMT,2.4819,12.06,0.008726,1348.606131
2026-10-04T00:35:06.930Z,VIRTUAL,-3.8531,1039,0.8013,1348.606131
2026-10-04T00:35:06.930Z,LPT,1.0034,2396,1.759,1348.606131
2026-10-04T00:35:06.930Z,DATA,1.1368,288.2,0.2113,1348.606131
2026-10-04T00:35:06.930Z,THETA,1.1056,308.7,0.2264,1348.606131
2026-10-04T00:35:06.930Z,GRT,1.1002,38.49,0.02823,1348.606131
2026-10-04T00:35:06.930Z,LAYER,2.48,107.8,0.078,1348.606131
2026-10-04T00:35:06.930Z,NMR,-0.5352,15320,11.421,1348.606131
2026-10-04T00:35:06.930Z,EIGEN,-8.5125,321.9,0.2609,1348.606131
2026-10-04T00:35:06.930Z,BAT,-5.6479,119.8,0.09415,1348.606131
2026-10-04T00:35:06.930Z,SPK,-4.3933,32.35,0.02509,1348.606131
2026-10-04T00:35:06.930Z,PUMP,3.5128,8.75,0.006268,1348.606131
2026-10-04T00:35:06.930Z,KMNO,-5.104,52.01,0.04064,1348.606131
2026-10-04T00:35:06.930Z,CHZ,-6.7321,21.32,0.01695,1348.606131
2026-10-04T00:35:06.930Z,PENGU,0.6984,12.54,0.009234,1348.606131
2026-10-04T00:35:06.930Z,OP,-5.2447,174.2,0.13632,1348.606131
2026-10-04T00:35:06.930Z,UMA,3.2174,560,0.4023,1348.606131
2026-10-04T00:35:06.930Z,ZRO,1.8546,2721,1.9809,1348.606131
2026-10-04T00:35:06.930Z,S,-7.2019,52.8,0.04219,1348.606131
2026-10-04T00:35:06.930Z,IMX,1.2214,249.7,0.18292,1348.606131
2026-10-04T00:35:06.930Z,A,1.1923,130,0.09526,1348.606131
2026-10-04T00:35:06.930Z,ATH,-2.7872,9.4,0.00717,1348.606131
2026-10-04T00:35:06.930Z,COMP,11.4453,38100,25.35,1348.606131
2026-10-04T00:35:06.930Z,CVX,-2.5421,3019,2.297,1348.606131
2026-10-04T00:35:06.930Z,AXS,5.4812,1748,1.2288,1348.606131
2026-10-04T00:35:06.930Z,WCT,-1.9797,57.08,0.04318,1348.606131
2026-10-04T00:35:06.930Z,ME,-1.8623,103.1,0.0779,1348.606131
2026-10-04T00:35:06.930Z,ASTER,3.6347,1000,0.7155,1348.606131
2026-10-04T00:35:06.930Z,GMX,1.6793,11210,8.175,1348.606131
2026-10-04T00:35:06.930Z,MORPHO,-8.8873,3419,2.7825,1348.606131
2026-10-04T00:35:06.930Z,MON,-1.9369,44.7,0.0338,1348.606131
2026-10-04T00:35:06.930Z,1INCH,-1.9414,139,0.10511,1348.606131
2026-10-04T00:35:06.930Z,SKY,-4.3583,118.2,0.09164,1348.606131
2026-10-04T00:35:06.930Z,YGG,4.9949,38.84,0.02743,1348.606131
2026-10-04T00:35:06.930Z,BIO,-1.6941,41.43,0.03125,1348.606131
2026-10-04T00:35:06.930Z,MOVE,-0.5847,13.43,0.010017,1348.606131
2026-10-04T00:35:06.930Z,GALA,-3.2869,3.292,0.002524,1348.606131
2026-10-04T00:35:06.930Z,ZK,-1.9662,17.56,0.013282,1348.606131
2026-10-04T00:35:06.930Z,ENS,0.1948,9260,6.853,1348.606131
2026-10-04T00:35:06.930Z,INJ,-0.608,10360,7.729,1348.606131
2026-10-04T00:35:06.930Z,KAITO,-4.9225,445.7,0.3476,1348.606131
2026-10-04T00:35:06.930Z,LDO,-3.1671,609.2,0.4665,1348.606131
2026-10-04T00:35:06.930Z,BLUR,30.2938,37.48,0.02133,1348.606131
2026-10-04T00:35:06.930Z,AUCTION,1.6116,5110,3.729,1348.606131
2026-10-04T00:35:06.930Z,ZETA,0.1597,66.66,0.04935,1348.606131
2026-10-04T00:35:06.930Z,WIF,-0.1661,340.9,0.2532,1348.606131
2026-10-04T00:35:06.930Z,KSM,-4.042,6750,5.216,1348.606131
2026-10-04T00:35:06.930Z,SNX,-7.7717,315.8,0.2539,1348.606131
2026-10-04T00:35:06.930Z,FET,-2.5543,297,0.226,1348.606131
2026-10-04T00:40:06.921Z,BTC,0.8614,115320000,84780.2,1348.606131
2026-10-04T00:40:06.921Z,XRP,0.8632,2025,1.4887,1348.606131
2026-10-04T00:40:06.921Z,SOL,0.7915,163100,119.99,1348.606131
2026-10-04T00:40:06.921Z,ETH,0.7581,3656000,2690.55,1348.606131
2026-10-04T00:40:06.921Z,FIL,1.0478,1446,1.0611,1348.606131
2026-10-04T00:40:06.921Z,TRX,1.7168,459.8,0.33519,1348.606131
2026-10-04T00:40:06.921Z,BNB,1.0373,1071000,786,1348.606131
2026-10-04T00:40:06.921Z,WLD,0.751,811.3,0.5971,1348.606131
2026-10-04T00:40:06.921Z,FLOW,1.3377,44.99,0.03292,1348.606131
2026-10-04T00:40:06.921Z,LINK,0.7664,19210,14.136,1348.606131
2026-10-04T00:40:06.921Z,DOGE,0.984,126.6,0.09296,1348.606131
2026-10-04T00:40:06.921Z,SUI,0.986,1608,1.1807,1348.606131
2026-10-04T00:40:06.921Z,XLM,0.8199,294,0.21623,1348.606131
2026-10-04T00:40:06.921Z,BCH,0.8058,433400,318.8,1348.606131
2026-10-04T00:40:06.921Z,AVAX,0.2701,15060,11.137,1348.606131
2026-10-04T00:40:06.921Z,ETC,1.0574,12060,8.849,1348.606131
2026-10-04T00:40:06.921Z,AAVE,5.7144,259800,182.23,1348.606131
2026-10-04T00:40:06.921Z,ADA,0.6504,331.2,0.244,1348.606131
2026-10-04T00:40:06.921Z,HYPE,0.5407,121300,89.461,1348.606131
2026-10-04T00:40:06.921Z,SEI,0.5493,97.85,0.07216,1348.606131
2026-10-04T00:40:06.921Z,HBAR,1.0183,138.4,0.10159,1348.606131
2026-10-04T00:40:06.921Z,ARB,0.7685,276.7,0.20361,1348.606131
2026-10-04T00:40:06.921Z,JTO,0.466,764.7,0.5644,1348.606131
2026-10-04T00:40:06.921Z,ONDO,0.9322,679.5,0.4992,1348.606131
2026-10-04T00:40:06.921Z,QTUM,0.3051,1335,0.9869,1348.606131
2026-10-04T00:40:06.921Z,PYTH,-2.9138,102.1,0.07798,1348.606131
2026-10-04T00:40:06.921Z,APT,1.2789,1092,0.7995,1348.606131
2026-10-04T00:40:06.921Z,UNI,0.7216,12350,9.092,1348.606131
2026-10-04T00:40:06.921Z,TIA,2.04,646.5,0.4698,1348.606131
2026-10-04T00:40:06.921Z,ALGO,1.828,178.4,0.12991,1348.606131
2026-10-04T00:40:06.921Z,NEAR,-0.287,6565,4.882,1348.606131
2026-10-04T00:40:06.921Z,ZIL,-4.7995,4.5,0.003505,1348.606131
2026-10-04T00:40:06.921Z,SUSHI,-2.719,335.2,0.2555,1348.606131
2026-10-04T00:40:06.921Z,PENDLE,-5.1149,3153,2.464,1348.606131
2026-10-04T00:40:06.921Z,XTZ,1.2721,438,0.3207,1348.606131
2026-10-04T00:40:06.921Z,W,-1.0431,18.45,0.013825,1348.606131
2026-10-04T00:40:06.921Z,AR,10.2527,6740,4.533,1348.606131
2026-10-04T00:40:06.921Z,SHIB,1.0615,0.0078,5.723e-06,1348.606131
2026-10-04T00:40:06.921Z,CELO,18.1147,159.8,0.10032,1348.606131
2026-10-04T00:40:06.921Z,STX,0.4404,521.5,0.385,1348.606131
2026-10-04T00:40:06.921Z,JUP,0.5238,447.1,0.3298,1348.606131
2026-10-04T00:40:06.921Z,PEPE,-0.099,0.0058,4.305e-06,1348.606131
2026-10-04T00:40:06.921Z,DYDX,0.3392,200,0.1478,1348.606131
2026-10-04T00:40:06.921Z,KITE,-15.2372,176.2,0.15414,1348.606131
2026-10-04T00:40:06.921Z,CRV,-0.6432,507.7,0.3789,1348.606131
2026-10-04T00:40:06.921Z,ENJ,-1.6392,44,0.03317,1348.606131
2026-10-04T00:40:06.921Z,ATOM,22.1712,2824,1.714,1348.606131
2026-10-04T00:40:06.921Z,ICP,1.8548,4603,3.351,1348.606131
2026-10-04T00:40:06.921Z,SPACE,0.227,7.176,0.005309,1348.606131
2026-10-04T00:40:06.921Z,DOT,0.6142,1609,1.1858,1348.606131
2026-10-04T00:40:06.921Z,ETHFI,-2.8375,944.1,0.7205,1348.606131
2026-10-04T00:40:06.921Z,CC,-1.2663,167.2,0.12557,1348.606131
2026-10-04T00:40:06.921Z,SYRUP,1.5333,350.4,0.2559,1348.606131
2026-10-04T00:40:06.921Z,TAO,-3.4811,400000,307.3,1348.606131
2026-10-04T00:40:06.921Z,GRAM,-0.0557,2042,1.515,1348.606131
2026-10-04T00:40:06.921Z,RAY,-6.8886,2613,2.0809,1348.606131
2026-10-04T00:40:06.921Z,RENDER,-1.8319,2620,1.979,1348.606131
2026-10-04T00:40:06.921Z,GRASS,1.8108,991.6,0.7222,1348.606131
2026-10-04T00:40:06.921Z,MINA,-0.0739,219,0.16251,1348.606131
2026-10-04T00:40:06.921Z,POL,-5.817,140.2,0.11038,1348.606131
2026-10-04T00:40:06.921Z,ENA,-1.6198,317.6,0.23938,1348.606131
2026-10-04T00:40:06.921Z,SAND,-3.7183,94.45,0.07274,1348.606131
2026-10-04T00:40:06.921Z,AERO,-4.9895,1074,0.8382,1348.606131
2026-10-04T00:40:06.921Z,KGEN,-1.6548,213.4,0.1609,1348.606131
2026-10-04T00:40:06.921Z,LIT,3.4558,4977,3.5672,1348.606131
2026-10-04T00:40:06.921Z,MANA,3.4811,143.7,0.10297,1348.606131
2026-10-04T00:40:06.921Z,BAND,-0.7904,299.7,0.224,1348.606131
2026-10-04T00:40:06.921Z,APE,0.43,219.4,0.16199,1348.606131
2026-10-04T00:40:06.921Z,GMT,2.5641,12.06,0.008719,1348.606131
2026-10-04T00:40:06.921Z,VIRTUAL,-3.8051,1039,0.8009,1348.606131
2026-10-04T00:40:06.921Z,LPT,1.1183,2396,1.757,1348.606131
2026-10-04T00:40:06.921Z,DATA,0.9934,288.2,0.2116,1348.606131
2026-10-04T00:40:06.921Z,THETA,0.8383,308.7,0.227,1348.606131
2026-10-04T00:40:06.921Z,GRT,1.1002,38.49,0.02823,1348.606131
2026-10-04T00:40:06.921Z,LAYER,2.5194,107.8,0.07797,1348.606131
2026-10-04T00:40:06.921Z,NMR,-0.6222,15320,11.431,1348.606131
2026-10-04T00:40:06.921Z,EIGEN,-8.4423,321.9,0.2607,1348.606131
2026-10-04T00:40:06.921Z,BAT,-5.6279,119.8,0.09413,1348.606131
2026-10-04T00:40:06.921Z,SPK,-4.5074,32.35,0.02512,1348.606131
2026-10-04T00:40:06.921Z,PUMP,3.4963,8.75,0.006269,1348.606131
2026-10-04T00:40:06.921Z,KMNO,-4.9402,52.01,0.04057,1348.606131
2026-10-04T00:40:06.921Z,CHZ,-6.7321,21.32,0.01695,1348.606131
2026-10-04T00:40:06.921Z,PENGU,0.8185,12.54,0.009223,1348.606131
2026-10-04T00:40:06.921Z,OP,-5.0776,174.2,0.13608,1348.606131
2026-10-04T00:40:06.921Z,UMA,3.3201,560,0.4019,1348.606131
2026-10-04T00:40:06.921Z,ZRO,1.5471,2721,1.9869,1348.606131
2026-10-04T00:40:06.921Z,S,-6.336,52.8,0.0418,1348.606131
2026-10-04T00:40:06.921Z,IMX,1.6604,249.7,0.18213,1348.606131
2026-10-04T00:40:06.921Z,A,1.2455,130,0.09521,1348.606131
2026-10-04T00:40:06.921Z,ATH,-2.9496,9.4,0.007182,1348.606131
2026-10-04T00:40:06.921Z,COMP,11.5774,38100,25.32,1348.606131
2026-10-04T00:40:06.921Z,CVX,-2.2442,3019,2.29,1348.606131
2026-10-04T00:40:06.921Z,AXS,4.6551,1748,1.2385,1348.606131
2026-10-04T00:40:06.921Z,WCT,-1.7977,57.08,0.0431,1348.606131
2026-10-04T00:40:06.921Z,ME,-1.6096,103.1,0.0777,1348.606131
2026-10-04T00:40:06.921Z,ASTER,3.6927,1000,0.7151,1348.606131
2026-10-04T00:40:06.921Z,GMX,1.6545,11210,8.177,1348.606131
2026-10-04T00:40:06.921Z,MORPHO,-8.618,3419,2.7743,1348.606131
2026-10-04T00:40:06.921Z,MON,-2.1396,44.7,0.03387,1348.606131
2026-10-04T00:40:06.921Z,1INCH,-1.9134,139,0.10508,1348.606131
2026-10-04T00:40:06.921Z,SKY,-3.9285,118.2,0.09123,1348.606131
2026-10-04T00:40:06.921Z,YGG,5.3405,38.84,0.02734,1348.606131
2026-10-04T00:40:06.921Z,BIO,-1.5049,41.43,0.03119,1348.606131
2026-10-04T00:40:06.921Z,MOVE,-0.5649,13.43,0.010015,1348.606131
2026-10-04T00:40:06.921Z,GALA,-2.9794,3.292,0.002516,1348.606131
2026-10-04T00:40:06.921Z,ZK,-1.2974,17.56,0.013192,1348.606131
2026-10-04T00:40:06.921Z,ENS,0.3412,9260,6.843,1348.606131
2026-10-04T00:40:06.921Z,INJ,-0.4277,10360,7.715,1348.606131
2026-10-04T00:40:06.921Z,KAITO,-4.8404,445.7,0.3473,1348.606131
2026-10-04T00:40:06.921Z,LDO,-3.0215,609.2,0.4658,1348.606131
2026-10-04T00:40:06.921Z,BLUR,30.416,37.48,0.02131,1348.606131
2026-10-04T00:40:06.921Z,AUCTION,1.6934,5110,3.726,1348.606131
2026-10-04T00:40:06.921Z,ZETA,0.0583,66.66,0.0494,1348.606131
2026-10-04T00:40:06.921Z,WIF,-0.0081,340.9,0.2528,1348.606131
2026-10-04T00:40:06.921Z,KSM,-3.8577,6750,5.206,1348.606131
2026-10-04T00:40:06.921Z,SNX,-7.699,315.8,0.2537,1348.606131
2026-10-04T00:40:06.921Z,FET,-2.6834,297,0.2263,1348.606131
2026-10-04T00:45:07.022Z,BTC,0.852,115282000,84760.2,1348.606131
2026-10-04T00:45:07.022Z,XRP,0.87,2025,1.4886,1348.606131
2026-10-04T00:45:07.022Z,SOL,0.7831,163100,120,1348.606131
2026-10-04T00:45:07.022Z,ETH,0.888,3659000,2689.29,1348.606131
2026-10-04T00:45:07.022Z,FIL,1.0478,1446,1.0611,1348.606131
2026-10-04T00:45:07.022Z,TRX,1.7502,459.8,0.33508,1348.606131
2026-10-04T00:45:07.022Z,BNB,1.2047,1071000,784.7,1348.606131
2026-10-04T00:45:07.022Z,WLD,0.9925,812.7,0.5967,1348.606131
2026-10-04T00:45:07.022Z,FLOW,1.1533,44.99,0.03298,1348.606131
2026-10-04T00:45:07.022Z,LINK,0.7521,19210,14.138,1348.606131
2026-10-04T00:45:07.022Z,DOGE,0.857,126.4,0.09293,1348.606131
2026-10-04T00:45:07.022Z,SUI,0.9604,1608,1.181,1348.606131
2026-10-04T00:45:07.022Z,XLM,0.8386,294,0.21619,1348.606131
2026-10-04T00:45:07.022Z,BCH,0.8374,433400,318.7,1348.606131
2026-10-04T00:45:07.022Z,AVAX,0.4054,15060,11.122,1348.606131
2026-10-04T00:45:07.022Z,ETC,1.0345,12060,8.851,1348.606131
2026-10-04T00:45:07.022Z,AAVE,5.5869,259800,182.45,1348.606131
2026-10-04T00:45:07.022Z,ADA,0.7743,331.2,0.2437,1348.606131
2026-10-04T00:45:07.022Z,HYPE,0.5598,121300,89.444,1348.606131
2026-10-04T00:45:07.022Z,SEI,0.6051,97.85,0.07212,1348.606131
2026-10-04T00:45:07.022Z,HBAR,0.9984,138.4,0.10161,1348.606131
2026-10-04T00:45:07.022Z,ARB,0.9868,276.7,0.20317,1348.606131
2026-10-04T00:45:07.022Z,JTO,0.5729,764.7,0.5638,1348.606131
2026-10-04T00:45:07.022Z,ONDO,0.7932,678.7,0.4993,1348.606131
2026-10-04T00:45:07.022Z,QTUM,0.3254,1335,0.9867,1348.606131
2026-10-04T00:45:07.022Z,PYTH,-3.1126,102.1,0.07814,1348.606131
2026-10-04T00:45:07.022Z,APT,1.4185,1092,0.7984,1348.606131
2026-10-04T00:45:07.022Z,UNI,0.7881,12350,9.086,1348.606131
2026-10-04T00:45:07.022Z,TIA,0.0608,634.5,0.4702,1348.606131
2026-10-04T00:45:07.022Z,ALGO,1.8515,178.4,0.12988,1348.606131
2026-10-04T00:45:07.022Z,NEAR,0.0614,6565,4.865,1348.606131
2026-10-04T00:45:07.022Z,ZIL,-4.8266,4.5,0.003506,1348.606131
2026-10-04T00:45:07.022Z,SUSHI,-2.719,335.2,0.2555,1348.606131
2026-10-04T00:45:07.022Z,PENDLE,-5.6129,3153,2.477,1348.606131
2026-10-04T00:45:07.022Z,XTZ,1.1145,438,0.3212,1348.606131
2026-10-04T00:45:07.022Z,W,-1.6478,18.45,0.01391,1348.606131
2026-10-04T00:45:07.022Z,AR,10.3013,6740,4.531,1348.606131
2026-10-04T00:45:07.022Z,SHIB,1.1145,0.0078,5.72e-06,1348.606131
2026-10-04T00:45:07.022Z,CELO,17.9384,159.8,0.10047,1348.606131
2026-10-04T00:45:07.022Z,STX,0.8859,521.5,0.3833,1348.606131
2026-10-04T00:45:07.022Z,JUP,0.4324,447.1,0.3301,1348.606131
2026-10-04T00:45:07.022Z,PEPE,-0.099,0.0058,4.305e-06,1348.606131
2026-10-04T00:45:07.022Z,DYDX,0.19,200,0.14802,1348.606131
2026-10-04T00:45:07.022Z,KITE,-15.2482,176.2,0.15416,1348.606131
2026-10-04T00:45:07.022Z,CRV,-0.5382,507.7,0.3785,1348.606131
2026-10-04T00:45:07.022Z,ENJ,-1.6688,44,0.03318,1348.606131
2026-10-04T00:45:07.022Z,ATOM,22.0288,2824,1.716,1348.606131
2026-10-04T00:45:07.022Z,ICP,1.4913,4603,3.363,1348.606131
2026-10-04T00:45:07.022Z,SPACE,0.2458,7.176,0.005308,1348.606131
2026-10-04T00:45:07.022Z,DOT,0.6397,1609,1.1855,1348.606131
2026-10-04T00:45:07.022Z,ETHFI,-2.797,944.1,0.7202,1348.606131
2026-10-04T00:45:07.022Z,CC,-0.6911,168,0.12544,1348.606131
2026-10-04T00:45:07.022Z,SYRUP,1.573,350.4,0.2558,1348.606131
2026-10-04T00:45:07.022Z,TAO,-3.1976,400000,306.4,1348.606131
2026-10-04T00:45:07.022Z,GRAM,-0.0557,2042,1.515,1348.606131
2026-10-04T00:45:07.022Z,RAY,-7.0672,2613,2.0849,1348.606131
2026-10-04T00:45:07.022Z,RENDER,-1.8319,2620,1.979,1348.606131
2026-10-04T00:45:07.022Z,GRASS,1.3896,991.6,0.7252,1348.606131
2026-10-04T00:45:07.022Z,MINA,-0.2335,219,0.16277,1348.606131
2026-10-04T00:45:07.022Z,POL,-5.8511,140.2,0.11042,1348.606131
2026-10-04T00:45:07.022Z,ENA,-0.34,321.1,0.23891,1348.606131
2026-10-04T00:45:07.022Z,SAND,-4.4148,94.45,0.07327,1348.606131
2026-10-04T00:45:07.022Z,AERO,-5.4857,1074,0.8426,1348.606131
2026-10-04T00:45:07.022Z,KGEN,-1.6548,213.4,0.1609,1348.606131
2026-10-04T00:45:07.022Z,LIT,3.5575,4977,3.5637,1348.606131
2026-10-04T00:45:07.022Z,MANA,3.2404,143.7,0.10321,1348.606131
2026-10-04T00:45:07.022Z,BAND,-0.7904,299.7,0.224,1348.606131
2026-10-04T00:45:07.022Z,APE,0.3061,219.4,0.16219,1348.606131
2026-10-04T00:45:07.022Z,GMT,2.5641,12.06,0.008719,1348.606131
2026-10-04T00:45:07.022Z,VIRTUAL,-3.6728,1039,0.7998,1348.606131
2026-10-04T00:45:07.022Z,LPT,1.1759,2396,1.756,1348.606131
2026-10-04T00:45:07.022Z,DATA,0.9457,288.2,0.2117,1348.606131
2026-10-04T00:45:07.022Z,THETA,0.8383,308.7,0.227,1348.606131
2026-10-04T00:45:07.022Z,GRT,1.0286,38.49,0.02825,1348.606131
2026-10-04T00:45:07.022Z,LAYER,2.717,107.8,0.07782,1348.606131
2026-10-04T00:45:07.022Z,NMR,-0.6135,15320,11.43,1348.606131
2026-10-04T00:45:07.022Z,EIGEN,-8.5476,321.9,0.261,1348.606131
2026-10-04T00:45:07.022Z,BAT,-5.7381,119.8,0.09424,1348.606131
2026-10-04T00:45:07.022Z,SPK,-4.3551,32.35,0.02508,1348.606131
2026-10-04T00:45:07.022Z,PUMP,3.5623,8.75,0.006265,1348.606131
2026-10-04T00:45:07.022Z,KMNO,-4.9871,52.01,0.04059,1348.606131
2026-10-04T00:45:07.022Z,CHZ,-6.677,21.32,0.01694,1348.606131
2026-10-04T00:45:07.022Z,PENGU,0.8404,12.54,0.009221,1348.606131
2026-10-04T00:45:07.022Z,OP,-5.0497,174.2,0.13604,1348.606131
2026-10-04T00:45:07.022Z,UMA,3.3716,560,0.4017,1348.606131
2026-10-04T00:45:07.022Z,ZRO,0.6253,2721,2.0051,1348.606131
2026-10-04T00:45:07.022Z,S,-6.2688,52.8,0.04177,1348.606131
2026-10-04T00:45:07.022Z,IMX,1.5656,249.7,0.1823,1348.606131
2026-10-04T00:45:07.022Z,A,1.2349,130,0.09522,1348.606131
2026-10-04T00:45:07.022Z,ATH,-3.098,9.4,0.007193,1348.606131
2026-10-04T00:45:07.022Z,COMP,11.4893,38100,25.34,1348.606131
2026-10-04T00:45:07.022Z,CVX,-2.2442,3019,2.29,1348.606131
2026-10-04T00:45:07.022Z,AXS,1.1308,1692,1.2406,1348.606131
2026-10-04T00:45:07.022Z,WCT,-1.9115,57.08,0.04315,1348.606131
2026-10-04T00:45:07.022Z,ME,-1.3685,103.1,0.07751,1348.606131
2026-10-04T00:45:07.022Z,ASTER,3.6927,1000,0.7151,1348.606131
2026-10-04T00:45:07.022Z,GMX,1.5924,11210,8.182,1348.606131
2026-10-04T00:45:07.022Z,MORPHO,-8.8775,3419,2.7822,1348.606131
2026-10-04T00:45:07.022Z,MON,-2.2262,44.7,0.0339,1348.606131
2026-10-04T00:45:07.022Z,1INCH,-2.0532,139,0.10523,1348.606131
2026-10-04T00:45:07.022Z,SKY,-4.0442,118.2,0.09134,1348.606131
2026-10-04T00:45:07.022Z,YGG,5.1483,38.84,0.02739,1348.606131
2026-10-04T00:45:07.022Z,BIO,-1.5996,41.43,0.03122,1348.606131
2026-10-04T00:45:07.022Z,MOVE,-0.6739,13.43,0.010026,1348.606131
2026-10-04T00:45:07.022Z,GALA,-3.4017,3.292,0.002527,1348.606131
2026-10-04T00:45:07.022Z,ZK,-1.3871,17.56,0.013204,1348.606131
2026-10-04T00:45:07.022Z,ENS,0.3412,9260,6.843,1348.606131
2026-10-04T00:45:07.022Z,INJ,-0.2725,10360,7.703,1348.606131
2026-10-04T00:45:07.022Z,KAITO,-4.7855,445.7,0.3471,1348.606131
2026-10-04T00:45:07.022Z,LDO,-3.084,609.2,0.4661,1348.606131
2026-10-04T00:45:07.022Z,BLUR,30.2938,37.48,0.02133,1348.606131
2026-10-04T00:45:07.022Z,AUCTION,1.7754,5110,3.723,1348.606131
2026-10-04T00:45:07.022Z,ZETA,0.1597,66.66,0.04935,1348.606131
2026-10-04T00:45:07.022Z,WIF,0.0315,340.9,0.2527,1348.606131
2026-10-04T00:45:07.022Z,KSM,-3.7838,6750,5.202,1348.606131
2026-10-04T00:45:07.022Z,SNX,-7.6626,315.8,0.2536,1348.606131
2026-10-04T00:45:07.022Z,FET,-2.5543,297,0.226,1348.606131
2026-10-04T00:50:06.989Z,BTC,0.831,115300000,84791.1,1348.606131
2026-10-04T00:50:06.989Z,XRP,0.9039,2025,1.4881,1348.606131
2026-10-04T00:50:06.989Z,SOL,0.7465,163000,119.97,1348.606131
2026-10-04T00:50:06.989Z,ETH,0.8036,3657000,2690.07,1348.606131
2026-10-04T00:50:06.989Z,FIL,1.1717,1446,1.0598,1348.606131
2026-10-04T00:50:06.989Z,TRX,1.729,459.8,0.33515,1348.606131
2026-10-04T00:50:06.989Z,BNB,1.2047,1071000,784.7,1348.606131
2026-10-04T00:50:06.989Z,WLD,1.0953,812.3,0.5958,1348.606131
2026-10-04T00:50:06.989Z,FLOW,1.2454,44.99,0.03295,1348.606131
2026-10-04T00:50:06.989Z,LINK,0.902,19210,14.117,1348.606131
2026-10-04T00:50:06.989Z,DOGE,0.9222,126.4,0.09287,1348.606131
2026-10-04T00:50:06.989Z,SUI,0.8775,1606,1.1805,1348.606131
2026-10-04T00:50:06.989Z,XLM,0.731,293.7,0.2162,1348.606131
2026-10-04T00:50:06.989Z,BCH,1.2504,433400,317.4,1348.606131
2026-10-04T00:50:06.989Z,AVAX,0.541,15060,11.107,1348.606131
2026-10-04T00:50:06.989Z,ETC,1.1831,12060,8.838,1348.606131
2026-10-04T00:50:06.989Z,AAVE,5.7434,259800,182.18,1348.606131
2026-10-04T00:50:06.989Z,ADA,0.8156,331.2,0.2436,1348.606131
2026-10-04T00:50:06.989Z,HYPE,0.6791,121300,89.338,1348.606131
2026-10-04T00:50:06.989Z,SEI,0.8008,97.85,0.07198,1348.606131
2026-10-04T00:50:06.989Z,HBAR,1.1211,138.5,0.10156,1348.606131
2026-10-04T00:50:06.989Z,ARB,0.9618,276.4,0.203,1348.606131
2026-10-04T00:50:06.989Z,JTO,0.7516,764.7,0.5628,1348.606131
2026-10-04T00:50:06.989Z,ONDO,0.8241,678.5,0.499,1348.606131
2026-10-04T00:50:06.989Z,QTUM,0.3865,1335,0.9861,1348.606131
2026-10-04T00:50:06.989Z,PYTH,-2.9885,102.1,0.07804,1348.606131
2026-10-04T00:50:06.989Z,APT,1.6221,1092,0.7968,1348.606131
2026-10-04T00:50:06.989Z,UNI,0.8174,12340,9.076,1348.606131
2026-10-04T00:50:06.989Z,TIA,0.3168,634.5,0.469,1348.606131
2026-10-04T00:50:06.989Z,ALGO,1.93,178.4,0.12978,1348.606131
2026-10-04T00:50:06.989Z,NEAR,0.3295,6565,4.852,1348.606131
2026-10-04T00:50:06.989Z,ZIL,-4.6635,4.5,0.0035,1348.606131
2026-10-04T00:50:06.989Z,SUSHI,-2.4518,335.2,0.2548,1348.606131
2026-10-04T00:50:06.989Z,PENDLE,-5.4219,3153,2.472,1348.606131
2026-10-04T00:50:06.989Z,XTZ,1.2721,438,0.3207,1348.606131
2026-10-04T00:50:06.989Z,W,-1.9509,18.45,0.013953,1348.606131
2026-10-04T00:50:06.989Z,AR,10.5942,6740,4.519,1348.606131
2026-10-04T00:50:06.989Z,SHIB,1.1676,0.0078,5.717e-06,1348.606131
2026-10-04T00:50:06.989Z,CELO,17.868,159.8,0.10053,1348.606131
2026-10-04T00:50:06.989Z,STX,0.8333,521.5,0.3835,1348.606131
2026-10-04T00:50:06.989Z,JUP,0.4324,447.1,0.3301,1348.606131
2026-10-04T00:50:06.989Z,PEPE,-0.0526,0.0058,4.303e-06,1348.606131
2026-10-04T00:50:06.989Z,DYDX,0.3392,200,0.1478,1348.606131
2026-10-04T00:50:06.989Z,KITE,-15.6422,176.2,0.15488,1348.606131
2026-10-04T00:50:06.989Z,CRV,-0.5382,507.7,0.3785,1348.606131
2026-10-04T00:50:06.989Z,ENJ,-1.3119,44,0.03306,1348.606131
2026-10-04T00:50:06.989Z,ATOM,22.0999,2824,1.715,1348.606131
2026-10-04T00:50:06.989Z,ICP,1.4009,4603,3.366,1348.606131
2026-10-04T00:50:06.989Z,SPACE,0.2458,7.176,0.005308,1348.606131
2026-10-04T00:50:06.989Z,DOT,0.6992,1609,1.1848,1348.606131
2026-10-04T00:50:06.989Z,ETHFI,-2.743,944.1,0.7198,1348.606131
2026-10-04T00:50:06.989Z,CC,1.3693,171.8,0.12567,1348.606131
2026-10-04T00:50:06.989Z,SYRUP,1.7321,350.4,0.2554,1348.606131
2026-10-04T00:50:06.989Z,TAO,-2.8806,400000,305.4,1348.606131
2026-10-04T00:50:06.989Z,GRAM,-0.0557,2042,1.515,1348.606131
2026-10-04T00:50:06.989Z,RAY,-6.8796,2613,2.0807,1348.606131
2026-10-04T00:50:06.989Z,RENDER,-1.3333,2620,1.969,1348.606131
2026-10-04T00:50:06.989Z,GRASS,1.5296,991.6,0.7242,1348.606131
2026-10-04T00:50:06.989Z,MINA,-0.1967,219,0.16271,1348.606131
2026-10-04T00:50:06.989Z,POL,-5.6032,140.2,0.11013,1348.606131
2026-10-04T00:50:06.989Z,ENA,-0.3358,321.1,0.2389,1348.606131
2026-10-04T00:50:06.989Z,SAND,-4.0875,94.45,0.07302,1348.606131
2026-10-04T00:50:06.989Z,AERO,-5.6648,1074,0.8442,1348.606131
2026-10-04T00:50:06.989Z,KGEN,-1.4711,213.4,0.1606,1348.606131
2026-10-04T00:50:06.989Z,LIT,3.6243,4977,3.5614,1348.606131
2026-10-04T00:50:06.989Z,MANA,3.5615,143.7,0.10289,1348.606131
2026-10-04T00:50:06.989Z,BAND,-0.9231,299.7,0.2243,1348.606131
2026-10-04T00:50:06.989Z,APE,0.4858,219.4,0.1619,1348.606131
2026-10-04T00:50:06.989Z,GMT,2.5994,12.06,0.008716,1348.606131
2026-10-04T00:50:06.989Z,VIRTUAL,-3.6005,1039,0.7992,1348.606131
2026-10-04T00:50:06.989Z,LPT,1.2913,2396,1.754,1348.606131
2026-10-04T00:50:06.989Z,DATA,1.089,288.2,0.2114,1348.606131
2026-10-04T00:50:06.989Z,THETA,0.8828,308.7,0.2269,1348.606131
2026-10-04T00:50:06.989Z,GRT,1.136,38.49,0.02822,1348.606131
2026-10-04T00:50:06.989Z,LAYER,2.4275,107.8,0.07804,1348.606131
2026-10-04T00:50:06.989Z,NMR,-0.6483,15320,11.434,1348.606131
2026-10-04T00:50:06.989Z,EIGEN,-8.5476,321.9,0.261,1348.606131
2026-10-04T00:50:06.989Z,BAT,-5.658,119.8,0.09416,1348.606131
2026-10-04T00:50:06.989Z,SPK,-4.3933,32.35,0.02509,1348.606131
2026-10-04T00:50:06.989Z,PUMP,3.315,8.75,0.00628,1348.606131
2026-10-04T00:50:06.989Z,KMNO,-4.8229,52.01,0.04052,1348.606131
2026-10-04T00:50:06.989Z,CHZ,-6.677,21.32,0.01694,1348.606131
2026-10-04T00:50:06.989Z,PENGU,0.9389,12.54,0.009212,1348.606131
2026-10-04T00:50:06.989Z,OP,-4.8118,174.2,0.1357,1348.606131
2026-10-04T00:50:06.989Z,UMA,3.3201,560,0.4019,1348.606131
2026-10-04T00:50:06.989Z,ZRO,0.6504,2721,2.0046,1348.606131
2026-10-04T00:50:06.989Z,S,-5.7725,52.8,0.04155,1348.606131
2026-10-04T00:50:06.989Z,IMX,1.7778,249.7,0.18192,1348.606131
2026-10-04T00:50:06.989Z,A,1.2455,130,0.09521,1348.606131
2026-10-04T00:50:06.989Z,ATH,-2.76,9.4,0.007168,1348.606131
2026-10-04T00:50:06.989Z,COMP,11.5774,38100,25.32,1348.606131
2026-10-04T00:50:06.989Z,CVX,-2.2015,3019,2.289,1348.606131
2026-10-04T00:50:06.989Z,AXS,1.1145,1692,1.2408,1348.606131
2026-10-04T00:50:06.989Z,WCT,-1.7293,57.08,0.04307,1348.606131
2026-10-04T00:50:06.989Z,ME,-1.1644,103.1,0.07735,1348.606131
2026-10-04T00:50:06.989Z,ASTER,3.7217,1000,0.7149,1348.606131
2026-10-04T00:50:06.989Z,GMX,1.456,11210,8.193,1348.606131
2026-10-04T00:50:06.989Z,MORPHO,-8.8218,3419,2.7805,1348.606131
2026-10-04T00:50:06.989Z,MON,-2.8281,44.7,0.03411,1348.606131
2026-10-04T00:50:06.989Z,1INCH,-2.109,139,0.10529,1348.606131
2026-10-04T00:50:06.989Z,SKY,-3.7597,118.2,0.09107,1348.606131
2026-10-04T00:50:06.989Z,YGG,5.4949,38.84,0.0273,1348.606131
2026-10-04T00:50:06.989Z,BIO,-1.4101,41.43,0.03116,1348.606131
2026-10-04T00:50:06.989Z,MOVE,0.3874,13.43,0.00992,1348.606131
2026-10-04T00:50:06.989Z,GALA,-3.2102,3.292,0.002522,1348.606131
2026-10-04T00:50:06.989Z,ZK,-1.3721,17.56,0.013202,1348.606131
2026-10-04T00:50:06.989Z,ENS,0.4587,9260,6.835,1348.606131
2026-10-04T00:50:06.989Z,INJ,-0.1429,10360,7.693,1348.606131
2026-10-04T00:50:06.989Z,KAITO,-4.5656,445.7,0.3463,1348.606131
2026-10-04T00:50:06.989Z,LDO,-3.0632,609.2,0.466,1348.606131
2026-10-04T00:50:06.989Z,BLUR,30.3549,37.48,0.02132,1348.606131
2026-10-04T00:50:06.989Z,AUCTION,1.8301,5110,3.721,1348.606131
2026-10-04T00:50:06.989Z,ZETA,0.2206,66.66,0.04932,1348.606131
2026-10-04T00:50:06.989Z,WIF,0.2298,340.9,0.2522,1348.606131
2026-10-04T00:50:06.989Z,KSM,-3.7283,6750,5.199,1348.606131
2026-10-04T00:50:06.989Z,SNX,-7.6262,315.8,0.2535,1348.606131
2026-10-04T00:50:06.989Z,FET,-2.2515,297,0.2253,1348.606131
2026-10-04T00:55:06.925Z,BTC,0.8158,115270000,84781.8,1348.606131
2026-10-04T00:55:06.925Z,XRP,0.8584,2023,1.4873,1348.606131
2026-10-04T00:55:06.925Z,SOL,0.6793,163000,120.05,1348.606131
2026-10-04T00:55:06.925Z,ETH,0.8783,3661000,2691.02,1348.606131
2026-10-04T00:55:06.925Z,FIL,1.0477,1443,1.0589,1348.606131
2026-10-04T00:55:06.925Z,TRX,1.6769,459.4,0.33503,1348.606131
2026-10-04T00:55:06.925Z,BNB,1.1531,1071000,785.1,1348.606131
2026-10-04T00:55:06.925Z,WLD,0.8937,810,0.5953,1348.606131
2026-10-04T00:55:06.925Z,FLOW,1.7395,44.99,0.03279,1348.606131
2026-10-04T00:55:06.925Z,LINK,0.9306,19210,14.113,1348.606131
2026-10-04T00:55:06.925Z,DOGE,0.8167,126.2,0.09282,1348.606131
2026-10-04T00:55:06.925Z,SUI,0.9117,1606,1.1801,1348.606131
2026-10-04T00:55:06.925Z,XLM,0.8089,293.9,0.21618,1348.606131
2026-10-04T00:55:06.925Z,BCH,1.3143,433400,317.2,1348.606131
2026-10-04T00:55:06.925Z,AVAX,0.6588,15060,11.094,1348.606131
2026-10-04T00:55:06.925Z,ETC,1.2252,12050,8.827,1348.606131
2026-10-04T00:55:06.925Z,AAVE,5.6622,259800,182.32,1348.606131
2026-10-04T00:55:06.925Z,ADA,0.9289,331.3,0.2434,1348.606131
2026-10-04T00:55:06.925Z,HYPE,0.8163,121400,89.29,1348.606131
2026-10-04T00:55:06.925Z,SEI,0.941,97.85,0.07188,1348.606131
2026-10-04T00:55:06.925Z,HBAR,1.1012,138.5,0.10158,1348.606131
2026-10-04T00:55:06.925Z,ARB,0.917,276.4,0.20309,1348.606131
2026-10-04T00:55:06.925Z,JTO,0.7695,764.7,0.5627,1348.606131
2026-10-04T00:55:06.925Z,ONDO,0.9657,678.5,0.4983,1348.606131
2026-10-04T00:55:06.925Z,QTUM,0.5394,1335,0.9846,1348.606131
2026-10-04T00:55:06.925Z,PYTH,-2.9387,102.1,0.078,1348.606131
2026-10-04T00:55:06.925Z,APT,0.8307,1082,0.7957,1348.606131
2026-10-04T00:55:06.925Z,UNI,0.9064,12340,9.068,1348.606131
2026-10-04T00:55:06.925Z,TIA,0.5311,634.5,0.468,1348.606131
2026-10-04T00:55:06.925Z,ALGO,2.0165,178.4,0.12967,1348.606131
2026-10-04T00:55:06.925Z,NEAR,-0.3524,6515,4.848,1348.606131
2026-10-04T00:55:06.925Z,ZIL,-4.4451,4.5,0.003492,1348.606131
2026-10-04T00:55:06.925Z,SUSHI,-2.4135,335.2,0.2547,1348.606131
2026-10-04T00:55:06.925Z,PENDLE,-5.1534,3153,2.465,1348.606131
2026-10-04T00:55:06.925Z,XTZ,1.5254,438,0.3199,1348.606131
2026-10-04T00:55:06.925Z,W,-1.8665,18.45,0.013941,1348.606131
2026-10-04T00:55:06.925Z,AR,10.6677,6740,4.516,1348.606131
2026-10-04T00:55:06.925Z,SHIB,1.2738,0.0078,5.711e-06,1348.606131
2026-10-04T00:55:06.925Z,CELO,18.7659,159.8,0.09977,1348.606131
2026-10-04T00:55:06.925Z,STX,0.9649,521.5,0.383,1348.606131
2026-10-04T00:55:06.925Z,JUP,0.5848,447.1,0.3296,1348.606131
2026-10-04T00:55:06.925Z,PEPE,-0.0061,0.0058,4.301e-06,1348.606131
2026-10-04T00:55:06.925Z,DYDX,0.516,200,0.14754,1348.606131
2026-10-04T00:55:06.925Z,KITE,-15.5112,176.2,0.15464,1348.606131
2026-10-04T00:55:06.925Z,CRV,-0.4857,507.7,0.3783,1348.606131
2026-10-04T00:55:06.925Z,ENJ,-1.379,44.01,0.03309,1348.606131
2026-10-04T00:55:06.925Z,ATOM,22.3139,2824,1.712,1348.606131
2026-10-04T00:55:06.925Z,ICP,0.4896,4605,3.398,1348.606131
2026-10-04T00:55:06.925Z,SPACE,0.3404,7.176,0.005303,1348.606131
2026-10-04T00:55:06.925Z,DOT,0.8098,1609,1.1835,1348.606131
2026-10-04T00:55:06.925Z,ETHFI,-2.797,944.1,0.7202,1348.606131
2026-10-04T00:55:06.925Z,CC,1.4016,171.8,0.12563,1348.606131
2026-10-04T00:55:06.925Z,SYRUP,1.6525,350.4,0.2556,1348.606131
2026-10-04T00:55:06.925Z,TAO,-2.6895,400000,304.8,1348.606131
2026-10-04T00:55:06.925Z,GRAM,0.0103,2042,1.514,1348.606131
2026-10-04T00:55:06.925Z,RAY,-6.7002,2613,2.0767,1348.606131
2026-10-04T00:55:06.925Z,RENDER,-1.4335,2620,1.971,1348.606131
2026-10-04T00:55:06.925Z,GRASS,1.8813,991.6,0.7217,1348.606131
2026-10-04T00:55:06.925Z,MINA,0.08,219,0.16226,1348.606131
2026-10-04T00:55:06.925Z,POL,-5.6717,140.2,0.11021,1348.606131
2026-10-04T00:55:06.925Z,ENA,-0.2732,321.1,0.23875,1348.606131
2026-10-04T00:55:06.925Z,SAND,-4.6361,94.45,0.07344,1348.606131
2026-10-04T00:55:06.925Z,AERO,-5.2608,1074,0.8406,1348.606131
2026-10-04T00:55:06.925Z,KGEN,-1.5324,213.4,0.1607,1348.606131
2026-10-04T00:55:06.925Z,LIT,3.703,4977,3.5587,1348.606131
2026-10-04T00:55:06.925Z,MANA,3.1605,143.7,0.10329,1348.606131
2026-10-04T00:55:06.925Z,BAND,-0.6574,299.7,0.2237,1348.606131
2026-10-04T00:55:06.925Z,APE,0.6661,219.4,0.16161,1348.606131
2026-10-04T00:55:06.925Z,GMT,2.7881,12.06,0.0087,1348.606131
2026-10-04T00:55:06.925Z,VIRTUAL,-3.3465,1039,0.7971,1348.606131
2026-10-04T00:55:06.925Z,LPT,1.5228,2396,1.75,1348.606131
2026-10-04T00:55:06.925Z,DATA,1.3287,288.2,0.2109,1348.606131
2026-10-04T00:55:06.925Z,THETA,1.1502,308.7,0.2263,1348.606131
2026-10-04T00:55:06.925Z,GRT,1.2796,38.49,0.02818,1348.606131
2026-10-04T00:55:06.925Z,LAYER,2.48,107.8,0.078,1348.606131
2026-10-04T00:55:06.925Z,NMR,-0.5613,15320,11.424,1348.606131
2026-10-04T00:55:06.925Z,EIGEN,-8.4423,321.9,0.2607,1348.606131
2026-10-04T00:55:06.925Z,BAT,-5.4471,119.8,0.09395,1348.606131
2026-10-04T00:55:06.925Z,SPK,-4.1641,32.35,0.02503,1348.606131
2026-10-04T00:55:06.925Z,PUMP,3.2821,8.75,0.006282,1348.606131
2026-10-04T00:55:06.925Z,KMNO,-4.6111,52.01,0.04043,1348.606131
2026-10-04T00:55:06.925Z,CHZ,-6.3453,21.32,0.01688,1348.606131
2026-10-04T00:55:06.925Z,PENGU,1.0376,12.54,0.009203,1348.606131
2026-10-04T00:55:06.925Z,OP,-4.7486,174.2,0.13561,1348.606131
2026-10-04T00:55:06.925Z,UMA,3.5004,560,0.4012,1348.606131
2026-10-04T00:55:06.925Z,ZRO,1.4654,2721,1.9885,1348.606131
2026-10-04T00:55:06.925Z,S,-4.555,52.8,0.04102,1348.606131
2026-10-04T00:55:06.925Z,IMX,1.8674,249.7,0.18176,1348.606131
2026-10-04T00:55:06.925Z,A,1.4052,130,0.09506,1348.606131
2026-10-04T00:55:06.925Z,ATH,-2.3514,9.4,0.007138,1348.606131
2026-10-04T00:55:06.925Z,COMP,11.6656,38100,25.3,1348.606131
2026-10-04T00:55:06.925Z,CVX,-2.3295,3019,2.292,1348.606131
2026-10-04T00:55:06.925Z,AXS,0.6602,1692,1.2464,1348.606131
2026-10-04T00:55:06.925Z,WCT,-1.4548,57.08,0.04295,1348.606131
2026-10-04T00:55:06.925Z,ME,-0.9339,103.1,0.07717,1348.606131
2026-10-04T00:55:06.925Z,ASTER,3.7072,1000,0.715,1348.606131
2026-10-04T00:55:06.925Z,GMX,1.7789,11210,8.167,1348.606131
2026-10-04T00:55:06.925Z,MORPHO,-8.848,3419,2.7813,1348.606131
2026-10-04T00:55:06.925Z,MON,-2.7426,44.7,0.03408,1348.606131
2026-10-04T00:55:06.925Z,1INCH,-2.0625,139,0.10524,1348.606131
2026-10-04T00:55:06.925Z,SKY,-3.8442,118.2,0.09115,1348.606131
2026-10-04T00:55:06.925Z,YGG,5.4177,38.84,0.02732,1348.606131
2026-10-04T00:55:06.925Z,BIO,-1.2199,41.43,0.0311,1348.606131
2026-10-04T00:55:06.925Z,MOVE,0.135,13.43,0.009945,1348.606131
2026-10-04T00:55:06.925Z,GALA,-3.1718,3.292,0.002521,1348.606131
2026-10-04T00:55:06.925Z,ZK,-1.0574,17.56,0.01316,1348.606131
2026-10-04T00:55:06.925Z,ENS,0.6501,9260,6.822,1348.606131
2026-10-04T00:55:06.925Z,INJ,-0.1948,10360,7.697,1348.606131
2026-10-04T00:55:06.925Z,KAITO,-4.6207,445.7,0.3465,1348.606131
2026-10-04T00:55:06.925Z,LDO,-2.8965,609.2,0.4652,1348.606131
2026-10-04T00:55:06.925Z,BLUR,30.6613,37.48,0.02127,1348.606131
2026-10-04T00:55:06.925Z,AUCTION,2.0495,5110,3.713,1348.606131
2026-10-04T00:55:06.925Z,ZETA,0.3427,66.66,0.04926,1348.606131
2026-10-04T00:55:06.925Z,WIF,0.2298,340.9,0.2522,1348.606131
2026-10-04T00:55:06.925Z,KSM,-3.6356,6750,5.194,1348.606131
2026-10-04T00:55:06.925Z,SNX,-7.4436,315.8,0.253,1348.606131
2026-10-04T00:55:06.925Z,FET,-2.1212,297,0.225,1348.606131
2026-10-04T01:00:06.949Z,BTC,0.777,115200000,84762.9,1348.606131
2026-10-04T01:00:06.949Z,XRP,0.8018,2022,1.4874,1348.606131
2026-10-04T01:00:06.949Z,SOL,0.674,163100,120.13,1348.606131
2026-10-04T01:00:06.949Z,ETH,0.7593,3658000,2691.99,1348.606131
2026-10-04T01:00:06.949Z,FIL,0.9618,1443,1.0598,1348.606131
2026-10-04T01:00:06.949Z,TRX,1.5435,459.4,0.33547,1348.606131
2026-10-04T01:00:06.949Z,BNB,1.1531,1071000,785.1,1348.606131
2026-10-04T01:00:06.949Z,WLD,1.0295,810,0.5945,1348.606131
2026-10-04T01:00:06.949Z,FLOW,1.6155,44.99,0.03283,1348.606131
2026-10-04T01:00:06.949Z,LINK,0.8663,19210,14.122,1348.606131
2026-10-04T01:00:06.949Z,DOGE,0.7733,126.2,0.09286,1348.606131
2026-10-04T01:00:06.949Z,SUI,0.9117,1606,1.1801,1348.606131
2026-10-04T01:00:06.949Z,XLM,0.8819,293.8,0.21595,1348.606131
2026-10-04T01:00:06.949Z,BCH,1.3782,433400,317,1348.606131
2026-10-04T01:00:06.949Z,AVAX,0.7314,15060,11.086,1348.606131
2026-10-04T01:00:06.949Z,ETC,1.2711,12050,8.823,1348.606131
2026-10-04T01:00:06.949Z,AAVE,5.6506,259800,182.34,1348.606131
2026-10-04T01:00:06.949Z,ADA,0.94,331.2,0.2433,1348.606131
2026-10-04T01:00:06.949Z,HYPE,0.6889,121400,89.403,1348.606131
2026-10-04T01:00:06.949Z,SEI,0.9129,97.85,0.0719,1348.606131
2026-10-04T01:00:06.949Z,HBAR,1.0614,138.5,0.10162,1348.606131
2026-10-04T01:00:06.949Z,ARB,1.0264,276.4,0.20287,1348.606131
2026-10-04T01:00:06.949Z,JTO,0.8501,763,0.561,1348.606131
2026-10-04T01:00:06.949Z,ONDO,0.7837,678.5,0.4992,1348.606131
2026-10-04T01:00:06.949Z,QTUM,0.5292,1335,0.9847,1348.606131
2026-10-04T01:00:06.949Z,PYTH,-2.9387,102.1,0.078,1348.606131
2026-10-04T01:00:06.949Z,APT,0.7674,1082,0.7962,1348.606131
2026-10-04T01:00:06.949Z,UNI,0.873,12340,9.071,1348.606131
2026-10-04T01:00:06.949Z,TIA,0.3382,634.5,0.4689,1348.606131
2026-10-04T01:00:06.949Z,ALGO,1.7575,178.4,0.13,1348.606131
2026-10-04T01:00:06.949Z,NEAR,-0.4551,6515,4.853,1348.606131
2026-10-04T01:00:06.949Z,ZIL,-4.4724,4.5,0.003493,1348.606131
2026-10-04T01:00:06.949Z,SUSHI,-2.49,335.2,0.2549,1348.606131
2026-10-04T01:00:06.949Z,PENDLE,-5.1534,3153,2.465,1348.606131
2026-10-04T01:00:06.949Z,XTZ,1.3986,438,0.3203,1348.606131
2026-10-04T01:00:06.949Z,W,-1.8172,18.45,0.013934,1348.606131
2026-10-04T01:00:06.949Z,AR,10.7658,6740,4.512,1348.606131
2026-10-04T01:00:06.949Z,SHIB,1.203,0.0078,5.715e-06,1348.606131
2026-10-04T01:00:06.949Z,CELO,18.6945,159.8,0.09983,1348.606131
2026-10-04T01:00:06.949Z,STX,0.8859,521.5,0.3833,1348.606131
2026-10-04T01:00:06.949Z,JUP,0.4324,447.1,0.3301,1348.606131
2026-10-04T01:00:06.949Z,PEPE,-0.0526,0.0058,4.303e-06,1348.606131
2026-10-04T01:00:06.949Z,DYDX,0.3799,200,0.14774,1348.606131
2026-10-04T01:00:06.949Z,KITE,-15.4128,176.2,0.15446,1348.606131
2026-10-04T01:00:06.949Z,CRV,-0.3803,507.7,0.3779,1348.606131
2026-10-04T01:00:06.949Z,ENJ,-1.5575,44.01,0.03315,1348.606131
2026-10-04T01:00:06.949Z,ATOM,22.2425,2824,1.713,1348.606131
2026-10-04T01:00:06.949Z,ICP,0.5488,4605,3.396,1348.606131
2026-10-04T01:00:06.949Z,SPACE,0.3214,7.176,0.005304,1348.606131
2026-10-04T01:00:06.949Z,DOT,0.8353,1609,1.1832,1348.606131
2026-10-04T01:00:06.949Z,ETHFI,-2.8914,944.1,0.7209,1348.606131
2026-10-04T01:00:06.949Z,CC,0.7281,171.8,0.12647,1348.606131
2026-10-04T01:00:06.949Z,SYRUP,1.772,350.4,0.2553,1348.606131
2026-10-04T01:00:06.949Z,TAO,-3.0394,400000,305.9,1348.606131
2026-10-04T01:00:06.949Z,GRAM,0.0764,2042,1.513,1348.606131
2026-10-04T01:00:06.949Z,RAY,-6.7721,2613,2.0783,1348.606131
2026-10-04T01:00:06.949Z,RENDER,-1.3834,2620,1.97,1348.606131
2026-10-04T01:00:06.949Z,GRASS,1.5858,991.6,0.7238,1348.606131
2026-10-04T01:00:06.949Z,MINA,0.346,219,0.16183,1348.606131
2026-10-04T01:00:06.949Z,POL,-5.6118,140.2,0.11014,1348.606131
2026-10-04T01:00:06.949Z,ENA,-0.2314,321.1,0.23865,1348.606131
2026-10-04T01:00:06.949Z,SAND,0.898,101.7,0.07474,1348.606131
2026-10-04T01:00:06.949Z,AERO,-5.1479,1074,0.8396,1348.606131
2026-10-04T01:00:06.949Z,KGEN,-1.5324,213.4,0.1607,1348.606131
2026-10-04T01:00:06.949Z,LIT,3.7817,4977,3.556,1348.606131
2026-10-04T01:00:06.949Z,MANA,2.5351,143.7,0.10392,1348.606131
2026-10-04T01:00:06.949Z,BAND,-0.5685,299.7,0.2235,1348.606131
2026-10-04T01:00:06.949Z,APE,0.43,219.4,0.16199,1348.606131
2026-10-04T01:00:06.949Z,GMT,2.5994,12.06,0.008716,1348.606131
2026-10-04T01:00:06.949Z,VIRTUAL,-3.4434,1039,0.7979,1348.606131
2026-10-04T01:00:06.949Z,LPT,1.5809,2396,1.749,1348.606131
2026-10-04T01:00:06.949Z,DATA,1.3287,288.2,0.2109,1348.606131
2026-10-04T01:00:06.949Z,THETA,1.1056,308.7,0.2264,1348.606131
2026-10-04T01:00:06.949Z,GRT,1.2077,38.49,0.0282,1348.606131
2026-10-04T01:00:06.949Z,LAYER,2.5457,107.8,0.07795,1348.606131
2026-10-04T01:00:06.949Z,NMR,-0.7784,15320,11.449,1348.606131
2026-10-04T01:00:06.949Z,EIGEN,-8.7573,321.9,0.2616,1348.606131
2026-10-04T01:00:06.949Z,BAT,-5.5677,119.8,0.09407,1348.606131
2026-10-04T01:00:06.949Z,SPK,-4.2406,32.35,0.02505,1348.606131
2026-10-04T01:00:06.949Z,PUMP,3.6451,8.75,0.00626,1348.606131
2026-10-04T01:00:06.949Z,KMNO,-4.7053,52.01,0.04047,1348.606131
2026-10-04T01:00:06.949Z,CHZ,-6.3453,21.32,0.01688,1348.606131
2026-10-04T01:00:06.949Z,PENGU,1.0705,12.54,0.0092,1348.606131
2026-10-04T01:00:06.949Z,OP,-4.5938,174.2,0.13539,1348.606131
2026-10-04T01:00:06.949Z,UMA,3.5004,560,0.4012,1348.606131
2026-10-04T01:00:06.949Z,ZRO,0.7761,2721,2.0021,1348.606131
2026-10-04T01:00:06.949Z,S,-4.8797,52.8,0.04116,1348.606131
2026-10-04T01:00:06.949Z,IMX,1.7275,249.7,0.18201,1348.606131
2026-10-04T01:00:06.949Z,A,1.5227,130,0.09495,1348.606131
2026-10-04T01:00:06.949Z,ATH,-2.6514,9.4,0.00716,1348.606131
2026-10-04T01:00:06.949Z,COMP,11.6656,38100,25.3,1348.606131
2026-10-04T01:00:06.949Z,CVX,-2.2869,3019,2.291,1348.606131
2026-10-04T01:00:06.949Z,AXS,0.6602,1692,1.2464,1348.606131
2026-10-04T01:00:06.949Z,WCT,-1.5464,57.08,0.04299,1348.606131
2026-10-04T01:00:06.949Z,ME,-1.2028,103.1,0.07738,1348.606131
2026-10-04T01:00:06.949Z,ASTER,3.6347,1000,0.7155,1348.606131
2026-10-04T01:00:06.949Z,GMX,1.8663,11210,8.16,1348.606131
2026-10-04T01:00:06.949Z,MORPHO,-8.6411,3419,2.775,1348.606131
2026-10-04T01:00:06.949Z,MON,-3.5632,44.7,0.03437,1348.606131
2026-10-04T01:00:06.949Z,1INCH,-2.0998,139,0.10528,1348.606131
2026-10-04T01:00:06.949Z,SKY,-3.9495,118.2,0.09125,1348.606131
2026-10-04T01:00:06.949Z,YGG,5.1483,38.84,0.02739,1348.606131
2026-10-04T01:00:06.949Z,BIO,-1.2199,41.43,0.0311,1348.606131
2026-10-04T01:00:06.949Z,MOVE,-1.0883,13.43,0.010068,1348.606131
2026-10-04T01:00:06.949Z,GALA,-3.4017,3.292,0.002527,1348.606131
2026-10-04T01:00:06.949Z,ZK,-1.0874,17.56,0.013164,1348.606131
2026-10-04T01:00:06.949Z,ENS,0.6206,9260,6.824,1348.606131
2026-10-04T01:00:06.949Z,INJ,0.4184,10360,7.65,1348.606131
2026-10-04T01:00:06.949Z,KAITO,-4.6482,445.7,0.3466,1348.606131
2026-10-04T01:00:06.949Z,LDO,-3.0007,609.2,0.4657,1348.606131
2026-10-04T01:00:06.949Z,BLUR,30.4773,37.48,0.0213,1348.606131
2026-10-04T01:00:06.949Z,AUCTION,1.9945,5110,3.715,1348.606131
2026-10-04T01:00:06.949Z,ZETA,0.4855,66.66,0.04919,1348.606131
2026-10-04T01:00:06.949Z,WIF,0.3093,340.9,0.252,1348.606131
2026-10-04T01:00:06.949Z,KSM,-3.7653,6750,5.201,1348.606131
2026-10-04T01:00:06.949Z,SNX,-7.5167,315.8,0.2532,1348.606131
2026-10-04T01:00:06.949Z,FET,-2.1646,297,0.2251,1348.606131
2026-10-04T01:05:06.927Z,BTC,0.8212,115210000,84733.1,1348.606131
2026-10-04T01:05:06.927Z,XRP,0.8493,2022,1.4867,1348.606131
2026-10-04T01:05:06.927Z,SOL,0.7388,163300,120.2,1348.606131
2026-10-04T01:05:06.927Z,ETH,0.7799,3658000,2691.44,1348.606131
2026-10-04T01:05:06.927Z,FIL,1.1145,1443,1.0582,1348.606131
2026-10-04T01:05:06.927Z,TRX,1.5526,459.4,0.33544,1348.606131
2026-10-04T01:05:06.927Z,BNB,1.2563,1071000,784.3,1348.606131
2026-10-04T01:05:06.927Z,WLD,0.9873,808.3,0.5935,1348.606131
2026-10-04T01:05:06.927Z,FLOW,1.6155,44.99,0.03283,1348.606131
2026-10-04T01:05:06.927Z,LINK,0.8806,19210,14.12,1348.606131
2026-10-04T01:05:06.927Z,DOGE,0.8385,126.2,0.0928,1348.606131
2026-10-04T01:05:06.927Z,SUI,0.8197,1601,1.1775,1348.606131
2026-10-04T01:05:06.927Z,XLM,1.027,293.8,0.21564,1348.606131
2026-10-04T01:05:06.927Z,BCH,1.2185,433400,317.5,1348.606131
2026-10-04T01:05:06.927Z,AVAX,0.7496,15060,11.084,1348.606131
2026-10-04T01:05:06.927Z,ETC,0.9653,12000,8.813,1348.606131
2026-10-04T01:05:06.927Z,AAVE,5.6101,259800,182.41,1348.606131
2026-10-04T01:05:06.927Z,ADA,0.94,331.2,0.2433,1348.606131
2026-10-04T01:05:06.927Z,HYPE,0.6194,121300,89.391,1348.606131
2026-10-04T01:05:06.927Z,SEI,1.2085,97.85,0.07169,1348.606131
2026-10-04T01:05:06.927Z,HBAR,1.2208,138.5,0.10146,1348.606131
2026-10-04T01:05:06.927Z,ARB,0.8361,274.9,0.20215,1348.606131
2026-10-04T01:05:06.927Z,JTO,0.999,762.9,0.5601,1348.606131
2026-10-04T01:05:06.927Z,ONDO,0.8039,678.5,0.4991,1348.606131
2026-10-04T01:05:06.927Z,QTUM,0.5496,1335,0.9845,1348.606131
2026-10-04T01:05:06.927Z,PYTH,-3.2365,102.1,0.07824,1348.606131
2026-10-04T01:05:06.927Z,APT,0.8941,1082,0.7952,1348.606131
2026-10-04T01:05:06.927Z,UNI,1.1071,12340,9.05,1348.606131
2026-10-04T01:05:06.927Z,TIA,0.2527,634.5,0.4693,1348.606131
2026-10-04T01:05:06.927Z,ALGO,1.8201,178.4,0.12992,1348.606131
2026-10-04T01:05:06.927Z,NEAR,-0.1258,6515,4.837,1348.606131
2026-10-04T01:05:06.927Z,ZIL,-4.3629,4.5,0.003489,1348.606131
2026-10-04T01:05:06.927Z,SUSHI,-2.3368,335.2,0.2545,1348.606131
2026-10-04T01:05:06.927Z,PENDLE,-4.9606,3153,2.46,1348.606131
2026-10-04T01:05:06.927Z,XTZ,1.3986,438,0.3203,1348.606131
2026-10-04T01:05:06.927Z,W,-2.2801,18.45,0.014,1348.606131
2026-10-04T01:05:06.927Z,AR,10.5453,6740,4.521,1348.606131
2026-10-04T01:05:06.927Z,SHIB,1.3093,0.0078,5.709e-06,1348.606131
2026-10-04T01:05:06.927Z,CELO,18.5639,159.8,0.09994,1348.606131
2026-10-04T01:05:06.927Z,STX,1.2557,521.5,0.3819,1348.606131
2026-10-04T01:05:06.927Z,JUP,0.3109,447.1,0.3305,1348.606131
2026-10-04T01:05:06.927Z,PEPE,0.087,0.0058,4.297e-06,1348.606131
2026-10-04T01:05:06.927Z,DYDX,0.3188,200,0.14783,1348.606131
2026-10-04T01:05:06.927Z,KITE,-15.5877,176.2,0.15478,1348.606131
2026-10-04T01:05:06.927Z,CRV,-0.4067,507.7,0.378,1348.606131
2026-10-04T01:05:06.927Z,ENJ,-1.5278,44.01,0.03314,1348.606131
2026-10-04T01:05:06.927Z,ATOM,22.3854,2824,1.711,1348.606131
2026-10-04T01:05:06.927Z,ICP,1.1744,4605,3.375,1348.606131
2026-10-04T01:05:06.927Z,SPACE,0.5869,7.176,0.00529,1348.606131
2026-10-04T01:05:06.927Z,DOT,0.9206,1609,1.1822,1348.606131
2026-10-04T01:05:06.927Z,ETHFI,-2.797,944.1,0.7202,1348.606131
2026-10-04T01:05:06.927Z,CC,1.2163,171.8,0.12586,1348.606131
2026-10-04T01:05:06.927Z,SYRUP,1.6923,350.4,0.2555,1348.606131
2026-10-04T01:05:06.927Z,TAO,-2.7214,400000,304.9,1348.606131
2026-10-04T01:05:06.927Z,GRAM,0.0764,2042,1.513,1348.606131
2026-10-04T01:05:06.927Z,RAY,-6.7945,2613,2.0788,1348.606131
2026-10-04T01:05:06.927Z,RENDER,-0.9813,2620,1.962,1348.606131
2026-10-04T01:05:06.927Z,GRASS,1.7404,991.6,0.7227,1348.606131
2026-10-04T01:05:06.927Z,MINA,0.1294,219,0.16218,1348.606131
2026-10-04T01:05:06.927Z,POL,-5.6375,140.2,0.11017,1348.606131
2026-10-04T01:05:06.927Z,ENA,-0.3233,321.1,0.23887,1348.606131
2026-10-04T01:05:06.927Z,SAND,2.1195,103,0.07479,1348.606131
2026-10-04T01:05:06.927Z,AERO,-5.114,1074,0.8393,1348.606131
2026-10-04T01:05:06.927Z,KGEN,-1.3482,213.4,0.1604,1348.606131
2026-10-04T01:05:06.927Z,LIT,4.1213,4977,3.5444,1348.606131
2026-10-04T01:05:06.927Z,MANA,3.0707,143.7,0.10338,1348.606131
2026-10-04T01:05:06.927Z,BAND,-0.6129,299.7,0.2236,1348.606131
2026-10-04T01:05:06.927Z,APE,0.2752,219.4,0.16224,1348.606131
2026-10-04T01:05:06.927Z,GMT,2.3411,12.06,0.008738,1348.606131
2026-10-04T01:05:06.927Z,VIRTUAL,-3.1399,1039,0.7954,1348.606131
2026-10-04T01:05:06.927Z,LPT,1.7554,2396,1.746,1348.606131
2026-10-04T01:05:06.927Z,DATA,1.4248,288.2,0.2107,1348.606131
2026-10-04T01:05:06.927Z,THETA,1.0609,308.7,0.2265,1348.606131
2026-10-04T01:05:06.927Z,GRT,1.3155,38.49,0.02817,1348.606131
2026-10-04T01:05:06.927Z,LAYER,2.5984,107.8,0.07791,1348.606131
2026-10-04T01:05:06.927Z,NMR,-0.8217,15320,11.454,1348.606131
2026-10-04T01:05:06.927Z,EIGEN,-9.3808,321.9,0.2634,1348.606131
2026-10-04T01:05:06.927Z,BAT,-5.3665,119.8,0.09387,1348.606131
2026-10-04T01:05:06.927Z,SPK,-4.0107,32.35,0.02499,1348.606131
2026-10-04T01:05:06.927Z,PUMP,3.9773,8.75,0.00624,1348.606131
2026-10-04T01:05:06.927Z,KMNO,-4.5875,52.01,0.04042,1348.606131
2026-10-04T01:05:06.927Z,CHZ,-6.5667,21.32,0.01692,1348.606131
2026-10-04T01:05:06.927Z,PENGU,1.2576,12.54,0.009183,1348.606131
2026-10-04T01:05:06.927Z,OP,-4.5163,174.2,0.13528,1348.606131
2026-10-04T01:05:06.927Z,UMA,3.552,560,0.401,1348.606131
2026-10-04T01:05:06.927Z,ZRO,1.1753,2721,1.9942,1348.606131
2026-10-04T01:05:06.927Z,S,-4.6944,52.8,0.04108,1348.606131
2026-10-04T01:05:06.927Z,IMX,1.5044,249.7,0.18241,1348.606131
2026-10-04T01:05:06.927Z,A,1.5441,130,0.09493,1348.606131
2026-10-04T01:05:06.927Z,ATH,-2.9766,9.4,0.007184,1348.606131
2026-10-04T01:05:06.927Z,COMP,11.6656,38100,25.3,1348.606131
2026-10-04T01:05:06.927Z,CVX,-2.2442,3019,2.29,1348.606131
2026-10-04T01:05:06.927Z,AXS,0.6683,1692,1.2463,1348.606131
2026-10-04T01:05:06.927Z,WCT,-1.7065,57.08,0.04306,1348.606131
2026-10-04T01:05:06.927Z,ME,-1.1133,103.1,0.07731,1348.606131
2026-10-04T01:05:06.927Z,ASTER,3.8088,1000,0.7143,1348.606131
2026-10-04T01:05:06.927Z,GMX,2.1793,11210,8.135,1348.606131
2026-10-04T01:05:06.927Z,MORPHO,-8.6477,3419,2.7752,1348.606131
2026-10-04T01:05:06.927Z,MON,-3.4508,44.7,0.03433,1348.606131
2026-10-04T01:05:06.927Z,1INCH,-2.0439,139,0.10522,1348.606131
2026-10-04T01:05:06.927Z,SKY,-4.2329,118.2,0.09152,1348.606131
2026-10-04T01:05:06.927Z,YGG,5.2635,38.84,0.02736,1348.606131
2026-10-04T01:05:06.927Z,BIO,-1.1245,41.43,0.03107,1348.606131
2026-10-04T01:05:06.927Z,MOVE,-0.7037,13.43,0.010029,1348.606131
2026-10-04T01:05:06.927Z,GALA,-3.2486,3.292,0.002523,1348.606131
2026-10-04T01:05:06.927Z,ZK,-0.8992,17.56,0.013139,1348.606131
2026-10-04T01:05:06.927Z,ENS,0.6206,9260,6.824,1348.606131
2026-10-04T01:05:06.927Z,INJ,0.4841,10360,7.645,1348.606131
2026-10-04T01:05:06.927Z,KAITO,-4.7855,445.7,0.3471,1348.606131
2026-10-04T01:05:06.927Z,LDO,-2.8756,609.2,0.4651,1348.606131
2026-10-04T01:05:06.927Z,BLUR,30.416,37.48,0.02131,1348.606131
2026-10-04T01:05:06.927Z,AUCTION,1.9945,5110,3.715,1348.606131
2026-10-04T01:05:06.927Z,ZETA,0.2003,66.66,0.04933,1348.606131
2026-10-04T01:05:06.927Z,WIF,0.3492,340.9,0.2519,1348.606131
2026-10-04T01:05:06.927Z,KSM,-3.7653,6750,5.201,1348.606131
2026-10-04T01:05:06.927Z,SNX,-7.5167,315.8,0.2532,1348.606131
2026-10-04T01:05:06.927Z,FET,-1.8595,297,0.2244,1348.606131
2026-10-04T01:10:07.177Z,BTC,0.8105,115196000,84731.8,1348.606131
2026-10-04T01:10:07.177Z,XRP,0.8991,2023,1.4867,1348.606131
2026-10-04T01:10:07.177Z,SOL,0.9461,163500,120.1,1348.606131
2026-10-04T01:10:07.177Z,ETH,0.8088,3660000,2692.14,1348.606131
2026-10-04T01:10:07.177Z,FIL,0.9523,1443,1.0599,1348.606131
2026-10-04T01:10:07.177Z,TRX,1.5133,459.4,0.33557,1348.606131
2026-10-04T01:10:07.177Z,BNB,1.3209,1071000,783.8,1348.606131
2026-10-04T01:10:07.177Z,WLD,0.7184,809,0.5956,1348.606131
2026-10-04T01:10:07.177Z,FLOW,1.5536,44.99,0.03285,1348.606131
2026-10-04T01:10:07.177Z,LINK,0.9235,19210,14.114,1348.606131
2026-10-04T01:10:07.177Z,DOGE,0.8276,126.2,0.09281,1348.606131
2026-10-04T01:10:07.177Z,SUI,0.6146,1601,1.1799,1348.606131
2026-10-04T01:10:07.177Z,XLM,1.0082,293.8,0.21568,1348.606131
2026-10-04T01:10:07.177Z,BCH,1.1867,433400,317.6,1348.606131
2026-10-04T01:10:07.177Z,AVAX,0.7496,15060,11.084,1348.606131
2026-10-04T01:10:07.177Z,ETC,0.9539,12000,8.814,1348.606131
2026-10-04T01:10:07.177Z,AAVE,5.5696,259800,182.48,1348.606131
2026-10-04T01:10:07.177Z,ADA,0.7743,331.2,0.2437,1348.606131
2026-10-04T01:10:07.177Z,HYPE,0.5508,121300,89.452,1348.606131
2026-10-04T01:10:07.177Z,SEI,1.1239,97.85,0.07175,1348.606131
2026-10-04T01:10:07.177Z,HBAR,1.151,138.5,0.10153,1348.606131
2026-10-04T01:10:07.177Z,ARB,0.9909,274.9,0.20184,1348.606131
2026-10-04T01:10:07.177Z,JTO,0.8724,761.4,0.5597,1348.606131
2026-10-04T01:10:07.177Z,ONDO,0.9049,678.5,0.4986,1348.606131
2026-10-04T01:10:07.177Z,QTUM,0.57,1335,0.9843,1348.606131
2026-10-04T01:10:07.177Z,PYTH,-3.187,102.1,0.0782,1348.606131
2026-10-04T01:10:07.177Z,APT,0.8135,1081,0.7951,1348.606131
2026-10-04T01:10:07.177Z,UNI,1.1741,12340,9.044,1348.606131
2026-10-04T01:10:07.177Z,TIA,0.0395,634.5,0.4703,1348.606131
2026-10-04T01:10:07.177Z,ALGO,1.4376,178.4,0.13041,1348.606131
2026-10-04T01:10:07.177Z,NEAR,-0.0638,6515,4.834,1348.606131
2026-10-04T01:10:07.177Z,ZIL,-4.308,4.5,0.003487,1348.606131
2026-10-04T01:10:07.177Z,SUSHI,-2.2984,335.2,0.2544,1348.606131
2026-10-04T01:10:07.177Z,PENDLE,-4.8058,3153,2.456,1348.606131
2026-10-04T01:10:07.177Z,XTZ,1.4303,438,0.3202,1348.606131
2026-10-04T01:10:07.177Z,W,-2.3219,18.45,0.014006,1348.606131
2026-10-04T01:10:07.177Z,AR,11.1353,6740,4.497,1348.606131
2026-10-04T01:10:07.177Z,SHIB,1.3448,0.0078,5.707e-06,1348.606131
2026-10-04T01:10:07.177Z,CELO,18.5876,159.8,0.09992,1348.606131
2026-10-04T01:10:07.177Z,STX,1.4949,521.5,0.381,1348.606131
2026-10-04T01:10:07.177Z,JUP,0.3109,447.1,0.3305,1348.606131
2026-10-04T01:10:07.177Z,PEPE,0.1802,0.0058,4.293e-06,1348.606131
2026-10-04T01:10:07.177Z,DYDX,0.3731,200,0.14775,1348.606131
2026-10-04T01:10:07.177Z,KITE,-15.9136,176.2,0.15538,1348.606131
2026-10-04T01:10:07.177Z,CRV,-0.4067,507.7,0.378,1348.606131
2026-10-04T01:10:07.177Z,ENJ,-2.2065,44.01,0.03337,1348.606131
2026-10-04T01:10:07.177Z,ATOM,22.3854,2824,1.711,1348.606131
2026-10-04T01:10:07.177Z,ICP,1.3245,4605,3.37,1348.606131
2026-10-04T01:10:07.177Z,SPACE,0.5489,7.176,0.005292,1348.606131
2026-10-04T01:10:07.177Z,DOT,0.9206,1609,1.1822,1348.606131
2026-10-04T01:10:07.177Z,ETHFI,-2.8105,944.1,0.7203,1348.606131
2026-10-04T01:10:07.177Z,CC,0.8876,171.8,0.12627,1348.606131
2026-10-04T01:10:07.177Z,SYRUP,1.6525,350.4,0.2556,1348.606131
2026-10-04T01:10:07.177Z,TAO,-2.8488,400000,305.3,1348.606131
2026-10-04T01:10:07.177Z,GRAM,-0.0557,2042,1.515,1348.606131
2026-10-04T01:10:07.177Z,RAY,-6.8841,2613,2.0808,1348.606131
2026-10-04T01:10:07.177Z,RENDER,-1.0821,2620,1.964,1348.606131
2026-10-04T01:10:07.177Z,GRASS,2.0086,991.6,0.7208,1348.606131
2026-10-04T01:10:07.177Z,MINA,-0.0493,219,0.16247,1348.606131
2026-10-04T01:10:07.177Z,POL,-5.5946,140.2,0.11012,1348.606131
2026-10-04T01:10:07.177Z,ENA,-0.365,321.1,0.23897,1348.606131
2026-10-04T01:10:07.177Z,SAND,2.6548,103,0.0744,1348.606131
2026-10-04T01:10:07.177Z,AERO,-4.9782,1074,0.8381,1348.606131
2026-10-04T01:10:07.177Z,KGEN,-1.3482,213.4,0.1604,1348.606131
2026-10-04T01:10:07.177Z,LIT,4.3038,4977,3.5382,1348.606131
2026-10-04T01:10:07.177Z,MANA,2.6536,143.7,0.1038,1348.606131
2026-10-04T01:10:07.177Z,BAND,-0.6574,299.7,0.2237,1348.606131
2026-10-04T01:10:07.177Z,APE,0.337,219.4,0.16214,1348.606131
2026-10-04T01:10:07.177Z,GMT,2.4466,12.06,0.008729,1348.606131
2026-10-04T01:10:07.177Z,VIRTUAL,-3.3222,1039,0.7969,1348.606131
2026-10-04T01:10:07.177Z,LPT,1.5228,2396,1.75,1348.606131
2026-10-04T01:10:07.177Z,DATA,1.473,288.2,0.2106,1348.606131
2026-10-04T01:10:07.177Z,THETA,1.2397,308.7,0.2261,1348.606131
2026-10-04T01:10:07.177Z,GRT,1.3875,38.49,0.02815,1348.606131
2026-10-04T01:10:07.177Z,LAYER,2.6247,107.8,0.07789,1348.606131
2026-10-04T01:10:07.177Z,NMR,-0.4916,15320,11.416,1348.606131
2026-10-04T01:10:07.177Z,EIGEN,-9.3808,321.9,0.2634,1348.606131
2026-10-04T01:10:07.177Z,BAT,-5.4974,119.8,0.094,1348.606131
2026-10-04T01:10:07.177Z,SPK,-3.9338,32.35,0.02497,1348.606131
2026-10-04T01:10:07.177Z,PUMP,4.1609,8.75,0.006229,1348.606131
2026-10-04T01:10:07.177Z,KMNO,-4.6582,52.01,0.04045,1348.606131
2026-10-04T01:10:07.177Z,CHZ,-6.6219,21.32,0.01693,1348.606131
2026-10-04T01:10:07.177Z,PENGU,1.2576,12.54,0.009183,1348.606131
2026-10-04T01:10:07.177Z,OP,-4.5374,174.2,0.13531,1348.606131
2026-10-04T01:10:07.177Z,UMA,3.6037,560,0.4008,1348.606131
2026-10-04T01:10:07.177Z,ZRO,0.8315,2721,2.001,1348.606131
2026-10-04T01:10:07.177Z,S,-5.0872,52.8,0.04125,1348.606131
2026-10-04T01:10:07.177Z,IMX,1.6102,249.7,0.18222,1348.606131
2026-10-04T01:10:07.177Z,A,1.78,130,0.09471,1348.606131
2026-10-04T01:10:07.177Z,ATH,-2.6378,9.4,0.007159,1348.606131
2026-10-04T01:10:07.177Z,COMP,11.4893,38100,25.34,1348.606131
2026-10-04T01:10:07.177Z,CVX,-2.2442,3019,2.29,1348.606131
2026-10-04T01:10:07.177Z,AXS,0.4024,1692,1.2496,1348.606131
2026-10-04T01:10:07.177Z,WCT,-1.7293,57.08,0.04307,1348.606131
2026-10-04T01:10:07.177Z,ME,-1.0365,103.1,0.07725,1348.606131
2026-10-04T01:10:07.177Z,ASTER,3.7943,1000,0.7144,1348.606131
2026-10-04T01:10:07.177Z,GMX,1.9537,11210,8.153,1348.606131
2026-10-04T01:10:07.177Z,MORPHO,-8.4299,3419,2.7686,1348.606131
2026-10-04T01:10:07.177Z,MON,-3.9266,44.7,0.0345,1348.606131
2026-10-04T01:10:07.177Z,1INCH,-1.9321,139,0.1051,1348.606131
2026-10-04T01:10:07.177Z,SKY,-4.3687,118.2,0.09165,1348.606131
2026-10-04T01:10:07.177Z,YGG,4.9949,38.84,0.02743,1348.606131
2026-10-04T01:10:07.177Z,BIO,-1.1881,41.43,0.03109,1348.606131
2026-10-04T01:10:07.177Z,MOVE,-0.7927,13.43,0.010038,1348.606131
2026-10-04T01:10:07.177Z,GALA,-3.3635,3.292,0.002526,1348.606131
2026-10-04T01:10:07.177Z,ZK,-0.7103,17.56,0.013114,1348.606131
2026-10-04T01:10:07.177Z,ENS,0.6648,9260,6.821,1348.606131
2026-10-04T01:10:07.177Z,INJ,0.3397,10360,7.656,1348.606131
2026-10-04T01:10:07.177Z,KAITO,-4.7306,445.7,0.3469,1348.606131
2026-10-04T01:10:07.177Z,LDO,-3.0007,609.2,0.4657,1348.606131
2026-10-04T01:10:07.177Z,BLUR,30.3549,37.48,0.02132,1348.606131
2026-10-04T01:10:07.177Z,AUCTION,1.9945,5110,3.715,1348.606131
2026-10-04T01:10:07.177Z,ZETA,-0.0024,66.66,0.04943,1348.606131
2026-10-04T01:10:07.177Z,WIF,0.4289,340.9,0.2517,1348.606131
2026-10-04T01:10:07.177Z,KSM,-3.6727,6750,5.196,1348.606131
2026-10-04T01:10:07.177Z,SNX,-7.5167,315.8,0.2532,1348.606131
2026-10-04T01:10:07.177Z,FET,-1.7719,297,0.2242,1348.606131
2026-10-04T01:15:06.997Z,BTC,0.8131,115200000,84732.6,1348.606131
2026-10-04T01:15:06.997Z,XRP,0.7907,2023,1.4883,1348.606131
2026-10-04T01:15:06.997Z,SOL,0.9797,163500,120.06,1348.606131
2026-10-04T01:15:06.997Z,ETH,0.8047,3660000,2692.25,1348.606131
2026-10-04T01:15:06.997Z,FIL,0.8097,1443,1.0614,1348.606131
2026-10-04T01:15:06.997Z,TRX,1.5133,459.4,0.33557,1348.606131
2026-10-04T01:15:06.997Z,BNB,1.3468,1071000,783.6,1348.606131
2026-10-04T01:15:06.997Z,WLD,0.8603,811.5,0.5966,1348.606131
2026-10-04T01:15:06.997Z,FLOW,1.5536,44.99,0.03285,1348.606131
2026-10-04T01:15:06.997Z,LINK,0.7308,19210,14.141,1348.606131
2026-10-04T01:15:06.997Z,DOGE,0.795,126.2,0.09284,1348.606131
2026-10-04T01:15:06.997Z,SUI,0.8263,1606,1.1811,1348.606131
2026-10-04T01:15:06.997Z,XLM,0.9474,293.8,0.21581,1348.606131
2026-10-04T01:15:06.997Z,BCH,1.1867,433400,317.6,1348.606131
2026-10-04T01:15:06.997Z,AVAX,0.6769,15060,11.092,1348.606131
2026-10-04T01:15:06.997Z,ETC,0.9424,12000,8.815,1348.606131
2026-10-04T01:15:06.997Z,AAVE,5.7028,259800,182.25,1348.606131
2026-10-04T01:15:06.997Z,ADA,0.7329,331.2,0.2438,1348.606131
2026-10-04T01:15:06.997Z,HYPE,0.525,121300,89.475,1348.606131
2026-10-04T01:15:06.997Z,SEI,0.633,97.85,0.0721,1348.606131
2026-10-04T01:15:06.997Z,HBAR,1.0614,138.5,0.10162,1348.606131
2026-10-04T01:15:06.997Z,ARB,1.1061,274.9,0.20161,1348.606131
2026-10-04T01:15:06.997Z,JTO,0.6566,761.4,0.5609,1348.606131
2026-10-04T01:15:06.997Z,ONDO,0.8847,678.5,0.4987,1348.606131
2026-10-04T01:15:06.997Z,QTUM,0.5496,1335,0.9845,1348.606131
2026-10-04T01:15:06.997Z,PYTH,-3.187,102.1,0.0782,1348.606131
2026-10-04T01:15:06.997Z,APT,0.6742,1081,0.7962,1348.606131
2026-10-04T01:15:06.997Z,UNI,1.2861,12340,9.034,1348.606131
2026-10-04T01:15:06.997Z,TIA,-0.0455,634.5,0.4707,1348.606131
2026-10-04T01:15:06.997Z,ALGO,1.4142,178.4,0.13044,1348.606131
2026-10-04T01:15:06.997Z,NEAR,-0.3113,6515,4.846,1348.606131
2026-10-04T01:15:06.997Z,ZIL,-4.3629,4.5,0.003489,1348.606131
2026-10-04T01:15:06.997Z,SUSHI,-2.5665,335.2,0.2551,1348.606131
2026-10-04T01:15:06.997Z,PENDLE,-4.8445,3153,2.457,1348.606131
2026-10-04T01:15:06.997Z,XTZ,1.3037,438,0.3206,1348.606131
2026-10-04T01:15:06.997Z,W,-2.4195,18.45,0.01402,1348.606131
2026-10-04T01:15:06.997Z,AR,10.9133,6740,4.506,1348.606131
2026-10-04T01:15:06.997Z,SHIB,1.3093,0.0078,5.709e-06,1348.606131
2026-10-04T01:15:06.997Z,CELO,18.7064,159.8,0.09982,1348.606131
2026-10-04T01:15:06.997Z,STX,1.8156,521.5,0.3798,1348.606131
2026-10-04T01:15:06.997Z,JUP,0.3412,447.1,0.3304,1348.606131
2026-10-04T01:15:06.997Z,PEPE,0.1336,0.0058,4.295e-06,1348.606131
2026-10-04T01:15:06.997Z,DYDX,0.3867,200,0.14773,1348.606131
2026-10-04T01:15:06.997Z,KITE,-15.9028,176.2,0.15536,1348.606131
2026-10-04T01:15:06.997Z,CRV,-0.4593,507.7,0.3782,1348.606131
2026-10-04T01:15:06.997Z,ENJ,-1.7353,44.01,0.03321,1348.606131
2026-10-04T01:15:06.997Z,ATOM,22.0999,2824,1.715,1348.606131
2026-10-04T01:15:06.997Z,ICP,1.4751,4605,3.365,1348.606131
2026-10-04T01:15:06.997Z,SPACE,0.5489,7.176,0.005292,1348.606131
2026-10-04T01:15:06.997Z,DOT,0.6142,1609,1.1858,1348.606131
2026-10-04T01:15:06.997Z,ETHFI,-2.9587,944.1,0.7214,1348.606131
2026-10-04T01:15:06.997Z,CC,0.8477,171.8,0.12632,1348.606131
2026-10-04T01:15:06.997Z,SYRUP,1.6525,350.4,0.2556,1348.606131
2026-10-04T01:15:06.997Z,TAO,-2.9442,400000,305.6,1348.606131
2026-10-04T01:15:06.997Z,GRAM,-0.1216,2042,1.516,1348.606131
2026-10-04T01:15:06.997Z,RAY,-6.7721,2613,2.0783,1348.606131
2026-10-04T01:15:06.997Z,RENDER,-0.9813,2620,1.962,1348.606131
2026-10-04T01:15:06.997Z,GRASS,2.0369,991.6,0.7206,1348.606131
2026-10-04T01:15:06.997Z,MINA,-0.0801,219,0.16252,1348.606131
2026-10-04T01:15:06.997Z,POL,-5.7316,140.2,0.11028,1348.606131
2026-10-04T01:15:06.997Z,ENA,-0.5606,321.1,0.23944,1348.606131
2026-10-04T01:15:06.997Z,SAND,3.4053,103,0.07386,1348.606131
2026-10-04T01:15:06.997Z,AERO,-4.9782,1074,0.8381,1348.606131
2026-10-04T01:15:06.997Z,KGEN,-1.3482,213.4,0.1604,1348.606131
2026-10-04T01:15:06.997Z,LIT,4.2596,4977,3.5397,1348.606131
2026-10-04T01:15:06.997Z,MANA,2.9114,143.7,0.10354,1348.606131
2026-10-04T01:15:06.997Z,BAND,-0.9673,299.7,0.2244,1348.606131
2026-10-04T01:15:06.997Z,APE,0.3247,219.4,0.16216,1348.606131
2026-10-04T01:15:06.997Z,GMT,2.2358,12.06,0.008747,1348.606131
2026-10-04T01:15:06.997Z,VIRTUAL,-3.757,1039,0.8005,1348.606131
2026-10-04T01:15:06.997Z,LPT,1.5809,2396,1.749,1348.606131
2026-10-04T01:15:06.997Z,DATA,1.5212,288.2,0.2105,1348.606131
2026-10-04T01:15:06.997Z,THETA,1.1056,308.7,0.2264,1348.606131
2026-10-04T01:15:06.997Z,GRT,1.0644,38.49,0.02824,1348.606131
2026-10-04T01:15:06.997Z,LAYER,2.717,107.8,0.07782,1348.606131
2026-10-04T01:15:06.997Z,NMR,-0.8391,15320,11.456,1348.606131
2026-10-04T01:15:06.997Z,EIGEN,-9.5525,321.9,0.2639,1348.606131
2026-10-04T01:15:06.997Z,BAT,-5.5878,119.8,0.09409,1348.606131
2026-10-04T01:15:06.997Z,SPK,-3.6637,32.35,0.0249,1348.606131
2026-10-04T01:15:06.997Z,PUMP,3.4468,8.75,0.006272,1348.606131
2026-10-04T01:15:06.997Z,KMNO,-4.5875,52.01,0.04042,1348.606131
2026-10-04T01:15:06.997Z,CHZ,-6.677,21.32,0.01694,1348.606131
2026-10-04T01:15:06.997Z,PENGU,1.2246,12.54,0.009186,1348.606131
2026-10-04T01:15:06.997Z,OP,-4.5021,174.2,0.13526,1348.606131
2026-10-04T01:15:06.997Z,UMA,3.6037,560,0.4008,1348.606131
2026-10-04T01:15:06.997Z,ZRO,0.9122,2721,1.9994,1348.606131
2026-10-04T01:15:06.997Z,S,-5.9084,52.8,0.04161,1348.606131
2026-10-04T01:15:06.997Z,IMX,1.0005,249.7,0.18332,1348.606131
2026-10-04T01:15:06.997Z,A,1.3946,130,0.09507,1348.606131
2026-10-04T01:15:06.997Z,ATH,-2.6922,9.4,0.007163,1348.606131
2026-10-04T01:15:06.997Z,COMP,11.3575,38100,25.37,1348.606131
2026-10-04T01:15:06.997Z,CVX,-2.4997,3019,2.296,1348.606131
2026-10-04T01:15:06.997Z,AXS,-1.1792,1692,1.2696,1348.606131
2026-10-04T01:15:06.997Z,WCT,-1.6837,57.08,0.04305,1348.606131
2026-10-04T01:15:06.997Z,ME,-1.0877,103.1,0.07729,1348.606131
2026-10-04T01:15:06.997Z,ASTER,3.7507,1000,0.7147,1348.606131
2026-10-04T01:15:06.997Z,GMX,1.8538,11210,8.161,1348.606131
2026-10-04T01:15:06.997Z,MORPHO,-8.5125,3419,2.7711,1348.606131
2026-10-04T01:15:06.997Z,MON,-3.5912,44.7,0.03438,1348.606131
2026-10-04T01:15:06.997Z,1INCH,-2.1648,139,0.10535,1348.606131
2026-10-04T01:15:06.997Z,SKY,-4.6911,118.2,0.09196,1348.606131
2026-10-04T01:15:06.997Z,YGG,4.7658,38.84,0.02749,1348.606131
2026-10-04T01:15:06.997Z,BIO,-1.2517,41.43,0.03111,1348.606131
2026-10-04T01:15:06.997Z,MOVE,-0.4754,13.43,0.010006,1348.606131
2026-10-04T01:15:06.997Z,GALA,-4.0095,3.292,0.002543,1348.606131
2026-10-04T01:15:06.997Z,ZK,-1.215,17.56,0.013181,1348.606131
2026-10-04T01:15:06.997Z,ENS,0.6796,9260,6.82,1348.606131
2026-10-04T01:15:06.997Z,INJ,0.2219,10360,7.665,1348.606131
2026-10-04T01:15:06.997Z,KAITO,-4.7032,445.7,0.3468,1348.606131
2026-10-04T01:15:06.997Z,LDO,-3.1047,609.2,0.4662,1348.606131
2026-10-04T01:15:06.997Z,BLUR,30.3549,37.48,0.02132,1348.606131
2026-10-04T01:15:06.997Z,AUCTION,1.8575,5110,3.72,1348.606131
2026-10-04T01:15:06.997Z,ZETA,-0.1438,66.66,0.0495,1348.606131
2026-10-04T01:15:06.997Z,WIF,0.4289,340.9,0.2517,1348.606131
2026-10-04T01:15:06.997Z,KSM,-3.8023,6750,5.203,1348.606131
2026-10-04T01:15:06.997Z,SNX,-7.5167,315.8,0.2532,1348.606131
2026-10-04T01:15:06.997Z,FET,-2.0776,297,0.2249,1348.606131
2026-10-04T01:20:06.960Z,BTC,0.8262,115138000,84676,1348.606131
2026-10-04T01:20:06.960Z,XRP,0.8197,2021,1.4864,1348.606131
2026-10-04T01:20:06.960Z,SOL,0.8365,163200,120.01,1348.606131
2026-10-04T01:20:06.960Z,ETH,0.8348,3657000,2689.24,1348.606131
2026-10-04T01:20:06.960Z,FIL,1.4487,1449,1.0591,1348.606131
2026-10-04T01:20:06.960Z,TRX,1.5163,459.4,0.33556,1348.606131
2026-10-04T01:20:06.960Z,BNB,1.4374,1071000,782.9,1348.606131
2026-10-04T01:20:06.960Z,WLD,0.911,811.5,0.5963,1348.606131
2026-10-04T01:20:06.960Z,FLOW,1.8326,44.99,0.03276,1348.606131
2026-10-04T01:20:06.960Z,LINK,0.9471,19190,14.096,1348.606131
2026-10-04T01:20:06.960Z,DOGE,0.969,126.2,0.09268,1348.606131
2026-10-04T01:20:06.960Z,SUI,0.8509,1600,1.1764,1348.606131
2026-10-04T01:20:06.960Z,XLM,1.1536,293.8,0.21537,1348.606131
2026-10-04T01:20:06.960Z,BCH,1.5704,433400,316.4,1348.606131
2026-10-04T01:20:06.960Z,AVAX,0.9044,15060,11.067,1348.606131
2026-10-04T01:20:06.960Z,ETC,1.126,12000,8.799,1348.606131
2026-10-04T01:20:06.960Z,AAVE,5.6796,259800,182.29,1348.606131
2026-10-04T01:20:06.960Z,ADA,2.5669,336.4,0.2432,1348.606131
2026-10-04T01:20:06.960Z,HYPE,0.6667,121300,89.349,1348.606131
2026-10-04T01:20:06.960Z,SEI,0.8849,97.85,0.07192,1348.606131
2026-10-04T01:20:06.960Z,HBAR,1.2707,138.5,0.10141,1348.606131
2026-10-04T01:20:06.960Z,ARB,0.45,272.1,0.20086,1348.606131
2026-10-04T01:20:06.960Z,JTO,0.9807,761.4,0.5591,1348.606131
2026-10-04T01:20:06.960Z,ONDO,1.1077,678.5,0.4976,1348.606131
2026-10-04T01:20:06.960Z,QTUM,0.6826,1335,0.9832,1348.606131
2026-10-04T01:20:06.960Z,PYTH,-2.8889,102.1,0.07796,1348.606131
2026-10-04T01:20:06.960Z,APT,0.8262,1081,0.795,1348.606131
2026-10-04T01:20:06.960Z,UNI,1.4433,12340,9.02,1348.606131
2026-10-04T01:20:06.960Z,TIA,0.381,634.5,0.4687,1348.606131
2026-10-04T01:20:06.960Z,ALGO,1.9143,178.4,0.1298,1348.606131
2026-10-04T01:20:06.960Z,NEAR,0.3722,6515,4.813,1348.606131
2026-10-04T01:20:06.960Z,ZIL,-4.1431,4.5,0.003481,1348.606131
2026-10-04T01:20:06.960Z,SUSHI,-2.1445,335.2,0.254,1348.606131
2026-10-04T01:20:06.960Z,PENDLE,-5.0378,3153,2.462,1348.606131
2026-10-04T01:20:06.960Z,XTZ,1.4937,438,0.32,1348.606131
2026-10-04T01:20:06.960Z,W,-2.3149,18.45,0.014005,1348.606131
2026-10-04T01:20:06.960Z,AR,11.3581,6740,4.488,1348.606131
2026-10-04T01:20:06.960Z,SHIB,1.4693,0.0078,5.7e-06,1348.606131
2026-10-04T01:20:06.960Z,CELO,19.208,159.8,0.0994,1348.606131
2026-10-04T01:20:06.960Z,STX,1.8692,521.5,0.3796,1348.606131
2026-10-04T01:20:06.960Z,JUP,0.5543,447.1,0.3297,1348.606131
2026-10-04T01:20:06.960Z,PEPE,0.3907,0.0058,4.284e-06,1348.606131
2026-10-04T01:20:06.960Z,DYDX,0.5364,200,0.14751,1348.606131
2026-10-04T01:20:06.960Z,KITE,-15.9028,176.2,0.15536,1348.606131
2026-10-04T01:20:06.960Z,CRV,-0.1425,507.7,0.377,1348.606131
2026-10-04T01:20:06.960Z,ENJ,-1.3193,44.01,0.03307,1348.606131
2026-10-04T01:20:06.960Z,ATOM,22.3854,2824,1.711,1348.606131
2026-10-04T01:20:06.960Z,ICP,1.8079,4605,3.354,1348.606131
2026-10-04T01:20:06.960Z,SPACE,0.6631,7.176,0.005286,1348.606131
2026-10-04T01:20:06.960Z,DOT,1.0061,1609,1.1812,1348.606131
2026-10-04T01:20:06.960Z,ETHFI,-2.7159,944.1,0.7196,1348.606131
2026-10-04T01:20:06.960Z,CC,1.1038,171.8,0.126,1348.606131
2026-10-04T01:20:06.960Z,SYRUP,2.0117,350.4,0.2547,1348.606131
2026-10-04T01:20:06.960Z,TAO,-2.6895,400000,304.8,1348.606131
2026-10-04T01:20:06.960Z,GRAM,-0.0557,2042,1.515,1348.606131
2026-10-04T01:20:06.960Z,RAY,-6.5923,2613,2.0743,1348.606131
2026-10-04T01:20:06.960Z,RENDER,-0.6268,2620,1.955,1348.606131
2026-10-04T01:20:06.960Z,GRASS,1.8813,991.6,0.7217,1348.606131
2026-10-04T01:20:06.960Z,MINA,0.4577,219,0.16165,1348.606131
2026-10-04T01:20:06.960Z,POL,-5.397,140.2,0.10989,1348.606131
2026-10-04T01:20:06.960Z,ENA,-0.4275,321.1,0.23912,1348.606131
2026-10-04T01:20:06.960Z,SAND,4.1243,103,0.07335,1348.606131
2026-10-04T01:20:06.960Z,AERO,-4.8419,1074,0.8369,1348.606131
2026-10-04T01:20:06.960Z,KGEN,-1.3482,213.4,0.1604,1348.606131
2026-10-04T01:20:06.960Z,LIT,4.4691,4977,3.5326,1348.606131
2026-10-04T01:20:06.960Z,MANA,3.1205,143.7,0.10333,1348.606131
2026-10-04T01:20:06.960Z,BAND,-0.9673,299.7,0.2244,1348.606131
2026-10-04T01:20:06.960Z,APE,0.4548,219.4,0.16195,1348.606131
2026-10-04T01:20:06.960Z,GMT,2.5406,12.06,0.008721,1348.606131
2026-10-04T01:20:06.960Z,VIRTUAL,-3.3101,1039,0.7968,1348.606131
2026-10-04T01:20:06.960Z,LPT,1.8721,2396,1.744,1348.606131
2026-10-04T01:20:06.960Z,DATA,1.6661,288.2,0.2102,1348.606131
2026-10-04T01:20:06.960Z,THETA,1.4641,308.7,0.2256,1348.606131
2026-10-04T01:20:06.960Z,GRT,1.2796,38.49,0.02818,1348.606131
2026-10-04T01:20:06.960Z,LAYER,2.7963,107.8,0.07776,1348.606131
2026-10-04T01:20:06.960Z,NMR,-0.9774,15320,11.472,1348.606131
2026-10-04T01:20:06.960Z,EIGEN,-9.1739,321.9,0.2628,1348.606131
2026-10-04T01:20:06.960Z,BAT,-5.3665,119.8,0.09387,1348.606131
2026-10-04T01:20:06.960Z,SPK,-3.6637,32.35,0.0249,1348.606131
2026-10-04T01:20:06.960Z,PUMP,4.0773,8.75,0.006234,1348.606131
2026-10-04T01:20:06.960Z,KMNO,-4.1845,52.01,0.04025,1348.606131
2026-10-04T01:20:06.960Z,CHZ,-6.4007,21.32,0.01689,1348.606131
2026-10-04T01:20:06.960Z,PENGU,1.4565,12.54,0.009165,1348.606131
2026-10-04T01:20:06.960Z,OP,-4.1336,174.2,0.13474,1348.606131
2026-10-04T01:20:06.960Z,UMA,3.5778,560,0.4009,1348.606131
2026-10-04T01:20:06.960Z,ZRO,1.1855,2721,1.994,1348.606131
2026-10-04T01:20:06.960Z,S,-5.1332,52.8,0.04127,1348.606131
2026-10-04T01:20:06.960Z,IMX,1.3488,249.7,0.18269,1348.606131
2026-10-04T01:20:06.960Z,A,1.8983,130,0.0946,1348.606131
2026-10-04T01:20:06.960Z,ATH,-2.7329,9.4,0.007166,1348.606131
2026-10-04T01:20:06.960Z,COMP,11.7097,38100,25.29,1348.606131
2026-10-04T01:20:06.960Z,CVX,-2.2442,3019,2.29,1348.606131
2026-10-04T01:20:06.960Z,AXS,2.4665,1750,1.2664,1348.606131
2026-10-04T01:20:06.960Z,WCT,-1.5235,57.08,0.04298,1348.606131
2026-10-04T01:20:06.960Z,ME,-0.8954,103.1,0.07714,1348.606131
2026-10-04T01:20:06.960Z,ASTER,3.9543,1000,0.7133,1348.606131
2026-10-04T01:20:06.960Z,GMX,2.0789,11210,8.143,1348.606131
2026-10-04T01:20:06.960Z,MORPHO,-8.4067,3419,2.7679,1348.606131
2026-10-04T01:20:06.960Z,MON,-3.4789,44.7,0.03434,1348.606131
2026-10-04T01:20:06.960Z,1INCH,-1.8013,139,0.10496,1348.606131
2026-10-04T01:20:06.960Z,SKY,-4.0757,118.2,0.09137,1348.606131
2026-10-04T01:20:06.960Z,YGG,5.3405,38.84,0.02734,1348.606131
2026-10-04T01:20:06.960Z,BIO,-0.9652,41.43,0.03102,1348.606131
2026-10-04T01:20:06.960Z,MOVE,-0.3659,13.43,0.009995,1348.606131
2026-10-04T01:20:06.960Z,GALA,-3.2869,3.292,0.002524,1348.606131
2026-10-04T01:20:06.960Z,ZK,-0.68,17.56,0.01311,1348.606131
2026-10-04T01:20:06.960Z,ENS,1.0054,9260,6.798,1348.606131
2026-10-04T01:20:06.960Z,INJ,0.8005,10360,7.621,1348.606131
2026-10-04T01:20:06.960Z,KAITO,-4.5104,445.7,0.3461,1348.606131
2026-10-04T01:20:06.960Z,LDO,-2.8338,609.2,0.4649,1348.606131
2026-10-04T01:20:06.960Z,BLUR,30.4773,37.48,0.0213,1348.606131
2026-10-04T01:20:06.960Z,AUCTION,2.1595,5110,3.709,1348.606131
2026-10-04T01:20:06.960Z,ZETA,-0.3853,66.66,0.04962,1348.606131
2026-10-04T01:20:06.960Z,WIF,0.7491,340.9,0.2509,1348.606131
2026-10-04T01:20:06.960Z,KSM,-3.5985,6750,5.192,1348.606131
2026-10-04T01:20:06.960Z,SNX,-7.3337,315.8,0.2527,1348.606131
2026-10-04T01:20:06.960Z,FET,-1.7281,297,0.2241,1348.606131
2026-10-04T01:25:06.952Z,BTC,0.7981,115130000,84693.7,1348.606131
2026-10-04T01:25:06.952Z,XRP,0.8086,2022,1.4873,1348.606131
2026-10-04T01:25:06.952Z,SOL,0.8365,163200,120.01,1348.606131
2026-10-04T01:25:06.952Z,ETH,0.8085,3657000,2689.94,1348.606131
2026-10-04T01:25:06.952Z,FIL,1.4774,1449,1.0588,1348.606131
2026-10-04T01:25:06.952Z,TRX,1.4981,459.4,0.33562,1348.606131
2026-10-04T01:25:06.952Z,BNB,1.3726,1071000,783.4,1348.606131
2026-10-04T01:25:06.952Z,WLD,0.8687,813.2,0.5978,1348.606131
2026-10-04T01:25:06.952Z,FLOW,1.7395,44.99,0.03279,1348.606131
2026-10-04T01:25:06.952Z,LINK,0.8827,19190,14.105,1348.606131
2026-10-04T01:25:06.952Z,DOGE,0.9364,126.2,0.09271,1348.606131
2026-10-04T01:25:06.952Z,SUI,0.6424,1599,1.1781,1348.606131
2026-10-04T01:25:06.952Z,XLM,0.7786,293.2,0.21573,1348.606131
2026-10-04T01:25:06.952Z,BCH,1.4422,433400,316.8,1348.606131
2026-10-04T01:25:06.952Z,AVAX,0.8224,15060,11.076,1348.606131
2026-10-04T01:25:06.952Z,ETC,1.0456,12000,8.806,1348.606131
2026-10-04T01:25:06.952Z,AAVE,5.6564,259800,182.33,1348.606131
2026-10-04T01:25:06.952Z,ADA,2.5669,336.4,0.2432,1348.606131
2026-10-04T01:25:06.952Z,HYPE,0.5542,121300,89.449,1348.606131
2026-10-04T01:25:06.952Z,SEI,0.7028,97.85,0.07205,1348.606131
2026-10-04T01:25:06.952Z,HBAR,1.1211,138.5,0.10156,1348.606131
2026-10-04T01:25:06.952Z,ARB,0.44,272.1,0.20088,1348.606131
2026-10-04T01:25:06.952Z,JTO,0.7284,761.4,0.5605,1348.606131
2026-10-04T01:25:06.952Z,ONDO,1.0265,678.5,0.498,1348.606131
2026-10-04T01:25:06.952Z,QTUM,0.5905,1335,0.9841,1348.606131
2026-10-04T01:25:06.952Z,PYTH,-2.9512,102.1,0.07801,1348.606131
2026-10-04T01:25:06.952Z,APT,0.6616,1081,0.7963,1348.606131
2026-10-04T01:25:06.952Z,UNI,1.1965,12340,9.042,1348.606131
2026-10-04T01:25:06.952Z,TIA,0.4239,634.5,0.4685,1348.606131
2026-10-04T01:25:06.952Z,ALGO,2.1188,178.4,0.12954,1348.606131
2026-10-04T01:25:06.952Z,NEAR,0.1226,6515,4.825,1348.606131
2026-10-04T01:25:06.952Z,ZIL,-4.1706,4.5,0.003482,1348.606131
2026-10-04T01:25:06.952Z,SUSHI,-2.26,335.2,0.2543,1348.606131
2026-10-04T01:25:06.952Z,PENDLE,-4.8833,3153,2.458,1348.606131
2026-10-04T01:25:06.952Z,XTZ,1.7162,438,0.3193,1348.606131
2026-10-04T01:25:06.952Z,W,-3.0831,18.45,0.014116,1348.606131
2026-10-04T01:25:06.952Z,AR,11.259,6740,4.492,1348.606131
2026-10-04T01:25:06.952Z,SHIB,1.4515,0.0078,5.701e-06,1348.606131
2026-10-04T01:25:06.952Z,CELO,19.28,159.8,0.09934,1348.606131
2026-10-04T01:25:06.952Z,STX,1.8424,521.5,0.3797,1348.606131
2026-10-04T01:25:06.952Z,JUP,0.4324,447.1,0.3301,1348.606131
2026-10-04T01:25:06.952Z,PEPE,0.2736,0.0058,4.289e-06,1348.606131
2026-10-04T01:25:06.952Z,DYDX,0.4955,200,0.14757,1348.606131
2026-10-04T01:25:06.952Z,KITE,-16.0109,176.2,0.15556,1348.606131
2026-10-04T01:25:06.952Z,CRV,-0.2219,507.7,0.3773,1348.606131
2026-10-04T01:25:06.952Z,ENJ,-1.3492,44.01,0.03308,1348.606131
2026-10-04T01:25:06.952Z,ATOM,22.6722,2824,1.707,1348.606131
2026-10-04T01:25:06.952Z,ICP,1.899,4605,3.351,1348.606131
2026-10-04T01:25:06.952Z,SPACE,0.6631,7.176,0.005286,1348.606131
2026-10-04T01:25:06.952Z,DOT,1.0146,1609,1.1811,1348.606131
2026-10-04T01:25:06.952Z,ETHFI,-2.7835,944.1,0.7201,1348.606131
2026-10-04T01:25:06.952Z,CC,1.1279,171.8,0.12597,1348.606131
2026-10-04T01:25:06.952Z,SYRUP,1.9717,350.4,0.2548,1348.606131
2026-10-04T01:25:06.952Z,TAO,-2.8488,400000,305.3,1348.606131
2026-10-04T01:25:06.952Z,GRAM,-0.0557,2042,1.515,1348.606131
2026-10-04T01:25:06.952Z,RAY,-6.5382,2613,2.0731,1348.606131
2026-10-04T01:25:06.952Z,RENDER,-0.7283,2620,1.957,1348.606131
2026-10-04T01:25:06.952Z,GRASS,2.0794,991.6,0.7203,1348.606131
2026-10-04T01:25:06.952Z,MINA,0.4329,219,0.16169,1348.606131
2026-10-04T01:25:06.952Z,POL,-5.4229,140.2,0.10992,1348.606131
2026-10-04T01:25:06.952Z,ENA,-0.6809,321.1,0.23973,1348.606131
2026-10-04T01:25:06.952Z,SAND,4.5376,103,0.07306,1348.606131
2026-10-04T01:25:06.952Z,AERO,-5.0801,1074,0.839,1348.606131
2026-10-04T01:25:06.952Z,KGEN,-1.2867,213.4,0.1603,1348.606131
2026-10-04T01:25:06.952Z,LIT,4.1067,4977,3.5449,1348.606131
2026-10-04T01:25:06.952Z,MANA,3.3606,143.7,0.10309,1348.606131
2026-10-04T01:25:06.952Z,BAND,-0.8789,299.7,0.2242,1348.606131
2026-10-04T01:25:06.952Z,APE,0.1271,219.4,0.16248,1348.606131
2026-10-04T01:25:06.952Z,GMT,2.4232,12.06,0.008731,1348.606131
2026-10-04T01:25:06.952Z,VIRTUAL,-3.4555,1039,0.798,1348.606131
2026-10-04T01:25:06.952Z,LPT,1.8721,2396,1.744,1348.606131
2026-10-04T01:25:06.952Z,DATA,1.4248,288.2,0.2107,1348.606131
2026-10-04T01:25:06.952Z,THETA,1.5541,308.7,0.2254,1348.606131
2026-10-04T01:25:06.952Z,GRT,1.2796,38.49,0.02818,1348.606131
2026-10-04T01:25:06.952Z,LAYER,2.8359,107.8,0.07773,1348.606131
2026-10-04T01:25:06.952Z,NMR,-0.683,15320,11.438,1348.606131
2026-10-04T01:25:06.952Z,EIGEN,-9.2775,321.9,0.2631,1348.606131
2026-10-04T01:25:06.952Z,BAT,-5.2959,119.8,0.0938,1348.606131
2026-10-04T01:25:06.952Z,SPK,-3.7024,32.35,0.02491,1348.606131
2026-10-04T01:25:06.952Z,PUMP,3.9439,8.75,0.006242,1348.606131
2026-10-04T01:25:06.952Z,KMNO,-4.2558,52.01,0.04028,1348.606131
2026-10-04T01:25:06.952Z,CHZ,-6.6219,21.32,0.01693,1348.606131
2026-10-04T01:25:06.952Z,PENGU,1.357,12.54,0.009174,1348.606131
2026-10-04T01:25:06.952Z,OP,-4.162,174.2,0.13478,1348.606131
2026-10-04T01:25:06.952Z,UMA,3.5778,560,0.4009,1348.606131
2026-10-04T01:25:06.952Z,ZRO,0.3551,2721,2.0105,1348.606131
2026-10-04T01:25:06.952Z,S,-5.2709,52.8,0.04133,1348.606131
2026-10-04T01:25:06.952Z,IMX,1.4376,249.7,0.18253,1348.606131
2026-10-04T01:25:06.952Z,A,1.8983,130,0.0946,1348.606131
2026-10-04T01:25:06.952Z,ATH,-2.5834,9.4,0.007155,1348.606131
2026-10-04T01:25:06.952Z,COMP,12.1977,38100,25.18,1348.606131
2026-10-04T01:25:06.952Z,CVX,-2.0732,3019,2.286,1348.606131
2026-10-04T01:25:06.952Z,AXS,3.0033,1750,1.2598,1348.606131
2026-10-04T01:25:06.952Z,WCT,-1.5235,57.08,0.04298,1348.606131
2026-10-04T01:25:06.952Z,ME,-0.9724,103.1,0.0772,1348.606131
2026-10-04T01:25:06.952Z,ASTER,3.8815,1000,0.7138,1348.606131
2026-10-04T01:25:06.952Z,GMX,2.1919,11210,8.134,1348.606131
2026-10-04T01:25:06.952Z,MORPHO,-8.5422,3419,2.772,1348.606131
2026-10-04T01:25:06.952Z,MON,-3.4789,44.7,0.03434,1348.606131
2026-10-04T01:25:06.952Z,1INCH,-1.988,139,0.10516,1348.606131
2026-10-04T01:25:06.952Z,SKY,-4.4209,118.2,0.0917,1348.606131
2026-10-04T01:25:06.952Z,YGG,5.5722,38.84,0.02728,1348.606131
2026-10-04T01:25:06.952Z,BIO,-1.0927,41.43,0.03106,1348.606131
2026-10-04T01:25:06.952Z,MOVE,-0.4953,13.43,0.010008,1348.606131
2026-10-04T01:25:06.952Z,GALA,-3.3635,3.292,0.002526,1348.606131
2026-10-04T01:25:06.952Z,ZK,-0.8313,17.56,0.01313,1348.606131
2026-10-04T01:25:06.952Z,ENS,0.8571,9260,6.808,1348.606131
2026-10-04T01:25:06.952Z,INJ,0.6288,10360,7.634,1348.606131
2026-10-04T01:25:06.952Z,KAITO,-4.538,445.7,0.3462,1348.606131
2026-10-04T01:25:06.952Z,LDO,-2.8129,609.2,0.4648,1348.606131
2026-10-04T01:25:06.952Z,BLUR,30.416,37.48,0.02131,1348.606131
2026-10-04T01:25:06.952Z,AUCTION,2.077,5110,3.712,1348.606131
2026-10-04T01:25:06.952Z,ZETA,-0.5256,66.66,0.04969,1348.606131
2026-10-04T01:25:06.952Z,WIF,0.7491,340.9,0.2509,1348.606131
2026-10-04T01:25:06.952Z,KSM,-3.6727,6750,5.196,1348.606131
2026-10-04T01:25:06.952Z,SNX,-7.5167,315.8,0.2532,1348.606131
2026-10-04T01:25:06.952Z,FET,-1.9905,297,0.2247,1348.606131
2026-10-04T01:30:06.915Z,BTC,0.7994,115148000,84705.8,1348.606131
2026-10-04T01:30:06.915Z,XRP,0.779,2021,1.487,1348.606131
2026-10-04T01:30:06.915Z,SOL,0.8029,163200,120.05,1348.606131
2026-10-04T01:30:06.915Z,ETH,0.7986,3656000,2689.47,1348.606131
2026-10-04T01:30:06.915Z,FIL,1,1443,1.0594,1348.606131
2026-10-04T01:30:06.915Z,TRX,1.483,459.4,0.33567,1348.606131
2026-10-04T01:30:06.915Z,BNB,1.3985,1071000,783.2,1348.606131
2026-10-04T01:30:06.915Z,WLD,0.7434,814.5,0.5995,1348.606131
2026-10-04T01:30:06.915Z,FLOW,1.7395,44.99,0.03279,1348.606131
2026-10-04T01:30:06.915Z,LINK,0.8491,19170,14.095,1348.606131
2026-10-04T01:30:06.915Z,DOGE,0.9799,126.2,0.09267,1348.606131
2026-10-04T01:30:06.915Z,SUI,0.5059,1599,1.1797,1348.606131
2026-10-04T01:30:06.915Z,XLM,0.8831,293.3,0.21558,1348.606131
2026-10-04T01:30:06.915Z,BCH,1.3462,433400,317.1,1348.606131
2026-10-04T01:30:06.915Z,AVAX,0.8315,15060,11.075,1348.606131
2026-10-04T01:30:06.915Z,ETC,0.9997,12000,8.81,1348.606131
2026-10-04T01:30:06.915Z,AAVE,5.4829,259800,182.63,1348.606131
2026-10-04T01:30:06.915Z,ADA,2.4405,336.4,0.2435,1348.606131
2026-10-04T01:30:06.915Z,HYPE,0.5261,121300,89.474,1348.606131
2026-10-04T01:30:06.915Z,SEI,0.5911,97.85,0.07213,1348.606131
2026-10-04T01:30:06.915Z,HBAR,0.9621,138.5,0.10172,1348.606131
2026-10-04T01:30:06.915Z,ARB,0.2803,272.1,0.2012,1348.606131
2026-10-04T01:30:06.915Z,JTO,0.7105,761.4,0.5606,1348.606131
2026-10-04T01:30:06.915Z,ONDO,1.0671,678.5,0.4978,1348.606131
2026-10-04T01:30:06.915Z,QTUM,0.5905,1335,0.9841,1348.606131
2026-10-04T01:30:06.915Z,PYTH,-2.9387,102.1,0.078,1348.606131
2026-10-04T01:30:06.915Z,APT,0.4723,1081,0.7978,1348.606131
2026-10-04T01:30:06.915Z,UNI,0.9843,12340,9.061,1348.606131
2026-10-04T01:30:06.915Z,TIA,0.0395,634.5,0.4703,1348.606131
2026-10-04T01:30:06.915Z,ALGO,2.1346,178.4,0.12952,1348.606131
2026-10-04T01:30:06.915Z,NEAR,-0.0225,6515,4.832,1348.606131
2026-10-04T01:30:06.915Z,ZIL,-4.1156,4.5,0.00348,1348.606131
2026-10-04T01:30:06.915Z,SUSHI,-2.3751,335.2,0.2546,1348.606131
2026-10-04T01:30:06.915Z,PENDLE,-5.0378,3153,2.462,1348.606131
2026-10-04T01:30:06.915Z,XTZ,1.7162,438,0.3193,1348.606131
2026-10-04T01:30:06.915Z,W,-2.9249,18.45,0.014093,1348.606131
2026-10-04T01:30:06.915Z,AR,11.4575,6740,4.484,1348.606131
2026-10-04T01:30:06.915Z,SHIB,1.4337,0.0078,5.702e-06,1348.606131
2026-10-04T01:30:06.915Z,CELO,19.4363,159.8,0.09921,1348.606131
2026-10-04T01:30:06.915Z,STX,1.8424,521.5,0.3797,1348.606131
2026-10-04T01:30:06.915Z,JUP,0.2805,447.1,0.3306,1348.606131
2026-10-04T01:30:06.915Z,PEPE,0.2736,0.0058,4.289e-06,1348.606131
2026-10-04T01:30:06.915Z,DYDX,0.5978,200,0.14742,1348.606131
2026-10-04T01:30:06.915Z,KITE,-16.0055,176.2,0.15555,1348.606131
2026-10-04T01:30:06.915Z,CRV,-0.4067,507.7,0.378,1348.606131
2026-10-04T01:30:06.915Z,ENJ,-0.9299,44.01,0.03294,1348.606131
2026-10-04T01:30:06.915Z,ATOM,22.6003,2824,1.708,1348.606131
2026-10-04T01:30:06.915Z,ICP,1.8383,4605,3.353,1348.606131
2026-10-04T01:30:06.915Z,SPACE,0.7202,7.176,0.005283,1348.606131
2026-10-04T01:30:06.915Z,DOT,0.9462,1609,1.1819,1348.606131
2026-10-04T01:30:06.915Z,ETHFI,-2.8914,944.1,0.7209,1348.606131
2026-10-04T01:30:06.915Z,CC,0.8876,171.8,0.12627,1348.606131
2026-10-04T01:30:06.915Z,SYRUP,2.1722,350.4,0.2543,1348.606131
2026-10-04T01:30:06.915Z,TAO,-2.9124,400000,305.5,1348.606131
2026-10-04T01:30:06.915Z,GRAM,-0.0557,2042,1.515,1348.606131
2026-10-04T01:30:06.915Z,RAY,-6.5292,2613,2.0729,1348.606131
2026-10-04T01:30:06.915Z,RENDER,-0.7283,2620,1.957,1348.606131
2026-10-04T01:30:06.915Z,GRASS,1.9944,991.6,0.7209,1348.606131
2026-10-04T01:30:06.915Z,MINA,0.4142,219,0.16172,1348.606131
2026-10-04T01:30:06.915Z,POL,-5.4315,140.2,0.10993,1348.606131
2026-10-04T01:30:06.915Z,ENA,-0.9247,321.1,0.24032,1348.606131
2026-10-04T01:30:06.915Z,SAND,4.4804,103,0.0731,1348.606131
2026-10-04T01:30:06.915Z,AERO,-5.114,1074,0.8393,1348.606131
2026-10-04T01:30:06.915Z,KGEN,-1.2867,213.4,0.1603,1348.606131
2026-10-04T01:30:06.915Z,LIT,3.8313,4977,3.5543,1348.606131
2026-10-04T01:30:06.915Z,MANA,3.7228,143.7,0.10273,1348.606131
2026-10-04T01:30:06.915Z,BAND,-0.8789,299.7,0.2242,1348.606131
2026-10-04T01:30:06.915Z,APE,0.2011,219.4,0.16236,1348.606131
2026-10-04T01:30:06.915Z,GMT,2.5759,12.06,0.008718,1348.606131
2026-10-04T01:30:06.915Z,VIRTUAL,-3.4555,1039,0.798,1348.606131
2026-10-04T01:30:06.915Z,LPT,1.9305,2396,1.743,1348.606131
2026-10-04T01:30:06.915Z,DATA,1.4248,288.2,0.2107,1348.606131
2026-10-04T01:30:06.915Z,THETA,1.5091,308.7,0.2255,1348.606131
2026-10-04T01:30:06.915Z,GRT,1.2077,38.49,0.0282,1348.606131
2026-10-04T01:30:06.915Z,LAYER,2.8492,107.8,0.07772,1348.606131
2026-10-04T01:30:06.915Z,NMR,-0.6656,15320,11.436,1348.606131
2026-10-04T01:30:06.915Z,EIGEN,-9.3808,321.9,0.2634,1348.606131
2026-10-04T01:30:06.915Z,BAT,-4.8394,119.8,0.09335,1348.606131
2026-10-04T01:30:06.915Z,SPK,-3.5863,32.35,0.02488,1348.606131
2026-10-04T01:30:06.915Z,PUMP,3.8275,8.75,0.006249,1348.606131
2026-10-04T01:30:06.915Z,KMNO,-4.4456,52.01,0.04036,1348.606131
2026-10-04T01:30:06.915Z,CHZ,-6.3453,21.32,0.01688,1348.606131
2026-10-04T01:30:06.915Z,PENGU,1.3128,12.54,0.009178,1348.606131
2026-10-04T01:30:06.915Z,OP,-4.2189,174.2,0.13486,1348.606131
2026-10-04T01:30:06.915Z,UMA,3.6813,560,0.4005,1348.606131
2026-10-04T01:30:06.915Z,ZRO,-0.1713,2721,2.0211,1348.606131
2026-10-04T01:30:06.915Z,S,-4.9489,52.8,0.04119,1348.606131
2026-10-04T01:30:06.915Z,IMX,1.5322,249.7,0.18236,1348.606131
2026-10-04T01:30:06.915Z,A,1.9091,130,0.09459,1348.606131
2026-10-04T01:30:06.915Z,ATH,-2.2555,9.4,0.007131,1348.606131
2026-10-04T01:30:06.915Z,COMP,11.9754,38100,25.23,1348.606131
2026-10-04T01:30:06.915Z,CVX,-2.0732,3019,2.286,1348.606131
2026-10-04T01:30:06.915Z,AXS,3.0852,1750,1.2588,1348.606131
2026-10-04T01:30:06.915Z,WCT,-1.5464,57.08,0.04299,1348.606131
2026-10-04T01:30:06.915Z,ME,-0.9082,103.1,0.07715,1348.606131
2026-10-04T01:30:06.915Z,ASTER,3.867,1000,0.7139,1348.606131
2026-10-04T01:30:06.915Z,GMX,2.217,11210,8.132,1348.606131
2026-10-04T01:30:06.915Z,MORPHO,-8.6279,3419,2.7746,1348.606131
2026-10-04T01:30:06.915Z,MON,-3.8708,44.7,0.03448,1348.606131
2026-10-04T01:30:06.915Z,1INCH,-1.8947,139,0.10506,1348.606131
2026-10-04T01:30:06.915Z,SKY,-4.525,118.2,0.0918,1348.606131
2026-10-04T01:30:06.915Z,YGG,5.7273,38.84,0.02724,1348.606131
2026-10-04T01:30:06.915Z,BIO,-1.029,41.43,0.03104,1348.606131
2026-10-04T01:30:06.915Z,MOVE,-0.4555,13.43,0.010004,1348.606131
2026-10-04T01:30:06.915Z,GALA,-3.4399,3.292,0.002528,1348.606131
2026-10-04T01:30:06.915Z,ZK,-0.9595,17.56,0.013147,1348.606131
2026-10-04T01:30:06.915Z,ENS,0.8422,9260,6.809,1348.606131
2026-10-04T01:30:06.915Z,INJ,0.6157,10360,7.635,1348.606131
2026-10-04T01:30:06.915Z,KAITO,-4.4552,445.7,0.3459,1348.606131
2026-10-04T01:30:06.915Z,LDO,-2.8547,609.2,0.465,1348.606131
2026-10-04T01:30:06.915Z,BLUR,30.5999,37.48,0.02128,1348.606131
2026-10-04T01:30:06.915Z,AUCTION,2.132,5110,3.71,1348.606131
2026-10-04T01:30:06.915Z,ZETA,-0.7055,66.66,0.04978,1348.606131
2026-10-04T01:30:06.915Z,WIF,0.6288,340.9,0.2512,1348.606131
2026-10-04T01:30:06.915Z,KSM,-3.6356,6750,5.194,1348.606131
2026-10-04T01:30:06.915Z,SNX,-7.5167,315.8,0.2532,1348.606131
2026-10-04T01:30:06.915Z,FET,-1.9468,297,0.2246,1348.606131
2026-10-04T01:35:06.944Z,BTC,0.7641,115160000,84744.3,1348.606131
2026-10-04T01:35:06.944Z,XRP,0.6707,2021,1.4886,1348.606131
2026-10-04T01:35:06.944Z,SOL,0.8113,163200,120.04,1348.606131
2026-10-04T01:35:06.944Z,ETH,0.76,3656000,2690.5,1348.606131
2026-10-04T01:35:06.944Z,FIL,1.0381,1443,1.059,1348.606131
2026-10-04T01:35:06.944Z,TRX,1.4891,459.4,0.33565,1348.606131
2026-10-04T01:35:06.944Z,BNB,1.4374,1071000,782.9,1348.606131
2026-10-04T01:35:06.944Z,WLD,1.0559,815.8,0.5986,1348.606131
2026-10-04T01:35:06.944Z,FLOW,1.7705,44.99,0.03278,1348.606131
2026-10-04T01:35:06.944Z,LINK,0.7464,19160,14.102,1348.606131
2026-10-04T01:35:06.944Z,DOGE,0.9472,126.2,0.0927,1348.606131
2026-10-04T01:35:06.944Z,SUI,0.769,1604,1.1803,1348.606131
2026-10-04T01:35:06.944Z,XLM,0.8457,293.3,0.21566,1348.606131
2026-10-04T01:35:06.944Z,BCH,1.2504,433400,317.4,1348.606131
2026-10-04T01:35:06.944Z,AVAX,0.7769,15060,11.081,1348.606131
2026-10-04T01:35:06.944Z,ETC,0.9768,12000,8.812,1348.606131
2026-10-04T01:35:06.944Z,AAVE,5.6738,259800,182.3,1348.606131
2026-10-04T01:35:06.944Z,ADA,2.3565,336.4,0.2437,1348.606131
2026-10-04T01:35:06.944Z,HYPE,0.5317,121300,89.469,1348.606131
2026-10-04T01:35:06.944Z,SEI,0.6051,97.85,0.07212,1348.606131
2026-10-04T01:35:06.944Z,HBAR,0.8629,138.5,0.10182,1348.606131
2026-10-04T01:35:06.944Z,ARB,0.0366,272.1,0.20169,1348.606131
2026-10-04T01:35:06.944Z,JTO,0.6387,761.4,0.561,1348.606131
2026-10-04T01:35:06.944Z,ONDO,0.6956,677.5,0.4989,1348.606131
2026-10-04T01:35:06.944Z,QTUM,0.6621,1335,0.9834,1348.606131
2026-10-04T01:35:06.944Z,PYTH,-2.864,102.1,0.07794,1348.606131
2026-10-04T01:35:06.944Z,APT,0.422,1081,0.7982,1348.606131
2026-10-04T01:35:06.944Z,UNI,1.0066,12340,9.059,1348.606131
2026-10-04T01:35:06.944Z,TIA,0.21,634.5,0.4695,1348.606131
2026-10-04T01:35:06.944Z,ALGO,2.1267,178.4,0.12953,1348.606131
2026-10-04T01:35:06.944Z,NEAR,-0.578,6515,4.859,1348.606131
2026-10-04T01:35:06.944Z,ZIL,-4.088,4.5,0.003479,1348.606131
2026-10-04T01:35:06.944Z,SUSHI,-2.3751,335.2,0.2546,1348.606131
2026-10-04T01:35:06.944Z,PENDLE,-4.8445,3153,2.457,1348.606131
2026-10-04T01:35:06.944Z,XTZ,2.0037,438,0.3184,1348.606131
2026-10-04T01:35:06.944Z,W,-2.2172,18.45,0.013991,1348.606131
2026-10-04T01:35:06.944Z,AR,11.3085,6740,4.49,1348.606131
2026-10-04T01:35:06.944Z,SHIB,1.3981,0.0078,5.704e-06,1348.606131
2026-10-04T01:35:06.944Z,CELO,19.3761,159.8,0.09926,1348.606131
2026-10-04T01:35:06.944Z,STX,1.7888,521.5,0.3799,1348.606131
2026-10-04T01:35:06.944Z,JUP,0.4324,447.1,0.3301,1348.606131
2026-10-04T01:35:06.944Z,PEPE,0.1802,0.0058,4.293e-06,1348.606131
2026-10-04T01:35:06.944Z,DYDX,0.5569,200,0.14748,1348.606131
2026-10-04T01:35:06.944Z,KITE,-15.336,176.2,0.15432,1348.606131
2026-10-04T01:35:06.944Z,CRV,-0.6695,507.7,0.379,1348.606131
2026-10-04T01:35:06.944Z,ENJ,-0.96,44.01,0.03295,1348.606131
2026-10-04T01:35:06.944Z,ATOM,22.457,2824,1.71,1348.606131
2026-10-04T01:35:06.944Z,ICP,1.6866,4605,3.358,1348.606131
2026-10-04T01:35:06.944Z,SPACE,0.6821,7.176,0.005285,1348.606131
2026-10-04T01:35:06.944Z,DOT,0.989,1609,1.1814,1348.606131
2026-10-04T01:35:06.944Z,ETHFI,-2.9721,944.1,0.7215,1348.606131
2026-10-04T01:35:06.944Z,CC,1.0076,171.8,0.12612,1348.606131
2026-10-04T01:35:06.944Z,SYRUP,2.1722,350.4,0.2543,1348.606131
2026-10-04T01:35:06.944Z,TAO,-3.2608,400000,306.6,1348.606131
2026-10-04T01:35:06.944Z,GRAM,-0.3189,2042,1.519,1348.606131
2026-10-04T01:35:06.944Z,RAY,-6.5923,2613,2.0743,1348.606131
2026-10-04T01:35:06.944Z,RENDER,-0.8803,2620,1.96,1348.606131
2026-10-04T01:35:06.944Z,GRASS,1.7685,991.6,0.7225,1348.606131
2026-10-04T01:35:06.944Z,MINA,0.4515,219,0.16166,1348.606131
2026-10-04T01:35:06.944Z,POL,-5.4401,140.2,0.10994,1348.606131
2026-10-04T01:35:06.944Z,ENA,-1.323,321.1,0.24129,1348.606131
2026-10-04T01:35:06.944Z,SAND,4.3519,103,0.07319,1348.606131
2026-10-04T01:35:06.944Z,AERO,-4.7395,1074,0.836,1348.606131
2026-10-04T01:35:06.944Z,KGEN,-1.2867,213.4,0.1603,1348.606131
2026-10-04T01:35:06.944Z,LIT,3.7671,4977,3.5565,1348.606131
2026-10-04T01:35:06.944Z,MANA,3.9049,143.7,0.10255,1348.606131
2026-10-04T01:35:06.944Z,BAND,-0.7904,299.7,0.224,1348.606131
2026-10-04T01:35:06.944Z,APE,0.3247,219.4,0.16216,1348.606131
2026-10-04T01:35:06.944Z,GMT,2.6583,12.06,0.008711,1348.606131
2026-10-04T01:35:06.944Z,VIRTUAL,-3.3829,1039,0.7974,1348.606131
2026-10-04T01:35:06.944Z,LPT,2.0476,2396,1.741,1348.606131
2026-10-04T01:35:06.944Z,DATA,1.473,288.2,0.2106,1348.606131
2026-10-04T01:35:06.944Z,THETA,1.5091,308.7,0.2255,1348.606131
2026-10-04T01:35:06.944Z,GRT,1.2796,38.49,0.02818,1348.606131
2026-10-04T01:35:06.944Z,LAYER,2.7831,107.8,0.07777,1348.606131
2026-10-04T01:35:06.944Z,NMR,-0.6048,15320,11.429,1348.606131
2026-10-04T01:35:06.944Z,EIGEN,-9.1739,321.9,0.2628,1348.606131
2026-10-04T01:35:06.944Z,BAT,-4.9005,119.8,0.09341,1348.606131
2026-10-04T01:35:06.944Z,SPK,-3.625,32.35,0.02489,1348.606131
2026-10-04T01:35:06.944Z,PUMP,3.7113,8.75,0.006256,1348.606131
2026-10-04T01:35:06.944Z,KMNO,-4.5639,52.01,0.04041,1348.606131
2026-10-04T01:35:06.944Z,CHZ,-6.4007,21.32,0.01689,1348.606131
2026-10-04T01:35:06.944Z,PENGU,1.1695,12.54,0.009191,1348.606131
2026-10-04T01:35:06.944Z,OP,-4.3395,174.2,0.13503,1348.606131
2026-10-04T01:35:06.944Z,UMA,3.6813,560,0.4005,1348.606131
2026-10-04T01:35:06.944Z,ZRO,-0.0526,2721,2.0187,1348.606131
2026-10-04T01:35:06.944Z,S,-4.6015,52.8,0.04104,1348.606131
2026-10-04T01:35:06.944Z,IMX,1.5656,249.7,0.1823,1348.606131
2026-10-04T01:35:06.944Z,A,1.9307,130,0.09457,1348.606131
2026-10-04T01:35:06.944Z,ATH,-1.8564,9.4,0.007102,1348.606131
2026-10-04T01:35:06.944Z,COMP,12.0642,38100,25.21,1348.606131
2026-10-04T01:35:06.944Z,CVX,-1.9874,3019,2.284,1348.606131
2026-10-04T01:35:06.944Z,AXS,3.5458,1750,1.2532,1348.606131
2026-10-04T01:35:06.944Z,WCT,-1.4318,57.08,0.04294,1348.606131
2026-10-04T01:35:06.944Z,ME,-0.8825,103.1,0.07713,1348.606131
2026-10-04T01:35:06.944Z,ASTER,3.7943,1000,0.7144,1348.606131
2026-10-04T01:35:06.944Z,GMX,2.3177,11210,8.124,1348.606131
2026-10-04T01:35:06.944Z,MORPHO,-9.0344,3419,2.787,1348.606131
2026-10-04T01:35:06.944Z,MON,-3.7033,44.7,0.03442,1348.606131
2026-10-04T01:35:06.944Z,1INCH,-1.5104,139,0.10465,1348.606131
2026-10-04T01:35:06.944Z,SKY,-4.2015,118.2,0.09149,1348.606131
2026-10-04T01:35:06.944Z,YGG,5.6497,38.84,0.02726,1348.606131
2026-10-04T01:35:06.944Z,BIO,-1.0927,41.43,0.03106,1348.606131
2026-10-04T01:35:06.944Z,MOVE,-0.5152,13.43,0.01001,1348.606131
2026-10-04T01:35:06.944Z,GALA,-3.6686,3.292,0.002534,1348.606131
2026-10-04T01:35:06.944Z,ZK,-0.5435,17.56,0.013092,1348.606131
2026-10-04T01:35:06.944Z,ENS,0.7978,9260,6.812,1348.606131
2026-10-04T01:35:06.944Z,INJ,0.8799,10360,7.615,1348.606131
2026-10-04T01:35:06.944Z,KAITO,-4.7855,445.7,0.3471,1348.606131
2026-10-04T01:35:06.944Z,LDO,-2.8756,609.2,0.4651,1348.606131
2026-10-04T01:35:06.944Z,BLUR,30.6613,37.48,0.02127,1348.606131
2026-10-04T01:35:06.944Z,AUCTION,2.2147,5110,3.707,1348.606131
2026-10-04T01:35:06.944Z,ZETA,-0.8051,66.66,0.04983,1348.606131
2026-10-04T01:35:06.944Z,WIF,0.6689,340.9,0.2511,1348.606131
2026-10-04T01:35:06.944Z,KSM,-3.6541,6750,5.195,1348.606131
2026-10-04T01:35:06.944Z,SNX,-7.4802,315.8,0.2531,1348.606131
2026-10-04T01:35:06.944Z,FET,-2.0341,297,0.2248,1348.606131
2026-10-04T01:40:06.937Z,BTC,0.7809,115177000,84742.7,1348.606131
2026-10-04T01:40:06.937Z,XRP,0.811,2023,1.488,1348.606131
2026-10-04T01:40:06.937Z,SOL,0.8671,163100,119.9,1348.606131
2026-10-04T01:40:06.937Z,ETH,0.7551,3656000,2690.63,1348.606131
2026-10-04T01:40:06.937Z,FIL,1.1527,1443,1.0578,1348.606131
2026-10-04T01:40:06.937Z,TRX,1.4951,459.4,0.33563,1348.606131
2026-10-04T01:40:06.937Z,BNB,1.4503,1071000,782.8,1348.606131
2026-10-04T01:40:06.937Z,WLD,1.0602,812.7,0.5963,1348.606131
2026-10-04T01:40:06.937Z,FLOW,1.3685,44.99,0.03291,1348.606131
2026-10-04T01:40:06.937Z,LINK,0.8895,19160,14.082,1348.606131
2026-10-04T01:40:06.937Z,DOGE,0.9581,126.2,0.09269,1348.606131
2026-10-04T01:40:06.937Z,SUI,0.9259,1605,1.1792,1348.606131
2026-10-04T01:40:06.937Z,XLM,0.8597,293.3,0.21563,1348.606131
2026-10-04T01:40:06.937Z,BCH,1.2185,433400,317.5,1348.606131
2026-10-04T01:40:06.937Z,AVAX,0.9044,15060,11.067,1348.606131
2026-10-04T01:40:06.937Z,ETC,1.0686,12000,8.804,1348.606131
2026-10-04T01:40:06.937Z,AAVE,5.5927,259800,182.44,1348.606131
2026-10-04T01:40:06.937Z,ADA,2.5248,336.4,0.2433,1348.606131
2026-10-04T01:40:06.937Z,HYPE,0.5531,121300,89.45,1348.606131
2026-10-04T01:40:06.937Z,SEI,0.6889,97.85,0.07206,1348.606131
2026-10-04T01:40:06.937Z,HBAR,1.0117,138.5,0.10167,1348.606131
2026-10-04T01:40:06.937Z,ARB,0.131,272.1,0.2015,1348.606131
2026-10-04T01:40:06.937Z,JTO,0.9265,761.4,0.5594,1348.606131
2026-10-04T01:40:06.937Z,ONDO,0.5948,677.5,0.4994,1348.606131
2026-10-04T01:40:06.937Z,QTUM,0.7338,1335,0.9827,1348.606131
2026-10-04T01:40:06.937Z,PYTH,-2.6266,102.1,0.07775,1348.606131
2026-10-04T01:40:06.937Z,APT,0.5984,1081,0.7968,1348.606131
2026-10-04T01:40:06.937Z,UNI,1.2189,12340,9.04,1348.606131
2026-10-04T01:40:06.937Z,TIA,0.2527,634.5,0.4693,1348.606131
2026-10-04T01:40:06.937Z,ALGO,2.1898,178.4,0.12945,1348.606131
2026-10-04T01:40:06.937Z,NEAR,-0.3113,6515,4.846,1348.606131
2026-10-04T01:40:06.937Z,ZIL,-3.9776,4.5,0.003475,1348.606131
2026-10-04T01:40:06.937Z,SUSHI,-2.26,335.2,0.2543,1348.606131
2026-10-04T01:40:06.937Z,PENDLE,-4.4947,3153,2.448,1348.606131
2026-10-04T01:40:06.937Z,XTZ,2.0357,438,0.3183,1348.606131
2026-10-04T01:40:06.937Z,W,-2.1193,18.45,0.013977,1348.606131
2026-10-04T01:40:06.937Z,AR,11.4575,6740,4.484,1348.606131
2026-10-04T01:40:06.937Z,SHIB,1.4515,0.0078,5.701e-06,1348.606131
2026-10-04T01:40:06.937Z,CELO,19.4724,159.8,0.09918,1348.606131
2026-10-04T01:40:06.937Z,STX,1.8156,521.5,0.3798,1348.606131
2026-10-04T01:40:06.937Z,JUP,0.6459,447.1,0.3294,1348.606131
2026-10-04T01:40:06.937Z,PEPE,0.3438,0.0058,4.286e-06,1348.606131
2026-10-04T01:40:06.937Z,DYDX,0.4887,200,0.14758,1348.606131
2026-10-04T01:40:06.937Z,KITE,-15.7292,176.2,0.15504,1348.606131
2026-10-04T01:40:06.937Z,CRV,-0.3803,507.7,0.3779,1348.606131
2026-10-04T01:40:06.937Z,ENJ,-0.7793,44.01,0.03289,1348.606131
2026-10-04T01:40:06.937Z,ATOM,22.6722,2824,1.707,1348.606131
2026-10-04T01:40:06.937Z,ICP,1.8686,4605,3.352,1348.606131
2026-10-04T01:40:06.937Z,SPACE,0.7584,7.176,0.005281,1348.606131
2026-10-04T01:40:06.937Z,DOT,1.2117,1609,1.1788,1348.606131
2026-10-04T01:40:06.937Z,ETHFI,-2.7565,944.1,0.7199,1348.606131
2026-10-04T01:40:06.937Z,CC,1.1118,171.8,0.12599,1348.606131
2026-10-04T01:40:06.937Z,SYRUP,2.0518,350.4,0.2546,1348.606131
2026-10-04T01:40:06.937Z,TAO,-3.1344,400000,306.2,1348.606131
2026-10-04T01:40:06.937Z,GRAM,-0.1216,2042,1.516,1348.606131
2026-10-04T01:40:06.937Z,RAY,-6.4344,2613,2.0708,1348.606131
2026-10-04T01:40:06.937Z,RENDER,-0.8803,2620,1.96,1348.606131
2026-10-04T01:40:06.937Z,GRASS,2.1361,991.6,0.7199,1348.606131
2026-10-04T01:40:06.937Z,MINA,0.2592,219,0.16197,1348.606131
2026-10-04T01:40:06.937Z,POL,-5.3281,140.2,0.10981,1348.606131
2026-10-04T01:40:06.937Z,ENA,-0.7678,321.1,0.23994,1348.606131
2026-10-04T01:40:06.937Z,SAND,4.4375,103,0.07313,1348.606131
2026-10-04T01:40:06.937Z,AERO,-4.614,1074,0.8349,1348.606131
2026-10-04T01:40:06.937Z,KGEN,-1.2867,213.4,0.1603,1348.606131
2026-10-04T01:40:06.937Z,LIT,4.0274,4977,3.5476,1348.606131
2026-10-04T01:40:06.937Z,MANA,4.169,143.7,0.10229,1348.606131
2026-10-04T01:40:06.937Z,BAND,-0.7018,299.7,0.2238,1348.606131
2026-10-04T01:40:06.937Z,APE,0.399,219.4,0.16204,1348.606131
2026-10-04T01:40:06.937Z,GMT,2.6937,12.06,0.008708,1348.606131
2026-10-04T01:40:06.937Z,VIRTUAL,-3.0546,1039,0.7947,1348.606131
2026-10-04T01:40:06.937Z,LPT,2.1063,2396,1.74,1348.606131
2026-10-04T01:40:06.937Z,DATA,1.6661,288.2,0.2102,1348.606131
2026-10-04T01:40:06.937Z,THETA,1.4641,308.7,0.2256,1348.606131
2026-10-04T01:40:06.937Z,GRT,1.3515,38.49,0.02816,1348.606131
2026-10-04T01:40:06.937Z,LAYER,2.6906,107.8,0.07784,1348.606131
2026-10-04T01:40:06.937Z,NMR,-0.7438,15320,11.445,1348.606131
2026-10-04T01:40:06.937Z,EIGEN,-9.2085,321.9,0.2629,1348.606131
2026-10-04T01:40:06.937Z,BAT,-4.7884,119.8,0.0933,1348.606131
2026-10-04T01:40:06.937Z,SPK,-3.7024,32.35,0.02491,1348.606131
2026-10-04T01:40:06.937Z,PUMP,3.6947,8.75,0.006257,1348.606131
2026-10-04T01:40:06.937Z,KMNO,-5.0573,52.01,0.04062,1348.606131
2026-10-04T01:40:06.937Z,CHZ,-6.3453,21.32,0.01688,1348.606131
2026-10-04T01:40:06.937Z,PENGU,1.2576,12.54,0.009183,1348.606131
2026-10-04T01:40:06.937Z,OP,-4.098,174.2,0.13469,1348.606131
2026-10-04T01:40:06.937Z,UMA,3.7331,560,0.4003,1348.606131
2026-10-04T01:40:06.937Z,ZRO,-0.7214,2721,2.0323,1348.606131
2026-10-04T01:40:06.937Z,S,-4.4852,52.8,0.04099,1348.606131
2026-10-04T01:40:06.937Z,IMX,1.6604,249.7,0.18213,1348.606131
2026-10-04T01:40:06.937Z,A,1.9199,130,0.09458,1348.606131
2026-10-04T01:40:06.937Z,ATH,-1.6903,9.4,0.00709,1348.606131
2026-10-04T01:40:06.937Z,COMP,12.0198,38100,25.22,1348.606131
2026-10-04T01:40:06.937Z,CVX,-2.0303,3019,2.285,1348.606131
2026-10-04T01:40:06.937Z,AXS,3.6451,1750,1.252,1348.606131
2026-10-04T01:40:06.937Z,WCT,-1.3629,57.08,0.04291,1348.606131
2026-10-04T01:40:06.937Z,ME,-0.844,103.1,0.0771,1348.606131
2026-10-04T01:40:06.937Z,ASTER,3.867,1000,0.7139,1348.606131
2026-10-04T01:40:06.937Z,GMX,2.2925,11210,8.126,1348.606131
2026-10-04T01:40:06.937Z,MORPHO,-8.595,3419,2.7736,1348.606131
2026-10-04T01:40:06.937Z,MON,-3.1121,44.7,0.03421,1348.606131
2026-10-04T01:40:06.937Z,1INCH,-1.1799,139,0.1043,1348.606131
2026-10-04T01:40:06.937Z,SKY,-3.9495,118.2,0.09125,1348.606131
2026-10-04T01:40:06.937Z,YGG,5.7273,38.84,0.02724,1348.606131
2026-10-04T01:40:06.937Z,BIO,-0.8053,41.43,0.03097,1348.606131
2026-10-04T01:40:06.937Z,MOVE,-0.2061,13.43,0.009979,1348.606131
2026-10-04T01:40:06.937Z,GALA,-3.5162,3.292,0.00253,1348.606131
2026-10-04T01:40:06.937Z,ZK,-0.2998,17.56,0.01306,1348.606131
2026-10-04T01:40:06.937Z,ENS,0.8719,9260,6.807,1348.606131
2026-10-04T01:40:06.937Z,INJ,1.1323,10360,7.596,1348.606131
2026-10-04T01:40:06.937Z,KAITO,-4.6757,445.7,0.3467,1348.606131
2026-10-04T01:40:06.937Z,LDO,-2.6873,609.2,0.4642,1348.606131
2026-10-04T01:40:06.937Z,BLUR,30.9692,37.48,0.02122,1348.606131
2026-10-04T01:40:06.937Z,AUCTION,2.2422,5110,3.706,1348.606131
2026-10-04T01:40:06.937Z,ZETA,-0.9839,66.66,0.04992,1348.606131
2026-10-04T01:40:06.937Z,WIF,0.8697,340.9,0.2506,1348.606131
2026-10-04T01:40:06.937Z,KSM,-3.617,6750,5.193,1348.606131
2026-10-04T01:40:06.937Z,SNX,-7.3337,315.8,0.2527,1348.606131
2026-10-04T01:40:06.937Z,FET,-1.9032,297,0.2245,1348.606131
2026-10-04T01:45:06.966Z,BTC,0.7739,115169000,84742.7,1348.606131
2026-10-04T01:45:06.966Z,XRP,0.7611,2022,1.488,1348.606131
2026-10-04T01:45:06.966Z,SOL,0.8167,163100,119.96,1348.606131
2026-10-04T01:45:06.966Z,ETH,0.727,3656000,2691.38,1348.606131
2026-10-04T01:45:06.966Z,FIL,1.1241,1443,1.0581,1348.606131
2026-10-04T01:45:06.966Z,TRX,1.483,459.4,0.33567,1348.606131
2026-10-04T01:45:06.966Z,BNB,1.3985,1071000,783.2,1348.606131
2026-10-04T01:45:06.966Z,WLD,1.0772,812.7,0.5962,1348.606131
2026-10-04T01:45:06.966Z,FLOW,1.2454,44.99,0.03295,1348.606131
2026-10-04T01:45:06.966Z,LINK,0.8583,19150,14.079,1348.606131
2026-10-04T01:45:06.966Z,DOGE,0.9364,126.2,0.09271,1348.606131
2026-10-04T01:45:06.966Z,SUI,0.8403,1605,1.1802,1348.606131
2026-10-04T01:45:06.966Z,XLM,0.8597,293.3,0.21563,1348.606131
2026-10-04T01:45:06.966Z,BCH,1.1867,433400,317.6,1348.606131
2026-10-04T01:45:06.966Z,AVAX,0.8497,15060,11.073,1348.606131
2026-10-04T01:45:06.966Z,ETC,1.0686,12000,8.804,1348.606131
2026-10-04T01:45:06.966Z,AAVE,5.5117,259800,182.58,1348.606131
2026-10-04T01:45:06.966Z,ADA,2.4405,336.4,0.2435,1348.606131
2026-10-04T01:45:06.966Z,HYPE,0.4139,121300,89.574,1348.606131
2026-10-04T01:45:06.966Z,SEI,0.5493,97.85,0.07216,1348.606131
2026-10-04T01:45:06.966Z,HBAR,0.9919,138.5,0.10169,1348.606131
2026-10-04T01:45:06.966Z,ARB,0.0515,272.1,0.20166,1348.606131
2026-10-04T01:45:06.966Z,JTO,0.7284,761.4,0.5605,1348.606131
2026-10-04T01:45:06.966Z,ONDO,0.454,677.5,0.5001,1348.606131
2026-10-04T01:45:06.966Z,QTUM,0.1731,1335,0.9882,1348.606131
2026-10-04T01:45:06.966Z,PYTH,-2.6767,102.1,0.07779,1348.606131
2026-10-04T01:45:06.966Z,APT,0.4472,1081,0.798,1348.606131
2026-10-04T01:45:06.966Z,UNI,1.2189,12340,9.04,1348.606131
2026-10-04T01:45:06.966Z,TIA,0.381,634.5,0.4687,1348.606131
2026-10-04T01:45:06.966Z,ALGO,2.1031,178.4,0.12956,1348.606131
2026-10-04T01:45:06.966Z,NEAR,-0.2496,6515,4.843,1348.606131
2026-10-04T01:45:06.966Z,ZIL,-4.0328,4.5,0.003477,1348.606131
2026-10-04T01:45:06.966Z,SUSHI,-2.2984,335.2,0.2544,1348.606131
2026-10-04T01:45:06.966Z,PENDLE,-4.767,3153,2.455,1348.606131
2026-10-04T01:45:06.966Z,XTZ,1.5572,438,0.3198,1348.606131
2026-10-04T01:45:06.966Z,W,-1.2134,18.71,0.014044,1348.606131
2026-10-04T01:45:06.966Z,AR,11.3333,6740,4.489,1348.606131
2026-10-04T01:45:06.966Z,SHIB,1.4159,0.0078,5.703e-06,1348.606131
2026-10-04T01:45:06.966Z,CELO,19.172,159.8,0.09943,1348.606131
2026-10-04T01:45:06.966Z,STX,1.8961,521.5,0.3795,1348.606131
2026-10-04T01:45:06.966Z,JUP,0.402,447.1,0.3302,1348.606131
2026-10-04T01:45:06.966Z,PEPE,0.3204,0.0058,4.287e-06,1348.606131
2026-10-04T01:45:06.966Z,DYDX,0.3731,200,0.14775,1348.606131
2026-10-04T01:45:06.966Z,KITE,-16.5207,176.2,0.15651,1348.606131
2026-10-04T01:45:06.966Z,CRV,-0.3803,507.7,0.3779,1348.606131
2026-10-04T01:45:06.966Z,ENJ,-0.99,44.01,0.03296,1348.606131
2026-10-04T01:45:06.966Z,ATOM,22.7441,2824,1.706,1348.606131
2026-10-04T01:45:06.966Z,ICP,1.7775,4605,3.355,1348.606131
2026-10-04T01:45:06.966Z,SPACE,0.625,7.176,0.005288,1348.606131
2026-10-04T01:45:06.966Z,DOT,1.1088,1609,1.18,1348.606131
2026-10-04T01:45:06.966Z,ETHFI,-2.8375,944.1,0.7205,1348.606131
2026-10-04T01:45:06.966Z,CC,0.9276,171.8,0.12622,1348.606131
2026-10-04T01:45:06.966Z,SYRUP,1.9317,350.4,0.2549,1348.606131
2026-10-04T01:45:06.966Z,TAO,-3.2608,400000,306.6,1348.606131
2026-10-04T01:45:06.966Z,GRAM,-0.2532,2042,1.518,1348.606131
2026-10-04T01:45:06.966Z,RAY,-6.6283,2613,2.0751,1348.606131
2026-10-04T01:45:06.966Z,RENDER,-0.8803,2620,1.96,1348.606131
2026-10-04T01:45:06.966Z,GRASS,1.9944,991.6,0.7209,1348.606131
2026-10-04T01:45:06.966Z,MINA,0.2283,219,0.16202,1348.606131
2026-10-04T01:45:06.966Z,POL,-5.3454,140.2,0.10983,1348.606131
2026-10-04T01:45:06.966Z,ENA,-0.5897,321.1,0.23951,1348.606131
2026-10-04T01:45:06.966Z,SAND,4.409,103,0.07315,1348.606131
2026-10-04T01:45:06.966Z,AERO,-4.4308,1074,0.8333,1348.606131
2026-10-04T01:45:06.966Z,KGEN,-1.2251,213.4,0.1602,1348.606131
2026-10-04T01:45:06.966Z,LIT,4.1625,4977,3.543,1348.606131
2026-10-04T01:45:06.966Z,MANA,3.8644,143.7,0.10259,1348.606131
2026-10-04T01:45:06.966Z,BAND,-0.7461,299.7,0.2239,1348.606131
2026-10-04T01:45:06.966Z,APE,0.5044,219.4,0.16187,1348.606131
2026-10-04T01:45:06.966Z,GMT,2.5759,12.06,0.008718,1348.606131
2026-10-04T01:45:06.966Z,VIRTUAL,-3.2858,1039,0.7966,1348.606131
2026-10-04T01:45:06.966Z,LPT,2.0476,2396,1.741,1348.606131
2026-10-04T01:45:06.966Z,DATA,1.9571,288.2,0.2096,1348.606131
2026-10-04T01:45:06.966Z,THETA,1.4191,308.7,0.2257,1348.606131
2026-10-04T01:45:06.966Z,GRT,1.1002,38.49,0.02823,1348.606131
2026-10-04T01:45:06.966Z,LAYER,2.6511,107.8,0.07787,1348.606131
2026-10-04T01:45:06.966Z,NMR,-1.0119,15320,11.476,1348.606131
2026-10-04T01:45:06.966Z,EIGEN,-9.5525,321.9,0.2639,1348.606131
2026-10-04T01:45:06.966Z,BAT,-4.9717,119.8,0.09348,1348.606131
2026-10-04T01:45:06.966Z,SPK,-3.625,32.35,0.02489,1348.606131
2026-10-04T01:45:06.966Z,PUMP,3.4963,8.75,0.006269,1348.606131
2026-10-04T01:45:06.966Z,KMNO,-5.174,52.01,0.04067,1348.606131
2026-10-04T01:45:06.966Z,CHZ,-6.3453,21.32,0.01688,1348.606131
2026-10-04T01:45:06.966Z,PENGU,4.6614,12.97,0.009189,1348.606131
2026-10-04T01:45:06.966Z,OP,-4.2189,174.2,0.13486,1348.606131
2026-10-04T01:45:06.966Z,UMA,3.6813,560,0.4005,1348.606131
2026-10-04T01:45:06.966Z,ZRO,-0.7458,2721,2.0328,1348.606131
2026-10-04T01:45:06.966Z,S,-4.5783,52.8,0.04103,1348.606131
2026-10-04T01:45:06.966Z,IMX,1.5378,249.7,0.18235,1348.606131
2026-10-04T01:45:06.966Z,A,1.9846,130,0.09452,1348.606131
2026-10-04T01:45:06.966Z,ATH,-1.6348,9.4,0.007086,1348.606131
2026-10-04T01:45:06.966Z,COMP,12.2423,38100,25.17,1348.606131
2026-10-04T01:45:06.966Z,CVX,-2.0303,3019,2.285,1348.606131
2026-10-04T01:45:06.966Z,AXS,2.987,1750,1.26,1348.606131
2026-10-04T01:45:06.966Z,WCT,-1.5464,57.08,0.04299,1348.606131
2026-10-04T01:45:06.966Z,ME,-0.8568,103.1,0.07711,1348.606131
2026-10-04T01:45:06.966Z,ASTER,3.8379,1000,0.7141,1348.606131
2026-10-04T01:45:06.966Z,GMX,2.0915,11210,8.142,1348.606131
2026-10-04T01:45:06.966Z,MORPHO,-9.2071,3419,2.7923,1348.606131
2026-10-04T01:45:06.966Z,MON,-3.9266,44.7,0.0345,1348.606131
2026-10-04T01:45:06.966Z,1INCH,-1.0756,139,0.10419,1348.606131
2026-10-04T01:45:06.966Z,SKY,-4.2329,118.2,0.09152,1348.606131
2026-10-04T01:45:06.966Z,YGG,5.4949,38.84,0.0273,1348.606131
2026-10-04T01:45:06.966Z,BIO,-0.9652,41.43,0.03102,1348.606131
2026-10-04T01:45:06.966Z,MOVE,-1.0981,13.43,0.010069,1348.606131
2026-10-04T01:45:06.966Z,GALA,-3.7066,3.292,0.002535,1348.606131
2026-10-04T01:45:06.966Z,ZK,-0.3608,17.56,0.013068,1348.606131
2026-10-04T01:45:06.966Z,ENS,0.783,9260,6.813,1348.606131
2026-10-04T01:45:06.966Z,INJ,1.1189,10360,7.597,1348.606131
2026-10-04T01:45:06.966Z,KAITO,-4.6207,445.7,0.3465,1348.606131
2026-10-04T01:45:06.966Z,LDO,-2.7292,609.2,0.4644,1348.606131
2026-10-04T01:45:06.966Z,BLUR,30.8458,37.48,0.02124,1348.606131
2026-10-04T01:45:06.966Z,AUCTION,2.1871,5110,3.708,1348.606131
2026-10-04T01:45:06.966Z,ZETA,-0.9443,66.66,0.0499,1348.606131
2026-10-04T01:45:06.966Z,WIF,0.7893,340.9,0.2508,1348.606131
2026-10-04T01:45:06.966Z,KSM,-3.7468,6750,5.2,1348.606131
2026-10-04T01:45:06.966Z,SNX,-7.3704,315.8,0.2528,1348.606131
2026-10-04T01:45:06.966Z,FET,-1.9905,297,0.2247,1348.606131
2026-10-04T01:50:07.096Z,BTC,0.7782,115174000,84742.8,1348.606131
2026-10-04T01:50:07.096Z,XRP,0.7679,2022,1.4879,1348.606131
2026-10-04T01:50:07.096Z,SOL,0.7717,163000,119.94,1348.606131
2026-10-04T01:50:07.096Z,ETH,0.743,3657000,2691.69,1348.606131
2026-10-04T01:50:07.096Z,FIL,1.1432,1443,1.0579,1348.606131
2026-10-04T01:50:07.096Z,TRX,1.48,459.4,0.33568,1348.606131
2026-10-04T01:50:07.096Z,BNB,1.3597,1071000,783.5,1348.606131
2026-10-04T01:50:07.096Z,WLD,0.9846,812.5,0.5966,1348.606131
2026-10-04T01:50:07.096Z,FLOW,0.878,44.99,0.03307,1348.606131
2026-10-04T01:50:07.096Z,LINK,0.7816,19130,14.075,1348.606131
2026-10-04T01:50:07.096Z,DOGE,0.9146,126.2,0.09273,1348.606131
2026-10-04T01:50:07.096Z,SUI,0.943,1605,1.179,1348.606131
2026-10-04T01:50:07.096Z,XLM,0.7569,293.3,0.21585,1348.606131
2026-10-04T01:50:07.096Z,BCH,1.123,433400,317.8,1348.606131
2026-10-04T01:50:07.096Z,AVAX,0.8588,15060,11.072,1348.606131
2026-10-04T01:50:07.096Z,ETC,1.0456,12000,8.806,1348.606131
2026-10-04T01:50:07.096Z,AAVE,5.5696,259800,182.48,1348.606131
2026-10-04T01:50:07.096Z,ADA,2.3565,336.4,0.2437,1348.606131
2026-10-04T01:50:07.096Z,HYPE,0.169,121300,89.793,1348.606131
2026-10-04T01:50:07.096Z,SEI,0.5772,97.85,0.07214,1348.606131
2026-10-04T01:50:07.096Z,HBAR,0.9919,138.5,0.10169,1348.606131
2026-10-04T01:50:07.096Z,ARB,0.1409,272.1,0.20148,1348.606131
2026-10-04T01:50:07.096Z,JTO,0.8184,761.4,0.56,1348.606131
2026-10-04T01:50:07.096Z,ONDO,0.6351,677.5,0.4992,1348.606131
2026-10-04T01:50:07.096Z,QTUM,0.1529,1335,0.9884,1348.606131
2026-10-04T01:50:07.096Z,PYTH,-2.6767,102.1,0.07779,1348.606131
2026-10-04T01:50:07.096Z,APT,0.3717,1081,0.7986,1348.606131
2026-10-04T01:50:07.096Z,UNI,1.1406,12340,9.047,1348.606131
2026-10-04T01:50:07.096Z,TIA,0.3382,634.5,0.4689,1348.606131
2026-10-04T01:50:07.096Z,ALGO,2.1267,178.4,0.12953,1348.606131
2026-10-04T01:50:07.096Z,NEAR,-0.1671,6515,4.839,1348.606131
2026-10-04T01:50:07.096Z,ZIL,-4.1431,4.5,0.003481,1348.606131
2026-10-04T01:50:07.096Z,SUSHI,-2.4518,335.2,0.2548,1348.606131
2026-10-04T01:50:07.096Z,PENDLE,-4.8445,3153,2.457,1348.606131
2026-10-04T01:50:07.096Z,XTZ,0.926,438,0.3218,1348.606131
2026-10-04T01:50:07.096Z,W,-1.1571,18.71,0.014036,1348.606131
2026-10-04T01:50:07.096Z,AR,11.259,6740,4.492,1348.606131
2026-10-04T01:50:07.096Z,SHIB,1.4515,0.0078,5.701e-06,1348.606131
2026-10-04T01:50:07.096Z,CELO,18.8612,159.8,0.09969,1348.606131
2026-10-04T01:50:07.096Z,STX,1.9767,521.5,0.3792,1348.606131
2026-10-04T01:50:07.096Z,JUP,0.4933,447.1,0.3299,1348.606131
2026-10-04T01:50:07.096Z,PEPE,0.297,0.0058,4.288e-06,1348.606131
2026-10-04T01:50:07.096Z,DYDX,0.2849,200,0.14788,1348.606131
2026-10-04T01:50:07.096Z,KITE,-16.3229,176.2,0.15614,1348.606131
2026-10-04T01:50:07.096Z,CRV,-0.354,507.7,0.3778,1348.606131
2026-10-04T01:50:07.096Z,ENJ,-1.4088,44.01,0.0331,1348.606131
2026-10-04T01:50:07.096Z,ATOM,22.7441,2824,1.706,1348.606131
2026-10-04T01:50:07.096Z,ICP,1.7169,4605,3.357,1348.606131
2026-10-04T01:50:07.096Z,SPACE,2.0815,7.284,0.005291,1348.606131
2026-10-04T01:50:07.096Z,DOT,1.0917,1609,1.1802,1348.606131
2026-10-04T01:50:07.096Z,ETHFI,-2.9721,944.1,0.7215,1348.606131
2026-10-04T01:50:07.096Z,CC,0.7918,171.8,0.12639,1348.606131
2026-10-04T01:50:07.096Z,SYRUP,1.8917,350.4,0.255,1348.606131
2026-10-04T01:50:07.096Z,TAO,-3.4183,400000,307.1,1348.606131
2026-10-04T01:50:07.096Z,GRAM,-0.3845,2042,1.52,1348.606131
2026-10-04T01:50:07.096Z,RAY,-6.4389,2613,2.0709,1348.606131
2026-10-04T01:50:07.096Z,RENDER,-0.9308,2620,1.961,1348.606131
2026-10-04T01:50:07.096Z,GRASS,1.8955,991.6,0.7216,1348.606131
2026-10-04T01:50:07.096Z,MINA,0.3708,219,0.16179,1348.606131
2026-10-04T01:50:07.096Z,POL,-5.4229,140.2,0.10992,1348.606131
2026-10-04T01:50:07.096Z,ENA,-0.6809,321.1,0.23973,1348.606131
2026-10-04T01:50:07.096Z,SAND,4.509,103,0.07308,1348.606131
2026-10-04T01:50:07.096Z,AERO,-4.4308,1074,0.8333,1348.606131
2026-10-04T01:50:07.096Z,KGEN,-1.2867,213.4,0.1603,1348.606131
2026-10-04T01:50:07.096Z,LIT,3.9864,4977,3.549,1348.606131
2026-10-04T01:50:07.096Z,MANA,3.7834,143.7,0.10267,1348.606131
2026-10-04T01:50:07.096Z,BAND,-0.9673,299.7,0.2244,1348.606131
2026-10-04T01:50:07.096Z,APE,0.4424,219.4,0.16197,1348.606131
2026-10-04T01:50:07.096Z,GMT,2.4584,12.06,0.008728,1348.606131
2026-10-04T01:50:07.096Z,VIRTUAL,-3.2737,1039,0.7965,1348.606131
2026-10-04T01:50:07.096Z,LPT,1.8721,2396,1.744,1348.606131
2026-10-04T01:50:07.096Z,DATA,1.8599,288.2,0.2098,1348.606131
2026-10-04T01:50:07.096Z,THETA,1.3294,308.7,0.2259,1348.606131
2026-10-04T01:50:07.096Z,GRT,0.9928,38.49,0.02826,1348.606131
2026-10-04T01:50:07.096Z,LAYER,2.4668,107.8,0.07801,1348.606131
2026-10-04T01:50:07.096Z,NMR,-0.9946,15320,11.474,1348.606131
2026-10-04T01:50:07.096Z,EIGEN,-9.5525,321.9,0.2639,1348.606131
2026-10-04T01:50:07.096Z,BAT,-5.1239,119.8,0.09363,1348.606131
2026-10-04T01:50:07.096Z,SPK,-3.7411,32.35,0.02492,1348.606131
2026-10-04T01:50:07.096Z,PUMP,3.1015,8.75,0.006293,1348.606131
2026-10-04T01:50:07.096Z,KMNO,-5.1507,52.01,0.04066,1348.606131
2026-10-04T01:50:07.096Z,CHZ,-6.5114,21.32,0.01691,1348.606131
2026-10-04T01:50:07.096Z,PENGU,4.5476,12.97,0.009199,1348.606131
2026-10-04T01:50:07.096Z,OP,-4.1976,174.2,0.13483,1348.606131
2026-10-04T01:50:07.096Z,UMA,3.6813,560,0.4005,1348.606131
2026-10-04T01:50:07.096Z,ZRO,-0.9067,2721,2.0361,1348.606131
2026-10-04T01:50:07.096Z,S,-4.3919,52.8,0.04095,1348.606131
2026-10-04T01:50:07.096Z,IMX,1.3433,249.7,0.1827,1348.606131
2026-10-04T01:50:07.096Z,A,1.9522,130,0.09455,1348.606131
2026-10-04T01:50:07.096Z,ATH,-1.9254,9.4,0.007107,1348.606131
2026-10-04T01:50:07.096Z,COMP,12.1977,38100,25.18,1348.606131
2026-10-04T01:50:07.096Z,CVX,-2.116,3019,2.287,1348.606131
2026-10-04T01:50:07.096Z,AXS,3.2492,1750,1.2568,1348.606131
2026-10-04T01:50:07.096Z,WCT,-1.3629,57.08,0.04291,1348.606131
2026-10-04T01:50:07.096Z,ME,-0.8825,103.1,0.07713,1348.606131
2026-10-04T01:50:07.096Z,ASTER,3.867,1000,0.7139,1348.606131
2026-10-04T01:50:07.096Z,GMX,1.9912,11210,8.15,1348.606131
2026-10-04T01:50:07.096Z,MORPHO,-9.324,3419,2.7959,1348.606131
2026-10-04T01:50:07.096Z,MON,-4.5628,44.7,0.03473,1348.606131
2026-10-04T01:50:07.096Z,1INCH,-1.4821,139,0.10462,1348.606131
2026-10-04T01:50:07.096Z,SKY,-4.1491,118.2,0.09144,1348.606131
2026-10-04T01:50:07.096Z,YGG,5.4949,38.84,0.0273,1348.606131
2026-10-04T01:50:07.096Z,BIO,-1.0608,41.43,0.03105,1348.606131
2026-10-04T01:50:07.096Z,MOVE,-0.7136,13.43,0.01003,1348.606131
2026-10-04T01:50:07.096Z,GALA,-3.6686,3.292,0.002534,1348.606131
2026-10-04T01:50:07.096Z,ZK,-0.4294,17.56,0.013077,1348.606131
2026-10-04T01:50:07.096Z,ENS,0.7387,9260,6.816,1348.606131
2026-10-04T01:50:07.096Z,INJ,1.319,10360,7.582,1348.606131
2026-10-04T01:50:07.096Z,KAITO,-4.6757,445.7,0.3467,1348.606131
2026-10-04T01:50:07.096Z,LDO,-2.8129,609.2,0.4648,1348.606131
2026-10-04T01:50:07.096Z,BLUR,30.5999,37.48,0.02128,1348.606131
2026-10-04T01:50:07.096Z,AUCTION,2.132,5110,3.71,1348.606131
2026-10-04T01:50:07.096Z,ZETA,-1.0038,66.66,0.04993,1348.606131
2026-10-04T01:50:07.096Z,WIF,0.8697,340.9,0.2506,1348.606131
2026-10-04T01:50:07.096Z,KSM,-3.8023,6750,5.203,1348.606131
2026-10-04T01:50:07.096Z,SNX,-7.4436,315.8,0.253,1348.606131
2026-10-04T01:50:07.096Z,FET,-2.0341,297,0.2248,1348.606131
2026-10-04T01:55:06.977Z,BTC,0.7661,115201000,84772.8,1348.606131
2026-10-04T01:55:06.977Z,XRP,0.7747,2022,1.4878,1348.606131
2026-10-04T01:55:06.977Z,SOL,0.6458,163000,120.09,1348.606131
2026-10-04T01:55:06.977Z,ETH,0.7315,3659000,2693.47,1348.606131
2026-10-04T01:55:06.977Z,FIL,1.2676,1443,1.0566,1348.606131
2026-10-04T01:55:06.977Z,TRX,1.4951,459.4,0.33563,1348.606131
2026-10-04T01:55:06.977Z,BNB,1.2821,1071000,784.1,1348.606131
2026-10-04T01:55:06.977Z,WLD,0.8434,808.1,0.5942,1348.606131
2026-10-04T01:55:06.977Z,FLOW,1.3685,44.99,0.03291,1348.606131
2026-10-04T01:55:06.977Z,LINK,0.8031,19130,14.072,1348.606131
2026-10-04T01:55:06.977Z,DOGE,0.9472,126.2,0.0927,1348.606131
2026-10-04T01:55:06.977Z,SUI,0.9944,1605,1.1784,1348.606131
2026-10-04T01:55:06.977Z,XLM,0.8784,293.3,0.21559,1348.606131
2026-10-04T01:55:06.977Z,BCH,1.1548,433400,317.7,1348.606131
2026-10-04T01:55:06.977Z,AVAX,0.9044,15060,11.067,1348.606131
2026-10-04T01:55:06.977Z,ETC,1.08,12000,8.803,1348.606131
2026-10-04T01:55:06.977Z,AAVE,5.6043,259800,182.42,1348.606131
2026-10-04T01:55:06.977Z,ADA,2.4405,336.4,0.2435,1348.606131
2026-10-04T01:55:06.977Z,HYPE,0.2002,121300,89.765,1348.606131
2026-10-04T01:55:06.977Z,SEI,0.6609,97.85,0.07208,1348.606131
2026-10-04T01:55:06.977Z,HBAR,1.1311,138.5,0.10155,1348.606131
2026-10-04T01:55:06.977Z,ARB,0.1906,272.1,0.20138,1348.606131
2026-10-04T01:55:06.977Z,JTO,0.9446,761.4,0.5593,1348.606131
2026-10-04T01:55:06.977Z,ONDO,0.7967,677.5,0.4984,1348.606131
2026-10-04T01:55:06.977Z,QTUM,0.3661,1335,0.9863,1348.606131
2026-10-04T01:55:06.977Z,PYTH,-2.7142,102.1,0.07782,1348.606131
2026-10-04T01:55:06.977Z,APT,0.5858,1081,0.7969,1348.606131
2026-10-04T01:55:06.977Z,UNI,1.2637,12340,9.036,1348.606131
2026-10-04T01:55:06.977Z,TIA,0.5956,634.5,0.4677,1348.606131
2026-10-04T01:55:06.977Z,ALGO,2.1819,178.4,0.12946,1348.606131
2026-10-04T01:55:06.977Z,NEAR,-0.3935,6515,4.85,1348.606131
2026-10-04T01:55:06.977Z,ZIL,-4.1156,4.5,0.00348,1348.606131
2026-10-04T01:55:06.977Z,SUSHI,-2.3368,335.2,0.2545,1348.606131
2026-10-04T01:55:06.977Z,PENDLE,-4.6505,3153,2.452,1348.606131
2026-10-04T01:55:06.977Z,XTZ,0.926,438,0.3218,1348.606131
2026-10-04T01:55:06.977Z,W,-1.1501,18.71,0.014035,1348.606131
2026-10-04T01:55:06.977Z,AR,11.4575,6740,4.484,1348.606131
2026-10-04T01:55:06.977Z,SHIB,1.4871,0.0078,5.699e-06,1348.606131
2026-10-04T01:55:06.977Z,CELO,19.1001,159.8,0.09949,1348.606131
2026-10-04T01:55:06.977Z,STX,2.0305,521.5,0.379,1348.606131
2026-10-04T01:55:06.977Z,JUP,0.4933,447.1,0.3299,1348.606131
2026-10-04T01:55:06.977Z,PEPE,0.3438,0.0058,4.286e-06,1348.606131
2026-10-04T01:55:06.977Z,DYDX,0.5228,200,0.14753,1348.606131
2026-10-04T01:55:06.977Z,KITE,-16.6911,176.2,0.15683,1348.606131
2026-10-04T01:55:06.977Z,CRV,-0.2748,507.7,0.3775,1348.606131
2026-10-04T01:55:06.977Z,ENJ,-1.08,44.01,0.03299,1348.606131
2026-10-04T01:55:06.977Z,ATOM,22.8161,2824,1.705,1348.606131
2026-10-04T01:55:06.977Z,ICP,1.9295,4605,3.35,1348.606131
2026-10-04T01:55:06.977Z,SPACE,2.1394,7.284,0.005288,1348.606131
2026-10-04T01:55:06.977Z,DOT,1.186,1609,1.1791,1348.606131
2026-10-04T01:55:06.977Z,ETHFI,-2.8644,944.1,0.7207,1348.606131
2026-10-04T01:55:06.977Z,CC,0.8317,171.8,0.12634,1348.606131
2026-10-04T01:55:06.977Z,SYRUP,2.132,350.4,0.2544,1348.606131
2026-10-04T01:55:06.977Z,TAO,-3.4811,400000,307.3,1348.606131
2026-10-04T01:55:06.977Z,GRAM,-0.2532,2042,1.518,1348.606131
2026-10-04T01:55:06.977Z,RAY,-6.4163,2613,2.0704,1348.606131
2026-10-04T01:55:06.977Z,RENDER,-0.8297,2620,1.959,1348.606131
2026-10-04T01:55:06.977Z,GRASS,2.4349,991.6,0.7178,1348.606131
2026-10-04T01:55:06.977Z,MINA,0.9699,219,0.16083,1348.606131
2026-10-04T01:55:06.977Z,POL,-5.3195,140.2,0.1098,1348.606131
2026-10-04T01:55:06.977Z,ENA,-0.39,321.1,0.23903,1348.606131
2026-10-04T01:55:06.977Z,SAND,4.767,103,0.0729,1348.606131
2026-10-04T01:55:06.977Z,AERO,-4.4767,1074,0.8337,1348.606131
2026-10-04T01:55:06.977Z,KGEN,-1.2867,213.4,0.1603,1348.606131
2026-10-04T01:55:06.977Z,LIT,3.8986,4977,3.552,1348.606131
2026-10-04T01:55:06.977Z,MANA,4.4447,143.7,0.10202,1348.606131
2026-10-04T01:55:06.977Z,BAND,-0.9231,299.7,0.2243,1348.606131
2026-10-04T01:55:06.977Z,APE,0.461,219.4,0.16194,1348.606131
2026-10-04T01:55:06.977Z,GMT,2.1191,12.06,0.008757,1348.606131
2026-10-04T01:55:06.977Z,VIRTUAL,-3.1764,1039,0.7957,1348.606131
2026-10-04T01:55:06.977Z,LPT,1.989,2396,1.742,1348.606131
2026-10-04T01:55:06.977Z,DATA,1.8114,288.2,0.2099,1348.606131
2026-10-04T01:55:06.977Z,THETA,1.5541,308.7,0.2254,1348.606131
2026-10-04T01:55:06.977Z,GRT,1.136,38.49,0.02822,1348.606131
2026-10-04T01:55:06.977Z,LAYER,1.9571,107.8,0.0784,1348.606131
2026-10-04T01:55:06.977Z,NMR,-0.6396,15320,11.433,1348.606131
2026-10-04T01:55:06.977Z,EIGEN,-8.8966,321.9,0.262,1348.606131
2026-10-04T01:55:06.977Z,BAT,-4.8394,119.8,0.09335,1348.606131
2026-10-04T01:55:06.977Z,SPK,-3.5475,32.35,0.02487,1348.606131
2026-10-04T01:55:06.977Z,PUMP,3.1999,8.75,0.006287,1348.606131
2026-10-04T01:55:06.977Z,KMNO,-5.1973,52.01,0.04068,1348.606131
2026-10-04T01:55:06.977Z,CHZ,-6.5114,21.32,0.01691,1348.606131
2026-10-04T01:55:06.977Z,PENGU,4.6386,12.97,0.009191,1348.606131
2026-10-04T01:55:06.977Z,OP,-3.9482,174.2,0.13448,1348.606131
2026-10-04T01:55:06.977Z,UMA,3.6813,560,0.4005,1348.606131
2026-10-04T01:55:06.977Z,ZRO,-0.697,2721,2.0318,1348.606131
2026-10-04T01:55:06.977Z,S,-4.6944,52.8,0.04108,1348.606131
2026-10-04T01:55:06.977Z,IMX,1.4432,249.7,0.18252,1348.606131
2026-10-04T01:55:06.977Z,A,1.9414,130,0.09456,1348.606131
2026-10-04T01:55:06.977Z,ATH,-1.4679,9.4,0.007074,1348.606131
2026-10-04T01:55:06.977Z,COMP,12.0642,38100,25.21,1348.606131
2026-10-04T01:55:06.977Z,CVX,-2.0732,3019,2.286,1348.606131
2026-10-04T01:55:06.977Z,AXS,4.7325,1750,1.239,1348.606131
2026-10-04T01:55:06.977Z,WCT,-1.3169,57.08,0.04289,1348.606131
2026-10-04T01:55:06.977Z,ME,-0.8825,103.1,0.07713,1348.606131
2026-10-04T01:55:06.977Z,ASTER,3.9106,1000,0.7136,1348.606131
2026-10-04T01:55:06.977Z,GMX,2.0539,11210,8.145,1348.606131
2026-10-04T01:55:06.977Z,MORPHO,-9.2721,3419,2.7943,1348.606131
2026-10-04T01:55:06.977Z,MON,-4.7548,44.7,0.0348,1348.606131
2026-10-04T01:55:06.977Z,1INCH,-1.1894,139,0.10431,1348.606131
2026-10-04T01:55:06.977Z,SKY,-4.3374,118.2,0.09162,1348.606131
2026-10-04T01:55:06.977Z,YGG,5.6885,38.84,0.02725,1348.606131
2026-10-04T01:55:06.977Z,BIO,-0.9652,41.43,0.03102,1348.606131
2026-10-04T01:55:06.977Z,MOVE,-1.0195,13.43,0.010061,1348.606131
2026-10-04T01:55:06.977Z,GALA,-3.5162,3.292,0.00253,1348.606131
2026-10-04T01:55:06.977Z,ZK,-0.2998,17.56,0.01306,1348.606131
2026-10-04T01:55:06.977Z,ENS,0.7978,9260,6.812,1348.606131
2026-10-04T01:55:06.977Z,INJ,1.4126,10360,7.575,1348.606131
2026-10-04T01:55:06.977Z,KAITO,-4.538,445.7,0.3462,1348.606131
2026-10-04T01:55:06.977Z,LDO,-2.6873,609.2,0.4642,1348.606131
2026-10-04T01:55:06.977Z,BLUR,30.7228,37.48,0.02126,1348.606131
2026-10-04T01:55:06.977Z,AUCTION,2.2147,5110,3.707,1348.606131
2026-10-04T01:55:06.977Z,ZETA,-0.9641,66.66,0.04991,1348.606131
2026-10-04T01:55:06.977Z,WIF,0.9503,340.9,0.2504,1348.606131
2026-10-04T01:55:06.977Z,KSM,-3.7097,6750,5.198,1348.606131
2026-10-04T01:55:06.977Z,SNX,-7.4436,315.8,0.253,1348.606131
2026-10-04T01:55:06.977Z,FET,-1.8595,297,0.2244,1348.606131
2026-10-04T02:00:07.256Z,BTC,0.8098,115252000,84773.6,1348.606131
2026-10-04T02:00:07.256Z,XRP,0.8153,2022,1.4872,1348.606131
2026-10-04T02:00:07.256Z,SOL,0.6458,163000,120.09,1348.606131
2026-10-04T02:00:07.256Z,ETH,0.7541,3660000,2693.6,1348.606131
2026-10-04T02:00:07.256Z,FIL,1.3156,1443,1.0561,1348.606131
2026-10-04T02:00:07.256Z,TRX,1.5042,459.4,0.3356,1348.606131
2026-10-04T02:00:07.256Z,BNB,1.3209,1071000,783.8,1348.606131
2026-10-04T02:00:07.256Z,WLD,0.7714,806.3,0.5933,1348.606131
2026-10-04T02:00:07.256Z,FLOW,1.3685,44.99,0.03291,1348.606131
2026-10-04T02:00:07.256Z,LINK,0.8031,19130,14.072,1348.606131
2026-10-04T02:00:07.256Z,DOGE,0.8928,126.2,0.09275,1348.606131
2026-10-04T02:00:07.256Z,SUI,0.7738,1600,1.1773,1348.606131
2026-10-04T02:00:07.256Z,XLM,0.9862,293.3,0.21536,1348.606131
2026-10-04T02:00:07.256Z,BCH,1.0912,433400,317.9,1348.606131
2026-10-04T02:00:07.256Z,AVAX,0.9135,15060,11.066,1348.606131
2026-10-04T02:00:07.256Z,ETC,1.149,12000,8.797,1348.606131
2026-10-04T02:00:07.256Z,AAVE,5.5696,259800,182.48,1348.606131
2026-10-04T02:00:07.256Z,ADA,2.4405,336.4,0.2435,1348.606131
2026-10-04T02:00:07.256Z,HYPE,0.3343,121300,89.645,1348.606131
2026-10-04T02:00:07.256Z,SEI,0.7868,97.85,0.07199,1348.606131
2026-10-04T02:00:07.256Z,HBAR,1.151,138.5,0.10153,1348.606131
2026-10-04T02:00:07.256Z,ARB,0.2952,272.1,0.20117,1348.606131
2026-10-04T02:00:07.256Z,JTO,1.1979,761.4,0.5579,1348.606131
2026-10-04T02:00:07.256Z,ONDO,0.8169,677.5,0.4983,1348.606131
2026-10-04T02:00:07.256Z,QTUM,0.3153,1335,0.9868,1348.606131
2026-10-04T02:00:07.256Z,PYTH,-2.5514,102.1,0.07769,1348.606131
2026-10-04T02:00:07.256Z,APT,0.7755,1081,0.7954,1348.606131
2026-10-04T02:00:07.256Z,UNI,1.2861,12340,9.034,1348.606131
2026-10-04T02:00:07.256Z,TIA,0.768,634.5,0.4669,1348.606131
2026-10-04T02:00:07.256Z,ALGO,2.2135,178.4,0.12942,1348.606131
2026-10-04T02:00:07.256Z,NEAR,0.788,6595,4.852,1348.606131
2026-10-04T02:00:07.256Z,ZIL,-4.1431,4.5,0.003481,1348.606131
2026-10-04T02:00:07.256Z,SUSHI,-2.2984,335.2,0.2544,1348.606131
2026-10-04T02:00:07.256Z,PENDLE,-4.767,3153,2.455,1348.606131
2026-10-04T02:00:07.256Z,XTZ,0.832,438,0.3221,1348.606131
2026-10-04T02:00:07.256Z,W,-1.0443,18.71,0.01402,1348.606131
2026-10-04T02:00:07.256Z,AR,11.7066,6740,4.474,1348.606131
2026-10-04T02:00:07.256Z,SHIB,1.5762,0.0078,5.694e-06,1348.606131
2026-10-04T02:00:07.256Z,CELO,19.172,159.8,0.09943,1348.606131
2026-10-04T02:00:07.256Z,STX,1.0469,516.2,0.3788,1348.606131
2026-10-04T02:00:07.256Z,JUP,0.5543,447.1,0.3297,1348.606131
2026-10-04T02:00:07.256Z,PEPE,0.3907,0.0058,4.284e-06,1348.606131
2026-10-04T02:00:07.256Z,DYDX,0.6866,200,0.14729,1348.606131
2026-10-04T02:00:07.256Z,KITE,-16.6379,176.2,0.15673,1348.606131
2026-10-04T02:00:07.256Z,CRV,-0.1954,507.7,0.3772,1348.606131
2026-10-04T02:00:07.256Z,ENJ,-1.14,44.01,0.03301,1348.606131
2026-10-04T02:00:07.256Z,ATOM,22.9603,2824,1.703,1348.606131
2026-10-04T02:00:07.256Z,ICP,2.0818,4605,3.345,1348.606131
2026-10-04T02:00:07.256Z,SPACE,2.0429,7.284,0.005293,1348.606131
2026-10-04T02:00:07.256Z,DOT,0.9799,1603,1.1771,1348.606131
2026-10-04T02:00:07.256Z,ETHFI,-2.8375,944.1,0.7205,1348.606131
2026-10-04T02:00:07.256Z,CC,1.0878,171.8,0.12602,1348.606131
2026-10-04T02:00:07.256Z,SYRUP,1.9717,350.4,0.2548,1348.606131
2026-10-04T02:00:07.256Z,TAO,-3.7317,400000,308.1,1348.606131
2026-10-04T02:00:07.256Z,GRAM,-0.3189,2042,1.519,1348.606131
2026-10-04T02:00:07.256Z,RAY,-6.1216,2613,2.0639,1348.606131
2026-10-04T02:00:07.256Z,RENDER,-0.7283,2620,1.957,1348.606131
2026-10-04T02:00:07.256Z,GRASS,2.7211,991.6,0.7158,1348.606131
2026-10-04T02:00:07.256Z,MINA,0.8382,219,0.16104,1348.606131
2026-10-04T02:00:07.256Z,POL,-5.2246,140.2,0.10969,1348.606131
2026-10-04T02:00:07.256Z,ENA,-0.4317,321.1,0.23913,1348.606131
2026-10-04T02:00:07.256Z,SAND,4.5948,103,0.07302,1348.606131
2026-10-04T02:00:07.256Z,AERO,-4.4652,1074,0.8336,1348.606131
2026-10-04T02:00:07.256Z,KGEN,-1.4097,213.4,0.1605,1348.606131
2026-10-04T02:00:07.256Z,LIT,3.8664,4977,3.5531,1348.606131
2026-10-04T02:00:07.256Z,MANA,4.5061,143.7,0.10196,1348.606131
2026-10-04T02:00:07.256Z,BAND,-0.8789,299.7,0.2242,1348.606131
2026-10-04T02:00:07.256Z,APE,0.716,219.4,0.16153,1348.606131
2026-10-04T02:00:07.256Z,GMT,1.8516,12.06,0.00878,1348.606131
2026-10-04T02:00:07.256Z,VIRTUAL,-3.079,1039,0.7949,1348.606131
2026-10-04T02:00:07.256Z,LPT,2.2238,2396,1.738,1348.606131
2026-10-04T02:00:07.256Z,DATA,1.9085,288.2,0.2097,1348.606131
2026-10-04T02:00:07.256Z,THETA,1.4641,308.7,0.2256,1348.606131
2026-10-04T02:00:07.256Z,GRT,1.2077,38.49,0.0282,1348.606131
2026-10-04T02:00:07.256Z,LAYER,2.0222,107.8,0.07835,1348.606131
2026-10-04T02:00:07.256Z,NMR,-0.5178,15320,11.419,1348.606131
2026-10-04T02:00:07.256Z,EIGEN,-8.7922,321.9,0.2617,1348.606131
2026-10-04T02:00:07.256Z,BAT,-4.992,119.8,0.0935,1348.606131
2026-10-04T02:00:07.256Z,SPK,-3.4699,32.35,0.02485,1348.606131
2026-10-04T02:00:07.256Z,PUMP,3.2328,8.75,0.006285,1348.606131
2026-10-04T02:00:07.256Z,KMNO,-5.1507,52.01,0.04066,1348.606131
2026-10-04T02:00:07.256Z,CHZ,-6.4561,21.32,0.0169,1348.606131
2026-10-04T02:00:07.256Z,PENGU,4.844,12.97,0.009173,1348.606131
2026-10-04T02:00:07.256Z,OP,-3.6401,174.2,0.13405,1348.606131
2026-10-04T02:00:07.256Z,UMA,3.6037,560,0.4008,1348.606131
2026-10-04T02:00:07.256Z,ZRO,-0.6823,2721,2.0315,1348.606131
2026-10-04T02:00:07.256Z,S,-4.5783,52.8,0.04103,1348.606131
2026-10-04T02:00:07.256Z,IMX,1.4321,249.7,0.18254,1348.606131
2026-10-04T02:00:07.256Z,A,1.963,130,0.09454,1348.606131
2026-10-04T02:00:07.256Z,ATH,-1.7596,9.4,0.007095,1348.606131
2026-10-04T02:00:07.256Z,COMP,12.3316,38100,25.15,1348.606131
2026-10-04T02:00:07.256Z,CVX,-2.0732,3019,2.286,1348.606131
2026-10-04T02:00:07.256Z,AXS,4.9528,1750,1.2364,1348.606131
2026-10-04T02:00:07.256Z,WCT,-1.3859,57.08,0.04292,1348.606131
2026-10-04T02:00:07.256Z,ME,-0.9467,103.1,0.07718,1348.606131
2026-10-04T02:00:07.256Z,ASTER,3.9543,1000,0.7133,1348.606131
2026-10-04T02:00:07.256Z,GMX,1.9787,11210,8.151,1348.606131
2026-10-04T02:00:07.256Z,MORPHO,-9.1388,3419,2.7902,1348.606131
2026-10-04T02:00:07.256Z,MON,-4.4803,44.7,0.0347,1348.606131
2026-10-04T02:00:07.256Z,1INCH,-0.9995,139,0.10411,1348.606131
2026-10-04T02:00:07.256Z,SKY,-4.2224,118.2,0.09151,1348.606131
2026-10-04T02:00:07.256Z,YGG,5.7273,38.84,0.02724,1348.606131
2026-10-04T02:00:07.256Z,BIO,-0.8693,41.43,0.03099,1348.606131
2026-10-04T02:00:07.256Z,MOVE,-1.1276,13.43,0.010072,1348.606131
2026-10-04T02:00:07.256Z,GALA,-3.2102,3.292,0.002522,1348.606131
2026-10-04T02:00:07.256Z,ZK,-0.2692,17.56,0.013056,1348.606131
2026-10-04T02:00:07.256Z,ENS,0.8422,9260,6.809,1348.606131
2026-10-04T02:00:07.256Z,INJ,1.5064,10360,7.568,1348.606131
2026-10-04T02:00:07.256Z,KAITO,-4.4828,445.7,0.346,1348.606131
2026-10-04T02:00:07.256Z,LDO,-2.4561,609.2,0.4631,1348.606131
2026-10-04T02:00:07.256Z,BLUR,30.8458,37.48,0.02124,1348.606131
2026-10-04T02:00:07.256Z,AUCTION,2.1595,5110,3.709,1348.606131
2026-10-04T02:00:07.256Z,ZETA,-1.4774,66.66,0.05017,1348.606131
2026-10-04T02:00:07.256Z,WIF,1.1523,340.9,0.2499,1348.606131
2026-10-04T02:00:07.256Z,KSM,-3.7838,6750,5.202,1348.606131
2026-10-04T02:00:07.256Z,SNX,-7.407,315.8,0.2529,1348.606131
2026-10-04T02:00:07.256Z,FET,-1.6842,297,0.224,1348.606131
2026-10-04T02:05:06.937Z,BTC,0.7655,115259000,84816,1348.606131
2026-10-04T02:05:06.937Z,XRP,0.7617,2025,1.4902,1348.606131
2026-10-04T02:05:06.937Z,SOL,0.837,163500,120.23,1348.606131
2026-10-04T02:05:06.937Z,ETH,0.7208,3660000,2694.49,1348.606131
2026-10-04T02:05:06.937Z,FIL,1.4774,1449,1.0588,1348.606131
2026-10-04T02:05:06.937Z,TRX,1.5435,459.4,0.33547,1348.606131
2026-10-04T02:05:06.937Z,BNB,1.3338,1071000,783.7,1348.606131
2026-10-04T02:05:06.937Z,WLD,0.6526,806.3,0.594,1348.606131
2026-10-04T02:05:06.937Z,FLOW,1.5227,44.99,0.03286,1348.606131
2026-10-04T02:05:06.937Z,LINK,1.0499,19200,14.089,1348.606131
2026-10-04T02:05:06.937Z,DOGE,0.7191,126.2,0.09291,1348.606131
2026-10-04T02:05:06.937Z,SUI,0.6536,1608,1.1846,1348.606131
2026-10-04T02:05:06.937Z,XLM,0.6683,293.3,0.21604,1348.606131
2026-10-04T02:05:06.937Z,BCH,0.9324,433400,318.4,1348.606131
2026-10-04T02:05:06.937Z,AVAX,0.7951,15060,11.079,1348.606131
2026-10-04T02:05:06.937Z,ETC,1.0341,12000,8.807,1348.606131
2026-10-04T02:05:06.937Z,AAVE,5.4771,259800,182.64,1348.606131
2026-10-04T02:05:06.937Z,ADA,2.0558,336.1,0.2442,1348.606131
2026-10-04T02:05:06.937Z,HYPE,0.2661,121300,89.706,1348.606131
2026-10-04T02:05:06.937Z,SEI,0.4936,97.85,0.0722,1348.606131
2026-10-04T02:05:06.937Z,HBAR,0.8233,138.5,0.10186,1348.606131
2026-10-04T02:05:06.937Z,ARB,-0.1367,272.1,0.20204,1348.606131
2026-10-04T02:05:06.937Z,JTO,1.0349,761.4,0.5588,1348.606131
2026-10-04T02:05:06.937Z,ONDO,0.7158,677.5,0.4988,1348.606131
2026-10-04T02:05:06.937Z,QTUM,0.0415,1335,0.9895,1348.606131
2026-10-04T02:05:06.937Z,PYTH,-2.6892,102.1,0.0778,1348.606131
2026-10-04T02:05:06.937Z,APT,0.5101,1081,0.7975,1348.606131
2026-10-04T02:05:06.937Z,UNI,1.1629,12340,9.045,1348.606131
2026-10-04T02:05:06.937Z,TIA,0.6602,634.5,0.4674,1348.606131
2026-10-04T02:05:06.937Z,ALGO,1.9693,178.4,0.12973,1348.606131
2026-10-04T02:05:06.937Z,NEAR,0.3886,6600,4.875,1348.606131
2026-10-04T02:05:06.937Z,ZIL,-4.609,4.5,0.003498,1348.606131
2026-10-04T02:05:06.937Z,SUSHI,-2.5665,335.2,0.2551,1348.606131
2026-10-04T02:05:06.937Z,PENDLE,-4.9219,3153,2.459,1348.606131
2026-10-04T02:05:06.937Z,XTZ,0.6757,438,0.3226,1348.606131
2026-10-04T02:05:06.937Z,W,-1.8703,18.71,0.014138,1348.606131
2026-10-04T02:05:06.937Z,AR,11.5072,6740,4.482,1348.606131
2026-10-04T02:05:06.937Z,SHIB,1.4871,0.0078,5.699e-06,1348.606131
2026-10-04T02:05:06.937Z,CELO,18.7659,159.8,0.09977,1348.606131
2026-10-04T02:05:06.937Z,STX,0.8605,516.2,0.3795,1348.606131
2026-10-04T02:05:06.937Z,JUP,0.2805,447.1,0.3306,1348.606131
2026-10-04T02:05:06.937Z,PEPE,0.1336,0.0058,4.295e-06,1348.606131
2026-10-04T02:05:06.937Z,DYDX,0.2849,200,0.14788,1348.606131
2026-10-04T02:05:06.937Z,KITE,-17.0612,176.2,0.15753,1348.606131
2026-10-04T02:05:06.937Z,CRV,-0.5382,507.7,0.3785,1348.606131
2026-10-04T02:05:06.937Z,ENJ,-0.96,44.01,0.03295,1348.606131
2026-10-04T02:05:06.937Z,ATOM,22.6722,2824,1.707,1348.606131
2026-10-04T02:05:06.937Z,ICP,2.204,4605,3.341,1348.606131
2026-10-04T02:05:06.937Z,SPACE,1.7737,7.284,0.005307,1348.606131
2026-10-04T02:05:06.937Z,DOT,0.7659,1603,1.1796,1348.606131
2026-10-04T02:05:06.937Z,ETHFI,-3.1734,944.1,0.723,1348.606131
2026-10-04T02:05:06.937Z,CC,0.9516,171.8,0.12619,1348.606131
2026-10-04T02:05:06.937Z,SYRUP,1.573,350.4,0.2558,1348.606131
2026-10-04T02:05:06.937Z,TAO,-4.2291,400000,309.7,1348.606131
2026-10-04T02:05:06.937Z,GRAM,-0.3845,2042,1.52,1348.606131
2026-10-04T02:05:06.937Z,RAY,-6.0306,2613,2.0619,1348.606131
2026-10-04T02:05:06.937Z,RENDER,-0.8803,2620,1.96,1348.606131
2026-10-04T02:05:06.937Z,GRASS,2.6924,991.6,0.716,1348.606131
2026-10-04T02:05:06.937Z,MINA,0.8007,219,0.1611,1348.606131
2026-10-04T02:05:06.937Z,POL,-5.3884,140.2,0.10988,1348.606131
2026-10-04T02:05:06.937Z,ENA,-0.7637,321.1,0.23993,1348.606131
2026-10-04T02:05:06.937Z,SAND,4.6378,103,0.07299,1348.606131
2026-10-04T02:05:06.937Z,AERO,-4.8306,1074,0.8368,1348.606131
2026-10-04T02:05:06.937Z,KGEN,-1.4097,213.4,0.1605,1348.606131
2026-10-04T02:05:06.937Z,LIT,3.7204,4977,3.5581,1348.606131
2026-10-04T02:05:06.937Z,MANA,4.5779,143.7,0.10189,1348.606131
2026-10-04T02:05:06.937Z,BAND,-1.2314,299.7,0.225,1348.606131
2026-10-04T02:05:06.937Z,APE,0.1887,219.4,0.16238,1348.606131
2026-10-04T02:05:06.937Z,GMT,1.5854,12.06,0.008803,1348.606131
2026-10-04T02:05:06.937Z,VIRTUAL,-3.6487,1039,0.7996,1348.606131
2026-10-04T02:05:06.937Z,LPT,1.9305,2396,1.743,1348.606131
2026-10-04T02:05:06.937Z,DATA,1.8114,288.2,0.2099,1348.606131
2026-10-04T02:05:06.937Z,THETA,1.3294,308.7,0.2259,1348.606131
2026-10-04T02:05:06.937Z,GRT,0.9571,38.49,0.02827,1348.606131
2026-10-04T02:05:06.937Z,LAYER,1.646,107.8,0.07864,1348.606131
2026-10-04T02:05:06.937Z,NMR,-0.6309,15320,11.432,1348.606131
2026-10-04T02:05:06.937Z,EIGEN,-8.8618,321.9,0.2619,1348.606131
2026-10-04T02:05:06.937Z,BAT,-5.678,119.8,0.09418,1348.606131
2026-10-04T02:05:06.937Z,SPK,-3.625,32.35,0.02489,1348.606131
2026-10-04T02:05:06.937Z,PUMP,3.6947,8.75,0.006257,1348.606131
2026-10-04T02:05:06.937Z,KMNO,-5.6611,52.01,0.04088,1348.606131
2026-10-04T02:05:06.937Z,CHZ,-6.842,21.32,0.01697,1348.606131
2026-10-04T02:05:06.937Z,PENGU,4.3774,12.97,0.009214,1348.606131
2026-10-04T02:05:06.937Z,OP,-3.7622,174.2,0.13422,1348.606131
2026-10-04T02:05:06.937Z,UMA,3.3201,560,0.4019,1348.606131
2026-10-04T02:05:06.937Z,ZRO,-1.0816,2721,2.0397,1348.606131
2026-10-04T02:05:06.937Z,S,-4.4618,52.8,0.04098,1348.606131
2026-10-04T02:05:06.937Z,IMX,1.0667,249.7,0.1832,1348.606131
2026-10-04T02:05:06.937Z,A,1.7692,130,0.09472,1348.606131
2026-10-04T02:05:06.937Z,ATH,-2.077,9.4,0.007118,1348.606131
2026-10-04T02:05:06.937Z,COMP,12.1532,38100,25.19,1348.606131
2026-10-04T02:05:06.937Z,CVX,-2.4572,3019,2.295,1348.606131
2026-10-04T02:05:06.937Z,AXS,5.4474,1750,1.2306,1348.606131
2026-10-04T02:05:06.937Z,WCT,-1.8433,57.08,0.04312,1348.606131
2026-10-04T02:05:06.937Z,ME,-1.2538,103.1,0.07742,1348.606131
2026-10-04T02:05:06.937Z,ASTER,3.867,1000,0.7139,1348.606131
2026-10-04T02:05:06.937Z,GMX,2.0915,11210,8.142,1348.606131
2026-10-04T02:05:06.937Z,MORPHO,-9.1192,3419,2.7896,1348.606131
2026-10-04T02:05:06.937Z,MON,-0.1984,46.3,0.0344,1348.606131
2026-10-04T02:05:06.937Z,1INCH,-1.2934,139,0.10442,1348.606131
2026-10-04T02:05:06.937Z,SKY,-4.5562,118.2,0.09183,1348.606131
2026-10-04T02:05:06.937Z,YGG,5.5336,38.84,0.02729,1348.606131
2026-10-04T02:05:06.937Z,BIO,-1.1563,41.43,0.03108,1348.606131
2026-10-04T02:05:06.937Z,MOVE,-2.2725,13.43,0.01019,1348.606131
2026-10-04T02:05:06.937Z,GALA,-3.4017,3.292,0.002527,1348.606131
2026-10-04T02:05:06.937Z,ZK,-0.5662,17.56,0.013095,1348.606131
2026-10-04T02:05:06.937Z,ENS,0.7387,9260,6.816,1348.606131
2026-10-04T02:05:06.937Z,INJ,1.2789,10360,7.585,1348.606131
2026-10-04T02:05:06.937Z,KAITO,-4.6482,445.7,0.3466,1348.606131
2026-10-04T02:05:06.937Z,LDO,-2.6663,609.2,0.4641,1348.606131
2026-10-04T02:05:06.937Z,BLUR,30.2327,37.48,0.02134,1348.606131
2026-10-04T02:05:06.937Z,AUCTION,1.9671,5110,3.716,1348.606131
2026-10-04T02:05:06.937Z,ZETA,-1.5754,66.66,0.05022,1348.606131
2026-10-04T02:05:06.937Z,WIF,1.1118,340.9,0.25,1348.606131
2026-10-04T02:05:06.937Z,KSM,-4.0604,6750,5.217,1348.606131
2026-10-04T02:05:06.937Z,SNX,-7.6262,315.8,0.2535,1348.606131
2026-10-04T02:05:06.937Z,FET,-2.2515,297,0.2253,1348.606131
2026-10-04T02:10:06.703Z,BTC,0.8386,115280000,84770,1348.606131
2026-10-04T02:10:06.703Z,XRP,0.9151,2024,1.4872,1348.606131
2026-10-04T02:10:06.703Z,SOL,0.9235,163300,119.98,1348.606131
2026-10-04T02:10:06.703Z,ETH,0.8361,3660000,2691.41,1348.606131
2026-10-04T02:10:06.703Z,FIL,1.6021,1449,1.0575,1348.606131
2026-10-04T02:10:06.703Z,TRX,1.5738,459.4,0.33537,1348.606131
2026-10-04T02:10:06.703Z,BNB,1.4374,1071000,782.9,1348.606131
2026-10-04T02:10:06.703Z,WLD,0.9957,803.6,0.59,1348.606131
2026-10-04T02:10:06.703Z,FLOW,1.6774,44.99,0.03281,1348.606131
2026-10-04T02:10:06.703Z,LINK,1.316,19200,14.052,1348.606131
2026-10-04T02:10:06.703Z,DOGE,0.8928,126.2,0.09275,1348.606131
2026-10-04T02:10:06.703Z,SUI,1.0146,1609,1.1811,1348.606131
2026-10-04T02:10:06.703Z,XLM,0.9487,293.3,0.21544,1348.606131
2026-10-04T02:10:06.703Z,BCH,1.0594,433400,318,1348.606131
2026-10-04T02:10:06.703Z,AVAX,0.9956,15060,11.057,1348.606131
2026-10-04T02:10:06.703Z,ETC,1.1835,12000,8.794,1348.606131
2026-10-04T02:10:06.703Z,AAVE,5.7608,259800,182.15,1348.606131
2026-10-04T02:10:06.703Z,ADA,2.2767,336,0.2436,1348.606131
2026-10-04T02:10:06.703Z,HYPE,0.4184,121300,89.57,1348.606131
2026-10-04T02:10:06.703Z,SEI,0.7168,97.85,0.07204,1348.606131
2026-10-04T02:10:06.703Z,HBAR,1.1311,138.5,0.10155,1348.606131
2026-10-04T02:10:06.703Z,ARB,0.9821,273.8,0.20105,1348.606131
2026-10-04T02:10:06.703Z,JTO,1.3614,761.4,0.557,1348.606131
2026-10-04T02:10:06.703Z,ONDO,0.9993,677.5,0.4974,1348.606131
2026-10-04T02:10:06.703Z,QTUM,0.2036,1335,0.9879,1348.606131
2026-10-04T02:10:06.703Z,PYTH,-2.2368,102.1,0.07744,1348.606131
2026-10-04T02:10:06.703Z,APT,0.9278,1081,0.7942,1348.606131
2026-10-04T02:10:06.703Z,UNI,1.5221,12340,9.013,1348.606131
2026-10-04T02:10:06.703Z,TIA,0.768,634.5,0.4669,1348.606131
2026-10-04T02:10:06.703Z,ALGO,2.348,178.4,0.12925,1348.606131
2026-10-04T02:10:06.703Z,NEAR,1.2191,6600,4.835,1348.606131
2026-10-04T02:10:06.703Z,ZIL,-4.5271,4.5,0.003495,1348.606131
2026-10-04T02:10:06.703Z,SUSHI,-2.3368,335.2,0.2545,1348.606131
2026-10-04T02:10:06.703Z,PENDLE,-4.7282,3153,2.454,1348.606131
2026-10-04T02:10:06.703Z,XTZ,0.8633,438,0.322,1348.606131
2026-10-04T02:10:06.703Z,W,-1.8355,18.71,0.014133,1348.606131
2026-10-04T02:10:06.703Z,AR,11.9819,6740,4.463,1348.606131
2026-10-04T02:10:06.703Z,SHIB,1.7191,0.0078,5.686e-06,1348.606131
2026-10-04T02:10:06.703Z,CELO,18.8373,159.8,0.09971,1348.606131
2026-10-04T02:10:06.703Z,STX,1.2607,516.2,0.378,1348.606131
2026-10-04T02:10:06.703Z,JUP,0.4933,447.1,0.3299,1348.606131
2026-10-04T02:10:06.703Z,PEPE,0.4141,0.0058,4.283e-06,1348.606131
2026-10-04T02:10:06.703Z,DYDX,0.6114,200,0.1474,1348.606131
2026-10-04T02:10:06.703Z,KITE,-17.0033,176.2,0.15742,1348.606131
2026-10-04T02:10:06.703Z,CRV,-0.1954,507.7,0.3772,1348.606131
2026-10-04T02:10:06.703Z,ENJ,-0.8697,44.01,0.03292,1348.606131
2026-10-04T02:10:06.703Z,ATOM,22.7441,2824,1.706,1348.606131
2026-10-04T02:10:06.703Z,ICP,2.665,4605,3.326,1348.606131
2026-10-04T02:10:06.703Z,SPACE,2.0815,7.284,0.005291,1348.606131
2026-10-04T02:10:06.703Z,DOT,0.8685,1603,1.1784,1348.606131
2026-10-04T02:10:06.703Z,ETHFI,-3.547,944.1,0.7258,1348.606131
2026-10-04T02:10:06.703Z,CC,1.0717,171.8,0.12604,1348.606131
2026-10-04T02:10:06.703Z,SYRUP,1.2169,350.4,0.2567,1348.606131
2026-10-04T02:10:06.703Z,TAO,-3.95,400000,308.8,1348.606131
2026-10-04T02:10:06.703Z,GRAM,-0.5807,2042,1.523,1348.606131
2026-10-04T02:10:06.703Z,RAY,-5.7975,2613,2.0568,1348.606131
2026-10-04T02:10:06.703Z,RENDER,-0.7283,2620,1.957,1348.606131
2026-10-04T02:10:06.703Z,GRASS,2.7642,991.6,0.7155,1348.606131
2026-10-04T02:10:06.703Z,MINA,-0.9999,219,0.16403,1348.606131
2026-10-04T02:10:06.703Z,POL,-5.1121,140.2,0.10956,1348.606131
2026-10-04T02:10:06.703Z,ENA,-0.3317,321.1,0.23889,1348.606131
2026-10-04T02:10:06.703Z,SAND,5.0119,103,0.07273,1348.606131
2026-10-04T02:10:06.703Z,AERO,-4.5683,1074,0.8345,1348.606131
2026-10-04T02:10:06.703Z,KGEN,-1.4097,213.4,0.1605,1348.606131
2026-10-04T02:10:06.703Z,LIT,4.0392,4977,3.5472,1348.606131
2026-10-04T02:10:06.703Z,MANA,4.9487,143.7,0.10153,1348.606131
2026-10-04T02:10:06.703Z,BAND,-1.3191,299.7,0.2252,1348.606131
2026-10-04T02:10:06.703Z,APE,0.5293,219.4,0.16183,1348.606131
2026-10-04T02:10:06.703Z,GMT,1.9677,12.06,0.00877,1348.606131
2026-10-04T02:10:06.703Z,VIRTUAL,-3.1277,1039,0.7953,1348.606131
2026-10-04T02:10:06.703Z,LPT,2.2238,2396,1.738,1348.606131
2026-10-04T02:10:06.703Z,DATA,1.9085,288.2,0.2097,1348.606131
2026-10-04T02:10:06.703Z,THETA,1.4641,308.7,0.2256,1348.606131
2026-10-04T02:10:06.703Z,GRT,1.1719,38.49,0.02821,1348.606131
2026-10-04T02:10:06.703Z,LAYER,1.9441,107.8,0.07841,1348.606131
2026-10-04T02:10:06.703Z,NMR,-0.4393,15320,11.41,1348.606131
2026-10-04T02:10:06.703Z,EIGEN,-8.7922,321.9,0.2617,1348.606131
2026-10-04T02:10:06.703Z,BAT,-5.1746,119.8,0.09368,1348.606131
2026-10-04T02:10:06.703Z,SPK,-3.3532,32.35,0.02482,1348.606131
2026-10-04T02:10:06.703Z,PUMP,4.1943,8.75,0.006227,1348.606131
2026-10-04T02:10:06.703Z,KMNO,-5.0806,52.01,0.04063,1348.606131
2026-10-04T02:10:06.703Z,CHZ,-6.7321,21.32,0.01695,1348.606131
2026-10-04T02:10:06.703Z,PENGU,4.8554,12.97,0.009172,1348.606131
2026-10-04T02:10:06.703Z,OP,-3.5178,174.2,0.13388,1348.606131
2026-10-04T02:10:06.703Z,UMA,3.3716,560,0.4017,1348.606131
2026-10-04T02:10:06.703Z,ZRO,-1.1349,2721,2.0408,1348.606131
2026-10-04T02:10:06.703Z,S,-4.2047,52.8,0.04087,1348.606131
2026-10-04T02:10:06.703Z,IMX,1.3821,249.7,0.18263,1348.606131
2026-10-04T02:10:06.703Z,A,1.866,130,0.09463,1348.606131
2026-10-04T02:10:06.703Z,ATH,-1.5375,9.4,0.007079,1348.606131
2026-10-04T02:10:06.703Z,COMP,12.421,38100,25.13,1348.606131
2026-10-04T02:10:06.703Z,CVX,-2.2442,3019,2.29,1348.606131
2026-10-04T02:10:06.703Z,AXS,5.6363,1750,1.2284,1348.606131
2026-10-04T02:10:06.703Z,WCT,-1.5922,57.08,0.04301,1348.606131
2026-10-04T02:10:06.703Z,ME,-1.0365,103.1,0.07725,1348.606131
2026-10-04T02:10:06.703Z,ASTER,4.1441,1000,0.712,1348.606131
2026-10-04T02:10:06.703Z,GMX,2.2044,11210,8.133,1348.606131
2026-10-04T02:10:06.703Z,MORPHO,-8.4629,3419,2.7696,1348.606131
2026-10-04T02:10:06.703Z,MON,0.2387,46.3,0.03425,1348.606131
2026-10-04T02:10:06.703Z,1INCH,-1.2083,139,0.10433,1348.606131
2026-10-04T02:10:06.703Z,SKY,-4.3687,118.2,0.09165,1348.606131
2026-10-04T02:10:06.703Z,YGG,5.7273,38.84,0.02724,1348.606131
2026-10-04T02:10:06.703Z,BIO,-0.8693,41.43,0.03099,1348.606131
2026-10-04T02:10:06.703Z,MOVE,-2.2533,13.43,0.010188,1348.606131
2026-10-04T02:10:06.703Z,GALA,-3.2869,3.292,0.002524,1348.606131
2026-10-04T02:10:06.703Z,ZK,-0.376,17.56,0.01307,1348.606131
2026-10-04T02:10:06.703Z,ENS,0.9015,9260,6.805,1348.606131
2026-10-04T02:10:06.703Z,INJ,1.4126,10360,7.575,1348.606131
2026-10-04T02:10:06.703Z,KAITO,-4.4552,445.7,0.3459,1348.606131
2026-10-04T02:10:06.703Z,LDO,-2.3929,609.2,0.4628,1348.606131
2026-10-04T02:10:06.703Z,BLUR,30.4773,37.48,0.0213,1348.606131
2026-10-04T02:10:06.703Z,AUCTION,1.9945,5110,3.715,1348.606131
2026-10-04T02:10:06.703Z,ZETA,-1.497,66.66,0.05018,1348.606131
2026-10-04T02:10:06.703Z,WIF,1.2333,340.9,0.2497,1348.606131
2026-10-04T02:10:06.703Z,KSM,-3.7283,6750,5.199,1348.606131
2026-10-04T02:10:06.703Z,SNX,-7.5167,315.8,0.2532,1348.606131
2026-10-04T02:10:06.703Z,FET,-1.6842,297,0.224,1348.606131
2026-10-04T02:15:06.938Z,BTC,0.8498,115320000,84790,1348.606131
2026-10-04T02:15:06.938Z,XRP,0.8361,2025,1.4891,1348.606131
2026-10-04T02:15:06.938Z,SOL,0.8226,163300,120.1,1348.606131
2026-10-04T02:15:06.938Z,ETH,0.7968,3660000,2692.46,1348.606131
2026-10-04T02:15:06.938Z,FIL,1.6214,1449,1.0573,1348.606131
2026-10-04T02:15:06.938Z,TRX,1.592,459.4,0.33531,1348.606131
2026-10-04T02:15:06.938Z,BNB,1.4115,1071000,783.1,1348.606131
2026-10-04T02:15:06.938Z,WLD,0.9765,798,0.586,1348.606131
2026-10-04T02:15:06.938Z,FLOW,1.7705,44.99,0.03278,1348.606131
2026-10-04T02:15:06.938Z,LINK,1.2295,19200,14.064,1348.606131
2026-10-04T02:15:06.938Z,DOGE,0.9255,126.2,0.09272,1348.606131
2026-10-04T02:15:06.938Z,SUI,0.863,1604,1.1792,1348.606131
2026-10-04T02:15:06.938Z,XLM,1.0378,293.3,0.21525,1348.606131
2026-10-04T02:15:06.938Z,BCH,1.2504,433400,317.4,1348.606131
2026-10-04T02:15:06.938Z,AVAX,0.9956,15060,11.057,1348.606131
2026-10-04T02:15:06.938Z,ETC,1.218,12000,8.791,1348.606131
2026-10-04T02:15:06.938Z,AAVE,6.0344,259800,181.68,1348.606131
2026-10-04T02:15:06.938Z,ADA,2.3187,336,0.2435,1348.606131
2026-10-04T02:15:06.938Z,HYPE,0.4127,121300,89.575,1348.606131
2026-10-04T02:15:06.938Z,SEI,1.0535,97.85,0.0718,1348.606131
2026-10-04T02:15:06.938Z,HBAR,1.1211,138.5,0.10156,1348.606131
2026-10-04T02:15:06.938Z,ARB,0.967,273.8,0.20108,1348.606131
2026-10-04T02:15:06.938Z,JTO,1.3978,761.4,0.5568,1348.606131
2026-10-04T02:15:06.938Z,ONDO,0.8371,674.1,0.4957,1348.606131
2026-10-04T02:15:06.938Z,QTUM,0.4476,1335,0.9855,1348.606131
2026-10-04T02:15:06.938Z,PYTH,-2.4887,102.1,0.07764,1348.606131
2026-10-04T02:15:06.938Z,APT,0.9914,1081,0.7937,1348.606131
2026-10-04T02:15:06.938Z,UNI,1.5334,12340,9.012,1348.606131
2026-10-04T02:15:06.938Z,TIA,0.8977,634.5,0.4663,1348.606131
2026-10-04T02:15:06.938Z,ALGO,0.8872,175.5,0.12899,1348.606131
2026-10-04T02:15:06.938Z,NEAR,1.0936,6600,4.841,1348.606131
2026-10-04T02:15:06.938Z,ZIL,-4.2256,4.5,0.003484,1348.606131
2026-10-04T02:15:06.938Z,SUSHI,-2.1445,335.2,0.254,1348.606131
2026-10-04T02:15:06.938Z,PENDLE,-4.4947,3153,2.448,1348.606131
2026-10-04T02:15:06.938Z,XTZ,0.8007,438,0.3222,1348.606131
2026-10-04T02:15:06.938Z,W,-1.2627,18.71,0.014051,1348.606131
2026-10-04T02:15:06.938Z,AR,11.9067,6740,4.466,1348.606131
2026-10-04T02:15:06.938Z,SHIB,1.7549,0.0078,5.684e-06,1348.606131
2026-10-04T02:15:06.938Z,CELO,19.0164,159.8,0.09956,1348.606131
2026-10-04T02:15:06.938Z,STX,1.3949,516.2,0.3775,1348.606131
2026-10-04T02:15:06.938Z,JUP,0.6764,447.1,0.3293,1348.606131
2026-10-04T02:15:06.938Z,PEPE,0.4845,0.0058,4.28e-06,1348.606131
2026-10-04T02:15:06.938Z,DYDX,0.9195,200,0.14695,1348.606131
2026-10-04T02:15:06.938Z,KITE,-17.308,176.2,0.158,1348.606131
2026-10-04T02:15:06.938Z,CRV,-0.0895,507.7,0.3768,1348.606131
2026-10-04T02:15:06.938Z,ENJ,-0.6887,44.01,0.03286,1348.606131
2026-10-04T02:15:06.938Z,ATOM,23.0325,2824,1.702,1348.606131
2026-10-04T02:15:06.938Z,ICP,3.1612,4605,3.31,1348.606131
2026-10-04T02:15:06.938Z,SPACE,2.1781,7.284,0.005286,1348.606131
2026-10-04T02:15:06.938Z,DOT,0.8771,1603,1.1783,1348.606131
2026-10-04T02:15:06.938Z,ETHFI,-3.3872,944.1,0.7246,1348.606131
2026-10-04T02:15:06.938Z,CC,0.9756,171.8,0.12616,1348.606131
2026-10-04T02:15:06.938Z,SYRUP,1.1775,350.4,0.2568,1348.606131
2026-10-04T02:15:06.938Z,TAO,-4.0432,400000,309.1,1348.606131
2026-10-04T02:15:06.938Z,GRAM,-0.5807,2042,1.523,1348.606131
2026-10-04T02:15:06.938Z,RAY,-5.9576,2613,2.0603,1348.606131
2026-10-04T02:15:06.938Z,RENDER,-0.6268,2620,1.955,1348.606131
2026-10-04T02:15:06.938Z,GRASS,2.5492,991.6,0.717,1348.606131
2026-10-04T02:15:06.938Z,MINA,-0.3804,219,0.16301,1348.606131
2026-10-04T02:15:06.938Z,POL,-5.0514,140.2,0.10949,1348.606131
2026-10-04T02:15:06.938Z,ENA,-0.3358,321.1,0.2389,1348.606131
2026-10-04T02:15:06.938Z,SAND,1.8703,99.74,0.0726,1348.606131
2026-10-04T02:15:06.938Z,AERO,-4.7509,1074,0.8361,1348.606131
2026-10-04T02:15:06.938Z,KGEN,-1.5324,213.4,0.1607,1348.606131
2026-10-04T02:15:06.938Z,LIT,4.0773,4977,3.5459,1348.606131
2026-10-04T02:15:06.938Z,MANA,5.1351,143.7,0.10135,1348.606131
2026-10-04T02:15:06.938Z,BAND,-1.5377,299.7,0.2257,1348.606131
2026-10-04T02:15:06.938Z,APE,0.7846,219.4,0.16142,1348.606131
2026-10-04T02:15:06.938Z,GMT,2.1424,12.06,0.008755,1348.606131
2026-10-04T02:15:06.938Z,VIRTUAL,-3.0302,1039,0.7945,1348.606131
2026-10-04T02:15:06.938Z,LPT,2.4005,2396,1.735,1348.606131
2026-10-04T02:15:06.938Z,DATA,1.9571,288.2,0.2096,1348.606131
2026-10-04T02:15:06.938Z,THETA,1.5541,308.7,0.2254,1348.606131
2026-10-04T02:15:06.938Z,GRT,1.3155,38.49,0.02817,1348.606131
2026-10-04T02:15:06.938Z,LAYER,2.231,107.8,0.07819,1348.606131
2026-10-04T02:15:06.938Z,NMR,-0.3607,15320,11.401,1348.606131
2026-10-04T02:15:06.938Z,EIGEN,-8.7224,321.9,0.2615,1348.606131
2026-10-04T02:15:06.938Z,BAT,-5.2858,119.8,0.09379,1348.606131
2026-10-04T02:15:06.938Z,SPK,-3.1972,32.35,0.02478,1348.606131
2026-10-04T02:15:06.938Z,PUMP,3.6451,8.75,0.00626,1348.606131
2026-10-04T02:15:06.938Z,KMNO,-5.0806,52.01,0.04063,1348.606131
2026-10-04T02:15:06.938Z,CHZ,-6.5667,21.32,0.01692,1348.606131
2026-10-04T02:15:06.938Z,PENGU,4.8783,12.97,0.00917,1348.606131
2026-10-04T02:15:06.938Z,OP,-3.4673,174.2,0.13381,1348.606131
2026-10-04T02:15:06.938Z,UMA,3.5004,560,0.4012,1348.606131
2026-10-04T02:15:06.938Z,ZRO,-1.2365,2721,2.0429,1348.606131
2026-10-04T02:15:06.938Z,S,-4.1109,52.8,0.04083,1348.606131
2026-10-04T02:15:06.938Z,IMX,1.6437,249.7,0.18216,1348.606131
2026-10-04T02:15:06.938Z,A,1.9846,130,0.09452,1348.606131
2026-10-04T02:15:06.938Z,ATH,-1.4122,9.4,0.00707,1348.606131
2026-10-04T02:15:06.938Z,COMP,12.4657,38100,25.12,1348.606131
2026-10-04T02:15:06.938Z,CVX,-1.7293,3019,2.278,1348.606131
2026-10-04T02:15:06.938Z,AXS,5.1313,1750,1.2343,1348.606131
2026-10-04T02:15:06.938Z,WCT,-1.7521,57.08,0.04308,1348.606131
2026-10-04T02:15:06.938Z,ME,-0.8311,103.1,0.07709,1348.606131
2026-10-04T02:15:06.938Z,ASTER,4.1588,1000,0.7119,1348.606131
2026-10-04T02:15:06.938Z,GMX,2.7477,11210,8.09,1348.606131
2026-10-04T02:15:06.938Z,MORPHO,-8.5455,3419,2.7721,1348.606131
2026-10-04T02:15:06.938Z,MON,-0.1694,46.3,0.03439,1348.606131
2026-10-04T02:15:06.938Z,1INCH,-1.1609,139,0.10428,1348.606131
2026-10-04T02:15:06.938Z,SKY,-4.1491,118.2,0.09144,1348.606131
2026-10-04T02:15:06.938Z,YGG,5.8827,38.84,0.0272,1348.606131
2026-10-04T02:15:06.938Z,BIO,-0.7412,41.43,0.03095,1348.606131
2026-10-04T02:15:06.938Z,MOVE,-1.4602,13.43,0.010106,1348.606131
2026-10-04T02:15:06.938Z,GALA,-2.8636,3.292,0.002513,1348.606131
2026-10-04T02:15:06.938Z,ZK,-0.2234,17.56,0.01305,1348.606131
2026-10-04T02:15:06.938Z,ENS,0.9015,9260,6.805,1348.606131
2026-10-04T02:15:06.938Z,INJ,1.5735,10360,7.563,1348.606131
2026-10-04T02:15:06.938Z,KAITO,-4.3169,445.7,0.3454,1348.606131
2026-10-04T02:15:06.938Z,LDO,-2.2239,609.2,0.462,1348.606131
2026-10-04T02:15:06.938Z,BLUR,30.6613,37.48,0.02127,1348.606131
2026-10-04T02:15:06.938Z,AUCTION,2.2147,5110,3.707,1348.606131
2026-10-04T02:15:06.938Z,ZETA,-1.4577,66.66,0.05016,1348.606131
2026-10-04T02:15:06.938Z,WIF,1.3551,340.9,0.2494,1348.606131
2026-10-04T02:15:06.938Z,KSM,-3.5985,6750,5.192,1348.606131
2026-10-04T02:15:06.938Z,SNX,-7.3704,315.8,0.2528,1348.606131
2026-10-04T02:15:06.938Z,FET,-1.6403,297,0.2239,1348.606131
2026-10-04T02:20:07.039Z,BTC,0.8653,115348000,84797.5,1348.606131
2026-10-04T02:20:07.039Z,XRP,0.8269,2024,1.4885,1348.606131
2026-10-04T02:20:07.039Z,SOL,0.873,163300,120.04,1348.606131
2026-10-04T02:20:07.039Z,ETH,0.8414,3662000,2692.74,1348.606131
2026-10-04T02:20:07.039Z,FIL,0.8723,1439,1.0578,1348.606131
2026-10-04T02:20:07.039Z,TRX,1.6405,459.4,0.33515,1348.606131
2026-10-04T02:20:07.039Z,BNB,1.4763,1071000,782.6,1348.606131
2026-10-04T02:20:07.039Z,WLD,0.7529,798,0.5873,1348.606131
2026-10-04T02:20:07.039Z,FLOW,1.926,44.99,0.03273,1348.606131
2026-10-04T02:20:07.039Z,LINK,1.1169,19120,14.021,1348.606131
2026-10-04T02:20:07.039Z,DOGE,0.8564,126.1,0.09271,1348.606131
2026-10-04T02:20:07.039Z,SUI,0.9113,1603,1.1779,1348.606131
2026-10-04T02:20:07.039Z,XLM,1.1035,293.3,0.21511,1348.606131
2026-10-04T02:20:07.039Z,BCH,1.2185,433400,317.5,1348.606131
2026-10-04T02:20:07.039Z,AVAX,0.8674,15030,11.049,1348.606131
2026-10-04T02:20:07.039Z,ETC,1.195,12000,8.793,1348.606131
2026-10-04T02:20:07.039Z,AAVE,6.3094,259800,181.21,1348.606131
2026-10-04T02:20:07.039Z,ADA,2.2348,336,0.2437,1348.606131
2026-10-04T02:20:07.039Z,HYPE,0.4049,121300,89.582,1348.606131
2026-10-04T02:20:07.039Z,SEI,0.8708,97.85,0.07193,1348.606131
2026-10-04T02:20:07.039Z,HBAR,1.4007,138.5,0.10128,1348.606131
2026-10-04T02:20:07.039Z,ARB,0.9369,273.8,0.20114,1348.606131
2026-10-04T02:20:07.039Z,JTO,1.2886,761.4,0.5574,1348.606131
2026-10-04T02:20:07.039Z,ONDO,0.9035,674,0.4953,1348.606131
2026-10-04T02:20:07.039Z,QTUM,0.1427,1335,0.9885,1348.606131
2026-10-04T02:20:07.039Z,PYTH,-2.3881,102.1,0.07756,1348.606131
2026-10-04T02:20:07.039Z,APT,0.9151,1081,0.7943,1348.606131
2026-10-04T02:20:07.039Z,UNI,1.4996,12340,9.015,1348.606131
2026-10-04T02:20:07.039Z,TIA,0.9626,634.5,0.466,1348.606131
2026-10-04T02:20:07.039Z,ALGO,0.9811,175.5,0.12887,1348.606131
2026-10-04T02:20:07.039Z,NEAR,1.4288,6600,4.825,1348.606131
2026-10-04T02:20:07.039Z,ZIL,-4.2531,4.5,0.003485,1348.606131
2026-10-04T02:20:07.039Z,SUSHI,-2.106,335.2,0.2539,1348.606131
2026-10-04T02:20:07.039Z,PENDLE,-4.4947,3153,2.448,1348.606131
2026-10-04T02:20:07.039Z,XTZ,0.8007,438,0.3222,1348.606131
2026-10-04T02:20:07.039Z,W,-1.494,18.71,0.014084,1348.606131
2026-10-04T02:20:07.039Z,AR,11.7565,6740,4.472,1348.606131
2026-10-04T02:20:07.039Z,SHIB,1.7728,0.0078,5.683e-06,1348.606131
2026-10-04T02:20:07.039Z,CELO,18.9089,159.8,0.09965,1348.606131
2026-10-04T02:20:07.039Z,STX,1.4486,516.2,0.3773,1348.606131
2026-10-04T02:20:07.039Z,JUP,0.707,447.1,0.3292,1348.606131
2026-10-04T02:20:07.039Z,PEPE,0.4141,0.0058,4.283e-06,1348.606131
2026-10-04T02:20:07.039Z,DYDX,0.8441,200,0.14706,1348.606131
2026-10-04T02:20:07.039Z,KITE,-17.4282,176.2,0.15823,1348.606131
2026-10-04T02:20:07.039Z,CRV,-0.116,507.7,0.3769,1348.606131
2026-10-04T02:20:07.039Z,ENJ,-0.9299,44.01,0.03294,1348.606131
2026-10-04T02:20:07.039Z,ATOM,22.9603,2824,1.703,1348.606131
2026-10-04T02:20:07.039Z,ICP,3.1924,4605,3.309,1348.606131
2026-10-04T02:20:07.039Z,SPACE,2.2361,7.284,0.005283,1348.606131
2026-10-04T02:20:07.039Z,DOT,0.8514,1603,1.1786,1348.606131
2026-10-04T02:20:07.039Z,ETHFI,-3.2537,944.1,0.7236,1348.606131
2026-10-04T02:20:07.039Z,CC,0.9756,171.8,0.12616,1348.606131
2026-10-04T02:20:07.039Z,SYRUP,1.4145,350.4,0.2562,1348.606131
2026-10-04T02:20:07.039Z,TAO,-3.6692,400000,307.9,1348.606131
2026-10-04T02:20:07.039Z,GRAM,-0.3845,2042,1.52,1348.606131
2026-10-04T02:20:07.039Z,RAY,-5.9941,2613,2.0611,1348.606131
2026-10-04T02:20:07.039Z,RENDER,-0.5759,2620,1.954,1348.606131
2026-10-04T02:20:07.039Z,GRASS,2.5778,991.6,0.7168,1348.606131
2026-10-04T02:20:07.039Z,MINA,-0.6182,219,0.1634,1348.606131
2026-10-04T02:20:07.039Z,POL,-4.8777,140.2,0.10929,1348.606131
2026-10-04T02:20:07.039Z,ENA,-0.1059,321.1,0.23835,1348.606131
2026-10-04T02:20:07.039Z,SAND,1.7162,99.74,0.07271,1348.606131
2026-10-04T02:20:07.039Z,AERO,-4.7395,1074,0.836,1348.606131
2026-10-04T02:20:07.039Z,KGEN,-1.5324,213.4,0.1607,1348.606131
2026-10-04T02:20:07.039Z,LIT,4.0333,4977,3.5474,1348.606131
2026-10-04T02:20:07.039Z,MANA,5.2182,143.7,0.10127,1348.606131
2026-10-04T02:20:07.039Z,BAND,-1.7119,299.7,0.2261,1348.606131
2026-10-04T02:20:07.039Z,APE,0.5541,219.4,0.16179,1348.606131
2026-10-04T02:20:07.039Z,GMT,1.9561,12.06,0.008771,1348.606131
2026-10-04T02:20:07.039Z,VIRTUAL,-3.079,1039,0.7949,1348.606131
2026-10-04T02:20:07.039Z,LPT,2.4596,2396,1.734,1348.606131
2026-10-04T02:20:07.039Z,DATA,2.1521,288.2,0.2092,1348.606131
2026-10-04T02:20:07.039Z,THETA,1.3742,308.7,0.2258,1348.606131
2026-10-04T02:20:07.039Z,GRT,1.2077,38.49,0.0282,1348.606131
2026-10-04T02:20:07.039Z,LAYER,2.1917,107.8,0.07822,1348.606131
2026-10-04T02:20:07.039Z,NMR,-0.7871,15320,11.45,1348.606131
2026-10-04T02:20:07.039Z,EIGEN,-8.4423,321.9,0.2607,1348.606131
2026-10-04T02:20:07.039Z,BAT,-5.3564,119.8,0.09386,1348.606131
2026-10-04T02:20:07.039Z,SPK,-3.119,32.35,0.02476,1348.606131
2026-10-04T02:20:07.039Z,PUMP,3.8275,8.75,0.006249,1348.606131
2026-10-04T02:20:07.039Z,KMNO,-5.104,52.01,0.04064,1348.606131
2026-10-04T02:20:07.039Z,CHZ,-6.6219,21.32,0.01693,1348.606131
2026-10-04T02:20:07.039Z,PENGU,4.8668,12.97,0.009171,1348.606131
2026-10-04T02:20:07.039Z,OP,-3.4384,174.2,0.13377,1348.606131
2026-10-04T02:20:07.039Z,UMA,3.5778,560,0.4009,1348.606131
2026-10-04T02:20:07.039Z,ZRO,-1.7607,2721,2.0538,1348.606131
2026-10-04T02:20:07.039Z,S,-4.5317,52.8,0.04101,1348.606131
2026-10-04T02:20:07.039Z,IMX,1.5378,249.7,0.18235,1348.606131
2026-10-04T02:20:07.039Z,A,2.0818,130,0.09443,1348.606131
2026-10-04T02:20:07.039Z,ATH,-1.1465,9.4,0.007051,1348.606131
2026-10-04T02:20:07.039Z,COMP,12.5105,38100,25.11,1348.606131
2026-10-04T02:20:07.039Z,CVX,-1.5997,3019,2.275,1348.606131
2026-10-04T02:20:07.039Z,AXS,4.5216,1750,1.2415,1348.606131
2026-10-04T02:20:07.039Z,WCT,-1.5235,57.08,0.04298,1348.606131
2026-10-04T02:20:07.039Z,ME,-0.8311,103.1,0.07709,1348.606131
2026-10-04T02:20:07.039Z,ASTER,4.0857,1000,0.7124,1348.606131
2026-10-04T02:20:07.039Z,GMX,2.8748,11210,8.08,1348.606131
2026-10-04T02:20:07.039Z,MORPHO,-8.562,3419,2.7726,1348.606131
2026-10-04T02:20:07.039Z,MON,0.7387,46.3,0.03408,1348.606131
2026-10-04T02:20:07.039Z,1INCH,-1.142,139,0.10426,1348.606131
2026-10-04T02:20:07.039Z,SKY,-3.5585,118.2,0.09088,1348.606131
2026-10-04T02:20:07.039Z,YGG,5.6885,38.84,0.02725,1348.606131
2026-10-04T02:20:07.039Z,BIO,-0.6449,41.43,0.03092,1348.606131
2026-10-04T02:20:07.039Z,MOVE,-1.4017,13.43,0.0101,1348.606131
2026-10-04T02:20:07.039Z,GALA,-3.0564,3.292,0.002518,1348.606131
2026-10-04T02:20:07.039Z,ZK,-0.3227,17.56,0.013063,1348.606131
2026-10-04T02:20:07.039Z,ENS,0.9906,9260,6.799,1348.606131
2026-10-04T02:20:07.039Z,INJ,1.5467,10360,7.565,1348.606131
2026-10-04T02:20:07.039Z,KAITO,-4.2337,445.7,0.3451,1348.606131
2026-10-04T02:20:07.039Z,LDO,-2.1604,609.2,0.4617,1348.606131
2026-10-04T02:20:07.039Z,BLUR,30.7228,37.48,0.02126,1348.606131
2026-10-04T02:20:07.039Z,AUCTION,2.2147,5110,3.707,1348.606131
2026-10-04T02:20:07.039Z,ZETA,-1.595,66.66,0.05023,1348.606131
2026-10-04T02:20:07.039Z,WIF,1.2333,340.9,0.2497,1348.606131
2026-10-04T02:20:07.039Z,KSM,-3.5799,6750,5.191,1348.606131
2026-10-04T02:20:07.039Z,SNX,-7.3704,315.8,0.2528,1348.606131
2026-10-04T02:20:07.039Z,FET,-1.4202,297,0.2234,1348.606131
2026-10-04T02:25:07.162Z,BTC,0.872,115359000,84800,1348.606131
2026-10-04T02:25:07.162Z,XRP,0.8835,2025,1.4884,1348.606131
2026-10-04T02:25:07.162Z,SOL,1.0134,163500,120.02,1348.606131
2026-10-04T02:25:07.162Z,ETH,0.8783,3663000,2692.49,1348.606131
2026-10-04T02:25:07.162Z,FIL,0.8056,1439,1.0585,1348.606131
2026-10-04T02:25:07.162Z,TRX,1.6314,459.4,0.33518,1348.606131
2026-10-04T02:25:07.162Z,BNB,1.4115,1071000,783.1,1348.606131
2026-10-04T02:25:07.162Z,WLD,0.8237,800.6,0.5888,1348.606131
2026-10-04T02:25:07.162Z,FLOW,1.6774,44.99,0.03281,1348.606131
2026-10-04T02:25:07.162Z,LINK,1.1313,19120,14.019,1348.606131
2026-10-04T02:25:07.162Z,DOGE,0.8564,126.1,0.09271,1348.606131
2026-10-04T02:25:07.162Z,SUI,0.9397,1601,1.1761,1348.606131
2026-10-04T02:25:07.162Z,XLM,1.1223,293.3,0.21507,1348.606131
2026-10-04T02:25:07.162Z,BCH,1.1548,433400,317.7,1348.606131
2026-10-04T02:25:07.162Z,AVAX,0.8857,15030,11.047,1348.606131
2026-10-04T02:25:07.162Z,ETC,1.2526,12000,8.788,1348.606131
2026-10-04T02:25:07.162Z,AAVE,6.2098,259800,181.38,1348.606131
2026-10-04T02:25:07.162Z,ADA,2.2767,336,0.2436,1348.606131
2026-10-04T02:25:07.162Z,HYPE,0.3601,121300,89.622,1348.606131
2026-10-04T02:25:07.162Z,SEI,0.8849,97.85,0.07192,1348.606131
2026-10-04T02:25:07.162Z,HBAR,1.3207,138.5,0.10136,1348.606131
2026-10-04T02:25:07.162Z,ARB,0.9821,273.8,0.20105,1348.606131
2026-10-04T02:25:07.162Z,JTO,1.325,761.4,0.5572,1348.606131
2026-10-04T02:25:07.162Z,ONDO,0.8425,674,0.4956,1348.606131
2026-10-04T02:25:07.162Z,QTUM,0.1225,1335,0.9887,1348.606131
2026-10-04T02:25:07.162Z,PYTH,-2.4258,102.1,0.07759,1348.606131
2026-10-04T02:25:07.162Z,APT,0.9532,1081,0.794,1348.606131
2026-10-04T02:25:07.162Z,UNI,1.4208,12340,9.022,1348.606131
2026-10-04T02:25:07.162Z,TIA,0.9626,634.5,0.466,1348.606131
2026-10-04T02:25:07.162Z,ALGO,1.1066,175.5,0.12871,1348.606131
2026-10-04T02:25:07.162Z,NEAR,1.513,6600,4.821,1348.606131
2026-10-04T02:25:07.162Z,ZIL,-4.4177,4.5,0.003491,1348.606131
2026-10-04T02:25:07.162Z,SUSHI,-2.26,335.2,0.2543,1348.606131
2026-10-04T02:25:07.162Z,PENDLE,-4.2601,3153,2.442,1348.606131
2026-10-04T02:25:07.162Z,XTZ,0.8007,438,0.3222,1348.606131
2026-10-04T02:25:07.162Z,W,-1.8077,18.71,0.014129,1348.606131
2026-10-04T02:25:07.162Z,AR,11.7316,6740,4.473,1348.606131
2026-10-04T02:25:07.162Z,SHIB,1.6476,0.0078,5.69e-06,1348.606131
2026-10-04T02:25:07.162Z,CELO,19.0762,159.8,0.09951,1348.606131
2026-10-04T02:25:07.162Z,STX,1.5293,516.2,0.377,1348.606131
2026-10-04T02:25:07.162Z,JUP,0.707,447.1,0.3292,1348.606131
2026-10-04T02:25:07.162Z,PEPE,0.4141,0.0058,4.283e-06,1348.606131
2026-10-04T02:25:07.162Z,DYDX,0.9951,200,0.14684,1348.606131
2026-10-04T02:25:07.162Z,KITE,-17.2241,176.2,0.15784,1348.606131
2026-10-04T02:25:07.162Z,CRV,-0.169,507.7,0.3771,1348.606131
2026-10-04T02:25:07.162Z,ENJ,-0.7793,44.01,0.03289,1348.606131
2026-10-04T02:25:07.162Z,ATOM,22.8881,2824,1.704,1348.606131
2026-10-04T02:25:07.162Z,ICP,3.1612,4605,3.31,1348.606131
2026-10-04T02:25:07.162Z,SPACE,2.1394,7.284,0.005288,1348.606131
2026-10-04T02:25:07.162Z,DOT,0.8001,1603,1.1792,1348.606131
2026-10-04T02:25:07.162Z,ETHFI,-3.3606,944.1,0.7244,1348.606131
2026-10-04T02:25:07.162Z,CC,1.1921,171.8,0.12589,1348.606131
2026-10-04T02:25:07.162Z,SYRUP,1.573,350.4,0.2558,1348.606131
2026-10-04T02:25:07.162Z,TAO,-3.4811,400000,307.3,1348.606131
2026-10-04T02:25:07.162Z,GRAM,-0.45,2042,1.521,1348.606131
2026-10-04T02:25:07.162Z,RAY,-5.6002,2613,2.0525,1348.606131
2026-10-04T02:25:07.162Z,RENDER,-0.474,2620,1.952,1348.606131
2026-10-04T02:25:07.162Z,GRASS,3.0956,991.6,0.7132,1348.606131
2026-10-04T02:25:07.162Z,MINA,-0.4964,219,0.1632,1348.606131
2026-10-04T02:25:07.162Z,POL,-4.7906,140.2,0.10919,1348.606131
2026-10-04T02:25:07.162Z,ENA,-0.3775,321.1,0.239,1348.606131
2026-10-04T02:25:07.162Z,SAND,2.6337,99.74,0.07206,1348.606131
2026-10-04T02:25:07.162Z,AERO,-4.7053,1074,0.8357,1348.606131
2026-10-04T02:25:07.162Z,KGEN,-1.5324,213.4,0.1607,1348.606131
2026-10-04T02:25:07.162Z,LIT,3.5691,4977,3.5633,1348.606131
2026-10-04T02:25:07.162Z,MANA,5.5204,143.7,0.10098,1348.606131
2026-10-04T02:25:07.162Z,BAND,-1.7119,299.7,0.2261,1348.606131
2026-10-04T02:25:07.162Z,APE,0.5914,219.4,0.16173,1348.606131
2026-10-04T02:25:07.162Z,GMT,1.9561,12.06,0.008771,1348.606131
2026-10-04T02:25:07.162Z,VIRTUAL,-2.8958,1039,0.7934,1348.606131
2026-10-04T02:25:07.162Z,LPT,2.4596,2396,1.734,1348.606131
2026-10-04T02:25:07.162Z,DATA,2.0058,288.2,0.2095,1348.606131
2026-10-04T02:25:07.162Z,THETA,1.3742,308.7,0.2258,1348.606131
2026-10-04T02:25:07.162Z,GRT,1.136,38.49,0.02822,1348.606131
2026-10-04T02:25:07.162Z,LAYER,2.2833,107.8,0.07815,1348.606131
2026-10-04T02:25:07.162Z,NMR,-0.8823,15320,11.461,1348.606131
2026-10-04T02:25:07.162Z,EIGEN,-8.4774,321.9,0.2608,1348.606131
2026-10-04T02:25:07.162Z,BAT,-5.2454,119.8,0.09375,1348.606131
2026-10-04T02:25:07.162Z,SPK,-3.119,32.35,0.02476,1348.606131
2026-10-04T02:25:07.162Z,PUMP,3.8607,8.75,0.006247,1348.606131
2026-10-04T02:25:07.162Z,KMNO,-4.8699,52.01,0.04054,1348.606131
2026-10-04T02:25:07.162Z,CHZ,-6.7321,21.32,0.01695,1348.606131
2026-10-04T02:25:07.162Z,PENGU,4.8211,12.97,0.009175,1348.606131
2026-10-04T02:25:07.162Z,OP,-3.4457,174.2,0.13378,1348.606131
2026-10-04T02:25:07.162Z,UMA,3.5262,560,0.4011,1348.606131
2026-10-04T02:25:07.162Z,ZRO,-1.4247,2721,2.0468,1348.606131
2026-10-04T02:25:07.162Z,S,-4.4852,52.8,0.04099,1348.606131
2026-10-04T02:25:07.162Z,IMX,1.6158,249.7,0.18221,1348.606131
2026-10-04T02:25:07.162Z,A,1.9954,130,0.09451,1348.606131
2026-10-04T02:25:07.162Z,ATH,-1.2306,9.4,0.007057,1348.606131
2026-10-04T02:25:07.162Z,COMP,12.4657,38100,25.12,1348.606131
2026-10-04T02:25:07.162Z,CVX,-1.8585,3019,2.281,1348.606131
2026-10-04T02:25:07.162Z,AXS,4.0356,1750,1.2473,1348.606131
2026-10-04T02:25:07.162Z,WCT,-1.6837,57.08,0.04305,1348.606131
2026-10-04T02:25:07.162Z,ME,-0.8697,103.1,0.07712,1348.606131
2026-10-04T02:25:07.162Z,ASTER,4.0273,1000,0.7128,1348.606131
2026-10-04T02:25:07.162Z,GMX,2.8239,11210,8.084,1348.606131
2026-10-04T02:25:07.162Z,MORPHO,-8.5455,3419,2.7721,1348.606131
2026-10-04T02:25:07.162Z,MON,0.6206,46.3,0.03412,1348.606131
2026-10-04T02:25:07.162Z,1INCH,-1.1515,139,0.10427,1348.606131
2026-10-04T02:25:07.162Z,SKY,-3.6115,118.2,0.09093,1348.606131
2026-10-04T02:25:07.162Z,YGG,5.5722,38.84,0.02728,1348.606131
2026-10-04T02:25:07.162Z,BIO,-0.5806,41.43,0.0309,1348.606131
2026-10-04T02:25:07.162Z,MOVE,-1.4212,13.43,0.010102,1348.606131
2026-10-04T02:25:07.162Z,GALA,-2.7862,3.292,0.002511,1348.606131
2026-10-04T02:25:07.162Z,ZK,-0.4065,17.56,0.013074,1348.606131
2026-10-04T02:25:07.162Z,ENS,1.0054,9260,6.798,1348.606131
2026-10-04T02:25:07.162Z,INJ,1.6811,10360,7.555,1348.606131
2026-10-04T02:25:07.162Z,KAITO,-4.3999,445.7,0.3457,1348.606131
2026-10-04T02:25:07.162Z,LDO,-2.1179,609.2,0.4615,1348.606131
2026-10-04T02:25:07.162Z,BLUR,30.2938,37.48,0.02133,1348.606131
2026-10-04T02:25:07.162Z,AUCTION,2.132,5110,3.71,1348.606131
2026-10-04T02:25:07.162Z,ZETA,-1.5754,66.66,0.05022,1348.606131
2026-10-04T02:25:07.162Z,WIF,1.1928,340.9,0.2498,1348.606131
2026-10-04T02:25:07.162Z,KSM,-3.5613,6750,5.19,1348.606131
2026-10-04T02:25:07.162Z,SNX,-7.1868,315.8,0.2523,1348.606131
2026-10-04T02:25:07.162Z,FET,-1.4202,297,0.2234,1348.606131
2026-10-04T02:30:06.992Z,BTC,0.8536,115341000,84802.2,1348.606131
2026-10-04T02:30:06.992Z,XRP,0.8564,2025,1.4888,1348.606131
2026-10-04T02:30:06.992Z,SOL,0.9713,163500,120.07,1348.606131
2026-10-04T02:30:06.992Z,ETH,0.8466,3662000,2692.6,1348.606131
2026-10-04T02:30:06.992Z,FIL,0.72,1439,1.0594,1348.606131
2026-10-04T02:30:06.992Z,TRX,1.6344,459.4,0.33517,1348.606131
2026-10-04T02:30:06.992Z,BNB,1.4374,1071000,782.9,1348.606131
2026-10-04T02:30:06.992Z,WLD,0.7275,799.7,0.5887,1348.606131
2026-10-04T02:30:06.992Z,FLOW,1.8326,44.99,0.03276,1348.606131
2026-10-04T02:30:06.992Z,LINK,1.2035,19120,14.009,1348.606131
2026-10-04T02:30:06.992Z,DOGE,0.8129,126.1,0.09275,1348.606131
2026-10-04T02:30:06.992Z,SUI,0.862,1598,1.1748,1348.606131
2026-10-04T02:30:06.992Z,XLM,1.0566,293.3,0.21521,1348.606131
2026-10-04T02:30:06.992Z,BCH,1.1548,433400,317.7,1348.606131
2026-10-04T02:30:06.992Z,AVAX,0.8127,15030,11.055,1348.606131
2026-10-04T02:30:06.992Z,ETC,1.218,12000,8.791,1348.606131
2026-10-04T02:30:06.992Z,AAVE,6.245,259800,181.32,1348.606131
2026-10-04T02:30:06.992Z,ADA,2.0751,335.2,0.2435,1348.606131
2026-10-04T02:30:06.992Z,HYPE,0.406,121300,89.581,1348.606131
2026-10-04T02:30:06.992Z,SEI,0.9728,97.84,0.07185,1348.606131
2026-10-04T02:30:06.992Z,HBAR,1.3507,138.5,0.10133,1348.606131
2026-10-04T02:30:06.992Z,ARB,0.9921,273.8,0.20103,1348.606131
2026-10-04T02:30:06.992Z,JTO,1.4707,761.4,0.5564,1348.606131
2026-10-04T02:30:06.992Z,ONDO,0.8628,674,0.4955,1348.606131
2026-10-04T02:30:06.992Z,QTUM,0.1326,1335,0.9886,1348.606131
2026-10-04T02:30:06.992Z,PYTH,-2.4761,102.1,0.07763,1348.606131
2026-10-04T02:30:06.992Z,APT,1.0041,1081,0.7936,1348.606131
2026-10-04T02:30:06.992Z,UNI,1.3871,12340,9.025,1348.606131
2026-10-04T02:30:06.992Z,TIA,0.9626,634.5,0.466,1348.606131
2026-10-04T02:30:06.992Z,ALGO,1.0988,175.5,0.12872,1348.606131
2026-10-04T02:30:06.992Z,NEAR,1.492,6600,4.822,1348.606131
2026-10-04T02:30:06.992Z,ZIL,-4.3903,4.5,0.00349,1348.606131
2026-10-04T02:30:06.992Z,SUSHI,-2.2215,335.2,0.2542,1348.606131
2026-10-04T02:30:06.992Z,PENDLE,-4.4166,3153,2.446,1348.606131
2026-10-04T02:30:06.992Z,XTZ,0.6445,438,0.3227,1348.606131
2026-10-04T02:30:06.992Z,W,-2.1954,18.71,0.014185,1348.606131
2026-10-04T02:30:06.992Z,AR,11.7066,6740,4.474,1348.606131
2026-10-04T02:30:06.992Z,SHIB,1.6655,0.0078,5.689e-06,1348.606131
2026-10-04T02:30:06.992Z,CELO,19.0283,159.8,0.09955,1348.606131
2026-10-04T02:30:06.992Z,STX,1.3949,516.2,0.3775,1348.606131
2026-10-04T02:30:06.992Z,JUP,0.7376,447.1,0.3291,1348.606131
2026-10-04T02:30:06.992Z,PEPE,0.4141,0.0058,4.283e-06,1348.606131
2026-10-04T02:30:06.992Z,DYDX,0.8509,200,0.14705,1348.606131
2026-10-04T02:30:06.992Z,KITE,-16.9294,176.2,0.15728,1348.606131
2026-10-04T02:30:06.992Z,CRV,-0.1425,507.7,0.377,1348.606131
2026-10-04T02:30:06.992Z,ENJ,-0.6887,44.01,0.03286,1348.606131
2026-10-04T02:30:06.992Z,ATOM,22.9603,2824,1.703,1348.606131
2026-10-04T02:30:06.992Z,ICP,2.9125,4605,3.318,1348.606131
2026-10-04T02:30:06.992Z,SPACE,2.1394,7.284,0.005288,1348.606131
2026-10-04T02:30:06.992Z,DOT,0.8428,1603,1.1787,1348.606131
2026-10-04T02:30:06.992Z,ETHFI,-3.3339,944.1,0.7242,1348.606131
2026-10-04T02:30:06.992Z,CC,1.1841,171.8,0.1259,1348.606131
2026-10-04T02:30:06.992Z,SYRUP,1.4145,350.4,0.2562,1348.606131
2026-10-04T02:30:06.992Z,TAO,-3.3238,400000,306.8,1348.606131
2026-10-04T02:30:06.992Z,GRAM,-0.7111,2042,1.525,1348.606131
2026-10-04T02:30:06.992Z,RAY,-5.203,2613,2.0439,1348.606131
2026-10-04T02:30:06.992Z,RENDER,-0.525,2620,1.953,1348.606131
2026-10-04T02:30:06.992Z,GRASS,3.139,991.6,0.7129,1348.606131
2026-10-04T02:30:06.992Z,MINA,-0.4232,219,0.16308,1348.606131
2026-10-04T02:30:06.992Z,POL,-4.9212,140.2,0.10934,1348.606131
2026-10-04T02:30:06.992Z,ENA,-0.0555,321.1,0.23823,1348.606131
2026-10-04T02:30:06.992Z,SAND,2.5625,99.74,0.07211,1348.606131
2026-10-04T02:30:06.992Z,AERO,-4.5797,1074,0.8346,1348.606131
2026-10-04T02:30:06.992Z,KGEN,-1.5324,213.4,0.1607,1348.606131
2026-10-04T02:30:06.992Z,LIT,3.6243,4977,3.5614,1348.606131
2026-10-04T02:30:06.992Z,MANA,5.6773,143.7,0.10083,1348.606131
2026-10-04T02:30:06.992Z,BAND,-1.972,299.7,0.2267,1348.606131
2026-10-04T02:30:06.992Z,APE,0.6474,219.4,0.16164,1348.606131
2026-10-04T02:30:06.992Z,GMT,1.782,12.06,0.008786,1348.606131
2026-10-04T02:30:06.992Z,VIRTUAL,-2.81,1039,0.7927,1348.606131
2026-10-04T02:30:06.992Z,LPT,2.4596,2396,1.734,1348.606131
2026-10-04T02:30:06.992Z,DATA,2.0058,288.2,0.2095,1348.606131
2026-10-04T02:30:06.992Z,THETA,1.3294,308.7,0.2259,1348.606131
2026-10-04T02:30:06.992Z,GRT,1.136,38.49,0.02822,1348.606131
2026-10-04T02:30:06.992Z,LAYER,2.2833,107.8,0.07815,1348.606131
2026-10-04T02:30:06.992Z,NMR,-1.0205,15320,11.477,1348.606131
2026-10-04T02:30:06.992Z,EIGEN,-8.6176,321.9,0.2612,1348.606131
2026-10-04T02:30:06.992Z,BAT,-5.1746,119.8,0.09368,1348.606131
2026-10-04T02:30:06.992Z,SPK,-3.0407,32.35,0.02474,1348.606131
2026-10-04T02:30:06.992Z,PUMP,4.2613,8.75,0.006223,1348.606131
2026-10-04T02:30:06.992Z,KMNO,-5.0573,52.01,0.04062,1348.606131
2026-10-04T02:30:06.992Z,CHZ,-6.5667,21.32,0.01692,1348.606131
2026-10-04T02:30:06.992Z,PENGU,4.8554,12.97,0.009172,1348.606131
2026-10-04T02:30:06.992Z,OP,-3.4096,174.2,0.13373,1348.606131
2026-10-04T02:30:06.992Z,UMA,3.5262,560,0.4011,1348.606131
2026-10-04T02:30:06.992Z,ZRO,-1.0573,2721,2.0392,1348.606131
2026-10-04T02:30:06.992Z,S,-5.225,52.8,0.04131,1348.606131
2026-10-04T02:30:06.992Z,IMX,1.6716,249.7,0.18211,1348.606131
2026-10-04T02:30:06.992Z,A,2.0278,130,0.09448,1348.606131
2026-10-04T02:30:06.992Z,ATH,-1.3424,9.4,0.007065,1348.606131
2026-10-04T02:30:06.992Z,COMP,12.421,38100,25.13,1348.606131
2026-10-04T02:30:06.992Z,CVX,-1.6861,3019,2.277,1348.606131
2026-10-04T02:30:06.992Z,AXS,4.0106,1750,1.2476,1348.606131
2026-10-04T02:30:06.992Z,WCT,-1.638,57.08,0.04303,1348.606131
2026-10-04T02:30:06.992Z,ME,-0.6894,103.1,0.07698,1348.606131
2026-10-04T02:30:06.992Z,ASTER,4.1149,1000,0.7122,1348.606131
2026-10-04T02:30:06.992Z,GMX,3.4767,11210,8.033,1348.606131
2026-10-04T02:30:06.992Z,MORPHO,-8.5785,3419,2.7731,1348.606131
2026-10-04T02:30:06.992Z,MON,0.5616,46.3,0.03414,1348.606131
2026-10-04T02:30:06.992Z,1INCH,-1.3124,139,0.10444,1348.606131
2026-10-04T02:30:06.992Z,SKY,-4.0232,118.2,0.09132,1348.606131
2026-10-04T02:30:06.992Z,YGG,5.8049,38.84,0.02722,1348.606131
2026-10-04T02:30:06.992Z,BIO,-0.6127,41.43,0.03091,1348.606131
2026-10-04T02:30:06.992Z,MOVE,-1.8294,13.43,0.010144,1348.606131
2026-10-04T02:30:06.992Z,GALA,-2.5922,3.292,0.002506,1348.606131
2026-10-04T02:30:06.992Z,ZK,-0.6497,17.56,0.013106,1348.606131
2026-10-04T02:30:06.992Z,ENS,1.0203,9260,6.797,1348.606131
2026-10-04T02:30:06.992Z,INJ,1.7754,10360,7.548,1348.606131
2026-10-04T02:30:06.992Z,KAITO,-4.5656,445.7,0.3463,1348.606131
2026-10-04T02:30:06.992Z,LDO,-2.1392,609.2,0.4616,1348.606131
2026-10-04T02:30:06.992Z,BLUR,30.3549,37.48,0.02132,1348.606131
2026-10-04T02:30:06.992Z,AUCTION,2.1595,5110,3.709,1348.606131
2026-10-04T02:30:06.992Z,ZETA,-1.3594,66.66,0.05011,1348.606131
2026-10-04T02:30:06.992Z,WIF,1.2333,340.9,0.2497,1348.606131
2026-10-04T02:30:06.992Z,KSM,-3.5427,6750,5.189,1348.606131
2026-10-04T02:30:06.992Z,SNX,-7.2236,315.8,0.2524,1348.606131
2026-10-04T02:30:06.992Z,FET,-1.2876,297,0.2231,1348.606131
2026-10-04T02:35:06.968Z,BTC,0.8567,115324000,84787.1,1348.606131
2026-10-04T02:35:06.968Z,XRP,0.8293,2025,1.4892,1348.606131
2026-10-04T02:35:06.968Z,SOL,0.9209,163500,120.13,1348.606131
2026-10-04T02:35:06.968Z,ETH,0.8313,3662000,2693.01,1348.606131
2026-10-04T02:35:06.968Z,FIL,0.663,1439,1.06,1348.606131
2026-10-04T02:35:06.968Z,TRX,1.6496,459.4,0.33512,1348.606131
2026-10-04T02:35:06.968Z,BNB,1.3856,1071000,783.3,1348.606131
2026-10-04T02:35:06.968Z,WLD,0.892,804,0.5909,1348.606131
2026-10-04T02:35:06.968Z,FLOW,1.4918,44.99,0.03287,1348.606131
2026-10-04T02:35:06.968Z,LINK,1.0592,19120,14.029,1348.606131
2026-10-04T02:35:06.968Z,DOGE,0.7803,126.1,0.09278,1348.606131
2026-10-04T02:35:06.968Z,SUI,0.6735,1598,1.177,1348.606131
2026-10-04T02:35:06.968Z,XLM,0.9862,293.3,0.21536,1348.606131
2026-10-04T02:35:06.968Z,BCH,1.123,433400,317.8,1348.606131
2026-10-04T02:35:06.968Z,AVAX,0.8127,15030,11.055,1348.606131
2026-10-04T02:35:06.968Z,ETC,1.103,12000,8.801,1348.606131
2026-10-04T02:35:06.968Z,AAVE,6.1279,259800,181.52,1348.606131
2026-10-04T02:35:06.968Z,ADA,1.9495,335.2,0.2438,1348.606131
2026-10-04T02:35:06.968Z,HYPE,0.4015,121300,89.585,1348.606131
2026-10-04T02:35:06.968Z,SEI,1.0854,97.84,0.07177,1348.606131
2026-10-04T02:35:06.968Z,HBAR,1.3307,138.5,0.10135,1348.606131
2026-10-04T02:35:06.968Z,ARB,0.8466,273.8,0.20132,1348.606131
2026-10-04T02:35:06.968Z,JTO,1.4342,761.4,0.5566,1348.606131
2026-10-04T02:35:06.968Z,ONDO,0.7815,674,0.4959,1348.606131
2026-10-04T02:35:06.968Z,QTUM,-0.0897,1335,0.9908,1348.606131
2026-10-04T02:35:06.968Z,PYTH,-2.5765,102.1,0.07771,1348.606131
2026-10-04T02:35:06.968Z,APT,0.877,1081,0.7946,1348.606131
2026-10-04T02:35:06.968Z,UNI,1.2749,12340,9.035,1348.606131
2026-10-04T02:35:06.968Z,TIA,0.8544,634.5,0.4665,1348.606131
2026-10-04T02:35:06.968Z,ALGO,1.2325,175.5,0.12855,1348.606131
2026-10-04T02:35:06.968Z,NEAR,1.3448,6600,4.829,1348.606131
2026-10-04T02:35:06.968Z,ZIL,-4.4998,4.5,0.003494,1348.606131
2026-10-04T02:35:06.968Z,SUSHI,-2.26,335.2,0.2543,1348.606131
2026-10-04T02:35:06.968Z,PENDLE,-4.6116,3153,2.451,1348.606131
2026-10-04T02:35:06.968Z,XTZ,0.4266,438,0.3234,1348.606131
2026-10-04T02:35:06.968Z,W,-2.7371,18.71,0.014264,1348.606131
2026-10-04T02:35:06.968Z,AR,11.6317,6740,4.477,1348.606131
2026-10-04T02:35:06.968Z,SHIB,1.6119,0.0078,5.692e-06,1348.606131
2026-10-04T02:35:06.968Z,CELO,18.9566,159.8,0.09961,1348.606131
2026-10-04T02:35:06.968Z,STX,1.5293,516.2,0.377,1348.606131
2026-10-04T02:35:06.968Z,JUP,0.6153,447.1,0.3295,1348.606131
2026-10-04T02:35:06.968Z,PEPE,0.3907,0.0058,4.284e-06,1348.606131
2026-10-04T02:35:06.968Z,DYDX,0.6797,200,0.1473,1348.606131
2026-10-04T02:35:06.968Z,KITE,-16.2048,176.2,0.15592,1348.606131
2026-10-04T02:35:06.968Z,CRV,-0.2219,507.7,0.3773,1348.606131
2026-10-04T02:35:06.968Z,ENJ,-1.2596,44.01,0.03305,1348.606131
2026-10-04T02:35:06.968Z,ATOM,22.6722,2824,1.707,1348.606131
2026-10-04T02:35:06.968Z,ICP,2.8195,4605,3.321,1348.606131
2026-10-04T02:35:06.968Z,SPACE,1.8313,7.284,0.005304,1348.606131
2026-10-04T02:35:06.968Z,DOT,0.6294,1603,1.1812,1348.606131
2026-10-04T02:35:06.968Z,ETHFI,-3.2403,944.1,0.7235,1348.606131
2026-10-04T02:35:06.968Z,CC,0.8636,171.8,0.1263,1348.606131
2026-10-04T02:35:06.968Z,SYRUP,1.0594,350.4,0.2571,1348.606131
2026-10-04T02:35:06.968Z,TAO,-3.7942,400000,308.3,1348.606131
2026-10-04T02:35:06.968Z,GRAM,-0.7761,2042,1.526,1348.606131
2026-10-04T02:35:06.968Z,RAY,-5.1612,2613,2.043,1348.606131
2026-10-04T02:35:06.968Z,RENDER,-0.525,2620,1.953,1348.606131
2026-10-04T02:35:06.968Z,GRASS,2.6781,991.6,0.7161,1348.606131
2026-10-04T02:35:06.968Z,MINA,-0.6425,219,0.16344,1348.606131
2026-10-04T02:35:06.968Z,POL,-4.8864,140.2,0.1093,1348.606131
2026-10-04T02:35:06.968Z,ENA,0.142,321.1,0.23776,1348.606131
2026-10-04T02:35:06.968Z,SAND,2.1094,99.74,0.07243,1348.606131
2026-10-04T02:35:06.968Z,AERO,-4.4079,1074,0.8331,1348.606131
2026-10-04T02:35:06.968Z,KGEN,-1.4711,213.4,0.1606,1348.606131
2026-10-04T02:35:06.968Z,LIT,3.4269,4977,3.5682,1348.606131
2026-10-04T02:35:06.968Z,MANA,5.5308,143.7,0.10097,1348.606131
2026-10-04T02:35:06.968Z,BAND,-2.1877,299.7,0.2272,1348.606131
2026-10-04T02:35:06.968Z,APE,0.635,219.4,0.16166,1348.606131
2026-10-04T02:35:06.968Z,GMT,1.9444,12.06,0.008772,1348.606131
2026-10-04T02:35:06.968Z,VIRTUAL,-2.9569,1039,0.7939,1348.606131
2026-10-04T02:35:06.968Z,LPT,2.4005,2396,1.735,1348.606131
2026-10-04T02:35:06.968Z,DATA,1.9571,288.2,0.2096,1348.606131
2026-10-04T02:35:06.968Z,THETA,1.1056,308.7,0.2264,1348.606131
2026-10-04T02:35:06.968Z,GRT,1.136,38.49,0.02822,1348.606131
2026-10-04T02:35:06.968Z,LAYER,2.1004,107.8,0.07829,1348.606131
2026-10-04T02:35:06.968Z,NMR,-0.9774,15320,11.472,1348.606131
2026-10-04T02:35:06.968Z,EIGEN,-8.827,321.9,0.2618,1348.606131
2026-10-04T02:35:06.968Z,BAT,-5.1644,119.8,0.09367,1348.606131
2026-10-04T02:35:06.968Z,SPK,-3.2363,32.35,0.02479,1348.606131
2026-10-04T02:35:06.968Z,PUMP,4.4796,8.75,0.00621,1348.606131
2026-10-04T02:35:06.968Z,KMNO,-5.0573,52.01,0.04062,1348.606131
2026-10-04T02:35:06.968Z,CHZ,-6.5667,21.32,0.01692,1348.606131
2026-10-04T02:35:06.968Z,PENGU,4.764,12.97,0.00918,1348.606131
2026-10-04T02:35:06.968Z,OP,-3.5898,174.2,0.13398,1348.606131
2026-10-04T02:35:06.968Z,UMA,3.4488,560,0.4014,1348.606131
2026-10-04T02:35:06.968Z,ZRO,-1.6841,2721,2.0522,1348.606131
2026-10-04T02:35:06.968Z,S,-5.4311,52.8,0.0414,1348.606131
2026-10-04T02:35:06.968Z,IMX,1.2989,249.7,0.18278,1348.606131
2026-10-04T02:35:06.968Z,A,1.8553,130,0.09464,1348.606131
2026-10-04T02:35:06.968Z,ATH,-1.7734,9.4,0.007096,1348.606131
2026-10-04T02:35:06.968Z,COMP,12.421,38100,25.13,1348.606131
2026-10-04T02:35:06.968Z,CVX,-1.8155,3019,2.28,1348.606131
2026-10-04T02:35:06.968Z,AXS,3.9939,1750,1.2478,1348.606131
2026-10-04T02:35:06.968Z,WCT,-1.6608,57.08,0.04304,1348.606131
2026-10-04T02:35:06.968Z,ME,-0.8954,103.1,0.07714,1348.606131
2026-10-04T02:35:06.968Z,ASTER,4.0419,1000,0.7127,1348.606131
2026-10-04T02:35:06.968Z,GMX,3.2582,11210,8.05,1348.606131
2026-10-04T02:35:06.968Z,MORPHO,-8.453,3419,2.7693,1348.606131
2026-10-04T02:35:06.968Z,MON,0.2094,46.3,0.03426,1348.606131
2026-10-04T02:35:06.968Z,1INCH,-1.1704,139,0.10429,1348.606131
2026-10-04T02:35:06.968Z,SKY,-4.4938,118.2,0.09177,1348.606131
2026-10-04T02:35:06.968Z,YGG,5.6885,38.84,0.02725,1348.606131
2026-10-04T02:35:06.968Z,BIO,-0.677,41.43,0.03093,1348.606131
2026-10-04T02:35:06.968Z,MOVE,-1.839,13.43,0.010145,1348.606131
2026-10-04T02:35:06.968Z,GALA,-2.6311,3.292,0.002507,1348.606131
2026-10-04T02:35:06.968Z,ZK,-1.0724,17.56,0.013162,1348.606131
2026-10-04T02:35:06.968Z,ENS,0.9609,9260,6.801,1348.606131
2026-10-04T02:35:06.968Z,INJ,1.6542,10360,7.557,1348.606131
2026-10-04T02:35:06.968Z,KAITO,-4.7032,445.7,0.3468,1348.606131
2026-10-04T02:35:06.968Z,LDO,-2.3085,609.2,0.4624,1348.606131
2026-10-04T02:35:06.968Z,BLUR,30.416,37.48,0.02131,1348.606131
2026-10-04T02:35:06.968Z,AUCTION,2.077,5110,3.712,1348.606131
2026-10-04T02:35:06.968Z,ZETA,-1.7124,66.66,0.05029,1348.606131
2026-10-04T02:35:06.968Z,WIF,1.0714,340.9,0.2501,1348.606131
2026-10-04T02:35:06.968Z,KSM,-3.5241,6750,5.188,1348.606131
2026-10-04T02:35:06.968Z,SNX,-7.3337,315.8,0.2527,1348.606131
2026-10-04T02:35:06.968Z,FET,-1.4202,297,0.2234,1348.606131
2026-10-04T02:40:06.897Z,BTC,0.8472,115299000,84776.7,1348.606131
2026-10-04T02:40:06.897Z,XRP,0.8632,2025,1.4887,1348.606131
2026-10-04T02:40:06.897Z,SOL,1.005,163500,120.03,1348.606131
2026-10-04T02:40:06.897Z,ETH,0.8985,3663000,2691.95,1348.606131
2026-10-04T02:40:06.897Z,FIL,0.6155,1439,1.0605,1348.606131
2026-10-04T02:40:06.897Z,TRX,1.6556,459.4,0.3351,1348.606131
2026-10-04T02:40:06.897Z,BNB,1.3726,1071000,783.4,1348.606131
2026-10-04T02:40:06.897Z,WLD,0.8719,805.2,0.5919,1348.606131
2026-10-04T02:40:06.897Z,FLOW,1.3685,44.99,0.03291,1348.606131
2026-10-04T02:40:06.897Z,LINK,1.1169,19120,14.021,1348.606131
2026-10-04T02:40:06.897Z,DOGE,0.951,126.3,0.09277,1348.606131
2026-10-04T02:40:06.897Z,SUI,0.665,1598,1.1771,1348.606131
2026-10-04T02:40:06.897Z,XLM,1.0894,293.3,0.21514,1348.606131
2026-10-04T02:40:06.897Z,BCH,1.0912,433400,317.9,1348.606131
2026-10-04T02:40:06.897Z,AVAX,0.7307,15030,11.064,1348.606131
2026-10-04T02:40:06.897Z,ETC,1.103,12000,8.801,1348.606131
2026-10-04T02:40:06.897Z,AAVE,5.8887,259800,181.93,1348.606131
2026-10-04T02:40:06.897Z,ADA,1.9495,335.2,0.2438,1348.606131
2026-10-04T02:40:06.897Z,HYPE,0.4172,121300,89.571,1348.606131
2026-10-04T02:40:06.897Z,SEI,1.1136,97.84,0.07175,1348.606131
2026-10-04T02:40:06.897Z,HBAR,1.4508,138.5,0.10123,1348.606131
2026-10-04T02:40:06.897Z,ARB,0.9268,273.8,0.20116,1348.606131
2026-10-04T02:40:06.897Z,JTO,1.3614,761.4,0.557,1348.606131
2026-10-04T02:40:06.897Z,ONDO,0.7611,674,0.496,1348.606131
2026-10-04T02:40:06.897Z,QTUM,-0.1099,1335,0.991,1348.606131
2026-10-04T02:40:06.897Z,PYTH,-2.6141,102.1,0.07774,1348.606131
2026-10-04T02:40:06.897Z,APT,0.8516,1081,0.7948,1348.606131
2026-10-04T02:40:06.897Z,UNI,1.3086,12340,9.032,1348.606131
2026-10-04T02:40:06.897Z,TIA,0.7033,634.5,0.4672,1348.606131
2026-10-04T02:40:06.897Z,ALGO,1.2798,175.5,0.12849,1348.606131
2026-10-04T02:40:06.897Z,NEAR,1.6395,6600,4.815,1348.606131
2026-10-04T02:40:06.897Z,ZIL,-4.5271,4.5,0.003495,1348.606131
2026-10-04T02:40:06.897Z,SUSHI,-2.5283,335.2,0.255,1348.606131
2026-10-04T02:40:06.897Z,PENDLE,-4.767,3153,2.455,1348.606131
2026-10-04T02:40:06.897Z,XTZ,0.4577,438,0.3233,1348.606131
2026-10-04T02:40:06.897Z,W,-2.812,18.71,0.014275,1348.606131
2026-10-04T02:40:06.897Z,AR,11.4823,6740,4.483,1348.606131
2026-10-04T02:40:06.897Z,SHIB,1.5941,0.0078,5.693e-06,1348.606131
2026-10-04T02:40:06.897Z,CELO,18.5046,159.8,0.09999,1348.606131
2026-10-04T02:40:06.897Z,STX,1.3412,516.2,0.3777,1348.606131
2026-10-04T02:40:06.897Z,JUP,0.5848,447.1,0.3296,1348.606131
2026-10-04T02:40:06.897Z,PEPE,0.4376,0.0058,4.282e-06,1348.606131
2026-10-04T02:40:06.897Z,DYDX,0.3799,200,0.14774,1348.606131
2026-10-04T02:40:06.897Z,KITE,-15.9353,176.2,0.15542,1348.606131
2026-10-04T02:40:06.897Z,CRV,-0.116,507.7,0.3769,1348.606131
2026-10-04T02:40:06.897Z,ENJ,-1.6168,44.01,0.03317,1348.606131
2026-10-04T02:40:06.897Z,ATOM,22.5286,2824,1.709,1348.606131
2026-10-04T02:40:06.897Z,ICP,2.8195,4605,3.321,1348.606131
2026-10-04T02:40:06.897Z,SPACE,1.4678,7.284,0.005323,1348.606131
2026-10-04T02:40:06.897Z,DOT,0.5443,1603,1.1822,1348.606131
2026-10-04T02:40:06.897Z,ETHFI,-3.3872,944.1,0.7246,1348.606131
2026-10-04T02:40:06.897Z,CC,0.8796,171.8,0.12628,1348.606131
2026-10-04T02:40:06.897Z,SYRUP,1.4541,350.4,0.2561,1348.606131
2026-10-04T02:40:06.897Z,TAO,-3.5752,400000,307.6,1348.606131
2026-10-04T02:40:06.897Z,GRAM,-0.7761,2042,1.526,1348.606131
2026-10-04T02:40:06.897Z,RAY,-5.0264,2613,2.0401,1348.606131
2026-10-04T02:40:06.897Z,RENDER,-0.5759,2620,1.954,1348.606131
2026-10-04T02:40:06.897Z,GRASS,2.8792,991.6,0.7147,1348.606131
2026-10-04T02:40:06.897Z,MINA,-0.6182,219,0.1634,1348.606131
2026-10-04T02:40:06.897Z,POL,-5.0167,140.2,0.10945,1348.606131
2026-10-04T02:40:06.897Z,ENA,0.1462,321.1,0.23775,1348.606131
2026-10-04T02:40:06.897Z,SAND,1.9124,99.74,0.07257,1348.606131
2026-10-04T02:40:06.897Z,AERO,-4.3849,1074,0.8329,1348.606131
2026-10-04T02:40:06.897Z,KGEN,-1.4711,213.4,0.1606,1348.606131
2026-10-04T02:40:06.897Z,LIT,2.7816,4977,3.5906,1348.606131
2026-10-04T02:40:06.897Z,MANA,5.4473,143.7,0.10105,1348.606131
2026-10-04T02:40:06.897Z,BAND,-2.1447,299.7,0.2271,1348.606131
2026-10-04T02:40:06.897Z,APE,0.399,219.4,0.16204,1348.606131
2026-10-04T02:40:06.897Z,GMT,1.7241,12.06,0.008791,1348.606131
2026-10-04T02:40:06.897Z,VIRTUAL,-3.0058,1039,0.7943,1348.606131
2026-10-04T02:40:06.897Z,LPT,2.2826,2396,1.737,1348.606131
2026-10-04T02:40:06.897Z,DATA,1.9571,288.2,0.2096,1348.606131
2026-10-04T02:40:06.897Z,THETA,0.8383,308.7,0.227,1348.606131
2026-10-04T02:40:06.897Z,GRT,0.8501,38.49,0.0283,1348.606131
2026-10-04T02:40:06.897Z,LAYER,2.0092,107.8,0.07836,1348.606131
2026-10-04T02:40:06.897Z,NMR,-1.4242,15320,11.524,1348.606131
2026-10-04T02:40:06.897Z,EIGEN,-8.6525,321.9,0.2613,1348.606131
2026-10-04T02:40:06.897Z,BAT,-5.306,119.8,0.09381,1348.606131
2026-10-04T02:40:06.897Z,SPK,-3.1581,32.35,0.02477,1348.606131
2026-10-04T02:40:06.897Z,PUMP,4.3116,8.75,0.00622,1348.606131
2026-10-04T02:40:06.897Z,KMNO,-4.9168,52.01,0.04056,1348.606131
2026-10-04T02:40:06.897Z,CHZ,-6.7871,21.32,0.01696,1348.606131
2026-10-04T02:40:06.897Z,PENGU,4.7869,12.97,0.009178,1348.606131
2026-10-04T02:40:06.897Z,OP,-3.6401,174.2,0.13405,1348.606131
2026-10-04T02:40:06.897Z,UMA,3.1917,560,0.4024,1348.606131
2026-10-04T02:40:06.897Z,ZRO,-1.5402,2721,2.0492,1348.606131
2026-10-04T02:40:06.897Z,S,-4.8797,52.8,0.04116,1348.606131
2026-10-04T02:40:06.897Z,IMX,0.9509,249.7,0.18341,1348.606131
2026-10-04T02:40:06.897Z,A,1.7692,130,0.09472,1348.606131
2026-10-04T02:40:06.897Z,ATH,-1.8978,9.4,0.007105,1348.606131
2026-10-04T02:40:06.897Z,COMP,12.3316,38100,25.15,1348.606131
2026-10-04T02:40:06.897Z,CVX,-2.0303,3019,2.285,1348.606131
2026-10-04T02:40:06.897Z,AXS,4.0356,1750,1.2473,1348.606131
2026-10-04T02:40:06.897Z,WCT,-2.093,57.08,0.04323,1348.606131
2026-10-04T02:40:06.897Z,ME,-0.8954,103.1,0.07714,1348.606131
2026-10-04T02:40:06.897Z,ASTER,4.0565,1000,0.7126,1348.606131
2026-10-04T02:40:06.897Z,GMX,2.735,11210,8.091,1348.606131
2026-10-04T02:40:06.897Z,MORPHO,-8.7332,3419,2.7778,1348.606131
2026-10-04T02:40:06.897Z,MON,0.3559,46.3,0.03421,1348.606131
2026-10-04T02:40:06.897Z,1INCH,-1.2556,139,0.10438,1348.606131
2026-10-04T02:40:06.897Z,SKY,-4.6704,118.2,0.09194,1348.606131
2026-10-04T02:40:06.897Z,YGG,5.4563,38.84,0.02731,1348.606131
2026-10-04T02:40:06.897Z,BIO,-0.9652,41.43,0.03102,1348.606131
2026-10-04T02:40:06.897Z,MOVE,-1.9067,13.43,0.010152,1348.606131
2026-10-04T02:40:06.897Z,GALA,-2.9408,3.292,0.002515,1348.606131
2026-10-04T02:40:06.897Z,ZK,-0.8388,17.56,0.013131,1348.606131
2026-10-04T02:40:06.897Z,ENS,0.8274,9260,6.81,1348.606131
2026-10-04T02:40:06.897Z,INJ,1.7754,10360,7.548,1348.606131
2026-10-04T02:40:06.897Z,KAITO,-4.6482,445.7,0.3466,1348.606131
2026-10-04T02:40:06.897Z,LDO,-2.3296,609.2,0.4625,1348.606131
2026-10-04T02:40:06.897Z,BLUR,30.2938,37.48,0.02133,1348.606131
2026-10-04T02:40:06.897Z,AUCTION,1.8848,5110,3.719,1348.606131
2026-10-04T02:40:06.897Z,ZETA,-2.0047,66.66,0.05044,1348.606131
2026-10-04T02:40:06.897Z,WIF,1.0714,340.9,0.2501,1348.606131
2026-10-04T02:40:06.897Z,KSM,-3.6541,6750,5.195,1348.606131
2026-10-04T02:40:06.897Z,SNX,-7.4802,315.8,0.2531,1348.606131
2026-10-04T02:40:06.897Z,FET,-1.376,297,0.2233,1348.606131
2026-10-04T02:45:06.931Z,BTC,0.8519,115284000,84761.7,1348.606131
2026-10-04T02:45:06.931Z,XRP,0.8066,2024,1.4888,1348.606131
2026-10-04T02:45:06.931Z,SOL,0.9629,163500,120.08,1348.606131
2026-10-04T02:45:06.931Z,ETH,0.847,3660000,2691.12,1348.606131
2026-10-04T02:45:06.931Z,FIL,0.6155,1439,1.0605,1348.606131
2026-10-04T02:45:06.931Z,TRX,1.6587,459.4,0.33509,1348.606131
2026-10-04T02:45:06.931Z,BNB,1.2951,1071000,784,1348.606131
2026-10-04T02:45:06.931Z,WLD,0.8493,809.1,0.5949,1348.606131
2026-10-04T02:45:06.931Z,FLOW,1.1533,44.99,0.03298,1348.606131
2026-10-04T02:45:06.931Z,LINK,1.4887,19230,14.05,1348.606131
2026-10-04T02:45:06.931Z,DOGE,0.9293,126.3,0.09279,1348.606131
2026-10-04T02:45:06.931Z,SUI,0.8574,1605,1.18,1348.606131
2026-10-04T02:45:06.931Z,XLM,1.0237,293.3,0.21528,1348.606131
2026-10-04T02:45:06.931Z,BCH,0.9959,433400,318.2,1348.606131
2026-10-04T02:45:06.931Z,AVAX,0.7125,15030,11.066,1348.606131
2026-10-04T02:45:06.931Z,ETC,0.9997,12000,8.81,1348.606131
2026-10-04T02:45:06.931Z,AAVE,5.6738,259800,182.3,1348.606131
2026-10-04T02:45:06.931Z,ADA,1.9914,335.2,0.2437,1348.606131
2026-10-04T02:45:06.931Z,HYPE,0.3915,121300,89.594,1348.606131
2026-10-04T02:45:06.931Z,SEI,0.8345,97.57,0.07175,1348.606131
2026-10-04T02:45:06.931Z,HBAR,1.1078,138.1,0.10128,1348.606131
2026-10-04T02:45:06.931Z,ARB,0.972,273.8,0.20107,1348.606131
2026-10-04T02:45:06.931Z,JTO,1.4342,761.4,0.5566,1348.606131
2026-10-04T02:45:06.931Z,ONDO,0.6597,674,0.4965,1348.606131
2026-10-04T02:45:06.931Z,QTUM,-0.1905,1335,0.9918,1348.606131
2026-10-04T02:45:06.931Z,PYTH,-2.5765,102.1,0.07771,1348.606131
2026-10-04T02:45:06.931Z,APT,0.7755,1081,0.7954,1348.606131
2026-10-04T02:45:06.931Z,UNI,1.0959,12340,9.051,1348.606131
2026-10-04T02:45:06.931Z,TIA,0.5311,634.5,0.468,1348.606131
2026-10-04T02:45:06.931Z,ALGO,1.3271,175.5,0.12843,1348.606131
2026-10-04T02:45:06.931Z,NEAR,1.724,6600,4.811,1348.606131
2026-10-04T02:45:06.931Z,ZIL,-4.6907,4.5,0.003501,1348.606131
2026-10-04T02:45:06.931Z,SUSHI,-2.719,335.2,0.2555,1348.606131
2026-10-04T02:45:06.931Z,PENDLE,-4.6116,3153,2.451,1348.606131
2026-10-04T02:45:06.931Z,XTZ,0.3336,438,0.3237,1348.606131
2026-10-04T02:45:06.931Z,W,-3.1783,18.71,0.014329,1348.606131
2026-10-04T02:45:06.931Z,AR,11.4575,6740,4.484,1348.606131
2026-10-04T02:45:06.931Z,SHIB,1.5584,0.0078,5.695e-06,1348.606131
2026-10-04T02:45:06.931Z,CELO,18.4927,159.8,0.1,1348.606131
2026-10-04T02:45:06.931Z,STX,1.2607,516.2,0.378,1348.606131
2026-10-04T02:45:06.931Z,JUP,0.6153,447.1,0.3295,1348.606131
2026-10-04T02:45:06.931Z,PEPE,0.4845,0.0058,4.28e-06,1348.606131
2026-10-04T02:45:06.931Z,DYDX,0.2036,200,0.148,1348.606131
2026-10-04T02:45:06.931Z,KITE,-16.1349,176.2,0.15579,1348.606131
2026-10-04T02:45:06.931Z,CRV,-0.1425,507.7,0.377,1348.606131
2026-10-04T02:45:06.931Z,ENJ,-1.5872,44.01,0.03316,1348.606131
2026-10-04T02:45:06.931Z,ATOM,22.3854,2824,1.711,1348.606131
2026-10-04T02:45:06.931Z,ICP,2.8815,4605,3.319,1348.606131
2026-10-04T02:45:06.931Z,SPACE,1.3726,7.284,0.005328,1348.606131
2026-10-04T02:45:06.931Z,DOT,0.4339,1603,1.1835,1348.606131
2026-10-04T02:45:06.931Z,ETHFI,-3.5337,944.1,0.7257,1348.606131
2026-10-04T02:45:06.931Z,CC,0.7201,171.8,0.12648,1348.606131
2026-10-04T02:45:06.931Z,SYRUP,1.2169,350.4,0.2567,1348.606131
2026-10-04T02:45:06.931Z,TAO,-3.8254,400000,308.4,1348.606131
2026-10-04T02:45:06.931Z,GRAM,-0.8411,2042,1.527,1348.606131
2026-10-04T02:45:06.931Z,RAY,-5.3142,2613,2.0463,1348.606131
2026-10-04T02:45:06.931Z,RENDER,-0.6268,2620,1.955,1348.606131
2026-10-04T02:45:06.931Z,GRASS,2.5063,991.6,0.7173,1348.606131
2026-10-04T02:45:06.931Z,MINA,-1.2167,219,0.16439,1348.606131
2026-10-04T02:45:06.931Z,POL,-5.1034,140.2,0.10955,1348.606131
2026-10-04T02:45:06.931Z,ENA,-0.0304,321.1,0.23817,1348.606131
2026-10-04T02:45:06.931Z,SAND,1.5765,99.74,0.07281,1348.606131
2026-10-04T02:45:06.931Z,AERO,-4.3045,1074,0.8322,1348.606131
2026-10-04T02:45:06.931Z,KGEN,-1.4711,213.4,0.1606,1348.606131
2026-10-04T02:45:06.931Z,LIT,2.7015,4977,3.5934,1348.606131
2026-10-04T02:45:06.931Z,MANA,5.3951,143.7,0.1011,1348.606131
2026-10-04T02:45:06.931Z,BAND,-2.2308,299.7,0.2273,1348.606131
2026-10-04T02:45:06.931Z,APE,0.3804,219.4,0.16207,1348.606131
2026-10-04T02:45:06.931Z,GMT,1.4011,12.06,0.008819,1348.606131
2026-10-04T02:45:06.931Z,VIRTUAL,-3.0546,1039,0.7947,1348.606131
2026-10-04T02:45:06.931Z,LPT,2.165,2396,1.739,1348.606131
2026-10-04T02:45:06.931Z,DATA,1.8114,288.2,0.2099,1348.606131
2026-10-04T02:45:06.931Z,THETA,0.8383,308.7,0.227,1348.606131
2026-10-04T02:45:06.931Z,GRT,0.8501,38.49,0.0283,1348.606131
2026-10-04T02:45:06.931Z,LAYER,1.9962,107.8,0.07837,1348.606131
2026-10-04T02:45:06.931Z,NMR,-1.7821,15320,11.566,1348.606131
2026-10-04T02:45:06.931Z,EIGEN,-8.8618,321.9,0.2619,1348.606131
2026-10-04T02:45:06.931Z,BAT,-5.4572,119.8,0.09396,1348.606131
2026-10-04T02:45:06.931Z,SPK,-3.2753,32.35,0.0248,1348.606131
2026-10-04T02:45:06.931Z,PUMP,3.2985,8.75,0.006281,1348.606131
2026-10-04T02:45:06.931Z,KMNO,-4.9168,52.01,0.04056,1348.606131
2026-10-04T02:45:06.931Z,CHZ,-6.8968,21.32,0.01698,1348.606131
2026-10-04T02:45:06.931Z,PENGU,4.6956,12.97,0.009186,1348.606131
2026-10-04T02:45:06.931Z,OP,-3.7693,174.2,0.13423,1348.606131
2026-10-04T02:45:06.931Z,UMA,3.1917,560,0.4024,1348.606131
2026-10-04T02:45:06.931Z,ZRO,-0.7409,2721,2.0327,1348.606131
2026-10-04T02:45:06.931Z,S,-5.2021,52.8,0.0413,1348.606131
2026-10-04T02:45:06.931Z,IMX,0.8355,249.7,0.18362,1348.606131
2026-10-04T02:45:06.931Z,A,1.6512,130,0.09483,1348.606131
2026-10-04T02:45:06.931Z,ATH,-2.3103,9.4,0.007135,1348.606131
2026-10-04T02:45:06.931Z,COMP,12.2423,38100,25.17,1348.606131
2026-10-04T02:45:06.931Z,CVX,-2.0303,3019,2.285,1348.606131
2026-10-04T02:45:06.931Z,AXS,3.3973,1750,1.255,1348.606131
2026-10-04T02:45:06.931Z,WCT,-2.1835,57.08,0.04327,1348.606131
2026-10-04T02:45:06.931Z,ME,-0.9082,103.1,0.07715,1348.606131
2026-10-04T02:45:06.931Z,ASTER,4.0565,1000,0.7126,1348.606131
2026-10-04T02:45:06.931Z,GMX,2.7223,11210,8.092,1348.606131
2026-10-04T02:45:06.931Z,MORPHO,-8.6839,3419,2.7763,1348.606131
2026-10-04T02:45:06.931Z,MON,0.0051,46.3,0.03433,1348.606131
2026-10-04T02:45:06.931Z,1INCH,-1.3785,139,0.10451,1348.606131
2026-10-04T02:45:06.931Z,SKY,-5.2987,118.2,0.09255,1348.606131
2026-10-04T02:45:06.931Z,YGG,5.1483,38.84,0.02739,1348.606131
2026-10-04T02:45:06.931Z,BIO,-0.9971,41.43,0.03103,1348.606131
2026-10-04T02:45:06.931Z,MOVE,-1.9936,13.43,0.010161,1348.606131
2026-10-04T02:45:06.931Z,GALA,-3.1334,3.292,0.00252,1348.606131
2026-10-04T02:45:06.931Z,ZK,-0.952,17.56,0.013146,1348.606131
2026-10-04T02:45:06.931Z,ENS,0.8126,9260,6.811,1348.606131
2026-10-04T02:45:06.931Z,INJ,1.7754,10360,7.548,1348.606131
2026-10-04T02:45:06.931Z,KAITO,-4.7306,445.7,0.3469,1348.606131
2026-10-04T02:45:06.931Z,LDO,-2.3085,609.2,0.4624,1348.606131
2026-10-04T02:45:06.931Z,BLUR,30.0499,37.48,0.02137,1348.606131
2026-10-04T02:45:06.931Z,AUCTION,1.8301,5110,3.721,1348.606131
2026-10-04T02:45:06.931Z,ZETA,-2.0242,66.66,0.05045,1348.606131
2026-10-04T02:45:06.931Z,WIF,0.9503,340.9,0.2504,1348.606131
2026-10-04T02:45:06.931Z,KSM,-3.6912,6750,5.197,1348.606131
2026-10-04T02:45:06.931Z,SNX,-7.5532,315.8,0.2533,1348.606131
2026-10-04T02:45:06.931Z,FET,-1.4643,297,0.2235,1348.606131
2026-10-04T02:50:06.945Z,BTC,0.8353,115275000,84769.1,1348.606131
2026-10-04T02:50:06.945Z,XRP,0.8158,2025,1.4894,1348.606131
2026-10-04T02:50:06.945Z,SOL,0.8286,163500,120.24,1348.606131
2026-10-04T02:50:06.945Z,ETH,0.7554,3659000,2692.83,1348.606131
2026-10-04T02:50:06.945Z,FIL,0.6345,1439,1.0603,1348.606131
2026-10-04T02:50:06.945Z,TRX,1.6465,459.4,0.33513,1348.606131
2026-10-04T02:50:06.945Z,BNB,1.3597,1071000,783.5,1348.606131
2026-10-04T02:50:06.945Z,WLD,0.911,811.5,0.5963,1348.606131
2026-10-04T02:50:06.945Z,FLOW,1.3069,44.99,0.03293,1348.606131
2026-10-04T02:50:06.945Z,LINK,1.4454,19230,14.056,1348.606131
2026-10-04T02:50:06.945Z,DOGE,0.9619,126.3,0.09276,1348.606131
2026-10-04T02:50:06.945Z,SUI,0.8604,1606,1.1807,1348.606131
2026-10-04T02:50:06.945Z,XLM,1.0753,293.3,0.21517,1348.606131
2026-10-04T02:50:06.945Z,BCH,1.0594,433400,318,1348.606131
2026-10-04T02:50:06.945Z,AVAX,0.7398,15030,11.063,1348.606131
2026-10-04T02:50:06.945Z,ETC,0.9883,12000,8.811,1348.606131
2026-10-04T02:50:06.945Z,AAVE,5.2926,259800,182.96,1348.606131
2026-10-04T02:50:06.945Z,ADA,0.94,331.2,0.2433,1348.606131
2026-10-04T02:50:06.945Z,HYPE,0.3679,121300,89.615,1348.606131
2026-10-04T02:50:06.945Z,SEI,0.5502,97.2,0.07168,1348.606131
2026-10-04T02:50:06.945Z,HBAR,1.1778,138.1,0.10121,1348.606131
2026-10-04T02:50:06.945Z,ARB,0.957,273.8,0.2011,1348.606131
2026-10-04T02:50:06.945Z,JTO,1.3432,761.4,0.5571,1348.606131
2026-10-04T02:50:06.945Z,ONDO,0.5786,674,0.4969,1348.606131
2026-10-04T02:50:06.945Z,QTUM,-0.1603,1335,0.9915,1348.606131
2026-10-04T02:50:06.945Z,PYTH,-2.5263,102.1,0.07767,1348.606131
2026-10-04T02:50:06.945Z,APT,0.7882,1081,0.7953,1348.606131
2026-10-04T02:50:06.945Z,UNI,0.7397,12340,9.083,1348.606131
2026-10-04T02:50:06.945Z,TIA,0.4667,634.5,0.4683,1348.606131
2026-10-04T02:50:06.945Z,ALGO,1.5564,175.5,0.12814,1348.606131
2026-10-04T02:50:06.945Z,NEAR,1.6606,6600,4.814,1348.606131
2026-10-04T02:50:06.945Z,ZIL,-4.609,4.5,0.003498,1348.606131
2026-10-04T02:50:06.945Z,SUSHI,-2.6428,335.2,0.2553,1348.606131
2026-10-04T02:50:06.945Z,PENDLE,-4.5337,3153,2.449,1348.606131
2026-10-04T02:50:06.945Z,XTZ,0.1788,438,0.3242,1348.606131
2026-10-04T02:50:06.945Z,W,-2.9616,18.71,0.014297,1348.606131
2026-10-04T02:50:06.945Z,AR,12.0572,6740,4.46,1348.606131
2026-10-04T02:50:06.945Z,SHIB,1.5762,0.0078,5.694e-06,1348.606131
2026-10-04T02:50:06.945Z,CELO,18.8016,159.8,0.09974,1348.606131
2026-10-04T02:50:06.945Z,STX,1.3412,516.2,0.3777,1348.606131
2026-10-04T02:50:06.945Z,JUP,0.5543,447.1,0.3297,1348.606131
2026-10-04T02:50:06.945Z,PEPE,0.5785,0.0058,4.276e-06,1348.606131
2026-10-04T02:50:06.945Z,DYDX,0.2374,200,0.14795,1348.606131
2026-10-04T02:50:06.945Z,KITE,-14.0608,176.2,0.15203,1348.606131
2026-10-04T02:50:06.945Z,CRV,-0.0895,507.7,0.3768,1348.606131
2026-10-04T02:50:06.945Z,ENJ,-1.4088,44.01,0.0331,1348.606131
2026-10-04T02:50:06.945Z,ATOM,22.8161,2824,1.705,1348.606131
2026-10-04T02:50:06.945Z,ICP,2.9125,4605,3.318,1348.606131
2026-10-04T02:50:06.945Z,SPACE,1.7737,7.284,0.005307,1348.606131
2026-10-04T02:50:06.945Z,DOT,0.6465,1603,1.181,1348.606131
2026-10-04T02:50:06.945Z,ETHFI,-3.5868,944.1,0.7261,1348.606131
2026-10-04T02:50:06.945Z,CC,0.8317,171.8,0.12634,1348.606131
2026-10-04T02:50:06.945Z,SYRUP,1.6525,350.4,0.2556,1348.606131
2026-10-04T02:50:06.945Z,TAO,-3.7942,400000,308.3,1348.606131
2026-10-04T02:50:06.945Z,GRAM,-0.7761,2042,1.526,1348.606131
2026-10-04T02:50:06.945Z,RAY,-5.4666,2613,2.0496,1348.606131
2026-10-04T02:50:06.945Z,RENDER,-0.5759,2620,1.954,1348.606131
2026-10-04T02:50:06.945Z,GRASS,2.3636,991.6,0.7183,1348.606131
2026-10-04T02:50:06.945Z,MINA,-0.2061,221.2,0.16436,1348.606131
2026-10-04T02:50:06.945Z,POL,-4.982,140.2,0.10941,1348.606131
2026-10-04T02:50:06.945Z,ENA,-0.0765,321.1,0.23828,1348.606131
2026-10-04T02:50:06.945Z,SAND,1.2705,99.74,0.07303,1348.606131
2026-10-04T02:50:06.945Z,AERO,-4.27,1074,0.8319,1348.606131
2026-10-04T02:50:06.945Z,KGEN,-1.8378,213.4,0.1612,1348.606131
2026-10-04T02:50:06.945Z,LIT,2.7845,4977,3.5905,1348.606131
2026-10-04T02:50:06.945Z,MANA,5.239,143.7,0.10125,1348.606131
2026-10-04T02:50:06.945Z,BAND,-2.2738,299.7,0.2274,1348.606131
2026-10-04T02:50:06.945Z,APE,0.2999,219.4,0.1622,1348.606131
2026-10-04T02:50:06.945Z,GMT,1.3552,12.06,0.008823,1348.606131
2026-10-04T02:50:06.945Z,VIRTUAL,-3.2008,1039,0.7959,1348.606131
2026-10-04T02:50:06.945Z,LPT,2.2238,2396,1.738,1348.606131
2026-10-04T02:50:06.945Z,DATA,1.8114,288.2,0.2099,1348.606131
2026-10-04T02:50:06.945Z,THETA,0.9718,308.7,0.2267,1348.606131
2026-10-04T02:50:06.945Z,GRT,0.9928,38.49,0.02826,1348.606131
2026-10-04T02:50:06.945Z,LAYER,2.0092,107.8,0.07836,1348.606131
2026-10-04T02:50:06.945Z,NMR,-0.9428,15320,11.468,1348.606131
2026-10-04T02:50:06.945Z,EIGEN,-8.7922,321.9,0.2617,1348.606131
2026-10-04T02:50:06.945Z,BAT,-5.4471,119.8,0.09395,1348.606131
2026-10-04T02:50:06.945Z,SPK,-3.2363,32.35,0.02479,1348.606131
2026-10-04T02:50:06.945Z,PUMP,1.8553,8.75,0.00637,1348.606131
2026-10-04T02:50:06.945Z,KMNO,-4.8464,52.01,0.04053,1348.606131
2026-10-04T02:50:06.945Z,CHZ,-6.842,21.32,0.01697,1348.606131
2026-10-04T02:50:06.945Z,PENGU,4.6614,12.97,0.009189,1348.606131
2026-10-04T02:50:06.945Z,OP,-3.6761,174.2,0.1341,1348.606131
2026-10-04T02:50:06.945Z,UMA,3.2431,560,0.4022,1348.606131
2026-10-04T02:50:06.945Z,ZRO,-0.7214,2721,2.0323,1348.606131
2026-10-04T02:50:06.945Z,S,-5.3396,52.8,0.04136,1348.606131
2026-10-04T02:50:06.945Z,IMX,0.7916,249.7,0.1837,1348.606131
2026-10-04T02:50:06.945Z,A,1.823,130,0.09467,1348.606131
2026-10-04T02:50:06.945Z,ATH,-2.76,9.4,0.007168,1348.606131
2026-10-04T02:50:06.945Z,COMP,12.2869,38100,25.16,1348.606131
2026-10-04T02:50:06.945Z,CVX,-1.9874,3019,2.284,1348.606131
2026-10-04T02:50:06.945Z,AXS,3.3973,1750,1.255,1348.606131
2026-10-04T02:50:06.945Z,WCT,-2.025,57.08,0.0432,1348.606131
2026-10-04T02:50:06.945Z,ME,-0.8954,103.1,0.07714,1348.606131
2026-10-04T02:50:06.945Z,ASTER,4.1295,1000,0.7121,1348.606131
2026-10-04T02:50:06.945Z,GMX,2.7731,11210,8.088,1348.606131
2026-10-04T02:50:06.945Z,MORPHO,-8.6641,3419,2.7757,1348.606131
2026-10-04T02:50:06.945Z,MON,0.4146,46.3,0.03419,1348.606131
2026-10-04T02:50:06.945Z,1INCH,-1.3124,139,0.10444,1348.606131
2026-10-04T02:50:06.945Z,SKY,-4.8257,118.2,0.09209,1348.606131
2026-10-04T02:50:06.945Z,YGG,5.3405,38.84,0.02734,1348.606131
2026-10-04T02:50:06.945Z,BIO,-0.8053,41.43,0.03097,1348.606131
2026-10-04T02:50:06.945Z,MOVE,-2.2725,13.43,0.01019,1348.606131
2026-10-04T02:50:06.945Z,GALA,-3.1718,3.292,0.002521,1348.606131
2026-10-04T02:50:06.945Z,ZK,-0.9671,17.56,0.013148,1348.606131
2026-10-04T02:50:06.945Z,ENS,0.8719,9260,6.807,1348.606131
2026-10-04T02:50:06.945Z,INJ,1.4662,10360,7.571,1348.606131
2026-10-04T02:50:06.945Z,KAITO,-4.9498,445.7,0.3477,1348.606131
2026-10-04T02:50:06.945Z,LDO,-2.3929,609.2,0.4628,1348.606131
2026-10-04T02:50:06.945Z,BLUR,30.1717,37.48,0.02135,1348.606131
2026-10-04T02:50:06.945Z,AUCTION,1.9122,5110,3.718,1348.606131
2026-10-04T02:50:06.945Z,ZETA,-1.927,66.66,0.0504,1348.606131
2026-10-04T02:50:06.945Z,WIF,0.9503,340.9,0.2504,1348.606131
2026-10-04T02:50:06.945Z,KSM,-3.6541,6750,5.195,1348.606131
2026-10-04T02:50:06.945Z,SNX,-7.407,315.8,0.2529,1348.606131
2026-10-04T02:50:06.945Z,FET,-1.4643,297,0.2235,1348.606131
2026-10-04T02:55:07.126Z,BTC,0.8359,115273000,84767.1,1348.606131
2026-10-04T02:55:07.126Z,XRP,0.8405,2024,1.4883,1348.606131
2026-10-04T02:55:07.126Z,SOL,0.8789,163500,120.18,1348.606131
2026-10-04T02:55:07.126Z,ETH,0.8462,3660000,2691.14,1348.606131
2026-10-04T02:55:07.126Z,FIL,0.7295,1439,1.0593,1348.606131
2026-10-04T02:55:07.126Z,TRX,1.6144,459.2,0.33509,1348.606131
2026-10-04T02:55:07.126Z,BNB,1.4115,1071000,783.1,1348.606131
2026-10-04T02:55:07.126Z,WLD,1.2259,809.8,0.5932,1348.606131
2026-10-04T02:55:07.126Z,FLOW,1.184,44.99,0.03297,1348.606131
2026-10-04T02:55:07.126Z,LINK,1.5321,19230,14.044,1348.606131
2026-10-04T02:55:07.126Z,DOGE,1.0709,126.3,0.09266,1348.606131
2026-10-04T02:55:07.126Z,SUI,0.8685,1603,1.1784,1348.606131
2026-10-04T02:55:07.126Z,XLM,1.0063,292.8,0.21495,1348.606131
2026-10-04T02:55:07.126Z,BCH,1.2823,433400,317.3,1348.606131
2026-10-04T02:55:07.126Z,AVAX,0.8218,15030,11.054,1348.606131
2026-10-04T02:55:07.126Z,ETC,1.0341,12000,8.807,1348.606131
2026-10-04T02:55:07.126Z,AAVE,5.9353,259800,181.85,1348.606131
2026-10-04T02:55:07.126Z,ADA,0.9951,330.7,0.2428,1348.606131
2026-10-04T02:55:07.126Z,HYPE,0.3433,121300,89.637,1348.606131
2026-10-04T02:55:07.126Z,SEI,0.7189,97.2,0.07156,1348.606131
2026-10-04T02:55:07.126Z,HBAR,0.8977,137.5,0.10105,1348.606131
2026-10-04T02:55:07.126Z,ARB,1.1229,273.8,0.20077,1348.606131
2026-10-04T02:55:07.126Z,JTO,1.562,761.4,0.5559,1348.606131
2026-10-04T02:55:07.126Z,ONDO,0.7815,674,0.4959,1348.606131
2026-10-04T02:55:07.126Z,QTUM,-0.0191,1335,0.9901,1348.606131
2026-10-04T02:55:07.126Z,PYTH,-2.4007,102.1,0.07757,1348.606131
2026-10-04T02:55:07.126Z,APT,0.9532,1081,0.794,1348.606131
2026-10-04T02:55:07.126Z,UNI,1.0624,12340,9.054,1348.606131
2026-10-04T02:55:07.126Z,TIA,0.5311,634.5,0.468,1348.606131
2026-10-04T02:55:07.126Z,ALGO,1.8505,175.5,0.12777,1348.606131
2026-10-04T02:55:07.126Z,NEAR,1.9359,6600,4.801,1348.606131
2026-10-04T02:55:07.126Z,ZIL,-4.609,4.5,0.003498,1348.606131
2026-10-04T02:55:07.126Z,SUSHI,-2.6809,335.2,0.2554,1348.606131
2026-10-04T02:55:07.126Z,PENDLE,-4.2601,3153,2.442,1348.606131
2026-10-04T02:55:07.126Z,XTZ,0.2407,438,0.324,1348.606131
2026-10-04T02:55:07.126Z,W,-3.4747,18.71,0.014373,1348.606131
2026-10-04T02:55:07.126Z,AR,12.1578,6740,4.456,1348.606131
2026-10-04T02:55:07.126Z,SHIB,1.6655,0.0078,5.689e-06,1348.606131
2026-10-04T02:55:07.126Z,CELO,18.7659,159.8,0.09977,1348.606131
2026-10-04T02:55:07.126Z,STX,1.5563,516.2,0.3769,1348.606131
2026-10-04T02:55:07.126Z,JUP,0.7376,447.1,0.3291,1348.606131
2026-10-04T02:55:07.126Z,PEPE,0.767,0.0058,4.268e-06,1348.606131
2026-10-04T02:55:07.126Z,DYDX,0.4343,200,0.14766,1348.606131
2026-10-04T02:55:07.126Z,KITE,-13.7601,176.2,0.1515,1348.606131
2026-10-04T02:55:07.126Z,CRV,0.1231,507.7,0.376,1348.606131
2026-10-04T02:55:07.126Z,ENJ,-1.2895,44.01,0.03306,1348.606131
2026-10-04T02:55:07.126Z,ATOM,22.8881,2824,1.704,1348.606131
2026-10-04T02:55:07.126Z,ICP,3.0989,4605,3.312,1348.606131
2026-10-04T02:55:07.126Z,SPACE,1.9466,7.284,0.005298,1348.606131
2026-10-04T02:55:07.126Z,DOT,0.7574,1603,1.1797,1348.606131
2026-10-04T02:55:07.126Z,ETHFI,-3.4538,944.1,0.7251,1348.606131
2026-10-04T02:55:07.126Z,CC,0.7042,171.8,0.1265,1348.606131
2026-10-04T02:55:07.126Z,SYRUP,1.4937,350.4,0.256,1348.606131
2026-10-04T02:55:07.126Z,TAO,-3.4811,400000,307.3,1348.606131
2026-10-04T02:55:07.126Z,GRAM,-0.7111,2042,1.525,1348.606131
2026-10-04T02:55:07.126Z,RAY,-5.4758,2613,2.0498,1348.606131
2026-10-04T02:55:07.126Z,RENDER,-0.1159,2620,1.945,1348.606131
2026-10-04T02:55:07.126Z,GRASS,2.1929,991.6,0.7195,1348.606131
2026-10-04T02:55:07.126Z,MINA,-0.5209,221.2,0.16488,1348.606131
2026-10-04T02:55:07.126Z,POL,-4.8516,140.2,0.10926,1348.606131
2026-10-04T02:55:07.126Z,ENA,0.1252,321.1,0.2378,1348.606131
2026-10-04T02:55:07.126Z,SAND,1.2151,99.74,0.07307,1348.606131
2026-10-04T02:55:07.126Z,AERO,-4.27,1074,0.8319,1348.606131
2026-10-04T02:55:07.126Z,KGEN,-2.0202,213.4,0.1615,1348.606131
2026-10-04T02:55:07.126Z,LIT,2.7273,4977,3.5925,1348.606131
2026-10-04T02:55:07.126Z,MANA,5.1974,143.7,0.10129,1348.606131
2026-10-04T02:55:07.126Z,BAND,-2.659,299.7,0.2283,1348.606131
2026-10-04T02:55:07.126Z,APE,0.337,219.4,0.16214,1348.606131
2026-10-04T02:55:07.126Z,GMT,1.5278,12.06,0.008808,1348.606131
2026-10-04T02:55:07.126Z,VIRTUAL,-3.0058,1039,0.7943,1348.606131
2026-10-04T02:55:07.126Z,LPT,2.2826,2396,1.737,1348.606131
2026-10-04T02:55:07.126Z,DATA,1.8599,288.2,0.2098,1348.606131
2026-10-04T02:55:07.126Z,THETA,1.0163,308.7,0.2266,1348.606131
2026-10-04T02:55:07.126Z,GRT,0.9928,38.49,0.02826,1348.606131
2026-10-04T02:55:07.126Z,LAYER,2.1526,107.8,0.07825,1348.606131
2026-10-04T02:55:07.126Z,NMR,-0.7871,15320,11.45,1348.606131
2026-10-04T02:55:07.126Z,EIGEN,-8.9661,321.9,0.2622,1348.606131
2026-10-04T02:55:07.126Z,BAT,-5.4471,119.8,0.09395,1348.606131
2026-10-04T02:55:07.126Z,SPK,-3.1581,32.35,0.02477,1348.606131
2026-10-04T02:55:07.126Z,PUMP,2.7586,8.75,0.006314,1348.606131
2026-10-04T02:55:07.126Z,KMNO,-4.8229,52.01,0.04052,1348.606131
2026-10-04T02:55:07.126Z,CHZ,-6.6219,21.32,0.01693,1348.606131
2026-10-04T02:55:07.126Z,PENGU,4.8668,12.97,0.009171,1348.606131
2026-10-04T02:55:07.126Z,OP,-3.6545,174.2,0.13407,1348.606131
2026-10-04T02:55:07.126Z,UMA,3.2431,560,0.4022,1348.606131
2026-10-04T02:55:07.126Z,ZRO,-0.7995,2721,2.0339,1348.606131
2026-10-04T02:55:07.126Z,S,-4.9028,52.8,0.04117,1348.606131
2026-10-04T02:55:07.126Z,IMX,0.6546,249.7,0.18395,1348.606131
2026-10-04T02:55:07.126Z,A,1.866,130,0.09463,1348.606131
2026-10-04T02:55:07.126Z,ATH,-2.8143,9.4,0.007172,1348.606131
2026-10-04T02:55:07.126Z,COMP,12.4657,38100,25.12,1348.606131
2026-10-04T02:55:07.126Z,CVX,-1.5564,3019,2.274,1348.606131
2026-10-04T02:55:07.126Z,AXS,2.7017,1750,1.2635,1348.606131
2026-10-04T02:55:07.126Z,WCT,-1.957,57.08,0.04317,1348.606131
2026-10-04T02:55:07.126Z,ME,-0.8311,103.1,0.07709,1348.606131
2026-10-04T02:55:07.126Z,ASTER,4.2173,1000,0.7115,1348.606131
2026-10-04T02:55:07.126Z,GMX,2.8366,11210,8.083,1348.606131
2026-10-04T02:55:07.126Z,MORPHO,-8.7069,3419,2.777,1348.606131
2026-10-04T02:55:07.126Z,MON,0.2094,46.3,0.03426,1348.606131
2026-10-04T02:55:07.126Z,1INCH,-1.1799,139,0.1043,1348.606131
2026-10-04T02:55:07.126Z,SKY,-5.0525,118.2,0.09231,1348.606131
2026-10-04T02:55:07.126Z,YGG,5.5336,38.84,0.02729,1348.606131
2026-10-04T02:55:07.126Z,BIO,-0.5484,41.43,0.03089,1348.606131
2026-10-04T02:55:07.126Z,MOVE,-2.4926,13.43,0.010213,1348.606131
2026-10-04T02:55:07.126Z,GALA,-3.0179,3.292,0.002517,1348.606131
2026-10-04T02:55:07.126Z,ZK,-0.952,17.56,0.013146,1348.606131
2026-10-04T02:55:07.126Z,ENS,0.9609,9260,6.801,1348.606131
2026-10-04T02:55:07.126Z,INJ,1.6407,10360,7.558,1348.606131
2026-10-04T02:55:07.126Z,KAITO,-4.8404,445.7,0.3473,1348.606131
2026-10-04T02:55:07.126Z,LDO,-2.0755,609.2,0.4613,1348.606131
2026-10-04T02:55:07.126Z,BLUR,30.3549,37.48,0.02132,1348.606131
2026-10-04T02:55:07.126Z,AUCTION,1.9671,5110,3.716,1348.606131
2026-10-04T02:55:07.126Z,ZETA,-2.0242,66.66,0.05045,1348.606131
2026-10-04T02:55:07.126Z,WIF,1.1928,340.9,0.2498,1348.606131
2026-10-04T02:55:07.126Z,KSM,-3.5613,6750,5.19,1348.606131
2026-10-04T02:55:07.126Z,SNX,-7.3704,315.8,0.2528,1348.606131
2026-10-04T02:55:07.126Z,FET,-1.199,297,0.2229,1348.606131
2026-10-04T03:00:06.946Z,BTC,0.8436,115279000,84765,1348.606131
2026-10-04T03:00:06.946Z,XRP,0.8269,2024,1.4885,1348.606131
2026-10-04T03:00:06.946Z,SOL,0.7897,163600,120.36,1348.606131
2026-10-04T03:00:06.946Z,ETH,0.8369,3660000,2691.39,1348.606131
2026-10-04T03:00:06.946Z,FIL,0.7295,1439,1.0593,1348.606131
2026-10-04T03:00:06.946Z,TRX,1.6023,459.2,0.33513,1348.606131
2026-10-04T03:00:06.946Z,BNB,1.3985,1071000,783.2,1348.606131
2026-10-04T03:00:06.946Z,WLD,0.9175,805.7,0.592,1348.606131
2026-10-04T03:00:06.946Z,FLOW,1.2454,44.99,0.03295,1348.606131
2026-10-04T03:00:06.946Z,LINK,1.5827,19230,14.037,1348.606131
2026-10-04T03:00:06.946Z,DOGE,1.0709,126.3,0.09266,1348.606131
2026-10-04T03:00:06.946Z,SUI,0.7574,1603,1.1797,1348.606131
2026-10-04T03:00:06.946Z,XLM,0.9969,292.8,0.21497,1348.606131
2026-10-04T03:00:06.946Z,BCH,1.3143,433400,317.2,1348.606131
2026-10-04T03:00:06.946Z,AVAX,0.7398,15030,11.063,1348.606131
2026-10-04T03:00:06.946Z,ETC,1.0341,12000,8.807,1348.606131
2026-10-04T03:00:06.946Z,AAVE,5.9703,259800,181.79,1348.606131
2026-10-04T03:00:06.946Z,ADA,1.0146,330.9,0.2429,1348.606131
2026-10-04T03:00:06.946Z,HYPE,0.4352,121300,89.555,1348.606131
2026-10-04T03:00:06.946Z,SEI,0.6485,97.2,0.07161,1348.606131
2026-10-04T03:00:06.946Z,HBAR,0.8378,137.5,0.10111,1348.606131
2026-10-04T03:00:06.946Z,ARB,1.0927,273.8,0.20083,1348.606131
2026-10-04T03:00:06.946Z,JTO,1.4889,761.4,0.5563,1348.606131
2026-10-04T03:00:06.946Z,ONDO,0.6191,674,0.4967,1348.606131
2026-10-04T03:00:06.946Z,QTUM,0.0213,1335,0.9897,1348.606131
2026-10-04T03:00:06.946Z,PYTH,-2.4761,102.1,0.07763,1348.606131
2026-10-04T03:00:06.946Z,APT,0.9532,1081,0.794,1348.606131
2026-10-04T03:00:06.946Z,UNI,1.0624,12340,9.054,1348.606131
2026-10-04T03:00:06.946Z,TIA,0.5741,634.5,0.4678,1348.606131
2026-10-04T03:00:06.946Z,ALGO,1.8824,175.5,0.12773,1348.606131
2026-10-04T03:00:06.946Z,NEAR,1.6817,6600,4.813,1348.606131
2026-10-04T03:00:06.946Z,ZIL,-4.6635,4.5,0.0035,1348.606131
2026-10-04T03:00:06.946Z,SUSHI,-2.719,335.2,0.2555,1348.606131
2026-10-04T03:00:06.946Z,PENDLE,-4.2208,3153,2.441,1348.606131
2026-10-04T03:00:06.946Z,XTZ,0.7606,440,0.3238,1348.606131
2026-10-04T03:00:06.946Z,W,-3.5887,18.71,0.01439,1348.606131
2026-10-04T03:00:06.946Z,AR,12.2586,6740,4.452,1348.606131
2026-10-04T03:00:06.946Z,SHIB,1.6655,0.0078,5.689e-06,1348.606131
2026-10-04T03:00:06.946Z,CELO,18.8612,159.8,0.09969,1348.606131
2026-10-04T03:00:06.946Z,STX,1.6102,516.2,0.3767,1348.606131
2026-10-04T03:00:06.946Z,JUP,0.6459,447.1,0.3294,1348.606131
2026-10-04T03:00:06.946Z,PEPE,0.6962,0.0058,4.271e-06,1348.606131
2026-10-04T03:00:06.946Z,DYDX,0.4479,200,0.14764,1348.606131
2026-10-04T03:00:06.946Z,KITE,-14.1793,176.2,0.15224,1348.606131
2026-10-04T03:00:06.946Z,CRV,0.1231,507.7,0.376,1348.606131
2026-10-04T03:00:06.946Z,ENJ,-1.3492,44.01,0.03308,1348.606131
2026-10-04T03:00:06.946Z,ATOM,22.8161,2824,1.705,1348.606131
2026-10-04T03:00:06.946Z,ICP,3.0678,4605,3.313,1348.606131
2026-10-04T03:00:06.946Z,SPACE,1.9274,7.284,0.005299,1348.606131
2026-10-04T03:00:06.946Z,DOT,0.7915,1603,1.1793,1348.606131
2026-10-04T03:00:06.946Z,ETHFI,-3.2002,944.1,0.7232,1348.606131
2026-10-04T03:00:06.946Z,CC,0.6246,171.8,0.1266,1348.606131
2026-10-04T03:00:06.946Z,SYRUP,1.4145,350.4,0.2562,1348.606131
2026-10-04T03:00:06.946Z,TAO,-3.3238,400000,306.8,1348.606131
2026-10-04T03:00:06.946Z,GRAM,-0.7111,2042,1.525,1348.606131
2026-10-04T03:00:06.946Z,RAY,-5.4712,2613,2.0497,1348.606131
2026-10-04T03:00:06.946Z,RENDER,-0.2185,2620,1.947,1348.606131
2026-10-04T03:00:06.946Z,GRASS,2.492,991.6,0.7174,1348.606131
2026-10-04T03:00:06.946Z,MINA,-0.6354,221.2,0.16507,1348.606131
2026-10-04T03:00:06.946Z,POL,-4.869,140.2,0.10928,1348.606131
2026-10-04T03:00:06.946Z,ENA,0.2601,321.1,0.23748,1348.606131
2026-10-04T03:00:06.946Z,SAND,1.4511,99.74,0.0729,1348.606131
2026-10-04T03:00:06.946Z,AERO,-4.1779,1074,0.8311,1348.606131
2026-10-04T03:00:06.946Z,KGEN,-2.0202,213.4,0.1615,1348.606131
2026-10-04T03:00:06.946Z,LIT,2.6844,4977,3.594,1348.606131
2026-10-04T03:00:06.946Z,MANA,5.2702,143.7,0.10122,1348.606131
2026-10-04T03:00:06.946Z,BAND,-2.7868,299.7,0.2286,1348.606131
2026-10-04T03:00:06.946Z,APE,0.2876,219.4,0.16222,1348.606131
2026-10-04T03:00:06.946Z,GMT,1.3092,12.06,0.008827,1348.606131
2026-10-04T03:00:06.946Z,VIRTUAL,-2.859,1039,0.7931,1348.606131
2026-10-04T03:00:06.946Z,LPT,2.3415,2396,1.736,1348.606131
2026-10-04T03:00:06.946Z,DATA,1.9571,288.2,0.2096,1348.606131
2026-10-04T03:00:06.946Z,THETA,0.9718,308.7,0.2267,1348.606131
2026-10-04T03:00:06.946Z,GRT,1.0286,38.49,0.02825,1348.606131
2026-10-04T03:00:06.946Z,LAYER,2.0743,107.8,0.07831,1348.606131
2026-10-04T03:00:06.946Z,NMR,-0.7611,15320,11.447,1348.606131
2026-10-04T03:00:06.946Z,EIGEN,-8.8618,321.9,0.2619,1348.606131
2026-10-04T03:00:06.946Z,BAT,-5.5878,119.8,0.09409,1348.606131
2026-10-04T03:00:06.946Z,SPK,-3.2753,32.35,0.0248,1348.606131
2026-10-04T03:00:06.946Z,PUMP,2.4989,8.75,0.00633,1348.606131
2026-10-04T03:00:06.946Z,KMNO,-4.8934,52.01,0.04055,1348.606131
2026-10-04T03:00:06.946Z,CHZ,-6.7871,21.32,0.01696,1348.606131
2026-10-04T03:00:06.946Z,PENGU,4.764,12.97,0.00918,1348.606131
2026-10-04T03:00:06.946Z,OP,-3.5826,174.2,0.13397,1348.606131
2026-10-04T03:00:06.946Z,UMA,3.2944,560,0.402,1348.606131
2026-10-04T03:00:06.946Z,ZRO,-0.8239,2721,2.0344,1348.606131
2026-10-04T03:00:06.946Z,S,-5.3396,52.8,0.04136,1348.606131
2026-10-04T03:00:06.946Z,IMX,0.518,249.7,0.1842,1348.606131
2026-10-04T03:00:06.946Z,A,1.823,130,0.09467,1348.606131
2026-10-04T03:00:06.946Z,ATH,-2.6786,9.4,0.007162,1348.606131
2026-10-04T03:00:06.946Z,COMP,12.3316,38100,25.15,1348.606131
2026-10-04T03:00:06.946Z,CVX,-1.6861,3019,2.277,1348.606131
2026-10-04T03:00:06.946Z,AXS,3.2903,1750,1.2563,1348.606131
2026-10-04T03:00:06.946Z,WCT,-2.1609,57.08,0.04326,1348.606131
2026-10-04T03:00:06.946Z,ME,-0.9724,103.1,0.0772,1348.606131
2026-10-04T03:00:06.946Z,ASTER,4.1295,1000,0.7121,1348.606131
2026-10-04T03:00:06.946Z,GMX,2.7731,11210,8.088,1348.606131
2026-10-04T03:00:06.946Z,MORPHO,-8.5158,3419,2.7712,1348.606131
2026-10-04T03:00:06.946Z,MON,0.0342,46.3,0.03432,1348.606131
2026-10-04T03:00:06.946Z,1INCH,-0.9234,139,0.10403,1348.606131
2026-10-04T03:00:06.946Z,SKY,-4.9598,118.2,0.09222,1348.606131
2026-10-04T03:00:06.946Z,YGG,5.4177,38.84,0.02732,1348.606131
2026-10-04T03:00:06.946Z,BIO,-0.677,41.43,0.03093,1348.606131
2026-10-04T03:00:06.946Z,MOVE,-3.0338,13.43,0.01027,1348.606131
2026-10-04T03:00:06.946Z,GALA,-2.9022,3.292,0.002514,1348.606131
2026-10-04T03:00:06.946Z,ZK,-1.0574,17.56,0.01316,1348.606131
2026-10-04T03:00:06.946Z,ENS,1.0054,9260,6.798,1348.606131
2026-10-04T03:00:06.946Z,INJ,1.5333,10360,7.566,1348.606131
2026-10-04T03:00:06.946Z,KAITO,-4.6482,445.7,0.3466,1348.606131
2026-10-04T03:00:06.946Z,LDO,-2.1179,609.2,0.4615,1348.606131
2026-10-04T03:00:06.946Z,BLUR,30.1717,37.48,0.02135,1348.606131
2026-10-04T03:00:06.946Z,AUCTION,1.9671,5110,3.716,1348.606131
2026-10-04T03:00:06.946Z,ZETA,-1.9075,66.66,0.05039,1348.606131
2026-10-04T03:00:06.946Z,WIF,1.1928,340.9,0.2498,1348.606131
2026-10-04T03:00:06.946Z,KSM,-3.5427,6750,5.189,1348.606131
2026-10-04T03:00:06.946Z,SNX,-7.3704,315.8,0.2528,1348.606131
2026-10-04T03:00:06.946Z,FET,-1.2433,297,0.223,1348.606131
2026-10-04T03:05:07.102Z,BTC,0.8576,115299000,84768,1348.606131
2026-10-04T03:05:07.102Z,XRP,0.8811,2024,1.4877,1348.606131
2026-10-04T03:05:07.102Z,SOL,0.8178,163700,120.4,1348.606131
2026-10-04T03:05:07.102Z,ETH,0.844,3660000,2691.2,1348.606131
2026-10-04T03:05:07.102Z,FIL,0.8342,1439,1.0582,1348.606131
2026-10-04T03:05:07.102Z,TRX,1.5902,459.2,0.33517,1348.606131
2026-10-04T03:05:07.102Z,BNB,1.4244,1071000,783,1348.606131
2026-10-04T03:05:07.102Z,WLD,0.8091,801.3,0.5894,1348.606131
2026-10-04T03:05:07.102Z,FLOW,1.092,44.99,0.033,1348.606131
2026-10-04T03:05:07.102Z,LINK,1.6479,19230,14.028,1348.606131
2026-10-04T03:05:07.102Z,DOGE,0.8852,126,0.09261,1348.606131
2026-10-04T03:05:07.102Z,SUI,0.8685,1603,1.1784,1348.606131
2026-10-04T03:05:07.102Z,XLM,1.1098,292.8,0.21473,1348.606131
2026-10-04T03:05:07.102Z,BCH,1.2823,433400,317.3,1348.606131
2026-10-04T03:05:07.102Z,AVAX,0.8218,15030,11.054,1348.606131
2026-10-04T03:05:07.102Z,ETC,1.1145,12000,8.8,1348.606131
2026-10-04T03:05:07.102Z,AAVE,5.9353,259800,181.85,1348.606131
2026-10-04T03:05:07.102Z,ADA,0.8925,330.5,0.2429,1348.606131
2026-10-04T03:05:07.102Z,HYPE,0.4307,121300,89.559,1348.606131
2026-10-04T03:05:07.102Z,SEI,0.7611,97.2,0.07153,1348.606131
2026-10-04T03:05:07.102Z,HBAR,0.8179,137.5,0.10113,1348.606131
2026-10-04T03:05:07.102Z,ARB,1.0424,273.8,0.20093,1348.606131
2026-10-04T03:05:07.102Z,JTO,1.6168,761.4,0.5556,1348.606131
2026-10-04T03:05:07.102Z,ONDO,0.7611,674,0.496,1348.606131
2026-10-04T03:05:07.102Z,QTUM,0.0415,1335,0.9895,1348.606131
2026-10-04T03:05:07.102Z,PYTH,-2.1231,102.1,0.07735,1348.606131
2026-10-04T03:05:07.102Z,APT,0.9786,1081,0.7938,1348.606131
2026-10-04T03:05:07.102Z,UNI,1.2301,12340,9.039,1348.606131
2026-10-04T03:05:07.102Z,TIA,0.8977,634.5,0.4663,1348.606131
2026-10-04T03:05:07.102Z,ALGO,1.8744,175.5,0.12774,1348.606131
2026-10-04T03:05:07.102Z,NEAR,1.7875,6600,4.808,1348.606131
2026-10-04T03:05:07.102Z,ZIL,-4.5817,4.5,0.003497,1348.606131
2026-10-04T03:05:07.102Z,SUSHI,-2.5283,335.2,0.255,1348.606131
2026-10-04T03:05:07.102Z,PENDLE,-4.0636,3153,2.437,1348.606131
2026-10-04T03:05:07.102Z,XTZ,0.6052,440,0.3243,1348.606131
2026-10-04T03:05:07.102Z,W,-3.185,18.71,0.01433,1348.606131
2026-10-04T03:05:07.102Z,AR,12.1327,6740,4.457,1348.606131
2026-10-04T03:05:07.102Z,SHIB,1.737,0.0078,5.685e-06,1348.606131
2026-10-04T03:05:07.102Z,CELO,18.9805,159.8,0.09959,1348.606131
2026-10-04T03:05:07.102Z,STX,1.6912,516.2,0.3764,1348.606131
2026-10-04T03:05:07.102Z,JUP,0.9523,447.1,0.3284,1348.606131
2026-10-04T03:05:07.102Z,PEPE,0.8379,0.0058,4.265e-06,1348.606131
2026-10-04T03:05:07.102Z,DYDX,0.5773,200,0.14745,1348.606131
2026-10-04T03:05:07.102Z,KITE,-13.8681,176.2,0.15169,1348.606131
2026-10-04T03:05:07.102Z,CRV,0.1231,507.7,0.376,1348.606131
2026-10-04T03:05:07.102Z,ENJ,-1.2895,44.01,0.03306,1348.606131
2026-10-04T03:05:07.102Z,ATOM,23.0325,2824,1.702,1348.606131
2026-10-04T03:05:07.102Z,ICP,3.2236,4605,3.308,1348.606131
2026-10-04T03:05:07.102Z,SPACE,1.9851,7.284,0.005296,1348.606131
2026-10-04T03:05:07.102Z,DOT,0.9199,1603,1.1778,1348.606131
2026-10-04T03:05:07.102Z,ETHFI,-4.0756,944.1,0.7298,1348.606131
2026-10-04T03:05:07.102Z,CC,0.744,171.8,0.12645,1348.606131
2026-10-04T03:05:07.102Z,SYRUP,1.1381,350.4,0.2569,1348.606131
2026-10-04T03:05:07.102Z,TAO,-3.0711,400000,306,1348.606131
2026-10-04T03:05:07.102Z,GRAM,-0.5807,2042,1.523,1348.606131
2026-10-04T03:05:07.102Z,RAY,-5.4805,2613,2.0499,1348.606131
2026-10-04T03:05:07.102Z,RENDER,-0.1672,2620,1.946,1348.606131
2026-10-04T03:05:07.102Z,GRASS,2.492,991.6,0.7174,1348.606131
2026-10-04T03:05:07.102Z,MINA,-0.194,221.2,0.16434,1348.606131
2026-10-04T03:05:07.102Z,POL,-4.5545,140.2,0.10892,1348.606131
2026-10-04T03:05:07.102Z,ENA,0.37,321.1,0.23722,1348.606131
2026-10-04T03:05:07.102Z,SAND,0.6914,99.74,0.07345,1348.606131
2026-10-04T03:05:07.102Z,AERO,-4.1894,1074,0.8312,1348.606131
2026-10-04T03:05:07.102Z,KGEN,-2.0202,213.4,0.1615,1348.606131
2026-10-04T03:05:07.102Z,LIT,2.693,4977,3.5937,1348.606131
2026-10-04T03:05:07.102Z,MANA,4.9901,143.7,0.10149,1348.606131
2026-10-04T03:05:07.102Z,BAND,-2.6164,299.7,0.2282,1348.606131
2026-10-04T03:05:07.102Z,APE,0.3866,219.4,0.16206,1348.606131
2026-10-04T03:05:07.102Z,GMT,1.5278,12.06,0.008808,1348.606131
2026-10-04T03:05:07.102Z,VIRTUAL,-2.7609,1039,0.7923,1348.606131
2026-10-04T03:05:07.102Z,LPT,2.5779,2396,1.732,1348.606131
2026-10-04T03:05:07.102Z,DATA,1.9571,288.2,0.2096,1348.606131
2026-10-04T03:05:07.102Z,THETA,0.9273,308.7,0.2268,1348.606131
2026-10-04T03:05:07.102Z,GRT,1.1002,38.49,0.02823,1348.606131
2026-10-04T03:05:07.102Z,LAYER,2.375,107.8,0.07808,1348.606131
2026-10-04T03:05:07.102Z,NMR,-0.7698,15320,11.448,1348.606131
2026-10-04T03:05:07.102Z,EIGEN,-8.7573,321.9,0.2616,1348.606131
2026-10-04T03:05:07.102Z,BAT,-5.4773,119.8,0.09398,1348.606131
2026-10-04T03:05:07.102Z,SPK,-3.0799,32.35,0.02475,1348.606131
2026-10-04T03:05:07.102Z,PUMP,2.7749,8.75,0.006313,1348.606131
2026-10-04T03:05:07.102Z,KMNO,-4.8229,52.01,0.04052,1348.606131
2026-10-04T03:05:07.102Z,CHZ,-6.5667,21.32,0.01692,1348.606131
2026-10-04T03:05:07.102Z,PENGU,4.924,12.97,0.009166,1348.606131
2026-10-04T03:05:07.102Z,OP,-3.5034,174.2,0.13386,1348.606131
2026-10-04T03:05:07.102Z,UMA,3.3458,560,0.4018,1348.606131
2026-10-04T03:05:07.102Z,ZRO,-0.191,2721,2.0215,1348.606131
2026-10-04T03:05:07.102Z,S,-5.4082,52.8,0.04139,1348.606131
2026-10-04T03:05:07.102Z,IMX,0.6601,249.7,0.18394,1348.606131
2026-10-04T03:05:07.102Z,A,2.017,130,0.09449,1348.606131
2026-10-04T03:05:07.102Z,ATH,-2.0632,9.4,0.007117,1348.606131
2026-10-04T03:05:07.102Z,COMP,12.6451,38100,25.08,1348.606131
2026-10-04T03:05:07.102Z,CVX,-1.4697,3019,2.272,1348.606131
2026-10-04T03:05:07.102Z,AXS,2.6936,1750,1.2636,1348.606131
2026-10-04T03:05:07.102Z,WCT,-2.1609,57.08,0.04326,1348.606131
2026-10-04T03:05:07.102Z,ME,-0.8182,103.1,0.07708,1348.606131
2026-10-04T03:05:07.102Z,ASTER,4.2173,1000,0.7115,1348.606131
2026-10-04T03:05:07.102Z,GMX,3.0406,11210,8.067,1348.606131
2026-10-04T03:05:07.102Z,MORPHO,-8.6444,3419,2.7751,1348.606131
2026-10-04T03:05:07.102Z,MON,0.0634,46.3,0.03431,1348.606131
2026-10-04T03:05:07.102Z,1INCH,-0.6273,139,0.10372,1348.606131
2026-10-04T03:05:07.102Z,SKY,-4.9392,118.2,0.0922,1348.606131
2026-10-04T03:05:07.102Z,YGG,5.4949,38.84,0.0273,1348.606131
2026-10-04T03:05:07.102Z,BIO,-0.6127,41.43,0.03091,1348.606131
2026-10-04T03:05:07.102Z,MOVE,-2.7497,13.43,0.01024,1348.606131
2026-10-04T03:05:07.102Z,GALA,-2.6311,3.292,0.002507,1348.606131
2026-10-04T03:05:07.102Z,ZK,-1.0047,17.56,0.013153,1348.606131
2026-10-04T03:05:07.102Z,ENS,1.0203,9260,6.797,1348.606131
2026-10-04T03:05:07.102Z,INJ,1.493,10360,7.569,1348.606131
2026-10-04T03:05:07.102Z,KAITO,-4.5656,445.7,0.3463,1348.606131
2026-10-04T03:05:07.102Z,LDO,-2.033,609.2,0.4611,1348.606131
2026-10-04T03:05:07.102Z,BLUR,30.3549,37.48,0.02132,1348.606131
2026-10-04T03:05:07.102Z,AUCTION,2.1045,5110,3.711,1348.606131
2026-10-04T03:05:07.102Z,ZETA,-1.9659,66.66,0.05042,1348.606131
2026-10-04T03:05:07.102Z,WIF,1.3957,340.9,0.2493,1348.606131
2026-10-04T03:05:07.102Z,KSM,-3.4869,6750,5.186,1348.606131
2026-10-04T03:05:07.102Z,SNX,-7.3337,315.8,0.2527,1348.606131
2026-10-04T03:05:07.102Z,FET,-1.0214,297,0.2225,1348.606131
2026-10-04T03:10:07.120Z,BTC,0.864,115310000,84770.7,1348.606131
2026-10-04T03:10:07.120Z,XRP,0.8608,2024,1.488,1348.606131
2026-10-04T03:10:07.120Z,SOL,0.8315,163600,120.31,1348.606131
2026-10-04T03:10:07.120Z,ETH,0.8753,3661000,2691.1,1348.606131
2026-10-04T03:10:07.120Z,FIL,0.6155,1439,1.0605,1348.606131
2026-10-04T03:10:07.120Z,TRX,1.5871,459.2,0.33518,1348.606131
2026-10-04T03:10:07.120Z,BNB,1.4244,1071000,783,1348.606131
2026-10-04T03:10:07.120Z,WLD,0.5873,801.3,0.5907,1348.606131
2026-10-04T03:10:07.120Z,FLOW,0.9696,44.99,0.03304,1348.606131
2026-10-04T03:10:07.120Z,LINK,1.6986,19230,14.021,1348.606131
2026-10-04T03:10:07.120Z,DOGE,0.8525,126,0.09264,1348.606131
2026-10-04T03:10:07.120Z,SUI,0.7512,1601,1.1783,1348.606131
2026-10-04T03:10:07.120Z,XLM,0.9546,292.8,0.21506,1348.606131
2026-10-04T03:10:07.120Z,BCH,1.1867,433400,317.6,1348.606131
2026-10-04T03:10:07.120Z,AVAX,0.7671,15030,11.06,1348.606131
2026-10-04T03:10:07.120Z,ETC,1.0341,12000,8.807,1348.606131
2026-10-04T03:10:07.120Z,AAVE,5.726,259800,182.21,1348.606131
2026-10-04T03:10:07.120Z,ADA,0.8925,330.5,0.2429,1348.606131
2026-10-04T03:10:07.120Z,HYPE,0.4083,121300,89.579,1348.606131
2026-10-04T03:10:07.120Z,SEI,0.6626,97.2,0.0716,1348.606131
2026-10-04T03:10:07.120Z,HBAR,0.8777,137.5,0.10107,1348.606131
2026-10-04T03:10:07.120Z,ARB,0.8366,273.8,0.20134,1348.606131
2026-10-04T03:10:07.120Z,JTO,1.4525,761.4,0.5565,1348.606131
2026-10-04T03:10:07.120Z,ONDO,0.5989,674,0.4968,1348.606131
2026-10-04T03:10:07.120Z,QTUM,-0.0292,1335,0.9902,1348.606131
2026-10-04T03:10:07.120Z,PYTH,-2.1989,102.1,0.07741,1348.606131
2026-10-04T03:10:07.120Z,APT,0.9278,1081,0.7942,1348.606131
2026-10-04T03:10:07.120Z,UNI,1.1182,12340,9.049,1348.606131
2026-10-04T03:10:07.120Z,TIA,0.4667,634.5,0.4683,1348.606131
2026-10-04T03:10:07.120Z,ALGO,1.8505,175.5,0.12777,1348.606131
2026-10-04T03:10:07.120Z,NEAR,0.8263,6520,4.795,1348.606131
2026-10-04T03:10:07.120Z,ZIL,-4.6635,4.5,0.0035,1348.606131
2026-10-04T03:10:07.120Z,SUSHI,-2.719,335.2,0.2555,1348.606131
2026-10-04T03:10:07.120Z,PENDLE,-4.2992,3153,2.443,1348.606131
2026-10-04T03:10:07.120Z,XTZ,0.4813,440,0.3247,1348.606131
2026-10-04T03:10:07.120Z,W,-3.989,18.71,0.01445,1348.606131
2026-10-04T03:10:07.120Z,AR,11.9568,6740,4.464,1348.606131
2026-10-04T03:10:07.120Z,SHIB,1.7012,0.0078,5.687e-06,1348.606131
2026-10-04T03:10:07.120Z,CELO,18.897,159.8,0.09966,1348.606131
2026-10-04T03:10:07.120Z,STX,1.5563,516.2,0.3769,1348.606131
2026-10-04T03:10:07.120Z,JUP,0.9523,447.1,0.3284,1348.606131
2026-10-04T03:10:07.120Z,PEPE,0.6727,0.0058,4.272e-06,1348.606131
2026-10-04T03:10:07.120Z,DYDX,0.6046,200,0.14741,1348.606131
2026-10-04T03:10:07.120Z,KITE,-14.2244,176.2,0.15232,1348.606131
2026-10-04T03:10:07.120Z,CRV,0.1231,507.7,0.376,1348.606131
2026-10-04T03:10:07.120Z,ENJ,-1.4981,44.01,0.03313,1348.606131
2026-10-04T03:10:07.120Z,ATOM,22.8161,2824,1.705,1348.606131
2026-10-04T03:10:07.120Z,ICP,3.0678,4605,3.313,1348.606131
2026-10-04T03:10:07.120Z,SPACE,1.8313,7.284,0.005304,1348.606131
2026-10-04T03:10:07.120Z,DOT,0.7488,1603,1.1798,1348.606131
2026-10-04T03:10:07.120Z,ETHFI,-4.5725,944.1,0.7336,1348.606131
2026-10-04T03:10:07.120Z,CC,1.0477,171.8,0.12607,1348.606131
2026-10-04T03:10:07.120Z,SYRUP,1.0988,350.4,0.257,1348.606131
2026-10-04T03:10:07.120Z,TAO,-3.2608,400000,306.6,1348.606131
2026-10-04T03:10:07.120Z,GRAM,-0.7111,2042,1.525,1348.606131
2026-10-04T03:10:07.120Z,RAY,-5.4851,2613,2.05,1348.606131
2026-10-04T03:10:07.120Z,RENDER,-0.3209,2620,1.949,1348.606131
2026-10-04T03:10:07.120Z,GRASS,2.3351,991.6,0.7185,1348.606131
2026-10-04T03:10:07.120Z,MINA,-0.4726,221.2,0.1648,1348.606131
2026-10-04T03:10:07.120Z,POL,-4.6421,140.2,0.10902,1348.606131
2026-10-04T03:10:07.120Z,ENA,0.2474,321.1,0.23751,1348.606131
2026-10-04T03:10:07.120Z,SAND,-0.3129,99.74,0.07419,1348.606131
2026-10-04T03:10:07.120Z,AERO,-4.0624,1074,0.8301,1348.606131
2026-10-04T03:10:07.120Z,KGEN,-2.0808,213.4,0.1616,1348.606131
2026-10-04T03:10:07.120Z,LIT,2.2576,4977,3.609,1348.606131
2026-10-04T03:10:07.120Z,MANA,4.6087,143.7,0.10186,1348.606131
2026-10-04T03:10:07.120Z,BAND,-2.7442,299.7,0.2285,1348.606131
2026-10-04T03:10:07.120Z,APE,0.1333,219.4,0.16247,1348.606131
2026-10-04T03:10:07.120Z,GMT,1.4356,12.06,0.008816,1348.606131
2026-10-04T03:10:07.120Z,VIRTUAL,-2.7364,1039,0.7921,1348.606131
2026-10-04T03:10:07.120Z,LPT,2.4596,2396,1.734,1348.606131
2026-10-04T03:10:07.120Z,DATA,1.9085,288.2,0.2097,1348.606131
2026-10-04T03:10:07.120Z,THETA,0.8383,308.7,0.227,1348.606131
2026-10-04T03:10:07.120Z,GRT,1.0286,38.49,0.02825,1348.606131
2026-10-04T03:10:07.120Z,LAYER,2.375,107.8,0.07808,1348.606131
2026-10-04T03:10:07.120Z,NMR,-0.6309,15320,11.432,1348.606131
2026-10-04T03:10:07.120Z,EIGEN,-8.9314,321.9,0.2621,1348.606131
2026-10-04T03:10:07.120Z,BAT,-5.678,119.8,0.09418,1348.606131
2026-10-04T03:10:07.120Z,SPK,-3.119,32.35,0.02476,1348.606131
2026-10-04T03:10:07.120Z,PUMP,2.3695,8.75,0.006338,1348.606131
2026-10-04T03:10:07.120Z,KMNO,-4.9402,52.01,0.04057,1348.606131
2026-10-04T03:10:07.120Z,CHZ,-6.5667,21.32,0.01692,1348.606131
2026-10-04T03:10:07.120Z,PENGU,4.8897,12.97,0.009169,1348.606131
2026-10-04T03:10:07.120Z,OP,-3.5034,174.2,0.13386,1348.606131
2026-10-04T03:10:07.120Z,UMA,3.4231,560,0.4015,1348.606131
2026-10-04T03:10:07.120Z,ZRO,-0.5648,2721,2.0291,1348.606131
2026-10-04T03:10:07.120Z,S,-5.4539,52.8,0.04141,1348.606131
2026-10-04T03:10:07.120Z,IMX,-0.4334,249.7,0.18596,1348.606131
2026-10-04T03:10:07.120Z,A,1.8983,130,0.0946,1348.606131
2026-10-04T03:10:07.120Z,ATH,-2.76,9.4,0.007168,1348.606131
2026-10-04T03:10:07.120Z,COMP,12.5105,38100,25.11,1348.606131
2026-10-04T03:10:07.120Z,CVX,-1.6429,3019,2.276,1348.606131
2026-10-04T03:10:07.120Z,AXS,2.8401,1750,1.2618,1348.606131
2026-10-04T03:10:07.120Z,WCT,-2.5215,57.08,0.04342,1348.606131
2026-10-04T03:10:07.120Z,ME,-0.9082,103.1,0.07715,1348.606131
2026-10-04T03:10:07.120Z,ASTER,4.1003,1000,0.7123,1348.606131
2026-10-04T03:10:07.120Z,GMX,3.0023,11210,8.07,1348.606131
2026-10-04T03:10:07.120Z,MORPHO,-8.5884,3419,2.7734,1348.606131
2026-10-04T03:10:07.120Z,MON,0.1509,46.3,0.03428,1348.606131
2026-10-04T03:10:07.120Z,1INCH,-0.6943,139,0.10379,1348.606131
2026-10-04T03:10:07.120Z,SKY,-4.9495,118.2,0.09221,1348.606131
2026-10-04T03:10:07.120Z,YGG,5.2635,38.84,0.02736,1348.606131
2026-10-04T03:10:07.120Z,BIO,-0.7412,41.43,0.03095,1348.606131
2026-10-04T03:10:07.120Z,MOVE,-3.597,13.43,0.01033,1348.606131
2026-10-04T03:10:07.120Z,GALA,-3.2869,3.292,0.002524,1348.606131
2026-10-04T03:10:07.120Z,ZK,-1.0198,17.56,0.013155,1348.606131
2026-10-04T03:10:07.120Z,ENS,0.8867,9260,6.806,1348.606131
2026-10-04T03:10:07.120Z,INJ,1.5333,10360,7.566,1348.606131
2026-10-04T03:10:07.120Z,KAITO,-4.7855,445.7,0.3471,1348.606131
2026-10-04T03:10:07.120Z,LDO,-2.0967,609.2,0.4614,1348.606131
2026-10-04T03:10:07.120Z,BLUR,30.2938,37.48,0.02133,1348.606131
2026-10-04T03:10:07.120Z,AUCTION,1.9945,5110,3.715,1348.606131
2026-10-04T03:10:07.120Z,ZETA,-2.0242,66.66,0.05045,1348.606131
2026-10-04T03:10:07.120Z,WIF,1.3957,340.9,0.2493,1348.606131
2026-10-04T03:10:07.120Z,KSM,-3.5985,6750,5.192,1348.606131
2026-10-04T03:10:07.120Z,SNX,-7.4802,315.8,0.2531,1348.606131
2026-10-04T03:10:07.120Z,FET,-0.9769,297,0.2224,1348.606131
2026-10-04T03:15:06.924Z,BTC,0.8386,115281000,84770.7,1348.606131
2026-10-04T03:15:06.924Z,XRP,0.9062,2026,1.4888,1348.606131
2026-10-04T03:15:06.924Z,SOL,0.8986,163600,120.23,1348.606131
2026-10-04T03:15:06.924Z,ETH,0.8342,3660000,2691.46,1348.606131
2026-10-04T03:15:06.924Z,FIL,0.701,1439,1.0596,1348.606131
2026-10-04T03:15:06.924Z,TRX,1.578,459.2,0.33521,1348.606131
2026-10-04T03:15:06.924Z,BNB,1.4115,1071000,783.1,1348.606131
2026-10-04T03:15:06.924Z,WLD,0.863,802,0.5896,1348.606131
2026-10-04T03:15:06.924Z,FLOW,0.9391,44.99,0.03305,1348.606131
2026-10-04T03:15:06.924Z,LINK,1.6986,19230,14.021,1348.606131
2026-10-04T03:15:06.924Z,DOGE,0.8852,126,0.09261,1348.606131
2026-10-04T03:15:06.924Z,SUI,0.7341,1601,1.1785,1348.606131
2026-10-04T03:15:06.924Z,XLM,0.9734,292.8,0.21502,1348.606131
2026-10-04T03:15:06.924Z,BCH,1.2185,433400,317.5,1348.606131
2026-10-04T03:15:06.924Z,AVAX,0.7853,15030,11.058,1348.606131
2026-10-04T03:15:06.924Z,ETC,0.9653,12000,8.813,1348.606131
2026-10-04T03:15:06.924Z,AAVE,5.5869,259800,182.45,1348.606131
2026-10-04T03:15:06.924Z,ADA,0.851,330.5,0.243,1348.606131
2026-10-04T03:15:06.924Z,HYPE,0.3567,121300,89.625,1348.606131
2026-10-04T03:15:06.924Z,SEI,0.6064,97.2,0.07164,1348.606131
2026-10-04T03:15:06.924Z,HBAR,0.9077,137.5,0.10104,1348.606131
2026-10-04T03:15:06.924Z,ARB,0.7515,273.8,0.20151,1348.606131
2026-10-04T03:15:06.924Z,JTO,1.3978,761.4,0.5568,1348.606131
2026-10-04T03:15:06.924Z,ONDO,0.7279,675,0.4969,1348.606131
2026-10-04T03:15:06.924Z,QTUM,-0.0998,1335,0.9909,1348.606131
2026-10-04T03:15:06.924Z,PYTH,-2.5012,102.1,0.07765,1348.606131
2026-10-04T03:15:06.924Z,APT,0.9024,1081,0.7944,1348.606131
2026-10-04T03:15:06.924Z,UNI,0.9843,12340,9.061,1348.606131
2026-10-04T03:15:06.924Z,TIA,0.4882,634.5,0.4682,1348.606131
2026-10-04T03:15:06.924Z,ALGO,1.8425,175.5,0.12778,1348.606131
2026-10-04T03:15:06.924Z,NEAR,0.7003,6520,4.801,1348.606131
2026-10-04T03:15:06.924Z,ZIL,-4.6635,4.5,0.0035,1348.606131
2026-10-04T03:15:06.924Z,SUSHI,-2.6428,335.2,0.2553,1348.606131
2026-10-04T03:15:06.924Z,PENDLE,-4.2601,3153,2.442,1348.606131
2026-10-04T03:15:06.924Z,XTZ,0.4813,440,0.3247,1348.606131
2026-10-04T03:15:06.924Z,W,0.4187,19.68,0.014532,1348.606131
2026-10-04T03:15:06.924Z,AR,12.007,6740,4.462,1348.606131
2026-10-04T03:15:06.924Z,SHIB,1.7012,0.0078,5.687e-06,1348.606131
2026-10-04T03:15:06.924Z,CELO,18.9328,159.8,0.09963,1348.606131
2026-10-04T03:15:06.924Z,STX,1.6102,516.2,0.3767,1348.606131
2026-10-04T03:15:06.924Z,JUP,1.0755,447.1,0.328,1348.606131
2026-10-04T03:15:06.924Z,PEPE,0.7198,0.0058,4.27e-06,1348.606131
2026-10-04T03:15:06.924Z,DYDX,0.6866,200,0.14729,1348.606131
2026-10-04T03:15:06.924Z,KITE,-14.3425,176.2,0.15253,1348.606131
2026-10-04T03:15:06.924Z,CRV,0.2297,507.7,0.3756,1348.606131
2026-10-04T03:15:06.924Z,ENJ,-1.7649,44.01,0.03322,1348.606131
2026-10-04T03:15:06.924Z,ATOM,22.7441,2824,1.706,1348.606131
2026-10-04T03:15:06.924Z,ICP,3.0678,4605,3.313,1348.606131
2026-10-04T03:15:06.924Z,SPACE,1.9466,7.284,0.005298,1348.606131
2026-10-04T03:15:06.924Z,DOT,0.7659,1603,1.1796,1348.606131
2026-10-04T03:15:06.924Z,ETHFI,-4.377,944.1,0.7321,1348.606131
2026-10-04T03:15:06.924Z,CC,1.3532,171.8,0.12569,1348.606131
2026-10-04T03:15:06.924Z,SYRUP,1.0201,350.4,0.2572,1348.606131
2026-10-04T03:15:06.924Z,TAO,-3.166,400000,306.3,1348.606131
2026-10-04T03:15:06.924Z,GRAM,-0.7111,2042,1.525,1348.606131
2026-10-04T03:15:06.924Z,RAY,-5.3558,2613,2.0472,1348.606131
2026-10-04T03:15:06.924Z,RENDER,-0.2697,2620,1.948,1348.606131
2026-10-04T03:15:06.924Z,GRASS,2.2639,991.6,0.719,1348.606131
2026-10-04T03:15:06.924Z,MINA,-0.2668,221.2,0.16446,1348.606131
2026-10-04T03:15:06.924Z,POL,-4.6683,140.2,0.10905,1348.606131
2026-10-04T03:15:06.924Z,ENA,0.1462,321.1,0.23775,1348.606131
2026-10-04T03:15:06.924Z,SAND,-0.4069,99.74,0.07426,1348.606131
2026-10-04T03:15:06.924Z,AERO,-4.27,1074,0.8319,1348.606131
2026-10-04T03:15:06.924Z,KGEN,-2.0808,213.4,0.1616,1348.606131
2026-10-04T03:15:06.924Z,LIT,2.2774,4977,3.6083,1348.606131
2026-10-04T03:15:06.924Z,MANA,4.3833,143.7,0.10208,1348.606131
2026-10-04T03:15:06.924Z,BAND,-2.659,299.7,0.2283,1348.606131
2026-10-04T03:15:06.924Z,APE,-0.0452,219.4,0.16276,1348.606131
2026-10-04T03:15:06.924Z,GMT,1.4817,12.06,0.008812,1348.606131
2026-10-04T03:15:06.924Z,VIRTUAL,-2.675,1039,0.7916,1348.606131
2026-10-04T03:15:06.924Z,LPT,2.4596,2396,1.734,1348.606131
2026-10-04T03:15:06.924Z,DATA,1.9085,288.2,0.2097,1348.606131
2026-10-04T03:15:06.924Z,THETA,1.0163,308.7,0.2266,1348.606131
2026-10-04T03:15:06.924Z,GRT,1.0286,38.49,0.02825,1348.606131
2026-10-04T03:15:06.924Z,LAYER,2.375,107.8,0.07808,1348.606131
2026-10-04T03:15:06.924Z,NMR,-0.5787,15320,11.426,1348.606131
2026-10-04T03:15:06.924Z,EIGEN,-9.312,321.9,0.2632,1348.606131
2026-10-04T03:15:06.924Z,BAT,-5.658,119.8,0.09416,1348.606131
2026-10-04T03:15:06.924Z,SPK,-3.0407,32.35,0.02474,1348.606131
2026-10-04T03:15:06.924Z,PUMP,1.2355,8.75,0.006409,1348.606131
2026-10-04T03:15:06.924Z,KMNO,-4.9637,52.01,0.04058,1348.606131
2026-10-04T03:15:06.924Z,CHZ,-6.5667,21.32,0.01692,1348.606131
2026-10-04T03:15:06.924Z,PENGU,4.7965,12.95,0.009163,1348.606131
2026-10-04T03:15:06.924Z,OP,-3.5394,174.2,0.13391,1348.606131
2026-10-04T03:15:06.924Z,UMA,3.3201,560,0.4019,1348.606131
2026-10-04T03:15:06.924Z,ZRO,-0.2699,2721,2.0231,1348.606131
2026-10-04T03:15:06.924Z,S,-5.1791,52.8,0.04129,1348.606131
2026-10-04T03:15:06.924Z,IMX,0.0076,249.7,0.18514,1348.606131
2026-10-04T03:15:06.924Z,A,1.8768,130,0.09462,1348.606131
2026-10-04T03:15:06.924Z,ATH,-3.4203,9.4,0.007217,1348.606131
2026-10-04T03:15:06.924Z,COMP,12.5553,38100,25.1,1348.606131
2026-10-04T03:15:06.924Z,CVX,-1.6861,3019,2.277,1348.606131
2026-10-04T03:15:06.924Z,AXS,2.8482,1750,1.2617,1348.606131
2026-10-04T03:15:06.924Z,WCT,-2.4316,57.08,0.04338,1348.606131
2026-10-04T03:15:06.924Z,ME,-0.9724,103.1,0.0772,1348.606131
2026-10-04T03:15:06.924Z,ASTER,4.1588,1000,0.7119,1348.606131
2026-10-04T03:15:06.924Z,GMX,3.0023,11210,8.07,1348.606131
2026-10-04T03:15:06.924Z,MORPHO,-8.5686,3419,2.7728,1348.606131
2026-10-04T03:15:06.924Z,MON,0.0634,46.3,0.03431,1348.606131
2026-10-04T03:15:06.924Z,1INCH,-0.656,139,0.10375,1348.606131
2026-10-04T03:15:06.924Z,SKY,-5.0319,118.2,0.09229,1348.606131
2026-10-04T03:15:06.924Z,YGG,5.2635,38.84,0.02736,1348.606131
2026-10-04T03:15:06.924Z,BIO,-0.7412,41.43,0.03095,1348.606131
2026-10-04T03:15:06.924Z,MOVE,-3.7647,13.43,0.010348,1348.606131
2026-10-04T03:15:06.924Z,GALA,-3.3252,3.292,0.002525,1348.606131
2026-10-04T03:15:06.924Z,ZK,-0.8766,17.56,0.013136,1348.606131
2026-10-04T03:15:06.924Z,ENS,0.9164,9260,6.804,1348.606131
2026-10-04T03:15:06.924Z,INJ,1.3858,10360,7.577,1348.606131
2026-10-04T03:15:06.924Z,KAITO,-4.813,445.7,0.3472,1348.606131
2026-10-04T03:15:06.924Z,LDO,-1.9054,609.2,0.4605,1348.606131
2026-10-04T03:15:06.924Z,BLUR,30.2327,37.48,0.02134,1348.606131
2026-10-04T03:15:06.924Z,AUCTION,1.8848,5110,3.719,1348.606131
2026-10-04T03:15:06.924Z,ZETA,-1.7124,66.66,0.05029,1348.606131
2026-10-04T03:15:06.924Z,WIF,1.3957,340.9,0.2493,1348.606131
2026-10-04T03:15:06.924Z,KSM,-3.6541,6750,5.195,1348.606131
2026-10-04T03:15:06.924Z,SNX,-7.4802,315.8,0.2531,1348.606131
2026-10-04T03:15:06.924Z,FET,-0.7985,297,0.222,1348.606131
2026-10-04T03:20:06.578Z,BTC,0.8455,115289000,84770.8,1348.606131
2026-10-04T03:20:06.578Z,XRP,0.872,2023,1.4871,1348.606131
2026-10-04T03:20:06.578Z,SOL,0.8873,163500,120.17,1348.606131
2026-10-04T03:20:06.578Z,ETH,0.8719,3661000,2691.19,1348.606131
2026-10-04T03:20:06.578Z,FIL,0.7961,1439,1.0586,1348.606131
2026-10-04T03:20:06.578Z,TRX,1.5659,459.2,0.33525,1348.606131
2026-10-04T03:20:06.578Z,BNB,1.3726,1071000,783.4,1348.606131
2026-10-04T03:20:06.578Z,WLD,0.8474,799.7,0.588,1348.606131
2026-10-04T03:20:06.578Z,FLOW,0.9391,44.99,0.03305,1348.606131
2026-10-04T03:20:06.578Z,LINK,1.8294,19230,14.003,1348.606131
2026-10-04T03:20:06.578Z,DOGE,0.8923,125.9,0.09253,1348.606131
2026-10-04T03:20:06.578Z,SUI,0.9569,1601,1.1759,1348.606131
2026-10-04T03:20:06.578Z,XLM,1.1537,292.9,0.21471,1348.606131
2026-10-04T03:20:06.578Z,BCH,1.2823,433400,317.3,1348.606131
2026-10-04T03:20:06.578Z,AVAX,0.9405,15030,11.041,1348.606131
2026-10-04T03:20:06.578Z,ETC,1.0112,12000,8.809,1348.606131
2026-10-04T03:20:06.578Z,AAVE,5.8945,259800,181.92,1348.606131
2026-10-04T03:20:06.578Z,ADA,0.934,330.5,0.2428,1348.606131
2026-10-04T03:20:06.578Z,HYPE,0.3623,121300,89.62,1348.606131
2026-10-04T03:20:06.578Z,SEI,0.8034,97.2,0.0715,1348.606131
2026-10-04T03:20:06.578Z,HBAR,1.0844,137.4,0.10079,1348.606131
2026-10-04T03:20:06.578Z,ARB,0.6916,273.8,0.20163,1348.606131
2026-10-04T03:20:06.578Z,JTO,1.5802,761.4,0.5558,1348.606131
2026-10-04T03:20:06.578Z,ONDO,0.8628,674,0.4955,1348.606131
2026-10-04T03:20:06.578Z,QTUM,-0.0191,1335,0.9901,1348.606131
2026-10-04T03:20:06.578Z,PYTH,-2.5138,102.1,0.07766,1348.606131
2026-10-04T03:20:06.578Z,APT,0.9151,1081,0.7943,1348.606131
2026-10-04T03:20:06.578Z,UNI,1.2077,12340,9.041,1348.606131
2026-10-04T03:20:06.578Z,TIA,0.5526,634.5,0.4679,1348.606131
2026-10-04T03:20:06.578Z,ALGO,1.9542,175.5,0.12764,1348.606131
2026-10-04T03:20:06.578Z,NEAR,0.8894,6520,4.792,1348.606131
2026-10-04T03:20:06.578Z,ZIL,-4.8538,4.5,0.003507,1348.606131
2026-10-04T03:20:06.578Z,SUSHI,-2.6809,335.2,0.2554,1348.606131
2026-10-04T03:20:06.578Z,PENDLE,-4.1423,3153,2.439,1348.606131
2026-10-04T03:20:06.578Z,XTZ,0.6052,440,0.3243,1348.606131
2026-10-04T03:20:06.578Z,W,0.4394,19.68,0.014529,1348.606131
2026-10-04T03:20:06.578Z,AR,12.1327,6740,4.457,1348.606131
2026-10-04T03:20:06.578Z,SHIB,1.7549,0.0078,5.684e-06,1348.606131
2026-10-04T03:20:06.578Z,CELO,19.136,159.8,0.09946,1348.606131
2026-10-04T03:20:06.578Z,STX,1.7723,516.2,0.3761,1348.606131
2026-10-04T03:20:06.578Z,JUP,1.168,447.1,0.3277,1348.606131
2026-10-04T03:20:06.578Z,PEPE,2.6246,0.0059,4.263e-06,1348.606131
2026-10-04T03:20:06.578Z,DYDX,0.5841,200,0.14744,1348.606131
2026-10-04T03:20:06.578Z,KITE,-14.1342,176.2,0.15216,1348.606131
2026-10-04T03:20:06.578Z,CRV,0.1764,507.7,0.3758,1348.606131
2026-10-04T03:20:06.578Z,ENJ,-2.0891,44.01,0.03333,1348.606131
2026-10-04T03:20:06.578Z,ATOM,22.8161,2824,1.705,1348.606131
2026-10-04T03:20:06.578Z,ICP,3.3173,4605,3.305,1348.606131
2026-10-04T03:20:06.578Z,SPACE,1.9082,7.284,0.0053,1348.606131
2026-10-04T03:20:06.578Z,DOT,0.937,1603,1.1776,1348.606131
2026-10-04T03:20:06.578Z,ETHFI,-4.7413,944.1,0.7349,1348.606131
2026-10-04T03:20:06.578Z,CC,0.8477,171.8,0.12632,1348.606131
2026-10-04T03:20:06.578Z,SYRUP,1.2169,350.4,0.2567,1348.606131
2026-10-04T03:20:06.578Z,TAO,-2.8806,400000,305.4,1348.606131
2026-10-04T03:20:06.578Z,GRAM,-0.7761,2042,1.526,1348.606131
2026-10-04T03:20:06.578Z,RAY,-5.6829,2613,2.0543,1348.606131
2026-10-04T03:20:06.578Z,RENDER,-0.1159,2620,1.945,1348.606131
2026-10-04T03:20:06.578Z,GRASS,2.4349,991.6,0.7178,1348.606131
2026-10-04T03:20:06.578Z,MINA,-0.2547,221.2,0.16444,1348.606131
2026-10-04T03:20:06.578Z,POL,-4.6683,140.2,0.10905,1348.606131
2026-10-04T03:20:06.578Z,ENA,0.3066,321.1,0.23737,1348.606131
2026-10-04T03:20:06.578Z,SAND,-1.1523,99.74,0.07482,1348.606131
2026-10-04T03:20:06.578Z,AERO,-4.224,1074,0.8315,1348.606131
2026-10-04T03:20:06.578Z,KGEN,-2.0808,213.4,0.1616,1348.606131
2026-10-04T03:20:06.578Z,LIT,2.1953,4977,3.6112,1348.606131
2026-10-04T03:20:06.578Z,MANA,3.8948,143.7,0.10256,1348.606131
2026-10-04T03:20:06.578Z,BAND,-2.5309,299.7,0.228,1348.606131
2026-10-04T03:20:06.578Z,APE,-0.0636,219.4,0.16279,1348.606131
2026-10-04T03:20:06.578Z,GMT,1.1831,12.06,0.008838,1348.606131
2026-10-04T03:20:06.578Z,VIRTUAL,-2.5642,1039,0.7907,1348.606131
2026-10-04T03:20:06.578Z,LPT,2.4596,2396,1.734,1348.606131
2026-10-04T03:20:06.578Z,DATA,1.8599,288.2,0.2098,1348.606131
2026-10-04T03:20:06.578Z,THETA,0.9273,308.7,0.2268,1348.606131
2026-10-04T03:20:06.578Z,GRT,1.0286,38.49,0.02825,1348.606131
2026-10-04T03:20:06.578Z,LAYER,2.1526,107.8,0.07825,1348.606131
2026-10-04T03:20:06.578Z,NMR,-0.7351,15320,11.444,1348.606131
2026-10-04T03:20:06.578Z,EIGEN,-9.6894,321.9,0.2643,1348.606131
2026-10-04T03:20:06.578Z,BAT,-6.3936,119.8,0.0949,1348.606131
2026-10-04T03:20:06.578Z,SPK,-3.0015,32.35,0.02473,1348.606131
2026-10-04T03:20:06.578Z,PUMP,1.9033,8.75,0.006367,1348.606131
2026-10-04T03:20:06.578Z,KMNO,-5.0339,52.01,0.04061,1348.606131
2026-10-04T03:20:06.578Z,CHZ,-6.5667,21.32,0.01692,1348.606131
2026-10-04T03:20:06.578Z,PENGU,4.9913,12.95,0.009146,1348.606131
2026-10-04T03:20:06.578Z,OP,-3.4745,174.2,0.13382,1348.606131
2026-10-04T03:20:06.578Z,UMA,3.2944,560,0.402,1348.606131
2026-10-04T03:20:06.578Z,ZRO,-0.3881,2721,2.0255,1348.606131
2026-10-04T03:20:06.578Z,S,-4.555,52.8,0.04102,1348.606131
2026-10-04T03:20:06.578Z,IMX,-0.3637,249.7,0.18583,1348.606131
2026-10-04T03:20:06.578Z,A,1.8337,130,0.09466,1348.606131
2026-10-04T03:20:06.578Z,ATH,-4.649,9.4,0.00731,1348.606131
2026-10-04T03:20:06.578Z,COMP,12.5553,38100,25.1,1348.606131
2026-10-04T03:20:06.578Z,CVX,-1.6429,3019,2.276,1348.606131
2026-10-04T03:20:06.578Z,AXS,1.616,1750,1.277,1348.606131
2026-10-04T03:20:06.578Z,WCT,-2.499,57.08,0.04341,1348.606131
2026-10-04T03:20:06.578Z,ME,-0.8697,103.1,0.07712,1348.606131
2026-10-04T03:20:06.578Z,ASTER,4.2027,1000,0.7116,1348.606131
2026-10-04T03:20:06.578Z,GMX,3.0278,11210,8.068,1348.606131
2026-10-04T03:20:06.578Z,MORPHO,-8.2509,3419,2.7632,1348.606131
2026-10-04T03:20:06.578Z,MON,-0.43,46.3,0.03448,1348.606131
2026-10-04T03:20:06.578Z,1INCH,-0.493,139,0.10358,1348.606131
2026-10-04T03:20:06.578Z,SKY,-4.9598,118.2,0.09222,1348.606131
2026-10-04T03:20:06.578Z,YGG,5.0715,38.84,0.02741,1348.606131
2026-10-04T03:20:06.578Z,BIO,-0.7091,41.43,0.03094,1348.606131
2026-10-04T03:20:06.578Z,MOVE,-3.5877,13.43,0.010329,1348.606131
2026-10-04T03:20:06.578Z,GALA,-3.5544,3.292,0.002531,1348.606131
2026-10-04T03:20:06.578Z,ZK,-1.215,17.56,0.013181,1348.606131
2026-10-04T03:20:06.578Z,ENS,0.9757,9260,6.8,1348.606131
2026-10-04T03:20:06.578Z,INJ,1.4394,10360,7.573,1348.606131
2026-10-04T03:20:06.578Z,KAITO,-5.0591,445.7,0.3481,1348.606131
2026-10-04T03:20:06.578Z,LDO,-1.7133,609.2,0.4596,1348.606131
2026-10-04T03:20:06.578Z,BLUR,30.0499,37.48,0.02137,1348.606131
2026-10-04T03:20:06.578Z,AUCTION,1.8848,5110,3.719,1348.606131
2026-10-04T03:20:06.578Z,ZETA,-1.5166,66.66,0.05019,1348.606131
2026-10-04T03:20:06.578Z,WIF,1.4364,340.9,0.2492,1348.606131
2026-10-04T03:20:06.578Z,KSM,-3.617,6750,5.193,1348.606131
2026-10-04T03:20:06.578Z,SNX,-7.4436,315.8,0.253,1348.606131
2026-10-04T03:20:06.578Z,FET,-0.5745,297,0.2215,1348.606131
2026-10-04T03:25:06.753Z,BTC,0.8226,115289000,84790,1348.606131
2026-10-04T03:25:06.753Z,XRP,0.9015,2024,1.4874,1348.606131
2026-10-04T03:25:06.753Z,SOL,0.8202,163500,120.25,1348.606131
2026-10-04T03:25:06.753Z,ETH,0.8359,3661000,2692.15,1348.606131
2026-10-04T03:25:06.753Z,FIL,0.739,1439,1.0592,1348.606131
2026-10-04T03:25:06.753Z,TRX,0.7959,455.8,0.33531,1348.606131
2026-10-04T03:25:06.753Z,BNB,1.3468,1071000,783.6,1348.606131
2026-10-04T03:25:06.753Z,WLD,0.9671,803.1,0.5898,1348.606131
2026-10-04T03:25:06.753Z,FLOW,0.7866,44.99,0.0331,1348.606131
2026-10-04T03:25:06.753Z,LINK,1.6696,19230,14.025,1348.606131
2026-10-04T03:25:06.753Z,DOGE,0.8051,125.9,0.09261,1348.606131
2026-10-04T03:25:06.753Z,SUI,0.7567,1600,1.1775,1348.606131
2026-10-04T03:25:06.753Z,XLM,1.1537,292.9,0.21471,1348.606131
2026-10-04T03:25:06.753Z,BCH,1.2504,433400,317.4,1348.606131
2026-10-04T03:25:06.753Z,AVAX,0.8583,15030,11.05,1348.606131
2026-10-04T03:25:06.753Z,ETC,0.9883,12000,8.811,1348.606131
2026-10-04T03:25:06.753Z,AAVE,6.0928,259800,181.58,1348.606131
2026-10-04T03:25:06.753Z,ADA,0.8925,330.5,0.2429,1348.606131
2026-10-04T03:25:06.753Z,HYPE,0.2818,121300,89.692,1348.606131
2026-10-04T03:25:06.753Z,SEI,0.7611,97.2,0.07153,1348.606131
2026-10-04T03:25:06.753Z,HBAR,0.4299,136.7,0.10093,1348.606131
2026-10-04T03:25:06.753Z,ARB,0.4922,273.8,0.20203,1348.606131
2026-10-04T03:25:06.753Z,JTO,0.8352,755,0.5552,1348.606131
2026-10-04T03:25:06.753Z,ONDO,0.8018,674,0.4958,1348.606131
2026-10-04T03:25:06.753Z,QTUM,-0.1603,1335,0.9915,1348.606131
2026-10-04T03:25:06.753Z,PYTH,-2.5765,102.1,0.07771,1348.606131
2026-10-04T03:25:06.753Z,APT,0.8008,1081,0.7952,1348.606131
2026-10-04T03:25:06.753Z,UNI,1.2637,12340,9.036,1348.606131
2026-10-04T03:25:06.753Z,TIA,0.2954,634.5,0.4691,1348.606131
2026-10-04T03:25:06.753Z,ALGO,2.0662,175.5,0.1275,1348.606131
2026-10-04T03:25:06.753Z,NEAR,0.0764,6485,4.805,1348.606131
2026-10-04T03:25:06.753Z,ZIL,-4.908,4.5,0.003509,1348.606131
2026-10-04T03:25:06.753Z,SUSHI,-2.7951,335.2,0.2557,1348.606131
2026-10-04T03:25:06.753Z,PENDLE,-4.2601,3153,2.442,1348.606131
2026-10-04T03:25:06.753Z,XTZ,0.854,440,0.3235,1348.606131
2026-10-04T03:25:06.753Z,W,-0.4581,19.68,0.01466,1348.606131
2026-10-04T03:25:06.753Z,AR,-0.1308,6015,4.466,1348.606131
2026-10-04T03:25:06.753Z,SHIB,1.6655,0.0078,5.689e-06,1348.606131
2026-10-04T03:25:06.753Z,CELO,18.8612,159.8,0.09969,1348.606131
2026-10-04T03:25:06.753Z,STX,1.5832,516.2,0.3768,1348.606131
2026-10-04T03:25:06.753Z,JUP,0.9831,447.1,0.3283,1348.606131
2026-10-04T03:25:06.753Z,PEPE,2.6728,0.0059,4.261e-06,1348.606131
2026-10-04T03:25:06.753Z,DYDX,0.5364,200,0.14751,1348.606131
2026-10-04T03:25:06.753Z,KITE,-14.5218,176.2,0.15285,1348.606131
2026-10-04T03:25:06.753Z,CRV,0.0965,507.7,0.3761,1348.606131
2026-10-04T03:25:06.753Z,ENJ,-2.3528,44.01,0.03342,1348.606131
2026-10-04T03:25:06.753Z,ATOM,22.7441,2824,1.706,1348.606131
2026-10-04T03:25:06.753Z,ICP,3.3486,4605,3.304,1348.606131
2026-10-04T03:25:06.753Z,SPACE,1.8121,7.284,0.005305,1348.606131
2026-10-04T03:25:06.753Z,DOT,0.9113,1603,1.1779,1348.606131
2026-10-04T03:25:06.753Z,ETHFI,-5.1286,944.1,0.7379,1348.606131
2026-10-04T03:25:06.753Z,CC,0.9436,171.8,0.1262,1348.606131
2026-10-04T03:25:06.753Z,SYRUP,1.2564,350.4,0.2566,1348.606131
2026-10-04T03:25:06.753Z,TAO,-2.8806,400000,305.4,1348.606131
2026-10-04T03:25:06.753Z,GRAM,-0.7111,2042,1.525,1348.606131
2026-10-04T03:25:06.753Z,RAY,-5.8387,2613,2.0577,1348.606131
2026-10-04T03:25:06.753Z,RENDER,-0.1672,2620,1.946,1348.606131
2026-10-04T03:25:06.753Z,GRASS,2.6781,991.6,0.7161,1348.606131
2026-10-04T03:25:06.753Z,MINA,-0.2183,221.2,0.16438,1348.606131
2026-10-04T03:25:06.753Z,POL,-4.8167,140.2,0.10922,1348.606131
2026-10-04T03:25:06.753Z,ENA,0.1968,321.1,0.23763,1348.606131
2026-10-04T03:25:06.753Z,SAND,-1.663,100.1,0.07548,1348.606131
2026-10-04T03:25:06.753Z,AERO,-4.2585,1074,0.8318,1348.606131
2026-10-04T03:25:06.753Z,KGEN,-2.0202,213.4,0.1615,1348.606131
2026-10-04T03:25:06.753Z,LIT,2.462,4977,3.6018,1348.606131
2026-10-04T03:25:06.753Z,MANA,3.1805,143.7,0.10327,1348.606131
2026-10-04T03:25:06.753Z,BAND,-2.659,299.7,0.2283,1348.606131
2026-10-04T03:25:06.753Z,APE,-0.0881,219.4,0.16283,1348.606131
2026-10-04T03:25:06.753Z,GMT,1.206,12.06,0.008836,1348.606131
2026-10-04T03:25:06.753Z,VIRTUAL,-2.81,1039,0.7927,1348.606131
2026-10-04T03:25:06.753Z,LPT,2.2238,2396,1.738,1348.606131
2026-10-04T03:25:06.753Z,DATA,1.6661,288.2,0.2102,1348.606131
2026-10-04T03:25:06.753Z,THETA,0.9273,308.7,0.2268,1348.606131
2026-10-04T03:25:06.753Z,GRT,0.9214,38.49,0.02828,1348.606131
2026-10-04T03:25:06.753Z,LAYER,2.1004,107.8,0.07829,1348.606131
2026-10-04T03:25:06.753Z,NMR,-0.7871,15320,11.45,1348.606131
2026-10-04T03:25:06.753Z,EIGEN,-9.8599,321.9,0.2648,1348.606131
2026-10-04T03:25:06.753Z,BAT,-7.7449,119.8,0.09629,1348.606131
2026-10-04T03:25:06.753Z,SPK,-3.119,32.35,0.02476,1348.606131
2026-10-04T03:25:06.753Z,PUMP,1.6797,8.75,0.006381,1348.606131
2026-10-04T03:25:06.753Z,KMNO,-4.9637,52.01,0.04058,1348.606131
2026-10-04T03:25:06.753Z,CHZ,-6.9516,21.32,0.01699,1348.606131
2026-10-04T03:25:06.753Z,PENGU,4.9913,12.95,0.009146,1348.606131
2026-10-04T03:25:06.753Z,OP,-3.597,174.2,0.13399,1348.606131
2026-10-04T03:25:06.753Z,UMA,3.0637,560,0.4029,1348.606131
2026-10-04T03:25:06.753Z,ZRO,-0.4127,2721,2.026,1348.606131
2026-10-04T03:25:06.753Z,S,-4.5783,52.8,0.04103,1348.606131
2026-10-04T03:25:06.753Z,IMX,-0.7642,249.7,0.18658,1348.606131
2026-10-04T03:25:06.753Z,A,1.6405,130,0.09484,1348.606131
2026-10-04T03:25:06.753Z,ATH,-3.6739,9.4,0.007236,1348.606131
2026-10-04T03:25:06.753Z,COMP,12.5553,38100,25.1,1348.606131
2026-10-04T03:25:06.753Z,CVX,-1.3829,3019,2.27,1348.606131
2026-10-04T03:25:06.753Z,AXS,0.6778,1750,1.2889,1348.606131
2026-10-04T03:25:06.753Z,WCT,-2.499,57.08,0.04341,1348.606131
2026-10-04T03:25:06.753Z,ME,-1.2155,103.1,0.07739,1348.606131
2026-10-04T03:25:06.753Z,ASTER,4.1441,1000,0.712,1348.606131
2026-10-04T03:25:06.753Z,GMX,2.8366,11210,8.083,1348.606131
2026-10-04T03:25:06.753Z,MORPHO,-8.4861,3419,2.7703,1348.606131
2026-10-04T03:25:06.753Z,MON,-1.5154,46.3,0.03486,1348.606131
2026-10-04T03:25:06.753Z,1INCH,-0.5985,139,0.10369,1348.606131
2026-10-04T03:25:06.753Z,SKY,-4.7015,118.2,0.09197,1348.606131
2026-10-04T03:25:06.753Z,YGG,4.5376,38.84,0.02755,1348.606131
2026-10-04T03:25:06.753Z,BIO,-0.8693,41.43,0.03099,1348.606131
2026-10-04T03:25:06.753Z,MOVE,-3.41,13.43,0.01031,1348.606131
2026-10-04T03:25:06.753Z,GALA,-3.5162,3.292,0.00253,1348.606131
2026-10-04T03:25:06.753Z,ZK,-1.0122,17.56,0.013154,1348.606131
2026-10-04T03:25:06.753Z,ENS,0.8274,9260,6.81,1348.606131
2026-10-04T03:25:06.753Z,INJ,1.3992,10360,7.576,1348.606131
2026-10-04T03:25:06.753Z,KAITO,-5.0863,445.7,0.3482,1348.606131
2026-10-04T03:25:06.753Z,LDO,-1.5848,609.2,0.459,1348.606131
2026-10-04T03:25:06.753Z,BLUR,29.7463,37.48,0.02142,1348.606131
2026-10-04T03:25:06.753Z,AUCTION,1.6389,5110,3.728,1348.606131
2026-10-04T03:25:06.753Z,ZETA,-1.5754,66.66,0.05022,1348.606131
2026-10-04T03:25:06.753Z,WIF,1.5179,340.9,0.249,1348.606131
2026-10-04T03:25:06.753Z,KSM,-3.5985,6750,5.192,1348.606131
2026-10-04T03:25:06.753Z,SNX,-7.5532,315.8,0.2533,1348.606131
2026-10-04T03:25:06.753Z,FET,-0.9324,297,0.2223,1348.606131
2026-10-04T03:30:07.180Z,BTC,0.8476,115275000,84758.7,1348.606131
2026-10-04T03:30:07.180Z,XRP,0.8991,2023,1.4867,1348.606131
2026-10-04T03:30:07.180Z,SOL,0.8232,163600,120.32,1348.606131
2026-10-04T03:30:07.180Z,ETH,0.8573,3661000,2691.58,1348.606131
2026-10-04T03:30:07.180Z,FIL,0.758,1439,1.059,1348.606131
2026-10-04T03:30:07.180Z,TRX,0.8079,455.8,0.33527,1348.606131
2026-10-04T03:30:07.180Z,BNB,1.3597,1071000,783.5,1348.606131
2026-10-04T03:30:07.180Z,WLD,0.9094,800.6,0.5883,1348.606131
2026-10-04T03:30:07.180Z,FLOW,0.878,44.99,0.03307,1348.606131
2026-10-04T03:30:07.180Z,LINK,1.7858,19230,14.009,1348.606131
2026-10-04T03:30:07.180Z,DOGE,0.8269,125.9,0.09259,1348.606131
2026-10-04T03:30:07.180Z,SUI,0.8852,1600,1.176,1348.606131
2026-10-04T03:30:07.180Z,XLM,1.1475,292.8,0.21465,1348.606131
2026-10-04T03:30:07.180Z,BCH,1.2504,433400,317.4,1348.606131
2026-10-04T03:30:07.180Z,AVAX,0.9496,15030,11.04,1348.606131
2026-10-04T03:30:07.180Z,ETC,0.931,12000,8.816,1348.606131
2026-10-04T03:30:07.180Z,AAVE,6.2157,259800,181.37,1348.606131
2026-10-04T03:30:07.180Z,ADA,0.934,330.5,0.2428,1348.606131
2026-10-04T03:30:07.180Z,HYPE,0.3646,121300,89.618,1348.606131
2026-10-04T03:30:07.180Z,SEI,0.8175,97.2,0.07149,1348.606131
2026-10-04T03:30:07.180Z,HBAR,0.4897,136.7,0.10087,1348.606131
2026-10-04T03:30:07.180Z,ARB,0.7966,273.8,0.20142,1348.606131
2026-10-04T03:30:07.180Z,JTO,0.7264,755,0.5558,1348.606131
2026-10-04T03:30:07.180Z,ONDO,0.9035,674,0.4953,1348.606131
2026-10-04T03:30:07.180Z,QTUM,-0.13,1335,0.9912,1348.606131
2026-10-04T03:30:07.180Z,PYTH,-2.6016,102.1,0.07773,1348.606131
2026-10-04T03:30:07.180Z,APT,0.8516,1081,0.7948,1348.606131
2026-10-04T03:30:07.180Z,UNI,1.2637,12340,9.036,1348.606131
2026-10-04T03:30:07.180Z,TIA,0.3596,634.5,0.4688,1348.606131
2026-10-04T03:30:07.180Z,ALGO,2.1463,175.5,0.1274,1348.606131
2026-10-04T03:30:07.180Z,NEAR,0.3269,6485,4.793,1348.606131
2026-10-04T03:30:07.180Z,ZIL,-4.9892,4.5,0.003512,1348.606131
2026-10-04T03:30:07.180Z,SUSHI,-2.8711,335.2,0.2559,1348.606131
2026-10-04T03:30:07.180Z,PENDLE,-4.2601,3153,2.442,1348.606131
2026-10-04T03:30:07.180Z,XTZ,0.854,440,0.3235,1348.606131
2026-10-04T03:30:07.180Z,W,-1.6124,19.68,0.014832,1348.606131
2026-10-04T03:30:07.180Z,AR,0.026,6015,4.459,1348.606131
2026-10-04T03:30:07.180Z,SHIB,1.6834,0.0078,5.688e-06,1348.606131
2026-10-04T03:30:07.180Z,CELO,18.7302,159.8,0.0998,1348.606131
2026-10-04T03:30:07.180Z,STX,1.5832,516.2,0.3768,1348.606131
2026-10-04T03:30:07.180Z,JUP,0.9523,447.1,0.3284,1348.606131
2026-10-04T03:30:07.180Z,PEPE,2.6728,0.0059,4.261e-06,1348.606131
2026-10-04T03:30:07.180Z,DYDX,0.4479,200,0.14764,1348.606131
2026-10-04T03:30:07.180Z,KITE,-14.7505,176.2,0.15326,1348.606131
2026-10-04T03:30:07.180Z,CRV,0.1231,507.7,0.376,1348.606131
2026-10-04T03:30:07.180Z,ENJ,-2.9914,44.01,0.03364,1348.606131
2026-10-04T03:30:07.180Z,ATOM,22.7441,2824,1.706,1348.606131
2026-10-04T03:30:07.180Z,ICP,3.286,4605,3.306,1348.606131
2026-10-04T03:30:07.180Z,SPACE,1.6588,7.284,0.005313,1348.606131
2026-10-04T03:30:07.180Z,DOT,0.9971,1603,1.1769,1348.606131
2026-10-04T03:30:07.180Z,ETHFI,-5.1928,944.1,0.7384,1348.606131
2026-10-04T03:30:07.180Z,CC,1.0396,171.8,0.12608,1348.606131
2026-10-04T03:30:07.180Z,SYRUP,1.1775,350.4,0.2568,1348.606131
2026-10-04T03:30:07.180Z,TAO,-2.817,400000,305.2,1348.606131
2026-10-04T03:30:07.180Z,GRAM,-0.7761,2042,1.526,1348.606131
2026-10-04T03:30:07.180Z,RAY,-5.5634,2613,2.0517,1348.606131
2026-10-04T03:30:07.180Z,RENDER,-0.1159,2620,1.945,1348.606131
2026-10-04T03:30:07.180Z,GRASS,3.0378,991.6,0.7136,1348.606131
2026-10-04T03:30:07.180Z,MINA,-0.2668,221.2,0.16446,1348.606131
2026-10-04T03:30:07.180Z,POL,-4.8167,140.2,0.10922,1348.606131
2026-10-04T03:30:07.180Z,ENA,0.2728,321.1,0.23745,1348.606131
2026-10-04T03:30:07.180Z,SAND,-1.2049,100.1,0.07513,1348.606131
2026-10-04T03:30:07.180Z,AERO,-4.293,1074,0.8321,1348.606131
2026-10-04T03:30:07.180Z,KGEN,-2.0202,213.4,0.1615,1348.606131
2026-10-04T03:30:07.180Z,LIT,2.4478,4977,3.6023,1348.606131
2026-10-04T03:30:07.180Z,MANA,3.1205,143.7,0.10333,1348.606131
2026-10-04T03:30:07.180Z,BAND,-2.9989,299.7,0.2291,1348.606131
2026-10-04T03:30:07.180Z,APE,-0.3269,219.4,0.16322,1348.606131
2026-10-04T03:30:07.180Z,GMT,0.9547,12.06,0.008858,1348.606131
2026-10-04T03:30:07.180Z,VIRTUAL,-2.8958,1039,0.7934,1348.606131
2026-10-04T03:30:07.180Z,LPT,2.4005,2396,1.735,1348.606131
2026-10-04T03:30:07.180Z,DATA,1.6661,288.2,0.2102,1348.606131
2026-10-04T03:30:07.180Z,THETA,0.7052,308.7,0.2273,1348.606131
2026-10-04T03:30:07.180Z,GRT,0.9928,38.49,0.02826,1348.606131
2026-10-04T03:30:07.180Z,LAYER,1.8143,107.8,0.07851,1348.606131
2026-10-04T03:30:07.180Z,NMR,0.9851,15610,11.462,1348.606131
2026-10-04T03:30:07.180Z,EIGEN,-9.894,321.9,0.2649,1348.606131
2026-10-04T03:30:07.180Z,BAT,-6.7572,119.8,0.09527,1348.606131
2026-10-04T03:30:07.180Z,SPK,-3.1972,32.35,0.02478,1348.606131
2026-10-04T03:30:07.180Z,PUMP,1.3778,8.75,0.0064,1348.606131
2026-10-04T03:30:07.180Z,KMNO,-4.9871,52.01,0.04059,1348.606131
2026-10-04T03:30:07.180Z,CHZ,-7.3334,21.32,0.01706,1348.606131
2026-10-04T03:30:07.180Z,PENGU,5.1293,12.95,0.009134,1348.606131
2026-10-04T03:30:07.180Z,OP,-3.597,174.2,0.13399,1348.606131
2026-10-04T03:30:07.180Z,UMA,3.0381,560,0.403,1348.606131
2026-10-04T03:30:07.180Z,ZRO,-0.5452,2721,2.0287,1348.606131
2026-10-04T03:30:07.180Z,S,-4.7176,52.8,0.04109,1348.606131
2026-10-04T03:30:07.180Z,IMX,-0.9235,249.7,0.18688,1348.606131
2026-10-04T03:30:07.180Z,A,1.5548,130,0.09492,1348.606131
2026-10-04T03:30:07.180Z,ATH,-3.4738,9.4,0.007221,1348.606131
2026-10-04T03:30:07.180Z,COMP,12.6451,38100,25.08,1348.606131
2026-10-04T03:30:07.180Z,CVX,-1.4697,3019,2.272,1348.606131
2026-10-04T03:30:07.180Z,AXS,0.0432,1770,1.3119,1348.606131
2026-10-04T03:30:07.180Z,WCT,-2.656,57.08,0.04348,1348.606131
2026-10-04T03:30:07.180Z,ME,-1.2538,103.1,0.07742,1348.606131
2026-10-04T03:30:07.180Z,ASTER,4.1734,1000,0.7118,1348.606131
2026-10-04T03:30:07.180Z,GMX,2.7604,11210,8.089,1348.606131
2026-10-04T03:30:07.180Z,MORPHO,-8.4927,3419,2.7705,1348.606131
2026-10-04T03:30:07.180Z,MON,-2.1609,46.3,0.03509,1348.606131
2026-10-04T03:30:07.180Z,1INCH,-0.5218,139,0.10361,1348.606131
2026-10-04T03:30:07.180Z,SKY,-4.7326,118.2,0.092,1348.606131
2026-10-04T03:30:07.180Z,YGG,4.4997,38.84,0.02756,1348.606131
2026-10-04T03:30:07.180Z,BIO,-0.9971,41.43,0.03103,1348.606131
2026-10-04T03:30:07.180Z,MOVE,-3.1281,13.43,0.01028,1348.606131
2026-10-04T03:30:07.180Z,GALA,-3.6305,3.292,0.002533,1348.606131
2026-10-04T03:30:07.180Z,ZK,-1.155,17.56,0.013173,1348.606131
2026-10-04T03:30:07.180Z,ENS,8.1386,9930,6.809,1348.606131
2026-10-04T03:30:07.180Z,INJ,1.4126,10360,7.575,1348.606131
2026-10-04T03:30:07.180Z,KAITO,-5.0863,445.7,0.3482,1348.606131
2026-10-04T03:30:07.180Z,LDO,-1.6063,609.2,0.4591,1348.606131
2026-10-04T03:30:07.180Z,BLUR,29.2034,37.48,0.02151,1348.606131
2026-10-04T03:30:07.180Z,AUCTION,1.6934,5110,3.726,1348.606131
2026-10-04T03:30:07.180Z,ZETA,-1.9075,66.66,0.05039,1348.606131
2026-10-04T03:30:07.180Z,WIF,1.6403,340.9,0.2487,1348.606131
2026-10-04T03:30:07.180Z,KSM,-3.8023,6750,5.203,1348.606131
2026-10-04T03:30:07.180Z,SNX,-7.7353,315.8,0.2538,1348.606131
2026-10-04T03:30:07.180Z,FET,-0.7985,297,0.222,1348.606131
2026-10-04T03:35:07.069Z,BTC,0.8027,115311000,84823,1348.606131
2026-10-04T03:35:07.069Z,XRP,0.723,2023,1.4893,1348.606131
2026-10-04T03:35:07.069Z,SOL,0.7014,164000,120.76,1348.606131
2026-10-04T03:35:07.069Z,ETH,0.8122,3664000,2694.99,1348.606131
2026-10-04T03:35:07.069Z,FIL,0.5492,1439,1.0612,1348.606131
2026-10-04T03:35:07.069Z,TRX,0.8049,455.8,0.33528,1348.606131
2026-10-04T03:35:07.069Z,BNB,1.2692,1071000,784.2,1348.606131
2026-10-04T03:35:07.069Z,WLD,0.6814,803,0.5914,1348.606131
2026-10-04T03:35:07.069Z,FLOW,0.8171,44.99,0.03309,1348.606131
2026-10-04T03:35:07.069Z,LINK,1.3661,19230,14.067,1348.606131
2026-10-04T03:35:07.069Z,DOGE,0.653,125.9,0.09275,1348.606131
2026-10-04T03:35:07.069Z,SUI,0.5347,1600,1.1801,1348.606131
2026-10-04T03:35:07.069Z,XLM,0.8608,292.8,0.21526,1348.606131
2026-10-04T03:35:07.069Z,BCH,1.0912,433400,317.9,1348.606131
2026-10-04T03:35:07.069Z,AVAX,0.7398,15030,11.063,1348.606131
2026-10-04T03:35:07.069Z,ETC,0.6797,12000,8.838,1348.606131
2026-10-04T03:35:07.069Z,AAVE,6.1688,259800,181.45,1348.606131
2026-10-04T03:35:07.069Z,ADA,0.6852,330.5,0.2434,1348.606131
2026-10-04T03:35:07.069Z,HYPE,0.6869,121900,89.773,1348.606131
2026-10-04T03:35:07.069Z,SEI,0.4942,97.2,0.07172,1348.606131
2026-10-04T03:35:07.069Z,HBAR,0.3007,136.7,0.10106,1348.606131
2026-10-04T03:35:07.069Z,ARB,0.3928,273.8,0.20223,1348.606131
2026-10-04T03:35:07.069Z,JTO,0.6178,755,0.5564,1348.606131
2026-10-04T03:35:07.069Z,ONDO,0.5584,674,0.497,1348.606131
2026-10-04T03:35:07.069Z,QTUM,-0.2307,1335,0.9922,1348.606131
2026-10-04T03:35:07.069Z,PYTH,-2.9636,102.1,0.07802,1348.606131
2026-10-04T03:35:07.069Z,APT,0.5606,1081,0.7971,1348.606131
2026-10-04T03:35:07.069Z,UNI,0.757,12300,9.052,1348.606131
2026-10-04T03:35:07.069Z,TIA,0.1247,634.5,0.4699,1348.606131
2026-10-04T03:35:07.069Z,ALGO,2.0822,175.5,0.12748,1348.606131
2026-10-04T03:35:07.069Z,NEAR,-0.0485,6485,4.811,1348.606131
2026-10-04T03:35:07.069Z,ZIL,-5.1782,4.5,0.003519,1348.606131
2026-10-04T03:35:07.069Z,SUSHI,-2.8331,335.2,0.2558,1348.606131
2026-10-04T03:35:07.069Z,PENDLE,-4.5337,3153,2.449,1348.606131
2026-10-04T03:35:07.069Z,XTZ,0.8852,440,0.3234,1348.606131
2026-10-04T03:35:07.069Z,W,-1.8242,19.68,0.014864,1348.606131
2026-10-04T03:35:07.069Z,AR,-0.1084,6015,4.465,1348.606131
2026-10-04T03:35:07.069Z,SHIB,1.5227,0.0078,5.697e-06,1348.606131
2026-10-04T03:35:07.069Z,CELO,18.5995,159.8,0.09991,1348.606131
2026-10-04T03:35:07.069Z,STX,1.5832,516.2,0.3768,1348.606131
2026-10-04T03:35:07.069Z,JUP,0.5848,447.1,0.3296,1348.606131
2026-10-04T03:35:07.069Z,PEPE,2.4804,0.0059,4.269e-06,1348.606131
2026-10-04T03:35:07.069Z,DYDX,0.4207,200,0.14768,1348.606131
2026-10-04T03:35:07.069Z,KITE,-14.7338,176.2,0.15323,1348.606131
2026-10-04T03:35:07.069Z,CRV,0.1497,507.7,0.3759,1348.606131
2026-10-04T03:35:07.069Z,ENJ,-2.7891,44.01,0.03357,1348.606131
2026-10-04T03:35:07.069Z,ATOM,22.6003,2824,1.708,1348.606131
2026-10-04T03:35:07.069Z,ICP,2.8815,4605,3.319,1348.606131
2026-10-04T03:35:07.069Z,SPACE,1.7162,7.284,0.00531,1348.606131
2026-10-04T03:35:07.069Z,DOT,0.6806,1603,1.1806,1348.606131
2026-10-04T03:35:07.069Z,ETHFI,-5.1671,944.1,0.7382,1348.606131
2026-10-04T03:35:07.069Z,CC,0.9996,171.8,0.12613,1348.606131
2026-10-04T03:35:07.069Z,SYRUP,0.9025,350.4,0.2575,1348.606131
2026-10-04T03:35:07.069Z,TAO,-3.0711,400000,306,1348.606131
2026-10-04T03:35:07.069Z,GRAM,-0.7111,2042,1.525,1348.606131
2026-10-04T03:35:07.069Z,RAY,-5.6599,2613,2.0538,1348.606131
2026-10-04T03:35:07.069Z,RENDER,-0.2697,2620,1.948,1348.606131
2026-10-04T03:35:07.069Z,GRASS,2.6781,991.6,0.7161,1348.606131
2026-10-04T03:35:07.069Z,MINA,-0.7136,221.2,0.1652,1348.606131
2026-10-04T03:35:07.069Z,POL,-5.0081,140.2,0.10944,1348.606131
2026-10-04T03:35:07.069Z,ENA,0.0957,321.1,0.23787,1348.606131
2026-10-04T03:35:07.069Z,SAND,-1.5586,100.1,0.0754,1348.606131
2026-10-04T03:35:07.069Z,AERO,-4.5225,1074,0.8341,1348.606131
2026-10-04T03:35:07.069Z,KGEN,-2.1413,213.4,0.1617,1348.606131
2026-10-04T03:35:07.069Z,LIT,2.6872,4977,3.5939,1348.606131
2026-10-04T03:35:07.069Z,MANA,3.5515,143.7,0.1029,1348.606131
2026-10-04T03:35:07.069Z,BAND,-2.9989,299.7,0.2291,1348.606131
2026-10-04T03:35:07.069Z,APE,-0.2902,219.4,0.16316,1348.606131
2026-10-04T03:35:07.069Z,GMT,0.9889,12.06,0.008855,1348.606131
2026-10-04T03:35:07.069Z,VIRTUAL,-3.0424,1039,0.7946,1348.606131
2026-10-04T03:35:07.069Z,LPT,2.165,2396,1.739,1348.606131
2026-10-04T03:35:07.069Z,DATA,1.6661,288.2,0.2102,1348.606131
2026-10-04T03:35:07.069Z,THETA,0.5283,308.7,0.2277,1348.606131
2026-10-04T03:35:07.069Z,GRT,0.7789,38.49,0.02832,1348.606131
2026-10-04T03:35:07.069Z,LAYER,1.8921,107.8,0.07845,1348.606131
2026-10-04T03:35:07.069Z,NMR,0.8469,15590,11.463,1348.606131
2026-10-04T03:35:07.069Z,EIGEN,-9.9619,321.9,0.2651,1348.606131
2026-10-04T03:35:07.069Z,BAT,-6.5118,119.8,0.09502,1348.606131
2026-10-04T03:35:07.069Z,SPK,-3.0407,32.35,0.02474,1348.606131
2026-10-04T03:35:07.069Z,PUMP,1.3461,8.75,0.006402,1348.606131
2026-10-04T03:35:07.069Z,KMNO,-5.1273,52.01,0.04065,1348.606131
2026-10-04T03:35:07.069Z,CHZ,-7.4419,21.32,0.01708,1348.606131
2026-10-04T03:35:07.069Z,PENGU,4.911,12.95,0.009153,1348.606131
2026-10-04T03:35:07.069Z,OP,-3.8625,174.2,0.13436,1348.606131
2026-10-04T03:35:07.069Z,UMA,2.987,560,0.4032,1348.606131
2026-10-04T03:35:07.069Z,ZRO,-0.3586,2721,2.0249,1348.606131
2026-10-04T03:35:07.069Z,S,-4.8565,52.8,0.04115,1348.606131
2026-10-04T03:35:07.069Z,IMX,-1.3774,249.7,0.18774,1348.606131
2026-10-04T03:35:07.069Z,A,1.5334,130,0.09494,1348.606131
2026-10-04T03:35:07.069Z,ATH,-3.7404,9.4,0.007241,1348.606131
2026-10-04T03:35:07.069Z,COMP,12.4657,38100,25.12,1348.606131
2026-10-04T03:35:07.069Z,CVX,-1.3395,3019,2.269,1348.606131
2026-10-04T03:35:07.069Z,AXS,0.8124,1790,1.3166,1348.606131
2026-10-04T03:35:07.069Z,WCT,-2.7231,57.08,0.04351,1348.606131
2026-10-04T03:35:07.069Z,ME,-1.2028,103.1,0.07738,1348.606131
2026-10-04T03:35:07.069Z,ASTER,4.0565,1000,0.7126,1348.606131
2026-10-04T03:35:07.069Z,GMX,2.9258,11210,8.076,1348.606131
2026-10-04T03:35:07.069Z,MORPHO,-8.7791,3419,2.7792,1348.606131
2026-10-04T03:35:07.069Z,MON,-1.6846,46.3,0.03492,1348.606131
2026-10-04T03:35:07.069Z,1INCH,-0.809,139,0.10391,1348.606131
2026-10-04T03:35:07.069Z,SKY,-5.5436,118.2,0.09279,1348.606131
2026-10-04T03:35:07.069Z,YGG,4.3104,38.84,0.02761,1348.606131
2026-10-04T03:35:07.069Z,BIO,-1.1245,41.43,0.03107,1348.606131
2026-10-04T03:35:07.069Z,MOVE,-3.6902,13.43,0.01034,1348.606131
2026-10-04T03:35:07.069Z,GALA,-3.4017,3.292,0.002527,1348.606131
2026-10-04T03:35:07.069Z,ZK,-1.11,17.56,0.013167,1348.606131
2026-10-04T03:35:07.069Z,ENS,7.8535,9930,6.827,1348.606131
2026-10-04T03:35:07.069Z,INJ,1.3457,10360,7.58,1348.606131
2026-10-04T03:35:07.069Z,KAITO,-4.9772,445.7,0.3478,1348.606131
2026-10-04T03:35:07.069Z,LDO,-1.3915,609.2,0.4581,1348.606131
2026-10-04T03:35:07.069Z,BLUR,29.3237,37.48,0.02149,1348.606131
2026-10-04T03:35:07.069Z,AUCTION,1.5572,5110,3.731,1348.606131
2026-10-04T03:35:07.069Z,ZETA,-2.1793,66.66,0.05053,1348.606131
2026-10-04T03:35:07.069Z,WIF,1.4364,340.9,0.2492,1348.606131
2026-10-04T03:35:07.069Z,KSM,-3.8208,6750,5.204,1348.606131
2026-10-04T03:35:07.069Z,SNX,-7.8443,315.8,0.2541,1348.606131
2026-10-04T03:35:07.069Z,FET,-0.9769,297,0.2224,1348.606131
2026-10-04T03:40:06.719Z,BTC,0.79,115282000,84812.3,1348.606131
2026-10-04T03:40:06.719Z,XRP,0.8496,2025,1.4889,1348.606131
2026-10-04T03:40:06.719Z,SOL,0.5266,164000,120.97,1348.606131
2026-10-04T03:40:06.719Z,ETH,0.7914,3661000,2693.34,1348.606131
2026-10-04T03:40:06.719Z,FIL,0.6725,1439,1.0599,1348.606131
2026-10-04T03:40:06.719Z,TRX,0.8109,455.8,0.33526,1348.606131
2026-10-04T03:40:06.719Z,BNB,1.2563,1071000,784.3,1348.606131
2026-10-04T03:40:06.719Z,WLD,0.8328,800.4,0.5886,1348.606131
2026-10-04T03:40:06.719Z,FLOW,1.2762,44.99,0.03294,1348.606131
2026-10-04T03:40:06.719Z,LINK,1.59,19230,14.036,1348.606131
2026-10-04T03:40:06.719Z,DOGE,0.7725,125.9,0.09264,1348.606131
2026-10-04T03:40:06.719Z,SUI,1.1317,1605,1.1768,1348.606131
2026-10-04T03:40:06.719Z,XLM,1.1381,292.8,0.21467,1348.606131
2026-10-04T03:40:06.719Z,BCH,1.2504,433400,317.4,1348.606131
2026-10-04T03:40:06.719Z,AVAX,0.8035,15030,11.056,1348.606131
2026-10-04T03:40:06.719Z,ETC,0.8052,12000,8.827,1348.606131
2026-10-04T03:40:06.719Z,AAVE,6.1396,259800,181.5,1348.606131
2026-10-04T03:40:06.719Z,ADA,0.8095,330.5,0.2431,1348.606131
2026-10-04T03:40:06.719Z,HYPE,0.6588,121900,89.798,1348.606131
2026-10-04T03:40:06.719Z,SEI,0.8316,97.2,0.07148,1348.606131
2026-10-04T03:40:06.719Z,HBAR,0.4697,136.7,0.10089,1348.606131
2026-10-04T03:40:06.719Z,ARB,0.5868,273.8,0.20184,1348.606131
2026-10-04T03:40:06.719Z,JTO,0.6178,755,0.5564,1348.606131
2026-10-04T03:40:06.719Z,ONDO,0.8425,674,0.4956,1348.606131
2026-10-04T03:40:06.719Z,QTUM,-0.0393,1335,0.9903,1348.606131
2026-10-04T03:40:06.719Z,PYTH,-2.9263,102.1,0.07799,1348.606131
2026-10-04T03:40:06.719Z,APT,0.8135,1081,0.7951,1348.606131
2026-10-04T03:40:06.719Z,UNI,0.9243,12300,9.037,1348.606131
2026-10-04T03:40:06.719Z,TIA,0.3382,634.5,0.4689,1348.606131
2026-10-04T03:40:06.719Z,ALGO,2.1944,175.5,0.12734,1348.606131
2026-10-04T03:40:06.719Z,NEAR,0.2015,6485,4.799,1348.606131
2026-10-04T03:40:06.719Z,ZIL,-5.0973,4.5,0.003516,1348.606131
2026-10-04T03:40:06.719Z,SUSHI,-2.6428,335.2,0.2553,1348.606131
2026-10-04T03:40:06.719Z,PENDLE,-4.4166,3153,2.446,1348.606131
2026-10-04T03:40:06.719Z,XTZ,1.1041,440,0.3227,1348.606131
2026-10-04T03:40:06.719Z,W,0.5432,19.68,0.014514,1348.606131
2026-10-04T03:40:06.719Z,AR,-0.0412,6015,4.462,1348.606131
2026-10-04T03:40:06.719Z,SHIB,1.6119,0.0078,5.692e-06,1348.606131
2026-10-04T03:40:06.719Z,CELO,18.7302,159.8,0.0998,1348.606131
2026-10-04T03:40:06.719Z,STX,1.7723,516.2,0.3761,1348.606131
2026-10-04T03:40:06.719Z,JUP,0.5543,447.1,0.3297,1348.606131
2026-10-04T03:40:06.719Z,PEPE,2.5524,0.0059,4.266e-06,1348.606131
2026-10-04T03:40:06.719Z,DYDX,0.5978,200,0.14742,1348.606131
2026-10-04T03:40:06.719Z,KITE,-14.7838,176.2,0.15332,1348.606131
2026-10-04T03:40:06.719Z,CRV,0.4168,507.7,0.3749,1348.606131
2026-10-04T03:40:06.719Z,ENJ,-2.7891,44.01,0.03357,1348.606131
2026-10-04T03:40:06.719Z,ATOM,22.6722,2824,1.707,1348.606131
2026-10-04T03:40:06.719Z,ICP,3.1612,4605,3.31,1348.606131
2026-10-04T03:40:06.719Z,SPACE,1.9274,7.284,0.005299,1348.606131
2026-10-04T03:40:06.719Z,DOT,0.8685,1603,1.1784,1348.606131
2026-10-04T03:40:06.719Z,ETHFI,-4.8966,944.1,0.7361,1348.606131
2026-10-04T03:40:06.719Z,CC,2.1169,171.8,0.12475,1348.606131
2026-10-04T03:40:06.719Z,SYRUP,1.1381,350.4,0.2569,1348.606131
2026-10-04T03:40:06.719Z,TAO,-2.9124,400000,305.5,1348.606131
2026-10-04T03:40:06.719Z,GRAM,-0.7111,2042,1.525,1348.606131
2026-10-04T03:40:06.719Z,RAY,-5.6599,2613,2.0538,1348.606131
2026-10-04T03:40:06.719Z,RENDER,0.0384,2620,1.942,1348.606131
2026-10-04T03:40:06.719Z,GRASS,2.5349,991.6,0.7171,1348.606131
2026-10-04T03:40:06.719Z,MINA,-0.8875,221.2,0.16549,1348.606131
2026-10-04T03:40:06.719Z,POL,-4.9907,140.2,0.10942,1348.606131
2026-10-04T03:40:06.719Z,ENA,0.1842,321.1,0.23766,1348.606131
2026-10-04T03:40:06.719Z,SAND,-2.0264,100.1,0.07576,1348.606131
2026-10-04T03:40:06.719Z,AERO,-4.3275,1074,0.8324,1348.606131
2026-10-04T03:40:06.719Z,KGEN,-1.9594,213.4,0.1614,1348.606131
2026-10-04T03:40:06.719Z,LIT,2.7444,4977,3.5919,1348.606131
2026-10-04T03:40:06.719Z,MANA,3.2504,143.7,0.1032,1348.606131
2026-10-04T03:40:06.719Z,BAND,-3.0835,299.7,0.2293,1348.606131
2026-10-04T03:40:06.719Z,APE,-0.0943,219.4,0.16284,1348.606131
2026-10-04T03:40:06.719Z,GMT,0.8522,12.06,0.008867,1348.606131
2026-10-04T03:40:06.719Z,VIRTUAL,-2.6872,1039,0.7917,1348.606131
2026-10-04T03:40:06.719Z,LPT,2.2238,2396,1.738,1348.606131
2026-10-04T03:40:06.719Z,DATA,1.6177,288.2,0.2103,1348.606131
2026-10-04T03:40:06.719Z,THETA,0.7496,308.7,0.2272,1348.606131
2026-10-04T03:40:06.719Z,GRT,0.9571,38.49,0.02827,1348.606131
2026-10-04T03:40:06.719Z,LAYER,2.0743,107.8,0.07831,1348.606131
2026-10-04T03:40:06.719Z,NMR,0.8821,15590,11.459,1348.606131
2026-10-04T03:40:06.719Z,EIGEN,-9.894,321.9,0.2649,1348.606131
2026-10-04T03:40:06.719Z,BAT,-6.3541,119.8,0.09486,1348.606131
2026-10-04T03:40:06.719Z,SPK,-2.8443,32.35,0.02469,1348.606131
2026-10-04T03:40:06.719Z,PUMP,1.362,8.75,0.006401,1348.606131
2026-10-04T03:40:06.719Z,KMNO,-4.9402,52.01,0.04057,1348.606131
2026-10-04T03:40:06.719Z,CHZ,-7.2791,21.32,0.01705,1348.606131
2026-10-04T03:40:06.719Z,PENGU,5.0717,12.95,0.009139,1348.606131
2026-10-04T03:40:06.719Z,OP,-3.6401,174.2,0.13405,1348.606131
2026-10-04T03:40:06.719Z,UMA,3.0125,560,0.4031,1348.606131
2026-10-04T03:40:06.719Z,ZRO,0.5702,2721,2.0062,1348.606131
2026-10-04T03:40:06.719Z,S,-4.5085,52.8,0.041,1348.606131
2026-10-04T03:40:06.719Z,IMX,-1.1457,249.7,0.1873,1348.606131
2026-10-04T03:40:06.719Z,A,1.7263,130,0.09476,1348.606131
2026-10-04T03:40:06.719Z,ATH,-3.246,9.4,0.007204,1348.606131
2026-10-04T03:40:06.719Z,COMP,12.78,38100,25.05,1348.606131
2026-10-04T03:40:06.719Z,CVX,-1.296,3019,2.268,1348.606131
2026-10-04T03:40:06.719Z,AXS,1.7397,1790,1.3046,1348.606131
2026-10-04T03:40:06.719Z,WCT,-2.4765,57.08,0.0434,1348.606131
2026-10-04T03:40:06.719Z,ME,-1.2921,103.1,0.07745,1348.606131
2026-10-04T03:40:06.719Z,ASTER,4.1588,1000,0.7119,1348.606131
2026-10-04T03:40:06.719Z,GMX,2.964,11210,8.073,1348.606131
2026-10-04T03:40:06.719Z,MORPHO,-8.7594,3419,2.7786,1348.606131
2026-10-04T03:40:06.719Z,MON,-1.8532,46.3,0.03498,1348.606131
2026-10-04T03:40:06.719Z,1INCH,-0.6943,139,0.10379,1348.606131
2026-10-04T03:40:06.719Z,SKY,-5.227,118.2,0.09248,1348.606131
2026-10-04T03:40:06.719Z,YGG,3.8216,38.84,0.02774,1348.606131
2026-10-04T03:40:06.719Z,BIO,-0.9332,41.43,0.03101,1348.606131
2026-10-04T03:40:06.719Z,MOVE,-3.2974,13.43,0.010298,1348.606131
2026-10-04T03:40:06.719Z,GALA,-3.4781,3.292,0.002529,1348.606131
2026-10-04T03:40:06.719Z,ZK,-0.7481,17.56,0.013119,1348.606131
2026-10-04T03:40:06.719Z,ENS,8.0117,9930,6.817,1348.606131
2026-10-04T03:40:06.719Z,INJ,1.4796,10360,7.57,1348.606131
2026-10-04T03:40:06.719Z,KAITO,-4.7581,445.7,0.347,1348.606131
2026-10-04T03:40:06.719Z,LDO,-0.9808,609.2,0.4562,1348.606131
2026-10-04T03:40:06.719Z,BLUR,28.9636,37.48,0.02155,1348.606131
2026-10-04T03:40:06.719Z,AUCTION,1.4756,5110,3.734,1348.606131
2026-10-04T03:40:06.719Z,ZETA,-1.9853,66.66,0.05043,1348.606131
2026-10-04T03:40:06.719Z,WIF,1.5587,340.9,0.2489,1348.606131
2026-10-04T03:40:06.719Z,KSM,-3.7283,6750,5.199,1348.606131
2026-10-04T03:40:06.719Z,SNX,-7.699,315.8,0.2537,1348.606131
2026-10-04T03:40:06.719Z,FET,-0.8431,297,0.2221,1348.606131
2026-10-04T03:45:07.114Z,BTC,0.8022,115335000,84841,1348.606131
2026-10-04T03:45:07.114Z,XRP,0.8588,2026,1.4895,1348.606131
2026-10-04T03:45:07.114Z,SOL,0.8552,164400,120.87,1348.606131
2026-10-04T03:45:07.114Z,ETH,0.8532,3665000,2694.63,1348.606131
2026-10-04T03:45:07.114Z,FIL,0.8533,1439,1.058,1348.606131
2026-10-04T03:45:07.114Z,TRX,0.8229,455.8,0.33522,1348.606131
2026-10-04T03:45:07.114Z,BNB,1.2434,1071000,784.4,1348.606131
2026-10-04T03:45:07.114Z,WLD,0.8066,800.6,0.5889,1348.606131
2026-10-04T03:45:07.114Z,FLOW,1.184,44.99,0.03297,1348.606131
2026-10-04T03:45:07.114Z,LINK,1.5755,19230,14.038,1348.606131
2026-10-04T03:45:07.114Z,DOGE,0.7399,125.9,0.09267,1348.606131
2026-10-04T03:45:07.114Z,SUI,1.1575,1605,1.1765,1348.606131
2026-10-04T03:45:07.114Z,XLM,1.0062,292.5,0.21473,1348.606131
2026-10-04T03:45:07.114Z,BCH,1.3143,433400,317.2,1348.606131
2026-10-04T03:45:07.114Z,AVAX,0.84,15030,11.052,1348.606131
2026-10-04T03:45:07.114Z,ETC,0.8166,12000,8.826,1348.606131
2026-10-04T03:45:07.114Z,AAVE,5.9703,259800,181.79,1348.606131
2026-10-04T03:45:07.114Z,ADA,0.768,330.5,0.2432,1348.606131
2026-10-04T03:45:07.114Z,HYPE,0.6129,121900,89.839,1348.606131
2026-10-04T03:45:07.114Z,SEI,0.7611,97.2,0.07153,1348.606131
2026-10-04T03:45:07.114Z,HBAR,0.4996,136.7,0.10086,1348.606131
2026-10-04T03:45:07.114Z,ARB,0.5271,273.8,0.20196,1348.606131
2026-10-04T03:45:07.114Z,JTO,0.5274,755,0.5569,1348.606131
2026-10-04T03:45:07.114Z,ONDO,0.7611,674,0.496,1348.606131
2026-10-04T03:45:07.114Z,QTUM,0.0011,1335,0.9899,1348.606131
2026-10-04T03:45:07.114Z,PYTH,-2.9387,102.1,0.078,1348.606131
2026-10-04T03:45:07.114Z,APT,0.8008,1081,0.7952,1348.606131
2026-10-04T03:45:07.114Z,UNI,0.8796,12300,9.041,1348.606131
2026-10-04T03:45:07.114Z,TIA,0.4239,634.5,0.4685,1348.606131
2026-10-04T03:45:07.114Z,ALGO,2.1703,175.5,0.12737,1348.606131
2026-10-04T03:45:07.114Z,NEAR,-0.0485,6485,4.811,1348.606131
2026-10-04T03:45:07.114Z,ZIL,-5.0163,4.5,0.003513,1348.606131
2026-10-04T03:45:07.114Z,SUSHI,-2.6047,335.2,0.2552,1348.606131
2026-10-04T03:45:07.114Z,PENDLE,-5.1149,3153,2.464,1348.606131
2026-10-04T03:45:07.114Z,XTZ,1.2295,440,0.3223,1348.606131
2026-10-04T03:45:07.114Z,W,0.1473,19.72,0.014601,1348.606131
2026-10-04T03:45:07.114Z,AR,-0.1308,6015,4.466,1348.606131
2026-10-04T03:45:07.114Z,SHIB,1.6119,0.0078,5.692e-06,1348.606131
2026-10-04T03:45:07.114Z,CELO,18.7421,159.8,0.09979,1348.606131
2026-10-04T03:45:07.114Z,STX,1.8264,516.2,0.3759,1348.606131
2026-10-04T03:45:07.114Z,JUP,0.402,447.1,0.3302,1348.606131
2026-10-04T03:45:07.114Z,PEPE,2.4564,0.0059,4.27e-06,1348.606131
2026-10-04T03:45:07.114Z,DYDX,0.6661,200,0.14732,1348.606131
2026-10-04T03:45:07.114Z,KITE,-14.7894,176.2,0.15333,1348.606131
2026-10-04T03:45:07.114Z,CRV,0.3901,507.7,0.375,1348.606131
2026-10-04T03:45:07.114Z,ENJ,-2.7312,44.01,0.03355,1348.606131
2026-10-04T03:45:07.114Z,ATOM,22.6722,2824,1.707,1348.606131
2026-10-04T03:45:07.114Z,ICP,3.3486,4605,3.304,1348.606131
2026-10-04T03:45:07.114Z,SPACE,1.9274,7.284,0.005299,1348.606131
2026-10-04T03:45:07.114Z,DOT,0.937,1603,1.1776,1348.606131
2026-10-04T03:45:07.114Z,ETHFI,-4.6765,944.1,0.7344,1348.606131
2026-10-04T03:45:07.114Z,CC,0.0971,167.7,0.12423,1348.606131
2026-10-04T03:45:07.114Z,SYRUP,1.2564,350.4,0.2566,1348.606131
2026-10-04T03:45:07.114Z,TAO,-2.8806,400000,305.4,1348.606131
2026-10-04T03:45:07.114Z,GRAM,-0.9708,2042,1.529,1348.606131
2026-10-04T03:45:07.114Z,RAY,-6.1216,2613,2.0639,1348.606131
2026-10-04T03:45:07.114Z,RENDER,-0.013,2620,1.943,1348.606131
2026-10-04T03:45:07.114Z,GRASS,2.0794,991.6,0.7203,1348.606131
2026-10-04T03:45:07.114Z,MINA,-0.9354,221.2,0.16557,1348.606131
2026-10-04T03:45:07.114Z,POL,-4.9299,140.2,0.10935,1348.606131
2026-10-04T03:45:07.114Z,ENA,0.142,321.1,0.23776,1348.606131
2026-10-04T03:45:07.114Z,SAND,-1.845,100.1,0.07562,1348.606131
2026-10-04T03:45:07.114Z,AERO,-4.5911,1074,0.8347,1348.606131
2026-10-04T03:45:07.114Z,KGEN,-1.9594,213.4,0.1614,1348.606131
2026-10-04T03:45:07.114Z,LIT,2.6416,4977,3.5955,1348.606131
2026-10-04T03:45:07.114Z,MANA,3.632,143.7,0.10282,1348.606131
2026-10-04T03:45:07.114Z,BAND,-3.1258,299.7,0.2294,1348.606131
2026-10-04T03:45:07.114Z,APE,0.0224,219.4,0.16265,1348.606131
2026-10-04T03:45:07.114Z,GMT,0.75,12.06,0.008876,1348.606131
2026-10-04T03:45:07.114Z,VIRTUAL,-2.6381,1039,0.7913,1348.606131
2026-10-04T03:45:07.114Z,LPT,2.3415,2396,1.736,1348.606131
2026-10-04T03:45:07.114Z,DATA,1.5212,288.2,0.2105,1348.606131
2026-10-04T03:45:07.114Z,THETA,0.7939,308.7,0.2271,1348.606131
2026-10-04T03:45:07.114Z,GRT,1.0644,38.49,0.02824,1348.606131
2026-10-04T03:45:07.114Z,LAYER,2.0873,107.8,0.0783,1348.606131
2026-10-04T03:45:07.114Z,NMR,0.8112,15560,11.445,1348.606131
2026-10-04T03:45:07.114Z,EIGEN,-9.928,321.9,0.265,1348.606131
2026-10-04T03:45:07.114Z,BAT,-6.2355,119.8,0.09474,1348.606131
2026-10-04T03:45:07.114Z,SPK,-2.923,32.35,0.02471,1348.606131
2026-10-04T03:45:07.114Z,PUMP,0.7012,8.75,0.006443,1348.606131
2026-10-04T03:45:07.114Z,KMNO,-4.8934,52.01,0.04055,1348.606131
2026-10-04T03:45:07.114Z,CHZ,-7.0611,21.32,0.01701,1348.606131
2026-10-04T03:45:07.114Z,PENGU,4.9454,12.95,0.00915,1348.606131
2026-10-04T03:45:07.114Z,OP,-3.6186,174.2,0.13402,1348.606131
2026-10-04T03:45:07.114Z,UMA,3.0125,560,0.4031,1348.606131
2026-10-04T03:45:07.114Z,ZRO,0.0416,2721,2.0168,1348.606131
2026-10-04T03:45:07.114Z,S,-4.4152,52.8,0.04096,1348.606131
2026-10-04T03:45:07.114Z,IMX,-1.1193,249.7,0.18725,1348.606131
2026-10-04T03:45:07.114Z,A,1.8015,130,0.09469,1348.606131
2026-10-04T03:45:07.114Z,ATH,-2.8278,9.4,0.007173,1348.606131
2026-10-04T03:45:07.114Z,COMP,13.0056,38100,25,1348.606131
2026-10-04T03:45:07.114Z,CVX,-1.3829,3019,2.27,1348.606131
2026-10-04T03:45:07.114Z,AXS,1.7943,1790,1.3039,1348.606131
2026-10-04T03:45:07.114Z,WCT,-2.4091,57.08,0.04337,1348.606131
2026-10-04T03:45:07.114Z,ME,-1.0877,103.1,0.07729,1348.606131
2026-10-04T03:45:07.114Z,ASTER,4.1003,1000,0.7123,1348.606131
2026-10-04T03:45:07.114Z,GMX,2.9385,11210,8.075,1348.606131
2026-10-04T03:45:07.114Z,MORPHO,-8.5686,3419,2.7728,1348.606131
2026-10-04T03:45:07.114Z,MON,-1.6846,46.3,0.03492,1348.606131
2026-10-04T03:45:07.114Z,1INCH,-0.723,139,0.10382,1348.606131
2026-10-04T03:45:07.114Z,SKY,-5.1039,118.2,0.09236,1348.606131
2026-10-04T03:45:07.114Z,YGG,3.8965,38.84,0.02772,1348.606131
2026-10-04T03:45:07.114Z,BIO,-0.9332,41.43,0.03101,1348.606131
2026-10-04T03:45:07.114Z,MOVE,-3.3631,13.43,0.010305,1348.606131
2026-10-04T03:45:07.114Z,GALA,-3.4017,3.292,0.002527,1348.606131
2026-10-04T03:45:07.114Z,ZK,-0.5662,17.56,0.013095,1348.606131
2026-10-04T03:45:07.114Z,ENS,8.1069,9930,6.811,1348.606131
2026-10-04T03:45:07.114Z,INJ,1.5333,10360,7.566,1348.606131
2026-10-04T03:45:07.114Z,KAITO,-4.7855,445.7,0.3471,1348.606131
2026-10-04T03:45:07.114Z,LDO,-1.0675,609.2,0.4566,1348.606131
2026-10-04T03:45:07.114Z,BLUR,28.9038,37.48,0.02156,1348.606131
2026-10-04T03:45:07.114Z,AUCTION,1.4756,5110,3.734,1348.606131
2026-10-04T03:45:07.114Z,ZETA,-1.7124,66.66,0.05029,1348.606131
2026-10-04T03:45:07.114Z,WIF,1.6403,340.9,0.2487,1348.606131
2026-10-04T03:45:07.114Z,KSM,-3.6912,6750,5.197,1348.606131
2026-10-04T03:45:07.114Z,SNX,-7.5897,315.8,0.2534,1348.606131
2026-10-04T03:45:07.114Z,FET,-0.7538,297,0.2219,1348.606131
2026-10-04T03:50:06.927Z,BTC,0.8132,115329000,84827.4,1348.606131
2026-10-04T03:50:06.927Z,XRP,0.7728,2024,1.4893,1348.606131
2026-10-04T03:50:06.927Z,SOL,0.8856,164300,120.76,1348.606131
2026-10-04T03:50:06.927Z,ETH,0.8798,3665000,2693.92,1348.606131
2026-10-04T03:50:06.927Z,FIL,0.9678,1439,1.0568,1348.606131
2026-10-04T03:50:06.927Z,TRX,1.5771,459.1,0.33514,1348.606131
2026-10-04T03:50:06.927Z,BNB,1.1274,1071000,785.3,1348.606131
2026-10-04T03:50:06.927Z,WLD,0.8338,800,0.5883,1348.606131
2026-10-04T03:50:06.927Z,FLOW,1.184,44.99,0.03297,1348.606131
2026-10-04T03:50:06.927Z,LINK,1.6986,19230,14.021,1348.606131
2026-10-04T03:50:06.927Z,DOGE,0.8051,125.9,0.09261,1348.606131
2026-10-04T03:50:06.927Z,SUI,0.908,1599,1.175,1348.606131
2026-10-04T03:50:06.927Z,XLM,0.9903,292.1,0.21447,1348.606131
2026-10-04T03:50:06.927Z,BCH,1.5704,433400,316.4,1348.606131
2026-10-04T03:50:06.927Z,AVAX,0.9771,15030,11.037,1348.606131
2026-10-04T03:50:06.927Z,ETC,0.8967,12000,8.819,1348.606131
2026-10-04T03:50:06.927Z,AAVE,5.947,259800,181.83,1348.606131
2026-10-04T03:50:06.927Z,ADA,0.912,330.7,0.243,1348.606131
2026-10-04T03:50:06.927Z,HYPE,0.6577,121900,89.799,1348.606131
2026-10-04T03:50:06.927Z,SEI,0.9304,97.2,0.07141,1348.606131
2026-10-04T03:50:06.927Z,HBAR,0.6593,136.7,0.1007,1348.606131
2026-10-04T03:50:06.927Z,ARB,0.6417,273.8,0.20173,1348.606131
2026-10-04T03:50:06.927Z,JTO,0.6902,755,0.556,1348.606131
2026-10-04T03:50:06.927Z,ONDO,0.9239,674,0.4952,1348.606131
2026-10-04T03:50:06.927Z,QTUM,0.1022,1335,0.9889,1348.606131
2026-10-04T03:50:06.927Z,PYTH,-2.9263,102.1,0.07799,1348.606131
2026-10-04T03:50:06.927Z,APT,0.9405,1081,0.7941,1348.606131
2026-10-04T03:50:06.927Z,UNI,0.9802,12300,9.032,1348.606131
2026-10-04T03:50:06.927Z,TIA,0.5956,634.5,0.4677,1348.606131
2026-10-04T03:50:06.927Z,ALGO,0.892,173.1,0.12722,1348.606131
2026-10-04T03:50:06.927Z,NEAR,0.2224,6485,4.798,1348.606131
2026-10-04T03:50:06.927Z,ZIL,-4.8538,4.5,0.003507,1348.606131
2026-10-04T03:50:06.927Z,SUSHI,-2.5283,335.2,0.255,1348.606131
2026-10-04T03:50:06.927Z,PENDLE,-5.0378,3153,2.462,1348.606131
2026-10-04T03:50:06.927Z,XTZ,1.3868,440,0.3218,1348.606131
2026-10-04T03:50:06.927Z,W,0.6505,19.72,0.014528,1348.606131
2026-10-04T03:50:06.927Z,AR,0.1158,6015,4.455,1348.606131
2026-10-04T03:50:06.927Z,SHIB,1.6834,0.0078,5.688e-06,1348.606131
2026-10-04T03:50:06.927Z,CELO,18.8731,159.8,0.09968,1348.606131
2026-10-04T03:50:06.927Z,STX,2.0164,516.2,0.3752,1348.606131
2026-10-04T03:50:06.927Z,JUP,0.4933,447.1,0.3299,1348.606131
2026-10-04T03:50:06.927Z,PEPE,2.6005,0.0059,4.264e-06,1348.606131
2026-10-04T03:50:06.927Z,DYDX,0.7961,200,0.14713,1348.606131
2026-10-04T03:50:06.927Z,KITE,-14.3031,176.2,0.15246,1348.606131
2026-10-04T03:50:06.927Z,CRV,0.3366,507.7,0.3752,1348.606131
2026-10-04T03:50:06.927Z,ENJ,-2.6731,44.01,0.03353,1348.606131
2026-10-04T03:50:06.927Z,ATOM,22.8881,2824,1.704,1348.606131
2026-10-04T03:50:06.927Z,ICP,3.4425,4605,3.301,1348.606131
2026-10-04T03:50:06.927Z,SPACE,2.0044,7.284,0.005295,1348.606131
2026-10-04T03:50:06.927Z,DOT,1.0744,1603,1.176,1348.606131
2026-10-04T03:50:06.927Z,ETHFI,-4.7283,944.1,0.7348,1348.606131
2026-10-04T03:50:06.927Z,CC,0.0971,167.7,0.12423,1348.606131
2026-10-04T03:50:06.927Z,SYRUP,1.2564,350.4,0.2566,1348.606131
2026-10-04T03:50:06.927Z,TAO,-2.7851,400000,305.1,1348.606131
2026-10-04T03:50:06.927Z,GRAM,-1.1002,2042,1.531,1348.606131
2026-10-04T03:50:06.927Z,RAY,-6.0306,2613,2.0619,1348.606131
2026-10-04T03:50:06.927Z,RENDER,0.1416,2620,1.94,1348.606131
2026-10-04T03:50:06.927Z,GRASS,1.9661,991.6,0.7211,1348.606131
2026-10-04T03:50:06.927Z,MINA,-1.2158,221.2,0.16604,1348.606131
2026-10-04T03:50:06.927Z,POL,-4.8864,140.2,0.1093,1348.606131
2026-10-04T03:50:06.927Z,ENA,0.1968,321.1,0.23763,1348.606131
2026-10-04T03:50:06.927Z,SAND,-2.9488,100.1,0.07648,1348.606131
2026-10-04T03:50:06.927Z,AERO,-4.3849,1074,0.8329,1348.606131
2026-10-04T03:50:06.927Z,KGEN,-1.9594,213.4,0.1614,1348.606131
2026-10-04T03:50:06.927Z,LIT,2.8246,4977,3.5891,1348.606131
2026-10-04T03:50:06.927Z,MANA,3.3205,143.7,0.10313,1348.606131
2026-10-04T03:50:06.927Z,BAND,-2.8293,299.7,0.2287,1348.606131
2026-10-04T03:50:06.927Z,APE,-0.174,219.4,0.16297,1348.606131
2026-10-04T03:50:06.927Z,GMT,1.0459,12.06,0.00885,1348.606131
2026-10-04T03:50:06.927Z,VIRTUAL,-2.4655,1039,0.7899,1348.606131
2026-10-04T03:50:06.927Z,LPT,2.4596,2396,1.734,1348.606131
2026-10-04T03:50:06.927Z,DATA,1.5212,288.2,0.2105,1348.606131
2026-10-04T03:50:06.927Z,THETA,0.8383,308.7,0.227,1348.606131
2026-10-04T03:50:06.927Z,GRT,1.136,38.49,0.02822,1348.606131
2026-10-04T03:50:06.927Z,LAYER,2.1134,107.8,0.07828,1348.606131
2026-10-04T03:50:06.927Z,NMR,0.7936,15560,11.447,1348.606131
2026-10-04T03:50:06.927Z,EIGEN,-9.6894,321.9,0.2643,1348.606131
2026-10-04T03:50:06.927Z,BAT,-5.9377,119.8,0.09444,1348.606131
2026-10-04T03:50:06.927Z,SPK,-2.923,32.35,0.02471,1348.606131
2026-10-04T03:50:06.927Z,PUMP,1.0935,8.75,0.006418,1348.606131
2026-10-04T03:50:06.927Z,KMNO,-4.8699,52.01,0.04054,1348.606131
2026-10-04T03:50:06.927Z,CHZ,-7.1157,21.32,0.01702,1348.606131
2026-10-04T03:50:06.927Z,PENGU,5.0832,12.95,0.009138,1348.606131
2026-10-04T03:50:06.927Z,OP,-3.4889,174.2,0.13384,1348.606131
2026-10-04T03:50:06.927Z,UMA,3.0637,560,0.4029,1348.606131
2026-10-04T03:50:06.927Z,ZRO,-0.4569,2721,2.0269,1348.606131
2026-10-04T03:50:06.927Z,S,-4.8103,52.8,0.04113,1348.606131
2026-10-04T03:50:06.927Z,IMX,-1.1298,249.7,0.18727,1348.606131
2026-10-04T03:50:06.927Z,A,1.9091,130,0.09459,1348.606131
2026-10-04T03:50:06.927Z,ATH,-2.3924,9.4,0.007141,1348.606131
2026-10-04T03:50:06.927Z,COMP,13.096,38100,24.98,1348.606131
2026-10-04T03:50:06.927Z,CVX,-1.2088,3019,2.266,1348.606131
2026-10-04T03:50:06.927Z,AXS,1.4985,1790,1.3077,1348.606131
2026-10-04T03:50:06.927Z,WCT,-2.1383,57.08,0.04325,1348.606131
2026-10-04T03:50:06.927Z,ME,-0.9981,103.1,0.07722,1348.606131
2026-10-04T03:50:06.927Z,ASTER,4.188,1000,0.7117,1348.606131
2026-10-04T03:50:06.927Z,GMX,2.8876,11210,8.079,1348.606131
2026-10-04T03:50:06.927Z,MORPHO,-7.921,3419,2.7533,1348.606131
2026-10-04T03:50:06.927Z,MON,-1.6564,46.3,0.03491,1348.606131
2026-10-04T03:50:06.927Z,1INCH,-0.5794,139,0.10367,1348.606131
2026-10-04T03:50:06.927Z,SKY,-5.1142,118.2,0.09237,1348.606131
2026-10-04T03:50:06.927Z,YGG,3.859,38.84,0.02773,1348.606131
2026-10-04T03:50:06.927Z,BIO,-0.677,41.43,0.03093,1348.606131
2026-10-04T03:50:06.927Z,MOVE,-3.2974,13.43,0.010298,1348.606131
2026-10-04T03:50:06.927Z,GALA,-3.6305,3.292,0.002533,1348.606131
2026-10-04T03:50:06.927Z,ZK,-0.5283,17.56,0.01309,1348.606131
2026-10-04T03:50:06.927Z,ENS,8.2022,9930,6.805,1348.606131
2026-10-04T03:50:06.927Z,INJ,1.6004,10360,7.561,1348.606131
2026-10-04T03:50:06.927Z,KAITO,-4.6482,445.7,0.3466,1348.606131
2026-10-04T03:50:06.927Z,LDO,-1.0459,609.2,0.4565,1348.606131
2026-10-04T03:50:06.927Z,BLUR,29.0235,37.48,0.02154,1348.606131
2026-10-04T03:50:06.927Z,AUCTION,1.6389,5110,3.728,1348.606131
2026-10-04T03:50:06.927Z,ZETA,-1.7906,66.66,0.05033,1348.606131
2026-10-04T03:50:06.927Z,WIF,1.7631,340.9,0.2484,1348.606131
2026-10-04T03:50:06.927Z,KSM,-3.95,6750,5.211,1348.606131
2026-10-04T03:50:06.927Z,SNX,-7.4802,315.8,0.2531,1348.606131
2026-10-04T03:50:06.927Z,FET,-0.4847,297,0.2213,1348.606131
2026-10-04T03:55:06.974Z,BTC,0.8185,115301000,84802.3,1348.606131
2026-10-04T03:55:06.974Z,XRP,0.8496,2025,1.4889,1348.606131
2026-10-04T03:55:06.974Z,SOL,0.8827,164200,120.69,1348.606131
2026-10-04T03:55:06.974Z,ETH,0.8279,3662000,2693.1,1348.606131
2026-10-04T03:55:06.974Z,FIL,1.006,1439,1.0564,1348.606131
2026-10-04T03:55:06.974Z,TRX,1.5589,459.1,0.3352,1348.606131
2026-10-04T03:55:06.974Z,BNB,1.1789,1071000,784.9,1348.606131
2026-10-04T03:55:06.974Z,WLD,0.7077,799,0.5883,1348.606131
2026-10-04T03:55:06.974Z,FLOW,-0.3376,44.3,0.03296,1348.606131
2026-10-04T03:55:06.974Z,LINK,0.8233,19040,14.003,1348.606131
2026-10-04T03:55:06.974Z,DOGE,0.8269,125.9,0.09259,1348.606131
2026-10-04T03:55:06.974Z,SUI,0.8792,1598,1.1746,1348.606131
2026-10-04T03:55:06.974Z,XLM,1.0375,292.1,0.21437,1348.606131
2026-10-04T03:55:06.974Z,BCH,1.6668,433400,316.1,1348.606131
2026-10-04T03:55:06.974Z,AVAX,1.0228,15030,11.032,1348.606131
2026-10-04T03:55:06.974Z,ETC,0.7253,12000,8.834,1348.606131
2026-10-04T03:55:06.974Z,AAVE,5.7782,259800,182.12,1348.606131
2026-10-04T03:55:06.974Z,ADA,0.851,330.5,0.243,1348.606131
2026-10-04T03:55:06.974Z,HYPE,0.6712,121900,89.787,1348.606131
2026-10-04T03:55:06.974Z,SEI,1.0436,97.2,0.07133,1348.606131
2026-10-04T03:55:06.974Z,HBAR,0.6993,136.7,0.10066,1348.606131
2026-10-04T03:55:06.974Z,ARB,0.7315,273.8,0.20155,1348.606131
2026-10-04T03:55:06.974Z,JTO,0.7445,755,0.5557,1348.606131
2026-10-04T03:55:06.974Z,ONDO,0.8832,674,0.4954,1348.606131
2026-10-04T03:55:06.974Z,QTUM,0.2036,1335,0.9879,1348.606131
2026-10-04T03:55:06.974Z,PYTH,-2.9512,102.1,0.07801,1348.606131
2026-10-04T03:55:06.974Z,APT,0.9659,1081,0.7939,1348.606131
2026-10-04T03:55:06.974Z,UNI,1.1481,12300,9.017,1348.606131
2026-10-04T03:55:06.974Z,TIA,0.5097,634.5,0.4681,1348.606131
2026-10-04T03:55:06.974Z,ALGO,0.9396,173.1,0.12716,1348.606131
2026-10-04T03:55:06.974Z,NEAR,0.3688,6485,4.791,1348.606131
2026-10-04T03:55:06.974Z,ZIL,-4.7995,4.5,0.003505,1348.606131
2026-10-04T03:55:06.974Z,SUSHI,-2.26,335.2,0.2543,1348.606131
2026-10-04T03:55:06.974Z,PENDLE,-5.1918,3153,2.466,1348.606131
2026-10-04T03:55:06.974Z,XTZ,1.4499,440,0.3216,1348.606131
2026-10-04T03:55:06.974Z,W,0.824,19.72,0.014503,1348.606131
2026-10-04T03:55:06.974Z,AR,0.0934,6015,4.456,1348.606131
2026-10-04T03:55:06.974Z,SHIB,1.6655,0.0078,5.689e-06,1348.606131
2026-10-04T03:55:06.974Z,CELO,18.8016,159.8,0.09974,1348.606131
2026-10-04T03:55:06.974Z,STX,1.1703,511.1,0.3746,1348.606131
2026-10-04T03:55:06.974Z,JUP,0.5238,447.1,0.3298,1348.606131
2026-10-04T03:55:06.974Z,PEPE,2.6969,0.0059,4.26e-06,1348.606131
2026-10-04T03:55:06.974Z,DYDX,0.6183,200,0.14739,1348.606131
2026-10-04T03:55:06.974Z,KITE,-14.1342,176.2,0.15216,1348.606131
2026-10-04T03:55:06.974Z,CRV,0.4436,507.7,0.3748,1348.606131
2026-10-04T03:55:06.974Z,ENJ,-2.4987,44.01,0.03347,1348.606131
2026-10-04T03:55:06.974Z,ATOM,22.8881,2824,1.704,1348.606131
2026-10-04T03:55:06.974Z,ICP,3.7253,4605,3.292,1348.606131
2026-10-04T03:55:06.974Z,SPACE,1.9659,7.284,0.005297,1348.606131
2026-10-04T03:55:06.974Z,DOT,1.0314,1603,1.1765,1348.606131
2026-10-04T03:55:06.974Z,ETHFI,-4.9353,944.1,0.7364,1348.606131
2026-10-04T03:55:06.974Z,CC,0.2747,167.7,0.12401,1348.606131
2026-10-04T03:55:06.974Z,SYRUP,1.4145,350.4,0.2562,1348.606131
2026-10-04T03:55:06.974Z,TAO,-2.817,400000,305.2,1348.606131
2026-10-04T03:55:06.974Z,GRAM,-0.9708,2042,1.529,1348.606131
2026-10-04T03:55:06.974Z,RAY,-5.9895,2613,2.061,1348.606131
2026-10-04T03:55:06.974Z,RENDER,0.09,2620,1.941,1348.606131
2026-10-04T03:55:06.974Z,GRASS,2.3778,991.6,0.7182,1348.606131
2026-10-04T03:55:06.974Z,MINA,-1.1146,221.2,0.16587,1348.606131
2026-10-04T03:55:06.974Z,POL,-4.8254,140.2,0.10923,1348.606131
2026-10-04T03:55:06.974Z,ENA,0.2474,321.1,0.23751,1348.606131
2026-10-04T03:55:06.974Z,SAND,-2.2586,100.1,0.07594,1348.606131
2026-10-04T03:55:06.974Z,AERO,-4.3849,1074,0.8329,1348.606131
2026-10-04T03:55:06.974Z,KGEN,-1.7159,213.4,0.161,1348.606131
2026-10-04T03:55:06.974Z,LIT,2.6673,4977,3.5946,1348.606131
2026-10-04T03:55:06.974Z,MANA,3.4409,143.7,0.10301,1348.606131
2026-10-04T03:55:06.974Z,BAND,-2.8293,299.7,0.2287,1348.606131
2026-10-04T03:55:06.974Z,APE,-0.1678,219.4,0.16296,1348.606131
2026-10-04T03:55:06.974Z,GMT,1.0802,12.06,0.008847,1348.606131
2026-10-04T03:55:06.974Z,VIRTUAL,-2.3913,1039,0.7893,1348.606131
2026-10-04T03:55:06.974Z,LPT,2.4005,2396,1.735,1348.606131
2026-10-04T03:55:06.974Z,DATA,1.5695,288.2,0.2104,1348.606131
2026-10-04T03:55:06.974Z,THETA,0.8828,308.7,0.2269,1348.606131
2026-10-04T03:55:06.974Z,GRT,1.2077,38.49,0.0282,1348.606131
2026-10-04T03:55:06.974Z,LAYER,2.2702,107.8,0.07816,1348.606131
2026-10-04T03:55:06.974Z,NMR,0.688,15560,11.459,1348.606131
2026-10-04T03:55:06.974Z,EIGEN,-9.621,321.9,0.2641,1348.606131
2026-10-04T03:55:06.974Z,BAT,-5.778,119.8,0.09428,1348.606131
2026-10-04T03:55:06.974Z,SPK,-2.7656,32.35,0.02467,1348.606131
2026-10-04T03:55:06.974Z,PUMP,1.7116,8.75,0.006379,1348.606131
2026-10-04T03:55:06.974Z,KMNO,-4.9637,52.01,0.04058,1348.606131
2026-10-04T03:55:06.974Z,CHZ,-7.1702,21.32,0.01703,1348.606131
2026-10-04T03:55:06.974Z,PENGU,5.1638,12.95,0.009131,1348.606131
2026-10-04T03:55:06.974Z,OP,-3.4168,174.2,0.13374,1348.606131
2026-10-04T03:55:06.974Z,UMA,3.0637,560,0.4029,1348.606131
2026-10-04T03:55:06.974Z,ZRO,-0.0377,2721,2.0184,1348.606131
2026-10-04T03:55:06.974Z,S,-4.8103,52.8,0.04113,1348.606131
2026-10-04T03:55:06.974Z,IMX,-1.114,249.7,0.18724,1348.606131
2026-10-04T03:55:06.974Z,A,1.9091,130,0.09459,1348.606131
2026-10-04T03:55:06.974Z,ATH,-2.6514,9.4,0.00716,1348.606131
2026-10-04T03:55:06.974Z,COMP,13.2774,38100,24.94,1348.606131
2026-10-04T03:55:06.974Z,CVX,-1.3395,3019,2.269,1348.606131
2026-10-04T03:55:06.974Z,AXS,1.2199,1790,1.3113,1348.606131
2026-10-04T03:55:06.974Z,WCT,-2.025,57.08,0.0432,1348.606131
2026-10-04T03:55:06.974Z,ME,-0.9981,103.1,0.07722,1348.606131
2026-10-04T03:55:06.974Z,ASTER,4.2613,1000,0.7112,1348.606131
2026-10-04T03:55:06.974Z,GMX,2.8876,11210,8.079,1348.606131
2026-10-04T03:55:06.974Z,MORPHO,-7.7468,3419,2.7481,1348.606131
2026-10-04T03:55:06.974Z,MON,-1.6846,46.3,0.03492,1348.606131
2026-10-04T03:55:06.974Z,1INCH,-0.6847,139,0.10378,1348.606131
2026-10-04T03:55:06.974Z,SKY,-5.1244,118.2,0.09238,1348.606131
2026-10-04T03:55:06.974Z,YGG,3.523,38.84,0.02782,1348.606131
2026-10-04T03:55:06.974Z,BIO,-0.677,41.43,0.03093,1348.606131
2026-10-04T03:55:06.974Z,MOVE,-3.3162,13.43,0.0103,1348.606131
2026-10-04T03:55:06.974Z,GALA,-3.4781,3.292,0.002529,1348.606131
2026-10-04T03:55:06.974Z,ZK,-0.5131,17.56,0.013088,1348.606131
2026-10-04T03:55:06.974Z,ENS,8.1386,9930,6.809,1348.606131
2026-10-04T03:55:06.974Z,INJ,1.4394,10360,7.573,1348.606131
2026-10-04T03:55:06.974Z,KAITO,-4.4828,445.7,0.346,1348.606131
2026-10-04T03:55:06.974Z,LDO,-1.0459,609.2,0.4565,1348.606131
2026-10-04T03:55:06.974Z,BLUR,29.2034,37.48,0.02151,1348.606131
2026-10-04T03:55:06.974Z,AUCTION,1.5844,5110,3.73,1348.606131
2026-10-04T03:55:06.974Z,ZETA,-2.1405,66.66,0.05051,1348.606131
2026-10-04T03:55:06.974Z,WIF,1.7631,340.9,0.2484,1348.606131
2026-10-04T03:55:06.974Z,KSM,-3.8208,6750,5.204,1348.606131
2026-10-04T03:55:06.974Z,SNX,-7.4436,315.8,0.253,1348.606131
2026-10-04T03:55:06.974Z,FET,-0.4397,297,0.2212,1348.606131
2026-10-04T04:00:06.911Z,BTC,0.8063,115287000,84802.3,1348.606131
2026-10-04T04:00:06.911Z,XRP,0.7998,2024,1.4889,1348.606131
2026-10-04T04:00:06.911Z,SOL,0.8911,164200,120.68,1348.606131
2026-10-04T04:00:06.911Z,ETH,0.8193,3662000,2693.33,1348.606131
2026-10-04T04:00:06.911Z,FIL,0.9869,1439,1.0566,1348.606131
2026-10-04T04:00:06.911Z,TRX,1.565,459.1,0.33518,1348.606131
2026-10-04T04:00:06.911Z,BNB,1.2434,1071000,784.4,1348.606131
2026-10-04T04:00:06.911Z,WLD,0.8166,800,0.5884,1348.606131
2026-10-04T04:00:06.911Z,FLOW,-0.2771,44.3,0.03294,1348.606131
2026-10-04T04:00:06.911Z,LINK,0.7513,19040,14.013,1348.606131
2026-10-04T04:00:06.911Z,DOGE,0.8051,125.9,0.09261,1348.606131
2026-10-04T04:00:06.911Z,SUI,0.742,1598,1.1762,1348.606131
2026-10-04T04:00:06.911Z,XLM,1.0186,292.1,0.21441,1348.606131
2026-10-04T04:00:06.911Z,BCH,1.5383,433400,316.5,1348.606131
2026-10-04T04:00:06.911Z,AVAX,0.9314,15030,11.042,1348.606131
2026-10-04T04:00:06.911Z,ETC,0.7025,12000,8.836,1348.606131
2026-10-04T04:00:06.911Z,AAVE,5.7086,259800,182.24,1348.606131
2026-10-04T04:00:06.911Z,ADA,0.851,330.5,0.243,1348.606131
2026-10-04T04:00:06.911Z,HYPE,0.7071,121900,89.755,1348.606131
2026-10-04T04:00:06.911Z,SEI,1.0295,97.2,0.07134,1348.606131
2026-10-04T04:00:06.911Z,HBAR,0.6693,136.7,0.10069,1348.606131
2026-10-04T04:00:06.911Z,ARB,0.7565,273.8,0.2015,1348.606131
2026-10-04T04:00:06.911Z,JTO,0.7264,755,0.5558,1348.606131
2026-10-04T04:00:06.911Z,ONDO,0.8628,674,0.4955,1348.606131
2026-10-04T04:00:06.911Z,QTUM,0.1833,1335,0.9881,1348.606131
2026-10-04T04:00:06.911Z,PYTH,-2.8889,102.1,0.07796,1348.606131
2026-10-04T04:00:06.911Z,APT,0.9278,1081,0.7942,1348.606131
2026-10-04T04:00:06.911Z,UNI,1.0137,12300,9.029,1348.606131
2026-10-04T04:00:06.911Z,TIA,0.5097,634.5,0.4681,1348.606131
2026-10-04T04:00:06.911Z,ALGO,0.8048,173.1,0.12733,1348.606131
2026-10-04T04:00:06.911Z,NEAR,0.118,6485,4.803,1348.606131
2026-10-04T04:00:06.911Z,ZIL,-4.7995,4.5,0.003505,1348.606131
2026-10-04T04:00:06.911Z,SUSHI,-2.4135,335.2,0.2547,1348.606131
2026-10-04T04:00:06.911Z,PENDLE,-5.1149,3153,2.464,1348.606131
2026-10-04T04:00:06.911Z,XTZ,1.513,440,0.3214,1348.606131
2026-10-04T04:00:06.911Z,W,0.4569,19.72,0.014556,1348.606131
2026-10-04T04:00:06.911Z,AR,0.1383,6015,4.454,1348.606131
2026-10-04T04:00:06.911Z,SHIB,1.6655,0.0078,5.689e-06,1348.606131
2026-10-04T04:00:06.911Z,CELO,18.8731,159.8,0.09968,1348.606131
2026-10-04T04:00:06.911Z,STX,1.1163,511.1,0.3748,1348.606131
2026-10-04T04:00:06.911Z,JUP,0.6153,447.1,0.3295,1348.606131
2026-10-04T04:00:06.911Z,PEPE,2.6246,0.0059,4.263e-06,1348.606131
2026-10-04T04:00:06.911Z,DYDX,0.5978,200,0.14742,1348.606131
2026-10-04T04:00:06.911Z,KITE,-13.9419,176.2,0.15182,1348.606131
2026-10-04T04:00:06.911Z,CRV,0.4973,507.7,0.3746,1348.606131
2026-10-04T04:00:06.911Z,ENJ,-2.3528,44.01,0.03342,1348.606131
2026-10-04T04:00:06.911Z,ATOM,22.9603,2824,1.703,1348.606131
2026-10-04T04:00:06.911Z,ICP,0.7117,4478,3.297,1348.606131
2026-10-04T04:00:06.911Z,SPACE,2.0044,7.284,0.005295,1348.606131
2026-10-04T04:00:06.911Z,DOT,1.0057,1603,1.1768,1348.606131
2026-10-04T04:00:06.911Z,ETHFI,-4.6115,944.1,0.7339,1348.606131
2026-10-04T04:00:06.911Z,CC,-0.0075,167.7,0.12436,1348.606131
2026-10-04T04:00:06.911Z,SYRUP,1.7321,350.4,0.2554,1348.606131
2026-10-04T04:00:06.911Z,TAO,-3.0077,400000,305.8,1348.606131
2026-10-04T04:00:06.911Z,GRAM,-0.9708,2042,1.529,1348.606131
2026-10-04T04:00:06.911Z,RAY,-5.9256,2613,2.0596,1348.606131
2026-10-04T04:00:06.911Z,RENDER,0.1932,2620,1.939,1348.606131
2026-10-04T04:00:06.911Z,GRASS,2.2071,991.6,0.7194,1348.606131
2026-10-04T04:00:06.911Z,MINA,-1.2694,221.2,0.16613,1348.606131
2026-10-04T04:00:06.911Z,POL,-4.808,140.2,0.10921,1348.606131
2026-10-04T04:00:06.911Z,ENA,0.3192,321.1,0.23734,1348.606131
2026-10-04T04:00:06.911Z,SAND,-2.0781,100.1,0.0758,1348.606131
2026-10-04T04:00:06.911Z,AERO,-4.224,1074,0.8315,1348.606131
2026-10-04T04:00:06.911Z,KGEN,-1.9594,213.4,0.1614,1348.606131
2026-10-04T04:00:06.911Z,LIT,2.7158,4977,3.5929,1348.606131
2026-10-04T04:00:06.911Z,MANA,3.4409,143.7,0.10301,1348.606131
2026-10-04T04:00:06.911Z,BAND,-2.659,299.7,0.2283,1348.606131
2026-10-04T04:00:06.911Z,APE,-0.1801,219.4,0.16298,1348.606131
2026-10-04T04:00:06.911Z,GMT,1.0802,12.06,0.008847,1348.606131
2026-10-04T04:00:06.911Z,VIRTUAL,-2.4284,1039,0.7896,1348.606131
2026-10-04T04:00:06.911Z,LPT,2.4005,2396,1.735,1348.606131
2026-10-04T04:00:06.911Z,DATA,1.5212,288.2,0.2105,1348.606131
2026-10-04T04:00:06.911Z,THETA,0.9718,308.7,0.2267,1348.606131
2026-10-04T04:00:06.911Z,GRT,1.2436,38.49,0.02819,1348.606131
2026-10-04T04:00:06.911Z,LAYER,2.3357,107.8,0.07811,1348.606131
2026-10-04T04:00:06.911Z,NMR,0.7144,15560,11.456,1348.606131
2026-10-04T04:00:06.911Z,EIGEN,-9.5525,321.9,0.2639,1348.606131
2026-10-04T04:00:06.911Z,BAT,-5.798,119.8,0.0943,1348.606131
2026-10-04T04:00:06.911Z,SPK,-2.7262,32.35,0.02466,1348.606131
2026-10-04T04:00:06.911Z,PUMP,1.8553,8.75,0.00637,1348.606131
2026-10-04T04:00:06.911Z,KMNO,-5.0105,52.01,0.0406,1348.606131
2026-10-04T04:00:06.911Z,CHZ,-7.2247,21.32,0.01704,1348.606131
2026-10-04T04:00:06.911Z,PENGU,5.1523,12.95,0.009132,1348.606131
2026-10-04T04:00:06.911Z,OP,-3.4673,174.2,0.13381,1348.606131
2026-10-04T04:00:06.911Z,UMA,3.1661,560,0.4025,1348.606131
2026-10-04T04:00:06.911Z,ZRO,-0.008,2721,2.0178,1348.606131
2026-10-04T04:00:06.911Z,S,-4.7408,52.8,0.0411,1348.606131
2026-10-04T04:00:06.911Z,IMX,-1.1457,249.7,0.1873,1348.606131
2026-10-04T04:00:06.911Z,A,1.963,130,0.09454,1348.606131
2026-10-04T04:00:06.911Z,ATH,-2.6106,9.4,0.007157,1348.606131
2026-10-04T04:00:06.911Z,COMP,13.2774,38100,24.94,1348.606131
2026-10-04T04:00:06.911Z,CVX,-1.3395,3019,2.269,1348.606131
2026-10-04T04:00:06.911Z,AXS,0.9197,1790,1.3152,1348.606131
2026-10-04T04:00:06.911Z,WCT,-2.0477,57.08,0.04321,1348.606131
2026-10-04T04:00:06.911Z,ME,-0.9852,103.1,0.07721,1348.606131
2026-10-04T04:00:06.911Z,ASTER,4.232,1000,0.7114,1348.606131
2026-10-04T04:00:06.911Z,GMX,2.8876,11210,8.079,1348.606131
2026-10-04T04:00:06.911Z,MORPHO,-7.7334,3419,2.7477,1348.606131
2026-10-04T04:00:06.911Z,MON,-2.1051,46.3,0.03507,1348.606131
2026-10-04T04:00:06.911Z,1INCH,-0.7134,139,0.10381,1348.606131
2026-10-04T04:00:06.911Z,SKY,-5.6453,118.2,0.09289,1348.606131
2026-10-04T04:00:06.911Z,YGG,3.5603,38.84,0.02781,1348.606131
2026-10-04T04:00:06.911Z,BIO,-0.6449,41.43,0.03092,1348.606131
2026-10-04T04:00:06.911Z,MOVE,-3.2128,13.43,0.010289,1348.606131
2026-10-04T04:00:06.911Z,GALA,-3.4017,3.292,0.002527,1348.606131
2026-10-04T04:00:06.911Z,ZK,-0.6876,17.56,0.013111,1348.606131
2026-10-04T04:00:06.911Z,ENS,8.1704,9930,6.807,1348.606131
2026-10-04T04:00:06.911Z,INJ,1.2389,10360,7.588,1348.606131
2026-10-04T04:00:06.911Z,KAITO,-4.6207,445.7,0.3465,1348.606131
2026-10-04T04:00:06.911Z,LDO,-1.1325,609.2,0.4569,1348.606131
2026-10-04T04:00:06.911Z,BLUR,29.2034,37.48,0.02151,1348.606131
2026-10-04T04:00:06.911Z,AUCTION,1.6116,5110,3.729,1348.606131
2026-10-04T04:00:06.911Z,ZETA,-2.4303,66.66,0.05066,1348.606131
2026-10-04T04:00:06.911Z,WIF,1.7221,340.9,0.2485,1348.606131
2026-10-04T04:00:06.911Z,KSM,-3.6727,6750,5.196,1348.606131
2026-10-04T04:00:06.911Z,SNX,-7.407,315.8,0.2529,1348.606131
2026-10-04T04:00:06.911Z,FET,-0.5296,297,0.2214,1348.606131
2026-10-04T04:05:06.731Z,BTC,0.7886,115273000,84806.9,1348.606131
2026-10-04T04:05:06.731Z,XRP,0.7684,2025,1.4901,1348.606131
2026-10-04T04:05:06.731Z,SOL,0.7682,164000,120.68,1348.606131
2026-10-04T04:05:06.731Z,ETH,0.7588,3661000,2694.21,1348.606131
2026-10-04T04:05:06.731Z,FIL,0.901,1439,1.0575,1348.606131
2026-10-04T04:05:06.731Z,TRX,1.5741,459.1,0.33515,1348.606131
2026-10-04T04:05:06.731Z,BNB,1.2176,1071000,784.6,1348.606131
2026-10-04T04:05:06.731Z,WLD,0.7168,798.8,0.5881,1348.606131
2026-10-04T04:05:06.731Z,FLOW,-0.4276,44.26,0.03296,1348.606131
2026-10-04T04:05:06.731Z,LINK,0.6938,19040,14.021,1348.606131
2026-10-04T04:05:06.731Z,DOGE,0.7834,125.9,0.09263,1348.606131
2026-10-04T04:05:06.731Z,SUI,0.7848,1598,1.1757,1348.606131
2026-10-04T04:05:06.731Z,XLM,0.8446,292.1,0.21478,1348.606131
2026-10-04T04:05:06.731Z,BCH,1.4742,433400,316.7,1348.606131
2026-10-04T04:05:06.731Z,AVAX,0.9314,15030,11.042,1348.606131
2026-10-04T04:05:06.731Z,ETC,0.8852,12000,8.82,1348.606131
2026-10-04T04:05:06.731Z,AAVE,5.7608,259800,182.15,1348.606131
2026-10-04T04:05:06.731Z,ADA,1.22,331.3,0.2427,1348.606131
2026-10-04T04:05:06.731Z,HYPE,0.6387,121900,89.816,1348.606131
2026-10-04T04:05:06.731Z,SEI,0.9022,97.2,0.07143,1348.606131
2026-10-04T04:05:06.731Z,HBAR,0.3206,136.7,0.10104,1348.606131
2026-10-04T04:05:06.731Z,ARB,0.6966,273.8,0.20162,1348.606131
2026-10-04T04:05:06.731Z,JTO,0.4553,755,0.5573,1348.606131
2026-10-04T04:05:06.731Z,ONDO,0.8832,674,0.4954,1348.606131
2026-10-04T04:05:06.731Z,QTUM,0.1833,1335,0.9881,1348.606131
2026-10-04T04:05:06.731Z,PYTH,-3.063,102.1,0.0781,1348.606131
2026-10-04T04:05:06.731Z,APT,0.7628,1081,0.7955,1348.606131
2026-10-04T04:05:06.731Z,UNI,1.0137,12300,9.029,1348.606131
2026-10-04T04:05:06.731Z,TIA,0.4453,634.5,0.4684,1348.606131
2026-10-04T04:05:06.731Z,ALGO,-0.0696,173,0.12837,1348.606131
2026-10-04T04:05:06.731Z,NEAR,0.2224,6485,4.798,1348.606131
2026-10-04T04:05:06.731Z,ZIL,-4.6907,4.5,0.003501,1348.606131
2026-10-04T04:05:06.731Z,SUSHI,-2.5283,335.2,0.255,1348.606131
2026-10-04T04:05:06.731Z,PENDLE,-4.8833,3153,2.458,1348.606131
2026-10-04T04:05:06.731Z,XTZ,1.4814,440,0.3215,1348.606131
2026-10-04T04:05:06.731Z,W,0.0405,19.9,0.01475,1348.606131
2026-10-04T04:05:06.731Z,AR,0.1383,6015,4.454,1348.606131
2026-10-04T04:05:06.731Z,SHIB,0.274,0.0077,5.694e-06,1348.606131
2026-10-04T04:05:06.731Z,CELO,18.885,159.8,0.09967,1348.606131
2026-10-04T04:05:06.731Z,STX,1.0893,511.1,0.3749,1348.606131
2026-10-04T04:05:06.731Z,JUP,0.6153,447.1,0.3295,1348.606131
2026-10-04T04:05:06.731Z,PEPE,2.6005,0.0059,4.264e-06,1348.606131
2026-10-04T04:05:06.731Z,DYDX,0.6661,200,0.14732,1348.606131
2026-10-04T04:05:06.731Z,KITE,-13.9816,176.2,0.15189,1348.606131
2026-10-04T04:05:06.731Z,CRV,0.3901,507.7,0.375,1348.606131
2026-10-04T04:05:06.731Z,ENJ,-2.2943,44.01,0.0334,1348.606131
2026-10-04T04:05:06.731Z,ATOM,23.0325,2824,1.702,1348.606131
2026-10-04T04:05:06.731Z,ICP,0.6507,4478,3.299,1348.606131
2026-10-04T04:05:06.731Z,SPACE,1.9466,7.284,0.005298,1348.606131
2026-10-04T04:05:06.731Z,DOT,1.1174,1603,1.1755,1348.606131
2026-10-04T04:05:06.731Z,ETHFI,-4.5595,944.1,0.7335,1348.606131
2026-10-04T04:05:06.731Z,CC,-0.3441,167.7,0.12478,1348.606131
2026-10-04T04:05:06.731Z,SYRUP,1.2958,350.4,0.2565,1348.606131
2026-10-04T04:05:06.731Z,TAO,-3.2292,400000,306.5,1348.606131
2026-10-04T04:05:06.731Z,GRAM,-1.1002,2042,1.531,1348.606131
2026-10-04T04:05:06.731Z,RAY,-5.8662,2613,2.0583,1348.606131
2026-10-04T04:05:06.731Z,RENDER,0.1416,2620,1.94,1348.606131
2026-10-04T04:05:06.731Z,GRASS,2.2213,991.6,0.7193,1348.606131
2026-10-04T04:05:06.731Z,MINA,-1.7131,221.2,0.16688,1348.606131
2026-10-04T04:05:06.731Z,POL,-4.7295,140.2,0.10912,1348.606131
2026-10-04T04:05:06.731Z,ENA,-3.4544,308.8,0.23717,1348.606131
2026-10-04T04:05:06.731Z,SAND,-1.441,100.1,0.07531,1348.606131
2026-10-04T04:05:06.731Z,AERO,-4.3045,1074,0.8322,1348.606131
2026-10-04T04:05:06.731Z,KGEN,-2.1413,213.4,0.1617,1348.606131
2026-10-04T04:05:06.731Z,LIT,2.7416,4977,3.592,1348.606131
2026-10-04T04:05:06.731Z,MANA,3.7936,143.7,0.10266,1348.606131
2026-10-04T04:05:06.731Z,BAND,-3.1258,299.7,0.2294,1348.606131
2026-10-04T04:05:06.731Z,APE,-0.0759,219.4,0.16281,1348.606131
2026-10-04T04:05:06.731Z,GMT,1.2519,12.06,0.008832,1348.606131
2026-10-04T04:05:06.731Z,VIRTUAL,-2.5149,1039,0.7903,1348.606131
2026-10-04T04:05:06.731Z,LPT,2.4596,2396,1.734,1348.606131
2026-10-04T04:05:06.731Z,DATA,1.6177,288.2,0.2103,1348.606131
2026-10-04T04:05:06.731Z,THETA,0.9273,308.7,0.2268,1348.606131
2026-10-04T04:05:06.731Z,GRT,1.2436,38.49,0.02819,1348.606131
2026-10-04T04:05:06.731Z,LAYER,2.1134,107.8,0.07828,1348.606131
2026-10-04T04:05:06.731Z,NMR,0.5476,15560,11.475,1348.606131
2026-10-04T04:05:06.731Z,EIGEN,-9.5525,321.9,0.2639,1348.606131
2026-10-04T04:05:06.731Z,BAT,-5.7481,119.8,0.09425,1348.606131
2026-10-04T04:05:06.731Z,SPK,-2.923,32.35,0.02471,1348.606131
2026-10-04T04:05:06.731Z,PUMP,1.5683,8.75,0.006388,1348.606131
2026-10-04T04:05:06.731Z,KMNO,-5.1273,52.01,0.04065,1348.606131
2026-10-04T04:05:06.731Z,CHZ,-7.0611,21.32,0.01701,1348.606131
2026-10-04T04:05:06.731Z,PENGU,5.1408,12.95,0.009133,1348.606131
2026-10-04T04:05:06.731Z,OP,-3.4961,174.2,0.13385,1348.606131
2026-10-04T04:05:06.731Z,UMA,3.0893,560,0.4028,1348.606131
2026-10-04T04:05:06.731Z,ZRO,-0.6187,2721,2.0302,1348.606131
2026-10-04T04:05:06.731Z,S,-4.8565,52.8,0.04115,1348.606131
2026-10-04T04:05:06.731Z,IMX,-1.0136,249.7,0.18705,1348.606131
2026-10-04T04:05:06.731Z,A,1.9522,130,0.09455,1348.606131
2026-10-04T04:05:06.731Z,ATH,-3.1384,9.4,0.007196,1348.606131
2026-10-04T04:05:06.731Z,COMP,12.9152,38100,25.02,1348.606131
2026-10-04T04:05:06.731Z,CVX,-1.3395,3019,2.269,1348.606131
2026-10-04T04:05:06.731Z,AXS,0.5832,1790,1.3196,1348.606131
2026-10-04T04:05:06.731Z,WCT,-2.0477,57.08,0.04321,1348.606131
2026-10-04T04:05:06.731Z,ME,-0.9724,103.1,0.0772,1348.606131
2026-10-04T04:05:06.731Z,ASTER,4.2466,1000,0.7113,1348.606131
2026-10-04T04:05:06.731Z,GMX,2.9003,11210,8.078,1348.606131
2026-10-04T04:05:06.731Z,MORPHO,-7.5989,3419,2.7437,1348.606131
2026-10-04T04:05:06.731Z,MON,-1.6282,46.3,0.0349,1348.606131
2026-10-04T04:05:06.731Z,1INCH,-0.8376,139,0.10394,1348.606131
2026-10-04T04:05:06.731Z,SKY,-3.2126,121.6,0.09316,1348.606131
2026-10-04T04:05:06.731Z,YGG,3.5603,38.84,0.02781,1348.606131
2026-10-04T04:05:06.731Z,BIO,-0.5484,41.43,0.03089,1348.606131
2026-10-04T04:05:06.731Z,MOVE,-3.7926,13.43,0.010351,1348.606131
2026-10-04T04:05:06.731Z,GALA,-3.3635,3.292,0.002526,1348.606131
2026-10-04T04:05:06.731Z,ZK,-0.5283,17.56,0.01309,1348.606131
2026-10-04T04:05:06.731Z,ENS,8.1545,9930,6.808,1348.606131
2026-10-04T04:05:06.731Z,INJ,1.2789,10360,7.585,1348.606131
2026-10-04T04:05:06.731Z,KAITO,-4.7855,445.7,0.3471,1348.606131
2026-10-04T04:05:06.731Z,LDO,-1.1757,609.2,0.4571,1348.606131
2026-10-04T04:05:06.731Z,BLUR,29.2034,37.48,0.02151,1348.606131
2026-10-04T04:05:06.731Z,AUCTION,1.6389,5110,3.728,1348.606131
2026-10-04T04:05:06.731Z,ZETA,-2.5073,66.66,0.0507,1348.606131
2026-10-04T04:05:06.731Z,WIF,1.6403,340.9,0.2487,1348.606131
2026-10-04T04:05:06.731Z,KSM,-4.0052,6750,5.214,1348.606131
2026-10-04T04:05:06.731Z,SNX,-7.3337,315.8,0.2527,1348.606131
2026-10-04T04:05:06.731Z,FET,-0.5745,297,0.2215,1348.606131
2026-10-04T04:10:07.037Z,BTC,0.8051,115261000,84784.2,1348.606131
2026-10-04T04:10:07.037Z,XRP,0.8202,2024,1.4886,1348.606131
2026-10-04T04:10:07.037Z,SOL,0.8572,163900,120.5,1348.606131
2026-10-04T04:10:07.037Z,ETH,0.8129,3662000,2693.5,1348.606131
2026-10-04T04:10:07.037Z,FIL,0.9773,1439,1.0567,1348.606131
2026-10-04T04:10:07.037Z,TRX,1.5347,459.1,0.33528,1348.606131
2026-10-04T04:10:07.037Z,BNB,1.3338,1071000,783.7,1348.606131
2026-10-04T04:10:07.037Z,WLD,0.742,799,0.5881,1348.606131
2026-10-04T04:10:07.037Z,FLOW,-0.6687,44.26,0.03304,1348.606131
2026-10-04T04:10:07.037Z,LINK,0.6938,19040,14.021,1348.606131
2026-10-04T04:10:07.037Z,DOGE,0.7943,125.9,0.09262,1348.606131
2026-10-04T04:10:07.037Z,SUI,0.8964,1598,1.1744,1348.606131
2026-10-04T04:10:07.037Z,XLM,0.9277,292.3,0.21475,1348.606131
2026-10-04T04:10:07.037Z,BCH,1.5383,433400,316.5,1348.606131
2026-10-04T04:10:07.037Z,AVAX,1.0228,15030,11.032,1348.606131
2026-10-04T04:10:07.037Z,ETC,0.9539,12000,8.814,1348.606131
2026-10-04T04:10:07.037Z,AAVE,5.8247,259800,182.04,1348.606131
2026-10-04T04:10:07.037Z,ADA,0.9672,330.2,0.2425,1348.606131
2026-10-04T04:10:07.037Z,HYPE,0.7228,121900,89.741,1348.606131
2026-10-04T04:10:07.037Z,SEI,0.888,97.2,0.07144,1348.606131
2026-10-04T04:10:07.037Z,HBAR,0.3703,136.7,0.10099,1348.606131
2026-10-04T04:10:07.037Z,ARB,0.8216,273.8,0.20137,1348.606131
2026-10-04T04:10:07.037Z,JTO,0.6359,755,0.5563,1348.606131
2026-10-04T04:10:07.037Z,ONDO,0.8964,673,0.4946,1348.606131
2026-10-04T04:10:07.037Z,QTUM,-0.2005,1335,0.9919,1348.606131
2026-10-04T04:10:07.037Z,PYTH,-2.9636,102.1,0.07802,1348.606131
2026-10-04T04:10:07.037Z,APT,0.7755,1081,0.7954,1348.606131
2026-10-04T04:10:07.037Z,UNI,1.193,12300,9.013,1348.606131
2026-10-04T04:10:07.037Z,TIA,0.3596,634.5,0.4688,1348.606131
2026-10-04T04:10:07.037Z,ALGO,-0.3336,173,0.12871,1348.606131
2026-10-04T04:10:07.037Z,NEAR,0.4946,6485,4.785,1348.606131
2026-10-04T04:10:07.037Z,ZIL,-5.0703,4.5,0.003515,1348.606131
2026-10-04T04:10:07.037Z,SUSHI,-2.7951,335.2,0.2557,1348.606131
2026-10-04T04:10:07.037Z,PENDLE,-4.9219,3153,2.459,1348.606131
2026-10-04T04:10:07.037Z,XTZ,1.0102,440,0.323,1348.606131
2026-10-04T04:10:07.037Z,W,0.4491,19.9,0.01469,1348.606131
2026-10-04T04:10:07.037Z,AR,0.0934,6015,4.456,1348.606131
2026-10-04T04:10:07.037Z,SHIB,0.3268,0.0077,5.691e-06,1348.606131
2026-10-04T04:10:07.037Z,CELO,18.6826,159.8,0.09984,1348.606131
2026-10-04T04:10:07.037Z,STX,1.3326,511.1,0.374,1348.606131
2026-10-04T04:10:07.037Z,JUP,0.6764,447.1,0.3293,1348.606131
2026-10-04T04:10:07.037Z,PEPE,2.6487,0.0059,4.262e-06,1348.606131
2026-10-04T04:10:07.037Z,DYDX,0.4751,200,0.1476,1348.606131
2026-10-04T04:10:07.037Z,KITE,-13.9816,176.2,0.15189,1348.606131
2026-10-04T04:10:07.037Z,CRV,0.4436,507.7,0.3748,1348.606131
2026-10-04T04:10:07.037Z,ENJ,-2.4404,44.01,0.03345,1348.606131
2026-10-04T04:10:07.037Z,ATOM,23.0325,2824,1.702,1348.606131
2026-10-04T04:10:07.037Z,ICP,0.6507,4478,3.299,1348.606131
2026-10-04T04:10:07.037Z,SPACE,1.6779,7.284,0.005312,1348.606131
2026-10-04T04:10:07.037Z,DOT,0.8332,1597,1.1744,1348.606131
2026-10-04T04:10:07.037Z,ETHFI,-4.6375,944.1,0.7341,1348.606131
2026-10-04T04:10:07.037Z,CC,-0.6229,167.7,0.12513,1348.606131
2026-10-04T04:10:07.037Z,SYRUP,1.3353,350.4,0.2564,1348.606131
2026-10-04T04:10:07.037Z,TAO,-3.0394,400000,305.9,1348.606131
2026-10-04T04:10:07.037Z,GRAM,-1.4221,2042,1.536,1348.606131
2026-10-04T04:10:07.037Z,RAY,-5.6691,2613,2.054,1348.606131
2026-10-04T04:10:07.037Z,RENDER,0.1416,2620,1.94,1348.606131
2026-10-04T04:10:07.037Z,GRASS,2.5778,991.6,0.7168,1348.606131
2026-10-04T04:10:07.037Z,MINA,0.3165,225.7,0.16683,1348.606131
2026-10-04T04:10:07.037Z,POL,-4.7469,140.2,0.10914,1348.606131
2026-10-04T04:10:07.037Z,ENA,-3.324,308.8,0.23685,1348.606131
2026-10-04T04:10:07.037Z,SAND,-0.8883,100.1,0.07489,1348.606131
2026-10-04T04:10:07.037Z,AERO,-4.4652,1074,0.8336,1348.606131
2026-10-04T04:10:07.037Z,KGEN,-2.1413,213.4,0.1617,1348.606131
2026-10-04T04:10:07.037Z,LIT,2.5503,4977,3.5987,1348.606131
2026-10-04T04:10:07.037Z,MANA,3.3305,143.7,0.10312,1348.606131
2026-10-04T04:10:07.037Z,BAND,-3.5462,299.7,0.2304,1348.606131
2026-10-04T04:10:07.037Z,APE,-0.278,219.4,0.16314,1348.606131
2026-10-04T04:10:07.037Z,GMT,0.4331,12.06,0.008904,1348.606131
2026-10-04T04:10:07.037Z,VIRTUAL,-2.4408,1039,0.7897,1348.606131
2026-10-04T04:10:07.037Z,LPT,2.1063,2396,1.74,1348.606131
2026-10-04T04:10:07.037Z,DATA,1.4248,288.2,0.2107,1348.606131
2026-10-04T04:10:07.037Z,THETA,0.3961,308.7,0.228,1348.606131
2026-10-04T04:10:07.037Z,GRT,0.9928,38.49,0.02826,1348.606131
2026-10-04T04:10:07.037Z,LAYER,2.0613,107.8,0.07832,1348.606131
2026-10-04T04:10:07.037Z,NMR,0.2506,15560,11.509,1348.606131
2026-10-04T04:10:07.037Z,EIGEN,-9.4839,321.9,0.2637,1348.606131
2026-10-04T04:10:07.037Z,BAT,-6.7767,119.8,0.09529,1348.606131
2026-10-04T04:10:07.037Z,SPK,-3.431,32.35,0.02484,1348.606131
2026-10-04T04:10:07.037Z,PUMP,1.7275,8.75,0.006378,1348.606131
2026-10-04T04:10:07.037Z,KMNO,-5.3369,52.01,0.04074,1348.606131
2026-10-04T04:10:07.037Z,CHZ,-7.6042,21.32,0.01711,1348.606131
2026-10-04T04:10:07.037Z,PENGU,5.1638,12.95,0.009131,1348.606131
2026-10-04T04:10:07.037Z,OP,-3.4745,174.2,0.13382,1348.606131
2026-10-04T04:10:07.037Z,UMA,2.7831,560,0.404,1348.606131
2026-10-04T04:10:07.037Z,ZRO,0.3601,2721,2.0104,1348.606131
2026-10-04T04:10:07.037Z,S,-4.9951,52.8,0.04121,1348.606131
2026-10-04T04:10:07.037Z,IMX,-2.2985,249.7,0.18951,1348.606131
2026-10-04T04:10:07.037Z,A,1.5548,130,0.09492,1348.606131
2026-10-04T04:10:07.037Z,ATH,-3.0576,9.4,0.00719,1348.606131
2026-10-04T04:10:07.037Z,COMP,12.9152,38100,25.02,1348.606131
2026-10-04T04:10:07.037Z,CVX,-1.5131,3019,2.273,1348.606131
2026-10-04T04:10:07.037Z,AXS,-0.2505,1817,1.3507,1348.606131
2026-10-04T04:10:07.037Z,WCT,-2.6784,57.08,0.04349,1348.606131
2026-10-04T04:10:07.037Z,ME,-1.2921,103.1,0.07745,1348.606131
2026-10-04T04:10:07.037Z,ASTER,4.2613,1000,0.7112,1348.606131
2026-10-04T04:10:07.037Z,GMX,2.6969,11210,8.094,1348.606131
2026-10-04T04:10:07.037Z,MORPHO,-7.3896,3419,2.7375,1348.606131
2026-10-04T04:10:07.037Z,MON,-2.0213,46.3,0.03504,1348.606131
2026-10-04T04:10:07.037Z,1INCH,-0.8758,139,0.10398,1348.606131
2026-10-04T04:10:07.037Z,SKY,-2.7742,121.6,0.09274,1348.606131
2026-10-04T04:10:07.037Z,YGG,2.6376,38.84,0.02806,1348.606131
2026-10-04T04:10:07.037Z,BIO,-0.8053,41.43,0.03097,1348.606131
2026-10-04T04:10:07.037Z,MOVE,-4.347,13.43,0.010411,1348.606131
2026-10-04T04:10:07.037Z,GALA,-3.4781,3.292,0.002529,1348.606131
2026-10-04T04:10:07.037Z,ZK,-1.2674,17.56,0.013188,1348.606131
2026-10-04T04:10:07.037Z,ENS,8.1545,9930,6.808,1348.606131
2026-10-04T04:10:07.037Z,INJ,1.4126,10360,7.575,1348.606131
2026-10-04T04:10:07.037Z,KAITO,-5.0591,445.7,0.3481,1348.606131
2026-10-04T04:10:07.037Z,LDO,-1.0242,609.2,0.4564,1348.606131
2026-10-04T04:10:07.037Z,BLUR,27.3095,37.48,0.02183,1348.606131
2026-10-04T04:10:07.037Z,AUCTION,1.3128,5110,3.74,1348.606131
2026-10-04T04:10:07.037Z,ZETA,-2.6033,66.66,0.05075,1348.606131
2026-10-04T04:10:07.037Z,WIF,1.6812,340.9,0.2486,1348.606131
2026-10-04T04:10:07.037Z,KSM,-4.4451,6750,5.238,1348.606131
2026-10-04T04:10:07.037Z,SNX,-7.699,315.8,0.2537,1348.606131
2026-10-04T04:10:07.037Z,FET,-0.4397,297,0.2212,1348.606131
2026-10-04T04:15:06.547Z,BTC,0.8017,115244000,84774.5,1348.606131
2026-10-04T04:15:06.547Z,XRP,0.8269,2024,1.4885,1348.606131
2026-10-04T04:15:06.547Z,SOL,0.7622,163800,120.54,1348.606131
2026-10-04T04:15:06.547Z,ETH,0.8245,3662000,2693.19,1348.606131
2026-10-04T04:15:06.547Z,FIL,0.8628,1439,1.0579,1348.606131
2026-10-04T04:15:06.547Z,TRX,1.5347,459.1,0.33528,1348.606131
2026-10-04T04:15:06.547Z,BNB,0.8736,1066000,783.6,1348.606131
2026-10-04T04:15:06.547Z,WLD,0.8257,799.8,0.5882,1348.606131
2026-10-04T04:15:06.547Z,FLOW,-0.7588,44.26,0.03307,1348.606131
2026-10-04T04:15:06.547Z,LINK,0.6508,19040,14.027,1348.606131
2026-10-04T04:15:06.547Z,DOGE,0.8269,125.9,0.09259,1348.606131
2026-10-04T04:15:06.547Z,SUI,0.8216,1596,1.1738,1348.606131
2026-10-04T04:15:06.547Z,XLM,0.8479,292.3,0.21492,1348.606131
2026-10-04T04:15:06.547Z,BCH,1.3782,433400,317,1348.606131
2026-10-04T04:15:06.547Z,AVAX,0.9862,15030,11.036,1348.606131
2026-10-04T04:15:06.547Z,ETC,0.8281,12000,8.825,1348.606131
2026-10-04T04:15:06.547Z,AAVE,5.8713,259800,181.96,1348.606131
2026-10-04T04:15:06.547Z,ADA,0.9476,330,0.2424,1348.606131
2026-10-04T04:15:06.547Z,HYPE,0.6656,121900,89.792,1348.606131
2026-10-04T04:15:06.547Z,SEI,0.7189,97.2,0.07156,1348.606131
2026-10-04T04:15:06.547Z,HBAR,0.3504,136.7,0.10101,1348.606131
2026-10-04T04:15:06.547Z,ARB,0.8016,273.8,0.20141,1348.606131
2026-10-04T04:15:06.547Z,JTO,0.3652,755,0.5578,1348.606131
2026-10-04T04:15:06.547Z,ONDO,0.9168,673,0.4945,1348.606131
2026-10-04T04:15:06.547Z,QTUM,-0.2508,1335,0.9924,1348.606131
2026-10-04T04:15:06.547Z,PYTH,-3.1746,102.1,0.07819,1348.606131
2026-10-04T04:15:06.547Z,APT,0.5858,1081,0.7969,1348.606131
2026-10-04T04:15:06.547Z,UNI,1.1706,12300,9.015,1348.606131
2026-10-04T04:15:06.547Z,TIA,0.1886,634.5,0.4696,1348.606131
2026-10-04T04:15:06.547Z,ALGO,-0.3491,173,0.12873,1348.606131
2026-10-04T04:15:06.547Z,NEAR,0.4527,6485,4.787,1348.606131
2026-10-04T04:15:06.547Z,ZIL,-5.3128,4.5,0.003524,1348.606131
2026-10-04T04:15:06.547Z,SUSHI,-3.2492,335.2,0.2569,1348.606131
2026-10-04T04:15:06.547Z,PENDLE,-5.1534,3153,2.465,1348.606131
2026-10-04T04:15:06.547Z,XTZ,0.7295,440,0.3239,1348.606131
2026-10-04T04:15:06.547Z,W,0.7165,19.9,0.014651,1348.606131
2026-10-04T04:15:06.547Z,AR,-0.1755,6015,4.468,1348.606131
2026-10-04T04:15:06.547Z,SHIB,0.3268,0.0077,5.691e-06,1348.606131
2026-10-04T04:15:06.547Z,CELO,18.3389,159.8,0.10013,1348.606131
2026-10-04T04:15:06.547Z,STX,1.1163,511.1,0.3748,1348.606131
2026-10-04T04:15:06.547Z,JUP,0.8295,447.1,0.3288,1348.606131
2026-10-04T04:15:06.547Z,PEPE,2.6005,0.0059,4.264e-06,1348.606131
2026-10-04T04:15:06.547Z,DYDX,0.3052,200,0.14785,1348.606131
2026-10-04T04:15:06.547Z,KITE,-13.817,176.2,0.1516,1348.606131
2026-10-04T04:15:06.547Z,CRV,0.4168,507.7,0.3749,1348.606131
2026-10-04T04:15:06.547Z,ENJ,-2.9914,44.01,0.03364,1348.606131
2026-10-04T04:15:06.547Z,ATOM,22.9603,2824,1.703,1348.606131
2026-10-04T04:15:06.547Z,ICP,0.6202,4478,3.3,1348.606131
2026-10-04T04:15:06.547Z,SPACE,1.5823,7.284,0.005317,1348.606131
2026-10-04T04:15:06.547Z,DOT,0.8075,1597,1.1747,1348.606131
2026-10-04T04:15:06.547Z,ETHFI,-4.4683,944.1,0.7328,1348.606131
2026-10-04T04:15:06.547Z,CC,-1.0026,167.7,0.12561,1348.606131
2026-10-04T04:15:06.547Z,SYRUP,1.2958,350.4,0.2565,1348.606131
2026-10-04T04:15:06.547Z,TAO,-2.8488,400000,305.3,1348.606131
2026-10-04T04:15:06.547Z,GRAM,-1.4221,2042,1.536,1348.606131
2026-10-04T04:15:06.547Z,RAY,-5.2957,2613,2.0459,1348.606131
2026-10-04T04:15:06.547Z,RENDER,0.0384,2620,1.942,1348.606131
2026-10-04T04:15:06.547Z,GRASS,2.1361,991.6,0.7199,1348.606131
2026-10-04T04:15:06.547Z,MINA,0.9701,225.7,0.16575,1348.606131
2026-10-04T04:15:06.547Z,POL,-4.808,140.2,0.10921,1348.606131
2026-10-04T04:15:06.547Z,ENA,-3.3158,308.8,0.23683,1348.606131
2026-10-04T04:15:06.547Z,SAND,-1.1127,100.1,0.07506,1348.606131
2026-10-04T04:15:06.547Z,AERO,-4.4538,1074,0.8335,1348.606131
2026-10-04T04:15:06.547Z,KGEN,-2.1413,213.4,0.1617,1348.606131
2026-10-04T04:15:06.547Z,LIT,2.4706,4977,3.6015,1348.606131
2026-10-04T04:15:06.547Z,MANA,0.7702,143.7,0.10574,1348.606131
2026-10-04T04:15:06.547Z,BAND,-3.9631,299.7,0.2314,1348.606131
2026-10-04T04:15:06.547Z,APE,-0.607,219.4,0.16368,1348.606131
2026-10-04T04:15:06.547Z,GMT,-0.1611,12.06,0.008957,1348.606131
2026-10-04T04:15:06.547Z,VIRTUAL,-2.4037,1039,0.7894,1348.606131
2026-10-04T04:15:06.547Z,LPT,1.9305,2396,1.743,1348.606131
2026-10-04T04:15:06.547Z,DATA,1.473,288.2,0.2106,1348.606131
2026-10-04T04:15:06.547Z,THETA,0.0888,308.7,0.2287,1348.606131
2026-10-04T04:15:06.547Z,GRT,0.8501,38.49,0.0283,1348.606131
2026-10-04T04:15:06.547Z,LAYER,1.9441,107.8,0.07841,1348.606131
2026-10-04T04:15:06.547Z,NMR,0.1201,15560,11.524,1348.606131
2026-10-04T04:15:06.547Z,EIGEN,-9.4839,321.9,0.2637,1348.606131
2026-10-04T04:15:06.547Z,BAT,-7.1179,119.8,0.09564,1348.606131
2026-10-04T04:15:06.547Z,SPK,-3.5475,32.35,0.02487,1348.606131
2026-10-04T04:15:06.547Z,PUMP,1.2355,8.75,0.006409,1348.606131
2026-10-04T04:15:06.547Z,KMNO,-5.1273,52.01,0.04065,1348.606131
2026-10-04T04:15:06.547Z,CHZ,-7.8197,21.32,0.01715,1348.606131
2026-10-04T04:15:06.547Z,PENGU,5.1523,12.95,0.009132,1348.606131
2026-10-04T04:15:06.547Z,OP,-3.6258,174.2,0.13403,1348.606131
2026-10-04T04:15:06.547Z,UMA,2.7068,560,0.4043,1348.606131
2026-10-04T04:15:06.547Z,ZRO,-0.0179,2721,2.018,1348.606131
2026-10-04T04:15:06.547Z,S,-5.2021,52.8,0.0413,1348.606131
2026-10-04T04:15:06.547Z,IMX,-2.5505,249.7,0.19,1348.606131
2026-10-04T04:15:06.547Z,A,1.3839,130,0.09508,1348.606131
2026-10-04T04:15:06.547Z,ATH,-2.7329,9.4,0.007166,1348.606131
2026-10-04T04:15:06.547Z,COMP,12.735,38100,25.06,1348.606131
2026-10-04T04:15:06.547Z,CVX,-1.6429,3019,2.276,1348.606131
2026-10-04T04:15:06.547Z,AXS,-2.5519,1817,1.3826,1348.606131
2026-10-04T04:15:06.547Z,WCT,-2.8348,57.08,0.04356,1348.606131
2026-10-04T04:15:06.547Z,ME,-1.4955,103.1,0.07761,1348.606131
2026-10-04T04:15:06.547Z,ASTER,4.2027,1000,0.7116,1348.606131
2026-10-04T04:15:06.547Z,GMX,2.6969,11210,8.094,1348.606131
2026-10-04T04:15:06.547Z,MORPHO,-7.4234,3419,2.7385,1348.606131
2026-10-04T04:15:06.547Z,MON,-2.1051,46.3,0.03507,1348.606131
2026-10-04T04:15:06.547Z,1INCH,-1.009,139,0.10412,1348.606131
2026-10-04T04:15:06.547Z,SKY,-3.0148,121.6,0.09297,1348.606131
2026-10-04T04:15:06.547Z,YGG,2.0918,38.84,0.02821,1348.606131
2026-10-04T04:15:06.547Z,BIO,-0.9971,41.43,0.03103,1348.606131
2026-10-04T04:15:06.547Z,MOVE,-3.597,13.43,0.01033,1348.606131
2026-10-04T04:15:06.547Z,GALA,-3.8583,3.292,0.002539,1348.606131
2026-10-04T04:15:06.547Z,ZK,-1.185,17.56,0.013177,1348.606131
2026-10-04T04:15:06.547Z,ENS,7.98,9930,6.819,1348.606131
2026-10-04T04:15:06.547Z,INJ,1.2923,10360,7.584,1348.606131
2026-10-04T04:15:06.547Z,KAITO,-5.331,445.7,0.3491,1348.606131
2026-10-04T04:15:06.547Z,LDO,-1.0675,609.2,0.4566,1348.606131
2026-10-04T04:15:06.547Z,BLUR,27.719,37.48,0.02176,1348.606131
2026-10-04T04:15:06.547Z,AUCTION,1.1505,5110,3.746,1348.606131
2026-10-04T04:15:06.547Z,ZETA,-2.6992,66.66,0.0508,1348.606131
2026-10-04T04:15:06.547Z,WIF,1.5179,340.9,0.249,1348.606131
2026-10-04T04:15:06.547Z,KSM,-4.518,6750,5.242,1348.606131
2026-10-04T04:15:06.547Z,SNX,-7.9529,315.8,0.2544,1348.606131
2026-10-04T04:15:06.547Z,FET,-0.6642,297,0.2217,1348.606131
2026-10-04T04:20:06.928Z,BTC,0.7871,115233000,84778.7,1348.606131
2026-10-04T04:20:06.928Z,XRP,0.7617,2025,1.4902,1348.606131
2026-10-04T04:20:06.928Z,SOL,0.7622,163800,120.54,1348.606131
2026-10-04T04:20:06.928Z,ETH,0.8131,3661000,2692.76,1348.606131
2026-10-04T04:20:06.928Z,FIL,0.6725,1439,1.0599,1348.606131
2026-10-04T04:20:06.928Z,TRX,1.5498,459.1,0.33523,1348.606131
2026-10-04T04:20:06.928Z,BNB,0.8222,1066000,784,1348.606131
2026-10-04T04:20:06.928Z,WLD,0.5505,800.6,0.5904,1348.606131
2026-10-04T04:20:06.928Z,FLOW,-0.6987,44.26,0.03305,1348.606131
2026-10-04T04:20:06.928Z,LINK,0.6005,19040,14.034,1348.606131
2026-10-04T04:20:06.928Z,DOGE,0.7508,125.9,0.09266,1348.606131
2026-10-04T04:20:06.928Z,SUI,0.7101,1596,1.1751,1348.606131
2026-10-04T04:20:06.928Z,XLM,0.6512,292.3,0.21534,1348.606131
2026-10-04T04:20:06.928Z,BCH,1.4102,433400,316.9,1348.606131
2026-10-04T04:20:06.928Z,AVAX,0.9039,15030,11.045,1348.606131
2026-10-04T04:20:06.928Z,ETC,0.7253,12000,8.834,1348.606131
2026-10-04T04:20:06.928Z,AAVE,5.8771,259800,181.95,1348.606131
2026-10-04T04:20:06.928Z,ADA,0.6984,330,0.243,1348.606131
2026-10-04T04:20:06.928Z,HYPE,0.6981,121900,89.763,1348.606131
2026-10-04T04:20:06.928Z,SEI,0.5923,97.2,0.07165,1348.606131
2026-10-04T04:20:06.928Z,HBAR,1.4145,138.3,0.10112,1348.606131
2026-10-04T04:20:06.928Z,ARB,0.4177,273.8,0.20218,1348.606131
2026-10-04T04:20:06.928Z,JTO,0.3113,755,0.5581,1348.606131
2026-10-04T04:20:06.928Z,ONDO,0.7132,673,0.4955,1348.606131
2026-10-04T04:20:06.928Z,QTUM,-0.3111,1335,0.993,1348.606131
2026-10-04T04:20:06.928Z,PYTH,-3.1498,102.1,0.07817,1348.606131
2026-10-04T04:20:06.928Z,APT,0.2838,1081,0.7993,1348.606131
2026-10-04T04:20:06.928Z,UNI,1.0473,12300,9.026,1348.606131
2026-10-04T04:20:06.928Z,TIA,-0.0243,634.5,0.4706,1348.606131
2026-10-04T04:20:06.928Z,ALGO,-0.2329,173,0.12858,1348.606131
2026-10-04T04:20:06.928Z,NEAR,0.0764,6485,4.805,1348.606131
2026-10-04T04:20:06.928Z,ZIL,-5.554,4.5,0.003533,1348.606131
2026-10-04T04:20:06.928Z,SUSHI,-3.3996,335.2,0.2573,1348.606131
2026-10-04T04:20:06.928Z,PENDLE,-5.1534,3153,2.465,1348.606131
2026-10-04T04:20:06.928Z,XTZ,0.7917,440,0.3237,1348.606131
2026-10-04T04:20:06.928Z,W,1.5762,19.9,0.014527,1348.606131
2026-10-04T04:20:06.928Z,AR,-0.287,6015,4.473,1348.606131
2026-10-04T04:20:06.928Z,SHIB,0.274,0.0077,5.694e-06,1348.606131
2026-10-04T04:20:06.928Z,CELO,18.5164,159.8,0.09998,1348.606131
2026-10-04T04:20:06.928Z,STX,1.0893,511.1,0.3749,1348.606131
2026-10-04T04:20:06.928Z,JUP,0.5543,447.1,0.3297,1348.606131
2026-10-04T04:20:06.928Z,PEPE,2.4564,0.0059,4.27e-06,1348.606131
2026-10-04T04:20:06.928Z,DYDX,0.1224,200,0.14812,1348.606131
2026-10-04T04:20:06.928Z,KITE,-13.9929,176.2,0.15191,1348.606131
2026-10-04T04:20:06.928Z,CRV,0.1764,507.7,0.3758,1348.606131
2026-10-04T04:20:06.928Z,ENJ,-2.847,44.01,0.03359,1348.606131
2026-10-04T04:20:06.928Z,ATOM,22.6722,2824,1.707,1348.606131
2026-10-04T04:20:06.928Z,ICP,0.5897,4478,3.301,1348.606131
2026-10-04T04:20:06.928Z,SPACE,1.506,7.284,0.005321,1348.606131
2026-10-04T04:20:06.928Z,DOT,0.4824,1597,1.1785,1348.606131
2026-10-04T04:20:06.928Z,ETHFI,-4.2593,944.1,0.7312,1348.606131
2026-10-04T04:20:06.928Z,CC,-0.6705,167.7,0.12519,1348.606131
2026-10-04T04:20:06.928Z,SYRUP,0.8241,350.4,0.2577,1348.606131
2026-10-04T04:20:06.928Z,TAO,-3.0394,400000,305.9,1348.606131
2026-10-04T04:20:06.928Z,GRAM,-1.3579,2042,1.535,1348.606131
2026-10-04T04:20:06.928Z,RAY,-5.5864,2613,2.0522,1348.606131
2026-10-04T04:20:06.928Z,RENDER,-0.1159,2620,1.945,1348.606131
2026-10-04T04:20:06.928Z,GRASS,1.4736,991.6,0.7246,1348.606131
2026-10-04T04:20:06.928Z,MINA,0.4489,225.7,0.16661,1348.606131
2026-10-04T04:20:06.928Z,POL,-4.8777,140.2,0.10929,1348.606131
2026-10-04T04:20:06.928Z,ENA,-3.5358,308.8,0.23737,1348.606131
2026-10-04T04:20:06.928Z,SAND,-1.2837,100.1,0.07519,1348.606131
2026-10-04T04:20:06.928Z,AERO,-4.5568,1074,0.8344,1348.606131
2026-10-04T04:20:06.928Z,KGEN,-2.1413,213.4,0.1617,1348.606131
2026-10-04T04:20:06.928Z,LIT,2.4876,4977,3.6009,1348.606131
2026-10-04T04:20:06.928Z,MANA,-0.2486,143.7,0.10682,1348.606131
2026-10-04T04:20:06.928Z,BAND,-3.7551,299.7,0.2309,1348.606131
2026-10-04T04:20:06.928Z,APE,-1.0603,219.4,0.16443,1348.606131
2026-10-04T04:20:06.928Z,GMT,-0.2725,12.06,0.008967,1348.606131
2026-10-04T04:20:06.928Z,VIRTUAL,-2.5888,1039,0.7909,1348.606131
2026-10-04T04:20:06.928Z,LPT,1.989,2396,1.742,1348.606131
2026-10-04T04:20:06.928Z,DATA,1.5212,288.2,0.2105,1348.606131
2026-10-04T04:20:06.928Z,THETA,-0.086,308.7,0.2291,1348.606131
2026-10-04T04:20:06.928Z,GRT,0.9214,38.49,0.02828,1348.606131
2026-10-04T04:20:06.928Z,LAYER,2.0873,107.8,0.0783,1348.606131
2026-10-04T04:20:06.928Z,NMR,-0.0793,15560,11.547,1348.606131
2026-10-04T04:20:06.928Z,EIGEN,-9.7577,321.9,0.2645,1348.606131
2026-10-04T04:20:06.928Z,BAT,-7.2633,119.8,0.09579,1348.606131
2026-10-04T04:20:06.928Z,SPK,-3.8182,32.35,0.02494,1348.606131
2026-10-04T04:20:06.928Z,PUMP,1.1723,8.75,0.006413,1348.606131
2026-10-04T04:20:06.928Z,KMNO,-5.0806,52.01,0.04063,1348.606131
2026-10-04T04:20:06.928Z,CHZ,-7.8735,21.32,0.01716,1348.606131
2026-10-04T04:20:06.928Z,PENGU,4.9569,12.95,0.009149,1348.606131
2026-10-04T04:20:06.928Z,OP,-3.9911,174.2,0.13454,1348.606131
2026-10-04T04:20:06.928Z,UMA,2.6053,560,0.4047,1348.606131
2026-10-04T04:20:06.928Z,ZRO,-0.1119,2721,2.0199,1348.606131
2026-10-04T04:20:06.928Z,S,-5.659,52.8,0.0415,1348.606131
2026-10-04T04:20:06.928Z,IMX,-2.9133,249.7,0.19071,1348.606131
2026-10-04T04:20:06.928Z,A,1.2668,130,0.09519,1348.606131
2026-10-04T04:20:06.928Z,ATH,-2.6514,9.4,0.00716,1348.606131
2026-10-04T04:20:06.928Z,COMP,12.78,38100,25.05,1348.606131
2026-10-04T04:20:06.928Z,CVX,-1.5997,3019,2.275,1348.606131
2026-10-04T04:20:06.928Z,AXS,0.6315,1894,1.3956,1348.606131
2026-10-04T04:20:06.928Z,WCT,-2.7007,57.08,0.0435,1348.606131
2026-10-04T04:20:06.928Z,ME,-1.5843,103.1,0.07768,1348.606131
2026-10-04T04:20:06.928Z,ASTER,4.1149,1000,0.7122,1348.606131
2026-10-04T04:20:06.928Z,GMX,2.5828,11210,8.103,1348.606131
2026-10-04T04:20:06.928Z,MORPHO,-7.5786,3419,2.7431,1348.606131
2026-10-04T04:20:06.928Z,MON,-2.4943,46.3,0.03521,1348.606131
2026-10-04T04:20:06.928Z,1INCH,-1.2178,139,0.10434,1348.606131
2026-10-04T04:20:06.928Z,SKY,-4.1692,121.6,0.09409,1348.606131
2026-10-04T04:20:06.928Z,YGG,1.2662,38.84,0.02844,1348.606131
2026-10-04T04:20:06.928Z,BIO,-1.0927,41.43,0.03106,1348.606131
2026-10-04T04:20:06.928Z,MOVE,-3.597,13.43,0.01033,1348.606131
2026-10-04T04:20:06.928Z,GALA,-4.944,3.292,0.002568,1348.606131
2026-10-04T04:20:06.928Z,ZK,-1.7813,17.56,0.013257,1348.606131
2026-10-04T04:20:06.928Z,ENS,7.8061,9930,6.83,1348.606131
2026-10-04T04:20:06.928Z,INJ,1.0923,10360,7.599,1348.606131
2026-10-04T04:20:06.928Z,KAITO,-5.3039,445.7,0.349,1348.606131
2026-10-04T04:20:06.928Z,LDO,-1.1325,609.2,0.4569,1348.606131
2026-10-04T04:20:06.928Z,BLUR,27.4847,37.48,0.0218,1348.606131
2026-10-04T04:20:06.928Z,AUCTION,0.9887,5110,3.752,1348.606131
2026-10-04T04:20:06.928Z,ZETA,-2.7375,66.66,0.05082,1348.606131
2026-10-04T04:20:06.928Z,WIF,1.2738,340.9,0.2496,1348.606131
2026-10-04T04:20:06.928Z,KSM,-4.609,6750,5.247,1348.606131
2026-10-04T04:20:06.928Z,SNX,-8.0974,315.8,0.2548,1348.606131
2026-10-04T04:20:06.928Z,FET,-0.9769,297,0.2224,1348.606131
2026-10-04T04:25:07.026Z,BTC,0.7775,115222000,84778.7,1348.606131
2026-10-04T04:25:07.026Z,XRP,0.7617,2025,1.4902,1348.606131
2026-10-04T04:25:07.026Z,SOL,0.7538,163800,120.55,1348.606131
2026-10-04T04:25:07.026Z,ETH,0.7928,3659000,2691.83,1348.606131
2026-10-04T04:25:07.026Z,FIL,0.739,1439,1.0592,1348.606131
2026-10-04T04:25:07.026Z,TRX,1.5438,459.1,0.33525,1348.606131
2026-10-04T04:25:07.026Z,BNB,0.8222,1066000,784,1348.606131
2026-10-04T04:25:07.026Z,WLD,0.7469,802.3,0.5905,1348.606131
2026-10-04T04:25:07.026Z,FLOW,-0.6687,44.26,0.03304,1348.606131
2026-10-04T04:25:07.026Z,LINK,0.6149,19040,14.032,1348.606131
2026-10-04T04:25:07.026Z,DOGE,0.7508,125.9,0.09266,1348.606131
2026-10-04T04:25:07.026Z,SUI,0.6073,1596,1.1763,1348.606131
2026-10-04T04:25:07.026Z,XLM,0.7358,292.6,0.21538,1348.606131
2026-10-04T04:25:07.026Z,BCH,1.3143,433400,317.2,1348.606131
2026-10-04T04:25:07.026Z,AVAX,0.8857,15030,11.047,1348.606131
2026-10-04T04:25:07.026Z,ETC,0.7824,12000,8.829,1348.606131
2026-10-04T04:25:07.026Z,AAVE,5.8654,259800,181.97,1348.606131
2026-10-04T04:25:07.026Z,ADA,0.7398,330,0.2429,1348.606131
2026-10-04T04:25:07.026Z,HYPE,0.6006,121900,89.85,1348.606131
2026-10-04T04:25:07.026Z,SEI,0.6064,97.2,0.07164,1348.606131
2026-10-04T04:25:07.026Z,HBAR,1.3143,138.3,0.10122,1348.606131
2026-10-04T04:25:07.026Z,ARB,0.3978,273.8,0.20222,1348.606131
2026-10-04T04:25:07.026Z,JTO,-0.0112,755,0.5599,1348.606131
2026-10-04T04:25:07.026Z,ONDO,0.6522,673,0.4958,1348.606131
2026-10-04T04:25:07.026Z,QTUM,-0.2307,1335,0.9922,1348.606131
2026-10-04T04:25:07.026Z,PYTH,-3.1498,102.1,0.07817,1348.606131
2026-10-04T04:25:07.026Z,APT,0.2963,1081,0.7992,1348.606131
2026-10-04T04:25:07.026Z,UNI,1.1033,12300,9.021,1348.606131
2026-10-04T04:25:07.026Z,TIA,-0.6576,634.5,0.4736,1348.606131
2026-10-04T04:25:07.026Z,ALGO,-0.4033,173,0.1288,1348.606131
2026-10-04T04:25:07.026Z,NEAR,0.4317,6485,4.788,1348.606131
2026-10-04T04:25:07.026Z,ZIL,-5.4469,4.5,0.003529,1348.606131
2026-10-04T04:25:07.026Z,SUSHI,-3.2868,335.2,0.257,1348.606131
2026-10-04T04:25:07.026Z,PENDLE,-5.2687,3153,2.468,1348.606131
2026-10-04T04:25:07.026Z,XTZ,0.6673,440,0.3241,1348.606131
2026-10-04T04:25:07.026Z,W,1.8145,19.9,0.014493,1348.606131
2026-10-04T04:25:07.026Z,AR,-0.287,6015,4.473,1348.606131
2026-10-04T04:25:07.026Z,SHIB,0.2387,0.0077,5.696e-06,1348.606131
2026-10-04T04:25:07.026Z,CELO,18.5046,159.8,0.09999,1348.606131
2026-10-04T04:25:07.026Z,STX,1.1163,511.1,0.3748,1348.606131
2026-10-04T04:25:07.026Z,JUP,0.5543,447.1,0.3297,1348.606131
2026-10-04T04:25:07.026Z,PEPE,2.4804,0.0059,4.269e-06,1348.606131
2026-10-04T04:25:07.026Z,DYDX,0.1089,200,0.14814,1348.606131
2026-10-04T04:25:07.026Z,KITE,-13.589,176.2,0.1512,1348.606131
2026-10-04T04:25:07.026Z,CRV,0.0965,507.7,0.3761,1348.606131
2026-10-04T04:25:07.026Z,ENJ,-2.847,44.01,0.03359,1348.606131
2026-10-04T04:25:07.026Z,ATOM,22.8161,2824,1.705,1348.606131
2026-10-04T04:25:07.026Z,ICP,0.5897,4478,3.301,1348.606131
2026-10-04T04:25:07.026Z,SPACE,1.525,7.284,0.00532,1348.606131
2026-10-04T04:25:07.026Z,DOT,0.4228,1597,1.1792,1348.606131
2026-10-04T04:25:07.026Z,ETHFI,-3.9572,944.1,0.7289,1348.606131
2026-10-04T04:25:07.026Z,CC,-0.7894,167.7,0.12534,1348.606131
2026-10-04T04:25:07.026Z,SYRUP,0.9025,350.4,0.2575,1348.606131
2026-10-04T04:25:07.026Z,TAO,-3.0711,400000,306,1348.606131
2026-10-04T04:25:07.026Z,GRAM,-1.2936,2042,1.534,1348.606131
2026-10-04T04:25:07.026Z,RAY,-5.8296,2613,2.0575,1348.606131
2026-10-04T04:25:07.026Z,RENDER,0.0384,2620,1.942,1348.606131
2026-10-04T04:25:07.026Z,GRASS,1.4456,991.6,0.7248,1348.606131
2026-10-04T04:25:07.026Z,MINA,-0.2039,225.7,0.1677,1348.606131
2026-10-04T04:25:07.026Z,POL,-4.9473,140.2,0.10937,1348.606131
2026-10-04T04:25:07.026Z,ENA,-3.8275,308.8,0.23809,1348.606131
2026-10-04T04:25:07.026Z,SAND,-1.2574,100.1,0.07517,1348.606131
2026-10-04T04:25:07.026Z,AERO,-4.5911,1074,0.8347,1348.606131
2026-10-04T04:25:07.026Z,KGEN,-2.1413,213.4,0.1617,1348.606131
2026-10-04T04:25:07.026Z,LIT,2.5731,4977,3.5979,1348.606131
2026-10-04T04:25:07.026Z,MANA,-0.3605,143.7,0.10694,1348.606131
2026-10-04T04:25:07.026Z,BAND,-3.88,299.7,0.2312,1348.606131
2026-10-04T04:25:07.026Z,APE,-1.2405,219.4,0.16473,1348.606131
2026-10-04T04:25:07.026Z,GMT,-0.594,12.06,0.008996,1348.606131
2026-10-04T04:25:07.026Z,VIRTUAL,-2.5395,1039,0.7905,1348.606131
2026-10-04T04:25:07.026Z,LPT,1.9305,2396,1.743,1348.606131
2026-10-04T04:25:07.026Z,DATA,1.5212,288.2,0.2105,1348.606131
2026-10-04T04:25:07.026Z,THETA,0.1325,308.7,0.2286,1348.606131
2026-10-04T04:25:07.026Z,GRT,0.9571,38.49,0.02827,1348.606131
2026-10-04T04:25:07.026Z,LAYER,2.1265,107.8,0.07827,1348.606131
2026-10-04T04:25:07.026Z,NMR,0.1375,15560,11.522,1348.606131
2026-10-04T04:25:07.026Z,EIGEN,-9.8259,321.9,0.2647,1348.606131
2026-10-04T04:25:07.026Z,BAT,-7.9266,119.8,0.09648,1348.606131
2026-10-04T04:25:07.026Z,SPK,-3.7024,32.35,0.02491,1348.606131
2026-10-04T04:25:07.026Z,PUMP,1.4888,8.75,0.006393,1348.606131
2026-10-04T04:25:07.026Z,KMNO,-5.0105,52.01,0.0406,1348.606131
2026-10-04T04:25:07.026Z,CHZ,-8.0877,21.32,0.0172,1348.606131
2026-10-04T04:25:07.026Z,PENGU,5.0143,12.95,0.009144,1348.606131
2026-10-04T04:25:07.026Z,OP,-3.9839,174.2,0.13453,1348.606131
2026-10-04T04:25:07.026Z,UMA,2.504,560,0.4051,1348.606131
2026-10-04T04:25:07.026Z,ZRO,-0.3537,2721,2.0248,1348.606131
2026-10-04T04:25:07.026Z,S,-5.8631,52.8,0.04159,1348.606131
2026-10-04T04:25:07.026Z,IMX,-2.7552,249.7,0.1904,1348.606131
2026-10-04T04:25:07.026Z,A,1.203,130,0.09525,1348.606131
2026-10-04T04:25:07.026Z,ATH,-2.1732,9.4,0.007125,1348.606131
2026-10-04T04:25:07.026Z,COMP,12.8701,38100,25.03,1348.606131
2026-10-04T04:25:07.026Z,CVX,-1.3829,3019,2.27,1348.606131
2026-10-04T04:25:07.026Z,AXS,2.0872,1894,1.3757,1348.606131
2026-10-04T04:25:07.026Z,WCT,-2.656,57.08,0.04348,1348.606131
2026-10-04T04:25:07.026Z,ME,-1.6603,103.1,0.07774,1348.606131
2026-10-04T04:25:07.026Z,ASTER,4.3346,1000,0.7107,1348.606131
2026-10-04T04:25:07.026Z,GMX,2.5196,11210,8.108,1348.606131
2026-10-04T04:25:07.026Z,MORPHO,-7.609,3419,2.744,1348.606131
2026-10-04T04:25:07.026Z,MON,-2.798,46.3,0.03532,1348.606131
2026-10-04T04:25:07.026Z,1INCH,-1.2367,139,0.10436,1348.606131
2026-10-04T04:25:07.026Z,SKY,-4.271,121.6,0.09419,1348.606131
2026-10-04T04:25:07.026Z,YGG,0.5942,38.84,0.02863,1348.606131
2026-10-04T04:25:07.026Z,BIO,-0.9652,41.43,0.03102,1348.606131
2026-10-04T04:25:07.026Z,MOVE,-1.2232,13.79,0.010352,1348.606131
2026-10-04T04:25:07.026Z,GALA,-4.944,3.292,0.002568,1348.606131
2026-10-04T04:25:07.026Z,ZK,-1.722,17.56,0.013249,1348.606131
2026-10-04T04:25:07.026Z,ENS,7.8377,9930,6.828,1348.606131
2026-10-04T04:25:07.026Z,INJ,1.1855,10360,7.592,1348.606131
2026-10-04T04:25:07.026Z,KAITO,-5.6823,445.7,0.3504,1348.606131
2026-10-04T04:25:07.026Z,LDO,-1.1108,609.2,0.4568,1348.606131
2026-10-04T04:25:07.026Z,BLUR,27.4262,37.48,0.02181,1348.606131
2026-10-04T04:25:07.026Z,AUCTION,1.0426,5110,3.75,1348.606131
2026-10-04T04:25:07.026Z,ZETA,-3.3839,66.66,0.05116,1348.606131
2026-10-04T04:25:07.026Z,WIF,1.2738,340.9,0.2496,1348.606131
2026-10-04T04:25:07.026Z,KSM,-4.7542,6750,5.255,1348.606131
2026-10-04T04:25:07.026Z,SNX,-8.0974,315.8,0.2548,1348.606131
2026-10-04T04:25:07.026Z,FET,-0.8431,297,0.2221,1348.606131
2026-10-04T04:30:06.554Z,BTC,0.7757,115220000,84778.7,1348.606131
2026-10-04T04:30:06.554Z,XRP,0.7414,2025,1.4905,1348.606131
2026-10-04T04:30:06.554Z,SOL,0.69,163900,120.7,1348.606131
2026-10-04T04:30:06.554Z,ETH,0.7966,3659000,2691.73,1348.606131
2026-10-04T04:30:06.554Z,FIL,0.7866,1439,1.0587,1348.606131
2026-10-04T04:30:06.554Z,TRX,1.5589,459.1,0.3352,1348.606131
2026-10-04T04:30:06.554Z,BNB,0.7707,1066000,784.4,1348.606131
2026-10-04T04:30:06.554Z,WLD,0.6276,802.3,0.5912,1348.606131
2026-10-04T04:30:06.554Z,FLOW,-0.9385,44.26,0.03313,1348.606131
2026-10-04T04:30:06.554Z,LINK,0.5934,19040,14.035,1348.606131
2026-10-04T04:30:06.554Z,DOGE,0.7508,125.9,0.09266,1348.606131
2026-10-04T04:30:06.554Z,SUI,0.8625,1601,1.177,1348.606131
2026-10-04T04:30:06.554Z,XLM,0.7846,293,0.21557,1348.606131
2026-10-04T04:30:06.554Z,BCH,1.2504,433400,317.4,1348.606131
2026-10-04T04:30:06.554Z,AVAX,0.9039,15030,11.045,1348.606131
2026-10-04T04:30:06.554Z,ETC,0.8052,12000,8.827,1348.606131
2026-10-04T04:30:06.554Z,AAVE,5.7724,259800,182.13,1348.606131
2026-10-04T04:30:06.554Z,ADA,0.7813,330,0.2428,1348.606131
2026-10-04T04:30:06.554Z,HYPE,0.5279,121900,89.915,1348.606131
2026-10-04T04:30:06.554Z,SEI,0.6064,97.2,0.07164,1348.606131
2026-10-04T04:30:06.554Z,HBAR,1.3744,138.3,0.10116,1348.606131
2026-10-04T04:30:06.554Z,ARB,0.4028,273.8,0.20221,1348.606131
2026-10-04T04:30:06.554Z,JTO,-0.4025,755,0.5621,1348.606131
2026-10-04T04:30:06.554Z,ONDO,0.6725,673,0.4957,1348.606131
2026-10-04T04:30:06.554Z,QTUM,-0.2609,1335,0.9925,1348.606131
2026-10-04T04:30:06.554Z,PYTH,-3.2488,102.1,0.07825,1348.606131
2026-10-04T04:30:06.554Z,APT,0.3214,1081,0.799,1348.606131
2026-10-04T04:30:06.554Z,UNI,1.1257,12300,9.019,1348.606131
2026-10-04T04:30:06.554Z,TIA,-0.5315,634.5,0.473,1348.606131
2026-10-04T04:30:06.554Z,ALGO,-0.3801,173,0.12877,1348.606131
2026-10-04T04:30:06.554Z,NEAR,0.4736,6485,4.786,1348.606131
2026-10-04T04:30:06.554Z,ZIL,-5.3933,4.5,0.003527,1348.606131
2026-10-04T04:30:06.554Z,SUSHI,-3.362,335.2,0.2572,1348.606131
2026-10-04T04:30:06.554Z,PENDLE,-5.3454,3153,2.47,1348.606131
2026-10-04T04:30:06.554Z,XTZ,0.6984,440,0.324,1348.606131
2026-10-04T04:30:06.554Z,W,0.8335,19.9,0.014634,1348.606131
2026-10-04T04:30:06.554Z,AR,-0.287,6015,4.473,1348.606131
2026-10-04T04:30:06.554Z,SHIB,0.2563,0.0077,5.695e-06,1348.606131
2026-10-04T04:30:06.554Z,CELO,18.469,159.8,0.10002,1348.606131
2026-10-04T04:30:06.554Z,STX,1.1163,511.1,0.3748,1348.606131
2026-10-04T04:30:06.554Z,JUP,0.4933,447.1,0.3299,1348.606131
2026-10-04T04:30:06.554Z,PEPE,2.4564,0.0059,4.27e-06,1348.606131
2026-10-04T04:30:06.554Z,DYDX,-1.2247,200,0.15014,1348.606131
2026-10-04T04:30:06.554Z,KITE,-13.7999,176.2,0.15157,1348.606131
2026-10-04T04:30:06.554Z,CRV,0.3098,507.7,0.3753,1348.606131
2026-10-04T04:30:06.554Z,ENJ,-3.422,44.01,0.03379,1348.606131
2026-10-04T04:30:06.554Z,ATOM,22.6003,2824,1.708,1348.606131
2026-10-04T04:30:06.554Z,ICP,0.6812,4478,3.298,1348.606131
2026-10-04T04:30:06.554Z,SPACE,1.6779,7.284,0.005312,1348.606131
2026-10-04T04:30:06.554Z,DOT,0.4569,1597,1.1788,1348.606131
2026-10-04T04:30:06.554Z,ETHFI,-3.8252,944.1,0.7279,1348.606131
2026-10-04T04:30:06.554Z,CC,-0.8368,167.7,0.1254,1348.606131
2026-10-04T04:30:06.554Z,SYRUP,1.0594,350.4,0.2571,1348.606131
2026-10-04T04:30:06.554Z,TAO,-2.8806,400000,305.4,1348.606131
2026-10-04T04:30:06.554Z,GRAM,-1.2936,2042,1.534,1348.606131
2026-10-04T04:30:06.554Z,RAY,-5.9941,2613,2.0611,1348.606131
2026-10-04T04:30:06.554Z,RENDER,0.0384,2620,1.942,1348.606131
2026-10-04T04:30:06.554Z,GRASS,1.4456,991.6,0.7248,1348.606131
2026-10-04T04:30:06.554Z,MINA,-0.9423,225.7,0.16895,1348.606131
2026-10-04T04:30:06.554Z,POL,-4.9125,140.2,0.10933,1348.606131
2026-10-04T04:30:06.554Z,ENA,-3.9727,308.8,0.23845,1348.606131
2026-10-04T04:30:06.554Z,SAND,-0.8485,100.1,0.07486,1348.606131
2026-10-04T04:30:06.554Z,AERO,-4.4308,1074,0.8333,1348.606131
2026-10-04T04:30:06.554Z,KGEN,-2.1413,213.4,0.1617,1348.606131
2026-10-04T04:30:06.554Z,LIT,2.054,4977,3.6162,1348.606131
2026-10-04T04:30:06.554Z,MANA,-0.4629,143.7,0.10705,1348.606131
2026-10-04T04:30:06.554Z,BAND,-3.9216,299.7,0.2313,1348.606131
2026-10-04T04:30:06.554Z,APE,-1.1445,219.4,0.16457,1348.606131
2026-10-04T04:30:06.554Z,GMT,-0.3281,12.06,0.008972,1348.606131
2026-10-04T04:30:06.554Z,VIRTUAL,-2.5518,1039,0.7906,1348.606131
2026-10-04T04:30:06.554Z,LPT,1.8137,2396,1.745,1348.606131
2026-10-04T04:30:06.554Z,DATA,1.6661,288.2,0.2102,1348.606131
2026-10-04T04:30:06.554Z,THETA,0.1325,308.7,0.2286,1348.606131
2026-10-04T04:30:06.554Z,GRT,0.9928,38.49,0.02826,1348.606131
2026-10-04T04:30:06.554Z,LAYER,2.1787,107.8,0.07823,1348.606131
2026-10-04T04:30:06.554Z,NMR,0.0159,15560,11.536,1348.606131
2026-10-04T04:30:06.554Z,EIGEN,-9.8599,321.9,0.2648,1348.606131
2026-10-04T04:30:06.554Z,BAT,-7.5625,119.8,0.0961,1348.606131
2026-10-04T04:30:06.554Z,SPK,-3.625,32.35,0.02489,1348.606131
2026-10-04T04:30:06.554Z,PUMP,1.7275,8.75,0.006378,1348.606131
2026-10-04T04:30:06.554Z,KMNO,-4.7053,52.01,0.04047,1348.606131
2026-10-04T04:30:06.554Z,CHZ,-7.9807,21.32,0.01718,1348.606131
2026-10-04T04:30:06.554Z,PENGU,4.8309,12.95,0.00916,1348.606131
2026-10-04T04:30:06.554Z,OP,-4.0267,174.2,0.13459,1348.606131
2026-10-04T04:30:06.554Z,UMA,2.4281,560,0.4054,1348.606131
2026-10-04T04:30:06.554Z,ZRO,-0.3586,2721,2.0249,1348.606131
2026-10-04T04:30:06.554Z,S,-6.5819,52.8,0.04191,1348.606131
2026-10-04T04:30:06.554Z,IMX,-2.8011,249.7,0.19049,1348.606131
2026-10-04T04:30:06.554Z,A,1.1499,130,0.0953,1348.606131
2026-10-04T04:30:06.554Z,ATH,-1.9806,9.4,0.007111,1348.606131
2026-10-04T04:30:06.554Z,COMP,12.69,38100,25.07,1348.606131
2026-10-04T04:30:06.554Z,CVX,-1.2524,3019,2.267,1348.606131
2026-10-04T04:30:06.554Z,AXS,2.6018,1894,1.3688,1348.606131
2026-10-04T04:30:06.554Z,WCT,-2.5439,57.08,0.04343,1348.606131
2026-10-04T04:30:06.554Z,ME,-1.7108,103.1,0.07778,1348.606131
2026-10-04T04:30:06.554Z,ASTER,4.3787,1000,0.7104,1348.606131
2026-10-04T04:30:06.554Z,GMX,2.5955,11210,8.102,1348.606131
2026-10-04T04:30:06.554Z,MORPHO,-7.9979,3419,2.7556,1348.606131
2026-10-04T04:30:06.554Z,MON,-3.0451,46.3,0.03541,1348.606131
2026-10-04T04:30:06.554Z,1INCH,-1.1609,139,0.10428,1348.606131
2026-10-04T04:30:06.554Z,SKY,-3.8012,121.6,0.09373,1348.606131
2026-10-04T04:30:06.554Z,YGG,0.6293,38.84,0.02862,1348.606131
2026-10-04T04:30:06.554Z,BIO,-1.029,41.43,0.03104,1348.606131
2026-10-04T04:30:06.554Z,MOVE,-1.0129,13.79,0.01033,1348.606131
2026-10-04T04:30:06.554Z,GALA,-5.0918,3.292,0.002572,1348.606131
2026-10-04T04:30:06.554Z,ZK,-1.6255,17.56,0.013236,1348.606131
2026-10-04T04:30:06.554Z,ENS,7.8535,9930,6.827,1348.606131
2026-10-04T04:30:06.554Z,INJ,1.1722,10360,7.593,1348.606131
2026-10-04T04:30:06.554Z,KAITO,-5.5475,445.7,0.3499,1348.606131
2026-10-04T04:30:06.554Z,LDO,-1.1108,609.2,0.4568,1348.606131
2026-10-04T04:30:06.554Z,BLUR,27.1929,37.48,0.02185,1348.606131
2026-10-04T04:30:06.554Z,AUCTION,0.9887,5110,3.752,1348.606131
2026-10-04T04:30:06.554Z,ZETA,-3.0998,66.66,0.05101,1348.606131
2026-10-04T04:30:06.554Z,WIF,1.1928,340.9,0.2498,1348.606131
2026-10-04T04:30:06.554Z,KSM,-4.8085,6750,5.258,1348.606131
2026-10-04T04:30:06.554Z,SNX,-7.8805,315.8,0.2542,1348.606131
2026-10-04T04:30:06.554Z,FET,-1.0659,297,0.2226,1348.606131
2026-10-04T04:35:06.958Z,BTC,0.7723,115220000,84781.6,1348.606131
2026-10-04T04:35:06.958Z,XRP,0.7684,2025,1.4901,1348.606131
2026-10-04T04:35:06.958Z,SOL,0.7431,164000,120.71,1348.606131
2026-10-04T04:35:06.958Z,ETH,0.8352,3659000,2690.7,1348.606131
2026-10-04T04:35:06.958Z,FIL,0.8056,1439,1.0585,1348.606131
2026-10-04T04:35:06.958Z,TRX,1.5559,459.1,0.33521,1348.606131
2026-10-04T04:35:06.958Z,BNB,0.7965,1066000,784.2,1348.606131
2026-10-04T04:35:06.958Z,WLD,0.8122,803.5,0.591,1348.606131
2026-10-04T04:35:06.958Z,FLOW,-0.9385,44.26,0.03313,1348.606131
2026-10-04T04:35:06.958Z,LINK,0.7585,19040,14.012,1348.606131
2026-10-04T04:35:06.958Z,DOGE,0.7616,125.9,0.09265,1348.606131
2026-10-04T04:35:06.958Z,SUI,1.0084,1601,1.1753,1348.606131
2026-10-04T04:35:06.958Z,XLM,0.8361,293,0.21546,1348.606131
2026-10-04T04:35:06.958Z,BCH,1.2504,433400,317.4,1348.606131
2026-10-04T04:35:06.958Z,AVAX,0.9771,15030,11.037,1348.606131
2026-10-04T04:35:06.958Z,ETC,0.8509,12000,8.823,1348.606131
2026-10-04T04:35:06.958Z,AAVE,5.8422,259800,182.01,1348.606131
2026-10-04T04:35:06.958Z,ADA,0.8229,330,0.2427,1348.606131
2026-10-04T04:35:06.958Z,HYPE,0.5178,121900,89.924,1348.606131
2026-10-04T04:35:06.958Z,SEI,0.7189,97.2,0.07156,1348.606131
2026-10-04T04:35:06.958Z,HBAR,1.4446,138.3,0.10109,1348.606131
2026-10-04T04:35:06.958Z,ARB,0.4077,273.8,0.2022,1348.606131
2026-10-04T04:35:06.958Z,JTO,-0.4911,755,0.5626,1348.606131
2026-10-04T04:35:06.958Z,ONDO,0.7335,673,0.4954,1348.606131
2026-10-04T04:35:06.958Z,QTUM,-0.12,1335,0.9911,1348.606131
2026-10-04T04:35:06.958Z,PYTH,-3.323,102.1,0.07831,1348.606131
2026-10-04T04:35:06.958Z,APT,0.3591,1081,0.7987,1348.606131
2026-10-04T04:35:06.958Z,UNI,1.1818,12300,9.014,1348.606131
2026-10-04T04:35:06.958Z,TIA,-0.7205,634.5,0.4739,1348.606131
2026-10-04T04:35:06.958Z,ALGO,-0.3801,173,0.12877,1348.606131
2026-10-04T04:35:06.958Z,NEAR,0.4317,6485,4.788,1348.606131
2026-10-04T04:35:06.958Z,ZIL,-5.3396,4.5,0.003525,1348.606131
2026-10-04T04:35:06.958Z,SUSHI,-3.2492,335.2,0.2569,1348.606131
2026-10-04T04:35:06.958Z,PENDLE,-5.8409,3153,2.483,1348.606131
2026-10-04T04:35:06.958Z,XTZ,0.7295,440,0.3239,1348.606131
2026-10-04T04:35:06.958Z,W,1.103,19.9,0.014595,1348.606131
2026-10-04T04:35:06.958Z,AR,-0.4206,6015,4.479,1348.606131
2026-10-04T04:35:06.958Z,SHIB,0.2916,0.0077,5.693e-06,1348.606131
2026-10-04T04:35:06.958Z,CELO,18.2562,159.8,0.1002,1348.606131
2026-10-04T04:35:06.958Z,STX,0.9278,511.1,0.3755,1348.606131
2026-10-04T04:35:06.958Z,JUP,0.4933,447.1,0.3299,1348.606131
2026-10-04T04:35:06.958Z,PEPE,2.4564,0.0059,4.27e-06,1348.606131
2026-10-04T04:35:06.958Z,DYDX,-1.3298,200,0.1503,1348.606131
2026-10-04T04:35:06.958Z,KITE,-14.0664,176.2,0.15204,1348.606131
2026-10-04T04:35:06.958Z,CRV,0.4973,507.7,0.3746,1348.606131
2026-10-04T04:35:06.958Z,ENJ,-3.7354,44.01,0.0339,1348.606131
2026-10-04T04:35:06.958Z,ATOM,22.7441,2824,1.706,1348.606131
2026-10-04T04:35:06.958Z,ICP,0.8034,4478,3.294,1348.606131
2026-10-04T04:35:06.958Z,SPACE,1.6397,7.284,0.005314,1348.606131
2026-10-04T04:35:06.958Z,DOT,0.5678,1597,1.1775,1348.606131
2026-10-04T04:35:06.958Z,ETHFI,11.7659,1097,0.7278,1348.606131
2026-10-04T04:35:06.958Z,CC,-0.4797,167.7,0.12495,1348.606131
2026-10-04T04:35:06.958Z,SYRUP,1.2564,350.4,0.2566,1348.606131
2026-10-04T04:35:06.958Z,TAO,-3.0394,400000,305.9,1348.606131
2026-10-04T04:35:06.958Z,GRAM,-1.1002,2042,1.531,1348.606131
2026-10-04T04:35:06.958Z,RAY,-5.9713,2613,2.0606,1348.606131
2026-10-04T04:35:06.958Z,RENDER,0.09,2620,1.941,1348.606131
2026-10-04T04:35:06.958Z,GRASS,1.3058,991.6,0.7258,1348.606131
2026-10-04T04:35:06.958Z,MINA,-0.9716,225.7,0.169,1348.606131
2026-10-04T04:35:06.958Z,POL,-4.982,140.2,0.10941,1348.606131
2026-10-04T04:35:06.958Z,ENA,9.2779,352,0.23885,1348.606131
2026-10-04T04:35:06.958Z,SAND,-0.8485,100.1,0.07486,1348.606131
2026-10-04T04:35:06.958Z,AERO,-4.4767,1074,0.8337,1348.606131
2026-10-04T04:35:06.958Z,KGEN,-2.1413,213.4,0.1617,1348.606131
2026-10-04T04:35:06.958Z,LIT,1.8484,4977,3.6235,1348.606131
2026-10-04T04:35:06.958Z,MANA,-0.5558,143.7,0.10715,1348.606131
2026-10-04T04:35:06.958Z,BAND,-3.9631,299.7,0.2314,1348.606131
2026-10-04T04:35:06.958Z,APE,-1.0724,219.4,0.16445,1348.606131
2026-10-04T04:35:06.958Z,GMT,-0.1946,12.06,0.00896,1348.606131
2026-10-04T04:35:06.958Z,VIRTUAL,-2.5025,1039,0.7902,1348.606131
2026-10-04T04:35:06.958Z,LPT,1.989,2396,1.742,1348.606131
2026-10-04T04:35:06.958Z,DATA,1.473,288.2,0.2106,1348.606131
2026-10-04T04:35:06.958Z,THETA,0.1764,308.7,0.2285,1348.606131
2026-10-04T04:35:06.958Z,GRT,1.0286,38.49,0.02825,1348.606131
2026-10-04T04:35:06.958Z,LAYER,2.1526,107.8,0.07825,1348.606131
2026-10-04T04:35:06.958Z,NMR,0.1635,15560,11.519,1348.606131
2026-10-04T04:35:06.958Z,EIGEN,-9.5868,321.9,0.264,1348.606131
2026-10-04T04:35:06.958Z,BAT,-7.4758,119.8,0.09601,1348.606131
2026-10-04T04:35:06.958Z,SPK,-3.8568,32.35,0.02495,1348.606131
2026-10-04T04:35:06.958Z,PUMP,1.5206,8.75,0.006391,1348.606131
2026-10-04T04:35:06.958Z,KMNO,-4.6111,52.01,0.04043,1348.606131
2026-10-04T04:35:06.958Z,CHZ,-7.9807,21.32,0.01718,1348.606131
2026-10-04T04:35:06.958Z,PENGU,4.8538,12.95,0.009158,1348.606131
2026-10-04T04:35:06.958Z,OP,-3.934,174.2,0.13446,1348.606131
2026-10-04T04:35:06.958Z,UMA,2.4028,560,0.4055,1348.606131
2026-10-04T04:35:06.958Z,ZRO,-0.3537,2721,2.0248,1348.606131
2026-10-04T04:35:06.958Z,S,-6.6264,52.8,0.04193,1348.606131
2026-10-04T04:35:06.958Z,IMX,-2.7296,249.7,0.19035,1348.606131
2026-10-04T04:35:06.958Z,A,1.1817,130,0.09527,1348.606131
2026-10-04T04:35:06.958Z,ATH,-2.3514,9.4,0.007138,1348.606131
2026-10-04T04:35:06.958Z,COMP,12.735,38100,25.06,1348.606131
2026-10-04T04:35:06.958Z,CVX,-1.2524,3019,2.267,1348.606131
2026-10-04T04:35:06.958Z,AXS,2.5493,1894,1.3695,1348.606131
2026-10-04T04:35:06.958Z,WCT,-2.7454,57.08,0.04352,1348.606131
2026-10-04T04:35:06.958Z,ME,-1.6603,103.1,0.07774,1348.606131
2026-10-04T04:35:06.958Z,ASTER,4.3787,1000,0.7104,1348.606131
2026-10-04T04:35:06.958Z,GMX,2.5955,11210,8.102,1348.606131
2026-10-04T04:35:06.958Z,MORPHO,3.5716,3853,2.7585,1348.606131
2026-10-04T04:35:06.958Z,MON,-2.5497,46.3,0.03523,1348.606131
2026-10-04T04:35:06.958Z,1INCH,-1.1894,139,0.10431,1348.606131
2026-10-04T04:35:06.958Z,SKY,-3.3992,121.6,0.09334,1348.606131
2026-10-04T04:35:06.958Z,YGG,0.5239,38.84,0.02865,1348.606131
2026-10-04T04:35:06.958Z,BIO,-0.8693,41.43,0.03099,1348.606131
2026-10-04T04:35:06.958Z,MOVE,-0.7534,13.79,0.010303,1348.606131
2026-10-04T04:35:06.958Z,GALA,-4.3105,3.292,0.002551,1348.606131
2026-10-04T04:35:06.958Z,ZK,-1.7961,17.56,0.013259,1348.606131
2026-10-04T04:35:06.958Z,ENS,7.8535,9930,6.827,1348.606131
2026-10-04T04:35:06.958Z,INJ,1.2522,10360,7.587,1348.606131
2026-10-04T04:35:06.958Z,KAITO,-5.6284,445.7,0.3502,1348.606131
2026-10-04T04:35:06.958Z,LDO,-1.1325,609.2,0.4569,1348.606131
2026-10-04T04:35:06.958Z,BLUR,27.5432,37.48,0.02179,1348.606131
2026-10-04T04:35:06.958Z,AUCTION,1.0965,5110,3.748,1348.606131
2026-10-04T04:35:06.958Z,ZETA,-3.2136,66.66,0.05107,1348.606131
2026-10-04T04:35:06.958Z,WIF,1.1523,340.9,0.2499,1348.606131
2026-10-04T04:35:06.958Z,KSM,-4.899,6750,5.263,1348.606131
2026-10-04T04:35:06.958Z,SNX,-7.8443,315.8,0.2541,1348.606131
2026-10-04T04:35:06.958Z,FET,-0.9769,297,0.2224,1348.606131
2026-10-04T04:40:06.702Z,BTC,0.7837,115233000,84781.6,1348.606131
2026-10-04T04:40:06.702Z,XRP,0.7684,2025,1.4901,1348.606131
2026-10-04T04:40:06.702Z,SOL,0.8601,164000,120.57,1348.606131
2026-10-04T04:40:06.702Z,ETH,0.7812,3657000,2690.67,1348.606131
2026-10-04T04:40:06.702Z,FIL,0.8533,1439,1.058,1348.606131
2026-10-04T04:40:06.702Z,TRX,1.5589,459.1,0.3352,1348.606131
2026-10-04T04:40:06.702Z,BNB,0.7322,1066000,784.7,1348.606131
2026-10-04T04:40:06.702Z,WLD,0.6447,802.3,0.5911,1348.606131
2026-10-04T04:40:06.702Z,FLOW,-0.7588,44.26,0.03307,1348.606131
2026-10-04T04:40:06.702Z,LINK,0.8233,19040,14.003,1348.606131
2026-10-04T04:40:06.702Z,DOGE,0.8051,125.9,0.09261,1348.606131
2026-10-04T04:40:06.702Z,SUI,0.8105,1598,1.1754,1348.606131
2026-10-04T04:40:06.702Z,XLM,0.6865,293,0.21578,1348.606131
2026-10-04T04:40:06.702Z,BCH,1.1867,433400,317.6,1348.606131
2026-10-04T04:40:06.702Z,AVAX,0.9771,15030,11.037,1348.606131
2026-10-04T04:40:06.702Z,ETC,0.8967,12000,8.819,1348.606131
2026-10-04T04:40:06.702Z,AAVE,5.8015,259800,182.08,1348.606131
2026-10-04T04:40:06.702Z,ADA,0.8229,330,0.2427,1348.606131
2026-10-04T04:40:06.702Z,HYPE,0.5167,121900,89.925,1348.606131
2026-10-04T04:40:06.702Z,SEI,0.747,97.2,0.07154,1348.606131
2026-10-04T04:40:06.702Z,HBAR,1.5249,138.3,0.10101,1348.606131
2026-10-04T04:40:06.702Z,ARB,0.3879,273.8,0.20224,1348.606131
2026-10-04T04:40:06.702Z,JTO,-0.438,755,0.5623,1348.606131
2026-10-04T04:40:06.702Z,ONDO,0.7335,673,0.4954,1348.606131
2026-10-04T04:40:06.702Z,QTUM,-0.009,1335,0.99,1348.606131
2026-10-04T04:40:06.702Z,PYTH,-3.2735,102.1,0.07827,1348.606131
2026-10-04T04:40:06.702Z,APT,0.3591,1081,0.7987,1348.606131
2026-10-04T04:40:06.702Z,UNI,1.1594,12300,9.016,1348.606131
2026-10-04T04:40:06.702Z,TIA,-0.846,634.5,0.4745,1348.606131
2026-10-04T04:40:06.702Z,ALGO,0.9576,175.5,0.1289,1348.606131
2026-10-04T04:40:06.702Z,NEAR,-0.0069,6485,4.809,1348.606131
2026-10-04T04:40:06.702Z,ZIL,-5.2321,4.5,0.003521,1348.606131
2026-10-04T04:40:06.702Z,SUSHI,-3.2492,335.2,0.2569,1348.606131
2026-10-04T04:40:06.702Z,PENDLE,-5.3837,3153,2.471,1348.606131
2026-10-04T04:40:06.702Z,XTZ,0.8852,440,0.3234,1348.606131
2026-10-04T04:40:06.702Z,W,1.4994,19.9,0.014538,1348.606131
2026-10-04T04:40:06.702Z,AR,-0.3539,6015,4.476,1348.606131
2026-10-04T04:40:06.702Z,SHIB,0.274,0.0077,5.694e-06,1348.606131
2026-10-04T04:40:06.702Z,CELO,18.1383,159.8,0.1003,1348.606131
2026-10-04T04:40:06.702Z,STX,0.9547,511.1,0.3754,1348.606131
2026-10-04T04:40:06.702Z,JUP,0.4933,447.1,0.3299,1348.606131
2026-10-04T04:40:06.702Z,PEPE,2.4324,0.0059,4.271e-06,1348.606131
2026-10-04T04:40:06.702Z,DYDX,-0.509,200,0.14906,1348.606131
2026-10-04T04:40:06.702Z,KITE,-14.1342,176.2,0.15216,1348.606131
2026-10-04T04:40:06.702Z,CRV,0.3633,507.7,0.3751,1348.606131
2026-10-04T04:40:06.702Z,ENJ,-4.1876,44.01,0.03406,1348.606131
2026-10-04T04:40:06.702Z,ATOM,22.7441,2824,1.706,1348.606131
2026-10-04T04:40:06.702Z,ICP,0.7117,4478,3.297,1348.606131
2026-10-04T04:40:06.702Z,SPACE,1.6971,7.284,0.005311,1348.606131
2026-10-04T04:40:06.702Z,DOT,0.5763,1597,1.1774,1348.606131
2026-10-04T04:40:06.702Z,ETHFI,11.7659,1097,0.7278,1348.606131
2026-10-04T04:40:06.702Z,CC,-0.5195,167.7,0.125,1348.606131
2026-10-04T04:40:06.702Z,SYRUP,1.1381,350.4,0.2569,1348.606131
2026-10-04T04:40:06.702Z,TAO,-3.1027,400000,306.1,1348.606131
2026-10-04T04:40:06.702Z,GRAM,-1.2936,2042,1.534,1348.606131
2026-10-04T04:40:06.702Z,RAY,-5.8936,2613,2.0589,1348.606131
2026-10-04T04:40:06.702Z,RENDER,0.1416,2620,1.94,1348.606131
2026-10-04T04:40:06.702Z,GRASS,1.4316,991.6,0.7249,1348.606131
2026-10-04T04:40:06.702Z,MINA,-0.5715,225.7,0.16832,1348.606131
2026-10-04T04:40:06.702Z,POL,-5.0601,140.2,0.1095,1348.606131
2026-10-04T04:40:06.702Z,ENA,9.1545,352,0.23912,1348.606131
2026-10-04T04:40:06.702Z,SAND,-0.7159,100.1,0.07476,1348.606131
2026-10-04T04:40:06.702Z,AERO,-4.5111,1074,0.834,1348.606131
2026-10-04T04:40:06.702Z,KGEN,-2.3226,213.4,0.162,1348.606131
2026-10-04T04:40:06.702Z,LIT,1.8119,4977,3.6248,1348.606131
2026-10-04T04:40:06.702Z,MANA,-0.024,143.7,0.10658,1348.606131
2026-10-04T04:40:06.702Z,BAND,-3.8384,299.7,0.2311,1348.606131
2026-10-04T04:40:06.702Z,APE,-1.0242,219.4,0.16437,1348.606131
2026-10-04T04:40:06.702Z,GMT,-0.1723,12.06,0.008958,1348.606131
2026-10-04T04:40:06.702Z,VIRTUAL,-2.4655,1039,0.7899,1348.606131
2026-10-04T04:40:06.702Z,LPT,1.9305,2396,1.743,1348.606131
2026-10-04T04:40:06.702Z,DATA,1.5695,288.2,0.2104,1348.606131
2026-10-04T04:40:06.702Z,THETA,0.3081,308.7,0.2282,1348.606131
2026-10-04T04:40:06.702Z,GRT,1.0644,38.49,0.02824,1348.606131
2026-10-04T04:40:06.702Z,LAYER,2.2048,107.8,0.07821,1348.606131
2026-10-04T04:40:06.702Z,NMR,0.0593,15560,11.531,1348.606131
2026-10-04T04:40:06.702Z,EIGEN,-9.4839,321.9,0.2637,1348.606131
2026-10-04T04:40:06.702Z,BAT,-7.2633,119.8,0.09579,1348.606131
2026-10-04T04:40:06.702Z,SPK,-3.8568,32.35,0.02495,1348.606131
2026-10-04T04:40:06.702Z,PUMP,1.6637,8.75,0.006382,1348.606131
2026-10-04T04:40:06.702Z,KMNO,-4.3983,52.01,0.04034,1348.606131
2026-10-04T04:40:06.702Z,CHZ,-7.9807,21.32,0.01718,1348.606131
2026-10-04T04:40:06.702Z,PENGU,4.8194,12.95,0.009161,1348.606131
2026-10-04T04:40:06.702Z,OP,-3.841,174.2,0.13433,1348.606131
2026-10-04T04:40:06.702Z,UMA,2.2012,560,0.4063,1348.606131
2026-10-04T04:40:06.702Z,ZRO,-0.0773,2721,2.0192,1348.606131
2026-10-04T04:40:06.702Z,S,-6.9372,52.8,0.04207,1348.606131
2026-10-04T04:40:06.702Z,IMX,-3.3138,249.7,0.1915,1348.606131
2026-10-04T04:40:06.702Z,A,1.2455,130,0.09521,1348.606131
2026-10-04T04:40:06.702Z,ATH,-2.5834,9.4,0.007155,1348.606131
2026-10-04T04:40:06.702Z,COMP,12.78,38100,25.05,1348.606131
2026-10-04T04:40:06.702Z,CVX,-1.2524,3019,2.267,1348.606131
2026-10-04T04:40:06.702Z,AXS,2.9326,1894,1.3644,1348.606131
2026-10-04T04:40:06.702Z,WCT,-2.7901,57.08,0.04354,1348.606131
2026-10-04T04:40:06.702Z,ME,-1.7108,103.1,0.07778,1348.606131
2026-10-04T04:40:06.702Z,ASTER,4.3346,1000,0.7107,1348.606131
2026-10-04T04:40:06.702Z,GMX,2.6715,11210,8.096,1348.606131
2026-10-04T04:40:06.702Z,MORPHO,3.8087,3853,2.7522,1348.606131
2026-10-04T04:40:06.702Z,MON,-2.4112,46.3,0.03518,1348.606131
2026-10-04T04:40:06.702Z,1INCH,-1.1515,139,0.10427,1348.606131
2026-10-04T04:40:06.702Z,SKY,-3.6161,121.6,0.09355,1348.606131
2026-10-04T04:40:06.702Z,YGG,0.9467,38.84,0.02853,1348.606131
2026-10-04T04:40:06.702Z,BIO,-0.9013,41.43,0.031,1348.606131
2026-10-04T04:40:06.702Z,MOVE,-1.4327,13.79,0.010374,1348.606131
2026-10-04T04:40:06.702Z,GALA,-4.1978,3.292,0.002548,1348.606131
2026-10-04T04:40:06.702Z,ZK,-1.8035,17.56,0.01326,1348.606131
2026-10-04T04:40:06.702Z,ENS,7.7903,9930,6.831,1348.606131
2026-10-04T04:40:06.702Z,INJ,1.2789,10360,7.585,1348.606131
2026-10-04T04:40:06.702Z,KAITO,-6.0843,445.7,0.3519,1348.606131
2026-10-04T04:40:06.702Z,LDO,-1.1108,609.2,0.4568,1348.606131
2026-10-04T04:40:06.702Z,BLUR,27.4847,37.48,0.0218,1348.606131
2026-10-04T04:40:06.702Z,AUCTION,1.0965,5110,3.748,1348.606131
2026-10-04T04:40:06.702Z,ZETA,-3.2326,66.66,0.05108,1348.606131
2026-10-04T04:40:06.702Z,WIF,1.3144,340.9,0.2495,1348.606131
2026-10-04T04:40:06.702Z,KSM,-4.8266,6750,5.259,1348.606131
2026-10-04T04:40:06.702Z,SNX,-8.0614,315.8,0.2547,1348.606131
2026-10-04T04:40:06.702Z,FET,-0.8878,297,0.2222,1348.606131
2026-10-04T04:45:06.947Z,BTC,0.7733,115221000,84781.5,1348.606131
2026-10-04T04:45:06.947Z,XRP,0.7752,2025,1.49,1348.606131
2026-10-04T04:45:06.947Z,SOL,0.8488,163900,120.51,1348.606131
2026-10-04T04:45:06.947Z,ETH,0.7838,3657000,2690.6,1348.606131
2026-10-04T04:45:06.947Z,FIL,0.7961,1439,1.0586,1348.606131
2026-10-04T04:45:06.947Z,TRX,1.5892,459.1,0.3351,1348.606131
2026-10-04T04:45:06.947Z,BNB,0.7322,1066000,784.7,1348.606131
2026-10-04T04:45:06.947Z,WLD,0.7299,802.3,0.5906,1348.606131
2026-10-04T04:45:06.947Z,FLOW,-0.7588,44.26,0.03307,1348.606131
2026-10-04T04:45:06.947Z,LINK,0.8809,19040,13.995,1348.606131
2026-10-04T04:45:06.947Z,DOGE,0.8051,125.9,0.09261,1348.606131
2026-10-04T04:45:06.947Z,SUI,0.8878,1598,1.1745,1348.606131
2026-10-04T04:45:06.947Z,XLM,0.8454,293,0.21544,1348.606131
2026-10-04T04:45:06.947Z,BCH,1.2504,433400,317.4,1348.606131
2026-10-04T04:45:06.947Z,AVAX,0.9954,15030,11.035,1348.606131
2026-10-04T04:45:06.947Z,ETC,0.8623,12000,8.822,1348.606131
2026-10-04T04:45:06.947Z,AAVE,5.7841,259800,182.11,1348.606131
2026-10-04T04:45:06.947Z,ADA,0.7813,330,0.2428,1348.606131
2026-10-04T04:45:06.947Z,HYPE,0.4943,121900,89.945,1348.606131
2026-10-04T04:45:06.947Z,SEI,0.4802,97.2,0.07173,1348.606131
2026-10-04T04:45:06.947Z,HBAR,1.5048,138.3,0.10103,1348.606131
2026-10-04T04:45:06.947Z,ARB,0.2837,273.8,0.20245,1348.606131
2026-10-04T04:45:06.947Z,JTO,-0.4025,755,0.5621,1348.606131
2026-10-04T04:45:06.947Z,ONDO,0.8149,673,0.495,1348.606131
2026-10-04T04:45:06.947Z,QTUM,-0.0191,1335,0.9901,1348.606131
2026-10-04T04:45:06.947Z,PYTH,9.0673,115.2,0.07832,1348.606131
2026-10-04T04:45:06.947Z,APT,0.4346,1081,0.7981,1348.606131
2026-10-04T04:45:06.947Z,UNI,1.1145,12300,9.02,1348.606131
2026-10-04T04:45:06.947Z,TIA,-0.7414,634.5,0.474,1348.606131
2026-10-04T04:45:06.947Z,ALGO,1.0282,175.5,0.12881,1348.606131
2026-10-04T04:45:06.947Z,NEAR,0.0972,6485,4.804,1348.606131
2026-10-04T04:45:06.947Z,ZIL,-5.259,4.5,0.003522,1348.606131
2026-10-04T04:45:06.947Z,SUSHI,-3.2492,335.2,0.2569,1348.606131
2026-10-04T04:45:06.947Z,PENDLE,-5.3837,3153,2.471,1348.606131
2026-10-04T04:45:06.947Z,XTZ,1.0414,440,0.3229,1348.606131
2026-10-04T04:45:06.947Z,W,1.0406,19.9,0.014604,1348.606131
2026-10-04T04:45:06.947Z,AR,-0.3316,6015,4.475,1348.606131
2026-10-04T04:45:06.947Z,SHIB,0.2563,0.0077,5.695e-06,1348.606131
2026-10-04T04:45:06.947Z,CELO,18.268,159.8,0.10019,1348.606131
2026-10-04T04:45:06.947Z,STX,0.9816,511.1,0.3753,1348.606131
2026-10-04T04:45:06.947Z,JUP,0.5543,447.1,0.3297,1348.606131
2026-10-04T04:45:06.947Z,PEPE,2.4084,0.0059,4.272e-06,1348.606131
2026-10-04T04:45:06.947Z,DYDX,-0.629,200,0.14924,1348.606131
2026-10-04T04:45:06.947Z,KITE,-13.8625,176.2,0.15168,1348.606131
2026-10-04T04:45:06.947Z,CRV,0.4436,507.7,0.3748,1348.606131
2026-10-04T04:45:06.947Z,ENJ,-4.9965,44.01,0.03435,1348.606131
2026-10-04T04:45:06.947Z,ATOM,22.6722,2824,1.707,1348.606131
2026-10-04T04:45:06.947Z,ICP,0.8341,4478,3.293,1348.606131
2026-10-04T04:45:06.947Z,SPACE,1.7354,7.284,0.005309,1348.606131
2026-10-04T04:45:06.947Z,DOT,0.6105,1597,1.177,1348.606131
2026-10-04T04:45:06.947Z,ETHFI,11.4596,1097,0.7298,1348.606131
2026-10-04T04:45:06.947Z,CC,-0.4239,167.7,0.12488,1348.606131
2026-10-04T04:45:06.947Z,SYRUP,1.1775,350.4,0.2568,1348.606131
2026-10-04T04:45:06.947Z,TAO,-3.1344,400000,306.2,1348.606131
2026-10-04T04:45:06.947Z,GRAM,-1.2292,2042,1.533,1348.606131
2026-10-04T04:45:06.947Z,RAY,-5.9439,2613,2.06,1348.606131
2026-10-04T04:45:06.947Z,RENDER,0.1416,2620,1.94,1348.606131
2026-10-04T04:45:06.947Z,GRASS,1.5717,991.6,0.7239,1348.606131
2026-10-04T04:45:06.947Z,MINA,-0.3999,225.7,0.16803,1348.606131
2026-10-04T04:45:06.947Z,POL,-5.1121,140.2,0.10956,1348.606131
2026-10-04T04:45:06.947Z,ENA,9.0997,352,0.23924,1348.606131
2026-10-04T04:45:06.947Z,SAND,-0.9279,100.1,0.07492,1348.606131
2026-10-04T04:45:06.947Z,AERO,-4.7623,1074,0.8362,1348.606131
2026-10-04T04:45:06.947Z,KGEN,-2.6231,213.4,0.1625,1348.606131
2026-10-04T04:45:06.947Z,LIT,1.9159,4977,3.6211,1348.606131
2026-10-04T04:45:06.947Z,MANA,0.3716,143.7,0.10616,1348.606131
2026-10-04T04:45:06.947Z,BAND,-3.7551,299.7,0.2309,1348.606131
2026-10-04T04:45:06.947Z,APE,-0.8855,219.4,0.16414,1348.606131
2026-10-04T04:45:06.947Z,GMT,-0.1611,12.06,0.008957,1348.606131
2026-10-04T04:45:06.947Z,VIRTUAL,-2.4778,1039,0.79,1348.606131
2026-10-04T04:45:06.947Z,LPT,1.989,2396,1.742,1348.606131
2026-10-04T04:45:06.947Z,DATA,1.5695,288.2,0.2104,1348.606131
2026-10-04T04:45:06.947Z,THETA,0.352,308.7,0.2281,1348.606131
2026-10-04T04:45:06.947Z,GRT,1.0644,38.49,0.02824,1348.606131
2026-10-04T04:45:06.947Z,LAYER,2.3095,107.8,0.07813,1348.606131
2026-10-04T04:45:06.947Z,NMR,-0.1744,15560,11.558,1348.606131
2026-10-04T04:45:06.947Z,EIGEN,-9.5182,321.9,0.2638,1348.606131
2026-10-04T04:45:06.947Z,BAT,-7.2246,119.8,0.09575,1348.606131
2026-10-04T04:45:06.947Z,SPK,-3.7411,32.35,0.02492,1348.606131
2026-10-04T04:45:06.947Z,PUMP,1.616,8.75,0.006385,1348.606131
2026-10-04T04:45:06.947Z,KMNO,-4.3745,52.01,0.04033,1348.606131
2026-10-04T04:45:06.947Z,CHZ,-7.766,21.32,0.01714,1348.606131
2026-10-04T04:45:06.947Z,PENGU,4.8309,12.95,0.00916,1348.606131
2026-10-04T04:45:06.947Z,OP,-3.8696,174.2,0.13437,1348.606131
2026-10-04T04:45:06.947Z,UMA,2.3524,560,0.4057,1348.606131
2026-10-04T04:45:06.947Z,ZRO,-0.1268,2721,2.0202,1348.606131
2026-10-04T04:45:06.947Z,S,-6.2239,52.8,0.04175,1348.606131
2026-10-04T04:45:06.947Z,IMX,-3.1924,249.7,0.19126,1348.606131
2026-10-04T04:45:06.947Z,A,1.4693,130,0.095,1348.606131
2026-10-04T04:45:06.947Z,ATH,-2.8955,9.4,0.007178,1348.606131
2026-10-04T04:45:06.947Z,COMP,12.9152,38100,25.02,1348.606131
2026-10-04T04:45:06.947Z,CVX,-0.6388,3019,2.253,1348.606131
2026-10-04T04:45:06.947Z,AXS,3.0308,1894,1.3631,1348.606131
2026-10-04T04:45:06.947Z,WCT,-2.5888,57.08,0.04345,1348.606131
2026-10-04T04:45:06.947Z,ME,-1.7235,103.1,0.07779,1348.606131
2026-10-04T04:45:06.947Z,ASTER,4.32,1000,0.7108,1348.606131
2026-10-04T04:45:06.947Z,GMX,2.5955,11210,8.102,1348.606131
2026-10-04T04:45:06.947Z,MORPHO,3.8956,3853,2.7499,1348.606131
2026-10-04T04:45:06.947Z,MON,-1.5718,46.3,0.03488,1348.606131
2026-10-04T04:45:06.947Z,1INCH,-1.1799,139,0.1043,1348.606131
2026-10-04T04:45:06.947Z,SKY,-3.5748,121.6,0.09351,1348.606131
2026-10-04T04:45:06.947Z,YGG,1.3731,38.84,0.02841,1348.606131
2026-10-04T04:45:06.947Z,BIO,-0.8373,41.43,0.03098,1348.606131
2026-10-04T04:45:06.947Z,MOVE,-1.0703,13.79,0.010336,1348.606131
2026-10-04T04:45:06.947Z,GALA,-4.1226,3.292,0.002546,1348.606131
2026-10-04T04:45:06.947Z,ZK,-1.7665,17.56,0.013255,1348.606131
2026-10-04T04:45:06.947Z,ENS,7.743,9930,6.834,1348.606131
2026-10-04T04:45:06.947Z,INJ,0.9064,10360,7.613,1348.606131
2026-10-04T04:45:06.947Z,KAITO,-6.1643,445.7,0.3522,1348.606131
2026-10-04T04:45:06.947Z,LDO,-1.0242,609.2,0.4564,1348.606131
2026-10-04T04:45:06.947Z,BLUR,27.8365,37.48,0.02174,1348.606131
2026-10-04T04:45:06.947Z,AUCTION,1.0965,5110,3.748,1348.606131
2026-10-04T04:45:06.947Z,ZETA,-3.5912,66.66,0.05127,1348.606131
2026-10-04T04:45:06.947Z,WIF,1.2333,340.9,0.2497,1348.606131
2026-10-04T04:45:06.947Z,KSM,-4.8085,6750,5.258,1348.606131
2026-10-04T04:45:06.947Z,SNX,-8.0614,315.8,0.2547,1348.606131
2026-10-04T04:45:06.947Z,FET,-0.8431,297,0.2221,1348.606131
2026-10-04T04:50:06.913Z,BTC,0.7768,115225000,84781.5,1348.606131
2026-10-04T04:50:06.913Z,XRP,0.7549,2025,1.4903,1348.606131
2026-10-04T04:50:06.913Z,SOL,0.7455,163800,120.56,1348.606131
2026-10-04T04:50:06.913Z,ETH,0.7913,3657000,2690.4,1348.606131
2026-10-04T04:50:06.913Z,FIL,0.644,1439,1.0602,1348.606131
2026-10-04T04:50:06.913Z,TRX,1.5741,459.1,0.33515,1348.606131
2026-10-04T04:50:06.913Z,BNB,0.7322,1066000,784.7,1348.606131
2026-10-04T04:50:06.913Z,WLD,0.6787,802.3,0.5909,1348.606131
2026-10-04T04:50:06.913Z,FLOW,-0.7588,44.26,0.03307,1348.606131
2026-10-04T04:50:06.913Z,LINK,0.9025,19040,13.992,1348.606131
2026-10-04T04:50:06.913Z,DOGE,0.8417,126,0.09265,1348.606131
2026-10-04T04:50:06.913Z,SUI,0.6992,1598,1.1767,1348.606131
2026-10-04T04:50:06.913Z,XLM,0.8641,293,0.2154,1348.606131
2026-10-04T04:50:06.913Z,BCH,1.1548,433400,317.7,1348.606131
2026-10-04T04:50:06.913Z,AVAX,0.9679,15030,11.038,1348.606131
2026-10-04T04:50:06.913Z,ETC,0.8509,12000,8.823,1348.606131
2026-10-04T04:50:06.913Z,AAVE,5.848,259800,182,1348.606131
2026-10-04T04:50:06.913Z,ADA,0.6984,330,0.243,1348.606131
2026-10-04T04:50:06.913Z,HYPE,0.2858,121900,90.132,1348.606131
2026-10-04T04:50:06.913Z,SEI,0.0756,97.2,0.07202,1348.606131
2026-10-04T04:50:06.913Z,HBAR,1.4245,138.3,0.10111,1348.606131
2026-10-04T04:50:06.913Z,ARB,0.3482,273.8,0.20232,1348.606131
2026-10-04T04:50:06.913Z,JTO,-0.7908,755,0.5643,1348.606131
2026-10-04T04:50:06.913Z,ONDO,0.5914,673,0.4961,1348.606131
2026-10-04T04:50:06.913Z,QTUM,-0.13,1335,0.9912,1348.606131
2026-10-04T04:50:06.913Z,PYTH,8.8866,115.2,0.07845,1348.606131
2026-10-04T04:50:06.913Z,APT,0.2712,1081,0.7994,1348.606131
2026-10-04T04:50:06.913Z,UNI,1.0585,12300,9.025,1348.606131
2026-10-04T04:50:06.913Z,TIA,-0.9921,634.5,0.4752,1348.606131
2026-10-04T04:50:06.913Z,ALGO,0.9576,175.5,0.1289,1348.606131
2026-10-04T04:50:06.913Z,NEAR,0.1389,6485,4.802,1348.606131
2026-10-04T04:50:06.913Z,ZIL,-5.5272,4.5,0.003532,1348.606131
2026-10-04T04:50:06.913Z,SUSHI,-3.4371,335.2,0.2574,1348.606131
2026-10-04T04:50:06.913Z,PENDLE,-5.4602,3153,2.473,1348.606131
2026-10-04T04:50:06.913Z,XTZ,0.6052,440,0.3243,1348.606131
2026-10-04T04:50:06.913Z,W,1.4575,19.9,0.014544,1348.606131
2026-10-04T04:50:06.913Z,AR,-0.5095,6015,4.483,1348.606131
2026-10-04T04:50:06.913Z,SHIB,0.2387,0.0077,5.696e-06,1348.606131
2026-10-04T04:50:06.913Z,CELO,19.0403,159.8,0.09954,1348.606131
2026-10-04T04:50:06.913Z,STX,0.9009,511.1,0.3756,1348.606131
2026-10-04T04:50:06.913Z,JUP,0.4933,447.1,0.3299,1348.606131
2026-10-04T04:50:06.913Z,PEPE,2.3605,0.0059,4.274e-06,1348.606131
2026-10-04T04:50:06.913Z,DYDX,-0.7686,200,0.14945,1348.606131
2026-10-04T04:50:06.913Z,KITE,-13.9135,176.2,0.15177,1348.606131
2026-10-04T04:50:06.913Z,CRV,0.3366,507.7,0.3752,1348.606131
2026-10-04T04:50:06.913Z,ENJ,-5.0242,44.01,0.03436,1348.606131
2026-10-04T04:50:06.913Z,ATOM,22.5286,2824,1.709,1348.606131
2026-10-04T04:50:06.913Z,ICP,-0.0161,4478,3.321,1348.606131
2026-10-04T04:50:06.913Z,SPACE,1.6588,7.284,0.005313,1348.606131
2026-10-04T04:50:06.913Z,DOT,0.5336,1597,1.1779,1348.606131
2026-10-04T04:50:06.913Z,ETHFI,11.5208,1097,0.7294,1348.606131
2026-10-04T04:50:06.913Z,CC,-0.4319,167.7,0.12489,1348.606131
2026-10-04T04:50:06.913Z,SYRUP,0.6289,350.4,0.2582,1348.606131
2026-10-04T04:50:06.913Z,TAO,-3.166,400000,306.3,1348.606131
2026-10-04T04:50:06.913Z,GRAM,-1.2292,2042,1.533,1348.606131
2026-10-04T04:50:06.913Z,RAY,-6.0169,2613,2.0616,1348.606131
2026-10-04T04:50:06.913Z,RENDER,-0.1672,2620,1.946,1348.606131
2026-10-04T04:50:06.913Z,GRASS,1.4876,991.6,0.7245,1348.606131
2026-10-04T04:50:06.913Z,MINA,-0.666,225.7,0.16848,1348.606131
2026-10-04T04:50:06.913Z,POL,-5.1294,140.2,0.10958,1348.606131
2026-10-04T04:50:06.913Z,ENA,9.1134,352,0.23921,1348.606131
2026-10-04T04:50:06.913Z,SAND,-2.3615,100.1,0.07602,1348.606131
2026-10-04T04:50:06.913Z,AERO,-4.7964,1074,0.8365,1348.606131
2026-10-04T04:50:06.913Z,KGEN,-2.3828,213.4,0.1621,1348.606131
2026-10-04T04:50:06.913Z,LIT,1.854,4977,3.6233,1348.606131
2026-10-04T04:50:06.913Z,MANA,-0.4536,143.7,0.10704,1348.606131
2026-10-04T04:50:06.913Z,BAND,-4.046,299.7,0.2316,1348.606131
2026-10-04T04:50:06.913Z,APE,-1.1445,219.4,0.16457,1348.606131
2026-10-04T04:50:06.913Z,GMT,-0.4058,12.06,0.008979,1348.606131
2026-10-04T04:50:06.913Z,VIRTUAL,-2.6134,1039,0.7911,1348.606131
2026-10-04T04:50:06.913Z,LPT,1.9305,2396,1.743,1348.606131
2026-10-04T04:50:06.913Z,DATA,1.473,288.2,0.2106,1348.606131
2026-10-04T04:50:06.913Z,THETA,0.2641,308.7,0.2283,1348.606131
2026-10-04T04:50:06.913Z,GRT,1.0644,38.49,0.02824,1348.606131
2026-10-04T04:50:06.913Z,LAYER,2.2048,107.8,0.07821,1348.606131
2026-10-04T04:50:06.913Z,NMR,0.2506,15560,11.509,1348.606131
2026-10-04T04:50:06.913Z,EIGEN,-9.8259,321.9,0.2647,1348.606131
2026-10-04T04:50:06.913Z,BAT,-7.7161,119.8,0.09626,1348.606131
2026-10-04T04:50:06.913Z,SPK,-3.8568,32.35,0.02495,1348.606131
2026-10-04T04:50:06.913Z,PUMP,1.4888,8.75,0.006393,1348.606131
2026-10-04T04:50:06.913Z,KMNO,-4.3508,52.01,0.04032,1348.606131
2026-10-04T04:50:06.913Z,CHZ,-7.9807,21.32,0.01718,1348.606131
2026-10-04T04:50:06.913Z,PENGU,4.7051,12.95,0.009171,1348.606131
2026-10-04T04:50:06.913Z,OP,-3.9482,174.2,0.13448,1348.606131
2026-10-04T04:50:06.913Z,UMA,2.2516,560,0.4061,1348.606131
2026-10-04T04:50:06.913Z,ZRO,-0.4127,2721,2.026,1348.606131
2026-10-04T04:50:06.913Z,S,-5.9761,52.8,0.04164,1348.606131
2026-10-04T04:50:06.913Z,IMX,-3.2076,249.7,0.19129,1348.606131
2026-10-04T04:50:06.913Z,A,1.512,130,0.09496,1348.606131
2026-10-04T04:50:06.913Z,ATH,-2.7465,9.4,0.007167,1348.606131
2026-10-04T04:50:06.913Z,COMP,13.0056,38100,25,1348.606131
2026-10-04T04:50:06.913Z,CVX,-0.7269,3019,2.255,1348.606131
2026-10-04T04:50:06.913Z,AXS,2.9176,1894,1.3646,1348.606131
2026-10-04T04:50:06.913Z,WCT,-2.7231,57.08,0.04351,1348.606131
2026-10-04T04:50:06.913Z,ME,-1.7992,103.1,0.07785,1348.606131
2026-10-04T04:50:06.913Z,ASTER,4.232,1000,0.7114,1348.606131
2026-10-04T04:50:06.913Z,GMX,2.6715,11210,8.096,1348.606131
2026-10-04T04:50:06.913Z,MORPHO,3.8653,3853,2.7507,1348.606131
2026-10-04T04:50:06.913Z,MON,-1.3172,46.3,0.03479,1348.606131
2026-10-04T04:50:06.913Z,1INCH,-1.1988,139,0.10432,1348.606131
2026-10-04T04:50:06.913Z,SKY,-3.4509,121.6,0.09339,1348.606131
2026-10-04T04:50:06.913Z,YGG,1.195,38.84,0.02846,1348.606131
2026-10-04T04:50:06.913Z,BIO,-0.9013,41.43,0.031,1348.606131
2026-10-04T04:50:06.913Z,MOVE,-0.8208,13.79,0.01031,1348.606131
2026-10-04T04:50:06.913Z,GALA,-4.4603,3.292,0.002555,1348.606131
2026-10-04T04:50:06.913Z,ZK,-1.8923,17.56,0.013272,1348.606131
2026-10-04T04:50:06.913Z,ENS,7.5071,9930,6.849,1348.606131
2026-10-04T04:50:06.913Z,INJ,0.7344,10360,7.626,1348.606131
2026-10-04T04:50:06.913Z,KAITO,-6.0843,445.7,0.3519,1348.606131
2026-10-04T04:50:06.913Z,LDO,-1.1108,609.2,0.4568,1348.606131
2026-10-04T04:50:06.913Z,BLUR,27.2512,37.48,0.02184,1348.606131
2026-10-04T04:50:06.913Z,AUCTION,1.0695,5110,3.749,1348.606131
2026-10-04T04:50:06.913Z,ZETA,-3.6288,66.66,0.05129,1348.606131
2026-10-04T04:50:06.913Z,WIF,1.031,340.9,0.2502,1348.606131
2026-10-04T04:50:06.913Z,KSM,-5.0253,6750,5.27,1348.606131
2026-10-04T04:50:06.913Z,SNX,-8.1335,315.8,0.2549,1348.606131
2026-10-04T04:50:06.913Z,FET,-0.9769,297,0.2224,1348.606131
2026-10-04T04:55:06.906Z,BTC,0.7847,115234000,84781.5,1348.606131
2026-10-04T04:55:06.906Z,XRP,0.8293,2025,1.4892,1348.606131
2026-10-04T04:55:06.906Z,SOL,0.7538,163800,120.55,1348.606131
2026-10-04T04:55:06.906Z,ETH,0.8138,3657000,2689.8,1348.606131
2026-10-04T04:55:06.906Z,FIL,0.5776,1439,1.0609,1348.606131
2026-10-04T04:55:06.906Z,TRX,1.5077,458.8,0.33515,1348.606131
2026-10-04T04:55:06.906Z,BNB,0.7579,1066000,784.5,1348.606131
2026-10-04T04:55:06.906Z,WLD,0.8403,802.5,0.5901,1348.606131
2026-10-04T04:55:06.906Z,FLOW,-0.9684,44.26,0.03314,1348.606131
2026-10-04T04:55:06.906Z,LINK,0.9242,19040,13.989,1348.606131
2026-10-04T04:55:06.906Z,DOGE,0.8852,126,0.09261,1348.606131
2026-10-04T04:55:06.906Z,SUI,0.7163,1598,1.1765,1348.606131
2026-10-04T04:55:06.906Z,XLM,0.9344,293,0.21525,1348.606131
2026-10-04T04:55:06.906Z,BCH,1.2823,433400,317.3,1348.606131
2026-10-04T04:55:06.906Z,AVAX,0.9954,15030,11.035,1348.606131
2026-10-04T04:55:06.906Z,ETC,0.8509,12000,8.823,1348.606131
2026-10-04T04:55:06.906Z,AAVE,5.8887,259800,181.93,1348.606131
2026-10-04T04:55:06.906Z,ADA,0.8229,330,0.2427,1348.606131
2026-10-04T04:55:06.906Z,HYPE,0.6263,121900,89.827,1348.606131
2026-10-04T04:55:06.906Z,SEI,0.5911,97.85,0.07213,1348.606131
2026-10-04T04:55:06.906Z,HBAR,1.545,138.3,0.10099,1348.606131
2026-10-04T04:55:06.906Z,ARB,0.2837,273.8,0.20245,1348.606131
2026-10-04T04:55:06.906Z,JTO,-0.5264,755,0.5628,1348.606131
2026-10-04T04:55:06.906Z,ONDO,0.7538,673,0.4953,1348.606131
2026-10-04T04:55:06.906Z,QTUM,-0.1703,1335,0.9916,1348.606131
2026-10-04T04:55:06.906Z,PYTH,8.8727,115.2,0.07846,1348.606131
2026-10-04T04:55:06.906Z,APT,0.3591,1081,0.7987,1348.606131
2026-10-04T04:55:06.906Z,UNI,1.1818,12300,9.014,1348.606131
2026-10-04T04:55:06.906Z,TIA,-0.6785,634.5,0.4737,1348.606131
2026-10-04T04:55:06.906Z,ALGO,1.0674,175.5,0.12876,1348.606131
2026-10-04T04:55:06.906Z,NEAR,0.3897,6485,4.79,1348.606131
2026-10-04T04:55:06.906Z,ZIL,-5.3665,4.5,0.003526,1348.606131
2026-10-04T04:55:06.906Z,SUSHI,-3.6243,335.2,0.2579,1348.606131
2026-10-04T04:55:06.906Z,PENDLE,-5.6509,3153,2.478,1348.606131
2026-10-04T04:55:06.906Z,XTZ,0.6673,440,0.3241,1348.606131
2026-10-04T04:55:06.906Z,W,1.7513,19.9,0.014502,1348.606131
2026-10-04T04:55:06.906Z,AR,-0.3761,6015,4.477,1348.606131
2026-10-04T04:55:06.906Z,SHIB,0.2563,0.0077,5.695e-06,1348.606131
2026-10-04T04:55:06.906Z,CELO,18.754,159.8,0.09978,1348.606131
2026-10-04T04:55:06.906Z,STX,0.9547,511.1,0.3754,1348.606131
2026-10-04T04:55:06.906Z,JUP,0.6153,447.1,0.3295,1348.606131
2026-10-04T04:55:06.906Z,PEPE,2.3844,0.0059,4.273e-06,1348.606131
2026-10-04T04:55:06.906Z,DYDX,-1.0203,200,0.14983,1348.606131
2026-10-04T04:55:06.906Z,KITE,-13.6861,176.2,0.15137,1348.606131
2026-10-04T04:55:06.906Z,CRV,0.4973,507.7,0.3746,1348.606131
2026-10-04T04:55:06.906Z,ENJ,-5.6284,44.01,0.03458,1348.606131
2026-10-04T04:55:06.906Z,ATOM,22.5286,2824,1.709,1348.606131
2026-10-04T04:55:06.906Z,ICP,-2.0801,4478,3.391,1348.606131
2026-10-04T04:55:06.906Z,SPACE,1.2966,7.284,0.005332,1348.606131
2026-10-04T04:55:06.906Z,DOT,0.2443,1597,1.1813,1348.606131
2026-10-04T04:55:06.906Z,ETHFI,11.7199,1097,0.7281,1348.606131
2026-10-04T04:55:06.906Z,CC,-0.3441,167.7,0.12478,1348.606131
2026-10-04T04:55:06.906Z,SYRUP,0.8241,350.4,0.2577,1348.606131
2026-10-04T04:55:06.906Z,TAO,-2.8806,400000,305.4,1348.606131
2026-10-04T04:55:06.906Z,GRAM,-1.2292,2042,1.533,1348.606131
2026-10-04T04:55:06.906Z,RAY,-5.9073,2613,2.0592,1348.606131
2026-10-04T04:55:06.906Z,RENDER,-0.1672,2620,1.946,1348.606131
2026-10-04T04:55:06.906Z,GRASS,1.8249,991.6,0.7221,1348.606131
2026-10-04T04:55:06.906Z,MINA,-0.471,225.7,0.16815,1348.606131
2026-10-04T04:55:06.906Z,POL,-5.2073,140.2,0.10967,1348.606131
2026-10-04T04:55:06.906Z,ENA,9.6129,352,0.23812,1348.606131
2026-10-04T04:55:06.906Z,SAND,2.3581,108.5,0.0786,1348.606131
2026-10-04T04:55:06.906Z,AERO,-4.7737,1074,0.8363,1348.606131
2026-10-04T04:55:06.906Z,KGEN,-2.6231,213.4,0.1625,1348.606131
2026-10-04T04:55:06.906Z,LIT,1.8597,4977,3.6231,1348.606131
2026-10-04T04:55:06.906Z,MANA,-0.9717,143.7,0.1076,1348.606131
2026-10-04T04:55:06.906Z,BAND,-4.0046,299.7,0.2315,1348.606131
2026-10-04T04:55:06.906Z,APE,-1.3304,219.4,0.16488,1348.606131
2026-10-04T04:55:06.906Z,GMT,-0.4723,12.06,0.008985,1348.606131
2026-10-04T04:55:06.906Z,VIRTUAL,-2.6134,1039,0.7911,1348.606131
2026-10-04T04:55:06.906Z,LPT,1.989,2396,1.742,1348.606131
2026-10-04T04:55:06.906Z,DATA,1.5695,288.2,0.2104,1348.606131
2026-10-04T04:55:06.906Z,THETA,-0.0424,308.7,0.229,1348.606131
2026-10-04T04:55:06.906Z,GRT,0.9214,38.49,0.02828,1348.606131
2026-10-04T04:55:06.906Z,LAYER,2.244,107.8,0.07818,1348.606131
2026-10-04T04:55:06.906Z,NMR,0.2854,15560,11.505,1348.606131
2026-10-04T04:55:06.906Z,EIGEN,-9.1394,321.9,0.2627,1348.606131
2026-10-04T04:55:06.906Z,BAT,-7.8406,119.8,0.09639,1348.606131
2026-10-04T04:55:06.906Z,SPK,-4.0491,32.35,0.025,1348.606131
2026-10-04T04:55:06.906Z,PUMP,1.7116,8.75,0.006379,1348.606131
2026-10-04T04:55:06.906Z,KMNO,-4.4693,52.01,0.04037,1348.606131
2026-10-04T04:55:06.906Z,CHZ,-8.0342,21.32,0.01719,1348.606131
2026-10-04T04:55:06.906Z,PENGU,4.7737,12.95,0.009165,1348.606131
2026-10-04T04:55:06.906Z,OP,-3.9411,174.2,0.13447,1348.606131
2026-10-04T04:55:06.906Z,UMA,2.2767,560,0.406,1348.606131
2026-10-04T04:55:06.906Z,ZRO,-0.4078,2721,2.0259,1348.606131
2026-10-04T04:55:06.906Z,S,-5.8178,52.8,0.04157,1348.606131
2026-10-04T04:55:06.906Z,IMX,-3.4096,249.7,0.19169,1348.606131
2026-10-04T04:55:06.906Z,A,1.203,130,0.09525,1348.606131
2026-10-04T04:55:06.906Z,ATH,-3.3801,9.4,0.007214,1348.606131
2026-10-04T04:55:06.906Z,COMP,12.9604,38100,25.01,1348.606131
2026-10-04T04:55:06.906Z,CVX,-0.5947,3019,2.252,1348.606131
2026-10-04T04:55:06.906Z,AXS,2.6693,1894,1.3679,1348.606131
2026-10-04T04:55:06.906Z,WCT,-2.7678,57.08,0.04353,1348.606131
2026-10-04T04:55:06.906Z,ME,-2.0006,103.1,0.07801,1348.606131
2026-10-04T04:55:06.906Z,ASTER,4.2466,1000,0.7113,1348.606131
2026-10-04T04:55:06.906Z,GMX,2.6715,11210,8.096,1348.606131
2026-10-04T04:55:06.906Z,MORPHO,4.009,3853,2.7469,1348.606131
2026-10-04T04:55:06.906Z,MON,-1.2036,46.3,0.03475,1348.606131
2026-10-04T04:55:06.906Z,1INCH,-2.1834,139,0.10537,1348.606131
2026-10-04T04:55:06.906Z,SKY,-3.5439,121.6,0.09348,1348.606131
2026-10-04T04:55:06.906Z,YGG,1.3375,38.84,0.02842,1348.606131
2026-10-04T04:55:06.906Z,BIO,-1.0608,41.43,0.03105,1348.606131
2026-10-04T04:55:06.906Z,MOVE,-0.6377,13.79,0.010291,1348.606131
2026-10-04T04:55:06.906Z,GALA,-5.1287,3.292,0.002573,1348.606131
2026-10-04T04:55:06.906Z,ZK,-2.4874,17.56,0.013353,1348.606131
2026-10-04T04:55:06.906Z,ENS,7.46,9930,6.852,1348.606131
2026-10-04T04:55:06.906Z,INJ,0.774,10360,7.623,1348.606131
2026-10-04T04:55:06.906Z,KAITO,-6.1376,445.7,0.3521,1348.606131
2026-10-04T04:55:06.906Z,LDO,-1.0892,609.2,0.4567,1348.606131
2026-10-04T04:55:06.906Z,BLUR,27.1929,37.48,0.02185,1348.606131
2026-10-04T04:55:06.906Z,AUCTION,1.0426,5110,3.75,1348.606131
2026-10-04T04:55:06.906Z,ZETA,-3.497,66.66,0.05122,1348.606131
2026-10-04T04:55:06.906Z,WIF,1.3551,340.9,0.2494,1348.606131
2026-10-04T04:55:06.906Z,KSM,-5.1153,6750,5.275,1348.606131
2026-10-04T04:55:06.906Z,SNX,-8.0974,315.8,0.2548,1348.606131
2026-10-04T04:55:06.906Z,FET,-1.1103,297,0.2227,1348.606131
2026-10-04T05:00:06.943Z,BTC,0.7677,115211000,84778.8,1348.606131
2026-10-04T05:00:06.943Z,XRP,0.7279,2025,1.4907,1348.606131
2026-10-04T05:00:06.943Z,SOL,0.7819,163900,120.59,1348.606131
2026-10-04T05:00:06.943Z,ETH,0.7371,3656000,2691.11,1348.606131
2026-10-04T05:00:06.943Z,FIL,0.2806,1443,1.067,1348.606131
2026-10-04T05:00:06.943Z,TRX,1.5077,458.8,0.33515,1348.606131
2026-10-04T05:00:06.943Z,BNB,0.7579,1066000,784.5,1348.606131
2026-10-04T05:00:06.943Z,WLD,0.7171,804.1,0.592,1348.606131
2026-10-04T05:00:06.943Z,FLOW,-1.0878,44.26,0.03318,1348.606131
2026-10-04T05:00:06.943Z,LINK,0.7945,19040,14.007,1348.606131
2026-10-04T05:00:06.943Z,DOGE,0.7981,126,0.09269,1348.606131
2026-10-04T05:00:06.943Z,SUI,0.7635,1605,1.1811,1348.606131
2026-10-04T05:00:06.943Z,XLM,0.8066,293.2,0.21567,1348.606131
2026-10-04T05:00:06.943Z,BCH,1.2504,433400,317.4,1348.606131
2026-10-04T05:00:06.943Z,AVAX,0.7853,15030,11.058,1348.606131
2026-10-04T05:00:06.943Z,ETC,0.657,12000,8.84,1348.606131
2026-10-04T05:00:06.943Z,AAVE,5.8131,259800,182.06,1348.606131
2026-10-04T05:00:06.943Z,ADA,0.6156,330,0.2432,1348.606131
2026-10-04T05:00:06.943Z,HYPE,0.7632,121900,89.705,1348.606131
2026-10-04T05:00:06.943Z,SEI,0.3546,97.85,0.0723,1348.606131
2026-10-04T05:00:06.943Z,HBAR,1.2843,138.3,0.10125,1348.606131
2026-10-04T05:00:06.943Z,ARB,0.2045,273.8,0.20261,1348.606131
2026-10-04T05:00:06.943Z,JTO,-0.6676,755,0.5636,1348.606131
2026-10-04T05:00:06.943Z,ONDO,0.3285,673,0.4974,1348.606131
2026-10-04T05:00:06.943Z,QTUM,-0.1905,1335,0.9918,1348.606131
2026-10-04T05:00:06.943Z,PYTH,8.5683,115.2,0.07868,1348.606131
2026-10-04T05:00:06.943Z,APT,0.0585,1081,0.8011,1348.606131
2026-10-04T05:00:06.943Z,UNI,1.0473,12300,9.026,1348.606131
2026-10-04T05:00:06.943Z,TIA,-0.846,634.5,0.4745,1348.606131
2026-10-04T05:00:06.943Z,ALGO,0.9654,175.5,0.12889,1348.606131
2026-10-04T05:00:06.943Z,NEAR,-0.0485,6485,4.811,1348.606131
2026-10-04T05:00:06.943Z,ZIL,-5.5272,4.5,0.003532,1348.606131
2026-10-04T05:00:06.943Z,SUSHI,-3.7363,335.2,0.2582,1348.606131
2026-10-04T05:00:06.943Z,PENDLE,-5.765,3153,2.481,1348.606131
2026-10-04T05:00:06.943Z,XTZ,0.4504,440,0.3248,1348.606131
2026-10-04T05:00:06.943Z,W,1.927,19.9,0.014477,1348.606131
2026-10-04T05:00:06.943Z,AR,-0.4428,6015,4.48,1348.606131
2026-10-04T05:00:06.943Z,SHIB,1.4337,0.0078,5.702e-06,1348.606131
2026-10-04T05:00:06.943Z,CELO,18.5995,159.8,0.09991,1348.606131
2026-10-04T05:00:06.943Z,STX,0.8472,511.1,0.3758,1348.606131
2026-10-04T05:00:06.943Z,JUP,0.3109,447.1,0.3305,1348.606131
2026-10-04T05:00:06.943Z,PEPE,2.217,0.0059,4.28e-06,1348.606131
2026-10-04T05:00:06.943Z,DYDX,-1.0467,200,0.14987,1348.606131
2026-10-04T05:00:06.943Z,KITE,-13.7829,176.2,0.15154,1348.606131
2026-10-04T05:00:06.943Z,CRV,0.2564,507.7,0.3755,1348.606131
2026-10-04T05:00:06.943Z,ENJ,-5.3547,44.01,0.03448,1348.606131
2026-10-04T05:00:06.943Z,ATOM,22.2425,2824,1.713,1348.606131
2026-10-04T05:00:06.943Z,ICP,-2.6892,4605,3.509,1348.606131
2026-10-04T05:00:06.943Z,SPACE,1.3536,7.284,0.005329,1348.606131
2026-10-04T05:00:06.943Z,DOT,-0.1782,1597,1.1863,1348.606131
2026-10-04T05:00:06.943Z,ETHFI,11.5667,1097,0.7291,1348.606131
2026-10-04T05:00:06.943Z,CC,-0.3122,167.7,0.12474,1348.606131
2026-10-04T05:00:06.943Z,SYRUP,1.0201,350.4,0.2572,1348.606131
2026-10-04T05:00:06.943Z,TAO,-3.3553,400000,306.9,1348.606131
2026-10-04T05:00:06.943Z,GRAM,-1.2292,2042,1.533,1348.606131
2026-10-04T05:00:06.943Z,RAY,-5.953,2613,2.0602,1348.606131
2026-10-04T05:00:06.943Z,RENDER,-0.2697,2620,1.948,1348.606131
2026-10-04T05:00:06.943Z,GRASS,1.7545,991.6,0.7226,1348.606131
2026-10-04T05:00:06.943Z,MINA,-0.3466,225.7,0.16794,1348.606131
2026-10-04T05:00:06.943Z,POL,-5.3195,140.2,0.1098,1348.606131
2026-10-04T05:00:06.943Z,ENA,9.7143,352,0.2379,1348.606131
2026-10-04T05:00:06.943Z,SAND,0.5672,106.9,0.07882,1348.606131
2026-10-04T05:00:06.943Z,AERO,-4.7851,1074,0.8364,1348.606131
2026-10-04T05:00:06.943Z,KGEN,-2.6231,213.4,0.1625,1348.606131
2026-10-04T05:00:06.943Z,LIT,1.3032,4977,3.643,1348.606131
2026-10-04T05:00:06.943Z,MANA,-0.5929,143.7,0.10719,1348.606131
2026-10-04T05:00:06.943Z,BAND,-4.0046,299.7,0.2315,1348.606131
2026-10-04T05:00:06.943Z,APE,-2.002,219.4,0.16601,1348.606131
2026-10-04T05:00:06.943Z,GMT,-0.6713,12.06,0.009003,1348.606131
2026-10-04T05:00:06.943Z,VIRTUAL,-2.9325,1039,0.7937,1348.606131
2026-10-04T05:00:06.943Z,LPT,1.8721,2396,1.744,1348.606131
2026-10-04T05:00:06.943Z,DATA,1.7145,288.2,0.2101,1348.606131
2026-10-04T05:00:06.943Z,THETA,-0.2166,308.7,0.2294,1348.606131
2026-10-04T05:00:06.943Z,GRT,0.7433,38.49,0.02833,1348.606131
2026-10-04T05:00:06.943Z,LAYER,2.2571,107.8,0.07817,1348.606131
2026-10-04T05:00:06.943Z,NMR,0.2419,15560,11.51,1348.606131
2026-10-04T05:00:06.943Z,EIGEN,-9.3808,321.9,0.2634,1348.606131
2026-10-04T05:00:06.943Z,BAT,-7.7832,119.8,0.09633,1348.606131
2026-10-04T05:00:06.943Z,SPK,-4.1258,32.35,0.02502,1348.606131
2026-10-04T05:00:06.943Z,PUMP,1.9994,8.75,0.006361,1348.606131
2026-10-04T05:00:06.943Z,KMNO,-4.4693,52.01,0.04037,1348.606131
2026-10-04T05:00:06.943Z,CHZ,-8.1945,21.32,0.01722,1348.606131
2026-10-04T05:00:06.943Z,PENGU,4.6139,12.95,0.009179,1348.606131
2026-10-04T05:00:06.943Z,OP,-4.2402,174.2,0.13489,1348.606131
2026-10-04T05:00:06.943Z,UMA,2.2767,560,0.406,1348.606131
2026-10-04T05:00:06.943Z,ZRO,-0.5942,2721,2.0297,1348.606131
2026-10-04T05:00:06.943Z,S,-5.9761,52.8,0.04164,1348.606131
2026-10-04T05:00:06.943Z,IMX,-3.1012,249.7,0.19108,1348.606131
2026-10-04T05:00:06.943Z,A,1.2349,130,0.09522,1348.606131
2026-10-04T05:00:06.943Z,ATH,-3.7005,9.4,0.007238,1348.606131
2026-10-04T05:00:06.943Z,COMP,12.825,38100,25.04,1348.606131
2026-10-04T05:00:06.943Z,CVX,-0.7709,3019,2.256,1348.606131
2026-10-04T05:00:06.943Z,AXS,2.4297,1894,1.3711,1348.606131
2026-10-04T05:00:06.943Z,WCT,-2.7678,57.08,0.04353,1348.606131
2026-10-04T05:00:06.943Z,ME,-2.0634,103.1,0.07806,1348.606131
2026-10-04T05:00:06.943Z,ASTER,4.0711,1000,0.7125,1348.606131
2026-10-04T05:00:06.943Z,GMX,2.6715,11210,8.096,1348.606131
2026-10-04T05:00:06.943Z,MORPHO,3.9674,3853,2.748,1348.606131
2026-10-04T05:00:06.943Z,MON,-1.2604,46.3,0.03477,1348.606131
2026-10-04T05:00:06.943Z,1INCH,-2.0346,139,0.10521,1348.606131
2026-10-04T05:00:06.943Z,SKY,-3.4716,121.6,0.09341,1348.606131
2026-10-04T05:00:06.943Z,YGG,1.3018,38.84,0.02843,1348.606131
2026-10-04T05:00:06.943Z,BIO,-1.2517,41.43,0.03111,1348.606131
2026-10-04T05:00:06.943Z,MOVE,-0.3278,13.79,0.010259,1348.606131
2026-10-04T05:00:06.943Z,GALA,-5.2392,3.292,0.002576,1348.606131
2026-10-04T05:00:06.943Z,ZK,-2.3851,17.56,0.013339,1348.606131
2026-10-04T05:00:06.943Z,ENS,7.3034,9930,6.862,1348.606131
2026-10-04T05:00:06.943Z,INJ,0.4709,10360,7.646,1348.606131
2026-10-04T05:00:06.943Z,KAITO,-6.0042,445.7,0.3516,1348.606131
2026-10-04T05:00:06.943Z,LDO,-1.3484,609.2,0.4579,1348.606131
2026-10-04T05:00:06.943Z,BLUR,27.2512,37.48,0.02184,1348.606131
2026-10-04T05:00:06.943Z,AUCTION,1.0157,5110,3.751,1348.606131
2026-10-04T05:00:06.943Z,ZETA,-3.61,66.66,0.05128,1348.606131
2026-10-04T05:00:06.943Z,WIF,1.2738,340.9,0.2496,1348.606131
2026-10-04T05:00:06.943Z,KSM,-5.1513,6750,5.277,1348.606131
2026-10-04T05:00:06.943Z,SNX,-8.2055,315.8,0.2551,1348.606131
2026-10-04T05:00:06.943Z,FET,-1.5524,297,0.2237,1348.606131
2026-10-04T05:05:06.944Z,BTC,0.785,115256000,84797.4,1348.606131
2026-10-04T05:05:06.944Z,XRP,0.7573,2026,1.491,1348.606131
2026-10-04T05:05:06.944Z,SOL,0.7151,163900,120.67,1348.606131
2026-10-04T05:05:06.944Z,ETH,0.705,3656000,2691.97,1348.606131
2026-10-04T05:05:06.944Z,FIL,0.4595,1443,1.0651,1348.606131
2026-10-04T05:05:06.944Z,TRX,1.5047,458.8,0.33516,1348.606131
2026-10-04T05:05:06.944Z,BNB,0.6681,1066000,785.2,1348.606131
2026-10-04T05:05:06.944Z,WLD,0.7511,804.1,0.5918,1348.606131
2026-10-04T05:05:06.944Z,FLOW,-0.9385,44.26,0.03313,1348.606131
2026-10-04T05:05:06.944Z,LINK,0.7369,19040,14.015,1348.606131
2026-10-04T05:05:06.944Z,DOGE,0.8129,126.1,0.09275,1348.606131
2026-10-04T05:05:06.944Z,SUI,0.7495,1606,1.182,1348.606131
2026-10-04T05:05:06.944Z,XLM,0.863,293.5,0.21577,1348.606131
2026-10-04T05:05:06.944Z,BCH,1.2185,433400,317.5,1348.606131
2026-10-04T05:05:06.944Z,AVAX,0.6579,15030,11.072,1348.606131
2026-10-04T05:05:06.944Z,ETC,-0.4999,11850,8.831,1348.606131
2026-10-04T05:05:06.944Z,AAVE,5.8131,259800,182.06,1348.606131
2026-10-04T05:05:06.944Z,ADA,0.5742,330,0.2433,1348.606131
2026-10-04T05:05:06.944Z,HYPE,0.6857,121900,89.774,1348.606131
2026-10-04T05:05:06.944Z,SEI,0.5354,97.85,0.07217,1348.606131
2026-10-04T05:05:06.944Z,HBAR,1.1943,138.3,0.10134,1348.606131
2026-10-04T05:05:06.944Z,ARB,0.4127,273.8,0.20219,1348.606131
2026-10-04T05:05:06.944Z,JTO,-0.5441,755,0.5629,1348.606131
2026-10-04T05:05:06.944Z,ONDO,0.2881,673,0.4976,1348.606131
2026-10-04T05:05:06.944Z,QTUM,-0.1401,1335,0.9913,1348.606131
2026-10-04T05:05:06.944Z,PYTH,8.5821,115.2,0.07867,1348.606131
2026-10-04T05:05:06.944Z,APT,0.146,1081,0.8004,1348.606131
2026-10-04T05:05:06.944Z,UNI,0.9578,12300,9.034,1348.606131
2026-10-04T05:05:06.944Z,TIA,-0.6366,634.5,0.4735,1348.606131
2026-10-04T05:05:06.944Z,ALGO,1.1145,175.5,0.1287,1348.606131
2026-10-04T05:05:06.944Z,NEAR,-0.1315,6485,4.815,1348.606131
2026-10-04T05:05:06.944Z,ZIL,-5.6341,4.5,0.003536,1348.606131
2026-10-04T05:05:06.944Z,SUSHI,-3.5495,335.2,0.2577,1348.606131
2026-10-04T05:05:06.944Z,PENDLE,-5.727,3153,2.48,1348.606131
2026-10-04T05:05:06.944Z,XTZ,0.6673,440,0.3241,1348.606131
2026-10-04T05:05:06.944Z,W,2.6289,19.9,0.014378,1348.606131
2026-10-04T05:05:06.944Z,AR,-0.2647,6015,4.472,1348.606131
2026-10-04T05:05:06.944Z,SHIB,1.4159,0.0078,5.703e-06,1348.606131
2026-10-04T05:05:06.944Z,CELO,18.8612,159.8,0.09969,1348.606131
2026-10-04T05:05:06.944Z,STX,0.9278,511.1,0.3755,1348.606131
2026-10-04T05:05:06.944Z,JUP,0.2502,447.1,0.3307,1348.606131
2026-10-04T05:05:06.944Z,PEPE,2.1454,0.0059,4.283e-06,1348.606131
2026-10-04T05:05:06.944Z,DYDX,-0.7288,200,0.14939,1348.606131
2026-10-04T05:05:06.944Z,KITE,-13.5547,176.2,0.15114,1348.606131
2026-10-04T05:05:06.944Z,CRV,0.3098,507.7,0.3753,1348.606131
2026-10-04T05:05:06.944Z,ENJ,-4.8303,44.01,0.03429,1348.606131
2026-10-04T05:05:06.944Z,ATOM,22.2425,2824,1.713,1348.606131
2026-10-04T05:05:06.944Z,ICP,-0.8814,4605,3.445,1348.606131
2026-10-04T05:05:06.944Z,SPACE,1.3156,7.284,0.005331,1348.606131
2026-10-04T05:05:06.944Z,DOT,-0.0097,1597,1.1843,1348.606131
2026-10-04T05:05:06.944Z,ETHFI,11.4444,1097,0.7299,1348.606131
2026-10-04T05:05:06.944Z,CC,-0.0397,167.7,0.1244,1348.606131
2026-10-04T05:05:06.944Z,SYRUP,1.0201,350.4,0.2572,1348.606131
2026-10-04T05:05:06.944Z,TAO,-3.4183,400000,307.1,1348.606131
2026-10-04T05:05:06.944Z,GRAM,-1.2292,2042,1.533,1348.606131
2026-10-04T05:05:06.944Z,RAY,-5.9667,2613,2.0605,1348.606131
2026-10-04T05:05:06.944Z,RENDER,-0.3209,2620,1.949,1348.606131
2026-10-04T05:05:06.944Z,GRASS,1.1108,991.6,0.7272,1348.606131
2026-10-04T05:05:06.944Z,MINA,0.2204,225.7,0.16699,1348.606131
2026-10-04T05:05:06.944Z,POL,-5.1986,140.2,0.10966,1348.606131
2026-10-04T05:05:06.944Z,ENA,9.6451,352,0.23805,1348.606131
2026-10-04T05:05:06.944Z,SAND,2.1351,106.9,0.07761,1348.606131
2026-10-04T05:05:06.944Z,AERO,-4.5797,1074,0.8346,1348.606131
2026-10-04T05:05:06.944Z,KGEN,-2.6231,213.4,0.1625,1348.606131
2026-10-04T05:05:06.944Z,LIT,1.7221,4977,3.628,1348.606131
2026-10-04T05:05:06.944Z,MANA,-0.0333,143.7,0.10659,1348.606131
2026-10-04T05:05:06.944Z,BAND,-3.8384,299.7,0.2311,1348.606131
2026-10-04T05:05:06.944Z,APE,-2.0669,219.4,0.16612,1348.606131
2026-10-04T05:05:06.944Z,GMT,-0.439,12.06,0.008982,1348.606131
2026-10-04T05:05:06.944Z,VIRTUAL,-2.7609,1039,0.7923,1348.606131
2026-10-04T05:05:06.944Z,LPT,1.8137,2396,1.745,1348.606131
2026-10-04T05:05:06.944Z,DATA,1.6177,288.2,0.2103,1348.606131
2026-10-04T05:05:06.944Z,THETA,-0.086,308.7,0.2291,1348.606131
2026-10-04T05:05:06.944Z,GRT,0.8145,38.49,0.02831,1348.606131
2026-10-04T05:05:06.944Z,LAYER,2.2964,107.8,0.07814,1348.606131
2026-10-04T05:05:06.944Z,NMR,0.068,15560,11.53,1348.606131
2026-10-04T05:05:06.944Z,EIGEN,-9.4496,321.9,0.2636,1348.606131
2026-10-04T05:05:06.944Z,BAT,-7.9075,119.8,0.09646,1348.606131
2026-10-04T05:05:06.944Z,SPK,-4.0107,32.35,0.02499,1348.606131
2026-10-04T05:05:06.944Z,PUMP,1.6001,8.75,0.006386,1348.606131
2026-10-04T05:05:06.944Z,KMNO,-4.493,52.01,0.04038,1348.606131
2026-10-04T05:05:06.944Z,CHZ,-8.1411,21.32,0.01721,1348.606131
2026-10-04T05:05:06.944Z,PENGU,4.6253,12.95,0.009178,1348.606131
2026-10-04T05:05:06.944Z,OP,-4.3182,174.2,0.135,1348.606131
2026-10-04T05:05:06.944Z,UMA,2.3019,560,0.4059,1348.606131
2026-10-04T05:05:06.944Z,ZRO,-1.0719,2721,2.0395,1348.606131
2026-10-04T05:05:06.944Z,S,-5.931,52.8,0.04162,1348.606131
2026-10-04T05:05:06.944Z,IMX,-2.6632,249.7,0.19022,1348.606131
2026-10-04T05:05:06.944Z,A,1.1711,130,0.09528,1348.606131
2026-10-04T05:05:06.944Z,ATH,-3.447,9.4,0.007219,1348.606131
2026-10-04T05:05:06.944Z,COMP,12.9152,38100,25.02,1348.606131
2026-10-04T05:05:06.944Z,CVX,-0.7709,3019,2.256,1348.606131
2026-10-04T05:05:06.944Z,AXS,2.4895,1894,1.3703,1348.606131
2026-10-04T05:05:06.944Z,WCT,-2.7231,57.08,0.04351,1348.606131
2026-10-04T05:05:06.944Z,ME,-1.8623,103.1,0.0779,1348.606131
2026-10-04T05:05:06.944Z,ASTER,4.2027,1000,0.7116,1348.606131
2026-10-04T05:05:06.944Z,GMX,2.7223,11210,8.092,1348.606131
2026-10-04T05:05:06.944Z,MORPHO,3.7748,3853,2.7531,1348.606131
2026-10-04T05:05:06.944Z,MON,-1.7409,46.3,0.03494,1348.606131
2026-10-04T05:05:06.944Z,1INCH,-2.1927,139,0.10538,1348.606131
2026-10-04T05:05:06.944Z,SKY,-4.413,121.6,0.09433,1348.606131
2026-10-04T05:05:06.944Z,YGG,1.053,38.84,0.0285,1348.606131
2026-10-04T05:05:06.944Z,BIO,-1.2199,41.43,0.0311,1348.606131
2026-10-04T05:05:06.944Z,MOVE,-0.386,13.79,0.010265,1348.606131
2026-10-04T05:05:06.944Z,GALA,-4.8699,3.292,0.002566,1348.606131
2026-10-04T05:05:06.944Z,ZK,-1.7294,17.56,0.01325,1348.606131
2026-10-04T05:05:06.944Z,ENS,7.3347,9930,6.86,1348.606131
2026-10-04T05:05:06.944Z,INJ,0.4841,10360,7.645,1348.606131
2026-10-04T05:05:06.944Z,KAITO,-5.9507,445.7,0.3514,1348.606131
2026-10-04T05:05:06.944Z,LDO,-1.2837,609.2,0.4576,1348.606131
2026-10-04T05:05:06.944Z,BLUR,27.4262,37.48,0.02181,1348.606131
2026-10-04T05:05:06.944Z,AUCTION,1.0157,5110,3.751,1348.606131
2026-10-04T05:05:06.944Z,ZETA,-3.7788,66.66,0.05137,1348.606131
2026-10-04T05:05:06.944Z,WIF,1.1928,340.9,0.2498,1348.606131
2026-10-04T05:05:06.944Z,KSM,-5.438,6750,5.293,1348.606131
2026-10-04T05:05:06.944Z,SNX,-8.1695,315.8,0.255,1348.606131
2026-10-04T05:05:06.944Z,FET,-1.5963,297,0.2238,1348.606131
2026-10-04T05:10:06.917Z,BTC,0.7792,115257000,84803,1348.606131
2026-10-04T05:10:06.917Z,XRP,0.7844,2026,1.4906,1348.606131
2026-10-04T05:10:06.917Z,SOL,0.8046,164100,120.71,1348.606131
2026-10-04T05:10:06.917Z,ETH,0.7618,3659000,2692.66,1348.606131
2026-10-04T05:10:06.917Z,FIL,0.6579,1443,1.063,1348.606131
2026-10-04T05:10:06.917Z,TRX,1.5198,458.8,0.33511,1348.606131
2026-10-04T05:10:06.917Z,BNB,0.5784,1066000,785.9,1348.606131
2026-10-04T05:10:06.917Z,WLD,0.9238,803.3,0.5902,1348.606131
2026-10-04T05:10:06.917Z,FLOW,-1.1771,44.26,0.03321,1348.606131
2026-10-04T05:10:06.917Z,LINK,0.8161,19040,14.004,1348.606131
2026-10-04T05:10:06.917Z,DOGE,0.8238,126.1,0.09274,1348.606131
2026-10-04T05:10:06.917Z,SUI,0.8293,1607,1.1818,1348.606131
2026-10-04T05:10:06.917Z,XLM,0.8817,293.5,0.21573,1348.606131
2026-10-04T05:10:06.917Z,BCH,1.3143,433400,317.2,1348.606131
2026-10-04T05:10:06.917Z,AVAX,0.7307,15030,11.064,1348.606131
2026-10-04T05:10:06.917Z,ETC,-0.4661,11850,8.828,1348.606131
2026-10-04T05:10:06.917Z,AAVE,5.9411,259800,181.84,1348.606131
2026-10-04T05:10:06.917Z,ADA,0.5742,330,0.2433,1348.606131
2026-10-04T05:10:06.917Z,HYPE,0.7913,121900,89.68,1348.606131
2026-10-04T05:10:06.917Z,SEI,0.2714,97.85,0.07236,1348.606131
2026-10-04T05:10:06.917Z,HBAR,1.3543,138.3,0.10118,1348.606131
2026-10-04T05:10:06.917Z,ARB,0.6516,273.8,0.20171,1348.606131
2026-10-04T05:10:06.917Z,JTO,-0.5794,755,0.5631,1348.606131
2026-10-04T05:10:06.917Z,ONDO,0.4699,673,0.4967,1348.606131
2026-10-04T05:10:06.917Z,QTUM,-0.1603,1335,0.9915,1348.606131
2026-10-04T05:10:06.917Z,PYTH,8.458,115.2,0.07876,1348.606131
2026-10-04T05:10:06.917Z,APT,0.2587,1081,0.7995,1348.606131
2026-10-04T05:10:06.917Z,UNI,1.0473,12300,9.026,1348.606131
2026-10-04T05:10:06.917Z,TIA,-1.0337,634.5,0.4754,1348.606131
2026-10-04T05:10:06.917Z,ALGO,1.2561,175.5,0.12852,1348.606131
2026-10-04T05:10:06.917Z,NEAR,-0.1107,6485,4.814,1348.606131
2026-10-04T05:10:06.917Z,ZIL,-5.6074,4.5,0.003535,1348.606131
2026-10-04T05:10:06.917Z,SUSHI,-3.6243,335.2,0.2579,1348.606131
2026-10-04T05:10:06.917Z,PENDLE,-5.8409,3153,2.483,1348.606131
2026-10-04T05:10:06.917Z,XTZ,0.7917,440,0.3237,1348.606131
2026-10-04T05:10:06.917Z,W,2.636,19.9,0.014377,1348.606131
2026-10-04T05:10:06.917Z,AR,-0.1978,6015,4.469,1348.606131
2026-10-04T05:10:06.917Z,SHIB,1.4337,0.0078,5.702e-06,1348.606131
2026-10-04T05:10:06.917Z,CELO,18.8373,159.8,0.09971,1348.606131
2026-10-04T05:10:06.917Z,STX,0.9816,511.1,0.3753,1348.606131
2026-10-04T05:10:06.917Z,JUP,0.2199,447.1,0.3308,1348.606131
2026-10-04T05:10:06.917Z,PEPE,2.2648,0.0059,4.278e-06,1348.606131
2026-10-04T05:10:06.917Z,DYDX,-0.7554,200,0.14943,1348.606131
2026-10-04T05:10:06.917Z,KITE,-13.9532,176.2,0.15184,1348.606131
2026-10-04T05:10:06.917Z,CRV,0.2831,507.7,0.3754,1348.606131
2026-10-04T05:10:06.917Z,ENJ,-5.2448,44.01,0.03444,1348.606131
2026-10-04T05:10:06.917Z,ATOM,22.3854,2824,1.711,1348.606131
2026-10-04T05:10:06.917Z,ICP,-0.2735,4605,3.424,1348.606131
2026-10-04T05:10:06.917Z,SPACE,1.2206,7.284,0.005336,1348.606131
2026-10-04T05:10:06.917Z,DOT,0.1341,1597,1.1826,1348.606131
2026-10-04T05:10:06.917Z,ETHFI,11.5208,1097,0.7294,1348.606131
2026-10-04T05:10:06.917Z,CC,0.0488,167.7,0.12429,1348.606131
2026-10-04T05:10:06.917Z,SYRUP,0.6679,350.4,0.2581,1348.606131
2026-10-04T05:10:06.917Z,TAO,-3.5752,400000,307.6,1348.606131
2026-10-04T05:10:06.917Z,GRAM,-1.1002,2042,1.531,1348.606131
2026-10-04T05:10:06.917Z,RAY,-6.1716,2613,2.065,1348.606131
2026-10-04T05:10:06.917Z,RENDER,-0.2185,2620,1.947,1348.606131
2026-10-04T05:10:06.917Z,GRASS,1.2919,991.6,0.7259,1348.606131
2026-10-04T05:10:06.917Z,MINA,-0.2515,225.7,0.16778,1348.606131
2026-10-04T05:10:06.917Z,POL,-5.19,140.2,0.10965,1348.606131
2026-10-04T05:10:06.917Z,ENA,9.3695,352,0.23865,1348.606131
2026-10-04T05:10:06.917Z,SAND,1.5983,106.9,0.07802,1348.606131
2026-10-04T05:10:06.917Z,AERO,-4.7395,1074,0.836,1348.606131
2026-10-04T05:10:06.917Z,KGEN,-2.6231,213.4,0.1625,1348.606131
2026-10-04T05:10:06.917Z,LIT,1.4257,4977,3.6386,1348.606131
2026-10-04T05:10:06.917Z,MANA,-0.3978,143.7,0.10698,1348.606131
2026-10-04T05:10:06.917Z,BAND,-3.88,299.7,0.2312,1348.606131
2026-10-04T05:10:06.917Z,APE,-2.2787,219.4,0.16648,1348.606131
2026-10-04T05:10:06.917Z,GMT,-0.7264,12.06,0.009008,1348.606131
2026-10-04T05:10:06.917Z,VIRTUAL,-2.7487,1039,0.7922,1348.606131
2026-10-04T05:10:06.917Z,LPT,1.7554,2396,1.746,1348.606131
2026-10-04T05:10:06.917Z,DATA,1.7145,288.2,0.2101,1348.606131
2026-10-04T05:10:06.917Z,THETA,-0.1296,308.7,0.2292,1348.606131
2026-10-04T05:10:06.917Z,GRT,0.8145,38.49,0.02831,1348.606131
2026-10-04T05:10:06.917Z,LAYER,2.3488,107.8,0.0781,1348.606131
2026-10-04T05:10:06.917Z,NMR,0.068,15560,11.53,1348.606131
2026-10-04T05:10:06.917Z,EIGEN,-9.4496,321.9,0.2636,1348.606131
2026-10-04T05:10:06.917Z,BAT,-8.2499,119.8,0.09682,1348.606131
2026-10-04T05:10:06.917Z,SPK,-4.1258,32.35,0.02502,1348.606131
2026-10-04T05:10:06.917Z,PUMP,1.5842,8.75,0.006387,1348.606131
2026-10-04T05:10:06.917Z,KMNO,-4.5875,52.01,0.04042,1348.606131
2026-10-04T05:10:06.917Z,CHZ,-8.3541,21.32,0.01725,1348.606131
2026-10-04T05:10:06.917Z,PENGU,4.7051,12.95,0.009171,1348.606131
2026-10-04T05:10:06.917Z,OP,-4.2757,174.2,0.13494,1348.606131
2026-10-04T05:10:06.917Z,UMA,2.3271,560,0.4058,1348.606131
2026-10-04T05:10:06.917Z,ZRO,-0.9942,2721,2.0379,1348.606131
2026-10-04T05:10:06.917Z,S,-5.8178,52.8,0.04157,1348.606131
2026-10-04T05:10:06.917Z,IMX,-3.2986,249.7,0.19147,1348.606131
2026-10-04T05:10:06.917Z,A,1.2987,130,0.09516,1348.606131
2026-10-04T05:10:06.917Z,ATH,-3.2191,9.4,0.007202,1348.606131
2026-10-04T05:10:06.917Z,COMP,13.1867,38100,24.96,1348.606131
2026-10-04T05:10:06.917Z,CVX,-0.8588,3019,2.258,1348.606131
2026-10-04T05:10:06.917Z,AXS,2.5194,1894,1.3699,1348.606131
2026-10-04T05:10:06.917Z,WCT,-2.7678,57.08,0.04353,1348.606131
2026-10-04T05:10:06.917Z,ME,-1.8497,103.1,0.07789,1348.606131
2026-10-04T05:10:06.917Z,ASTER,4.1588,1000,0.7119,1348.606131
2026-10-04T05:10:06.917Z,GMX,2.6335,11210,8.099,1348.606131
2026-10-04T05:10:06.917Z,MORPHO,3.9258,3853,2.7491,1348.606131
2026-10-04T05:10:06.917Z,MON,-1.4305,46.3,0.03483,1348.606131
2026-10-04T05:10:06.917Z,1INCH,-2.0811,139,0.10526,1348.606131
2026-10-04T05:10:06.917Z,SKY,-4.2608,121.6,0.09418,1348.606131
2026-10-04T05:10:06.917Z,YGG,0.7349,38.84,0.02859,1348.606131
2026-10-04T05:10:06.917Z,BIO,-1.0927,41.43,0.03106,1348.606131
2026-10-04T05:10:06.917Z,MOVE,-0.1623,13.79,0.010242,1348.606131
2026-10-04T05:10:06.917Z,GALA,-5.0179,3.292,0.00257,1348.606131
2026-10-04T05:10:06.917Z,ZK,-1.5734,17.56,0.013229,1348.606131
2026-10-04T05:10:06.917Z,ENS,7.2253,9930,6.867,1348.606131
2026-10-04T05:10:06.917Z,INJ,0.6948,10360,7.629,1348.606131
2026-10-04T05:10:06.917Z,KAITO,-6.0042,445.7,0.3516,1348.606131
2026-10-04T05:10:06.917Z,LDO,-1.3269,609.2,0.4578,1348.606131
2026-10-04T05:10:06.917Z,BLUR,27.3678,37.48,0.02182,1348.606131
2026-10-04T05:10:06.917Z,AUCTION,1.0695,5110,3.749,1348.606131
2026-10-04T05:10:06.917Z,ZETA,-4.1334,66.66,0.05156,1348.606131
2026-10-04T05:10:06.917Z,WIF,1.3551,340.9,0.2494,1348.606131
2026-10-04T05:10:06.917Z,KSM,-5.723,6750,5.309,1348.606131
2026-10-04T05:10:06.917Z,SNX,-8.1335,315.8,0.2549,1348.606131
2026-10-04T05:10:06.917Z,FET,-1.5524,297,0.2237,1348.606131
2026-10-04T05:15:06.911Z,BTC,0.7971,115261000,84790.9,1348.606131
2026-10-04T05:15:06.911Z,XRP,0.7752,2025,1.49,1348.606131
2026-10-04T05:15:06.911Z,SOL,0.8798,164100,120.62,1348.606131
2026-10-04T05:15:06.911Z,ETH,0.7666,3659000,2692.53,1348.606131
2026-10-04T05:15:06.911Z,FIL,0.6674,1443,1.0629,1348.606131
2026-10-04T05:15:06.911Z,TRX,1.4705,458.7,0.3352,1348.606131
2026-10-04T05:15:06.911Z,BNB,0.5784,1066000,785.9,1348.606131
2026-10-04T05:15:06.911Z,WLD,0.8675,801.9,0.5895,1348.606131
2026-10-04T05:15:06.911Z,FLOW,-1.4146,44.26,0.03329,1348.606131
2026-10-04T05:15:06.911Z,LINK,0.9169,19040,13.99,1348.606131
2026-10-04T05:15:06.911Z,DOGE,0.889,126.1,0.09268,1348.606131
2026-10-04T05:15:06.911Z,SUI,0.9147,1607,1.1808,1348.606131
2026-10-04T05:15:06.911Z,XLM,1.0175,293.5,0.21544,1348.606131
2026-10-04T05:15:06.911Z,BCH,1.3462,433400,317.1,1348.606131
2026-10-04T05:15:06.911Z,AVAX,0.7853,15030,11.058,1348.606131
2026-10-04T05:15:06.911Z,ETC,-0.4097,11850,8.823,1348.606131
2026-10-04T05:15:06.911Z,AAVE,5.7432,259500,181.97,1348.606131
2026-10-04T05:15:06.911Z,ADA,0.5742,330,0.2433,1348.606131
2026-10-04T05:15:06.911Z,HYPE,0.8183,121900,89.656,1348.606131
2026-10-04T05:15:06.911Z,SEI,0.1883,97.85,0.07242,1348.606131
2026-10-04T05:15:06.911Z,HBAR,1.3844,138.3,0.10115,1348.606131
2026-10-04T05:15:06.911Z,ARB,0.8216,273.8,0.20137,1348.606131
2026-10-04T05:15:06.911Z,JTO,-0.3494,755,0.5618,1348.606131
2026-10-04T05:15:06.911Z,ONDO,0.4699,673,0.4967,1348.606131
2026-10-04T05:15:06.911Z,QTUM,-0.0393,1335,0.9903,1348.606131
2026-10-04T05:15:06.911Z,PYTH,8.2381,115.2,0.07892,1348.606131
2026-10-04T05:15:06.911Z,APT,0.3466,1081,0.7988,1348.606131
2026-10-04T05:15:06.911Z,UNI,1.1706,12300,9.015,1348.606131
2026-10-04T05:15:06.911Z,TIA,-0.7833,634.5,0.4742,1348.606131
2026-10-04T05:15:06.911Z,ALGO,1.3113,175.5,0.12845,1348.606131
2026-10-04T05:15:06.911Z,NEAR,0.0972,6485,4.804,1348.606131
2026-10-04T05:15:06.911Z,ZIL,-5.5807,4.5,0.003534,1348.606131
2026-10-04T05:15:06.911Z,SUSHI,-3.5495,335.2,0.2577,1348.606131
2026-10-04T05:15:06.911Z,PENDLE,-5.689,3153,2.479,1348.606131
2026-10-04T05:15:06.911Z,XTZ,0.9789,440,0.3231,1348.606131
2026-10-04T05:15:06.911Z,W,2.6074,19.9,0.014381,1348.606131
2026-10-04T05:15:06.911Z,AR,-0.1084,6015,4.465,1348.606131
2026-10-04T05:15:06.911Z,SHIB,1.3626,0.0078,5.706e-06,1348.606131
2026-10-04T05:15:06.911Z,CELO,19.232,159.8,0.09938,1348.606131
2026-10-04T05:15:06.911Z,STX,0.9816,511.1,0.3753,1348.606131
2026-10-04T05:15:06.911Z,JUP,0.3412,447.1,0.3304,1348.606131
2026-10-04T05:15:06.911Z,PEPE,2.3365,0.0059,4.275e-06,1348.606131
2026-10-04T05:15:06.911Z,DYDX,-0.7288,200,0.14939,1348.606131
2026-10-04T05:15:06.911Z,KITE,-14.106,176.2,0.15211,1348.606131
2026-10-04T05:15:06.911Z,CRV,0.2831,507.7,0.3754,1348.606131
2026-10-04T05:15:06.911Z,ENJ,-4.7747,44.01,0.03427,1348.606131
2026-10-04T05:15:06.911Z,ATOM,22.457,2824,1.71,1348.606131
2026-10-04T05:15:06.911Z,ICP,-0.3317,4605,3.426,1348.606131
2026-10-04T05:15:06.911Z,SPACE,1.088,7.284,0.005343,1348.606131
2026-10-04T05:15:06.911Z,DOT,0.0579,1597,1.1835,1348.606131
2026-10-04T05:15:06.911Z,ETHFI,11.5667,1097,0.7291,1348.606131
2026-10-04T05:15:06.911Z,CC,-0.0477,167.7,0.12441,1348.606131
2026-10-04T05:15:06.911Z,SYRUP,0.6679,350.4,0.2581,1348.606131
2026-10-04T05:15:06.911Z,TAO,-3.4183,400000,307.1,1348.606131
2026-10-04T05:15:06.911Z,GRAM,-0.9708,2042,1.529,1348.606131
2026-10-04T05:15:06.911Z,RAY,-6.0852,2613,2.0631,1348.606131
2026-10-04T05:15:06.911Z,RENDER,-0.1159,2620,1.945,1348.606131
2026-10-04T05:15:06.911Z,GRASS,1.1108,991.6,0.7272,1348.606131
2026-10-04T05:15:06.911Z,MINA,-0.3347,225.7,0.16792,1348.606131
2026-10-04T05:15:06.911Z,POL,-5.0774,140.2,0.10952,1348.606131
2026-10-04T05:15:06.911Z,ENA,9.5347,352,0.23829,1348.606131
2026-10-04T05:15:06.911Z,SAND,2.2308,107.4,0.0779,1348.606131
2026-10-04T05:15:06.911Z,AERO,-4.9101,1074,0.8375,1348.606131
2026-10-04T05:15:06.911Z,KGEN,-2.6231,213.4,0.1625,1348.606131
2026-10-04T05:15:06.911Z,LIT,1.3199,4977,3.6424,1348.606131
2026-10-04T05:15:06.911Z,MANA,-0.1458,143.7,0.10671,1348.606131
2026-10-04T05:15:06.911Z,BAND,-3.88,299.7,0.2312,1348.606131
2026-10-04T05:15:06.911Z,APE,-2.167,219.4,0.16629,1348.606131
2026-10-04T05:15:06.911Z,GMT,-0.7264,12.06,0.009008,1348.606131
2026-10-04T05:15:06.911Z,VIRTUAL,-2.5888,1039,0.7909,1348.606131
2026-10-04T05:15:06.911Z,LPT,1.8721,2396,1.744,1348.606131
2026-10-04T05:15:06.911Z,DATA,1.8599,288.2,0.2098,1348.606131
2026-10-04T05:15:06.911Z,THETA,0.0013,308.7,0.2289,1348.606131
2026-10-04T05:15:06.911Z,GRT,0.9214,38.49,0.02828,1348.606131
2026-10-04T05:15:06.911Z,LAYER,2.3488,107.8,0.0781,1348.606131
2026-10-04T05:15:06.911Z,NMR,0.1375,15560,11.522,1348.606131
2026-10-04T05:15:06.911Z,EIGEN,-9.5182,321.9,0.2638,1348.606131
2026-10-04T05:15:06.911Z,BAT,-8.2783,119.8,0.09685,1348.606131
2026-10-04T05:15:06.911Z,SPK,-4.317,32.35,0.02507,1348.606131
2026-10-04T05:15:06.911Z,PUMP,1.8073,8.75,0.006373,1348.606131
2026-10-04T05:15:06.911Z,KMNO,-4.6582,52.01,0.04045,1348.606131
2026-10-04T05:15:06.911Z,CHZ,-8.1411,21.32,0.01721,1348.606131
2026-10-04T05:15:06.911Z,PENGU,4.808,12.95,0.009162,1348.606131
2026-10-04T05:15:06.911Z,OP,-4.1194,174.2,0.13472,1348.606131
2026-10-04T05:15:06.911Z,UMA,2.3271,560,0.4058,1348.606131
2026-10-04T05:15:06.911Z,ZRO,-0.3881,2721,2.0255,1348.606131
2026-10-04T05:15:06.911Z,S,-5.7725,52.8,0.04155,1348.606131
2026-10-04T05:15:06.911Z,IMX,-3.1519,249.7,0.19118,1348.606131
2026-10-04T05:15:06.911Z,A,1.2774,130,0.09518,1348.606131
2026-10-04T05:15:06.911Z,ATH,-3.0711,9.4,0.007191,1348.606131
2026-10-04T05:15:06.911Z,COMP,13.4594,38100,24.9,1348.606131
2026-10-04T05:15:06.911Z,CVX,-0.7709,3019,2.256,1348.606131
2026-10-04T05:15:06.911Z,AXS,2.6918,1894,1.3676,1348.606131
2026-10-04T05:15:06.911Z,WCT,-2.7007,57.08,0.0435,1348.606131
2026-10-04T05:15:06.911Z,ME,-1.7361,103.1,0.0778,1348.606131
2026-10-04T05:15:06.911Z,ASTER,4.2027,1000,0.7116,1348.606131
2026-10-04T05:15:06.911Z,GMX,2.6969,11210,8.094,1348.606131
2026-10-04T05:15:06.911Z,MORPHO,4.0545,3853,2.7457,1348.606131
2026-10-04T05:15:06.911Z,MON,-0.3508,47.17,0.0351,1348.606131
2026-10-04T05:15:06.911Z,1INCH,-2.5441,139,0.10576,1348.606131
2026-10-04T05:15:06.911Z,SKY,-4.7161,121.6,0.09463,1348.606131
2026-10-04T05:15:06.911Z,YGG,0.9114,38.84,0.02854,1348.606131
2026-10-04T05:15:06.911Z,BIO,-0.9971,41.43,0.03103,1348.606131
2026-10-04T05:15:06.911Z,MOVE,-0.0257,13.79,0.010228,1348.606131
2026-10-04T05:15:06.911Z,GALA,-4.981,3.292,0.002569,1348.606131
2026-10-04T05:15:06.911Z,ZK,-1.4617,17.56,0.013214,1348.606131
2026-10-04T05:15:06.911Z,ENS,7.3973,9930,6.856,1348.606131
2026-10-04T05:15:06.911Z,INJ,1.0259,10360,7.604,1348.606131
2026-10-04T05:15:06.911Z,KAITO,-5.9507,445.7,0.3514,1348.606131
2026-10-04T05:15:06.911Z,LDO,-1.1974,609.2,0.4572,1348.606131
2026-10-04T05:15:06.911Z,BLUR,27.4847,37.48,0.0218,1348.606131
2026-10-04T05:15:06.911Z,AUCTION,1.0695,5110,3.749,1348.606131
2026-10-04T05:15:06.911Z,ZETA,-4.059,66.66,0.05152,1348.606131
2026-10-04T05:15:06.911Z,WIF,1.5179,340.9,0.249,1348.606131
2026-10-04T05:15:06.911Z,KSM,-5.7052,6750,5.308,1348.606131
2026-10-04T05:15:06.911Z,SNX,-8.2055,315.8,0.2551,1348.606131
2026-10-04T05:15:06.911Z,FET,-1.3318,297,0.2232,1348.606131
