checkedAt,coin,premium,korbitPrice,foreignPrice,usdKrwRate
2026-09-27T00:00:07.030Z,BTC,0.3377,114931000,84384.1,1357.414201
2026-09-27T00:00:07.030Z,XRP,0.2851,2078,1.5265,1357.414201
2026-09-27T00:00:07.030Z,SOL,0.2541,165100,121.32,1357.414201
2026-09-27T00:00:07.030Z,ETH,0.2722,3668000,2694.86,1357.414201
2026-09-27T00:00:07.030Z,FIL,0.4436,1543,1.1317,1357.414201
2026-09-27T00:00:07.030Z,TRX,0.5436,455.8,0.33397,1357.414201
2026-09-27T00:00:07.030Z,BNB,0.0685,1050000,773,1357.414201
2026-09-27T00:00:07.030Z,WLD,0.1319,711,0.5231,1357.414201
2026-09-27T00:00:07.030Z,FLOW,0.0915,44.89,0.03304,1357.414201
2026-09-27T00:00:07.030Z,LINK,-0.3114,19130,14.137,1357.414201
2026-09-27T00:00:07.030Z,DOGE,0.1362,131.4,0.09667,1357.414201
2026-09-27T00:00:07.030Z,SUI,0.3892,1584,1.1624,1357.414201
2026-09-27T00:00:07.030Z,XLM,0.3562,294.6,0.21626,1357.414201
2026-09-27T00:00:07.030Z,BCH,-0.1642,454800,335.6,1357.414201
2026-09-27T00:00:07.030Z,AVAX,-0.5183,14630,10.834,1357.414201
2026-09-27T00:00:07.030Z,ETC,0.4619,12850,9.423,1357.414201
2026-09-27T00:00:07.030Z,AAVE,-0.6129,210000,155.66,1357.414201
2026-09-27T00:00:07.030Z,ADA,0.2788,345.2,0.2536,1357.414201
2026-09-27T00:00:07.030Z,HYPE,0.1634,125800,92.525,1357.414201
2026-09-27T00:00:07.030Z,SEI,0.5368,97.89,0.07173,1357.414201
2026-09-27T00:00:07.030Z,HBAR,0.3508,127.2,0.09338,1357.414201
2026-09-27T00:00:07.030Z,ARB,0.1097,301.5,0.22187,1357.414201
2026-09-27T00:00:07.030Z,JTO,1.0577,823.2,0.6001,1357.414201
2026-09-27T00:00:07.030Z,ONDO,-0.0102,729.4,0.5374,1357.414201
2026-09-27T00:00:07.030Z,QTUM,3.0257,1441,1.0304,1357.414201
2026-09-27T00:00:07.030Z,PYTH,0.0158,109.9,0.08095,1357.414201
2026-09-27T00:00:07.030Z,APT,-1.7625,1134,0.8504,1357.414201
2026-09-27T00:00:07.030Z,UNI,0.2166,13190,9.696,1357.414201
2026-09-27T00:00:07.030Z,TIA,-0.6406,663.3,0.4918,1357.414201
2026-09-27T00:00:07.030Z,ALGO,0.1036,160.3,0.11797,1357.414201
2026-09-27T00:00:07.030Z,NEAR,-1.0181,6765,5.035,1357.414201
2026-09-27T00:00:07.030Z,ZIL,-4.2492,4.9,0.00377,1357.414201
2026-09-27T00:00:07.030Z,SUSHI,-4.5888,348,0.2687,1357.414201
2026-09-27T00:00:07.030Z,PENDLE,-1.0855,3448,2.568,1357.414201
2026-09-27T00:00:07.030Z,XTZ,-0.3005,444.3,0.3283,1357.414201
2026-09-27T00:00:07.030Z,W,-1.5704,17.4,0.013023,1357.414201
2026-09-27T00:00:07.030Z,AR,-2.0769,6250,4.702,1357.414201
2026-09-27T00:00:07.030Z,SHIB,0.7127,0.0081,0.000005925,1357.414201
2026-09-27T00:00:07.030Z,CELO,1.4395,133,0.09659,1357.414201
2026-09-27T00:00:07.030Z,STX,-0.3308,462.7,0.342,1357.414201
2026-09-27T00:00:07.030Z,JUP,0.6918,462.8,0.3386,1357.414201
2026-09-27T00:00:07.030Z,PEPE,-0.3325,0.0059,0.000004361,1357.414201
2026-09-27T00:00:07.030Z,DYDX,3.592,200,0.14223,1357.414201
2026-09-27T00:00:07.030Z,KITE,-15.0283,176.3,0.15285,1357.414201
2026-09-27T00:00:07.030Z,CRV,1.6321,479.4,0.3475,1357.414201
2026-09-27T00:00:07.030Z,ENJ,3.5668,42.92,0.03053,1357.414201
2026-09-27T00:00:07.030Z,ATOM,-0.7459,2510,1.863,1357.414201
2026-09-27T00:00:07.030Z,ICP,2.1815,4426,3.191,1357.414201
2026-09-27T00:00:07.030Z,SPACE,0.1517,6.917,0.005088,1357.414201
2026-09-27T00:00:07.030Z,DOT,-0.8672,1669,1.2403,1357.414201
2026-09-27T00:00:07.030Z,ETHFI,-1.656,972.5,0.7285,1357.414201
2026-09-27T00:00:07.030Z,CC,0.4115,185,0.13573,1357.414201
2026-09-27T00:00:07.030Z,SYRUP,-0.0678,298.7,0.2202,1357.414201
2026-09-27T00:00:07.030Z,TAO,-0.1364,435000,320.9,1357.414201
2026-09-27T00:00:07.030Z,GRAM,-4.5076,2096,1.617,1357.414201
2026-09-27T00:00:07.030Z,RAY,2.3088,2860,2.0594,1357.414201
2026-09-27T00:00:07.030Z,RENDER,-2.8245,2621,1.987,1357.414201
2026-09-27T00:00:07.030Z,GRASS,-7.7132,750,0.5987,1357.414201
2026-09-27T00:00:07.030Z,MINA,-1.0516,194.5,0.14481,1357.414201
2026-09-27T00:00:07.030Z,POL,-0.5707,162.5,0.1204,1357.414201
2026-09-27T00:00:07.030Z,ENA,1.0035,369.7,0.26965,1357.414201
2026-09-27T00:00:07.030Z,SAND,-0.1161,60.85,0.04488,1357.414201
2026-09-27T00:00:07.030Z,AERO,0.2421,1180,0.8672,1357.414201
2026-09-27T00:00:07.030Z,KGEN,-0.122,223.7,0.165,1357.414201
2026-09-27T00:00:07.030Z,LIT,-0.1938,6560,4.8421,1357.414201
2026-09-27T00:00:07.030Z,MANA,-2.9601,120,0.0911,1357.414201
2026-09-27T00:00:07.030Z,BAND,-7.5399,284.9,0.227,1357.414201
2026-09-27T00:00:07.030Z,APE,-0.5059,208.7,0.15453,1357.414201
2026-09-27T00:00:07.030Z,GMT,-1.0931,11.91,0.008871,1357.414201
2026-09-27T00:00:07.030Z,VIRTUAL,-1.4446,1057,0.7901,1357.414201
2026-09-27T00:00:07.030Z,LPT,-4.272,2261,1.74,1357.414201
2026-09-27T00:00:07.030Z,DATA,-1.5615,308.8,0.2311,1357.414201
2026-09-27T00:00:07.030Z,THETA,-3.854,302,0.2314,1357.414201
2026-09-27T00:00:07.030Z,GRT,-0.849,37.16,0.02761,1357.414201
2026-09-27T00:00:07.030Z,LAYER,-3.8311,106.9,0.08189,1357.414201
2026-09-27T00:00:07.030Z,NMR,0.5593,13130,9.619,1357.414201
2026-09-27T00:00:07.030Z,EIGEN,-12.4937,321.9,0.271,1357.414201
2026-09-27T00:00:07.030Z,BAT,-2.8969,125.1,0.09491,1357.414201
2026-09-27T00:00:07.030Z,SPK,-4.5805,32.64,0.0252,1357.414201
2026-09-27T00:00:07.030Z,PUMP,-11.5228,5.276,0.004393,1357.414201
2026-09-27T00:00:07.030Z,KMNO,0.3511,68,0.04992,1357.414201
2026-09-27T00:00:07.030Z,CHZ,2.2253,23.09,0.01664,1357.414201
2026-09-27T00:00:07.030Z,PENGU,-0.1912,13.41,0.009898,1357.414201
2026-09-27T00:00:07.030Z,OP,0.0481,195.1,0.14366,1357.414201
2026-09-27T00:00:07.030Z,UMA,-1.3253,571.8,0.4269,1357.414201
2026-09-27T00:00:07.030Z,ZRO,3.8508,2250,1.5961,1357.414201
2026-09-27T00:00:07.030Z,S,-1.0972,53.58,0.03991,1357.414201
2026-09-27T00:00:07.030Z,IMX,2.253,229.2,0.16513,1357.414201
2026-09-27T00:00:07.030Z,A,0.165,138.1,0.10157,1357.414201
2026-09-27T00:00:07.030Z,ATH,0.1868,8.652,0.006362,1357.414201
2026-09-27T00:00:07.030Z,COMP,7.685,34950,23.91,1357.414201
2026-09-27T00:00:07.030Z,CVX,-4.5784,2654,2.049,1357.414201
2026-09-27T00:00:07.030Z,AXS,2.1436,1620,1.1684,1357.414201
2026-09-27T00:00:07.030Z,WCT,-2.2755,58.46,0.04407,1357.414201
2026-09-27T00:00:07.030Z,ME,-0.0809,107.8,0.07948,1357.414201
2026-09-27T00:00:07.030Z,ASTER,0.3857,1004,0.7368,1357.414201
2026-09-27T00:00:07.030Z,GMX,0.5032,11210,8.217,1357.414201
2026-09-27T00:00:07.030Z,MORPHO,2.9605,3810,2.7261,1357.414201
2026-09-27T00:00:07.030Z,MON,-3.4467,35.02,0.02672,1357.414201
2026-09-27T00:00:07.030Z,1INCH,-1.7548,136.6,0.10243,1357.414201
2026-09-27T00:00:07.030Z,SKY,0.7108,107,0.07827,1357.414201
2026-09-27T00:00:07.030Z,YGG,-3.6812,36.53,0.02794,1357.414201
2026-09-27T00:00:07.030Z,BIO,0.5687,43.93,0.03218,1357.414201
2026-09-27T00:00:07.030Z,MOVE,-4.5547,12.54,0.009679,1357.414201
2026-09-27T00:00:07.030Z,GALA,-13.9103,2.627,0.002248,1357.414201
2026-09-27T00:00:07.030Z,ZK,1.9218,17.76,0.012837,1357.414201
2026-09-27T00:00:07.030Z,ENS,-0.383,9525,7.044,1357.414201
2026-09-27T00:00:07.030Z,INJ,4.6732,11040,7.77,1357.414201
2026-09-27T00:00:07.030Z,KAITO,-1.5827,480,0.3593,1357.414201
2026-09-27T00:00:07.030Z,LDO,0.1991,650,0.4779,1357.414201
2026-09-27T00:00:07.030Z,BLUR,-1.553,28.21,0.02111,1357.414201
2026-09-27T00:00:07.030Z,AUCTION,-2.6652,5170,3.913,1357.414201
2026-09-27T00:00:07.030Z,ZETA,-0.0863,75.38,0.05558,1357.414201
2026-09-27T00:00:07.030Z,WIF,-2.0148,325.6,0.2448,1357.414201
2026-09-27T00:00:07.030Z,KSM,-1.2669,6425,4.794,1357.414201
2026-09-27T00:05:06.986Z,BTC,0.3616,114871000,84320,1357.414201
2026-09-27T00:05:06.986Z,XRP,0.3617,2077,1.5246,1357.414201
2026-09-27T00:05:06.986Z,SOL,0.3589,165000,121.12,1357.414201
2026-09-27T00:05:06.986Z,ETH,0.3399,3667000,2692.31,1357.414201
2026-09-27T00:05:06.986Z,FIL,0.8625,1543,1.127,1357.414201
2026-09-27T00:05:06.986Z,TRX,0.625,455.8,0.3337,1357.414201
2026-09-27T00:05:06.986Z,BNB,0.1462,1050000,772.4,1357.414201
2026-09-27T00:05:06.986Z,WLD,0.3006,710.7,0.522,1357.414201
2026-09-27T00:05:06.986Z,FLOW,0.0508,44.41,0.0327,1357.414201
2026-09-27T00:05:06.986Z,LINK,0.1206,19130,14.076,1357.414201
2026-09-27T00:05:06.986Z,DOGE,0.3646,131.4,0.09645,1357.414201
2026-09-27T00:05:06.986Z,SUI,0.5709,1584,1.1603,1357.414201
2026-09-27T00:05:06.986Z,XLM,0.5517,294,0.2154,1357.414201
2026-09-27T00:05:06.986Z,BCH,0.0146,454800,335,1357.414201
2026-09-27T00:05:06.986Z,AVAX,-0.1404,14630,10.793,1357.414201
2026-09-27T00:05:06.986Z,ETC,0.8043,12850,9.391,1357.414201
2026-09-27T00:05:06.986Z,AAVE,-0.5299,210000,155.53,1357.414201
2026-09-27T00:05:06.986Z,ADA,0.5564,345.2,0.2529,1357.414201
2026-09-27T00:05:06.986Z,HYPE,0.1883,125800,92.502,1357.414201
2026-09-27T00:05:06.986Z,SEI,1.1006,97.89,0.07133,1357.414201
2026-09-27T00:05:06.986Z,HBAR,0.6094,127.2,0.09314,1357.414201
2026-09-27T00:05:06.986Z,ARB,0.2634,301.5,0.22153,1357.414201
2026-09-27T00:05:06.986Z,JTO,1.3448,823.2,0.5984,1357.414201
2026-09-27T00:05:06.986Z,ONDO,0.4384,729.4,0.535,1357.414201
2026-09-27T00:05:06.986Z,QTUM,3.6089,1441,1.0246,1357.414201
2026-09-27T00:05:06.986Z,PYTH,-0.5494,109.9,0.08141,1357.414201
2026-09-27T00:05:06.986Z,APT,-1.4263,1134,0.8475,1357.414201
2026-09-27T00:05:06.986Z,UNI,0.3823,13190,9.68,1357.414201
2026-09-27T00:05:06.986Z,TIA,-0.3569,663.3,0.4904,1357.414201
2026-09-27T00:05:06.986Z,ALGO,0.6668,160.3,0.11731,1357.414201
2026-09-27T00:05:06.986Z,NEAR,-0.8408,6765,5.026,1357.414201
2026-09-27T00:05:06.986Z,ZIL,-4.0966,4.9,0.003764,1357.414201
2026-09-27T00:05:06.986Z,SUSHI,-4.0173,348,0.2671,1357.414201
2026-09-27T00:05:06.986Z,PENDLE,-0.8152,3448,2.561,1357.414201
2026-09-27T00:05:06.986Z,XTZ,0.4646,444.3,0.3258,1357.414201
2026-09-27T00:05:06.986Z,W,-1.5477,17.4,0.01302,1357.414201
2026-09-27T00:05:06.986Z,AR,-1.7845,6250,4.688,1357.414201
2026-09-27T00:05:06.986Z,SHIB,1.1052,0.0081,0.000005902,1357.414201
2026-09-27T00:05:06.986Z,CELO,1.9143,133,0.09614,1357.414201
2026-09-27T00:05:06.986Z,STX,0.1377,462.7,0.3404,1357.414201
2026-09-27T00:05:06.986Z,JUP,0.9004,462.8,0.3379,1357.414201
2026-09-27T00:05:06.986Z,PEPE,-0.0575,0.0059,0.000004349,1357.414201
2026-09-27T00:05:06.986Z,DYDX,4.0089,200,0.14166,1357.414201
2026-09-27T00:05:06.986Z,KITE,-14.7046,176.3,0.15227,1357.414201
2026-09-27T00:05:06.986Z,CRV,1.7492,479.4,0.3471,1357.414201
2026-09-27T00:05:06.986Z,ENJ,4.1124,42.92,0.03037,1357.414201
2026-09-27T00:05:06.986Z,ATOM,-0.3178,2510,1.855,1357.414201
2026-09-27T00:05:06.986Z,ICP,2.6964,4426,3.175,1357.414201
2026-09-27T00:05:06.986Z,SPACE,0.6462,6.917,0.005063,1357.414201
2026-09-27T00:05:06.986Z,DOT,-0.474,1669,1.2354,1357.414201
2026-09-27T00:05:06.986Z,ETHFI,-1.629,972.5,0.7283,1357.414201
2026-09-27T00:05:06.986Z,CC,0.8275,185,0.13517,1357.414201
2026-09-27T00:05:06.986Z,SYRUP,-0.0224,298.7,0.2201,1357.414201
2026-09-27T00:05:06.986Z,TAO,0.0819,435000,320.2,1357.414201
2026-09-27T00:05:06.986Z,GRAM,-3.3722,2096,1.598,1357.414201
2026-09-27T00:05:06.986Z,RAY,2.6277,2860,2.053,1357.414201
2026-09-27T00:05:06.986Z,RENDER,-2.7266,2621,1.985,1357.414201
2026-09-27T00:05:06.986Z,GRASS,-7.2017,750,0.5954,1357.414201
2026-09-27T00:05:06.986Z,MINA,-0.8119,194.5,0.14446,1357.414201
2026-09-27T00:05:06.986Z,POL,-0.0727,162.5,0.1198,1357.414201
2026-09-27T00:05:06.986Z,ENA,1.041,369.7,0.26955,1357.414201
2026-09-27T00:05:06.986Z,SAND,0.3534,60.85,0.04467,1357.414201
2026-09-27T00:05:06.986Z,AERO,0.1152,1180,0.8683,1357.414201
2026-09-27T00:05:06.986Z,KGEN,0.4257,223.7,0.1641,1357.414201
2026-09-27T00:05:06.986Z,LIT,0.1371,6560,4.8261,1357.414201
2026-09-27T00:05:06.986Z,MANA,-2.3814,120,0.09056,1357.414201
2026-09-27T00:05:06.986Z,BAND,-7.1308,284.9,0.226,1357.414201
2026-09-27T00:05:06.986Z,APE,-0.2412,208.7,0.15412,1357.414201
2026-09-27T00:05:06.986Z,GMT,-0.7013,11.91,0.008836,1357.414201
2026-09-27T00:05:06.986Z,VIRTUAL,-1.1192,1057,0.7875,1357.414201
2026-09-27T00:05:06.986Z,LPT,-3.9408,2261,1.734,1357.414201
2026-09-27T00:05:06.986Z,DATA,0.1282,308.8,0.2272,1357.414201
2026-09-27T00:05:06.986Z,THETA,-3.6458,302,0.2309,1357.414201
2026-09-27T00:05:06.986Z,GRT,-0.1256,37.16,0.02741,1357.414201
2026-09-27T00:05:06.986Z,LAYER,-3.3947,106.9,0.08152,1357.414201
2026-09-27T00:05:06.986Z,NMR,1.1271,13130,9.565,1357.414201
2026-09-27T00:05:06.986Z,EIGEN,-12.2346,321.9,0.2702,1357.414201
2026-09-27T00:05:06.986Z,BAT,-2.5066,125.1,0.09453,1357.414201
2026-09-27T00:05:06.986Z,SPK,-4.5426,32.64,0.02519,1357.414201
2026-09-27T00:05:06.986Z,PUMP,-11.3816,5.276,0.004386,1357.414201
2026-09-27T00:05:06.986Z,KMNO,0.0504,68,0.05007,1357.414201
2026-09-27T00:05:06.986Z,CHZ,2.5334,23.09,0.01659,1357.414201
2026-09-27T00:05:06.986Z,PENGU,0.1833,13.41,0.009861,1357.414201
2026-09-27T00:05:06.986Z,OP,0.2995,195.1,0.1433,1357.414201
2026-09-27T00:05:06.986Z,UMA,-1.1169,571.8,0.426,1357.414201
2026-09-27T00:05:06.986Z,ZRO,4.1968,2250,1.5908,1357.414201
2026-09-27T00:05:06.986Z,S,-0.3984,53.58,0.03963,1357.414201
2026-09-27T00:05:06.986Z,IMX,2.7133,229.2,0.16439,1357.414201
2026-09-27T00:05:06.986Z,A,0.2242,138.1,0.10151,1357.414201
2026-09-27T00:05:06.986Z,ATH,0.6138,8.652,0.006335,1357.414201
2026-09-27T00:05:06.986Z,COMP,8.1827,34950,23.8,1357.414201
2026-09-27T00:05:06.986Z,CVX,-4.625,2654,2.05,1357.414201
2026-09-27T00:05:06.986Z,AXS,2.8921,1620,1.1599,1357.414201
2026-09-27T00:05:06.986Z,WCT,-1.5157,58.46,0.04373,1357.414201
2026-09-27T00:05:06.986Z,ME,0.9736,107.8,0.07865,1357.414201
2026-09-27T00:05:06.986Z,ASTER,0.6452,1004,0.7349,1357.414201
2026-09-27T00:05:06.986Z,GMX,1.0443,11210,8.173,1357.414201
2026-09-27T00:05:06.986Z,MORPHO,3.3548,3810,2.7157,1357.414201
2026-09-27T00:05:06.986Z,MON,-3.3381,35.02,0.02669,1357.414201
2026-09-27T00:05:06.986Z,1INCH,-1.4759,136.6,0.10214,1357.414201
2026-09-27T00:05:06.986Z,SKY,1.528,107,0.07764,1357.414201
2026-09-27T00:05:06.986Z,YGG,-3.231,36.53,0.02781,1357.414201
2026-09-27T00:05:06.986Z,BIO,1.1344,43.93,0.032,1357.414201
2026-09-27T00:05:06.986Z,MOVE,-3.8093,12.54,0.009604,1357.414201
2026-09-27T00:05:06.986Z,GALA,-13.8336,2.627,0.002246,1357.414201
2026-09-27T00:05:06.986Z,ZK,2.3203,17.76,0.012787,1357.414201
2026-09-27T00:05:06.986Z,ENS,-0.0994,9525,7.024,1357.414201
2026-09-27T00:05:06.986Z,INJ,4.8487,11040,7.757,1357.414201
2026-09-27T00:05:06.986Z,KAITO,-1.0318,480,0.3573,1357.414201
2026-09-27T00:05:06.986Z,LDO,0.4724,650,0.4766,1357.414201
2026-09-27T00:05:06.986Z,BLUR,-1.0844,28.21,0.02101,1357.414201
2026-09-27T00:05:06.986Z,AUCTION,-2.14,5170,3.892,1357.414201
2026-09-27T00:05:06.986Z,ZETA,-1.1357,75.38,0.05617,1357.414201
2026-09-27T00:05:06.986Z,WIF,-1.5725,325.6,0.2437,1357.414201
2026-09-27T00:05:06.986Z,KSM,-0.666,6425,4.765,1357.414201
2026-09-27T00:10:07.015Z,BTC,0.3459,114841000,84311.1,1357.414201
2026-09-27T00:10:07.015Z,XRP,0.3157,2077,1.5253,1357.414201
2026-09-27T00:10:07.015Z,SOL,0.3368,165100,121.22,1357.414201
2026-09-27T00:10:07.015Z,ETH,0.3413,3667000,2692.27,1357.414201
2026-09-27T00:10:07.015Z,FIL,0.4347,1543,1.1318,1357.414201
2026-09-27T00:10:07.015Z,TRX,0.6069,455.8,0.33376,1357.414201
2026-09-27T00:10:07.015Z,BNB,0.1462,1050000,772.4,1357.414201
2026-09-27T00:10:07.015Z,WLD,0.0514,710.7,0.5233,1357.414201
2026-09-27T00:10:07.015Z,FLOW,-0.1629,44.41,0.03277,1357.414201
2026-09-27T00:10:07.015Z,LINK,-0.0569,19130,14.101,1357.414201
2026-09-27T00:10:07.015Z,DOGE,0.2815,131.4,0.09653,1357.414201
2026-09-27T00:10:07.015Z,SUI,0.4067,1590,1.1666,1357.414201
2026-09-27T00:10:07.015Z,XLM,0.5377,294,0.21543,1357.414201
2026-09-27T00:10:07.015Z,BCH,0.6223,457700,335.1,1357.414201
2026-09-27T00:10:07.015Z,AVAX,-0.3159,14630,10.812,1357.414201
2026-09-27T00:10:07.015Z,ETC,0.0024,12760,9.4,1357.414201
2026-09-27T00:10:07.015Z,AAVE,-0.2927,210000,155.16,1357.414201
2026-09-27T00:10:07.015Z,ADA,0.2627,344.6,0.2532,1357.414201
2026-09-27T00:10:07.015Z,HYPE,0.1407,125800,92.546,1357.414201
2026-09-27T00:10:07.015Z,SEI,0.7475,97.89,0.07158,1357.414201
2026-09-27T00:10:07.015Z,HBAR,0.4871,127.1,0.09318,1357.414201
2026-09-27T00:10:07.015Z,ARB,0.2272,301.5,0.22161,1357.414201
2026-09-27T00:10:07.015Z,JTO,0.789,823.2,0.6017,1357.414201
2026-09-27T00:10:07.015Z,ONDO,0.1389,729.4,0.5366,1357.414201
2026-09-27T00:10:07.015Z,QTUM,3.6292,1441,1.0244,1357.414201
2026-09-27T00:10:07.015Z,PYTH,-1.1685,109.9,0.08192,1357.414201
2026-09-27T00:10:07.015Z,APT,-1.3681,1134,0.847,1357.414201
2026-09-27T00:10:07.015Z,UNI,0.4549,13190,9.673,1357.414201
2026-09-27T00:10:07.015Z,TIA,-0.4989,663.3,0.4911,1357.414201
2026-09-27T00:10:07.015Z,ALGO,0.5468,160.3,0.11745,1357.414201
2026-09-27T00:10:07.015Z,NEAR,-0.9591,6765,5.032,1357.414201
2026-09-27T00:10:07.015Z,ZIL,-3.7642,4.9,0.003751,1357.414201
2026-09-27T00:10:07.015Z,SUSHI,-3.9454,348,0.2669,1357.414201
2026-09-27T00:10:07.015Z,PENDLE,-0.8539,3448,2.562,1357.414201
2026-09-27T00:10:07.015Z,XTZ,0.4029,444.3,0.326,1357.414201
2026-09-27T00:10:07.015Z,W,-1.6082,17.4,0.013028,1357.414201
2026-09-27T00:10:07.015Z,AR,-2.3469,6250,4.715,1357.414201
2026-09-27T00:10:07.015Z,SHIB,1.0538,0.0081,0.000005905,1357.414201
2026-09-27T00:10:07.015Z,CELO,2.0842,133,0.09598,1357.414201
2026-09-27T00:10:07.015Z,STX,-0.0971,462.7,0.3412,1357.414201
2026-09-27T00:10:07.015Z,JUP,0.662,462.8,0.3387,1357.414201
2026-09-27T00:10:07.015Z,PEPE,-0.1723,0.0059,0.000004354,1357.414201
2026-09-27T00:10:07.015Z,DYDX,3.8769,200,0.14184,1357.414201
2026-09-27T00:10:07.015Z,KITE,-14.9726,176.3,0.15275,1357.414201
2026-09-27T00:10:07.015Z,CRV,1.8666,479.4,0.3467,1357.414201
2026-09-27T00:10:07.015Z,ENJ,4.0097,42.92,0.0304,1357.414201
2026-09-27T00:10:07.015Z,ATOM,-0.6392,2510,1.861,1357.414201
2026-09-27T00:10:07.015Z,ICP,2.3097,4426,3.187,1357.414201
2026-09-27T00:10:07.015Z,SPACE,0.8254,6.917,0.005054,1357.414201
2026-09-27T00:10:07.015Z,DOT,-0.3046,1669,1.2333,1357.414201
2026-09-27T00:10:07.015Z,ETHFI,-1.9521,972.5,0.7307,1357.414201
2026-09-27T00:10:07.015Z,CC,0.753,185,0.13527,1357.414201
2026-09-27T00:10:07.015Z,SYRUP,-0.1131,298.7,0.2203,1357.414201
2026-09-27T00:10:07.015Z,TAO,-0.1986,435000,321.1,1357.414201
2026-09-27T00:10:07.015Z,GRAM,-3.6736,2096,1.603,1357.414201
2026-09-27T00:10:07.015Z,RAY,2.6477,2860,2.0526,1357.414201
2026-09-27T00:10:07.015Z,RENDER,-3.1171,2621,1.993,1357.414201
2026-09-27T00:10:07.015Z,GRASS,-7.5743,750,0.5978,1357.414201
2026-09-27T00:10:07.015Z,MINA,-0.6468,194.5,0.14422,1357.414201
2026-09-27T00:10:07.015Z,POL,-0.1144,162.5,0.11985,1357.414201
2026-09-27T00:10:07.015Z,ENA,0.7756,369.7,0.27026,1357.414201
2026-09-27T00:10:07.015Z,SAND,0.1964,60.85,0.04474,1357.414201
2026-09-27T00:10:07.015Z,AERO,0.1152,1180,0.8683,1357.414201
2026-09-27T00:10:07.015Z,KGEN,0.3646,223.7,0.1642,1357.414201
2026-09-27T00:10:07.015Z,LIT,-0.1092,6560,4.838,1357.414201
2026-09-27T00:10:07.015Z,MANA,-2.2519,120,0.09044,1357.414201
2026-09-27T00:10:07.015Z,BAND,-7.0074,284.9,0.2257,1357.414201
2026-09-27T00:10:07.015Z,APE,-0.3576,208.7,0.1543,1357.414201
2026-09-27T00:10:07.015Z,GMT,-0.8584,11.91,0.00885,1357.414201
2026-09-27T00:10:07.015Z,VIRTUAL,-1.3572,1057,0.7894,1357.414201
2026-09-27T00:10:07.015Z,LPT,-3.9961,2261,1.735,1357.414201
2026-09-27T00:10:07.015Z,DATA,0.2165,308.8,0.227,1357.414201
2026-09-27T00:10:07.015Z,THETA,-3.5205,302,0.2306,1357.414201
2026-09-27T00:10:07.015Z,GRT,0.0204,37.16,0.02737,1357.414201
2026-09-27T00:10:07.015Z,LAYER,-3.3591,106.9,0.08149,1357.414201
2026-09-27T00:10:07.015Z,NMR,1.1271,13130,9.565,1357.414201
2026-09-27T00:10:07.015Z,EIGEN,-12.4614,321.9,0.2709,1357.414201
2026-09-27T00:10:07.015Z,BAT,-2.9991,125.1,0.09501,1357.414201
2026-09-27T00:10:07.015Z,SPK,-4.0857,32.64,0.02507,1357.414201
2026-09-27T00:10:07.015Z,PUMP,-11.422,5.276,0.004388,1357.414201
2026-09-27T00:10:07.015Z,KMNO,0.331,68,0.04993,1357.414201
2026-09-27T00:10:07.015Z,CHZ,2.5952,23.09,0.01658,1357.414201
2026-09-27T00:10:07.015Z,PENGU,0.1123,13.41,0.009868,1357.414201
2026-09-27T00:10:07.015Z,OP,0.1527,195.1,0.14351,1357.414201
2026-09-27T00:10:07.015Z,UMA,-1.0007,571.8,0.4255,1357.414201
2026-09-27T00:10:07.015Z,ZRO,4.0399,2250,1.5932,1357.414201
2026-09-27T00:10:07.015Z,S,-0.574,53.58,0.0397,1357.414201
2026-09-27T00:10:07.015Z,IMX,2.6571,229.2,0.16448,1357.414201
2026-09-27T00:10:07.015Z,A,0.3329,138.1,0.1014,1357.414201
2026-09-27T00:10:07.015Z,ATH,0.2183,8.652,0.00636,1357.414201
2026-09-27T00:10:07.015Z,COMP,8.0465,34950,23.83,1357.414201
2026-09-27T00:10:07.015Z,CVX,-4.625,2654,2.05,1357.414201
2026-09-27T00:10:07.015Z,AXS,2.8832,1620,1.16,1357.414201
2026-09-27T00:10:07.015Z,WCT,-1.3804,58.46,0.04367,1357.414201
2026-09-27T00:10:07.015Z,ME,1.0378,107.8,0.0786,1357.414201
2026-09-27T00:10:07.015Z,ASTER,0.4811,1004,0.7361,1357.414201
2026-09-27T00:10:07.015Z,GMX,1.0814,11210,8.17,1357.414201
2026-09-27T00:10:07.015Z,MORPHO,3.294,3810,2.7173,1357.414201
2026-09-27T00:10:07.015Z,MON,-3.2656,35.02,0.02667,1357.414201
2026-09-27T00:10:07.015Z,1INCH,-1.2729,136.6,0.10193,1357.414201
2026-09-27T00:10:07.015Z,SKY,1.4888,107,0.07767,1357.414201
2026-09-27T00:10:07.015Z,YGG,-3.1613,36.53,0.02779,1357.414201
2026-09-27T00:10:07.015Z,BIO,0.9766,43.93,0.03205,1357.414201
2026-09-27T00:10:07.015Z,MOVE,-4.2579,12.54,0.009649,1357.414201
2026-09-27T00:10:07.015Z,GALA,-13.9485,2.627,0.002249,1357.414201
2026-09-27T00:10:07.015Z,ZK,2.4967,17.76,0.012765,1357.414201
2026-09-27T00:10:07.015Z,ENS,-0.014,9525,7.018,1357.414201
2026-09-27T00:10:07.015Z,INJ,4.7406,11040,7.765,1357.414201
2026-09-27T00:10:07.015Z,KAITO,-0.9486,480,0.357,1357.414201
2026-09-27T00:10:07.015Z,LDO,0.5146,650,0.4764,1357.414201
2026-09-27T00:10:07.015Z,BLUR,-1.0844,28.21,0.02101,1357.414201
2026-09-27T00:10:07.015Z,AUCTION,-2.1902,5170,3.894,1357.414201
2026-09-27T00:10:07.015Z,ZETA,-0.2119,75.38,0.05565,1357.414201
2026-09-27T00:10:07.015Z,WIF,-1.774,325.6,0.2442,1357.414201
2026-09-27T00:10:07.015Z,KSM,-0.7285,6425,4.768,1357.414201
2026-09-27T00:15:06.767Z,BTC,0.3787,114841000,84283.6,1357.414201
2026-09-27T00:15:06.767Z,XRP,0.399,2076,1.5233,1357.414201
2026-09-27T00:15:06.767Z,SOL,0.4777,165100,121.05,1357.414201
2026-09-27T00:15:06.767Z,ETH,0.4014,3667000,2690.66,1357.414201
2026-09-27T00:15:06.767Z,FIL,0.6571,1543,1.1293,1357.414201
2026-09-27T00:15:06.767Z,TRX,0.631,455.8,0.33368,1357.414201
2026-09-27T00:15:06.767Z,BNB,0.2111,1050000,771.9,1357.414201
2026-09-27T00:15:06.767Z,WLD,0.3359,714.9,0.5249,1357.414201
2026-09-27T00:15:06.767Z,FLOW,-0.4666,44.41,0.03287,1357.414201
2026-09-27T00:15:06.767Z,LINK,0.0495,19130,14.086,1357.414201
2026-09-27T00:15:06.767Z,DOGE,0.3855,131.4,0.09643,1357.414201
2026-09-27T00:15:06.767Z,SUI,0.6738,1593,1.1657,1357.414201
2026-09-27T00:15:06.767Z,XLM,0.6358,294,0.21522,1357.414201
2026-09-27T00:15:06.767Z,BCH,0.6824,457700,334.9,1357.414201
2026-09-27T00:15:06.767Z,AVAX,-0.4908,14630,10.831,1357.414201
2026-09-27T00:15:06.767Z,ETC,0.1622,12760,9.385,1357.414201
2026-09-27T00:15:06.767Z,AAVE,-0.1189,210000,154.89,1357.414201
2026-09-27T00:15:06.767Z,ADA,0.4637,344.2,0.2524,1357.414201
2026-09-27T00:15:06.767Z,HYPE,0.3011,125800,92.398,1357.414201
2026-09-27T00:15:06.767Z,SEI,1.1999,97.89,0.07126,1357.414201
2026-09-27T00:15:06.767Z,HBAR,0.5519,127.1,0.09312,1357.414201
2026-09-27T00:15:06.767Z,ARB,0.2453,301.5,0.22157,1357.414201
2026-09-27T00:15:06.767Z,JTO,0.9904,823.2,0.6005,1357.414201
2026-09-27T00:15:06.767Z,ONDO,0.4008,729.4,0.5352,1357.414201
2026-09-27T00:15:06.767Z,QTUM,3.9437,1441,1.0213,1357.414201
2026-09-27T00:15:06.767Z,PYTH,-1.565,109.9,0.08225,1357.414201
2026-09-27T00:15:06.767Z,APT,-1.2632,1134,0.8461,1357.414201
2026-09-27T00:15:06.767Z,UNI,0.5069,13190,9.668,1357.414201
2026-09-27T00:15:06.767Z,TIA,-0.3163,663.3,0.4902,1357.414201
2026-09-27T00:15:06.767Z,ALGO,0.7355,160.3,0.11723,1357.414201
2026-09-27T00:15:06.767Z,NEAR,-0.7421,6765,5.021,1357.414201
2026-09-27T00:15:06.767Z,ZIL,-3.8155,4.9,0.003753,1357.414201
2026-09-27T00:15:06.767Z,SUSHI,-3.6928,348,0.2662,1357.414201
2026-09-27T00:15:06.767Z,PENDLE,-0.5822,3448,2.555,1357.414201
2026-09-27T00:15:06.767Z,XTZ,0.6809,444.3,0.3251,1357.414201
2026-09-27T00:15:06.767Z,W,-1.7816,17.4,0.013051,1357.414201
2026-09-27T00:15:06.767Z,AR,-2.409,6250,4.718,1357.414201
2026-09-27T00:15:06.767Z,SHIB,1.294,0.0081,0.000005891,1357.414201
2026-09-27T00:15:06.767Z,CELO,2.415,133,0.09567,1357.414201
2026-09-27T00:15:06.767Z,STX,-0.389,462.7,0.3422,1357.414201
2026-09-27T00:15:06.767Z,JUP,0.7513,462.8,0.3384,1357.414201
2026-09-27T00:15:06.767Z,PEPE,0.1267,0.0059,0.000004341,1357.414201
2026-09-27T00:15:06.767Z,DYDX,4.3182,200,0.14124,1357.414201
2026-09-27T00:15:06.767Z,KITE,-14.9058,176.3,0.15263,1357.414201
2026-09-27T00:15:06.767Z,CRV,2.0432,479.4,0.3461,1357.414201
2026-09-27T00:15:06.767Z,ENJ,4.3874,42.92,0.03029,1357.414201
2026-09-27T00:15:06.767Z,ATOM,-0.3716,2510,1.856,1357.414201
2026-09-27T00:15:06.767Z,ICP,2.2776,4426,3.188,1357.414201
2026-09-27T00:15:06.767Z,SPACE,0.6661,6.917,0.005062,1357.414201
2026-09-27T00:15:06.767Z,DOT,-0.2318,1669,1.2324,1357.414201
2026-09-27T00:15:06.767Z,ETHFI,-1.8043,972.5,0.7296,1357.414201
2026-09-27T00:15:06.767Z,CC,0.7828,185,0.13523,1357.414201
2026-09-27T00:15:06.767Z,SYRUP,0.0231,298.7,0.22,1357.414201
2026-09-27T00:15:06.767Z,TAO,0.0194,435000,320.4,1357.414201
2026-09-27T00:15:06.767Z,GRAM,-3.6135,2096,1.602,1357.414201
2026-09-27T00:15:06.767Z,RAY,2.8833,2860,2.0479,1357.414201
2026-09-27T00:15:06.767Z,RENDER,-3.2627,2621,1.996,1357.414201
2026-09-27T00:15:06.767Z,GRASS,-7.5897,750,0.5979,1357.414201
2026-09-27T00:15:06.767Z,MINA,-0.8736,194.5,0.14455,1357.414201
2026-09-27T00:15:06.767Z,POL,-0.3306,162.5,0.12011,1357.414201
2026-09-27T00:15:06.767Z,ENA,0.7458,369.7,0.27034,1357.414201
2026-09-27T00:15:06.767Z,SAND,0.3759,60.85,0.04466,1357.414201
2026-09-27T00:15:06.767Z,AERO,0.1959,1180,0.8676,1357.414201
2026-09-27T00:15:06.767Z,KGEN,0.1207,223.7,0.1646,1357.414201
2026-09-27T00:15:06.767Z,LIT,0.0998,6560,4.8279,1357.414201
2026-09-27T00:15:06.767Z,MANA,-2.0461,120,0.09025,1357.414201
2026-09-27T00:15:06.767Z,BAND,-6.9662,284.9,0.2256,1357.414201
2026-09-27T00:15:06.767Z,APE,-0.0337,208.7,0.1538,1357.414201
2026-09-27T00:15:06.767Z,GMT,-0.5775,11.91,0.008825,1357.414201
2026-09-27T00:15:06.767Z,VIRTUAL,-1.3197,1057,0.7891,1357.414201
2026-09-27T00:15:06.767Z,LPT,-3.7743,2261,1.731,1357.414201
2026-09-27T00:15:06.767Z,DATA,0.0842,308.8,0.2273,1357.414201
2026-09-27T00:15:06.767Z,THETA,-3.3528,302,0.2302,1357.414201
2026-09-27T00:15:06.767Z,GRT,0.0935,37.16,0.02735,1357.414201
2026-09-27T00:15:06.767Z,LAYER,-3.1809,106.9,0.08134,1357.414201
2026-09-27T00:15:06.767Z,NMR,1.3071,13130,9.548,1357.414201
2026-09-27T00:15:06.767Z,EIGEN,-12.1371,321.9,0.2699,1357.414201
2026-09-27T00:15:06.767Z,BAT,-2.9072,125.1,0.09492,1357.414201
2026-09-27T00:15:06.767Z,SPK,-4.2385,32.64,0.02511,1357.414201
2026-09-27T00:15:06.767Z,PUMP,-11.3412,5.276,0.004384,1357.414201
2026-09-27T00:15:06.767Z,KMNO,1.4279,68,0.04939,1357.414201
2026-09-27T00:15:06.767Z,CHZ,2.9678,23.09,0.01652,1357.414201
2026-09-27T00:15:06.767Z,PENGU,0.4073,13.41,0.009839,1357.414201
2026-09-27T00:15:06.767Z,OP,0.1946,195.1,0.14345,1357.414201
2026-09-27T00:15:06.767Z,UMA,-0.9075,571.8,0.4251,1357.414201
2026-09-27T00:15:06.767Z,ZRO,4.0856,2250,1.5925,1357.414201
2026-09-27T00:15:06.767Z,S,-0.2726,53.58,0.03958,1357.414201
2026-09-27T00:15:06.767Z,IMX,3.0833,229.2,0.1638,1357.414201
2026-09-27T00:15:06.767Z,A,0.5113,138.1,0.10122,1357.414201
2026-09-27T00:15:06.767Z,ATH,0.8047,8.652,0.006323,1357.414201
2026-09-27T00:15:06.767Z,COMP,8.2282,34950,23.79,1357.414201
2026-09-27T00:15:06.767Z,CVX,-4.5318,2654,2.048,1357.414201
2026-09-27T00:15:06.767Z,AXS,3.052,1620,1.1581,1357.414201
2026-09-27T00:15:06.767Z,WCT,-1.0177,58.46,0.04351,1357.414201
2026-09-27T00:15:06.767Z,ME,1.231,107.8,0.07845,1357.414201
2026-09-27T00:15:06.767Z,ASTER,0.6863,1004,0.7346,1357.414201
2026-09-27T00:15:06.767Z,GMX,1.2921,11210,8.153,1357.414201
2026-09-27T00:15:06.767Z,MORPHO,3.5875,3810,2.7096,1357.414201
2026-09-27T00:15:06.767Z,MON,-2.7918,35.02,0.02654,1357.414201
2026-09-27T00:15:06.767Z,1INCH,-1.1274,136.6,0.10178,1357.414201
2026-09-27T00:15:06.767Z,SKY,1.7902,107,0.07744,1357.414201
2026-09-27T00:15:06.767Z,YGG,-2.8467,36.53,0.0277,1357.414201
2026-09-27T00:15:06.767Z,BIO,1.1976,43.93,0.03198,1357.414201
2026-09-27T00:15:06.767Z,MOVE,-3.4676,12.54,0.00957,1357.414201
2026-09-27T00:15:06.767Z,GALA,-13.8336,2.627,0.002246,1357.414201
2026-09-27T00:15:06.767Z,ZK,2.6575,17.76,0.012745,1357.414201
2026-09-27T00:15:06.767Z,ENS,0.2288,9525,7.001,1357.414201
2026-09-27T00:15:06.767Z,INJ,4.9163,11040,7.752,1357.414201
2026-09-27T00:15:06.767Z,KAITO,-0.6145,480,0.3558,1357.414201
2026-09-27T00:15:06.767Z,LDO,0.5568,650,0.4762,1357.414201
2026-09-27T00:15:06.767Z,BLUR,-1.3193,28.21,0.02106,1357.414201
2026-09-27T00:15:06.767Z,AUCTION,-2.0393,5170,3.888,1357.414201
2026-09-27T00:15:06.767Z,ZETA,-0.498,75.38,0.05581,1357.414201
2026-09-27T00:15:06.767Z,WIF,-1.3701,325.6,0.2432,1357.414201
2026-09-27T00:15:06.767Z,KSM,-0.499,6425,4.757,1357.414201
2026-09-27T00:20:07.939Z,BTC,0.4396,114820000,84217.1,1357.414201
2026-09-27T00:20:07.939Z,XRP,0.4606,2074,1.5209,1357.414201
2026-09-27T00:20:07.939Z,SOL,0.5693,164800,120.72,1357.414201
2026-09-27T00:20:07.939Z,ETH,0.4209,3665000,2688.67,1357.414201
2026-09-27T00:20:07.939Z,FIL,0.782,1543,1.1279,1357.414201
2026-09-27T00:20:07.939Z,TRX,0.6853,455.8,0.3335,1357.414201
2026-09-27T00:20:07.939Z,BNB,0.2761,1050000,771.4,1357.414201
2026-09-27T00:20:07.939Z,WLD,0.4405,716.6,0.5256,1357.414201
2026-09-27T00:20:07.939Z,FLOW,0.1427,44.41,0.03267,1357.414201
2026-09-27T00:20:07.939Z,LINK,0.0921,19130,14.08,1357.414201
2026-09-27T00:20:07.939Z,DOGE,0.4897,131.4,0.09633,1357.414201
2026-09-27T00:20:07.939Z,SUI,0.4469,1586,1.1632,1357.414201
2026-09-27T00:20:07.939Z,XLM,0.6517,293.5,0.21482,1357.414201
2026-09-27T00:20:07.939Z,BCH,0.9234,457700,334.1,1357.414201
2026-09-27T00:20:07.939Z,AVAX,-0.408,14630,10.822,1357.414201
2026-09-27T00:20:07.939Z,ETC,0.3654,12760,9.366,1357.414201
2026-09-27T00:20:07.939Z,AAVE,0.1592,210000,154.46,1357.414201
2026-09-27T00:20:07.939Z,ADA,0.5035,344.2,0.2523,1357.414201
2026-09-27T00:20:07.939Z,HYPE,0.3913,125800,92.315,1357.414201
2026-09-27T00:20:07.939Z,SEI,1.2141,97.89,0.07125,1357.414201
2026-09-27T00:20:07.939Z,HBAR,0.7249,127.1,0.09296,1357.414201
2026-09-27T00:20:07.939Z,ARB,0.277,301.5,0.2215,1357.414201
2026-09-27T00:20:07.939Z,JTO,1.1251,823.2,0.5997,1357.414201
2026-09-27T00:20:07.939Z,ONDO,0.407,728.9,0.5348,1357.414201
2026-09-27T00:20:07.939Z,QTUM,4.0762,1441,1.02,1357.414201
2026-09-27T00:20:07.939Z,PYTH,-1.6129,109.9,0.08229,1357.414201
2026-09-27T00:20:07.939Z,APT,-1.0527,1134,0.8443,1357.414201
2026-09-27T00:20:07.939Z,UNI,0.7988,13190,9.64,1357.414201
2026-09-27T00:20:07.939Z,TIA,-0.1329,663.3,0.4893,1357.414201
2026-09-27T00:20:07.939Z,ALGO,1.4363,160.3,0.11642,1357.414201
2026-09-27T00:20:07.939Z,NEAR,-0.6827,6765,5.018,1357.414201
2026-09-27T00:20:07.939Z,ZIL,-3.6615,4.9,0.003747,1357.414201
2026-09-27T00:20:07.939Z,SUSHI,-3.5479,348,0.2658,1357.414201
2026-09-27T00:20:07.939Z,PENDLE,-0.5822,3448,2.555,1357.414201
2026-09-27T00:20:07.939Z,XTZ,0.7118,444.3,0.325,1357.414201
2026-09-27T00:20:07.939Z,W,-1.5326,17.4,0.013018,1357.414201
2026-09-27T00:20:07.939Z,AR,-2.5536,6250,4.725,1357.414201
2026-09-27T00:20:07.939Z,SHIB,0.1795,0.008,0.000005883,1357.414201
2026-09-27T00:20:07.939Z,CELO,2.3829,133,0.0957,1357.414201
2026-09-27T00:20:07.939Z,STX,-0.1556,462.7,0.3414,1357.414201
2026-09-27T00:20:07.939Z,JUP,0.99,462.8,0.3376,1357.414201
2026-09-27T00:20:07.939Z,PEPE,0.2884,0.0059,0.000004334,1357.414201
2026-09-27T00:20:07.939Z,DYDX,4.5254,200,0.14096,1357.414201
2026-09-27T00:20:07.939Z,KITE,-15.2279,176.3,0.15321,1357.414201
2026-09-27T00:20:07.939Z,CRV,2.25,479.4,0.3454,1357.414201
2026-09-27T00:20:07.939Z,ENJ,4.3185,42.92,0.03031,1357.414201
2026-09-27T00:20:07.939Z,ATOM,-0.3716,2510,1.856,1357.414201
2026-09-27T00:20:07.939Z,ICP,2.4383,4426,3.183,1357.414201
2026-09-27T00:20:07.939Z,SPACE,0.9853,6.917,0.005046,1357.414201
2026-09-27T00:20:07.939Z,DOT,-0.2399,1669,1.2325,1357.414201
2026-09-27T00:20:07.939Z,ETHFI,-1.6695,972.5,0.7286,1357.414201
2026-09-27T00:20:07.939Z,CC,0.9844,185,0.13496,1357.414201
2026-09-27T00:20:07.939Z,SYRUP,0.2509,298.7,0.2195,1357.414201
2026-09-27T00:20:07.939Z,TAO,0.2384,435000,319.7,1357.414201
2026-09-27T00:20:07.939Z,GRAM,-4.1519,2096,1.611,1357.414201
2026-09-27T00:20:07.939Z,RAY,2.999,2860,2.0456,1357.414201
2026-09-27T00:20:07.939Z,RENDER,-3.2142,2621,1.995,1357.414201
2026-09-27T00:20:07.939Z,GRASS,-6.8889,750,0.5934,1357.414201
2026-09-27T00:20:07.939Z,MINA,-0.6055,194.5,0.14416,1357.414201
2026-09-27T00:20:07.939Z,POL,-0.156,162.5,0.1199,1357.414201
2026-09-27T00:20:07.939Z,ENA,0.9399,369.7,0.26982,1357.414201
2026-09-27T00:20:07.939Z,SAND,0.5109,60.85,0.0446,1357.414201
2026-09-27T00:20:07.939Z,AERO,0.4971,1180,0.865,1357.414201
2026-09-27T00:20:07.939Z,KGEN,0.4257,223.7,0.1641,1357.414201
2026-09-27T00:20:07.939Z,LIT,0.5287,6560,4.8073,1357.414201
2026-09-27T00:20:07.939Z,MANA,-1.8939,120,0.09011,1357.414201
2026-09-27T00:20:07.939Z,BAND,-6.8836,284.9,0.2254,1357.414201
2026-09-27T00:20:07.939Z,APE,0.103,208.7,0.15359,1357.414201
2026-09-27T00:20:07.939Z,GMT,-0.3517,11.91,0.008805,1357.414201
2026-09-27T00:20:07.939Z,VIRTUAL,-1.0564,1057,0.787,1357.414201
2026-09-27T00:20:07.939Z,LPT,-3.7743,2261,1.731,1357.414201
2026-09-27T00:20:07.939Z,DATA,0.3048,308.8,0.2268,1357.414201
2026-09-27T00:20:07.939Z,THETA,-3.2688,302,0.23,1357.414201
2026-09-27T00:20:07.939Z,GRT,0.3136,37.16,0.02729,1357.414201
2026-09-27T00:20:07.939Z,LAYER,-3.3116,106.9,0.08145,1357.414201
2026-09-27T00:20:07.939Z,NMR,1.4346,13130,9.536,1357.414201
2026-09-27T00:20:07.939Z,EIGEN,-11.9086,321.9,0.2692,1357.414201
2026-09-27T00:20:07.939Z,BAT,-2.856,125.1,0.09487,1357.414201
2026-09-27T00:20:07.939Z,SPK,-4.2385,32.64,0.02511,1357.414201
2026-09-27T00:20:07.939Z,PUMP,-11.1994,5.276,0.004377,1357.414201
2026-09-27T00:20:07.939Z,KMNO,0.6737,68,0.04976,1357.414201
2026-09-27T00:20:07.939Z,CHZ,2.9678,23.09,0.01652,1357.414201
2026-09-27T00:20:07.939Z,PENGU,0.8584,13.41,0.009795,1357.414201
2026-09-27T00:20:07.939Z,OP,0.2225,195.1,0.14341,1357.414201
2026-09-27T00:20:07.939Z,UMA,-0.7441,571.8,0.4244,1357.414201
2026-09-27T00:20:07.939Z,ZRO,4.2821,2250,1.5895,1357.414201
2026-09-27T00:20:07.939Z,S,-0.0959,53.58,0.03951,1357.414201
2026-09-27T00:20:07.939Z,IMX,3.0959,229.2,0.16378,1357.414201
2026-09-27T00:20:07.939Z,A,0.7702,138.1,0.10096,1357.414201
2026-09-27T00:20:07.939Z,ATH,0.9165,8.652,0.006316,1357.414201
2026-09-27T00:20:07.939Z,COMP,8.2737,34950,23.78,1357.414201
2026-09-27T00:20:07.939Z,CVX,-4.3918,2654,2.045,1357.414201
2026-09-27T00:20:07.939Z,AXS,3.1768,1620,1.1567,1357.414201
2026-09-27T00:20:07.939Z,WCT,-1.0177,58.46,0.04351,1357.414201
2026-09-27T00:20:07.939Z,ME,1.5936,107.8,0.07817,1357.414201
2026-09-27T00:20:07.939Z,ASTER,1.1683,1004,0.7311,1357.414201
2026-09-27T00:20:07.939Z,GMX,1.4165,11210,8.143,1357.414201
2026-09-27T00:20:07.939Z,MORPHO,3.4005,3810,2.7145,1357.414201
2026-09-27T00:20:07.939Z,MON,-2.8284,35.02,0.02655,1357.414201
2026-09-27T00:20:07.939Z,1INCH,-1.0204,136.6,0.10167,1357.414201
2026-09-27T00:20:07.939Z,SKY,1.6458,107,0.07755,1357.414201
2026-09-27T00:20:07.939Z,YGG,-2.671,36.53,0.02765,1357.414201
2026-09-27T00:20:07.939Z,BIO,1.3561,43.93,0.03193,1357.414201
2026-09-27T00:20:07.939Z,MOVE,-3.4171,12.54,0.009565,1357.414201
2026-09-27T00:20:07.939Z,GALA,-13.872,2.627,0.002247,1357.414201
2026-09-27T00:20:07.939Z,ZK,2.8269,17.76,0.012724,1357.414201
2026-09-27T00:20:07.939Z,ENS,0.3578,9525,6.992,1357.414201
2026-09-27T00:20:07.939Z,INJ,4.9705,11040,7.748,1357.414201
2026-09-27T00:20:07.939Z,KAITO,-0.4186,480,0.3551,1357.414201
2026-09-27T00:20:07.939Z,LDO,0.7684,650,0.4752,1357.414201
2026-09-27T00:20:07.939Z,BLUR,-0.8485,28.21,0.02096,1357.414201
2026-09-27T00:20:07.939Z,AUCTION,-1.8626,5170,3.881,1357.414201
2026-09-27T00:20:07.939Z,ZETA,0.5287,75.38,0.05524,1357.414201
2026-09-27T00:20:07.939Z,WIF,-1.2076,325.6,0.2428,1357.414201
2026-09-27T00:20:07.939Z,KSM,-0.3314,6425,4.749,1357.414201
2026-09-27T00:25:06.961Z,BTC,0.3927,114765000,84216.1,1357.414201
2026-09-27T00:25:06.961Z,XRP,0.432,2073,1.5206,1357.414201
2026-09-27T00:25:06.961Z,SOL,0.4778,164800,120.83,1357.414201
2026-09-27T00:25:06.961Z,ETH,0.3547,3664000,2689.71,1357.414201
2026-09-27T00:25:06.961Z,FIL,0.5502,1543,1.1305,1357.414201
2026-09-27T00:25:06.961Z,TRX,0.6642,455.8,0.33357,1357.414201
2026-09-27T00:25:06.961Z,BNB,0.1981,1050000,772,1357.414201
2026-09-27T00:25:06.961Z,WLD,0.054,715.2,0.5266,1357.414201
2026-09-27T00:25:06.961Z,FLOW,0.2347,44.41,0.03264,1357.414201
2026-09-27T00:25:06.961Z,LINK,-0.2056,19130,14.122,1357.414201
2026-09-27T00:25:06.961Z,DOGE,0.3855,131.4,0.09643,1357.414201
2026-09-27T00:25:06.961Z,SUI,0.5819,1591,1.1653,1357.414201
2026-09-27T00:25:06.961Z,XLM,0.3992,293.2,0.21514,1357.414201
2026-09-27T00:25:06.961Z,BCH,0.9839,457700,333.9,1357.414201
2026-09-27T00:25:06.961Z,AVAX,-0.6284,14630,10.846,1357.414201
2026-09-27T00:25:06.961Z,ETC,0.2905,12760,9.373,1357.414201
2026-09-27T00:25:06.961Z,AAVE,0.0685,210000,154.6,1357.414201
2026-09-27T00:25:06.961Z,ADA,0.5221,344.4,0.2524,1357.414201
2026-09-27T00:25:06.961Z,HYPE,0.3967,125800,92.31,1357.414201
2026-09-27T00:25:06.961Z,SEI,0.8461,97.89,0.07151,1357.414201
2026-09-27T00:25:06.961Z,HBAR,0.6925,127.1,0.09299,1357.414201
2026-09-27T00:25:06.961Z,ARB,-0.0029,301.5,0.22212,1357.414201
2026-09-27T00:25:06.961Z,JTO,0.7387,823.2,0.602,1357.414201
2026-09-27T00:25:06.961Z,ONDO,0.4609,729.7,0.5351,1357.414201
2026-09-27T00:25:06.961Z,QTUM,4.0966,1441,1.0198,1357.414201
2026-09-27T00:25:06.961Z,PYTH,-0.2909,112.5,0.08312,1357.414201
2026-09-27T00:25:06.961Z,APT,-1.3448,1134,0.8468,1357.414201
2026-09-27T00:25:06.961Z,UNI,0.2607,13140,9.655,1357.414201
2026-09-27T00:25:06.961Z,TIA,-0.2959,663.3,0.4901,1357.414201
2026-09-27T00:25:06.961Z,ALGO,1.6984,160.3,0.11612,1357.414201
2026-09-27T00:25:06.961Z,NEAR,-0.5621,6865,5.086,1357.414201
2026-09-27T00:25:06.961Z,ZIL,-3.6358,4.9,0.003746,1357.414201
2026-09-27T00:25:06.961Z,SUSHI,-3.5841,348,0.2659,1357.414201
2026-09-27T00:25:06.961Z,PENDLE,-0.6211,3448,2.556,1357.414201
2026-09-27T00:25:06.961Z,XTZ,0.7739,444.3,0.3248,1357.414201
2026-09-27T00:25:06.961Z,W,-1.8342,17.4,0.013058,1357.414201
2026-09-27T00:25:06.961Z,AR,-3.3513,6250,4.764,1357.414201
2026-09-27T00:25:06.961Z,SHIB,0.1454,0.008,5.885e-06,1357.414201
2026-09-27T00:25:06.961Z,CELO,2.2867,133,0.09579,1357.414201
2026-09-27T00:25:06.961Z,STX,-0.2141,462.7,0.3416,1357.414201
2026-09-27T00:25:06.961Z,JUP,0.8407,462.8,0.3381,1357.414201
2026-09-27T00:25:06.961Z,PEPE,0.1498,0.0059,4.34e-06,1357.414201
2026-09-27T00:25:06.961Z,DYDX,4.2296,200,0.14136,1357.414201
2026-09-27T00:25:06.961Z,KITE,-14.7606,176.3,0.15237,1357.414201
2026-09-27T00:25:06.961Z,CRV,1.6906,479.4,0.3473,1357.414201
2026-09-27T00:25:06.961Z,ENJ,4.3529,42.92,0.0303,1357.414201
2026-09-27T00:25:06.961Z,ATOM,-0.3716,2510,1.856,1357.414201
2026-09-27T00:25:06.961Z,ICP,2.2776,4426,3.188,1357.414201
2026-09-27T00:25:06.961Z,SPACE,1.1457,6.917,0.005038,1357.414201
2026-09-27T00:25:06.961Z,DOT,-0.4821,1669,1.2355,1357.414201
2026-09-27T00:25:06.961Z,ETHFI,-1.4396,972.5,0.7269,1357.414201
2026-09-27T00:25:06.961Z,CC,1.1418,185,0.13475,1357.414201
2026-09-27T00:25:06.961Z,SYRUP,0.0685,298.7,0.2199,1357.414201
2026-09-27T00:25:06.961Z,TAO,0.0507,435000,320.3,1357.414201
2026-09-27T00:25:06.961Z,GRAM,-3.7336,2096,1.604,1357.414201
2026-09-27T00:25:06.961Z,RAY,2.6427,2860,2.0527,1357.414201
2026-09-27T00:25:06.961Z,RENDER,-3.3111,2621,1.997,1357.414201
2026-09-27T00:25:06.961Z,GRASS,-7.6361,750,0.5982,1357.414201
2026-09-27T00:25:06.961Z,MINA,-0.6881,194.5,0.14428,1357.414201
2026-09-27T00:25:06.961Z,POL,-0.2642,162.5,0.12003,1357.414201
2026-09-27T00:25:06.961Z,ENA,0.9287,369.7,0.26985,1357.414201
2026-09-27T00:25:06.961Z,SAND,0.5109,60.85,0.0446,1357.414201
2026-09-27T00:25:06.961Z,AERO,0.3347,1180,0.8664,1357.414201
2026-09-27T00:25:06.961Z,KGEN,0.3646,223.7,0.1642,1357.414201
2026-09-27T00:25:06.961Z,LIT,0.9846,6560,4.7856,1357.414201
2026-09-27T00:25:06.961Z,MANA,-1.8939,120,0.09011,1357.414201
2026-09-27T00:25:06.961Z,BAND,-6.9249,284.9,0.2255,1357.414201
2026-09-27T00:25:06.961Z,APE,0.0444,208.7,0.15368,1357.414201
2026-09-27T00:25:06.961Z,GMT,-0.476,11.91,0.008816,1357.414201
2026-09-27T00:25:06.961Z,VIRTUAL,-1.3447,1057,0.7893,1357.414201
2026-09-27T00:25:06.961Z,LPT,-3.663,2261,1.729,1357.414201
2026-09-27T00:25:06.961Z,DATA,0.4377,308.8,0.2265,1357.414201
2026-09-27T00:25:06.961Z,THETA,-3.4786,302,0.2305,1357.414201
2026-09-27T00:25:06.961Z,GRT,0.424,37.16,0.02726,1357.414201
2026-09-27T00:25:06.961Z,LAYER,-3.7724,106.9,0.08184,1357.414201
2026-09-27T00:25:06.961Z,NMR,1.2223,13130,9.556,1357.414201
2026-09-27T00:25:06.961Z,EIGEN,-11.7775,321.9,0.2688,1357.414201
2026-09-27T00:25:06.961Z,BAT,-2.6508,125.1,0.09467,1357.414201
2026-09-27T00:25:06.961Z,SPK,-4.3908,32.64,0.02515,1357.414201
2026-09-27T00:25:06.961Z,PUMP,-11.6234,5.276,0.004398,1357.414201
2026-09-27T00:25:06.961Z,KMNO,0.9578,68,0.04962,1357.414201
2026-09-27T00:25:06.961Z,CHZ,0.1834,22.52,0.01656,1357.414201
2026-09-27T00:25:06.961Z,PENGU,0.8687,13.41,0.009794,1357.414201
2026-09-27T00:25:06.961Z,OP,0.1109,195.1,0.14357,1357.414201
2026-09-27T00:25:06.961Z,UMA,-0.7675,571.8,0.4245,1357.414201
2026-09-27T00:25:06.961Z,ZRO,4.3608,2250,1.5883,1357.414201
2026-09-27T00:25:06.961Z,S,-0.1717,53.58,0.03954,1357.414201
2026-09-27T00:25:06.961Z,IMX,3.0204,229.2,0.1639,1357.414201
2026-09-27T00:25:06.961Z,A,0.7502,138.1,0.10098,1357.414201
2026-09-27T00:25:06.961Z,ATH,0.9324,8.652,0.006315,1357.414201
2026-09-27T00:25:06.961Z,COMP,8.2737,34950,23.78,1357.414201
2026-09-27T00:25:06.961Z,CVX,-4.345,2654,2.044,1357.414201
2026-09-27T00:25:06.961Z,AXS,3.0787,1620,1.1578,1357.414201
2026-09-27T00:25:06.961Z,WCT,-1.1087,58.46,0.04355,1357.414201
2026-09-27T00:25:06.961Z,ME,1.2181,107.8,0.07846,1357.414201
2026-09-27T00:25:06.961Z,ASTER,1.3624,1004,0.7297,1357.414201
2026-09-27T00:25:06.961Z,GMX,1.3419,11210,8.149,1357.414201
2026-09-27T00:25:06.961Z,MORPHO,3.1573,3810,2.7209,1357.414201
2026-09-27T00:25:06.961Z,MON,-3.0475,35.02,0.02661,1357.414201
2026-09-27T00:25:06.961Z,1INCH,-1.0496,136.6,0.1017,1357.414201
2026-09-27T00:25:06.961Z,SKY,1.4627,107,0.07769,1357.414201
2026-09-27T00:25:06.961Z,YGG,-2.7765,36.53,0.02768,1357.414201
2026-09-27T00:25:06.961Z,BIO,1.2293,43.93,0.03197,1357.414201
2026-09-27T00:25:06.961Z,MOVE,-3.4978,12.54,0.009573,1357.414201
2026-09-27T00:25:06.961Z,GALA,-13.7952,2.627,0.002245,1357.414201
2026-09-27T00:25:06.961Z,ZK,2.7623,17.76,0.012732,1357.414201
2026-09-27T00:25:06.961Z,ENS,0.2288,9525,7.001,1357.414201
2026-09-27T00:25:06.961Z,INJ,4.7811,11040,7.762,1357.414201
2026-09-27T00:25:06.961Z,KAITO,-0.4466,480,0.3552,1357.414201
2026-09-27T00:25:06.961Z,LDO,0.5146,650,0.4764,1357.414201
2026-09-27T00:25:06.961Z,BLUR,-0.8485,28.21,0.02096,1357.414201
2026-09-27T00:25:06.961Z,AUCTION,-1.7867,5170,3.878,1357.414201
2026-09-27T00:25:06.961Z,ZETA,0.456,75.38,0.05528,1357.414201
2026-09-27T00:25:06.961Z,WIF,-1.2483,325.6,0.2429,1357.414201
2026-09-27T00:25:06.961Z,KSM,-0.4152,6425,4.753,1357.414201
2026-09-27T00:30:06.996Z,BTC,0.4621,114808000,84212.2,1357.047619
2026-09-27T00:30:06.996Z,XRP,0.3665,2070,1.5198,1357.047619
2026-09-27T00:30:06.996Z,SOL,0.4883,164800,120.85,1357.047619
2026-09-27T00:30:06.996Z,ETH,0.4031,3667000,2691.34,1357.047619
2026-09-27T00:30:06.996Z,FIL,0.1786,1543,1.135,1357.047619
2026-09-27T00:30:06.996Z,TRX,0.6702,455.8,0.33364,1357.047619
2026-09-27T00:30:06.996Z,BNB,0.2122,1050000,772.1,1357.047619
2026-09-27T00:30:06.996Z,WLD,0.6657,716.1,0.5242,1357.047619
2026-09-27T00:30:06.996Z,FLOW,0.1391,44.41,0.03268,1357.047619
2026-09-27T00:30:06.996Z,LINK,-0.1645,19130,14.12,1357.047619
2026-09-27T00:30:06.996Z,DOGE,0.3709,131.4,0.09647,1357.047619
2026-09-27T00:30:06.996Z,SUI,0.3908,1590,1.1671,1357.047619
2026-09-27T00:30:06.996Z,XLM,0.3657,293.2,0.21527,1357.047619
2026-09-27T00:30:06.996Z,BCH,0.9507,457700,334.1,1357.047619
2026-09-27T00:30:06.996Z,AVAX,-1.0032,14630,10.89,1357.047619
2026-09-27T00:30:06.996Z,ETC,0.2641,12760,9.378,1357.047619
2026-09-27T00:30:06.996Z,AAVE,-0.2529,210000,155.14,1357.047619
2026-09-27T00:30:06.996Z,ADA,0.5492,344.4,0.2524,1357.047619
2026-09-27T00:30:06.996Z,HYPE,0.3162,125800,92.409,1357.047619
2026-09-27T00:30:06.996Z,SEI,0.6341,97.89,0.07168,1357.047619
2026-09-27T00:30:06.996Z,HBAR,0.6763,127.1,0.09303,1357.047619
2026-09-27T00:30:06.996Z,ARB,0.1007,301.5,0.22195,1357.047619
2026-09-27T00:30:06.996Z,JTO,0.8162,823.2,0.6017,1357.047619
2026-09-27T00:30:06.996Z,ONDO,0.0766,729.7,0.5373,1357.047619
2026-09-27T00:30:06.996Z,QTUM,4.3396,1441,1.0177,1357.047619
2026-09-27T00:30:06.996Z,PYTH,0.072,114.4,0.08424,1357.047619
2026-09-27T00:30:06.996Z,APT,-1.3298,1134,0.8469,1357.047619
2026-09-27T00:30:06.996Z,UNI,0.2359,13140,9.66,1357.047619
2026-09-27T00:30:06.996Z,TIA,-0.269,663.3,0.4901,1357.047619
2026-09-27T00:30:06.996Z,ALGO,1.4376,160.3,0.11645,1357.047619
2026-09-27T00:30:06.996Z,NEAR,-0.2468,6935,5.123,1357.047619
2026-09-27T00:30:06.996Z,ZIL,-3.5325,4.9,0.003743,1357.047619
2026-09-27T00:30:06.996Z,SUSHI,-3.5218,348,0.2658,1357.047619
2026-09-27T00:30:06.996Z,PENDLE,-0.672,3448,2.558,1357.047619
2026-09-27T00:30:06.996Z,XTZ,0.8011,444.3,0.3248,1357.047619
2026-09-27T00:30:06.996Z,W,-2.4056,17.4,0.013138,1357.047619
2026-09-27T00:30:06.996Z,AR,-3.244,6250,4.76,1357.047619
2026-09-27T00:30:06.996Z,SHIB,0.0705,0.008,5.891e-06,1357.047619
2026-09-27T00:30:06.996Z,CELO,2.3036,133,0.0958,1357.047619
2026-09-27T00:30:06.996Z,STX,-0.0994,462.7,0.3413,1357.047619
2026-09-27T00:30:06.996Z,JUP,0.8679,462.8,0.3381,1357.047619
2026-09-27T00:30:06.996Z,PEPE,0.1076,0.0059,4.343e-06,1357.047619
2026-09-27T00:30:06.996Z,DYDX,4.0003,200,0.14171,1357.047619
2026-09-27T00:30:06.996Z,KITE,-14.7376,176.3,0.15237,1357.047619
2026-09-27T00:30:06.996Z,CRV,1.6888,479.4,0.3474,1357.047619
2026-09-27T00:30:06.996Z,ENJ,4.4156,42.92,0.03029,1357.047619
2026-09-27T00:30:06.996Z,ATOM,-0.3446,2510,1.856,1357.047619
2026-09-27T00:30:06.996Z,ICP,2.2091,4426,3.191,1357.047619
2026-09-27T00:30:06.996Z,SPACE,1.1529,6.917,0.005039,1357.047619
2026-09-27T00:30:06.996Z,DOT,-0.5277,1669,1.2364,1357.047619
2026-09-27T00:30:06.996Z,ETHFI,-1.3179,972.5,0.7262,1357.047619
2026-09-27T00:30:06.996Z,CC,1.1466,185,0.13478,1357.047619
2026-09-27T00:30:06.996Z,SYRUP,0.0956,298.7,0.2199,1357.047619
2026-09-27T00:30:06.996Z,TAO,-0.0471,435000,320.7,1357.047619
2026-09-27T00:30:06.996Z,GRAM,-4.0069,2096,1.609,1357.047619
2026-09-27T00:30:06.996Z,RAY,2.6454,2860,2.0532,1357.047619
2026-09-27T00:30:06.996Z,RENDER,-3.3334,2621,1.998,1357.047619
2026-09-27T00:30:06.996Z,GRASS,-7.4099,750,0.5969,1357.047619
2026-09-27T00:30:06.996Z,MINA,-0.6613,194.5,0.14428,1357.047619
2026-09-27T00:30:06.996Z,POL,-0.0123,162.5,0.11976,1357.047619
2026-09-27T00:30:06.996Z,ENA,0.9335,369.7,0.26991,1357.047619
2026-09-27T00:30:06.996Z,SAND,0.403,60.85,0.04466,1357.047619
2026-09-27T00:30:06.996Z,AERO,0.2345,1180,0.8675,1357.047619
2026-09-27T00:30:06.996Z,KGEN,0.3917,223.7,0.1642,1357.047619
2026-09-27T00:30:06.996Z,LIT,1.0583,6560,4.7834,1357.047619
2026-09-27T00:30:06.996Z,MANA,-2.0305,120,0.09026,1357.047619
2026-09-27T00:30:06.996Z,BAND,-6.8585,284.9,0.2254,1357.047619
2026-09-27T00:30:06.996Z,APE,-0.0652,208.7,0.15389,1357.047619
2026-09-27T00:30:06.996Z,GMT,-0.4943,11.91,0.00882,1357.047619
2026-09-27T00:30:06.996Z,VIRTUAL,-1.7413,1057,0.7927,1357.047619
2026-09-27T00:30:06.996Z,LPT,-3.8039,2261,1.732,1357.047619
2026-09-27T00:30:06.996Z,DATA,0.5536,308.8,0.2263,1357.047619
2026-09-27T00:30:06.996Z,THETA,-3.3687,302,0.2303,1357.047619
2026-09-27T00:30:06.996Z,GRT,0.4511,37.16,0.02726,1357.047619
2026-09-27T00:30:06.996Z,LAYER,-3.6051,106.9,0.08172,1357.047619
2026-09-27T00:30:06.996Z,NMR,1.2496,13130,9.556,1357.047619
2026-09-27T00:30:06.996Z,EIGEN,-11.8193,321.9,0.269,1357.047619
2026-09-27T00:30:06.996Z,BAT,-2.6245,125.1,0.09467,1357.047619
2026-09-27T00:30:06.996Z,SPK,-4.403,32.64,0.02516,1357.047619
2026-09-27T00:30:06.996Z,PUMP,-11.5593,5.276,0.004396,1357.047619
2026-09-27T00:30:06.996Z,KMNO,2.2628,68,0.049,1357.047619
2026-09-27T00:30:06.996Z,CHZ,0.2104,22.52,0.01656,1357.047619
2026-09-27T00:30:06.996Z,PENGU,0.8033,13.41,0.009803,1357.047619
2026-09-27T00:30:06.996Z,OP,0.117,195.1,0.1436,1357.047619
2026-09-27T00:30:06.996Z,UMA,-0.8108,571.8,0.4248,1357.047619
2026-09-27T00:30:06.996Z,ZRO,4.1268,2250,1.5923,1357.047619
2026-09-27T00:30:06.996Z,S,-0.296,53.58,0.0396,1357.047619
2026-09-27T00:30:06.996Z,IMX,2.9289,229.2,0.16409,1357.047619
2026-09-27T00:30:06.996Z,A,0.8074,138.1,0.10095,1357.047619
2026-09-27T00:30:06.996Z,ATH,0.9917,8.652,0.006313,1357.047619
2026-09-27T00:30:06.996Z,COMP,8.3485,34950,23.77,1357.047619
2026-09-27T00:30:06.996Z,CVX,-4.5527,2654,2.049,1357.047619
2026-09-27T00:30:06.996Z,AXS,2.9377,1620,1.1597,1357.047619
2026-09-27T00:30:06.996Z,WCT,-0.8771,58.46,0.04346,1357.047619
2026-09-27T00:30:06.996Z,ME,1.2067,107.8,0.07849,1357.047619
2026-09-27T00:30:06.996Z,ASTER,1.2233,1004,0.7309,1357.047619
2026-09-27T00:30:06.996Z,GMX,1.4938,11210,8.139,1357.047619
2026-09-27T00:30:06.996Z,MORPHO,3.2725,3810,2.7186,1357.047619
2026-09-27T00:30:06.996Z,MON,-3.2032,35.02,0.02666,1357.047619
2026-09-27T00:30:06.996Z,1INCH,-1.0034,136.6,0.10168,1357.047619
2026-09-27T00:30:06.996Z,SKY,1.2555,107,0.07787,1357.047619
2026-09-27T00:30:06.996Z,YGG,-2.7854,36.53,0.02769,1357.047619
2026-09-27T00:30:06.996Z,BIO,1.0039,43.93,0.03205,1357.047619
2026-09-27T00:30:06.996Z,MOVE,-3.6429,12.54,0.00959,1357.047619
2026-09-27T00:30:06.996Z,GALA,-14.0781,2.627,0.002253,1357.047619
2026-09-27T00:30:06.996Z,ZK,2.7336,17.76,0.012739,1357.047619
2026-09-27T00:30:06.996Z,ENS,0.2416,9525,7.002,1357.047619
2026-09-27T00:30:06.996Z,INJ,5.0666,11040,7.743,1357.047619
2026-09-27T00:30:06.996Z,KAITO,-0.3637,480,0.355,1357.047619
2026-09-27T00:30:06.996Z,LDO,0.3312,650,0.4774,1357.047619
2026-09-27T00:30:06.996Z,BLUR,-1.1048,28.21,0.02102,1357.047619
2026-09-27T00:30:06.996Z,AUCTION,-1.7602,5170,3.878,1357.047619
2026-09-27T00:30:06.996Z,ZETA,0.2654,75.38,0.0554,1357.047619
2026-09-27T00:30:06.996Z,WIF,-1.3029,325.6,0.2431,1357.047619
2026-09-27T00:30:06.996Z,KSM,-0.4512,6425,4.756,1357.047619
2026-09-27T00:35:06.953Z,BTC,0.3995,114863000,84305,1357.047619
2026-09-27T00:35:06.953Z,XRP,0.4635,2075,1.522,1357.047619
2026-09-27T00:35:06.953Z,SOL,0.3831,164900,121.05,1357.047619
2026-09-27T00:35:06.953Z,ETH,0.3604,3668000,2693.22,1357.047619
2026-09-27T00:35:06.953Z,FIL,0.32,1543,1.1334,1357.047619
2026-09-27T00:35:06.953Z,TRX,0.6763,455.8,0.33362,1357.047619
2026-09-27T00:35:06.953Z,BNB,0.1344,1050000,772.7,1357.047619
2026-09-27T00:35:06.953Z,WLD,0.4497,713.2,0.5232,1357.047619
2026-09-27T00:35:06.953Z,FLOW,0.1085,44.41,0.03269,1357.047619
2026-09-27T00:35:06.953Z,LINK,-0.1998,19130,14.125,1357.047619
2026-09-27T00:35:06.953Z,DOGE,0.3189,131.4,0.09652,1357.047619
2026-09-27T00:35:06.953Z,SUI,0.365,1590,1.1674,1357.047619
2026-09-27T00:35:06.953Z,XLM,0.1424,293.2,0.21575,1357.047619
2026-09-27T00:35:06.953Z,BCH,0.9205,457700,334.2,1357.047619
2026-09-27T00:35:06.953Z,AVAX,0.4578,14850,10.893,1357.047619
2026-09-27T00:35:06.953Z,ETC,0.1466,12760,9.389,1357.047619
2026-09-27T00:35:06.953Z,AAVE,-0.1177,210000,154.93,1357.047619
2026-09-27T00:35:06.953Z,ADA,0.3901,344.4,0.2528,1357.047619
2026-09-27T00:35:06.953Z,HYPE,0.0769,125800,92.63,1357.047619
2026-09-27T00:35:06.953Z,SEI,0.606,97.89,0.0717,1357.047619
2026-09-27T00:35:06.953Z,HBAR,0.6115,127.1,0.09309,1357.047619
2026-09-27T00:35:06.953Z,ARB,0.4555,304.6,0.22344,1357.047619
2026-09-27T00:35:06.953Z,JTO,1.0008,823.2,0.6006,1357.047619
2026-09-27T00:35:06.953Z,ONDO,-0.0536,729.7,0.538,1357.047619
2026-09-27T00:35:06.953Z,QTUM,3.7889,1441,1.0231,1357.047619
2026-09-27T00:35:06.953Z,PYTH,0.0126,114.4,0.08429,1357.047619
2026-09-27T00:35:06.953Z,APT,-1.2249,1134,0.846,1357.047619
2026-09-27T00:35:06.953Z,UNI,0.3022,13180,9.683,1357.047619
2026-09-27T00:35:06.953Z,TIA,-0.2079,663.3,0.4898,1357.047619
2026-09-27T00:35:06.953Z,ALGO,1.1856,160.3,0.11674,1357.047619
2026-09-27T00:35:06.953Z,NEAR,-0.0371,6955,5.127,1357.047619
2026-09-27T00:35:06.953Z,ZIL,-3.9175,4.9,0.003758,1357.047619
2026-09-27T00:35:06.953Z,SUSHI,-4.1349,348,0.2675,1357.047619
2026-09-27T00:35:06.953Z,PENDLE,-0.7108,3448,2.559,1357.047619
2026-09-27T00:35:06.953Z,XTZ,0.7391,444.3,0.325,1357.047619
2026-09-27T00:35:06.953Z,W,-2.4205,17.4,0.01314,1357.047619
2026-09-27T00:35:06.953Z,AR,-3.4468,6250,4.77,1357.047619
2026-09-27T00:35:06.953Z,SHIB,-0.0483,0.008,0.000005898,1357.047619
2026-09-27T00:35:06.953Z,CELO,2.2289,133,0.09587,1357.047619
2026-09-27T00:35:06.953Z,STX,0.0178,462.7,0.3409,1357.047619
2026-09-27T00:35:06.953Z,JUP,0.7487,462.8,0.3385,1357.047619
2026-09-27T00:35:06.953Z,PEPE,0.0615,0.0059,0.000004345,1357.047619
2026-09-27T00:35:06.953Z,DYDX,3.839,200,0.14193,1357.047619
2026-09-27T00:35:06.953Z,KITE,-14.7991,176.3,0.15248,1357.047619
2026-09-27T00:35:06.953Z,CRV,1.3969,479.4,0.3484,1357.047619
2026-09-27T00:35:06.953Z,ENJ,4.1748,42.92,0.03036,1357.047619
2026-09-27T00:35:06.953Z,ATOM,-0.2909,2510,1.855,1357.047619
2026-09-27T00:35:06.953Z,ICP,2.3695,4426,3.186,1357.047619
2026-09-27T00:35:06.953Z,SPACE,0.753,6.917,0.005059,1357.047619
2026-09-27T00:35:06.953Z,DOT,-0.6402,1669,1.2378,1357.047619
2026-09-27T00:35:06.953Z,ETHFI,-1.1273,972.5,0.7248,1357.047619
2026-09-27T00:35:06.953Z,CC,0.9444,185,0.13505,1357.047619
2026-09-27T00:35:06.953Z,SYRUP,-0.0408,298.7,0.2202,1357.047619
2026-09-27T00:35:06.953Z,TAO,0.0464,435000,320.4,1357.047619
2026-09-27T00:35:06.953Z,GRAM,-3.3461,2096,1.598,1357.047619
2026-09-27T00:35:06.953Z,RAY,2.3017,2860,2.0601,1357.047619
2026-09-27T00:35:06.953Z,RENDER,-3.2365,2621,1.996,1357.047619
2026-09-27T00:35:06.953Z,GRASS,-6.9579,750,0.594,1357.047619
2026-09-27T00:35:06.953Z,MINA,-0.5993,194.5,0.14419,1357.047619
2026-09-27T00:35:06.953Z,POL,0.0044,162.5,0.11974,1357.047619
2026-09-27T00:35:06.953Z,ENA,0.5127,369.7,0.27104,1357.047619
2026-09-27T00:35:06.953Z,SAND,0.134,60.85,0.04478,1357.047619
2026-09-27T00:35:06.953Z,AERO,0.1191,1180,0.8685,1357.047619
2026-09-27T00:35:06.953Z,KGEN,0.3306,223.7,0.1643,1357.047619
2026-09-27T00:35:06.953Z,LIT,0.8875,6560,4.7915,1357.047619
2026-09-27T00:35:06.953Z,MANA,-2.0739,120,0.0903,1357.047619
2026-09-27T00:35:06.953Z,BAND,-7.0235,284.9,0.2258,1357.047619
2026-09-27T00:35:06.953Z,APE,-0.1495,208.7,0.15402,1357.047619
2026-09-27T00:35:06.953Z,GMT,-0.3248,11.91,0.008805,1357.047619
2026-09-27T00:35:06.953Z,VIRTUAL,-1.343,1057,0.7895,1357.047619
2026-09-27T00:35:06.953Z,LPT,-4.2462,2261,1.74,1357.047619
2026-09-27T00:35:06.953Z,DATA,-0.0646,308.8,0.2277,1357.047619
2026-09-27T00:35:06.953Z,THETA,-3.5362,302,0.2307,1357.047619
2026-09-27T00:35:06.953Z,GRT,0.3407,37.16,0.02729,1357.047619
2026-09-27T00:35:06.953Z,LAYER,-3.6168,106.9,0.08173,1357.047619
2026-09-27T00:35:06.953Z,NMR,1.091,13130,9.571,1357.047619
2026-09-27T00:35:06.953Z,EIGEN,-11.7865,321.9,0.2689,1357.047619
2026-09-27T00:35:06.953Z,BAT,-2.8605,125.1,0.0949,1357.047619
2026-09-27T00:35:06.953Z,SPK,-3.4823,32.64,0.02492,1357.047619
2026-09-27T00:35:06.953Z,PUMP,-11.5191,5.276,0.004394,1357.047619
2026-09-27T00:35:06.953Z,KMNO,3.1682,68,0.04857,1357.047619
2026-09-27T00:35:06.953Z,CHZ,-0.031,22.52,0.0166,1357.047619
2026-09-27T00:35:06.953Z,PENGU,0.5264,13.41,0.00983,1357.047619
2026-09-27T00:35:06.953Z,OP,-0.1473,195.1,0.14398,1357.047619
2026-09-27T00:35:06.953Z,UMA,-0.9739,571.8,0.4255,1357.047619
2026-09-27T00:35:06.953Z,ZRO,3.9114,2250,1.5956,1357.047619
2026-09-27T00:35:06.953Z,S,-0.5221,53.58,0.03969,1357.047619
2026-09-27T00:35:06.953Z,IMX,2.6038,229.2,0.16461,1357.047619
2026-09-27T00:35:06.953Z,A,0.4591,138.1,0.1013,1357.047619
2026-09-27T00:35:06.953Z,ATH,0.6251,8.652,0.006336,1357.047619
2026-09-27T00:35:06.953Z,COMP,8.1665,34950,23.81,1357.047619
2026-09-27T00:35:06.953Z,CVX,-4.8776,2654,2.056,1357.047619
2026-09-27T00:35:06.953Z,AXS,2.7781,1620,1.1615,1357.047619
2026-09-27T00:35:06.953Z,WCT,-1.218,58.46,0.04361,1357.047619
2026-09-27T00:35:06.953Z,ME,0.8854,107.8,0.07874,1357.047619
2026-09-27T00:35:06.953Z,ASTER,1.0574,1004,0.7321,1357.047619
2026-09-27T00:35:06.953Z,GMX,1.4689,11210,8.141,1357.047619
2026-09-27T00:35:06.953Z,MORPHO,2.5707,3810,2.7372,1357.047619
2026-09-27T00:35:06.953Z,MON,-3.3482,35.02,0.0267,1357.047619
2026-09-27T00:35:06.953Z,1INCH,-1.1396,136.6,0.10182,1357.047619
2026-09-27T00:35:06.953Z,SKY,1.1126,107,0.07798,1357.047619
2026-09-27T00:35:06.953Z,YGG,-2.8906,36.53,0.02772,1357.047619
2026-09-27T00:35:06.953Z,BIO,1.067,43.93,0.03203,1357.047619
2026-09-27T00:35:06.953Z,MOVE,-3.7733,12.54,0.009603,1357.047619
2026-09-27T00:35:06.953Z,GALA,-14.6087,2.627,0.002267,1357.047619
2026-09-27T00:35:06.953Z,ZK,2.8143,17.76,0.012729,1357.047619
2026-09-27T00:35:06.953Z,ENS,0.2416,9525,7.002,1357.047619
2026-09-27T00:35:06.953Z,INJ,4.9311,11040,7.753,1357.047619
2026-09-27T00:35:06.953Z,KAITO,-0.4478,480,0.3553,1357.047619
2026-09-27T00:35:06.953Z,LDO,0.2472,650,0.4778,1357.047619
2026-09-27T00:35:06.953Z,BLUR,-1.6196,28.21,0.02113,1357.047619
2026-09-27T00:35:06.953Z,AUCTION,-1.8361,5170,3.881,1357.047619
2026-09-27T00:35:06.953Z,ZETA,-0.2746,75.38,0.0557,1357.047619
2026-09-27T00:35:06.953Z,WIF,-1.5055,325.6,0.2436,1357.047619
2026-09-27T00:35:06.953Z,KSM,-0.7433,6425,4.77,1357.047619
2026-09-27T00:40:07.011Z,BTC,0.3883,114855000,84308.6,1357.047619
2026-09-27T00:40:07.011Z,XRP,0.3908,2072,1.5209,1357.047619
2026-09-27T00:40:07.011Z,SOL,0.3554,164800,121.01,1357.047619
2026-09-27T00:40:07.011Z,ETH,0.3276,3668000,2694.1,1357.047619
2026-09-27T00:40:07.011Z,FIL,0.5863,1543,1.1304,1357.047619
2026-09-27T00:40:07.011Z,TRX,0.4785,455,0.33369,1357.047619
2026-09-27T00:40:07.011Z,BNB,0.1344,1050000,772.7,1357.047619
2026-09-27T00:40:07.011Z,WLD,0.0363,708.5,0.5219,1357.047619
2026-09-27T00:40:07.011Z,FLOW,0.2618,44.41,0.03264,1357.047619
2026-09-27T00:40:07.011Z,LINK,-0.2069,19130,14.126,1357.047619
2026-09-27T00:40:07.011Z,DOGE,0.3918,131.4,0.09645,1357.047619
2026-09-27T00:40:07.011Z,SUI,0.2276,1590,1.169,1357.047619
2026-09-27T00:40:07.011Z,XLM,0.1981,293.2,0.21563,1357.047619
2026-09-27T00:40:07.011Z,BCH,0.8601,457700,334.4,1357.047619
2026-09-27T00:40:07.011Z,AVAX,0.6149,14850,10.876,1357.047619
2026-09-27T00:40:07.011Z,ETC,0.1146,12760,9.392,1357.047619
2026-09-27T00:40:07.011Z,AAVE,-0.0079,210000,154.76,1357.047619
2026-09-27T00:40:07.011Z,ADA,0.4696,344.4,0.2526,1357.047619
2026-09-27T00:40:07.011Z,HYPE,-0.0806,125800,92.776,1357.047619
2026-09-27T00:40:07.011Z,SEI,0.5079,97.89,0.07177,1357.047619
2026-09-27T00:40:07.011Z,HBAR,0.5971,127,0.09303,1357.047619
2026-09-27T00:40:07.011Z,ARB,0.3522,304.6,0.22367,1357.047619
2026-09-27T00:40:07.011Z,JTO,1.2199,823.2,0.5993,1357.047619
2026-09-27T00:40:07.011Z,ONDO,0.2258,729.7,0.5365,1357.047619
2026-09-27T00:40:07.011Z,QTUM,4.0737,1441,1.0203,1357.047619
2026-09-27T00:40:07.011Z,PYTH,0.5614,114.4,0.08383,1357.047619
2026-09-27T00:40:07.011Z,APT,-1.1431,1134,0.8453,1357.047619
2026-09-27T00:40:07.011Z,UNI,0.209,13180,9.692,1357.047619
2026-09-27T00:40:07.011Z,TIA,-0.0242,663.3,0.4889,1357.047619
2026-09-27T00:40:07.011Z,ALGO,1.2637,160.3,0.11665,1357.047619
2026-09-27T00:40:07.011Z,NEAR,0.6302,6955,5.093,1357.047619
2026-09-27T00:40:07.011Z,ZIL,-3.584,4.9,0.003745,1357.047619
2026-09-27T00:40:07.011Z,SUSHI,-4.1349,348,0.2675,1357.047619
2026-09-27T00:40:07.011Z,PENDLE,-0.5554,3448,2.555,1357.047619
2026-09-27T00:40:07.011Z,XTZ,0.8011,444.3,0.3248,1357.047619
2026-09-27T00:40:07.011Z,W,-2.5465,17.4,0.013157,1357.047619
2026-09-27T00:40:07.011Z,AR,-3.1219,6250,4.754,1357.047619
2026-09-27T00:40:07.011Z,SHIB,0.0535,0.008,5.892e-06,1357.047619
2026-09-27T00:40:07.011Z,CELO,2.3143,133,0.09579,1357.047619
2026-09-27T00:40:07.011Z,STX,-1.3586,456.6,0.3411,1357.047619
2026-09-27T00:40:07.011Z,JUP,0.8679,462.8,0.3381,1357.047619
2026-09-27T00:40:07.011Z,PEPE,0.0385,0.0059,4.346e-06,1357.047619
2026-09-27T00:40:07.011Z,DYDX,3.8171,200,0.14196,1357.047619
2026-09-27T00:40:07.011Z,KITE,-14.3158,176.3,0.15162,1357.047619
2026-09-27T00:40:07.011Z,CRV,1.3678,479.4,0.3485,1357.047619
2026-09-27T00:40:07.011Z,ENJ,4.4846,42.92,0.03027,1357.047619
2026-09-27T00:40:07.011Z,ATOM,0.1952,2510,1.846,1357.047619
2026-09-27T00:40:07.011Z,ICP,2.5626,4426,3.18,1357.047619
2026-09-27T00:40:07.011Z,SPACE,0.6337,6.917,0.005065,1357.047619
2026-09-27T00:40:07.011Z,DOT,-0.5035,1669,1.2361,1357.047619
2026-09-27T00:40:07.011Z,ETHFI,-1.141,972.5,0.7249,1357.047619
2026-09-27T00:40:07.011Z,CC,0.6909,185,0.13539,1357.047619
2026-09-27T00:40:07.011Z,SYRUP,-0.0408,298.7,0.2202,1357.047619
2026-09-27T00:40:07.011Z,TAO,0.2655,435000,319.7,1357.047619
2026-09-27T00:40:07.011Z,GRAM,-3.2856,2096,1.597,1357.047619
2026-09-27T00:40:07.011Z,RAY,2.6905,2860,2.0523,1357.047619
2026-09-27T00:40:07.011Z,RENDER,-3.2365,2621,1.996,1357.047619
2026-09-27T00:40:07.011Z,GRASS,-6.7695,750,0.5928,1357.047619
2026-09-27T00:40:07.011Z,MINA,-0.5096,194.5,0.14406,1357.047619
2026-09-27T00:40:07.011Z,POL,0.2472,162.5,0.11945,1357.047619
2026-09-27T00:40:07.011Z,ENA,6.689,392.2,0.27089,1357.047619
2026-09-27T00:40:07.011Z,SAND,0.3132,60.85,0.0447,1357.047619
2026-09-27T00:40:07.011Z,AERO,0.004,1180,0.8695,1357.047619
2026-09-27T00:40:07.011Z,KGEN,0.4529,223.7,0.1641,1357.047619
2026-09-27T00:40:07.011Z,LIT,0.9739,6560,4.7874,1357.047619
2026-09-27T00:40:07.011Z,MANA,-1.9436,120,0.09018,1357.047619
2026-09-27T00:40:07.011Z,BAND,-6.9823,284.9,0.2257,1357.047619
2026-09-27T00:40:07.011Z,APE,-0.0716,208.7,0.1539,1357.047619
2026-09-27T00:40:07.011Z,GMT,-0.3248,11.91,0.008805,1357.047619
2026-09-27T00:40:07.011Z,VIRTUAL,-1.318,1057,0.7893,1357.047619
2026-09-27T00:40:07.011Z,LPT,-4.3561,2261,1.742,1357.047619
2026-09-27T00:40:07.011Z,DATA,0.0232,308.8,0.2275,1357.047619
2026-09-27T00:40:07.011Z,THETA,-3.4106,302,0.2304,1357.047619
2026-09-27T00:40:07.011Z,GRT,0.5888,37.17,0.02723,1357.047619
2026-09-27T00:40:07.011Z,LAYER,-3.7229,106.9,0.08182,1357.047619
2026-09-27T00:40:07.011Z,NMR,0.8907,13130,9.59,1357.047619
2026-09-27T00:40:07.011Z,EIGEN,-11.7208,321.9,0.2687,1357.047619
2026-09-27T00:40:07.011Z,BAT,-2.5524,125.1,0.0946,1357.047619
2026-09-27T00:40:07.011Z,SPK,-3.1324,32.64,0.02483,1357.047619
2026-09-27T00:40:07.011Z,PUMP,-11.8401,5.276,0.00441,1357.047619
2026-09-27T00:40:07.011Z,KMNO,2.5978,68,0.04884,1357.047619
2026-09-27T00:40:07.011Z,CHZ,0.15,22.52,0.01657,1357.047619
2026-09-27T00:40:07.011Z,PENGU,0.7211,13.41,0.009811,1357.047619
2026-09-27T00:40:07.011Z,OP,0.1728,195.1,0.14352,1357.047619
2026-09-27T00:40:07.011Z,UMA,-0.8108,571.8,0.4248,1357.047619
2026-09-27T00:40:07.011Z,ZRO,4.1137,2250,1.5925,1357.047619
2026-09-27T00:40:07.011Z,S,-0.3715,53.58,0.03963,1357.047619
2026-09-27T00:40:07.011Z,IMX,2.5477,229.2,0.1647,1357.047619
2026-09-27T00:40:07.011Z,A,0.5087,138.1,0.10125,1357.047619
2026-09-27T00:40:07.011Z,ATH,0.8639,8.652,0.006321,1357.047619
2026-09-27T00:40:07.011Z,COMP,8.2119,34950,23.8,1357.047619
2026-09-27T00:40:07.011Z,CVX,-4.8776,2654,2.056,1357.047619
2026-09-27T00:40:07.011Z,AXS,2.8047,1620,1.1612,1357.047619
2026-09-27T00:40:07.011Z,WCT,-1.1047,58.46,0.04356,1357.047619
2026-09-27T00:40:07.011Z,ME,0.9238,107.8,0.07871,1357.047619
2026-09-27T00:40:07.011Z,ASTER,1.0022,1004,0.7325,1357.047619
2026-09-27T00:40:07.011Z,GMX,1.4439,11210,8.143,1357.047619
2026-09-27T00:40:07.011Z,MORPHO,2.6382,3810,2.7354,1357.047619
2026-09-27T00:40:07.011Z,MON,-3.2758,35.02,0.02668,1357.047619
2026-09-27T00:40:07.011Z,1INCH,-1.1201,136.6,0.1018,1357.047619
2026-09-27T00:40:07.011Z,SKY,0.9702,107,0.07809,1357.047619
2026-09-27T00:40:07.011Z,YGG,-2.8906,36.53,0.02772,1357.047619
2026-09-27T00:40:07.011Z,BIO,0.9094,43.93,0.03208,1357.047619
2026-09-27T00:40:07.011Z,MOVE,-3.6228,12.54,0.009588,1357.047619
2026-09-27T00:40:07.011Z,GALA,-14.4578,2.627,0.002263,1357.047619
2026-09-27T00:40:07.011Z,ZK,2.7982,17.76,0.012731,1357.047619
2026-09-27T00:40:07.011Z,ENS,0.2845,9525,6.999,1357.047619
2026-09-27T00:40:07.011Z,INJ,5.0666,11040,7.743,1357.047619
2026-09-27T00:40:07.011Z,KAITO,-0.4198,480,0.3552,1357.047619
2026-09-27T00:40:07.011Z,LDO,0.2262,650,0.4779,1357.047619
2026-09-27T00:40:07.011Z,BLUR,-1.2457,28.21,0.02105,1357.047619
2026-09-27T00:40:07.011Z,AUCTION,-1.9119,5170,3.884,1357.047619
2026-09-27T00:40:07.011Z,ZETA,-0.6314,75.38,0.0559,1357.047619
2026-09-27T00:40:07.011Z,WIF,-1.4246,325.6,0.2434,1357.047619
2026-09-27T00:40:07.011Z,KSM,-0.7017,6425,4.768,1357.047619
2026-09-27T00:45:07.000Z,BTC,0.3596,114806000,84296.7,1357.047619
2026-09-27T00:45:07.000Z,XRP,0.3886,2071,1.5202,1357.047619
2026-09-27T00:45:07.000Z,SOL,0.4052,164800,120.95,1357.047619
2026-09-27T00:45:07.000Z,ETH,0.3496,3668000,2693.51,1357.047619
2026-09-27T00:45:07.000Z,FIL,0.3608,1536,1.1278,1357.047619
2026-09-27T00:45:07.000Z,TRX,0.5086,455,0.33359,1357.047619
2026-09-27T00:45:07.000Z,BNB,0.1214,1050000,772.8,1357.047619
2026-09-27T00:45:07.000Z,WLD,0.3825,708.5,0.5201,1357.047619
2026-09-27T00:45:07.000Z,FLOW,0.4156,44.41,0.03259,1357.047619
2026-09-27T00:45:07.000Z,LINK,-0.2633,19130,14.134,1357.047619
2026-09-27T00:45:07.000Z,DOGE,0.3918,131.4,0.09645,1357.047619
2026-09-27T00:45:07.000Z,SUI,0.5685,1598,1.1709,1357.047619
2026-09-27T00:45:07.000Z,XLM,0.2307,293.2,0.21556,1357.047619
2026-09-27T00:45:07.000Z,BCH,0.8601,457700,334.4,1357.047619
2026-09-27T00:45:07.000Z,AVAX,0.504,14850,10.888,1357.047619
2026-09-27T00:45:07.000Z,ETC,0.2213,12760,9.382,1357.047619
2026-09-27T00:45:07.000Z,AAVE,0.0308,210000,154.7,1357.047619
2026-09-27T00:45:07.000Z,ADA,0.5492,344.4,0.2524,1357.047619
2026-09-27T00:45:07.000Z,HYPE,-0.1538,125800,92.844,1357.047619
2026-09-27T00:45:07.000Z,SEI,0.6763,97.89,0.07165,1357.047619
2026-09-27T00:45:07.000Z,HBAR,0.7704,127,0.09287,1357.047619
2026-09-27T00:45:07.000Z,ARB,-0.1744,304.6,0.22485,1357.047619
2026-09-27T00:45:07.000Z,JTO,1.406,823.2,0.5982,1357.047619
2026-09-27T00:45:07.000Z,ONDO,-0.1389,728.4,0.5375,1357.047619
2026-09-27T00:45:07.000Z,QTUM,4.0737,1441,1.0203,1357.047619
2026-09-27T00:45:07.000Z,PYTH,0.5974,114.4,0.0838,1357.047619
2026-09-27T00:45:07.000Z,APT,-1.2132,1134,0.8459,1357.047619
2026-09-27T00:45:07.000Z,UNI,-0.4483,13180,9.756,1357.047619
2026-09-27T00:45:07.000Z,TIA,0.0372,663.3,0.4886,1357.047619
2026-09-27T00:45:07.000Z,ALGO,1.1596,160.3,0.11677,1357.047619
2026-09-27T00:45:07.000Z,NEAR,0.9076,6955,5.079,1357.047619
2026-09-27T00:45:07.000Z,ZIL,-3.7382,4.9,0.003751,1357.047619
2026-09-27T00:45:07.000Z,SUSHI,-4.1349,348,0.2675,1357.047619
2026-09-27T00:45:07.000Z,PENDLE,-0.5164,3448,2.554,1357.047619
2026-09-27T00:45:07.000Z,XTZ,0.9254,444.3,0.3244,1357.047619
2026-09-27T00:45:07.000Z,W,-2.6058,17.4,0.013165,1357.047619
2026-09-27T00:45:07.000Z,AR,-3.183,6250,4.757,1357.047619
2026-09-27T00:45:07.000Z,SHIB,0.1384,0.008,5.887e-06,1357.047619
2026-09-27T00:45:07.000Z,CELO,2.3143,133,0.09579,1357.047619
2026-09-27T00:45:07.000Z,STX,-1.5894,456.6,0.3419,1357.047619
2026-09-27T00:45:07.000Z,JUP,1.0173,462.8,0.3376,1357.047619
2026-09-27T00:45:07.000Z,PEPE,0.1076,0.0059,4.343e-06,1357.047619
2026-09-27T00:45:07.000Z,DYDX,3.9709,200,0.14175,1357.047619
2026-09-27T00:45:07.000Z,KITE,-14.2253,176.3,0.15146,1357.047619
2026-09-27T00:45:07.000Z,CRV,1.426,479.4,0.3483,1357.047619
2026-09-27T00:45:07.000Z,ENJ,4.7962,42.92,0.03018,1357.047619
2026-09-27T00:45:07.000Z,ATOM,0.1952,2510,1.846,1357.047619
2026-09-27T00:45:07.000Z,ICP,2.5304,4426,3.181,1357.047619
2026-09-27T00:45:07.000Z,SPACE,0.7929,6.917,0.005057,1357.047619
2026-09-27T00:45:07.000Z,DOT,-0.4552,1669,1.2355,1357.047619
2026-09-27T00:45:07.000Z,ETHFI,-1.0727,972.5,0.7244,1357.047619
2026-09-27T00:45:07.000Z,CC,0.07,185,0.13623,1357.047619
2026-09-27T00:45:07.000Z,SYRUP,-0.2672,298.7,0.2207,1357.047619
2026-09-27T00:45:07.000Z,TAO,0.2655,435000,319.7,1357.047619
2026-09-27T00:45:07.000Z,GRAM,-3.225,2096,1.596,1357.047619
2026-09-27T00:45:07.000Z,RAY,2.5356,2860,2.0554,1357.047619
2026-09-27T00:45:07.000Z,RENDER,-2.9935,2621,1.991,1357.047619
2026-09-27T00:45:07.000Z,GRASS,-5.8162,750,0.5868,1357.047619
2026-09-27T00:45:07.000Z,MINA,-0.482,194.5,0.14402,1357.047619
2026-09-27T00:45:07.000Z,POL,0.449,162.5,0.11921,1357.047619
2026-09-27T00:45:07.000Z,ENA,6.9575,392.2,0.27021,1357.047619
2026-09-27T00:45:07.000Z,SAND,0.3132,60.85,0.0447,1357.047619
2026-09-27T00:45:07.000Z,AERO,0.1076,1180,0.8686,1357.047619
2026-09-27T00:45:07.000Z,KGEN,0.3917,223.7,0.1642,1357.047619
2026-09-27T00:45:07.000Z,LIT,0.9823,6560,4.787,1357.047619
2026-09-27T00:45:07.000Z,MANA,-1.8892,120,0.09013,1357.047619
2026-09-27T00:45:07.000Z,BAND,-6.9823,284.9,0.2257,1357.047619
2026-09-27T00:45:07.000Z,APE,-0.0067,208.7,0.1538,1357.047619
2026-09-27T00:45:07.000Z,GMT,-0.4265,11.91,0.008814,1357.047619
2026-09-27T00:45:07.000Z,VIRTUAL,-1.1176,1057,0.7877,1357.047619
2026-09-27T00:45:07.000Z,LPT,-4.1911,2261,1.739,1357.047619
2026-09-27T00:45:07.000Z,DATA,0.2435,308.8,0.227,1357.047619
2026-09-27T00:45:07.000Z,THETA,-3.3687,302,0.2303,1357.047619
2026-09-27T00:45:07.000Z,GRT,0.5888,37.17,0.02723,1357.047619
2026-09-27T00:45:07.000Z,LAYER,-3.5815,106.9,0.0817,1357.047619
2026-09-27T00:45:07.000Z,NMR,0.8486,13130,9.594,1357.047619
2026-09-27T00:45:07.000Z,EIGEN,-11.5233,321.9,0.2681,1357.047619
2026-09-27T00:45:07.000Z,BAT,-2.4493,125.1,0.0945,1357.047619
2026-09-27T00:45:07.000Z,SPK,-2.937,32.64,0.02478,1357.047619
2026-09-27T00:45:07.000Z,PUMP,-11.9798,5.276,0.004417,1357.047619
2026-09-27T00:45:07.000Z,KMNO,3.2107,68,0.04855,1357.047619
2026-09-27T00:45:07.000Z,CHZ,0.2104,22.52,0.01656,1357.047619
2026-09-27T00:45:07.000Z,PENGU,0.8033,13.41,0.009803,1357.047619
2026-09-27T00:45:07.000Z,OP,0.1519,195.1,0.14355,1357.047619
2026-09-27T00:45:07.000Z,UMA,-0.8341,571.8,0.4249,1357.047619
2026-09-27T00:45:07.000Z,ZRO,4.2315,2250,1.5907,1357.047619
2026-09-27T00:45:07.000Z,S,-0.3212,53.58,0.03961,1357.047619
2026-09-27T00:45:07.000Z,IMX,2.7223,229.2,0.16442,1357.047619
2026-09-27T00:45:07.000Z,A,1.4849,139.4,0.10122,1357.047619
2026-09-27T00:45:07.000Z,ATH,0.8798,8.652,0.00632,1357.047619
2026-09-27T00:45:07.000Z,COMP,8.2574,34950,23.79,1357.047619
2026-09-27T00:45:07.000Z,CVX,-4.8776,2654,2.056,1357.047619
2026-09-27T00:45:07.000Z,AXS,3.0087,1620,1.1589,1357.047619
2026-09-27T00:45:07.000Z,WCT,-1.2633,58.46,0.04363,1357.047619
2026-09-27T00:45:07.000Z,ME,1.0137,107.8,0.07864,1357.047619
2026-09-27T00:45:07.000Z,ASTER,1.0436,1004,0.7322,1357.047619
2026-09-27T00:45:07.000Z,GMX,1.3195,11210,8.153,1357.047619
2026-09-27T00:45:07.000Z,MORPHO,2.2159,3810,2.7467,1357.047619
2026-09-27T00:45:07.000Z,MON,-3.3482,35.02,0.0267,1357.047619
2026-09-27T00:45:07.000Z,1INCH,-1.0424,136.6,0.10172,1357.047619
2026-09-27T00:45:07.000Z,SKY,1.0867,107,0.078,1357.047619
2026-09-27T00:45:07.000Z,YGG,-2.7502,36.53,0.02768,1357.047619
2026-09-27T00:45:07.000Z,BIO,0.8466,43.93,0.0321,1357.047619
2026-09-27T00:45:07.000Z,MOVE,-3.6429,12.54,0.00959,1357.047619
2026-09-27T00:45:07.000Z,GALA,-14.7216,2.627,0.00227,1357.047619
2026-09-27T00:45:07.000Z,ZK,2.8062,17.76,0.01273,1357.047619
2026-09-27T00:45:07.000Z,ENS,0.3419,9525,6.995,1357.047619
2026-09-27T00:45:07.000Z,INJ,5.0938,11040,7.741,1357.047619
2026-09-27T00:45:07.000Z,KAITO,-0.3637,480,0.355,1357.047619
2026-09-27T00:45:07.000Z,LDO,0.1214,650,0.4784,1357.047619
2026-09-27T00:45:07.000Z,BLUR,-1.1988,28.21,0.02104,1357.047619
2026-09-27T00:45:07.000Z,AUCTION,-2.038,5170,3.889,1357.047619
2026-09-27T00:45:07.000Z,ZETA,-0.6669,75.38,0.05592,1357.047619
2026-09-27T00:45:07.000Z,WIF,-1.3029,325.6,0.2431,1357.047619
2026-09-27T00:45:07.000Z,KSM,-0.7017,6425,4.768,1357.047619
2026-09-27T00:50:06.960Z,BTC,0.3795,114806000,84280,1357.047619
2026-09-27T00:50:06.960Z,XRP,0.4083,2068,1.5177,1357.047619
2026-09-27T00:50:06.960Z,SOL,0.5882,164800,120.73,1357.047619
2026-09-27T00:50:06.960Z,ETH,0.3835,3668000,2692.6,1357.047619
2026-09-27T00:50:06.960Z,FIL,0.2688,1535,1.1281,1357.047619
2026-09-27T00:50:06.960Z,TRX,0.5237,455,0.33354,1357.047619
2026-09-27T00:50:06.960Z,BNB,0.1992,1050000,772.2,1357.047619
2026-09-27T00:50:06.960Z,WLD,0.4018,708.5,0.52,1357.047619
2026-09-27T00:50:06.960Z,FLOW,0.3848,44.41,0.0326,1357.047619
2026-09-27T00:50:06.960Z,LINK,0.1476,19130,14.076,1357.047619
2026-09-27T00:50:06.960Z,DOGE,0.6004,131.4,0.09625,1357.047619
2026-09-27T00:50:06.960Z,SUI,0.497,1591,1.1666,1357.047619
2026-09-27T00:50:06.960Z,XLM,0.4217,293.2,0.21515,1357.047619
2026-09-27T00:50:06.960Z,BCH,1.0112,457700,333.9,1357.047619
2026-09-27T00:50:06.960Z,AVAX,0.7538,14850,10.861,1357.047619
2026-09-27T00:50:06.960Z,ETC,0.3069,12760,9.374,1357.047619
2026-09-27T00:50:06.960Z,AAVE,0.1409,210000,154.53,1357.047619
2026-09-27T00:50:06.960Z,ADA,0.5654,343.5,0.2517,1357.047619
2026-09-27T00:50:06.960Z,HYPE,-0.003,125800,92.704,1357.047619
2026-09-27T00:50:06.960Z,SEI,0.6341,97.89,0.07168,1357.047619
2026-09-27T00:50:06.960Z,HBAR,0.5686,126.5,0.09269,1357.047619
2026-09-27T00:50:06.960Z,ARB,0.2357,304.6,0.22393,1357.047619
2026-09-27T00:50:06.960Z,JTO,1.0513,823.2,0.6003,1357.047619
2026-09-27T00:50:06.960Z,ONDO,-0.2317,728.4,0.538,1357.047619
2026-09-27T00:50:06.960Z,QTUM,4.2065,1441,1.019,1357.047619
2026-09-27T00:50:06.960Z,PYTH,0.9347,114.4,0.08352,1357.047619
2026-09-27T00:50:06.960Z,APT,-0.8969,1134,0.8432,1357.047619
2026-09-27T00:50:06.960Z,UNI,-0.2438,13180,9.736,1357.047619
2026-09-27T00:50:06.960Z,TIA,0.0577,663.3,0.4885,1357.047619
2026-09-27T00:50:06.960Z,ALGO,1.3854,160.3,0.11651,1357.047619
2026-09-27T00:50:06.960Z,NEAR,0.0414,6860,5.053,1357.047619
2026-09-27T00:50:06.960Z,ZIL,-3.6612,4.9,0.003748,1357.047619
2026-09-27T00:50:06.960Z,SUSHI,-3.9554,348,0.267,1357.047619
2026-09-27T00:50:06.960Z,PENDLE,-0.3604,3448,2.55,1357.047619
2026-09-27T00:50:06.960Z,XTZ,0.9254,444.3,0.3244,1357.047619
2026-09-27T00:50:06.960Z,W,-4.6057,17.4,0.013441,1357.047619
2026-09-27T00:50:06.960Z,AR,-3.1219,6250,4.754,1357.047619
2026-09-27T00:50:06.960Z,SHIB,0.3088,0.008,5.877e-06,1357.047619
2026-09-27T00:50:06.960Z,CELO,2.325,133,0.09578,1357.047619
2026-09-27T00:50:06.960Z,STX,-1.1848,456.6,0.3405,1357.047619
2026-09-27T00:50:06.960Z,JUP,1.0472,462.8,0.3375,1357.047619
2026-09-27T00:50:06.960Z,PEPE,0.3155,0.0059,4.334e-06,1357.047619
2026-09-27T00:50:06.960Z,DYDX,4.1988,200,0.14144,1357.047619
2026-09-27T00:50:06.960Z,KITE,-14.6591,176.3,0.15223,1357.047619
2026-09-27T00:50:06.960Z,CRV,1.7767,479.4,0.3471,1357.047619
2026-09-27T00:50:06.960Z,ENJ,4.7962,42.92,0.03018,1357.047619
2026-09-27T00:50:06.960Z,ATOM,0.4673,2510,1.841,1357.047619
2026-09-27T00:50:06.960Z,ICP,2.7889,4426,3.173,1357.047619
2026-09-27T00:50:06.960Z,SPACE,0.6138,6.917,0.005066,1357.047619
2026-09-27T00:50:06.960Z,DOT,-0.4472,1669,1.2354,1357.047619
2026-09-27T00:50:06.960Z,ETHFI,-0.7164,972.5,0.7218,1357.047619
2026-09-27T00:50:06.960Z,CC,0.3943,185,0.13579,1357.047619
2026-09-27T00:50:06.960Z,SYRUP,0.0046,298.7,0.2201,1357.047619
2026-09-27T00:50:06.960Z,TAO,0.517,435000,318.9,1357.047619
2026-09-27T00:50:06.960Z,GRAM,-3.5874,2096,1.602,1357.047619
2026-09-27T00:50:06.960Z,RAY,2.6055,2860,2.054,1357.047619
2026-09-27T00:50:06.960Z,RENDER,-2.9448,2621,1.99,1357.047619
2026-09-27T00:50:06.960Z,GRASS,-5.8644,750,0.5871,1357.047619
2026-09-27T00:50:06.960Z,MINA,-0.6751,194.5,0.1443,1357.047619
2026-09-27T00:50:06.960Z,POL,0.4321,162.5,0.11923,1357.047619
2026-09-27T00:50:06.960Z,ENA,6.9852,392.2,0.27014,1357.047619
2026-09-27T00:50:06.960Z,SAND,0.5606,60.85,0.04459,1357.047619
2026-09-27T00:50:06.960Z,AERO,0.073,1180,0.8689,1357.047619
2026-09-27T00:50:06.960Z,KGEN,0.4529,223.7,0.1641,1357.047619
2026-09-27T00:50:06.960Z,LIT,1.0731,6560,4.7827,1357.047619
2026-09-27T00:50:06.960Z,MANA,-1.7257,120,0.08998,1357.047619
2026-09-27T00:50:06.960Z,BAND,-6.941,284.9,0.2256,1357.047619
2026-09-27T00:50:06.960Z,APE,0.0584,208.7,0.1537,1357.047619
2026-09-27T00:50:06.960Z,GMT,-0.2681,11.91,0.0088,1357.047619
2026-09-27T00:50:06.960Z,VIRTUAL,-1.0925,1057,0.7875,1357.047619
2026-09-27T00:50:06.960Z,LPT,-4.0255,2261,1.736,1357.047619
2026-09-27T00:50:06.960Z,DATA,0.2435,308.8,0.227,1357.047619
2026-09-27T00:50:06.960Z,THETA,-3.0741,302,0.2296,1357.047619
2026-09-27T00:50:06.960Z,GRT,0.9224,37.17,0.02714,1357.047619
2026-09-27T00:50:06.960Z,LAYER,-3.6404,106.9,0.08175,1357.047619
2026-09-27T00:50:06.960Z,NMR,0.9538,13130,9.584,1357.047619
2026-09-27T00:50:06.960Z,EIGEN,-11.4242,321.9,0.2678,1357.047619
2026-09-27T00:50:06.960Z,BAT,-2.4493,125.1,0.0945,1357.047619
2026-09-27T00:50:06.960Z,SPK,-3.2104,32.64,0.02485,1357.047619
2026-09-27T00:50:06.960Z,PUMP,-11.8601,5.276,0.004411,1357.047619
2026-09-27T00:50:06.960Z,KMNO,4.1113,68,0.04813,1357.047619
2026-09-27T00:50:06.960Z,CHZ,0.5139,22.52,0.01651,1357.047619
2026-09-27T00:50:06.960Z,PENGU,1.1231,13.41,0.009772,1357.047619
2026-09-27T00:50:06.960Z,OP,0.1798,195.1,0.14351,1357.047619
2026-09-27T00:50:06.960Z,UMA,-0.7173,571.8,0.4244,1357.047619
2026-09-27T00:50:06.960Z,ZRO,4.2184,2250,1.5909,1357.047619
2026-09-27T00:50:06.960Z,S,-0.2457,53.58,0.03958,1357.047619
2026-09-27T00:50:06.960Z,IMX,2.9038,229.2,0.16413,1357.047619
2026-09-27T00:50:06.960Z,A,1.7261,139.4,0.10098,1357.047619
2026-09-27T00:50:06.960Z,ATH,1.0237,8.652,0.006311,1357.047619
2026-09-27T00:50:06.960Z,COMP,8.0757,34950,23.83,1357.047619
2026-09-27T00:50:06.960Z,CVX,-4.9701,2654,2.058,1357.047619
2026-09-27T00:50:06.960Z,AXS,3.0621,1620,1.1583,1357.047619
2026-09-27T00:50:06.960Z,WCT,-1.1274,58.46,0.04357,1357.047619
2026-09-27T00:50:06.960Z,ME,1.1294,107.8,0.07855,1357.047619
2026-09-27T00:50:06.960Z,ASTER,1.3065,1004,0.7303,1357.047619
2026-09-27T00:50:06.960Z,GMX,1.6937,11210,8.123,1357.047619
2026-09-27T00:50:06.960Z,MORPHO,2.5857,3810,2.7368,1357.047619
2026-09-27T00:50:06.960Z,MON,-2.9119,35.02,0.02658,1357.047619
2026-09-27T00:50:06.960Z,1INCH,-0.8279,136.6,0.1015,1357.047619
2026-09-27T00:50:06.960Z,SKY,1.022,107,0.07805,1357.047619
2026-09-27T00:50:06.960Z,YGG,-2.6447,36.53,0.02765,1357.047619
2026-09-27T00:50:06.960Z,BIO,1.0039,43.93,0.03205,1357.047619
2026-09-27T00:50:06.960Z,MOVE,-3.5322,12.54,0.009579,1357.047619
2026-09-27T00:50:06.960Z,GALA,-14.42,2.627,0.002262,1357.047619
2026-09-27T00:50:06.960Z,ZK,2.968,17.76,0.01271,1357.047619
2026-09-27T00:50:06.960Z,ENS,0.5287,9525,6.982,1357.047619
2026-09-27T00:50:06.960Z,INJ,5.2433,11040,7.73,1357.047619
2026-09-27T00:50:06.960Z,KAITO,-0.2231,480,0.3545,1357.047619
2026-09-27T00:50:06.960Z,LDO,0.2262,650,0.4779,1357.047619
2026-09-27T00:50:06.960Z,BLUR,-1.0577,28.21,0.02101,1357.047619
2026-09-27T00:50:06.960Z,AUCTION,-1.9624,5170,3.886,1357.047619
2026-09-27T00:50:06.960Z,ZETA,-0.2567,75.38,0.05569,1357.047619
2026-09-27T00:50:06.960Z,WIF,-1.0587,325.6,0.2425,1357.047619
2026-09-27T00:50:06.960Z,KSM,-0.5766,6425,4.762,1357.047619
2026-09-27T00:55:06.927Z,BTC,0.3609,114758000,84260.4,1357.047619
2026-09-27T00:55:06.927Z,XRP,0.3198,2064,1.5161,1357.047619
2026-09-27T00:55:06.927Z,SOL,0.2913,164300,120.72,1357.047619
2026-09-27T00:55:06.927Z,ETH,0.3517,3667000,2692.72,1357.047619
2026-09-27T00:55:06.927Z,FIL,0.2599,1535,1.1282,1357.047619
2026-09-27T00:55:06.927Z,TRX,0.4695,454.7,0.3335,1357.047619
2026-09-27T00:55:06.927Z,BNB,0.2122,1050000,772.1,1357.047619
2026-09-27T00:55:06.927Z,WLD,0.2476,708.5,0.5208,1357.047619
2026-09-27T00:55:06.927Z,FLOW,0.2925,44.41,0.03263,1357.047619
2026-09-27T00:55:06.927Z,LINK,0.2687,19130,14.059,1357.047619
2026-09-27T00:55:06.927Z,DOGE,0.3811,131.1,0.09624,1357.047619
2026-09-27T00:55:06.927Z,SUI,0.3562,1587,1.1653,1357.047619
2026-09-27T00:55:06.927Z,XLM,0.4637,293.2,0.21506,1357.047619
2026-09-27T00:55:06.927Z,BCH,1.0717,457700,333.7,1357.047619
2026-09-27T00:55:06.927Z,AVAX,0.8932,14850,10.846,1357.047619
2026-09-27T00:55:06.927Z,ETC,0.3069,12760,9.374,1357.047619
2026-09-27T00:55:06.927Z,AAVE,0.0308,210000,154.7,1357.047619
2026-09-27T00:55:06.927Z,ADA,0.6453,343.5,0.2515,1357.047619
2026-09-27T00:55:06.927Z,HYPE,-0.114,125800,92.807,1357.047619
2026-09-27T00:55:06.927Z,SEI,0.7325,97.89,0.07161,1357.047619
2026-09-27T00:55:06.927Z,HBAR,0.5108,126.4,0.09267,1357.047619
2026-09-27T00:55:06.927Z,ARB,-0.2031,305,0.22521,1357.047619
2026-09-27T00:55:06.927Z,JTO,1.0177,823.2,0.6005,1357.047619
2026-09-27T00:55:06.927Z,ONDO,-0.1575,728.4,0.5376,1357.047619
2026-09-27T00:55:06.927Z,QTUM,4.3909,1441,1.0172,1357.047619
2026-09-27T00:55:06.927Z,PYTH,1.5181,114.4,0.08304,1357.047619
2026-09-27T00:55:06.927Z,APT,-0.8969,1134,0.8432,1357.047619
2026-09-27T00:55:06.927Z,UNI,-1.0266,13180,9.813,1357.047619
2026-09-27T00:55:06.927Z,TIA,0.0781,663.3,0.4884,1357.047619
2026-09-27T00:55:06.927Z,ALGO,1.9894,160.3,0.11582,1357.047619
2026-09-27T00:55:06.927Z,NEAR,0.2199,6860,5.044,1357.047619
2026-09-27T00:55:06.927Z,ZIL,-3.4551,4.9,0.00374,1357.047619
2026-09-27T00:55:06.927Z,SUSHI,-4.0991,348,0.2674,1357.047619
2026-09-27T00:55:06.927Z,PENDLE,-0.5554,3448,2.555,1357.047619
2026-09-27T00:55:06.927Z,XTZ,0.9565,444.3,0.3243,1357.047619
2026-09-27T00:55:06.927Z,W,-6.1213,17.4,0.013658,1357.047619
2026-09-27T00:55:06.927Z,AR,-2.9177,6250,4.744,1357.047619
2026-09-27T00:55:06.927Z,SHIB,1.5454,0.0081,5.878e-06,1357.047619
2026-09-27T00:55:06.927Z,CELO,2.5606,133,0.09556,1357.047619
2026-09-27T00:55:06.927Z,STX,-1.8478,456.6,0.3428,1357.047619
2026-09-27T00:55:06.927Z,JUP,1.2272,462.8,0.3369,1357.047619
2026-09-27T00:55:06.927Z,PEPE,0.3155,0.0059,4.334e-06,1357.047619
2026-09-27T00:55:06.927Z,DYDX,4.2135,200,0.14142,1357.047619
2026-09-27T00:55:06.927Z,KITE,-14.4343,176.3,0.15183,1357.047619
2026-09-27T00:55:06.927Z,CRV,1.6595,479.4,0.3475,1357.047619
2026-09-27T00:55:06.927Z,ENJ,4.9701,42.92,0.03013,1357.047619
2026-09-27T00:55:06.927Z,ATOM,0.5766,2510,1.839,1357.047619
2026-09-27T00:55:06.927Z,ICP,2.6918,4426,3.176,1357.047619
2026-09-27T00:55:06.927Z,SPACE,0.5939,6.917,0.005067,1357.047619
2026-09-27T00:55:06.927Z,DOT,-0.5116,1669,1.2362,1357.047619
2026-09-27T00:55:06.927Z,ETHFI,-0.62,972.5,0.7211,1357.047619
2026-09-27T00:55:06.927Z,CC,0.4905,185,0.13566,1357.047619
2026-09-27T00:55:06.927Z,SYRUP,0.0956,298.7,0.2199,1357.047619
2026-09-27T00:55:06.927Z,TAO,0.5801,435000,318.7,1357.047619
2026-09-27T00:55:06.927Z,GRAM,-2.7374,2096,1.588,1357.047619
2026-09-27T00:55:06.927Z,RAY,2.6504,2860,2.0531,1357.047619
2026-09-27T00:55:06.927Z,RENDER,-2.896,2621,1.989,1357.047619
2026-09-27T00:55:06.927Z,GRASS,-5.1698,750,0.5828,1357.047619
2026-09-27T00:55:06.927Z,MINA,-0.5027,194.5,0.14405,1357.047619
2026-09-27T00:55:06.927Z,POL,0.6178,162.5,0.11901,1357.047619
2026-09-27T00:55:06.927Z,ENA,7.2552,392.2,0.26946,1357.047619
2026-09-27T00:55:06.927Z,SAND,0.5381,60.85,0.0446,1357.047619
2026-09-27T00:55:06.927Z,AERO,0.027,1180,0.8693,1357.047619
2026-09-27T00:55:06.927Z,KGEN,0.5754,223.7,0.1639,1357.047619
2026-09-27T00:55:06.927Z,LIT,1.2064,6560,4.7764,1357.047619
2026-09-27T00:55:06.927Z,MANA,-1.5944,120,0.08986,1357.047619
2026-09-27T00:55:06.927Z,BAND,-6.8585,284.9,0.2254,1357.047619
2026-09-27T00:55:06.927Z,APE,0.0975,208.7,0.15364,1357.047619
2026-09-27T00:55:06.927Z,GMT,-0.0865,11.91,0.008784,1357.047619
2026-09-27T00:55:06.927Z,VIRTUAL,-0.9163,1057,0.7861,1357.047619
2026-09-27T00:55:06.927Z,LPT,-4.5205,2261,1.745,1357.047619
2026-09-27T00:55:06.927Z,DATA,0.4648,308.8,0.2265,1357.047619
2026-09-27T00:55:06.927Z,THETA,-3.1163,302,0.2297,1357.047619
2026-09-27T00:55:06.927Z,GRT,0.8852,37.17,0.02715,1357.047619
2026-09-27T00:55:06.927Z,LAYER,-3.3448,106.9,0.0815,1357.047619
2026-09-27T00:55:06.927Z,NMR,1.1438,13130,9.566,1357.047619
2026-09-27T00:55:06.927Z,EIGEN,-11.358,321.9,0.2676,1357.047619
2026-09-27T00:55:06.927Z,BAT,-2.0346,125.1,0.0941,1357.047619
2026-09-27T00:55:06.927Z,SPK,-2.7407,32.64,0.02473,1357.047619
2026-09-27T00:55:06.927Z,PUMP,-11.2565,5.276,0.004381,1357.047619
2026-09-27T00:55:06.927Z,KMNO,3.7879,68,0.04828,1357.047619
2026-09-27T00:55:06.927Z,CHZ,0.5748,22.52,0.0165,1357.047619
2026-09-27T00:55:06.927Z,PENGU,1.092,13.41,0.009775,1357.047619
2026-09-27T00:55:06.927Z,OP,0.1379,195.1,0.14357,1357.047619
2026-09-27T00:55:06.927Z,UMA,-0.6236,571.8,0.424,1357.047619
2026-09-27T00:55:06.927Z,ZRO,4.4745,2250,1.587,1357.047619
2026-09-27T00:55:06.927Z,S,-0.2204,53.58,0.03957,1357.047619
2026-09-27T00:55:06.927Z,IMX,2.8976,229.2,0.16414,1357.047619
2026-09-27T00:55:06.927Z,A,1.8168,139.4,0.10089,1357.047619
2026-09-27T00:55:06.927Z,ATH,1.4255,8.652,0.006286,1357.047619
2026-09-27T00:55:06.927Z,COMP,8.4397,34950,23.75,1357.047619
2026-09-27T00:55:06.927Z,CVX,-4.5992,2654,2.05,1357.047619
2026-09-27T00:55:06.927Z,AXS,3.285,1620,1.1558,1357.047619
2026-09-27T00:55:06.927Z,WCT,-0.6943,58.46,0.04338,1357.047619
2026-09-27T00:55:06.927Z,ME,1.2325,107.8,0.07847,1357.047619
2026-09-27T00:55:06.927Z,ASTER,1.2926,1004,0.7304,1357.047619
2026-09-27T00:55:06.927Z,GMX,1.7563,11210,8.118,1357.047619
2026-09-27T00:55:06.927Z,MORPHO,2.6645,3810,2.7347,1357.047619
2026-09-27T00:55:06.927Z,MON,-3.1669,35.02,0.02665,1357.047619
2026-09-27T00:55:06.927Z,1INCH,-1.1687,136.6,0.10185,1357.047619
2026-09-27T00:55:06.927Z,SKY,1.0349,107,0.07804,1357.047619
2026-09-27T00:55:06.927Z,YGG,-2.4684,36.53,0.0276,1357.047619
2026-09-27T00:55:06.927Z,BIO,1.0039,43.93,0.03205,1357.047619
2026-09-27T00:55:06.927Z,MOVE,-3.4617,12.54,0.009572,1357.047619
2026-09-27T00:55:06.927Z,GALA,-14.1924,2.627,0.002256,1357.047619
2026-09-27T00:55:06.927Z,ZK,3.114,17.76,0.012692,1357.047619
2026-09-27T00:55:06.927Z,ENS,0.5143,9525,6.983,1357.047619
2026-09-27T00:55:06.927Z,INJ,5.2569,11040,7.729,1357.047619
2026-09-27T00:55:06.927Z,KAITO,0.0026,480,0.3537,1357.047619
2026-09-27T00:55:06.927Z,LDO,0.2682,650,0.4777,1357.047619
2026-09-27T00:55:06.927Z,BLUR,-0.9162,28.21,0.02098,1357.047619
2026-09-27T00:55:06.927Z,AUCTION,-1.6587,5170,3.874,1357.047619
2026-09-27T00:55:06.927Z,ZETA,0.2654,75.38,0.0554,1357.047619
2026-09-27T00:55:06.927Z,WIF,-1.181,325.6,0.2428,1357.047619
2026-09-27T00:55:06.927Z,KSM,-0.6183,6425,4.764,1357.047619
2026-09-27T01:00:07.200Z,BTC,0.3897,114791000,84260.4,1357.047619
2026-09-27T01:00:07.200Z,XRP,0.4193,2067,1.5168,1357.047619
2026-09-27T01:00:07.200Z,SOL,0.2581,164300,120.76,1357.047619
2026-09-27T01:00:07.200Z,ETH,0.3699,3667000,2692.23,1357.047619
2026-09-27T01:00:07.200Z,FIL,0.4112,1535,1.1265,1357.047619
2026-09-27T01:00:07.200Z,TRX,0.5539,454.4,0.333,1357.047619
2026-09-27T01:00:07.200Z,BNB,0.2122,1050000,772.1,1357.047619
2026-09-27T01:00:07.200Z,WLD,0.3825,708.5,0.5201,1357.047619
2026-09-27T01:00:07.200Z,FLOW,0.2925,44.41,0.03263,1357.047619
2026-09-27T01:00:07.200Z,LINK,0.2973,19130,14.055,1357.047619
2026-09-27T01:00:07.200Z,DOGE,0.3707,131.1,0.09625,1357.047619
2026-09-27T01:00:07.200Z,SUI,0.3848,1585,1.1635,1357.047619
2026-09-27T01:00:07.200Z,XLM,0.4902,293.1,0.21493,1357.047619
2026-09-27T01:00:07.200Z,BCH,1.0717,457700,333.7,1357.047619
2026-09-27T01:00:07.200Z,AVAX,1.173,14850,10.816,1357.047619
2026-09-27T01:00:07.200Z,ETC,0.2534,12760,9.379,1357.047619
2026-09-27T01:00:07.200Z,AAVE,-0.2271,210000,155.1,1357.047619
2026-09-27T01:00:07.200Z,ADA,0.5654,343.5,0.2517,1357.047619
2026-09-27T01:00:07.200Z,HYPE,-0.059,125800,92.756,1357.047619
2026-09-27T01:00:07.200Z,SEI,0.9016,97.89,0.07149,1357.047619
2026-09-27T01:00:07.200Z,HBAR,0.5217,126.4,0.09266,1357.047619
2026-09-27T01:00:07.200Z,ARB,0.5822,307.4,0.22521,1357.047619
2026-09-27T01:00:07.200Z,JTO,1.3552,823.2,0.5985,1357.047619
2026-09-27T01:00:07.200Z,ONDO,0.0666,731.8,0.5389,1357.047619
2026-09-27T01:00:07.200Z,QTUM,4.4319,1441,1.0168,1357.047619
2026-09-27T01:00:07.200Z,PYTH,2.2942,114.4,0.08241,1357.047619
2026-09-27T01:00:07.200Z,APT,-0.9908,1134,0.844,1357.047619
2026-09-27T01:00:07.200Z,UNI,-1.1575,13180,9.826,1357.047619
2026-09-27T01:00:07.200Z,TIA,0.0577,663.3,0.4885,1357.047619
2026-09-27T01:00:07.200Z,ALGO,1.8161,160,0.1158,1357.047619
2026-09-27T01:00:07.200Z,NEAR,0.1206,6860,5.049,1357.047619
2026-09-27T01:00:07.200Z,ZIL,-3.5325,4.9,0.003743,1357.047619
2026-09-27T01:00:07.200Z,SUSHI,-4.2781,348,0.2679,1357.047619
2026-09-27T01:00:07.200Z,PENDLE,-0.7884,3448,2.561,1357.047619
2026-09-27T01:00:07.200Z,XTZ,0.8632,444.3,0.3246,1357.047619
2026-09-27T01:00:07.200Z,W,-6.5728,17.4,0.013724,1357.047619
2026-09-27T01:00:07.200Z,AR,-2.8357,6250,4.74,1357.047619
2026-09-27T01:00:07.200Z,SHIB,1.5973,0.0081,5.875e-06,1357.047619
2026-09-27T01:00:07.200Z,CELO,2.7864,133,0.09535,1357.047619
2026-09-27T01:00:07.200Z,STX,0.2476,467.3,0.3435,1357.047619
2026-09-27T01:00:07.200Z,JUP,1.2573,462.8,0.3368,1357.047619
2026-09-27T01:00:07.200Z,PEPE,0.385,0.0059,4.331e-06,1357.047619
2026-09-27T01:00:07.200Z,DYDX,3.7952,200,0.14199,1357.047619
2026-09-27T01:00:07.200Z,KITE,-13.8099,176.3,0.15073,1357.047619
2026-09-27T01:00:07.200Z,CRV,1.6011,479.4,0.3477,1357.047619
2026-09-27T01:00:07.200Z,ENJ,5.0398,42.92,0.03011,1357.047619
2026-09-27T01:00:07.200Z,ATOM,0.5766,2510,1.839,1357.047619
2026-09-27T01:00:07.200Z,ICP,2.466,4426,3.183,1357.047619
2026-09-27T01:00:07.200Z,SPACE,0.6734,6.917,0.005063,1357.047619
2026-09-27T01:00:07.200Z,DOT,-0.6883,1669,1.2384,1357.047619
2026-09-27T01:00:07.200Z,ETHFI,-0.4682,972.5,0.72,1357.047619
2026-09-27T01:00:07.200Z,CC,0.4831,185,0.13567,1357.047619
2026-09-27T01:00:07.200Z,SYRUP,0.0501,298.7,0.22,1357.047619
2026-09-27T01:00:07.200Z,TAO,0.5801,435000,318.7,1357.047619
2026-09-27T01:00:07.200Z,GRAM,-2.7987,2096,1.589,1357.047619
2026-09-27T01:00:07.200Z,RAY,2.6055,2860,2.054,1357.047619
2026-09-27T01:00:07.200Z,RENDER,-3.4783,2621,2.001,1357.047619
2026-09-27T01:00:07.200Z,GRASS,-5.1373,750,0.5826,1357.047619
2026-09-27T01:00:07.200Z,MINA,-0.3367,194.5,0.14381,1357.047619
2026-09-27T01:00:07.200Z,POL,0.508,162.5,0.11914,1357.047619
2026-09-27T01:00:07.200Z,ENA,7.2631,392.2,0.26944,1357.047619
2026-09-27T01:00:07.200Z,SAND,0.4255,60.85,0.04465,1357.047619
2026-09-27T01:00:07.200Z,AERO,-0.4312,1180,0.8733,1357.047619
2026-09-27T01:00:07.200Z,KGEN,0.5754,223.7,0.1639,1357.047619
2026-09-27T01:00:07.200Z,LIT,-0.1737,6470,4.776,1357.047619
2026-09-27T01:00:07.200Z,MANA,-1.6163,120,0.08988,1357.047619
2026-09-27T01:00:07.200Z,BAND,-7.0646,284.9,0.2259,1357.047619
2026-09-27T01:00:07.200Z,APE,0.1235,208.7,0.1536,1357.047619
2026-09-27T01:00:07.200Z,GMT,-0.1092,11.91,0.008786,1357.047619
2026-09-27T01:00:07.200Z,VIRTUAL,-0.8154,1057,0.7853,1357.047619
2026-09-27T01:00:07.200Z,LPT,-4.5205,2261,1.745,1357.047619
2026-09-27T01:00:07.200Z,DATA,0.7317,308.8,0.2259,1357.047619
2026-09-27T01:00:07.200Z,THETA,-2.9473,302,0.2293,1357.047619
2026-09-27T01:00:07.200Z,GRT,1.0714,37.17,0.0271,1357.047619
2026-09-27T01:00:07.200Z,LAYER,-3.2736,106.9,0.08144,1357.047619
2026-09-27T01:00:07.200Z,NMR,1.1755,13130,9.563,1357.047619
2026-09-27T01:00:07.200Z,EIGEN,-11.3911,321.9,0.2677,1357.047619
2026-09-27T01:00:07.200Z,BAT,-1.8991,125.1,0.09397,1357.047619
2026-09-27T01:00:07.200Z,SPK,-2.4251,32.64,0.02465,1357.047619
2026-09-27T01:00:07.200Z,PUMP,-11.2363,5.276,0.00438,1357.047619
2026-09-27T01:00:07.200Z,KMNO,4.2847,68,0.04805,1357.047619
2026-09-27T01:00:07.200Z,CHZ,0.6969,22.52,0.01648,1357.047619
2026-09-27T01:00:07.200Z,PENGU,0.561,13.33,0.009768,1357.047619
2026-09-27T01:00:07.200Z,OP,0.1728,195.1,0.14352,1357.047619
2026-09-27T01:00:07.200Z,UMA,-0.5532,571.8,0.4237,1357.047619
2026-09-27T01:00:07.200Z,ZRO,4.4877,2250,1.5868,1357.047619
2026-09-27T01:00:07.200Z,S,-0.17,53.58,0.03955,1357.047619
2026-09-27T01:00:07.200Z,IMX,2.7974,229.2,0.1643,1357.047619
2026-09-27T01:00:07.200Z,A,1.7059,139.4,0.101,1357.047619
2026-09-27T01:00:07.200Z,ATH,1.2162,8.652,0.006299,1357.047619
2026-09-27T01:00:07.200Z,COMP,8.4397,34950,23.75,1357.047619
2026-09-27T01:00:07.200Z,CVX,-4.5992,2654,2.05,1357.047619
2026-09-27T01:00:07.200Z,AXS,3.2225,1620,1.1565,1357.047619
2026-09-27T01:00:07.200Z,WCT,-0.5797,58.46,0.04333,1357.047619
2026-09-27T01:00:07.200Z,ME,1.2325,107.8,0.07847,1357.047619
2026-09-27T01:00:07.200Z,ASTER,1.2926,1004,0.7304,1357.047619
2026-09-27T01:00:07.200Z,GMX,1.7188,11210,8.121,1357.047619
2026-09-27T01:00:07.200Z,MORPHO,2.4734,3810,2.7398,1357.047619
2026-09-27T01:00:07.200Z,MON,-2.8022,35.02,0.02655,1357.047619
2026-09-27T01:00:07.200Z,1INCH,-1.2366,136.6,0.10192,1357.047619
2026-09-27T01:00:07.200Z,SKY,0.9185,107,0.07813,1357.047619
2026-09-27T01:00:07.200Z,YGG,-2.433,36.53,0.02759,1357.047619
2026-09-27T01:00:07.200Z,BIO,1.0039,43.93,0.03205,1357.047619
2026-09-27T01:00:07.200Z,MOVE,-3.4919,12.54,0.009575,1357.047619
2026-09-27T01:00:07.200Z,GALA,-14.1924,2.627,0.002256,1357.047619
2026-09-27T01:00:07.200Z,ZK,2.968,17.76,0.01271,1357.047619
2026-09-27T01:00:07.200Z,ENS,0.5863,9525,6.978,1357.047619
2026-09-27T01:00:07.200Z,INJ,5.4069,11040,7.718,1357.047619
2026-09-27T01:00:07.200Z,KAITO,0.0026,480,0.3537,1357.047619
2026-09-27T01:00:07.200Z,LDO,0.0587,650,0.4787,1357.047619
2026-09-27T01:00:07.200Z,BLUR,-0.869,28.21,0.02097,1357.047619
2026-09-27T01:00:07.200Z,AUCTION,-1.8361,5170,3.881,1357.047619
2026-09-27T01:00:07.200Z,ZETA,0.4104,75.38,0.05532,1357.047619
2026-09-27T01:00:07.200Z,WIF,-1.0587,325.6,0.2425,1357.047619
2026-09-27T01:00:07.200Z,KSM,-0.5766,6425,4.762,1357.047619
2026-09-27T01:05:07.192Z,BTC,0.3232,114701000,84250.2,1357.047619
2026-09-27T01:05:07.192Z,XRP,0.3728,2064,1.5153,1357.047619
2026-09-27T01:05:07.192Z,SOL,0.4106,164400,120.65,1357.047619
2026-09-27T01:05:07.192Z,ETH,0.3866,3666000,2691.05,1357.047619
2026-09-27T01:05:07.192Z,FIL,0.6435,1535,1.1239,1357.047619
2026-09-27T01:05:07.192Z,TRX,0.4865,454,0.33293,1357.047619
2026-09-27T01:05:07.192Z,BNB,0.2252,1050000,772,1357.047619
2026-09-27T01:05:07.192Z,WLD,0.1021,707.2,0.5206,1357.047619
2026-09-27T01:05:07.192Z,FLOW,0.539,44.41,0.03255,1357.047619
2026-09-27T01:05:07.192Z,LINK,0.3901,19130,14.042,1357.047619
2026-09-27T01:05:07.192Z,DOGE,0.496,131.1,0.09613,1357.047619
2026-09-27T01:05:07.192Z,SUI,0.373,1581,1.1607,1357.047619
2026-09-27T01:05:07.192Z,XLM,0.37,292.3,0.2146,1357.047619
2026-09-27T01:05:07.192Z,BCH,1.193,457700,333.3,1357.047619
2026-09-27T01:05:07.192Z,AVAX,1.87,14850,10.742,1357.047619
2026-09-27T01:05:07.192Z,ETC,0.3176,12760,9.373,1357.047619
2026-09-27T01:05:07.192Z,AAVE,0.0955,210000,154.6,1357.047619
2026-09-27T01:05:07.192Z,ADA,0.8057,343.5,0.2511,1357.047619
2026-09-27T01:05:07.192Z,HYPE,-0.0019,125800,92.703,1357.047619
2026-09-27T01:05:07.192Z,SEI,1.3553,97.89,0.07117,1357.047619
2026-09-27T01:05:07.192Z,HBAR,0.6194,126.4,0.09257,1357.047619
2026-09-27T01:05:07.192Z,ARB,-0.4356,306.6,0.22692,1357.047619
2026-09-27T01:05:07.192Z,JTO,1.5759,823.2,0.5972,1357.047619
2026-09-27T01:05:07.192Z,ONDO,0.3442,729.2,0.5355,1357.047619
2026-09-27T01:05:07.192Z,QTUM,4.4217,1441,1.0169,1357.047619
2026-09-27T01:05:07.192Z,PYTH,2.8433,114.4,0.08197,1357.047619
2026-09-27T01:05:07.192Z,APT,-0.9673,1134,0.8438,1357.047619
2026-09-27T01:05:07.192Z,UNI,0.2009,13440,9.884,1357.047619
2026-09-27T01:05:07.192Z,TIA,0.2423,663.3,0.4876,1357.047619
2026-09-27T01:05:07.192Z,ALGO,0.5579,157.9,0.11571,1357.047619
2026-09-27T01:05:07.192Z,NEAR,0.699,6860,5.02,1357.047619
2026-09-27T01:05:07.192Z,ZIL,-3.3776,4.9,0.003737,1357.047619
2026-09-27T01:05:07.192Z,SUSHI,9.4931,399.7,0.269,1357.047619
2026-09-27T01:05:07.192Z,PENDLE,-0.7884,3448,2.561,1357.047619
2026-09-27T01:05:07.192Z,XTZ,0.9565,444.3,0.3243,1357.047619
2026-09-27T01:05:07.192Z,W,-5.8456,17.4,0.013618,1357.047619
2026-09-27T01:05:07.192Z,AR,-2.5066,6250,4.724,1357.047619
2026-09-27T01:05:07.192Z,SHIB,1.6838,0.0081,5.87e-06,1357.047619
2026-09-27T01:05:07.192Z,CELO,2.8296,133,0.09531,1357.047619
2026-09-27T01:05:07.192Z,STX,0.2768,467.3,0.3434,1357.047619
2026-09-27T01:05:07.192Z,JUP,1.3475,462.8,0.3365,1357.047619
2026-09-27T01:05:07.192Z,PEPE,0.3386,0.0059,4.333e-06,1357.047619
2026-09-27T01:05:07.192Z,DYDX,3.026,200,0.14305,1357.047619
2026-09-27T01:05:07.192Z,KITE,-13.7927,176.3,0.1507,1357.047619
2026-09-27T01:05:07.192Z,CRV,2.1298,479.4,0.3459,1357.047619
2026-09-27T01:05:07.192Z,ENJ,5.3196,42.92,0.03003,1357.047619
2026-09-27T01:05:07.192Z,ATOM,0.6313,2510,1.838,1357.047619
2026-09-27T01:05:07.192Z,ICP,2.8537,4426,3.171,1357.047619
2026-09-27T01:05:07.192Z,SPACE,0.6337,6.917,0.005065,1357.047619
2026-09-27T01:05:07.192Z,DOT,-0.3988,1669,1.2348,1357.047619
2026-09-27T01:05:07.192Z,ETHFI,-0.302,972.5,0.7188,1357.047619
2026-09-27T01:05:07.192Z,CC,0.6388,185,0.13546,1357.047619
2026-09-27T01:05:07.192Z,SYRUP,0.3237,298.7,0.2194,1357.047619
2026-09-27T01:05:07.192Z,TAO,0.8332,435000,317.9,1357.047619
2026-09-27T01:05:07.192Z,GRAM,-3.4669,2096,1.6,1357.047619
2026-09-27T01:05:07.192Z,RAY,2.3563,2860,2.059,1357.047619
2026-09-27T01:05:07.192Z,RENDER,-3.2365,2621,1.996,1357.047619
2026-09-27T01:05:07.192Z,GRASS,-3.9502,750,0.5754,1357.047619
2026-09-27T01:05:07.192Z,MINA,-0.6131,194.5,0.14421,1357.047619
2026-09-27T01:05:07.192Z,POL,0.5671,162.5,0.11907,1357.047619
2026-09-27T01:05:07.192Z,ENA,7.6386,392.2,0.2685,1357.047619
2026-09-27T01:05:07.192Z,SAND,0.5381,60.85,0.0446,1357.047619
2026-09-27T01:05:07.192Z,AERO,-0.3513,1180,0.8726,1357.047619
2026-09-27T01:05:07.192Z,KGEN,0.6368,223.7,0.1638,1357.047619
2026-09-27T01:05:07.192Z,LIT,-0.1173,6470,4.7733,1357.047619
2026-09-27T01:05:07.192Z,MANA,-1.5725,120,0.08984,1357.047619
2026-09-27T01:05:07.192Z,BAND,-6.7757,284.9,0.2252,1357.047619
2026-09-27T01:05:07.192Z,APE,0.2149,208.7,0.15346,1357.047619
2026-09-27T01:05:07.192Z,GMT,-0.1547,11.91,0.00879,1357.047619
2026-09-27T01:05:07.192Z,VIRTUAL,-0.6382,1057,0.7839,1357.047619
2026-09-27T01:05:07.192Z,LPT,-4.136,2261,1.738,1357.047619
2026-09-27T01:05:07.192Z,DATA,0.7317,308.8,0.2259,1357.047619
2026-09-27T01:05:07.192Z,THETA,-2.9473,302,0.2293,1357.047619
2026-09-27T01:05:07.192Z,GRT,1.2208,37.17,0.02706,1357.047619
2026-09-27T01:05:07.192Z,LAYER,-3.2855,106.9,0.08145,1357.047619
2026-09-27T01:05:07.192Z,NMR,1.1755,13130,9.563,1357.047619
2026-09-27T01:05:07.192Z,EIGEN,-11.2917,321.9,0.2674,1357.047619
2026-09-27T01:05:07.192Z,BAT,-1.826,125.1,0.0939,1357.047619
2026-09-27T01:05:07.192Z,SPK,-2.0675,32.64,0.02456,1357.047619
2026-09-27T01:05:07.192Z,PUMP,-11.2363,5.276,0.00438,1357.047619
2026-09-27T01:05:07.192Z,KMNO,5.4256,68,0.04753,1357.047619
2026-09-27T01:05:07.192Z,CHZ,0.6358,22.52,0.01649,1357.047619
2026-09-27T01:05:07.192Z,PENGU,0.7156,13.33,0.009753,1357.047619
2026-09-27T01:05:07.192Z,OP,0.1588,195.1,0.14354,1357.047619
2026-09-27T01:05:07.192Z,UMA,-0.4122,571.8,0.4231,1357.047619
2026-09-27T01:05:07.192Z,ZRO,4.7121,2250,1.5834,1357.047619
2026-09-27T01:05:07.192Z,S,-0.0942,53.58,0.03952,1357.047619
2026-09-27T01:05:07.192Z,IMX,2.954,229.2,0.16405,1357.047619
2026-09-27T01:05:07.192Z,A,1.7261,139.4,0.10098,1357.047619
2026-09-27T01:05:07.192Z,ATH,1.2322,8.652,0.006298,1357.047619
2026-09-27T01:05:07.192Z,COMP,8.3485,34950,23.77,1357.047619
2026-09-27T01:05:07.192Z,CVX,-4.2723,2654,2.043,1357.047619
2026-09-27T01:05:07.192Z,AXS,3.2314,1620,1.1564,1357.047619
2026-09-27T01:05:07.192Z,WCT,-0.4649,58.46,0.04328,1357.047619
2026-09-27T01:05:07.192Z,ME,1.1938,107.8,0.0785,1357.047619
2026-09-27T01:05:07.192Z,ASTER,1.3204,1004,0.7302,1357.047619
2026-09-27T01:05:07.192Z,GMX,1.9321,11210,8.104,1357.047619
2026-09-27T01:05:07.192Z,MORPHO,2.8638,3810,2.7294,1357.047619
2026-09-27T01:05:07.192Z,MON,-2.3978,35.02,0.02644,1357.047619
2026-09-27T01:05:07.192Z,1INCH,-1.0813,136.6,0.10176,1357.047619
2026-09-27T01:05:07.192Z,SKY,1.0479,107,0.07803,1357.047619
2026-09-27T01:05:07.192Z,YGG,-2.3622,36.53,0.02757,1357.047619
2026-09-27T01:05:07.192Z,BIO,1.4788,43.93,0.0319,1357.047619
2026-09-27T01:05:07.192Z,MOVE,-3.391,12.54,0.009565,1357.047619
2026-09-27T01:05:07.192Z,GALA,-13.9636,2.627,0.00225,1357.047619
2026-09-27T01:05:07.192Z,ZK,3.2686,17.76,0.012673,1357.047619
2026-09-27T01:05:07.192Z,ENS,0.6394,9515,6.967,1357.047619
2026-09-27T01:05:07.192Z,INJ,5.6122,11040,7.703,1357.047619
2026-09-27T01:05:07.192Z,KAITO,0.1725,480,0.3531,1357.047619
2026-09-27T01:05:07.192Z,LDO,0.2472,650,0.4778,1357.047619
2026-09-27T01:05:07.192Z,BLUR,-0.8217,28.21,0.02096,1357.047619
2026-09-27T01:05:07.192Z,AUCTION,-1.9624,5170,3.886,1357.047619
2026-09-27T01:05:07.192Z,ZETA,1.1049,75.38,0.05494,1357.047619
2026-09-27T01:05:07.192Z,WIF,-0.9362,325.6,0.2422,1357.047619
2026-09-27T01:05:07.192Z,KSM,-0.8057,6425,4.773,1357.047619
2026-09-27T01:10:06.939Z,BTC,0.2282,114660000,84299.9,1357.047619
2026-09-27T01:10:06.939Z,XRP,0.2626,2065,1.5177,1357.047619
2026-09-27T01:10:06.939Z,SOL,0.2278,164400,120.87,1357.047619
2026-09-27T01:10:06.939Z,ETH,0.2063,3662000,2692.95,1357.047619
2026-09-27T01:10:06.939Z,FIL,0.429,1535,1.1263,1357.047619
2026-09-27T01:10:06.939Z,TRX,0.3776,452.5,0.33219,1357.047619
2026-09-27T01:10:06.939Z,BNB,0.2122,1050000,772.1,1357.047619
2026-09-27T01:10:06.939Z,WLD,-0.0091,707.5,0.5214,1357.047619
2026-09-27T01:10:06.939Z,FLOW,0.3724,44.35,0.03256,1357.047619
2026-09-27T01:10:06.939Z,LINK,0.2473,19130,14.062,1357.047619
2026-09-27T01:10:06.939Z,DOGE,0.2837,131,0.09626,1357.047619
2026-09-27T01:10:06.939Z,SUI,0.0509,1580,1.1637,1357.047619
2026-09-27T01:10:06.939Z,XLM,-0.0299,291.8,0.21509,1357.047619
2026-09-27T01:10:06.939Z,BCH,0.8903,457700,334.3,1357.047619
2026-09-27T01:10:06.939Z,AVAX,-0.2613,14630,10.809,1357.047619
2026-09-27T01:10:06.939Z,ETC,-0.0769,12760,9.41,1357.047619
2026-09-27T01:10:06.939Z,AAVE,-0.5286,210000,155.57,1357.047619
2026-09-27T01:10:06.939Z,ADA,0.6053,343.5,0.2516,1357.047619
2026-09-27T01:10:06.939Z,HYPE,-0.2118,125800,92.898,1357.047619
2026-09-27T01:10:06.939Z,SEI,1.2415,97.89,0.07125,1357.047619
2026-09-27T01:10:06.939Z,HBAR,0.323,126.3,0.09277,1357.047619
2026-09-27T01:10:06.939Z,ARB,-0.1186,306.6,0.2262,1357.047619
2026-09-27T01:10:06.939Z,JTO,0.4323,823.2,0.604,1357.047619
2026-09-27T01:10:06.939Z,ONDO,0.0532,727.9,0.5361,1357.047619
2026-09-27T01:10:06.939Z,QTUM,4.1656,1441,1.0194,1357.047619
2026-09-27T01:10:06.939Z,PYTH,2.7931,114.4,0.08201,1357.047619
2026-09-27T01:10:06.939Z,APT,-1.2132,1134,0.8459,1357.047619
2026-09-27T01:10:06.939Z,UNI,0.2922,13440,9.875,1357.047619
2026-09-27T01:10:06.939Z,TIA,-0.269,663.3,0.4901,1357.047619
2026-09-27T01:10:06.939Z,ALGO,0.036,157.8,0.11624,1357.047619
2026-09-27T01:10:06.939Z,NEAR,0.0612,6860,5.052,1357.047619
2026-09-27T01:10:06.939Z,ZIL,-3.2741,4.9,0.003733,1357.047619
2026-09-27T01:10:06.939Z,SUSHI,9.6154,399.7,0.2687,1357.047619
2026-09-27T01:10:06.939Z,PENDLE,-0.9817,3448,2.566,1357.047619
2026-09-27T01:10:06.939Z,XTZ,0.9876,444.3,0.3242,1357.047619
2026-09-27T01:10:06.939Z,W,-4.4208,17.4,0.013415,1357.047619
2026-09-27T01:10:06.939Z,AR,-3.3861,6250,4.767,1357.047619
2026-09-27T01:10:06.939Z,SHIB,0.1725,0.008,5.885e-06,1357.047619
2026-09-27T01:10:06.939Z,CELO,2.6895,133,0.09544,1357.047619
2026-09-27T01:10:06.939Z,STX,-0.0144,467.3,0.3444,1357.047619
2026-09-27T01:10:06.939Z,JUP,0.9874,462.8,0.3377,1357.047619
2026-09-27T01:10:06.939Z,PEPE,0.0846,0.0059,4.344e-06,1357.047619
2026-09-27T01:10:06.939Z,DYDX,1.9922,200,0.1445,1357.047619
2026-09-27T01:10:06.939Z,KITE,-14.3045,176.3,0.1516,1357.047619
2026-09-27T01:10:06.939Z,CRV,1.7181,479.4,0.3473,1357.047619
2026-09-27T01:10:06.939Z,ENJ,4.9701,42.92,0.03013,1357.047619
2026-09-27T01:10:06.939Z,ATOM,0.3583,2510,1.843,1357.047619
2026-09-27T01:10:06.939Z,ICP,2.4016,4426,3.185,1357.047619
2026-09-27T01:10:06.939Z,SPACE,0.4948,6.917,0.005072,1357.047619
2026-09-27T01:10:06.939Z,DOT,-0.5357,1669,1.2365,1357.047619
2026-09-27T01:10:06.939Z,ETHFI,-0.8126,972.5,0.7225,1357.047619
2026-09-27T01:10:06.939Z,CC,0.0113,185,0.13631,1357.047619
2026-09-27T01:10:06.939Z,SYRUP,0.1411,298.7,0.2198,1357.047619
2026-09-27T01:10:06.939Z,TAO,0.5486,435000,318.8,1357.047619
2026-09-27T01:10:06.939Z,GRAM,-4.7175,2096,1.621,1357.047619
2026-09-27T01:10:06.939Z,RAY,2.5106,2860,2.0559,1357.047619
2026-09-27T01:10:06.939Z,RENDER,-3.7669,2621,2.007,1357.047619
2026-09-27T01:10:06.939Z,GRASS,-4.5145,750,0.5788,1357.047619
2026-09-27T01:10:06.939Z,MINA,-0.6544,194.5,0.14427,1357.047619
2026-09-27T01:10:06.939Z,POL,0.1131,162.5,0.11961,1357.047619
2026-09-27T01:10:06.939Z,ENA,7.4146,392.2,0.26906,1357.047619
2026-09-27T01:10:06.939Z,SAND,0.2683,60.85,0.04472,1357.047619
2026-09-27T01:10:06.939Z,AERO,-0.7494,1180,0.8761,1357.047619
2026-09-27T01:10:06.939Z,KGEN,0.5754,223.7,0.1639,1357.047619
2026-09-27T01:10:06.939Z,LIT,-0.5593,6450,4.7797,1357.047619
2026-09-27T01:10:06.939Z,MANA,-1.7038,120,0.08996,1357.047619
2026-09-27T01:10:06.939Z,BAND,-6.9823,284.9,0.2257,1357.047619
2026-09-27T01:10:06.939Z,APE,0.117,208.7,0.15361,1357.047619
2026-09-27T01:10:06.939Z,GMT,-0.3021,11.91,0.008803,1357.047619
2026-09-27T01:10:06.939Z,VIRTUAL,-0.9415,1057,0.7863,1357.047619
2026-09-27T01:10:06.939Z,LPT,-4.136,2261,1.738,1357.047619
2026-09-27T01:10:06.939Z,DATA,0.1112,308.8,0.2273,1357.047619
2026-09-27T01:10:06.939Z,THETA,-3.1163,302,0.2297,1357.047619
2026-09-27T01:10:06.939Z,GRT,0.9224,37.17,0.02714,1357.047619
2026-09-27T01:10:06.939Z,LAYER,-3.6286,106.9,0.08174,1357.047619
2026-09-27T01:10:06.939Z,NMR,1.1438,13130,9.566,1357.047619
2026-09-27T01:10:06.939Z,EIGEN,-11.688,321.9,0.2686,1357.047619
2026-09-27T01:10:06.939Z,BAT,-1.9617,125.1,0.09403,1357.047619
2026-09-27T01:10:06.939Z,SPK,-2.3062,32.64,0.02462,1357.047619
2026-09-27T01:10:06.939Z,PUMP,-11.5392,5.276,0.004395,1357.047619
2026-09-27T01:10:06.939Z,KMNO,5.1601,68,0.04765,1357.047619
2026-09-27T01:10:06.939Z,CHZ,0.3923,22.52,0.01653,1357.047619
2026-09-27T01:10:06.939Z,PENGU,0.0506,13.28,0.009781,1357.047619
2026-09-27T01:10:06.939Z,OP,-0.1611,195.1,0.144,1357.047619
2026-09-27T01:10:06.939Z,UMA,-0.6236,571.8,0.424,1357.047619
2026-09-27T01:10:06.939Z,ZRO,4.5338,2250,1.5861,1357.047619
2026-09-27T01:10:06.939Z,S,-0.0183,53.58,0.03949,1357.047619
2026-09-27T01:10:06.939Z,IMX,2.7036,229.2,0.16445,1357.047619
2026-09-27T01:10:06.939Z,A,1.515,139.4,0.10119,1357.047619
2026-09-27T01:10:06.939Z,ATH,1.0878,8.652,0.006307,1357.047619
2026-09-27T01:10:06.939Z,COMP,8.0757,34950,23.83,1357.047619
2026-09-27T01:10:06.939Z,CVX,-4.366,2654,2.045,1357.047619
2026-09-27T01:10:06.939Z,AXS,2.911,1620,1.16,1357.047619
2026-09-27T01:10:06.939Z,WCT,-0.1418,58.46,0.04314,1357.047619
2026-09-27T01:10:06.939Z,ME,1.3746,107.8,0.07836,1357.047619
2026-09-27T01:10:06.939Z,ASTER,1.1265,1004,0.7316,1357.047619
2026-09-27T01:10:06.939Z,GMX,1.6311,11210,8.128,1357.047619
2026-09-27T01:10:06.939Z,MORPHO,2.3352,3810,2.7435,1357.047619
2026-09-27T01:10:06.939Z,MON,-2.6922,35.02,0.02652,1357.047619
2026-09-27T01:10:06.939Z,1INCH,-1.1978,136.6,0.10188,1357.047619
2026-09-27T01:10:06.939Z,SKY,0.7251,107,0.07828,1357.047619
2026-09-27T01:10:06.939Z,YGG,-2.433,36.53,0.02759,1357.047619
2026-09-27T01:10:06.939Z,BIO,1.3835,43.93,0.03193,1357.047619
2026-09-27T01:10:06.939Z,MOVE,-3.3203,12.54,0.009558,1357.047619
2026-09-27T01:10:06.939Z,GALA,-14.2684,2.627,0.002258,1357.047619
2026-09-27T01:10:06.939Z,ZK,2.9113,17.76,0.012717,1357.047619
2026-09-27T01:10:06.939Z,ENS,0.4519,9515,6.98,1357.047619
2026-09-27T01:10:06.939Z,INJ,5.3933,11040,7.719,1357.047619
2026-09-27T01:10:06.939Z,KAITO,-0.2231,480,0.3545,1357.047619
2026-09-27T01:10:06.939Z,LDO,-0.1082,650,0.4795,1357.047619
2026-09-27T01:10:06.939Z,BLUR,-0.6795,28.21,0.02093,1357.047619
2026-09-27T01:10:06.939Z,AUCTION,-2.0128,5170,3.888,1357.047619
2026-09-27T01:10:06.939Z,ZETA,0.5559,75.38,0.05524,1357.047619
2026-09-27T01:10:06.939Z,WIF,-1.3029,325.6,0.2431,1357.047619
2026-09-27T01:10:06.939Z,KSM,-0.8265,6425,4.774,1357.047619
2026-09-27T01:15:06.989Z,BTC,0.2465,114749000,84349.9,1357.047619
2026-09-27T01:15:06.989Z,XRP,0.2319,2066,1.5189,1357.047619
2026-09-27T01:15:06.989Z,SOL,0.0953,164400,121.03,1357.047619
2026-09-27T01:15:06.989Z,ETH,0.1587,3662000,2694.23,1357.047619
2026-09-27T01:15:06.989Z,FIL,0.251,1535,1.1283,1357.047619
2026-09-27T01:15:06.989Z,TRX,0.3957,452.2,0.33191,1357.047619
2026-09-27T01:15:06.989Z,BNB,0.1474,1050000,772.6,1357.047619
2026-09-27T01:15:06.989Z,WLD,-0.066,713.2,0.5259,1357.047619
2026-09-27T01:15:06.989Z,FLOW,-0.5047,44.3,0.03281,1357.047619
2026-09-27T01:15:06.989Z,LINK,0.0055,19130,14.096,1357.047619
2026-09-27T01:15:06.989Z,DOGE,0.19,131,0.09635,1357.047619
2026-09-27T01:15:06.989Z,SUI,0.2155,1586,1.1662,1357.047619
2026-09-27T01:15:06.989Z,XLM,0.2458,292.7,0.21516,1357.047619
2026-09-27T01:15:06.989Z,BCH,0.9809,457700,334,1357.047619
2026-09-27T01:15:06.989Z,AVAX,-0.4363,14630,10.828,1357.047619
2026-09-27T01:15:06.989Z,ETC,-0.183,12760,9.42,1357.047619
2026-09-27T01:15:06.989Z,AAVE,-0.7519,210000,155.92,1357.047619
2026-09-27T01:15:06.989Z,ADA,0.4058,343.5,0.2521,1357.047619
2026-09-27T01:15:06.989Z,HYPE,-0.2891,125800,92.97,1357.047619
2026-09-27T01:15:06.989Z,SEI,0.9439,97.89,0.07146,1357.047619
2026-09-27T01:15:06.989Z,HBAR,0.1719,126.3,0.09291,1357.047619
2026-09-27T01:15:06.989Z,ARB,-0.1218,308,0.22724,1357.047619
2026-09-27T01:15:06.989Z,JTO,0.316,823.2,0.6047,1357.047619
2026-09-27T01:15:06.989Z,ONDO,0.3143,729.8,0.5361,1357.047619
2026-09-27T01:15:06.989Z,QTUM,3.5864,1441,1.0251,1357.047619
2026-09-27T01:15:06.989Z,PYTH,1.9725,114.4,0.08267,1357.047619
2026-09-27T01:15:06.989Z,APT,-1.3182,1134,0.8468,1357.047619
2026-09-27T01:15:06.989Z,UNI,0.2516,13440,9.879,1357.047619
2026-09-27T01:15:06.989Z,TIA,-0.4721,663.3,0.4911,1357.047619
2026-09-27T01:15:06.989Z,ALGO,-0.1187,157.8,0.11642,1357.047619
2026-09-27T01:15:06.989Z,NEAR,0.1364,6910,5.085,1357.047619
2026-09-27T01:15:06.989Z,ZIL,-3.6097,4.9,0.003746,1357.047619
2026-09-27T01:15:06.989Z,SUSHI,0.1413,367.6,0.2705,1357.047619
2026-09-27T01:15:06.989Z,PENDLE,-1.5572,3448,2.581,1357.047619
2026-09-27T01:15:06.989Z,XTZ,0.6152,444.3,0.3254,1357.047619
2026-09-27T01:15:06.989Z,W,-6.1076,17.4,0.013656,1357.047619
2026-09-27T01:15:06.989Z,AR,-3.2643,6250,4.761,1357.047619
2026-09-27T01:15:06.989Z,SHIB,0.1044,0.008,5.889e-06,1357.047619
2026-09-27T01:15:06.989Z,CELO,2.4641,133,0.09565,1357.047619
2026-09-27T01:15:06.989Z,STX,0.1893,467.3,0.3437,1357.047619
2026-09-27T01:15:06.989Z,JUP,0.5705,462.8,0.3391,1357.047619
2026-09-27T01:15:06.989Z,PEPE,0.1076,0.0059,4.343e-06,1357.047619
2026-09-27T01:15:06.989Z,DYDX,1.3888,200,0.14536,1357.047619
2026-09-27T01:15:06.989Z,KITE,-14.2196,176.3,0.15145,1357.047619
2026-09-27T01:15:06.989Z,CRV,1.3678,479.4,0.3485,1357.047619
2026-09-27T01:15:06.989Z,ENJ,4.5882,42.92,0.03024,1357.047619
2026-09-27T01:15:06.989Z,ATOM,-0.0214,2510,1.85,1357.047619
2026-09-27T01:15:06.989Z,ICP,2.1131,4426,3.194,1357.047619
2026-09-27T01:15:06.989Z,SPACE,0.3365,6.917,0.00508,1357.047619
2026-09-27T01:15:06.989Z,DOT,-1.0399,1669,1.2428,1357.047619
2026-09-27T01:15:06.989Z,ETHFI,-0.9086,972.5,0.7232,1357.047619
2026-09-27T01:15:06.989Z,CC,-0.0474,185,0.13639,1357.047619
2026-09-27T01:15:06.989Z,SYRUP,0.0501,298.7,0.22,1357.047619
2026-09-27T01:15:06.989Z,TAO,0.5486,435000,318.8,1357.047619
2026-09-27T01:15:06.989Z,GRAM,-5.3597,2096,1.632,1357.047619
2026-09-27T01:15:06.989Z,RAY,2.0293,2860,2.0656,1357.047619
2026-09-27T01:15:06.989Z,RENDER,-3.8148,2621,2.008,1357.047619
2026-09-27T01:15:06.989Z,GRASS,-5.6071,750,0.5855,1357.047619
2026-09-27T01:15:06.989Z,MINA,-0.6889,194.5,0.14432,1357.047619
2026-09-27T01:15:06.989Z,POL,-0.4446,162.5,0.12028,1357.047619
2026-09-27T01:15:06.989Z,ENA,1.9018,372.5,0.26937,1357.047619
2026-09-27T01:15:06.989Z,SAND,-0.2447,60.85,0.04495,1357.047619
2026-09-27T01:15:06.989Z,AERO,-0.8738,1180,0.8772,1357.047619
2026-09-27T01:15:06.989Z,KGEN,0.3306,223.7,0.1643,1357.047619
2026-09-27T01:15:06.989Z,LIT,-0.6653,6450,4.7848,1357.047619
2026-09-27T01:15:06.989Z,MANA,-2.1606,120,0.09038,1357.047619
2026-09-27T01:15:06.989Z,BAND,-7.1468,284.9,0.2261,1357.047619
2026-09-27T01:15:06.989Z,APE,-0.1754,208.7,0.15406,1357.047619
2026-09-27T01:15:06.989Z,GMT,-0.6745,11.91,0.008836,1357.047619
2026-09-27T01:15:06.989Z,VIRTUAL,-1.2805,1057,0.789,1357.047619
2026-09-27T01:15:06.989Z,LPT,-4.7933,2261,1.75,1357.047619
2026-09-27T01:15:06.989Z,DATA,-0.632,308.8,0.229,1357.047619
2026-09-27T01:15:06.989Z,THETA,-3.578,302,0.2308,1357.047619
2026-09-27T01:15:06.989Z,GRT,0.4413,37.17,0.02727,1357.047619
2026-09-27T01:15:06.989Z,LAYER,-3.7229,106.9,0.08182,1357.047619
2026-09-27T01:15:06.989Z,NMR,0.8381,13130,9.595,1357.047619
2026-09-27T01:15:06.989Z,EIGEN,-12.1784,321.9,0.2701,1357.047619
2026-09-27T01:15:06.989Z,BAT,-2.5421,125.1,0.09459,1357.047619
2026-09-27T01:15:06.989Z,SPK,-2.662,32.64,0.02471,1357.047619
2026-09-27T01:15:06.989Z,PUMP,-11.92,5.276,0.004414,1357.047619
2026-09-27T01:15:06.989Z,KMNO,4.8959,68,0.04777,1357.047619
2026-09-27T01:15:06.989Z,CHZ,0.2104,22.52,0.01656,1357.047619
2026-09-27T01:15:06.989Z,PENGU,-0.0107,13.28,0.009787,1357.047619
2026-09-27T01:15:06.989Z,OP,-0.6716,195.1,0.14474,1357.047619
2026-09-27T01:15:06.989Z,UMA,-0.8808,571.8,0.4251,1357.047619
2026-09-27T01:15:06.989Z,ZRO,4.5536,2250,1.5858,1357.047619
2026-09-27T01:15:06.989Z,S,-0.2204,53.58,0.03957,1357.047619
2026-09-27T01:15:06.989Z,IMX,2.4233,229.2,0.1649,1357.047619
2026-09-27T01:15:06.989Z,A,1.2448,139.4,0.10146,1357.047619
2026-09-27T01:15:06.989Z,ATH,0.9437,8.652,0.006316,1357.047619
2026-09-27T01:15:06.989Z,COMP,7.6241,34950,23.93,1357.047619
2026-09-27T01:15:06.989Z,CVX,-5.0162,2654,2.059,1357.047619
2026-09-27T01:15:06.989Z,AXS,2.5662,1620,1.1639,1357.047619
2026-09-27T01:15:06.989Z,WCT,-0.6714,58.46,0.04337,1357.047619
2026-09-27T01:15:06.989Z,ME,1.0008,107.8,0.07865,1357.047619
2026-09-27T01:15:06.989Z,ASTER,1.0298,1004,0.7323,1357.047619
2026-09-27T01:15:06.989Z,GMX,1.3195,11210,8.153,1357.047619
2026-09-27T01:15:06.989Z,MORPHO,2.3688,3810,2.7426,1357.047619
2026-09-27T01:15:06.989Z,MON,-2.9119,35.02,0.02658,1357.047619
2026-09-27T01:15:06.989Z,1INCH,-1.43,136.6,0.10212,1357.047619
2026-09-27T01:15:06.989Z,SKY,0.4813,107,0.07847,1357.047619
2026-09-27T01:15:06.989Z,YGG,-2.539,36.53,0.02762,1357.047619
2026-09-27T01:15:06.989Z,BIO,1.1301,43.93,0.03201,1357.047619
2026-09-27T01:15:06.989Z,MOVE,-3.6027,12.54,0.009586,1357.047619
2026-09-27T01:15:06.989Z,GALA,-14.6087,2.627,0.002267,1357.047619
2026-09-27T01:15:06.989Z,ZK,2.5645,17.76,0.01276,1357.047619
2026-09-27T01:15:06.989Z,ENS,0.1936,9515,6.998,1357.047619
2026-09-27T01:15:06.989Z,INJ,5.1345,11040,7.738,1357.047619
2026-09-27T01:15:06.989Z,KAITO,-0.2231,480,0.3545,1357.047619
2026-09-27T01:15:06.989Z,LDO,-0.2123,650,0.48,1357.047619
2026-09-27T01:15:06.989Z,BLUR,-1.0577,28.21,0.02101,1357.047619
2026-09-27T01:15:06.989Z,AUCTION,-2.214,5170,3.896,1357.047619
2026-09-27T01:15:06.989Z,ZETA,0.3198,75.38,0.05537,1357.047619
2026-09-27T01:15:06.989Z,WIF,-1.4246,325.6,0.2434,1357.047619
2026-09-27T01:15:06.989Z,KSM,-1.1371,6425,4.789,1357.047619
2026-09-27T01:20:07.137Z,BTC,0.245,114713000,84324.7,1357.047619
2026-09-27T01:20:07.137Z,XRP,0.2957,2065,1.5172,1357.047619
2026-09-27T01:20:07.137Z,SOL,0.2527,164400,120.84,1357.047619
2026-09-27T01:20:07.137Z,ETH,0.2297,3662000,2692.32,1357.047619
2026-09-27T01:20:07.137Z,FIL,1.381,1549,1.1259,1357.047619
2026-09-27T01:20:07.137Z,TRX,0.3634,452,0.33187,1357.047619
2026-09-27T01:20:07.137Z,BNB,0.1344,1050000,772.7,1357.047619
2026-09-27T01:20:07.137Z,WLD,0.3364,709.4,0.521,1357.047619
2026-09-27T01:20:07.137Z,FLOW,-0.0784,44.3,0.03267,1357.047619
2026-09-27T01:20:07.137Z,LINK,0.2402,19130,14.063,1357.047619
2026-09-27T01:20:07.137Z,DOGE,0.4089,131,0.09614,1357.047619
2026-09-27T01:20:07.137Z,SUI,0.2525,1584,1.1643,1357.047619
2026-09-27T01:20:07.137Z,XLM,0.4886,292.7,0.21464,1357.047619
2026-09-27T01:20:07.137Z,BCH,1.102,457700,333.6,1357.047619
2026-09-27T01:20:07.137Z,AVAX,-0.0949,14630,10.791,1357.047619
2026-09-27T01:20:07.137Z,ETC,0.0507,12760,9.398,1357.047619
2026-09-27T01:20:07.137Z,AAVE,-0.2271,210000,155.1,1357.047619
2026-09-27T01:20:07.137Z,ADA,0.7655,343.5,0.2512,1357.047619
2026-09-27T01:20:07.137Z,HYPE,-0.5298,125800,93.195,1357.047619
2026-09-27T01:20:07.137Z,SEI,1.0996,97.89,0.07135,1357.047619
2026-09-27T01:20:07.137Z,HBAR,0.5289,126.3,0.09258,1357.047619
2026-09-27T01:20:07.137Z,ARB,0.2798,308,0.22633,1357.047619
2026-09-27T01:20:07.137Z,JTO,0.316,823.2,0.6047,1357.047619
2026-09-27T01:20:07.137Z,ONDO,0.4566,726.2,0.5327,1357.047619
2026-09-27T01:20:07.137Z,QTUM,4.0125,1441,1.0209,1357.047619
2026-09-27T01:20:07.137Z,PYTH,2.5306,114.4,0.08222,1357.047619
2026-09-27T01:20:07.137Z,APT,-1.0025,1134,0.8441,1357.047619
2026-09-27T01:20:07.137Z,UNI,0.7308,13440,9.832,1357.047619
2026-09-27T01:20:07.137Z,TIA,-0.1671,663.3,0.4896,1357.047619
2026-09-27T01:20:07.137Z,ALGO,0.0963,157.8,0.11617,1357.047619
2026-09-27T01:20:07.137Z,NEAR,0.6908,6910,5.057,1357.047619
2026-09-27T01:20:07.137Z,ZIL,-3.4551,4.9,0.00374,1357.047619
2026-09-27T01:20:07.137Z,SUSHI,0.6623,367.6,0.2691,1357.047619
2026-09-27T01:20:07.137Z,PENDLE,-1.5572,3448,2.581,1357.047619
2026-09-27T01:20:07.137Z,XTZ,0.8943,444.3,0.3245,1357.047619
2026-09-27T01:20:07.137Z,W,-5.9423,17.4,0.013632,1357.047619
2026-09-27T01:20:07.137Z,AR,-1.9671,6250,4.698,1357.047619
2026-09-27T01:20:07.137Z,SHIB,0.3088,0.008,5.877e-06,1357.047619
2026-09-27T01:20:07.137Z,CELO,2.8188,133,0.09532,1357.047619
2026-09-27T01:20:07.137Z,STX,0.7757,467.3,0.3417,1357.047619
2026-09-27T01:20:07.137Z,JUP,0.9276,462.8,0.3379,1357.047619
2026-09-27T01:20:07.137Z,PEPE,0.385,0.0059,4.331e-06,1357.047619
2026-09-27T01:20:07.137Z,DYDX,1.4446,200,0.14528,1357.047619
2026-09-27T01:20:07.137Z,KITE,-14.0721,176.3,0.15119,1357.047619
2026-09-27T01:20:07.137Z,CRV,1.8941,479.4,0.3467,1357.047619
2026-09-27T01:20:07.137Z,ENJ,4.8657,42.92,0.03016,1357.047619
2026-09-27T01:20:07.137Z,ATOM,0.0868,2510,1.848,1357.047619
2026-09-27T01:20:07.137Z,ICP,2.3374,4426,3.187,1357.047619
2026-09-27T01:20:07.137Z,SPACE,0.5741,6.917,0.005068,1357.047619
2026-09-27T01:20:07.137Z,DOT,-0.5116,1669,1.2362,1357.047619
2026-09-27T01:20:07.137Z,ETHFI,-0.5786,972.5,0.7208,1357.047619
2026-09-27T01:20:07.137Z,CC,0.0994,185,0.13619,1357.047619
2026-09-27T01:20:07.137Z,SYRUP,0.1867,298.7,0.2197,1357.047619
2026-09-27T01:20:07.137Z,TAO,0.8649,435000,317.8,1357.047619
2026-09-27T01:20:07.137Z,GRAM,-4.8349,2096,1.623,1357.047619
2026-09-27T01:20:07.137Z,RAY,2.049,2860,2.0652,1357.047619
2026-09-27T01:20:07.137Z,RENDER,-3.4301,2621,2,1357.047619
2026-09-27T01:20:07.137Z,GRASS,-5.6071,750,0.5855,1357.047619
2026-09-27T01:20:07.137Z,MINA,-0.6269,194.5,0.14423,1357.047619
2026-09-27T01:20:07.137Z,POL,-0.3618,162.5,0.12018,1357.047619
2026-09-27T01:20:07.137Z,ENA,2.3235,372.5,0.26826,1357.047619
2026-09-27T01:20:07.137Z,SAND,0.2683,60.85,0.04472,1357.047619
2026-09-27T01:20:07.137Z,AERO,-0.6587,1180,0.8753,1357.047619
2026-09-27T01:20:07.137Z,KGEN,0.3306,223.7,0.1643,1357.047619
2026-09-27T01:20:07.137Z,LIT,-0.3341,6450,4.7689,1357.047619
2026-09-27T01:20:07.137Z,MANA,-1.9762,120,0.09021,1357.047619
2026-09-27T01:20:07.137Z,BAND,-6.9823,284.9,0.2257,1357.047619
2026-09-27T01:20:07.137Z,APE,0.1235,208.7,0.1536,1357.047619
2026-09-27T01:20:07.137Z,GMT,-0.3926,11.91,0.008811,1357.047619
2026-09-27T01:20:07.137Z,VIRTUAL,-0.7901,1057,0.7851,1357.047619
2026-09-27T01:20:07.137Z,LPT,-4.6298,2261,1.747,1357.047619
2026-09-27T01:20:07.137Z,DATA,-1.6626,308.8,0.2314,1357.047619
2026-09-27T01:20:07.137Z,THETA,-3.2426,302,0.23,1357.047619
2026-09-27T01:20:07.137Z,GRT,0.7739,37.17,0.02718,1357.047619
2026-09-27T01:20:07.137Z,LAYER,-3.0952,106.9,0.08129,1357.047619
2026-09-27T01:20:07.137Z,NMR,0.9538,13130,9.584,1357.047619
2026-09-27T01:20:07.137Z,EIGEN,-11.9502,321.9,0.2694,1357.047619
2026-09-27T01:20:07.137Z,BAT,-2.2735,125.1,0.09433,1357.047619
2026-09-27T01:20:07.137Z,SPK,-2.4251,32.64,0.02465,1357.047619
2026-09-27T01:20:07.137Z,PUMP,-11.4989,5.276,0.004393,1357.047619
2026-09-27T01:20:07.137Z,KMNO,4.0681,68,0.04815,1357.047619
2026-09-27T01:20:07.137Z,CHZ,0.3923,22.52,0.01653,1357.047619
2026-09-27T01:20:07.137Z,PENGU,0.3481,13.28,0.009752,1357.047619
2026-09-27T01:20:07.137Z,OP,-0.0987,195.1,0.14391,1357.047619
2026-09-27T01:20:07.137Z,UMA,-0.7407,571.8,0.4245,1357.047619
2026-09-27T01:20:07.137Z,ZRO,5.0571,2250,1.5782,1357.047619
2026-09-27T01:20:07.137Z,S,0.0577,53.58,0.03946,1357.047619
2026-09-27T01:20:07.137Z,IMX,2.8788,229.2,0.16417,1357.047619
2026-09-27T01:20:07.137Z,A,0.4626,139.4,0.10225,1357.047619
2026-09-27T01:20:07.137Z,ATH,0.9917,8.652,0.006313,1357.047619
2026-09-27T01:20:07.137Z,COMP,8.0757,34950,23.83,1357.047619
2026-09-27T01:20:07.137Z,CVX,-4.785,2654,2.054,1357.047619
2026-09-27T01:20:07.137Z,AXS,2.8047,1620,1.1612,1357.047619
2026-09-27T01:20:07.137Z,WCT,-0.026,58.46,0.04309,1357.047619
2026-09-27T01:20:07.137Z,ME,1.1938,107.8,0.0785,1357.047619
2026-09-27T01:20:07.137Z,ASTER,1.2233,1004,0.7309,1357.047619
2026-09-27T01:20:07.137Z,GMX,1.6437,11210,8.127,1357.047619
2026-09-27T01:20:07.137Z,MORPHO,2.4509,3810,2.7404,1357.047619
2026-09-27T01:20:07.137Z,MON,-2.582,35.02,0.02649,1357.047619
2026-09-27T01:20:07.137Z,1INCH,-1.1978,136.6,0.10188,1357.047619
2026-09-27T01:20:07.137Z,SKY,0.9961,107,0.07807,1357.047619
2026-09-27T01:20:07.137Z,YGG,-2.433,36.53,0.02759,1357.047619
2026-09-27T01:20:07.137Z,BIO,1.447,43.93,0.03191,1357.047619
2026-09-27T01:20:07.137Z,MOVE,-3.3102,12.54,0.009557,1357.047619
2026-09-27T01:20:07.137Z,GALA,-14.5333,2.627,0.002265,1357.047619
2026-09-27T01:20:07.137Z,ZK,2.8871,17.76,0.01272,1357.047619
2026-09-27T01:20:07.137Z,ENS,0.3082,9515,6.99,1357.047619
2026-09-27T01:20:07.137Z,INJ,5.3523,11040,7.722,1357.047619
2026-09-27T01:20:07.137Z,KAITO,-0.1386,480,0.3542,1357.047619
2026-09-27T01:20:07.137Z,LDO,0.1005,650,0.4785,1357.047619
2026-09-27T01:20:07.137Z,BLUR,-0.9162,28.21,0.02098,1357.047619
2026-09-27T01:20:07.137Z,AUCTION,-1.9876,5170,3.887,1357.047619
2026-09-27T01:20:07.137Z,ZETA,0.6105,75.38,0.05521,1357.047619
2026-09-27T01:20:07.137Z,WIF,-1.0179,325.6,0.2424,1357.047619
2026-09-27T01:20:07.137Z,KSM,-0.7225,6425,4.769,1357.047619
2026-09-27T01:25:07.249Z,BTC,0.2781,114722000,84303.5,1357.047619
2026-09-27T01:25:07.249Z,XRP,0.2755,2062,1.5153,1357.047619
2026-09-27T01:25:07.249Z,SOL,0.344,164400,120.73,1357.047619
2026-09-27T01:25:07.249Z,ETH,0.2476,3662000,2691.84,1357.047619
2026-09-27T01:25:07.249Z,FIL,1.4711,1549,1.1249,1357.047619
2026-09-27T01:25:07.249Z,TRX,0.3362,452,0.33196,1357.047619
2026-09-27T01:25:07.249Z,BNB,0.2122,1050000,772.1,1357.047619
2026-09-27T01:25:07.249Z,WLD,0.162,706.4,0.5197,1357.047619
2026-09-27T01:25:07.249Z,FLOW,-0.0172,44.3,0.03265,1357.047619
2026-09-27T01:25:07.249Z,LINK,0.2687,19130,14.059,1357.047619
2026-09-27T01:25:07.249Z,DOGE,0.5867,131,0.09597,1357.047619
2026-09-27T01:25:07.249Z,SUI,0.3816,1581,1.1606,1357.047619
2026-09-27T01:25:07.249Z,XLM,0.2544,291.8,0.21448,1357.047619
2026-09-27T01:25:07.249Z,BCH,1.2538,457700,333.1,1357.047619
2026-09-27T01:25:07.249Z,AVAX,0.1464,14630,10.765,1357.047619
2026-09-27T01:25:07.249Z,ETC,0.1466,12760,9.389,1357.047619
2026-09-27T01:25:07.249Z,AAVE,-0.0661,210000,154.85,1357.047619
2026-09-27T01:25:07.249Z,ADA,0.3786,341.5,0.2507,1357.047619
2026-09-27T01:25:07.249Z,HYPE,-0.2891,125800,92.97,1357.047619
2026-09-27T01:25:07.249Z,SEI,1.2699,97.89,0.07123,1357.047619
2026-09-27T01:25:07.249Z,HBAR,0.7357,126.3,0.09239,1357.047619
2026-09-27T01:25:07.249Z,ARB,0.4085,308,0.22604,1357.047619
2026-09-27T01:25:07.249Z,JTO,0.4157,823.2,0.6041,1357.047619
2026-09-27T01:25:07.249Z,ONDO,0.306,726.2,0.5335,1357.047619
2026-09-27T01:25:07.249Z,QTUM,4.4422,1441,1.0167,1357.047619
2026-09-27T01:25:07.249Z,PYTH,2.4807,114.4,0.08226,1357.047619
2026-09-27T01:25:07.249Z,APT,-0.8969,1134,0.8432,1357.047619
2026-09-27T01:25:07.249Z,UNI,1.0185,13440,9.804,1357.047619
2026-09-27T01:25:07.249Z,TIA,-0.1059,663.3,0.4893,1357.047619
2026-09-27T01:25:07.249Z,ALGO,0.1566,157.8,0.1161,1357.047619
2026-09-27T01:25:07.249Z,NEAR,0.6453,6870,5.03,1357.047619
2026-09-27T01:25:07.249Z,ZIL,-3.3517,4.9,0.003736,1357.047619
2026-09-27T01:25:07.249Z,SUSHI,0.6249,367.6,0.2692,1357.047619
2026-09-27T01:25:07.249Z,PENDLE,-0.9431,3448,2.565,1357.047619
2026-09-27T01:25:07.249Z,XTZ,1.7724,444.3,0.3217,1357.047619
2026-09-27T01:25:07.249Z,W,-4.804,17.4,0.013469,1357.047619
2026-09-27T01:25:07.249Z,AR,-1.9044,6250,4.695,1357.047619
2026-09-27T01:25:07.249Z,SHIB,0.5827,0.008,5.861e-06,1357.047619
2026-09-27T01:25:07.249Z,CELO,2.8836,133,0.09526,1357.047619
2026-09-27T01:25:07.249Z,STX,0.599,467.3,0.3423,1357.047619
2026-09-27T01:25:07.249Z,JUP,1.1072,462.8,0.3373,1357.047619
2026-09-27T01:25:07.249Z,PEPE,0.594,0.0059,4.322e-06,1357.047619
2026-09-27T01:25:07.249Z,DYDX,1.795,200,0.14478,1357.047619
2026-09-27T01:25:07.249Z,KITE,-14.3948,176.3,0.15176,1357.047619
2026-09-27T01:25:07.249Z,CRV,2.1593,479.4,0.3458,1357.047619
2026-09-27T01:25:07.249Z,ENJ,4.9352,42.92,0.03014,1357.047619
2026-09-27T01:25:07.249Z,ATOM,0.4673,2510,1.841,1357.047619
2026-09-27T01:25:07.249Z,ICP,2.4338,4426,3.184,1357.047619
2026-09-27T01:25:07.249Z,SPACE,0.6734,6.917,0.005063,1357.047619
2026-09-27T01:25:07.249Z,DOT,-0.2129,1669,1.2325,1357.047619
2026-09-27T01:25:07.249Z,ETHFI,-0.4543,972.5,0.7199,1357.047619
2026-09-27T01:25:07.249Z,CC,0.3795,185,0.13581,1357.047619
2026-09-27T01:25:07.249Z,SYRUP,0.2323,298.7,0.2196,1357.047619
2026-09-27T01:25:07.249Z,TAO,1.0557,435000,317.2,1357.047619
2026-09-27T01:25:07.249Z,GRAM,-4.5408,2096,1.618,1357.047619
2026-09-27T01:25:07.249Z,RAY,2.2173,2860,2.0618,1357.047619
2026-09-27T01:25:07.249Z,RENDER,-3.0422,2621,1.992,1357.047619
2026-09-27T01:25:07.249Z,GRASS,-5.1698,750,0.5828,1357.047619
2026-09-27T01:25:07.249Z,MINA,-0.4889,194.5,0.14403,1357.047619
2026-09-27T01:25:07.249Z,POL,-0.2539,162.5,0.12005,1357.047619
2026-09-27T01:25:07.249Z,ENA,2.5873,372.5,0.26757,1357.047619
2026-09-27T01:25:07.249Z,SAND,0.4705,60.85,0.04463,1357.047619
2026-09-27T01:25:07.249Z,AERO,0.0155,1180,0.8694,1357.047619
2026-09-27T01:25:07.249Z,KGEN,0.5141,223.7,0.164,1357.047619
2026-09-27T01:25:07.249Z,LIT,-0.089,6450,4.7572,1357.047619
2026-09-27T01:25:07.249Z,MANA,-1.8783,120,0.09012,1357.047619
2026-09-27T01:25:07.249Z,BAND,-6.6929,284.9,0.225,1357.047619
2026-09-27T01:25:07.249Z,APE,0.2802,208.7,0.15336,1357.047619
2026-09-27T01:25:07.249Z,GMT,-0.2795,11.91,0.008801,1357.047619
2026-09-27T01:25:07.249Z,VIRTUAL,-0.4986,1057,0.7828,1357.047619
2026-09-27T01:25:07.249Z,LPT,-4.1911,2261,1.739,1357.047619
2026-09-27T01:25:07.249Z,DATA,-1.705,308.8,0.2315,1357.047619
2026-09-27T01:25:07.249Z,THETA,-3.0318,302,0.2295,1357.047619
2026-09-27T01:25:07.249Z,GRT,0.9596,37.17,0.02713,1357.047619
2026-09-27T01:25:07.249Z,LAYER,-3.2023,106.9,0.08138,1357.047619
2026-09-27T01:25:07.249Z,NMR,1.2496,13130,9.556,1357.047619
2026-09-27T01:25:07.249Z,EIGEN,-11.688,321.9,0.2686,1357.047619
2026-09-27T01:25:07.249Z,BAT,-2.1386,125.1,0.0942,1357.047619
2026-09-27T01:25:07.249Z,SPK,-2.2665,32.64,0.02461,1357.047619
2026-09-27T01:25:07.249Z,PUMP,-11.2565,5.276,0.004381,1357.047619
2026-09-27T01:25:07.249Z,KMNO,4.874,68,0.04778,1357.047619
2026-09-27T01:25:07.249Z,CHZ,0.6358,22.52,0.01649,1357.047619
2026-09-27T01:25:07.249Z,PENGU,0.4511,13.28,0.009742,1357.047619
2026-09-27T01:25:07.249Z,OP,0.1658,195.1,0.14353,1357.047619
2026-09-27T01:25:07.249Z,UMA,-0.5767,571.8,0.4238,1357.047619
2026-09-27T01:25:07.249Z,ZRO,5.0371,2250,1.5785,1357.047619
2026-09-27T01:25:07.249Z,S,0.67,53.58,0.03922,1357.047619
2026-09-27T01:25:07.249Z,IMX,3.1489,229.2,0.16374,1357.047619
2026-09-27T01:25:07.249Z,A,0.4037,139.4,0.10231,1357.047619
2026-09-27T01:25:07.249Z,ATH,1.4255,8.652,0.006286,1357.047619
2026-09-27T01:25:07.249Z,COMP,8.3029,34950,23.78,1357.047619
2026-09-27T01:25:07.249Z,CVX,-4.5527,2654,2.049,1357.047619
2026-09-27T01:25:07.249Z,AXS,3.1422,1620,1.1574,1357.047619
2026-09-27T01:25:07.249Z,WCT,0.1367,58.46,0.04302,1357.047619
2026-09-27T01:25:07.249Z,ME,1.3488,107.8,0.07838,1357.047619
2026-09-27T01:25:07.249Z,ASTER,1.3065,1004,0.7303,1357.047619
2026-09-27T01:25:07.249Z,GMX,1.7313,11210,8.12,1357.047619
2026-09-27T01:25:07.249Z,MORPHO,2.6007,3810,2.7364,1357.047619
2026-09-27T01:25:07.249Z,MON,-2.5084,35.02,0.02647,1357.047619
2026-09-27T01:25:07.249Z,1INCH,-1.0521,136.6,0.10173,1357.047619
2026-09-27T01:25:07.249Z,SKY,1.3075,107,0.07783,1357.047619
2026-09-27T01:25:07.249Z,YGG,-2.2204,36.53,0.02753,1357.047619
2026-09-27T01:25:07.249Z,BIO,1.734,43.93,0.03182,1357.047619
2026-09-27T01:25:07.249Z,MOVE,-2.8629,12.54,0.009513,1357.047619
2026-09-27T01:25:07.249Z,GALA,-14.0781,2.627,0.002253,1357.047619
2026-09-27T01:25:07.249Z,ZK,3.2523,17.76,0.012675,1357.047619
2026-09-27T01:25:07.249Z,ENS,0.4519,9515,6.98,1357.047619
2026-09-27T01:25:07.249Z,INJ,5.3387,11040,7.723,1357.047619
2026-09-27T01:25:07.249Z,KAITO,-0.0257,480,0.3538,1357.047619
2026-09-27T01:25:07.249Z,LDO,0.2262,650,0.4779,1357.047619
2026-09-27T01:25:07.249Z,BLUR,-0.727,28.21,0.02094,1357.047619
2026-09-27T01:25:07.249Z,AUCTION,-2.0128,5170,3.888,1357.047619
2026-09-27T01:25:07.249Z,ZETA,0.8114,75.38,0.0551,1357.047619
2026-09-27T01:25:07.249Z,WIF,-0.8133,325.6,0.2419,1357.047619
2026-09-27T01:25:07.249Z,KSM,-0.5139,6425,4.759,1357.047619
