checkedAt,coin,premium,korbitPrice,foreignPrice,usdKrwRate
2026-09-15T00:00:07.108Z,BTC,0.6646,105628000,78152.8,1342.634462
2026-09-15T00:00:07.108Z,ETH,0.7053,3399000,2513.86,1342.634462
2026-09-15T00:00:07.108Z,SOL,0.5766,138400,102.49,1342.634462
2026-09-15T00:00:07.108Z,BNB,0.6898,973500,720.1,1342.634462
2026-09-15T00:00:07.108Z,XRP,0.6507,1923,1.423,1342.634462
2026-09-15T00:00:07.108Z,ADA,0.9044,282.2,0.2083,1342.634462
2026-09-15T00:00:07.108Z,AVAX,0.6998,10220,7.559,1342.634462
2026-09-15T00:00:07.108Z,DOT,0.8179,1357,1.0025,1342.634462
2026-09-15T00:00:07.108Z,LINK,0.8347,15580,11.508,1342.634462
2026-09-15T00:00:07.108Z,POL,0.2235,129.8,0.09646,1342.634462
2026-09-15T00:00:07.108Z,DOGE,0.7745,113.1,0.08359,1342.634462
2026-09-15T00:00:07.108Z,TRX,0.7261,456.7,0.3377,1342.634462
2026-09-15T00:00:07.108Z,XLM,0.4034,258.3,0.19161,1342.634462
2026-09-15T00:00:07.108Z,SHIB,1.0338,0.0071,5.234e-06,1342.634462
2026-09-15T00:00:07.108Z,BCH,1.6219,304400,223.1,1342.634462
2026-09-15T00:00:07.108Z,UNI,1.092,8855,6.524,1342.634462
2026-09-15T00:00:07.108Z,AAVE,-1.1152,170100,128.12,1342.634462
2026-09-15T00:00:07.108Z,SUSHI,1.7564,293.6,0.2149,1342.634462
2026-09-15T00:00:07.108Z,LDO,-19.3465,399.8,0.3692,1342.634462
2026-09-15T00:00:07.108Z,ICP,1.8234,3750,2.743,1342.634462
2026-09-15T00:00:07.108Z,NEAR,0.8067,3339,2.467,1342.634462
2026-09-15T00:00:07.108Z,HBAR,0.6492,105,0.0777,1342.634462
2026-09-15T00:00:07.108Z,XTZ,6.7717,390.5,0.2724,1342.634462
2026-09-15T00:00:07.108Z,DYDX,0.9339,154.3,0.11386,1342.634462
2026-09-15T00:00:07.108Z,ARB,0.5227,180.3,0.13359,1342.634462
2026-09-15T00:00:07.108Z,GMX,1.4508,10160,7.459,1342.634462
2026-09-15T00:00:07.108Z,IMX,-1.5488,163.3,0.12354,1342.634462
2026-09-15T00:00:07.108Z,INJ,-28.5235,6020,6.273,1342.634462
2026-09-15T00:00:07.108Z,GRT,5.2087,25.85,0.0183,1342.634462
2026-09-15T00:00:07.108Z,SUI,0.7616,974.6,0.7204,1342.634462
2026-09-15T00:00:07.108Z,HYPE,0.4349,108300,80.313,1342.634462
2026-09-15T00:05:07.300Z,BTC,0.7211,105672000,78141.5,1342.634462
2026-09-15T00:05:07.300Z,ETH,0.7707,3398000,2511.49,1342.634462
2026-09-15T00:05:07.300Z,SOL,0.5805,138500,102.56,1342.634462
2026-09-15T00:05:07.300Z,BNB,0.8773,974500,719.5,1342.634462
2026-09-15T00:05:07.300Z,XRP,0.6803,1926,1.4248,1342.634462
2026-09-15T00:05:07.300Z,ADA,0.9528,282.2,0.2082,1342.634462
2026-09-15T00:05:07.300Z,AVAX,0.5934,10220,7.567,1342.634462
2026-09-15T00:05:07.300Z,DOT,0.6835,1351,0.9994,1342.634462
2026-09-15T00:05:07.300Z,LINK,0.8697,15580,11.504,1342.634462
2026-09-15T00:05:07.300Z,POL,0.2755,129.8,0.09641,1342.634462
2026-09-15T00:05:07.300Z,DOGE,0.7986,113.1,0.08357,1342.634462
2026-09-15T00:05:07.300Z,TRX,0.8187,456.7,0.33739,1342.634462
2026-09-15T00:05:07.300Z,XLM,0.2995,258.1,0.19166,1342.634462
2026-09-15T00:05:07.300Z,SHIB,1.0531,0.0071,5.233e-06,1342.634462
2026-09-15T00:05:07.300Z,BCH,1.7587,304400,222.8,1342.634462
2026-09-15T00:05:07.300Z,UNI,1.0455,8855,6.527,1342.634462
2026-09-15T00:05:07.300Z,AAVE,-1.0147,170100,127.99,1342.634462
2026-09-15T00:05:07.300Z,SUSHI,1.8987,293.6,0.2146,1342.634462
2026-09-15T00:05:07.300Z,LDO,-19.2152,399.8,0.3686,1342.634462
2026-09-15T00:05:07.300Z,ICP,2.0466,3750,2.737,1342.634462
2026-09-15T00:05:07.300Z,NEAR,0.8067,3339,2.467,1342.634462
2026-09-15T00:05:07.300Z,HBAR,0.6104,105,0.07773,1342.634462
2026-09-15T00:05:07.300Z,XTZ,6.7325,390.5,0.2725,1342.634462
2026-09-15T00:05:07.300Z,DYDX,1.0137,154.3,0.11377,1342.634462
2026-09-15T00:05:07.300Z,ARB,0.8019,180.3,0.13322,1342.634462
2026-09-15T00:05:07.300Z,GMX,1.0174,10160,7.491,1342.634462
2026-09-15T00:05:07.300Z,IMX,-1.4691,163.3,0.12344,1342.634462
2026-09-15T00:05:07.300Z,INJ,-28.5121,6020,6.272,1342.634462
2026-09-15T00:05:07.300Z,GRT,5.0365,25.85,0.01833,1342.634462
2026-09-15T00:05:07.300Z,SUI,0.8456,974.6,0.7198,1342.634462
2026-09-15T00:05:07.300Z,HYPE,0.6367,108300,80.152,1342.634462
2026-09-15T00:10:06.992Z,BTC,0.6122,105665000,78220.9,1342.634462
2026-09-15T00:10:06.992Z,ETH,0.5752,3398000,2516.37,1342.634462
2026-09-15T00:10:06.992Z,SOL,0.6041,138600,102.61,1342.634462
2026-09-15T00:10:06.992Z,BNB,0.8352,974500,719.8,1342.634462
2026-09-15T00:10:06.992Z,XRP,0.628,1925,1.4248,1342.634462
2026-09-15T00:10:06.992Z,ADA,0.7592,282.2,0.2086,1342.634462
2026-09-15T00:10:06.992Z,AVAX,0.4871,10220,7.575,1342.634462
2026-09-15T00:10:06.992Z,DOT,0.5025,1351,1.0012,1342.634462
2026-09-15T00:10:06.992Z,LINK,0.6423,15580,11.53,1342.634462
2026-09-15T00:10:06.992Z,POL,0.1508,129.8,0.09653,1342.634462
2026-09-15T00:10:06.992Z,DOGE,0.63,113.1,0.08371,1342.634462
2026-09-15T00:10:06.992Z,TRX,0.8546,456.7,0.33727,1342.634462
2026-09-15T00:10:06.992Z,XLM,0.6691,259.7,0.19214,1342.634462
2026-09-15T00:10:06.992Z,SHIB,0.976,0.0071,5.237e-06,1342.634462
2026-09-15T00:10:06.992Z,BCH,1.5764,304400,223.2,1342.634462
2026-09-15T00:10:06.992Z,UNI,0.6754,8855,6.551,1342.634462
2026-09-15T00:10:06.992Z,AAVE,-1.0997,170100,128.1,1342.634462
2026-09-15T00:10:06.992Z,SUSHI,1.8512,293.6,0.2147,1342.634462
2026-09-15T00:10:06.992Z,LDO,-19.3902,399.8,0.3694,1342.634462
2026-09-15T00:10:06.992Z,ICP,1.9349,3750,2.74,1342.634462
2026-09-15T00:10:06.992Z,NEAR,0.2379,3339,2.481,1342.634462
2026-09-15T00:10:06.992Z,HBAR,0.5069,105,0.07781,1342.634462
2026-09-15T00:10:06.992Z,XTZ,6.8501,390.5,0.2722,1342.634462
2026-09-15T00:10:06.992Z,DYDX,0.6334,154.3,0.1142,1342.634462
2026-09-15T00:10:06.992Z,ARB,0.2974,180.3,0.13389,1342.634462
2026-09-15T00:10:06.992Z,GMX,0.3875,10160,7.538,1342.634462
2026-09-15T00:10:06.992Z,IMX,-1.7397,163.3,0.12378,1342.634462
2026-09-15T00:10:06.992Z,INJ,-28.5235,6020,6.273,1342.634462
2026-09-15T00:10:06.992Z,GRT,4.8078,25.85,0.01837,1342.634462
2026-09-15T00:10:06.992Z,SUI,0.7196,974.6,0.7207,1342.634462
2026-09-15T00:10:06.992Z,HYPE,0.5013,108300,80.26,1342.634462
2026-09-15T00:15:07.101Z,BTC,0.7781,105665000,78092.1,1342.634462
2026-09-15T00:15:07.101Z,ETH,0.7366,3397000,2511.6,1342.634462
2026-09-15T00:15:07.101Z,SOL,0.7121,138600,102.5,1342.634462
2026-09-15T00:15:07.101Z,BNB,0.7963,972500,718.6,1342.634462
2026-09-15T00:15:07.101Z,XRP,0.6691,1922,1.422,1342.634462
2026-09-15T00:15:07.101Z,ADA,1.0013,282.2,0.2081,1342.634462
2026-09-15T00:15:07.101Z,AVAX,0.5934,10220,7.567,1342.634462
2026-09-15T00:15:07.101Z,DOT,0.5125,1351,1.0011,1342.634462
2026-09-15T00:15:07.101Z,LINK,0.7296,15580,11.52,1342.634462
2026-09-15T00:15:07.101Z,POL,0.1508,129.8,0.09653,1342.634462
2026-09-15T00:15:07.101Z,DOGE,0.6661,113.1,0.08368,1342.634462
2026-09-15T00:15:07.101Z,TRX,0.8219,456.2,0.33701,1342.634462
2026-09-15T00:15:07.101Z,XLM,0.6712,260.3,0.19258,1342.634462
2026-09-15T00:15:07.101Z,SHIB,1.266,0.0071,5.222e-06,1342.634462
2026-09-15T00:15:07.101Z,BCH,1.7131,304400,222.9,1342.634462
2026-09-15T00:15:07.101Z,UNI,0.6293,8855,6.554,1342.634462
2026-09-15T00:15:07.101Z,AAVE,-0.9296,170100,127.88,1342.634462
2026-09-15T00:15:07.101Z,SUSHI,1.8987,293.6,0.2146,1342.634462
2026-09-15T00:15:07.101Z,LDO,-19.1713,399.8,0.3684,1342.634462
2026-09-15T00:15:07.101Z,ICP,2.0839,3750,2.736,1342.634462
2026-09-15T00:15:07.101Z,NEAR,0.1975,3339,2.482,1342.634462
2026-09-15T00:15:07.101Z,HBAR,0.3393,105,0.07794,1342.634462
2026-09-15T00:15:07.101Z,XTZ,7.0862,390.5,0.2716,1342.634462
2026-09-15T00:15:07.101Z,DYDX,1.0048,154.3,0.11378,1342.634462
2026-09-15T00:15:07.101Z,ARB,1.0339,181,0.13343,1342.634462
2026-09-15T00:15:07.101Z,GMX,0.5476,10160,7.526,1342.634462
2026-09-15T00:15:07.101Z,IMX,-1.6682,163.3,0.12369,1342.634462
2026-09-15T00:15:07.101Z,INJ,-28.5463,6020,6.275,1342.634462
2026-09-15T00:15:07.101Z,GRT,4.9792,25.85,0.01834,1342.634462
2026-09-15T00:15:07.101Z,SUI,0.9859,974.6,0.7188,1342.634462
2026-09-15T00:15:07.101Z,HYPE,0.2888,108300,80.43,1342.634462
2026-09-15T00:20:07.092Z,BTC,0.7939,105569000,78008.9,1342.634462
2026-09-15T00:20:07.092Z,ETH,0.7797,3393000,2507.57,1342.634462
2026-09-15T00:20:07.092Z,SOL,0.8104,138600,102.4,1342.634462
2026-09-15T00:20:07.092Z,BNB,0.7542,972500,718.9,1342.634462
2026-09-15T00:20:07.092Z,XRP,0.8338,1920,1.4182,1342.634462
2026-09-15T00:20:07.092Z,ADA,1.1472,282.2,0.2078,1342.634462
2026-09-15T00:20:07.092Z,AVAX,0.6732,10220,7.561,1342.634462
2026-09-15T00:20:07.092Z,DOT,0.6936,1351,0.9993,1342.634462
2026-09-15T00:20:07.092Z,LINK,0.7909,15580,11.513,1342.634462
2026-09-15T00:20:07.092Z,POL,0.182,129.8,0.0965,1342.634462
2026-09-15T00:20:07.092Z,DOGE,0.7986,113.1,0.08357,1342.634462
2026-09-15T00:20:07.092Z,TRX,0.8608,456.2,0.33688,1342.634462
2026-09-15T00:20:07.092Z,XLM,0.9175,260.3,0.19211,1342.634462
2026-09-15T00:20:07.092Z,SHIB,1.4019,0.0071,5.215e-06,1342.634462
2026-09-15T00:20:07.092Z,BCH,1.7131,304400,222.9,1342.634462
2026-09-15T00:20:07.092Z,UNI,0.6139,8855,6.555,1342.634462
2026-09-15T00:20:07.092Z,AAVE,-0.8521,170100,127.78,1342.634462
2026-09-15T00:20:07.092Z,SUSHI,2.4717,293.6,0.2134,1342.634462
2026-09-15T00:20:07.092Z,LDO,-19.1055,399.8,0.3681,1342.634462
2026-09-15T00:20:07.092Z,ICP,2.2708,3750,2.731,1342.634462
2026-09-15T00:20:07.092Z,NEAR,0.6028,3339,2.472,1342.634462
2026-09-15T00:20:07.092Z,HBAR,0.3651,105,0.07792,1342.634462
2026-09-15T00:20:07.092Z,XTZ,6.498,390.5,0.2731,1342.634462
2026-09-15T00:20:07.092Z,DYDX,1.0848,154.3,0.11369,1342.634462
2026-09-15T00:20:07.092Z,ARB,1.3835,181,0.13297,1342.634462
2026-09-15T00:20:07.092Z,GMX,0.4542,10160,7.533,1342.634462
2026-09-15T00:20:07.092Z,IMX,-1.5728,163.3,0.12357,1342.634462
2026-09-15T00:20:07.092Z,INJ,-28.249,6020,6.249,1342.634462
2026-09-15T00:20:07.092Z,GRT,5.0365,25.85,0.01833,1342.634462
2026-09-15T00:20:07.092Z,SUI,1.2111,974.6,0.7172,1342.634462
2026-09-15T00:20:07.092Z,HYPE,0.8459,108800,80.355,1342.634462
2026-09-15T00:25:06.877Z,BTC,0.8074,105544000,77980,1342.634462
2026-09-15T00:25:06.877Z,ETH,0.9312,3396000,2506.02,1342.634462
2026-09-15T00:25:06.877Z,SOL,0.7886,138800,102.57,1342.634462
2026-09-15T00:25:06.877Z,BNB,0.7823,972500,718.7,1342.634462
2026-09-15T00:25:06.877Z,XRP,0.8524,1919,1.4172,1342.634462
2026-09-15T00:25:06.877Z,ADA,1.0985,282.2,0.2079,1342.634462
2026-09-15T00:25:06.877Z,AVAX,0.6599,10220,7.562,1342.634462
2026-09-15T00:25:06.877Z,DOT,0.5627,1351,1.0006,1342.634462
2026-09-15T00:25:06.877Z,LINK,0.7909,15580,11.513,1342.634462
2026-09-15T00:25:06.877Z,POL,0.0886,129.8,0.09659,1342.634462
2026-09-15T00:25:06.877Z,DOGE,0.7263,113.1,0.08363,1342.634462
2026-09-15T00:25:06.877Z,TRX,0.8907,456.2,0.33678,1342.634462
2026-09-15T00:25:06.877Z,XLM,0.6775,259.6,0.19205,1342.634462
2026-09-15T00:25:06.877Z,SHIB,1.3436,0.0071,5.218e-06,1342.634462
2026-09-15T00:25:06.877Z,BCH,1.7131,304400,222.9,1342.634462
2026-09-15T00:25:06.877Z,UNI,0.5972,8890,6.582,1342.634462
2026-09-15T00:25:06.877Z,AAVE,-0.9761,170100,127.94,1342.634462
2026-09-15T00:25:06.877Z,SUSHI,2.6159,293.6,0.2131,1342.634462
2026-09-15T00:25:06.877Z,LDO,-19.0395,399.8,0.3678,1342.634462
2026-09-15T00:25:06.877Z,ICP,2.2334,3750,2.732,1342.634462
2026-09-15T00:25:06.877Z,NEAR,0.2783,3339,2.48,1342.634462
2026-09-15T00:25:06.877Z,HBAR,0.6156,105.1,0.0778,1342.634462
2026-09-15T00:25:06.877Z,XTZ,6.1095,390.5,0.2741,1342.634462
2026-09-15T00:25:06.877Z,DYDX,0.9073,154.3,0.11389,1342.634462
2026-09-15T00:25:06.877Z,ARB,1.3073,181,0.13307,1342.634462
2026-09-15T00:25:06.877Z,GMX,0.6546,10160,7.518,1342.634462
2026-09-15T00:25:06.877Z,IMX,-1.7397,163.3,0.12378,1342.634462
2026-09-15T00:25:06.877Z,INJ,-28.2834,6020,6.252,1342.634462
2026-09-15T00:25:06.877Z,GRT,5.0365,25.85,0.01833,1342.634462
2026-09-15T00:25:06.877Z,SUI,1.0562,974.6,0.7183,1342.634462
2026-09-15T00:25:06.877Z,HYPE,0.7945,108800,80.396,1342.634462
2026-09-15T00:30:06.563Z,BTC,0.5472,105651000,77995.9,1347.199701
2026-09-15T00:30:06.563Z,ETH,0.5089,3397000,2508.76,1347.199701
2026-09-15T00:30:06.563Z,SOL,0.4372,138800,102.58,1347.199701
2026-09-15T00:30:06.563Z,BNB,0.4268,972500,718.8,1347.199701
2026-09-15T00:30:06.563Z,XRP,0.461,1919,1.4179,1347.199701
2026-09-15T00:30:06.563Z,ADA,0.8044,282.2,0.2078,1347.199701
2026-09-15T00:30:06.563Z,AVAX,0.332,10220,7.561,1347.199701
2026-09-15T00:30:06.563Z,DOT,0.2821,1351,1,1347.199701
2026-09-15T00:30:06.563Z,LINK,0.3012,15580,11.53,1347.199701
2026-09-15T00:30:06.563Z,POL,-0.2299,129.8,0.09657,1347.199701
2026-09-15T00:30:06.563Z,DOGE,0.3369,113.1,0.08367,1347.199701
2026-09-15T00:30:06.563Z,TRX,0.5575,456.7,0.33712,1347.199701
2026-09-15T00:30:06.563Z,XLM,0.2256,259.3,0.19204,1347.199701
2026-09-15T00:30:06.563Z,SHIB,0.9809,0.0071,5.219e-06,1347.199701
2026-09-15T00:30:06.563Z,BCH,1.4139,304400,222.8,1347.199701
2026-09-15T00:30:06.563Z,UNI,0.3021,8890,6.579,1347.199701
2026-09-15T00:30:06.563Z,AAVE,-1.2808,170100,127.9,1347.199701
2026-09-15T00:30:06.563Z,SUSHI,2.3643,293.6,0.2129,1347.199701
2026-09-15T00:30:06.563Z,LDO,-19.3358,399.8,0.3679,1347.199701
2026-09-15T00:30:06.563Z,ICP,1.999,3750,2.729,1347.199701
2026-09-15T00:30:06.563Z,NEAR,0.2619,3339,2.472,1347.199701
2026-09-15T00:30:06.563Z,HBAR,0.339,105.6,0.07812,1347.199701
2026-09-15T00:30:06.563Z,XTZ,5.7113,390.5,0.2742,1347.199701
2026-09-15T00:30:06.563Z,DYDX,0.6626,154.3,0.11378,1347.199701
2026-09-15T00:30:06.563Z,ARB,1.1692,181,0.1328,1347.199701
2026-09-15T00:30:06.563Z,GMX,0.2735,10160,7.521,1347.199701
2026-09-15T00:30:06.563Z,IMX,-2.1676,163.3,0.1239,1347.199701
2026-09-15T00:30:06.563Z,INJ,-28.4348,6020,6.244,1347.199701
2026-09-15T00:30:06.563Z,GRT,4.6235,25.85,0.01834,1347.199701
2026-09-15T00:30:06.563Z,SUI,0.6157,974.6,0.719,1347.199701
2026-09-15T00:30:06.563Z,HYPE,0.593,108800,80.284,1347.199701
2026-09-15T00:35:06.911Z,BTC,0.5262,105651000,78012.2,1347.199701
2026-09-15T00:35:06.911Z,ETH,0.4738,3402000,2513.33,1347.199701
2026-09-15T00:35:06.911Z,SOL,0.4351,139000,102.73,1347.199701
2026-09-15T00:35:06.911Z,BNB,0.4687,972500,718.5,1347.199701
2026-09-15T00:35:06.911Z,XRP,0.4127,1922,1.4208,1347.199701
2026-09-15T00:35:06.911Z,ADA,0.5142,282.2,0.2084,1347.199701
2026-09-15T00:35:06.911Z,AVAX,0.0938,10220,7.579,1347.199701
2026-09-15T00:35:06.911Z,DOT,0.1119,1351,1.0017,1347.199701
2026-09-15T00:35:06.911Z,LINK,0.0496,15580,11.559,1347.199701
2026-09-15T00:35:06.911Z,POL,-1.0344,128.9,0.09668,1347.199701
2026-09-15T00:35:06.911Z,DOGE,0.1454,113.1,0.08383,1347.199701
2026-09-15T00:35:06.911Z,TRX,0.8136,457.7,0.337,1347.199701
2026-09-15T00:35:06.911Z,XLM,-0.0035,259.3,0.19248,1347.199701
2026-09-15T00:35:06.911Z,SHIB,0.8842,0.0071,5.224e-06,1347.199701
2026-09-15T00:35:06.911Z,BCH,1.1868,304400,223.3,1347.199701
2026-09-15T00:35:06.911Z,UNI,-0.6044,8890,6.639,1347.199701
2026-09-15T00:35:06.911Z,AAVE,-1.5962,170100,128.31,1347.199701
2026-09-15T00:35:06.911Z,SUSHI,2.0288,293.6,0.2136,1347.199701
2026-09-15T00:35:06.911Z,LDO,-19.6633,399.8,0.3694,1347.199701
2026-09-15T00:35:06.911Z,ICP,1.738,3750,2.736,1347.199701
2026-09-15T00:35:06.911Z,NEAR,0.0999,3339,2.476,1347.199701
2026-09-15T00:35:06.911Z,HBAR,0.1339,105.6,0.07828,1347.199701
2026-09-15T00:35:06.911Z,XTZ,5.3655,390.5,0.2751,1347.199701
2026-09-15T00:35:06.911Z,DYDX,0.5918,154.3,0.11386,1347.199701
2026-09-15T00:35:06.911Z,ARB,0.6614,181,0.13347,1347.199701
2026-09-15T00:35:06.911Z,GMX,0.3669,10160,7.514,1347.199701
2026-09-15T00:35:06.911Z,IMX,-2.2228,163.3,0.12397,1347.199701
2026-09-15T00:35:06.911Z,INJ,-28.5949,6020,6.258,1347.199701
2026-09-15T00:35:06.911Z,GRT,4.5665,25.85,0.01835,1347.199701
2026-09-15T00:35:06.911Z,SUI,0.2948,974.6,0.7213,1347.199701
2026-09-15T00:35:06.911Z,HYPE,0.3855,108800,80.45,1347.199701
2026-09-15T00:40:07.196Z,BTC,0.5212,105584000,77966.6,1347.199701
2026-09-15T00:40:07.196Z,ETH,0.4993,3404000,2514.17,1347.199701
2026-09-15T00:40:07.196Z,SOL,0.5428,139000,102.62,1347.199701
2026-09-15T00:40:07.196Z,BNB,0.5107,972500,718.2,1347.199701
2026-09-15T00:40:07.196Z,XRP,0.4665,1921,1.4193,1347.199701
2026-09-15T00:40:07.196Z,ADA,0.4786,282.1,0.2084,1347.199701
2026-09-15T00:40:07.196Z,AVAX,0.0542,10220,7.582,1347.199701
2026-09-15T00:40:07.196Z,DOT,0.232,1351,1.0005,1347.199701
2026-09-15T00:40:07.196Z,LINK,0.0669,15580,11.557,1347.199701
2026-09-15T00:40:07.196Z,POL,-1.0855,128.9,0.09673,1347.199701
2026-09-15T00:40:07.196Z,DOGE,0.3944,113.3,0.08377,1347.199701
2026-09-15T00:40:07.196Z,TRX,0.7687,457.7,0.33715,1347.199701
2026-09-15T00:40:07.196Z,XLM,0.4593,260.5,0.19248,1347.199701
2026-09-15T00:40:07.196Z,SHIB,0.9422,0.0071,5.221e-06,1347.199701
2026-09-15T00:40:07.196Z,BCH,1.1415,304400,223.4,1347.199701
2026-09-15T00:40:07.196Z,UNI,-0.739,8890,6.648,1347.199701
2026-09-15T00:40:07.196Z,AAVE,-1.5041,170100,128.19,1347.199701
2026-09-15T00:40:07.196Z,SUSHI,1.9811,293.6,0.2137,1347.199701
2026-09-15T00:40:07.196Z,LDO,-19.5108,399.8,0.3687,1347.199701
2026-09-15T00:40:07.196Z,ICP,1.6637,3750,2.738,1347.199701
2026-09-15T00:40:07.196Z,NEAR,-0.0212,3339,2.479,1347.199701
2026-09-15T00:40:07.196Z,HBAR,0.1595,105.6,0.07826,1347.199701
2026-09-15T00:40:07.196Z,XTZ,5.1362,390.5,0.2757,1347.199701
2026-09-15T00:40:07.196Z,DYDX,0.5389,154.3,0.11392,1347.199701
2026-09-15T00:40:07.196Z,ARB,1.0019,181,0.13302,1347.199701
2026-09-15T00:40:07.196Z,GMX,0.5677,10160,7.499,1347.199701
2026-09-15T00:40:07.196Z,IMX,-2.3016,163.3,0.12407,1347.199701
2026-09-15T00:40:07.196Z,INJ,-28.6178,6020,6.26,1347.199701
2026-09-15T00:40:07.196Z,GRT,4.3958,25.85,0.01838,1347.199701
2026-09-15T00:40:07.196Z,SUI,0.5341,975.3,0.7201,1347.199701
2026-09-15T00:40:07.196Z,HYPE,0.5755,108800,80.298,1347.199701
2026-09-15T00:45:06.935Z,BTC,0.5015,105507000,77925,1347.199701
2026-09-15T00:45:06.935Z,ETH,0.416,3399000,2512.56,1347.199701
2026-09-15T00:45:06.935Z,SOL,0.5119,138700,102.43,1347.199701
2026-09-15T00:45:06.935Z,BNB,0.4687,972500,718.5,1347.199701
2026-09-15T00:45:06.935Z,XRP,0.5275,1920,1.4177,1347.199701
2026-09-15T00:45:06.935Z,ADA,0.6718,282.1,0.208,1347.199701
2026-09-15T00:45:06.935Z,AVAX,0.2525,10220,7.567,1347.199701
2026-09-15T00:45:06.935Z,DOT,0.3323,1351,0.9995,1347.199701
2026-09-15T00:45:06.935Z,LINK,0.1882,15580,11.543,1347.199701
2026-09-15T00:45:06.935Z,POL,-0.9934,128.9,0.09664,1347.199701
2026-09-15T00:45:06.935Z,DOGE,0.5144,113.3,0.08367,1347.199701
2026-09-15T00:45:06.935Z,TRX,0.7064,457.2,0.33699,1347.199701
2026-09-15T00:45:06.935Z,XLM,0.6895,260.5,0.19204,1347.199701
2026-09-15T00:45:06.935Z,SHIB,1.1359,0.0071,5.211e-06,1347.199701
2026-09-15T00:45:06.935Z,BCH,1.3229,304400,223,1347.199701
2026-09-15T00:45:06.935Z,UNI,-0.6343,8890,6.641,1347.199701
2026-09-15T00:45:06.935Z,AAVE,-1.3964,170100,128.05,1347.199701
2026-09-15T00:45:06.935Z,SUSHI,1.9811,293.6,0.2137,1347.199701
2026-09-15T00:45:06.935Z,LDO,-19.5326,399.8,0.3688,1347.199701
2026-09-15T00:45:06.935Z,ICP,1.7752,3750,2.735,1347.199701
2026-09-15T00:45:06.935Z,NEAR,0.0191,3339,2.478,1347.199701
2026-09-15T00:45:06.935Z,HBAR,1.3712,106.7,0.07813,1347.199701
2026-09-15T00:45:06.935Z,XTZ,5.0219,390.5,0.276,1347.199701
2026-09-15T00:45:06.935Z,DYDX,0.6272,154.3,0.11382,1347.199701
2026-09-15T00:45:06.935Z,ARB,0.6757,179.9,0.13264,1347.199701
2026-09-15T00:45:06.935Z,GMX,0.7154,10160,7.488,1347.199701
2026-09-15T00:45:06.935Z,IMX,-2.3252,163.3,0.1241,1347.199701
2026-09-15T00:45:06.935Z,INJ,-28.389,6020,6.24,1347.199701
2026-09-15T00:45:06.935Z,GRT,4.5095,25.85,0.01836,1347.199701
2026-09-15T00:45:06.935Z,SUI,0.6599,975.3,0.7192,1347.199701
2026-09-15T00:45:06.935Z,HYPE,0.6382,108800,80.248,1347.199701
2026-09-15T00:50:07.080Z,BTC,0.4629,105517000,77962.3,1347.199701
2026-09-15T00:50:07.080Z,ETH,0.4438,3402000,2514.08,1347.199701
2026-09-15T00:50:07.080Z,SOL,0.4334,138700,102.51,1347.199701
2026-09-15T00:50:07.080Z,BNB,0.4547,972500,718.6,1347.199701
2026-09-15T00:50:07.080Z,XRP,0.5275,1920,1.4177,1347.199701
2026-09-15T00:50:07.080Z,ADA,0.529,281.7,0.208,1347.199701
2026-09-15T00:50:07.080Z,AVAX,0.1466,10220,7.575,1347.199701
2026-09-15T00:50:07.080Z,DOT,0.3523,1351,0.9993,1347.199701
2026-09-15T00:50:07.080Z,LINK,0.1362,15580,11.549,1347.199701
2026-09-15T00:50:07.080Z,POL,-1.1877,128.9,0.09683,1347.199701
2026-09-15T00:50:07.080Z,DOGE,0.4423,113.3,0.08373,1347.199701
2026-09-15T00:50:07.080Z,TRX,0.7094,457.2,0.33698,1347.199701
2026-09-15T00:50:07.080Z,XLM,0.2873,260,0.19244,1347.199701
2026-09-15T00:50:07.080Z,SHIB,1.0971,0.0071,5.213e-06,1347.199701
2026-09-15T00:50:07.080Z,BCH,1.2775,304400,223.1,1347.199701
2026-09-15T00:50:07.080Z,UNI,-0.0264,9005,6.686,1347.199701
2026-09-15T00:50:07.080Z,AAVE,-1.4887,170100,128.17,1347.199701
2026-09-15T00:50:07.080Z,SUSHI,1.8857,293.6,0.2139,1347.199701
2026-09-15T00:50:07.080Z,LDO,-19.598,399.8,0.3691,1347.199701
2026-09-15T00:50:07.080Z,ICP,1.738,3750,2.736,1347.199701
2026-09-15T00:50:07.080Z,NEAR,0.0999,3339,2.476,1347.199701
2026-09-15T00:50:07.080Z,HBAR,1.1382,106.7,0.07831,1347.199701
2026-09-15T00:50:07.080Z,XTZ,4.8699,390.5,0.2764,1347.199701
2026-09-15T00:50:07.080Z,DYDX,0.3891,154.3,0.11409,1347.199701
2026-09-15T00:50:07.080Z,ARB,0.3718,179.1,0.13245,1347.199701
2026-09-15T00:50:07.080Z,GMX,0.9041,10160,7.474,1347.199701
2026-09-15T00:50:07.080Z,IMX,-2.2701,163.3,0.12403,1347.199701
2026-09-15T00:50:07.080Z,INJ,-28.4692,6020,6.247,1347.199701
2026-09-15T00:50:07.080Z,GRT,4.2823,25.85,0.0184,1347.199701
2026-09-15T00:50:07.080Z,SUI,0.7019,975.3,0.7189,1347.199701
2026-09-15T00:50:07.080Z,HYPE,0.5968,108800,80.281,1347.199701
2026-09-15T00:55:07.088Z,BTC,0.5079,105507000,77920,1347.199701
2026-09-15T00:55:07.088Z,ETH,0.5461,3404000,2513,1347.199701
2026-09-15T00:55:07.088Z,SOL,0.5586,138900,102.53,1347.199701
2026-09-15T00:55:07.088Z,BNB,0.6097,974000,718.6,1347.199701
2026-09-15T00:55:07.088Z,XRP,0.4877,1921,1.419,1347.199701
2026-09-15T00:55:07.088Z,ADA,0.4807,281.7,0.2081,1347.199701
2026-09-15T00:55:07.088Z,AVAX,0.1731,10220,7.573,1347.199701
2026-09-15T00:55:07.088Z,DOT,0.5738,1351,0.9971,1347.199701
2026-09-15T00:55:07.088Z,LINK,0.0063,15580,11.564,1347.199701
2026-09-15T00:55:07.088Z,POL,-1.1264,128.9,0.09677,1347.199701
2026-09-15T00:55:07.088Z,DOGE,0.4064,113.3,0.08376,1347.199701
2026-09-15T00:55:07.088Z,TRX,0.5474,456.6,0.33708,1347.199701
2026-09-15T00:55:07.088Z,XLM,0.5059,261,0.19276,1347.199701
2026-09-15T00:55:07.088Z,SHIB,0.9422,0.0071,5.221e-06,1347.199701
2026-09-15T00:55:07.088Z,BCH,1.2322,304400,223.2,1347.199701
2026-09-15T00:55:07.088Z,UNI,-0.0563,9005,6.688,1347.199701
2026-09-15T00:55:07.088Z,AAVE,-1.4272,170100,128.09,1347.199701
2026-09-15T00:55:07.088Z,SUSHI,1.4116,293.6,0.2149,1347.199701
2026-09-15T00:55:07.088Z,LDO,-19.5326,399.8,0.3688,1347.199701
2026-09-15T00:55:07.088Z,ICP,1.887,3750,2.732,1347.199701
2026-09-15T00:55:07.088Z,NEAR,0.3431,3339,2.47,1347.199701
2026-09-15T00:55:07.088Z,HBAR,1.0608,106.7,0.07837,1347.199701
2026-09-15T00:55:07.088Z,XTZ,4.7941,390.5,0.2766,1347.199701
2026-09-15T00:55:07.088Z,DYDX,0.3187,154.3,0.11417,1347.199701
2026-09-15T00:55:07.088Z,ARB,0.2658,179.1,0.13259,1347.199701
2026-09-15T00:55:07.088Z,GMX,0.7289,10160,7.487,1347.199701
2026-09-15T00:55:07.088Z,IMX,-2.3016,163.3,0.12407,1347.199701
2026-09-15T00:55:07.088Z,INJ,-28.3775,6020,6.239,1347.199701
2026-09-15T00:55:07.088Z,GRT,4.339,25.85,0.01839,1347.199701
2026-09-15T00:55:07.088Z,SUI,0.6739,975.3,0.7191,1347.199701
2026-09-15T00:55:07.088Z,HYPE,0.6582,108800,80.232,1347.199701
2026-09-15T01:00:07.608Z,BTC,0.4916,105502000,77929,1347.199701
2026-09-15T01:00:07.608Z,ETH,0.4801,3404000,2514.65,1347.199701
2026-09-15T01:00:07.608Z,SOL,0.5315,138700,102.41,1347.199701
2026-09-15T01:00:07.608Z,BNB,0.5957,974000,718.7,1347.199701
2026-09-15T01:00:07.608Z,XRP,0.4523,1921,1.4195,1347.199701
2026-09-15T01:00:07.608Z,ADA,0.5038,281.9,0.2082,1347.199701
2026-09-15T01:00:07.608Z,AVAX,0.1995,10220,7.571,1347.199701
2026-09-15T01:00:07.608Z,DOT,0.7156,1343,0.9898,1347.199701
2026-09-15T01:00:07.608Z,LINK,0.0409,15580,11.56,1347.199701
2026-09-15T01:00:07.608Z,POL,-1.2489,128.9,0.09689,1347.199701
2026-09-15T01:00:07.608Z,DOGE,0.579,113.4,0.08369,1347.199701
2026-09-15T01:00:07.608Z,TRX,0.461,456.6,0.33737,1347.199701
2026-09-15T01:00:07.608Z,XLM,0.5623,262,0.19339,1347.199701
2026-09-15T01:00:07.608Z,SHIB,1.0777,0.0071,5.214e-06,1347.199701
2026-09-15T01:00:07.608Z,BCH,0.7238,302600,223,1347.199701
2026-09-15T01:00:07.608Z,UNI,0.0634,9005,6.68,1347.199701
2026-09-15T01:00:07.608Z,AAVE,-1.5425,170100,128.24,1347.199701
2026-09-15T01:00:07.608Z,SUSHI,1.3173,293.6,0.2151,1347.199701
2026-09-15T01:00:07.608Z,LDO,-19.4671,399.8,0.3685,1347.199701
2026-09-15T01:00:07.608Z,ICP,1.887,3750,2.732,1347.199701
2026-09-15T01:00:07.608Z,NEAR,0.3025,3339,2.471,1347.199701
2026-09-15T01:00:07.608Z,HBAR,0.0189,105.6,0.07837,1347.199701
2026-09-15T01:00:07.608Z,XTZ,4.8699,390.5,0.2764,1347.199701
2026-09-15T01:00:07.608Z,DYDX,0.3715,154.3,0.11411,1347.199701
2026-09-15T01:00:07.608Z,ARB,0.0846,179.1,0.13283,1347.199701
2026-09-15T01:00:07.608Z,GMX,0.6751,10160,7.491,1347.199701
2026-09-15T01:00:07.608Z,IMX,-2.3646,163.3,0.12415,1347.199701
2026-09-15T01:00:07.608Z,INJ,-28.297,6020,6.232,1347.199701
2026-09-15T01:00:07.608Z,GRT,4.339,25.85,0.01839,1347.199701
2026-09-15T01:00:07.608Z,SUI,0.7299,975.3,0.7187,1347.199701
2026-09-15T01:00:07.608Z,HYPE,0.6419,108800,80.245,1347.199701
2026-09-15T01:05:07.105Z,BTC,0.558,105382000,77788.9,1347.199701
2026-09-15T01:05:07.105Z,ETH,0.5519,3401000,2510.64,1347.199701
2026-09-15T01:05:07.105Z,SOL,0.5277,138600,102.34,1347.199701
2026-09-15T01:05:07.105Z,BNB,0.6097,974000,718.6,1347.199701
2026-09-15T01:05:07.105Z,XRP,0.4921,1920,1.4182,1347.199701
2026-09-15T01:05:07.105Z,ADA,0.6972,281.9,0.2078,1347.199701
2026-09-15T01:05:07.105Z,AVAX,0.3984,10220,7.556,1347.199701
2026-09-15T01:05:07.105Z,DOT,0.6952,1343,0.99,1347.199701
2026-09-15T01:05:07.105Z,LINK,0.0929,15580,11.554,1347.199701
2026-09-15T01:05:07.105Z,POL,-1.0855,128.9,0.09673,1347.199701
2026-09-15T01:05:07.105Z,DOGE,0.5504,113.3,0.08364,1347.199701
2026-09-15T01:05:07.105Z,TRX,0.4282,456.6,0.33748,1347.199701
2026-09-15T01:05:07.105Z,XLM,0.5842,261,0.19261,1347.199701
2026-09-15T01:05:07.105Z,SHIB,1.1359,0.0071,5.211e-06,1347.199701
2026-09-15T01:05:07.105Z,BCH,0.7238,302600,223,1347.199701
2026-09-15T01:05:07.105Z,UNI,-0.0862,9005,6.69,1347.199701
2026-09-15T01:05:07.105Z,AAVE,-1.4733,170100,128.15,1347.199701
2026-09-15T01:05:07.105Z,SUSHI,1.3173,293.6,0.2151,1347.199701
2026-09-15T01:05:07.105Z,LDO,-19.4671,399.8,0.3685,1347.199701
2026-09-15T01:05:07.105Z,ICP,2.0364,3750,2.728,1347.199701
2026-09-15T01:05:07.105Z,NEAR,0.5874,3339,2.464,1347.199701
2026-09-15T01:05:07.105Z,HBAR,0.3596,105.5,0.07803,1347.199701
2026-09-15T01:05:07.105Z,XTZ,4.9079,390.5,0.2763,1347.199701
2026-09-15T01:05:07.105Z,DYDX,0.4771,154.3,0.11399,1347.199701
2026-09-15T01:05:07.105Z,ARB,-0.0884,179.1,0.13306,1347.199701
2026-09-15T01:05:07.105Z,GMX,0.7289,10160,7.487,1347.199701
2026-09-15T01:05:07.105Z,IMX,-2.341,163.3,0.12412,1347.199701
2026-09-15T01:05:07.105Z,INJ,-28.1818,6020,6.222,1347.199701
2026-09-15T01:05:07.105Z,GRT,4.5665,25.85,0.01835,1347.199701
2026-09-15T01:05:07.105Z,SUI,0.5617,973.4,0.7185,1347.199701
2026-09-15T01:05:07.105Z,HYPE,0.5905,108800,80.286,1347.199701
2026-09-15T01:10:06.931Z,BTC,0.5042,105220000,77710.9,1347.199701
2026-09-15T01:10:06.931Z,ETH,0.6679,3400000,2507.01,1347.199701
2026-09-15T01:10:06.931Z,SOL,0.6396,138700,102.3,1347.199701
2026-09-15T01:10:06.931Z,BNB,0.7499,974000,717.6,1347.199701
2026-09-15T01:10:06.931Z,XRP,0.4882,1916,1.4153,1347.199701
2026-09-15T01:10:06.931Z,ADA,0.8914,281.9,0.2074,1347.199701
2026-09-15T01:10:06.931Z,AVAX,0.6248,10220,7.539,1347.199701
2026-09-15T01:10:06.931Z,DOT,0.8276,1343,0.9887,1347.199701
2026-09-15T01:10:06.931Z,LINK,0.2577,15580,11.535,1347.199701
2026-09-15T01:10:06.931Z,POL,-1.0037,128.9,0.09665,1347.199701
2026-09-15T01:10:06.931Z,DOGE,0.7431,113.3,0.08348,1347.199701
2026-09-15T01:10:06.931Z,TRX,0.3896,456.6,0.33761,1347.199701
2026-09-15T01:10:06.931Z,XLM,0.6842,260.5,0.19205,1347.199701
2026-09-15T01:10:06.931Z,SHIB,1.3109,0.0071,5.202e-06,1347.199701
2026-09-15T01:10:06.931Z,BCH,0.9501,302600,222.5,1347.199701
2026-09-15T01:10:06.931Z,UNI,0.4997,9005,6.651,1347.199701
2026-09-15T01:10:06.931Z,AAVE,-1.219,170100,127.82,1347.199701
2026-09-15T01:10:06.931Z,SUSHI,1.5534,293.6,0.2146,1347.199701
2026-09-15T01:10:06.931Z,LDO,-19.226,399.8,0.3674,1347.199701
2026-09-15T01:10:06.931Z,ICP,2.2237,3750,2.723,1347.199701
2026-09-15T01:10:06.931Z,NEAR,0.6021,3330,2.457,1347.199701
2026-09-15T01:10:06.931Z,HBAR,0.7858,105.5,0.0777,1347.199701
2026-09-15T01:10:06.931Z,XTZ,6.0983,390.5,0.2732,1347.199701
2026-09-15T01:10:06.931Z,DYDX,0.7068,154.3,0.11373,1347.199701
2026-09-15T01:10:06.931Z,ARB,0.2053,179.1,0.13267,1347.199701
2026-09-15T01:10:06.931Z,GMX,0.7962,10160,7.482,1347.199701
2026-09-15T01:10:06.931Z,IMX,-2.0885,163.3,0.1238,1347.199701
2026-09-15T01:10:06.931Z,INJ,-28.0198,6020,6.208,1347.199701
2026-09-15T01:10:06.931Z,GRT,4.6806,25.85,0.01833,1347.199701
2026-09-15T01:10:06.931Z,SUI,0.6345,971.8,0.7168,1347.199701
2026-09-15T01:10:06.931Z,HYPE,0.8934,108800,80.045,1347.199701
2026-09-15T01:15:07.206Z,BTC,0.5091,105312000,77775.1,1347.199701
2026-09-15T01:15:07.206Z,ETH,0.5492,3400000,2509.97,1347.199701
2026-09-15T01:15:07.206Z,SOL,0.5375,138600,102.33,1347.199701
2026-09-15T01:15:07.206Z,BNB,0.6097,974000,718.6,1347.199701
2026-09-15T01:15:07.206Z,XRP,0.5789,1918,1.4155,1347.199701
2026-09-15T01:15:07.206Z,ADA,0.9888,281.9,0.2072,1347.199701
2026-09-15T01:15:07.206Z,AVAX,0.6515,10220,7.537,1347.199701
2026-09-15T01:15:07.206Z,DOT,0.7563,1343,0.9894,1347.199701
2026-09-15T01:15:07.206Z,LINK,0.475,15630,11.547,1347.199701
2026-09-15T01:15:07.206Z,POL,-1.0446,128.9,0.09669,1347.199701
2026-09-15T01:15:07.206Z,DOGE,0.6828,113.3,0.08353,1347.199701
2026-09-15T01:15:07.206Z,TRX,0.3569,456.6,0.33772,1347.199701
2026-09-15T01:15:07.206Z,XLM,0.3759,260.5,0.19264,1347.199701
2026-09-15T01:15:07.206Z,SHIB,1.2914,0.0071,5.203e-06,1347.199701
2026-09-15T01:15:07.206Z,BCH,1.041,302600,222.3,1347.199701
2026-09-15T01:15:07.206Z,UNI,0.6965,9005,6.638,1347.199701
2026-09-15T01:15:07.206Z,AAVE,-1.2035,170100,127.8,1347.199701
2026-09-15T01:15:07.206Z,SUSHI,1.4588,293.6,0.2148,1347.199701
2026-09-15T01:15:07.206Z,LDO,-19.3138,399.8,0.3678,1347.199701
2026-09-15T01:15:07.206Z,ICP,2.2613,3750,2.722,1347.199701
2026-09-15T01:15:07.206Z,NEAR,1.0132,3330,2.447,1347.199701
2026-09-15T01:15:07.206Z,HBAR,0.8637,105.5,0.07764,1347.199701
2026-09-15T01:15:07.206Z,XTZ,6.2149,390.5,0.2729,1347.199701
2026-09-15T01:15:07.206Z,DYDX,0.7423,154.3,0.11369,1347.199701
2026-09-15T01:15:07.206Z,ARB,0.0093,179.1,0.13293,1347.199701
2026-09-15T01:15:07.206Z,GMX,1.1884,10160,7.453,1347.199701
2026-09-15T01:15:07.206Z,IMX,-2.0806,163.3,0.12379,1347.199701
2026-09-15T01:15:07.206Z,INJ,-27.927,6020,6.2,1347.199701
2026-09-15T01:15:07.206Z,GRT,4.6806,25.85,0.01833,1347.199701
2026-09-15T01:15:07.206Z,SUI,0.5644,971.8,0.7173,1347.199701
2026-09-15T01:15:07.206Z,HYPE,0.8871,108800,80.05,1347.199701
2026-09-15T01:20:06.992Z,BTC,0.5278,105433000,77850,1347.199701
2026-09-15T01:20:06.992Z,ETH,0.5382,3402000,2511.72,1347.199701
2026-09-15T01:20:06.992Z,SOL,0.5277,138600,102.34,1347.199701
2026-09-15T01:20:06.992Z,BNB,0.5537,974000,719,1347.199701
2026-09-15T01:20:06.992Z,XRP,0.335,1917,1.4182,1347.199701
2026-09-15T01:20:06.992Z,ADA,0.7942,281.9,0.2076,1347.199701
2026-09-15T01:20:06.992Z,AVAX,0.5049,10220,7.548,1347.199701
2026-09-15T01:20:06.992Z,DOT,0.4719,1343,0.9922,1347.199701
2026-09-15T01:20:06.992Z,LINK,0.3446,15630,11.562,1347.199701
2026-09-15T01:20:06.992Z,POL,-1.1367,128.9,0.09678,1347.199701
2026-09-15T01:20:06.992Z,DOGE,0.5384,113.3,0.08365,1347.199701
2026-09-15T01:20:06.992Z,TRX,0.3599,456.6,0.33771,1347.199701
2026-09-15T01:20:06.992Z,XLM,0.4515,261.4,0.19316,1347.199701
2026-09-15T01:20:06.992Z,SHIB,1.1747,0.0071,5.209e-06,1347.199701
2026-09-15T01:20:06.992Z,BCH,0.9048,302600,222.6,1347.199701
2026-09-15T01:20:06.992Z,UNI,0.0484,9005,6.681,1347.199701
2026-09-15T01:20:06.992Z,AAVE,-1.4041,170100,128.06,1347.199701
2026-09-15T01:20:06.992Z,SUSHI,1.0823,293.6,0.2156,1347.199701
2026-09-15T01:20:06.992Z,LDO,-19.489,399.8,0.3686,1347.199701
2026-09-15T01:20:06.992Z,ICP,2.0738,3750,2.727,1347.199701
2026-09-15T01:20:06.992Z,NEAR,0.7662,3330,2.453,1347.199701
2026-09-15T01:20:06.992Z,HBAR,0.6304,105.5,0.07782,1347.199701
2026-09-15T01:20:06.992Z,XTZ,5.9045,390.5,0.2737,1347.199701
2026-09-15T01:20:06.992Z,DYDX,0.6626,154.3,0.11378,1347.199701
2026-09-15T01:20:06.992Z,ARB,-0.6261,179.1,0.13378,1347.199701
2026-09-15T01:20:06.992Z,GMX,1.2291,10160,7.45,1347.199701
2026-09-15T01:20:06.992Z,IMX,-2.3252,163.3,0.1241,1347.199701
2026-09-15T01:20:06.992Z,INJ,-28.0778,6020,6.213,1347.199701
2026-09-15T01:20:06.992Z,GRT,4.4526,25.85,0.01837,1347.199701
2026-09-15T01:20:06.992Z,SUI,0.3824,971.8,0.7186,1347.199701
2026-09-15T01:20:06.992Z,HYPE,0.7901,108800,80.127,1347.199701
2026-09-15T01:25:07.210Z,BTC,0.4531,105531000,77980.3,1347.199701
2026-09-15T01:25:07.210Z,ETH,0.5513,3409000,2516.56,1347.199701
2026-09-15T01:25:07.210Z,SOL,0.5745,138800,102.44,1347.199701
2026-09-15T01:25:07.210Z,BNB,0.3722,974000,720.3,1347.199701
2026-09-15T01:25:07.210Z,XRP,0.3829,1924,1.4227,1347.199701
2026-09-15T01:25:07.210Z,ADA,0.6337,282.4,0.2083,1347.199701
2026-09-15T01:25:07.210Z,AVAX,0.3586,10220,7.559,1347.199701
2026-09-15T01:25:07.210Z,DOT,0.3304,1343,0.9936,1347.199701
2026-09-15T01:25:07.210Z,LINK,0.1195,15630,11.588,1347.199701
2026-09-15T01:25:07.210Z,POL,-1.2285,128.9,0.09687,1347.199701
2026-09-15T01:25:07.210Z,DOGE,0.3106,113.3,0.08384,1347.199701
2026-09-15T01:25:07.210Z,TRX,0.3747,456.6,0.33766,1347.199701
2026-09-15T01:25:07.210Z,XLM,0.5291,261.9,0.19338,1347.199701
2026-09-15T01:25:07.210Z,SHIB,1.0583,0.0071,5.215e-06,1347.199701
2026-09-15T01:25:07.210Z,BCH,0.6335,302600,223.2,1347.199701
2026-09-15T01:25:07.210Z,UNI,-0.1608,9005,6.695,1347.199701
2026-09-15T01:25:07.210Z,AAVE,-1.6958,170100,128.44,1347.199701
2026-09-15T01:25:07.210Z,SUSHI,0.9419,293.6,0.2159,1347.199701
2026-09-15T01:25:07.210Z,LDO,-19.489,399.8,0.3686,1347.199701
2026-09-15T01:25:07.210Z,ICP,1.8497,3750,2.733,1347.199701
2026-09-15T01:25:07.210Z,NEAR,0.8484,3330,2.451,1347.199701
2026-09-15T01:25:07.210Z,HBAR,0.0646,105.5,0.07826,1347.199701
2026-09-15T01:25:07.210Z,XTZ,5.8271,390.5,0.2739,1347.199701
2026-09-15T01:25:07.210Z,DYDX,0.4419,154.3,0.11403,1347.199701
2026-09-15T01:25:07.210Z,ARB,-1.1066,179.1,0.13443,1347.199701
2026-09-15T01:25:07.210Z,GMX,1.1341,10160,7.457,1347.199701
2026-09-15T01:25:07.210Z,IMX,-2.6859,163.3,0.12456,1347.199701
2026-09-15T01:25:07.210Z,INJ,-28.1125,6020,6.216,1347.199701
2026-09-15T01:25:07.210Z,GRT,4.2823,25.85,0.0184,1347.199701
2026-09-15T01:25:07.210Z,SUI,0.1038,971.8,0.7206,1347.199701
2026-09-15T01:25:07.210Z,HYPE,0.6031,108800,80.276,1347.199701
2026-09-15T01:30:06.693Z,BTC,0.4325,105302000,77827,1347.199701
2026-09-15T01:30:06.693Z,ETH,0.4596,3397000,2509.99,1347.199701
2026-09-15T01:30:06.693Z,SOL,0.5891,138400,102.13,1347.199701
2026-09-15T01:30:06.693Z,BNB,0.5677,974000,718.9,1347.199701
2026-09-15T01:30:06.693Z,XRP,0.5373,1921,1.4183,1347.199701
2026-09-15T01:30:06.693Z,ADA,0.7355,281.6,0.2075,1347.199701
2026-09-15T01:30:06.693Z,AVAX,0.7719,10220,7.528,1347.199701
2026-09-15T01:30:06.693Z,DOT,0.7359,1343,0.9896,1347.199701
2026-09-15T01:30:06.693Z,LINK,0.4402,15630,11.551,1347.199701
2026-09-15T01:30:06.693Z,POL,-1.0242,128.9,0.09667,1347.199701
2026-09-15T01:30:06.693Z,DOGE,0.6226,113.3,0.08358,1347.199701
2026-09-15T01:30:06.693Z,TRX,0.4163,456.6,0.33752,1347.199701
2026-09-15T01:30:06.693Z,XLM,0.6006,261.3,0.1928,1347.199701
2026-09-15T01:30:06.693Z,SHIB,1.2719,0.0071,5.204e-06,1347.199701
2026-09-15T01:30:06.693Z,BCH,0.9048,302600,222.6,1347.199701
2026-09-15T01:30:06.693Z,UNI,-0.1757,9005,6.696,1347.199701
2026-09-15T01:30:06.693Z,AAVE,-1.3116,170100,127.94,1347.199701
2026-09-15T01:30:06.693Z,SUSHI,1.0823,293.6,0.2156,1347.199701
2026-09-15T01:30:06.693Z,LDO,-19.3138,399.8,0.3678,1347.199701
2026-09-15T01:30:06.693Z,ICP,2.2237,3750,2.723,1347.199701
2026-09-15T01:30:06.693Z,NEAR,1.1426,3322,2.438,1347.199701
2026-09-15T01:30:06.693Z,HBAR,0.2696,105.5,0.0781,1347.199701
2026-09-15T01:30:06.693Z,XTZ,5.8658,390.5,0.2738,1347.199701
2026-09-15T01:30:06.693Z,DYDX,0.7245,154.3,0.11371,1347.199701
2026-09-15T01:30:06.693Z,ARB,-0.6706,179.1,0.13384,1347.199701
2026-09-15T01:30:06.693Z,GMX,1.3107,10160,7.444,1347.199701
2026-09-15T01:30:06.693Z,IMX,-2.5608,163.3,0.1244,1347.199701
2026-09-15T01:30:06.693Z,INJ,-27.9502,6020,6.202,1347.199701
2026-09-15T01:30:06.693Z,GRT,4.5665,25.85,0.01835,1347.199701
2026-09-15T01:30:06.693Z,SUI,0.5083,971.8,0.7177,1347.199701
2026-09-15T01:30:06.693Z,HYPE,1.0702,108800,79.905,1347.199701
2026-09-15T01:35:07.188Z,BTC,0.5514,105540000,77910.7,1347.199701
2026-09-15T01:35:07.188Z,ETH,0.499,3401000,2511.96,1347.199701
2026-09-15T01:35:07.188Z,SOL,0.4219,138400,102.3,1347.199701
2026-09-15T01:35:07.188Z,BNB,0.5257,974000,719.2,1347.199701
2026-09-15T01:35:07.188Z,XRP,0.5933,1926,1.4212,1347.199701
2026-09-15T01:35:07.188Z,ADA,0.8044,282.2,0.2078,1347.199701
2026-09-15T01:35:07.188Z,AVAX,0.5715,10220,7.543,1347.199701
2026-09-15T01:35:07.188Z,DOT,0.5733,1343,0.9912,1347.199701
2026-09-15T01:35:07.188Z,LINK,0.2926,15630,11.568,1347.199701
2026-09-15T01:35:07.188Z,POL,-1.1367,128.9,0.09678,1347.199701
2026-09-15T01:35:07.188Z,DOGE,0.4303,113.3,0.08374,1347.199701
2026-09-15T01:35:07.188Z,TRX,0.3866,456.6,0.33762,1347.199701
2026-09-15T01:35:07.188Z,XLM,0.564,261.3,0.19287,1347.199701
2026-09-15T01:35:07.188Z,SHIB,1.1747,0.0071,5.209e-06,1347.199701
2026-09-15T01:35:07.188Z,BCH,0.769,302600,222.9,1347.199701
2026-09-15T01:35:07.188Z,UNI,-0.4285,9005,6.713,1347.199701
2026-09-15T01:35:07.188Z,AAVE,-1.5885,170100,128.3,1347.199701
2026-09-15T01:35:07.188Z,SUSHI,1.0823,293.6,0.2156,1347.199701
2026-09-15T01:35:07.188Z,LDO,-19.2919,399.8,0.3677,1347.199701
2026-09-15T01:35:07.188Z,ICP,2.0738,3750,2.727,1347.199701
2026-09-15T01:35:07.188Z,NEAR,0.9769,3322,2.442,1347.199701
2026-09-15T01:35:07.188Z,HBAR,1.1294,106.5,0.07817,1347.199701
2026-09-15T01:35:07.188Z,XTZ,5.8271,390.5,0.2739,1347.199701
2026-09-15T01:35:07.188Z,DYDX,0.636,154.3,0.11381,1347.199701
2026-09-15T01:35:07.188Z,ARB,-0.878,179.1,0.13412,1347.199701
2026-09-15T01:35:07.188Z,GMX,1.2835,10160,7.446,1347.199701
2026-09-15T01:35:07.188Z,IMX,-2.6703,163.3,0.12454,1347.199701
2026-09-15T01:35:07.188Z,INJ,-28.0198,6020,6.208,1347.199701
2026-09-15T01:35:07.188Z,GRT,4.5665,25.85,0.01835,1347.199701
2026-09-15T01:35:07.188Z,SUI,0.3545,971.8,0.7188,1347.199701
2026-09-15T01:35:07.188Z,HYPE,0.7386,108800,80.168,1347.199701
2026-09-15T01:40:06.911Z,BTC,0.5091,105552000,77952.3,1347.199701
2026-09-15T01:40:06.911Z,ETH,0.5153,3404000,2513.77,1347.199701
2026-09-15T01:40:06.911Z,SOL,0.314,138400,102.41,1347.199701
2026-09-15T01:40:06.911Z,BNB,0.4699,974000,719.6,1347.199701
2026-09-15T01:40:06.911Z,XRP,0.4731,1926,1.4229,1347.199701
2026-09-15T01:40:06.911Z,ADA,0.6131,281.8,0.2079,1347.199701
2026-09-15T01:40:06.911Z,AVAX,0.5182,10220,7.547,1347.199701
2026-09-15T01:40:06.911Z,DOT,0.5327,1343,0.9916,1347.199701
2026-09-15T01:40:06.911Z,LINK,0.2059,15630,11.578,1347.199701
2026-09-15T01:40:06.911Z,POL,-1.1571,128.9,0.0968,1347.199701
2026-09-15T01:40:06.911Z,DOGE,0.3106,113.3,0.08384,1347.199701
2026-09-15T01:40:06.911Z,TRX,0.345,456.6,0.33776,1347.199701
2026-09-15T01:40:06.911Z,XLM,0.4859,261.3,0.19302,1347.199701
2026-09-15T01:40:06.911Z,SHIB,1.1553,0.0071,5.21e-06,1347.199701
2026-09-15T01:40:06.911Z,BCH,0.769,302600,222.9,1347.199701
2026-09-15T01:40:06.911Z,UNI,-0.5026,9005,6.718,1347.199701
2026-09-15T01:40:06.911Z,AAVE,-1.5578,170100,128.26,1347.199701
2026-09-15T01:40:06.911Z,SUSHI,0.9419,293.6,0.2159,1347.199701
2026-09-15T01:40:06.911Z,LDO,-19.3358,399.8,0.3679,1347.199701
2026-09-15T01:40:06.911Z,ICP,2.0738,3750,2.727,1347.199701
2026-09-15T01:40:06.911Z,NEAR,1.1426,3322,2.438,1347.199701
2026-09-15T01:40:06.911Z,HBAR,1.3498,106.5,0.078,1347.199701
2026-09-15T01:40:06.911Z,XTZ,5.9819,390.5,0.2735,1347.199701
2026-09-15T01:40:06.911Z,DYDX,0.6714,154.3,0.11377,1347.199701
2026-09-15T01:40:06.911Z,ARB,-0.9371,179.1,0.1342,1347.199701
2026-09-15T01:40:06.911Z,GMX,1.0528,10160,7.463,1347.199701
2026-09-15T01:40:06.911Z,IMX,-2.5999,163.3,0.12445,1347.199701
2026-09-15T01:40:06.911Z,INJ,-28.0778,6020,6.213,1347.199701
2026-09-15T01:40:06.911Z,GRT,4.6806,25.85,0.01833,1347.199701
2026-09-15T01:40:06.911Z,SUI,0.2012,971.8,0.7199,1347.199701
2026-09-15T01:40:06.911Z,HYPE,0.5042,108800,80.355,1347.199701
2026-09-15T01:45:06.936Z,BTC,0.5697,105584000,77929,1347.199701
2026-09-15T01:45:06.936Z,ETH,0.6642,3408000,2513,1347.199701
2026-09-15T01:45:06.936Z,SOL,0.4808,138400,102.24,1347.199701
2026-09-15T01:45:06.936Z,BNB,0.4838,974000,719.5,1347.199701
2026-09-15T01:45:06.936Z,XRP,0.5128,1925,1.4216,1347.199701
2026-09-15T01:45:06.936Z,ADA,0.6615,281.8,0.2078,1347.199701
2026-09-15T01:45:06.936Z,AVAX,0.5715,10220,7.543,1347.199701
2026-09-15T01:45:06.936Z,DOT,0.7054,1343,0.9899,1347.199701
2026-09-15T01:45:06.936Z,LINK,0.3099,15630,11.566,1347.199701
2026-09-15T01:45:06.936Z,POL,-1.0958,128.9,0.09674,1347.199701
2026-09-15T01:45:06.936Z,DOGE,0.4184,113.3,0.08375,1347.199701
2026-09-15T01:45:06.936Z,TRX,0.3807,456.6,0.33764,1347.199701
2026-09-15T01:45:06.936Z,XLM,0.5368,261.5,0.19307,1347.199701
2026-09-15T01:45:06.936Z,SHIB,1.233,0.0071,5.206e-06,1347.199701
2026-09-15T01:45:06.936Z,BCH,0.9048,302600,222.6,1347.199701
2026-09-15T01:45:06.936Z,UNI,-0.0712,9005,6.689,1347.199701
2026-09-15T01:45:06.936Z,AAVE,-1.4733,170100,128.15,1347.199701
2026-09-15T01:45:06.936Z,SUSHI,0.9419,293.6,0.2159,1347.199701
2026-09-15T01:45:06.936Z,LDO,-19.226,399.8,0.3674,1347.199701
2026-09-15T01:45:06.936Z,ICP,2.1862,3750,2.724,1347.199701
2026-09-15T01:45:06.936Z,NEAR,0.6967,3306,2.437,1347.199701
2026-09-15T01:45:06.936Z,HBAR,1.4539,106.5,0.07792,1347.199701
2026-09-15T01:45:06.936Z,XTZ,6.0207,390.5,0.2734,1347.199701
2026-09-15T01:45:06.936Z,DYDX,0.7866,154.3,0.11364,1347.199701
2026-09-15T01:45:06.936Z,ARB,-0.8188,179.1,0.13404,1347.199701
2026-09-15T01:45:06.936Z,GMX,0.9987,10160,7.467,1347.199701
2026-09-15T01:45:06.936Z,IMX,-2.3488,163.3,0.12413,1347.199701
2026-09-15T01:45:06.936Z,INJ,-27.9734,6020,6.204,1347.199701
2026-09-15T01:45:06.936Z,GRT,4.8522,25.85,0.0183,1347.199701
2026-09-15T01:45:06.936Z,SUI,0.3266,971.8,0.719,1347.199701
2026-09-15T01:45:06.936Z,HYPE,0.6469,108800,80.241,1347.199701
2026-09-15T01:50:07.210Z,BTC,0.4905,105639000,78031,1347.199701
2026-09-15T01:50:07.210Z,ETH,0.5066,3409000,2517.68,1347.199701
2026-09-15T01:50:07.210Z,SOL,0.4492,138600,102.42,1347.199701
2026-09-15T01:50:07.210Z,BNB,0.3304,974000,720.6,1347.199701
2026-09-15T01:50:07.210Z,XRP,0.5378,1929,1.4242,1347.199701
2026-09-15T01:50:07.210Z,ADA,0.5394,282,0.2082,1347.199701
2026-09-15T01:50:07.210Z,AVAX,0.3719,10220,7.558,1347.199701
2026-09-15T01:50:07.210Z,DOT,0.553,1343,0.9914,1347.199701
2026-09-15T01:50:07.210Z,LINK,-0.0186,15630,11.604,1347.199701
2026-09-15T01:50:07.210Z,POL,-1.31,128.9,0.09695,1347.199701
2026-09-15T01:50:07.210Z,DOGE,0.2388,113.3,0.0839,1347.199701
2026-09-15T01:50:07.210Z,TRX,0.3509,456.6,0.33774,1347.199701
2026-09-15T01:50:07.210Z,XLM,0.1839,261.5,0.19375,1347.199701
2026-09-15T01:50:07.210Z,SHIB,1.1359,0.0071,5.211e-06,1347.199701
2026-09-15T01:50:07.210Z,BCH,0.7238,302600,223,1347.199701
2026-09-15T01:50:07.210Z,UNI,-0.1757,9005,6.696,1347.199701
2026-09-15T01:50:07.210Z,AAVE,-1.8334,170100,128.62,1347.199701
2026-09-15T01:50:07.210Z,SUSHI,0.4765,293.6,0.2169,1347.199701
2026-09-15T01:50:07.210Z,LDO,-19.3577,399.8,0.368,1347.199701
2026-09-15T01:50:07.210Z,ICP,1.9243,3750,2.731,1347.199701
2026-09-15T01:50:07.210Z,NEAR,0.2442,3306,2.448,1347.199701
2026-09-15T01:50:07.210Z,HBAR,1.2071,106.5,0.07811,1347.199701
2026-09-15T01:50:07.210Z,XTZ,5.9045,390.5,0.2737,1347.199701
2026-09-15T01:50:07.210Z,DYDX,0.5653,154.3,0.11389,1347.199701
2026-09-15T01:50:07.210Z,ARB,-1.0182,179.1,0.13431,1347.199701
2026-09-15T01:50:07.210Z,GMX,1.0799,10160,7.461,1347.199701
2026-09-15T01:50:07.210Z,IMX,-2.4824,163.3,0.1243,1347.199701
2026-09-15T01:50:07.210Z,INJ,-28.0662,6020,6.212,1347.199701
2026-09-15T01:50:07.210Z,GRT,4.339,25.85,0.01839,1347.199701
2026-09-15T01:50:07.210Z,SUI,0.1177,971.8,0.7205,1347.199701
2026-09-15T01:50:07.210Z,HYPE,0.5029,108800,80.356,1347.199701
2026-09-15T01:55:06.536Z,BTC,0.6008,105639000,77945.5,1347.199701
2026-09-15T01:55:06.536Z,ETH,0.5079,3407000,2516.17,1347.199701
2026-09-15T01:55:06.536Z,SOL,0.6162,138600,102.25,1347.199701
2026-09-15T01:55:06.536Z,BNB,0.4001,974000,720.1,1347.199701
2026-09-15T01:55:06.536Z,XRP,0.5536,1927,1.4225,1347.199701
2026-09-15T01:55:06.536Z,ADA,0.6131,281.8,0.2079,1347.199701
2026-09-15T01:55:06.536Z,AVAX,0.5049,10220,7.548,1347.199701
2026-09-15T01:55:06.536Z,DOT,0.5429,1343,0.9915,1347.199701
2026-09-15T01:55:06.536Z,LINK,0.0677,15630,11.594,1347.199701
2026-09-15T01:55:06.536Z,POL,-1.1877,128.9,0.09683,1347.199701
2026-09-15T01:55:06.536Z,DOGE,0.3465,113.3,0.08381,1347.199701
2026-09-15T01:55:06.536Z,TRX,0.4044,456.6,0.33756,1347.199701
2026-09-15T01:55:06.536Z,XLM,0.5012,263.1,0.19432,1347.199701
2026-09-15T01:55:06.536Z,SHIB,1.233,0.0071,5.206e-06,1347.199701
2026-09-15T01:55:06.536Z,BCH,0.9048,302600,222.6,1347.199701
2026-09-15T01:55:06.536Z,UNI,-0.0862,9005,6.69,1347.199701
2026-09-15T01:55:06.536Z,AAVE,-1.6882,170100,128.43,1347.199701
2026-09-15T01:55:06.536Z,SUSHI,0.6621,293.6,0.2165,1347.199701
2026-09-15T01:55:06.536Z,LDO,-19.3138,399.8,0.3678,1347.199701
2026-09-15T01:55:06.536Z,ICP,2.1862,3750,2.724,1347.199701
2026-09-15T01:55:06.536Z,NEAR,0.5317,3306,2.441,1347.199701
2026-09-15T01:55:06.536Z,HBAR,1.2071,106.5,0.07811,1347.199701
2026-09-15T01:55:06.536Z,XTZ,6.1371,390.5,0.2731,1347.199701
2026-09-15T01:55:06.536Z,DYDX,0.6891,154.3,0.11375,1347.199701
2026-09-15T01:55:06.536Z,ARB,-0.8262,179.1,0.13405,1347.199701
2026-09-15T01:55:06.536Z,GMX,1.1205,10160,7.458,1347.199701
2026-09-15T01:55:06.536Z,IMX,-2.4039,163.3,0.1242,1347.199701
2026-09-15T01:55:06.536Z,INJ,-27.8222,6020,6.191,1347.199701
2026-09-15T01:55:06.536Z,GRT,4.6806,25.85,0.01833,1347.199701
2026-09-15T01:55:06.536Z,SUI,0.2569,971.8,0.7195,1347.199701
2026-09-15T01:55:06.536Z,HYPE,0.3767,108800,80.457,1347.199701
2026-09-15T02:00:07.098Z,BTC,0.6947,105639000,77872.8,1347.199701
2026-09-15T02:00:07.098Z,ETH,0.5902,3407000,2514.11,1347.199701
2026-09-15T02:00:07.098Z,SOL,0.6654,138600,102.2,1347.199701
2026-09-15T02:00:07.098Z,BNB,0.4559,974000,719.7,1347.199701
2026-09-15T02:00:07.098Z,XRP,0.5792,1926,1.4214,1347.199701
2026-09-15T02:00:07.098Z,ADA,0.8557,281.8,0.2074,1347.199701
2026-09-15T02:00:07.098Z,AVAX,0.5581,10220,7.544,1347.199701
2026-09-15T02:00:07.098Z,DOT,0.6139,1343,0.9908,1347.199701
2026-09-15T02:00:07.098Z,LINK,0.1454,15630,11.585,1347.199701
2026-09-15T02:00:07.098Z,POL,-1.106,128.9,0.09675,1347.199701
2026-09-15T02:00:07.098Z,DOGE,0.4543,113.3,0.08372,1347.199701
2026-09-15T02:00:07.098Z,TRX,0.4521,456.6,0.3374,1347.199701
2026-09-15T02:00:07.098Z,XLM,0.6443,263.8,0.19456,1347.199701
2026-09-15T02:00:07.098Z,SHIB,1.2914,0.0071,5.203e-06,1347.199701
2026-09-15T02:00:07.098Z,BCH,0.9955,302600,222.4,1347.199701
2026-09-15T02:00:07.098Z,UNI,0.2736,9005,6.666,1347.199701
2026-09-15T02:00:07.098Z,AAVE,-1.6115,170100,128.33,1347.199701
2026-09-15T02:00:07.098Z,SUSHI,0.7552,293.6,0.2163,1347.199701
2026-09-15T02:00:07.098Z,LDO,-19.2699,399.8,0.3676,1347.199701
2026-09-15T02:00:07.098Z,ICP,2.2237,3750,2.723,1347.199701
2026-09-15T02:00:07.098Z,NEAR,0.7794,3306,2.435,1347.199701
2026-09-15T02:00:07.098Z,HBAR,1.4539,106.5,0.07792,1347.199701
2026-09-15T02:00:07.098Z,XTZ,6.0207,390.5,0.2734,1347.199701
2026-09-15T02:00:07.098Z,DYDX,0.8309,154.3,0.11359,1347.199701
2026-09-15T02:00:07.098Z,ARB,-1.1286,179.1,0.13446,1347.199701
2026-09-15T02:00:07.098Z,GMX,1.6549,10200,7.448,1347.199701
2026-09-15T02:00:07.098Z,IMX,-2.3567,163.3,0.12414,1347.199701
2026-09-15T02:00:07.098Z,INJ,-27.8222,6020,6.191,1347.199701
2026-09-15T02:00:07.098Z,GRT,4.7377,25.85,0.01832,1347.199701
2026-09-15T02:00:07.098Z,SUI,0.6127,974.3,0.7188,1347.199701
2026-09-15T02:00:07.098Z,HYPE,0.6708,108800,80.222,1347.199701
2026-09-15T02:05:07.103Z,BTC,0.634,105614000,77901.3,1347.199701
2026-09-15T02:05:07.103Z,ETH,0.6445,3413000,2517.18,1347.199701
2026-09-15T02:05:07.103Z,SOL,0.5769,138600,102.29,1347.199701
2026-09-15T02:05:07.103Z,BNB,0.3862,974000,720.2,1347.199701
2026-09-15T02:05:07.103Z,XRP,0.5714,1931,1.4252,1347.199701
2026-09-15T02:05:07.103Z,ADA,0.9043,281.8,0.2073,1347.199701
2026-09-15T02:05:07.103Z,AVAX,0.4915,10220,7.549,1347.199701
2026-09-15T02:05:07.103Z,DOT,0.6241,1343,0.9907,1347.199701
2026-09-15T02:05:07.103Z,LINK,-0.0186,15630,11.604,1347.199701
2026-09-15T02:05:07.103Z,POL,-1.0242,128.9,0.09667,1347.199701
2026-09-15T02:05:07.103Z,DOGE,0.6482,113.6,0.08378,1347.199701
2026-09-15T02:05:07.103Z,TRX,0.4669,456.6,0.33735,1347.199701
2026-09-15T02:05:07.103Z,XLM,0.7743,264.1,0.19453,1347.199701
2026-09-15T02:05:07.103Z,SHIB,1.2525,0.0071,5.205e-06,1347.199701
2026-09-15T02:05:07.103Z,BCH,0.9501,302600,222.5,1347.199701
2026-09-15T02:05:07.103Z,UNI,0.6888,9045,6.668,1347.199701
2026-09-15T02:05:07.103Z,AAVE,-1.6575,170100,128.39,1347.199701
2026-09-15T02:05:07.103Z,SUSHI,0.7552,293.6,0.2163,1347.199701
2026-09-15T02:05:07.103Z,LDO,-19.2919,399.8,0.3677,1347.199701
2026-09-15T02:05:07.103Z,ICP,2.1112,3750,2.726,1347.199701
2026-09-15T02:05:07.103Z,NEAR,0.6554,3306,2.438,1347.199701
2026-09-15T02:05:07.103Z,HBAR,1.4539,106.5,0.07792,1347.199701
2026-09-15T02:05:07.103Z,XTZ,6.176,390.5,0.273,1347.199701
2026-09-15T02:05:07.103Z,DYDX,0.7688,154.3,0.11366,1347.199701
2026-09-15T02:05:07.103Z,ARB,-1.0403,179.1,0.13434,1347.199701
2026-09-15T02:05:07.103Z,GMX,1.5186,10200,7.458,1347.199701
2026-09-15T02:05:07.103Z,IMX,-2.4117,163.3,0.12421,1347.199701
2026-09-15T02:05:07.103Z,INJ,-27.7638,6020,6.186,1347.199701
2026-09-15T02:05:07.103Z,GRT,4.7949,25.85,0.01831,1347.199701
2026-09-15T02:05:07.103Z,SUI,0.4729,974.3,0.7198,1347.199701
2026-09-15T02:05:07.103Z,HYPE,0.6469,108800,80.241,1347.199701
2026-09-15T02:10:06.947Z,BTC,0.5951,105603000,77923.3,1347.199701
2026-09-15T02:10:06.947Z,ETH,0.6485,3413000,2517.08,1347.199701
2026-09-15T02:10:06.947Z,SOL,0.6457,138600,102.22,1347.199701
2026-09-15T02:10:06.947Z,BNB,0.414,974000,720,1347.199701
2026-09-15T02:10:06.947Z,XRP,0.6544,1933,1.4255,1347.199701
2026-09-15T02:10:06.947Z,ADA,0.8557,281.8,0.2074,1347.199701
2026-09-15T02:10:06.947Z,AVAX,0.5049,10220,7.548,1347.199701
2026-09-15T02:10:06.947Z,DOT,0.6342,1343,0.9906,1347.199701
2026-09-15T02:10:06.947Z,LINK,-0.0616,15630,11.609,1347.199701
2026-09-15T02:10:06.947Z,POL,-1.0958,128.9,0.09674,1347.199701
2026-09-15T02:10:06.947Z,DOGE,0.7248,113.7,0.08379,1347.199701
2026-09-15T02:10:06.947Z,TRX,0.5146,456.6,0.33719,1347.199701
2026-09-15T02:10:06.947Z,XLM,0.263,263.8,0.1953,1347.199701
2026-09-15T02:10:06.947Z,SHIB,1.3109,0.0071,5.202e-06,1347.199701
2026-09-15T02:10:06.947Z,BCH,0.9501,302600,222.5,1347.199701
2026-09-15T02:10:06.947Z,UNI,0.9613,9045,6.65,1347.199701
2026-09-15T02:10:06.947Z,AAVE,-1.5041,170100,128.19,1347.199701
2026-09-15T02:10:06.947Z,SUSHI,0.7552,293.6,0.2163,1347.199701
2026-09-15T02:10:06.947Z,LDO,-19.248,399.8,0.3675,1347.199701
2026-09-15T02:10:06.947Z,ICP,2.2613,3750,2.722,1347.199701
2026-09-15T02:10:06.947Z,NEAR,0.6142,3306,2.439,1347.199701
2026-09-15T02:10:06.947Z,HBAR,1.4018,106.5,0.07796,1347.199701
2026-09-15T02:10:06.947Z,XTZ,6.3318,390.5,0.2726,1347.199701
2026-09-15T02:10:06.947Z,DYDX,0.9109,154.3,0.1135,1347.199701
2026-09-15T02:10:06.947Z,ARB,0.6163,181.8,0.13412,1347.199701
2026-09-15T02:10:06.947Z,GMX,1.7506,10200,7.441,1347.199701
2026-09-15T02:10:06.947Z,IMX,-2.3095,163.3,0.12408,1347.199701
2026-09-15T02:10:06.947Z,INJ,-27.5413,6020,6.167,1347.199701
2026-09-15T02:10:06.947Z,GRT,5.1971,25.85,0.01824,1347.199701
2026-09-15T02:10:06.947Z,SUI,0.5288,974.3,0.7194,1347.199701
2026-09-15T02:10:06.947Z,HYPE,0.652,108800,80.237,1347.199701
2026-09-15T02:15:07.101Z,BTC,0.7007,105750000,77950,1347.199701
2026-09-15T02:15:07.101Z,ETH,0.7562,3416000,2516.6,1347.199701
2026-09-15T02:15:07.101Z,SOL,0.6359,138600,102.23,1347.199701
2026-09-15T02:15:07.101Z,BNB,0.3862,974000,720.2,1347.199701
2026-09-15T02:15:07.101Z,XRP,0.6861,1937,1.428,1347.199701
2026-09-15T02:15:07.101Z,ADA,0.6742,281.7,0.2077,1347.199701
2026-09-15T02:15:07.101Z,AVAX,0.4383,10220,7.553,1347.199701
2026-09-15T02:15:07.101Z,DOT,0.797,1343,0.989,1347.199701
2026-09-15T02:15:07.101Z,LINK,-0.1219,15630,11.616,1347.199701
2026-09-15T02:15:07.101Z,POL,-1.2896,128.9,0.09693,1347.199701
2026-09-15T02:15:07.101Z,DOGE,0.7007,113.7,0.08381,1347.199701
2026-09-15T02:15:07.101Z,TRX,0.8258,458,0.33718,1347.199701
2026-09-15T02:15:07.101Z,XLM,1.1306,267.2,0.19612,1347.199701
2026-09-15T02:15:07.101Z,SHIB,1.3109,0.0071,5.202e-06,1347.199701
2026-09-15T02:15:07.101Z,BCH,0.9955,302600,222.4,1347.199701
2026-09-15T02:15:07.101Z,UNI,1.0221,9045,6.646,1347.199701
2026-09-15T02:15:07.101Z,AAVE,-1.4195,170100,128.08,1347.199701
2026-09-15T02:15:07.101Z,SUSHI,0.7552,293.6,0.2163,1347.199701
2026-09-15T02:15:07.101Z,LDO,-19.182,399.8,0.3672,1347.199701
2026-09-15T02:15:07.101Z,ICP,2.2613,3750,2.722,1347.199701
2026-09-15T02:15:07.101Z,NEAR,0.4083,3306,2.444,1347.199701
2026-09-15T02:15:07.101Z,HBAR,1.4018,106.5,0.07796,1347.199701
2026-09-15T02:15:07.101Z,XTZ,6.0207,390.5,0.2734,1347.199701
2026-09-15T02:15:07.101Z,DYDX,0.9376,154.3,0.11347,1347.199701
2026-09-15T02:15:07.101Z,ARB,0.729,181.8,0.13397,1347.199701
2026-09-15T02:15:07.101Z,GMX,1.2878,10200,7.475,1347.199701
2026-09-15T02:15:07.101Z,IMX,-2.2386,163.3,0.12399,1347.199701
2026-09-15T02:15:07.101Z,INJ,-27.3292,6020,6.149,1347.199701
2026-09-15T02:15:07.101Z,GRT,5.2548,25.85,0.01823,1347.199701
2026-09-15T02:15:07.101Z,SUI,0.7911,978.2,0.7204,1347.199701
2026-09-15T02:15:07.101Z,HYPE,0.7612,108800,80.15,1347.199701
2026-09-15T02:20:06.922Z,BTC,0.7815,105770000,77902.2,1347.199701
2026-09-15T02:20:06.922Z,ETH,0.7226,3416000,2517.44,1347.199701
2026-09-15T02:20:06.922Z,SOL,0.6457,138600,102.22,1347.199701
2026-09-15T02:20:06.922Z,BNB,0.3444,974000,720.5,1347.199701
2026-09-15T02:20:06.922Z,XRP,0.7733,1938,1.4275,1347.199701
2026-09-15T02:20:06.922Z,ADA,0.6742,281.7,0.2077,1347.199701
2026-09-15T02:20:06.922Z,AVAX,0.4782,10220,7.55,1347.199701
2026-09-15T02:20:06.922Z,DOT,0.7156,1343,0.9898,1347.199701
2026-09-15T02:20:06.922Z,LINK,-0.0616,15630,11.609,1347.199701
2026-09-15T02:20:06.922Z,POL,-1.1673,128.9,0.09681,1347.199701
2026-09-15T02:20:06.922Z,DOGE,0.6887,113.7,0.08382,1347.199701
2026-09-15T02:20:06.922Z,TRX,0.8348,458,0.33715,1347.199701
2026-09-15T02:20:06.922Z,XLM,0.9668,266.4,0.19585,1347.199701
2026-09-15T02:20:06.922Z,SHIB,1.233,0.0071,5.206e-06,1347.199701
2026-09-15T02:20:06.922Z,BCH,0.9501,302600,222.5,1347.199701
2026-09-15T02:20:06.922Z,UNI,0.5962,9015,6.652,1347.199701
2026-09-15T02:20:06.922Z,AAVE,-1.381,170100,128.03,1347.199701
2026-09-15T02:20:06.922Z,SUSHI,0.8018,293.6,0.2162,1347.199701
2026-09-15T02:20:06.922Z,LDO,-19.16,399.8,0.3671,1347.199701
2026-09-15T02:20:06.922Z,ICP,2.3741,3750,2.719,1347.199701
2026-09-15T02:20:06.922Z,NEAR,0.5317,3306,2.441,1347.199701
2026-09-15T02:20:06.922Z,HBAR,1.7435,106.9,0.07799,1347.199701
2026-09-15T02:20:06.922Z,XTZ,6.0207,390.5,0.2734,1347.199701
2026-09-15T02:20:06.922Z,DYDX,0.9198,154.3,0.11349,1347.199701
2026-09-15T02:20:06.922Z,ARB,0.7741,181.8,0.13391,1347.199701
2026-09-15T02:20:06.922Z,GMX,1.2878,10200,7.475,1347.199701
2026-09-15T02:20:06.922Z,IMX,-2.4039,163.3,0.1242,1347.199701
2026-09-15T02:20:06.922Z,INJ,-27.27,6020,6.144,1347.199701
2026-09-15T02:20:06.922Z,GRT,5.3704,25.85,0.01821,1347.199701
2026-09-15T02:20:06.922Z,SUI,0.7631,978.2,0.7206,1347.199701
2026-09-15T02:20:06.922Z,HYPE,0.7927,108800,80.125,1347.199701
2026-09-15T02:25:06.912Z,BTC,0.7205,105752000,77936.1,1347.199701
2026-09-15T02:25:06.912Z,ETH,0.769,3416000,2516.28,1347.199701
2026-09-15T02:25:06.912Z,SOL,0.6162,138600,102.25,1347.199701
2026-09-15T02:25:06.912Z,BNB,0.3304,974000,720.6,1347.199701
2026-09-15T02:25:06.912Z,XRP,0.6738,1935,1.4267,1347.199701
2026-09-15T02:25:06.912Z,ADA,0.7227,281.7,0.2076,1347.199701
2026-09-15T02:25:06.912Z,AVAX,0.5182,10220,7.547,1347.199701
2026-09-15T02:25:06.912Z,DOT,0.7665,1343,0.9893,1347.199701
2026-09-15T02:25:06.912Z,LINK,-0.053,15630,11.608,1347.199701
2026-09-15T02:25:06.912Z,POL,-1.1775,128.9,0.09682,1347.199701
2026-09-15T02:25:06.912Z,DOGE,0.7128,113.7,0.0838,1347.199701
2026-09-15T02:25:06.912Z,TRX,0.766,458,0.33738,1347.199701
2026-09-15T02:25:06.912Z,XLM,0.5294,265.3,0.19589,1347.199701
2026-09-15T02:25:06.912Z,SHIB,1.2914,0.0071,5.203e-06,1347.199701
2026-09-15T02:25:06.912Z,BCH,1.3537,303400,222.2,1347.199701
2026-09-15T02:25:06.912Z,UNI,1.4502,9015,6.596,1347.199701
2026-09-15T02:25:06.912Z,AAVE,-1.2035,170100,127.8,1347.199701
2026-09-15T02:25:06.912Z,SUSHI,0.8952,293.6,0.216,1347.199701
2026-09-15T02:25:06.912Z,LDO,-19.0497,399.8,0.3666,1347.199701
2026-09-15T02:25:06.912Z,ICP,2.2988,3750,2.721,1347.199701
2026-09-15T02:25:06.912Z,NEAR,0.5729,3306,2.44,1347.199701
2026-09-15T02:25:06.912Z,HBAR,1.8872,106.9,0.07788,1347.199701
2026-09-15T02:25:06.912Z,XTZ,6.2539,390.5,0.2728,1347.199701
2026-09-15T02:25:06.912Z,DYDX,0.9465,154.3,0.11346,1347.199701
2026-09-15T02:25:06.912Z,ARB,0.7967,181.8,0.13388,1347.199701
2026-09-15T02:25:06.912Z,GMX,1.3284,10200,7.472,1347.199701
2026-09-15T02:25:06.912Z,IMX,-2.3488,163.3,0.12413,1347.199701
2026-09-15T02:25:06.912Z,INJ,-27.199,6020,6.138,1347.199701
2026-09-15T02:25:06.912Z,GRT,5.6024,25.85,0.01817,1347.199701
2026-09-15T02:25:06.912Z,SUI,0.819,978.2,0.7202,1347.199701
2026-09-15T02:25:06.912Z,HYPE,0.8266,108800,80.098,1347.199701
2026-09-15T02:30:06.956Z,BTC,0.8072,105821000,77919.9,1347.199701
2026-09-15T02:30:06.956Z,ETH,0.8054,3416000,2515.37,1347.199701
2026-09-15T02:30:06.956Z,SOL,0.6359,138600,102.23,1347.199701
2026-09-15T02:30:06.956Z,BNB,0.4001,974000,720.1,1347.199701
2026-09-15T02:30:06.956Z,XRP,0.8228,1938,1.4268,1347.199701
2026-09-15T02:30:06.956Z,ADA,1.0217,282.4,0.2075,1347.199701
2026-09-15T02:30:06.956Z,AVAX,0.4915,10220,7.549,1347.199701
2026-09-15T02:30:06.956Z,DOT,0.797,1343,0.989,1347.199701
2026-09-15T02:30:06.956Z,LINK,0.0073,15630,11.601,1347.199701
2026-09-15T02:30:06.956Z,POL,-1.1367,128.9,0.09678,1347.199701
2026-09-15T02:30:06.956Z,DOGE,0.7248,113.7,0.08379,1347.199701
2026-09-15T02:30:06.956Z,TRX,0.856,458.3,0.3373,1347.199701
2026-09-15T02:30:06.956Z,XLM,0.8096,265.7,0.19564,1347.199701
2026-09-15T02:30:06.956Z,SHIB,1.1941,0.0071,5.208e-06,1347.199701
2026-09-15T02:30:06.956Z,BCH,8.7698,325600,222.2,1347.199701
2026-09-15T02:30:06.956Z,UNI,1.7124,9015,6.579,1347.199701
2026-09-15T02:30:06.956Z,AAVE,-1.0487,170100,127.6,1347.199701
2026-09-15T02:30:06.956Z,SUSHI,0.8485,293.6,0.2161,1347.199701
2026-09-15T02:30:06.956Z,LDO,-19.0276,399.8,0.3665,1347.199701
2026-09-15T02:30:06.956Z,ICP,2.2613,3750,2.722,1347.199701
2026-09-15T02:30:06.956Z,NEAR,0.3672,3306,2.445,1347.199701
2026-09-15T02:30:06.956Z,HBAR,2.0182,106.9,0.07778,1347.199701
2026-09-15T02:30:06.956Z,XTZ,6.3318,390.5,0.2726,1347.199701
2026-09-15T02:30:06.956Z,DYDX,0.9465,154.3,0.11346,1347.199701
2026-09-15T02:30:06.956Z,ARB,0.8569,181.8,0.1338,1347.199701
2026-09-15T02:30:06.956Z,GMX,1.3284,10200,7.472,1347.199701
2026-09-15T02:30:06.956Z,IMX,-2.5999,163.3,0.12445,1347.199701
2026-09-15T02:30:06.956Z,INJ,-27.0683,6020,6.127,1347.199701
2026-09-15T02:30:06.956Z,GRT,5.5443,25.85,0.01818,1347.199701
2026-09-15T02:30:06.956Z,SUI,0.7771,978.2,0.7205,1347.199701
2026-09-15T02:30:06.956Z,HYPE,0.8891,108900,80.122,1347.199701
2026-09-15T02:35:06.553Z,BTC,0.8021,105782000,77895.1,1347.199701
2026-09-15T02:35:06.553Z,ETH,0.8522,3417000,2514.94,1347.199701
2026-09-15T02:35:06.553Z,SOL,0.6359,138600,102.23,1347.199701
2026-09-15T02:35:06.553Z,BNB,0.428,974000,719.9,1347.199701
2026-09-15T02:35:06.553Z,XRP,0.7778,1937,1.4267,1347.199701
2026-09-15T02:35:06.553Z,ADA,0.9244,282.4,0.2077,1347.199701
2026-09-15T02:35:06.553Z,AVAX,0.4383,10220,7.553,1347.199701
2026-09-15T02:35:06.553Z,DOT,0.553,1343,0.9914,1347.199701
2026-09-15T02:35:06.553Z,LINK,0.7056,15750,11.609,1347.199701
2026-09-15T02:35:06.553Z,POL,-1.1775,128.9,0.09682,1347.199701
2026-09-15T02:35:06.553Z,DOGE,0.6647,113.7,0.08384,1347.199701
2026-09-15T02:35:06.553Z,TRX,0.878,458.4,0.3373,1347.199701
2026-09-15T02:35:06.553Z,XLM,0.7932,266.2,0.19604,1347.199701
2026-09-15T02:35:06.553Z,SHIB,1.1165,0.0071,5.212e-06,1347.199701
2026-09-15T02:35:06.553Z,BCH,8.672,325600,222.4,1347.199701
2026-09-15T02:35:06.553Z,UNI,0.8056,8955,6.594,1347.199701
2026-09-15T02:35:06.553Z,AAVE,-1.1648,170100,127.75,1347.199701
2026-09-15T02:35:06.553Z,SUSHI,0.6621,293.6,0.2165,1347.199701
2026-09-15T02:35:06.553Z,LDO,-18.9613,399.8,0.3662,1347.199701
2026-09-15T02:35:06.553Z,ICP,2.0738,3750,2.727,1347.199701
2026-09-15T02:35:06.553Z,NEAR,0.4905,3306,2.442,1347.199701
2026-09-15T02:35:06.553Z,HBAR,2.0445,106.9,0.07776,1347.199701
2026-09-15T02:35:06.553Z,XTZ,6.2539,390.5,0.2728,1347.199701
2026-09-15T02:35:06.553Z,DYDX,0.9643,154.3,0.11344,1347.199701
2026-09-15T02:35:06.553Z,ARB,0.7357,181.5,0.13374,1347.199701
2026-09-15T02:35:06.553Z,GMX,1.2878,10200,7.475,1347.199701
2026-09-15T02:35:06.553Z,IMX,-2.5608,163.3,0.1244,1347.199701
2026-09-15T02:35:06.553Z,INJ,-27.3528,6020,6.151,1347.199701
2026-09-15T02:35:06.553Z,GRT,5.6024,25.85,0.01817,1347.199701
2026-09-15T02:35:06.553Z,SUI,0.6513,978.2,0.7214,1347.199701
2026-09-15T02:35:06.553Z,HYPE,0.6366,108900,80.323,1347.199701
2026-09-15T02:40:07.282Z,BTC,0.76,105703000,77869.5,1347.199701
2026-09-15T02:40:07.282Z,ETH,0.7964,3412000,2512.65,1347.199701
2026-09-15T02:40:07.282Z,SOL,0.8367,138700,102.1,1347.199701
2026-09-15T02:40:07.282Z,BNB,0.4559,974000,719.7,1347.199701
2026-09-15T02:40:07.282Z,XRP,0.7778,1937,1.4267,1347.199701
2026-09-15T02:40:07.282Z,ADA,0.8428,281.9,0.2075,1347.199701
2026-09-15T02:40:07.282Z,AVAX,0.4915,10220,7.549,1347.199701
2026-09-15T02:40:07.282Z,DOT,0.5125,1343,0.9918,1347.199701
2026-09-15T02:40:07.282Z,LINK,0.7838,15750,11.6,1347.199701
2026-09-15T02:40:07.282Z,POL,-1.1162,128.9,0.09676,1347.199701
2026-09-15T02:40:07.282Z,DOGE,0.8254,113.8,0.08378,1347.199701
2026-09-15T02:40:07.282Z,TRX,0.854,458.4,0.33738,1347.199701
2026-09-15T02:40:07.282Z,XLM,0.7843,266,0.19591,1347.199701
2026-09-15T02:40:07.282Z,SHIB,1.1359,0.0071,5.211e-06,1347.199701
2026-09-15T02:40:07.282Z,BCH,8.8678,325600,222,1347.199701
2026-09-15T02:40:07.282Z,UNI,0.8362,8955,6.592,1347.199701
2026-09-15T02:40:07.282Z,AAVE,-1.0874,170100,127.65,1347.199701
2026-09-15T02:40:07.282Z,SUSHI,0.6621,293.6,0.2165,1347.199701
2026-09-15T02:40:07.282Z,LDO,-18.8949,399.8,0.3659,1347.199701
2026-09-15T02:40:07.282Z,ICP,2.2237,3750,2.723,1347.199701
2026-09-15T02:40:07.282Z,NEAR,0.0807,3306,2.452,1347.199701
2026-09-15T02:40:07.282Z,HBAR,1.7435,106.9,0.07799,1347.199701
2026-09-15T02:40:07.282Z,XTZ,6.2928,390.5,0.2727,1347.199701
2026-09-15T02:40:07.282Z,DYDX,0.9643,154.3,0.11344,1347.199701
2026-09-15T02:40:07.282Z,ARB,0.4099,181.4,0.1341,1347.199701
2026-09-15T02:40:07.282Z,GMX,1.3827,10200,7.468,1347.199701
2026-09-15T02:40:07.282Z,IMX,-2.5608,163.3,0.1244,1347.199701
2026-09-15T02:40:07.282Z,INJ,-27.2345,6020,6.141,1347.199701
2026-09-15T02:40:07.282Z,GRT,5.3126,25.85,0.01822,1347.199701
2026-09-15T02:40:07.282Z,SUI,0.6653,978.2,0.7213,1347.199701
2026-09-15T02:40:07.282Z,HYPE,0.7884,108900,80.202,1347.199701
2026-09-15T02:45:06.892Z,BTC,0.8223,105723000,77836.1,1347.199701
2026-09-15T02:45:06.892Z,ETH,0.8214,3411000,2511.29,1347.199701
2026-09-15T02:45:06.892Z,SOL,0.8861,138700,102.05,1347.199701
2026-09-15T02:45:06.892Z,BNB,0.428,974000,719.9,1347.199701
2026-09-15T02:45:06.892Z,XRP,0.8652,1938,1.4262,1347.199701
2026-09-15T02:45:06.892Z,ADA,0.9272,282,0.2074,1347.199701
2026-09-15T02:45:06.892Z,AVAX,0.4383,10220,7.553,1347.199701
2026-09-15T02:45:06.892Z,DOT,0.553,1343,0.9914,1347.199701
2026-09-15T02:45:06.892Z,LINK,0.8359,15750,11.594,1347.199701
2026-09-15T02:45:06.892Z,POL,-1.0958,128.9,0.09674,1347.199701
2026-09-15T02:45:06.892Z,DOGE,0.8495,113.8,0.08376,1347.199701
2026-09-15T02:45:06.892Z,TRX,1.0511,459.5,0.33753,1347.199701
2026-09-15T02:45:06.892Z,XLM,0.7483,266,0.19598,1347.199701
2026-09-15T02:45:06.892Z,SHIB,1.0583,0.0071,5.215e-06,1347.199701
2026-09-15T02:45:06.892Z,BCH,8.672,325600,222.4,1347.199701
2026-09-15T02:45:06.892Z,UNI,0.7903,8955,6.595,1347.199701
2026-09-15T02:45:06.892Z,AAVE,-0.9866,170100,127.52,1347.199701
2026-09-15T02:45:06.892Z,SUSHI,0.8018,293.6,0.2162,1347.199701
2026-09-15T02:45:06.892Z,LDO,-18.8727,399.8,0.3658,1347.199701
2026-09-15T02:45:06.892Z,ICP,2.3365,3750,2.72,1347.199701
2026-09-15T02:45:06.892Z,NEAR,0.4905,3306,2.442,1347.199701
2026-09-15T02:45:06.892Z,HBAR,1.4444,106.9,0.07822,1347.199701
2026-09-15T02:45:06.892Z,XTZ,6.3708,390.5,0.2725,1347.199701
2026-09-15T02:45:06.892Z,DYDX,0.991,154.3,0.11341,1347.199701
2026-09-15T02:45:06.892Z,ARB,0.9777,181.8,0.13364,1347.199701
2026-09-15T02:45:06.892Z,GMX,1.4642,10200,7.462,1347.199701
2026-09-15T02:45:06.892Z,IMX,-2.4667,163.3,0.12428,1347.199701
2026-09-15T02:45:06.892Z,INJ,-27.0444,6020,6.125,1347.199701
2026-09-15T02:45:06.892Z,GRT,5.5443,25.85,0.01818,1347.199701
2026-09-15T02:45:06.892Z,SUI,0.7911,978.2,0.7204,1347.199701
2026-09-15T02:45:06.892Z,HYPE,0.959,109000,80.14,1347.199701
2026-09-15T02:50:06.960Z,BTC,0.8269,105657000,77783.9,1347.199701
2026-09-15T02:50:06.960Z,ETH,0.8157,3409000,2509.96,1347.199701
2026-09-15T02:50:06.960Z,SOL,0.7802,138500,102.01,1347.199701
2026-09-15T02:50:06.960Z,BNB,0.442,974000,719.8,1347.199701
2026-09-15T02:50:06.960Z,XRP,0.7463,1933,1.4242,1347.199701
2026-09-15T02:50:06.960Z,ADA,0.9172,281.7,0.2072,1347.199701
2026-09-15T02:50:06.960Z,AVAX,0.425,10220,7.554,1347.199701
2026-09-15T02:50:06.960Z,DOT,0.8017,1347,0.9919,1347.199701
2026-09-15T02:50:06.960Z,LINK,0.984,15750,11.577,1347.199701
2026-09-15T02:50:06.960Z,POL,-1.0855,128.9,0.09673,1347.199701
2026-09-15T02:50:06.960Z,DOGE,0.8331,113.7,0.0837,1347.199701
2026-09-15T02:50:06.960Z,TRX,0.882,458.5,0.33736,1347.199701
2026-09-15T02:50:06.960Z,XLM,1.0488,265.5,0.19503,1347.199701
2026-09-15T02:50:06.960Z,SHIB,1.1359,0.0071,5.211e-06,1347.199701
2026-09-15T02:50:06.960Z,BCH,8.7698,325600,222.2,1347.199701
2026-09-15T02:50:06.960Z,UNI,0.8515,8955,6.591,1347.199701
2026-09-15T02:50:06.960Z,AAVE,-0.9788,170100,127.51,1347.199701
2026-09-15T02:50:06.960Z,SUSHI,0.7552,293.6,0.2163,1347.199701
2026-09-15T02:50:06.960Z,LDO,-18.7616,399.8,0.3653,1347.199701
2026-09-15T02:50:06.960Z,ICP,2.2988,3750,2.721,1347.199701
2026-09-15T02:50:06.960Z,NEAR,0.4905,3306,2.442,1347.199701
2026-09-15T02:50:06.960Z,HBAR,1.3407,106.9,0.0783,1347.199701
2026-09-15T02:50:06.960Z,XTZ,6.4099,390.5,0.2724,1347.199701
2026-09-15T02:50:06.960Z,DYDX,1.0801,154.3,0.11331,1347.199701
2026-09-15T02:50:06.960Z,ARB,1.0609,181.8,0.13353,1347.199701
2026-09-15T02:50:06.960Z,GMX,1.3556,10200,7.47,1347.199701
2026-09-15T02:50:06.960Z,IMX,-2.3724,163.3,0.12416,1347.199701
2026-09-15T02:50:06.960Z,INJ,-26.9729,6020,6.119,1347.199701
2026-09-15T02:50:06.960Z,GRT,5.7187,25.85,0.01815,1347.199701
2026-09-15T02:50:06.960Z,SUI,0.7911,978.2,0.7204,1347.199701
2026-09-15T02:50:06.960Z,HYPE,0.9653,109000,80.135,1347.199701
2026-09-15T02:55:06.917Z,BTC,0.8325,105717000,77823.8,1347.199701
2026-09-15T02:55:06.917Z,ETH,0.7772,3409000,2510.92,1347.199701
2026-09-15T02:55:06.917Z,SOL,0.7999,138500,101.99,1347.199701
2026-09-15T02:55:06.917Z,BNB,0.2192,974000,721.4,1347.199701
2026-09-15T02:55:06.917Z,XRP,0.8054,1934,1.4241,1347.199701
2026-09-15T02:55:06.917Z,ADA,0.9272,282,0.2074,1347.199701
2026-09-15T02:55:06.917Z,AVAX,0.3586,10220,7.559,1347.199701
2026-09-15T02:55:06.917Z,DOT,0.5786,1347,0.9941,1347.199701
2026-09-15T02:55:06.917Z,LINK,0.8993,15730,11.572,1347.199701
2026-09-15T02:55:06.917Z,POL,-1.106,128.9,0.09675,1347.199701
2026-09-15T02:55:06.917Z,DOGE,0.7608,113.7,0.08376,1347.199701
2026-09-15T02:55:06.917Z,TRX,0.882,458.5,0.33736,1347.199701
2026-09-15T02:55:06.917Z,XLM,0.672,265.5,0.19576,1347.199701
2026-09-15T02:55:06.917Z,SHIB,1.0002,0.0071,5.218e-06,1347.199701
2026-09-15T02:55:06.917Z,BCH,8.672,325600,222.4,1347.199701
2026-09-15T02:55:06.917Z,UNI,0.44,8955,6.618,1347.199701
2026-09-15T02:55:06.917Z,AAVE,-1.1726,170100,127.76,1347.199701
2026-09-15T02:55:06.917Z,SUSHI,0.8485,293.6,0.2161,1347.199701
2026-09-15T02:55:06.917Z,LDO,-18.8283,399.8,0.3656,1347.199701
2026-09-15T02:55:06.917Z,ICP,2.0364,3750,2.728,1347.199701
2026-09-15T02:55:06.917Z,NEAR,0.4905,3306,2.442,1347.199701
2026-09-15T02:55:06.917Z,HBAR,1.1212,106.9,0.07847,1347.199701
2026-09-15T02:55:06.917Z,XTZ,6.0595,390.5,0.2733,1347.199701
2026-09-15T02:55:06.917Z,DYDX,0.902,154.3,0.11351,1347.199701
2026-09-15T02:55:06.917Z,ARB,0.8042,181.8,0.13387,1347.199701
2026-09-15T02:55:06.917Z,GMX,1.193,10200,7.482,1347.199701
2026-09-15T02:55:06.917Z,IMX,-2.4117,163.3,0.12421,1347.199701
2026-09-15T02:55:06.917Z,INJ,-27.1277,6020,6.132,1347.199701
2026-09-15T02:55:06.917Z,GRT,5.8938,25.85,0.01812,1347.199701
2026-09-15T02:55:06.917Z,SUI,0.6234,978.2,0.7216,1347.199701
2026-09-15T02:55:06.917Z,HYPE,1.0492,108900,79.995,1347.199701
2026-09-15T03:00:07.094Z,BTC,0.7951,105730000,77862.2,1347.199701
2026-09-15T03:00:07.094Z,ETH,0.8783,3412000,2510.61,1347.199701
2026-09-15T03:00:07.094Z,SOL,0.889,138500,101.9,1347.199701
2026-09-15T03:00:07.094Z,BNB,0.2331,974000,721.3,1347.199701
2026-09-15T03:00:07.094Z,XRP,0.9188,1934,1.4225,1347.199701
2026-09-15T03:00:07.094Z,ADA,0.963,282.1,0.2074,1347.199701
2026-09-15T03:00:07.094Z,AVAX,0.3055,10220,7.563,1347.199701
2026-09-15T03:00:07.094Z,DOT,0.5887,1347,0.994,1347.199701
2026-09-15T03:00:07.094Z,LINK,0.9923,15720,11.554,1347.199701
2026-09-15T03:00:07.094Z,POL,-0.7984,128.9,0.09645,1347.199701
2026-09-15T03:00:07.094Z,DOGE,0.7608,113.7,0.08376,1347.199701
2026-09-15T03:00:07.094Z,TRX,0.8372,458.5,0.33751,1347.199701
2026-09-15T03:00:07.094Z,XLM,0.6257,265.5,0.19585,1347.199701
2026-09-15T03:00:07.094Z,SHIB,1.0389,0.0071,5.216e-06,1347.199701
2026-09-15T03:00:07.094Z,BCH,8.5744,325600,222.6,1347.199701
2026-09-15T03:00:07.094Z,UNI,0.5008,8955,6.614,1347.199701
2026-09-15T03:00:07.094Z,AAVE,-1.2035,170100,127.8,1347.199701
2026-09-15T03:00:07.094Z,SUSHI,0.8018,293.6,0.2162,1347.199701
2026-09-15T03:00:07.094Z,LDO,-18.7616,399.8,0.3653,1347.199701
2026-09-15T03:00:07.094Z,ICP,1.887,3750,2.732,1347.199701
2026-09-15T03:00:07.094Z,NEAR,0.6142,3306,2.439,1347.199701
2026-09-15T03:00:07.094Z,HBAR,1.1598,106.9,0.07844,1347.199701
2026-09-15T03:00:07.094Z,XTZ,6.176,390.5,0.273,1347.199701
2026-09-15T03:00:07.094Z,DYDX,0.8398,154.3,0.11358,1347.199701
2026-09-15T03:00:07.094Z,ARB,0.7515,181.8,0.13394,1347.199701
2026-09-15T03:00:07.094Z,GMX,1.031,10200,7.494,1347.199701
2026-09-15T03:00:07.094Z,IMX,-2.4588,163.3,0.12427,1347.199701
2026-09-15T03:00:07.094Z,INJ,-27.1158,6020,6.131,1347.199701
2026-09-15T03:00:07.094Z,GRT,5.7187,25.85,0.01815,1347.199701
2026-09-15T03:00:07.094Z,SUI,0.9757,980.4,0.7207,1347.199701
2026-09-15T03:00:07.094Z,HYPE,1.1352,108900,79.927,1347.199701
2026-09-15T03:05:07.175Z,BTC,0.78,105613000,77787.7,1347.199701
2026-09-15T03:05:07.175Z,ETH,0.8672,3404000,2505,1347.199701
2026-09-15T03:05:07.175Z,SOL,0.8882,138200,101.68,1347.199701
2026-09-15T03:05:07.175Z,BNB,0.3444,974000,720.5,1347.199701
2026-09-15T03:05:07.175Z,XRP,0.8042,1928,1.4197,1347.199701
2026-09-15T03:05:07.175Z,ADA,0.9817,281.2,0.2067,1347.199701
2026-09-15T03:05:07.175Z,AVAX,0.5581,10220,7.544,1347.199701
2026-09-15T03:05:07.175Z,DOT,0.761,1347,0.9923,1347.199701
2026-09-15T03:05:07.175Z,LINK,0.7932,15670,11.54,1347.199701
2026-09-15T03:05:07.175Z,POL,-0.6336,128.9,0.09629,1347.199701
2026-09-15T03:05:07.175Z,DOGE,0.8287,113.6,0.08363,1347.199701
2026-09-15T03:05:07.175Z,TRX,1.1001,459.6,0.33744,1347.199701
2026-09-15T03:05:07.175Z,XLM,0.7131,265.5,0.19568,1347.199701
2026-09-15T03:05:07.175Z,SHIB,-0.1928,0.007,5.206e-06,1347.199701
2026-09-15T03:05:07.175Z,BCH,8.8678,325600,222,1347.199701
2026-09-15T03:05:07.175Z,UNI,1.1123,8955,6.574,1347.199701
2026-09-15T03:05:07.175Z,AAVE,-0.9322,170100,127.45,1347.199701
2026-09-15T03:05:07.175Z,SUSHI,0.8952,293.6,0.216,1347.199701
2026-09-15T03:05:07.175Z,LDO,-18.4715,399.8,0.364,1347.199701
2026-09-15T03:05:07.175Z,ICP,2.4118,3750,2.718,1347.199701
2026-09-15T03:05:07.175Z,NEAR,1.0479,3308,2.43,1347.199701
2026-09-15T03:05:07.175Z,HBAR,1.6783,106.9,0.07804,1347.199701
2026-09-15T03:05:07.175Z,XTZ,6.6056,390.5,0.2719,1347.199701
2026-09-15T03:05:07.175Z,DYDX,1.1337,154.3,0.11325,1347.199701
2026-09-15T03:05:07.175Z,ARB,1.2504,181.8,0.13328,1347.199701
2026-09-15T03:05:07.175Z,GMX,1.5459,10200,7.456,1347.199701
2026-09-15T03:05:07.175Z,IMX,-2.2859,163.3,0.12405,1347.199701
2026-09-15T03:05:07.175Z,INJ,-26.9968,6020,6.121,1347.199701
2026-09-15T03:05:07.175Z,GRT,6.0694,25.85,0.01809,1347.199701
2026-09-15T03:05:07.175Z,SUI,0.741,976.9,0.7198,1347.199701
2026-09-15T03:05:07.175Z,HYPE,0.8854,108400,79.757,1347.199701
2026-09-15T03:10:06.555Z,BTC,0.8624,105649000,77750.7,1347.199701
2026-09-15T03:10:06.555Z,ETH,0.8508,3398000,2500.99,1347.199701
2026-09-15T03:10:06.555Z,SOL,0.8811,138000,101.54,1347.199701
2026-09-15T03:10:06.555Z,BNB,0.3722,974000,720.3,1347.199701
2026-09-15T03:10:06.555Z,XRP,0.8249,1925,1.4172,1347.199701
2026-09-15T03:10:06.555Z,ADA,0.9415,280,0.2059,1347.199701
2026-09-15T03:10:06.555Z,AVAX,0.705,10220,7.533,1347.199701
2026-09-15T03:10:06.555Z,DOT,0.7407,1347,0.9925,1347.199701
2026-09-15T03:10:06.555Z,LINK,0.9769,15670,11.519,1347.199701
2026-09-15T03:10:06.555Z,POL,-0.4371,128.9,0.0961,1347.199701
2026-09-15T03:10:06.555Z,DOGE,0.9494,113.6,0.08353,1347.199701
2026-09-15T03:10:06.555Z,TRX,1.1091,459.6,0.33741,1347.199701
2026-09-15T03:10:06.555Z,XLM,0.8316,265.5,0.19545,1347.199701
2026-09-15T03:10:06.555Z,SHIB,-0.02,0.007,5.197e-06,1347.199701
2026-09-15T03:10:06.555Z,BCH,8.966,325600,221.8,1347.199701
2026-09-15T03:10:06.555Z,UNI,1.2047,8955,6.568,1347.199701
2026-09-15T03:10:06.555Z,AAVE,-0.7921,170100,127.27,1347.199701
2026-09-15T03:10:06.555Z,SUSHI,1.0355,293.6,0.2157,1347.199701
2026-09-15T03:10:06.555Z,LDO,-18.3144,399.8,0.3633,1347.199701
2026-09-15T03:10:06.555Z,ICP,2.4495,3750,2.717,1347.199701
2026-09-15T03:10:06.555Z,NEAR,0.7119,3297,2.43,1347.199701
2026-09-15T03:10:06.555Z,HBAR,1.8872,106.9,0.07788,1347.199701
2026-09-15T03:10:06.555Z,XTZ,6.7626,390.5,0.2715,1347.199701
2026-09-15T03:10:06.555Z,DYDX,1.1694,154.3,0.11321,1347.199701
2026-09-15T03:10:06.555Z,ARB,0.9701,181.8,0.13365,1347.199701
2026-09-15T03:10:06.555Z,GMX,1.437,10200,7.464,1347.199701
2026-09-15T03:10:06.555Z,IMX,-2.2465,163.3,0.124,1347.199701
2026-09-15T03:10:06.555Z,INJ,-26.7334,6020,6.099,1347.199701
2026-09-15T03:10:06.555Z,GRT,6.1868,25.85,0.01807,1347.199701
2026-09-15T03:10:06.555Z,SUI,0.8391,976.9,0.7191,1347.199701
2026-09-15T03:10:06.555Z,HYPE,1.2039,108400,79.506,1347.199701
2026-09-15T03:15:06.908Z,BTC,0.8542,105560000,77691.5,1347.199701
2026-09-15T03:15:06.908Z,ETH,0.8931,3394000,2497,1347.199701
2026-09-15T03:15:06.908Z,SOL,0.9238,137800,101.35,1347.199701
2026-09-15T03:15:06.908Z,BNB,0.5257,974000,719.2,1347.199701
2026-09-15T03:15:06.908Z,XRP,0.8976,1920,1.4125,1347.199701
2026-09-15T03:15:06.908Z,ADA,1.0888,280,0.2056,1347.199701
2026-09-15T03:15:06.908Z,AVAX,1.0269,10220,7.509,1347.199701
2026-09-15T03:15:06.908Z,DOT,1.3329,1347,0.9867,1347.199701
2026-09-15T03:15:06.908Z,LINK,1.2759,15670,11.485,1347.199701
2026-09-15T03:15:06.908Z,POL,-0.1149,128.9,0.09579,1347.199701
2026-09-15T03:15:06.908Z,DOGE,0.8519,113.3,0.08339,1347.199701
2026-09-15T03:15:06.908Z,TRX,1.136,459.6,0.33732,1347.199701
2026-09-15T03:15:06.908Z,XLM,0.6081,263.8,0.19463,1347.199701
2026-09-15T03:15:06.908Z,SHIB,1.6626,0.0071,5.184e-06,1347.199701
2026-09-15T03:15:06.908Z,BCH,9.0151,325600,221.7,1347.199701
2026-09-15T03:15:06.908Z,UNI,0.831,8835,6.504,1347.199701
2026-09-15T03:15:06.908Z,AAVE,-0.4871,170100,126.88,1347.199701
2026-09-15T03:15:06.908Z,SUSHI,1.6007,293.6,0.2145,1347.199701
2026-09-15T03:15:06.908Z,LDO,-17.9984,399.8,0.3619,1347.199701
2026-09-15T03:15:06.908Z,ICP,0.8614,3681,2.709,1347.199701
2026-09-15T03:15:06.908Z,NEAR,0.9612,3297,2.424,1347.199701
2026-09-15T03:15:06.908Z,HBAR,2.1233,106.9,0.0777,1347.199701
2026-09-15T03:15:06.908Z,XTZ,7.2366,390.5,0.2703,1347.199701
2026-09-15T03:15:06.908Z,DYDX,1.4113,154.3,0.11294,1347.199701
2026-09-15T03:15:06.908Z,ARB,0.9158,180.9,0.13306,1347.199701
2026-09-15T03:15:06.908Z,GMX,1.614,10200,7.451,1347.199701
2026-09-15T03:15:06.908Z,IMX,-2.0331,163.3,0.12373,1347.199701
2026-09-15T03:15:06.908Z,INJ,-26.7094,6020,6.097,1347.199701
2026-09-15T03:15:06.908Z,GRT,6.659,25.85,0.01799,1347.199701
2026-09-15T03:15:06.908Z,SUI,1.0119,974.9,0.7164,1347.199701
2026-09-15T03:15:06.908Z,HYPE,0.939,107900,79.347,1347.199701
2026-09-15T03:20:06.892Z,BTC,0.8572,105602000,77720.1,1347.199701
2026-09-15T03:20:06.892Z,ETH,0.9063,3397000,2498.88,1347.199701
2026-09-15T03:20:06.892Z,SOL,0.8171,137600,101.31,1347.199701
2026-09-15T03:20:06.892Z,BNB,0.4838,974000,719.5,1347.199701
2026-09-15T03:20:06.892Z,XRP,0.8859,1921,1.4134,1347.199701
2026-09-15T03:20:06.892Z,ADA,1.0888,280,0.2056,1347.199701
2026-09-15T03:20:06.892Z,AVAX,0.8474,10210,7.515,1347.199701
2026-09-15T03:20:06.892Z,DOT,1.1996,1347,0.988,1347.199701
2026-09-15T03:20:06.892Z,LINK,1.3288,15670,11.479,1347.199701
2026-09-15T03:20:06.892Z,POL,-0.2295,128.9,0.0959,1347.199701
2026-09-15T03:20:06.892Z,DOGE,0.8277,113.3,0.08341,1347.199701
2026-09-15T03:20:06.892Z,TRX,1.136,459.6,0.33732,1347.199701
2026-09-15T03:20:06.892Z,XLM,0.7851,263.3,0.19392,1347.199701
2026-09-15T03:20:06.892Z,SHIB,0.1921,0.007,5.186e-06,1347.199701
2026-09-15T03:20:06.892Z,BCH,9.0151,325600,221.7,1347.199701
2026-09-15T03:20:06.892Z,UNI,0.4141,8835,6.531,1347.199701
2026-09-15T03:20:06.892Z,AAVE,-0.5499,170100,126.96,1347.199701
2026-09-15T03:20:06.892Z,SUSHI,1.3173,293.6,0.2151,1347.199701
2026-09-15T03:20:06.892Z,LDO,-17.9758,399.8,0.3618,1347.199701
2026-09-15T03:20:06.892Z,ICP,0.7498,3681,2.712,1347.199701
2026-09-15T03:20:06.892Z,NEAR,1.0028,3297,2.423,1347.199701
2026-09-15T03:20:06.892Z,HBAR,0.6806,105.2,0.07756,1347.199701
2026-09-15T03:20:06.892Z,XTZ,7.2366,390.5,0.2703,1347.199701
2026-09-15T03:20:06.892Z,DYDX,1.3305,154.3,0.11303,1347.199701
2026-09-15T03:20:06.892Z,ARB,0.9251,180.4,0.13268,1347.199701
2026-09-15T03:20:06.892Z,GMX,1.4914,10200,7.46,1347.199701
2026-09-15T03:20:06.892Z,IMX,-1.8904,163.3,0.12355,1347.199701
2026-09-15T03:20:06.892Z,INJ,-26.5286,6020,6.082,1347.199701
2026-09-15T03:20:06.892Z,GRT,6.7183,25.85,0.01798,1347.199701
2026-09-15T03:20:06.892Z,SUI,0.7336,971.4,0.7158,1347.199701
2026-09-15T03:20:06.892Z,HYPE,1.0332,107900,79.273,1347.199701
2026-09-15T03:25:07.580Z,BTC,0.9219,105767000,77791.6,1347.199701
2026-09-15T03:25:07.580Z,ETH,0.9105,3398000,2499.51,1347.199701
2026-09-15T03:25:07.580Z,SOL,0.8641,137800,101.41,1347.199701
2026-09-15T03:25:07.580Z,BNB,0.6395,977000,720.6,1347.199701
2026-09-15T03:25:07.580Z,XRP,0.8547,1920,1.4131,1347.199701
2026-09-15T03:25:07.580Z,ADA,1.138,280,0.2055,1347.199701
2026-09-15T03:25:07.580Z,AVAX,0.9414,10210,7.508,1347.199701
2026-09-15T03:25:07.580Z,DOT,1.1075,1347,0.9889,1347.199701
2026-09-15T03:25:07.580Z,LINK,1.3465,15670,11.477,1347.199701
2026-09-15T03:25:07.580Z,POL,-0.2295,128.9,0.0959,1347.199701
2026-09-15T03:25:07.580Z,DOGE,0.864,113.3,0.08338,1347.199701
2026-09-15T03:25:07.580Z,TRX,1.073,459.3,0.33731,1347.199701
2026-09-15T03:25:07.580Z,XLM,0.888,263.8,0.19409,1347.199701
2026-09-15T03:25:07.580Z,SHIB,0.1535,0.007,5.188e-06,1347.199701
2026-09-15T03:25:07.580Z,BCH,8.9169,325600,221.9,1347.199701
2026-09-15T03:25:07.580Z,UNI,0.8106,8840,6.509,1347.199701
2026-09-15T03:25:07.580Z,AAVE,-0.6047,170100,127.03,1347.199701
2026-09-15T03:25:07.580Z,SUSHI,1.3173,293.6,0.2151,1347.199701
2026-09-15T03:25:07.580Z,LDO,-17.9531,399.8,0.3617,1347.199701
2026-09-15T03:25:07.580Z,ICP,0.9359,3681,2.707,1347.199701
2026-09-15T03:25:07.580Z,NEAR,1.0863,3297,2.421,1347.199701
2026-09-15T03:25:07.580Z,HBAR,0.7976,105.2,0.07747,1347.199701
2026-09-15T03:25:07.580Z,XTZ,7.2366,390.5,0.2703,1347.199701
2026-09-15T03:25:07.580Z,DYDX,1.3305,154.3,0.11303,1347.199701
2026-09-15T03:25:07.580Z,ARB,0.8795,180.4,0.13274,1347.199701
2026-09-15T03:25:07.580Z,GMX,1.4506,10200,7.463,1347.199701
2026-09-15T03:25:07.580Z,IMX,-1.8427,163.3,0.12349,1347.199701
2026-09-15T03:25:07.580Z,INJ,-26.7094,6020,6.097,1347.199701
2026-09-15T03:25:07.580Z,GRT,6.9562,25.85,0.01794,1347.199701
2026-09-15T03:25:07.580Z,SUI,0.7484,972.9,0.7168,1347.199701
2026-09-15T03:25:07.580Z,HYPE,0.7599,107900,79.488,1347.199701
2026-09-15T03:30:06.534Z,BTC,0.8437,105710000,77810,1347.199701
2026-09-15T03:30:06.534Z,ETH,0.8303,3398000,2501.5,1347.199701
2026-09-15T03:30:06.534Z,SOL,0.7945,137800,101.48,1347.199701
2026-09-15T03:30:06.534Z,BNB,0.5976,977000,720.9,1347.199701
2026-09-15T03:30:06.534Z,XRP,0.7718,1921,1.415,1347.199701
2026-09-15T03:30:06.534Z,ADA,1.1872,280,0.2054,1347.199701
2026-09-15T03:30:06.534Z,AVAX,0.834,10210,7.516,1347.199701
2026-09-15T03:30:06.534Z,DOT,0.9136,1347,0.9908,1347.199701
2026-09-15T03:30:06.534Z,LINK,1.135,15670,11.501,1347.199701
2026-09-15T03:30:06.534Z,POL,-0.2711,128.9,0.09594,1347.199701
2026-09-15T03:30:06.534Z,DOGE,0.8277,113.3,0.08341,1347.199701
2026-09-15T03:30:06.534Z,TRX,1.061,459.3,0.33735,1347.199701
2026-09-15T03:30:06.534Z,XLM,0.7715,264.5,0.19483,1347.199701
2026-09-15T03:30:06.534Z,SHIB,0.0571,0.007,5.193e-06,1347.199701
2026-09-15T03:30:06.534Z,BCH,8.9169,325600,221.9,1347.199701
2026-09-15T03:30:06.534Z,UNI,0.7951,8840,6.51,1347.199701
2026-09-15T03:30:06.534Z,AAVE,-0.7453,170100,127.21,1347.199701
2026-09-15T03:30:06.534Z,SUSHI,1.3644,293.6,0.215,1347.199701
2026-09-15T03:30:06.534Z,LDO,-17.9304,399.8,0.3616,1347.199701
2026-09-15T03:30:06.534Z,ICP,0.8241,3681,2.71,1347.199701
2026-09-15T03:30:06.534Z,NEAR,0.9195,3297,2.425,1347.199701
2026-09-15T03:30:06.534Z,HBAR,0.954,105.2,0.07735,1347.199701
2026-09-15T03:30:06.534Z,XTZ,7.316,390.5,0.2701,1347.199701
2026-09-15T03:30:06.534Z,DYDX,1.3843,154.3,0.11297,1347.199701
2026-09-15T03:30:06.534Z,ARB,0.7656,180.4,0.13289,1347.199701
2026-09-15T03:30:06.534Z,GMX,1.4914,10200,7.46,1347.199701
2026-09-15T03:30:06.534Z,IMX,-1.8984,163.3,0.12356,1347.199701
2026-09-15T03:30:06.534Z,INJ,-26.8054,6020,6.105,1347.199701
2026-09-15T03:30:06.534Z,GRT,6.9562,25.85,0.01794,1347.199701
2026-09-15T03:30:06.534Z,SUI,0.7906,972.9,0.7165,1347.199701
2026-09-15T03:30:06.534Z,HYPE,0.6776,107900,79.553,1347.199701
2026-09-15T03:35:06.539Z,BTC,0.846,105699000,77800.1,1347.199701
2026-09-15T03:35:06.539Z,ETH,0.7541,3398000,2503.39,1347.199701
2026-09-15T03:35:06.539Z,SOL,0.7422,138000,101.68,1347.199701
2026-09-15T03:35:06.539Z,BNB,0.5139,977000,721.5,1347.199701
2026-09-15T03:35:06.539Z,XRP,0.759,1927,1.4196,1347.199701
2026-09-15T03:35:06.539Z,ADA,1.0888,280,0.2056,1347.199701
2026-09-15T03:35:06.539Z,AVAX,0.4464,10210,7.545,1347.199701
2026-09-15T03:35:06.539Z,DOT,0.69,1347,0.993,1347.199701
2026-09-15T03:35:06.539Z,LINK,0.7583,15670,11.544,1347.199701
2026-09-15T03:35:06.539Z,POL,-0.3126,128.9,0.09598,1347.199701
2026-09-15T03:35:06.539Z,DOGE,0.6708,113.3,0.08354,1347.199701
2026-09-15T03:35:06.539Z,TRX,1.07,459.3,0.33732,1347.199701
2026-09-15T03:35:06.539Z,XLM,0.9996,266.5,0.19586,1347.199701
2026-09-15T03:35:06.539Z,SHIB,-0.1352,0.007,5.203e-06,1347.199701
2026-09-15T03:35:06.539Z,BCH,8.672,325600,222.4,1347.199701
2026-09-15T03:35:06.539Z,UNI,0.5017,8840,6.529,1347.199701
2026-09-15T03:35:06.539Z,AAVE,-0.8778,170100,127.38,1347.199701
2026-09-15T03:35:06.539Z,SUSHI,0.9887,293.6,0.2158,1347.199701
2026-09-15T03:35:06.539Z,LDO,-17.9984,399.8,0.3619,1347.199701
2026-09-15T03:35:06.539Z,ICP,0.6014,3681,2.716,1347.199701
2026-09-15T03:35:06.539Z,NEAR,0.6705,3297,2.431,1347.199701
2026-09-15T03:35:06.539Z,HBAR,0.6547,105.2,0.07758,1347.199701
2026-09-15T03:35:06.539Z,XTZ,7.1177,390.5,0.2706,1347.199701
2026-09-15T03:35:06.539Z,DYDX,1.0534,154.3,0.11334,1347.199701
2026-09-15T03:35:06.539Z,ARB,0.3503,180.4,0.13344,1347.199701
2026-09-15T03:35:06.539Z,GMX,1.3284,10200,7.472,1347.199701
2026-09-15T03:35:06.539Z,IMX,-1.946,163.3,0.12362,1347.199701
2026-09-15T03:35:06.539Z,INJ,-27.1039,6020,6.13,1347.199701
2026-09-15T03:35:06.539Z,GRT,7.0756,25.85,0.01792,1347.199701
2026-09-15T03:35:06.539Z,SUI,0.51,972.9,0.7185,1347.199701
2026-09-15T03:35:06.539Z,HYPE,0.531,107900,79.669,1347.199701
2026-09-15T03:40:06.953Z,BTC,0.8692,105692000,77777.1,1347.199701
2026-09-15T03:40:06.953Z,ETH,0.8049,3398000,2502.13,1347.199701
2026-09-15T03:40:06.953Z,SOL,0.7323,138000,101.69,1347.199701
2026-09-15T03:40:06.953Z,BNB,0.4861,977000,721.7,1347.199701
2026-09-15T03:40:06.953Z,XRP,0.8681,1928,1.4188,1347.199701
2026-09-15T03:40:06.953Z,ADA,1.0396,280,0.2057,1347.199701
2026-09-15T03:40:06.953Z,AVAX,0.4464,10210,7.545,1347.199701
2026-09-15T03:40:06.953Z,DOT,0.5482,1347,0.9944,1347.199701
2026-09-15T03:40:06.953Z,LINK,0.8719,15670,11.531,1347.199701
2026-09-15T03:40:06.953Z,POL,-0.4371,128.9,0.0961,1347.199701
2026-09-15T03:40:06.953Z,DOGE,0.7794,113.3,0.08345,1347.199701
2026-09-15T03:40:06.953Z,TRX,0.8839,458.4,0.33728,1347.199701
2026-09-15T03:40:06.953Z,XLM,0.9069,265.1,0.19501,1347.199701
2026-09-15T03:40:06.953Z,SHIB,-0.2311,0.007,5.208e-06,1347.199701
2026-09-15T03:40:06.953Z,BCH,8.7209,325600,222.3,1347.199701
2026-09-15T03:40:06.953Z,UNI,0.3327,8840,6.54,1347.199701
2026-09-15T03:40:06.953Z,AAVE,-0.9244,170100,127.44,1347.199701
2026-09-15T03:40:06.953Z,SUSHI,0.9419,293.6,0.2159,1347.199701
2026-09-15T03:40:06.953Z,LDO,-18.0211,399.8,0.362,1347.199701
2026-09-15T03:40:06.953Z,ICP,0.5274,3681,2.718,1347.199701
2026-09-15T03:40:06.953Z,NEAR,0.5877,3297,2.433,1347.199701
2026-09-15T03:40:06.953Z,HBAR,1.9978,106.7,0.07765,1347.199701
2026-09-15T03:40:06.953Z,XTZ,6.9991,390.5,0.2709,1347.199701
2026-09-15T03:40:06.953Z,DYDX,0.8487,154.3,0.11357,1347.199701
2026-09-15T03:40:06.953Z,ARB,0.4255,180.4,0.13334,1347.199701
2026-09-15T03:40:06.953Z,GMX,1.2878,10200,7.475,1347.199701
2026-09-15T03:40:06.953Z,IMX,-2.4039,163.3,0.1242,1347.199701
2026-09-15T03:40:06.953Z,INJ,-27.1634,6020,6.135,1347.199701
2026-09-15T03:40:06.953Z,GRT,6.3634,25.85,0.01804,1347.199701
2026-09-15T03:40:06.953Z,SUI,0.538,972.9,0.7183,1347.199701
2026-09-15T03:40:06.953Z,HYPE,0.6536,107900,79.572,1347.199701
2026-09-15T03:45:07.098Z,BTC,0.8789,105690000,77768.1,1347.199701
2026-09-15T03:45:07.098Z,ETH,0.7995,3399000,2503,1347.199701
2026-09-15T03:45:07.098Z,SOL,0.8982,138200,101.67,1347.199701
2026-09-15T03:45:07.098Z,BNB,0.4722,977000,721.8,1347.199701
2026-09-15T03:45:07.098Z,XRP,0.8488,1926,1.4176,1347.199701
2026-09-15T03:45:07.098Z,ADA,1.1872,280,0.2054,1347.199701
2026-09-15T03:45:07.098Z,AVAX,0.4331,10210,7.546,1347.199701
2026-09-15T03:45:07.098Z,DOT,0.7407,1347,0.9925,1347.199701
2026-09-15T03:45:07.098Z,LINK,0.8456,15670,11.534,1347.199701
2026-09-15T03:45:07.098Z,POL,-0.406,128.9,0.09607,1347.199701
2026-09-15T03:45:07.098Z,DOGE,0.7914,113.3,0.08344,1347.199701
2026-09-15T03:45:07.098Z,TRX,0.872,458.4,0.33732,1347.199701
2026-09-15T03:45:07.098Z,XLM,0.8966,265.1,0.19503,1347.199701
2026-09-15T03:45:07.098Z,SHIB,-0.2311,0.007,5.208e-06,1347.199701
2026-09-15T03:45:07.098Z,BCH,8.6232,325600,222.5,1347.199701
2026-09-15T03:45:07.098Z,UNI,-0.0646,8840,6.566,1347.199701
2026-09-15T03:45:07.098Z,AAVE,-0.8778,170100,127.38,1347.199701
2026-09-15T03:45:07.098Z,SUSHI,0.9419,293.6,0.2159,1347.199701
2026-09-15T03:45:07.098Z,LDO,-17.9304,399.8,0.3616,1347.199701
2026-09-15T03:45:07.098Z,ICP,0.6385,3681,2.715,1347.199701
2026-09-15T03:45:07.098Z,NEAR,0.6291,3297,2.432,1347.199701
2026-09-15T03:45:07.098Z,HBAR,2.0504,106.7,0.07761,1347.199701
2026-09-15T03:45:07.098Z,XTZ,6.8807,390.5,0.2712,1347.199701
2026-09-15T03:45:07.098Z,DYDX,1.0088,154.3,0.11339,1347.199701
2026-09-15T03:45:07.098Z,ARB,0.3804,180.4,0.1334,1347.199701
2026-09-15T03:45:07.098Z,GMX,1.3556,10200,7.47,1347.199701
2026-09-15T03:45:07.098Z,IMX,-2.1676,163.3,0.1239,1347.199701
2026-09-15T03:45:07.098Z,INJ,-27.1158,6020,6.131,1347.199701
2026-09-15T03:45:07.098Z,GRT,6.5405,25.85,0.01801,1347.199701
2026-09-15T03:45:07.098Z,SUI,0.58,972.9,0.718,1347.199701
2026-09-15T03:45:07.098Z,HYPE,0.6599,107900,79.567,1347.199701
2026-09-15T03:50:06.740Z,BTC,0.873,105600000,77706.4,1347.199701
2026-09-15T03:50:06.740Z,ETH,0.9162,3400000,2500.84,1347.199701
2026-09-15T03:50:06.740Z,SOL,0.9244,138100,101.57,1347.199701
2026-09-15T03:50:06.740Z,BNB,0.5418,977000,721.3,1347.199701
2026-09-15T03:50:06.740Z,XRP,0.8242,1922,1.415,1347.199701
2026-09-15T03:50:06.740Z,ADA,1.2858,280,0.2052,1347.199701
2026-09-15T03:50:06.740Z,AVAX,0.4597,10210,7.544,1347.199701
2026-09-15T03:50:06.740Z,DOT,0.609,1347,0.9938,1347.199701
2026-09-15T03:50:06.740Z,LINK,0.9945,15670,11.517,1347.199701
2026-09-15T03:50:06.740Z,POL,-0.4371,128.9,0.0961,1347.199701
2026-09-15T03:50:06.740Z,DOGE,0.9003,113.3,0.08335,1347.199701
2026-09-15T03:50:06.740Z,TRX,0.863,458.4,0.33735,1347.199701
2026-09-15T03:50:06.740Z,XLM,0.9801,264,0.19406,1347.199701
2026-09-15T03:50:06.740Z,SHIB,-0.212,0.007,5.207e-06,1347.199701
2026-09-15T03:50:06.740Z,BCH,8.7698,325600,222.2,1347.199701
2026-09-15T03:50:06.740Z,UNI,-0.1254,8840,6.57,1347.199701
2026-09-15T03:50:06.740Z,AAVE,-0.7765,170100,127.25,1347.199701
2026-09-15T03:50:06.740Z,SUSHI,0.9419,293.6,0.2159,1347.199701
2026-09-15T03:50:06.740Z,LDO,1.0143,491,0.3608,1347.199701
2026-09-15T03:50:06.740Z,ICP,0.787,3681,2.711,1347.199701
2026-09-15T03:50:06.740Z,NEAR,0.8364,3297,2.427,1347.199701
2026-09-15T03:50:06.740Z,HBAR,1.9716,106.7,0.07767,1347.199701
2026-09-15T03:50:06.740Z,XTZ,6.7626,390.5,0.2715,1347.199701
2026-09-15T03:50:06.740Z,DYDX,0.9643,154.3,0.11344,1347.199701
2026-09-15T03:50:06.740Z,ARB,0.3578,180.4,0.13343,1347.199701
2026-09-15T03:50:06.740Z,GMX,1.3284,10200,7.472,1347.199701
2026-09-15T03:50:06.740Z,IMX,-2.0885,163.3,0.1238,1347.199701
2026-09-15T03:50:06.740Z,INJ,-27.0563,6020,6.126,1347.199701
2026-09-15T03:50:06.740Z,GRT,6.7777,25.85,0.01797,1347.199701
2026-09-15T03:50:06.740Z,SUI,1.0364,975,0.7163,1347.199701
2026-09-15T03:50:06.740Z,HYPE,0.8107,107900,79.448,1347.199701
2026-09-15T03:55:06.900Z,BTC,0.9463,105600000,77650,1347.199701
2026-09-15T03:55:06.900Z,ETH,0.8929,3397000,2499.21,1347.199701
2026-09-15T03:55:06.900Z,SOL,0.9209,138000,101.5,1347.199701
2026-09-15T03:55:06.900Z,BNB,0.5976,977000,720.9,1347.199701
2026-09-15T03:55:06.900Z,XRP,0.8696,1923,1.4151,1347.199701
2026-09-15T03:55:06.900Z,ADA,0.9733,279,0.2051,1347.199701
2026-09-15T03:55:06.900Z,AVAX,0.5797,10210,7.535,1347.199701
2026-09-15T03:55:06.900Z,DOT,0.8118,1347,0.9918,1347.199701
2026-09-15T03:55:06.900Z,LINK,1.1702,15670,11.497,1347.199701
2026-09-15T03:55:06.900Z,POL,-0.3334,128.9,0.096,1347.199701
2026-09-15T03:55:06.900Z,DOGE,0.9487,113.3,0.08331,1347.199701
2026-09-15T03:55:06.900Z,TRX,0.878,458.4,0.3373,1347.199701
2026-09-15T03:55:06.900Z,XLM,0.9085,263.5,0.19383,1347.199701
2026-09-15T03:55:06.900Z,SHIB,-0.0776,0.007,5.2e-06,1347.199701
2026-09-15T03:55:06.900Z,BCH,8.966,325600,221.8,1347.199701
2026-09-15T03:55:06.900Z,UNI,0.1184,8840,6.554,1347.199701
2026-09-15T03:55:06.900Z,AAVE,-0.6047,170100,127.03,1347.199701
2026-09-15T03:55:06.900Z,SUSHI,1.1762,293.6,0.2154,1347.199701
2026-09-15T03:55:06.900Z,LDO,1.3232,491,0.3597,1347.199701
2026-09-15T03:55:06.900Z,ICP,2.2381,3661,2.658,1347.199701
2026-09-15T03:55:06.900Z,NEAR,0.9612,3297,2.424,1347.199701
2026-09-15T03:55:06.900Z,HBAR,2.2348,106.7,0.07747,1347.199701
2026-09-15T03:55:06.900Z,XTZ,7.0386,390.5,0.2708,1347.199701
2026-09-15T03:55:06.900Z,DYDX,1.1962,154.3,0.11318,1347.199701
2026-09-15T03:55:06.900Z,ARB,1.2404,181.4,0.133,1347.199701
2026-09-15T03:55:06.900Z,GMX,1.819,10200,7.436,1347.199701
2026-09-15T03:55:06.900Z,IMX,-1.795,163.3,0.12343,1347.199701
2026-09-15T03:55:06.900Z,INJ,-26.961,6020,6.118,1347.199701
2026-09-15T03:55:06.900Z,GRT,7.0159,25.85,0.01793,1347.199701
2026-09-15T03:55:06.900Z,SUI,0.9721,973.7,0.7158,1347.199701
2026-09-15T03:55:06.900Z,HYPE,0.9683,107900,79.324,1347.199701
2026-09-15T04:00:07.109Z,BTC,0.867,105500000,77637.5,1347.199701
2026-09-15T04:00:07.109Z,ETH,0.8963,3394000,2496.92,1347.199701
2026-09-15T04:00:07.109Z,SOL,0.8975,137900,101.45,1347.199701
2026-09-15T04:00:07.109Z,BNB,0.6115,977000,720.8,1347.199701
2026-09-15T04:00:07.109Z,XRP,0.8981,1923,1.4147,1347.199701
2026-09-15T04:00:07.109Z,ADA,1.4341,280,0.2049,1347.199701
2026-09-15T04:00:07.109Z,AVAX,0.5797,10210,7.535,1347.199701
2026-09-15T04:00:07.109Z,DOT,0.8729,1347,0.9912,1347.199701
2026-09-15T04:00:07.109Z,LINK,1.1526,15670,11.499,1347.199701
2026-09-15T04:00:07.109Z,POL,-0.3541,128.9,0.09602,1347.199701
2026-09-15T04:00:07.109Z,DOGE,1.0336,113.3,0.08324,1347.199701
2026-09-15T04:00:07.109Z,TRX,0.875,458.4,0.33731,1347.199701
2026-09-15T04:00:07.109Z,XLM,0.8888,263,0.1935,1347.199701
2026-09-15T04:00:07.109Z,SHIB,2.8366,0.0072,5.197e-06,1347.199701
2026-09-15T04:00:07.109Z,BCH,9.0151,325600,221.7,1347.199701
2026-09-15T04:00:07.109Z,UNI,0.2561,8840,6.545,1347.199701
2026-09-15T04:00:07.109Z,AAVE,-0.5263,170100,126.93,1347.199701
2026-09-15T04:00:07.109Z,SUSHI,0.9887,293.6,0.2158,1347.199701
2026-09-15T04:00:07.109Z,LDO,1.4078,491,0.3594,1347.199701
2026-09-15T04:00:07.109Z,ICP,2.0845,3661,2.662,1347.199701
2026-09-15T04:00:07.109Z,NEAR,1.2536,3297,2.417,1347.199701
2026-09-15T04:00:07.109Z,HBAR,1.0761,105.3,0.07733,1347.199701
2026-09-15T04:00:07.109Z,XTZ,7.316,390.5,0.2701,1347.199701
2026-09-15T04:00:07.109Z,DYDX,1.2141,154.3,0.11316,1347.199701
2026-09-15T04:00:07.109Z,ARB,1.3852,181.4,0.13281,1347.199701
2026-09-15T04:00:07.109Z,GMX,1.819,10200,7.436,1347.199701
2026-09-15T04:00:07.109Z,IMX,-1.6995,163.3,0.12331,1347.199701
2026-09-15T04:00:07.109Z,INJ,-26.8414,6020,6.108,1347.199701
2026-09-15T04:00:07.109Z,GRT,7.0756,25.85,0.01792,1347.199701
2026-09-15T04:00:07.109Z,SUI,1.0003,973.7,0.7156,1347.199701
2026-09-15T04:00:07.109Z,HYPE,0.8031,107900,79.454,1347.199701
2026-09-15T04:05:06.885Z,BTC,0.7762,105500000,77707.4,1347.199701
2026-09-15T04:05:06.885Z,ETH,0.8396,3395000,2499.06,1347.199701
2026-09-15T04:05:06.885Z,SOL,0.7485,137900,101.6,1347.199701
2026-09-15T04:05:06.885Z,BNB,0.5836,977000,721,1347.199701
2026-09-15T04:05:06.885Z,XRP,0.8462,1925,1.4169,1347.199701
2026-09-15T04:05:06.885Z,ADA,1.3352,280,0.2051,1347.199701
2026-09-15T04:05:06.885Z,AVAX,0.4198,10210,7.547,1347.199701
2026-09-15T04:05:06.885Z,DOT,0.7306,1347,0.9926,1347.199701
2026-09-15T04:05:06.885Z,LINK,1.1174,15670,11.503,1347.199701
2026-09-15T04:05:06.885Z,POL,-0.2607,128.9,0.09593,1347.199701
2026-09-15T04:05:06.885Z,DOGE,0.9003,113.3,0.08335,1347.199701
2026-09-15T04:05:06.885Z,TRX,0.878,458.4,0.3373,1347.199701
2026-09-15T04:05:06.885Z,XLM,0.7097,263.7,0.19436,1347.199701
2026-09-15T04:05:06.885Z,SHIB,2.6983,0.0072,5.204e-06,1347.199701
2026-09-15T04:05:06.885Z,BCH,8.8188,325600,222.1,1347.199701
2026-09-15T04:05:06.885Z,UNI,0.1337,8840,6.553,1347.199701
2026-09-15T04:05:06.885Z,AAVE,-0.6281,170100,127.06,1347.199701
2026-09-15T04:05:06.885Z,SUSHI,1.3173,293.6,0.2151,1347.199701
2026-09-15T04:05:06.885Z,LDO,1.3232,491,0.3597,1347.199701
2026-09-15T04:05:06.885Z,ICP,2.7795,3661,2.644,1347.199701
2026-09-15T04:05:06.885Z,NEAR,1.0028,3297,2.423,1347.199701
2026-09-15T04:05:06.885Z,HBAR,0.9977,105.3,0.07739,1347.199701
2026-09-15T04:05:06.885Z,XTZ,7.4353,390.5,0.2698,1347.199701
2026-09-15T04:05:06.885Z,DYDX,1.1694,154.3,0.11321,1347.199701
2026-09-15T04:05:06.885Z,ARB,1.1187,181.4,0.13316,1347.199701
2026-09-15T04:05:06.885Z,GMX,1.8738,10200,7.432,1347.199701
2026-09-15T04:05:06.885Z,IMX,-1.8348,163.3,0.12348,1347.199701
2026-09-15T04:05:06.885Z,INJ,-27.092,6020,6.129,1347.199701
2026-09-15T04:05:06.885Z,GRT,6.0694,25.85,0.01809,1347.199701
2026-09-15T04:05:06.885Z,SUI,0.7891,973.7,0.7171,1347.199701
2026-09-15T04:05:06.885Z,HYPE,0.8313,108100,79.579,1347.199701
2026-09-15T04:10:07.093Z,BTC,0.8913,105520000,77633.5,1347.199701
2026-09-15T04:10:07.093Z,ETH,0.8056,3393000,2498.43,1347.199701
2026-09-15T04:10:07.093Z,SOL,0.9507,138000,101.47,1347.199701
2026-09-15T04:10:07.093Z,BNB,1,980500,720.6,1347.199701
2026-09-15T04:10:07.093Z,XRP,0.8787,1921,1.4135,1347.199701
2026-09-15T04:10:07.093Z,ADA,1.4341,280,0.2049,1347.199701
2026-09-15T04:10:07.093Z,AVAX,0.6733,10210,7.528,1347.199701
2026-09-15T04:10:07.093Z,DOT,0.9238,1347,0.9907,1347.199701
2026-09-15T04:10:07.093Z,LINK,0.9615,15620,11.484,1347.199701
2026-09-15T04:10:07.093Z,POL,-0.2918,128.9,0.09596,1347.199701
2026-09-15T04:10:07.093Z,DOGE,0.9851,113.3,0.08328,1347.199701
2026-09-15T04:10:07.093Z,TRX,0.9169,458.4,0.33717,1347.199701
2026-09-15T04:10:07.093Z,XLM,1.0608,262.4,0.19273,1347.199701
2026-09-15T04:10:07.093Z,SHIB,2.896,0.0072,5.194e-06,1347.199701
2026-09-15T04:10:07.093Z,BCH,8.9169,325600,221.9,1347.199701
2026-09-15T04:10:07.093Z,UNI,-0.1558,8840,6.572,1347.199701
2026-09-15T04:10:07.093Z,AAVE,-0.6907,170100,127.14,1347.199701
2026-09-15T04:10:07.093Z,SUSHI,1.3644,293.6,0.215,1347.199701
2026-09-15T04:10:07.093Z,LDO,1.4643,491,0.3592,1347.199701
2026-09-15T04:10:07.093Z,ICP,3.0132,3661,2.638,1347.199701
2026-09-15T04:10:07.093Z,NEAR,1.0028,3297,2.423,1347.199701
2026-09-15T04:10:07.093Z,HBAR,1.0454,105.2,0.07728,1347.199701
2026-09-15T04:10:07.093Z,XTZ,7.7548,390.5,0.269,1347.199701
2026-09-15T04:10:07.093Z,DYDX,1.1605,154.3,0.11322,1347.199701
2026-09-15T04:10:07.093Z,ARB,1.3699,181.4,0.13283,1347.199701
2026-09-15T04:10:07.093Z,GMX,1.9424,10200,7.427,1347.199701
2026-09-15T04:10:07.093Z,IMX,-1.7552,163.3,0.12338,1347.199701
2026-09-15T04:10:07.093Z,INJ,-26.9848,6020,6.12,1347.199701
2026-09-15T04:10:07.093Z,GRT,6.1868,25.85,0.01807,1347.199701
2026-09-15T04:10:07.093Z,SUI,1.0427,973.7,0.7153,1347.199701
2026-09-15T04:10:07.093Z,HYPE,0.9416,108100,79.492,1347.199701
2026-09-15T04:15:07.079Z,BTC,0.8428,105462000,77628.1,1347.199701
2026-09-15T04:15:07.079Z,ETH,0.9592,3397000,2497.57,1347.199701
2026-09-15T04:15:07.079Z,SOL,0.9174,137900,101.43,1347.199701
2026-09-15T04:15:07.079Z,BNB,1.0561,980500,720.2,1347.199701
2026-09-15T04:15:07.079Z,XRP,0.8502,1921,1.4139,1347.199701
2026-09-15T04:15:07.079Z,ADA,1.4341,280,0.2049,1347.199701
2026-09-15T04:15:07.079Z,AVAX,0.834,10210,7.516,1347.199701
2026-09-15T04:15:07.079Z,DOT,0.7915,1347,0.992,1347.199701
2026-09-15T04:15:07.079Z,LINK,1.0231,15620,11.477,1347.199701
2026-09-15T04:15:07.079Z,POL,-0.3126,128.9,0.09598,1347.199701
2026-09-15T04:15:07.079Z,DOGE,1.0215,113.3,0.08325,1347.199701
2026-09-15T04:15:07.079Z,TRX,0.9079,458.4,0.3372,1347.199701
2026-09-15T04:15:07.079Z,XLM,0.6365,261.8,0.1931,1347.199701
2026-09-15T04:15:07.079Z,SHIB,2.9357,0.0072,5.192e-06,1347.199701
2026-09-15T04:15:07.079Z,BCH,8.8678,325600,222,1347.199701
2026-09-15T04:15:07.079Z,UNI,-1.0889,8840,6.634,1347.199701
2026-09-15T04:15:07.079Z,AAVE,-0.7999,170100,127.28,1347.199701
2026-09-15T04:15:07.079Z,SUSHI,1.2232,293.6,0.2153,1347.199701
2026-09-15T04:15:07.079Z,LDO,1.3232,491,0.3597,1347.199701
2026-09-15T04:15:07.079Z,ICP,3.4052,3661,2.628,1347.199701
2026-09-15T04:15:07.079Z,NEAR,0.9612,3297,2.424,1347.199701
2026-09-15T04:15:07.079Z,HBAR,0.9317,105,0.07722,1347.199701
2026-09-15T04:15:07.079Z,XTZ,8.1166,390.5,0.2681,1347.199701
2026-09-15T04:15:07.079Z,DYDX,1.2052,154.3,0.11317,1347.199701
2026-09-15T04:15:07.079Z,ARB,1.0504,181.4,0.13325,1347.199701
2026-09-15T04:15:07.079Z,GMX,1.8601,10200,7.433,1347.199701
2026-09-15T04:15:07.079Z,IMX,-1.8109,163.3,0.12345,1347.199701
2026-09-15T04:15:07.079Z,INJ,-27.0802,6020,6.128,1347.199701
2026-09-15T04:15:07.079Z,GRT,6.0694,25.85,0.01809,1347.199701
2026-09-15T04:15:07.079Z,SUI,1.0055,971.3,0.7138,1347.199701
2026-09-15T04:15:07.079Z,HYPE,0.9569,108100,79.48,1347.199701
2026-09-15T04:20:06.538Z,BTC,0.848,105478000,77635.9,1347.199701
2026-09-15T04:20:06.538Z,ETH,0.8064,3393000,2498.41,1347.199701
2026-09-15T04:20:06.538Z,SOL,0.818,137900,101.53,1347.199701
2026-09-15T04:20:06.538Z,BNB,0.78,978500,720.7,1347.199701
2026-09-15T04:20:06.538Z,XRP,0.786,1921,1.4148,1347.199701
2026-09-15T04:20:06.538Z,ADA,1.2365,280,0.2053,1347.199701
2026-09-15T04:20:06.538Z,AVAX,0.5931,10210,7.534,1347.199701
2026-09-15T04:20:06.538Z,DOT,0.6697,1347,0.9932,1347.199701
2026-09-15T04:20:06.538Z,LINK,0.9088,15620,11.49,1347.199701
2026-09-15T04:20:06.538Z,POL,-0.2918,128.9,0.09596,1347.199701
2026-09-15T04:20:06.538Z,DOGE,0.9366,113.3,0.08332,1347.199701
2026-09-15T04:20:06.538Z,TRX,0.881,458.4,0.33729,1347.199701
2026-09-15T04:20:06.538Z,XLM,0.8244,261.8,0.19274,1347.199701
2026-09-15T04:20:06.538Z,SHIB,1.3693,0.0071,5.199e-06,1347.199701
2026-09-15T04:20:06.538Z,BCH,8.672,325600,222.4,1347.199701
2026-09-15T04:20:06.538Z,UNI,-1.2378,8840,6.644,1347.199701
2026-09-15T04:20:06.538Z,AAVE,-0.8855,170100,127.39,1347.199701
2026-09-15T04:20:06.538Z,SUSHI,0.8952,293.6,0.216,1347.199701
2026-09-15T04:20:06.538Z,LDO,1.2669,491,0.3599,1347.199701
2026-09-15T04:20:06.538Z,ICP,0.9365,3560,2.618,1347.199701
2026-09-15T04:20:06.538Z,NEAR,0.6705,3297,2.431,1347.199701
2026-09-15T04:20:06.538Z,HBAR,0.8403,105,0.07729,1347.199701
2026-09-15T04:20:06.538Z,XTZ,7.9957,390.5,0.2684,1347.199701
2026-09-15T04:20:06.538Z,DYDX,1.2052,154.3,0.11317,1347.199701
2026-09-15T04:20:06.538Z,ARB,0.7691,180.8,0.13318,1347.199701
2026-09-15T04:20:06.538Z,GMX,1.7643,10200,7.44,1347.199701
2026-09-15T04:20:06.538Z,IMX,-2.0569,163.3,0.12376,1347.199701
2026-09-15T04:20:06.538Z,INJ,-27.199,6020,6.138,1347.199701
2026-09-15T04:20:06.538Z,GRT,5.777,25.85,0.01814,1347.199701
2026-09-15T04:20:06.538Z,SUI,0.8924,971.3,0.7146,1347.199701
2026-09-15T04:20:06.538Z,HYPE,0.8287,108100,79.581,1347.199701
2026-09-15T04:25:06.903Z,BTC,0.9381,105478000,77566.6,1347.199701
2026-09-15T04:25:06.903Z,ETH,0.9247,3391000,2494.01,1347.199701
2026-09-15T04:25:06.903Z,SOL,0.8776,137900,101.47,1347.199701
2026-09-15T04:25:06.903Z,BNB,0.808,978500,720.5,1347.199701
2026-09-15T04:25:06.903Z,XRP,0.8547,1920,1.4131,1347.199701
2026-09-15T04:25:06.903Z,ADA,1.4837,280,0.2048,1347.199701
2026-09-15T04:25:06.903Z,AVAX,0.6866,10210,7.527,1347.199701
2026-09-15T04:25:06.903Z,DOT,0.8423,1347,0.9915,1347.199701
2026-09-15T04:25:06.903Z,LINK,1.0759,15620,11.471,1347.199701
2026-09-15T04:25:06.903Z,POL,-0.2295,128.9,0.0959,1347.199701
2026-09-15T04:25:06.903Z,DOGE,1.0215,113.3,0.08325,1347.199701
2026-09-15T04:25:06.903Z,TRX,0.857,458.4,0.33737,1347.199701
2026-09-15T04:25:06.903Z,XLM,0.9816,261.8,0.19244,1347.199701
2026-09-15T04:25:06.903Z,SHIB,1.4669,0.0071,5.194e-06,1347.199701
2026-09-15T04:25:06.903Z,BCH,8.8188,325600,222.1,1347.199701
2026-09-15T04:25:06.903Z,UNI,-0.8048,8840,6.615,1347.199701
2026-09-15T04:25:06.903Z,AAVE,-0.7297,170100,127.19,1347.199701
2026-09-15T04:25:06.903Z,SUSHI,1.0355,293.6,0.2157,1347.199701
2026-09-15T04:25:06.903Z,LDO,1.4078,491,0.3594,1347.199701
2026-09-15T04:25:06.903Z,ICP,1.5572,3560,2.602,1347.199701
2026-09-15T04:25:06.903Z,NEAR,0.8779,3297,2.426,1347.199701
2026-09-15T04:25:06.903Z,HBAR,1.0847,105.2,0.07725,1347.199701
2026-09-15T04:25:06.903Z,XTZ,8.3591,390.5,0.2675,1347.199701
2026-09-15T04:25:06.903Z,DYDX,1.4742,154.3,0.11287,1347.199701
2026-09-15T04:25:06.903Z,ARB,1.1565,180.8,0.13267,1347.199701
2026-09-15T04:25:06.903Z,GMX,2.0523,10200,7.419,1347.199701
2026-09-15T04:25:06.903Z,IMX,-1.9142,163.3,0.12358,1347.199701
2026-09-15T04:25:06.903Z,INJ,-26.7694,6020,6.102,1347.199701
2026-09-15T04:25:06.903Z,GRT,6.0694,25.85,0.01809,1347.199701
2026-09-15T04:25:06.903Z,SUI,1.0904,971.3,0.7132,1347.199701
2026-09-15T04:25:06.903Z,HYPE,1.0649,108100,79.395,1347.199701
2026-09-15T04:30:07.080Z,BTC,0.834,105428000,77609.9,1347.199701
2026-09-15T04:30:07.080Z,ETH,0.8662,3388000,2493.25,1347.199701
2026-09-15T04:30:07.080Z,SOL,0.8939,137800,101.38,1347.199701
2026-09-15T04:30:07.080Z,BNB,0.892,978500,719.9,1347.199701
2026-09-15T04:30:07.080Z,XRP,0.7827,1917,1.4119,1347.199701
2026-09-15T04:30:07.080Z,ADA,1.5829,280,0.2046,1347.199701
2026-09-15T04:30:07.080Z,AVAX,0.8474,10210,7.515,1347.199701
2026-09-15T04:30:07.080Z,DOT,0.9034,1347,0.9909,1347.199701
2026-09-15T04:30:07.080Z,LINK,1.0051,15590,11.457,1347.199701
2026-09-15T04:30:07.080Z,POL,0.0418,128.9,0.09564,1347.199701
2026-09-15T04:30:07.080Z,DOGE,0.9687,113.2,0.08322,1347.199701
2026-09-15T04:30:07.080Z,TRX,0.7108,458.4,0.33786,1347.199701
2026-09-15T04:30:07.080Z,XLM,1.2201,261.3,0.19162,1347.199701
2026-09-15T04:30:07.080Z,SHIB,1.5647,0.0071,5.189e-06,1347.199701
2026-09-15T04:30:07.080Z,BCH,8.9169,325600,221.9,1347.199701
2026-09-15T04:30:07.080Z,UNI,-0.5493,8840,6.598,1347.199701
2026-09-15T04:30:07.080Z,AAVE,-0.6985,170100,127.15,1347.199701
2026-09-15T04:30:07.080Z,SUSHI,1.3173,293.6,0.2151,1347.199701
2026-09-15T04:30:07.080Z,LDO,1.5774,491,0.3588,1347.199701
2026-09-15T04:30:07.080Z,ICP,1.3624,3560,2.607,1347.199701
2026-09-15T04:30:07.080Z,NEAR,0.7533,3297,2.429,1347.199701
2026-09-15T04:30:07.080Z,HBAR,1.0585,105.2,0.07727,1347.199701
2026-09-15T04:30:07.080Z,XTZ,8.6027,390.5,0.2669,1347.199701
2026-09-15T04:30:07.080Z,DYDX,1.5371,154.3,0.1128,1347.199701
2026-09-15T04:30:07.080Z,ARB,1.2939,180.8,0.13249,1347.199701
2026-09-15T04:30:07.080Z,GMX,2.536,10200,7.384,1347.199701
2026-09-15T04:30:07.080Z,IMX,-1.6835,163.3,0.12329,1347.199701
2026-09-15T04:30:07.080Z,INJ,-26.6733,6020,6.094,1347.199701
2026-09-15T04:30:07.080Z,GRT,6.0694,25.85,0.01809,1347.199701
2026-09-15T04:30:07.080Z,SUI,1.1188,971.3,0.713,1347.199701
2026-09-15T04:30:07.080Z,HYPE,1.0204,108100,79.43,1347.199701
2026-09-15T04:35:06.937Z,BTC,0.89,105422000,77562.4,1347.199701
2026-09-15T04:35:06.937Z,ETH,0.8363,3385000,2491.78,1347.199701
2026-09-15T04:35:06.937Z,SOL,0.8071,137600,101.32,1347.199701
2026-09-15T04:35:06.937Z,BNB,0.836,978500,720.3,1347.199701
2026-09-15T04:35:06.937Z,XRP,0.8568,1918,1.4116,1347.199701
2026-09-15T04:35:06.937Z,ADA,1.0881,278.5,0.2045,1347.199701
2026-09-15T04:35:06.937Z,AVAX,0.9011,10210,7.511,1347.199701
2026-09-15T04:35:06.937Z,DOT,0.9645,1347,0.9903,1347.199701
2026-09-15T04:35:06.937Z,LINK,0.9019,15570,11.454,1347.199701
2026-09-15T04:35:06.937Z,POL,-0.021,128.9,0.0957,1347.199701
2026-09-15T04:35:06.937Z,DOGE,0.8752,113,0.08315,1347.199701
2026-09-15T04:35:06.937Z,TRX,0.6869,458.4,0.33794,1347.199701
2026-09-15T04:35:06.937Z,XLM,0.6554,260.1,0.19181,1347.199701
2026-09-15T04:35:06.937Z,SHIB,1.5843,0.0071,5.188e-06,1347.199701
2026-09-15T04:35:06.937Z,BCH,0.9769,302000,222,1347.199701
2026-09-15T04:35:06.937Z,UNI,-0.1102,8840,6.569,1347.199701
2026-09-15T04:35:06.937Z,AAVE,-0.7063,170100,127.16,1347.199701
2026-09-15T04:35:06.937Z,SUSHI,1.1762,293.6,0.2154,1347.199701
2026-09-15T04:35:06.937Z,LDO,1.7191,491,0.3583,1347.199701
2026-09-15T04:35:06.937Z,ICP,1.4792,3560,2.604,1347.199701
2026-09-15T04:35:06.937Z,NEAR,0.5464,3297,2.434,1347.199701
2026-09-15T04:35:06.937Z,HBAR,1.0062,105.2,0.07731,1347.199701
2026-09-15T04:35:06.937Z,XTZ,8.3996,390.5,0.2674,1347.199701
2026-09-15T04:35:06.937Z,DYDX,1.4202,154.3,0.11293,1347.199701
2026-09-15T04:35:06.937Z,ARB,1.1333,180.2,0.13226,1347.199701
2026-09-15T04:35:06.937Z,GMX,2.0936,10200,7.416,1347.199701
2026-09-15T04:35:06.937Z,IMX,-1.7712,163.3,0.1234,1347.199701
2026-09-15T04:35:06.937Z,INJ,-26.8054,6020,6.105,1347.199701
2026-09-15T04:35:06.937Z,GRT,6.0694,25.85,0.01809,1347.199701
2026-09-15T04:35:06.937Z,SUI,0.8385,968.2,0.7127,1347.199701
2026-09-15T04:35:06.937Z,HYPE,1.07,108100,79.391,1347.199701
2026-09-15T04:40:06.870Z,BTC,0.8405,105360000,77554.8,1347.199701
2026-09-15T04:40:06.870Z,ETH,0.8701,3384000,2490.21,1347.199701
2026-09-15T04:40:06.870Z,SOL,0.8633,137500,101.19,1347.199701
2026-09-15T04:40:06.870Z,BNB,0.906,978500,719.8,1347.199701
2026-09-15T04:40:06.870Z,XRP,0.845,1919,1.4125,1347.199701
2026-09-15T04:40:06.870Z,ADA,1.0387,278.5,0.2046,1347.199701
2026-09-15T04:40:06.870Z,AVAX,0.9414,10210,7.508,1347.199701
2026-09-15T04:40:06.870Z,DOT,0.9034,1347,0.9909,1347.199701
2026-09-15T04:40:06.870Z,LINK,1.0254,15570,11.44,1347.199701
2026-09-15T04:40:06.870Z,POL,-0.021,128.9,0.0957,1347.199701
2026-09-15T04:40:06.870Z,DOGE,0.8465,112.9,0.0831,1347.199701
2026-09-15T04:40:06.870Z,TRX,0.6571,458.4,0.33804,1347.199701
2026-09-15T04:40:06.870Z,XLM,0.8827,261,0.19204,1347.199701
2026-09-15T04:40:06.870Z,SHIB,1.506,0.0071,5.192e-06,1347.199701
2026-09-15T04:40:06.870Z,BCH,0.8406,302000,222.3,1347.199701
2026-09-15T04:40:06.870Z,UNI,-0.6246,8840,6.603,1347.199701
2026-09-15T04:40:06.870Z,AAVE,-0.7531,170100,127.22,1347.199701
2026-09-15T04:40:06.870Z,SUSHI,1.0823,293.6,0.2156,1347.199701
2026-09-15T04:40:06.870Z,LDO,1.8044,491,0.358,1347.199701
2026-09-15T04:40:06.870Z,ICP,1.6744,3560,2.599,1347.199701
2026-09-15T04:40:06.870Z,NEAR,0.3402,3297,2.439,1347.199701
2026-09-15T04:40:06.870Z,HBAR,0.8888,105.2,0.0774,1347.199701
2026-09-15T04:40:06.870Z,XTZ,8.5213,390.5,0.2671,1347.199701
2026-09-15T04:40:06.870Z,DYDX,1.4382,154.3,0.11291,1347.199701
2026-09-15T04:40:06.870Z,ARB,1.0722,180.2,0.13234,1347.199701
2026-09-15T04:40:06.870Z,GMX,2.1763,10200,7.41,1347.199701
2026-09-15T04:40:06.870Z,IMX,-1.7552,163.3,0.12338,1347.199701
2026-09-15T04:40:06.870Z,INJ,-26.7454,6020,6.1,1347.199701
2026-09-15T04:40:06.870Z,GRT,5.9522,25.85,0.01811,1347.199701
2026-09-15T04:40:06.870Z,SUI,0.7819,968.2,0.7131,1347.199701
2026-09-15T04:40:06.870Z,HYPE,1.1427,108100,79.334,1347.199701
2026-09-15T04:45:07.481Z,BTC,0.7696,105360000,77609.4,1347.199701
2026-09-15T04:45:07.481Z,ETH,0.8066,3386000,2493.25,1347.199701
2026-09-15T04:45:07.481Z,SOL,0.7836,137500,101.27,1347.199701
2026-09-15T04:45:07.481Z,BNB,0.822,978500,720.4,1347.199701
2026-09-15T04:45:07.481Z,XRP,0.8191,1920,1.4136,1347.199701
2026-09-15T04:45:07.481Z,ADA,1.0024,278.4,0.2046,1347.199701
2026-09-15T04:45:07.481Z,AVAX,0.7536,10210,7.522,1347.199701
2026-09-15T04:45:07.481Z,DOT,0.6596,1347,0.9933,1347.199701
2026-09-15T04:45:07.481Z,LINK,0.9107,15570,11.453,1347.199701
2026-09-15T04:45:07.481Z,POL,-0.2191,128.9,0.09589,1347.199701
2026-09-15T04:45:07.481Z,DOGE,0.7738,112.9,0.08316,1347.199701
2026-09-15T04:45:07.481Z,TRX,0.8041,459.3,0.33821,1347.199701
2026-09-15T04:45:07.481Z,XLM,0.7044,261,0.19238,1347.199701
2026-09-15T04:45:07.481Z,SHIB,1.4669,0.0071,5.194e-06,1347.199701
2026-09-15T04:45:07.481Z,BCH,0.7047,302000,222.6,1347.199701
2026-09-15T04:45:07.481Z,UNI,-1.549,8840,6.665,1347.199701
2026-09-15T04:45:07.481Z,AAVE,-0.9788,170100,127.51,1347.199701
2026-09-15T04:45:07.481Z,SUSHI,0.8018,293.6,0.2162,1347.199701
2026-09-15T04:45:07.481Z,LDO,1.2669,491,0.3599,1347.199701
2026-09-15T04:45:07.481Z,ICP,1.4402,3560,2.605,1347.199701
2026-09-15T04:45:07.481Z,NEAR,0.135,3297,2.444,1347.199701
2026-09-15T04:45:07.481Z,HBAR,0.8497,105.2,0.07743,1347.199701
2026-09-15T04:45:07.481Z,XTZ,8.2781,390.5,0.2677,1347.199701
2026-09-15T04:45:07.481Z,DYDX,1.1783,154.3,0.1132,1347.199701
2026-09-15T04:45:07.481Z,ARB,0.6615,180.2,0.13288,1347.199701
2026-09-15T04:45:07.481Z,GMX,2.0248,10200,7.421,1347.199701
2026-09-15T04:45:07.481Z,IMX,-1.8984,163.3,0.12356,1347.199701
2026-09-15T04:45:07.481Z,INJ,-26.8773,6020,6.111,1347.199701
2026-09-15T04:45:07.481Z,GRT,5.8354,25.85,0.01813,1347.199701
2026-09-15T04:45:07.481Z,SUI,0.6831,968.2,0.7138,1347.199701
2026-09-15T04:45:07.481Z,HYPE,0.9023,108100,79.523,1347.199701
2026-09-15T04:50:06.856Z,BTC,0.8324,105386000,77580.2,1347.199701
2026-09-15T04:50:06.856Z,ETH,0.8135,3386000,2493.08,1347.199701
2026-09-15T04:50:06.856Z,SOL,0.7836,137500,101.27,1347.199701
2026-09-15T04:50:06.856Z,BNB,0.794,978500,720.6,1347.199701
2026-09-15T04:50:06.856Z,XRP,0.786,1921,1.4148,1347.199701
2026-09-15T04:50:06.856Z,ADA,0.9037,278.4,0.2048,1347.199701
2026-09-15T04:50:06.856Z,AVAX,0.7268,10210,7.524,1347.199701
2026-09-15T04:50:06.856Z,DOT,0.6292,1347,0.9936,1347.199701
2026-09-15T04:50:06.856Z,LINK,0.9195,15570,11.452,1347.199701
2026-09-15T04:50:06.856Z,POL,-0.2086,128.9,0.09588,1347.199701
2026-09-15T04:50:06.856Z,DOGE,0.7253,112.9,0.0832,1347.199701
2026-09-15T04:50:06.856Z,TRX,0.8041,459.3,0.33821,1347.199701
2026-09-15T04:50:06.856Z,XLM,0.8178,262,0.1929,1347.199701
2026-09-15T04:50:06.856Z,SHIB,1.4083,0.0071,5.197e-06,1347.199701
2026-09-15T04:50:06.856Z,BCH,0.5692,302000,222.9,1347.199701
2026-09-15T04:50:06.856Z,UNI,-1.2378,8840,6.644,1347.199701
2026-09-15T04:50:06.856Z,AAVE,-0.9866,170100,127.52,1347.199701
2026-09-15T04:50:06.856Z,SUSHI,0.7552,293.6,0.2163,1347.199701
2026-09-15T04:50:06.856Z,LDO,1.2107,491,0.3601,1347.199701
2026-09-15T04:50:06.856Z,ICP,1.2847,3560,2.609,1347.199701
2026-09-15T04:50:06.856Z,NEAR,0.217,3297,2.442,1347.199701
2026-09-15T04:50:06.856Z,HBAR,0.7716,105.2,0.07749,1347.199701
2026-09-15T04:50:06.856Z,XTZ,8.5213,390.5,0.2671,1347.199701
2026-09-15T04:50:06.856Z,DYDX,1.2588,154.3,0.11311,1347.199701
2026-09-15T04:50:06.856Z,ARB,0.669,180.2,0.13287,1347.199701
2026-09-15T04:50:06.856Z,GMX,1.7779,10200,7.439,1347.199701
2026-09-15T04:50:06.856Z,IMX,-1.9698,163.3,0.12365,1347.199701
2026-09-15T04:50:06.856Z,INJ,-26.8174,6020,6.106,1347.199701
2026-09-15T04:50:06.856Z,GRT,6.0694,25.85,0.01809,1347.199701
2026-09-15T04:50:06.856Z,SUI,0.6267,968.2,0.7142,1347.199701
2026-09-15T04:50:06.856Z,HYPE,0.9975,108100,79.448,1347.199701
2026-09-15T04:55:07.378Z,BTC,0.8525,105386000,77564.7,1347.199701
2026-09-15T04:55:07.378Z,ETH,0.7976,3384000,2492,1347.199701
2026-09-15T04:55:07.378Z,SOL,0.7637,137500,101.29,1347.199701
2026-09-15T04:55:07.378Z,BNB,0.822,978500,720.4,1347.199701
2026-09-15T04:55:07.378Z,XRP,0.8074,1921,1.4145,1347.199701
2026-09-15T04:55:07.378Z,ADA,0.8053,278.4,0.205,1347.199701
2026-09-15T04:55:07.378Z,AVAX,0.7134,10210,7.525,1347.199701
2026-09-15T04:55:07.378Z,DOT,0.883,1347,0.9911,1347.199701
2026-09-15T04:55:07.378Z,LINK,0.9372,15570,11.45,1347.199701
2026-09-15T04:55:07.378Z,POL,-0.1774,128.9,0.09585,1347.199701
2026-09-15T04:55:07.378Z,DOGE,0.7132,112.9,0.08321,1347.199701
2026-09-15T04:55:07.378Z,TRX,0.8309,459.3,0.33812,1347.199701
2026-09-15T04:55:07.378Z,XLM,0.6736,262.1,0.19325,1347.199701
2026-09-15T04:55:07.378Z,SHIB,1.4083,0.0071,5.197e-06,1347.199701
2026-09-15T04:55:07.378Z,BCH,0.5241,302000,223,1347.199701
2026-09-15T04:55:07.378Z,UNI,-0.8798,8840,6.62,1347.199701
2026-09-15T04:55:07.378Z,AAVE,-1.0021,170100,127.54,1347.199701
2026-09-15T04:55:07.378Z,SUSHI,0.6157,293.6,0.2166,1347.199701
2026-09-15T04:55:07.378Z,LDO,1.1545,491,0.3603,1347.199701
2026-09-15T04:55:07.378Z,ICP,1.4792,3560,2.604,1347.199701
2026-09-15T04:55:07.378Z,NEAR,0.2991,3297,2.44,1347.199701
2026-09-15T04:55:07.378Z,HBAR,0.9494,105.1,0.07728,1347.199701
2026-09-15T04:55:07.378Z,XTZ,8.5213,390.5,0.2671,1347.199701
2026-09-15T04:55:07.378Z,DYDX,1.1962,154.3,0.11318,1347.199701
2026-09-15T04:55:07.378Z,ARB,0.7297,180.2,0.13279,1347.199701
2026-09-15T04:55:07.378Z,GMX,1.9287,10200,7.428,1347.199701
2026-09-15T04:55:07.378Z,IMX,-1.803,163.3,0.12344,1347.199701
2026-09-15T04:55:07.378Z,INJ,-26.8534,6020,6.109,1347.199701
2026-09-15T04:55:07.378Z,GRT,6.128,25.85,0.01808,1347.199701
2026-09-15T04:55:07.378Z,SUI,0.7113,968.2,0.7136,1347.199701
2026-09-15T04:55:07.378Z,HYPE,1.0242,108100,79.427,1347.199701
2026-09-15T05:00:07.084Z,BTC,0.8153,105300000,77530,1347.199701
2026-09-15T05:00:07.084Z,ETH,0.8005,3381000,2489.72,1347.199701
2026-09-15T05:00:07.084Z,SOL,0.8733,137500,101.18,1347.199701
2026-09-15T05:00:07.084Z,BNB,0.878,978500,720,1347.199701
2026-09-15T05:00:07.084Z,XRP,0.8236,1919,1.4128,1347.199701
2026-09-15T05:00:07.084Z,ADA,1.0024,278.4,0.2046,1347.199701
2026-09-15T05:00:07.084Z,AVAX,0.834,10210,7.516,1347.199701
2026-09-15T05:00:07.084Z,DOT,0.9951,1347,0.99,1347.199701
2026-09-15T05:00:07.084Z,LINK,0.9901,15570,11.444,1347.199701
2026-09-15T05:00:07.084Z,POL,-0.2711,128.9,0.09594,1347.199701
2026-09-15T05:00:07.084Z,DOGE,0.8223,112.9,0.08312,1347.199701
2026-09-15T05:00:07.084Z,TRX,0.8309,459.3,0.33812,1347.199701
2026-09-15T05:00:07.084Z,XLM,0.7101,262.1,0.19318,1347.199701
2026-09-15T05:00:07.084Z,SHIB,1.506,0.0071,5.192e-06,1347.199701
2026-09-15T05:00:07.084Z,BCH,0.7047,302000,222.6,1347.199701
2026-09-15T05:00:07.084Z,UNI,-1.074,8840,6.633,1347.199701
2026-09-15T05:00:07.084Z,AAVE,-0.9322,170100,127.45,1347.199701
2026-09-15T05:00:07.084Z,SUSHI,0.7087,293.6,0.2164,1347.199701
2026-09-15T05:00:07.084Z,LDO,1.2388,491,0.36,1347.199701
2026-09-15T05:00:07.084Z,ICP,1.5182,3560,2.603,1347.199701
2026-09-15T05:00:07.084Z,NEAR,0.258,3297,2.441,1347.199701
2026-09-15T05:00:07.084Z,HBAR,0.8297,104.5,0.07693,1347.199701
2026-09-15T05:00:07.084Z,XTZ,8.6027,390.5,0.2669,1347.199701
2026-09-15T05:00:07.084Z,DYDX,1.4382,154.3,0.11291,1347.199701
2026-09-15T05:00:07.084Z,ARB,0.874,180.2,0.1326,1347.199701
2026-09-15T05:00:07.084Z,GMX,1.9287,10200,7.428,1347.199701
2026-09-15T05:00:07.084Z,IMX,-1.9539,163.3,0.12363,1347.199701
2026-09-15T05:00:07.084Z,INJ,-26.7814,6020,6.103,1347.199701
2026-09-15T05:00:07.084Z,GRT,6.3044,25.85,0.01805,1347.199701
2026-09-15T05:00:07.084Z,SUI,0.9756,968.7,0.7121,1347.199701
2026-09-15T05:00:07.084Z,HYPE,1.1044,108100,79.364,1347.199701
2026-09-15T05:05:06.866Z,BTC,0.7716,105310000,77571,1347.199701
2026-09-15T05:05:06.866Z,ETH,0.7809,3382000,2490.94,1347.199701
2026-09-15T05:05:06.866Z,SOL,0.8533,137500,101.2,1347.199701
2026-09-15T05:05:06.866Z,BNB,0.78,978500,720.7,1347.199701
2026-09-15T05:05:06.866Z,XRP,0.7847,1915,1.4104,1347.199701
2026-09-15T05:05:06.866Z,ADA,1.0155,278.3,0.2045,1347.199701
2026-09-15T05:05:06.866Z,AVAX,0.7804,10210,7.52,1347.199701
2026-09-15T05:05:06.866Z,DOT,0.8322,1347,0.9916,1347.199701
2026-09-15T05:05:06.866Z,LINK,0.946,15570,11.449,1347.199701
2026-09-15T05:05:06.866Z,POL,-0.2711,128.9,0.09594,1347.199701
2026-09-15T05:05:06.866Z,DOGE,0.8752,113,0.08315,1347.199701
2026-09-15T05:05:06.866Z,TRX,0.9712,459.3,0.33765,1347.199701
2026-09-15T05:05:06.866Z,XLM,0.7471,262.4,0.19333,1347.199701
2026-09-15T05:05:06.866Z,SHIB,1.4083,0.0071,5.197e-06,1347.199701
2026-09-15T05:05:06.866Z,BCH,0.6143,302000,222.8,1347.199701
2026-09-15T05:05:06.866Z,UNI,-1.1783,8840,6.64,1347.199701
2026-09-15T05:05:06.866Z,AAVE,-1.0254,170100,127.57,1347.199701
2026-09-15T05:05:06.866Z,SUSHI,0.9887,293.6,0.2158,1347.199701
2026-09-15T05:05:06.866Z,LDO,1.1826,491,0.3602,1347.199701
2026-09-15T05:05:06.866Z,ICP,1.3624,3560,2.607,1347.199701
2026-09-15T05:05:06.866Z,NEAR,-0.151,3297,2.451,1347.199701
2026-09-15T05:05:06.866Z,HBAR,0.7511,104.5,0.07699,1347.199701
2026-09-15T05:05:06.866Z,XTZ,8.562,390.5,0.267,1347.199701
2026-09-15T05:05:06.866Z,DYDX,1.2588,154.3,0.11311,1347.199701
2026-09-15T05:05:06.866Z,ARB,0.8664,180.2,0.13261,1347.199701
2026-09-15T05:05:06.866Z,GMX,1.9698,10200,7.425,1347.199701
2026-09-15T05:05:06.866Z,IMX,-1.8825,163.3,0.12354,1347.199701
2026-09-15T05:05:06.866Z,INJ,-26.8294,6020,6.107,1347.199701
2026-09-15T05:05:06.866Z,GRT,6.3044,25.85,0.01805,1347.199701
2026-09-15T05:05:06.866Z,SUI,1.0039,968.7,0.7119,1347.199701
2026-09-15T05:05:06.866Z,HYPE,1.2179,108100,79.275,1347.199701
2026-09-15T05:10:06.884Z,BTC,0.8203,105270000,77504.1,1347.199701
2026-09-15T05:10:06.884Z,ETH,0.8342,3378000,2486.68,1347.199701
2026-09-15T05:10:06.884Z,SOL,0.8961,137300,101.01,1347.199701
2026-09-15T05:10:06.884Z,BNB,0.878,978500,720,1347.199701
2026-09-15T05:10:06.884Z,XRP,0.8218,1910,1.4062,1347.199701
2026-09-15T05:10:06.884Z,ADA,1.2134,278.3,0.2041,1347.199701
2026-09-15T05:10:06.884Z,AVAX,1.0222,10210,7.502,1347.199701
2026-09-15T05:10:06.884Z,DOT,1.0564,1347,0.9894,1347.199701
2026-09-15T05:10:06.884Z,LINK,1.2201,15570,11.418,1347.199701
2026-09-15T05:10:06.884Z,POL,-0.3334,128.9,0.096,1347.199701
2026-09-15T05:10:06.884Z,DOGE,0.8986,112.7,0.08291,1347.199701
2026-09-15T05:10:06.884Z,TRX,0.9772,459.3,0.33763,1347.199701
2026-09-15T05:10:06.884Z,XLM,1.3852,262.3,0.19204,1347.199701
2026-09-15T05:10:06.884Z,SHIB,1.7019,0.0071,5.182e-06,1347.199701
2026-09-15T05:10:06.884Z,BCH,0.8406,302000,222.3,1347.199701
2026-09-15T05:10:06.884Z,UNI,-0.7448,8840,6.611,1347.199701
2026-09-15T05:10:06.884Z,AAVE,-0.87,170100,127.37,1347.199701
2026-09-15T05:10:06.884Z,SUSHI,1.2232,293.6,0.2153,1347.199701
2026-09-15T05:10:06.884Z,LDO,1.436,491,0.3593,1347.199701
2026-09-15T05:10:06.884Z,ICP,1.4402,3560,2.605,1347.199701
2026-09-15T05:10:06.884Z,NEAR,0.176,3297,2.443,1347.199701
2026-09-15T05:10:06.884Z,HBAR,1.1585,104.5,0.07668,1347.199701
2026-09-15T05:10:06.884Z,XTZ,8.6434,390.5,0.2668,1347.199701
2026-09-15T05:10:06.884Z,DYDX,1.4652,154.3,0.11288,1347.199701
2026-09-15T05:10:06.884Z,ARB,0.8805,179.6,0.13215,1347.199701
2026-09-15T05:10:06.884Z,GMX,1.9012,10200,7.43,1347.199701
2026-09-15T05:10:06.884Z,IMX,-1.7313,163.3,0.12335,1347.199701
2026-09-15T05:10:06.884Z,INJ,-26.6613,6020,6.093,1347.199701
2026-09-15T05:10:06.884Z,GRT,6.9562,25.85,0.01794,1347.199701
2026-09-15T05:10:06.884Z,SUI,0.859,965,0.7102,1347.199701
2026-09-15T05:10:06.884Z,HYPE,1.3547,108100,79.168,1347.199701
2026-09-15T05:15:06.574Z,BTC,0.7775,105056000,77379.4,1347.199701
2026-09-15T05:15:06.574Z,ETH,0.7503,3369000,2482.12,1347.199701
2026-09-15T05:15:06.574Z,SOL,0.7953,137000,100.89,1347.199701
2026-09-15T05:15:06.574Z,BNB,0.8118,976500,719,1347.199701
2026-09-15T05:15:06.574Z,XRP,0.7611,1906,1.4041,1347.199701
2026-09-15T05:15:06.574Z,ADA,1.0114,277.2,0.2037,1347.199701
2026-09-15T05:15:06.574Z,AVAX,0.9676,10180,7.484,1347.199701
2026-09-15T05:15:06.574Z,DOT,1.1996,1347,0.988,1347.199701
2026-09-15T05:15:06.574Z,LINK,0.7144,15480,11.409,1347.199701
2026-09-15T05:15:06.574Z,POL,-0.4785,128.9,0.09614,1347.199701
2026-09-15T05:15:06.574Z,DOGE,0.6497,112.3,0.08282,1347.199701
2026-09-15T05:15:06.574Z,TRX,1.0501,459.4,0.33746,1347.199701
2026-09-15T05:15:06.574Z,XLM,0.6528,259.7,0.19152,1347.199701
2026-09-15T05:15:06.574Z,SHIB,1.9971,0.0071,5.167e-06,1347.199701
2026-09-15T05:15:06.574Z,BCH,1.1592,302000,221.6,1347.199701
2026-09-15T05:15:06.574Z,UNI,-0.7298,8840,6.61,1347.199701
2026-09-15T05:15:06.574Z,AAVE,-0.7843,170100,127.26,1347.199701
2026-09-15T05:15:06.574Z,SUSHI,1.6007,293.6,0.2145,1347.199701
2026-09-15T05:15:06.574Z,LDO,1.5491,491,0.3589,1347.199701
2026-09-15T05:15:06.574Z,ICP,1.7527,3560,2.597,1347.199701
2026-09-15T05:15:06.574Z,NEAR,0.5051,3297,2.435,1347.199701
2026-09-15T05:15:06.574Z,HBAR,0.7713,104.1,0.07668,1347.199701
2026-09-15T05:15:06.574Z,XTZ,9.1342,390.5,0.2656,1347.199701
2026-09-15T05:15:06.574Z,DYDX,1.7175,154.3,0.1126,1347.199701
2026-09-15T05:15:06.574Z,ARB,0.6349,179,0.13203,1347.199701
2026-09-15T05:15:06.574Z,GMX,2.4528,10200,7.39,1347.199701
2026-09-15T05:15:06.574Z,IMX,-1.4197,163.3,0.12296,1347.199701
2026-09-15T05:15:06.574Z,INJ,-26.5166,6020,6.081,1347.199701
2026-09-15T05:15:06.574Z,GRT,7.1952,25.85,0.0179,1347.199701
2026-09-15T05:15:06.574Z,SUI,0.9564,964.3,0.709,1347.199701
2026-09-15T05:15:06.574Z,HYPE,1.5009,108100,79.054,1347.199701
2026-09-15T05:20:06.877Z,BTC,0.935,105112000,77299.8,1347.199701
2026-09-15T05:20:06.877Z,ETH,0.9016,3371000,2479.87,1347.199701
2026-09-15T05:20:06.877Z,SOL,0.7144,136700,100.75,1347.199701
2026-09-15T05:20:06.877Z,BNB,0.91,976500,718.3,1347.199701
2026-09-15T05:20:06.877Z,XRP,0.9069,1904,1.4006,1347.199701
2026-09-15T05:20:06.877Z,ADA,0.9677,276.4,0.2032,1347.199701
2026-09-15T05:20:06.877Z,AVAX,1.1568,10180,7.47,1347.199701
2026-09-15T05:20:06.877Z,DOT,1.1791,1347,0.9882,1347.199701
2026-09-15T05:20:06.877Z,LINK,0.8469,15480,11.394,1347.199701
2026-09-15T05:20:06.877Z,POL,-0.5199,128.9,0.09618,1347.199701
2026-09-15T05:20:06.877Z,DOGE,0.808,112.3,0.08269,1347.199701
2026-09-15T05:20:06.877Z,TRX,1.0711,459.4,0.33739,1347.199701
2026-09-15T05:20:06.877Z,XLM,0.6581,259.7,0.19151,1347.199701
2026-09-15T05:20:06.877Z,SHIB,2.0959,0.0071,5.162e-06,1347.199701
2026-09-15T05:20:06.877Z,BCH,1.2505,302000,221.4,1347.199701
2026-09-15T05:20:06.877Z,UNI,-0.4436,8840,6.591,1347.199701
2026-09-15T05:20:06.877Z,AAVE,-0.6907,170100,127.14,1347.199701
2026-09-15T05:20:06.877Z,SUSHI,1.6007,293.6,0.2145,1347.199701
2026-09-15T05:20:06.877Z,LDO,1.7475,491,0.3582,1347.199701
2026-09-15T05:20:06.877Z,ICP,1.9884,3560,2.591,1347.199701
2026-09-15T05:20:06.877Z,NEAR,0.5464,3297,2.434,1347.199701
2026-09-15T05:20:06.877Z,HBAR,0.9292,104.1,0.07656,1347.199701
2026-09-15T05:20:06.877Z,XTZ,9.5881,390.5,0.2645,1347.199701
2026-09-15T05:20:06.877Z,DYDX,1.7627,154.3,0.11255,1347.199701
2026-09-15T05:20:06.877Z,ARB,0.3309,179,0.13243,1347.199701
2026-09-15T05:20:06.877Z,GMX,2.6751,10200,7.374,1347.199701
2026-09-15T05:20:06.877Z,IMX,-1.3635,163.3,0.12289,1347.199701
2026-09-15T05:20:06.877Z,INJ,-26.3591,6020,6.068,1347.199701
2026-09-15T05:20:06.877Z,GRT,7.3152,25.85,0.01788,1347.199701
2026-09-15T05:20:06.877Z,SUI,1.4285,964.3,0.7057,1347.199701
2026-09-15T05:20:06.877Z,HYPE,1.7429,108100,78.866,1347.199701
2026-09-15T05:25:06.847Z,BTC,0.9267,105161000,77342.2,1347.199701
2026-09-15T05:25:06.847Z,ETH,0.8535,3374000,2483.26,1347.199701
2026-09-15T05:25:06.847Z,SOL,0.7544,136700,100.71,1347.199701
2026-09-15T05:25:06.847Z,BNB,0.8679,976500,718.6,1347.199701
2026-09-15T05:25:06.847Z,XRP,0.9048,1906,1.4021,1347.199701
2026-09-15T05:25:06.847Z,ADA,0.918,276.4,0.2033,1347.199701
2026-09-15T05:25:06.847Z,AVAX,1.1568,10180,7.47,1347.199701
2026-09-15T05:25:06.847Z,DOT,1.3843,1347,0.9862,1347.199701
2026-09-15T05:25:06.847Z,LINK,0.8381,15480,11.395,1347.199701
2026-09-15T05:25:06.847Z,POL,-0.5819,128.9,0.09624,1347.199701
2026-09-15T05:25:06.847Z,DOGE,1.0895,112.6,0.08268,1347.199701
2026-09-15T05:25:06.847Z,TRX,1.095,459.4,0.33731,1347.199701
2026-09-15T05:25:06.847Z,XLM,0.7791,259.7,0.19128,1347.199701
2026-09-15T05:25:06.847Z,SHIB,2.1157,0.0071,5.161e-06,1347.199701
2026-09-15T05:25:06.847Z,BCH,1.1135,302000,221.7,1347.199701
2026-09-15T05:25:06.847Z,UNI,-0.5493,8840,6.598,1347.199701
2026-09-15T05:25:06.847Z,AAVE,-0.5655,170100,126.98,1347.199701
2026-09-15T05:25:06.847Z,SUSHI,1.743,293.6,0.2142,1347.199701
2026-09-15T05:25:06.847Z,LDO,1.9183,491,0.3576,1347.199701
2026-09-15T05:25:06.847Z,ICP,2.2646,3560,2.584,1347.199701
2026-09-15T05:25:06.847Z,NEAR,1.0974,3296,2.42,1347.199701
2026-09-15T05:25:06.847Z,HBAR,0.9028,104.1,0.07658,1347.199701
2026-09-15T05:25:06.847Z,XTZ,9.2576,390.5,0.2653,1347.199701
2026-09-15T05:25:06.847Z,DYDX,1.8713,154.3,0.11243,1347.199701
2026-09-15T05:25:06.847Z,ARB,0.2779,179,0.1325,1347.199701
2026-09-15T05:25:06.847Z,GMX,2.6055,10200,7.379,1347.199701
2026-09-15T05:25:06.847Z,IMX,-1.1624,163.3,0.12264,1347.199701
2026-09-15T05:25:06.847Z,INJ,-26.2132,6020,6.056,1347.199701
2026-09-15T05:25:06.847Z,GRT,7.6161,25.85,0.01783,1347.199701
2026-09-15T05:25:06.847Z,SUI,1.3854,964.3,0.706,1347.199701
2026-09-15T05:25:06.847Z,HYPE,1.6848,108100,78.911,1347.199701
2026-09-15T05:30:06.880Z,BTC,0.9158,105255000,77419.7,1347.199701
2026-09-15T05:30:06.880Z,ETH,0.9719,3384000,2487.7,1347.199701
2026-09-15T05:30:06.880Z,SOL,0.6345,136700,100.83,1347.199701
2026-09-15T05:30:06.880Z,BNB,0.7557,976500,719.4,1347.199701
2026-09-15T05:30:06.880Z,XRP,0.9895,1911,1.4046,1347.199701
2026-09-15T05:30:06.880Z,ADA,0.8188,276.4,0.2035,1347.199701
2026-09-15T05:30:06.880Z,AVAX,1.0351,10180,7.479,1347.199701
2026-09-15T05:30:06.880Z,DOT,1.3021,1347,0.987,1347.199701
2026-09-15T05:30:06.880Z,LINK,0.9392,15520,11.413,1347.199701
2026-09-15T05:30:06.880Z,POL,-0.5406,128.9,0.0962,1347.199701
2026-09-15T05:30:06.880Z,DOGE,0.943,112.6,0.0828,1347.199701
2026-09-15T05:30:06.880Z,TRX,1.077,459.4,0.33737,1347.199701
2026-09-15T05:30:06.880Z,XLM,0.6843,259.7,0.19146,1347.199701
2026-09-15T05:30:06.880Z,SHIB,1.9182,0.0071,5.171e-06,1347.199701
2026-09-15T05:30:06.880Z,BCH,1.0679,302000,221.8,1347.199701
2026-09-15T05:30:06.880Z,UNI,-1.2527,8840,6.645,1347.199701
2026-09-15T05:30:06.880Z,AAVE,-0.6672,170100,127.11,1347.199701
2026-09-15T05:30:06.880Z,SUSHI,1.6481,293.6,0.2144,1347.199701
2026-09-15T05:30:06.880Z,LDO,1.9468,491,0.3575,1347.199701
2026-09-15T05:30:06.880Z,ICP,1.7527,3560,2.597,1347.199701
2026-09-15T05:30:06.880Z,NEAR,0.8058,3296,2.427,1347.199701
2026-09-15T05:30:06.880Z,HBAR,0.7844,104.1,0.07667,1347.199701
2026-09-15T05:30:06.880Z,XTZ,9.2165,390.5,0.2654,1347.199701
2026-09-15T05:30:06.880Z,DYDX,1.7898,154.3,0.11252,1347.199701
2026-09-15T05:30:06.880Z,ARB,-0.0465,179,0.13293,1347.199701
2026-09-15T05:30:06.880Z,GMX,2.5777,10200,7.381,1347.199701
2026-09-15T05:30:06.880Z,IMX,-1.3555,163.3,0.12288,1347.199701
2026-09-15T05:30:06.880Z,INJ,-26.3713,6020,6.069,1347.199701
2026-09-15T05:30:06.880Z,GRT,7.4353,25.85,0.01786,1347.199701
2026-09-15T05:30:06.880Z,SUI,1.2134,964.3,0.7072,1347.199701
2026-09-15T05:30:06.880Z,HYPE,1.6823,108100,78.913,1347.199701
2026-09-15T05:35:06.879Z,BTC,0.8998,105255000,77432,1347.199701
2026-09-15T05:35:06.879Z,ETH,0.9,3382000,2488,1347.199701
2026-09-15T05:35:06.879Z,SOL,0.6245,136700,100.84,1347.199701
2026-09-15T05:35:06.879Z,BNB,0.7557,976500,719.4,1347.199701
2026-09-15T05:35:06.879Z,XRP,0.8192,1909,1.4055,1347.199701
2026-09-15T05:35:06.879Z,ADA,0.6704,276.4,0.2038,1347.199701
2026-09-15T05:35:06.879Z,AVAX,0.9946,10180,7.482,1347.199701
2026-09-15T05:35:06.879Z,DOT,1.2508,1347,0.9875,1347.199701
2026-09-15T05:35:06.879Z,LINK,0.8268,15500,11.411,1347.199701
2026-09-15T05:35:06.879Z,POL,-0.5716,128.9,0.09623,1347.199701
2026-09-15T05:35:06.879Z,DOGE,0.9064,112.6,0.08283,1347.199701
2026-09-15T05:35:06.879Z,TRX,1.104,459.4,0.33728,1347.199701
2026-09-15T05:35:06.879Z,XLM,0.574,259.7,0.19167,1347.199701
2026-09-15T05:35:06.879Z,SHIB,1.8788,0.0071,5.173e-06,1347.199701
2026-09-15T05:35:06.879Z,BCH,0.9314,302000,222.1,1347.199701
2026-09-15T05:35:06.879Z,UNI,-0.9396,8840,6.624,1347.199701
2026-09-15T05:35:06.879Z,AAVE,-0.5733,170100,126.99,1347.199701
2026-09-15T05:35:06.879Z,SUSHI,1.4588,293.6,0.2148,1347.199701
2026-09-15T05:35:06.879Z,LDO,1.7191,491,0.3583,1347.199701
2026-09-15T05:35:06.879Z,ICP,1.7136,3560,2.598,1347.199701
2026-09-15T05:35:06.879Z,NEAR,0.9943,3294,2.421,1347.199701
2026-09-15T05:35:06.879Z,HBAR,0.7713,104.1,0.07668,1347.199701
2026-09-15T05:35:06.879Z,XTZ,9.4226,390.5,0.2649,1347.199701
2026-09-15T05:35:06.879Z,DYDX,1.7627,154.3,0.11255,1347.199701
2026-09-15T05:35:06.879Z,ARB,-0.039,179,0.13292,1347.199701
2026-09-15T05:35:06.879Z,GMX,2.5083,10200,7.386,1347.199701
2026-09-15T05:35:06.879Z,IMX,-1.3474,163.3,0.12287,1347.199701
2026-09-15T05:35:06.879Z,INJ,-26.4319,6020,6.074,1347.199701
2026-09-15T05:35:06.879Z,GRT,7.3152,25.85,0.01788,1347.199701
2026-09-15T05:35:06.879Z,SUI,1.0245,962.5,0.7072,1347.199701
2026-09-15T05:35:06.879Z,HYPE,1.5716,108100,78.999,1347.199701
2026-09-15T05:40:06.997Z,BTC,0.9486,105231000,77376.9,1347.199701
2026-09-15T05:40:06.997Z,ETH,0.9154,3380000,2486.15,1347.199701
2026-09-15T05:40:06.997Z,SOL,0.6445,136700,100.82,1347.199701
2026-09-15T05:40:06.997Z,BNB,0.7698,976500,719.3,1347.199701
2026-09-15T05:40:06.997Z,XRP,0.9197,1909,1.4041,1347.199701
2026-09-15T05:40:06.997Z,ADA,0.6704,276.4,0.2038,1347.199701
2026-09-15T05:40:06.997Z,AVAX,1.0621,10180,7.477,1347.199701
2026-09-15T05:40:06.997Z,DOT,1.2508,1347,0.9875,1347.199701
2026-09-15T05:40:06.997Z,LINK,0.8268,15500,11.411,1347.199701
2026-09-15T05:40:06.997Z,POL,-0.4785,128.9,0.09614,1347.199701
2026-09-15T05:40:06.997Z,DOGE,0.943,112.6,0.0828,1347.199701
2026-09-15T05:40:06.997Z,TRX,1.104,459.4,0.33728,1347.199701
2026-09-15T05:40:06.997Z,XLM,0.6843,259.7,0.19146,1347.199701
2026-09-15T05:40:06.997Z,SHIB,1.9182,0.0071,5.171e-06,1347.199701
2026-09-15T05:40:06.997Z,BCH,1.0224,302000,221.9,1347.199701
2026-09-15T05:40:06.997Z,UNI,-0.6246,8840,6.603,1347.199701
2026-09-15T05:40:06.997Z,AAVE,-0.4871,170100,126.88,1347.199701
2026-09-15T05:40:06.997Z,SUSHI,1.4588,293.6,0.2148,1347.199701
2026-09-15T05:40:06.997Z,LDO,1.8044,491,0.358,1347.199701
2026-09-15T05:40:06.997Z,ICP,1.5182,3560,2.603,1347.199701
2026-09-15T05:40:06.997Z,NEAR,0.9943,3294,2.421,1347.199701
2026-09-15T05:40:06.997Z,HBAR,2.9412,106.3,0.07665,1347.199701
2026-09-15T05:40:06.997Z,XTZ,9.5053,390.5,0.2647,1347.199701
2026-09-15T05:40:06.997Z,DYDX,1.7898,154.3,0.11252,1347.199701
2026-09-15T05:40:06.997Z,ARB,-0.1141,179,0.13302,1347.199701
2026-09-15T05:40:06.997Z,GMX,2.4666,10200,7.389,1347.199701
2026-09-15T05:40:06.997Z,IMX,-1.803,163.3,0.12344,1347.199701
2026-09-15T05:40:06.997Z,INJ,-26.3591,6020,6.068,1347.199701
2026-09-15T05:40:06.997Z,GRT,7.2552,25.85,0.01789,1347.199701
2026-09-15T05:40:06.997Z,SUI,1.053,962.5,0.707,1347.199701
2026-09-15T05:40:06.997Z,HYPE,1.5702,108000,78.927,1347.199701
2026-09-15T05:45:07.055Z,BTC,0.9691,105318000,77425.2,1347.199701
2026-09-15T05:45:07.055Z,ETH,0.8593,3383000,2489.74,1347.199701
2026-09-15T05:45:07.055Z,SOL,0.9695,137400,101.01,1347.199701
2026-09-15T05:45:07.055Z,BNB,0.6858,976500,719.9,1347.199701
2026-09-15T05:45:07.055Z,XRP,0.8576,1910,1.4057,1347.199701
2026-09-15T05:45:07.055Z,ADA,0.4732,276.4,0.2042,1347.199701
2026-09-15T05:45:07.055Z,AVAX,0.7791,10180,7.498,1347.199701
2026-09-15T05:45:07.055Z,DOT,0.9543,1347,0.9904,1347.199701
2026-09-15T05:45:07.055Z,LINK,0.6152,15500,11.435,1347.199701
2026-09-15T05:45:07.055Z,POL,-0.6336,128.9,0.09629,1347.199701
2026-09-15T05:45:07.055Z,DOGE,0.7604,112.6,0.08295,1347.199701
2026-09-15T05:45:07.055Z,TRX,1.0471,459.4,0.33747,1347.199701
2026-09-15T05:45:07.055Z,XLM,0.834,261.2,0.19228,1347.199701
2026-09-15T05:45:07.055Z,SHIB,1.7411,0.0071,5.18e-06,1347.199701
2026-09-15T05:45:07.055Z,BCH,0.9769,302000,222,1347.199701
2026-09-15T05:45:07.055Z,UNI,-1.0889,8840,6.634,1347.199701
2026-09-15T05:45:07.055Z,AAVE,-0.6985,170100,127.15,1347.199701
2026-09-15T05:45:07.055Z,SUSHI,1.3173,293.6,0.2151,1347.199701
2026-09-15T05:45:07.055Z,LDO,1.5491,491,0.3589,1347.199701
2026-09-15T05:45:07.055Z,ICP,1.4013,3560,2.606,1347.199701
2026-09-15T05:45:07.055Z,NEAR,0.7031,3294,2.428,1347.199701
2026-09-15T05:45:07.055Z,HBAR,1.5498,105,0.07675,1347.199701
2026-09-15T05:45:07.055Z,XTZ,9.3401,390.5,0.2651,1347.199701
2026-09-15T05:45:07.055Z,DYDX,1.6814,154.3,0.11264,1347.199701
2026-09-15T05:45:07.055Z,ARB,0.9724,181.6,0.1335,1347.199701
2026-09-15T05:45:07.055Z,GMX,2.2452,10200,7.405,1347.199701
2026-09-15T05:45:07.055Z,IMX,-2.1518,163.3,0.12388,1347.199701
2026-09-15T05:45:07.055Z,INJ,-26.6613,6020,6.093,1347.199701
2026-09-15T05:45:07.055Z,GRT,7.1354,25.85,0.01791,1347.199701
2026-09-15T05:45:07.055Z,SUI,0.8961,962.5,0.7081,1347.199701
2026-09-15T05:45:07.055Z,HYPE,0.863,107600,79.186,1347.199701
2026-09-15T05:50:06.901Z,BTC,0.9386,105347000,77469.9,1347.199701
2026-09-15T05:50:06.901Z,ETH,0.9595,3389000,2491.68,1347.199701
2026-09-15T05:50:06.901Z,SOL,0.8198,137400,101.16,1347.199701
2026-09-15T05:50:06.901Z,BNB,0.588,976500,720.6,1347.199701
2026-09-15T05:50:06.901Z,XRP,0.9489,1912,1.4059,1347.199701
2026-09-15T05:50:06.901Z,ADA,0.2768,276.4,0.2046,1347.199701
2026-09-15T05:50:06.901Z,AVAX,0.6985,10180,7.504,1347.199701
2026-09-15T05:50:06.901Z,DOT,0.7204,1347,0.9927,1347.199701
2026-09-15T05:50:06.901Z,LINK,0.4746,15500,11.451,1347.199701
2026-09-15T05:50:06.901Z,POL,-0.5096,128.9,0.09617,1347.199701
2026-09-15T05:50:06.901Z,DOGE,0.627,112.6,0.08306,1347.199701
2026-09-15T05:50:06.901Z,TRX,1.125,459.4,0.33721,1347.199701
2026-09-15T05:50:06.901Z,XLM,0.96,261.2,0.19204,1347.199701
2026-09-15T05:50:06.901Z,SHIB,1.6823,0.0071,5.183e-06,1347.199701
2026-09-15T05:50:06.901Z,BCH,0.8406,302000,222.3,1347.199701
2026-09-15T05:50:06.901Z,UNI,0.7086,9040,6.663,1347.199701
2026-09-15T05:50:06.901Z,AAVE,-0.7219,170100,127.18,1347.199701
2026-09-15T05:50:06.901Z,SUSHI,1.1293,293.6,0.2155,1347.199701
2026-09-15T05:50:06.901Z,LDO,1.5491,491,0.3589,1347.199701
2026-09-15T05:50:06.901Z,ICP,1.3236,3560,2.608,1347.199701
2026-09-15T05:50:06.901Z,NEAR,0.6617,3294,2.429,1347.199701
2026-09-15T05:50:06.901Z,HBAR,1.444,105,0.07683,1347.199701
2026-09-15T05:50:06.901Z,XTZ,9.2988,390.5,0.2652,1347.199701
2026-09-15T05:50:06.901Z,DYDX,1.5191,154.3,0.11282,1347.199701
2026-09-15T05:50:06.901Z,ARB,1.0026,181.6,0.13346,1347.199701
2026-09-15T05:50:06.901Z,GMX,2.0936,10200,7.416,1347.199701
2026-09-15T05:50:06.901Z,IMX,-2.5138,163.3,0.12434,1347.199701
2026-09-15T05:50:06.901Z,INJ,-26.8294,6020,6.107,1347.199701
2026-09-15T05:50:06.901Z,GRT,7.1354,25.85,0.01791,1347.199701
2026-09-15T05:50:06.901Z,SUI,0.7635,963,0.7094,1347.199701
2026-09-15T05:50:06.901Z,HYPE,0.7498,107600,79.275,1347.199701
2026-09-15T05:55:07.008Z,BTC,0.9583,105486000,77557,1347.199701
2026-09-15T05:55:07.008Z,ETH,0.8086,3389000,2495.41,1347.199701
2026-09-15T05:55:07.008Z,SOL,0.9736,137800,101.3,1347.199701
2026-09-15T05:55:07.008Z,BNB,0.4625,976500,721.5,1347.199701
2026-09-15T05:55:07.008Z,XRP,0.8536,1914,1.4087,1347.199701
2026-09-15T05:55:07.008Z,ADA,0.9241,279,0.2052,1347.199701
2026-09-15T05:55:07.008Z,AVAX,0.3108,10180,7.533,1347.199701
2026-09-15T05:55:07.008Z,DOT,0.2458,1347,0.9974,1347.199701
2026-09-15T05:55:07.008Z,LINK,0.1772,15500,11.485,1347.199701
2026-09-15T05:55:07.008Z,POL,-0.6542,128.9,0.09631,1347.199701
2026-09-15T05:55:07.008Z,DOGE,0.7782,113,0.08323,1347.199701
2026-09-15T05:55:07.008Z,TRX,1.089,459.4,0.33733,1347.199701
2026-09-15T05:55:07.008Z,XLM,0.928,262.3,0.19291,1347.199701
2026-09-15T05:55:07.008Z,SHIB,1.2719,0.0071,5.204e-06,1347.199701
2026-09-15T05:55:07.008Z,BCH,0.6143,302000,222.8,1347.199701
2026-09-15T05:55:07.008Z,UNI,-0.3236,9040,6.732,1347.199701
2026-09-15T05:55:07.008Z,AAVE,-1.2808,170100,127.9,1347.199701
2026-09-15T05:55:07.008Z,SUSHI,0.8018,293.6,0.2162,1347.199701
2026-09-15T05:55:07.008Z,LDO,1.3514,491,0.3596,1347.199701
2026-09-15T05:55:07.008Z,ICP,0.9365,3560,2.618,1347.199701
2026-09-15T05:55:07.008Z,NEAR,0.2079,3294,2.44,1347.199701
2026-09-15T05:55:07.008Z,HBAR,1.1544,105,0.07705,1347.199701
2026-09-15T05:55:07.008Z,XTZ,9.2576,390.5,0.2653,1347.199701
2026-09-15T05:55:07.008Z,DYDX,1.232,154.3,0.11314,1347.199701
2026-09-15T05:55:07.008Z,ARB,0.0506,181.6,0.13473,1347.199701
2026-09-15T05:55:07.008Z,GMX,1.9012,10200,7.43,1347.199701
2026-09-15T05:55:07.008Z,IMX,-2.8342,163.3,0.12475,1347.199701
2026-09-15T05:55:07.008Z,INJ,-27.2582,6020,6.143,1347.199701
2026-09-15T05:55:07.008Z,GRT,6.7183,25.85,0.01798,1347.199701
2026-09-15T05:55:07.008Z,SUI,0.3955,963,0.712,1347.199701
2026-09-15T05:55:07.008Z,HYPE,0.6984,108100,79.684,1347.199701
2026-09-15T06:00:06.885Z,BTC,0.8856,105509000,77629.8,1347.199701
2026-09-15T06:00:06.885Z,ETH,0.9339,3394000,2495.99,1347.199701
2026-09-15T06:00:06.885Z,SOL,0.9537,137800,101.32,1347.199701
2026-09-15T06:00:06.885Z,BNB,0.5043,976500,721.2,1347.199701
2026-09-15T06:00:06.885Z,XRP,0.8751,1914,1.4084,1347.199701
2026-09-15T06:00:06.885Z,ADA,1.095,279.2,0.205,1347.199701
2026-09-15T06:00:06.885Z,AVAX,0.511,10180,7.518,1347.199701
2026-09-15T06:00:06.885Z,DOT,0.286,1347,0.997,1347.199701
2026-09-15T06:00:06.885Z,LINK,0.1772,15500,11.485,1347.199701
2026-09-15T06:00:06.885Z,POL,-0.6542,128.9,0.09631,1347.199701
2026-09-15T06:00:06.885Z,DOGE,0.863,113,0.08316,1347.199701
2026-09-15T06:00:06.885Z,TRX,1.11,459.4,0.33726,1347.199701
2026-09-15T06:00:06.885Z,XLM,0.9557,263.8,0.19396,1347.199701
2026-09-15T06:00:06.885Z,SHIB,1.4474,0.0071,5.195e-06,1347.199701
2026-09-15T06:00:06.885Z,BCH,0.6595,302000,222.7,1347.199701
2026-09-15T06:00:06.885Z,UNI,1.0397,9165,6.733,1347.199701
2026-09-15T06:00:06.885Z,AAVE,-1.3193,170100,127.95,1347.199701
2026-09-15T06:00:06.885Z,SUSHI,0.8018,293.6,0.2162,1347.199701
2026-09-15T06:00:06.885Z,LDO,1.4643,491,0.3592,1347.199701
2026-09-15T06:00:06.885Z,ICP,1.0523,3560,2.615,1347.199701
2026-09-15T06:00:06.885Z,NEAR,0.4549,3294,2.434,1347.199701
2026-09-15T06:00:06.885Z,HBAR,1.1806,105,0.07703,1347.199701
2026-09-15T06:00:06.885Z,XTZ,9.5053,390.5,0.2647,1347.199701
2026-09-15T06:00:06.885Z,DYDX,1.3395,154.3,0.11302,1347.199701
2026-09-15T06:00:06.885Z,ARB,0.3709,181.6,0.1343,1347.199701
2026-09-15T06:00:06.885Z,GMX,1.8738,10200,7.432,1347.199701
2026-09-15T06:00:06.885Z,IMX,-2.6625,163.3,0.12453,1347.199701
2026-09-15T06:00:06.885Z,INJ,-27.2227,6020,6.14,1347.199701
2026-09-15T06:00:06.885Z,GRT,6.8967,25.85,0.01795,1347.199701
2026-09-15T06:00:06.885Z,SUI,0.4237,963,0.7118,1347.199701
2026-09-15T06:00:06.885Z,HYPE,0.5987,108100,79.763,1347.199701
2026-09-15T06:05:07.005Z,BTC,0.8636,105570000,77691.6,1347.199701
2026-09-15T06:05:07.005Z,ETH,0.8653,3396000,2499.16,1347.199701
2026-09-15T06:05:07.005Z,SOL,0.9209,138000,101.5,1347.199701
2026-09-15T06:05:07.005Z,BNB,0.2263,976500,723.2,1347.199701
2026-09-15T06:05:07.005Z,XRP,0.8204,1915,1.4099,1347.199701
2026-09-15T06:05:07.005Z,ADA,0.9574,279.5,0.2055,1347.199701
2026-09-15T06:05:07.005Z,AVAX,0.4308,10180,7.524,1347.199701
2026-09-15T06:05:07.005Z,DOT,0.3062,1347,0.9968,1347.199701
2026-09-15T06:05:07.005Z,LINK,0.003,15500,11.505,1347.199701
2026-09-15T06:05:07.005Z,POL,-1.106,128.9,0.09675,1347.199701
2026-09-15T06:05:07.005Z,DOGE,0.754,113,0.08325,1347.199701
2026-09-15T06:05:07.005Z,TRX,0.997,458.9,0.33727,1347.199701
2026-09-15T06:05:07.005Z,XLM,0.9814,263.5,0.19369,1347.199701
2026-09-15T06:05:07.005Z,SHIB,1.4083,0.0071,5.197e-06,1347.199701
2026-09-15T06:05:07.005Z,BCH,0.479,302000,223.1,1347.199701
2026-09-15T06:05:07.005Z,UNI,1.4011,9165,6.709,1347.199701
2026-09-15T06:05:07.005Z,AAVE,-1.4272,170100,128.09,1347.199701
2026-09-15T06:05:07.005Z,SUSHI,0.9419,293.6,0.2159,1347.199701
2026-09-15T06:05:07.005Z,LDO,1.3796,491,0.3595,1347.199701
2026-09-15T06:05:07.005Z,ICP,0.8595,3560,2.62,1347.199701
2026-09-15T06:05:07.005Z,NEAR,0.0029,3294,2.445,1347.199701
2026-09-15T06:05:07.005Z,HBAR,1.1938,105,0.07702,1347.199701
2026-09-15T06:05:07.005Z,XTZ,9.2988,390.5,0.2652,1347.199701
2026-09-15T06:05:07.005Z,DYDX,1.223,154.3,0.11315,1347.199701
2026-09-15T06:05:07.005Z,ARB,0.2217,181.6,0.1345,1347.199701
2026-09-15T06:05:07.005Z,GMX,1.9424,10200,7.427,1347.199701
2026-09-15T06:05:07.005Z,IMX,-2.7562,163.3,0.12465,1347.199701
2026-09-15T06:05:07.005Z,INJ,-27.5648,6020,6.169,1347.199701
2026-09-15T06:05:07.005Z,GRT,6.5405,25.85,0.01801,1347.199701
2026-09-15T06:05:07.005Z,SUI,0.2969,963,0.7127,1347.199701
2026-09-15T06:05:07.005Z,HYPE,0.4237,108100,79.902,1347.199701
2026-09-15T06:10:06.932Z,BTC,1.0094,105598000,77600,1347.199701
2026-09-15T06:10:06.932Z,ETH,0.9691,3396000,2496.59,1347.199701
2026-09-15T06:10:06.932Z,SOL,0.9871,137900,101.36,1347.199701
2026-09-15T06:10:06.932Z,BNB,0.3651,976500,722.2,1347.199701
2026-09-15T06:10:06.932Z,XRP,0.9565,1915,1.408,1347.199701
2026-09-15T06:10:06.932Z,ADA,1.0557,279.5,0.2053,1347.199701
2026-09-15T06:10:06.932Z,AVAX,0.5243,10180,7.517,1347.199701
2026-09-15T06:10:06.932Z,DOT,0.5786,1347,0.9941,1347.199701
2026-09-15T06:10:06.932Z,LINK,0.976,15610,11.475,1347.199701
2026-09-15T06:10:06.932Z,POL,-1.1673,128.9,0.09681,1347.199701
2026-09-15T06:10:06.932Z,DOGE,1.0415,113.2,0.08316,1347.199701
2026-09-15T06:10:06.932Z,TRX,0.967,458.9,0.33737,1347.199701
2026-09-15T06:10:06.932Z,XLM,1.0416,262.5,0.19284,1347.199701
2026-09-15T06:10:06.932Z,SHIB,1.6234,0.0071,5.186e-06,1347.199701
2026-09-15T06:10:06.932Z,BCH,0.6595,302000,222.7,1347.199701
2026-09-15T06:10:06.932Z,UNI,1.8413,9165,6.68,1347.199701
2026-09-15T06:10:06.932Z,AAVE,-1.0952,170100,127.66,1347.199701
2026-09-15T06:10:06.932Z,SUSHI,1.0355,293.6,0.2157,1347.199701
2026-09-15T06:10:06.932Z,LDO,1.3796,491,0.3595,1347.199701
2026-09-15T06:10:06.932Z,ICP,1.091,3560,2.614,1347.199701
2026-09-15T06:10:06.932Z,NEAR,0.3724,3294,2.436,1347.199701
2026-09-15T06:10:06.932Z,HBAR,1.2332,105,0.07699,1347.199701
2026-09-15T06:10:06.932Z,XTZ,9.4639,390.5,0.2648,1347.199701
2026-09-15T06:10:06.932Z,DYDX,1.4202,154.3,0.11293,1347.199701
2026-09-15T06:10:06.932Z,ARB,1.1621,182.5,0.13391,1347.199701
2026-09-15T06:10:06.932Z,GMX,2.0248,10200,7.421,1347.199701
2026-09-15T06:10:06.932Z,IMX,-2.4824,163.3,0.1243,1347.199701
2026-09-15T06:10:06.932Z,INJ,-27.0802,6020,6.128,1347.199701
2026-09-15T06:10:06.932Z,GRT,6.8967,25.85,0.01795,1347.199701
2026-09-15T06:10:06.932Z,SUI,0.5226,963,0.7111,1347.199701
2026-09-15T06:10:06.932Z,HYPE,0.3571,108100,79.955,1347.199701
2026-09-15T06:15:06.521Z,BTC,1.0007,105500000,77534.7,1347.199701
2026-09-15T06:15:06.521Z,ETH,0.9306,3392000,2494.6,1347.199701
2026-09-15T06:15:06.521Z,SOL,1.0035,137800,101.27,1347.199701
2026-09-15T06:15:06.521Z,BNB,0.4764,976500,721.4,1347.199701
2026-09-15T06:15:06.521Z,XRP,0.9658,1913,1.4064,1347.199701
2026-09-15T06:15:06.521Z,ADA,1.105,279.5,0.2052,1347.199701
2026-09-15T06:15:06.521Z,AVAX,0.5645,10180,7.514,1347.199701
2026-09-15T06:15:06.521Z,DOT,0.6799,1347,0.9931,1347.199701
2026-09-15T06:15:06.521Z,LINK,1.117,15610,11.459,1347.199701
2026-09-15T06:15:06.521Z,POL,-0.7469,128.9,0.0964,1347.199701
2026-09-15T06:15:06.521Z,DOGE,1.1023,113.2,0.08311,1347.199701
2026-09-15T06:15:06.521Z,TRX,0.997,458.9,0.33727,1347.199701
2026-09-15T06:15:06.521Z,XLM,1.0049,262.5,0.19291,1347.199701
2026-09-15T06:15:06.521Z,SHIB,1.7608,0.0071,5.179e-06,1347.199701
2026-09-15T06:15:06.521Z,BCH,0.7047,302000,222.6,1347.199701
2026-09-15T06:15:06.521Z,UNI,1.7956,9165,6.683,1347.199701
2026-09-15T06:15:06.521Z,AAVE,-1.0176,170100,127.56,1347.199701
2026-09-15T06:15:06.521Z,SUSHI,1.0823,293.6,0.2156,1347.199701
2026-09-15T06:15:06.521Z,LDO,1.4078,491,0.3594,1347.199701
2026-09-15T06:15:06.521Z,ICP,1.2847,3560,2.609,1347.199701
2026-09-15T06:15:06.521Z,NEAR,1.0784,3309,2.43,1347.199701
2026-09-15T06:15:06.521Z,HBAR,1.0358,104.7,0.07692,1347.199701
2026-09-15T06:15:06.521Z,XTZ,9.8373,390.5,0.2639,1347.199701
2026-09-15T06:15:06.521Z,DYDX,1.5281,154.3,0.11281,1347.199701
2026-09-15T06:15:06.521Z,ARB,1.1596,182.4,0.13384,1347.199701
2026-09-15T06:15:06.521Z,GMX,2.0661,10200,7.418,1347.199701
2026-09-15T06:15:06.521Z,IMX,-2.639,163.3,0.1245,1347.199701
2026-09-15T06:15:06.521Z,INJ,-27.0444,6020,6.125,1347.199701
2026-09-15T06:15:06.521Z,GRT,7.1354,25.85,0.01791,1347.199701
2026-09-15T06:15:06.521Z,SUI,0.5933,963,0.7106,1347.199701
2026-09-15T06:15:06.521Z,HYPE,0.5671,108100,79.788,1347.199701
2026-09-15T06:20:06.924Z,BTC,1.0069,105462000,77502,1347.199701
2026-09-15T06:20:06.924Z,ETH,0.9723,3390000,2492.1,1347.199701
2026-09-15T06:20:06.924Z,SOL,1.0334,137800,101.24,1347.199701
2026-09-15T06:20:06.924Z,BNB,0.5182,976500,721.1,1347.199701
2026-09-15T06:20:06.924Z,XRP,0.9345,1912,1.4061,1347.199701
2026-09-15T06:20:06.924Z,ADA,1.0688,279.4,0.2052,1347.199701
2026-09-15T06:20:06.924Z,AVAX,0.5511,10180,7.515,1347.199701
2026-09-15T06:20:06.924Z,DOT,0.6191,1347,0.9937,1347.199701
2026-09-15T06:20:06.924Z,LINK,1.1523,15610,11.455,1347.199701
2026-09-15T06:20:06.924Z,POL,-0.5613,128.9,0.09622,1347.199701
2026-09-15T06:20:06.924Z,DOGE,1.0453,113,0.08301,1347.199701
2026-09-15T06:20:06.924Z,TRX,0.979,458.9,0.33733,1347.199701
2026-09-15T06:20:06.924Z,XLM,0.7438,262.5,0.19341,1347.199701
2026-09-15T06:20:06.924Z,SHIB,1.7804,0.0071,5.178e-06,1347.199701
2026-09-15T06:20:06.924Z,BCH,0.8406,302000,222.3,1347.199701
2026-09-15T06:20:06.924Z,UNI,2.0552,9165,6.666,1347.199701
2026-09-15T06:20:06.924Z,AAVE,-0.94,170100,127.46,1347.199701
2026-09-15T06:20:06.924Z,SUSHI,0.9887,293.6,0.2158,1347.199701
2026-09-15T06:20:06.924Z,LDO,1.436,491,0.3593,1347.199701
2026-09-15T06:20:06.924Z,ICP,1.3236,3560,2.608,1347.199701
2026-09-15T06:20:06.924Z,NEAR,1.2034,3309,2.427,1347.199701
2026-09-15T06:20:06.924Z,HBAR,0.9702,104.7,0.07697,1347.199701
2026-09-15T06:20:06.924Z,XTZ,9.6295,390.5,0.2644,1347.199701
2026-09-15T06:20:06.924Z,DYDX,1.5641,154.3,0.11277,1347.199701
2026-09-15T06:20:06.924Z,ARB,1.1974,182.4,0.13379,1347.199701
2026-09-15T06:20:06.924Z,GMX,1.9561,10200,7.426,1347.199701
2026-09-15T06:20:06.924Z,IMX,-2.6859,163.3,0.12456,1347.199701
2026-09-15T06:20:06.924Z,INJ,-27.1396,6020,6.133,1347.199701
2026-09-15T06:20:06.924Z,GRT,7.0159,25.85,0.01793,1347.199701
2026-09-15T06:20:06.924Z,SUI,0.6358,963,0.7103,1347.199701
2026-09-15T06:20:06.924Z,HYPE,0.7528,108100,79.641,1347.199701
2026-09-15T06:25:07.049Z,BTC,0.9728,105318000,77422.3,1347.199701
2026-09-15T06:25:07.049Z,ETH,1.0051,3388000,2489.82,1347.199701
2026-09-15T06:25:07.049Z,SOL,1.0265,137600,101.1,1347.199701
2026-09-15T06:25:07.049Z,BNB,0.6858,976500,719.9,1347.199701
2026-09-15T06:25:07.049Z,XRP,1.0182,1911,1.4042,1347.199701
2026-09-15T06:25:07.049Z,ADA,1.1674,279.4,0.205,1347.199701
2026-09-15T06:25:07.049Z,AVAX,0.618,10180,7.51,1347.199701
2026-09-15T06:25:07.049Z,DOT,0.7813,1347,0.9921,1347.199701
2026-09-15T06:25:07.049Z,LINK,1.0815,15580,11.441,1347.199701
2026-09-15T06:25:07.049Z,POL,-0.3853,128.9,0.09605,1347.199701
2026-09-15T06:25:07.049Z,DOGE,1.1672,113,0.08291,1347.199701
2026-09-15T06:25:07.049Z,TRX,0.979,458.9,0.33733,1347.199701
2026-09-15T06:25:07.049Z,XLM,0.8903,262.8,0.19335,1347.199701
2026-09-15T06:25:07.049Z,SHIB,1.9182,0.0071,5.171e-06,1347.199701
2026-09-15T06:25:07.049Z,BCH,0.9769,302000,222,1347.199701
2026-09-15T06:25:07.049Z,UNI,2.2239,9165,6.655,1347.199701
2026-09-15T06:25:07.049Z,AAVE,-0.8622,170100,127.36,1347.199701
2026-09-15T06:25:07.049Z,SUSHI,1.2232,293.6,0.2153,1347.199701
2026-09-15T06:25:07.049Z,LDO,1.5491,491,0.3589,1347.199701
2026-09-15T06:25:07.049Z,ICP,1.2847,3560,2.609,1347.199701
2026-09-15T06:25:07.049Z,NEAR,1.2705,3288,2.41,1347.199701
2026-09-15T06:25:07.049Z,HBAR,1.1805,104.7,0.07681,1347.199701
2026-09-15T06:25:07.049Z,XTZ,9.8373,390.5,0.2639,1347.199701
2026-09-15T06:25:07.049Z,DYDX,1.7898,154.3,0.11252,1347.199701
2026-09-15T06:25:07.049Z,ARB,1.364,182.4,0.13357,1347.199701
2026-09-15T06:25:07.049Z,GMX,2.19,10200,7.409,1347.199701
2026-09-15T06:25:07.049Z,IMX,-2.3803,163.3,0.12417,1347.199701
2026-09-15T06:25:07.049Z,INJ,-26.9251,6020,6.115,1347.199701
2026-09-15T06:25:07.049Z,GRT,7.3752,25.85,0.01787,1347.199701
2026-09-15T06:25:07.049Z,SUI,0.9727,965,0.7094,1347.199701
2026-09-15T06:25:07.049Z,HYPE,1.0217,108100,79.429,1347.199701
2026-09-15T06:30:06.894Z,BTC,1.0484,105318000,77364.4,1347.199701
2026-09-15T06:30:06.894Z,ETH,1.0029,3385000,2487.67,1347.199701
2026-09-15T06:30:06.894Z,SOL,1.0095,137400,100.97,1347.199701
2026-09-15T06:30:06.894Z,BNB,0.8118,976500,719,1347.199701
2026-09-15T06:30:06.894Z,XRP,0.9963,1908,1.4023,1347.199701
2026-09-15T06:30:06.894Z,ADA,1.1674,279.4,0.205,1347.199701
2026-09-15T06:30:06.894Z,AVAX,0.8194,10180,7.495,1347.199701
2026-09-15T06:30:06.894Z,DOT,0.8017,1347,0.9919,1347.199701
2026-09-15T06:30:06.894Z,LINK,1.0369,15550,11.424,1347.199701
2026-09-15T06:30:06.894Z,POL,-0.5613,128.9,0.09622,1347.199701
2026-09-15T06:30:06.894Z,DOGE,1.216,113,0.08287,1347.199701
2026-09-15T06:30:06.894Z,TRX,0.976,458.9,0.33734,1347.199701
2026-09-15T06:30:06.894Z,XLM,1.0943,263.1,0.19318,1347.199701
2026-09-15T06:30:06.894Z,SHIB,2.0366,0.0071,5.165e-06,1347.199701
2026-09-15T06:30:06.894Z,BCH,1.1135,302000,221.7,1347.199701
2026-09-15T06:30:06.894Z,UNI,2.0552,9165,6.666,1347.199701
2026-09-15T06:30:06.894Z,AAVE,-0.6907,170100,127.14,1347.199701
2026-09-15T06:30:06.894Z,SUSHI,1.3173,293.6,0.2151,1347.199701
2026-09-15T06:30:06.894Z,LDO,1.6057,491,0.3587,1347.199701
2026-09-15T06:30:06.894Z,ICP,1.2847,3560,2.609,1347.199701
2026-09-15T06:30:06.894Z,NEAR,1.3125,3288,2.409,1347.199701
2026-09-15T06:30:06.894Z,HBAR,1.2596,104.7,0.07675,1347.199701
2026-09-15T06:30:06.894Z,XTZ,9.7125,390.5,0.2642,1347.199701
2026-09-15T06:30:06.894Z,DYDX,1.8713,154.3,0.11243,1347.199701
2026-09-15T06:30:06.894Z,ARB,1.395,181.8,0.13309,1347.199701
2026-09-15T06:30:06.894Z,GMX,2.19,10200,7.409,1347.199701
2026-09-15T06:30:06.894Z,IMX,-2.2622,163.3,0.12402,1347.199701
2026-09-15T06:30:06.894Z,INJ,-26.7934,6020,6.104,1347.199701
2026-09-15T06:30:06.894Z,GRT,7.4353,25.85,0.01786,1347.199701
2026-09-15T06:30:06.894Z,SUI,1.1238,964.4,0.7079,1347.199701
2026-09-15T06:30:06.894Z,HYPE,1.2167,108100,79.276,1347.199701
2026-09-15T06:35:06.997Z,BTC,0.9479,105264000,77401.7,1347.199701
2026-09-15T06:35:06.997Z,ETH,1.0332,3386000,2487.66,1347.199701
2026-09-15T06:35:06.997Z,SOL,0.9731,137500,101.08,1347.199701
2026-09-15T06:35:06.997Z,BNB,0.7978,976500,719.1,1347.199701
2026-09-15T06:35:06.997Z,XRP,1.0085,1910,1.4036,1347.199701
2026-09-15T06:35:06.997Z,ADA,1.105,279.5,0.2052,1347.199701
2026-09-15T06:35:06.997Z,AVAX,0.6985,10180,7.504,1347.199701
2026-09-15T06:35:06.997Z,DOT,0.6697,1347,0.9932,1347.199701
2026-09-15T06:35:06.997Z,LINK,0.9309,15550,11.436,1347.199701
2026-09-15T06:35:06.997Z,POL,-0.5096,128.9,0.09617,1347.199701
2026-09-15T06:35:06.997Z,DOGE,1.0654,112.9,0.08292,1347.199701
2026-09-15T06:35:06.997Z,TRX,1.0222,459.6,0.3377,1347.199701
2026-09-15T06:35:06.997Z,XLM,0.888,263.8,0.19409,1347.199701
2026-09-15T06:35:06.997Z,SHIB,1.9182,0.0071,5.171e-06,1347.199701
2026-09-15T06:35:06.997Z,BCH,1.0224,302000,221.9,1347.199701
2026-09-15T06:35:06.997Z,UNI,2.1472,9165,6.66,1347.199701
2026-09-15T06:35:06.997Z,AAVE,-0.7765,170100,127.25,1347.199701
2026-09-15T06:35:06.997Z,SUSHI,1.2702,293.6,0.2152,1347.199701
2026-09-15T06:35:06.997Z,LDO,1.5491,491,0.3589,1347.199701
2026-09-15T06:35:06.997Z,ICP,1.1684,3560,2.612,1347.199701
2026-09-15T06:35:06.997Z,NEAR,1.1027,3288,2.414,1347.199701
2026-09-15T06:35:06.997Z,HBAR,1.2728,104.7,0.07674,1347.199701
2026-09-15T06:35:06.997Z,XTZ,9.5881,390.5,0.2645,1347.199701
2026-09-15T06:35:06.997Z,DYDX,1.7807,154.3,0.11253,1347.199701
2026-09-15T06:35:06.997Z,ARB,0.955,181.8,0.13367,1347.199701
2026-09-15T06:35:06.997Z,GMX,2.1763,10200,7.41,1347.199701
2026-09-15T06:35:06.997Z,IMX,-2.4745,163.3,0.12429,1347.199701
2026-09-15T06:35:06.997Z,INJ,-26.9132,6020,6.114,1347.199701
2026-09-15T06:35:06.997Z,GRT,7.2552,25.85,0.01789,1347.199701
2026-09-15T06:35:06.997Z,SUI,0.9669,964.4,0.709,1347.199701
2026-09-15T06:35:06.997Z,HYPE,0.9085,107900,79.371,1347.199701
2026-09-15T06:40:06.945Z,BTC,1.0286,105305000,77370,1347.199701
2026-09-15T06:40:06.945Z,ETH,1.0342,3385000,2486.9,1347.199701
2026-09-15T06:40:06.945Z,SOL,1.0095,137400,100.97,1347.199701
2026-09-15T06:40:06.945Z,BNB,0.8679,976500,718.6,1347.199701
2026-09-15T06:40:06.945Z,XRP,1.0154,1907,1.4013,1347.199701
2026-09-15T06:40:06.945Z,ADA,1.2036,279.5,0.205,1347.199701
2026-09-15T06:40:06.945Z,AVAX,0.8732,10180,7.491,1347.199701
2026-09-15T06:40:06.945Z,DOT,0.6697,1347,0.9932,1347.199701
2026-09-15T06:40:06.945Z,LINK,0.9662,15550,11.432,1347.199701
2026-09-15T06:40:06.945Z,POL,-0.4682,128.9,0.09613,1347.199701
2026-09-15T06:40:06.945Z,DOGE,1.1386,112.9,0.08286,1347.199701
2026-09-15T06:40:06.945Z,TRX,1.0073,459.6,0.33775,1347.199701
2026-09-15T06:40:06.945Z,XLM,1.3056,263.8,0.19329,1347.199701
2026-09-15T06:40:06.945Z,SHIB,2.1949,0.0071,5.157e-06,1347.199701
2026-09-15T06:40:06.945Z,BCH,1.0224,302000,221.9,1347.199701
2026-09-15T06:40:06.945Z,UNI,2.532,9165,6.635,1347.199701
2026-09-15T06:40:06.945Z,AAVE,-0.589,170100,127.01,1347.199701
2026-09-15T06:40:06.945Z,SUSHI,1.3644,293.6,0.215,1347.199701
2026-09-15T06:40:06.945Z,LDO,1.6908,491,0.3584,1347.199701
2026-09-15T06:40:06.945Z,ICP,1.1684,3560,2.612,1347.199701
2026-09-15T06:40:06.945Z,NEAR,1.3967,3288,2.407,1347.199701
2026-09-15T06:40:06.945Z,HBAR,1.4314,104.7,0.07662,1347.199701
2026-09-15T06:40:06.945Z,XTZ,9.8789,390.5,0.2638,1347.199701
2026-09-15T06:40:06.945Z,DYDX,1.8894,154.3,0.11241,1347.199701
2026-09-15T06:40:06.945Z,ARB,1.0079,181.8,0.1336,1347.199701
2026-09-15T06:40:06.945Z,GMX,2.19,10200,7.409,1347.199701
2026-09-15T06:40:06.945Z,IMX,-2.4431,163.3,0.12425,1347.199701
2026-09-15T06:40:06.945Z,INJ,-26.8773,6020,6.111,1347.199701
2026-09-15T06:40:06.945Z,GRT,7.3152,25.85,0.01788,1347.199701
2026-09-15T06:40:06.945Z,SUI,1.1095,964.4,0.708,1347.199701
2026-09-15T06:40:06.945Z,HYPE,1.0778,107900,79.238,1347.199701
2026-09-15T06:45:06.508Z,BTC,1.0046,105311000,77392.8,1347.199701
2026-09-15T06:45:06.508Z,ETH,1.0177,3386000,2488.04,1347.199701
2026-09-15T06:45:06.508Z,SOL,0.9895,137400,100.99,1347.199701
2026-09-15T06:45:06.508Z,BNB,0.8399,976500,718.8,1347.199701
2026-09-15T06:45:06.508Z,XRP,1.0587,1907,1.4007,1347.199701
2026-09-15T06:45:06.508Z,ADA,1.2201,279,0.2046,1347.199701
2026-09-15T06:45:06.508Z,AVAX,0.8329,10180,7.494,1347.199701
2026-09-15T06:45:06.508Z,DOT,0.6596,1347,0.9933,1347.199701
2026-09-15T06:45:06.508Z,LINK,0.9927,15550,11.429,1347.199701
2026-09-15T06:45:06.508Z,POL,-0.5199,128.9,0.09618,1347.199701
2026-09-15T06:45:06.508Z,DOGE,1.2038,113,0.08288,1347.199701
2026-09-15T06:45:06.508Z,TRX,1.0931,459.8,0.33761,1347.199701
2026-09-15T06:45:06.508Z,XLM,1.0696,262.6,0.19286,1347.199701
2026-09-15T06:45:06.508Z,SHIB,2.0366,0.0071,5.165e-06,1347.199701
2026-09-15T06:45:06.508Z,BCH,0.9769,302000,222,1347.199701
2026-09-15T06:45:06.508Z,UNI,2.532,9165,6.635,1347.199701
2026-09-15T06:45:06.508Z,AAVE,-0.5968,170100,127.02,1347.199701
2026-09-15T06:45:06.508Z,SUSHI,1.3644,293.6,0.215,1347.199701
2026-09-15T06:45:06.508Z,LDO,1.6624,491,0.3585,1347.199701
2026-09-15T06:45:06.508Z,ICP,1.0523,3560,2.615,1347.199701
2026-09-15T06:45:06.508Z,NEAR,1.1442,3273,2.402,1347.199701
2026-09-15T06:45:06.508Z,HBAR,1.3124,104.7,0.07671,1347.199701
2026-09-15T06:45:06.508Z,XTZ,9.9206,390.5,0.2637,1347.199701
2026-09-15T06:45:06.508Z,DYDX,1.7898,154.3,0.11252,1347.199701
2026-09-15T06:45:06.508Z,ARB,0.9852,181.8,0.13363,1347.199701
2026-09-15T06:45:06.508Z,GMX,2.19,10200,7.409,1347.199701
2026-09-15T06:45:06.508Z,IMX,-2.6312,163.3,0.12449,1347.199701
2026-09-15T06:45:06.508Z,INJ,-26.7694,6020,6.102,1347.199701
2026-09-15T06:45:06.508Z,GRT,7.0756,25.85,0.01792,1347.199701
2026-09-15T06:45:06.508Z,SUI,0.9858,963.9,0.7085,1347.199701
2026-09-15T06:45:06.508Z,HYPE,1.0842,107900,79.233,1347.199701
2026-09-15T06:50:06.866Z,BTC,1.0184,105192000,77294.8,1347.199701
2026-09-15T06:50:06.866Z,ETH,1.0001,3383000,2486.27,1347.199701
2026-09-15T06:50:06.866Z,SOL,1.0195,137400,100.96,1347.199701
2026-09-15T06:50:06.866Z,BNB,0.896,976500,718.4,1347.199701
2026-09-15T06:50:06.866Z,XRP,0.9959,1905,1.4001,1347.199701
2026-09-15T06:50:06.866Z,ADA,1.2597,278.7,0.2043,1347.199701
2026-09-15T06:50:06.866Z,AVAX,0.9676,10180,7.484,1347.199701
2026-09-15T06:50:06.866Z,DOT,0.8322,1347,0.9916,1347.199701
2026-09-15T06:50:06.866Z,LINK,1.0339,15540,11.417,1347.199701
2026-09-15T06:50:06.866Z,POL,-0.4475,128.9,0.09611,1347.199701
2026-09-15T06:50:06.866Z,DOGE,1.2241,112.9,0.08279,1347.199701
2026-09-15T06:50:06.866Z,TRX,1.1231,459.8,0.33751,1347.199701
2026-09-15T06:50:06.866Z,XLM,0.729,262,0.19307,1347.199701
2026-09-15T06:50:06.866Z,SHIB,0.697,0.007,5.16e-06,1347.199701
2026-09-15T06:50:06.866Z,BCH,1.1135,302000,221.7,1347.199701
2026-09-15T06:50:06.866Z,UNI,2.6248,9165,6.629,1347.199701
2026-09-15T06:50:06.866Z,AAVE,-0.5107,170100,126.91,1347.199701
2026-09-15T06:50:06.866Z,SUSHI,1.5061,293.6,0.2147,1347.199701
2026-09-15T06:50:06.866Z,LDO,1.8613,491,0.3578,1347.199701
2026-09-15T06:50:06.866Z,ICP,1.2459,3560,2.61,1347.199701
2026-09-15T06:50:06.866Z,NEAR,1.1411,3262,2.394,1347.199701
2026-09-15T06:50:06.866Z,HBAR,1.2201,104.7,0.07678,1347.199701
2026-09-15T06:50:06.866Z,XTZ,9.9623,390.5,0.2636,1347.199701
2026-09-15T06:50:06.866Z,DYDX,1.8532,154.3,0.11245,1347.199701
2026-09-15T06:50:06.866Z,ARB,1.023,181.8,0.13358,1347.199701
2026-09-15T06:50:06.866Z,GMX,2.2314,10200,7.406,1347.199701
2026-09-15T06:50:06.866Z,IMX,-2.4824,163.3,0.1243,1347.199701
2026-09-15T06:50:06.866Z,INJ,-26.5286,6020,6.082,1347.199701
2026-09-15T06:50:06.866Z,GRT,7.1952,25.85,0.0179,1347.199701
2026-09-15T06:50:06.866Z,SUI,0.9715,963.9,0.7086,1347.199701
2026-09-15T06:50:06.866Z,HYPE,1.0906,107900,79.228,1347.199701
2026-09-15T06:55:07.252Z,BTC,1.0397,105070000,77188.9,1347.199701
2026-09-15T06:55:07.252Z,ETH,1.0693,3379000,2481.63,1347.199701
2026-09-15T06:55:07.252Z,SOL,1.0527,137200,100.78,1347.199701
2026-09-15T06:55:07.252Z,BNB,0.9944,976500,717.7,1347.199701
2026-09-15T06:55:07.252Z,XRP,1.0726,1901,1.3961,1347.199701
2026-09-15T06:55:07.252Z,ADA,1.2896,278.1,0.2038,1347.199701
2026-09-15T06:55:07.252Z,AVAX,1.2517,10180,7.463,1347.199701
2026-09-15T06:55:07.252Z,DOT,1.0972,1347,0.989,1347.199701
2026-09-15T06:55:07.252Z,LINK,1.1786,15520,11.386,1347.199701
2026-09-15T06:55:07.252Z,POL,-0.1566,128.9,0.09583,1347.199701
2026-09-15T06:55:07.252Z,DOGE,1.6169,112.9,0.08247,1347.199701
2026-09-15T06:55:07.252Z,TRX,1.1351,459.8,0.33747,1347.199701
2026-09-15T06:55:07.252Z,XLM,1.0831,261.6,0.1921,1347.199701
2026-09-15T06:55:07.252Z,SHIB,0.8729,0.007,5.151e-06,1347.199701
2026-09-15T06:55:07.252Z,BCH,0.8697,301000,221.5,1347.199701
2026-09-15T06:55:07.252Z,UNI,3.3576,9165,6.582,1347.199701
2026-09-15T06:55:07.252Z,AAVE,-0.2434,170100,126.57,1347.199701
2026-09-15T06:55:07.252Z,SUSHI,1.6955,293.6,0.2143,1347.199701
2026-09-15T06:55:07.252Z,LDO,1.9183,491,0.3576,1347.199701
2026-09-15T06:55:07.252Z,ICP,1.3236,3560,2.608,1347.199701
2026-09-15T06:55:07.252Z,NEAR,1.3104,3262,2.39,1347.199701
2026-09-15T06:55:07.252Z,HBAR,1.4182,104.7,0.07663,1347.199701
2026-09-15T06:55:07.252Z,XTZ,10.2131,390.5,0.263,1347.199701
2026-09-15T06:55:07.252Z,DYDX,1.9347,154.3,0.11236,1347.199701
2026-09-15T06:55:07.252Z,ARB,1.3977,181.6,0.13294,1347.199701
2026-09-15T06:55:07.252Z,GMX,2.4112,10200,7.393,1347.199701
2026-09-15T06:55:07.252Z,IMX,-2.1439,163.3,0.12387,1347.199701
2026-09-15T06:55:07.252Z,INJ,-26.3591,6020,6.068,1347.199701
2026-09-15T06:55:07.252Z,GRT,7.3752,25.85,0.01787,1347.199701
2026-09-15T06:55:07.252Z,SUI,1.2162,963.1,0.7063,1347.199701
2026-09-15T06:55:07.252Z,HYPE,1.0997,107700,79.074,1347.199701
2026-09-15T07:00:06.971Z,BTC,1.0149,105115000,77240.9,1347.199701
2026-09-15T07:00:06.971Z,ETH,1.0147,3381000,2484.44,1347.199701
2026-09-15T07:00:06.971Z,SOL,0.9089,137100,100.85,1347.199701
2026-09-15T07:00:06.971Z,BNB,0.9522,976500,718,1347.199701
2026-09-15T07:00:06.971Z,XRP,1.0151,1904,1.3991,1347.199701
2026-09-15T07:00:06.971Z,ADA,1.1407,278.1,0.2041,1347.199701
2026-09-15T07:00:06.971Z,AVAX,1.1839,10180,7.468,1347.199701
2026-09-15T07:00:06.971Z,DOT,0.9951,1347,0.99,1347.199701
2026-09-15T07:00:06.971Z,LINK,0.7232,15480,11.408,1347.199701
2026-09-15T07:00:06.971Z,POL,-0.0836,128.9,0.09576,1347.199701
2026-09-15T07:00:06.971Z,DOGE,1.4201,112.9,0.08263,1347.199701
2026-09-15T07:00:06.971Z,TRX,1.1291,459.8,0.33749,1347.199701
2026-09-15T07:00:06.971Z,XLM,1.02,261.6,0.19222,1347.199701
2026-09-15T07:00:06.971Z,SHIB,2.2147,0.0071,5.156e-06,1347.199701
2026-09-15T07:00:06.971Z,BCH,0.8242,301000,221.6,1347.199701
2026-09-15T07:00:06.971Z,UNI,3.2009,9165,6.592,1347.199701
2026-09-15T07:00:06.971Z,AAVE,-0.3929,170100,126.76,1347.199701
2026-09-15T07:00:06.971Z,SUSHI,1.743,293.6,0.2142,1347.199701
2026-09-15T07:00:06.971Z,LDO,1.8898,491,0.3577,1347.199701
2026-09-15T07:00:06.971Z,ICP,1.1684,3560,2.612,1347.199701
2026-09-15T07:00:06.971Z,NEAR,1.3528,3262,2.389,1347.199701
2026-09-15T07:00:06.971Z,HBAR,1.3653,104.7,0.07667,1347.199701
2026-09-15T07:00:06.971Z,XTZ,10.1712,390.5,0.2631,1347.199701
2026-09-15T07:00:06.971Z,DYDX,1.962,154.3,0.11233,1347.199701
2026-09-15T07:00:06.971Z,ARB,1.1163,181.6,0.13331,1347.199701
2026-09-15T07:00:06.971Z,GMX,2.3835,10200,7.395,1347.199701
2026-09-15T07:00:06.971Z,IMX,-2.1676,163.3,0.1239,1347.199701
2026-09-15T07:00:06.971Z,INJ,-26.3713,6020,6.069,1347.199701
2026-09-15T07:00:06.971Z,GRT,7.3752,25.85,0.01787,1347.199701
2026-09-15T07:00:06.971Z,SUI,0.9589,963.1,0.7081,1347.199701
2026-09-15T07:00:06.971Z,HYPE,0.9223,107700,79.213,1347.199701
2026-09-15T07:05:06.876Z,BTC,0.9431,105072000,77264.2,1347.199701
2026-09-15T07:05:06.876Z,ETH,0.9787,3380000,2484.59,1347.199701
2026-09-15T07:05:06.876Z,SOL,1.0126,137200,100.82,1347.199701
2026-09-15T07:05:06.876Z,BNB,0.882,976500,718.5,1347.199701
2026-09-15T07:05:06.876Z,XRP,1.0176,1905,1.3998,1347.199701
2026-09-15T07:05:06.876Z,ADA,1.0417,278.1,0.2043,1347.199701
2026-09-15T07:05:06.876Z,AVAX,1.0216,10180,7.48,1347.199701
2026-09-15T07:05:06.876Z,DOT,0.8932,1347,0.991,1347.199701
2026-09-15T07:05:06.876Z,LINK,0.6791,15480,11.413,1347.199701
2026-09-15T07:05:06.876Z,POL,-0.1357,128.9,0.09581,1347.199701
2026-09-15T07:05:06.876Z,DOGE,1.3711,112.9,0.08267,1347.199701
2026-09-15T07:05:06.876Z,TRX,1.1711,459.8,0.33735,1347.199701
2026-09-15T07:05:06.876Z,XLM,0.8887,261.6,0.19247,1347.199701
2026-09-15T07:05:06.876Z,SHIB,2.1355,0.0071,5.16e-06,1347.199701
2026-09-15T07:05:06.876Z,BCH,0.7787,301000,221.7,1347.199701
2026-09-15T07:05:06.876Z,UNI,2.7954,9165,6.618,1347.199701
2026-09-15T07:05:06.876Z,AAVE,-0.5733,170100,126.99,1347.199701
2026-09-15T07:05:06.876Z,SUSHI,1.5534,293.6,0.2146,1347.199701
2026-09-15T07:05:06.876Z,LDO,1.8044,491,0.358,1347.199701
2026-09-15T07:05:06.876Z,ICP,1.1297,3560,2.613,1347.199701
2026-09-15T07:05:06.876Z,NEAR,1.3104,3262,2.39,1347.199701
2026-09-15T07:05:06.876Z,HBAR,1.1542,104.7,0.07683,1347.199701
2026-09-15T07:05:06.876Z,XTZ,9.9623,390.5,0.2636,1347.199701
2026-09-15T07:05:06.876Z,DYDX,1.7988,154.3,0.11251,1347.199701
2026-09-15T07:05:06.876Z,ARB,0.9421,181.6,0.13354,1347.199701
2026-09-15T07:05:06.876Z,GMX,2.4251,10200,7.392,1347.199701
2026-09-15T07:05:06.876Z,IMX,-2.1281,163.3,0.12385,1347.199701
2026-09-15T07:05:06.876Z,INJ,-26.5045,6020,6.08,1347.199701
2026-09-15T07:05:06.876Z,GRT,7.2552,25.85,0.01789,1347.199701
2026-09-15T07:05:06.876Z,SUI,0.9791,963.7,0.7084,1347.199701
2026-09-15T07:05:06.876Z,HYPE,0.9695,107700,79.176,1347.199701
2026-09-15T07:10:06.529Z,BTC,1.0066,105086000,77225.9,1347.199701
2026-09-15T07:10:06.529Z,ETH,0.9407,3375000,2481.85,1347.199701
2026-09-15T07:10:06.529Z,SOL,0.989,137100,100.77,1347.199701
2026-09-15T07:10:06.529Z,BNB,1.0507,976500,717.3,1347.199701
2026-09-15T07:10:06.529Z,XRP,1.044,1904,1.3987,1347.199701
2026-09-15T07:10:06.529Z,ADA,0.9923,278.1,0.2044,1347.199701
2026-09-15T07:10:06.529Z,AVAX,0.9137,10180,7.488,1347.199701
2026-09-15T07:10:06.529Z,DOT,1.0564,1347,0.9894,1347.199701
2026-09-15T07:10:06.529Z,LINK,0.9626,15510,11.403,1347.199701
2026-09-15T07:10:06.529Z,POL,-0.1045,128.9,0.09578,1347.199701
2026-09-15T07:10:06.529Z,DOGE,1.0895,112.6,0.08268,1347.199701
2026-09-15T07:10:06.529Z,TRX,1.2011,459.8,0.33725,1347.199701
2026-09-15T07:10:06.529Z,XLM,0.9199,261.3,0.19219,1347.199701
2026-09-15T07:10:06.529Z,SHIB,2.1553,0.0071,5.159e-06,1347.199701
2026-09-15T07:10:06.529Z,BCH,0.8697,301000,221.5,1347.199701
2026-09-15T07:10:06.529Z,UNI,2.9198,9165,6.61,1347.199701
2026-09-15T07:10:06.529Z,AAVE,-0.5577,170100,126.97,1347.199701
2026-09-15T07:10:06.529Z,SUSHI,1.5061,293.6,0.2147,1347.199701
2026-09-15T07:10:06.529Z,LDO,1.8613,491,0.3578,1347.199701
2026-09-15T07:10:06.529Z,ICP,1.2459,3560,2.61,1347.199701
2026-09-15T07:10:06.529Z,NEAR,0.9676,3236,2.379,1347.199701
2026-09-15T07:10:06.529Z,HBAR,0.9309,104.7,0.077,1347.199701
2026-09-15T07:10:06.529Z,XTZ,9.8789,390.5,0.2638,1347.199701
2026-09-15T07:10:06.529Z,DYDX,1.826,154.3,0.11248,1347.199701
2026-09-15T07:10:06.529Z,ARB,1.0784,181.6,0.13336,1347.199701
2026-09-15T07:10:06.529Z,GMX,2.4112,10200,7.393,1347.199701
2026-09-15T07:10:06.529Z,IMX,-1.9142,163.3,0.12358,1347.199701
2026-09-15T07:10:06.529Z,INJ,-26.4076,6020,6.072,1347.199701
2026-09-15T07:10:06.529Z,GRT,7.1354,25.85,0.01791,1347.199701
2026-09-15T07:10:06.529Z,SUI,0.9321,962.3,0.7077,1347.199701
2026-09-15T07:10:06.529Z,HYPE,1.1164,107700,79.061,1347.199701
2026-09-15T07:15:06.896Z,BTC,0.9854,105002000,77180.4,1347.199701
2026-09-15T07:15:06.896Z,ETH,1.0213,3375000,2479.87,1347.199701
2026-09-15T07:15:06.896Z,SOL,0.989,137100,100.77,1347.199701
2026-09-15T07:15:06.896Z,BNB,1.0648,976500,717.2,1347.199701
2026-09-15T07:15:06.896Z,XRP,1.0392,1905,1.3995,1347.199701
2026-09-15T07:15:06.896Z,ADA,1.0912,278.1,0.2042,1347.199701
2026-09-15T07:15:06.896Z,AVAX,0.9811,10180,7.483,1347.199701
2026-09-15T07:15:06.896Z,DOT,1.0972,1347,0.989,1347.199701
2026-09-15T07:15:06.896Z,LINK,0.9715,15510,11.402,1347.199701
2026-09-15T07:15:06.896Z,POL,-0.0732,128.9,0.09575,1347.199701
2026-09-15T07:15:06.896Z,DOGE,1.0895,112.6,0.08268,1347.199701
2026-09-15T07:15:06.896Z,TRX,1.1771,459.8,0.33733,1347.199701
2026-09-15T07:15:06.896Z,XLM,0.7155,261.3,0.19258,1347.199701
2026-09-15T07:15:06.896Z,SHIB,2.1157,0.0071,5.161e-06,1347.199701
2026-09-15T07:15:06.896Z,BCH,0.8242,301000,221.6,1347.199701
2026-09-15T07:15:06.896Z,UNI,3.1539,9165,6.595,1347.199701
2026-09-15T07:15:06.896Z,AAVE,-0.4322,170100,126.81,1347.199701
2026-09-15T07:15:06.896Z,SUSHI,1.6007,293.6,0.2145,1347.199701
2026-09-15T07:15:06.896Z,LDO,1.8613,491,0.3578,1347.199701
2026-09-15T07:15:06.896Z,ICP,1.4402,3560,2.605,1347.199701
2026-09-15T07:15:06.896Z,NEAR,0.7136,3236,2.385,1347.199701
2026-09-15T07:15:06.896Z,HBAR,0.6824,104.7,0.07719,1347.199701
2026-09-15T07:15:06.896Z,XTZ,9.9623,390.5,0.2636,1347.199701
2026-09-15T07:15:06.896Z,DYDX,1.835,154.3,0.11247,1347.199701
2026-09-15T07:15:06.896Z,ARB,1.2606,181.6,0.13312,1347.199701
2026-09-15T07:15:06.896Z,GMX,2.4944,10200,7.387,1347.199701
2026-09-15T07:15:06.896Z,IMX,-1.8904,163.3,0.12355,1347.199701
2026-09-15T07:15:06.896Z,INJ,-26.3105,6020,6.064,1347.199701
2026-09-15T07:15:06.896Z,GRT,7.2552,25.85,0.01789,1347.199701
2026-09-15T07:15:06.896Z,SUI,0.9464,962.3,0.7076,1347.199701
2026-09-15T07:15:06.896Z,HYPE,1.1688,107700,79.02,1347.199701
2026-09-15T07:20:06.912Z,BTC,0.9199,105030000,77251.1,1347.199701
2026-09-15T07:20:06.912Z,ETH,0.9781,3377000,2482.4,1347.199701
2026-09-15T07:20:06.912Z,SOL,0.976,137300,100.93,1347.199701
2026-09-15T07:20:06.912Z,BNB,1.0226,976500,717.5,1347.199701
2026-09-15T07:20:06.912Z,XRP,0.8735,1905,1.4018,1347.199701
2026-09-15T07:20:06.912Z,ADA,0.9429,278.1,0.2045,1347.199701
2026-09-15T07:20:06.912Z,AVAX,0.8463,10180,7.493,1347.199701
2026-09-15T07:20:06.912Z,DOT,0.7712,1347,0.9922,1347.199701
2026-09-15T07:20:06.912Z,LINK,0.8212,15510,11.419,1347.199701
2026-09-15T07:20:06.912Z,POL,-0.1253,128.9,0.0958,1347.199701
2026-09-15T07:20:06.912Z,DOGE,0.8821,112.6,0.08285,1347.199701
2026-09-15T07:20:06.912Z,TRX,0.9961,459.1,0.33742,1347.199701
2026-09-15T07:20:06.912Z,XLM,0.6632,261.3,0.19268,1347.199701
2026-09-15T07:20:06.912Z,SHIB,1.9774,0.0071,5.168e-06,1347.199701
2026-09-15T07:20:06.912Z,BCH,0.6879,301000,221.9,1347.199701
2026-09-15T07:20:06.912Z,UNI,2.424,9165,6.642,1347.199701
2026-09-15T07:20:06.912Z,AAVE,-0.7609,170100,127.23,1347.199701
2026-09-15T07:20:06.912Z,SUSHI,1.3644,293.6,0.215,1347.199701
2026-09-15T07:20:06.912Z,LDO,1.7191,491,0.3583,1347.199701
2026-09-15T07:20:06.912Z,ICP,1.091,3560,2.614,1347.199701
2026-09-15T07:20:06.912Z,NEAR,0.6292,3236,2.387,1347.199701
2026-09-15T07:20:06.912Z,HBAR,0.4093,104.7,0.0774,1347.199701
2026-09-15T07:20:06.912Z,XTZ,9.7956,390.5,0.264,1347.199701
2026-09-15T07:20:06.912Z,DYDX,1.7175,154.3,0.1126,1347.199701
2026-09-15T07:20:06.912Z,ARB,1.0026,181.6,0.13346,1347.199701
2026-09-15T07:20:06.912Z,GMX,2.4528,10200,7.39,1347.199701
2026-09-15T07:20:06.912Z,IMX,-1.8984,163.3,0.12356,1347.199701
2026-09-15T07:20:06.912Z,INJ,-26.5166,6020,6.081,1347.199701
2026-09-15T07:20:06.912Z,GRT,7.0756,25.85,0.01792,1347.199701
2026-09-15T07:20:06.912Z,SUI,0.6902,962.3,0.7094,1347.199701
2026-09-15T07:20:06.912Z,HYPE,1.0218,107700,79.135,1347.199701
2026-09-15T07:25:07.189Z,BTC,1.0034,105112000,77247.5,1347.199701
2026-09-15T07:25:07.189Z,ETH,0.9893,3378000,2482.86,1347.199701
2026-09-15T07:25:07.189Z,SOL,1.0461,137300,100.86,1347.199701
2026-09-15T07:25:07.189Z,BNB,0.9944,976500,717.7,1347.199701
2026-09-15T07:25:07.189Z,XRP,0.9866,1907,1.4017,1347.199701
2026-09-15T07:25:07.189Z,ADA,0.795,278.1,0.2048,1347.199701
2026-09-15T07:25:07.189Z,AVAX,0.7656,10180,7.499,1347.199701
2026-09-15T07:25:07.189Z,DOT,0.69,1347,0.993,1347.199701
2026-09-15T07:25:07.189Z,LINK,0.7682,15510,11.425,1347.199701
2026-09-15T07:25:07.189Z,POL,-0.1566,128.9,0.09583,1347.199701
2026-09-15T07:25:07.189Z,DOGE,0.9064,112.6,0.08283,1347.199701
2026-09-15T07:25:07.189Z,TRX,0.9961,459.1,0.33742,1347.199701
2026-09-15T07:25:07.189Z,XLM,0.6841,261.3,0.19264,1347.199701
2026-09-15T07:25:07.189Z,SHIB,1.9971,0.0071,5.167e-06,1347.199701
2026-09-15T07:25:07.189Z,BCH,0.8242,301000,221.6,1347.199701
2026-09-15T07:25:07.189Z,UNI,2.4086,9165,6.643,1347.199701
2026-09-15T07:25:07.189Z,AAVE,-0.7531,170100,127.22,1347.199701
2026-09-15T07:25:07.189Z,SUSHI,1.0355,293.6,0.2157,1347.199701
2026-09-15T07:25:07.189Z,LDO,1.8044,491,0.358,1347.199701
2026-09-15T07:25:07.189Z,ICP,1.2847,3560,2.609,1347.199701
2026-09-15T07:25:07.189Z,NEAR,0.7559,3236,2.384,1347.199701
2026-09-15T07:25:07.189Z,HBAR,0.813,104.7,0.07709,1347.199701
2026-09-15T07:25:07.189Z,XTZ,9.6295,390.5,0.2644,1347.199701
2026-09-15T07:25:07.189Z,DYDX,1.7265,154.3,0.11259,1347.199701
2026-09-15T07:25:07.189Z,ARB,0.7836,181.6,0.13375,1347.199701
2026-09-15T07:25:07.189Z,GMX,2.4944,10200,7.387,1347.199701
2026-09-15T07:25:07.189Z,IMX,-1.9301,163.3,0.1236,1347.199701
2026-09-15T07:25:07.189Z,INJ,-26.601,6020,6.088,1347.199701
2026-09-15T07:25:07.189Z,GRT,7.0756,25.85,0.01792,1347.199701
2026-09-15T07:25:07.189Z,SUI,0.9644,965.6,0.7099,1347.199701
2026-09-15T07:25:07.189Z,HYPE,1.041,107700,79.12,1347.199701
2026-09-15T07:30:07.123Z,BTC,1.0319,105138000,77244.8,1347.199701
2026-09-15T07:30:07.123Z,ETH,1.0699,3380000,2482.35,1347.199701
2026-09-15T07:30:07.123Z,SOL,1.0627,137200,100.77,1347.199701
2026-09-15T07:30:07.123Z,BNB,0.9944,976500,717.7,1347.199701
2026-09-15T07:30:07.123Z,XRP,0.9938,1907,1.4016,1347.199701
2026-09-15T07:30:07.123Z,ADA,1.1112,278.7,0.2046,1347.199701
2026-09-15T07:30:07.123Z,AVAX,0.9541,10180,7.485,1347.199701
2026-09-15T07:30:07.123Z,DOT,0.822,1347,0.9917,1347.199701
2026-09-15T07:30:07.123Z,LINK,0.9981,15510,11.399,1347.199701
2026-09-15T07:30:07.123Z,POL,-0.1253,128.9,0.0958,1347.199701
2026-09-15T07:30:07.123Z,DOGE,0.996,112.7,0.08283,1347.199701
2026-09-15T07:30:07.123Z,TRX,1.0021,459.1,0.3374,1347.199701
2026-09-15T07:30:07.123Z,XLM,0.8516,261.3,0.19232,1347.199701
2026-09-15T07:30:07.123Z,SHIB,1.9774,0.0071,5.168e-06,1347.199701
2026-09-15T07:30:07.123Z,BCH,0.7787,301000,221.7,1347.199701
2026-09-15T07:30:07.123Z,UNI,2.6558,9165,6.627,1347.199701
2026-09-15T07:30:07.123Z,AAVE,-0.6359,170100,127.07,1347.199701
2026-09-15T07:30:07.123Z,SUSHI,1.2232,293.6,0.2153,1347.199701
2026-09-15T07:30:07.123Z,LDO,1.8328,491,0.3579,1347.199701
2026-09-15T07:30:07.123Z,ICP,1.0953,3537,2.597,1347.199701
2026-09-15T07:30:07.123Z,NEAR,1.1803,3236,2.374,1347.199701
2026-09-15T07:30:07.123Z,HBAR,0.5422,104.5,0.07715,1347.199701
2026-09-15T07:30:07.123Z,XTZ,9.7956,390.5,0.264,1347.199701
2026-09-15T07:30:07.123Z,DYDX,1.7265,154.3,0.11259,1347.199701
2026-09-15T07:30:07.123Z,ARB,0.9951,181.6,0.13347,1347.199701
2026-09-15T07:30:07.123Z,GMX,2.4112,10200,7.393,1347.199701
2026-09-15T07:30:07.123Z,IMX,-1.8586,163.3,0.12351,1347.199701
2026-09-15T07:30:07.123Z,INJ,-26.4924,6020,6.079,1347.199701
2026-09-15T07:30:07.123Z,GRT,7.1354,25.85,0.01791,1347.199701
2026-09-15T07:30:07.123Z,SUI,1.007,965.6,0.7096,1347.199701
2026-09-15T07:30:07.123Z,HYPE,1.1432,107700,79.04,1347.199701
2026-09-15T07:35:07.104Z,BTC,1.1077,104940000,77041.5,1347.199701
2026-09-15T07:35:07.104Z,ETH,1.1939,3375000,2475.64,1347.199701
2026-09-15T07:35:07.104Z,SOL,1.1126,136900,100.5,1347.199701
2026-09-15T07:35:07.104Z,BNB,1.1918,976500,716.3,1347.199701
2026-09-15T07:35:07.104Z,XRP,1.0921,1903,1.3973,1347.199701
2026-09-15T07:35:07.104Z,ADA,1.2399,278.1,0.2039,1347.199701
2026-09-15T07:35:07.104Z,AVAX,1.1975,10180,7.467,1347.199701
2026-09-15T07:35:07.104Z,DOT,1.1586,1347,0.9884,1347.199701
2026-09-15T07:35:07.104Z,LINK,1.2527,15500,11.363,1347.199701
2026-09-15T07:35:07.104Z,POL,0.0313,128.9,0.09565,1347.199701
2026-09-15T07:35:07.104Z,DOGE,1.2487,112.6,0.08255,1347.199701
2026-09-15T07:35:07.104Z,TRX,0.9632,459.1,0.33753,1347.199701
2026-09-15T07:35:07.104Z,XLM,1.1269,261.4,0.19187,1347.199701
2026-09-15T07:35:07.104Z,SHIB,2.3736,0.0071,5.148e-06,1347.199701
2026-09-15T07:35:07.104Z,BCH,1.1437,301000,220.9,1347.199701
2026-09-15T07:35:07.104Z,UNI,3.2009,9165,6.592,1347.199701
2026-09-15T07:35:07.104Z,AAVE,-0.1093,170100,126.4,1347.199701
2026-09-15T07:35:07.104Z,SUSHI,1.6481,293.6,0.2144,1347.199701
2026-09-15T07:35:07.104Z,LDO,2.061,491,0.3571,1347.199701
2026-09-15T07:35:07.104Z,ICP,1.7146,3534,2.579,1347.199701
2026-09-15T07:35:07.104Z,NEAR,1.4471,3209,2.348,1347.199701
2026-09-15T07:35:07.104Z,HBAR,0.9873,104.5,0.07681,1347.199701
2026-09-15T07:35:07.104Z,XTZ,10.297,390.5,0.2628,1347.199701
2026-09-15T07:35:07.104Z,DYDX,2.3355,154.3,0.11192,1347.199701
2026-09-15T07:35:07.104Z,ARB,1.2124,181.2,0.13289,1347.199701
2026-09-15T07:35:07.104Z,GMX,2.8006,10200,7.365,1347.199701
2026-09-15T07:35:07.104Z,IMX,-1.5877,163.3,0.12317,1347.199701
2026-09-15T07:35:07.104Z,INJ,-26.0545,6020,6.043,1347.199701
2026-09-15T07:35:07.104Z,GRT,7.6161,25.85,0.01783,1347.199701
2026-09-15T07:35:07.104Z,SUI,1.2134,964.3,0.7072,1347.199701
2026-09-15T07:35:07.104Z,HYPE,1.5208,107700,78.746,1347.199701
2026-09-15T07:40:06.887Z,BTC,1.0433,104870000,77039.2,1347.199701
2026-09-15T07:40:06.887Z,ETH,1.066,3372000,2476.57,1347.199701
2026-09-15T07:40:06.887Z,SOL,1.1764,137000,100.51,1347.199701
2026-09-15T07:40:06.887Z,BNB,1.1494,976500,716.6,1347.199701
2026-09-15T07:40:06.887Z,XRP,1.0923,1906,1.3995,1347.199701
2026-09-15T07:40:06.887Z,ADA,1.1671,277.9,0.2039,1347.199701
2026-09-15T07:40:06.887Z,AVAX,1.1568,10180,7.47,1347.199701
2026-09-15T07:40:06.887Z,DOT,1.3329,1347,0.9867,1347.199701
2026-09-15T07:40:06.887Z,LINK,1.0984,15490,11.373,1347.199701
2026-09-15T07:40:06.887Z,POL,-0.0627,128.9,0.09574,1347.199701
2026-09-15T07:40:06.887Z,DOGE,1.1506,112.6,0.08263,1347.199701
2026-09-15T07:40:06.887Z,TRX,1.1151,459.9,0.33761,1347.199701
2026-09-15T07:40:06.887Z,XLM,0.9934,261.3,0.19205,1347.199701
2026-09-15T07:40:06.887Z,SHIB,2.3338,0.0071,5.15e-06,1347.199701
2026-09-15T07:40:06.887Z,BCH,1.0065,301000,221.2,1347.199701
2026-09-15T07:40:06.887Z,UNI,3.2009,9165,6.592,1347.199701
2026-09-15T07:40:06.887Z,AAVE,-0.2198,170100,126.54,1347.199701
2026-09-15T07:40:06.887Z,SUSHI,1.6007,293.6,0.2145,1347.199701
2026-09-15T07:40:06.887Z,LDO,1.9753,491,0.3574,1347.199701
2026-09-15T07:40:06.887Z,ICP,1.1102,3513,2.579,1347.199701
2026-09-15T07:40:06.887Z,NEAR,1.1456,3209,2.355,1347.199701
2026-09-15T07:40:06.887Z,HBAR,0.9873,104.5,0.07681,1347.199701
2026-09-15T07:40:06.887Z,XTZ,10.297,390.5,0.2628,1347.199701
2026-09-15T07:40:06.887Z,DYDX,2.1347,154.3,0.11214,1347.199701
2026-09-15T07:40:06.887Z,ARB,1.1211,181.2,0.13301,1347.199701
2026-09-15T07:40:06.887Z,GMX,2.9123,10200,7.357,1347.199701
2026-09-15T07:40:06.887Z,IMX,-1.938,163.3,0.12361,1347.199701
2026-09-15T07:40:06.887Z,INJ,-25.8828,6020,6.029,1347.199701
2026-09-15T07:40:06.887Z,GRT,7.4353,25.85,0.01786,1347.199701
2026-09-15T07:40:06.887Z,SUI,1.2134,964.3,0.7072,1347.199701
2026-09-15T07:40:06.887Z,HYPE,1.4474,107700,78.803,1347.199701
2026-09-15T07:45:06.509Z,BTC,1.0869,104851000,76992,1347.199701
2026-09-15T07:45:06.509Z,ETH,1.0645,3373000,2477.34,1347.199701
2026-09-15T07:45:06.509Z,SOL,1.1261,137000,100.56,1347.199701
2026-09-15T07:45:06.509Z,BNB,1.2766,976500,715.7,1347.199701
2026-09-15T07:45:06.509Z,XRP,1.109,1904,1.3978,1347.199701
2026-09-15T07:45:06.509Z,ADA,1.366,277.9,0.2035,1347.199701
2026-09-15T07:45:06.509Z,AVAX,1.1839,10180,7.468,1347.199701
2026-09-15T07:45:06.509Z,DOT,1.6316,1347,0.9838,1347.199701
2026-09-15T07:45:06.509Z,LINK,1.2052,15490,11.361,1347.199701
2026-09-15T07:45:06.509Z,POL,0.0104,128.9,0.09567,1347.199701
2026-09-15T07:45:06.509Z,DOGE,1.2119,112.6,0.08258,1347.199701
2026-09-15T07:45:06.509Z,TRX,1.1371,460,0.33761,1347.199701
2026-09-15T07:45:06.509Z,XLM,1.1462,261.3,0.19176,1347.199701
2026-09-15T07:45:06.509Z,SHIB,2.3736,0.0071,5.148e-06,1347.199701
2026-09-15T07:45:06.509Z,BCH,1.1437,301000,220.9,1347.199701
2026-09-15T07:45:06.509Z,UNI,3.5307,9165,6.571,1347.199701
2026-09-15T07:45:06.509Z,AAVE,-0.1409,170100,126.44,1347.199701
2026-09-15T07:45:06.509Z,SUSHI,1.8381,293.6,0.214,1347.199701
2026-09-15T07:45:06.509Z,LDO,2.6647,491,0.355,1347.199701
2026-09-15T07:45:06.509Z,ICP,0.9536,3513,2.583,1347.199701
2026-09-15T07:45:06.509Z,NEAR,1.3177,3209,2.351,1347.199701
2026-09-15T07:45:06.509Z,HBAR,1.0662,104.5,0.07675,1347.199701
2026-09-15T07:45:06.509Z,XTZ,10.4651,390.5,0.2624,1347.199701
2026-09-15T07:45:06.509Z,DYDX,2.3904,154.3,0.11186,1347.199701
2026-09-15T07:45:06.509Z,ARB,1.3039,181.2,0.13277,1347.199701
2026-09-15T07:45:06.509Z,GMX,3.0384,10200,7.348,1347.199701
2026-09-15T07:45:06.509Z,IMX,-1.8825,163.3,0.12354,1347.199701
2026-09-15T07:45:06.509Z,INJ,-25.8089,6020,6.023,1347.199701
2026-09-15T07:45:06.509Z,GRT,7.4955,25.85,0.01785,1347.199701
2026-09-15T07:45:06.509Z,SUI,1.3854,964.3,0.706,1347.199701
2026-09-15T07:45:06.509Z,HYPE,1.5002,107700,78.762,1347.199701
2026-09-15T07:50:07.086Z,BTC,1.1004,104862000,76989.8,1347.199701
2026-09-15T07:50:07.086Z,ETH,1.0882,3373000,2476.76,1347.199701
2026-09-15T07:50:07.086Z,SOL,1.1126,136900,100.5,1347.199701
2026-09-15T07:50:07.086Z,BNB,1.3049,976500,715.5,1347.199701
2026-09-15T07:50:07.086Z,XRP,1.1138,1903,1.397,1347.199701
2026-09-15T07:50:07.086Z,ADA,1.2664,277.9,0.2037,1347.199701
2026-09-15T07:50:07.086Z,AVAX,1.1162,10180,7.473,1347.199701
2026-09-15T07:50:07.086Z,DOT,1.6419,1347,0.9837,1347.199701
2026-09-15T07:50:07.086Z,LINK,1.2319,15490,11.358,1347.199701
2026-09-15T07:50:07.086Z,POL,-0.0732,128.9,0.09575,1347.199701
2026-09-15T07:50:07.086Z,DOGE,1.2241,112.6,0.08257,1347.199701
2026-09-15T07:50:07.086Z,TRX,1.1761,460,0.33748,1347.199701
2026-09-15T07:50:07.086Z,XLM,1.0092,261.3,0.19202,1347.199701
2026-09-15T07:50:07.086Z,SHIB,2.3736,0.0071,5.148e-06,1347.199701
2026-09-15T07:50:07.086Z,BCH,1.1895,301000,220.8,1347.199701
2026-09-15T07:50:07.086Z,UNI,3.5149,9165,6.572,1347.199701
2026-09-15T07:50:07.086Z,AAVE,-0.204,170100,126.52,1347.199701
2026-09-15T07:50:07.086Z,SUSHI,1.9334,293.6,0.2138,1347.199701
2026-09-15T07:50:07.086Z,LDO,2.3476,491,0.3561,1347.199701
2026-09-15T07:50:07.086Z,ICP,0.8365,3513,2.586,1347.199701
2026-09-15T07:50:07.086Z,NEAR,1.5336,3209,2.346,1347.199701
2026-09-15T07:50:07.086Z,HBAR,1.1057,104.5,0.07672,1347.199701
2026-09-15T07:50:07.086Z,XTZ,10.5494,390.5,0.2622,1347.199701
2026-09-15T07:50:07.086Z,DYDX,2.3081,154.3,0.11195,1347.199701
2026-09-15T07:50:07.086Z,ARB,1.2429,181.2,0.13285,1347.199701
2026-09-15T07:50:07.086Z,GMX,3.0384,10200,7.348,1347.199701
2026-09-15T07:50:07.086Z,IMX,-1.5717,163.3,0.12315,1347.199701
2026-09-15T07:50:07.086Z,INJ,-25.772,6020,6.02,1347.199701
2026-09-15T07:50:07.086Z,GRT,7.5558,25.85,0.01784,1347.199701
2026-09-15T07:50:07.086Z,SUI,1.4285,964.3,0.7057,1347.199701
2026-09-15T07:50:07.086Z,HYPE,1.517,107700,78.749,1347.199701
2026-09-15T07:55:07.283Z,BTC,1.1038,104707000,76873.4,1347.199701
2026-09-15T07:55:07.283Z,ETH,1.0987,3365000,2470.63,1347.199701
2026-09-15T07:55:07.283Z,SOL,1.1058,136700,100.36,1347.199701
2026-09-15T07:55:07.283Z,BNB,1.4041,976500,714.8,1347.199701
2026-09-15T07:55:07.283Z,XRP,1.111,1896,1.3919,1347.199701
2026-09-15T07:55:07.283Z,ADA,1.3829,277.4,0.2031,1347.199701
2026-09-15T07:55:07.283Z,AVAX,1.2924,10180,7.46,1347.199701
2026-09-15T07:55:07.283Z,DOT,1.7143,1347,0.983,1347.199701
2026-09-15T07:55:07.283Z,LINK,1.5,15490,11.328,1347.199701
2026-09-15T07:55:07.283Z,POL,0.0209,128.9,0.09566,1347.199701
2026-09-15T07:55:07.283Z,DOGE,1.2282,112.4,0.08242,1347.199701
2026-09-15T07:55:07.283Z,TRX,1.2211,460,0.33733,1347.199701
2026-09-15T07:55:07.283Z,XLM,1.056,260.4,0.19127,1347.199701
2026-09-15T07:55:07.283Z,SHIB,2.5728,0.0071,5.138e-06,1347.199701
2026-09-15T07:55:07.283Z,BCH,1.3731,301000,220.4,1347.199701
2026-09-15T07:55:07.283Z,UNI,3.9261,9165,6.546,1347.199701
2026-09-15T07:55:07.283Z,AAVE,-0.0618,170100,126.34,1347.199701
2026-09-15T07:55:07.283Z,SUSHI,2.4124,293.6,0.2128,1347.199701
2026-09-15T07:55:07.283Z,LDO,2.6647,491,0.355,1347.199701
2026-09-15T07:55:07.283Z,ICP,1.1102,3513,2.579,1347.199701
2026-09-15T07:55:07.283Z,NEAR,1.9246,3209,2.337,1347.199701
2026-09-15T07:55:07.283Z,HBAR,1.3038,104.5,0.07657,1347.199701
2026-09-15T07:55:07.283Z,XTZ,10.8453,390.5,0.2615,1347.199701
2026-09-15T07:55:07.283Z,DYDX,2.5003,154.3,0.11174,1347.199701
2026-09-15T07:55:07.283Z,ARB,1.2481,180.8,0.13255,1347.199701
2026-09-15T07:55:07.283Z,GMX,3.1507,10200,7.34,1347.199701
2026-09-15T07:55:07.283Z,IMX,-1.1785,163.3,0.12266,1347.199701
2026-09-15T07:55:07.283Z,INJ,-25.5617,6020,6.003,1347.199701
2026-09-15T07:55:07.283Z,GRT,7.7369,25.85,0.01781,1347.199701
2026-09-15T07:55:07.283Z,SUI,1.1626,960,0.7044,1347.199701
2026-09-15T07:55:07.283Z,HYPE,1.1333,107000,78.534,1347.199701
2026-09-15T08:00:06.889Z,BTC,1.0303,104667000,76900,1347.199701
2026-09-15T08:00:06.889Z,ETH,1.0359,3366000,2472.9,1347.199701
2026-09-15T08:00:06.889Z,SOL,1.0856,136700,100.38,1347.199701
2026-09-15T08:00:06.889Z,BNB,1.4183,976500,714.7,1347.199701
2026-09-15T08:00:06.889Z,XRP,1.0264,1897,1.3938,1347.199701
2026-09-15T08:00:06.889Z,ADA,1.2333,277.4,0.2034,1347.199701
2026-09-15T08:00:06.889Z,AVAX,1.0934,10160,7.46,1347.199701
2026-09-15T08:00:06.889Z,DOT,1.7868,1347,0.9823,1347.199701
2026-09-15T08:00:06.889Z,LINK,1.4284,15490,11.336,1347.199701
2026-09-15T08:00:06.889Z,POL,-0.0418,128.9,0.09572,1347.199701
2026-09-15T08:00:06.889Z,DOGE,1.0524,112.3,0.08249,1347.199701
2026-09-15T08:00:06.889Z,TRX,1.1881,460,0.33744,1347.199701
2026-09-15T08:00:06.889Z,XLM,0.9993,259.9,0.19101,1347.199701
2026-09-15T08:00:06.889Z,SHIB,2.5728,0.0071,5.138e-06,1347.199701
2026-09-15T08:00:06.889Z,BCH,1.3272,301000,220.5,1347.199701
2026-09-15T08:00:06.889Z,UNI,3.5464,9165,6.57,1347.199701
2026-09-15T08:00:06.889Z,AAVE,-0.0539,170100,126.33,1347.199701
2026-09-15T08:00:06.889Z,SUSHI,2.3643,293.6,0.2129,1347.199701
2026-09-15T08:00:06.889Z,LDO,2.8966,491,0.3542,1347.199701
2026-09-15T08:00:06.889Z,ICP,1.1102,3513,2.579,1347.199701
2026-09-15T08:00:06.889Z,NEAR,1.1456,3209,2.355,1347.199701
2026-09-15T08:00:06.889Z,HBAR,1.3038,104.5,0.07657,1347.199701
2026-09-15T08:00:06.889Z,XTZ,10.9302,390.5,0.2613,1347.199701
2026-09-15T08:00:06.889Z,DYDX,2.721,154.3,0.1115,1347.199701
2026-09-15T08:00:06.889Z,ARB,1.2481,180.8,0.13255,1347.199701
2026-09-15T08:00:06.889Z,GMX,3.0945,10200,7.344,1347.199701
2026-09-15T08:00:06.889Z,IMX,-1.1302,163.3,0.1226,1347.199701
2026-09-15T08:00:06.889Z,INJ,-25.5121,6020,5.999,1347.199701
2026-09-15T08:00:06.889Z,GRT,7.6161,25.85,0.01783,1347.199701
2026-09-15T08:00:06.889Z,SUI,1.1339,960,0.7046,1347.199701
2026-09-15T08:00:06.889Z,HYPE,0.9584,107000,78.67,1347.199701
2026-09-15T08:05:06.890Z,BTC,1.1123,104643000,76820,1347.199701
2026-09-15T08:05:06.890Z,ETH,1.1712,3363000,2467.39,1347.199701
2026-09-15T08:05:06.890Z,SOL,1.0686,136500,100.25,1347.199701
2026-09-15T08:05:06.890Z,BNB,1.4893,976500,714.2,1347.199701
2026-09-15T08:05:06.890Z,XRP,1.1254,1893,1.3895,1347.199701
2026-09-15T08:05:06.890Z,ADA,1.2333,277.4,0.2034,1347.199701
2026-09-15T08:05:06.890Z,AVAX,1.2699,10160,7.447,1347.199701
2026-09-15T08:05:06.890Z,DOT,1.0617,1334,0.9798,1347.199701
2026-09-15T08:05:06.890Z,LINK,1.6346,15490,11.313,1347.199701
2026-09-15T08:05:06.890Z,POL,0.0209,128.9,0.09566,1347.199701
2026-09-15T08:05:06.890Z,DOGE,1.175,112.3,0.08239,1347.199701
2026-09-15T08:05:06.890Z,TRX,1.2511,460,0.33723,1347.199701
2026-09-15T08:05:06.890Z,XLM,1.1528,259.9,0.19072,1347.199701
2026-09-15T08:05:06.890Z,SHIB,2.6727,0.0071,5.133e-06,1347.199701
2026-09-15T08:05:06.890Z,BCH,1.4192,301000,220.3,1347.199701
2026-09-15T08:05:06.890Z,UNI,3.6727,9165,6.562,1347.199701
2026-09-15T08:05:06.890Z,AAVE,-0.0143,170100,126.28,1347.199701
2026-09-15T08:05:06.890Z,SUSHI,2.5087,293.6,0.2126,1347.199701
2026-09-15T08:05:06.890Z,LDO,2.8675,491,0.3543,1347.199701
2026-09-15T08:05:06.890Z,ICP,1.071,3513,2.58,1347.199701
2026-09-15T08:05:06.890Z,NEAR,0.8885,3209,2.361,1347.199701
2026-09-15T08:05:06.890Z,HBAR,1.304,104.2,0.07635,1347.199701
2026-09-15T08:05:06.890Z,XTZ,11.1002,390.5,0.2609,1347.199701
2026-09-15T08:05:06.890Z,DYDX,3.6412,154.3,0.11051,1347.199701
2026-09-15T08:05:06.890Z,ARB,1.3704,180.8,0.13239,1347.199701
2026-09-15T08:05:06.890Z,GMX,3.5882,10200,7.309,1347.199701
2026-09-15T08:05:06.890Z,IMX,-0.8796,163.3,0.12229,1347.199701
2026-09-15T08:05:06.890Z,INJ,-25.5493,6020,6.002,1347.199701
2026-09-15T08:05:06.890Z,GRT,7.9795,25.85,0.01777,1347.199701
2026-09-15T08:05:06.890Z,SUI,1.1155,958.6,0.7037,1347.199701
2026-09-15T08:05:06.890Z,HYPE,1.321,107200,78.535,1347.199701
2026-09-15T08:10:06.897Z,BTC,1.0865,104500000,76734.6,1347.199701
2026-09-15T08:10:06.897Z,ETH,1.1294,3358000,2464.74,1347.199701
2026-09-15T08:10:06.897Z,SOL,1.1594,136500,100.16,1347.199701
2026-09-15T08:10:06.897Z,BNB,1.5178,976500,714,1347.199701
2026-09-15T08:10:06.897Z,XRP,1.1423,1891,1.3878,1347.199701
2026-09-15T08:10:06.897Z,ADA,1.3829,277.4,0.2031,1347.199701
2026-09-15T08:10:06.897Z,AVAX,1.3516,10160,7.441,1347.199701
2026-09-15T08:10:06.897Z,DOT,1.072,1334,0.9797,1347.199701
2026-09-15T08:10:06.897Z,LINK,1.1723,15410,11.306,1347.199701
2026-09-15T08:10:06.897Z,POL,-0.0314,128.9,0.09571,1347.199701
2026-09-15T08:10:06.897Z,DOGE,1.2734,112.3,0.08231,1347.199701
2026-09-15T08:10:06.897Z,TRX,1.2061,459.7,0.33716,1347.199701
2026-09-15T08:10:06.897Z,XLM,1.1104,259.9,0.1908,1347.199701
2026-09-15T08:10:06.897Z,SHIB,2.6727,0.0071,5.133e-06,1347.199701
2026-09-15T08:10:06.897Z,BCH,1.3213,300300,220,1347.199701
2026-09-15T08:10:06.897Z,UNI,3.6885,9165,6.561,1347.199701
2026-09-15T08:10:06.897Z,AAVE,0.1681,170100,126.05,1347.199701
2026-09-15T08:10:06.897Z,SUSHI,2.557,293.6,0.2125,1347.199701
2026-09-15T08:10:06.897Z,LDO,3.042,491,0.3537,1347.199701
2026-09-15T08:10:06.897Z,ICP,1.3066,3513,2.574,1347.199701
2026-09-15T08:10:06.897Z,NEAR,0.8885,3209,2.361,1347.199701
2026-09-15T08:10:06.897Z,HBAR,1.3395,104.1,0.07625,1347.199701
2026-09-15T08:10:06.897Z,XTZ,11.1428,390.5,0.2608,1347.199701
2026-09-15T08:10:06.897Z,DYDX,3.5101,154.3,0.11065,1347.199701
2026-09-15T08:10:06.897Z,ARB,1.4164,180.8,0.13233,1347.199701
2026-09-15T08:10:06.897Z,GMX,3.5457,10200,7.312,1347.199701
2026-09-15T08:10:06.897Z,IMX,-0.6521,163.3,0.12201,1347.199701
2026-09-15T08:10:06.897Z,INJ,-25.3004,6020,5.982,1347.199701
2026-09-15T08:10:06.897Z,GRT,8.0403,25.85,0.01776,1347.199701
2026-09-15T08:10:06.897Z,SUI,1.2162,958.6,0.703,1347.199701
2026-09-15T08:10:06.897Z,HYPE,1.3288,107200,78.529,1347.199701
2026-09-15T08:15:06.895Z,BTC,1.0941,104590000,76794.9,1347.199701
2026-09-15T08:15:06.895Z,ETH,0.8874,3359000,2471.39,1347.199701
2026-09-15T08:15:06.895Z,SOL,0.9442,136400,100.3,1347.199701
2026-09-15T08:15:06.895Z,BNB,1.3333,976500,715.3,1347.199701
2026-09-15T08:15:06.895Z,XRP,1.0672,1893,1.3903,1347.199701
2026-09-15T08:15:06.895Z,ADA,1.0842,277.4,0.2037,1347.199701
2026-09-15T08:15:06.895Z,AVAX,0.9581,10160,7.47,1347.199701
2026-09-15T08:15:06.895Z,DOT,0.7122,1334,0.9832,1347.199701
2026-09-15T08:15:06.895Z,LINK,1.027,15460,11.359,1347.199701
2026-09-15T08:15:06.895Z,POL,-0.5303,128.9,0.09619,1347.199701
2026-09-15T08:15:06.895Z,DOGE,1.0156,112.3,0.08252,1347.199701
2026-09-15T08:15:06.895Z,TRX,1.194,459.7,0.3372,1347.199701
2026-09-15T08:15:06.895Z,XLM,0.8514,259.9,0.19129,1347.199701
2026-09-15T08:15:06.895Z,SHIB,2.3736,0.0071,5.148e-06,1347.199701
2026-09-15T08:15:06.895Z,BCH,1.1374,300300,220.4,1347.199701
2026-09-15T08:15:06.895Z,UNI,3.0289,9165,6.603,1347.199701
2026-09-15T08:15:06.895Z,AAVE,-0.204,170100,126.52,1347.199701
2026-09-15T08:15:06.895Z,SUSHI,2.2202,293.6,0.2132,1347.199701
2026-09-15T08:15:06.895Z,LDO,2.9256,491,0.3541,1347.199701
2026-09-15T08:15:06.895Z,ICP,0.9145,3513,2.584,1347.199701
2026-09-15T08:15:06.895Z,NEAR,0.5054,3209,2.37,1347.199701
2026-09-15T08:15:06.895Z,HBAR,0.9952,104.1,0.07651,1347.199701
2026-09-15T08:15:06.895Z,XTZ,10.9302,390.5,0.2613,1347.199701
2026-09-15T08:15:06.895Z,DYDX,3.1651,154.3,0.11102,1347.199701
2026-09-15T08:15:06.895Z,ARB,0.9434,180.8,0.13295,1347.199701
2026-09-15T08:15:06.895Z,GMX,3.5032,10200,7.315,1347.199701
2026-09-15T08:15:06.895Z,IMX,-0.6846,163.3,0.12205,1347.199701
2026-09-15T08:15:06.895Z,INJ,-25.4873,6020,5.997,1347.199701
2026-09-15T08:15:06.895Z,GRT,7.6161,25.85,0.01783,1347.199701
2026-09-15T08:15:06.895Z,SUI,0.9005,958.6,0.7052,1347.199701
2026-09-15T08:15:06.895Z,HYPE,1.1343,107200,78.68,1347.199701
2026-09-15T08:20:07.070Z,BTC,1.1274,104605000,76780.6,1347.199701
2026-09-15T08:20:07.070Z,ETH,1.1309,3367000,2471.31,1347.199701
2026-09-15T08:20:07.070Z,SOL,1.0082,136500,100.31,1347.199701
2026-09-15T08:20:07.070Z,BNB,1.3191,976500,715.4,1347.199701
2026-09-15T08:20:07.070Z,XRP,1.0501,1892,1.3898,1347.199701
2026-09-15T08:20:07.070Z,ADA,0.9982,277.3,0.2038,1347.199701
2026-09-15T08:20:07.070Z,AVAX,1.0799,10160,7.461,1347.199701
2026-09-15T08:20:07.070Z,DOT,0.8866,1334,0.9815,1347.199701
2026-09-15T08:20:07.070Z,LINK,1.0359,15460,11.358,1347.199701
2026-09-15T08:20:07.070Z,POL,-0.2918,128.9,0.09596,1347.199701
2026-09-15T08:20:07.070Z,DOGE,0.9911,112.3,0.08254,1347.199701
2026-09-15T08:20:07.070Z,TRX,1.3801,460.6,0.33724,1347.199701
2026-09-15T08:20:07.070Z,XLM,0.9343,260.1,0.19128,1347.199701
2026-09-15T08:20:07.070Z,SHIB,2.4532,0.0071,5.144e-06,1347.199701
2026-09-15T08:20:07.070Z,BCH,1.1833,300300,220.3,1347.199701
2026-09-15T08:20:07.070Z,UNI,2.9666,9165,6.607,1347.199701
2026-09-15T08:20:07.070Z,AAVE,-0.2828,170100,126.62,1347.199701
2026-09-15T08:20:07.070Z,SUSHI,2.1723,293.6,0.2133,1347.199701
2026-09-15T08:20:07.070Z,LDO,2.8675,491,0.3543,1347.199701
2026-09-15T08:20:07.070Z,ICP,0.9536,3513,2.583,1347.199701
2026-09-15T08:20:07.070Z,NEAR,0.7605,3209,2.364,1347.199701
2026-09-15T08:20:07.070Z,HBAR,0.837,104.1,0.07663,1347.199701
2026-09-15T08:20:07.070Z,XTZ,11.1002,390.5,0.2609,1347.199701
2026-09-15T08:20:07.070Z,DYDX,3.0908,154.3,0.1111,1347.199701
2026-09-15T08:20:07.070Z,ARB,1.0042,180.8,0.13287,1347.199701
2026-09-15T08:20:07.070Z,GMX,3.2492,10200,7.333,1347.199701
2026-09-15T08:20:07.070Z,IMX,-1.1221,163.3,0.12259,1347.199701
2026-09-15T08:20:07.070Z,INJ,-25.2754,6020,5.98,1347.199701
2026-09-15T08:20:07.070Z,GRT,7.7369,25.85,0.01781,1347.199701
2026-09-15T08:20:07.070Z,SUI,0.9148,958.6,0.7051,1347.199701
2026-09-15T08:20:07.070Z,HYPE,1.1999,107200,78.629,1347.199701
2026-09-15T08:25:06.867Z,BTC,1.1751,104717000,76826.6,1347.199701
2026-09-15T08:25:06.867Z,ETH,1.1554,3369000,2472.18,1347.199701
2026-09-15T08:25:06.867Z,SOL,1.1562,136700,100.31,1347.199701
2026-09-15T08:25:06.867Z,BNB,1.2766,976500,715.7,1347.199701
2026-09-15T08:25:06.867Z,XRP,1.1496,1891,1.3877,1347.199701
2026-09-15T08:25:06.867Z,ADA,0.8992,277.3,0.204,1347.199701
2026-09-15T08:25:06.867Z,AVAX,1.0122,10160,7.466,1347.199701
2026-09-15T08:25:06.867Z,DOT,0.7634,1334,0.9827,1347.199701
2026-09-15T08:25:06.867Z,LINK,0.876,15460,11.376,1347.199701
2026-09-15T08:25:06.867Z,POL,-0.2503,128.9,0.09592,1347.199701
2026-09-15T08:25:06.867Z,DOGE,1.2446,112.5,0.08248,1347.199701
2026-09-15T08:25:06.867Z,TRX,1.317,460.6,0.33745,1347.199701
2026-09-15T08:25:06.867Z,XLM,1.2641,261.4,0.19161,1347.199701
2026-09-15T08:25:06.867Z,SHIB,2.4333,0.0071,5.145e-06,1347.199701
2026-09-15T08:25:06.867Z,BCH,1.0915,300300,220.5,1347.199701
2026-09-15T08:25:06.867Z,UNI,2.842,9165,6.615,1347.199701
2026-09-15T08:25:06.867Z,AAVE,-0.3929,170100,126.76,1347.199701
2026-09-15T08:25:06.867Z,SUSHI,2.1244,293.6,0.2134,1347.199701
2026-09-15T08:25:06.867Z,LDO,2.6936,491,0.3549,1347.199701
2026-09-15T08:25:06.867Z,ICP,0.8755,3513,2.585,1347.199701
2026-09-15T08:25:06.867Z,NEAR,1.0169,3209,2.358,1347.199701
2026-09-15T08:25:06.867Z,HBAR,2.089,105.2,0.07649,1347.199701
2026-09-15T08:25:06.867Z,XTZ,11.1002,390.5,0.2609,1347.199701
2026-09-15T08:25:06.867Z,DYDX,3.0352,154.3,0.11116,1347.199701
2026-09-15T08:25:06.867Z,ARB,0.7691,180.8,0.13318,1347.199701
2026-09-15T08:25:06.867Z,GMX,3.1647,10200,7.339,1347.199701
2026-09-15T08:25:06.867Z,IMX,-1.0414,163.3,0.12249,1347.199701
2026-09-15T08:25:06.867Z,INJ,-25.2129,6020,5.975,1347.199701
2026-09-15T08:25:06.867Z,GRT,7.8581,25.85,0.01779,1347.199701
2026-09-15T08:25:06.867Z,SUI,0.8862,958.6,0.7053,1347.199701
2026-09-15T08:25:06.867Z,HYPE,1.2102,107200,78.621,1347.199701
2026-09-15T08:30:07.282Z,BTC,1.1794,104717000,76823.3,1347.199701
2026-09-15T08:30:07.282Z,ETH,1.2235,3370000,2471.25,1347.199701
2026-09-15T08:30:07.282Z,SOL,1.2369,136700,100.23,1347.199701
2026-09-15T08:30:07.282Z,BNB,1.2625,976500,715.8,1347.199701
2026-09-15T08:30:07.282Z,XRP,1.2663,1891,1.3861,1347.199701
2026-09-15T08:30:07.282Z,ADA,0.9487,277.3,0.2039,1347.199701
2026-09-15T08:30:07.282Z,AVAX,1.0257,10160,7.465,1347.199701
2026-09-15T08:30:07.282Z,DOT,0.7839,1334,0.9825,1347.199701
2026-09-15T08:30:07.282Z,LINK,1.027,15460,11.359,1347.199701
2026-09-15T08:30:07.282Z,POL,-0.3438,128.9,0.09601,1347.199701
2026-09-15T08:30:07.282Z,DOGE,1.2897,112.4,0.08237,1347.199701
2026-09-15T08:30:07.282Z,TRX,1.3351,460.6,0.33739,1347.199701
2026-09-15T08:30:07.282Z,XLM,1.2606,260.9,0.19125,1347.199701
2026-09-15T08:30:07.282Z,SHIB,2.4532,0.0071,5.144e-06,1347.199701
2026-09-15T08:30:07.282Z,BCH,1.0915,300300,220.5,1347.199701
2026-09-15T08:30:07.282Z,UNI,2.7488,9165,6.621,1347.199701
2026-09-15T08:30:07.282Z,AAVE,-0.3615,170100,126.72,1347.199701
2026-09-15T08:30:07.282Z,SUSHI,2.2682,293.6,0.2131,1347.199701
2026-09-15T08:30:07.282Z,LDO,2.8385,491,0.3544,1347.199701
2026-09-15T08:30:07.282Z,ICP,0.8365,3513,2.586,1347.199701
2026-09-15T08:30:07.282Z,NEAR,0.3783,3209,2.373,1347.199701
2026-09-15T08:30:07.282Z,HBAR,1.9957,105.2,0.07656,1347.199701
2026-09-15T08:30:07.282Z,XTZ,11.1855,390.5,0.2607,1347.199701
2026-09-15T08:30:07.282Z,DYDX,3.0074,154.3,0.11119,1347.199701
2026-09-15T08:30:07.282Z,ARB,1.2251,181.4,0.13302,1347.199701
2026-09-15T08:30:07.282Z,GMX,3.0945,10200,7.344,1347.199701
2026-09-15T08:30:07.282Z,IMX,-0.9848,163.3,0.12242,1347.199701
2026-09-15T08:30:07.282Z,INJ,-25.1503,6020,5.97,1347.199701
2026-09-15T08:30:07.282Z,GRT,7.9187,25.85,0.01778,1347.199701
2026-09-15T08:30:07.282Z,SUI,0.9148,958.6,0.7051,1347.199701
2026-09-15T08:30:07.282Z,HYPE,1.1857,107200,78.64,1347.199701
2026-09-15T08:35:06.900Z,BTC,1.1921,104753000,76840.1,1347.199701
2026-09-15T08:35:06.900Z,ETH,1.1323,3368000,2472.01,1347.199701
2026-09-15T08:35:06.900Z,SOL,1.1864,136700,100.28,1347.199701
2026-09-15T08:35:06.900Z,BNB,1.2201,976500,716.1,1347.199701
2026-09-15T08:35:06.900Z,XRP,1.1957,1892,1.3878,1347.199701
2026-09-15T08:35:06.900Z,ADA,1.3127,278.3,0.2039,1347.199701
2026-09-15T08:35:06.900Z,AVAX,0.9716,10160,7.469,1347.199701
2026-09-15T08:35:06.900Z,DOT,0.5485,1334,0.9848,1347.199701
2026-09-15T08:35:06.900Z,LINK,0.9293,15460,11.37,1347.199701
2026-09-15T08:35:06.900Z,POL,-0.3438,128.9,0.09601,1347.199701
2026-09-15T08:35:06.900Z,DOGE,1.216,112.4,0.08243,1347.199701
2026-09-15T08:35:06.900Z,TRX,1.3231,460.6,0.33743,1347.199701
2026-09-15T08:35:06.900Z,XLM,1.2606,260.9,0.19125,1347.199701
2026-09-15T08:35:06.900Z,SHIB,2.4134,0.0071,5.146e-06,1347.199701
2026-09-15T08:35:06.900Z,BCH,0.9999,300300,220.7,1347.199701
2026-09-15T08:35:06.900Z,UNI,2.9821,9165,6.606,1347.199701
2026-09-15T08:35:06.900Z,AAVE,-0.3929,170100,126.76,1347.199701
2026-09-15T08:35:06.900Z,SUSHI,2.2202,293.6,0.2132,1347.199701
2026-09-15T08:35:06.900Z,LDO,2.4915,491,0.3556,1347.199701
2026-09-15T08:35:06.900Z,ICP,0.9927,3513,2.582,1347.199701
2026-09-15T08:35:06.900Z,NEAR,0.4775,3223,2.381,1347.199701
2026-09-15T08:35:06.900Z,HBAR,1.9824,105.2,0.07657,1347.199701
2026-09-15T08:35:06.900Z,XTZ,11.1002,390.5,0.2609,1347.199701
2026-09-15T08:35:06.900Z,DYDX,2.9981,154.3,0.1112,1347.199701
2026-09-15T08:35:06.900Z,ARB,1.1111,181.4,0.13317,1347.199701
2026-09-15T08:35:06.900Z,GMX,3.1788,10200,7.338,1347.199701
2026-09-15T08:35:06.900Z,IMX,-1.106,163.3,0.12257,1347.199701
2026-09-15T08:35:06.900Z,INJ,-25.2254,6020,5.976,1347.199701
2026-09-15T08:35:06.900Z,GRT,7.7975,25.85,0.0178,1347.199701
2026-09-15T08:35:06.900Z,SUI,0.8004,958.6,0.7059,1347.199701
2026-09-15T08:35:06.900Z,HYPE,1.0714,107200,78.729,1347.199701
2026-09-15T08:40:06.514Z,BTC,1.1984,104753000,76835.3,1347.199701
2026-09-15T08:40:06.514Z,ETH,1.1743,3370000,2472.45,1347.199701
2026-09-15T08:40:06.514Z,SOL,1.1662,136700,100.3,1347.199701
2026-09-15T08:40:06.514Z,BNB,1.2201,976500,716.1,1347.199701
2026-09-15T08:40:06.514Z,XRP,1.1351,1894,1.3901,1347.199701
2026-09-15T08:40:06.514Z,ADA,1.3127,278.3,0.2039,1347.199701
2026-09-15T08:40:06.514Z,AVAX,0.9041,10160,7.474,1347.199701
2026-09-15T08:40:06.514Z,DOT,0.4567,1334,0.9857,1347.199701
2026-09-15T08:40:06.514Z,LINK,0.9026,15460,11.373,1347.199701
2026-09-15T08:40:06.514Z,POL,-0.4578,128.9,0.09612,1347.199701
2026-09-15T08:40:06.514Z,DOGE,1.2528,112.4,0.0824,1347.199701
2026-09-15T08:40:06.514Z,TRX,1.3261,460.6,0.33742,1347.199701
2026-09-15T08:40:06.514Z,XLM,1.1654,260.9,0.19143,1347.199701
2026-09-15T08:40:06.514Z,SHIB,2.4134,0.0071,5.146e-06,1347.199701
2026-09-15T08:40:06.514Z,BCH,0.8628,300300,221,1347.199701
2026-09-15T08:40:06.514Z,UNI,2.8109,9165,6.617,1347.199701
2026-09-15T08:40:06.514Z,AAVE,-0.5028,170100,126.9,1347.199701
2026-09-15T08:40:06.514Z,SUSHI,2.0288,293.6,0.2136,1347.199701
2026-09-15T08:40:06.514Z,LDO,2.4915,491,0.3556,1347.199701
2026-09-15T08:40:06.514Z,ICP,1.0318,3513,2.581,1347.199701
2026-09-15T08:40:06.514Z,NEAR,0.6466,3223,2.377,1347.199701
2026-09-15T08:40:06.514Z,HBAR,1.8626,105.2,0.07666,1347.199701
2026-09-15T08:40:06.514Z,XTZ,10.7183,390.5,0.2618,1347.199701
2026-09-15T08:40:06.514Z,DYDX,2.9518,154.3,0.11125,1347.199701
2026-09-15T08:40:06.514Z,ARB,1.2023,181.4,0.13305,1347.199701
2026-09-15T08:40:06.514Z,GMX,3.221,10200,7.335,1347.199701
2026-09-15T08:40:06.514Z,IMX,-0.9686,163.3,0.1224,1347.199701
2026-09-15T08:40:06.514Z,INJ,-25.3004,6020,5.982,1347.199701
2026-09-15T08:40:06.514Z,GRT,7.6161,25.85,0.01783,1347.199701
2026-09-15T08:40:06.514Z,SUI,0.7005,958.6,0.7066,1347.199701
2026-09-15T08:40:06.514Z,HYPE,1.0508,107200,78.745,1347.199701
2026-09-15T08:45:06.875Z,BTC,1.1718,104691000,76810,1347.199701
2026-09-15T08:45:06.875Z,ETH,1.1903,3370000,2472.06,1347.199701
2026-09-15T08:45:06.875Z,SOL,1.0957,136700,100.37,1347.199701
2026-09-15T08:45:06.875Z,BNB,1.2342,976500,716,1347.199701
2026-09-15T08:45:06.875Z,XRP,1.1885,1895,1.3901,1347.199701
2026-09-15T08:45:06.875Z,ADA,1.3624,278.3,0.2038,1347.199701
2026-09-15T08:45:06.875Z,AVAX,0.9041,10160,7.474,1347.199701
2026-09-15T08:45:06.875Z,DOT,0.4364,1334,0.9859,1347.199701
2026-09-15T08:45:06.875Z,LINK,0.9026,15460,11.373,1347.199701
2026-09-15T08:45:06.875Z,POL,-0.3956,128.9,0.09606,1347.199701
2026-09-15T08:45:06.875Z,DOGE,1.2528,112.4,0.0824,1347.199701
2026-09-15T08:45:06.875Z,TRX,1.3291,460.6,0.33741,1347.199701
2026-09-15T08:45:06.875Z,XLM,1.1337,260.9,0.19149,1347.199701
2026-09-15T08:45:06.875Z,SHIB,2.4532,0.0071,5.144e-06,1347.199701
2026-09-15T08:45:06.875Z,BCH,0.8172,300300,221.1,1347.199701
2026-09-15T08:45:06.875Z,UNI,3.452,9165,6.576,1347.199701
2026-09-15T08:45:06.875Z,AAVE,-0.4793,170100,126.87,1347.199701
2026-09-15T08:45:06.875Z,SUSHI,2.1723,293.6,0.2133,1347.199701
2026-09-15T08:45:06.875Z,LDO,2.4339,491,0.3558,1347.199701
2026-09-15T08:45:06.875Z,ICP,1.2279,3513,2.576,1347.199701
2026-09-15T08:45:06.875Z,NEAR,0.7738,3223,2.374,1347.199701
2026-09-15T08:45:06.875Z,HBAR,1.8626,105.2,0.07666,1347.199701
2026-09-15T08:45:06.875Z,XTZ,10.7606,390.5,0.2617,1347.199701
2026-09-15T08:45:06.875Z,DYDX,2.924,154.3,0.11128,1347.199701
2026-09-15T08:45:06.875Z,ARB,1.4234,181.4,0.13276,1347.199701
2026-09-15T08:45:06.875Z,GMX,3.1929,10200,7.337,1347.199701
2026-09-15T08:45:06.875Z,IMX,-0.9929,163.3,0.12243,1347.199701
2026-09-15T08:45:06.875Z,INJ,-25.2004,6020,5.974,1347.199701
2026-09-15T08:45:06.875Z,GRT,7.6161,25.85,0.01783,1347.199701
2026-09-15T08:45:06.875Z,SUI,0.7005,958.6,0.7066,1347.199701
2026-09-15T08:45:06.875Z,HYPE,1.1605,107300,78.733,1347.199701
2026-09-15T08:50:07.381Z,BTC,1.1398,104711000,76849,1347.199701
2026-09-15T08:50:07.381Z,ETH,1.1617,3370000,2472.76,1347.199701
2026-09-15T08:50:07.381Z,SOL,1.0957,136700,100.37,1347.199701
2026-09-15T08:50:07.381Z,BNB,1.1918,976500,716.3,1347.199701
2026-09-15T08:50:07.381Z,XRP,1.111,1896,1.3919,1347.199701
2026-09-15T08:50:07.381Z,ADA,1.3358,278.5,0.204,1347.199701
2026-09-15T08:50:07.381Z,AVAX,0.8096,10160,7.481,1347.199701
2026-09-15T08:50:07.381Z,DOT,0.4771,1334,0.9855,1347.199701
2026-09-15T08:50:07.381Z,LINK,0.876,15460,11.376,1347.199701
2026-09-15T08:50:07.381Z,POL,-0.3126,128.9,0.09598,1347.199701
2026-09-15T08:50:07.381Z,DOGE,1.1546,112.4,0.08248,1347.199701
2026-09-15T08:50:07.381Z,TRX,1.305,460.6,0.33749,1347.199701
2026-09-15T08:50:07.381Z,XLM,1.0177,260.9,0.19171,1347.199701
2026-09-15T08:50:07.381Z,SHIB,2.4333,0.0071,5.145e-06,1347.199701
2026-09-15T08:50:07.381Z,BCH,0.8628,300300,221,1347.199701
2026-09-15T08:50:07.381Z,UNI,2.951,9165,6.608,1347.199701
2026-09-15T08:50:07.381Z,AAVE,-0.542,170100,126.95,1347.199701
2026-09-15T08:50:07.381Z,SUSHI,2.0766,293.6,0.2135,1347.199701
2026-09-15T08:50:07.381Z,LDO,2.2327,491,0.3565,1347.199701
2026-09-15T08:50:07.381Z,ICP,1.1886,3513,2.577,1347.199701
2026-09-15T08:50:07.381Z,NEAR,0.6466,3223,2.377,1347.199701
2026-09-15T08:50:07.381Z,HBAR,1.6373,105.2,0.07683,1347.199701
2026-09-15T08:50:07.381Z,XTZ,10.5916,390.5,0.2621,1347.199701
2026-09-15T08:50:07.381Z,DYDX,2.9425,154.3,0.11126,1347.199701
2026-09-15T08:50:07.381Z,ARB,1.3852,181.4,0.13281,1347.199701
2026-09-15T08:50:07.381Z,GMX,3.2069,10200,7.336,1347.199701
2026-09-15T08:50:07.381Z,IMX,-0.9848,163.3,0.12242,1347.199701
2026-09-15T08:50:07.381Z,INJ,-25.3379,6020,5.985,1347.199701
2026-09-15T08:50:07.381Z,GRT,7.2552,25.85,0.01789,1347.199701
2026-09-15T08:50:07.381Z,SUI,0.5867,958.6,0.7074,1347.199701
2026-09-15T08:50:07.381Z,HYPE,1.1066,107300,78.775,1347.199701
2026-09-15T08:55:06.910Z,BTC,1.1318,104782000,76907.2,1347.199701
2026-09-15T08:55:06.910Z,ETH,1.0766,3370000,2474.84,1347.199701
2026-09-15T08:55:06.910Z,SOL,0.975,136700,100.49,1347.199701
2026-09-15T08:55:06.910Z,BNB,1.1353,976500,716.7,1347.199701
2026-09-15T08:55:06.910Z,XRP,1.1402,1899,1.3937,1347.199701
2026-09-15T08:55:06.910Z,ADA,1.1375,278.5,0.2044,1347.199701
2026-09-15T08:55:06.910Z,AVAX,0.5677,10160,7.499,1347.199701
2026-09-15T08:55:06.910Z,DOT,0.4364,1334,0.9859,1347.199701
2026-09-15T08:55:06.910Z,LINK,0.7963,15460,11.385,1347.199701
2026-09-15T08:55:06.910Z,POL,-0.4578,128.9,0.09612,1347.199701
2026-09-15T08:55:06.910Z,DOGE,1.0321,112.4,0.08258,1347.199701
2026-09-15T08:55:06.910Z,TRX,1.317,460.6,0.33745,1347.199701
2026-09-15T08:55:06.910Z,XLM,1.0074,261.2,0.19195,1347.199701
2026-09-15T08:55:06.910Z,SHIB,2.2544,0.0071,5.154e-06,1347.199701
2026-09-15T08:55:06.910Z,BCH,0.6806,300300,221.4,1347.199701
2026-09-15T08:55:06.910Z,UNI,2.8576,9165,6.614,1347.199701
2026-09-15T08:55:06.910Z,AAVE,-0.6438,170100,127.08,1347.199701
2026-09-15T08:55:06.910Z,SUSHI,1.9811,293.6,0.2137,1347.199701
2026-09-15T08:55:06.910Z,LDO,2.3476,491,0.3561,1347.199701
2026-09-15T08:55:06.910Z,ICP,0.9927,3513,2.582,1347.199701
2026-09-15T08:55:06.910Z,NEAR,0.3932,3223,2.383,1347.199701
2026-09-15T08:55:06.910Z,HBAR,1.4524,105.2,0.07697,1347.199701
2026-09-15T08:55:06.910Z,XTZ,10.676,390.5,0.2619,1347.199701
2026-09-15T08:55:06.910Z,DYDX,2.7855,154.3,0.11143,1347.199701
2026-09-15T08:55:06.910Z,ARB,1.2632,181.4,0.13297,1347.199701
2026-09-15T08:55:06.910Z,GMX,2.9963,10200,7.351,1347.199701
2026-09-15T08:55:06.910Z,IMX,-0.9363,163.3,0.12236,1347.199701
2026-09-15T08:55:06.910Z,INJ,-25.2754,6020,5.98,1347.199701
2026-09-15T08:55:06.910Z,GRT,7.3152,25.85,0.01788,1347.199701
2026-09-15T08:55:06.910Z,SUI,0.5298,958.6,0.7078,1347.199701
2026-09-15T08:55:06.910Z,HYPE,0.9925,107300,78.864,1347.199701
2026-09-15T09:00:07.102Z,BTC,1.1128,104816000,76946.6,1347.199701
2026-09-15T09:00:07.102Z,ETH,1.1097,3372000,2475.5,1347.199701
2026-09-15T09:00:07.102Z,SOL,0.8746,136700,100.59,1347.199701
2026-09-15T09:00:07.102Z,BNB,1.093,976500,717,1347.199701
2026-09-15T09:00:07.102Z,XRP,1.1452,1904,1.3973,1347.199701
2026-09-15T09:00:07.102Z,ADA,1.2201,279,0.2046,1347.199701
2026-09-15T09:00:07.102Z,AVAX,0.2868,10160,7.52,1347.199701
2026-09-15T09:00:07.102Z,DOT,0.2736,1334,0.9875,1347.199701
2026-09-15T09:00:07.102Z,LINK,0.6813,15460,11.398,1347.199701
2026-09-15T09:00:07.102Z,POL,-0.4682,128.9,0.09613,1347.199701
2026-09-15T09:00:07.102Z,DOGE,1.0077,112.4,0.0826,1347.199701
2026-09-15T09:00:07.102Z,TRX,1.314,460.6,0.33746,1347.199701
2026-09-15T09:00:07.102Z,XLM,1.1571,263.1,0.19306,1347.199701
2026-09-15T09:00:07.102Z,SHIB,2.2742,0.0071,5.153e-06,1347.199701
2026-09-15T09:00:07.102Z,BCH,0.5897,300300,221.6,1347.199701
2026-09-15T09:00:07.102Z,UNI,2.6868,9165,6.625,1347.199701
2026-09-15T09:00:07.102Z,AAVE,-0.7375,170100,127.2,1347.199701
2026-09-15T09:00:07.102Z,SUSHI,1.9334,293.6,0.2138,1347.199701
2026-09-15T09:00:07.102Z,LDO,2.2614,491,0.3564,1347.199701
2026-09-15T09:00:07.102Z,ICP,0.7585,3513,2.588,1347.199701
2026-09-15T09:00:07.102Z,NEAR,0.3932,3223,2.383,1347.199701
2026-09-15T09:00:07.102Z,HBAR,1.1501,105.2,0.0772,1347.199701
2026-09-15T09:00:07.102Z,XTZ,10.7183,390.5,0.2618,1347.199701
2026-09-15T09:00:07.102Z,DYDX,2.7118,154.3,0.11151,1347.199701
2026-09-15T09:00:07.102Z,ARB,1.1795,181.4,0.13308,1347.199701
2026-09-15T09:00:07.102Z,GMX,2.9963,10200,7.351,1347.199701
2026-09-15T09:00:07.102Z,IMX,-1.0495,163.3,0.1225,1347.199701
2026-09-15T09:00:07.102Z,INJ,-25.3004,6020,5.982,1347.199701
2026-09-15T09:00:07.102Z,GRT,7.1952,25.85,0.0179,1347.199701
2026-09-15T09:00:07.102Z,SUI,1.1182,965.3,0.7086,1347.199701
2026-09-15T09:00:07.102Z,HYPE,1.2149,107700,78.984,1347.199701
2026-09-15T09:05:06.891Z,BTC,1.2162,104872000,76909.1,1347.199701
2026-09-15T09:05:06.891Z,ETH,1.1765,3371000,2473.13,1347.199701
2026-09-15T09:05:06.891Z,SOL,0.8846,136700,100.58,1347.199701
2026-09-15T09:05:06.891Z,BNB,1.093,976500,717,1347.199701
2026-09-15T09:05:06.891Z,XRP,1.0944,1901,1.3958,1347.199701
2026-09-15T09:05:06.891Z,ADA,1.3687,279,0.2043,1347.199701
2026-09-15T09:05:06.891Z,AVAX,0.4739,10160,7.506,1347.199701
2026-09-15T09:05:06.891Z,DOT,0.4567,1334,0.9857,1347.199701
2026-09-15T09:05:06.891Z,LINK,0.8672,15460,11.377,1347.199701
2026-09-15T09:05:06.891Z,POL,-0.6232,128.9,0.09628,1347.199701
2026-09-15T09:05:06.891Z,DOGE,1.0688,112.4,0.08255,1347.199701
2026-09-15T09:05:06.891Z,TRX,1.254,460.6,0.33766,1347.199701
2026-09-15T09:05:06.891Z,XLM,1.2726,263.1,0.19284,1347.199701
2026-09-15T09:05:06.891Z,SHIB,2.2544,0.0071,5.154e-06,1347.199701
2026-09-15T09:05:06.891Z,BCH,0.6351,300300,221.5,1347.199701
2026-09-15T09:05:06.891Z,UNI,3.3576,9165,6.582,1347.199701
2026-09-15T09:05:06.891Z,AAVE,-0.7063,170100,127.16,1347.199701
2026-09-15T09:05:06.891Z,SUSHI,2.0766,293.6,0.2135,1347.199701
2026-09-15T09:05:06.891Z,LDO,2.5492,491,0.3554,1347.199701
2026-09-15T09:05:06.891Z,ICP,1.1494,3513,2.578,1347.199701
2026-09-15T09:05:06.891Z,NEAR,0.562,3223,2.379,1347.199701
2026-09-15T09:05:06.891Z,HBAR,1.0761,105.3,0.07733,1347.199701
2026-09-15T09:05:06.891Z,XTZ,11.0577,390.5,0.261,1347.199701
2026-09-15T09:05:06.891Z,DYDX,2.924,154.3,0.11128,1347.199701
2026-09-15T09:05:06.891Z,ARB,1.0277,181.4,0.13328,1347.199701
2026-09-15T09:05:06.891Z,GMX,3.0244,10200,7.349,1347.199701
2026-09-15T09:05:06.891Z,IMX,-0.9605,163.3,0.12239,1347.199701
2026-09-15T09:05:06.891Z,INJ,-25.2754,6020,5.98,1347.199701
2026-09-15T09:05:06.891Z,GRT,7.6161,25.85,0.01783,1347.199701
2026-09-15T09:05:06.891Z,SUI,1.161,965.3,0.7083,1347.199701
2026-09-15T09:05:06.891Z,HYPE,1.011,107400,78.923,1347.199701
2026-09-15T09:10:06.871Z,BTC,1.1925,104845000,76907.3,1347.199701
2026-09-15T09:10:06.871Z,ETH,1.2542,3373000,2472.7,1347.199701
2026-09-15T09:10:06.871Z,SOL,1.2435,137200,100.59,1347.199701
2026-09-15T09:10:06.871Z,BNB,1.1071,976500,716.9,1347.199701
2026-09-15T09:10:06.871Z,XRP,1.1283,1903,1.3968,1347.199701
2026-09-15T09:10:06.871Z,ADA,1.3687,279,0.2043,1347.199701
2026-09-15T09:10:06.871Z,AVAX,0.4471,10160,7.508,1347.199701
2026-09-15T09:10:06.871Z,DOT,0.3651,1334,0.9866,1347.199701
2026-09-15T09:10:06.871Z,LINK,0.8938,15460,11.374,1347.199701
2026-09-15T09:10:06.871Z,POL,-0.5923,128.9,0.09625,1347.199701
2026-09-15T09:10:06.871Z,DOGE,1.0199,112.4,0.08259,1347.199701
2026-09-15T09:10:06.871Z,TRX,1.2031,460.6,0.33783,1347.199701
2026-09-15T09:10:06.871Z,XLM,1.2621,262.8,0.19264,1347.199701
2026-09-15T09:10:06.871Z,SHIB,0.8338,0.007,5.153e-06,1347.199701
2026-09-15T09:10:06.871Z,BCH,0.5897,300300,221.6,1347.199701
2026-09-15T09:10:06.871Z,UNI,3.3734,9165,6.581,1347.199701
2026-09-15T09:10:06.871Z,AAVE,-0.7219,170100,127.18,1347.199701
2026-09-15T09:10:06.871Z,SUSHI,2.0766,293.6,0.2135,1347.199701
2026-09-15T09:10:06.871Z,LDO,2.578,491,0.3553,1347.199701
2026-09-15T09:10:06.871Z,ICP,0.8365,3513,2.586,1347.199701
2026-09-15T09:10:06.871Z,NEAR,0.4353,3223,2.382,1347.199701
2026-09-15T09:10:06.871Z,HBAR,0.8283,105.3,0.07752,1347.199701
2026-09-15T09:10:06.871Z,XTZ,11.0577,390.5,0.261,1347.199701
2026-09-15T09:10:06.871Z,DYDX,2.9518,154.3,0.11125,1347.199701
2026-09-15T09:10:06.871Z,ARB,1.1187,181.4,0.13316,1347.199701
2026-09-15T09:10:06.871Z,GMX,3.0524,10200,7.347,1347.199701
2026-09-15T09:10:06.871Z,IMX,-0.9363,163.3,0.12236,1347.199701
2026-09-15T09:10:06.871Z,INJ,-25.2129,6020,5.975,1347.199701
2026-09-15T09:10:06.871Z,GRT,7.4353,25.85,0.01786,1347.199701
2026-09-15T09:10:06.871Z,SUI,1.1324,965.3,0.7085,1347.199701
2026-09-15T09:10:06.871Z,HYPE,1.2072,107400,78.77,1347.199701
2026-09-15T09:15:06.913Z,BTC,1.1985,104845000,76902.7,1347.199701
2026-09-15T09:15:06.913Z,ETH,1.1986,3371000,2472.59,1347.199701
2026-09-15T09:15:06.913Z,SOL,1.2939,137200,100.54,1347.199701
2026-09-15T09:15:06.913Z,BNB,1.1353,976500,716.7,1347.199701
2026-09-15T09:15:06.913Z,XRP,1.1717,1903,1.3962,1347.199701
2026-09-15T09:15:06.913Z,ADA,1.3687,279,0.2043,1347.199701
2026-09-15T09:15:06.913Z,AVAX,0.6348,10160,7.494,1347.199701
2026-09-15T09:15:06.913Z,DOT,0.2229,1334,0.988,1347.199701
2026-09-15T09:15:06.913Z,LINK,0.9737,15460,11.365,1347.199701
2026-09-15T09:15:06.913Z,POL,-0.5923,128.9,0.09625,1347.199701
2026-09-15T09:15:06.913Z,DOGE,1.0566,112.4,0.08256,1347.199701
2026-09-15T09:15:06.913Z,TRX,1.245,460.6,0.33769,1347.199701
2026-09-15T09:15:06.913Z,XLM,1.4886,262.8,0.19221,1347.199701
2026-09-15T09:15:06.913Z,SHIB,0.7946,0.007,5.155e-06,1347.199701
2026-09-15T09:15:06.913Z,BCH,0.6806,300300,221.4,1347.199701
2026-09-15T09:15:06.913Z,UNI,4.0055,9165,6.541,1347.199701
2026-09-15T09:15:06.913Z,AAVE,-0.6203,170100,127.05,1347.199701
2026-09-15T09:15:06.913Z,SUSHI,2.3162,293.6,0.213,1347.199701
2026-09-15T09:15:06.913Z,LDO,2.6069,491,0.3552,1347.199701
2026-09-15T09:15:06.913Z,ICP,0.9145,3513,2.584,1347.199701
2026-09-15T09:15:06.913Z,NEAR,0.6043,3223,2.378,1347.199701
2026-09-15T09:15:06.913Z,HBAR,0.8934,105.3,0.07747,1347.199701
2026-09-15T09:15:06.913Z,XTZ,11.1002,390.5,0.2609,1347.199701
2026-09-15T09:15:06.913Z,DYDX,3.1001,154.3,0.11109,1347.199701
2026-09-15T09:15:06.913Z,ARB,0.9898,181.4,0.13333,1347.199701
2026-09-15T09:15:06.913Z,GMX,3.1085,10200,7.343,1347.199701
2026-09-15T09:15:06.913Z,IMX,-0.7903,163.3,0.12218,1347.199701
2026-09-15T09:15:06.913Z,INJ,-25.2129,6020,5.975,1347.199701
2026-09-15T09:15:06.913Z,GRT,7.5558,25.85,0.01784,1347.199701
2026-09-15T09:15:06.913Z,SUI,1.1467,965.3,0.7084,1347.199701
2026-09-15T09:15:06.913Z,HYPE,1.17,107400,78.799,1347.199701
2026-09-15T09:20:07.159Z,BTC,1.2356,104845000,76874.5,1347.199701
2026-09-15T09:20:07.159Z,ETH,1.2475,3372000,2472.13,1347.199701
2026-09-15T09:20:07.159Z,SOL,1.163,136900,100.45,1347.199701
2026-09-15T09:20:07.159Z,BNB,1.1494,976500,716.6,1347.199701
2026-09-15T09:20:07.159Z,XRP,1.2249,1904,1.3962,1347.199701
2026-09-15T09:20:07.159Z,ADA,1.5178,279,0.204,1347.199701
2026-09-15T09:20:07.159Z,AVAX,0.702,10160,7.489,1347.199701
2026-09-15T09:20:07.159Z,DOT,0.3753,1334,0.9865,1347.199701
2026-09-15T09:20:07.159Z,LINK,1.0092,15460,11.361,1347.199701
2026-09-15T09:20:07.159Z,POL,-0.6336,128.9,0.09629,1347.199701
2026-09-15T09:20:07.159Z,DOGE,1.1178,112.4,0.08251,1347.199701
2026-09-15T09:20:07.159Z,TRX,1.239,460.6,0.33771,1347.199701
2026-09-15T09:20:07.159Z,XLM,1.3629,261.3,0.19135,1347.199701
2026-09-15T09:20:07.159Z,SHIB,0.8142,0.007,5.154e-06,1347.199701
2026-09-15T09:20:07.159Z,BCH,0.7716,300300,221.2,1347.199701
2026-09-15T09:20:07.159Z,UNI,4.3245,9165,6.521,1347.199701
2026-09-15T09:20:07.159Z,AAVE,-0.5107,170100,126.91,1347.199701
2026-09-15T09:20:07.159Z,SUSHI,2.3162,293.6,0.213,1347.199701
2026-09-15T09:20:07.159Z,LDO,2.6936,491,0.3549,1347.199701
2026-09-15T09:20:07.159Z,ICP,0.9145,3513,2.584,1347.199701
2026-09-15T09:20:07.159Z,NEAR,0.6043,3223,2.378,1347.199701
2026-09-15T09:20:07.159Z,HBAR,0.9455,105.3,0.07743,1347.199701
2026-09-15T09:20:07.159Z,XTZ,11.1428,390.5,0.2608,1347.199701
2026-09-15T09:20:07.159Z,DYDX,3.1558,154.3,0.11103,1347.199701
2026-09-15T09:20:07.159Z,ARB,0.9519,181.4,0.13338,1347.199701
2026-09-15T09:20:07.159Z,GMX,3.0945,10200,7.344,1347.199701
2026-09-15T09:20:07.159Z,IMX,-0.7659,163.3,0.12215,1347.199701
2026-09-15T09:20:07.159Z,INJ,-25.0875,6020,5.965,1347.199701
2026-09-15T09:20:07.159Z,GRT,7.7369,25.85,0.01781,1347.199701
2026-09-15T09:20:07.159Z,SUI,1.2182,965.3,0.7079,1347.199701
2026-09-15T09:20:07.159Z,HYPE,1.2406,107400,78.744,1347.199701
2026-09-15T09:25:06.907Z,BTC,1.2416,104845000,76870,1347.199701
2026-09-15T09:25:06.907Z,ETH,1.2225,3372000,2472.74,1347.199701
2026-09-15T09:25:06.907Z,SOL,1.2503,137100,100.51,1347.199701
2026-09-15T09:25:06.907Z,BNB,1.1353,976500,716.7,1347.199701
2026-09-15T09:25:06.907Z,XRP,1.2418,1905,1.3967,1347.199701
2026-09-15T09:25:06.907Z,ADA,1.468,279,0.2041,1347.199701
2026-09-15T09:25:06.907Z,AVAX,0.5677,10160,7.499,1347.199701
2026-09-15T09:25:06.907Z,DOT,0.2838,1334,0.9874,1347.199701
2026-09-15T09:25:06.907Z,LINK,0.9648,15460,11.366,1347.199701
2026-09-15T09:25:06.907Z,POL,-0.6748,128.9,0.09633,1347.199701
2026-09-15T09:25:06.907Z,DOGE,1.0933,112.4,0.08253,1347.199701
2026-09-15T09:25:06.907Z,TRX,1.236,460.6,0.33772,1347.199701
2026-09-15T09:25:06.907Z,XLM,1.3201,262.5,0.19231,1347.199701
2026-09-15T09:25:06.907Z,SHIB,0.7751,0.007,5.156e-06,1347.199701
2026-09-15T09:25:06.907Z,BCH,0.6806,300300,221.4,1347.199701
2026-09-15T09:25:06.907Z,UNI,4.2286,9165,6.527,1347.199701
2026-09-15T09:25:06.907Z,AAVE,-0.5342,170100,126.94,1347.199701
2026-09-15T09:25:06.907Z,SUSHI,2.2202,293.6,0.2132,1347.199701
2026-09-15T09:25:06.907Z,LDO,2.6647,491,0.355,1347.199701
2026-09-15T09:25:06.907Z,ICP,0.7975,3513,2.587,1347.199701
2026-09-15T09:25:06.907Z,NEAR,0.5197,3223,2.38,1347.199701
2026-09-15T09:25:06.907Z,HBAR,1.0108,105.3,0.07738,1347.199701
2026-09-15T09:25:06.907Z,XTZ,11.1002,390.5,0.2609,1347.199701
2026-09-15T09:25:06.907Z,DYDX,3.0815,154.3,0.11111,1347.199701
2026-09-15T09:25:06.907Z,ARB,0.9065,181.4,0.13344,1347.199701
2026-09-15T09:25:06.907Z,GMX,3.3337,10200,7.327,1347.199701
2026-09-15T09:25:06.907Z,IMX,-0.8065,163.3,0.1222,1347.199701
2026-09-15T09:25:06.907Z,INJ,-25.0875,6020,5.965,1347.199701
2026-09-15T09:25:06.907Z,GRT,7.7369,25.85,0.01781,1347.199701
2026-09-15T09:25:06.907Z,SUI,1.0896,965.3,0.7088,1347.199701
2026-09-15T09:25:06.907Z,HYPE,1.0712,107400,78.876,1347.199701
2026-09-15T09:30:06.892Z,BTC,1.2158,104845000,76889.6,1347.199701
2026-09-15T09:30:06.892Z,ETH,1.2034,3373000,2473.94,1347.199701
2026-09-15T09:30:06.892Z,SOL,1.1798,137100,100.58,1347.199701
2026-09-15T09:30:06.892Z,BNB,1.1353,976500,716.7,1347.199701
2026-09-15T09:30:06.892Z,XRP,1.2128,1908,1.3993,1347.199701
2026-09-15T09:30:06.892Z,ADA,1.3554,279.1,0.2044,1347.199701
2026-09-15T09:30:06.892Z,AVAX,0.4873,10160,7.505,1347.199701
2026-09-15T09:30:06.892Z,DOT,0.0406,1334,0.9898,1347.199701
2026-09-15T09:30:06.892Z,LINK,0.876,15460,11.376,1347.199701
2026-09-15T09:30:06.892Z,POL,-0.716,128.9,0.09637,1347.199701
2026-09-15T09:30:06.892Z,DOGE,1.0444,112.4,0.08257,1347.199701
2026-09-15T09:30:06.892Z,TRX,1.2271,460.6,0.33775,1347.199701
2026-09-15T09:30:06.892Z,XLM,1.4559,264,0.19315,1347.199701
2026-09-15T09:30:06.892Z,SHIB,2.1355,0.0071,5.16e-06,1347.199701
2026-09-15T09:30:06.892Z,BCH,0.5443,300300,221.7,1347.199701
2026-09-15T09:30:06.892Z,UNI,4.0851,9165,6.536,1347.199701
2026-09-15T09:30:06.892Z,AAVE,-0.6281,170100,127.06,1347.199701
2026-09-15T09:30:06.892Z,SUSHI,2.0766,293.6,0.2135,1347.199701
2026-09-15T09:30:06.892Z,LDO,2.6936,491,0.3549,1347.199701
2026-09-15T09:30:06.892Z,ICP,0.8755,3513,2.585,1347.199701
2026-09-15T09:30:06.892Z,NEAR,-0.1515,3223,2.396,1347.199701
2026-09-15T09:30:06.892Z,HBAR,0.9586,105.3,0.07742,1347.199701
2026-09-15T09:30:06.892Z,XTZ,11.1002,390.5,0.2609,1347.199701
2026-09-15T09:30:06.892Z,DYDX,2.9611,154.3,0.11124,1347.199701
2026-09-15T09:30:06.892Z,ARB,0.7706,181.4,0.13362,1347.199701
2026-09-15T09:30:06.892Z,GMX,3.3055,10200,7.329,1347.199701
2026-09-15T09:30:06.892Z,IMX,-1.0091,163.3,0.12245,1347.199701
2026-09-15T09:30:06.892Z,INJ,-25.3129,6020,5.983,1347.199701
2026-09-15T09:30:06.892Z,GRT,7.5558,25.85,0.01784,1347.199701
2026-09-15T09:30:06.892Z,SUI,1.1982,967.7,0.7098,1347.199701
2026-09-15T09:30:06.892Z,HYPE,1.0097,107400,78.924,1347.199701
2026-09-15T09:35:07.092Z,BTC,1.2201,104930000,76948.6,1347.199701
2026-09-15T09:35:07.092Z,ETH,1.1902,3375000,2475.73,1347.199701
2026-09-15T09:35:07.092Z,SOL,1.2268,137300,100.68,1347.199701
2026-09-15T09:35:07.092Z,BNB,1.1212,976500,716.8,1347.199701
2026-09-15T09:35:07.092Z,XRP,1.2586,1912,1.4016,1347.199701
2026-09-15T09:35:07.092Z,ADA,1.2069,279.1,0.2047,1347.199701
2026-09-15T09:35:07.092Z,AVAX,0.3803,10160,7.513,1347.199701
2026-09-15T09:35:07.092Z,DOT,-0.4021,1334,0.9942,1347.199701
2026-09-15T09:35:07.092Z,LINK,0.6636,15460,11.4,1347.199701
2026-09-15T09:35:07.092Z,POL,-0.9627,128.9,0.09661,1347.199701
2026-09-15T09:35:07.092Z,DOGE,1.1915,112.7,0.08267,1347.199701
2026-09-15T09:35:07.092Z,TRX,1.233,460.6,0.33773,1347.199701
2026-09-15T09:35:07.092Z,XLM,1.1432,263.2,0.19316,1347.199701
2026-09-15T09:35:07.092Z,SHIB,1.9182,0.0071,5.171e-06,1347.199701
2026-09-15T09:35:07.092Z,BCH,0.4537,300300,221.9,1347.199701
2026-09-15T09:35:07.092Z,UNI,2.9821,9165,6.606,1347.199701
2026-09-15T09:35:07.092Z,AAVE,-0.8855,170100,127.39,1347.199701
2026-09-15T09:35:07.092Z,SUSHI,1.9334,293.6,0.2138,1347.199701
2026-09-15T09:35:07.092Z,LDO,2.3476,491,0.3561,1347.199701
2026-09-15T09:35:07.092Z,ICP,0.6419,3513,2.591,1347.199701
2026-09-15T09:35:07.092Z,NEAR,-0.2764,3223,2.399,1347.199701
2026-09-15T09:35:07.092Z,HBAR,0.9455,105.3,0.07743,1347.199701
2026-09-15T09:35:07.092Z,XTZ,10.6338,390.5,0.262,1347.199701
2026-09-15T09:35:07.092Z,DYDX,2.9703,154.3,0.11123,1347.199701
2026-09-15T09:35:07.092Z,ARB,0.2977,181.4,0.13425,1347.199701
2026-09-15T09:35:07.092Z,GMX,3.3337,10200,7.327,1347.199701
2026-09-15T09:35:07.092Z,IMX,-1.0979,163.3,0.12256,1347.199701
2026-09-15T09:35:07.092Z,INJ,-25.7473,6020,6.018,1347.199701
2026-09-15T09:35:07.092Z,GRT,7.3152,25.85,0.01788,1347.199701
2026-09-15T09:35:07.092Z,SUI,1.0645,968.6,0.7114,1347.199701
2026-09-15T09:35:07.092Z,HYPE,0.785,107400,79.1,1347.199701
2026-09-15T09:40:07.464Z,BTC,1.2771,104981000,76942.7,1347.199701
2026-09-15T09:40:07.464Z,ETH,1.3297,3378000,2474.52,1347.199701
2026-09-15T09:40:07.464Z,SOL,1.2603,137400,100.72,1347.199701
2026-09-15T09:40:07.464Z,BNB,1.0789,976500,717.1,1347.199701
2026-09-15T09:40:07.464Z,XRP,1.2923,1911,1.4004,1347.199701
2026-09-15T09:40:07.464Z,ADA,1.3059,279.1,0.2045,1347.199701
2026-09-15T09:40:07.464Z,AVAX,0.3803,10160,7.513,1347.199701
2026-09-15T09:40:07.464Z,DOT,-0.3921,1334,0.9941,1347.199701
2026-09-15T09:40:07.464Z,LINK,0.7697,15460,11.388,1347.199701
2026-09-15T09:40:07.464Z,POL,-0.9832,128.9,0.09663,1347.199701
2026-09-15T09:40:07.464Z,DOGE,1.2405,112.7,0.08263,1347.199701
2026-09-15T09:40:07.464Z,TRX,0.9759,460.6,0.33859,1347.199701
2026-09-15T09:40:07.464Z,XLM,1.4478,263.2,0.19258,1347.199701
2026-09-15T09:40:07.464Z,SHIB,1.8788,0.0071,5.173e-06,1347.199701
2026-09-15T09:40:07.464Z,BCH,0.4085,300300,222,1347.199701
2026-09-15T09:40:07.464Z,UNI,2.7333,9165,6.622,1347.199701
2026-09-15T09:40:07.464Z,AAVE,-0.9244,170100,127.44,1347.199701
2026-09-15T09:40:07.464Z,SUSHI,1.8381,293.6,0.214,1347.199701
2026-09-15T09:40:07.464Z,LDO,2.2327,491,0.3565,1347.199701
2026-09-15T09:40:07.464Z,ICP,0.6807,3513,2.59,1347.199701
2026-09-15T09:40:07.464Z,NEAR,-0.1932,3223,2.397,1347.199701
2026-09-15T09:40:07.464Z,HBAR,0.9586,105.3,0.07742,1347.199701
2026-09-15T09:40:07.464Z,XTZ,10.676,390.5,0.2619,1347.199701
2026-09-15T09:40:07.464Z,DYDX,2.9333,154.3,0.11127,1347.199701
2026-09-15T09:40:07.464Z,ARB,0.38,181.4,0.13414,1347.199701
2026-09-15T09:40:07.464Z,GMX,3.3478,10200,7.326,1347.199701
2026-09-15T09:40:07.464Z,IMX,-1.259,163.3,0.12276,1347.199701
2026-09-15T09:40:07.464Z,INJ,-25.7226,6020,6.016,1347.199701
2026-09-15T09:40:07.464Z,GRT,7.4353,25.85,0.01786,1347.199701
2026-09-15T09:40:07.464Z,SUI,1.4053,970.5,0.7104,1347.199701
2026-09-15T09:40:07.464Z,HYPE,0.873,107400,79.031,1347.199701
2026-09-15T09:45:06.890Z,BTC,1.2688,104996000,76960,1347.199701
2026-09-15T09:45:06.890Z,ETH,1.2205,3375000,2474.99,1347.199701
2026-09-15T09:45:06.890Z,SOL,1.1598,137400,100.82,1347.199701
2026-09-15T09:45:06.890Z,BNB,1.0789,976500,717.1,1347.199701
2026-09-15T09:45:06.890Z,XRP,1.2586,1912,1.4016,1347.199701
2026-09-15T09:45:06.890Z,ADA,1.2069,279.1,0.2047,1347.199701
2026-09-15T09:45:06.890Z,AVAX,0.3803,10160,7.513,1347.199701
2026-09-15T09:45:06.890Z,DOT,-0.362,1334,0.9938,1347.199701
2026-09-15T09:45:06.890Z,LINK,0.7874,15460,11.386,1347.199701
2026-09-15T09:45:06.890Z,POL,-0.9729,128.9,0.09662,1347.199701
2026-09-15T09:45:06.890Z,DOGE,1.216,112.7,0.08265,1347.199701
2026-09-15T09:45:06.890Z,TRX,1.3087,462.5,0.33887,1347.199701
2026-09-15T09:45:06.890Z,XLM,1.0663,263,0.19316,1347.199701
2026-09-15T09:45:06.890Z,SHIB,1.8591,0.0071,5.174e-06,1347.199701
2026-09-15T09:45:06.890Z,BCH,0.4537,300300,221.9,1347.199701
2026-09-15T09:45:06.890Z,UNI,1.1997,9020,6.616,1347.199701
2026-09-15T09:45:06.890Z,AAVE,-0.9244,170100,127.44,1347.199701
2026-09-15T09:45:06.890Z,SUSHI,1.9811,293.6,0.2137,1347.199701
2026-09-15T09:45:06.890Z,LDO,2.2901,491,0.3563,1347.199701
2026-09-15T09:45:06.890Z,ICP,0.6031,3513,2.592,1347.199701
2026-09-15T09:45:06.890Z,NEAR,1.5246,3273,2.393,1347.199701
2026-09-15T09:45:06.890Z,HBAR,0.9325,105.3,0.07744,1347.199701
2026-09-15T09:45:06.890Z,XTZ,10.5494,390.5,0.2622,1347.199701
2026-09-15T09:45:06.890Z,DYDX,2.8316,154.3,0.11138,1347.199701
2026-09-15T09:45:06.890Z,ARB,0.238,181.4,0.13433,1347.199701
2026-09-15T09:45:06.890Z,GMX,3.3055,10200,7.329,1347.199701
2026-09-15T09:45:06.890Z,IMX,-1.106,163.3,0.12257,1347.199701
2026-09-15T09:45:06.890Z,INJ,-25.7349,6020,6.017,1347.199701
2026-09-15T09:45:06.890Z,GRT,7.4955,25.85,0.01785,1347.199701
2026-09-15T09:45:06.890Z,SUI,1.3197,970.5,0.711,1347.199701
2026-09-15T09:45:06.890Z,HYPE,0.7468,107400,79.13,1347.199701
2026-09-15T09:50:07.008Z,BTC,1.2365,104983000,76975,1347.199701
2026-09-15T09:50:07.008Z,ETH,1.2646,3378000,2476.11,1347.199701
2026-09-15T09:50:07.008Z,SOL,1.3473,137600,100.78,1347.199701
2026-09-15T09:50:07.008Z,BNB,0.9944,976500,717.7,1347.199701
2026-09-15T09:50:07.008Z,XRP,1.321,1917,1.4044,1347.199701
2026-09-15T09:50:07.008Z,ADA,1.2069,279.1,0.2047,1347.199701
2026-09-15T09:50:07.008Z,AVAX,0.3002,10160,7.519,1347.199701
2026-09-15T09:50:07.008Z,DOT,-0.5422,1334,0.9956,1347.199701
2026-09-15T09:50:07.008Z,LINK,0.6195,15460,11.405,1347.199701
2026-09-15T09:50:07.008Z,POL,-1.0139,128.9,0.09666,1347.199701
2026-09-15T09:50:07.008Z,DOGE,1.1915,112.7,0.08267,1347.199701
2026-09-15T09:50:07.008Z,TRX,1.2529,462.3,0.33891,1347.199701
2026-09-15T09:50:07.008Z,XLM,0.8783,263,0.19352,1347.199701
2026-09-15T09:50:07.008Z,SHIB,1.9971,0.0071,5.167e-06,1347.199701
2026-09-15T09:50:07.008Z,BCH,0.3181,300300,222.2,1347.199701
2026-09-15T09:50:07.008Z,UNI,1.0164,9020,6.628,1347.199701
2026-09-15T09:50:07.008Z,AAVE,-0.9167,170100,127.43,1347.199701
2026-09-15T09:50:07.008Z,SUSHI,1.9811,293.6,0.2137,1347.199701
2026-09-15T09:50:07.008Z,LDO,2.2327,491,0.3565,1347.199701
2026-09-15T09:50:07.008Z,ICP,0.6807,3513,2.59,1347.199701
2026-09-15T09:50:07.008Z,NEAR,1.4398,3273,2.395,1347.199701
2026-09-15T09:50:07.008Z,HBAR,0.5818,105.3,0.07771,1347.199701
2026-09-15T09:50:07.008Z,XTZ,10.5494,390.5,0.2622,1347.199701
2026-09-15T09:50:07.008Z,DYDX,2.9518,154.3,0.11125,1347.199701
2026-09-15T09:50:07.008Z,ARB,-0.1411,181.4,0.13484,1347.199701
2026-09-15T09:50:07.008Z,GMX,3.0524,10200,7.347,1347.199701
2026-09-15T09:50:07.008Z,IMX,-1.1382,163.3,0.12261,1347.199701
2026-09-15T09:50:07.008Z,INJ,-25.7349,6020,6.017,1347.199701
2026-09-15T09:50:07.008Z,GRT,7.3752,25.85,0.01787,1347.199701
2026-09-15T09:50:07.008Z,SUI,1.3129,971.8,0.712,1347.199701
2026-09-15T09:50:07.008Z,HYPE,0.7099,107400,79.159,1347.199701
2026-09-15T09:55:06.858Z,BTC,1.2988,105060000,76984.1,1347.199701
2026-09-15T09:55:06.858Z,ETH,1.2425,3378000,2476.65,1347.199701
2026-09-15T09:55:06.858Z,SOL,1.3204,137700,100.88,1347.199701
2026-09-15T09:55:06.858Z,BNB,0.9803,976500,717.8,1347.199701
2026-09-15T09:55:06.858Z,XRP,1.333,1916,1.4035,1347.199701
2026-09-15T09:55:06.858Z,ADA,1.1575,279.1,0.2048,1347.199701
2026-09-15T09:55:06.858Z,AVAX,0.2335,10160,7.524,1347.199701
2026-09-15T09:55:06.858Z,DOT,1.105,1358,0.997,1347.199701
2026-09-15T09:55:06.858Z,LINK,0.6548,15460,11.401,1347.199701
2026-09-15T09:55:06.858Z,POL,-1.0344,128.9,0.09668,1347.199701
2026-09-15T09:55:06.858Z,DOGE,1.3466,112.9,0.08269,1347.199701
2026-09-15T09:55:06.858Z,TRX,1.2449,462.4,0.33901,1347.199701
2026-09-15T09:55:06.858Z,XLM,1.319,265.2,0.19429,1347.199701
2026-09-15T09:55:06.858Z,SHIB,2.0169,0.0071,5.166e-06,1347.199701
2026-09-15T09:55:06.858Z,BCH,0.273,300300,222.3,1347.199701
2026-09-15T09:55:06.858Z,UNI,0.7277,9020,6.647,1347.199701
2026-09-15T09:55:06.858Z,AAVE,-1.0642,170100,127.62,1347.199701
2026-09-15T09:55:06.858Z,SUSHI,1.8857,293.6,0.2139,1347.199701
2026-09-15T09:55:06.858Z,LDO,2.1754,491,0.3567,1347.199701
2026-09-15T09:55:06.858Z,ICP,0.7975,3513,2.587,1347.199701
2026-09-15T09:55:06.858Z,NEAR,1.3552,3273,2.397,1347.199701
2026-09-15T09:55:06.858Z,HBAR,0.6984,105.3,0.07762,1347.199701
2026-09-15T09:55:06.858Z,XTZ,10.7606,390.5,0.2617,1347.199701
2026-09-15T09:55:06.858Z,DYDX,2.9148,154.3,0.11129,1347.199701
2026-09-15T09:55:06.858Z,ARB,0.0295,181.4,0.13461,1347.199701
2026-09-15T09:55:06.858Z,GMX,3.1085,10200,7.343,1347.199701
2026-09-15T09:55:06.858Z,IMX,-1.1382,163.3,0.12261,1347.199701
2026-09-15T09:55:06.858Z,INJ,-25.6979,6020,6.014,1347.199701
2026-09-15T09:55:06.858Z,GRT,7.1952,25.85,0.0179,1347.199701
2026-09-15T09:55:06.858Z,SUI,1.404,972.4,0.7118,1347.199701
2026-09-15T09:55:06.858Z,HYPE,0.5955,107400,79.249,1347.199701
2026-09-15T10:00:06.889Z,BTC,1.2695,104997000,76960.2,1347.199701
2026-09-15T10:00:06.889Z,ETH,1.3065,3376000,2473.62,1347.199701
2026-09-15T10:00:06.889Z,SOL,1.4109,137700,100.79,1347.199701
2026-09-15T10:00:06.889Z,BNB,1.0366,976500,717.4,1347.199701
2026-09-15T10:00:06.889Z,XRP,1.3043,1913,1.4017,1347.199701
2026-09-15T10:00:06.889Z,ADA,1.2069,279.1,0.2047,1347.199701
2026-09-15T10:00:06.889Z,AVAX,0.3002,10160,7.519,1347.199701
2026-09-15T10:00:06.889Z,DOT,1.1456,1358,0.9966,1347.199701
2026-09-15T10:00:06.889Z,LINK,1.4009,15550,11.383,1347.199701
2026-09-15T10:00:06.889Z,POL,-0.9729,128.9,0.09662,1347.199701
2026-09-15T10:00:06.889Z,DOGE,1.3548,112.8,0.08261,1347.199701
2026-09-15T10:00:06.889Z,TRX,1.4424,462.4,0.33835,1347.199701
2026-09-15T10:00:06.889Z,XLM,1.3736,264.1,0.19338,1347.199701
2026-09-15T10:00:06.889Z,SHIB,2.0959,0.0071,5.162e-06,1347.199701
2026-09-15T10:00:06.889Z,BCH,0.3181,300300,222.2,1347.199701
2026-09-15T10:00:06.889Z,UNI,0.8795,9020,6.637,1347.199701
2026-09-15T10:00:06.889Z,AAVE,-0.9866,170100,127.52,1347.199701
2026-09-15T10:00:06.889Z,SUSHI,2.0288,293.6,0.2136,1347.199701
2026-09-15T10:00:06.889Z,LDO,2.3763,491,0.356,1347.199701
2026-09-15T10:00:06.889Z,ICP,0.7975,3513,2.587,1347.199701
2026-09-15T10:00:06.889Z,NEAR,1.4398,3273,2.395,1347.199701
2026-09-15T10:00:06.889Z,HBAR,0.7893,105.3,0.07755,1347.199701
2026-09-15T10:00:06.889Z,XTZ,10.8877,390.5,0.2614,1347.199701
2026-09-15T10:00:06.889Z,DYDX,3.0537,154.3,0.11114,1347.199701
2026-09-15T10:00:06.889Z,ARB,1.5117,183.5,0.13418,1347.199701
2026-09-15T10:00:06.889Z,GMX,3.2351,10200,7.334,1347.199701
2026-09-15T10:00:06.889Z,IMX,-0.9848,163.3,0.12242,1347.199701
2026-09-15T10:00:06.889Z,INJ,-25.5865,6020,6.005,1347.199701
2026-09-15T10:00:06.889Z,GRT,7.3752,25.85,0.01787,1347.199701
2026-09-15T10:00:06.889Z,SUI,1.3806,970.4,0.7105,1347.199701
2026-09-15T10:00:06.889Z,HYPE,0.6399,107400,79.214,1347.199701
2026-09-15T10:05:06.872Z,BTC,1.36,105004000,76896.6,1347.199701
2026-09-15T10:05:06.872Z,ETH,1.2716,3375000,2473.74,1347.199701
2026-09-15T10:05:06.872Z,SOL,1.4008,137700,100.8,1347.199701
2026-09-15T10:05:06.872Z,BNB,1.0085,976500,717.6,1347.199701
2026-09-15T10:05:06.872Z,XRP,1.4415,1916,1.402,1347.199701
2026-09-15T10:05:06.872Z,ADA,1.2135,279.8,0.2052,1347.199701
2026-09-15T10:05:06.872Z,AVAX,2.5467,10400,7.528,1347.199701
2026-09-15T10:05:06.872Z,DOT,1.176,1358,0.9963,1347.199701
2026-09-15T10:05:06.872Z,LINK,1.4098,15550,11.382,1347.199701
2026-09-15T10:05:06.872Z,POL,-0.8806,128.9,0.09653,1347.199701
2026-09-15T10:05:06.872Z,DOGE,1.3058,112.8,0.08265,1347.199701
2026-09-15T10:05:06.872Z,TRX,1.4304,462.4,0.33839,1347.199701
2026-09-15T10:05:06.872Z,XLM,1.4258,264.4,0.1935,1347.199701
2026-09-15T10:05:06.872Z,SHIB,2.0366,0.0071,5.165e-06,1347.199701
2026-09-15T10:05:06.872Z,BCH,0.2279,300300,222.4,1347.199701
2026-09-15T10:05:06.872Z,UNI,0.7883,9020,6.643,1347.199701
2026-09-15T10:05:06.872Z,AAVE,-0.94,170100,127.46,1347.199701
2026-09-15T10:05:06.872Z,SUSHI,1.9811,293.6,0.2137,1347.199701
2026-09-15T10:05:06.872Z,LDO,2.2327,491,0.3565,1347.199701
2026-09-15T10:05:06.872Z,ICP,0.8365,3513,2.586,1347.199701
2026-09-15T10:05:06.872Z,NEAR,1.2707,3273,2.399,1347.199701
2026-09-15T10:05:06.872Z,HBAR,0.6984,105.3,0.07762,1347.199701
2026-09-15T10:05:06.872Z,XTZ,10.9726,390.5,0.2612,1347.199701
2026-09-15T10:05:06.872Z,DYDX,2.9518,154.3,0.11125,1347.199701
2026-09-15T10:05:06.872Z,ARB,1.2176,183.5,0.13457,1347.199701
2026-09-15T10:05:06.872Z,GMX,2.9963,10200,7.351,1347.199701
2026-09-15T10:05:06.872Z,IMX,-1.106,163.3,0.12257,1347.199701
2026-09-15T10:05:06.872Z,INJ,-25.5741,6020,6.004,1347.199701
2026-09-15T10:05:06.872Z,GRT,7.3152,25.85,0.01788,1347.199701
2026-09-15T10:05:06.872Z,SUI,1.2665,970.4,0.7113,1347.199701
2026-09-15T10:05:06.872Z,HYPE,0.6971,107400,79.169,1347.199701
2026-09-15T10:10:06.938Z,BTC,1.255,105035000,76999.1,1347.199701
2026-09-15T10:10:06.938Z,ETH,1.3267,3381000,2476.79,1347.199701
2026-09-15T10:10:06.938Z,SOL,1.3606,137700,100.84,1347.199701
2026-09-15T10:10:06.938Z,BNB,0.9522,976500,718,1347.199701
2026-09-15T10:10:06.938Z,XRP,1.3741,1915,1.4022,1347.199701
2026-09-15T10:10:06.938Z,ADA,1.3122,279.8,0.205,1347.199701
2026-09-15T10:10:06.938Z,AVAX,0.8705,10230,7.528,1347.199701
2026-09-15T10:10:06.938Z,DOT,1.3592,1358,0.9945,1347.199701
2026-09-15T10:10:06.938Z,LINK,1.223,15520,11.381,1347.199701
2026-09-15T10:10:06.938Z,POL,-0.7881,128.9,0.09644,1347.199701
2026-09-15T10:10:06.938Z,DOGE,1.2568,112.8,0.08269,1347.199701
2026-09-15T10:10:06.938Z,TRX,1.3915,462.4,0.33852,1347.199701
2026-09-15T10:10:06.938Z,XLM,1.1905,264.4,0.19395,1347.199701
2026-09-15T10:10:06.938Z,SHIB,1.9971,0.0071,5.167e-06,1347.199701
2026-09-15T10:10:06.938Z,BCH,0.2279,300300,222.4,1347.199701
2026-09-15T10:10:06.938Z,UNI,0.7125,9020,6.648,1347.199701
2026-09-15T10:10:06.938Z,AAVE,-0.9711,170100,127.5,1347.199701
2026-09-15T10:10:06.938Z,SUSHI,2.1723,293.6,0.2133,1347.199701
2026-09-15T10:10:06.938Z,LDO,2.2041,491,0.3566,1347.199701
2026-09-15T10:10:06.938Z,ICP,0.9145,3513,2.584,1347.199701
2026-09-15T10:10:06.938Z,NEAR,1.2707,3273,2.399,1347.199701
2026-09-15T10:10:06.938Z,HBAR,0.8414,105.3,0.07751,1347.199701
2026-09-15T10:10:06.938Z,XTZ,10.8877,390.5,0.2614,1347.199701
2026-09-15T10:10:06.938Z,DYDX,3.0537,154.3,0.11114,1347.199701
2026-09-15T10:10:06.938Z,ARB,1.3631,183.6,0.13445,1347.199701
2026-09-15T10:10:06.938Z,GMX,3.1647,10200,7.339,1347.199701
2026-09-15T10:10:06.938Z,IMX,-0.9848,163.3,0.12242,1347.199701
2026-09-15T10:10:06.938Z,INJ,-25.4873,6020,5.997,1347.199701
2026-09-15T10:10:06.938Z,GRT,7.4955,25.85,0.01785,1347.199701
2026-09-15T10:10:06.938Z,SUI,1.4373,971.9,0.7112,1347.199701
2026-09-15T10:10:06.938Z,HYPE,0.6666,107400,79.193,1347.199701
2026-09-15T10:15:06.505Z,BTC,1.3671,105103000,76963.7,1347.199701
2026-09-15T10:15:06.505Z,ETH,1.4545,3381000,2473.67,1347.199701
2026-09-15T10:15:06.505Z,SOL,1.3807,137700,100.82,1347.199701
2026-09-15T10:15:06.505Z,BNB,0.9522,976500,718,1347.199701
2026-09-15T10:15:06.505Z,XRP,1.3549,1913,1.401,1347.199701
2026-09-15T10:15:06.505Z,ADA,1.3979,279.9,0.2049,1347.199701
2026-09-15T10:15:06.505Z,AVAX,0.9644,10230,7.521,1347.199701
2026-09-15T10:15:06.505Z,DOT,1.2573,1358,0.9955,1347.199701
2026-09-15T10:15:06.505Z,LINK,1.321,15520,11.37,1347.199701
2026-09-15T10:15:06.505Z,POL,-0.8703,128.9,0.09652,1347.199701
2026-09-15T10:15:06.505Z,DOGE,1.3058,112.8,0.08265,1347.199701
2026-09-15T10:15:06.505Z,TRX,1.4394,462.4,0.33836,1347.199701
2026-09-15T10:15:06.505Z,XLM,1.1924,266.3,0.19534,1347.199701
2026-09-15T10:15:06.505Z,SHIB,2.0959,0.0071,5.162e-06,1347.199701
2026-09-15T10:15:06.505Z,BCH,0.3633,300300,222.1,1347.199701
2026-09-15T10:15:06.505Z,UNI,0.8339,9020,6.64,1347.199701
2026-09-15T10:15:06.505Z,AAVE,-0.8778,170100,127.38,1347.199701
2026-09-15T10:15:06.505Z,SUSHI,2.5087,293.6,0.2126,1347.199701
2026-09-15T10:15:06.505Z,LDO,2.3188,491,0.3562,1347.199701
2026-09-15T10:15:06.505Z,ICP,1.0318,3513,2.581,1347.199701
2026-09-15T10:15:06.505Z,NEAR,1.3975,3273,2.396,1347.199701
2026-09-15T10:15:06.505Z,HBAR,0.9455,105.3,0.07743,1347.199701
2026-09-15T10:15:06.505Z,XTZ,10.9302,390.5,0.2613,1347.199701
2026-09-15T10:15:06.505Z,DYDX,3.1465,154.3,0.11104,1347.199701
2026-09-15T10:15:06.505Z,ARB,1.2878,183.6,0.13455,1347.199701
2026-09-15T10:15:06.505Z,GMX,3.0524,10200,7.347,1347.199701
2026-09-15T10:15:06.505Z,IMX,-0.8471,163.3,0.12225,1347.199701
2026-09-15T10:15:06.505Z,INJ,-25.4251,6020,5.992,1347.199701
2026-09-15T10:15:06.505Z,GRT,7.5558,25.85,0.01784,1347.199701
2026-09-15T10:15:06.505Z,SUI,1.5802,971.9,0.7102,1347.199701
2026-09-15T10:15:06.505Z,HYPE,0.6552,107400,79.202,1347.199701
2026-09-15T10:20:07.083Z,BTC,1.3208,105050000,76960.1,1347.199701
2026-09-15T10:20:07.083Z,ETH,1.331,3379000,2475.22,1347.199701
2026-09-15T10:20:07.083Z,SOL,1.4209,137700,100.78,1347.199701
2026-09-15T10:20:07.083Z,BNB,0.91,976500,718.3,1347.199701
2026-09-15T10:20:07.083Z,XRP,1.3068,1911,1.4002,1347.199701
2026-09-15T10:20:07.083Z,ADA,1.3979,279.9,0.2049,1347.199701
2026-09-15T10:20:07.083Z,AVAX,0.9644,10230,7.521,1347.199701
2026-09-15T10:20:07.083Z,DOT,1.3286,1358,0.9948,1347.199701
2026-09-15T10:20:07.083Z,LINK,1.2675,15520,11.376,1347.199701
2026-09-15T10:20:07.083Z,POL,-0.8601,128.9,0.09651,1347.199701
2026-09-15T10:20:07.083Z,DOGE,1.3426,112.8,0.08262,1347.199701
2026-09-15T10:20:07.083Z,TRX,1.4574,462.4,0.3383,1347.199701
2026-09-15T10:20:07.083Z,XLM,1.3605,265.8,0.19465,1347.199701
2026-09-15T10:20:07.083Z,SHIB,2.1157,0.0071,5.161e-06,1347.199701
2026-09-15T10:20:07.083Z,BCH,1.9341,305000,222.1,1347.199701
2026-09-15T10:20:07.083Z,UNI,0.9251,9020,6.634,1347.199701
2026-09-15T10:20:07.083Z,AAVE,-0.7531,170100,127.22,1347.199701
2026-09-15T10:20:07.083Z,SUSHI,2.557,293.6,0.2125,1347.199701
2026-09-15T10:20:07.083Z,LDO,2.3188,491,0.3562,1347.199701
2026-09-15T10:20:07.083Z,ICP,1.071,3513,2.58,1347.199701
2026-09-15T10:20:07.083Z,NEAR,1.3975,3273,2.396,1347.199701
2026-09-15T10:20:07.083Z,HBAR,1.1153,105.3,0.0773,1347.199701
2026-09-15T10:20:07.083Z,XTZ,10.8029,390.5,0.2616,1347.199701
2026-09-15T10:20:07.083Z,DYDX,3.2209,154.3,0.11096,1347.199701
2026-09-15T10:20:07.083Z,ARB,1.3631,183.6,0.13445,1347.199701
2026-09-15T10:20:07.083Z,GMX,3.0945,10200,7.344,1347.199701
2026-09-15T10:20:07.083Z,IMX,-0.7903,163.3,0.12218,1347.199701
2026-09-15T10:20:07.083Z,INJ,-25.3877,6020,5.989,1347.199701
2026-09-15T10:20:07.083Z,GRT,7.6765,25.85,0.01782,1347.199701
2026-09-15T10:20:07.083Z,SUI,1.5802,971.9,0.7102,1347.199701
2026-09-15T10:20:07.083Z,HYPE,0.6463,107400,79.209,1347.199701
2026-09-15T10:25:07.096Z,BTC,1.2099,104997000,77005.5,1347.199701
2026-09-15T10:25:07.096Z,ETH,1.2695,3378000,2475.99,1347.199701
2026-09-15T10:25:07.096Z,SOL,1.2837,137500,100.77,1347.199701
2026-09-15T10:25:07.096Z,BNB,0.8539,976500,718.7,1347.199701
2026-09-15T10:25:07.096Z,XRP,1.3236,1912,1.4007,1347.199701
2026-09-15T10:25:07.096Z,ADA,1.3484,279.9,0.205,1347.199701
2026-09-15T10:25:07.096Z,AVAX,0.9107,10230,7.525,1347.199701
2026-09-15T10:25:07.096Z,DOT,1.3897,1358,0.9942,1347.199701
2026-09-15T10:25:07.096Z,LINK,1.2497,15520,11.378,1347.199701
2026-09-15T10:25:07.096Z,POL,-0.7572,128.9,0.09641,1347.199701
2026-09-15T10:25:07.096Z,DOGE,1.3058,112.8,0.08265,1347.199701
2026-09-15T10:25:07.096Z,TRX,1.3855,462.4,0.33854,1347.199701
2026-09-15T10:25:07.096Z,XLM,1.4351,265.9,0.19458,1347.199701
2026-09-15T10:25:07.096Z,SHIB,2.0564,0.0071,5.164e-06,1347.199701
2026-09-15T10:25:07.096Z,BCH,1.788,304700,222.2,1347.199701
2026-09-15T10:25:07.096Z,UNI,0.5462,9020,6.659,1347.199701
2026-09-15T10:25:07.096Z,AAVE,-0.87,170100,127.37,1347.199701
2026-09-15T10:25:07.096Z,SUSHI,2.7504,293.6,0.2121,1347.199701
2026-09-15T10:25:07.096Z,LDO,2.2327,491,0.3565,1347.199701
2026-09-15T10:25:07.096Z,ICP,1.071,3513,2.58,1347.199701
2026-09-15T10:25:07.096Z,NEAR,1.2707,3273,2.399,1347.199701
2026-09-15T10:25:07.096Z,HBAR,1.255,105.5,0.07734,1347.199701
2026-09-15T10:25:07.096Z,XTZ,10.7183,390.5,0.2618,1347.199701
2026-09-15T10:25:07.096Z,DYDX,3.1186,154.3,0.11107,1347.199701
2026-09-15T10:25:07.096Z,ARB,1.2451,183.7,0.13468,1347.199701
2026-09-15T10:25:07.096Z,GMX,3.0664,10200,7.346,1347.199701
2026-09-15T10:25:07.096Z,IMX,-0.6032,163.3,0.12195,1347.199701
2026-09-15T10:25:07.096Z,INJ,-25.4375,6020,5.993,1347.199701
2026-09-15T10:25:07.096Z,GRT,7.7975,25.85,0.0178,1347.199701
2026-09-15T10:25:07.096Z,SUI,1.3398,969.6,0.7102,1347.199701
2026-09-15T10:25:07.096Z,HYPE,0.5016,107400,79.323,1347.199701
2026-09-15T10:30:06.531Z,BTC,1.3509,104942000,76858.1,1347.199701
2026-09-15T10:30:06.531Z,ETH,1.355,3377000,2473.17,1347.199701
2026-09-15T10:30:06.531Z,SOL,1.4246,137500,100.63,1347.199701
2026-09-15T10:30:06.531Z,BNB,0.9663,976500,717.9,1347.199701
2026-09-15T10:30:06.531Z,XRP,1.3818,1909,1.3977,1347.199701
2026-09-15T10:30:06.531Z,ADA,1.5695,280.1,0.2047,1347.199701
2026-09-15T10:30:06.531Z,AVAX,1.0315,10230,7.516,1347.199701
2026-09-15T10:30:06.531Z,DOT,1.502,1358,0.9931,1347.199701
2026-09-15T10:30:06.531Z,LINK,1.4369,15520,11.357,1347.199701
2026-09-15T10:30:06.531Z,POL,-0.7675,128.9,0.09642,1347.199701
2026-09-15T10:30:06.531Z,DOGE,1.4531,112.8,0.08253,1347.199701
2026-09-15T10:30:06.531Z,TRX,1.4065,462.4,0.33847,1347.199701
2026-09-15T10:30:06.531Z,XLM,1.3626,265,0.19406,1347.199701
2026-09-15T10:30:06.531Z,SHIB,2.1751,0.0071,5.158e-06,1347.199701
2026-09-15T10:30:06.531Z,BCH,1.8797,304700,222,1347.199701
2026-09-15T10:30:06.531Z,UNI,0.9403,9020,6.633,1347.199701
2026-09-15T10:30:06.531Z,AAVE,-0.675,170100,127.12,1347.199701
2026-09-15T10:30:06.531Z,SUSHI,2.9932,293.6,0.2116,1347.199701
2026-09-15T10:30:06.531Z,LDO,2.4339,491,0.3558,1347.199701
2026-09-15T10:30:06.531Z,ICP,1.2279,3513,2.576,1347.199701
2026-09-15T10:30:06.531Z,NEAR,1.652,3273,2.39,1347.199701
2026-09-15T10:30:06.531Z,HBAR,1.4912,105.5,0.07716,1347.199701
2026-09-15T10:30:06.531Z,XTZ,10.8453,390.5,0.2615,1347.199701
2026-09-15T10:30:06.531Z,DYDX,3.5756,154.3,0.11058,1347.199701
2026-09-15T10:30:06.531Z,ARB,1.5898,183.6,0.13415,1347.199701
2026-09-15T10:30:06.531Z,GMX,3.3337,10200,7.327,1347.199701
2026-09-15T10:30:06.531Z,IMX,-0.489,163.3,0.12181,1347.199701
2026-09-15T10:30:06.531Z,INJ,-25.2504,6020,5.978,1347.199701
2026-09-15T10:30:06.531Z,GRT,7.8581,25.85,0.01779,1347.199701
2026-09-15T10:30:06.531Z,SUI,1.4523,968.9,0.7089,1347.199701
2026-09-15T10:30:06.531Z,HYPE,0.6234,107400,79.227,1347.199701
2026-09-15T10:35:07.152Z,BTC,1.3396,105022000,76925.3,1347.199701
2026-09-15T10:35:07.152Z,ETH,1.3346,3378000,2474.4,1347.199701
2026-09-15T10:35:07.152Z,SOL,1.2837,137500,100.77,1347.199701
2026-09-15T10:35:07.152Z,BNB,0.9382,976500,718.1,1347.199701
2026-09-15T10:35:07.152Z,XRP,1.3213,1911,1.4,1347.199701
2026-09-15T10:35:07.152Z,ADA,1.4704,280.1,0.2049,1347.199701
2026-09-15T10:35:07.152Z,AVAX,0.9509,10230,7.522,1347.199701
2026-09-15T10:35:07.152Z,DOT,1.4101,1358,0.994,1347.199701
2026-09-15T10:35:07.152Z,LINK,1.2735,15510,11.368,1347.199701
2026-09-15T10:35:07.152Z,POL,-0.7881,128.9,0.09644,1347.199701
2026-09-15T10:35:07.152Z,DOGE,1.2282,112.7,0.08264,1347.199701
2026-09-15T10:35:07.152Z,TRX,1.3945,462.4,0.33851,1347.199701
2026-09-15T10:35:07.152Z,XLM,1.3783,265,0.19403,1347.199701
2026-09-15T10:35:07.152Z,SHIB,2.1949,0.0071,5.157e-06,1347.199701
2026-09-15T10:35:07.152Z,BCH,1.788,304700,222.2,1347.199701
2026-09-15T10:35:07.152Z,UNI,0.7883,9020,6.643,1347.199701
2026-09-15T10:35:07.152Z,AAVE,-0.6907,170100,127.14,1347.199701
2026-09-15T10:35:07.152Z,SUSHI,2.6536,293.6,0.2123,1347.199701
2026-09-15T10:35:07.152Z,LDO,2.3188,491,0.3562,1347.199701
2026-09-15T10:35:07.152Z,ICP,1.071,3513,2.58,1347.199701
2026-09-15T10:35:07.152Z,NEAR,1.6946,3273,2.389,1347.199701
2026-09-15T10:35:07.152Z,HBAR,1.1939,105.3,0.07724,1347.199701
2026-09-15T10:35:07.152Z,XTZ,10.8453,390.5,0.2615,1347.199701
2026-09-15T10:35:07.152Z,DYDX,3.4446,154.3,0.11072,1347.199701
2026-09-15T10:35:07.152Z,ARB,1.0723,183.4,0.13469,1347.199701
2026-09-15T10:35:07.152Z,GMX,3.3619,10200,7.325,1347.199701
2026-09-15T10:35:07.152Z,IMX,-0.538,163.3,0.12187,1347.199701
2026-09-15T10:35:07.152Z,INJ,-25.3379,6020,5.985,1347.199701
2026-09-15T10:35:07.152Z,GRT,7.8581,25.85,0.01779,1347.199701
2026-09-15T10:35:07.152Z,SUI,1.2571,968.4,0.7099,1347.199701
2026-09-15T10:35:07.152Z,HYPE,0.5295,107400,79.301,1347.199701
2026-09-15T10:40:06.885Z,BTC,1.3786,105026000,76898.6,1347.199701
2026-09-15T10:40:06.885Z,ETH,1.2787,3376000,2474.3,1347.199701
2026-09-15T10:40:06.885Z,SOL,1.2937,137500,100.76,1347.199701
2026-09-15T10:40:06.885Z,BNB,0.9803,976500,717.8,1347.199701
2026-09-15T10:40:06.885Z,XRP,1.2562,1908,1.3987,1347.199701
2026-09-15T10:40:06.885Z,ADA,1.5695,280.1,0.2047,1347.199701
2026-09-15T10:40:06.885Z,AVAX,1.0988,10230,7.511,1347.199701
2026-09-15T10:40:06.885Z,DOT,1.4612,1358,0.9935,1347.199701
2026-09-15T10:40:06.885Z,LINK,1.2913,15510,11.366,1347.199701
2026-09-15T10:40:06.885Z,POL,-0.8703,128.9,0.09652,1347.199701
2026-09-15T10:40:06.885Z,DOGE,1.265,112.7,0.08261,1347.199701
2026-09-15T10:40:06.885Z,TRX,1.4194,462.5,0.3385,1347.199701
2026-09-15T10:40:06.885Z,XLM,1.1801,265,0.19441,1347.199701
2026-09-15T10:40:06.885Z,SHIB,2.1355,0.0071,5.16e-06,1347.199701
2026-09-15T10:40:06.885Z,BCH,1.8338,304700,222.1,1347.199701
2026-09-15T10:40:06.885Z,UNI,0.516,9020,6.661,1347.199701
2026-09-15T10:40:06.885Z,AAVE,-0.7375,170100,127.2,1347.199701
2026-09-15T10:40:06.885Z,SUSHI,2.6536,293.6,0.2123,1347.199701
2026-09-15T10:40:06.885Z,LDO,2.3476,491,0.3561,1347.199701
2026-09-15T10:40:06.885Z,ICP,1.1494,3513,2.578,1347.199701
2026-09-15T10:40:06.885Z,NEAR,1.8652,3273,2.385,1347.199701
2026-09-15T10:40:06.885Z,HBAR,1.1808,105.3,0.07725,1347.199701
2026-09-15T10:40:06.885Z,XTZ,10.8877,390.5,0.2614,1347.199701
2026-09-15T10:40:06.885Z,DYDX,3.5849,154.3,0.11057,1347.199701
2026-09-15T10:40:06.885Z,ARB,1.2075,183.4,0.13451,1347.199701
2026-09-15T10:40:06.885Z,GMX,3.4467,10200,7.319,1347.199701
2026-09-15T10:40:06.885Z,IMX,-0.4154,163.3,0.12172,1347.199701
2026-09-15T10:40:06.885Z,INJ,-25.3877,6020,5.989,1347.199701
2026-09-15T10:40:06.885Z,GRT,7.9187,25.85,0.01778,1347.199701
2026-09-15T10:40:06.885Z,SUI,1.4045,969.4,0.7096,1347.199701
2026-09-15T10:40:06.885Z,HYPE,0.4599,107400,79.356,1347.199701
2026-09-15T10:45:07.108Z,BTC,1.2482,105070000,77029.9,1347.199701
2026-09-15T10:45:07.108Z,ETH,1.1279,3376000,2477.99,1347.199701
2026-09-15T10:45:07.108Z,SOL,1.1732,137500,100.88,1347.199701
2026-09-15T10:45:07.108Z,BNB,0.7838,976500,719.2,1347.199701
2026-09-15T10:45:07.108Z,XRP,1.2923,1911,1.4004,1347.199701
2026-09-15T10:45:07.108Z,ADA,1.3714,280.1,0.2051,1347.199701
2026-09-15T10:45:07.108Z,AVAX,1.0181,10230,7.517,1347.199701
2026-09-15T10:45:07.108Z,DOT,1.3184,1358,0.9949,1347.199701
2026-09-15T10:45:07.108Z,LINK,1.1134,15510,11.386,1347.199701
2026-09-15T10:45:07.108Z,POL,-0.9729,128.9,0.09662,1347.199701
2026-09-15T10:45:07.108Z,DOGE,1.1059,112.7,0.08274,1347.199701
2026-09-15T10:45:07.108Z,TRX,1.3954,462.5,0.33858,1347.199701
2026-09-15T10:45:07.108Z,XLM,1.3297,264.6,0.19383,1347.199701
2026-09-15T10:45:07.108Z,SHIB,2.0959,0.0071,5.162e-06,1347.199701
2026-09-15T10:45:07.108Z,BCH,1.788,304700,222.2,1347.199701
2026-09-15T10:45:07.108Z,UNI,1.1245,9140,6.709,1347.199701
2026-09-15T10:45:07.108Z,AAVE,-0.9711,170100,127.5,1347.199701
2026-09-15T10:45:07.108Z,SUSHI,2.4605,293.6,0.2127,1347.199701
2026-09-15T10:45:07.108Z,LDO,2.1468,491,0.3568,1347.199701
2026-09-15T10:45:07.108Z,ICP,1.0318,3513,2.581,1347.199701
2026-09-15T10:45:07.108Z,NEAR,1.4822,3273,2.394,1347.199701
2026-09-15T10:45:07.108Z,HBAR,1.0499,105.3,0.07735,1347.199701
2026-09-15T10:45:07.108Z,XTZ,10.8453,390.5,0.2615,1347.199701
2026-09-15T10:45:07.108Z,DYDX,3.482,154.3,0.11068,1347.199701
2026-09-15T10:45:07.108Z,ARB,1.0123,183.4,0.13477,1347.199701
2026-09-15T10:45:07.108Z,GMX,3.4749,10200,7.317,1347.199701
2026-09-15T10:45:07.108Z,IMX,-0.4808,163.3,0.1218,1347.199701
2026-09-15T10:45:07.108Z,INJ,-25.4624,6020,5.995,1347.199701
2026-09-15T10:45:07.108Z,GRT,7.6765,25.85,0.01782,1347.199701
2026-09-15T10:45:07.108Z,SUI,1.2904,969.4,0.7104,1347.199701
2026-09-15T10:45:07.108Z,HYPE,0.4168,107400,79.39,1347.199701
2026-09-15T10:50:06.851Z,BTC,1.2736,105200000,77105.9,1347.199701
2026-09-15T10:50:06.851Z,ETH,1.3182,3389000,2482.86,1347.199701
2026-09-15T10:50:06.851Z,SOL,1.0965,137600,101.03,1347.199701
2026-09-15T10:50:06.851Z,BNB,0.7698,976500,719.3,1347.199701
2026-09-15T10:50:06.851Z,XRP,1.2706,1914,1.4029,1347.199701
2026-09-15T10:50:06.851Z,ADA,1.3582,280.2,0.2052,1347.199701
2026-09-15T10:50:06.851Z,AVAX,1.0046,10230,7.518,1347.199701
2026-09-15T10:50:06.851Z,DOT,1.3592,1358,0.9945,1347.199701
2026-09-15T10:50:06.851Z,LINK,1.0779,15510,11.39,1347.199701
2026-09-15T10:50:06.851Z,POL,-1.0242,128.9,0.09667,1347.199701
2026-09-15T10:50:06.851Z,DOGE,1.0204,112.7,0.08281,1347.199701
2026-09-15T10:50:06.851Z,TRX,1.3805,462.5,0.33863,1347.199701
2026-09-15T10:50:06.851Z,XLM,1.0794,264.6,0.19431,1347.199701
2026-09-15T10:50:06.851Z,SHIB,2.0761,0.0071,5.163e-06,1347.199701
2026-09-15T10:50:06.851Z,BCH,1.7422,304700,222.3,1347.199701
2026-09-15T10:50:06.851Z,UNI,1.3814,9140,6.692,1347.199701
2026-09-15T10:50:06.851Z,AAVE,-1.0797,170100,127.64,1347.199701
2026-09-15T10:50:06.851Z,SUSHI,2.5087,293.6,0.2126,1347.199701
2026-09-15T10:50:06.851Z,LDO,2.061,491,0.3571,1347.199701
2026-09-15T10:50:06.851Z,ICP,1.1494,3513,2.578,1347.199701
2026-09-15T10:50:06.851Z,NEAR,1.5246,3273,2.393,1347.199701
2026-09-15T10:50:06.851Z,HBAR,0.8414,105.3,0.07751,1347.199701
2026-09-15T10:50:06.851Z,XTZ,10.7183,390.5,0.2618,1347.199701
2026-09-15T10:50:06.851Z,DYDX,3.8762,154.3,0.11026,1347.199701
2026-09-15T10:50:06.851Z,ARB,0.9823,183.4,0.13481,1347.199701
2026-09-15T10:50:06.851Z,GMX,3.221,10200,7.335,1347.199701
2026-09-15T10:50:06.851Z,IMX,-0.538,163.3,0.12187,1347.199701
2026-09-15T10:50:06.851Z,INJ,-25.4873,6020,5.997,1347.199701
2026-09-15T10:50:06.851Z,GRT,7.6161,25.85,0.01783,1347.199701
2026-09-15T10:50:06.851Z,SUI,1.2049,969.4,0.711,1347.199701
2026-09-15T10:50:06.851Z,HYPE,0.3221,107400,79.465,1347.199701
2026-09-15T10:55:06.892Z,BTC,1.2684,105027000,76983,1347.199701
2026-09-15T10:55:06.892Z,ETH,1.2721,3386000,2481.79,1347.199701
2026-09-15T10:55:06.892Z,SOL,1.394,137800,100.88,1347.199701
2026-09-15T10:55:06.892Z,BNB,0.7557,976500,719.4,1347.199701
2026-09-15T10:55:06.892Z,XRP,1.3188,1913,1.4015,1347.199701
2026-09-15T10:55:06.892Z,ADA,1.4571,280.2,0.205,1347.199701
2026-09-15T10:55:06.892Z,AVAX,1.0315,10230,7.516,1347.199701
2026-09-15T10:55:06.892Z,DOT,1.451,1358,0.9936,1347.199701
2026-09-15T10:55:06.892Z,LINK,1.2112,15510,11.375,1347.199701
2026-09-15T10:55:06.892Z,POL,-0.9422,128.9,0.09659,1347.199701
2026-09-15T10:55:06.892Z,DOGE,1.322,112.9,0.08271,1347.199701
2026-09-15T10:55:06.892Z,TRX,1.4164,462.5,0.33851,1347.199701
2026-09-15T10:55:06.892Z,XLM,1.1492,265.9,0.19513,1347.199701
2026-09-15T10:55:06.892Z,SHIB,2.1553,0.0071,5.159e-06,1347.199701
2026-09-15T10:55:06.892Z,BCH,1.9256,304700,221.9,1347.199701
2026-09-15T10:55:06.892Z,UNI,1.1949,9145,6.708,1347.199701
2026-09-15T10:55:06.892Z,AAVE,-1.0952,170100,127.66,1347.199701
2026-09-15T10:55:06.892Z,SUSHI,2.1244,293.6,0.2134,1347.199701
2026-09-15T10:55:06.892Z,LDO,2.1468,491,0.3568,1347.199701
2026-09-15T10:55:06.892Z,ICP,1.1494,3513,2.578,1347.199701
2026-09-15T10:55:06.892Z,NEAR,1.6095,3273,2.391,1347.199701
2026-09-15T10:55:06.892Z,HBAR,0.6984,105.3,0.07762,1347.199701
2026-09-15T10:55:06.892Z,XTZ,10.7606,390.5,0.2617,1347.199701
2026-09-15T10:55:06.892Z,DYDX,3.7163,154.3,0.11043,1347.199701
2026-09-15T10:55:06.892Z,ARB,1.0123,183.4,0.13477,1347.199701
2026-09-15T10:55:06.892Z,GMX,3.376,10200,7.324,1347.199701
2026-09-15T10:55:06.892Z,IMX,-0.5543,163.3,0.12189,1347.199701
2026-09-15T10:55:06.892Z,INJ,-25.3753,6020,5.988,1347.199701
2026-09-15T10:55:06.892Z,GRT,7.6765,25.85,0.01782,1347.199701
2026-09-15T10:55:06.892Z,SUI,1.3331,969.4,0.7101,1347.199701
2026-09-15T10:55:06.892Z,HYPE,0.3953,107400,79.407,1347.199701
2026-09-15T11:00:07.114Z,BTC,1.294,105100000,77017.1,1347.199701
2026-09-15T11:00:07.114Z,ETH,1.2428,3386000,2482.51,1347.199701
2026-09-15T11:00:07.114Z,SOL,1.3104,137700,100.89,1347.199701
2026-09-15T11:00:07.114Z,BNB,0.7978,976500,719.1,1347.199701
2026-09-15T11:00:07.114Z,XRP,1.4175,1915,1.4016,1347.199701
2026-09-15T11:00:07.114Z,ADA,1.3582,280.2,0.2052,1347.199701
2026-09-15T11:00:07.114Z,AVAX,1.0181,10230,7.517,1347.199701
2026-09-15T11:00:07.114Z,DOT,1.502,1358,0.9931,1347.199701
2026-09-15T11:00:07.114Z,LINK,1.1845,15510,11.378,1347.199701
2026-09-15T11:00:07.114Z,POL,-0.9524,128.9,0.0966,1347.199701
2026-09-15T11:00:07.114Z,DOGE,1.2975,112.9,0.08273,1347.199701
2026-09-15T11:00:07.114Z,TRX,1.3835,462.5,0.33862,1347.199701
2026-09-15T11:00:07.114Z,XLM,1.1283,265.6,0.19495,1347.199701
2026-09-15T11:00:07.114Z,SHIB,2.0761,0.0071,5.163e-06,1347.199701
2026-09-15T11:00:07.114Z,BCH,1.8797,304700,222,1347.199701
2026-09-15T11:00:07.114Z,UNI,0.9541,9145,6.724,1347.199701
2026-09-15T11:00:07.114Z,AAVE,-1.0642,170100,127.62,1347.199701
2026-09-15T11:00:07.114Z,SUSHI,2.1244,293.6,0.2134,1347.199701
2026-09-15T11:00:07.114Z,LDO,2.061,491,0.3571,1347.199701
2026-09-15T11:00:07.114Z,ICP,1.1886,3513,2.577,1347.199701
2026-09-15T11:00:07.114Z,NEAR,1.7372,3273,2.388,1347.199701
2026-09-15T11:00:07.114Z,HBAR,0.6855,105.3,0.07763,1347.199701
2026-09-15T11:00:07.114Z,XTZ,10.8453,390.5,0.2615,1347.199701
2026-09-15T11:00:07.114Z,DYDX,3.7915,154.3,0.11035,1347.199701
2026-09-15T11:00:07.114Z,ARB,1.3844,185.1,0.13552,1347.199701
2026-09-15T11:00:07.114Z,GMX,3.221,10200,7.335,1347.199701
2026-09-15T11:00:07.114Z,IMX,-0.5461,163.3,0.12188,1347.199701
2026-09-15T11:00:07.114Z,INJ,-25.4624,6020,5.995,1347.199701
2026-09-15T11:00:07.114Z,GRT,7.6161,25.85,0.01783,1347.199701
2026-09-15T11:00:07.114Z,SUI,1.2761,969.4,0.7105,1347.199701
2026-09-15T11:00:07.114Z,HYPE,0.3903,107400,79.411,1347.199701
2026-09-15T11:05:06.929Z,BTC,1.3465,105231000,77073.1,1347.199701
2026-09-15T11:05:06.929Z,ETH,1.3265,3391000,2484.12,1347.199701
2026-09-15T11:05:06.929Z,SOL,1.3606,137700,100.84,1347.199701
2026-09-15T11:05:06.929Z,BNB,0.7698,976500,719.3,1347.199701
2026-09-15T11:05:06.929Z,XRP,1.3885,1915,1.402,1347.199701
2026-09-15T11:05:06.929Z,ADA,1.3088,280.2,0.2053,1347.199701
2026-09-15T11:05:06.929Z,AVAX,0.9375,10230,7.523,1347.199701
2026-09-15T11:05:06.929Z,DOT,1.5532,1358,0.9926,1347.199701
2026-09-15T11:05:06.929Z,LINK,1.1578,15510,11.381,1347.199701
2026-09-15T11:05:06.929Z,POL,-0.9832,128.9,0.09663,1347.199701
2026-09-15T11:05:06.929Z,DOGE,1.1997,112.9,0.08281,1347.199701
2026-09-15T11:05:06.929Z,TRX,1.3775,462.5,0.33864,1347.199701
2026-09-15T11:05:06.929Z,XLM,1.279,265.6,0.19466,1347.199701
2026-09-15T11:05:06.929Z,SHIB,0.6384,0.007,5.163e-06,1347.199701
2026-09-15T11:05:06.929Z,BCH,1.9256,304700,221.9,1347.199701
2026-09-15T11:05:06.929Z,UNI,0.7444,9145,6.738,1347.199701
2026-09-15T11:05:06.929Z,AAVE,-0.9788,170100,127.51,1347.199701
2026-09-15T11:05:06.929Z,SUSHI,2.2682,293.6,0.2131,1347.199701
2026-09-15T11:05:06.929Z,LDO,2.0896,491,0.357,1347.199701
2026-09-15T11:05:06.929Z,ICP,1.1102,3513,2.579,1347.199701
2026-09-15T11:05:06.929Z,NEAR,1.7372,3273,2.388,1347.199701
2026-09-15T11:05:06.929Z,HBAR,0.8674,105.3,0.07749,1347.199701
2026-09-15T11:05:06.929Z,XTZ,11.1428,390.5,0.2608,1347.199701
2026-09-15T11:05:06.929Z,DYDX,3.8856,154.3,0.11025,1347.199701
2026-09-15T11:05:06.929Z,ARB,1.4742,185.1,0.1354,1347.199701
2026-09-15T11:05:06.929Z,GMX,3.3337,10200,7.327,1347.199701
2026-09-15T11:05:06.929Z,IMX,-0.4726,163.3,0.12179,1347.199701
2026-09-15T11:05:06.929Z,INJ,-25.5245,6020,6,1347.199701
2026-09-15T11:05:06.929Z,GRT,7.6161,25.85,0.01783,1347.199701
2026-09-15T11:05:06.929Z,SUI,1.2904,969.4,0.7104,1347.199701
2026-09-15T11:05:06.929Z,HYPE,0.5384,107400,79.294,1347.199701
2026-09-15T11:10:06.880Z,BTC,1.2844,105287000,77161.4,1347.199701
2026-09-15T11:10:06.880Z,ETH,1.2897,3393000,2486.49,1347.199701
2026-09-15T11:10:06.880Z,SOL,1.3538,137800,100.92,1347.199701
2026-09-15T11:10:06.880Z,BNB,0.6578,976500,720.1,1347.199701
2026-09-15T11:10:06.880Z,XRP,1.2994,1914,1.4025,1347.199701
2026-09-15T11:10:06.880Z,ADA,1.0757,280.1,0.2057,1347.199701
2026-09-15T11:10:06.880Z,AVAX,0.8705,10230,7.528,1347.199701
2026-09-15T11:10:06.880Z,DOT,1.3592,1358,0.9945,1347.199701
2026-09-15T11:10:06.880Z,LINK,1.0721,15520,11.398,1347.199701
2026-09-15T11:10:06.880Z,POL,-1.2693,128.9,0.09691,1347.199701
2026-09-15T11:10:06.880Z,DOGE,1.3056,113.1,0.08287,1347.199701
2026-09-15T11:10:06.880Z,TRX,1.4464,462.5,0.33841,1347.199701
2026-09-15T11:10:06.880Z,XLM,1.1889,265.8,0.19498,1347.199701
2026-09-15T11:10:06.880Z,SHIB,1.9379,0.0071,5.17e-06,1347.199701
2026-09-15T11:10:06.880Z,BCH,1.8338,304700,222.1,1347.199701
2026-09-15T11:10:06.880Z,UNI,0.9816,9240,6.792,1347.199701
2026-09-15T11:10:06.880Z,AAVE,-1.2499,170100,127.86,1347.199701
2026-09-15T11:10:06.880Z,SUSHI,2.2202,293.6,0.2132,1347.199701
2026-09-15T11:10:06.880Z,LDO,1.8613,491,0.3578,1347.199701
2026-09-15T11:10:06.880Z,ICP,1.1494,3513,2.578,1347.199701
2026-09-15T11:10:06.880Z,NEAR,1.1863,3273,2.401,1347.199701
2026-09-15T11:10:06.880Z,HBAR,0.6855,105.3,0.07763,1347.199701
2026-09-15T11:10:06.880Z,XTZ,11.3136,390.5,0.2604,1347.199701
2026-09-15T11:10:06.880Z,DYDX,3.8103,154.3,0.11033,1347.199701
2026-09-15T11:10:06.880Z,ARB,1.0488,185.1,0.13597,1347.199701
2026-09-15T11:10:06.880Z,GMX,3.3196,10200,7.328,1347.199701
2026-09-15T11:10:06.880Z,IMX,-0.6765,163.3,0.12204,1347.199701
2026-09-15T11:10:06.880Z,INJ,-25.6237,6020,6.008,1347.199701
2026-09-15T11:10:06.880Z,GRT,7.4353,25.85,0.01786,1347.199701
2026-09-15T11:10:06.880Z,SUI,1.3186,972.4,0.7124,1347.199701
2026-09-15T11:10:06.880Z,HYPE,0.3019,107400,79.481,1347.199701
2026-09-15T11:15:06.904Z,BTC,1.3116,105090000,76996.4,1347.199701
2026-09-15T11:15:06.904Z,ETH,1.3036,3386000,2481.02,1347.199701
2026-09-15T11:15:06.904Z,SOL,1.431,137700,100.77,1347.199701
2026-09-15T11:15:06.904Z,BNB,0.8258,976500,718.9,1347.199701
2026-09-15T11:15:06.904Z,XRP,1.3285,1911,1.3999,1347.199701
2026-09-15T11:15:06.904Z,ADA,1.1741,280.1,0.2055,1347.199701
2026-09-15T11:15:06.904Z,AVAX,1.0988,10230,7.511,1347.199701
2026-09-15T11:15:06.904Z,DOT,1.6351,1358,0.9918,1347.199701
2026-09-15T11:15:06.904Z,LINK,1.2141,15520,11.382,1347.199701
2026-09-15T11:15:06.904Z,POL,-1.2693,128.9,0.09691,1347.199701
2026-09-15T11:15:06.904Z,DOGE,1.4363,113,0.08269,1347.199701
2026-09-15T11:15:06.904Z,TRX,1.4794,462.5,0.3383,1347.199701
2026-09-15T11:15:06.904Z,XLM,1.3986,265.9,0.19465,1347.199701
2026-09-15T11:15:06.904Z,SHIB,2.0959,0.0071,5.162e-06,1347.199701
2026-09-15T11:15:06.904Z,BCH,1.0558,302100,221.9,1347.199701
2026-09-15T11:15:06.904Z,UNI,1.3889,9280,6.794,1347.199701
2026-09-15T11:15:06.904Z,AAVE,-1.0409,170100,127.59,1347.199701
2026-09-15T11:15:06.904Z,SUSHI,2.3162,293.6,0.213,1347.199701
2026-09-15T11:15:06.904Z,LDO,2.0324,491,0.3572,1347.199701
2026-09-15T11:15:06.904Z,ICP,1.4672,3509,2.567,1347.199701
2026-09-15T11:15:06.904Z,NEAR,1.5246,3273,2.393,1347.199701
2026-09-15T11:15:06.904Z,HBAR,0.9716,105.3,0.07741,1347.199701
2026-09-15T11:15:06.904Z,XTZ,11.4848,390.5,0.26,1347.199701
2026-09-15T11:15:06.904Z,DYDX,3.8385,154.3,0.1103,1347.199701
2026-09-15T11:15:06.904Z,ARB,1.3716,185.5,0.13583,1347.199701
2026-09-15T11:15:06.904Z,GMX,3.6307,10200,7.306,1347.199701
2026-09-15T11:15:06.904Z,IMX,-0.3581,163.3,0.12165,1347.199701
2026-09-15T11:15:06.904Z,INJ,-25.4375,6020,5.993,1347.199701
2026-09-15T11:15:06.904Z,GRT,7.6765,25.85,0.01782,1347.199701
2026-09-15T11:15:06.904Z,SUI,1.4889,971.3,0.7104,1347.199701
2026-09-15T11:15:06.904Z,HYPE,0.6247,107400,79.226,1347.199701
2026-09-15T11:20:07.281Z,BTC,1.3036,105120000,77024.4,1347.199701
2026-09-15T11:20:07.281Z,ETH,1.2993,3388000,2482.59,1347.199701
2026-09-15T11:20:07.281Z,SOL,1.2402,137400,100.74,1347.199701
2026-09-15T11:20:07.281Z,BNB,0.8399,976500,718.8,1347.199701
2026-09-15T11:20:07.281Z,XRP,1.2948,1909,1.3989,1347.199701
2026-09-15T11:20:07.281Z,ADA,1.2727,280.1,0.2053,1347.199701
2026-09-15T11:20:07.281Z,AVAX,1.1257,10230,7.509,1347.199701
2026-09-15T11:20:07.281Z,DOT,1.789,1358,0.9903,1347.199701
2026-09-15T11:20:07.281Z,LINK,1.3031,15520,11.372,1347.199701
2026-09-15T11:20:07.281Z,POL,-1.5233,128.9,0.09716,1347.199701
2026-09-15T11:20:07.281Z,DOGE,1.3343,112.9,0.0827,1347.199701
2026-09-15T11:20:07.281Z,TRX,1.4974,462.5,0.33824,1347.199701
2026-09-15T11:20:07.281Z,XLM,1.4182,265.2,0.1941,1347.199701
2026-09-15T11:20:07.281Z,SHIB,2.1355,0.0071,5.16e-06,1347.199701
2026-09-15T11:20:07.281Z,BCH,1.0558,302100,221.9,1347.199701
2026-09-15T11:20:07.281Z,UNI,1.5833,9280,6.781,1347.199701
2026-09-15T11:20:07.281Z,AAVE,-1.0719,170100,127.63,1347.199701
2026-09-15T11:20:07.281Z,SUSHI,2.3162,293.6,0.213,1347.199701
2026-09-15T11:20:07.281Z,LDO,1.9753,491,0.3574,1347.199701
2026-09-15T11:20:07.281Z,ICP,1.6255,3509,2.563,1347.199701
2026-09-15T11:20:07.281Z,NEAR,1.5246,3273,2.393,1347.199701
2026-09-15T11:20:07.281Z,HBAR,0.9716,105.3,0.07741,1347.199701
2026-09-15T11:20:07.281Z,XTZ,11.7427,390.5,0.2594,1347.199701
2026-09-15T11:20:07.281Z,DYDX,3.8197,154.3,0.11032,1347.199701
2026-09-15T11:20:07.281Z,ARB,1.4486,185.6,0.1358,1347.199701
2026-09-15T11:20:07.281Z,GMX,3.4891,10200,7.316,1347.199701
2026-09-15T11:20:07.281Z,IMX,-0.4072,163.3,0.12171,1347.199701
2026-09-15T11:20:07.281Z,INJ,-25.4251,6020,5.992,1347.199701
2026-09-15T11:20:07.281Z,GRT,7.6765,25.85,0.01782,1347.199701
2026-09-15T11:20:07.281Z,SUI,1.3589,969.1,0.7097,1347.199701
2026-09-15T11:20:07.281Z,HYPE,0.6552,107400,79.202,1347.199701
2026-09-15T11:25:06.871Z,BTC,1.2562,104952000,76937.3,1347.199701
2026-09-15T11:25:06.871Z,ETH,1.2803,3383000,2479.39,1347.199701
2026-09-15T11:25:06.871Z,SOL,1.2033,137200,100.63,1347.199701
2026-09-15T11:25:06.871Z,BNB,0.9803,976500,717.8,1347.199701
2026-09-15T11:25:06.871Z,XRP,1.2732,1906,1.397,1347.199701
2026-09-15T11:25:06.871Z,ADA,1.2662,279.4,0.2048,1347.199701
2026-09-15T11:25:06.871Z,AVAX,1.4364,10230,7.486,1347.199701
2026-09-15T11:25:06.871Z,DOT,1.9125,1358,0.9891,1347.199701
2026-09-15T11:25:06.871Z,LINK,1.2498,15490,11.356,1347.199701
2026-09-15T11:25:06.871Z,POL,-1.4929,128.9,0.09713,1347.199701
2026-09-15T11:25:06.871Z,DOGE,1.4815,112.9,0.08258,1347.199701
2026-09-15T11:25:06.871Z,TRX,1.4794,462.5,0.3383,1347.199701
2026-09-15T11:25:06.871Z,XLM,1.443,264.8,0.19376,1347.199701
2026-09-15T11:25:06.871Z,SHIB,2.3537,0.0071,5.149e-06,1347.199701
2026-09-15T11:25:06.871Z,BCH,1.3298,302100,221.3,1347.199701
2026-09-15T11:25:06.871Z,UNI,2.5207,9280,6.719,1347.199701
2026-09-15T11:25:06.871Z,AAVE,-0.7453,170100,127.21,1347.199701
2026-09-15T11:25:06.871Z,SUSHI,2.7988,293.6,0.212,1347.199701
2026-09-15T11:25:06.871Z,LDO,2.3476,491,0.3561,1347.199701
2026-09-15T11:25:06.871Z,ICP,1.7446,3509,2.56,1347.199701
2026-09-15T11:25:06.871Z,NEAR,1.5292,3254,2.379,1347.199701
2026-09-15T11:25:06.871Z,HBAR,1.2594,105.3,0.07719,1347.199701
2026-09-15T11:25:06.871Z,XTZ,12.045,390.5,0.2587,1347.199701
2026-09-15T11:25:06.871Z,DYDX,4.0839,154.3,0.11004,1347.199701
2026-09-15T11:25:06.871Z,ARB,2.0196,185.6,0.13504,1347.199701
2026-09-15T11:25:06.871Z,GMX,3.6307,10200,7.306,1347.199701
2026-09-15T11:25:06.871Z,IMX,0.0697,163.3,0.12113,1347.199701
2026-09-15T11:25:06.871Z,INJ,-24.9995,6020,5.958,1347.199701
2026-09-15T11:25:06.871Z,GRT,7.9795,25.85,0.01777,1347.199701
2026-09-15T11:25:06.871Z,SUI,1.6453,969.1,0.7077,1347.199701
2026-09-15T11:25:06.871Z,HYPE,0.8296,107400,79.065,1347.199701
2026-09-15T11:30:06.885Z,BTC,1.2378,104970000,76964.5,1347.199701
2026-09-15T11:30:06.885Z,ETH,1.228,3382000,2479.94,1347.199701
2026-09-15T11:30:06.885Z,SOL,1.1932,137200,100.64,1347.199701
2026-09-15T11:30:06.885Z,BNB,0.9803,976500,717.8,1347.199701
2026-09-15T11:30:06.885Z,XRP,1.2466,1907,1.3981,1347.199701
2026-09-15T11:30:06.885Z,ADA,1.2696,279,0.2045,1347.199701
2026-09-15T11:30:06.885Z,AVAX,1.5449,10230,7.478,1347.199701
2026-09-15T11:30:06.885Z,DOT,1.7582,1358,0.9906,1347.199701
2026-09-15T11:30:06.885Z,LINK,1.2944,15490,11.351,1347.199701
2026-09-15T11:30:06.885Z,POL,-1.8768,128.9,0.09751,1347.199701
2026-09-15T11:30:06.885Z,DOGE,1.5553,112.9,0.08252,1347.199701
2026-09-15T11:30:06.885Z,TRX,1.4464,462.5,0.33841,1347.199701
2026-09-15T11:30:06.885Z,XLM,1.2358,263.1,0.19291,1347.199701
2026-09-15T11:30:06.885Z,SHIB,2.4731,0.0071,5.143e-06,1347.199701
2026-09-15T11:30:06.885Z,BCH,1.3298,302100,221.3,1347.199701
2026-09-15T11:30:06.885Z,UNI,2.3835,9280,6.728,1347.199701
2026-09-15T11:30:06.885Z,AAVE,-0.675,170100,127.12,1347.199701
2026-09-15T11:30:06.885Z,SUSHI,2.8474,293.6,0.2119,1347.199701
2026-09-15T11:30:06.885Z,LDO,2.578,491,0.3553,1347.199701
2026-09-15T11:30:06.885Z,ICP,1.7446,3509,2.56,1347.199701
2026-09-15T11:30:06.885Z,NEAR,2.0009,3254,2.368,1347.199701
2026-09-15T11:30:06.885Z,HBAR,1.4961,105.3,0.07701,1347.199701
2026-09-15T11:30:06.885Z,XTZ,11.8721,390.5,0.2591,1347.199701
2026-09-15T11:30:06.885Z,DYDX,4.1312,154.3,0.10999,1347.199701
2026-09-15T11:30:06.885Z,ARB,1.8838,185.6,0.13522,1347.199701
2026-09-15T11:30:06.885Z,GMX,3.9865,10200,7.281,1347.199701
2026-09-15T11:30:06.885Z,IMX,0.1772,163.3,0.121,1347.199701
2026-09-15T11:30:06.885Z,INJ,-24.7596,6020,5.939,1347.199701
2026-09-15T11:30:06.885Z,GRT,8.1011,25.85,0.01775,1347.199701
2026-09-15T11:30:06.885Z,SUI,1.6884,969.1,0.7074,1347.199701
2026-09-15T11:30:06.885Z,HYPE,0.827,107400,79.067,1347.199701
2026-09-15T11:35:06.909Z,BTC,1.2336,104865000,76890.7,1347.199701
2026-09-15T11:35:06.909Z,ETH,1.2307,3375000,2474.74,1347.199701
2026-09-15T11:35:06.909Z,SOL,1.2469,137000,100.44,1347.199701
2026-09-15T11:35:06.909Z,BNB,1.347,979500,717.4,1347.199701
2026-09-15T11:35:06.909Z,XRP,1.2249,1901,1.394,1347.199701
2026-09-15T11:35:06.909Z,ADA,1.2433,277.7,0.2036,1347.199701
2026-09-15T11:35:06.909Z,AVAX,1.7627,10230,7.462,1347.199701
2026-09-15T11:35:06.909Z,DOT,2.1708,1358,0.9866,1347.199701
2026-09-15T11:35:06.909Z,LINK,1.518,15490,11.326,1347.199701
2026-09-15T11:35:06.909Z,POL,-1.2285,128.9,0.09687,1347.199701
2026-09-15T11:35:06.909Z,DOGE,1.3798,112.5,0.08237,1347.199701
2026-09-15T11:35:06.909Z,TRX,1.4794,462.5,0.3383,1347.199701
2026-09-15T11:35:06.909Z,XLM,1.4162,263.2,0.19264,1347.199701
2026-09-15T11:35:06.909Z,SHIB,1.1872,0.007,5.135e-06,1347.199701
2026-09-15T11:35:06.909Z,BCH,1.4215,302100,221.1,1347.199701
2026-09-15T11:35:06.909Z,UNI,1.6098,9125,6.666,1347.199701
2026-09-15T11:35:06.909Z,AAVE,-0.4165,170100,126.79,1347.199701
2026-09-15T11:35:06.909Z,SUSHI,2.9932,293.6,0.2116,1347.199701
2026-09-15T11:35:06.909Z,LDO,2.6936,491,0.3549,1347.199701
2026-09-15T11:35:06.909Z,ICP,1.8242,3509,2.558,1347.199701
2026-09-15T11:35:06.909Z,NEAR,2.26,3254,2.362,1347.199701
2026-09-15T11:35:06.909Z,HBAR,1.5884,105.3,0.07694,1347.199701
2026-09-15T11:35:06.909Z,XTZ,12.0017,390.5,0.2588,1347.199701
2026-09-15T11:35:06.909Z,DYDX,4.7502,154.3,0.10934,1347.199701
2026-09-15T11:35:06.909Z,ARB,1.548,184.4,0.13479,1347.199701
2026-09-15T11:35:06.909Z,GMX,4.2873,10200,7.26,1347.199701
2026-09-15T11:35:06.909Z,IMX,0.2849,163.3,0.12087,1347.199701
2026-09-15T11:35:06.909Z,INJ,-24.5309,6020,5.921,1347.199701
2026-09-15T11:35:06.909Z,GRT,8.4065,25.85,0.0177,1347.199701
2026-09-15T11:35:06.909Z,SUI,1.2478,961.9,0.7052,1347.199701
2026-09-15T11:35:06.909Z,HYPE,1.1854,107400,78.787,1347.199701
2026-09-15T11:40:06.893Z,BTC,1.1956,104812000,76880.7,1347.199701
2026-09-15T11:40:06.893Z,ETH,1.1121,3372000,2475.44,1347.199701
2026-09-15T11:40:06.893Z,SOL,1.2167,137000,100.47,1347.199701
2026-09-15T11:40:06.893Z,BNB,1.3188,979500,717.6,1347.199701
2026-09-15T11:40:06.893Z,XRP,1.1428,1903,1.3966,1347.199701
2026-09-15T11:40:06.893Z,ADA,1.1439,277.7,0.2038,1347.199701
2026-09-15T11:40:06.893Z,AVAX,1.7218,10230,7.465,1347.199701
2026-09-15T11:40:06.893Z,DOT,2.1501,1358,0.9868,1347.199701
2026-09-15T11:40:06.893Z,LINK,1.4016,15490,11.339,1347.199701
2026-09-15T11:40:06.893Z,POL,-1.1162,128.9,0.09676,1347.199701
2026-09-15T11:40:06.893Z,DOGE,1.1137,112.3,0.08244,1347.199701
2026-09-15T11:40:06.893Z,TRX,1.4764,462.5,0.33831,1347.199701
2026-09-15T11:40:06.893Z,XLM,1.3075,263.3,0.19292,1347.199701
2026-09-15T11:40:06.893Z,SHIB,1.2858,0.007,5.13e-06,1347.199701
2026-09-15T11:40:06.893Z,BCH,1.3756,302100,221.2,1347.199701
2026-09-15T11:40:06.893Z,UNI,1.3817,9125,6.681,1347.199701
2026-09-15T11:40:06.893Z,AAVE,-0.33,170100,126.68,1347.199701
2026-09-15T11:40:06.893Z,SUSHI,2.7504,293.6,0.2121,1347.199701
2026-09-15T11:40:06.893Z,LDO,2.4627,491,0.3557,1347.199701
2026-09-15T11:40:06.893Z,ICP,1.9038,3509,2.556,1347.199701
2026-09-15T11:40:06.893Z,NEAR,2.2167,3254,2.363,1347.199701
2026-09-15T11:40:06.893Z,HBAR,1.5356,105.3,0.07698,1347.199701
2026-09-15T11:40:06.893Z,XTZ,12.0017,390.5,0.2588,1347.199701
2026-09-15T11:40:06.893Z,DYDX,4.6545,154.3,0.10944,1347.199701
2026-09-15T11:40:06.893Z,ARB,1.3675,184.4,0.13503,1347.199701
2026-09-15T11:40:06.893Z,GMX,4.0723,10200,7.275,1347.199701
2026-09-15T11:40:06.893Z,IMX,0.111,163.3,0.12108,1347.199701
2026-09-15T11:40:06.893Z,INJ,-24.4543,6020,5.915,1347.199701
2026-09-15T11:40:06.893Z,GRT,8.2841,25.85,0.01772,1347.199701
2026-09-15T11:40:06.893Z,SUI,1.1188,961.9,0.7061,1347.199701
2026-09-15T11:40:06.893Z,HYPE,1.1058,107400,78.849,1347.199701
2026-09-15T11:45:07.269Z,BTC,1.1468,104764000,76882.6,1347.199701
2026-09-15T11:45:07.269Z,ETH,1.2293,3374000,2474.04,1347.199701
2026-09-15T11:45:07.269Z,SOL,1.1362,137000,100.55,1347.199701
2026-09-15T11:45:07.269Z,BNB,1.3188,979500,717.6,1347.199701
2026-09-15T11:45:07.269Z,XRP,1.1233,1901,1.3954,1347.199701
2026-09-15T11:45:07.269Z,ADA,1.2433,277.7,0.2036,1347.199701
2026-09-15T11:45:07.269Z,AVAX,-1.1751,9940,7.466,1347.199701
2026-09-15T11:45:07.269Z,DOT,1.9847,1358,0.9884,1347.199701
2026-09-15T11:45:07.269Z,LINK,1.3569,15490,11.344,1347.199701
2026-09-15T11:45:07.269Z,POL,-0.9217,128.9,0.09657,1347.199701
2026-09-15T11:45:07.269Z,DOGE,1.1259,112.3,0.08243,1347.199701
2026-09-15T11:45:07.269Z,TRX,1.4314,462.5,0.33846,1347.199701
2026-09-15T11:45:07.269Z,XLM,0.9332,262.3,0.1929,1347.199701
2026-09-15T11:45:07.269Z,SHIB,1.1872,0.007,5.135e-06,1347.199701
2026-09-15T11:45:07.269Z,BCH,1.3298,302100,221.3,1347.199701
2026-09-15T11:45:07.269Z,UNI,1.1697,9125,6.695,1347.199701
2026-09-15T11:45:07.269Z,AAVE,-0.4244,170100,126.8,1347.199701
2026-09-15T11:45:07.269Z,SUSHI,2.4605,293.6,0.2127,1347.199701
2026-09-15T11:45:07.269Z,LDO,2.4339,491,0.3558,1347.199701
2026-09-15T11:45:07.269Z,ICP,1.9836,3509,2.554,1347.199701
2026-09-15T11:45:07.269Z,NEAR,2.1303,3254,2.365,1347.199701
2026-09-15T11:45:07.269Z,HBAR,1.5447,105.2,0.0769,1347.199701
2026-09-15T11:45:07.269Z,XTZ,11.9585,390.5,0.2589,1347.199701
2026-09-15T11:45:07.269Z,DYDX,4.6258,154.3,0.10947,1347.199701
2026-09-15T11:45:07.269Z,ARB,1.3075,184.4,0.13511,1347.199701
2026-09-15T11:45:07.269Z,GMX,4.0723,10200,7.275,1347.199701
2026-09-15T11:45:07.269Z,IMX,0.0119,163.3,0.1212,1347.199701
2026-09-15T11:45:07.269Z,INJ,-24.3904,6020,5.91,1347.199701
2026-09-15T11:45:07.269Z,GRT,8.1621,25.85,0.01774,1347.199701
2026-09-15T11:45:07.269Z,SUI,1.1904,961.9,0.7056,1347.199701
2026-09-15T11:45:07.269Z,HYPE,1.5985,108000,78.905,1347.199701
2026-09-15T11:50:07.094Z,BTC,1.2187,104726000,76800.1,1347.199701
2026-09-15T11:50:07.094Z,ETH,1.2203,3371000,2472.06,1347.199701
2026-09-15T11:50:07.094Z,SOL,1.1362,137000,100.55,1347.199701
2026-09-15T11:50:07.094Z,BNB,1.347,979500,717.4,1347.199701
2026-09-15T11:50:07.094Z,XRP,1.1596,1901,1.3949,1347.199701
2026-09-15T11:50:07.094Z,ADA,1.293,277.7,0.2035,1347.199701
2026-09-15T11:50:07.094Z,AVAX,-1.0425,9940,7.456,1347.199701
2026-09-15T11:50:07.094Z,DOT,2.0777,1358,0.9875,1347.199701
2026-09-15T11:50:07.094Z,LINK,1.4642,15490,11.332,1347.199701
2026-09-15T11:50:07.094Z,POL,-0.7881,128.9,0.09644,1347.199701
2026-09-15T11:50:07.094Z,DOGE,1.2119,112.3,0.08236,1347.199701
2026-09-15T11:50:07.094Z,TRX,1.4614,462.5,0.33836,1347.199701
2026-09-15T11:50:07.094Z,XLM,1.1062,262.3,0.19257,1347.199701
2026-09-15T11:50:07.094Z,SHIB,1.2464,0.007,5.132e-06,1347.199701
2026-09-15T11:50:07.094Z,BCH,1.3756,302100,221.2,1347.199701
2026-09-15T11:50:07.094Z,UNI,1.5489,9125,6.67,1347.199701
2026-09-15T11:50:07.094Z,AAVE,-0.3851,170100,126.75,1347.199701
2026-09-15T11:50:07.094Z,SUSHI,2.557,293.6,0.2125,1347.199701
2026-09-15T11:50:07.094Z,LDO,2.4915,491,0.3556,1347.199701
2026-09-15T11:50:07.094Z,ICP,2.1436,3509,2.55,1347.199701
2026-09-15T11:50:07.094Z,NEAR,2.0871,3254,2.366,1347.199701
2026-09-15T11:50:07.094Z,HBAR,1.1718,104.8,0.07689,1347.199701
2026-09-15T11:50:07.094Z,XTZ,12.0884,390.5,0.2586,1347.199701
2026-09-15T11:50:07.094Z,DYDX,4.6736,154.3,0.10942,1347.199701
2026-09-15T11:50:07.094Z,ARB,1.4652,184.4,0.1349,1347.199701
2026-09-15T11:50:07.094Z,GMX,4.2586,10200,7.262,1347.199701
2026-09-15T11:50:07.094Z,IMX,-0.0376,163.3,0.12126,1347.199701
2026-09-15T11:50:07.094Z,INJ,-24.2237,6020,5.897,1347.199701
2026-09-15T11:50:07.094Z,GRT,8.2841,25.85,0.01772,1347.199701
2026-09-15T11:50:07.094Z,SUI,1.4555,963.6,0.705,1347.199701
2026-09-15T11:50:07.094Z,HYPE,1.1366,107400,78.825,1347.199701
2026-09-15T11:55:06.885Z,BTC,1.1438,104726000,76857,1347.199701
2026-09-15T11:55:06.885Z,ETH,1.1258,3371000,2474.37,1347.199701
2026-09-15T11:55:06.885Z,SOL,1.0156,137000,100.67,1347.199701
2026-09-15T11:55:06.885Z,BNB,1.2624,979500,718,1347.199701
2026-09-15T11:55:06.885Z,XRP,1.1597,1904,1.3971,1347.199701
2026-09-15T11:55:06.885Z,ADA,1.0447,277.7,0.204,1347.199701
2026-09-15T11:55:06.885Z,AVAX,-1.1354,9940,7.463,1347.199701
2026-09-15T11:55:06.885Z,DOT,1.9435,1358,0.9888,1347.199701
2026-09-15T11:55:06.885Z,LINK,1.2587,15490,11.355,1347.199701
2026-09-15T11:55:06.885Z,POL,-1.0344,128.9,0.09668,1347.199701
2026-09-15T11:55:06.885Z,DOGE,1.1505,112.3,0.08241,1347.199701
2026-09-15T11:55:06.885Z,TRX,1.3895,462.5,0.3386,1347.199701
2026-09-15T11:55:06.885Z,XLM,1.07,263.2,0.1933,1347.199701
2026-09-15T11:55:06.885Z,SHIB,1.1675,0.007,5.136e-06,1347.199701
2026-09-15T11:55:06.885Z,BCH,1.1927,302100,221.6,1347.199701
2026-09-15T11:55:06.885Z,UNI,1.488,9125,6.674,1347.199701
2026-09-15T11:55:06.885Z,AAVE,-0.542,170100,126.95,1347.199701
2026-09-15T11:55:06.885Z,SUSHI,2.4124,293.6,0.2128,1347.199701
2026-09-15T11:55:06.885Z,LDO,2.061,491,0.3571,1347.199701
2026-09-15T11:55:06.885Z,ICP,2.0636,3509,2.552,1347.199701
2026-09-15T11:55:06.885Z,NEAR,2.0009,3254,2.368,1347.199701
2026-09-15T11:55:06.885Z,HBAR,1.0404,104.8,0.07699,1347.199701
2026-09-15T11:55:06.885Z,XTZ,11.9585,390.5,0.2589,1347.199701
2026-09-15T11:55:06.885Z,DYDX,4.4445,154.3,0.10966,1347.199701
2026-09-15T11:55:06.885Z,ARB,0.6371,184.4,0.13601,1347.199701
2026-09-15T11:55:06.885Z,GMX,3.8724,10200,7.289,1347.199701
2026-09-15T11:55:06.885Z,IMX,-0.399,163.3,0.1217,1347.199701
2026-09-15T11:55:06.885Z,INJ,-24.3904,6020,5.91,1347.199701
2026-09-15T11:55:06.885Z,GRT,7.9187,25.85,0.01778,1347.199701
2026-09-15T11:55:06.885Z,SUI,1.0423,960.9,0.7059,1347.199701
2026-09-15T11:55:06.885Z,HYPE,1.0213,107400,78.915,1347.199701
2026-09-15T12:00:06.894Z,BTC,1.1205,104754000,76895.2,1347.199701
2026-09-15T12:00:06.894Z,ETH,1.0932,3371000,2475.17,1347.199701
2026-09-15T12:00:06.894Z,SOL,1.1564,137300,100.75,1347.199701
2026-09-15T12:00:06.894Z,BNB,1.1919,979500,718.5,1347.199701
2026-09-15T12:00:06.894Z,XRP,1.1719,1909,1.4006,1347.199701
2026-09-15T12:00:06.894Z,ADA,0.847,277.7,0.2044,1347.199701
2026-09-15T12:00:06.894Z,AVAX,-1.2016,9940,7.468,1347.199701
2026-09-15T12:00:06.894Z,DOT,1.9744,1358,0.9885,1347.199701
2026-09-15T12:00:06.894Z,LINK,1.0807,15490,11.375,1347.199701
2026-09-15T12:00:06.894Z,POL,-1.1264,128.9,0.09677,1347.199701
2026-09-15T12:00:06.894Z,DOGE,1.0646,112.3,0.08248,1347.199701
2026-09-15T12:00:06.894Z,TRX,1.4374,462.5,0.33844,1347.199701
2026-09-15T12:00:06.894Z,XLM,0.9177,264,0.19418,1347.199701
2026-09-15T12:00:06.894Z,SHIB,1.0691,0.007,5.141e-06,1347.199701
2026-09-15T12:00:06.894Z,BCH,1.147,302100,221.7,1347.199701
2026-09-15T12:00:06.894Z,UNI,1.2756,9125,6.688,1347.199701
2026-09-15T12:00:06.894Z,AAVE,-0.7063,170100,127.16,1347.199701
2026-09-15T12:00:06.894Z,SUSHI,2.1244,293.6,0.2134,1347.199701
2026-09-15T12:00:06.894Z,LDO,2.3763,491,0.356,1347.199701
2026-09-15T12:00:06.894Z,ICP,1.9038,3509,2.556,1347.199701
2026-09-15T12:00:06.894Z,NEAR,1.9148,3254,2.37,1347.199701
2026-09-15T12:00:06.894Z,HBAR,0.9617,104.8,0.07705,1347.199701
2026-09-15T12:00:06.894Z,XTZ,12.0884,390.5,0.2586,1347.199701
2026-09-15T12:00:06.894Z,DYDX,4.4826,154.3,0.10962,1347.199701
2026-09-15T12:00:06.894Z,ARB,0.728,186.1,0.13714,1347.199701
2026-09-15T12:00:06.894Z,GMX,3.6591,10200,7.304,1347.199701
2026-09-15T12:00:06.894Z,IMX,-0.4644,163.3,0.12178,1347.199701
2026-09-15T12:00:06.894Z,INJ,-24.4671,6020,5.916,1347.199701
2026-09-15T12:00:06.894Z,GRT,7.9187,25.85,0.01778,1347.199701
2026-09-15T12:00:06.894Z,SUI,0.8993,960.9,0.7069,1347.199701
2026-09-15T12:00:06.894Z,HYPE,0.8998,107400,79.01,1347.199701
2026-09-15T12:05:06.909Z,BTC,1.1125,104768000,76911.6,1347.199701
2026-09-15T12:05:06.909Z,ETH,0.9777,3371000,2478,1347.199701
2026-09-15T12:05:06.909Z,SOL,1.0061,137300,100.9,1347.199701
2026-09-15T12:05:06.909Z,BNB,1.1497,979500,718.8,1347.199701
2026-09-15T12:05:06.909Z,XRP,1.131,1910,1.4019,1347.199701
2026-09-15T12:05:06.909Z,ADA,0.6992,277.7,0.2047,1347.199701
2026-09-15T12:05:06.909Z,AVAX,0.9089,10170,7.481,1347.199701
2026-09-15T12:05:06.909Z,DOT,1.5327,1358,0.9928,1347.199701
2026-09-15T12:05:06.909Z,LINK,0.9475,15490,11.39,1347.199701
2026-09-15T12:05:06.909Z,POL,-1.5841,128.9,0.09722,1347.199701
2026-09-15T12:05:06.909Z,DOGE,1.0034,112.3,0.08253,1347.199701
2026-09-15T12:05:06.909Z,TRX,1.4194,462.5,0.3385,1347.199701
2026-09-15T12:05:06.909Z,XLM,1.053,264,0.19392,1347.199701
2026-09-15T12:05:06.909Z,SHIB,0.9709,0.007,5.146e-06,1347.199701
2026-09-15T12:05:06.909Z,BCH,1.0103,302100,222,1347.199701
2026-09-15T12:05:06.909Z,UNI,1.2604,9125,6.689,1347.199701
2026-09-15T12:05:06.909Z,AAVE,-0.9477,170100,127.47,1347.199701
2026-09-15T12:05:06.909Z,SUSHI,2.2202,293.6,0.2132,1347.199701
2026-09-15T12:05:06.909Z,LDO,2.4627,491,0.3557,1347.199701
2026-09-15T12:05:06.909Z,ICP,1.6652,3509,2.562,1347.199701
2026-09-15T12:05:06.909Z,NEAR,1.8289,3254,2.372,1347.199701
2026-09-15T12:05:06.909Z,HBAR,1.0798,104.8,0.07696,1347.199701
2026-09-15T12:05:06.909Z,XTZ,12.3055,390.5,0.2581,1347.199701
2026-09-15T12:05:06.909Z,DYDX,4.4064,154.3,0.1097,1347.199701
2026-09-15T12:05:06.909Z,ARB,1.4698,186.5,0.13643,1347.199701
2026-09-15T12:05:06.909Z,GMX,3.8154,10200,7.293,1347.199701
2026-09-15T12:05:06.909Z,IMX,-0.3171,163.3,0.1216,1347.199701
2026-09-15T12:05:06.909Z,INJ,-24.4032,6020,5.911,1347.199701
2026-09-15T12:05:06.909Z,GRT,7.7369,25.85,0.01781,1347.199701
2026-09-15T12:05:06.909Z,SUI,0.643,960.9,0.7087,1347.199701
2026-09-15T12:05:06.909Z,HYPE,0.6704,107400,79.19,1347.199701
2026-09-15T12:10:06.548Z,BTC,1.1826,104718000,76821.6,1347.199701
2026-09-15T12:10:06.548Z,ETH,1.2059,3376000,2476.08,1347.199701
2026-09-15T12:10:06.548Z,SOL,1.2736,137500,100.78,1347.199701
2026-09-15T12:10:06.548Z,BNB,1.2765,979500,717.9,1347.199701
2026-09-15T12:10:06.548Z,XRP,1.1309,1907,1.3997,1347.199701
2026-09-15T12:10:06.548Z,ADA,0.847,277.7,0.2044,1347.199701
2026-09-15T12:10:06.548Z,AVAX,0.7913,10150,7.475,1347.199701
2026-09-15T12:10:06.548Z,DOT,1.789,1358,0.9903,1347.199701
2026-09-15T12:10:06.548Z,LINK,1.1518,15490,11.367,1347.199701
2026-09-15T12:10:06.548Z,POL,-1.6751,128.9,0.09731,1347.199701
2026-09-15T12:10:06.548Z,DOGE,1.0769,112.3,0.08247,1347.199701
2026-09-15T12:10:06.548Z,TRX,1.4055,462.3,0.3384,1347.199701
2026-09-15T12:10:06.548Z,XLM,1.0478,264,0.19393,1347.199701
2026-09-15T12:10:06.548Z,SHIB,1.0102,0.007,5.144e-06,1347.199701
2026-09-15T12:10:06.548Z,BCH,1.0103,302100,222,1347.199701
2026-09-15T12:10:06.548Z,UNI,1.321,9125,6.685,1347.199701
2026-09-15T12:10:06.548Z,AAVE,-0.8466,170100,127.34,1347.199701
2026-09-15T12:10:06.548Z,SUSHI,2.2682,293.6,0.2131,1347.199701
2026-09-15T12:10:06.548Z,LDO,2.6647,491,0.355,1347.199701
2026-09-15T12:10:06.548Z,ICP,2.0236,3509,2.553,1347.199701
2026-09-15T12:10:06.548Z,NEAR,2.1735,3254,2.364,1347.199701
2026-09-15T12:10:06.548Z,HBAR,1.1586,104.8,0.0769,1347.199701
2026-09-15T12:10:06.548Z,XTZ,13.6262,390.5,0.2551,1347.199701
2026-09-15T12:10:06.548Z,DYDX,4.6163,154.3,0.10948,1347.199701
2026-09-15T12:10:06.548Z,ARB,1.3881,186.5,0.13654,1347.199701
2026-09-15T12:10:06.548Z,GMX,3.8297,10200,7.292,1347.199701
2026-09-15T12:10:06.548Z,IMX,-0.2515,163.3,0.12152,1347.199701
2026-09-15T12:10:06.548Z,INJ,-24.3264,6020,5.905,1347.199701
2026-09-15T12:10:06.548Z,GRT,7.6161,25.85,0.01783,1347.199701
2026-09-15T12:10:06.548Z,SUI,0.8993,960.9,0.7069,1347.199701
2026-09-15T12:10:06.548Z,HYPE,0.7175,107400,79.153,1347.199701
2026-09-15T12:15:06.886Z,BTC,1.1753,104795000,76883.7,1347.199701
2026-09-15T12:15:06.886Z,ETH,1.172,3379000,2479.11,1347.199701
2026-09-15T12:15:06.886Z,SOL,1.1632,137500,100.89,1347.199701
2026-09-15T12:15:06.886Z,BNB,1.2624,979500,718,1347.199701
2026-09-15T12:15:06.886Z,XRP,1.1792,1915,1.4049,1347.199701
2026-09-15T12:15:06.886Z,ADA,0.6009,277.7,0.2049,1347.199701
2026-09-15T12:15:06.886Z,AVAX,0.8463,10180,7.493,1347.199701
2026-09-15T12:15:06.886Z,DOT,1.4101,1358,0.994,1347.199701
2026-09-15T12:15:06.886Z,LINK,0.859,15490,11.4,1347.199701
2026-09-15T12:15:06.886Z,POL,-1.9974,128.9,0.09763,1347.199701
2026-09-15T12:15:06.886Z,DOGE,0.93,112.3,0.08259,1347.199701
2026-09-15T12:15:06.886Z,TRX,1.4235,462.3,0.33834,1347.199701
2026-09-15T12:15:06.886Z,XLM,0.7595,265.5,0.19559,1347.199701
2026-09-15T12:15:06.886Z,SHIB,0.736,0.007,5.158e-06,1347.199701
2026-09-15T12:15:06.886Z,BCH,0.8287,302100,222.4,1347.199701
2026-09-15T12:15:06.886Z,UNI,0.1376,9125,6.764,1347.199701
2026-09-15T12:15:06.886Z,AAVE,-1.2344,170100,127.84,1347.199701
2026-09-15T12:15:06.886Z,SUSHI,2.1723,293.6,0.2133,1347.199701
2026-09-15T12:15:06.886Z,LDO,2.0896,491,0.357,1347.199701
2026-09-15T12:15:06.886Z,ICP,1.864,3509,2.557,1347.199701
2026-09-15T12:15:06.886Z,NEAR,1.9148,3254,2.37,1347.199701
2026-09-15T12:15:06.886Z,HBAR,0.4143,104.8,0.07747,1347.199701
2026-09-15T12:15:06.886Z,XTZ,13.1826,390.5,0.2561,1347.199701
2026-09-15T12:15:06.886Z,DYDX,5.1059,154.3,0.10897,1347.199701
2026-09-15T12:15:06.886Z,ARB,1.6027,187.1,0.13669,1347.199701
2026-09-15T12:15:06.886Z,GMX,3.4184,10200,7.321,1347.199701
2026-09-15T12:15:06.886Z,IMX,-0.5216,163.3,0.12185,1347.199701
2026-09-15T12:15:06.886Z,INJ,-24.3904,6020,5.91,1347.199701
2026-09-15T12:15:06.886Z,GRT,7.117,25.86,0.01792,1347.199701
2026-09-15T12:15:06.886Z,SUI,1.5102,970,0.7093,1347.199701
2026-09-15T12:15:06.886Z,HYPE,0.4472,107400,79.366,1347.199701
2026-09-15T12:20:06.896Z,BTC,1.0412,104712000,76924.7,1347.199701
2026-09-15T12:20:06.896Z,ETH,1.1185,3376000,2478.22,1347.199701
2026-09-15T12:20:06.896Z,SOL,1.2167,137600,100.91,1347.199701
2026-09-15T12:20:06.896Z,BNB,1.1778,979500,718.6,1347.199701
2026-09-15T12:20:06.896Z,XRP,1.1623,1911,1.4022,1347.199701
2026-09-15T12:20:06.896Z,ADA,0.5518,277.7,0.205,1347.199701
2026-09-15T12:20:06.896Z,AVAX,0.9912,10230,7.519,1347.199701
2026-09-15T12:20:06.896Z,DOT,1.5327,1358,0.9928,1347.199701
2026-09-15T12:20:06.896Z,LINK,0.8501,15490,11.401,1347.199701
2026-09-15T12:20:06.896Z,POL,-1.8768,128.9,0.09751,1347.199701
2026-09-15T12:20:06.896Z,DOGE,0.8812,112.3,0.08263,1347.199701
2026-09-15T12:20:06.896Z,TRX,1.3098,462,0.3385,1347.199701
2026-09-15T12:20:06.896Z,XLM,1.291,266,0.19493,1347.199701
2026-09-15T12:20:06.896Z,SHIB,0.5605,0.007,0.000005167,1347.199701
2026-09-15T12:20:06.896Z,BCH,0.6476,302100,222.8,1347.199701
2026-09-15T12:20:06.896Z,UNI,0.0489,9125,6.77,1347.199701
2026-09-15T12:20:06.896Z,AAVE,-1.7799,170100,128.55,1347.199701
2026-09-15T12:20:06.896Z,SUSHI,1.9811,293.6,0.2137,1347.199701
2026-09-15T12:20:06.896Z,LDO,2.4627,491,0.3557,1347.199701
2026-09-15T12:20:06.896Z,ICP,1.9038,3509,2.556,1347.199701
2026-09-15T12:20:06.896Z,NEAR,1.444,3254,2.381,1347.199701
2026-09-15T12:20:06.896Z,HBAR,-0.1143,104.8,0.07788,1347.199701
2026-09-15T12:20:06.896Z,XTZ,13.2268,390.5,0.256,1347.199701
2026-09-15T12:20:06.896Z,DYDX,4.5876,154.3,0.10951,1347.199701
2026-09-15T12:20:06.896Z,ARB,0.9177,186.6,0.13725,1347.199701
2026-09-15T12:20:06.896Z,GMX,3.3337,10200,7.327,1347.199701
2026-09-15T12:20:06.896Z,IMX,-0.7659,163.3,0.12215,1347.199701
2026-09-15T12:20:06.896Z,INJ,-24.3904,6020,5.91,1347.199701
2026-09-15T12:20:06.896Z,GRT,6.938,25.86,0.01795,1347.199701
2026-09-15T12:20:06.896Z,SUI,1.1753,966.8,0.7093,1347.199701
2026-09-15T12:20:06.896Z,HYPE,0.4776,107400,79.342,1347.199701
2026-09-15T12:25:06.886Z,BTC,1.0711,104712000,76902,1347.199701
2026-09-15T12:25:06.886Z,ETH,1.1039,3374000,2477.11,1347.199701
2026-09-15T12:25:06.886Z,SOL,1.1131,137500,100.94,1347.199701
2026-09-15T12:25:06.886Z,BNB,1.1637,979500,718.7,1347.199701
2026-09-15T12:25:06.886Z,XRP,1.2057,1917,1.406,1347.199701
2026-09-15T12:25:06.886Z,ADA,1.2266,279.7,0.2051,1347.199701
2026-09-15T12:25:06.886Z,AVAX,0.9375,10230,7.523,1347.199701
2026-09-15T12:25:06.886Z,DOT,1.7171,1358,0.991,1347.199701
2026-09-15T12:25:06.886Z,LINK,0.8501,15490,11.401,1347.199701
2026-09-15T12:25:06.886Z,POL,-2.1577,128.9,0.09779,1347.199701
2026-09-15T12:25:06.886Z,DOGE,0.8567,112.3,0.08265,1347.199701
2026-09-15T12:25:06.886Z,TRX,1.3557,461.8,0.3382,1347.199701
2026-09-15T12:25:06.886Z,XLM,0.9274,266.5,0.196,1347.199701
2026-09-15T12:25:06.886Z,SHIB,0.4828,0.007,0.000005171,1347.199701
2026-09-15T12:25:06.886Z,BCH,0.7833,302100,222.5,1347.199701
2026-09-15T12:25:06.886Z,UNI,0.0932,9125,6.767,1347.199701
2026-09-15T12:25:06.886Z,AAVE,-1.6499,170100,128.38,1347.199701
2026-09-15T12:25:06.886Z,SUSHI,1.9811,293.6,0.2137,1347.199701
2026-09-15T12:25:06.886Z,LDO,2.4627,491,0.3557,1347.199701
2026-09-15T12:25:06.886Z,ICP,1.7844,3509,2.559,1347.199701
2026-09-15T12:25:06.886Z,NEAR,1.6574,3254,2.376,1347.199701
2026-09-15T12:25:06.886Z,HBAR,-0.2807,104.8,0.07801,1347.199701
2026-09-15T12:25:06.886Z,XTZ,13.1384,390.5,0.2562,1347.199701
2026-09-15T12:25:06.886Z,DYDX,1.3572,147.8,0.10824,1347.199701
2026-09-15T12:25:06.886Z,ARB,1.0172,187.9,0.13807,1347.199701
2026-09-15T12:25:06.886Z,GMX,3.5457,10200,7.312,1347.199701
2026-09-15T12:25:06.886Z,IMX,-0.8796,163.3,0.12229,1347.199701
2026-09-15T12:25:06.886Z,INJ,-24.4543,6020,5.915,1347.199701
2026-09-15T12:25:06.886Z,GRT,6.819,25.86,0.01797,1347.199701
2026-09-15T12:25:06.886Z,SUI,1.339,968.5,0.7094,1347.199701
2026-09-15T12:25:06.886Z,HYPE,0.5663,107400,79.272,1347.199701
2026-09-15T12:30:06.883Z,BTC,1.0495,104698000,76908.1,1347.199701
2026-09-15T12:30:06.883Z,ETH,1.0639,3374000,2478.09,1347.199701
2026-09-15T12:30:06.883Z,SOL,1.2301,137700,100.97,1347.199701
2026-09-15T12:30:06.883Z,BNB,1.1497,979500,718.8,1347.199701
2026-09-15T12:30:06.883Z,XRP,1.0473,1914,1.406,1347.199701
2026-09-15T12:30:06.883Z,ADA,1.2266,279.7,0.2051,1347.199701
2026-09-15T12:30:06.883Z,AVAX,0.8035,10230,7.533,1347.199701
2026-09-15T12:30:06.883Z,DOT,2.1087,1358,0.9872,1347.199701
2026-09-15T12:30:06.883Z,LINK,0.8059,15490,11.406,1347.199701
2026-09-15T12:30:06.883Z,POL,-2.1077,128.9,0.09774,1347.199701
2026-09-15T12:30:06.883Z,DOGE,0.9997,112.5,0.08268,1347.199701
2026-09-15T12:30:06.883Z,TRX,1.3557,461.8,0.3382,1347.199701
2026-09-15T12:30:06.883Z,XLM,0.8657,266.5,0.19612,1347.199701
2026-09-15T12:30:06.883Z,SHIB,2.0169,0.0071,0.000005166,1347.199701
2026-09-15T12:30:06.883Z,BCH,0.7381,302100,222.6,1347.199701
2026-09-15T12:30:06.883Z,UNI,0.9058,9195,6.764,1347.199701
2026-09-15T12:30:06.883Z,AAVE,-1.5118,170100,128.2,1347.199701
2026-09-15T12:30:06.883Z,SUSHI,1.9811,293.6,0.2137,1347.199701
2026-09-15T12:30:06.883Z,LDO,2.4627,491,0.3557,1347.199701
2026-09-15T12:30:06.883Z,ICP,1.6652,3509,2.562,1347.199701
2026-09-15T12:30:06.883Z,NEAR,1.6574,3254,2.376,1347.199701
2026-09-15T12:30:06.883Z,HBAR,-0.1912,104.8,0.07794,1347.199701
2026-09-15T12:30:06.883Z,XTZ,13.006,390.5,0.2565,1347.199701
2026-09-15T12:30:06.883Z,DYDX,1.3198,147.8,0.10828,1347.199701
2026-09-15T12:30:06.883Z,ARB,1.0099,187.9,0.13808,1347.199701
2026-09-15T12:30:06.883Z,GMX,3.7301,10200,7.299,1347.199701
2026-09-15T12:30:06.883Z,IMX,-0.7578,163.3,0.12214,1347.199701
2026-09-15T12:30:06.883Z,INJ,-24.4543,6020,5.915,1347.199701
2026-09-15T12:30:06.883Z,GRT,7.117,25.86,0.01792,1347.199701
2026-09-15T12:30:06.883Z,SUI,1.3818,968.5,0.7091,1347.199701
2026-09-15T12:30:06.883Z,HYPE,0.4092,107400,79.396,1347.199701
2026-09-15T12:35:06.907Z,BTC,0.9475,104600000,76913.8,1347.199701
2026-09-15T12:35:06.907Z,ETH,0.9636,3370000,2477.61,1347.199701
2026-09-15T12:35:06.907Z,SOL,0.9895,137400,100.99,1347.199701
2026-09-15T12:35:06.907Z,BNB,1.1497,979500,718.8,1347.199701
2026-09-15T12:35:06.907Z,XRP,1.0641,1915,1.4065,1347.199701
2026-09-15T12:35:06.907Z,ADA,1.0819,279.3,0.2051,1347.199701
2026-09-15T12:35:06.907Z,AVAX,0.9107,10230,7.525,1347.199701
2026-09-15T12:35:06.907Z,DOT,2.0157,1358,0.9881,1347.199701
2026-09-15T12:35:06.907Z,LINK,0.8678,15490,11.399,1347.199701
2026-09-15T12:35:06.907Z,POL,-2.4072,128.9,0.09804,1347.199701
2026-09-15T12:35:06.907Z,DOGE,0.8855,112.4,0.0827,1347.199701
2026-09-15T12:35:06.907Z,TRX,1.0395,460.4,0.33823,1347.199701
2026-09-15T12:35:06.907Z,XLM,0.8708,266.5,0.19611,1347.199701
2026-09-15T12:35:06.907Z,SHIB,1.8591,0.0071,0.000005174,1347.199701
2026-09-15T12:35:06.907Z,BCH,0.7833,302100,222.5,1347.199701
2026-09-15T12:35:06.907Z,UNI,0.6825,9195,6.779,1347.199701
2026-09-15T12:35:06.907Z,AAVE,-1.3656,170100,128.01,1347.199701
2026-09-15T12:35:06.907Z,SUSHI,2.0288,293.6,0.2136,1347.199701
2026-09-15T12:35:06.907Z,LDO,2.578,491,0.3553,1347.199701
2026-09-15T12:35:06.907Z,ICP,1.5463,3509,2.565,1347.199701
2026-09-15T12:35:06.907Z,NEAR,1.7002,3254,2.375,1347.199701
2026-09-15T12:35:06.907Z,HBAR,-0.5739,104.8,0.07824,1347.199701
2026-09-15T12:35:06.907Z,XTZ,13.0942,390.5,0.2563,1347.199701
2026-09-15T12:35:06.907Z,DYDX,1.2263,147.8,0.10838,1347.199701
2026-09-15T12:35:06.907Z,ARB,0.8128,187.9,0.13835,1347.199701
2026-09-15T12:35:06.907Z,GMX,3.8439,10200,7.291,1347.199701
2026-09-15T12:35:06.907Z,IMX,-0.8065,163.3,0.1222,1347.199701
2026-09-15T12:35:06.907Z,INJ,-24.5054,6020,5.919,1347.199701
2026-09-15T12:35:06.907Z,GRT,6.7596,25.86,0.01798,1347.199701
2026-09-15T12:35:06.907Z,SUI,1.3247,968.5,0.7095,1347.199701
2026-09-15T12:35:06.907Z,HYPE,0.5067,107400,79.319,1347.199701
2026-09-15T12:40:06.955Z,BTC,0.9463,104600000,76914.7,1347.199701
2026-09-15T12:40:06.955Z,ETH,1.0293,3370000,2476,1347.199701
2026-09-15T12:40:06.955Z,SOL,1.0296,137400,100.95,1347.199701
2026-09-15T12:40:06.955Z,BNB,1.1637,979500,718.7,1347.199701
2026-09-15T12:40:06.955Z,XRP,1.0376,1913,1.4054,1347.199701
2026-09-15T12:40:06.955Z,ADA,1.1312,279.3,0.205,1347.199701
2026-09-15T12:40:06.955Z,AVAX,0.8437,10230,7.53,1347.199701
2026-09-15T12:40:06.955Z,DOT,2.2433,1358,0.9859,1347.199701
2026-09-15T12:40:06.955Z,LINK,1.0007,15490,11.384,1347.199701
2026-09-15T12:40:06.955Z,POL,-2.3275,128.9,0.09796,1347.199701
2026-09-15T12:40:06.955Z,DOGE,0.9343,112.4,0.08266,1347.199701
2026-09-15T12:40:06.955Z,TRX,1.0574,460.4,0.33817,1347.199701
2026-09-15T12:40:06.955Z,XLM,0.804,266.5,0.19624,1347.199701
2026-09-15T12:40:06.955Z,SHIB,1.9774,0.0071,0.000005168,1347.199701
2026-09-15T12:40:06.955Z,BCH,0.7833,302100,222.5,1347.199701
2026-09-15T12:40:06.955Z,UNI,0.8462,9195,6.768,1347.199701
2026-09-15T12:40:06.955Z,AAVE,-1.3733,170100,128.02,1347.199701
2026-09-15T12:40:06.955Z,SUSHI,1.8381,293.6,0.214,1347.199701
2026-09-15T12:40:06.955Z,LDO,2.578,491,0.3553,1347.199701
2026-09-15T12:40:06.955Z,ICP,1.3487,3509,2.57,1347.199701
2026-09-15T12:40:06.955Z,NEAR,1.7859,3254,2.373,1347.199701
2026-09-15T12:40:06.955Z,HBAR,-0.7388,104.8,0.07837,1347.199701
2026-09-15T12:40:06.955Z,XTZ,12.962,390.5,0.2566,1347.199701
2026-09-15T12:40:06.955Z,DYDX,1.3853,147.8,0.10821,1347.199701
2026-09-15T12:40:06.955Z,ARB,0.6237,187.9,0.13861,1347.199701
2026-09-15T12:40:06.955Z,GMX,3.6875,10200,7.302,1347.199701
2026-09-15T12:40:06.955Z,IMX,-0.8309,163.3,0.12223,1347.199701
2026-09-15T12:40:06.955Z,INJ,-24.4543,6020,5.915,1347.199701
2026-09-15T12:40:06.955Z,GRT,7.117,25.86,0.01792,1347.199701
2026-09-15T12:40:06.955Z,SUI,1.4534,968.5,0.7086,1347.199701
2026-09-15T12:40:06.955Z,HYPE,0.5612,107400,79.276,1347.199701
2026-09-15T12:45:06.516Z,BTC,1.003,104648000,76906.8,1347.199701
2026-09-15T12:45:06.516Z,ETH,1.0348,3369000,2475.13,1347.199701
2026-09-15T12:45:06.516Z,SOL,1.0696,137400,100.91,1347.199701
2026-09-15T12:45:06.516Z,BNB,1.1497,979500,718.8,1347.199701
2026-09-15T12:45:06.516Z,XRP,1.052,1913,1.4052,1347.199701
2026-09-15T12:45:06.516Z,ADA,1.1443,279.2,0.2049,1347.199701
2026-09-15T12:45:06.516Z,AVAX,0.7768,10230,7.535,1347.199701
2026-09-15T12:45:06.516Z,DOT,2.2744,1358,0.9856,1347.199701
2026-09-15T12:45:06.516Z,LINK,1.134,15490,11.369,1347.199701
2026-09-15T12:45:06.516Z,POL,-2.5166,128.9,0.09815,1347.199701
2026-09-15T12:45:06.516Z,DOGE,0.971,112.4,0.08263,1347.199701
2026-09-15T12:45:06.516Z,TRX,1.0784,460.4,0.3381,1347.199701
2026-09-15T12:45:06.516Z,XLM,0.768,266.5,0.19631,1347.199701
2026-09-15T12:45:06.516Z,SHIB,1.9971,0.0071,0.000005167,1347.199701
2026-09-15T12:45:06.516Z,BCH,0.7833,302100,222.5,1347.199701
2026-09-15T12:45:06.516Z,UNI,0.8909,9195,6.765,1347.199701
2026-09-15T12:45:06.516Z,AAVE,-1.2653,170100,127.88,1347.199701
2026-09-15T12:45:06.516Z,SUSHI,1.9334,293.6,0.2138,1347.199701
2026-09-15T12:45:06.516Z,LDO,2.4339,491,0.3558,1347.199701
2026-09-15T12:45:06.516Z,ICP,1.3093,3509,2.571,1347.199701
2026-09-15T12:45:06.516Z,NEAR,1.6147,3254,2.377,1347.199701
2026-09-15T12:45:06.516Z,HBAR,0.8897,106.9,0.07865,1347.199701
2026-09-15T12:45:06.516Z,XTZ,12.8301,390.5,0.2569,1347.199701
2026-09-15T12:45:06.516Z,DYDX,1.5261,147.8,0.10806,1347.199701
2026-09-15T12:45:06.516Z,ARB,-0.3113,187.9,0.13991,1347.199701
2026-09-15T12:45:06.516Z,GMX,3.7017,10200,7.301,1347.199701
2026-09-15T12:45:06.516Z,IMX,-0.7253,163.3,0.1221,1347.199701
2026-09-15T12:45:06.516Z,INJ,-24.5309,6020,5.921,1347.199701
2026-09-15T12:45:06.516Z,GRT,7.2367,25.86,0.0179,1347.199701
2026-09-15T12:45:06.516Z,SUI,1.3961,968.5,0.709,1347.199701
2026-09-15T12:45:06.516Z,HYPE,1.0855,107900,79.232,1347.199701
2026-09-15T12:50:06.895Z,BTC,0.9249,104648000,76966.3,1347.199701
2026-09-15T12:50:06.895Z,ETH,0.8458,3369000,2479.77,1347.199701
2026-09-15T12:50:06.895Z,SOL,1.2368,137600,100.89,1347.199701
2026-09-15T12:50:06.895Z,BNB,1.0653,979500,719.4,1347.199701
2026-09-15T12:50:06.895Z,XRP,1.0049,1920,1.411,1347.199701
2026-09-15T12:50:06.895Z,ADA,1.095,279.2,0.205,1347.199701
2026-09-15T12:50:06.895Z,AVAX,1.2022,10280,7.54,1347.199701
2026-09-15T12:50:06.895Z,DOT,1.9744,1358,0.9885,1347.199701
2026-09-15T12:50:06.895Z,LINK,0.9298,15490,11.392,1347.199701
2026-09-15T12:50:06.895Z,POL,-2.457,128.9,0.09809,1347.199701
2026-09-15T12:50:06.895Z,DOGE,0.8002,112.4,0.08277,1347.199701
2026-09-15T12:50:06.895Z,TRX,1.0305,460.4,0.33826,1347.199701
2026-09-15T12:50:06.895Z,XLM,0.8451,266.5,0.19616,1347.199701
2026-09-15T12:50:06.895Z,SHIB,1.8394,0.0071,0.000005175,1347.199701
2026-09-15T12:50:06.895Z,BCH,0.6928,302100,222.7,1347.199701
2026-09-15T12:50:06.895Z,UNI,1.7937,9195,6.705,1347.199701
2026-09-15T12:50:06.895Z,AAVE,-1.2422,170100,127.85,1347.199701
2026-09-15T12:50:06.895Z,SUSHI,1.8857,293.6,0.2139,1347.199701
2026-09-15T12:50:06.895Z,LDO,2.2327,491,0.3565,1347.199701
2026-09-15T12:50:06.895Z,ICP,1.2306,3509,2.573,1347.199701
2026-09-15T12:50:06.895Z,NEAR,1.3588,3254,2.383,1347.199701
2026-09-15T12:50:06.895Z,HBAR,0.9848,107.3,0.07887,1347.199701
2026-09-15T12:50:06.895Z,XTZ,12.6109,390.5,0.2574,1347.199701
2026-09-15T12:50:06.895Z,DYDX,1.2917,147.8,0.10831,1347.199701
2026-09-15T12:50:06.895Z,ARB,0.691,191.2,0.14095,1347.199701
2026-09-15T12:50:06.895Z,GMX,3.6024,10200,7.308,1347.199701
2026-09-15T12:50:06.895Z,IMX,-0.9201,163.3,0.12234,1347.199701
2026-09-15T12:50:06.895Z,INJ,-24.6708,6020,5.932,1347.199701
2026-09-15T12:50:06.895Z,GRT,7.117,25.86,0.01792,1347.199701
2026-09-15T12:50:06.895Z,SUI,1.1536,968.5,0.7107,1347.199701
2026-09-15T12:50:06.895Z,HYPE,0.9352,107900,79.35,1347.199701
2026-09-15T12:55:07.151Z,BTC,0.9603,104840000,77080.5,1347.199701
2026-09-15T12:55:07.151Z,ETH,0.6481,3369000,2484.64,1347.199701
2026-09-15T12:55:07.151Z,SOL,0.9132,137500,101.14,1347.199701
2026-09-15T12:55:07.151Z,BNB,0.813,979500,721.2,1347.199701
2026-09-15T12:55:07.151Z,XRP,1.0538,1934,1.4206,1347.199701
2026-09-15T12:55:07.151Z,ADA,0.8435,280,0.2061,1347.199701
2026-09-15T12:55:07.151Z,AVAX,0.8277,10280,7.568,1347.199701
2026-09-15T12:55:07.151Z,DOT,1.6453,1358,0.9917,1347.199701
2026-09-15T12:55:07.151Z,LINK,0.5239,15490,11.438,1347.199701
2026-09-15T12:55:07.151Z,POL,-2.6257,128.9,0.09826,1347.199701
2026-09-15T12:55:07.151Z,DOGE,1.0045,112.9,0.08297,1347.199701
2026-09-15T12:55:07.151Z,TRX,1.0335,460.4,0.33825,1347.199701
2026-09-15T12:55:07.151Z,XLM,1.0537,267.8,0.19671,1347.199701
2026-09-15T12:55:07.151Z,SHIB,1.4669,0.0071,0.000005194,1347.199701
2026-09-15T12:55:07.151Z,BCH,0.1532,302100,223.9,1347.199701
2026-09-15T12:55:07.151Z,UNI,0.5103,9140,6.75,1347.199701
2026-09-15T12:55:07.151Z,AAVE,-1.6728,170100,128.41,1347.199701
2026-09-15T12:55:07.151Z,SUSHI,1.3644,293.6,0.215,1347.199701
2026-09-15T12:55:07.151Z,LDO,2.0896,491,0.357,1347.199701
2026-09-15T12:55:07.151Z,ICP,0.8777,3509,2.582,1347.199701
2026-09-15T12:55:07.151Z,NEAR,0.9353,3254,2.393,1347.199701
2026-09-15T12:55:07.151Z,HBAR,0.7747,108,0.07955,1347.199701
2026-09-15T12:55:07.151Z,XTZ,12.1317,390.5,0.2585,1347.199701
2026-09-15T12:55:07.151Z,DYDX,0.9933,147.8,0.10863,1347.199701
2026-09-15T12:55:07.151Z,ARB,1.2344,193.2,0.14166,1347.199701
2026-09-15T12:55:07.151Z,GMX,3.221,10200,7.335,1347.199701
2026-09-15T12:55:07.151Z,IMX,-1.2349,163.3,0.12273,1347.199701
2026-09-15T12:55:07.151Z,INJ,-24.9239,6020,5.952,1347.199701
2026-09-15T12:55:07.151Z,GRT,6.7596,25.86,0.01798,1347.199701
2026-09-15T12:55:07.151Z,SUI,0.9976,970,0.7129,1347.199701
2026-09-15T12:55:07.151Z,HYPE,0.8354,108300,79.723,1347.199701
2026-09-15T13:00:06.535Z,BTC,0.9815,104648000,76923.2,1347.199701
2026-09-15T13:00:06.535Z,ETH,1.0775,3375000,2478.49,1347.199701
2026-09-15T13:00:06.535Z,SOL,1.0296,137400,100.95,1347.199701
2026-09-15T13:00:06.535Z,BNB,0.953,979500,720.2,1347.199701
2026-09-15T13:00:06.535Z,XRP,1.0939,1930,1.4171,1347.199701
2026-09-15T13:00:06.535Z,ADA,1.3811,280.4,0.2053,1347.199701
2026-09-15T13:00:06.535Z,AVAX,1.0681,10280,7.55,1347.199701
2026-09-15T13:00:06.535Z,DOT,2.0157,1358,0.9881,1347.199701
2026-09-15T13:00:06.535Z,LINK,0.7618,15490,11.411,1347.199701
2026-09-15T13:00:06.535Z,POL,-2.4271,128.9,0.09806,1347.199701
2026-09-15T13:00:06.535Z,DOGE,1.0692,112.7,0.08277,1347.199701
2026-09-15T13:00:06.535Z,TRX,1.0724,460.4,0.33812,1347.199701
2026-09-15T13:00:06.535Z,XLM,1.0231,265.8,0.1953,1347.199701
2026-09-15T13:00:06.535Z,SHIB,1.7804,0.0071,0.000005178,1347.199701
2026-09-15T13:00:06.535Z,BCH,0.4673,302100,223.2,1347.199701
2026-09-15T13:00:06.535Z,UNI,1.0342,9140,6.715,1347.199701
2026-09-15T13:00:06.535Z,AAVE,-1.3579,170100,128,1347.199701
2026-09-15T13:00:06.535Z,SUSHI,1.743,293.6,0.2142,1347.199701
2026-09-15T13:00:06.535Z,LDO,2.4339,491,0.3558,1347.199701
2026-09-15T13:00:06.535Z,ICP,1.2306,3509,2.573,1347.199701
2026-09-15T13:00:06.535Z,NEAR,1.0361,3245,2.384,1347.199701
2026-09-15T13:00:06.535Z,HBAR,1.348,108,0.0791,1347.199701
2026-09-15T13:00:06.535Z,XTZ,12.4798,390.5,0.2577,1347.199701
2026-09-15T13:00:06.535Z,DYDX,1.3479,147.8,0.10825,1347.199701
2026-09-15T13:00:06.535Z,ARB,1.5568,191.9,0.14026,1347.199701
2026-09-15T13:00:06.535Z,GMX,3.4043,10200,7.322,1347.199701
2026-09-15T13:00:06.535Z,IMX,-1.1302,163.3,0.1226,1347.199701
2026-09-15T13:00:06.535Z,INJ,-24.6454,6020,5.93,1347.199701
2026-09-15T13:00:06.535Z,GRT,7.0573,25.86,0.01793,1347.199701
2026-09-15T13:00:06.535Z,SUI,1.1374,967.8,0.7103,1347.199701
2026-09-15T13:00:06.535Z,HYPE,1.0198,108200,79.504,1347.199701
2026-09-15T13:05:07.102Z,BTC,1.1238,104923000,77016.8,1347.199701
2026-09-15T13:05:07.102Z,ETH,1.0265,3379000,2482.68,1347.199701
2026-09-15T13:05:07.102Z,SOL,1.0499,137700,101.15,1347.199701
2026-09-15T13:05:07.102Z,BNB,0.827,979500,721.1,1347.199701
2026-09-15T13:05:07.102Z,XRP,0.9551,1957,1.4389,1347.199701
2026-09-15T13:05:07.102Z,ADA,1.1056,281,0.2063,1347.199701
2026-09-15T13:05:07.102Z,AVAX,0.8011,10280,7.57,1347.199701
2026-09-15T13:05:07.102Z,DOT,1.8713,1358,0.9895,1347.199701
2026-09-15T13:05:07.102Z,LINK,0.3922,15490,11.453,1347.199701
2026-09-15T13:05:07.102Z,POL,-2.3176,128.9,0.09795,1347.199701
2026-09-15T13:05:07.102Z,DOGE,0.7451,112.8,0.08311,1347.199701
2026-09-15T13:05:07.102Z,TRX,1.0724,460.4,0.33812,1347.199701
2026-09-15T13:05:07.102Z,XLM,0.5668,265.9,0.19626,1347.199701
2026-09-15T13:05:07.102Z,SHIB,1.5843,0.0071,0.000005188,1347.199701
2026-09-15T13:05:07.102Z,BCH,0.1532,302100,223.9,1347.199701
2026-09-15T13:05:07.102Z,UNI,1.0793,9140,6.712,1347.199701
2026-09-15T13:05:07.102Z,AAVE,-1.6039,170100,128.32,1347.199701
2026-09-15T13:05:07.102Z,SUSHI,1.5534,293.6,0.2146,1347.199701
2026-09-15T13:05:07.102Z,LDO,2.0038,491,0.3573,1347.199701
2026-09-15T13:05:07.102Z,ICP,1.2699,3509,2.572,1347.199701
2026-09-15T13:05:07.102Z,NEAR,0.4462,3245,2.398,1347.199701
2026-09-15T13:05:07.102Z,HBAR,0.927,108,0.07943,1347.199701
2026-09-15T13:05:07.102Z,XTZ,12.0017,390.5,0.2588,1347.199701
2026-09-15T13:05:07.102Z,DYDX,0.5951,147.8,0.10906,1347.199701
2026-09-15T13:05:07.102Z,ARB,1.1912,191.4,0.1404,1347.199701
2026-09-15T13:05:07.102Z,GMX,3.221,10200,7.335,1347.199701
2026-09-15T13:05:07.102Z,IMX,-1.1302,163.3,0.1226,1347.199701
2026-09-15T13:05:07.102Z,INJ,-24.8102,6020,5.943,1347.199701
2026-09-15T13:05:07.102Z,GRT,6.5226,25.86,0.01802,1347.199701
2026-09-15T13:05:07.102Z,SUI,1.0526,970.8,0.7131,1347.199701
2026-09-15T13:05:07.102Z,HYPE,0.8612,108200,79.629,1347.199701
2026-09-15T13:10:06.934Z,BTC,1.1374,104907000,76994.7,1347.199701
2026-09-15T13:10:06.934Z,ETH,1.1573,3379000,2479.47,1347.199701
2026-09-15T13:10:06.934Z,SOL,1.0734,137800,101.2,1347.199701
2026-09-15T13:10:06.934Z,BNB,0.827,979500,721.1,1347.199701
2026-09-15T13:10:06.934Z,XRP,1.1662,1963,1.4403,1347.199701
2026-09-15T13:10:06.934Z,ADA,1.1254,281.6,0.2067,1347.199701
2026-09-15T13:10:06.934Z,AVAX,0.7878,10280,7.571,1347.199701
2026-09-15T13:10:06.934Z,DOT,1.7274,1358,0.9909,1347.199701
2026-09-15T13:10:06.934Z,LINK,0.3572,15490,11.457,1347.199701
2026-09-15T13:10:06.934Z,POL,-2.4172,128.9,0.09805,1347.199701
2026-09-15T13:10:06.934Z,DOGE,1.2688,113.4,0.08312,1347.199701
2026-09-15T13:10:06.934Z,TRX,1.0604,460.4,0.33816,1347.199701
2026-09-15T13:10:06.934Z,XLM,1.574,270,0.19731,1347.199701
2026-09-15T13:10:06.934Z,SHIB,1.4474,0.0071,0.000005195,1347.199701
2026-09-15T13:10:06.934Z,BCH,-0.07,302100,224.4,1347.199701
2026-09-15T13:10:06.934Z,UNI,0.8389,9140,6.728,1347.199701
2026-09-15T13:10:06.934Z,AAVE,-1.902,170100,128.71,1347.199701
2026-09-15T13:10:06.934Z,SUSHI,1.4116,293.6,0.2149,1347.199701
2026-09-15T13:10:06.934Z,LDO,1.9468,491,0.3575,1347.199701
2026-09-15T13:10:06.934Z,ICP,1.0734,3509,2.577,1347.199701
2026-09-15T13:10:06.934Z,NEAR,0.2789,3245,2.402,1347.199701
2026-09-15T13:10:06.934Z,HBAR,0.9143,108,0.07944,1347.199701
2026-09-15T13:10:06.934Z,XTZ,12.2186,390.5,0.2583,1347.199701
2026-09-15T13:10:06.934Z,DYDX,0.9004,147.8,0.10873,1347.199701
2026-09-15T13:10:06.934Z,ARB,0.6198,192,0.14164,1347.199701
2026-09-15T13:10:06.934Z,GMX,3.1226,10200,7.342,1347.199701
2026-09-15T13:10:06.934Z,IMX,-1.2027,163.3,0.12269,1347.199701
2026-09-15T13:10:06.934Z,INJ,-24.7849,6020,5.941,1347.199701
2026-09-15T13:10:06.934Z,GRT,6.7596,25.86,0.01798,1347.199701
2026-09-15T13:10:06.934Z,SUI,1.1652,972.7,0.7137,1347.199701
2026-09-15T13:10:06.934Z,HYPE,0.8409,108200,79.645,1347.199701
2026-09-15T13:15:06.893Z,BTC,1.0357,104764000,76967.1,1347.199701
2026-09-15T13:15:06.893Z,ETH,1.0331,3373000,2478.11,1347.199701
2026-09-15T13:15:06.893Z,SOL,1.1399,137700,101.06,1347.199701
2026-09-15T13:15:06.893Z,BNB,0.925,979500,720.4,1347.199701
2026-09-15T13:15:06.893Z,XRP,0.9838,1943,1.4282,1347.199701
2026-09-15T13:15:06.893Z,ADA,1.0795,281.2,0.2065,1347.199701
2026-09-15T13:15:06.893Z,AVAX,0.7745,10280,7.572,1347.199701
2026-09-15T13:15:06.893Z,DOT,1.6248,1358,0.9919,1347.199701
2026-09-15T13:15:06.893Z,LINK,1.1052,15600,11.453,1347.199701
2026-09-15T13:15:06.893Z,POL,-2.4072,128.9,0.09804,1347.199701
2026-09-15T13:15:06.893Z,DOGE,1.1591,113.1,0.08299,1347.199701
2026-09-15T13:15:06.893Z,TRX,1.0694,460.4,0.33813,1347.199701
2026-09-15T13:15:06.893Z,XLM,2.0862,270,0.19632,1347.199701
2026-09-15T13:15:06.893Z,SHIB,1.6234,0.0071,0.000005186,1347.199701
2026-09-15T13:15:06.893Z,BCH,0.0638,302100,224.1,1347.199701
2026-09-15T13:15:06.893Z,UNI,1.1697,9140,6.706,1347.199701
2026-09-15T13:15:06.893Z,AAVE,-1.7264,170100,128.48,1347.199701
2026-09-15T13:15:06.893Z,SUSHI,1.6955,293.6,0.2143,1347.199701
2026-09-15T13:15:06.893Z,LDO,2.2041,491,0.3566,1347.199701
2026-09-15T13:15:06.893Z,ICP,1.1912,3509,2.574,1347.199701
2026-09-15T13:15:06.893Z,NEAR,0.4462,3245,2.398,1347.199701
2026-09-15T13:15:06.893Z,HBAR,1.1052,108,0.07929,1347.199701
2026-09-15T13:15:06.893Z,XTZ,12.0884,390.5,0.2586,1347.199701
2026-09-15T13:15:06.893Z,DYDX,0.8633,147.8,0.10877,1347.199701
2026-09-15T13:15:06.893Z,ARB,-0.1766,192,0.14277,1347.199701
2026-09-15T13:15:06.893Z,GMX,3.3337,10200,7.327,1347.199701
2026-09-15T13:15:06.893Z,IMX,-1.0656,163.3,0.12252,1347.199701
2026-09-15T13:15:06.893Z,INJ,-24.7596,6020,5.939,1347.199701
2026-09-15T13:15:06.893Z,GRT,6.938,25.86,0.01795,1347.199701
2026-09-15T13:15:06.893Z,SUI,1.222,972.7,0.7133,1347.199701
2026-09-15T13:15:06.893Z,HYPE,0.9931,108200,79.525,1347.199701
2026-09-15T13:20:06.907Z,BTC,1.05,104709000,76915.8,1347.199701
2026-09-15T13:20:06.907Z,ETH,1.0337,3372000,2477.36,1347.199701
2026-09-15T13:20:06.907Z,SOL,1.1165,137600,101.01,1347.199701
2026-09-15T13:20:06.907Z,BNB,0.939,979500,720.3,1347.199701
2026-09-15T13:20:06.907Z,XRP,0.946,1942,1.428,1347.199701
2026-09-15T13:20:06.907Z,ADA,1.2266,281.2,0.2062,1347.199701
2026-09-15T13:20:06.907Z,AVAX,0.615,10280,7.584,1347.199701
2026-09-15T13:20:06.907Z,DOT,1.6658,1358,0.9915,1347.199701
2026-09-15T13:20:06.907Z,LINK,0.9905,15600,11.466,1347.199701
2026-09-15T13:20:06.907Z,POL,-2.3275,128.9,0.09796,1347.199701
2026-09-15T13:20:06.907Z,DOGE,1.0167,112.9,0.08296,1347.199701
2026-09-15T13:20:06.907Z,TRX,1.0754,460.4,0.33811,1347.199701
2026-09-15T13:20:06.907Z,XLM,0.5836,266.5,0.19667,1347.199701
2026-09-15T13:20:06.907Z,SHIB,1.7215,0.0071,5.181e-06,1347.199701
2026-09-15T13:20:06.907Z,BCH,0.0638,302100,224.1,1347.199701
2026-09-15T13:20:06.907Z,UNI,0.8689,9140,6.726,1347.199701
2026-09-15T13:20:06.907Z,AAVE,-1.4887,170100,128.17,1347.199701
2026-09-15T13:20:06.907Z,SUSHI,1.5534,293.6,0.2146,1347.199701
2026-09-15T13:20:06.907Z,LDO,2.3188,491,0.3562,1347.199701
2026-09-15T13:20:06.907Z,ICP,1.3093,3509,2.571,1347.199701
2026-09-15T13:20:06.907Z,NEAR,0.4462,3245,2.398,1347.199701
2026-09-15T13:20:06.907Z,HBAR,0.927,108,0.07943,1347.199701
2026-09-15T13:20:06.907Z,XTZ,12.1317,390.5,0.2585,1347.199701
2026-09-15T13:20:06.907Z,DYDX,0.7059,147.8,0.10894,1347.199701
2026-09-15T13:20:06.907Z,ARB,0.9106,194.2,0.14285,1347.199701
2026-09-15T13:20:06.907Z,GMX,3.3337,10200,7.327,1347.199701
2026-09-15T13:20:06.907Z,IMX,-0.9848,163.3,0.12242,1347.199701
2026-09-15T13:20:06.907Z,INJ,-24.7216,6020,5.936,1347.199701
2026-09-15T13:20:06.907Z,GRT,6.9976,25.86,0.01794,1347.199701
2026-09-15T13:20:06.907Z,SUI,1.3214,972.7,0.7126,1347.199701
2026-09-15T13:20:06.907Z,HYPE,1.0109,108200,79.511,1347.199701
2026-09-15T13:25:06.890Z,BTC,1.0593,104670000,76880.1,1347.199701
2026-09-15T13:25:06.890Z,ETH,1.078,3373000,2477.01,1347.199701
2026-09-15T13:25:06.890Z,SOL,1.2167,137600,100.91,1347.199701
2026-09-15T13:25:06.890Z,BNB,0.939,979500,720.3,1347.199701
2026-09-15T13:25:06.890Z,XRP,1.1019,1945,1.428,1347.199701
2026-09-15T13:25:06.890Z,ADA,1.2757,281.2,0.2061,1347.199701
2026-09-15T13:25:06.890Z,AVAX,0.5355,10280,7.59,1347.199701
2026-09-15T13:25:06.890Z,DOT,1.861,1358,0.9896,1347.199701
2026-09-15T13:25:06.890Z,LINK,0.9905,15600,11.466,1347.199701
2026-09-15T13:25:06.890Z,POL,-2.2976,128.9,0.09793,1347.199701
2026-09-15T13:25:06.890Z,DOGE,1.0411,112.9,0.08294,1347.199701
2026-09-15T13:25:06.890Z,TRX,1.0515,460.4,0.33819,1347.199701
2026-09-15T13:25:06.890Z,XLM,0.4253,266.5,0.19698,1347.199701
2026-09-15T13:25:06.890Z,SHIB,1.5255,0.0071,5.191e-06,1347.199701
2026-09-15T13:25:06.890Z,BCH,0.0191,302100,224.2,1347.199701
2026-09-15T13:25:06.890Z,UNI,1.4876,9140,6.685,1347.199701
2026-09-15T13:25:06.890Z,AAVE,-1.3656,170100,128.01,1347.199701
2026-09-15T13:25:06.890Z,SUSHI,1.6007,293.6,0.2145,1347.199701
2026-09-15T13:25:06.890Z,LDO,2.4627,491,0.3557,1347.199701
2026-09-15T13:25:06.890Z,ICP,0.9168,3509,2.581,1347.199701
2026-09-15T13:25:06.890Z,NEAR,0.5301,3245,2.396,1347.199701
2026-09-15T13:25:06.890Z,HBAR,1.1434,108,0.07926,1347.199701
2026-09-15T13:25:06.890Z,XTZ,12.1317,390.5,0.2585,1347.199701
2026-09-15T13:25:06.890Z,DYDX,0.7429,147.8,0.1089,1347.199701
2026-09-15T13:25:06.890Z,ARB,1.0096,194.2,0.14271,1347.199701
2026-09-15T13:25:06.890Z,GMX,3.3055,10200,7.329,1347.199701
2026-09-15T13:25:06.890Z,IMX,-1.0575,163.3,0.12251,1347.199701
2026-09-15T13:25:06.890Z,INJ,-24.6327,6020,5.929,1347.199701
2026-09-15T13:25:06.890Z,GRT,6.7596,25.86,0.01798,1347.199701
2026-09-15T13:25:06.890Z,SUI,1.3783,972.7,0.7122,1347.199701
2026-09-15T13:25:06.890Z,HYPE,1.1151,108200,79.429,1347.199701
2026-09-15T13:30:07.081Z,BTC,1.0513,104665000,76882.5,1347.199701
2026-09-15T13:30:07.081Z,ETH,1.1221,3373000,2475.93,1347.199701
2026-09-15T13:30:07.081Z,SOL,1.1297,137400,100.85,1347.199701
2026-09-15T13:30:07.081Z,BNB,0.911,979500,720.5,1347.199701
2026-09-15T13:30:07.081Z,XRP,1.0787,1950,1.432,1347.199701
2026-09-15T13:30:07.081Z,ADA,1.3741,281.2,0.2059,1347.199701
2026-09-15T13:30:07.081Z,AVAX,0.6283,10280,7.583,1347.199701
2026-09-15T13:30:07.081Z,DOT,1.8096,1358,0.9901,1347.199701
2026-09-15T13:30:07.081Z,LINK,0.9553,15600,11.47,1347.199701
2026-09-15T13:30:07.081Z,POL,-2.2377,128.9,0.09787,1347.199701
2026-09-15T13:30:07.081Z,DOGE,1.1835,113.1,0.08297,1347.199701
2026-09-15T13:30:07.081Z,TRX,1.0664,460.4,0.33814,1347.199701
2026-09-15T13:30:07.081Z,XLM,1.3617,269.9,0.19765,1347.199701
2026-09-15T13:30:07.081Z,SHIB,1.5451,0.0071,5.19e-06,1347.199701
2026-09-15T13:30:07.081Z,BCH,-0.0254,302100,224.3,1347.199701
2026-09-15T13:30:07.081Z,UNI,1.7463,9140,6.668,1347.199701
2026-09-15T13:30:07.081Z,AAVE,-1.273,170100,127.89,1347.199701
2026-09-15T13:30:07.081Z,SUSHI,1.6955,293.6,0.2143,1347.199701
2026-09-15T13:30:07.081Z,LDO,2.6069,491,0.3552,1347.199701
2026-09-15T13:30:07.081Z,ICP,0.995,3509,2.579,1347.199701
2026-09-15T13:30:07.081Z,NEAR,0.6982,3245,2.392,1347.199701
2026-09-15T13:30:07.081Z,HBAR,1.348,108,0.0791,1347.199701
2026-09-15T13:30:07.081Z,XTZ,12.1751,390.5,0.2584,1347.199701
2026-09-15T13:30:07.081Z,DYDX,0.6413,147.8,0.10901,1347.199701
2026-09-15T13:30:07.081Z,ARB,1.2509,194.2,0.14237,1347.199701
2026-09-15T13:30:07.081Z,GMX,3.3196,10200,7.328,1347.199701
2026-09-15T13:30:07.081Z,IMX,-0.9767,163.3,0.12241,1347.199701
2026-09-15T13:30:07.081Z,INJ,-24.3776,6020,5.909,1347.199701
2026-09-15T13:30:07.081Z,GRT,6.8371,25.85,0.01796,1347.199701
2026-09-15T13:30:07.081Z,SUI,1.3356,972.7,0.7125,1347.199701
2026-09-15T13:30:07.081Z,HYPE,1.0999,108200,79.441,1347.199701
2026-09-15T13:35:07.031Z,BTC,1.1204,104530000,76730.9,1347.199701
2026-09-15T13:35:07.031Z,ETH,1.1905,3366000,2469.12,1347.199701
2026-09-15T13:35:07.031Z,SOL,1.0558,137000,100.63,1347.199701
2026-09-15T13:35:07.031Z,BNB,1.1215,979500,719,1347.199701
2026-09-15T13:35:07.031Z,XRP,1.2343,1944,1.4254,1347.199701
2026-09-15T13:35:07.031Z,ADA,1.6209,281.2,0.2054,1347.199701
2026-09-15T13:35:07.031Z,AVAX,0.9745,10280,7.557,1347.199701
2026-09-15T13:35:07.031Z,DOT,1.7582,1358,0.9906,1347.199701
2026-09-15T13:35:07.031Z,LINK,1.0519,15570,11.437,1347.199701
2026-09-15T13:35:07.031Z,POL,-1.9271,128.9,0.09756,1347.199701
2026-09-15T13:35:07.031Z,DOGE,1.1181,112.7,0.08273,1347.199701
2026-09-15T13:35:07.031Z,TRX,1.0574,460.4,0.33817,1347.199701
2026-09-15T13:35:07.031Z,XLM,0.9788,268.2,0.19715,1347.199701
2026-09-15T13:35:07.031Z,SHIB,1.7608,0.0071,5.179e-06,1347.199701
2026-09-15T13:35:07.031Z,BCH,0.1979,302100,223.8,1347.199701
2026-09-15T13:35:07.031Z,UNI,1.7005,9140,6.671,1347.199701
2026-09-15T13:35:07.031Z,AAVE,-1.2035,170100,127.8,1347.199701
2026-09-15T13:35:07.031Z,SUSHI,1.7905,293.6,0.2141,1347.199701
2026-09-15T13:35:07.031Z,LDO,2.9547,491,0.354,1347.199701
2026-09-15T13:35:07.031Z,ICP,1.0734,3509,2.577,1347.199701
2026-09-15T13:35:07.031Z,NEAR,0.6561,3245,2.393,1347.199701
2026-09-15T13:35:07.031Z,HBAR,0.8952,107.3,0.07894,1347.199701
2026-09-15T13:35:07.031Z,XTZ,12.262,390.5,0.2582,1347.199701
2026-09-15T13:35:07.031Z,DYDX,0.7985,147.8,0.10884,1347.199701
2026-09-15T13:35:07.031Z,ARB,1.2676,193.7,0.14198,1347.199701
2026-09-15T13:35:07.031Z,GMX,3.6591,10200,7.304,1347.199701
2026-09-15T13:35:07.031Z,IMX,-0.7253,163.3,0.1221,1347.199701
2026-09-15T13:35:07.031Z,INJ,-24.2237,6020,5.897,1347.199701
2026-09-15T13:35:07.031Z,GRT,6.8967,25.85,0.01795,1347.199701
2026-09-15T13:35:07.031Z,SUI,1.2239,968.9,0.7105,1347.199701
2026-09-15T13:35:07.031Z,HYPE,1.3845,108200,79.218,1347.199701
2026-09-15T13:40:06.927Z,BTC,1.3172,104063000,76239.7,1347.199701
2026-09-15T13:40:06.927Z,ETH,1.3389,3327000,2436.94,1347.199701
2026-09-15T13:40:06.927Z,SOL,1.2336,136300,99.94,1347.199701
2026-09-15T13:40:06.927Z,BNB,1.6162,979500,715.5,1347.199701
2026-09-15T13:40:06.927Z,XRP,1.1697,1917,1.4065,1347.199701
2026-09-15T13:40:06.927Z,ADA,1.1869,277,0.2032,1347.199701
2026-09-15T13:40:06.927Z,AVAX,1.8234,10280,7.494,1347.199701
2026-09-15T13:40:06.927Z,DOT,2.3679,1358,0.9847,1347.199701
2026-09-15T13:40:06.927Z,LINK,1.2797,15440,11.316,1347.199701
2026-09-15T13:40:06.927Z,POL,-0.5303,128.9,0.09619,1347.199701
2026-09-15T13:40:06.927Z,DOGE,1.0723,111.9,0.08218,1347.199701
2026-09-15T13:40:06.927Z,TRX,1.2881,460.4,0.3374,1347.199701
2026-09-15T13:40:06.927Z,XLM,1.2305,263.7,0.19336,1347.199701
2026-09-15T13:40:06.927Z,SHIB,2.6727,0.0071,5.133e-06,1347.199701
2026-09-15T13:40:06.927Z,BCH,1.147,302100,221.7,1347.199701
2026-09-15T13:40:06.927Z,UNI,1.4143,9020,6.602,1347.199701
2026-09-15T13:40:06.927Z,AAVE,-0.3536,170100,126.71,1347.199701
2026-09-15T13:40:06.927Z,SUSHI,3.335,293.6,0.2109,1347.199701
2026-09-15T13:40:06.927Z,LDO,3.8643,491,0.3509,1347.199701
2026-09-15T13:40:06.927Z,ICP,1.9836,3509,2.554,1347.199701
2026-09-15T13:40:06.927Z,NEAR,1.8047,3245,2.366,1347.199701
2026-09-15T13:40:06.927Z,HBAR,1.432,106.6,0.07801,1347.199701
2026-09-15T13:40:06.927Z,XTZ,13.006,390.5,0.2565,1347.199701
2026-09-15T13:40:06.927Z,DYDX,2.1595,147.8,0.10739,1347.199701
2026-09-15T13:40:06.927Z,ARB,2.4645,192,0.13909,1347.199701
2026-09-15T13:40:06.927Z,GMX,4.749,10200,7.228,1347.199701
2026-09-15T13:40:06.927Z,IMX,0.2435,163.3,0.12092,1347.199701
2026-09-15T13:40:06.927Z,INJ,-23.4972,6020,5.841,1347.199701
2026-09-15T13:40:06.927Z,GRT,8.2231,25.85,0.01773,1347.199701
2026-09-15T13:40:06.927Z,SUI,1.3101,961.4,0.7044,1347.199701
2026-09-15T13:40:06.927Z,HYPE,1.4248,107400,78.601,1347.199701
2026-09-15T13:45:07.080Z,BTC,1.0263,104064000,76460,1347.199701
2026-09-15T13:45:07.080Z,ETH,1.2558,3344000,2451.4,1347.199701
2026-09-15T13:45:07.080Z,SOL,0.9105,136300,100.26,1347.199701
2026-09-15T13:45:07.080Z,BNB,1.2342,979500,718.2,1347.199701
2026-09-15T13:45:07.080Z,XRP,1.2894,1925,1.4107,1347.199701
2026-09-15T13:45:07.080Z,ADA,0.4945,277,0.2046,1347.199701
2026-09-15T13:45:07.080Z,AVAX,1.7148,10280,7.502,1347.199701
2026-09-15T13:45:07.080Z,DOT,1.8302,1358,0.9899,1347.199701
2026-09-15T13:45:07.080Z,LINK,1.0571,15500,11.385,1347.199701
2026-09-15T13:45:07.080Z,POL,-0.9217,128.9,0.09657,1347.199701
2026-09-15T13:45:07.080Z,DOGE,0.5705,111.9,0.08259,1347.199701
2026-09-15T13:45:07.080Z,TRX,1.2371,460.4,0.33757,1347.199701
2026-09-15T13:45:07.080Z,XLM,0.857,265.2,0.19518,1347.199701
2026-09-15T13:45:07.080Z,SHIB,2.1355,0.0071,5.16e-06,1347.199701
2026-09-15T13:45:07.080Z,BCH,0.6476,302100,222.8,1347.199701
2026-09-15T13:45:07.080Z,UNI,0.6974,9020,6.649,1347.199701
2026-09-15T13:45:07.080Z,AAVE,-0.9788,170100,127.51,1347.199701
2026-09-15T13:45:07.080Z,SUSHI,2.5087,293.6,0.2126,1347.199701
2026-09-15T13:45:07.080Z,LDO,3.2464,491,0.353,1347.199701
2026-09-15T13:45:07.080Z,ICP,1.6255,3509,2.563,1347.199701
2026-09-15T13:45:07.080Z,NEAR,1.1634,3245,2.381,1347.199701
2026-09-15T13:45:07.080Z,HBAR,0.9918,106.6,0.07835,1347.199701
2026-09-15T13:45:07.080Z,XTZ,12.4798,390.5,0.2577,1347.199701
2026-09-15T13:45:07.080Z,DYDX,1.4791,147.8,0.10811,1347.199701
2026-09-15T13:45:07.080Z,ARB,1.3496,192,0.14062,1347.199701
2026-09-15T13:45:07.080Z,GMX,4.2156,10200,7.265,1347.199701
2026-09-15T13:45:07.080Z,IMX,-0.2433,163.3,0.12151,1347.199701
2026-09-15T13:45:07.080Z,INJ,-23.7973,6020,5.864,1347.199701
2026-09-15T13:45:07.080Z,GRT,7.7369,25.85,0.01781,1347.199701
2026-09-15T13:45:07.080Z,SUI,0.667,961.4,0.7089,1347.199701
2026-09-15T13:45:07.080Z,HYPE,1.0864,107600,79.011,1347.199701
2026-09-15T13:50:07.208Z,BTC,1.265,104071000,76284.9,1347.199701
2026-09-15T13:50:07.208Z,ETH,1.2907,3338000,2446.16,1347.199701
2026-09-15T13:50:07.208Z,SOL,1.355,136600,100.04,1347.199701
2026-09-15T13:50:07.208Z,BNB,1.3612,979500,717.3,1347.199701
2026-09-15T13:50:07.208Z,XRP,1.3354,1917,1.4042,1347.199701
2026-09-15T13:50:07.208Z,ADA,0.7407,277,0.2041,1347.199701
2026-09-15T13:50:07.208Z,AVAX,1.6741,10280,7.505,1347.199701
2026-09-15T13:50:07.208Z,DOT,1.9538,1358,0.9887,1347.199701
2026-09-15T13:50:07.208Z,LINK,1.3419,15500,11.353,1347.199701
2026-09-15T13:50:07.208Z,POL,-0.9729,128.9,0.09662,1347.199701
2026-09-15T13:50:07.208Z,DOGE,0.7657,111.9,0.08243,1347.199701
2026-09-15T13:50:07.208Z,TRX,1.2371,460.4,0.33757,1347.199701
2026-09-15T13:50:07.208Z,XLM,1.3451,265.2,0.19424,1347.199701
2026-09-15T13:50:07.208Z,SHIB,2.3338,0.0071,5.15e-06,1347.199701
2026-09-15T13:50:07.208Z,BCH,0.6025,302100,222.9,1347.199701
2026-09-15T13:50:07.208Z,UNI,2.0791,9020,6.559,1347.199701
2026-09-15T13:50:07.208Z,AAVE,-0.7453,170100,127.21,1347.199701
2026-09-15T13:50:07.208Z,SUSHI,2.6536,293.6,0.2123,1347.199701
2026-09-15T13:50:07.208Z,LDO,3.3635,491,0.3526,1347.199701
2026-09-15T13:50:07.208Z,ICP,1.9038,3509,2.556,1347.199701
2026-09-15T13:50:07.208Z,NEAR,0.8668,3245,2.388,1347.199701
2026-09-15T13:50:07.208Z,HBAR,0.8888,106.6,0.07843,1347.199701
2026-09-15T13:50:07.208Z,XTZ,12.7423,390.5,0.2571,1347.199701
2026-09-15T13:50:07.208Z,DYDX,1.6389,147.8,0.10794,1347.199701
2026-09-15T13:50:07.208Z,ARB,2.1121,192,0.13957,1347.199701
2026-09-15T13:50:07.208Z,GMX,4.2873,10200,7.26,1347.199701
2026-09-15T13:50:07.208Z,IMX,-0.2761,163.3,0.12155,1347.199701
2026-09-15T13:50:07.208Z,INJ,-23.7713,6020,5.862,1347.199701
2026-09-15T13:50:07.208Z,GRT,8.0403,25.85,0.01776,1347.199701
2026-09-15T13:50:07.208Z,SUI,0.9661,961.4,0.7068,1347.199701
2026-09-15T13:50:07.208Z,HYPE,1.2479,107600,78.885,1347.199701
2026-09-15T13:55:06.950Z,BTC,1.2959,103982000,76196.4,1347.199701
2026-09-15T13:55:06.950Z,ETH,1.2196,3333000,2444.21,1347.199701
2026-09-15T13:55:06.950Z,SOL,1.3145,136600,100.08,1347.199701
2026-09-15T13:55:06.950Z,BNB,1.347,979500,717.4,1347.199701
2026-09-15T13:55:06.950Z,XRP,1.2033,1916,1.4053,1347.199701
2026-09-15T13:55:06.950Z,ADA,0.6913,277,0.2042,1347.199701
2026-09-15T13:55:06.950Z,AVAX,1.6064,10280,7.51,1347.199701
2026-09-15T13:55:06.950Z,DOT,1.8713,1358,0.9895,1347.199701
2026-09-15T13:55:06.950Z,LINK,1.4223,15500,11.344,1347.199701
2026-09-15T13:55:06.950Z,POL,-1.0139,128.9,0.09666,1347.199701
2026-09-15T13:55:06.950Z,DOGE,1.1137,112.3,0.08244,1347.199701
2026-09-15T13:55:06.950Z,TRX,1.2731,460.4,0.33745,1347.199701
2026-09-15T13:55:06.950Z,XLM,1.293,265.2,0.19434,1347.199701
2026-09-15T13:55:06.950Z,SHIB,2.4532,0.0071,5.144e-06,1347.199701
2026-09-15T13:55:06.950Z,BCH,0.3773,302100,223.4,1347.199701
2026-09-15T13:55:06.950Z,UNI,2.7212,9020,6.518,1347.199701
2026-09-15T13:55:06.950Z,AAVE,-0.6907,170100,127.14,1347.199701
2026-09-15T13:55:06.950Z,SUSHI,2.8959,293.6,0.2118,1347.199701
2026-09-15T13:55:06.950Z,LDO,3.2756,491,0.3529,1347.199701
2026-09-15T13:55:06.950Z,ICP,2.0636,3509,2.552,1347.199701
2026-09-15T13:55:06.950Z,NEAR,1.4617,3245,2.374,1347.199701
2026-09-15T13:55:06.950Z,HBAR,0.8631,106.6,0.07845,1347.199701
2026-09-15T13:55:06.950Z,XTZ,12.962,390.5,0.2566,1347.199701
2026-09-15T13:55:06.950Z,DYDX,1.7049,147.8,0.10787,1347.199701
2026-09-15T13:55:06.950Z,ARB,1.7621,192,0.14005,1347.199701
2026-09-15T13:55:06.950Z,GMX,4.2873,10200,7.26,1347.199701
2026-09-15T13:55:06.950Z,IMX,-0.3171,163.3,0.1216,1347.199701
2026-09-15T13:55:06.950Z,INJ,-23.7843,6020,5.863,1347.199701
2026-09-15T13:55:06.950Z,GRT,8.1621,25.85,0.01774,1347.199701
2026-09-15T13:55:06.950Z,SUI,0.909,961.4,0.7072,1347.199701
2026-09-15T13:55:06.950Z,HYPE,0.8456,107000,78.758,1347.199701
2026-09-15T14:00:06.956Z,BTC,1.2051,104424000,76588.9,1347.199701
2026-09-15T14:00:06.956Z,ETH,1.113,3341000,2452.66,1347.199701
2026-09-15T14:00:06.956Z,SOL,1.2301,137100,100.53,1347.199701
2026-09-15T14:00:06.956Z,BNB,0.967,979500,720.1,1347.199701
2026-09-15T14:00:06.956Z,XRP,1.2248,1928,1.4138,1347.199701
2026-09-15T14:00:06.956Z,ADA,0.2006,277,0.2052,1347.199701
2026-09-15T14:00:06.956Z,AVAX,1.2559,10280,7.536,1347.199701
2026-09-15T14:00:06.956Z,DOT,1.5634,1358,0.9925,1347.199701
2026-09-15T14:00:06.956Z,LINK,1.0571,15500,11.385,1347.199701
2026-09-15T14:00:06.956Z,POL,-1.4219,128.9,0.09706,1347.199701
2026-09-15T14:00:06.956Z,DOGE,0.6984,112.3,0.08278,1347.199701
2026-09-15T14:00:06.956Z,TRX,1.2161,460.4,0.33764,1347.199701
2026-09-15T14:00:06.956Z,XLM,1.2063,266.5,0.19546,1347.199701
2026-09-15T14:00:06.956Z,SHIB,1.9577,0.0071,5.169e-06,1347.199701
2026-09-15T14:00:06.956Z,BCH,-0.07,302100,224.4,1347.199701
2026-09-15T14:00:06.956Z,UNI,3.1962,9020,6.488,1347.199701
2026-09-15T14:00:06.956Z,AAVE,-0.9866,170100,127.52,1347.199701
2026-09-15T14:00:06.956Z,SUSHI,2.3643,293.6,0.2129,1347.199701
2026-09-15T14:00:06.956Z,LDO,2.8095,491,0.3545,1347.199701
2026-09-15T14:00:06.956Z,ICP,1.5463,3509,2.565,1347.199701
2026-09-15T14:00:06.956Z,NEAR,0.9937,3245,2.385,1347.199701
2026-09-15T14:00:06.956Z,HBAR,0.6706,106.6,0.0786,1347.199701
2026-09-15T14:00:06.956Z,XTZ,12.5672,390.5,0.2575,1347.199701
2026-09-15T14:00:06.956Z,DYDX,1.4322,147.8,0.10816,1347.199701
2026-09-15T14:00:06.956Z,ARB,1.7331,192,0.14009,1347.199701
2026-09-15T14:00:06.956Z,GMX,3.8867,10200,7.288,1347.199701
2026-09-15T14:00:06.956Z,IMX,-0.595,163.3,0.12194,1347.199701
2026-09-15T14:00:06.956Z,INJ,-24.1851,6020,5.894,1347.199701
2026-09-15T14:00:06.956Z,GRT,7.7369,25.85,0.01781,1347.199701
2026-09-15T14:00:06.956Z,SUI,0.4545,961.4,0.7104,1347.199701
2026-09-15T14:00:06.956Z,HYPE,0.914,107600,79.146,1347.199701
2026-09-15T14:05:06.927Z,BTC,1.262,104195000,76378,1347.199701
2026-09-15T14:05:06.927Z,ETH,1.2348,3338000,2447.51,1347.199701
2026-09-15T14:05:06.927Z,SOL,1.2402,136800,100.3,1347.199701
2026-09-15T14:05:06.927Z,BNB,1.0653,979500,719.4,1347.199701
2026-09-15T14:05:06.927Z,XRP,1.2392,1922,1.4092,1347.199701
2026-09-15T14:05:06.927Z,ADA,0.4945,277,0.2046,1347.199701
2026-09-15T14:05:06.927Z,AVAX,1.5794,10280,7.512,1347.199701
2026-09-15T14:05:06.927Z,DOT,2.088,1358,0.9874,1347.199701
2026-09-15T14:05:06.927Z,LINK,1.5208,15500,11.333,1347.199701
2026-09-15T14:05:06.927Z,POL,-1.2693,128.9,0.09691,1347.199701
2026-09-15T14:05:06.927Z,DOGE,1.5676,112.9,0.08251,1347.199701
2026-09-15T14:05:06.927Z,TRX,1.3511,460.4,0.33719,1347.199701
2026-09-15T14:05:06.927Z,XLM,1.4171,266.7,0.1952,1347.199701
2026-09-15T14:05:06.927Z,SHIB,2.1949,0.0071,5.157e-06,1347.199701
2026-09-15T14:05:06.927Z,BCH,0.4223,302100,223.3,1347.199701
2026-09-15T14:05:06.927Z,UNI,1.6664,8800,6.425,1347.199701
2026-09-15T14:05:06.927Z,AAVE,-0.6281,170100,127.06,1347.199701
2026-09-15T14:05:06.927Z,SUSHI,2.5087,293.6,0.2126,1347.199701
2026-09-15T14:05:06.927Z,LDO,3.2756,491,0.3529,1347.199701
2026-09-15T14:05:06.927Z,ICP,1.864,3509,2.557,1347.199701
2026-09-15T14:05:06.927Z,NEAR,1.5044,3245,2.373,1347.199701
2026-09-15T14:05:06.927Z,HBAR,0.709,106.6,0.07857,1347.199701
2026-09-15T14:05:06.927Z,XTZ,12.918,390.5,0.2567,1347.199701
2026-09-15T14:05:06.927Z,DYDX,2.188,147.8,0.10736,1347.199701
2026-09-15T14:05:06.927Z,ARB,2.0463,192,0.13966,1347.199701
2026-09-15T14:05:06.927Z,GMX,4.0294,10200,7.278,1347.199701
2026-09-15T14:05:06.927Z,IMX,-0.4808,163.3,0.1218,1347.199701
2026-09-15T14:05:06.927Z,INJ,-23.9788,6020,5.878,1347.199701
2026-09-15T14:05:06.927Z,GRT,7.9795,25.85,0.01777,1347.199701
2026-09-15T14:05:06.927Z,SUI,0.667,961.4,0.7089,1347.199701
2026-09-15T14:05:06.927Z,HYPE,1.6655,107900,78.78,1347.199701
2026-09-15T14:10:06.917Z,BTC,1.1259,104130000,76433.1,1347.199701
2026-09-15T14:10:06.917Z,ETH,1.1764,3340000,2450.39,1347.199701
2026-09-15T14:10:06.917Z,SOL,1.0016,136600,100.39,1347.199701
2026-09-15T14:10:06.917Z,BNB,0.925,979500,720.4,1347.199701
2026-09-15T14:10:06.917Z,XRP,1.2224,1927,1.4131,1347.199701
2026-09-15T14:10:06.917Z,ADA,0.2495,277,0.2051,1347.199701
2026-09-15T14:10:06.917Z,AVAX,1.2828,10280,7.534,1347.199701
2026-09-15T14:10:06.917Z,DOT,1.9641,1358,0.9886,1347.199701
2026-09-15T14:10:06.917Z,LINK,1.4313,15500,11.343,1347.199701
2026-09-15T14:10:06.917Z,POL,-1.4117,128.9,0.09705,1347.199701
2026-09-15T14:10:06.917Z,DOGE,0.9631,112.5,0.08271,1347.199701
2026-09-15T14:10:06.917Z,TRX,1.3331,460.4,0.33725,1347.199701
2026-09-15T14:10:06.917Z,XLM,1.0088,267.3,0.19643,1347.199701
2026-09-15T14:10:06.917Z,SHIB,1.9774,0.0071,5.168e-06,1347.199701
2026-09-15T14:10:06.917Z,BCH,0.1979,302100,223.8,1347.199701
2026-09-15T14:10:06.917Z,UNI,0.9775,8705,6.399,1347.199701
2026-09-15T14:10:06.917Z,AAVE,-0.7297,170100,127.19,1347.199701
2026-09-15T14:10:06.917Z,SUSHI,2.4124,293.6,0.2128,1347.199701
2026-09-15T14:10:06.917Z,LDO,2.8095,491,0.3545,1347.199701
2026-09-15T14:10:06.917Z,ICP,1.864,3509,2.557,1347.199701
2026-09-15T14:10:06.917Z,NEAR,1.5044,3245,2.373,1347.199701
2026-09-15T14:10:06.917Z,HBAR,0.2624,106.6,0.07892,1347.199701
2026-09-15T14:10:06.917Z,XTZ,12.874,390.5,0.2568,1347.199701
2026-09-15T14:10:06.917Z,DYDX,1.9696,147.8,0.10759,1347.199701
2026-09-15T14:10:06.917Z,ARB,1.1312,191.3,0.14041,1347.199701
2026-09-15T14:10:06.917Z,GMX,3.8867,10200,7.288,1347.199701
2026-09-15T14:10:06.917Z,IMX,-0.6439,163.3,0.122,1347.199701
2026-09-15T14:10:06.917Z,INJ,-24.1465,6020,5.891,1347.199701
2026-09-15T14:10:06.917Z,GRT,7.7975,25.85,0.0178,1347.199701
2026-09-15T14:10:06.917Z,SUI,0.4545,961.4,0.7104,1347.199701
2026-09-15T14:10:06.917Z,HYPE,1.5507,107900,78.869,1347.199701
2026-09-15T14:15:06.916Z,BTC,1.142,104068000,76375.4,1347.199701
2026-09-15T14:15:06.916Z,ETH,1.1646,3333000,2445.54,1347.199701
2026-09-15T14:15:06.916Z,SOL,1.1427,136600,100.25,1347.199701
2026-09-15T14:15:06.916Z,BNB,1.0232,979500,719.7,1347.199701
2026-09-15T14:15:06.916Z,XRP,1.165,1921,1.4095,1347.199701
2026-09-15T14:15:06.916Z,ADA,0.5928,277,0.2044,1347.199701
2026-09-15T14:15:06.916Z,AVAX,1.5253,10280,7.516,1347.199701
2026-09-15T14:15:06.916Z,DOT,2.2641,1358,0.9857,1347.199701
2026-09-15T14:15:06.916Z,LINK,1.6463,15500,11.319,1347.199701
2026-09-15T14:15:06.916Z,POL,-0.9934,128.9,0.09664,1347.199701
2026-09-15T14:15:06.916Z,DOGE,1.1098,112.5,0.08259,1347.199701
2026-09-15T14:15:06.916Z,TRX,1.3752,460.4,0.33711,1347.199701
2026-09-15T14:15:06.916Z,XLM,1.1925,267.2,0.196,1347.199701
2026-09-15T14:15:06.916Z,SHIB,2.2147,0.0071,5.156e-06,1347.199701
2026-09-15T14:15:06.916Z,BCH,0.4673,302100,223.2,1347.199701
2026-09-15T14:15:06.916Z,UNI,1.1672,8705,6.387,1347.199701
2026-09-15T14:15:06.916Z,AAVE,-0.5342,170100,126.94,1347.199701
2026-09-15T14:15:06.916Z,SUSHI,2.6052,293.6,0.2124,1347.199701
2026-09-15T14:15:06.916Z,LDO,3.1295,491,0.3534,1347.199701
2026-09-15T14:15:06.916Z,ICP,2.1036,3509,2.551,1347.199701
2026-09-15T14:15:06.916Z,NEAR,1.934,3245,2.363,1347.199701
2026-09-15T14:15:06.916Z,HBAR,1.0439,106.9,0.07853,1347.199701
2026-09-15T14:15:06.916Z,XTZ,13.2268,390.5,0.256,1347.199701
2026-09-15T14:15:06.916Z,DYDX,1.9127,147.8,0.10765,1347.199701
2026-09-15T14:15:06.916Z,ARB,1.769,191.3,0.13953,1347.199701
2026-09-15T14:15:06.916Z,GMX,4.2873,10200,7.26,1347.199701
2026-09-15T14:15:06.916Z,IMX,-0.4236,163.3,0.12173,1347.199701
2026-09-15T14:15:06.916Z,INJ,-24.0046,6020,5.88,1347.199701
2026-09-15T14:15:06.916Z,GRT,8.1621,25.85,0.01774,1347.199701
2026-09-15T14:15:06.916Z,SUI,1.1953,965.9,0.7085,1347.199701
2026-09-15T14:15:06.916Z,HYPE,1.4718,107000,78.272,1347.199701
2026-09-15T14:20:06.935Z,BTC,1.1172,104017000,76356.7,1347.199701
2026-09-15T14:20:06.935Z,ETH,1.1861,3330000,2442.82,1347.199701
2026-09-15T14:20:06.935Z,SOL,1.1864,136700,100.28,1347.199701
2026-09-15T14:20:06.935Z,BNB,1.0232,979500,719.7,1347.199701
2026-09-15T14:20:06.935Z,XRP,1.2248,1922,1.4094,1347.199701
2026-09-15T14:20:06.935Z,ADA,0.4454,277,0.2047,1347.199701
2026-09-15T14:20:06.935Z,AVAX,1.4578,10280,7.521,1347.199701
2026-09-15T14:20:06.935Z,DOT,2.1397,1358,0.9869,1347.199701
2026-09-15T14:20:06.935Z,LINK,1.6194,15500,11.322,1347.199701
2026-09-15T14:20:06.935Z,POL,-1.2081,128.9,0.09685,1347.199701
2026-09-15T14:20:06.935Z,DOGE,0.9875,112.5,0.08269,1347.199701
2026-09-15T14:20:06.935Z,TRX,1.3271,460.4,0.33727,1347.199701
2026-09-15T14:20:06.935Z,XLM,1.065,266.7,0.19588,1347.199701
2026-09-15T14:20:06.935Z,SHIB,2.2346,0.0071,5.155e-06,1347.199701
2026-09-15T14:20:06.935Z,BCH,0.5123,302100,223.1,1347.199701
2026-09-15T14:20:06.935Z,UNI,1.6927,8705,6.354,1347.199701
2026-09-15T14:20:06.935Z,AAVE,-0.6672,170100,127.11,1347.199701
2026-09-15T14:20:06.935Z,SUSHI,2.557,293.6,0.2125,1347.199701
2026-09-15T14:20:06.935Z,LDO,3.1587,491,0.3533,1347.199701
2026-09-15T14:20:06.935Z,ICP,1.9437,3509,2.555,1347.199701
2026-09-15T14:20:06.935Z,NEAR,2.1068,3245,2.359,1347.199701
2026-09-15T14:20:06.935Z,HBAR,1.3407,106.9,0.0783,1347.199701
2026-09-15T14:20:06.935Z,XTZ,13.0942,390.5,0.2563,1347.199701
2026-09-15T14:20:06.935Z,DYDX,1.3479,147.8,0.10825,1347.199701
2026-09-15T14:20:06.935Z,ARB,1.8931,191.3,0.13936,1347.199701
2026-09-15T14:20:06.935Z,GMX,3.9723,10200,7.282,1347.199701
2026-09-15T14:20:06.935Z,IMX,-0.4481,163.3,0.12176,1347.199701
2026-09-15T14:20:06.935Z,INJ,-24.1465,6020,5.891,1347.199701
2026-09-15T14:20:06.935Z,GRT,8.1011,25.85,0.01775,1347.199701
2026-09-15T14:20:06.935Z,SUI,1.1097,965.9,0.7091,1347.199701
2026-09-15T14:20:06.935Z,HYPE,0.7414,106200,78.25,1347.199701
2026-09-15T14:25:06.920Z,BTC,1.1109,103997000,76346.8,1347.199701
2026-09-15T14:25:06.920Z,ETH,1.3383,3330000,2439.15,1347.199701
2026-09-15T14:25:06.920Z,SOL,1.1965,136400,100.05,1347.199701
2026-09-15T14:25:06.920Z,BNB,1.1637,979500,718.7,1347.199701
2026-09-15T14:25:06.920Z,XRP,1.3592,1921,1.4068,1347.199701
2026-09-15T14:25:06.920Z,ADA,1.0881,278.5,0.2045,1347.199701
2026-09-15T14:25:06.920Z,AVAX,1.7148,10280,7.502,1347.199701
2026-09-15T14:25:06.920Z,DOT,2.5241,1358,0.9832,1347.199701
2026-09-15T14:25:06.920Z,LINK,1.3305,15430,11.303,1347.199701
2026-09-15T14:25:06.920Z,POL,-1.2795,128.9,0.09692,1347.199701
2026-09-15T14:25:06.920Z,DOGE,1.0853,112.5,0.08261,1347.199701
2026-09-15T14:25:06.920Z,TRX,1.3662,460.4,0.33714,1347.199701
2026-09-15T14:25:06.920Z,XLM,1.4376,267,0.19538,1347.199701
2026-09-15T14:25:06.920Z,SHIB,2.2742,0.0071,5.153e-06,1347.199701
2026-09-15T14:25:06.920Z,BCH,0.7381,302100,222.6,1347.199701
2026-09-15T14:25:06.920Z,UNI,1.4333,8650,6.33,1347.199701
2026-09-15T14:25:06.920Z,AAVE,-0.5733,170100,126.99,1347.199701
2026-09-15T14:25:06.920Z,SUSHI,2.6052,293.6,0.2124,1347.199701
2026-09-15T14:25:06.920Z,LDO,3.4515,491,0.3523,1347.199701
2026-09-15T14:25:06.920Z,ICP,1.9437,3509,2.555,1347.199701
2026-09-15T14:25:06.920Z,NEAR,2.2803,3245,2.355,1347.199701
2026-09-15T14:25:06.920Z,HBAR,1.4444,106.9,0.07822,1347.199701
2026-09-15T14:25:06.920Z,XTZ,13.2268,390.5,0.256,1347.199701
2026-09-15T14:25:06.920Z,DYDX,1.5636,147.8,0.10802,1347.199701
2026-09-15T14:25:06.920Z,ARB,2.4814,191.3,0.13856,1347.199701
2026-09-15T14:25:06.920Z,GMX,4.3592,10200,7.255,1347.199701
2026-09-15T14:25:06.920Z,IMX,-0.3417,163.3,0.12163,1347.199701
2026-09-15T14:25:06.920Z,INJ,-24.0046,6020,5.88,1347.199701
2026-09-15T14:25:06.920Z,GRT,8.1621,25.85,0.01774,1347.199701
2026-09-15T14:25:06.920Z,SUI,1.1953,965.9,0.7085,1347.199701
2026-09-15T14:25:06.920Z,HYPE,0.9711,106200,78.072,1347.199701
2026-09-15T14:30:06.541Z,BTC,1.3484,104165000,76290.9,1347.199701
2026-09-15T14:30:06.541Z,ETH,1.3181,3327000,2437.44,1347.199701
2026-09-15T14:30:06.541Z,SOL,1.3045,136300,99.87,1347.199701
2026-09-15T14:30:06.541Z,BNB,1.2201,979500,718.3,1347.199701
2026-09-15T14:30:06.541Z,XRP,1.2875,1912,1.4012,1347.199701
2026-09-15T14:30:06.541Z,ADA,1.4851,278.5,0.2037,1347.199701
2026-09-15T14:30:06.541Z,AVAX,1.9186,10280,7.487,1347.199701
2026-09-15T14:30:06.541Z,DOT,2.618,1358,0.9823,1347.199701
2026-09-15T14:30:06.541Z,LINK,1.4382,15430,11.291,1347.199701
2026-09-15T14:30:06.541Z,POL,-1.0753,128.9,0.09672,1347.199701
2026-09-15T14:30:06.541Z,DOGE,1.5392,112.8,0.08246,1347.199701
2026-09-15T14:30:06.541Z,TRX,1.4053,460.4,0.33701,1347.199701
2026-09-15T14:30:06.541Z,XLM,1.5736,266.4,0.19468,1347.199701
2026-09-15T14:30:06.541Z,SHIB,2.5928,0.0071,5.137e-06,1347.199701
2026-09-15T14:30:06.541Z,BCH,0.8287,302100,222.4,1347.199701
2026-09-15T14:30:06.541Z,UNI,1.4974,8650,6.326,1347.199701
2026-09-15T14:30:06.541Z,AAVE,-0.4871,170100,126.88,1347.199701
2026-09-15T14:30:06.541Z,SUSHI,2.6052,293.6,0.2124,1347.199701
2026-09-15T14:30:06.541Z,LDO,3.5103,491,0.3521,1347.199701
2026-09-15T14:30:06.541Z,ICP,2.0236,3509,2.553,1347.199701
2026-09-15T14:30:06.541Z,NEAR,2.6289,3245,2.347,1347.199701
2026-09-15T14:30:06.541Z,HBAR,0.8223,106,0.07804,1347.199701
2026-09-15T14:30:06.541Z,XTZ,13.4928,390.5,0.2554,1347.199701
2026-09-15T14:30:06.541Z,DYDX,1.8276,147.8,0.10774,1347.199701
2026-09-15T14:30:06.541Z,ARB,1.9516,191.3,0.13928,1347.199701
2026-09-15T14:30:06.541Z,GMX,4.2586,10200,7.262,1347.199701
2026-09-15T14:30:06.541Z,IMX,-0.2351,163.3,0.1215,1347.199701
2026-09-15T14:30:06.541Z,INJ,-24.0434,6020,5.883,1347.199701
2026-09-15T14:30:06.541Z,GRT,8.4678,25.85,0.01769,1347.199701
2026-09-15T14:30:06.541Z,SUI,1.4779,966,0.7066,1347.199701
2026-09-15T14:30:06.541Z,HYPE,1.1357,106200,77.945,1347.199701
2026-09-15T14:35:06.910Z,BTC,1.4162,104001000,76119.9,1347.199701
2026-09-15T14:35:06.910Z,ETH,1.4531,3324000,2432,1347.199701
2026-09-15T14:35:06.910Z,SOL,1.369,136100,99.66,1347.199701
2026-09-15T14:35:06.910Z,BNB,1.347,979500,717.4,1347.199701
2026-09-15T14:35:06.910Z,XRP,1.3481,1907,1.3967,1347.199701
2026-09-15T14:35:06.910Z,ADA,1.7849,278.5,0.2031,1347.199701
2026-09-15T14:35:06.910Z,AVAX,2.3698,10280,7.454,1347.199701
2026-09-15T14:35:06.910Z,DOT,2.7121,1358,0.9814,1347.199701
2026-09-15T14:35:06.910Z,LINK,1.5371,15430,11.28,1347.199701
2026-09-15T14:35:06.910Z,POL,-1.2183,128.9,0.09686,1347.199701
2026-09-15T14:35:06.910Z,DOGE,1.8604,112.8,0.0822,1347.199701
2026-09-15T14:35:06.910Z,TRX,1.4384,460.4,0.3369,1347.199701
2026-09-15T14:35:06.910Z,XLM,1.6147,265.7,0.19409,1347.199701
2026-09-15T14:35:06.910Z,SHIB,1.3451,0.007,5.127e-06,1347.199701
2026-09-15T14:35:06.910Z,BCH,1.1014,302100,221.8,1347.199701
2026-09-15T14:35:06.910Z,UNI,1.5295,8650,6.324,1347.199701
2026-09-15T14:35:06.910Z,AAVE,-0.0539,170100,126.33,1347.199701
2026-09-15T14:35:06.910Z,SUSHI,2.9445,293.6,0.2117,1347.199701
2026-09-15T14:35:06.910Z,LDO,3.7755,491,0.3512,1347.199701
2026-09-15T14:35:06.910Z,ICP,2.1837,3509,2.549,1347.199701
2026-09-15T14:35:06.910Z,NEAR,1.5769,3209,2.345,1347.199701
2026-09-15T14:35:06.910Z,HBAR,1.1984,106,0.07775,1347.199701
2026-09-15T14:35:06.910Z,XTZ,13.4928,390.5,0.2554,1347.199701
2026-09-15T14:35:06.910Z,DYDX,1.8843,147.8,0.10768,1347.199701
2026-09-15T14:35:06.910Z,ARB,2.5702,191.3,0.13844,1347.199701
2026-09-15T14:35:06.910Z,GMX,4.7056,10200,7.231,1347.199701
2026-09-15T14:35:06.910Z,IMX,-0.1035,163.3,0.12134,1347.199701
2026-09-15T14:35:06.910Z,INJ,-23.9658,6020,5.877,1347.199701
2026-09-15T14:35:06.910Z,GRT,8.5291,25.85,0.01768,1347.199701
2026-09-15T14:35:06.910Z,SUI,1.8238,966,0.7042,1347.199701
2026-09-15T14:35:06.910Z,HYPE,1.3969,106100,77.671,1347.199701
2026-09-15T14:40:07.089Z,BTC,1.478,103660000,75824.1,1347.199701
2026-09-15T14:40:07.089Z,ETH,1.4109,3302000,2416.91,1347.199701
2026-09-15T14:40:07.089Z,SOL,1.458,135700,99.28,1347.199701
2026-09-15T14:40:07.089Z,BNB,1.5736,979500,715.8,1347.199701
2026-09-15T14:40:07.089Z,XRP,1.4901,1896,1.3867,1347.199701
2026-09-15T14:40:07.089Z,ADA,1.7648,276.8,0.2019,1347.199701
2026-09-15T14:40:07.089Z,AVAX,2.8943,10280,7.416,1347.199701
2026-09-15T14:40:07.089Z,DOT,3.0481,1358,0.9782,1347.199701
2026-09-15T14:40:07.089Z,LINK,1.7104,15370,11.217,1347.199701
2026-09-15T14:40:07.089Z,POL,-0.8498,128.9,0.0965,1347.199701
2026-09-15T14:40:07.089Z,DOGE,1.3855,111.4,0.08156,1347.199701
2026-09-15T14:40:07.089Z,TRX,1.5288,460.4,0.3366,1347.199701
2026-09-15T14:40:07.089Z,XLM,1.6203,263.1,0.19218,1347.199701
2026-09-15T14:40:07.089Z,SHIB,1.9016,0.007,5.099e-06,1347.199701
2026-09-15T14:40:07.089Z,BCH,1.6053,302100,220.7,1347.199701
2026-09-15T14:40:07.089Z,UNI,1.8355,8650,6.305,1347.199701
2026-09-15T14:40:07.089Z,AAVE,0.543,170100,125.58,1347.199701
2026-09-15T14:40:07.089Z,SUSHI,3.4822,293.6,0.2106,1347.199701
2026-09-15T14:40:07.089Z,LDO,4.2207,491,0.3497,1347.199701
2026-09-15T14:40:07.089Z,ICP,2.6266,3509,2.538,1347.199701
2026-09-15T14:40:07.089Z,NEAR,1.7504,3209,2.341,1347.199701
2026-09-15T14:40:07.089Z,HBAR,1.8534,106,0.07725,1347.199701
2026-09-15T14:40:07.089Z,XTZ,14.0734,390.5,0.2541,1347.199701
2026-09-15T14:40:07.089Z,DYDX,2.8587,147.8,0.10666,1347.199701
2026-09-15T14:40:07.089Z,ARB,2.3016,189.6,0.13757,1347.199701
2026-09-15T14:40:07.089Z,GMX,5.6111,10200,7.169,1347.199701
2026-09-15T14:40:07.089Z,IMX,0.343,163.3,0.1208,1347.199701
2026-09-15T14:40:07.089Z,INJ,-23.6149,6020,5.85,1347.199701
2026-09-15T14:40:07.089Z,GRT,9.1465,25.85,0.01758,1347.199701
2026-09-15T14:40:07.089Z,SUI,1.534,958.6,0.7008,1347.199701
2026-09-15T14:40:07.089Z,HYPE,1.7822,106000,77.304,1347.199701
2026-09-15T14:45:07.098Z,BTC,1.3452,103620000,75894.2,1347.199701
2026-09-15T14:45:07.098Z,ETH,1.4066,3301000,2416.28,1347.199701
2026-09-15T14:45:07.098Z,SOL,1.5136,135200,98.86,1347.199701
2026-09-15T14:45:07.098Z,BNB,1.5452,979500,716,1347.199701
2026-09-15T14:45:07.098Z,XRP,1.4975,1896,1.3866,1347.199701
2026-09-15T14:45:07.098Z,ADA,1.4216,274.5,0.2009,1347.199701
2026-09-15T14:45:07.098Z,AVAX,1.2018,10100,7.408,1347.199701
2026-09-15T14:45:07.098Z,DOT,1.041,1334,0.98,1347.199701
2026-09-15T14:45:07.098Z,LINK,1.4189,15300,11.198,1347.199701
2026-09-15T14:45:07.098Z,POL,-0.6851,128.9,0.09634,1347.199701
2026-09-15T14:45:07.098Z,DOGE,1.3153,111.2,0.08147,1347.199701
2026-09-15T14:45:07.098Z,TRX,1.6463,460.7,0.33643,1347.199701
2026-09-15T14:45:07.098Z,XLM,1.1744,261.7,0.192,1347.199701
2026-09-15T14:45:07.098Z,SHIB,2.1219,0.007,5.088e-06,1347.199701
2026-09-15T14:45:07.098Z,BCH,1.5133,302100,220.9,1347.199701
2026-09-15T14:45:07.098Z,UNI,2.7809,8650,6.247,1347.199701
2026-09-15T14:45:07.098Z,AAVE,0.7999,170100,125.26,1347.199701
2026-09-15T14:45:07.098Z,SUSHI,3.6791,293.6,0.2102,1347.199701
2026-09-15T14:45:07.098Z,LDO,4.34,491,0.3493,1347.199701
2026-09-15T14:45:07.098Z,ICP,2.8698,3509,2.532,1347.199701
2026-09-15T14:45:07.098Z,NEAR,1.6636,3209,2.343,1347.199701
2026-09-15T14:45:07.098Z,HBAR,1.9193,106,0.0772,1347.199701
2026-09-15T14:45:07.098Z,XTZ,14.2082,390.5,0.2538,1347.199701
2026-09-15T14:45:07.098Z,DYDX,3.3723,147.8,0.10613,1347.199701
2026-09-15T14:45:07.098Z,ARB,1.4206,188.5,0.13796,1347.199701
2026-09-15T14:45:07.098Z,GMX,5.7439,10200,7.16,1347.199701
2026-09-15T14:45:07.098Z,IMX,0.735,163.3,0.12033,1347.199701
2026-09-15T14:45:07.098Z,INJ,-23.3923,6020,5.833,1347.199701
2026-09-15T14:45:07.098Z,GRT,9.333,25.85,0.01755,1347.199701
2026-09-15T14:45:07.098Z,SUI,1.083,952.3,0.6993,1347.199701
2026-09-15T14:45:07.098Z,HYPE,1.4307,105500,77.206,1347.199701
2026-09-15T14:50:06.547Z,BTC,1.494,103482000,75682,1347.199701
2026-09-15T14:50:06.547Z,ETH,1.5613,3291000,2405.29,1347.199701
2026-09-15T14:50:06.547Z,SOL,1.6006,134700,98.41,1347.199701
2026-09-15T14:50:06.547Z,BNB,1.8439,979500,713.9,1347.199701
2026-09-15T14:50:06.547Z,XRP,1.5452,1888,1.3801,1347.199701
2026-09-15T14:50:06.547Z,ADA,1.878,274.5,0.2,1347.199701
2026-09-15T14:50:06.547Z,AVAX,1.6726,10110,7.381,1347.199701
2026-09-15T14:50:06.547Z,DOT,1.4136,1334,0.9764,1347.199701
2026-09-15T14:50:06.547Z,LINK,2.5699,15370,11.123,1347.199701
2026-09-15T14:50:06.547Z,POL,-0.5096,128.9,0.09617,1347.199701
2026-09-15T14:50:06.547Z,DOGE,1.553,110.9,0.08106,1347.199701
2026-09-15T14:50:06.547Z,TRX,1.6765,460.7,0.33633,1347.199701
2026-09-15T14:50:06.547Z,XLM,1.6276,259.6,0.18961,1347.199701
2026-09-15T14:50:06.547Z,SHIB,2.5654,0.007,5.066e-06,1347.199701
2026-09-15T14:50:06.547Z,BCH,1.8823,302100,220.1,1347.199701
2026-09-15T14:50:06.547Z,UNI,2.0936,8500,6.18,1347.199701
2026-09-15T14:50:06.547Z,AAVE,1.857,170100,123.96,1347.199701
2026-09-15T14:50:06.547Z,SUSHI,4.3743,293.6,0.2088,1347.199701
2026-09-15T14:50:06.547Z,LDO,4.8503,491,0.3476,1347.199701
2026-09-15T14:50:06.547Z,ICP,3.2776,3509,2.522,1347.199701
2026-09-15T14:50:06.547Z,NEAR,1.881,3209,2.338,1347.199701
2026-09-15T14:50:06.547Z,HBAR,2.0118,106,0.07713,1347.199701
2026-09-15T14:50:06.547Z,XTZ,14.4789,390.5,0.2532,1347.199701
2026-09-15T14:50:06.547Z,DYDX,3.6948,147.8,0.1058,1347.199701
2026-09-15T14:50:06.547Z,ARB,2.0047,188.5,0.13717,1347.199701
2026-09-15T14:50:06.547Z,GMX,6.1144,10200,7.135,1347.199701
2026-09-15T14:50:06.547Z,IMX,0.9783,163.3,0.12004,1347.199701
2026-09-15T14:50:06.547Z,INJ,-22.056,6020,5.733,1347.199701
2026-09-15T14:50:06.547Z,GRT,9.7709,25.85,0.01748,1347.199701
2026-09-15T14:50:06.547Z,SUI,1.504,952.3,0.6964,1347.199701
2026-09-15T14:50:06.547Z,HYPE,1.6836,105300,76.868,1347.199701
2026-09-15T14:55:06.893Z,BTC,1.4708,103810000,75939.2,1347.199701
2026-09-15T14:55:06.893Z,ETH,1.2835,3278000,2402.36,1347.199701
2026-09-15T14:55:06.893Z,SOL,1.4666,134700,98.54,1347.199701
2026-09-15T14:55:06.893Z,BNB,1.2909,975000,714.5,1347.199701
2026-09-15T14:55:06.893Z,XRP,1.5747,1888,1.3797,1347.199701
2026-09-15T14:55:06.893Z,ADA,0.8892,271.7,0.1999,1347.199701
2026-09-15T14:55:06.893Z,AVAX,1.0966,10050,7.379,1347.199701
2026-09-15T14:55:06.893Z,DOT,1.2891,1334,0.9776,1347.199701
2026-09-15T14:55:06.893Z,LINK,1.0259,15140,11.124,1347.199701
2026-09-15T14:55:06.893Z,POL,-0.2191,128.9,0.09589,1347.199701
2026-09-15T14:55:06.893Z,DOGE,0.9582,110.4,0.08117,1347.199701
2026-09-15T14:55:06.893Z,TRX,1.6729,460.3,0.33605,1347.199701
2026-09-15T14:55:06.893Z,XLM,1.5108,260.3,0.19034,1347.199701
2026-09-15T14:55:06.893Z,SHIB,1.0603,0.0069,5.068e-06,1347.199701
2026-09-15T14:55:06.893Z,BCH,2.3365,300000,217.6,1347.199701
2026-09-15T14:55:06.893Z,UNI,1.8252,8490,6.189,1347.199701
2026-09-15T14:55:06.893Z,AAVE,2.0546,170100,123.72,1347.199701
2026-09-15T14:55:06.893Z,SUSHI,1.6052,285.4,0.2085,1347.199701
2026-09-15T14:55:06.893Z,LDO,0.9587,474,0.3485,1347.199701
2026-09-15T14:55:06.893Z,ICP,2.8291,3509,2.533,1347.199701
2026-09-15T14:55:06.893Z,NEAR,1.3177,3209,2.351,1347.199701
2026-09-15T14:55:06.893Z,HBAR,2.0118,106,0.07713,1347.199701
2026-09-15T14:55:06.893Z,XTZ,14.5241,390.5,0.2531,1347.199701
2026-09-15T14:55:06.893Z,DYDX,1.1724,144.6,0.10609,1347.199701
2026-09-15T14:55:06.893Z,ARB,1.8859,188.5,0.13733,1347.199701
2026-09-15T14:55:06.893Z,GMX,5.9955,10200,7.143,1347.199701
2026-09-15T14:55:06.893Z,IMX,0.4428,163.3,0.12068,1347.199701
2026-09-15T14:55:06.893Z,INJ,-21.301,6020,5.678,1347.199701
2026-09-15T14:55:06.893Z,GRT,9.8337,25.85,0.01747,1347.199701
2026-09-15T14:55:06.893Z,SUI,1.6858,948.8,0.6926,1347.199701
2026-09-15T14:55:06.893Z,HYPE,0.9597,104700,76.978,1347.199701
2026-09-15T15:00:06.836Z,BTC,1.6009,103926000,75926.7,1347.199701
2026-09-15T15:00:06.836Z,ETH,1.6451,3297000,2407.69,1347.199701
2026-09-15T15:00:06.836Z,SOL,1.1177,134700,98.88,1347.199701
2026-09-15T15:00:06.836Z,BNB,1.1352,975000,715.6,1347.199701
2026-09-15T15:00:06.836Z,XRP,1.5341,1896,1.3861,1347.199701
2026-09-15T15:00:06.836Z,ADA,0.6878,271.7,0.2003,1347.199701
2026-09-15T15:00:06.836Z,AVAX,0.728,10050,7.406,1347.199701
2026-09-15T15:00:06.836Z,DOT,1.528,1334,0.9753,1347.199701
2026-09-15T15:00:06.836Z,LINK,0.5019,15140,11.182,1347.199701
2026-09-15T15:00:06.836Z,POL,-0.3853,128.9,0.09605,1347.199701
2026-09-15T15:00:06.836Z,DOGE,0.834,110.4,0.08127,1347.199701
2026-09-15T15:00:06.836Z,TRX,1.6033,460.3,0.33628,1347.199701
2026-09-15T15:00:06.836Z,XLM,1.0006,259.4,0.19064,1347.199701
2026-09-15T15:00:06.836Z,SHIB,0.7422,0.0069,5.084e-06,1347.199701
2026-09-15T15:00:06.836Z,BCH,2.1019,300000,218.1,1347.199701
2026-09-15T15:00:06.836Z,UNI,0.6864,8490,6.259,1347.199701
2026-09-15T15:00:06.836Z,AAVE,1.3663,170100,124.56,1347.199701
2026-09-15T15:00:06.836Z,SUSHI,1.3136,285.4,0.2091,1347.199701
2026-09-15T15:00:06.836Z,LDO,0.4973,474,0.3501,1347.199701
2026-09-15T15:00:06.836Z,ICP,2.5054,3509,2.541,1347.199701
2026-09-15T15:00:06.836Z,NEAR,1.2746,3209,2.352,1347.199701
2026-09-15T15:00:06.836Z,HBAR,1.8534,106,0.07725,1347.199701
2026-09-15T15:00:06.836Z,XTZ,14.3434,390.5,0.2535,1347.199701
2026-09-15T15:00:06.836Z,DYDX,0.8018,144.6,0.10648,1347.199701
2026-09-15T15:00:06.836Z,ARB,1.4729,187.9,0.13745,1347.199701
2026-09-15T15:00:06.836Z,GMX,5.6406,10200,7.167,1347.199701
2026-09-15T15:00:06.836Z,IMX,0.0862,163.3,0.12111,1347.199701
2026-09-15T15:00:06.836Z,INJ,-21.2733,6020,5.676,1347.199701
2026-09-15T15:00:06.836Z,GRT,9.5203,25.85,0.01752,1347.199701
2026-09-15T15:00:06.836Z,SUI,1.0439,948.8,0.697,1347.199701
2026-09-15T15:00:06.836Z,HYPE,0.923,104700,77.006,1347.199701
2026-09-15T15:05:07.119Z,BTC,1.5368,103998000,76027.3,1347.199701
2026-09-15T15:05:07.119Z,ETH,1.5257,3296000,2409.79,1347.199701
2026-09-15T15:05:07.119Z,SOL,1.3766,135400,99.14,1347.199701
2026-09-15T15:05:07.119Z,BNB,0.8955,975000,717.3,1347.199701
2026-09-15T15:05:07.119Z,XRP,1.4824,1899,1.389,1347.199701
2026-09-15T15:05:07.119Z,ADA,0.2872,271.7,0.2011,1347.199701
2026-09-15T15:05:07.119Z,AVAX,0.3621,10050,7.433,1347.199701
2026-09-15T15:05:07.119Z,DOT,1.0513,1334,0.9799,1347.199701
2026-09-15T15:05:07.119Z,LINK,0.2509,15140,11.21,1347.199701
2026-09-15T15:05:07.119Z,POL,-0.8395,128.9,0.09649,1347.199701
2026-09-15T15:05:07.119Z,DOGE,1.4268,111.5,0.0816,1347.199701
2026-09-15T15:05:07.119Z,TRX,1.5501,460.1,0.33631,1347.199701
2026-09-15T15:05:07.119Z,XLM,1.4491,261.7,0.19148,1347.199701
2026-09-15T15:05:07.119Z,SHIB,0.3082,0.0069,5.106e-06,1347.199701
2026-09-15T15:05:07.119Z,BCH,1.5432,300000,219.3,1347.199701
2026-09-15T15:05:07.119Z,UNI,0.3657,8490,6.279,1347.199701
2026-09-15T15:05:07.119Z,AAVE,0.9288,170100,125.1,1347.199701
2026-09-15T15:05:07.119Z,SUSHI,0.8794,285.4,0.21,1347.199701
2026-09-15T15:05:07.119Z,LDO,0.2681,474,0.3509,1347.199701
2026-09-15T15:05:07.119Z,ICP,2.3041,3509,2.546,1347.199701
2026-09-15T15:05:07.119Z,NEAR,0.6328,3209,2.367,1347.199701
2026-09-15T15:05:07.119Z,HBAR,1.5904,106,0.07745,1347.199701
2026-09-15T15:05:07.119Z,XTZ,13.8941,390.5,0.2545,1347.199701
2026-09-15T15:05:07.119Z,DYDX,0.4715,144.6,0.10683,1347.199701
2026-09-15T15:05:07.119Z,ARB,0.8292,188.8,0.13899,1347.199701
2026-09-15T15:05:07.119Z,GMX,4.9669,10200,7.213,1347.199701
2026-09-15T15:05:07.119Z,IMX,0.1524,163.3,0.12103,1347.199701
2026-09-15T15:05:07.119Z,INJ,-21.3703,6020,5.683,1347.199701
2026-09-15T15:05:07.119Z,GRT,9.0224,25.85,0.0176,1347.199701
2026-09-15T15:05:07.119Z,SUI,0.6108,948.8,0.7,1347.199701
2026-09-15T15:05:07.119Z,HYPE,0.5027,104700,77.328,1347.199701
2026-09-15T15:10:06.969Z,BTC,1.5241,103928000,75985.6,1347.199701
2026-09-15T15:10:06.969Z,ETH,1.5844,3300000,2411.32,1347.199701
2026-09-15T15:10:06.969Z,SOL,1.6699,135600,99,1347.199701
2026-09-15T15:10:06.969Z,BNB,0.9377,975000,717,1347.199701
2026-09-15T15:10:06.969Z,XRP,1.5578,1900,1.3887,1347.199701
2026-09-15T15:10:06.969Z,ADA,0.2374,271.7,0.2012,1347.199701
2026-09-15T15:10:06.969Z,AVAX,0.4432,10050,7.427,1347.199701
2026-09-15T15:10:06.969Z,DOT,1.0617,1334,0.9798,1347.199701
2026-09-15T15:10:06.969Z,LINK,0.3404,15140,11.2,1347.199701
2026-09-15T15:10:06.969Z,POL,-0.8806,128.9,0.09653,1347.199701
2026-09-15T15:10:06.969Z,DOGE,1.3647,111.5,0.08165,1347.199701
2026-09-15T15:10:06.969Z,TRX,1.5924,460.1,0.33617,1347.199701
2026-09-15T15:10:06.969Z,XLM,1.5805,262.6,0.19189,1347.199701
2026-09-15T15:10:06.969Z,SHIB,1.8816,0.007,5.1e-06,1347.199701
2026-09-15T15:10:06.969Z,BCH,1.4506,300000,219.5,1347.199701
2026-09-15T15:10:06.969Z,UNI,-0.1432,8490,6.311,1347.199701
2026-09-15T15:10:06.969Z,AAVE,0.9691,170100,125.05,1347.199701
2026-09-15T15:10:06.969Z,SUSHI,0.9756,285.4,0.2098,1347.199701
2026-09-15T15:10:06.969Z,LDO,0.1825,474,0.3512,1347.199701
2026-09-15T15:10:06.969Z,ICP,2.1837,3509,2.549,1347.199701
2026-09-15T15:10:06.969Z,NEAR,1.2315,3209,2.353,1347.199701
2026-09-15T15:10:06.969Z,HBAR,1.6166,106,0.07743,1347.199701
2026-09-15T15:10:06.969Z,XTZ,13.5817,390.5,0.2552,1347.199701
2026-09-15T15:10:06.969Z,DYDX,0.3119,144.6,0.107,1347.199701
2026-09-15T15:10:06.969Z,ARB,1.8379,191.8,0.1398,1347.199701
2026-09-15T15:10:06.969Z,GMX,4.9669,10200,7.213,1347.199701
2026-09-15T15:10:06.969Z,IMX,0.0697,163.3,0.12113,1347.199701
2026-09-15T15:10:06.969Z,INJ,-21.1483,6020,5.667,1347.199701
2026-09-15T15:10:06.969Z,GRT,9.333,25.85,0.01755,1347.199701
2026-09-15T15:10:06.969Z,SUI,0.654,948.8,0.6997,1347.199701
2026-09-15T15:10:06.969Z,HYPE,0.7359,104700,77.149,1347.199701
2026-09-15T15:15:06.577Z,BTC,1.5681,103967000,75981.2,1347.199701
2026-09-15T15:15:06.577Z,ETH,1.5056,3298000,2411.73,1347.199701
2026-09-15T15:15:06.577Z,SOL,1.6186,135600,99.05,1347.199701
2026-09-15T15:15:06.577Z,BNB,0.9096,975000,717.2,1347.199701
2026-09-15T15:15:06.577Z,XRP,1.6,1896,1.3852,1347.199701
2026-09-15T15:15:06.577Z,ADA,0.1378,271.7,0.2014,1347.199701
2026-09-15T15:15:06.577Z,AVAX,0.4432,10050,7.427,1347.199701
2026-09-15T15:15:06.577Z,DOT,1.0204,1334,0.9802,1347.199701
2026-09-15T15:15:06.577Z,LINK,0.3852,15140,11.195,1347.199701
2026-09-15T15:15:06.577Z,POL,-1.2183,128.9,0.09686,1347.199701
2026-09-15T15:15:06.577Z,DOGE,1.3771,111.5,0.08164,1347.199701
2026-09-15T15:15:06.577Z,TRX,1.6408,460.1,0.33601,1347.199701
2026-09-15T15:15:06.577Z,XLM,1.5544,262.3,0.19172,1347.199701
2026-09-15T15:15:06.577Z,SHIB,1.8816,0.007,5.1e-06,1347.199701
2026-09-15T15:15:06.577Z,BCH,1.2201,300000,220,1347.199701
2026-09-15T15:15:06.577Z,UNI,0.0311,8490,6.3,1347.199701
2026-09-15T15:15:06.577Z,AAVE,0.9853,170100,125.03,1347.199701
2026-09-15T15:15:06.577Z,SUSHI,1.072,285.4,0.2096,1347.199701
2026-09-15T15:15:06.577Z,LDO,0.154,474,0.3513,1347.199701
2026-09-15T15:15:06.577Z,ICP,2.2639,3509,2.547,1347.199701
2026-09-15T15:15:06.577Z,NEAR,1.0597,3209,2.357,1347.199701
2026-09-15T15:15:06.577Z,HBAR,1.656,106,0.0774,1347.199701
2026-09-15T15:15:06.577Z,XTZ,14.0285,390.5,0.2542,1347.199701
2026-09-15T15:15:06.577Z,DYDX,0.2557,144.6,0.10706,1347.199701
2026-09-15T15:15:06.577Z,ARB,1.5657,191,0.13959,1347.199701
2026-09-15T15:15:06.577Z,GMX,5.464,10200,7.179,1347.199701
2026-09-15T15:15:06.577Z,IMX,0.0697,163.3,0.12113,1347.199701
2026-09-15T15:15:06.577Z,INJ,-20.9809,6020,5.655,1347.199701
2026-09-15T15:15:06.577Z,GRT,9.4578,25.85,0.01753,1347.199701
2026-09-15T15:15:06.577Z,SUI,0.4386,948.8,0.7012,1347.199701
2026-09-15T15:15:06.577Z,HYPE,0.629,104700,77.231,1347.199701
2026-09-15T15:20:06.884Z,BTC,1.5953,104007000,75990.1,1347.199701
2026-09-15T15:20:06.884Z,ETH,1.7484,3307000,2412.54,1347.199701
2026-09-15T15:20:06.884Z,SOL,1.6658,135800,99.15,1347.199701
2026-09-15T15:20:06.884Z,BNB,0.9096,975000,717.2,1347.199701
2026-09-15T15:20:06.884Z,XRP,1.5555,1899,1.388,1347.199701
2026-09-15T15:20:06.884Z,ADA,1.7322,276.3,0.2016,1347.199701
2026-09-15T15:20:06.884Z,AVAX,0.538,10050,7.42,1347.199701
2026-09-15T15:20:06.884Z,DOT,0.938,1334,0.981,1347.199701
2026-09-15T15:20:06.884Z,LINK,0.3763,15140,11.196,1347.199701
2026-09-15T15:20:06.884Z,POL,-1.2896,128.9,0.09693,1347.199701
2026-09-15T15:20:06.884Z,DOGE,1.3647,111.5,0.08165,1347.199701
2026-09-15T15:20:06.884Z,TRX,1.6075,460.1,0.33612,1347.199701
2026-09-15T15:20:06.884Z,XLM,1.6013,262.9,0.19207,1347.199701
2026-09-15T15:20:06.884Z,SHIB,1.8018,0.007,5.104e-06,1347.199701
2026-09-15T15:20:06.884Z,BCH,1.3122,300000,219.8,1347.199701
2026-09-15T15:20:06.884Z,UNI,-0.0799,8490,6.307,1347.199701
2026-09-15T15:20:06.884Z,AAVE,0.816,170100,125.24,1347.199701
2026-09-15T15:20:06.884Z,SUSHI,1.0238,285.4,0.2097,1347.199701
2026-09-15T15:20:06.884Z,LDO,0.097,474,0.3515,1347.199701
2026-09-15T15:20:06.884Z,ICP,2.2639,3509,2.547,1347.199701
2026-09-15T15:20:06.884Z,NEAR,1.1026,3209,2.356,1347.199701
2026-09-15T15:20:06.884Z,HBAR,1.5379,106,0.07749,1347.199701
2026-09-15T15:20:06.884Z,XTZ,14.0734,390.5,0.2541,1347.199701
2026-09-15T15:20:06.884Z,DYDX,-0.0151,144.6,0.10735,1347.199701
2026-09-15T15:20:06.884Z,ARB,1.0733,191,0.14027,1347.199701
2026-09-15T15:20:06.884Z,GMX,5.3173,10200,7.189,1347.199701
2026-09-15T15:20:06.884Z,IMX,-0.1693,163.3,0.12142,1347.199701
2026-09-15T15:20:06.884Z,INJ,-21.2733,6020,5.676,1347.199701
2026-09-15T15:20:06.884Z,GRT,9.1465,25.85,0.01758,1347.199701
2026-09-15T15:20:06.884Z,SUI,0.4243,948.8,0.7013,1347.199701
2026-09-15T15:20:06.884Z,HYPE,0.443,104700,77.374,1347.199701
2026-09-15T15:25:06.890Z,BTC,1.5168,104410000,76343.5,1347.199701
2026-09-15T15:25:06.890Z,ETH,1.5434,3316000,2423.99,1347.199701
2026-09-15T15:25:06.890Z,SOL,1.3657,136000,99.59,1347.199701
2026-09-15T15:25:06.890Z,BNB,0.727,975000,718.5,1347.199701
2026-09-15T15:25:06.890Z,XRP,1.5298,1907,1.3942,1347.199701
2026-09-15T15:25:06.890Z,ADA,1.1668,276.4,0.2028,1347.199701
2026-09-15T15:25:06.890Z,AVAX,-0.0279,10050,7.462,1347.199701
2026-09-15T15:25:06.890Z,DOT,0.2533,1334,0.9877,1347.199701
2026-09-15T15:25:06.890Z,LINK,1.1871,15370,11.275,1347.199701
2026-09-15T15:25:06.890Z,POL,-1.7962,128.9,0.09743,1347.199701
2026-09-15T15:25:06.890Z,DOGE,1.3723,112,0.08201,1347.199701
2026-09-15T15:25:06.890Z,TRX,1.5894,460.1,0.33618,1347.199701
2026-09-15T15:25:06.890Z,XLM,1.0861,264.1,0.19393,1347.199701
2026-09-15T15:25:06.890Z,SHIB,1.2858,0.007,5.13e-06,1347.199701
2026-09-15T15:25:06.890Z,BCH,0.9448,300000,220.6,1347.199701
2026-09-15T15:25:06.890Z,UNI,-0.9593,8490,6.363,1347.199701
2026-09-15T15:25:06.890Z,AAVE,0.3911,170100,125.77,1347.199701
2026-09-15T15:25:06.890Z,SUSHI,0.3538,285.4,0.2111,1347.199701
2026-09-15T15:25:06.890Z,LDO,-0.4975,474,0.3536,1347.199701
2026-09-15T15:25:06.890Z,ICP,1.7844,3509,2.559,1347.199701
2026-09-15T15:25:06.890Z,NEAR,0.4207,3209,2.372,1347.199701
2026-09-15T15:25:06.890Z,HBAR,0.9646,106,0.07793,1347.199701
2026-09-15T15:25:06.890Z,XTZ,13.5817,390.5,0.2552,1347.199701
2026-09-15T15:25:06.890Z,DYDX,-0.3308,144.6,0.10769,1347.199701
2026-09-15T15:25:06.890Z,ARB,-0.606,191,0.14264,1347.199701
2026-09-15T15:25:06.890Z,GMX,4.7345,10200,7.229,1347.199701
2026-09-15T15:25:06.890Z,IMX,-0.6439,163.3,0.122,1347.199701
2026-09-15T15:25:06.890Z,INJ,-21.7695,6020,5.712,1347.199701
2026-09-15T15:25:06.890Z,GRT,8.652,25.85,0.01766,1347.199701
2026-09-15T15:25:06.890Z,SUI,-0.0744,948.8,0.7048,1347.199701
2026-09-15T15:25:06.890Z,HYPE,0.1647,104700,77.589,1347.199701
2026-09-15T15:30:07.107Z,BTC,1.7231,104579000,76312,1347.199701
2026-09-15T15:30:07.107Z,ETH,1.5875,3318000,2424.4,1347.199701
2026-09-15T15:30:07.107Z,SOL,1.5831,136100,99.45,1347.199701
2026-09-15T15:30:07.107Z,BNB,0.755,975000,718.3,1347.199701
2026-09-15T15:30:07.107Z,XRP,1.6005,1906,1.3925,1347.199701
2026-09-15T15:30:07.107Z,ADA,1.8665,277.9,0.2025,1347.199701
2026-09-15T15:30:07.107Z,AVAX,0.0794,10050,7.454,1347.199701
2026-09-15T15:30:07.107Z,DOT,0.4262,1334,0.986,1347.199701
2026-09-15T15:30:07.107Z,LINK,1.2231,15370,11.271,1347.199701
2026-09-15T15:30:07.107Z,POL,-1.6246,128.9,0.09726,1347.199701
2026-09-15T15:30:07.107Z,DOGE,1.6077,112,0.08182,1347.199701
2026-09-15T15:30:07.107Z,TRX,1.6347,460.1,0.33603,1347.199701
2026-09-15T15:30:07.107Z,XLM,1.8259,265.1,0.19325,1347.199701
2026-09-15T15:30:07.107Z,SHIB,1.4638,0.007,5.121e-06,1347.199701
2026-09-15T15:30:07.107Z,BCH,1.1281,300000,220.2,1347.199701
2026-09-15T15:30:07.107Z,UNI,-0.7096,8490,6.347,1347.199701
2026-09-15T15:30:07.107Z,AAVE,0.3672,170100,125.8,1347.199701
2026-09-15T15:30:07.107Z,SUSHI,0.4966,285.4,0.2108,1347.199701
2026-09-15T15:30:07.107Z,LDO,-0.4975,474,0.3536,1347.199701
2026-09-15T15:30:07.107Z,ICP,1.7446,3509,2.56,1347.199701
2026-09-15T15:30:07.107Z,NEAR,0.5478,3209,2.369,1347.199701
2026-09-15T15:30:07.107Z,HBAR,1.1984,106,0.07775,1347.199701
2026-09-15T15:30:07.107Z,XTZ,13.76,390.5,0.2548,1347.199701
2026-09-15T15:30:07.107Z,DYDX,-0.3678,144.6,0.10773,1347.199701
2026-09-15T15:30:07.107Z,ARB,-2.7936,191,0.14585,1347.199701
2026-09-15T15:30:07.107Z,GMX,4.8942,10200,7.218,1347.199701
2026-09-15T15:30:07.107Z,IMX,-0.7416,163.3,0.12212,1347.199701
2026-09-15T15:30:07.107Z,INJ,-21.7968,6020,5.714,1347.199701
2026-09-15T15:30:07.107Z,GRT,8.5905,25.85,0.01767,1347.199701
2026-09-15T15:30:07.107Z,SUI,1.7152,963.6,0.7032,1347.199701
2026-09-15T15:30:07.107Z,HYPE,1.8228,106200,77.419,1347.199701
2026-09-15T15:35:06.569Z,BTC,1.5262,104450000,76365.7,1347.199701
2026-09-15T15:35:06.569Z,ETH,1.3925,3317000,2428.33,1347.199701
2026-09-15T15:35:06.569Z,SOL,1.5595,136000,99.4,1347.199701
2026-09-15T15:35:06.569Z,BNB,0.699,975000,718.7,1347.199701
2026-09-15T15:35:06.569Z,XRP,1.5107,1905,1.393,1347.199701
2026-09-15T15:35:06.569Z,ADA,1.6139,276.8,0.2022,1347.199701
2026-09-15T15:35:06.569Z,AVAX,0.1331,10050,7.45,1347.199701
2026-09-15T15:35:06.569Z,DOT,0.5077,1334,0.9852,1347.199701
2026-09-15T15:35:06.569Z,LINK,1.4562,15430,11.289,1347.199701
2026-09-15T15:35:06.569Z,POL,-1.1775,128.9,0.09682,1347.199701
2026-09-15T15:35:06.569Z,DOGE,1.4674,111.9,0.08186,1347.199701
2026-09-15T15:35:06.569Z,TRX,1.6045,460.1,0.33613,1347.199701
2026-09-15T15:35:06.569Z,XLM,1.5317,265.1,0.19381,1347.199701
2026-09-15T15:35:06.569Z,SHIB,1.4044,0.007,5.124e-06,1347.199701
2026-09-15T15:35:06.569Z,BCH,0.9905,300000,220.5,1347.199701
2026-09-15T15:35:06.569Z,UNI,-0.8034,8490,6.353,1347.199701
2026-09-15T15:35:06.569Z,AAVE,0.2715,170100,125.92,1347.199701
2026-09-15T15:35:06.569Z,SUSHI,0.2588,285.4,0.2113,1347.199701
2026-09-15T15:35:06.569Z,LDO,-0.5818,474,0.3539,1347.199701
2026-09-15T15:35:06.569Z,ICP,1.8242,3509,2.558,1347.199701
2026-09-15T15:35:06.569Z,NEAR,0.4207,3209,2.372,1347.199701
2026-09-15T15:35:06.569Z,HBAR,1.0554,106,0.07786,1347.199701
2026-09-15T15:35:06.569Z,XTZ,13.7154,390.5,0.2549,1347.199701
2026-09-15T15:35:06.569Z,DYDX,-0.3123,144.6,0.10767,1347.199701
2026-09-15T15:35:06.569Z,ARB,-1.5926,191,0.14407,1347.199701
2026-09-15T15:35:06.569Z,GMX,4.8942,10200,7.218,1347.199701
2026-09-15T15:35:06.569Z,IMX,-0.8065,163.3,0.1222,1347.199701
2026-09-15T15:35:06.569Z,INJ,-21.591,6020,5.699,1347.199701
2026-09-15T15:35:06.569Z,GRT,8.5291,25.85,0.01768,1347.199701
2026-09-15T15:35:06.569Z,SUI,1.6574,963.6,0.7036,1347.199701
2026-09-15T15:35:06.569Z,HYPE,1.7164,106200,77.5,1347.199701
2026-09-15T15:40:06.908Z,BTC,1.556,104511000,76387.9,1347.199701
2026-09-15T15:40:06.908Z,ETH,1.6123,3323000,2427.46,1347.199701
2026-09-15T15:40:06.908Z,SOL,1.6208,136000,99.34,1347.199701
2026-09-15T15:40:06.908Z,BNB,0.6429,975000,719.1,1347.199701
2026-09-15T15:40:06.908Z,XRP,1.5741,1904,1.3914,1347.199701
2026-09-15T15:40:06.908Z,ADA,1.788,277,0.202,1347.199701
2026-09-15T15:40:06.908Z,AVAX,0.1735,10050,7.447,1347.199701
2026-09-15T15:40:06.908Z,DOT,0.5179,1334,0.9851,1347.199701
2026-09-15T15:40:06.908Z,LINK,1.5641,15430,11.277,1347.199701
2026-09-15T15:40:06.908Z,POL,-1.4117,128.9,0.09705,1347.199701
2026-09-15T15:40:06.908Z,DOGE,1.6574,112,0.08178,1347.199701
2026-09-15T15:40:06.908Z,TRX,1.6108,459.8,0.33589,1347.199701
2026-09-15T15:40:06.908Z,XLM,1.4937,264.7,0.19359,1347.199701
2026-09-15T15:40:06.908Z,SHIB,1.4837,0.007,5.12e-06,1347.199701
2026-09-15T15:40:06.908Z,BCH,1.1741,300000,220.1,1347.199701
2026-09-15T15:40:06.908Z,UNI,-0.4901,8490,6.333,1347.199701
2026-09-15T15:40:06.908Z,AAVE,0.487,170100,125.65,1347.199701
2026-09-15T15:40:06.908Z,SUSHI,0.5443,285.4,0.2107,1347.199701
2026-09-15T15:40:06.908Z,LDO,-0.413,474,0.3533,1347.199701
2026-09-15T15:40:06.908Z,ICP,1.9437,3509,2.555,1347.199701
2026-09-15T15:40:06.908Z,NEAR,0.5478,3209,2.369,1347.199701
2026-09-15T15:40:06.908Z,HBAR,1.0035,106,0.0779,1347.199701
2026-09-15T15:40:06.908Z,XTZ,13.8494,390.5,0.2546,1347.199701
2026-09-15T15:40:06.908Z,DYDX,-0.4048,144.6,0.10777,1347.199701
2026-09-15T15:40:06.908Z,ARB,-2.4391,191,0.14532,1347.199701
2026-09-15T15:40:06.908Z,GMX,5.0105,10200,7.21,1347.199701
2026-09-15T15:40:06.908Z,IMX,-0.7416,163.3,0.12212,1347.199701
2026-09-15T15:40:06.908Z,INJ,-21.4256,6020,5.687,1347.199701
2026-09-15T15:40:06.908Z,GRT,8.7752,25.85,0.01764,1347.199701
2026-09-15T15:40:06.908Z,SUI,1.9327,963.6,0.7017,1347.199701
2026-09-15T15:40:06.908Z,HYPE,1.8544,106200,77.395,1347.199701
2026-09-15T15:45:06.905Z,BTC,1.5418,104519000,76404.4,1347.199701
2026-09-15T15:45:06.905Z,ETH,1.6521,3323000,2426.51,1347.199701
2026-09-15T15:45:06.905Z,SOL,1.6106,136000,99.35,1347.199701
2026-09-15T15:45:06.905Z,BNB,0.6709,975000,718.9,1347.199701
2026-09-15T15:45:06.905Z,XRP,1.5741,1904,1.3914,1347.199701
2026-09-15T15:45:06.905Z,ADA,1.7648,276.8,0.2019,1347.199701
2026-09-15T15:45:06.905Z,AVAX,0.3217,10050,7.436,1347.199701
2026-09-15T15:45:06.905Z,DOT,0.569,1334,0.9846,1347.199701
2026-09-15T15:45:06.905Z,LINK,1.6002,15430,11.273,1347.199701
2026-09-15T15:45:06.905Z,POL,-1.3609,128.9,0.097,1347.199701
2026-09-15T15:45:06.905Z,DOGE,1.5666,111.9,0.08178,1347.199701
2026-09-15T15:45:06.905Z,TRX,1.5957,459.8,0.33594,1347.199701
2026-09-15T15:45:06.905Z,XLM,1.7196,264.7,0.19316,1347.199701
2026-09-15T15:45:06.905Z,SHIB,1.5432,0.007,5.117e-06,1347.199701
2026-09-15T15:45:06.905Z,BCH,1.1741,300000,220.1,1347.199701
2026-09-15T15:45:06.905Z,UNI,-0.5529,8490,6.337,1347.199701
2026-09-15T15:45:06.905Z,AAVE,0.5831,170100,125.53,1347.199701
2026-09-15T15:45:06.905Z,SUSHI,0.6877,285.4,0.2104,1347.199701
2026-09-15T15:45:06.905Z,LDO,-0.2718,474,0.3528,1347.199701
2026-09-15T15:45:06.905Z,ICP,1.9836,3509,2.554,1347.199701
2026-09-15T15:45:06.905Z,NEAR,1.0169,3209,2.358,1347.199701
2026-09-15T15:45:06.905Z,HBAR,0.8352,106,0.07803,1347.199701
2026-09-15T15:45:06.905Z,XTZ,13.8941,390.5,0.2545,1347.199701
2026-09-15T15:45:06.905Z,DYDX,-0.0617,144.6,0.1074,1347.199701
2026-09-15T15:45:06.905Z,ARB,-3.0859,191,0.14629,1347.199701
2026-09-15T15:45:06.905Z,GMX,5.0397,10200,7.208,1347.199701
2026-09-15T15:45:06.905Z,IMX,-0.7334,163.3,0.12211,1347.199701
2026-09-15T15:45:06.905Z,INJ,-21.4394,6020,5.688,1347.199701
2026-09-15T15:45:06.905Z,GRT,8.8987,25.85,0.01762,1347.199701
2026-09-15T15:45:06.905Z,SUI,1.8746,963.6,0.7021,1347.199701
2026-09-15T15:45:06.905Z,HYPE,1.547,105900,77.41,1347.199701
2026-09-15T15:50:07.381Z,BTC,1.5579,104601000,76452.2,1347.199701
2026-09-15T15:50:07.381Z,ETH,1.5226,3318000,2425.95,1347.199701
2026-09-15T15:50:07.381Z,SOL,1.5697,136000,99.39,1347.199701
2026-09-15T15:50:07.381Z,BNB,0.713,975000,718.6,1347.199701
2026-09-15T15:50:07.381Z,XRP,1.631,1900,1.3877,1347.199701
2026-09-15T15:50:07.381Z,ADA,1.7648,276.8,0.2019,1347.199701
2026-09-15T15:50:07.381Z,AVAX,0.4297,10050,7.428,1347.199701
2026-09-15T15:50:07.381Z,DOT,0.7634,1334,0.9827,1347.199701
2026-09-15T15:50:07.381Z,LINK,1.6814,15430,11.264,1347.199701
2026-09-15T15:50:07.381Z,POL,-1.3914,128.9,0.09703,1347.199701
2026-09-15T15:50:07.381Z,DOGE,1.625,111.8,0.08166,1347.199701
2026-09-15T15:50:07.381Z,TRX,1.6986,459.8,0.3356,1347.199701
2026-09-15T15:50:07.381Z,XLM,2.0313,264.7,0.19257,1347.199701
2026-09-15T15:50:07.381Z,SHIB,1.5829,0.007,5.115e-06,1347.199701
2026-09-15T15:50:07.381Z,BCH,1.1741,300000,220.1,1347.199701
2026-09-15T15:50:07.381Z,UNI,-0.7721,8490,6.351,1347.199701
2026-09-15T15:50:07.381Z,AAVE,0.7757,170100,125.29,1347.199701
2026-09-15T15:50:07.381Z,SUSHI,0.5443,285.4,0.2107,1347.199701
2026-09-15T15:50:07.381Z,LDO,-0.0452,474,0.352,1347.199701
2026-09-15T15:50:07.381Z,ICP,2.2639,3509,2.547,1347.199701
2026-09-15T15:50:07.381Z,NEAR,0.8031,3209,2.363,1347.199701
2026-09-15T15:50:07.381Z,HBAR,0.7836,106,0.07807,1347.199701
2026-09-15T15:50:07.381Z,XTZ,13.9389,390.5,0.2544,1347.199701
2026-09-15T15:50:07.381Z,DYDX,-0.0617,144.6,0.1074,1347.199701
2026-09-15T15:50:07.381Z,ARB,-4.0826,191,0.14781,1347.199701
2026-09-15T15:50:07.381Z,GMX,5.0397,10200,7.208,1347.199701
2026-09-15T15:50:07.381Z,IMX,-0.5787,163.3,0.12192,1347.199701
2026-09-15T15:50:07.381Z,INJ,-21.3287,6020,5.68,1347.199701
2026-09-15T15:50:07.381Z,GRT,8.9605,25.85,0.01761,1347.199701
2026-09-15T15:50:07.381Z,SUI,1.8027,961,0.7007,1347.199701
2026-09-15T15:50:07.381Z,HYPE,1.3689,105900,77.546,1347.199701
2026-09-15T15:55:07.466Z,BTC,1.7182,104778000,76460.9,1347.199701
2026-09-15T15:55:07.466Z,ETH,1.7569,3322000,2423.28,1347.199701
2026-09-15T15:55:07.466Z,SOL,1.7232,136000,99.24,1347.199701
2026-09-15T15:55:07.466Z,BNB,0.7691,975000,718.2,1347.199701
2026-09-15T15:55:07.466Z,XRP,1.5386,1898,1.3875,1347.199701
2026-09-15T15:55:07.466Z,ADA,1.9163,276.8,0.2016,1347.199701
2026-09-15T15:55:07.466Z,AVAX,0.4297,10050,7.428,1347.199701
2026-09-15T15:55:07.466Z,DOT,0.9072,1334,0.9813,1347.199701
2026-09-15T15:55:07.466Z,LINK,1.8441,15430,11.246,1347.199701
2026-09-15T15:55:07.466Z,POL,-1.5334,128.9,0.09717,1347.199701
2026-09-15T15:55:07.466Z,DOGE,1.7084,111.7,0.08152,1347.199701
2026-09-15T15:55:07.466Z,TRX,1.7441,459.8,0.33545,1347.199701
2026-09-15T15:55:07.466Z,XLM,2.3182,264.7,0.19203,1347.199701
2026-09-15T15:55:07.466Z,SHIB,1.8018,0.007,5.104e-06,1347.199701
2026-09-15T15:55:07.466Z,BCH,1.2201,300000,220,1347.199701
2026-09-15T15:55:07.466Z,UNI,-0.2696,8490,6.319,1347.199701
2026-09-15T15:55:07.466Z,AAVE,0.9368,170100,125.09,1347.199701
2026-09-15T15:55:07.466Z,SUSHI,0.7355,285.4,0.2103,1347.199701
2026-09-15T15:55:07.466Z,LDO,0.211,474,0.3511,1347.199701
2026-09-15T15:55:07.466Z,ICP,2.5458,3509,2.54,1347.199701
2026-09-15T15:55:07.466Z,NEAR,0.8885,3209,2.361,1347.199701
2026-09-15T15:55:07.466Z,HBAR,1.1333,106,0.0778,1347.199701
2026-09-15T15:55:07.466Z,XTZ,13.9837,390.5,0.2543,1347.199701
2026-09-15T15:55:07.466Z,DYDX,-0.0803,144.6,0.10742,1347.199701
2026-09-15T15:55:07.466Z,ARB,-5.7844,191,0.15048,1347.199701
2026-09-15T15:55:07.466Z,GMX,5.2295,10200,7.195,1347.199701
2026-09-15T15:55:07.466Z,IMX,-0.4808,163.3,0.1218,1347.199701
2026-09-15T15:55:07.466Z,INJ,-21.2178,6020,5.672,1347.199701
2026-09-15T15:55:07.466Z,GRT,9.0844,25.85,0.01759,1347.199701
2026-09-15T15:55:07.466Z,SUI,1.8463,961,0.7004,1347.199701
2026-09-15T15:55:07.466Z,HYPE,1.727,105900,77.273,1347.199701
2026-09-15T16:00:07.205Z,BTC,1.6085,104687000,76477,1347.199701
2026-09-15T16:00:07.205Z,ETH,1.6554,3318000,2422.78,1347.199701
2026-09-15T16:00:07.205Z,SOL,1.6823,136000,99.28,1347.199701
2026-09-15T16:00:07.205Z,BNB,0.7691,975000,718.2,1347.199701
2026-09-15T16:00:07.205Z,XRP,1.5966,1901,1.3889,1347.199701
2026-09-15T16:00:07.205Z,ADA,1.9163,276.8,0.2016,1347.199701
2026-09-15T16:00:07.205Z,AVAX,0.4838,10050,7.424,1347.199701
2026-09-15T16:00:07.205Z,DOT,0.7429,1334,0.9829,1347.199701
2026-09-15T16:00:07.205Z,LINK,1.6453,15430,11.268,1347.199701
2026-09-15T16:00:07.205Z,POL,-1.5841,128.9,0.09722,1347.199701
2026-09-15T16:00:07.205Z,DOGE,1.5838,111.7,0.08162,1347.199701
2026-09-15T16:00:07.205Z,TRX,1.738,459.8,0.33547,1347.199701
2026-09-15T16:00:07.205Z,XLM,2.2916,264.7,0.19208,1347.199701
2026-09-15T16:00:07.205Z,SHIB,1.7022,0.007,5.109e-06,1347.199701
2026-09-15T16:00:07.205Z,BCH,1.0822,300000,220.3,1347.199701
2026-09-15T16:00:07.205Z,UNI,-0.3485,8490,6.324,1347.199701
2026-09-15T16:00:07.205Z,AAVE,0.9449,170100,125.08,1347.199701
2026-09-15T16:00:07.205Z,SUSHI,0.592,285.4,0.2106,1347.199701
2026-09-15T16:00:07.205Z,LDO,-0.0168,474,0.3519,1347.199701
2026-09-15T16:00:07.205Z,ICP,2.5054,3509,2.541,1347.199701
2026-09-15T16:00:07.205Z,NEAR,0.6328,3209,2.367,1347.199701
2026-09-15T16:00:07.205Z,HBAR,0.8094,106,0.07805,1347.199701
2026-09-15T16:00:07.205Z,XTZ,14.0734,390.5,0.2541,1347.199701
2026-09-15T16:00:07.205Z,DYDX,-0.2103,144.6,0.10756,1347.199701
2026-09-15T16:00:07.205Z,ARB,-5.3694,191,0.14982,1347.199701
2026-09-15T16:00:07.205Z,GMX,5.1126,10200,7.203,1347.199701
2026-09-15T16:00:07.205Z,IMX,-0.5053,163.3,0.12183,1347.199701
2026-09-15T16:00:07.205Z,INJ,-21.3703,6020,5.683,1347.199701
2026-09-15T16:00:07.205Z,GRT,9.0844,25.85,0.01759,1347.199701
2026-09-15T16:00:07.205Z,SUI,1.7301,961,0.7012,1347.199701
2026-09-15T16:00:07.205Z,HYPE,1.7046,105900,77.29,1347.199701
2026-09-15T16:05:06.907Z,BTC,1.7411,104798000,76458.3,1347.199701
2026-09-15T16:05:06.907Z,ETH,1.7142,3318000,2421.38,1347.199701
2026-09-15T16:05:06.907Z,SOL,1.7232,136000,99.24,1347.199701
2026-09-15T16:05:06.907Z,BNB,0.8393,975000,717.7,1347.199701
2026-09-15T16:05:06.907Z,XRP,1.7138,1901,1.3873,1347.199701
2026-09-15T16:05:06.907Z,ADA,1.9669,276.8,0.2015,1347.199701
2026-09-15T16:05:06.907Z,AVAX,0.7416,10050,7.405,1347.199701
2026-09-15T16:05:06.907Z,DOT,0.7122,1334,0.9832,1347.199701
2026-09-15T16:05:06.907Z,LINK,1.892,15440,11.248,1347.199701
2026-09-15T16:05:06.907Z,POL,-1.7054,128.9,0.09734,1347.199701
2026-09-15T16:05:06.907Z,DOGE,1.7584,111.7,0.08148,1347.199701
2026-09-15T16:05:06.907Z,TRX,1.8443,459.8,0.33512,1347.199701
2026-09-15T16:05:06.907Z,XLM,1.3973,262.7,0.19231,1347.199701
2026-09-15T16:05:06.907Z,SHIB,1.8816,0.007,5.1e-06,1347.199701
2026-09-15T16:05:06.907Z,BCH,1.0822,300000,220.3,1347.199701
2026-09-15T16:05:06.907Z,UNI,-0.7878,8490,6.352,1347.199701
2026-09-15T16:05:06.907Z,AAVE,1.0014,170100,125.01,1347.199701
2026-09-15T16:05:06.907Z,SUSHI,0.5443,285.4,0.2107,1347.199701
2026-09-15T16:05:06.907Z,LDO,0.211,474,0.3511,1347.199701
2026-09-15T16:05:06.907Z,ICP,2.5458,3509,2.54,1347.199701
2026-09-15T16:05:06.907Z,NEAR,0.6753,3209,2.366,1347.199701
2026-09-15T16:05:06.907Z,HBAR,0.3465,106,0.07841,1347.199701
2026-09-15T16:05:06.907Z,XTZ,14.2082,390.5,0.2538,1347.199701
2026-09-15T16:05:06.907Z,DYDX,-0.0617,144.6,0.1074,1347.199701
2026-09-15T16:05:06.907Z,ARB,-4.5861,191,0.14859,1347.199701
2026-09-15T16:05:06.907Z,GMX,5.2148,10200,7.196,1347.199701
2026-09-15T16:05:06.907Z,IMX,-0.5461,163.3,0.12188,1347.199701
2026-09-15T16:05:06.907Z,INJ,-21.1065,6020,5.664,1347.199701
2026-09-15T16:05:06.907Z,GRT,8.8987,25.85,0.01762,1347.199701
2026-09-15T16:05:06.907Z,SUI,1.8172,961,0.7006,1347.199701
2026-09-15T16:05:06.907Z,HYPE,1.8101,105800,77.137,1347.199701
2026-09-15T16:10:06.923Z,BTC,1.664,104560000,76342.5,1347.199701
2026-09-15T16:10:06.923Z,ETH,1.6919,3311000,2416.8,1347.199701
2026-09-15T16:10:06.923Z,SOL,1.6802,135600,98.99,1347.199701
2026-09-15T16:10:06.923Z,BNB,0.9941,975000,716.6,1347.199701
2026-09-15T16:10:06.923Z,XRP,1.6,1896,1.3852,1347.199701
2026-09-15T16:10:06.923Z,ADA,2.2205,276.8,0.201,1347.199701
2026-09-15T16:10:06.923Z,AVAX,0.8915,10050,7.394,1347.199701
2026-09-15T16:10:06.923Z,DOT,0.7839,1334,0.9825,1347.199701
2026-09-15T16:10:06.923Z,LINK,1.7429,15390,11.228,1347.199701
2026-09-15T16:10:06.923Z,POL,-1.7155,128.9,0.09735,1347.199701
2026-09-15T16:10:06.923Z,DOGE,1.726,111.5,0.08136,1347.199701
2026-09-15T16:10:06.923Z,TRX,1.8104,459.4,0.33494,1347.199701
2026-09-15T16:10:06.923Z,XLM,1.6033,262.7,0.19192,1347.199701
2026-09-15T16:10:06.923Z,SHIB,2.0016,0.007,5.094e-06,1347.199701
2026-09-15T16:10:06.923Z,BCH,1.1741,300000,220.1,1347.199701
2026-09-15T16:10:06.923Z,UNI,-0.0482,8490,6.305,1347.199701
2026-09-15T16:10:06.923Z,AAVE,1.3419,170100,124.59,1347.199701
2026-09-15T16:10:06.923Z,SUSHI,0.7355,285.4,0.2103,1347.199701
2026-09-15T16:10:06.923Z,LDO,0.4399,474,0.3503,1347.199701
2026-09-15T16:10:06.923Z,ICP,3.0325,3509,2.528,1347.199701
2026-09-15T16:10:06.923Z,NEAR,0.7605,3209,2.364,1347.199701
2026-09-15T16:10:06.923Z,HBAR,0.8094,106,0.07805,1347.199701
2026-09-15T16:10:06.923Z,XTZ,14.3434,390.5,0.2535,1347.199701
2026-09-15T16:10:06.923Z,DYDX,0.2744,144.6,0.10704,1347.199701
2026-09-15T16:10:06.923Z,ARB,-4.8486,191,0.149,1347.199701
2026-09-15T16:10:06.923Z,GMX,5.4934,10200,7.177,1347.199701
2026-09-15T16:10:06.923Z,IMX,-0.2679,163.3,0.12154,1347.199701
2026-09-15T16:10:06.923Z,INJ,-20.6441,6020,5.631,1347.199701
2026-09-15T16:10:06.923Z,GRT,8.9605,25.85,0.01761,1347.199701
2026-09-15T16:10:06.923Z,SUI,2.0941,961,0.6987,1347.199701
2026-09-15T16:10:06.923Z,HYPE,1.9081,105700,76.99,1347.199701
2026-09-15T16:15:06.571Z,BTC,1.6903,104457000,76247.6,1347.199701
2026-09-15T16:15:06.571Z,ETH,1.799,3309000,2412.8,1347.199701
2026-09-15T16:15:06.571Z,SOL,1.8036,135600,98.87,1347.199701
2026-09-15T16:15:06.571Z,BNB,1.0928,975000,715.9,1347.199701
2026-09-15T16:15:06.571Z,XRP,1.6889,1893,1.3818,1347.199701
2026-09-15T16:15:06.571Z,ADA,2.3733,276.8,0.2007,1347.199701
2026-09-15T16:15:06.571Z,AVAX,1.0008,10050,7.386,1347.199701
2026-09-15T16:15:06.571Z,DOT,1.041,1334,0.98,1347.199701
2026-09-15T16:15:06.571Z,LINK,1.7867,15350,11.194,1347.199701
2026-09-15T16:15:06.571Z,POL,-1.6144,128.9,0.09725,1347.199701
2026-09-15T16:15:06.571Z,DOGE,1.8136,111.5,0.08129,1347.199701
2026-09-15T16:15:06.571Z,TRX,1.8773,459.4,0.33472,1347.199701
2026-09-15T16:15:06.571Z,XLM,1.8474,262.7,0.19146,1347.199701
2026-09-15T16:15:06.571Z,SHIB,2.2023,0.007,5.084e-06,1347.199701
2026-09-15T16:15:06.571Z,BCH,1.3583,300000,219.7,1347.199701
2026-09-15T16:15:06.571Z,UNI,-0.5372,8490,6.336,1347.199701
2026-09-15T16:15:06.571Z,AAVE,1.5784,170100,124.3,1347.199701
2026-09-15T16:15:06.571Z,SUSHI,1.0238,285.4,0.2097,1347.199701
2026-09-15T16:15:06.571Z,LDO,0.6986,474,0.3494,1347.199701
2026-09-15T16:15:06.571Z,ICP,3.4417,3509,2.518,1347.199701
2026-09-15T16:15:06.571Z,NEAR,1.1026,3209,2.356,1347.199701
2026-09-15T16:15:06.571Z,HBAR,1.1593,106,0.07778,1347.199701
2026-09-15T16:15:06.571Z,XTZ,14.5694,390.5,0.253,1347.199701
2026-09-15T16:15:06.571Z,DYDX,0.4151,144.6,0.10689,1347.199701
2026-09-15T16:15:06.571Z,ARB,-3.8288,191,0.14742,1347.199701
2026-09-15T16:15:06.571Z,GMX,5.6848,10200,7.164,1347.199701
2026-09-15T16:15:06.571Z,IMX,-0.1693,163.3,0.12142,1347.199701
2026-09-15T16:15:06.571Z,INJ,-20.4464,6020,5.617,1347.199701
2026-09-15T16:15:06.571Z,GRT,9.2086,25.85,0.01757,1347.199701
2026-09-15T16:15:06.571Z,SUI,2.2698,961,0.6975,1347.199701
2026-09-15T16:15:06.571Z,HYPE,1.9703,105700,76.943,1347.199701
2026-09-15T16:20:06.883Z,BTC,1.5845,104502000,76359.9,1347.199701
2026-09-15T16:20:06.883Z,ETH,1.7576,3313000,2416.7,1347.199701
2026-09-15T16:20:06.883Z,SOL,1.5981,135600,99.07,1347.199701
2026-09-15T16:20:06.883Z,BNB,0.8955,975000,717.3,1347.199701
2026-09-15T16:20:06.883Z,XRP,1.7064,1901,1.3874,1347.199701
2026-09-15T16:20:06.883Z,ADA,1.9163,276.8,0.2016,1347.199701
2026-09-15T16:20:06.883Z,AVAX,0.4568,10050,7.426,1347.199701
2026-09-15T16:20:06.883Z,DOT,0.7737,1334,0.9826,1347.199701
2026-09-15T16:20:06.883Z,LINK,1.3882,15350,11.238,1347.199701
2026-09-15T16:20:06.883Z,POL,-1.8164,128.9,0.09745,1347.199701
2026-09-15T16:20:06.883Z,DOGE,1.5263,111.5,0.08152,1347.199701
2026-09-15T16:20:06.883Z,TRX,1.6829,459.4,0.33536,1347.199701
2026-09-15T16:20:06.883Z,XLM,1.8368,262.7,0.19148,1347.199701
2026-09-15T16:20:06.883Z,SHIB,1.8417,0.007,5.102e-06,1347.199701
2026-09-15T16:20:06.883Z,BCH,1.0822,300000,220.3,1347.199701
2026-09-15T16:20:06.883Z,UNI,-0.6627,8490,6.344,1347.199701
2026-09-15T16:20:06.883Z,AAVE,1.6274,170100,124.24,1347.199701
2026-09-15T16:20:06.883Z,SUSHI,0.7355,285.4,0.2103,1347.199701
2026-09-15T16:20:06.883Z,LDO,0.6698,474,0.3495,1347.199701
2026-09-15T16:20:06.883Z,ICP,3.1958,3509,2.524,1347.199701
2026-09-15T16:20:06.883Z,NEAR,0.6753,3209,2.366,1347.199701
2026-09-15T16:20:06.883Z,HBAR,0.6546,106,0.07817,1347.199701
2026-09-15T16:20:06.883Z,XTZ,14.2533,390.5,0.2537,1347.199701
2026-09-15T16:20:06.883Z,DYDX,0.0781,144.6,0.10725,1347.199701
2026-09-15T16:20:06.883Z,ARB,-4.4832,191,0.14843,1347.199701
2026-09-15T16:20:06.883Z,GMX,5.464,10200,7.179,1347.199701
2026-09-15T16:20:06.883Z,IMX,-0.5624,163.3,0.1219,1347.199701
2026-09-15T16:20:06.883Z,INJ,-20.7005,6020,5.635,1347.199701
2026-09-15T16:20:06.883Z,GRT,8.7136,25.85,0.01765,1347.199701
2026-09-15T16:20:06.883Z,SUI,1.8172,961,0.7006,1347.199701
2026-09-15T16:20:06.883Z,HYPE,1.9783,105700,76.937,1347.199701
2026-09-15T16:25:06.945Z,BTC,1.471,104502000,76445.3,1347.199701
2026-09-15T16:25:06.945Z,ETH,1.553,3314000,2422.3,1347.199701
2026-09-15T16:25:06.945Z,SOL,1.4343,135600,99.23,1347.199701
2026-09-15T16:25:06.945Z,BNB,0.685,975000,718.8,1347.199701
2026-09-15T16:25:06.945Z,XRP,1.6618,1904,1.3902,1347.199701
2026-09-15T16:25:06.945Z,ADA,1.7376,277,0.2021,1347.199701
2026-09-15T16:25:06.945Z,AVAX,0.1735,10050,7.447,1347.199701
2026-09-15T16:25:06.945Z,DOT,0.4466,1334,0.9858,1347.199701
2026-09-15T16:25:06.945Z,LINK,1.1452,15350,11.265,1347.199701
2026-09-15T16:25:06.945Z,POL,-1.907,128.9,0.09754,1347.199701
2026-09-15T16:25:06.945Z,DOGE,1.3647,111.5,0.08165,1347.199701
2026-09-15T16:25:06.945Z,TRX,1.6589,460.1,0.33595,1347.199701
2026-09-15T16:25:06.945Z,XLM,1.8102,262.7,0.19153,1347.199701
2026-09-15T16:25:06.945Z,SHIB,1.6425,0.007,5.112e-06,1347.199701
2026-09-15T16:25:06.945Z,BCH,0.7165,300000,221.1,1347.199701
2026-09-15T16:25:06.945Z,UNI,-1.1147,8490,6.373,1347.199701
2026-09-15T16:25:06.945Z,AAVE,1.3175,170100,124.62,1347.199701
2026-09-15T16:25:06.945Z,SUSHI,0.4013,285.4,0.211,1347.199701
2026-09-15T16:25:06.945Z,LDO,0.526,474,0.35,1347.199701
2026-09-15T16:25:06.945Z,ICP,2.8291,3509,2.533,1347.199701
2026-09-15T16:25:06.945Z,NEAR,0.2094,3209,2.377,1347.199701
2026-09-15T16:25:06.945Z,HBAR,0.7448,106,0.0781,1347.199701
2026-09-15T16:25:06.945Z,XTZ,13.76,390.5,0.2548,1347.199701
2026-09-15T16:25:06.945Z,DYDX,0.0874,144.6,0.10724,1347.199701
2026-09-15T16:25:06.945Z,ARB,-6.1959,191,0.15114,1347.199701
2026-09-15T16:25:06.945Z,GMX,5.2148,10200,7.196,1347.199701
2026-09-15T16:25:06.945Z,IMX,-1.0252,163.3,0.12247,1347.199701
2026-09-15T16:25:06.945Z,INJ,-20.6582,6020,5.632,1347.199701
2026-09-15T16:25:06.945Z,GRT,8.4678,25.85,0.01769,1347.199701
2026-09-15T16:25:06.945Z,SUI,1.5274,961,0.7026,1347.199701
2026-09-15T16:25:06.945Z,HYPE,1.7126,105700,77.138,1347.199701
2026-09-15T16:30:06.575Z,BTC,1.5899,104612000,76436.2,1347.199701
2026-09-15T16:30:06.575Z,ETH,1.5349,3314000,2422.73,1347.199701
2026-09-15T16:30:06.575Z,SOL,1.4445,135600,99.22,1347.199701
2026-09-15T16:30:06.575Z,BNB,0.629,975000,719.2,1347.199701
2026-09-15T16:30:06.575Z,XRP,1.5741,1904,1.3914,1347.199701
2026-09-15T16:30:06.575Z,ADA,1.788,277,0.202,1347.199701
2026-09-15T16:30:06.575Z,AVAX,0.1197,10050,7.451,1347.199701
2026-09-15T16:30:06.575Z,DOT,0.3549,1334,0.9867,1347.199701
2026-09-15T16:30:06.575Z,LINK,1.0196,15350,11.279,1347.199701
2026-09-15T16:30:06.575Z,POL,-1.9371,128.9,0.09757,1347.199701
2026-09-15T16:30:06.575Z,DOGE,1.6661,111.9,0.0817,1347.199701
2026-09-15T16:30:06.575Z,TRX,1.7431,460.7,0.33611,1347.199701
2026-09-15T16:30:06.575Z,XLM,1.6563,262.7,0.19182,1347.199701
2026-09-15T16:30:06.575Z,SHIB,1.563,0.007,5.116e-06,1347.199701
2026-09-15T16:30:06.575Z,BCH,0.58,300000,221.4,1347.199701
2026-09-15T16:30:06.575Z,UNI,-1.578,8490,6.403,1347.199701
2026-09-15T16:30:06.575Z,AAVE,0.9449,170100,125.08,1347.199701
2026-09-15T16:30:06.575Z,SUSHI,0.2588,285.4,0.2113,1347.199701
2026-09-15T16:30:06.575Z,LDO,0.2396,474,0.351,1347.199701
2026-09-15T16:30:06.575Z,ICP,3.0733,3509,2.527,1347.199701
2026-09-15T16:30:06.575Z,NEAR,0.0831,3209,2.38,1347.199701
2026-09-15T16:30:06.575Z,HBAR,0.8999,106,0.07798,1347.199701
2026-09-15T16:30:06.575Z,XTZ,13.76,390.5,0.2548,1347.199701
2026-09-15T16:30:06.575Z,DYDX,-0.303,144.6,0.10766,1347.199701
2026-09-15T16:30:06.575Z,ARB,-8.3249,191,0.15465,1347.199701
2026-09-15T16:30:06.575Z,GMX,5.0397,10200,7.208,1347.199701
2026-09-15T16:30:06.575Z,IMX,-1.6356,163.3,0.12323,1347.199701
2026-09-15T16:30:06.575Z,INJ,-20.7427,6020,5.638,1347.199701
2026-09-15T16:30:06.575Z,GRT,8.1011,25.85,0.01775,1347.199701
2026-09-15T16:30:06.575Z,SUI,1.4263,961,0.7033,1347.199701
2026-09-15T16:30:06.575Z,HYPE,1.5967,105700,77.226,1347.199701
2026-09-15T16:35:06.884Z,BTC,1.644,104502000,76315.2,1347.199701
2026-09-15T16:35:06.884Z,ETH,1.7096,3314000,2418.57,1347.199701
2026-09-15T16:35:06.884Z,SOL,1.6391,135600,99.03,1347.199701
2026-09-15T16:35:06.884Z,BNB,0.741,975000,718.4,1347.199701
2026-09-15T16:35:06.884Z,XRP,1.6587,1896,1.3844,1347.199701
2026-09-15T16:35:06.884Z,ADA,1.9806,276.7,0.2014,1347.199701
2026-09-15T16:35:06.884Z,AVAX,0.3892,10050,7.431,1347.199701
2026-09-15T16:35:06.884Z,DOT,0.7532,1334,0.9828,1347.199701
2026-09-15T16:35:06.884Z,LINK,1.289,15350,11.249,1347.199701
2026-09-15T16:35:06.884Z,POL,-2.0074,128.9,0.09764,1347.199701
2026-09-15T16:35:06.884Z,DOGE,1.696,111.7,0.08153,1347.199701
2026-09-15T16:35:06.884Z,TRX,1.8158,460.7,0.33587,1347.199701
2026-09-15T16:35:06.884Z,XLM,2.6949,262.7,0.18988,1347.199701
2026-09-15T16:35:06.884Z,SHIB,1.7818,0.007,5.105e-06,1347.199701
2026-09-15T16:35:06.884Z,BCH,0.899,300000,220.7,1347.199701
2026-09-15T16:35:06.884Z,UNI,-1.3314,8490,6.387,1347.199701
2026-09-15T16:35:06.884Z,AAVE,1.2444,170100,124.71,1347.199701
2026-09-15T16:35:06.884Z,SUSHI,0.3538,285.4,0.2111,1347.199701
2026-09-15T16:35:06.884Z,LDO,0.6698,474,0.3495,1347.199701
2026-09-15T16:35:06.884Z,ICP,3.2367,3509,2.523,1347.199701
2026-09-15T16:35:06.884Z,NEAR,0.3361,3209,2.374,1347.199701
2026-09-15T16:35:06.884Z,HBAR,1.3156,106,0.07766,1347.199701
2026-09-15T16:35:06.884Z,XTZ,14.3434,390.5,0.2535,1347.199701
2026-09-15T16:35:06.884Z,DYDX,-0.0244,144.6,0.10736,1347.199701
2026-09-15T16:35:06.884Z,ARB,-7.2149,191,0.1528,1347.199701
2026-09-15T16:35:06.884Z,GMX,5.464,10200,7.179,1347.199701
2026-09-15T16:35:06.884Z,IMX,-1.3715,163.3,0.1229,1347.199701
2026-09-15T16:35:06.884Z,INJ,-19.9619,6020,5.583,1347.199701
2026-09-15T16:35:06.884Z,GRT,8.1011,25.85,0.01775,1347.199701
2026-09-15T16:35:06.884Z,SUI,1.7591,961,0.701,1347.199701
2026-09-15T16:35:06.884Z,HYPE,1.9346,105700,76.97,1347.199701
2026-09-15T16:40:06.563Z,BTC,1.6547,104502000,76307.1,1347.199701
2026-09-15T16:40:06.563Z,ETH,1.715,3314000,2418.44,1347.199701
2026-09-15T16:40:06.563Z,SOL,1.5776,135600,99.09,1347.199701
2026-09-15T16:40:06.563Z,BNB,0.727,975000,718.5,1347.199701
2026-09-15T16:40:06.563Z,XRP,1.6933,1895,1.3832,1347.199701
2026-09-15T16:40:06.563Z,ADA,1.8795,276.7,0.2016,1347.199701
2026-09-15T16:40:06.563Z,AVAX,0.4838,10050,7.424,1347.199701
2026-09-15T16:40:06.563Z,DOT,0.6508,1334,0.9838,1347.199701
2026-09-15T16:40:06.563Z,LINK,1.1811,15350,11.261,1347.199701
2026-09-15T16:40:06.563Z,POL,-1.7559,128.9,0.09739,1347.199701
2026-09-15T16:40:06.563Z,DOGE,1.671,111.7,0.08155,1347.199701
2026-09-15T16:40:06.563Z,TRX,1.7764,460.7,0.336,1347.199701
2026-09-15T16:40:06.563Z,XLM,1.7392,259.2,0.18911,1347.199701
2026-09-15T16:40:06.563Z,SHIB,1.6624,0.007,5.111e-06,1347.199701
2026-09-15T16:40:06.563Z,BCH,0.6709,300000,221.2,1347.199701
2026-09-15T16:40:06.563Z,UNI,-1.7621,8490,6.415,1347.199701
2026-09-15T16:40:06.563Z,AAVE,1.1876,170100,124.78,1347.199701
2026-09-15T16:40:06.563Z,SUSHI,0.2588,285.4,0.2113,1347.199701
2026-09-15T16:40:06.563Z,LDO,0.526,474,0.35,1347.199701
2026-09-15T16:40:06.563Z,ICP,3.3596,3509,2.52,1347.199701
2026-09-15T16:40:06.563Z,NEAR,0.5478,3209,2.369,1347.199701
2026-09-15T16:40:06.563Z,HBAR,1.3679,106,0.07762,1347.199701
2026-09-15T16:40:06.563Z,XTZ,14.2983,390.5,0.2536,1347.199701
2026-09-15T16:40:06.563Z,DYDX,-0.1175,144.6,0.10746,1347.199701
2026-09-15T16:40:06.563Z,ARB,-8.0693,191,0.15422,1347.199701
2026-09-15T16:40:06.563Z,GMX,5.5964,10200,7.17,1347.199701
2026-09-15T16:40:06.563Z,IMX,-1.8984,163.3,0.12356,1347.199701
2026-09-15T16:40:06.563Z,INJ,-19.8758,6020,5.577,1347.199701
2026-09-15T16:40:06.563Z,GRT,8.1621,25.85,0.01774,1347.199701
2026-09-15T16:40:06.563Z,SUI,1.7011,961,0.7014,1347.199701
2026-09-15T16:40:06.563Z,HYPE,1.7165,105700,77.135,1347.199701
2026-09-15T16:45:07.155Z,BTC,1.5706,104445000,76328.7,1347.199701
2026-09-15T16:45:07.155Z,ETH,1.5999,3311000,2418.99,1347.199701
2026-09-15T16:45:07.155Z,SOL,1.6083,135600,99.06,1347.199701
2026-09-15T16:45:07.155Z,BNB,0.741,975000,718.4,1347.199701
2026-09-15T16:45:07.155Z,XRP,1.5639,1893,1.3835,1347.199701
2026-09-15T16:45:07.155Z,ADA,1.6681,276.4,0.2018,1347.199701
2026-09-15T16:45:07.155Z,AVAX,0.4432,10050,7.427,1347.199701
2026-09-15T16:45:07.155Z,DOT,0.6712,1334,0.9836,1347.199701
2026-09-15T16:45:07.155Z,LINK,1.2261,15350,11.256,1347.199701
2026-09-15T16:45:07.155Z,POL,-2.0175,128.9,0.09765,1347.199701
2026-09-15T16:45:07.155Z,DOGE,1.6461,111.7,0.08157,1347.199701
2026-09-15T16:45:07.155Z,TRX,1.837,460.7,0.3358,1347.199701
2026-09-15T16:45:07.155Z,XLM,1.562,259.2,0.18944,1347.199701
2026-09-15T16:45:07.155Z,SHIB,1.6624,0.007,5.111e-06,1347.199701
2026-09-15T16:45:07.155Z,BCH,0.7621,300000,221,1347.199701
2026-09-15T16:45:07.155Z,UNI,-2.0065,8490,6.431,1347.199701
2026-09-15T16:45:07.155Z,AAVE,1.2119,170100,124.75,1347.199701
2026-09-15T16:45:07.155Z,SUSHI,0.3063,285.4,0.2112,1347.199701
2026-09-15T16:45:07.155Z,LDO,0.6122,474,0.3497,1347.199701
2026-09-15T16:45:07.155Z,ICP,3.4006,3509,2.519,1347.199701
2026-09-15T16:45:07.155Z,NEAR,0.7179,3209,2.365,1347.199701
2026-09-15T16:45:07.155Z,HBAR,1.3679,106,0.07762,1347.199701
2026-09-15T16:45:07.155Z,XTZ,14.2983,390.5,0.2536,1347.199701
2026-09-15T16:45:07.155Z,DYDX,-0.071,144.6,0.10741,1347.199701
2026-09-15T16:45:07.155Z,ARB,-8.7262,191,0.15533,1347.199701
2026-09-15T16:45:07.155Z,GMX,5.5669,10200,7.172,1347.199701
2026-09-15T16:45:07.155Z,IMX,-1.9777,163.3,0.12366,1347.199701
2026-09-15T16:45:07.155Z,INJ,-19.703,6020,5.565,1347.199701
2026-09-15T16:45:07.155Z,GRT,8.0403,25.85,0.01776,1347.199701
2026-09-15T16:45:07.155Z,SUI,1.7011,961,0.7014,1347.199701
2026-09-15T16:45:07.155Z,HYPE,1.731,105700,77.124,1347.199701
2026-09-15T16:50:07.151Z,BTC,1.6361,104557000,76361.3,1347.199701
2026-09-15T16:50:07.151Z,ETH,1.6197,3314000,2420.71,1347.199701
2026-09-15T16:50:07.151Z,SOL,1.5571,135600,99.11,1347.199701
2026-09-15T16:50:07.151Z,BNB,0.615,975000,719.3,1347.199701
2026-09-15T16:50:07.151Z,XRP,1.6558,1898,1.3859,1347.199701
2026-09-15T16:50:07.151Z,ADA,1.829,276.7,0.2017,1347.199701
2026-09-15T16:50:07.151Z,AVAX,0.3757,10050,7.432,1347.199701
2026-09-15T16:50:07.151Z,DOT,0.7532,1334,0.9828,1347.199701
2026-09-15T16:50:07.151Z,LINK,1.0734,15350,11.273,1347.199701
2026-09-15T16:50:07.151Z,POL,-1.9773,128.9,0.09761,1347.199701
2026-09-15T16:50:07.151Z,DOGE,1.5838,111.7,0.08162,1347.199701
2026-09-15T16:50:07.151Z,TRX,1.9828,460.7,0.33532,1347.199701
2026-09-15T16:50:07.151Z,XLM,1.4496,259.2,0.18965,1347.199701
2026-09-15T16:50:07.151Z,SHIB,1.6226,0.007,5.113e-06,1347.199701
2026-09-15T16:50:07.151Z,BCH,0.7621,300000,221,1347.199701
2026-09-15T16:50:07.151Z,UNI,-1.915,8490,6.425,1347.199701
2026-09-15T16:50:07.151Z,AAVE,1.1309,170100,124.85,1347.199701
2026-09-15T16:50:07.151Z,SUSHI,0.164,285.4,0.2115,1347.199701
2026-09-15T16:50:07.151Z,LDO,0.5835,474,0.3498,1347.199701
2026-09-15T16:50:07.151Z,ICP,3.4006,3509,2.519,1347.199701
2026-09-15T16:50:07.151Z,NEAR,0.4207,3209,2.372,1347.199701
2026-09-15T16:50:07.151Z,HBAR,1.3548,106,0.07763,1347.199701
2026-09-15T16:50:07.151Z,XTZ,14.3885,390.5,0.2534,1347.199701
2026-09-15T16:50:07.151Z,DYDX,0.1715,144.6,0.10715,1347.199701
2026-09-15T16:50:07.151Z,ARB,-7.3483,191,0.15302,1347.199701
2026-09-15T16:50:07.151Z,GMX,5.5669,10200,7.172,1347.199701
2026-09-15T16:50:07.151Z,IMX,-1.7393,163.3,0.12336,1347.199701
2026-09-15T16:50:07.151Z,INJ,-19.2969,6020,5.537,1347.199701
2026-09-15T16:50:07.151Z,GRT,7.7369,25.85,0.01781,1347.199701
2026-09-15T16:50:07.151Z,SUI,1.6287,961,0.7019,1347.199701
2026-09-15T16:50:07.151Z,HYPE,1.7838,105700,77.084,1347.199701
2026-09-15T16:55:06.929Z,BTC,1.5809,104624000,76451.7,1347.199701
2026-09-15T16:55:06.929Z,ETH,1.5728,3317000,2424.02,1347.199701
2026-09-15T16:55:06.929Z,SOL,1.4241,135600,99.24,1347.199701
2026-09-15T16:55:06.929Z,BNB,0.4613,975000,720.4,1347.199701
2026-09-15T16:55:06.929Z,XRP,1.5623,1902,1.3901,1347.199701
2026-09-15T16:55:06.929Z,ADA,1.6235,277.1,0.2024,1347.199701
2026-09-15T16:55:06.929Z,AVAX,0.0794,10050,7.454,1347.199701
2026-09-15T16:55:06.929Z,DOT,0.7019,1334,0.9833,1347.199701
2026-09-15T16:55:06.929Z,LINK,0.8587,15350,11.297,1347.199701
2026-09-15T16:55:06.929Z,POL,-2.0576,128.9,0.09769,1347.199701
2026-09-15T16:55:06.929Z,DOGE,1.4471,111.7,0.08173,1347.199701
2026-09-15T16:55:06.929Z,TRX,1.9007,460.7,0.33559,1347.199701
2026-09-15T16:55:06.929Z,XLM,1.5021,260.1,0.19021,1347.199701
2026-09-15T16:55:06.929Z,SHIB,1.4242,0.007,5.123e-06,1347.199701
2026-09-15T16:55:06.929Z,BCH,0.4892,300000,221.6,1347.199701
2026-09-15T16:55:06.929Z,UNI,-1.9608,8490,6.428,1347.199701
2026-09-15T16:55:06.929Z,AAVE,1.0014,170100,125.01,1347.199701
2026-09-15T16:55:06.929Z,SUSHI,-0.1194,285.4,0.2121,1347.199701
2026-09-15T16:55:06.929Z,LDO,0.4399,474,0.3503,1347.199701
2026-09-15T16:55:06.929Z,ICP,3.1141,3509,2.526,1347.199701
2026-09-15T16:55:06.929Z,NEAR,0.1252,3209,2.379,1347.199701
2026-09-15T16:55:06.929Z,HBAR,1.4758,106.4,0.07783,1347.199701
2026-09-15T16:55:06.929Z,XTZ,14.0734,390.5,0.2541,1347.199701
2026-09-15T16:55:06.929Z,DYDX,-0.0896,144.6,0.10743,1347.199701
2026-09-15T16:55:06.929Z,ARB,2.9914,210.9,0.152,1347.199701
2026-09-15T16:55:06.929Z,GMX,5.3613,10200,7.186,1347.199701
2026-09-15T16:55:06.929Z,IMX,-1.6277,163.3,0.12322,1347.199701
2026-09-15T16:55:06.929Z,INJ,-19.6597,6020,5.562,1347.199701
2026-09-15T16:55:06.929Z,GRT,7.4955,25.85,0.01785,1347.199701
2026-09-15T16:55:06.929Z,SUI,1.4408,961,0.7032,1347.199701
2026-09-15T16:55:06.929Z,HYPE,1.0148,104700,76.936,1347.199701
2026-09-15T17:00:07.113Z,BTC,1.6393,104542000,76347.9,1347.199701
2026-09-15T17:00:07.113Z,ETH,1.6234,3314000,2420.62,1347.199701
2026-09-15T17:00:07.113Z,SOL,1.6494,135600,99.02,1347.199701
2026-09-15T17:00:07.113Z,BNB,0.615,975000,719.3,1347.199701
2026-09-15T17:00:07.113Z,XRP,1.6801,1899,1.3863,1347.199701
2026-09-15T17:00:07.113Z,ADA,1.8795,276.7,0.2016,1347.199701
2026-09-15T17:00:07.113Z,AVAX,0.3621,10050,7.433,1347.199701
2026-09-15T17:00:07.113Z,DOT,0.9586,1334,0.9808,1347.199701
2026-09-15T17:00:07.113Z,LINK,1.2081,15350,11.258,1347.199701
2026-09-15T17:00:07.113Z,POL,-1.9271,128.9,0.09756,1347.199701
2026-09-15T17:00:07.113Z,DOGE,1.6586,111.7,0.08156,1347.199701
2026-09-15T17:00:07.113Z,TRX,1.9645,460.7,0.33538,1347.199701
2026-09-15T17:00:07.113Z,XLM,1.496,259.1,0.18949,1347.199701
2026-09-15T17:00:07.113Z,SHIB,1.7619,0.007,5.106e-06,1347.199701
2026-09-15T17:00:07.113Z,BCH,0.7621,300000,221,1347.199701
2026-09-15T17:00:07.113Z,UNI,-1.5626,8490,6.402,1347.199701
2026-09-15T17:00:07.113Z,AAVE,1.2038,170100,124.76,1347.199701
2026-09-15T17:00:07.113Z,SUSHI,0.164,285.4,0.2115,1347.199701
2026-09-15T17:00:07.113Z,LDO,0.7851,474,0.3491,1347.199701
2026-09-15T17:00:07.113Z,ICP,3.3596,3509,2.52,1347.199701
2026-09-15T17:00:07.113Z,NEAR,0.4207,3209,2.372,1347.199701
2026-09-15T17:00:07.113Z,HBAR,1.7897,106.4,0.07759,1347.199701
2026-09-15T17:00:07.113Z,XTZ,14.3885,390.5,0.2534,1347.199701
2026-09-15T17:00:07.113Z,DYDX,0.1995,144.6,0.10712,1347.199701
2026-09-15T17:00:07.113Z,ARB,5.0439,210.9,0.14903,1347.199701
2026-09-15T17:00:07.113Z,GMX,5.464,10200,7.179,1347.199701
2026-09-15T17:00:07.113Z,IMX,-1.2832,163.3,0.12279,1347.199701
2026-09-15T17:00:07.113Z,INJ,-19.5729,6020,5.556,1347.199701
2026-09-15T17:00:07.113Z,GRT,7.9795,25.85,0.01777,1347.199701
2026-09-15T17:00:07.113Z,SUI,1.8148,961.8,0.7012,1347.199701
2026-09-15T17:00:07.113Z,HYPE,1.327,104700,76.699,1347.199701
2026-09-15T17:05:06.929Z,BTC,1.6311,104434000,76275.2,1347.199701
2026-09-15T17:05:06.929Z,ETH,1.7214,3313000,2417.56,1347.199701
2026-09-15T17:05:06.929Z,SOL,1.6946,135400,98.83,1347.199701
2026-09-15T17:05:06.929Z,BNB,0.7831,975000,718.1,1347.199701
2026-09-15T17:05:06.929Z,XRP,1.6815,1893,1.3819,1347.199701
2026-09-15T17:05:06.929Z,ADA,2.082,276.7,0.2012,1347.199701
2026-09-15T17:05:06.929Z,AVAX,0.538,10050,7.42,1347.199701
2026-09-15T17:05:06.929Z,DOT,0.9998,1334,0.9804,1347.199701
2026-09-15T17:05:06.929Z,LINK,1.5237,15350,11.223,1347.199701
2026-09-15T17:05:06.929Z,POL,-2.0074,128.9,0.09764,1347.199701
2026-09-15T17:05:06.929Z,DOGE,1.6885,111.5,0.08139,1347.199701
2026-09-15T17:05:06.929Z,TRX,2.1076,460.7,0.33491,1347.199701
2026-09-15T17:05:06.929Z,XLM,1.6785,259.1,0.18915,1347.199701
2026-09-15T17:05:06.929Z,SHIB,1.7818,0.007,5.105e-06,1347.199701
2026-09-15T17:05:06.929Z,BCH,0.899,300000,220.7,1347.199701
2026-09-15T17:05:06.929Z,UNI,1.9705,8770,6.384,1347.199701
2026-09-15T17:05:06.929Z,AAVE,1.3175,170100,124.62,1347.199701
2026-09-15T17:05:06.929Z,SUSHI,0.5443,285.4,0.2107,1347.199701
2026-09-15T17:05:06.929Z,LDO,0.7563,474,0.3492,1347.199701
2026-09-15T17:05:06.929Z,ICP,3.6475,3509,2.513,1347.199701
2026-09-15T17:05:06.929Z,NEAR,0.5054,3209,2.37,1347.199701
2026-09-15T17:05:06.929Z,HBAR,1.5551,106.1,0.07755,1347.199701
2026-09-15T17:05:06.929Z,XTZ,14.4789,390.5,0.2532,1347.199701
2026-09-15T17:05:06.929Z,DYDX,0.3025,144.6,0.10701,1347.199701
2026-09-15T17:05:06.929Z,ARB,4.5109,210.9,0.14979,1347.199701
2026-09-15T17:05:06.929Z,GMX,5.6258,10200,7.168,1347.199701
2026-09-15T17:05:06.929Z,IMX,-1.3153,163.3,0.12283,1347.199701
2026-09-15T17:05:06.929Z,INJ,-19.6308,6020,5.56,1347.199701
2026-09-15T17:05:06.929Z,GRT,8.5291,25.85,0.01768,1347.199701
2026-09-15T17:05:06.929Z,SUI,2.0331,961.8,0.6997,1347.199701
2026-09-15T17:05:06.929Z,HYPE,1.5961,105000,76.715,1347.199701
2026-09-15T17:10:06.930Z,BTC,1.6124,104299000,76190.6,1347.199701
2026-09-15T17:10:06.930Z,ETH,1.6667,3304000,2412.29,1347.199701
2026-09-15T17:10:06.930Z,SOL,1.7946,135300,98.66,1347.199701
2026-09-15T17:10:06.930Z,BNB,0.9236,975000,717.1,1347.199701
2026-09-15T17:10:06.930Z,XRP,1.6381,1890,1.3803,1347.199701
2026-09-15T17:10:06.930Z,ADA,1.6939,275.1,0.2008,1347.199701
2026-09-15T17:10:06.930Z,AVAX,0.6873,10050,7.409,1347.199701
2026-09-15T17:10:06.930Z,DOT,1.1959,1334,0.9785,1347.199701
2026-09-15T17:10:06.930Z,LINK,1.7231,15350,11.201,1347.199701
2026-09-15T17:10:06.930Z,POL,-1.5233,128.9,0.09716,1347.199701
2026-09-15T17:10:06.930Z,DOGE,1.7311,111.3,0.08121,1347.199701
2026-09-15T17:10:06.930Z,TRX,2.2909,460.7,0.33431,1347.199701
2026-09-15T17:10:06.930Z,XLM,1.5289,258.5,0.18899,1347.199701
2026-09-15T17:10:06.930Z,SHIB,2.0417,0.007,5.092e-06,1347.199701
2026-09-15T17:10:06.930Z,BCH,1.1281,300000,220.2,1347.199701
2026-09-15T17:10:06.930Z,UNI,2.2107,8770,6.369,1347.199701
2026-09-15T17:10:06.930Z,AAVE,1.4641,170100,124.44,1347.199701
2026-09-15T17:10:06.930Z,SUSHI,0.592,285.4,0.2106,1347.199701
2026-09-15T17:10:06.930Z,LDO,0.9008,474,0.3487,1347.199701
2026-09-15T17:10:06.930Z,ICP,3.7301,3509,2.511,1347.199701
2026-09-15T17:10:06.930Z,NEAR,0.8458,3209,2.362,1347.199701
2026-09-15T17:10:06.930Z,HBAR,1.4986,106,0.07752,1347.199701
2026-09-15T17:10:06.930Z,XTZ,14.8417,390.5,0.2524,1347.199701
2026-09-15T17:10:06.930Z,DYDX,0.66,144.6,0.10663,1347.199701
2026-09-15T17:10:06.930Z,ARB,3.8247,210.9,0.15078,1347.199701
2026-09-15T17:10:06.930Z,GMX,5.7734,10200,7.158,1347.199701
2026-09-15T17:10:06.930Z,IMX,-1.1302,163.3,0.1226,1347.199701
2026-09-15T17:10:06.930Z,INJ,-18.975,6020,5.515,1347.199701
2026-09-15T17:10:06.930Z,GRT,9.0224,25.85,0.0176,1347.199701
2026-09-15T17:10:06.930Z,SUI,2.1352,961.8,0.699,1347.199701
2026-09-15T17:10:06.930Z,HYPE,1.9787,105100,76.5,1347.199701
2026-09-15T17:15:06.964Z,BTC,1.555,104299000,76233.7,1347.199701
2026-09-15T17:15:06.964Z,ETH,1.5286,3304000,2415.57,1347.199701
2026-09-15T17:15:06.964Z,SOL,1.6329,135400,98.89,1347.199701
2026-09-15T17:15:06.964Z,BNB,0.8252,975000,717.8,1347.199701
2026-09-15T17:15:06.964Z,XRP,1.6786,1895,1.3834,1347.199701
2026-09-15T17:15:06.964Z,ADA,1.5927,275.1,0.201,1347.199701
2026-09-15T17:15:06.964Z,AVAX,0.7552,10050,7.404,1347.199701
2026-09-15T17:15:06.964Z,DOT,1.1339,1334,0.9791,1347.199701
2026-09-15T17:15:06.964Z,LINK,1.5508,15350,11.22,1347.199701
2026-09-15T17:15:06.964Z,POL,-1.776,128.9,0.09741,1347.199701
2026-09-15T17:15:06.964Z,DOGE,1.6185,111.3,0.0813,1347.199701
2026-09-15T17:15:06.964Z,TRX,1.7243,457.6,0.33391,1347.199701
2026-09-15T17:15:06.964Z,XLM,1.3556,258.4,0.18924,1347.199701
2026-09-15T17:15:06.964Z,SHIB,1.9816,0.007,0.000005095,1347.199701
2026-09-15T17:15:06.964Z,BCH,0.899,300000,220.7,1347.199701
2026-09-15T17:15:06.964Z,UNI,1.7315,8770,6.399,1347.199701
2026-09-15T17:15:06.964Z,AAVE,1.3257,170100,124.61,1347.199701
2026-09-15T17:15:06.964Z,SUSHI,0.4966,285.4,0.2108,1347.199701
2026-09-15T17:15:06.964Z,LDO,0.9297,474,0.3486,1347.199701
2026-09-15T17:15:06.964Z,ICP,4.0201,3509,2.504,1347.199701
2026-09-15T17:15:06.964Z,NEAR,0.6753,3209,2.366,1347.199701
2026-09-15T17:15:06.964Z,HBAR,1.3548,106,0.07763,1347.199701
2026-09-15T17:15:06.964Z,XTZ,14.7054,390.5,0.2527,1347.199701
2026-09-15T17:15:06.964Z,DYDX,0.5186,144.6,0.10678,1347.199701
2026-09-15T17:15:06.964Z,ARB,3.646,210.9,0.15104,1347.199701
2026-09-15T17:15:06.964Z,GMX,5.6996,10200,7.163,1347.199701
2026-09-15T17:15:06.964Z,IMX,-0.912,163.3,0.12233,1347.199701
2026-09-15T17:15:06.964Z,INJ,-19.1217,6020,5.525,1347.199701
2026-09-15T17:15:06.964Z,GRT,8.9605,25.85,0.01761,1347.199701
2026-09-15T17:15:06.964Z,SUI,1.9893,961.8,0.7,1347.199701
2026-09-15T17:15:06.964Z,HYPE,1.8309,105100,76.611,1347.199701
2026-09-15T17:20:06.913Z,BTC,1.5415,104299000,76243.8,1347.199701
2026-09-15T17:20:06.913Z,ETH,1.5252,3304000,2415.65,1347.199701
2026-09-15T17:20:06.913Z,SOL,1.5578,135300,98.89,1347.199701
2026-09-15T17:20:06.913Z,BNB,0.8112,975000,717.9,1347.199701
2026-09-15T17:20:06.913Z,XRP,1.5611,1895,1.385,1347.199701
2026-09-15T17:20:06.913Z,ADA,1.5927,275.1,0.201,1347.199701
2026-09-15T17:20:06.913Z,AVAX,0.7008,10050,7.408,1347.199701
2026-09-15T17:20:06.913Z,DOT,1.0101,1334,0.9803,1347.199701
2026-09-15T17:20:06.913Z,LINK,1.6142,15350,11.213,1347.199701
2026-09-15T17:20:06.913Z,POL,-1.3812,128.9,0.09702,1347.199701
2026-09-15T17:20:06.913Z,DOGE,1.581,111.3,0.08133,1347.199701
2026-09-15T17:20:06.913Z,TRX,1.7365,457.6,0.33387,1347.199701
2026-09-15T17:20:06.913Z,XLM,1.2592,258.4,0.18942,1347.199701
2026-09-15T17:20:06.913Z,SHIB,2.1219,0.007,0.000005088,1347.199701
2026-09-15T17:20:06.913Z,BCH,0.899,300000,220.7,1347.199701
2026-09-15T17:20:06.913Z,UNI,2.4681,8770,6.353,1347.199701
2026-09-15T17:20:06.913Z,AAVE,1.3663,170100,124.56,1347.199701
2026-09-15T17:20:06.913Z,SUSHI,0.4966,285.4,0.2108,1347.199701
2026-09-15T17:20:06.913Z,LDO,0.8718,474,0.3488,1347.199701
2026-09-15T17:20:06.913Z,ICP,3.8128,3509,2.509,1347.199701
2026-09-15T17:20:06.913Z,NEAR,0.7179,3209,2.365,1347.199701
2026-09-15T17:20:06.913Z,HBAR,1.3809,106,0.07761,1347.199701
2026-09-15T17:20:06.913Z,XTZ,14.7508,390.5,0.2526,1347.199701
2026-09-15T17:20:06.913Z,DYDX,0.528,144.6,0.10677,1347.199701
2026-09-15T17:20:06.913Z,ARB,3.9488,210.9,0.1506,1347.199701
2026-09-15T17:20:06.913Z,GMX,5.803,10200,7.156,1347.199701
2026-09-15T17:20:06.913Z,IMX,-0.839,163.3,0.12224,1347.199701
2026-09-15T17:20:06.913Z,INJ,-19.3406,6020,5.54,1347.199701
2026-09-15T17:20:06.913Z,GRT,9.0844,25.85,0.01759,1347.199701
2026-09-15T17:20:06.913Z,SUI,1.9602,961.8,0.7002,1347.199701
2026-09-15T17:20:06.913Z,HYPE,1.7844,105100,76.646,1347.199701
2026-09-15T17:25:07.112Z,BTC,1.4712,104327000,76317.1,1347.199701
2026-09-15T17:25:07.112Z,ETH,1.4778,3305000,2417.51,1347.199701
2026-09-15T17:25:07.112Z,SOL,1.3733,135300,99.07,1347.199701
2026-09-15T17:25:07.112Z,BNB,0.685,975000,718.8,1347.199701
2026-09-15T17:25:07.112Z,XRP,1.6118,1898,1.3865,1347.199701
2026-09-15T17:25:07.112Z,ADA,1.6666,275.3,0.201,1347.199701
2026-09-15T17:25:07.112Z,AVAX,0.6601,10050,7.411,1347.199701
2026-09-15T17:25:07.112Z,DOT,0.9483,1334,0.9809,1347.199701
2026-09-15T17:25:07.112Z,LINK,1.5871,15350,11.216,1347.199701
2026-09-15T17:25:07.112Z,POL,-1.3304,128.9,0.09697,1347.199701
2026-09-15T17:25:07.112Z,DOGE,1.5186,111.3,0.08138,1347.199701
2026-09-15T17:25:07.112Z,TRX,1.7334,457.6,0.33388,1347.199701
2026-09-15T17:25:07.112Z,XLM,1.6392,259,0.18915,1347.199701
2026-09-15T17:25:07.112Z,SHIB,2.142,0.007,0.000005087,1347.199701
2026-09-15T17:25:07.112Z,BCH,0.7621,300000,221,1347.199701
2026-09-15T17:25:07.112Z,UNI,2.2428,8770,6.367,1347.199701
2026-09-15T17:25:07.112Z,AAVE,1.2363,170100,124.72,1347.199701
2026-09-15T17:25:07.112Z,SUSHI,0.449,285.4,0.2109,1347.199701
2026-09-15T17:25:07.112Z,LDO,0.7851,474,0.3491,1347.199701
2026-09-15T17:25:07.112Z,ICP,3.8956,3509,2.507,1347.199701
2026-09-15T17:25:07.112Z,NEAR,0.5478,3209,2.369,1347.199701
2026-09-15T17:25:07.112Z,HBAR,1.4724,106,0.07754,1347.199701
2026-09-15T17:25:07.112Z,XTZ,14.7054,390.5,0.2527,1347.199701
2026-09-15T17:25:07.112Z,DYDX,0.4151,144.6,0.10689,1347.199701
2026-09-15T17:25:07.112Z,ARB,4.7838,210.9,0.1494,1347.199701
2026-09-15T17:25:07.112Z,GMX,5.7291,10200,7.161,1347.199701
2026-09-15T17:25:07.112Z,IMX,-0.9767,163.3,0.12241,1347.199701
2026-09-15T17:25:07.112Z,INJ,-19.6163,6020,5.559,1347.199701
2026-09-15T17:25:07.112Z,GRT,8.8987,25.85,0.01762,1347.199701
2026-09-15T17:25:07.112Z,SUI,1.8438,961.8,0.701,1347.199701
2026-09-15T17:25:07.112Z,HYPE,1.4469,105100,76.901,1347.199701
2026-09-15T17:30:07.115Z,BTC,1.4926,104579000,76485.3,1347.199701
2026-09-15T17:30:07.115Z,ETH,1.3978,3311000,2423.81,1347.199701
2026-09-15T17:30:07.115Z,SOL,1.3967,135700,99.34,1347.199701
2026-09-15T17:30:07.115Z,BNB,0.5032,975000,720.1,1347.199701
2026-09-15T17:30:07.115Z,XRP,1.3682,1897,1.3891,1347.199701
2026-09-15T17:30:07.115Z,ADA,1.4647,275.3,0.2014,1347.199701
2026-09-15T17:30:07.115Z,AVAX,0.4974,10050,7.423,1347.199701
2026-09-15T17:30:07.115Z,DOT,0.7737,1334,0.9826,1347.199701
2026-09-15T17:30:07.115Z,LINK,1.2981,15350,11.248,1347.199701
2026-09-15T17:30:07.115Z,POL,-1.4929,128.9,0.09713,1347.199701
2026-09-15T17:30:07.115Z,DOGE,1.3069,111.3,0.08155,1347.199701
2026-09-15T17:30:07.115Z,TRX,1.6543,457.6,0.33414,1347.199701
2026-09-15T17:30:07.115Z,XLM,1.3179,259,0.18975,1347.199701
2026-09-15T17:30:07.115Z,SHIB,2.0016,0.007,0.000005094,1347.199701
2026-09-15T17:30:07.115Z,BCH,0.58,300000,221.4,1347.199701
2026-09-15T17:30:07.115Z,UNI,1.6838,8770,6.402,1347.199701
2026-09-15T17:30:07.115Z,AAVE,0.9126,170100,125.12,1347.199701
2026-09-15T17:30:07.115Z,SUSHI,0.0694,285.4,0.2117,1347.199701
2026-09-15T17:30:07.115Z,LDO,0.5547,474,0.3499,1347.199701
2026-09-15T17:30:07.115Z,ICP,3.6888,3509,2.512,1347.199701
2026-09-15T17:30:07.115Z,NEAR,0.4207,3209,2.372,1347.199701
2026-09-15T17:30:07.115Z,HBAR,1.1984,106,0.07775,1347.199701
2026-09-15T17:30:07.115Z,XTZ,14.5694,390.5,0.253,1347.199701
2026-09-15T17:30:07.115Z,DYDX,0.2838,144.6,0.10703,1347.199701
2026-09-15T17:30:07.115Z,ARB,5.2912,210.9,0.14868,1347.199701
2026-09-15T17:30:07.115Z,GMX,5.4199,10200,7.182,1347.199701
2026-09-15T17:30:07.115Z,IMX,-1.4197,163.3,0.12296,1347.199701
2026-09-15T17:30:07.115Z,INJ,-19.8326,6020,5.574,1347.199701
2026-09-15T17:30:07.115Z,GRT,8.5291,25.85,0.01768,1347.199701
2026-09-15T17:30:07.115Z,SUI,1.4091,960.7,0.7032,1347.199701
2026-09-15T17:30:07.115Z,HYPE,1.9009,106000,77.214,1347.199701
2026-09-15T17:35:06.904Z,BTC,1.3732,105059000,76926.9,1347.199701
2026-09-15T17:35:06.904Z,ETH,1.4983,3333000,2437.5,1347.199701
2026-09-15T17:35:06.904Z,SOL,1.4227,136500,99.9,1347.199701
2026-09-15T17:35:06.904Z,BNB,0.1139,975000,722.9,1347.199701
2026-09-15T17:35:06.904Z,XRP,1.4388,1918,1.4035,1347.199701
2026-09-15T17:35:06.904Z,ADA,1.6117,278.3,0.2033,1347.199701
2026-09-15T17:35:06.904Z,AVAX,-0.2685,10050,7.48,1347.199701
2026-09-15T17:35:06.904Z,DOT,0.1722,1334,0.9885,1347.199701
2026-09-15T17:35:06.904Z,LINK,1.2022,15480,11.354,1347.199701
2026-09-15T17:35:06.904Z,POL,-1.9873,128.9,0.09762,1347.199701
2026-09-15T17:35:06.904Z,DOGE,1.0515,111.7,0.08205,1347.199701
2026-09-15T17:35:06.904Z,TRX,1.6238,457.6,0.33424,1347.199701
2026-09-15T17:35:06.904Z,XLM,1.618,262.3,0.1916,1347.199701
2026-09-15T17:35:06.904Z,SHIB,1.1675,0.007,0.000005136,1347.199701
2026-09-15T17:35:06.904Z,BCH,-0.1416,300000,223,1347.199701
2026-09-15T17:35:06.904Z,UNI,-0.1608,8775,6.524,1347.199701
2026-09-15T17:35:06.904Z,AAVE,-0.0064,170100,126.27,1347.199701
2026-09-15T17:35:06.904Z,SUSHI,-0.6813,285.4,0.2133,1347.199701
2026-09-15T17:35:06.904Z,LDO,-0.3566,474,0.3531,1347.199701
2026-09-15T17:35:06.904Z,ICP,2.7075,3509,2.536,1347.199701
2026-09-15T17:35:06.904Z,NEAR,1.2285,3273,2.4,1347.199701
2026-09-15T17:35:06.904Z,HBAR,0.3978,106,0.07837,1347.199701
2026-09-15T17:35:06.904Z,XTZ,13.3153,390.5,0.2558,1347.199701
2026-09-15T17:35:06.904Z,DYDX,-0.414,144.6,0.10778,1347.199701
2026-09-15T17:35:06.904Z,ARB,3.5637,210.9,0.15116,1347.199701
2026-09-15T17:35:06.904Z,GMX,4.7201,10200,7.23,1347.199701
2026-09-15T17:35:06.904Z,IMX,-2.451,163.3,0.12426,1347.199701
2026-09-15T17:35:06.904Z,INJ,-20.3755,6020,5.612,1347.199701
2026-09-15T17:35:06.904Z,GRT,7.4955,25.85,0.01785,1347.199701
2026-09-15T17:35:06.904Z,SUI,1.4649,968.2,0.7083,1347.199701
2026-09-15T17:35:06.904Z,HYPE,1.3183,106000,77.658,1347.199701
2026-09-15T17:40:06.973Z,BTC,1.4501,105103000,76900.8,1347.199701
2026-09-15T17:40:06.973Z,ETH,1.4533,3326000,2433.46,1347.199701
2026-09-15T17:40:06.973Z,SOL,1.6049,136800,99.94,1347.199701
2026-09-15T17:40:06.973Z,BNB,0.1001,975000,723,1347.199701
2026-09-15T17:40:06.973Z,XRP,1.5066,1916,1.4011,1347.199701
2026-09-15T17:40:06.973Z,ADA,1.9218,278.6,0.2029,1347.199701
2026-09-15T17:40:06.973Z,AVAX,-0.375,10050,7.488,1347.199701
2026-09-15T17:40:06.973Z,DOT,0.3549,1334,0.9867,1347.199701
2026-09-15T17:40:06.973Z,LINK,2.2365,15590,11.319,1347.199701
2026-09-15T17:40:06.973Z,POL,-2.0876,128.9,0.09772,1347.199701
2026-09-15T17:40:06.973Z,DOGE,1.9065,112.7,0.08209,1347.199701
2026-09-15T17:40:06.973Z,TRX,1.633,457.6,0.33421,1347.199701
2026-09-15T17:40:06.973Z,XLM,1.5342,263,0.19227,1347.199701
2026-09-15T17:40:06.973Z,SHIB,1.2266,0.007,0.000005133,1347.199701
2026-09-15T17:40:06.973Z,BCH,-0.1864,300000,223.1,1347.199701
2026-09-15T17:40:06.973Z,UNI,0.2541,8775,6.497,1347.199701
2026-09-15T17:40:06.973Z,AAVE,-0.1013,170100,126.39,1347.199701
2026-09-15T17:40:06.973Z,SUSHI,-0.6347,285.4,0.2132,1347.199701
2026-09-15T17:40:06.973Z,LDO,-0.2718,474,0.3528,1347.199701
2026-09-15T17:40:06.973Z,ICP,2.7075,3509,2.536,1347.199701
2026-09-15T17:40:06.973Z,NEAR,0.7249,3273,2.412,1347.199701
2026-09-15T17:40:06.973Z,HBAR,1.5563,107.1,0.07828,1347.199701
2026-09-15T17:40:06.973Z,XTZ,13.271,390.5,0.2559,1347.199701
2026-09-15T17:40:06.973Z,DYDX,-0.3956,144.6,0.10776,1347.199701
2026-09-15T17:40:06.973Z,ARB,3.4884,210.9,0.15127,1347.199701
2026-09-15T17:40:06.973Z,GMX,4.7201,10200,7.23,1347.199701
2026-09-15T17:40:06.973Z,IMX,-2.451,163.3,0.12426,1347.199701
2026-09-15T17:40:06.973Z,INJ,-20.105,6020,5.593,1347.199701
2026-09-15T17:40:06.973Z,GRT,7.3752,25.85,0.01787,1347.199701
2026-09-15T17:40:06.973Z,SUI,1.7658,969.7,0.7073,1347.199701
2026-09-15T17:40:06.973Z,HYPE,1.7569,106500,77.688,1347.199701
2026-09-15T17:45:06.922Z,BTC,1.4164,104862000,76749.9,1347.199701
2026-09-15T17:45:06.922Z,ETH,1.4604,3320000,2428.9,1347.199701
2026-09-15T17:45:06.922Z,SOL,1.4906,136400,99.76,1347.199701
2026-09-15T17:45:06.922Z,BNB,0.2804,975000,721.7,1347.199701
2026-09-15T17:45:06.922Z,XRP,1.4536,1915,1.4011,1347.199701
2026-09-15T17:45:06.922Z,ADA,2.2241,278.6,0.2023,1347.199701
2026-09-15T17:45:06.922Z,AVAX,-0.2285,10050,7.477,1347.199701
2026-09-15T17:45:06.922Z,DOT,0.569,1334,0.9846,1347.199701
2026-09-15T17:45:06.922Z,LINK,2.3631,15590,11.305,1347.199701
2026-09-15T17:45:06.922Z,POL,-2.0476,128.9,0.09768,1347.199701
2026-09-15T17:45:06.922Z,DOGE,2.0681,112.7,0.08196,1347.199701
2026-09-15T17:45:06.922Z,TRX,1.6451,457.6,0.33417,1347.199701
2026-09-15T17:45:06.922Z,XLM,1.7368,263.1,0.19196,1347.199701
2026-09-15T17:45:06.922Z,SHIB,2.8731,0.0071,0.000005123,1347.199701
2026-09-15T17:45:06.922Z,BCH,0.0378,300000,222.6,1347.199701
2026-09-15T17:45:06.922Z,UNI,1.7578,8860,6.463,1347.199701
2026-09-15T17:45:06.922Z,AAVE,0.2158,170100,125.99,1347.199701
2026-09-15T17:45:06.922Z,SUSHI,-0.4947,285.4,0.2129,1347.199701
2026-09-15T17:45:06.922Z,LDO,0.0401,474,0.3517,1347.199701
2026-09-15T17:45:06.922Z,ICP,2.9104,3509,2.531,1347.199701
2026-09-15T17:45:06.922Z,NEAR,1.3129,3273,2.398,1347.199701
2026-09-15T17:45:06.922Z,HBAR,1.6992,107.1,0.07817,1347.199701
2026-09-15T17:45:06.922Z,XTZ,13.5817,390.5,0.2552,1347.199701
2026-09-15T17:45:06.922Z,DYDX,-0.0989,144.6,0.10744,1347.199701
2026-09-15T17:45:06.922Z,ARB,4.4134,210.9,0.14993,1347.199701
2026-09-15T17:45:06.922Z,GMX,4.778,10200,7.226,1347.199701
2026-09-15T17:45:06.922Z,IMX,-2.2543,163.3,0.12401,1347.199701
2026-09-15T17:45:06.922Z,INJ,-20.0192,6020,5.587,1347.199701
2026-09-15T17:45:06.922Z,GRT,7.7369,25.85,0.01781,1347.199701
2026-09-15T17:45:06.922Z,SUI,2.011,969.7,0.7056,1347.199701
2026-09-15T17:45:06.922Z,HYPE,1.9485,106500,77.542,1347.199701
2026-09-15T17:50:06.922Z,BTC,1.3996,105126000,76955.9,1347.199701
2026-09-15T17:50:06.922Z,ETH,1.4563,3334000,2439.24,1347.199701
2026-09-15T17:50:06.922Z,SOL,0.8738,136400,100.37,1347.199701
2026-09-15T17:50:06.922Z,BNB,-0.0106,975000,723.8,1347.199701
2026-09-15T17:50:06.922Z,XRP,1.4286,1923,1.4073,1347.199701
2026-09-15T17:50:06.922Z,ADA,1.6213,278.6,0.2035,1347.199701
2026-09-15T17:50:06.922Z,AVAX,-0.733,10050,7.515,1347.199701
2026-09-15T17:50:06.922Z,DOT,0.3143,1334,0.9871,1347.199701
2026-09-15T17:50:06.922Z,LINK,1.9393,15590,11.352,1347.199701
2026-09-15T17:50:06.922Z,POL,-2.1977,128.9,0.09783,1347.199701
2026-09-15T17:50:06.922Z,DOGE,1.7206,112.7,0.08224,1347.199701
2026-09-15T17:50:06.922Z,TRX,1.6105,457.8,0.33443,1347.199701
2026-09-15T17:50:06.922Z,XLM,1.46,263.3,0.19263,1347.199701
2026-09-15T17:50:06.922Z,SHIB,2.5329,0.0071,0.00000514,1347.199701
2026-09-15T17:50:06.922Z,BCH,-0.1864,300000,223.1,1347.199701
2026-09-15T17:50:06.922Z,UNI,0.7909,8860,6.525,1347.199701
2026-09-15T17:50:06.922Z,AAVE,-0.4008,170100,126.77,1347.199701
2026-09-15T17:50:06.922Z,SUSHI,-0.8672,285.4,0.2137,1347.199701
2026-09-15T17:50:06.922Z,LDO,-0.2436,474,0.3527,1347.199701
2026-09-15T17:50:06.922Z,ICP,2.5458,3509,2.54,1347.199701
2026-09-15T17:50:06.922Z,NEAR,0.5997,3273,2.415,1347.199701
2026-09-15T17:50:06.922Z,HBAR,1.5952,107.1,0.07825,1347.199701
2026-09-15T17:50:06.922Z,XTZ,12.918,390.5,0.2567,1347.199701
2026-09-15T17:50:06.922Z,DYDX,-0.3586,144.6,0.10772,1347.199701
2026-09-15T17:50:06.922Z,ARB,3.345,210.9,0.15148,1347.199701
2026-09-15T17:50:06.922Z,GMX,4.4312,10200,7.25,1347.199701
2026-09-15T17:50:06.922Z,IMX,-2.3724,163.3,0.12416,1347.199701
2026-09-15T17:50:06.922Z,INJ,-20.4747,6020,5.619,1347.199701
2026-09-15T17:50:06.922Z,GRT,7.4353,25.85,0.01786,1347.199701
2026-09-15T17:50:06.922Z,SUI,1.5075,969.7,0.7091,1347.199701
2026-09-15T17:50:06.922Z,HYPE,1.6509,106500,77.769,1347.199701
2026-09-15T17:55:07.457Z,BTC,1.421,105200000,76993.8,1347.199701
2026-09-15T17:55:07.457Z,ETH,1.4194,3335000,2440.86,1347.199701
2026-09-15T17:55:07.457Z,SOL,1.6741,137400,100.31,1347.199701
2026-09-15T17:55:07.457Z,BNB,0.0724,975000,723.2,1347.199701
2026-09-15T17:55:07.457Z,XRP,1.4666,1927,1.4097,1347.199701
2026-09-15T17:55:07.457Z,ADA,1.5215,278.6,0.2037,1347.199701
2026-09-15T17:55:07.457Z,AVAX,-0.7197,10050,7.514,1347.199701
2026-09-15T17:55:07.457Z,DOT,0.4771,1334,0.9855,1347.199701
2026-09-15T17:55:07.457Z,LINK,2.1192,15590,11.332,1347.199701
2026-09-15T17:55:07.457Z,POL,3.995,137.3,0.098,1347.199701
2026-09-15T17:55:07.457Z,DOGE,1.7701,112.7,0.0822,1347.199701
2026-09-15T17:55:07.457Z,TRX,1.65,457.8,0.3343,1347.199701
2026-09-15T17:55:07.457Z,XLM,1.6375,264.5,0.19317,1347.199701
2026-09-15T17:55:07.457Z,SHIB,2.6527,0.0071,0.000005134,1347.199701
2026-09-15T17:55:07.457Z,BCH,-0.1416,300000,223,1347.199701
2026-09-15T17:55:07.457Z,UNI,1.7661,8895,6.488,1347.199701
2026-09-15T17:55:07.457Z,AAVE,-0.5263,170100,126.93,1347.199701
2026-09-15T17:55:07.457Z,SUSHI,-0.8672,285.4,0.2137,1347.199701
2026-09-15T17:55:07.457Z,LDO,-0.3001,474,0.3529,1347.199701
2026-09-15T17:55:07.457Z,ICP,2.4651,3509,2.542,1347.199701
2026-09-15T17:55:07.457Z,NEAR,0.6831,3273,2.413,1347.199701
2026-09-15T17:55:07.457Z,HBAR,1.5173,107.1,0.07831,1347.199701
2026-09-15T17:55:07.457Z,XTZ,12.918,390.5,0.2567,1347.199701
2026-09-15T17:55:07.457Z,DYDX,-0.2752,144.6,0.10763,1347.199701
2026-09-15T17:55:07.457Z,ARB,3.4269,210.9,0.15136,1347.199701
2026-09-15T17:55:07.457Z,GMX,4.273,10200,7.261,1347.199701
2026-09-15T17:55:07.457Z,IMX,-2.2937,163.3,0.12406,1347.199701
2026-09-15T17:55:07.457Z,INJ,-20.418,6020,5.615,1347.199701
2026-09-15T17:55:07.457Z,GRT,7.6161,25.85,0.01783,1347.199701
2026-09-15T17:55:07.457Z,SUI,1.3931,969.7,0.7099,1347.199701
2026-09-15T17:55:07.457Z,HYPE,1.5921,106500,77.814,1347.199701
2026-09-15T18:00:07.224Z,BTC,1.3749,105049000,76918.3,1347.199701
2026-09-15T18:00:07.224Z,ETH,1.4543,3335000,2440.02,1347.199701
2026-09-15T18:00:07.224Z,SOL,1.8264,137400,100.16,1347.199701
2026-09-15T18:00:07.224Z,BNB,0.1139,975000,722.9,1347.199701
2026-09-15T18:00:07.224Z,XRP,1.2993,1917,1.4047,1347.199701
2026-09-15T18:00:07.224Z,ADA,1.8214,278.6,0.2031,1347.199701
2026-09-15T18:00:07.224Z,AVAX,-0.5609,10050,7.502,1347.199701
2026-09-15T18:00:07.224Z,DOT,0.8763,1334,0.9816,1347.199701
2026-09-15T18:00:07.224Z,LINK,2.3541,15590,11.306,1347.199701
2026-09-15T18:00:07.224Z,POL,4.1651,137.3,0.09784,1347.199701
2026-09-15T18:00:07.224Z,DOGE,1.9065,112.7,0.08209,1347.199701
2026-09-15T18:00:07.224Z,TRX,1.6372,457.4,0.33405,1347.199701
2026-09-15T18:00:07.224Z,XLM,2.0072,264.5,0.19247,1347.199701
2026-09-15T18:00:07.224Z,SHIB,1.4044,0.007,0.000005124,1347.199701
2026-09-15T18:00:07.224Z,BCH,0.1278,300000,222.4,1347.199701
2026-09-15T18:00:07.224Z,UNI,1.3813,8860,6.487,1347.199701
2026-09-15T18:00:07.224Z,AAVE,-0.2119,170100,126.53,1347.199701
2026-09-15T18:00:07.224Z,SUSHI,-0.5414,285.4,0.213,1347.199701
2026-09-15T18:00:07.224Z,LDO,0.0116,474,0.3518,1347.199701
2026-09-15T18:00:07.224Z,ICP,2.9104,3509,2.531,1347.199701
2026-09-15T18:00:07.224Z,NEAR,0.9341,3273,2.407,1347.199701
2026-09-15T18:00:07.224Z,HBAR,1.8555,107.1,0.07805,1347.199701
2026-09-15T18:00:07.224Z,XTZ,13.1384,390.5,0.2562,1347.199701
2026-09-15T18:00:07.224Z,DYDX,0.1995,144.6,0.10712,1347.199701
2026-09-15T18:00:07.224Z,ARB,4.3785,210.9,0.14998,1347.199701
2026-09-15T18:00:07.224Z,GMX,4.561,10200,7.241,1347.199701
2026-09-15T18:00:07.224Z,IMX,-1.8825,163.3,0.12354,1347.199701
2026-09-15T18:00:07.224Z,INJ,-20.1621,6020,5.597,1347.199701
2026-09-15T18:00:07.224Z,GRT,8.0403,25.85,0.01776,1347.199701
2026-09-15T18:00:07.224Z,SUI,1.4216,969.7,0.7097,1347.199701
2026-09-15T18:00:07.224Z,HYPE,2.1421,106500,77.395,1347.199701
2026-09-15T18:05:07.359Z,BTC,1.3384,104920000,76851.5,1347.199701
2026-09-15T18:05:07.359Z,ETH,1.3723,3329000,2437.6,1347.199701
2026-09-15T18:05:07.359Z,SOL,1.3448,136600,100.05,1347.199701
2026-09-15T18:05:07.359Z,BNB,0.0724,975000,723.2,1347.199701
2026-09-15T18:05:07.359Z,XRP,1.2756,1907,1.3977,1347.199701
2026-09-15T18:05:07.359Z,ADA,2.1231,278.6,0.2025,1347.199701
2026-09-15T18:05:07.359Z,AVAX,-0.3351,10050,7.485,1347.199701
2026-09-15T18:05:07.359Z,DOT,0.7634,1334,0.9827,1347.199701
2026-09-15T18:05:07.359Z,LINK,2.4538,15590,11.295,1347.199701
2026-09-15T18:05:07.359Z,POL,3.8572,137.3,0.09813,1347.199701
2026-09-15T18:05:07.359Z,DOGE,2.0307,112.7,0.08199,1347.199701
2026-09-15T18:05:07.359Z,TRX,1.5984,456.5,0.33352,1347.199701
2026-09-15T18:05:07.359Z,XLM,1.5422,262.2,0.19167,1347.199701
2026-09-15T18:05:07.359Z,SHIB,1.444,0.007,0.000005122,1347.199701
2026-09-15T18:05:07.359Z,BCH,0.2179,300000,222.2,1347.199701
2026-09-15T18:05:07.359Z,UNI,1.2564,8860,6.495,1347.199701
2026-09-15T18:05:07.359Z,AAVE,-0.2119,170100,126.53,1347.199701
2026-09-15T18:05:07.359Z,SUSHI,-0.3543,285.4,0.2126,1347.199701
2026-09-15T18:05:07.359Z,LDO,0.0116,474,0.3518,1347.199701
2026-09-15T18:05:07.359Z,ICP,2.8698,3509,2.532,1347.199701
2026-09-15T18:05:07.359Z,NEAR,0.9341,3273,2.407,1347.199701
2026-09-15T18:05:07.359Z,HBAR,1.9993,107.1,0.07794,1347.199701
2026-09-15T18:05:07.359Z,XTZ,13.3153,390.5,0.2558,1347.199701
2026-09-15T18:05:07.359Z,DYDX,0.3307,144.6,0.10698,1347.199701
2026-09-15T18:05:07.359Z,ARB,4.8469,210.9,0.14931,1347.199701
2026-09-15T18:05:07.359Z,GMX,4.778,10200,7.226,1347.199701
2026-09-15T18:05:07.359Z,IMX,-1.6755,163.3,0.12328,1347.199701
2026-09-15T18:05:07.359Z,INJ,-20.0764,6020,5.591,1347.199701
2026-09-15T18:05:07.359Z,GRT,8.3453,25.85,0.01771,1347.199701
2026-09-15T18:05:07.359Z,SUI,1.5791,969.7,0.7086,1347.199701
2026-09-15T18:05:07.359Z,HYPE,2.0761,106500,77.445,1347.199701
2026-09-15T18:10:06.928Z,BTC,1.3427,104980000,76892.2,1347.199701
2026-09-15T18:10:06.928Z,ETH,1.2724,3324000,2436.34,1347.199701
2026-09-15T18:10:06.928Z,SOL,1.2741,136300,99.9,1347.199701
2026-09-15T18:10:06.928Z,BNB,0.1001,975000,723,1347.199701
2026-09-15T18:10:06.928Z,XRP,1.3771,1907,1.3963,1347.199701
2026-09-15T18:10:06.928Z,ADA,2.0727,278.6,0.2026,1347.199701
2026-09-15T18:10:06.928Z,AVAX,-0.2951,10050,7.482,1347.199701
2026-09-15T18:10:06.928Z,DOT,0.825,1334,0.9821,1347.199701
2026-09-15T18:10:06.928Z,LINK,2.3994,15590,11.301,1347.199701
2026-09-15T18:10:06.928Z,POL,4.1757,137.3,0.09783,1347.199701
2026-09-15T18:10:06.928Z,DOGE,1.9686,112.7,0.08204,1347.199701
2026-09-15T18:10:06.928Z,TRX,1.6516,455,0.33225,1347.199701
2026-09-15T18:10:06.928Z,XLM,1.8025,262.2,0.19118,1347.199701
2026-09-15T18:10:06.928Z,SHIB,1.3451,0.007,0.000005127,1347.199701
2026-09-15T18:10:06.928Z,BCH,0.2179,300000,222.2,1347.199701
2026-09-15T18:10:06.928Z,UNI,1.0697,8860,6.507,1347.199701
2026-09-15T18:10:06.928Z,AAVE,-0.1961,170100,126.51,1347.199701
2026-09-15T18:10:06.928Z,SUSHI,-0.2604,285.4,0.2124,1347.199701
2026-09-15T18:10:06.928Z,LDO,0.0685,474,0.3516,1347.199701
2026-09-15T18:10:06.928Z,ICP,2.9511,3509,2.53,1347.199701
2026-09-15T18:10:06.928Z,NEAR,1.1863,3273,2.401,1347.199701
2026-09-15T18:10:06.928Z,HBAR,2.0255,107.1,0.07792,1347.199701
2026-09-15T18:10:06.928Z,XTZ,13.2268,390.5,0.256,1347.199701
2026-09-15T18:10:06.928Z,DYDX,0.4998,144.6,0.1068,1347.199701
2026-09-15T18:10:06.928Z,ARB,5.0087,210.9,0.14908,1347.199701
2026-09-15T18:10:06.928Z,GMX,4.9087,10200,7.217,1347.199701
2026-09-15T18:10:06.928Z,IMX,-1.6676,163.3,0.12327,1347.199701
2026-09-15T18:10:06.928Z,INJ,-20.0621,6020,5.59,1347.199701
2026-09-15T18:10:06.928Z,GRT,8.3453,25.85,0.01771,1347.199701
2026-09-15T18:10:06.928Z,SUI,1.4715,968.4,0.7084,1347.199701
2026-09-15T18:10:06.928Z,HYPE,2.1091,106500,77.42,1347.199701
2026-09-15T18:15:06.561Z,BTC,1.3609,104934000,76844.7,1347.199701
2026-09-15T18:15:06.561Z,ETH,1.3244,3324000,2435.09,1347.199701
2026-09-15T18:15:06.561Z,SOL,1.335,136300,99.84,1347.199701
2026-09-15T18:15:06.561Z,BNB,0.0585,975000,723.3,1347.199701
2026-09-15T18:15:06.561Z,XRP,1.3551,1910,1.3988,1347.199701
2026-09-15T18:15:06.561Z,ADA,2.0727,278.6,0.2026,1347.199701
2026-09-15T18:15:06.561Z,AVAX,-0.3085,10050,7.483,1347.199701
2026-09-15T18:15:06.561Z,DOT,0.8661,1334,0.9817,1347.199701
2026-09-15T18:15:06.561Z,LINK,2.4447,15590,11.296,1347.199701
2026-09-15T18:15:06.561Z,POL,4.6786,137.3,0.09736,1347.199701
2026-09-15T18:15:06.561Z,DOGE,1.9934,112.7,0.08202,1347.199701
2026-09-15T18:15:06.561Z,TRX,1.6669,455,0.3322,1347.199701
2026-09-15T18:15:06.561Z,XLM,2.0587,262.2,0.1907,1347.199701
2026-09-15T18:15:06.561Z,SHIB,1.3846,0.007,0.000005125,1347.199701
2026-09-15T18:15:06.561Z,BCH,0.1728,300000,222.3,1347.199701
2026-09-15T18:15:06.561Z,UNI,1.2253,8860,6.497,1347.199701
2026-09-15T18:15:06.561Z,AAVE,-0.1961,170100,126.51,1347.199701
2026-09-15T18:15:06.561Z,SUSHI,-0.2604,285.4,0.2124,1347.199701
2026-09-15T18:15:06.561Z,LDO,0.154,474,0.3513,1347.199701
2026-09-15T18:15:06.561Z,ICP,2.9918,3509,2.529,1347.199701
2026-09-15T18:15:06.561Z,NEAR,1.1863,3273,2.401,1347.199701
2026-09-15T18:15:06.561Z,HBAR,2.091,107.1,0.07787,1347.199701
2026-09-15T18:15:06.561Z,XTZ,13.0942,390.5,0.2563,1347.199701
2026-09-15T18:15:06.561Z,DYDX,0.594,144.6,0.1067,1347.199701
2026-09-15T18:15:06.561Z,ARB,6.4438,210.9,0.14707,1347.199701
2026-09-15T18:15:06.561Z,GMX,4.8942,10200,7.218,1347.199701
2026-09-15T18:15:06.561Z,IMX,-1.4918,163.3,0.12305,1347.199701
2026-09-15T18:15:06.561Z,INJ,-19.9905,6020,5.585,1347.199701
2026-09-15T18:15:06.561Z,GRT,8.4065,25.85,0.0177,1347.199701
2026-09-15T18:15:06.561Z,SUI,1.4429,968.4,0.7086,1347.199701
2026-09-15T18:15:06.561Z,HYPE,1.8631,106500,77.607,1347.199701
2026-09-15T18:20:06.558Z,BTC,1.3626,104615000,76609.8,1347.199701
2026-09-15T18:20:06.558Z,ETH,1.4003,3315000,2426.68,1347.199701
2026-09-15T18:20:06.558Z,SOL,1.4065,136000,99.55,1347.199701
2026-09-15T18:20:06.558Z,BNB,0.2665,975000,721.8,1347.199701
2026-09-15T18:20:06.558Z,XRP,1.3075,1896,1.3892,1347.199701
2026-09-15T18:20:06.558Z,ADA,2.6809,278.6,0.2014,1347.199701
2026-09-15T18:20:06.558Z,AVAX,0.0391,10050,7.457,1347.199701
2026-09-15T18:20:06.558Z,DOT,1.2787,1334,0.9777,1347.199701
2026-09-15T18:20:06.558Z,LINK,2.8544,15590,11.251,1347.199701
2026-09-15T18:20:06.558Z,POL,5.219,137.3,0.09686,1347.199701
2026-09-15T18:20:06.558Z,DOGE,2.3428,112.7,0.08174,1347.199701
2026-09-15T18:20:06.558Z,TRX,1.7037,455,0.33208,1347.199701
2026-09-15T18:20:06.558Z,XLM,1.5162,258.7,0.18916,1347.199701
2026-09-15T18:20:06.558Z,SHIB,1.8018,0.007,5.104e-06,1347.199701
2026-09-15T18:20:06.558Z,BCH,0.5346,300000,221.5,1347.199701
2026-09-15T18:20:06.558Z,UNI,1.3198,8770,6.425,1347.199701
2026-09-15T18:20:06.558Z,AAVE,0.3432,170100,125.83,1347.199701
2026-09-15T18:20:06.558Z,SUSHI,0.5443,285.4,0.2107,1347.199701
2026-09-15T18:20:06.558Z,LDO,0.7274,474,0.3493,1347.199701
2026-09-15T18:20:06.558Z,ICP,3.3186,3509,2.521,1347.199701
2026-09-15T18:20:06.558Z,NEAR,1.8225,3273,2.386,1347.199701
2026-09-15T18:20:06.558Z,HBAR,2.4594,107.1,0.07759,1347.199701
2026-09-15T18:20:06.558Z,XTZ,13.2268,390.5,0.256,1347.199701
2026-09-15T18:20:06.558Z,DYDX,1.0961,144.6,0.10617,1347.199701
2026-09-15T18:20:06.558Z,ARB,7.696,210.9,0.14536,1347.199701
2026-09-15T18:20:06.558Z,GMX,5.2734,10200,7.192,1347.199701
2026-09-15T18:20:06.558Z,IMX,-1.0818,163.3,0.12254,1347.199701
2026-09-15T18:20:06.558Z,INJ,-19.9045,6020,5.579,1347.199701
2026-09-15T18:20:06.558Z,GRT,8.652,25.85,0.01766,1347.199701
2026-09-15T18:20:06.558Z,SUI,1.5869,964.3,0.7046,1347.199701
2026-09-15T18:20:06.558Z,HYPE,1.2943,105500,77.31,1347.199701
2026-09-15T18:25:06.941Z,BTC,1.4216,104615000,76565.2,1347.199701
2026-09-15T18:25:06.941Z,ETH,1.4395,3314000,2425.01,1347.199701
2026-09-15T18:25:06.941Z,SOL,1.4472,136000,99.51,1347.199701
2026-09-15T18:25:06.941Z,BNB,0.3082,975000,721.5,1347.199701
2026-09-15T18:25:06.941Z,XRP,1.4363,1898,1.3889,1347.199701
2026-09-15T18:25:06.941Z,ADA,2.7319,278.6,0.2013,1347.199701
2026-09-15T18:25:06.941Z,AVAX,0.1735,10050,7.447,1347.199701
2026-09-15T18:25:06.941Z,DOT,1.4655,1334,0.9759,1347.199701
2026-09-15T18:25:06.941Z,LINK,2.9826,15590,11.237,1347.199701
2026-09-15T18:25:06.941Z,POL,5.4694,137.3,0.09663,1347.199701
2026-09-15T18:25:06.941Z,DOGE,2.4682,112.7,0.08164,1347.199701
2026-09-15T18:25:06.941Z,TRX,1.5524,454.2,0.33199,1347.199701
2026-09-15T18:25:06.941Z,XLM,1.5269,258.7,0.18914,1347.199701
2026-09-15T18:25:06.941Z,SHIB,2.0617,0.007,5.091e-06,1347.199701
2026-09-15T18:25:06.941Z,BCH,0.6255,300000,221.3,1347.199701
2026-09-15T18:25:06.941Z,UNI,1.4145,8770,6.419,1347.199701
2026-09-15T18:25:06.941Z,AAVE,0.4231,170100,125.73,1347.199701
2026-09-15T18:25:06.941Z,SUSHI,0.9756,285.4,0.2098,1347.199701
2026-09-15T18:25:06.941Z,LDO,0.814,474,0.349,1347.199701
2026-09-15T18:25:06.941Z,ICP,3.5651,3509,2.515,1347.199701
2026-09-15T18:25:06.941Z,NEAR,2.0792,3273,2.38,1347.199701
2026-09-15T18:25:06.941Z,HBAR,2.5784,107.1,0.0775,1347.199701
2026-09-15T18:25:06.941Z,XTZ,13.5817,390.5,0.2552,1347.199701
2026-09-15T18:25:06.941Z,DYDX,1.1342,144.6,0.10613,1347.199701
2026-09-15T18:25:06.941Z,ARB,2.0973,196.8,0.14308,1347.199701
2026-09-15T18:25:06.941Z,GMX,5.3759,10200,7.185,1347.199701
2026-09-15T18:25:06.941Z,IMX,-0.9767,163.3,0.12241,1347.199701
2026-09-15T18:25:06.941Z,INJ,-19.8758,6020,5.577,1347.199701
2026-09-15T18:25:06.941Z,GRT,8.5905,25.85,0.01767,1347.199701
2026-09-15T18:25:06.941Z,SUI,1.7891,964.3,0.7032,1347.199701
2026-09-15T18:25:06.941Z,HYPE,1.5241,105500,77.135,1347.199701
2026-09-15T18:30:06.921Z,BTC,1.4933,105133000,76890,1347.199701
2026-09-15T18:30:06.921Z,ETH,1.3506,3324000,2434.46,1347.199701
2026-09-15T18:30:06.921Z,SOL,1.4633,136500,99.86,1347.199701
2026-09-15T18:30:06.921Z,BNB,0.1555,975000,722.6,1347.199701
2026-09-15T18:30:06.921Z,XRP,1.5439,1910,1.3962,1347.199701
2026-09-15T18:30:06.921Z,ADA,1.4401,276.6,0.2024,1347.199701
2026-09-15T18:30:06.921Z,AVAX,-0.4282,10050,7.492,1347.199701
2026-09-15T18:30:06.921Z,DOT,1.1649,1334,0.9788,1347.199701
2026-09-15T18:30:06.921Z,LINK,2.4991,15590,11.29,1347.199701
2026-09-15T18:30:06.921Z,POL,5.0563,137.3,0.09701,1347.199701
2026-09-15T18:30:06.921Z,DOGE,1.4504,112.1,0.08202,1347.199701
2026-09-15T18:30:06.921Z,TRX,1.4577,454.2,0.3323,1347.199701
2026-09-15T18:30:06.921Z,XLM,1.5658,260.4,0.19031,1347.199701
2026-09-15T18:30:06.921Z,SHIB,1.4242,0.007,5.123e-06,1347.199701
2026-09-15T18:30:06.921Z,BCH,0.1728,300000,222.3,1347.199701
2026-09-15T18:30:06.921Z,UNI,0.7553,8770,6.461,1347.199701
2026-09-15T18:30:06.921Z,AAVE,0.0887,170100,126.15,1347.199701
2026-09-15T18:30:06.921Z,SUSHI,0.3538,285.4,0.2111,1347.199701
2026-09-15T18:30:06.921Z,LDO,0.3539,474,0.3506,1347.199701
2026-09-15T18:30:06.921Z,ICP,2.9104,3509,2.531,1347.199701
2026-09-15T18:30:06.921Z,NEAR,1.6095,3273,2.391,1347.199701
2026-09-15T18:30:06.921Z,HBAR,2.2485,107.1,0.07775,1347.199701
2026-09-15T18:30:06.921Z,XTZ,12.918,390.5,0.2567,1347.199701
2026-09-15T18:30:06.921Z,DYDX,0.5468,144.6,0.10675,1347.199701
2026-09-15T18:30:06.921Z,ARB,0.6202,195.2,0.144,1347.199701
2026-09-15T18:30:06.921Z,GMX,4.778,10200,7.226,1347.199701
2026-09-15T18:30:06.921Z,IMX,-1.3956,163.3,0.12293,1347.199701
2026-09-15T18:30:06.921Z,INJ,-20.1906,6020,5.599,1347.199701
2026-09-15T18:30:06.921Z,GRT,7.8581,25.85,0.01779,1347.199701
2026-09-15T18:30:06.921Z,SUI,1.5161,966.5,0.7067,1347.199701
2026-09-15T18:30:06.921Z,HYPE,1.4395,105900,77.492,1347.199701
2026-09-15T18:35:06.933Z,BTC,1.2417,104670000,76741.6,1347.199701
2026-09-15T18:35:06.933Z,ETH,1.2635,3316000,2430.69,1347.199701
2026-09-15T18:35:06.933Z,SOL,1.1693,135900,99.71,1347.199701
2026-09-15T18:35:06.933Z,BNB,0.2943,975000,721.6,1347.199701
2026-09-15T18:35:06.933Z,XRP,1.4088,1905,1.3944,1347.199701
2026-09-15T18:35:06.933Z,ADA,1.3505,275.4,0.2017,1347.199701
2026-09-15T18:35:06.933Z,AVAX,-0.2685,10050,7.48,1347.199701
2026-09-15T18:35:06.933Z,DOT,1.0466,1324,0.9726,1347.199701
2026-09-15T18:35:06.933Z,LINK,0.9865,15330,11.268,1347.199701
2026-09-15T18:35:06.933Z,POL,5.5896,137.3,0.09652,1347.199701
2026-09-15T18:35:06.933Z,DOGE,1.3148,111.8,0.08191,1347.199701
2026-09-15T18:35:06.933Z,TRX,1.5096,454.2,0.33213,1347.199701
2026-09-15T18:35:06.933Z,XLM,1.6763,259.3,0.1893,1347.199701
2026-09-15T18:35:06.933Z,SHIB,1.6226,0.007,5.113e-06,1347.199701
2026-09-15T18:35:06.933Z,BCH,0.3986,300000,221.8,1347.199701
2026-09-15T18:35:06.933Z,UNI,1.1781,8770,6.434,1347.199701
2026-09-15T18:35:06.933Z,AAVE,0.4071,170100,125.75,1347.199701
2026-09-15T18:35:06.933Z,SUSHI,1.072,285.4,0.2096,1347.199701
2026-09-15T18:35:06.933Z,LDO,0.7274,474,0.3493,1347.199701
2026-09-15T18:35:06.933Z,ICP,3.1141,3509,2.526,1347.199701
2026-09-15T18:35:06.933Z,NEAR,2.1221,3273,2.379,1347.199701
2026-09-15T18:35:06.933Z,HBAR,2.3143,107.1,0.0777,1347.199701
2026-09-15T18:35:06.933Z,XTZ,13.1384,390.5,0.2562,1347.199701
2026-09-15T18:35:06.933Z,DYDX,1.0295,144.6,0.10624,1347.199701
2026-09-15T18:35:06.933Z,ARB,0.2097,195.2,0.14459,1347.199701
2026-09-15T18:35:06.933Z,GMX,5.171,10200,7.199,1347.199701
2026-09-15T18:35:06.933Z,IMX,-1.1624,163.3,0.12264,1347.199701
2026-09-15T18:35:06.933Z,INJ,-19.9475,6020,5.582,1347.199701
2026-09-15T18:35:06.933Z,GRT,7.9187,25.85,0.01778,1347.199701
2026-09-15T18:35:06.933Z,SUI,0.935,959.2,0.7054,1347.199701
2026-09-15T18:35:06.933Z,HYPE,0.952,105100,77.278,1347.199701
2026-09-15T18:40:06.543Z,BTC,1.4636,104310000,76310.4,1347.199701
2026-09-15T18:40:06.543Z,ETH,1.3745,3289000,2408.26,1347.199701
2026-09-15T18:40:06.543Z,SOL,1.3631,135300,99.08,1347.199701
2026-09-15T18:40:06.543Z,BNB,1.4316,981000,717.9,1347.199701
2026-09-15T18:40:06.543Z,XRP,1.1029,1843,1.3531,1347.199701
2026-09-15T18:40:06.543Z,ADA,1.7985,273.6,0.1995,1347.199701
2026-09-15T18:40:06.543Z,AVAX,0.4838,10050,7.424,1347.199701
2026-09-15T18:40:06.543Z,DOT,1.185,1310,0.961,1347.199701
2026-09-15T18:40:06.543Z,LINK,1.0204,15180,11.154,1347.199701
2026-09-15T18:40:06.543Z,POL,6.1505,137.3,0.09601,1347.199701
2026-09-15T18:40:06.543Z,DOGE,1.4483,111.1,0.08129,1347.199701
2026-09-15T18:40:06.543Z,TRX,1.5434,453.9,0.3318,1347.199701
2026-09-15T18:40:06.543Z,XLM,1.7746,253.6,0.18496,1347.199701
2026-09-15T18:40:06.543Z,SHIB,1.2601,0.0069,5.058e-06,1347.199701
2026-09-15T18:40:06.543Z,BCH,1.1741,300000,220.1,1347.199701
2026-09-15T18:40:06.543Z,UNI,1.2836,8700,6.376,1347.199701
2026-09-15T18:40:06.543Z,AAVE,1.2769,170100,124.67,1347.199701
2026-09-15T18:40:06.543Z,SUSHI,0.9099,281,0.2067,1347.199701
2026-09-15T18:40:06.543Z,LDO,1.7764,474,0.3457,1347.199701
2026-09-15T18:40:06.543Z,ICP,3.5651,3509,2.515,1347.199701
2026-09-15T18:40:06.543Z,NEAR,1.1456,3209,2.355,1347.199701
2026-09-15T18:40:06.543Z,HBAR,1.7713,104.9,0.07651,1347.199701
2026-09-15T18:40:06.543Z,XTZ,14.5241,390.5,0.2531,1347.199701
2026-09-15T18:40:06.543Z,DYDX,2.0186,144.6,0.10521,1347.199701
2026-09-15T18:40:06.543Z,ARB,0.9254,196.2,0.1443,1347.199701
2026-09-15T18:40:06.543Z,GMX,6.0698,10200,7.138,1347.199701
2026-09-15T18:40:06.543Z,IMX,-0.0459,163.3,0.12127,1347.199701
2026-09-15T18:40:06.543Z,INJ,-19.2678,6020,5.535,1347.199701
2026-09-15T18:40:06.543Z,GRT,8.7752,25.85,0.01764,1347.199701
2026-09-15T18:40:06.543Z,SUI,1.4577,954.6,0.6984,1347.199701
2026-09-15T18:40:06.543Z,HYPE,1.2029,104700,76.793,1347.199701
2026-09-15T18:45:06.913Z,BTC,1.4088,103426000,75704.6,1347.199701
2026-09-15T18:45:06.913Z,ETH,1.4294,3259000,2385,1347.199701
2026-09-15T18:45:06.913Z,SOL,1.3924,133700,97.88,1347.199701
2026-09-15T18:45:06.913Z,BNB,1.6124,977000,713.7,1347.199701
2026-09-15T18:45:06.913Z,XRP,1.4753,1807,1.3218,1347.199701
2026-09-15T18:45:06.913Z,ADA,2.1061,270.3,0.1965,1347.199701
2026-09-15T18:45:06.913Z,AVAX,1.6476,10050,7.339,1347.199701
2026-09-15T18:45:06.913Z,DOT,2.0022,1310,0.9533,1347.199701
2026-09-15T18:45:06.913Z,LINK,1.834,15080,10.992,1347.199701
2026-09-15T18:45:06.913Z,POL,7.1775,137.3,0.09509,1347.199701
2026-09-15T18:45:06.913Z,DOGE,1.7635,109.8,0.08009,1347.199701
2026-09-15T18:45:06.913Z,TRX,1.5896,453.6,0.33143,1347.199701
2026-09-15T18:45:06.913Z,XLM,4.5989,253,0.17954,1347.199701
2026-09-15T18:45:06.913Z,SHIB,2.2915,0.0069,5.007e-06,1347.199701
2026-09-15T18:45:06.913Z,BCH,2.5249,300000,217.2,1347.199701
2026-09-15T18:45:06.913Z,UNI,2.3916,8700,6.307,1347.199701
2026-09-15T18:45:06.913Z,AAVE,2.4853,170100,123.2,1347.199701
2026-09-15T18:45:06.913Z,SUSHI,1.4498,281,0.2056,1347.199701
2026-09-15T18:45:06.913Z,LDO,2.7873,474,0.3423,1347.199701
2026-09-15T18:45:06.913Z,ICP,4.3117,3509,2.497,1347.199701
2026-09-15T18:45:06.913Z,NEAR,2.187,3209,2.331,1347.199701
2026-09-15T18:45:06.913Z,HBAR,1.3011,102.3,0.07496,1347.199701
2026-09-15T18:45:06.913Z,XTZ,16.0835,390.5,0.2497,1347.199701
2026-09-15T18:45:06.913Z,DYDX,3.3347,144.6,0.10387,1347.199701
2026-09-15T18:45:06.913Z,ARB,2.2936,196.2,0.14237,1347.199701
2026-09-15T18:45:06.913Z,GMX,7.09,10200,7.07,1347.199701
2026-09-15T18:45:06.913Z,IMX,1.1384,163.3,0.11985,1347.199701
2026-09-15T18:45:06.913Z,INJ,-18.4426,6020,5.479,1347.199701
2026-09-15T18:45:06.913Z,GRT,10.2122,25.85,0.01741,1347.199701
2026-09-15T18:45:06.913Z,SUI,2.1621,946.5,0.6877,1347.199701
2026-09-15T18:45:06.913Z,HYPE,1.1824,103700,76.075,1347.199701
2026-09-15T18:50:06.913Z,BTC,1.7598,102777000,74970,1347.199701
2026-09-15T18:50:06.913Z,ETH,1.8094,3235000,2358.6,1347.199701
2026-09-15T18:50:06.913Z,SOL,1.7649,131600,95.99,1347.199701
2026-09-15T18:50:06.913Z,BNB,2.4305,977000,708,1347.199701
2026-09-15T18:50:06.913Z,XRP,1.9166,1769,1.2884,1347.199701
2026-09-15T18:50:06.913Z,ADA,2.7803,267.1,0.1929,1347.199701
2026-09-15T18:50:06.913Z,AVAX,0.8035,9790,7.209,1347.199701
2026-09-15T18:50:06.913Z,DOT,1.5227,1281,0.9366,1347.199701
2026-09-15T18:50:06.913Z,LINK,2.3835,14920,10.817,1347.199701
2026-09-15T18:50:06.913Z,POL,8.9186,137.3,0.09357,1347.199701
2026-09-15T18:50:06.913Z,DOGE,1.8816,107.8,0.07854,1347.199701
2026-09-15T18:50:06.913Z,TRX,1.74,453.6,0.33094,1347.199701
2026-09-15T18:50:06.913Z,XLM,2.4752,242.7,0.1758,1347.199701
2026-09-15T18:50:06.913Z,SHIB,2.3627,0.0068,4.931e-06,1347.199701
2026-09-15T18:50:06.913Z,BCH,4.5956,300000,212.9,1347.199701
2026-09-15T18:50:06.913Z,UNI,4.0916,8700,6.204,1347.199701
2026-09-15T18:50:06.913Z,AAVE,4.1078,170100,121.28,1347.199701
2026-09-15T18:50:06.913Z,SUSHI,3.1047,281,0.2023,1347.199701
2026-09-15T18:50:06.913Z,LDO,4.4969,474,0.3367,1347.199701
2026-09-15T18:50:06.913Z,ICP,5.9667,3509,2.458,1347.199701
2026-09-15T18:50:06.913Z,NEAR,2.5315,3177,2.3,1347.199701
2026-09-15T18:50:06.913Z,HBAR,1.8248,101.8,0.07421,1347.199701
2026-09-15T18:50:06.913Z,XTZ,17.5428,390.5,0.2466,1347.199701
2026-09-15T18:50:06.913Z,DYDX,2.5313,141.1,0.10215,1347.199701
2026-09-15T18:50:06.913Z,ARB,0.9104,191.1,0.14057,1347.199701
2026-09-15T18:50:06.913Z,GMX,8.5641,10200,6.974,1347.199701
2026-09-15T18:50:06.913Z,IMX,2.9597,163.3,0.11773,1347.199701
2026-09-15T18:50:06.913Z,INJ,-17.5244,6020,5.418,1347.199701
2026-09-15T18:50:06.913Z,GRT,11.8831,25.85,0.01715,1347.199701
2026-09-15T18:50:06.913Z,SUI,1.9465,925,0.6735,1347.199701
2026-09-15T18:50:06.913Z,HYPE,1.5864,103100,75.334,1347.199701
2026-09-15T18:55:07.177Z,BTC,1.6337,103866000,75858.4,1347.199701
2026-09-15T18:55:07.177Z,ETH,1.6412,3290000,2402.67,1347.199701
2026-09-15T18:55:07.177Z,SOL,1.6438,134100,97.93,1347.199701
2026-09-15T18:55:07.177Z,BNB,1.2295,977000,716.4,1347.199701
2026-09-15T18:55:07.177Z,XRP,1.5793,1825,1.3336,1347.199701
2026-09-15T18:55:07.177Z,ADA,0.0823,267.1,0.1981,1347.199701
2026-09-15T18:55:07.177Z,AVAX,-1.0764,9790,7.346,1347.199701
2026-09-15T18:55:07.177Z,DOT,-0.5271,1281,0.9559,1347.199701
2026-09-15T18:55:07.177Z,LINK,1.3631,15140,11.087,1347.199701
2026-09-15T18:55:07.177Z,POL,7.5962,137.3,0.09472,1347.199701
2026-09-15T18:55:07.177Z,DOGE,0.9723,109.3,0.08035,1347.199701
2026-09-15T18:55:07.177Z,TRX,1.4519,453.6,0.33188,1347.199701
2026-09-15T18:55:07.177Z,XLM,1.5657,247.1,0.18059,1347.199701
2026-09-15T18:55:07.177Z,SHIB,0.5479,0.0068,5.02e-06,1347.199701
2026-09-15T18:55:07.177Z,BCH,2.1956,300000,217.9,1347.199701
2026-09-15T18:55:07.177Z,UNI,1.379,8700,6.37,1347.199701
2026-09-15T18:55:07.177Z,AAVE,1.7011,170100,124.15,1347.199701
2026-09-15T18:55:07.177Z,SUSHI,0.4241,281,0.2077,1347.199701
2026-09-15T18:55:07.177Z,LDO,2.042,474,0.3448,1347.199701
2026-09-15T18:55:07.177Z,ICP,4.1448,3509,2.501,1347.199701
2026-09-15T18:55:07.177Z,NEAR,1.1026,3209,2.356,1347.199701
2026-09-15T18:55:07.177Z,HBAR,0.2576,101.8,0.07537,1347.199701
2026-09-15T18:55:07.177Z,XTZ,15.6205,390.5,0.2507,1347.199701
2026-09-15T18:55:07.177Z,DYDX,0.3793,141.1,0.10434,1347.199701
2026-09-15T18:55:07.177Z,ARB,0.6197,197.3,0.14555,1347.199701
2026-09-15T18:55:07.177Z,GMX,6.6976,10200,7.096,1347.199701
2026-09-15T18:55:07.177Z,IMX,0.9279,163.3,0.1201,1347.199701
2026-09-15T18:55:07.177Z,INJ,-19.3261,6020,5.539,1347.199701
2026-09-15T18:55:07.177Z,GRT,10.2756,25.85,0.0174,1347.199701
2026-09-15T18:55:07.177Z,SUI,1.3496,945.8,0.6927,1347.199701
2026-09-15T18:55:07.177Z,HYPE,1.1287,104600,76.776,1347.199701
2026-09-15T19:00:06.937Z,BTC,1.6677,104011000,75938.9,1347.199701
2026-09-15T19:00:06.937Z,ETH,1.6839,3290000,2401.66,1347.199701
2026-09-15T19:00:06.937Z,SOL,1.8119,134500,98.06,1347.199701
2026-09-15T19:00:06.937Z,BNB,1.032,977000,717.8,1347.199701
2026-09-15T19:00:06.937Z,XRP,1.7053,1810,1.321,1347.199701
2026-09-15T19:00:06.937Z,ADA,1.9418,272.2,0.1982,1347.199701
2026-09-15T19:00:06.937Z,AVAX,-1.0899,9790,7.347,1347.199701
2026-09-15T19:00:06.937Z,DOT,1.8527,1310,0.9547,1347.199701
2026-09-15T19:00:06.937Z,LINK,2.0836,15260,11.096,1347.199701
2026-09-15T19:00:06.937Z,POL,7.3129,137.3,0.09497,1347.199701
2026-09-15T19:00:06.937Z,DOGE,1.613,110.5,0.08072,1347.199701
2026-09-15T19:00:06.937Z,TRX,1.3572,453.6,0.33219,1347.199701
2026-09-15T19:00:06.937Z,XLM,2.9497,250.8,0.18083,1347.199701
2026-09-15T19:00:06.937Z,SHIB,0.4679,0.0068,5.024e-06,1347.199701
2026-09-15T19:00:06.937Z,BCH,2.1956,300000,217.9,1347.199701
2026-09-15T19:00:06.937Z,UNI,1.0142,8700,6.393,1347.199701
2026-09-15T19:00:06.937Z,AAVE,1.3175,170100,124.62,1347.199701
2026-09-15T19:00:06.937Z,SUSHI,-0.0092,281,0.2086,1347.199701
2026-09-15T19:00:06.937Z,LDO,1.9238,474,0.3452,1347.199701
2026-09-15T19:00:06.937Z,ICP,4.0616,3509,2.503,1347.199701
2026-09-15T19:00:06.937Z,NEAR,1.8946,3241,2.361,1347.199701
2026-09-15T19:00:06.937Z,HBAR,1.4199,103.8,0.07597,1347.199701
2026-09-15T19:00:06.937Z,XTZ,15.5744,390.5,0.2508,1347.199701
2026-09-15T19:00:06.937Z,DYDX,0.082,141.1,0.10465,1347.199701
2026-09-15T19:00:06.937Z,ARB,0.7443,197.3,0.14537,1347.199701
2026-09-15T19:00:06.937Z,GMX,6.5324,10200,7.107,1347.199701
2026-09-15T19:00:06.937Z,IMX,0.5345,163.3,0.12057,1347.199701
2026-09-15T19:00:06.937Z,INJ,-19.3261,6020,5.539,1347.199701
2026-09-15T19:00:06.937Z,GRT,9.8337,25.85,0.01747,1347.199701
2026-09-15T19:00:06.937Z,SUI,1.6299,949.1,0.6932,1347.199701
2026-09-15T19:00:06.937Z,HYPE,1.516,105400,77.068,1347.199701
2026-09-15T19:05:07.099Z,BTC,1.5877,104211000,76144.8,1347.199701
2026-09-15T19:05:07.099Z,ETH,1.5265,3295000,2409.04,1347.199701
2026-09-15T19:05:07.099Z,SOL,1.5387,134700,98.47,1347.199701
2026-09-15T19:05:07.099Z,BNB,0.6115,977000,720.8,1347.199701
2026-09-15T19:05:07.099Z,XRP,1.5228,1814,1.3263,1347.199701
2026-09-15T19:05:07.099Z,ADA,1.532,272.2,0.199,1347.199701
2026-09-15T19:05:07.099Z,AVAX,-1.4387,9790,7.373,1347.199701
2026-09-15T19:05:07.099Z,DOT,1.4383,1310,0.9586,1347.199701
2026-09-15T19:05:07.099Z,LINK,1.5983,15260,11.149,1347.199701
2026-09-15T19:05:07.099Z,POL,7.0874,137.3,0.09517,1347.199701
2026-09-15T19:05:07.099Z,DOGE,1.4904,110.9,0.08111,1347.199701
2026-09-15T19:05:07.099Z,TRX,1.3206,453.6,0.33231,1347.199701
2026-09-15T19:05:07.099Z,XLM,2.7395,250.8,0.1812,1347.199701
2026-09-15T19:05:07.099Z,SHIB,-0.0098,0.0068,5.048e-06,1347.199701
2026-09-15T19:05:07.099Z,BCH,1.7287,300000,218.9,1347.199701
2026-09-15T19:05:07.099Z,UNI,0.5268,8700,6.424,1347.199701
2026-09-15T19:05:07.099Z,AAVE,0.9691,170100,125.05,1347.199701
2026-09-15T19:05:07.099Z,SUSHI,-0.296,281,0.2092,1347.199701
2026-09-15T19:05:07.099Z,LDO,1.7175,474,0.3459,1347.199701
2026-09-15T19:05:07.099Z,ICP,4.0201,3509,2.504,1347.199701
2026-09-15T19:05:07.099Z,NEAR,1.7222,3241,2.365,1347.199701
2026-09-15T19:05:07.099Z,HBAR,-0.3605,102.3,0.07621,1347.199701
2026-09-15T19:05:07.099Z,XTZ,15.1154,390.5,0.2518,1347.199701
2026-09-15T19:05:07.099Z,DYDX,-0.0422,141.1,0.10478,1347.199701
2026-09-15T19:05:07.099Z,ARB,-0.1623,197.3,0.14669,1347.199701
2026-09-15T19:05:07.099Z,GMX,6.1441,10200,7.133,1347.199701
2026-09-15T19:05:07.099Z,IMX,0.0862,163.3,0.12111,1347.199701
2026-09-15T19:05:07.099Z,INJ,-19.5584,6020,5.555,1347.199701
2026-09-15T19:05:07.099Z,GRT,8.9605,25.85,0.01761,1347.199701
2026-09-15T19:05:07.099Z,SUI,1.6353,952.3,0.6955,1347.199701
2026-09-15T19:05:07.099Z,HYPE,0.9632,105400,77.49,1347.199701
2026-09-15T19:10:06.908Z,BTC,1.4814,103900000,75997.1,1347.199701
2026-09-15T19:10:06.908Z,ETH,1.533,3289000,2404.5,1347.199701
2026-09-15T19:10:06.908Z,SOL,1.4503,134200,98.19,1347.199701
2026-09-15T19:10:06.908Z,BNB,0.6814,977000,720.3,1347.199701
2026-09-15T19:10:06.908Z,XRP,1.494,1802,1.3179,1347.199701
2026-09-15T19:10:06.908Z,ADA,1.5733,271.9,0.1987,1347.199701
2026-09-15T19:10:06.908Z,AVAX,-1.1572,9790,7.352,1347.199701
2026-09-15T19:10:06.908Z,DOT,1.5442,1310,0.9576,1347.199701
2026-09-15T19:10:06.908Z,LINK,1.8908,15260,11.117,1347.199701
2026-09-15T19:10:06.908Z,POL,7.1888,137.3,0.09508,1347.199701
2026-09-15T19:10:06.908Z,DOGE,1.2951,110.4,0.0809,1347.199701
2026-09-15T19:10:06.908Z,TRX,1.3358,453.6,0.33226,1347.199701
2026-09-15T19:10:06.908Z,XLM,3.1951,250.8,0.1804,1347.199701
2026-09-15T19:10:06.908Z,SHIB,0.3082,0.0068,5.032e-06,1347.199701
2026-09-15T19:10:06.908Z,BCH,2.1019,300000,218.1,1347.199701
2026-09-15T19:10:06.908Z,UNI,1.363,8700,6.371,1347.199701
2026-09-15T19:10:06.908Z,AAVE,1.3745,170100,124.55,1347.199701
2026-09-15T19:10:06.908Z,SUSHI,0.0388,281,0.2085,1347.199701
2026-09-15T19:10:06.908Z,LDO,2.0124,474,0.3449,1347.199701
2026-09-15T19:10:06.908Z,ICP,4.479,3509,2.493,1347.199701
2026-09-15T19:10:06.908Z,NEAR,2.1108,3241,2.356,1347.199701
2026-09-15T19:10:06.908Z,HBAR,0.2314,102.3,0.07576,1347.199701
2026-09-15T19:10:06.908Z,XTZ,15.4823,390.5,0.251,1347.199701
2026-09-15T19:10:06.908Z,DYDX,0.0342,141.1,0.1047,1347.199701
2026-09-15T19:10:06.908Z,ARB,0.4609,197.3,0.14578,1347.199701
2026-09-15T19:10:06.908Z,GMX,6.3379,10200,7.12,1347.199701
2026-09-15T19:10:06.908Z,IMX,0.3763,163.3,0.12076,1347.199701
2026-09-15T19:10:06.908Z,INJ,-18.8426,6020,5.506,1347.199701
2026-09-15T19:10:06.908Z,GRT,9.2708,25.85,0.01756,1347.199701
2026-09-15T19:10:06.908Z,SUI,1.9578,952.3,0.6933,1347.199701
2026-09-15T19:10:06.908Z,HYPE,1.5608,105400,77.034,1347.199701
2026-09-15T19:15:06.912Z,BTC,1.4997,103835000,75935.9,1347.199701
2026-09-15T19:15:06.912Z,ETH,1.5435,3289000,2404.25,1347.199701
2026-09-15T19:15:06.912Z,SOL,1.6677,134200,97.98,1347.199701
2026-09-15T19:15:06.912Z,BNB,0.6954,977000,720.2,1347.199701
2026-09-15T19:15:06.912Z,XRP,1.6254,1789,1.3067,1347.199701
2026-09-15T19:15:06.912Z,ADA,1.8757,271.2,0.1976,1347.199701
2026-09-15T19:15:06.912Z,AVAX,-0.8605,9790,7.33,1347.199701
2026-09-15T19:15:06.912Z,DOT,1.8207,1310,0.955,1347.199701
2026-09-15T19:15:06.912Z,LINK,2.2772,15260,11.075,1347.199701
2026-09-15T19:15:06.912Z,POL,7.6075,137.3,0.09471,1347.199701
2026-09-15T19:15:06.912Z,DOGE,1.5462,110.4,0.0807,1347.199701
2026-09-15T19:15:06.912Z,TRX,1.6844,454.9,0.33207,1347.199701
2026-09-15T19:15:06.912Z,XLM,3.8456,250.8,0.17927,1347.199701
2026-09-15T19:15:06.912Z,SHIB,0.809,0.0068,5.007e-06,1347.199701
2026-09-15T19:15:06.912Z,BCH,2.5249,300000,217.2,1347.199701
2026-09-15T19:15:06.912Z,UNI,1.8426,8700,6.341,1347.199701
2026-09-15T19:15:06.912Z,AAVE,2.0628,170100,123.71,1347.199701
2026-09-15T19:15:06.912Z,SUSHI,0.2792,281,0.208,1347.199701
2026-09-15T19:15:06.912Z,LDO,2.7573,474,0.3424,1347.199701
2026-09-15T19:15:06.912Z,ICP,4.689,3509,2.488,1347.199701
2026-09-15T19:15:06.912Z,NEAR,2.7651,3241,2.341,1347.199701
2026-09-15T19:15:06.912Z,HBAR,0.8035,102.3,0.07533,1347.199701
2026-09-15T19:15:06.912Z,XTZ,15.8978,390.5,0.2501,1347.199701
2026-09-15T19:15:06.912Z,DYDX,0.3793,141.1,0.10434,1347.199701
2026-09-15T19:15:06.912Z,ARB,1.7383,199,0.14519,1347.199701
2026-09-15T19:15:06.912Z,GMX,6.7879,10200,7.09,1347.199701
2026-09-15T19:15:06.912Z,IMX,1.0625,163.3,0.11994,1347.199701
2026-09-15T19:15:06.912Z,INJ,-18.5021,6020,5.483,1347.199701
2026-09-15T19:15:06.912Z,GRT,9.5203,25.85,0.01752,1347.199701
2026-09-15T19:15:06.912Z,SUI,2.1213,950.8,0.6911,1347.199701
2026-09-15T19:15:06.912Z,HYPE,1.5371,105400,77.052,1347.199701
2026-09-15T19:20:06.548Z,BTC,1.4139,104001000,76121.6,1347.199701
2026-09-15T19:20:06.548Z,ETH,1.8097,3304000,2408.9,1347.199701
2026-09-15T19:20:06.548Z,SOL,1.6222,134400,98.17,1347.199701
2026-09-15T19:20:06.548Z,BNB,0.5418,977000,721.3,1347.199701
2026-09-15T19:20:06.548Z,XRP,1.3717,1793,1.3129,1347.199701
2026-09-15T19:20:06.548Z,ADA,2.0261,272.7,0.1984,1347.199701
2026-09-15T19:20:06.548Z,AVAX,-1.1975,9790,7.355,1347.199701
2026-09-15T19:20:06.548Z,DOT,1.2376,1310,0.9605,1347.199701
2026-09-15T19:20:06.548Z,LINK,1.5113,15210,11.122,1347.199701
2026-09-15T19:20:06.548Z,POL,7.3469,137.3,0.09494,1347.199701
2026-09-15T19:20:06.548Z,DOGE,1.3202,110.4,0.08088,1347.199701
2026-09-15T19:20:06.548Z,TRX,1.5987,454.9,0.33235,1347.199701
2026-09-15T19:20:06.548Z,XLM,3.2237,250.8,0.18035,1347.199701
2026-09-15T19:20:06.548Z,SHIB,0.5079,0.0068,5.022e-06,1347.199701
2026-09-15T19:20:06.548Z,BCH,2.2895,300000,217.7,1347.199701
2026-09-15T19:20:06.548Z,UNI,0.8925,8680,6.386,1347.199701
2026-09-15T19:20:06.548Z,AAVE,1.7749,170100,124.06,1347.199701
2026-09-15T19:20:06.548Z,SUSHI,-0.1528,281,0.2089,1347.199701
2026-09-15T19:20:06.548Z,LDO,2.5178,474,0.3432,1347.199701
2026-09-15T19:20:06.548Z,ICP,4.6049,3509,2.49,1347.199701
2026-09-15T19:20:06.548Z,NEAR,2.2845,3241,2.352,1347.199701
2026-09-15T19:20:06.548Z,HBAR,0.4037,102.3,0.07563,1347.199701
2026-09-15T19:20:06.548Z,XTZ,15.6205,390.5,0.2507,1347.199701
2026-09-15T19:20:06.548Z,DYDX,-0.0899,141.1,0.10483,1347.199701
2026-09-15T19:20:06.548Z,ARB,0.4968,200.2,0.14787,1347.199701
2026-09-15T19:20:06.548Z,GMX,6.2633,10200,7.125,1347.199701
2026-09-15T19:20:06.548Z,IMX,0.6764,163.3,0.1204,1347.199701
2026-09-15T19:20:06.548Z,INJ,-19.0777,6020,5.522,1347.199701
2026-09-15T19:20:06.548Z,GRT,8.7136,25.85,0.01765,1347.199701
2026-09-15T19:20:06.548Z,SUI,1.9001,950.8,0.6926,1347.199701
2026-09-15T19:20:06.548Z,HYPE,1.4897,105400,77.088,1347.199701
2026-09-15T19:25:06.898Z,BTC,1.3966,103901000,76061.4,1347.199701
2026-09-15T19:25:06.898Z,ETH,1.3078,3287000,2408.38,1347.199701
2026-09-15T19:25:06.898Z,SOL,1.3991,133900,98.02,1347.199701
2026-09-15T19:25:06.898Z,BNB,0.5836,977000,721,1347.199701
2026-09-15T19:25:06.898Z,XRP,1.541,1783,1.3034,1347.199701
2026-09-15T19:25:06.898Z,ADA,2.2839,272.7,0.1979,1347.199701
2026-09-15T19:25:06.898Z,AVAX,-1.1706,9790,7.353,1347.199701
2026-09-15T19:25:06.898Z,DOT,1.4806,1310,0.9582,1347.199701
2026-09-15T19:25:06.898Z,LINK,1.6118,15210,11.111,1347.199701
2026-09-15T19:25:06.898Z,POL,7.4374,137.3,0.09486,1347.199701
2026-09-15T19:25:06.898Z,DOGE,1.2534,110.3,0.08086,1347.199701
2026-09-15T19:25:06.898Z,TRX,1.5562,454.6,0.33227,1347.199701
2026-09-15T19:25:06.898Z,XLM,2.6658,250.8,0.18133,1347.199701
2026-09-15T19:25:06.898Z,SHIB,2.2098,0.0069,5.011e-06,1347.199701
2026-09-15T19:25:06.898Z,BCH,2.3835,300000,217.5,1347.199701
2026-09-15T19:25:06.898Z,UNI,1.6543,8725,6.371,1347.199701
2026-09-15T19:25:06.898Z,AAVE,1.9886,170100,123.8,1347.199701
2026-09-15T19:25:06.898Z,SUSHI,0.0388,281,0.2085,1347.199701
2026-09-15T19:25:06.898Z,LDO,2.6673,474,0.3427,1347.199701
2026-09-15T19:25:06.898Z,ICP,4.9844,3509,2.481,1347.199701
2026-09-15T19:25:06.898Z,NEAR,2.9851,3241,2.336,1347.199701
2026-09-15T19:25:06.898Z,HBAR,1.7119,103.4,0.07546,1347.199701
2026-09-15T19:25:06.898Z,XTZ,15.8515,390.5,0.2502,1347.199701
2026-09-15T19:25:06.898Z,DYDX,0.1873,141.1,0.10454,1347.199701
2026-09-15T19:25:06.898Z,ARB,0.0435,200.2,0.14854,1347.199701
2026-09-15T19:25:06.898Z,GMX,6.3977,10200,7.116,1347.199701
2026-09-15T19:25:06.898Z,IMX,0.5511,163.3,0.12055,1347.199701
2026-09-15T19:25:06.898Z,INJ,-18.6505,6020,5.493,1347.199701
2026-09-15T19:25:06.898Z,GRT,8.8369,25.85,0.01763,1347.199701
2026-09-15T19:25:06.898Z,SUI,1.6714,946.2,0.6908,1347.199701
2026-09-15T19:25:06.898Z,HYPE,1.5804,105200,76.873,1347.199701
2026-09-15T19:30:07.308Z,BTC,1.3836,103582000,75837.6,1347.199701
2026-09-15T19:30:07.308Z,ETH,1.4375,3281000,2400.91,1347.199701
2026-09-15T19:30:07.308Z,SOL,1.9189,133900,97.52,1347.199701
2026-09-15T19:30:07.308Z,BNB,0.8775,977000,718.9,1347.199701
2026-09-15T19:30:07.308Z,XRP,1.5119,1771,1.295,1347.199701
2026-09-15T19:30:07.308Z,ADA,2.6991,272.7,0.1971,1347.199701
2026-09-15T19:30:07.308Z,AVAX,-0.7793,9790,7.324,1347.199701
2026-09-15T19:30:07.308Z,DOT,1.4489,1310,0.9585,1347.199701
2026-09-15T19:30:07.308Z,LINK,2.025,15210,11.066,1347.199701
2026-09-15T19:30:07.308Z,POL,7.6758,137.3,0.09465,1347.199701
2026-09-15T19:30:07.308Z,DOGE,1.6179,110.3,0.08057,1347.199701
2026-09-15T19:30:07.308Z,TRX,1.4435,454,0.3322,1347.199701
2026-09-15T19:30:07.308Z,XLM,3.2008,250.8,0.18039,1347.199701
2026-09-15T19:30:07.308Z,SHIB,2.6606,0.0069,4.989e-06,1347.199701
2026-09-15T19:30:07.308Z,BCH,2.8089,300000,216.6,1347.199701
2026-09-15T19:30:07.308Z,UNI,1.6543,8725,6.371,1347.199701
2026-09-15T19:30:07.308Z,AAVE,2.3856,170100,123.32,1347.199701
2026-09-15T19:30:07.308Z,SUSHI,0.5693,281,0.2074,1347.199701
2026-09-15T19:30:07.308Z,LDO,3.1489,474,0.3411,1347.199701
2026-09-15T19:30:07.308Z,ICP,5.1539,3509,2.477,1347.199701
2026-09-15T19:30:07.308Z,NEAR,3.4723,3241,2.325,1347.199701
2026-09-15T19:30:07.308Z,HBAR,2.0771,103.4,0.07519,1347.199701
2026-09-15T19:30:07.308Z,XTZ,16.5503,390.5,0.2487,1347.199701
2026-09-15T19:30:07.308Z,DYDX,0.4178,141.1,0.1043,1347.199701
2026-09-15T19:30:07.308Z,ARB,0.3949,200.2,0.14802,1347.199701
2026-09-15T19:30:07.308Z,GMX,6.818,10200,7.088,1347.199701
2026-09-15T19:30:07.308Z,IMX,1.0794,163.3,0.11992,1347.199701
2026-09-15T19:30:07.308Z,INJ,-18.5467,6020,5.486,1347.199701
2026-09-15T19:30:07.308Z,GRT,9.3954,25.85,0.01754,1347.199701
2026-09-15T19:30:07.308Z,SUI,2.1742,946.2,0.6874,1347.199701
2026-09-15T19:30:07.308Z,HYPE,1.5429,104800,76.609,1347.199701
2026-09-15T19:35:06.547Z,BTC,1.3655,103609000,75870.9,1347.199701
2026-09-15T19:35:06.547Z,ETH,1.4126,3282000,2402.23,1347.199701
2026-09-15T19:35:06.547Z,SOL,1.4447,133400,97.61,1347.199701
2026-09-15T19:35:06.547Z,BNB,0.8494,977000,719.1,1347.199701
2026-09-15T19:35:06.547Z,XRP,1.457,1771,1.2957,1347.199701
2026-09-15T19:35:06.547Z,ADA,2.7512,272.7,0.197,1347.199701
2026-09-15T19:35:06.547Z,AVAX,-0.7386,9790,7.321,1347.199701
2026-09-15T19:35:06.547Z,DOT,1.7248,1310,0.9559,1347.199701
2026-09-15T19:35:06.547Z,LINK,1.3054,15100,11.064,1347.199701
2026-09-15T19:35:06.547Z,POL,7.5621,137.3,0.09475,1347.199701
2026-09-15T19:35:06.547Z,DOGE,1.5045,110.3,0.08066,1347.199701
2026-09-15T19:35:06.547Z,TRX,1.4312,454.3,0.33246,1347.199701
2026-09-15T19:35:06.547Z,XLM,3.5971,250.8,0.1797,1347.199701
2026-09-15T19:35:06.547Z,SHIB,1.2133,0.0068,4.987e-06,1347.199701
2026-09-15T19:35:06.547Z,BCH,2.6667,300000,216.9,1347.199701
2026-09-15T19:35:06.547Z,UNI,1.8942,8725,6.356,1347.199701
2026-09-15T19:35:06.547Z,AAVE,2.4188,170100,123.28,1347.199701
2026-09-15T19:35:06.547Z,SUSHI,0.231,281,0.2081,1347.199701
2026-09-15T19:35:06.547Z,LDO,3.0281,474,0.3415,1347.199701
2026-09-15T19:35:06.547Z,ICP,5.1539,3509,2.477,1347.199701
2026-09-15T19:35:06.547Z,NEAR,3.3834,3241,2.327,1347.199701
2026-09-15T19:35:06.547Z,HBAR,1.063,102.4,0.07521,1347.199701
2026-09-15T19:35:06.547Z,XTZ,16.3631,390.5,0.2491,1347.199701
2026-09-15T19:35:06.547Z,DYDX,0.3505,141.1,0.10437,1347.199701
2026-09-15T19:35:06.547Z,ARB,0.4764,200.2,0.1479,1347.199701
2026-09-15T19:35:06.547Z,GMX,6.6826,10200,7.097,1347.199701
2026-09-15T19:35:06.547Z,IMX,0.6513,163.3,0.12043,1347.199701
2026-09-15T19:35:06.547Z,INJ,-18.6505,6020,5.493,1347.199701
2026-09-15T19:35:06.547Z,GRT,9.5203,25.85,0.01752,1347.199701
2026-09-15T19:35:06.547Z,SUI,2.1594,946.2,0.6875,1347.199701
2026-09-15T19:35:06.547Z,HYPE,1.5574,104700,76.525,1347.199701
2026-09-15T19:40:06.568Z,BTC,1.2841,103688000,75989.8,1347.199701
2026-09-15T19:40:06.568Z,ETH,1.1854,3281000,2406.89,1347.199701
2026-09-15T19:40:06.568Z,SOL,1.3166,133600,97.88,1347.199701
2026-09-15T19:40:06.568Z,BNB,0.7933,977000,719.5,1347.199701
2026-09-15T19:40:06.568Z,XRP,1.469,1779,1.3014,1347.199701
2026-09-15T19:40:06.568Z,ADA,2.543,272.7,0.1974,1347.199701
2026-09-15T19:40:06.568Z,AVAX,-0.9146,9790,7.334,1347.199701
2026-09-15T19:40:06.568Z,DOT,1.6929,1310,0.9562,1347.199701
2026-09-15T19:40:06.568Z,LINK,1.0133,15100,11.096,1347.199701
2026-09-15T19:40:06.568Z,POL,7.3808,137.3,0.09491,1347.199701
2026-09-15T19:40:06.568Z,DOGE,1.2368,110.2,0.0808,1347.199701
2026-09-15T19:40:06.568Z,TRX,1.3824,454.3,0.33262,1347.199701
2026-09-15T19:40:06.568Z,XLM,3.2523,250.8,0.1803,1347.199701
2026-09-15T19:40:06.568Z,SHIB,2.4142,0.0069,5.001e-06,1347.199701
2026-09-15T19:40:06.568Z,BCH,2.4306,300000,217.4,1347.199701
2026-09-15T19:40:06.568Z,UNI,1.5109,8725,6.38,1347.199701
2026-09-15T19:40:06.568Z,AAVE,2.2033,170100,123.54,1347.199701
2026-09-15T19:40:06.568Z,SUSHI,0.1348,281,0.2083,1347.199701
2026-09-15T19:40:06.568Z,LDO,3.0885,474,0.3413,1347.199701
2026-09-15T19:40:06.568Z,ICP,5.1115,3509,2.478,1347.199701
2026-09-15T19:40:06.568Z,NEAR,2.9851,3241,2.336,1347.199701
2026-09-15T19:40:06.568Z,HBAR,0.9825,102.4,0.07527,1347.199701
2026-09-15T19:40:06.568Z,XTZ,16.13,390.5,0.2496,1347.199701
2026-09-15T19:40:06.568Z,DYDX,0.2448,141.1,0.10448,1347.199701
2026-09-15T19:40:06.568Z,ARB,-0.1582,200.2,0.14884,1347.199701
2026-09-15T19:40:06.568Z,GMX,6.6375,10200,7.1,1347.199701
2026-09-15T19:40:06.568Z,IMX,0.7266,163.3,0.12034,1347.199701
2026-09-15T19:40:06.568Z,INJ,-18.872,6020,5.508,1347.199701
2026-09-15T19:40:06.568Z,GRT,9.4578,25.85,0.01753,1347.199701
2026-09-15T19:40:06.568Z,SUI,1.9666,946.2,0.6888,1347.199701
2026-09-15T19:40:06.568Z,HYPE,1.5308,104700,76.545,1347.199701
2026-09-15T19:45:07.075Z,BTC,1.3086,103534000,75858.6,1347.199701
2026-09-15T19:45:07.075Z,ETH,1.4373,3284000,2403.11,1347.199701
2026-09-15T19:45:07.075Z,SOL,1.6177,133600,97.59,1347.199701
2026-09-15T19:45:07.075Z,BNB,1.0884,977000,717.4,1347.199701
2026-09-15T19:45:07.075Z,XRP,1.4649,1771,1.2956,1347.199701
2026-09-15T19:45:07.075Z,ADA,1.5871,269.2,0.1967,1347.199701
2026-09-15T19:45:07.075Z,AVAX,-0.6164,9790,7.312,1347.199701
2026-09-15T19:45:07.075Z,DOT,1.9488,1310,0.9538,1347.199701
2026-09-15T19:45:07.075Z,LINK,1.4338,15100,11.05,1347.199701
2026-09-15T19:45:07.075Z,POL,8.0067,137.3,0.09436,1347.199701
2026-09-15T19:45:07.075Z,DOGE,1.4754,110.2,0.08061,1347.199701
2026-09-15T19:45:07.075Z,TRX,1.3671,454.3,0.33267,1347.199701
2026-09-15T19:45:07.075Z,XLM,3.9499,250.8,0.17909,1347.199701
2026-09-15T19:45:07.075Z,SHIB,2.8048,0.0069,4.982e-06,1347.199701
2026-09-15T19:45:07.075Z,BCH,2.6667,300000,216.9,1347.199701
2026-09-15T19:45:07.075Z,UNI,1.9423,8725,6.353,1347.199701
2026-09-15T19:45:07.075Z,AAVE,2.5769,170100,123.09,1347.199701
2026-09-15T19:45:07.075Z,SUSHI,0.3757,281,0.2078,1347.199701
2026-09-15T19:45:07.075Z,LDO,3.1792,474,0.341,1347.199701
2026-09-15T19:45:07.075Z,ICP,5.4092,3509,2.471,1347.199701
2026-09-15T19:45:07.075Z,NEAR,1.5483,3178,2.323,1347.199701
2026-09-15T19:45:07.075Z,HBAR,1.1841,102.4,0.07512,1347.199701
2026-09-15T19:45:07.075Z,XTZ,16.1766,390.5,0.2495,1347.199701
2026-09-15T19:45:07.075Z,DYDX,0.5721,141.1,0.10414,1347.199701
2026-09-15T19:45:07.075Z,ARB,0.8377,200.2,0.14737,1347.199701
2026-09-15T19:45:07.075Z,GMX,6.8632,10200,7.085,1347.199701
2026-09-15T19:45:07.075Z,IMX,1.012,163.3,0.12,1347.199701
2026-09-15T19:45:07.075Z,INJ,-18.6357,6020,5.492,1347.199701
2026-09-15T19:45:07.075Z,GRT,9.8966,25.85,0.01746,1347.199701
2026-09-15T19:45:07.075Z,SUI,2.5921,946.2,0.6846,1347.199701
2026-09-15T19:45:07.075Z,HYPE,1.6038,104700,76.49,1347.199701
2026-09-15T19:50:07.191Z,BTC,1.4193,103650000,75860.7,1347.199701
2026-09-15T19:50:07.191Z,ETH,1.4043,3284000,2403.89,1347.199701
2026-09-15T19:50:07.191Z,SOL,1.4343,133400,97.62,1347.199701
2026-09-15T19:50:07.191Z,BNB,1.0602,977000,717.6,1347.199701
2026-09-15T19:50:07.191Z,XRP,1.4094,1777,1.3007,1347.199701
2026-09-15T19:50:07.191Z,ADA,1.3296,269.2,0.1972,1347.199701
2026-09-15T19:50:07.191Z,AVAX,-0.6979,9790,7.318,1347.199701
2026-09-15T19:50:07.191Z,DOT,2.0986,1310,0.9524,1347.199701
2026-09-15T19:50:07.191Z,LINK,1.4246,15100,11.051,1347.199701
2026-09-15T19:50:07.191Z,POL,7.8923,137.3,0.09446,1347.199701
2026-09-15T19:50:07.191Z,DOGE,1.3622,110.2,0.0807,1347.199701
2026-09-15T19:50:07.191Z,TRX,1.3671,454.3,0.33267,1347.199701
2026-09-15T19:50:07.191Z,XLM,3.7232,250.7,0.17941,1347.199701
2026-09-15T19:50:07.191Z,SHIB,1.1119,0.0068,4.992e-06,1347.199701
2026-09-15T19:50:07.191Z,BCH,2.5721,300000,217.1,1347.199701
2026-09-15T19:50:07.191Z,UNI,1.8462,8725,6.359,1347.199701
2026-09-15T19:50:07.191Z,AAVE,2.452,170100,123.24,1347.199701
2026-09-15T19:50:07.191Z,SUSHI,0.0868,281,0.2084,1347.199701
2026-09-15T19:50:07.191Z,LDO,3.1792,474,0.341,1347.199701
2026-09-15T19:50:07.191Z,ICP,5.3666,3509,2.472,1347.199701
2026-09-15T19:50:07.191Z,NEAR,1.8552,3178,2.316,1347.199701
2026-09-15T19:50:07.191Z,HBAR,1.0228,102.4,0.07524,1347.199701
2026-09-15T19:50:07.191Z,XTZ,15.9442,390.5,0.25,1347.199701
2026-09-15T19:50:07.191Z,DYDX,0.4178,141.1,0.1043,1347.199701
2026-09-15T19:50:07.191Z,ARB,1.3674,200.2,0.1466,1347.199701
2026-09-15T19:50:07.191Z,GMX,6.6976,10200,7.096,1347.199701
2026-09-15T19:50:07.191Z,IMX,0.8439,163.3,0.1202,1347.199701
2026-09-15T19:50:07.191Z,INJ,-18.517,6020,5.484,1347.199701
2026-09-15T19:50:07.191Z,GRT,9.9596,25.85,0.01745,1347.199701
2026-09-15T19:50:07.191Z,SUI,2.2486,946.2,0.6869,1347.199701
2026-09-15T19:50:07.191Z,HYPE,1.2095,104700,76.788,1347.199701
2026-09-15T19:55:06.899Z,BTC,1.2105,103650000,76017.2,1347.199701
2026-09-15T19:55:06.899Z,ETH,1.1405,3284000,2410.16,1347.199701
2026-09-15T19:55:06.899Z,SOL,1.2959,133600,97.9,1347.199701
2026-09-15T19:55:06.899Z,BNB,0.8775,977000,718.9,1347.199701
2026-09-15T19:55:06.899Z,XRP,1.4452,1782,1.3039,1347.199701
2026-09-15T19:55:06.899Z,ADA,1.2712,270,0.1979,1347.199701
2026-09-15T19:55:06.899Z,AVAX,-1.063,9790,7.345,1347.199701
2026-09-15T19:55:06.899Z,DOT,1.6185,1310,0.9569,1347.199701
2026-09-15T19:55:06.899Z,LINK,1.1409,15100,11.082,1347.199701
2026-09-15T19:55:06.899Z,POL,8.1098,137.3,0.09427,1347.199701
2026-09-15T19:55:06.899Z,DOGE,1.0991,110.2,0.08091,1347.199701
2026-09-15T19:55:06.899Z,TRX,1.3549,454.3,0.33271,1347.199701
2026-09-15T19:55:06.899Z,XLM,1.5144,246.1,0.17995,1347.199701
2026-09-15T19:55:06.899Z,SHIB,0.7889,0.0068,0.000005008,1347.199701
2026-09-15T19:55:06.899Z,BCH,2.2895,300000,217.7,1347.199701
2026-09-15T19:55:06.899Z,UNI,1.5268,8725,6.379,1347.199701
2026-09-15T19:55:06.899Z,AAVE,1.9639,170100,123.83,1347.199701
2026-09-15T19:55:06.899Z,SUSHI,-0.296,281,0.2092,1347.199701
2026-09-15T19:55:06.899Z,LDO,2.8775,474,0.342,1347.199701
2026-09-15T19:55:06.899Z,ICP,5.0267,3509,2.48,1347.199701
2026-09-15T19:55:06.899Z,NEAR,1.168,3177,2.331,1347.199701
2026-09-15T19:55:06.899Z,HBAR,0.7416,102.4,0.07545,1347.199701
2026-09-15T19:55:06.899Z,XTZ,15.3903,390.5,0.2512,1347.199701
2026-09-15T19:55:06.899Z,DYDX,0.0246,141.1,0.10471,1347.199701
2026-09-15T19:55:06.899Z,ARB,1.319,200.2,0.14667,1347.199701
2026-09-15T19:55:06.899Z,GMX,6.3379,10200,7.12,1347.199701
2026-09-15T19:55:06.899Z,IMX,0.4428,163.3,0.12068,1347.199701
2026-09-15T19:55:06.899Z,INJ,-18.7688,6020,5.501,1347.199701
2026-09-15T19:55:06.899Z,GRT,9.6454,25.85,0.0175,1347.199701
2026-09-15T19:55:06.899Z,SUI,1.804,946.2,0.6899,1347.199701
2026-09-15T19:55:06.899Z,HYPE,-3.9947,99500,76.93,1347.199701
2026-09-15T20:00:07.001Z,BTC,1.3851,104006000,76146.9,1347.199701
2026-09-15T20:00:07.001Z,ETH,1.2843,3295000,2414.8,1347.199701
2026-09-15T20:00:07.001Z,SOL,1.5026,133900,97.92,1347.199701
2026-09-15T20:00:07.001Z,BNB,0.8214,977000,719.3,1347.199701
2026-09-15T20:00:07.001Z,XRP,1.3163,1771,1.2975,1347.199701
2026-09-15T20:00:07.001Z,ADA,1.2201,270,0.198,1347.199701
2026-09-15T20:00:07.001Z,AVAX,-1.1034,9790,7.348,1347.199701
2026-09-15T20:00:07.001Z,DOT,1.4171,1310,0.9588,1347.199701
2026-09-15T20:00:07.001Z,LINK,1.0224,15100,11.095,1347.199701
2026-09-15T20:00:07.001Z,POL,7.8581,137.3,0.09449,1347.199701
2026-09-15T20:00:07.001Z,DOGE,1.1616,110.2,0.08086,1347.199701
2026-09-15T20:00:07.001Z,TRX,1.4312,454.3,0.33246,1347.199701
2026-09-15T20:00:07.001Z,XLM,2.4409,246.4,0.17854,1347.199701
2026-09-15T20:00:07.001Z,SHIB,0.7889,0.0068,0.000005008,1347.199701
2026-09-15T20:00:07.001Z,BCH,2.1956,300000,217.9,1347.199701
2026-09-15T20:00:07.001Z,UNI,1.0989,8725,6.406,1347.199701
2026-09-15T20:00:07.001Z,AAVE,1.9228,170100,123.88,1347.199701
2026-09-15T20:00:07.001Z,SUSHI,-0.4388,281,0.2095,1347.199701
2026-09-15T20:00:07.001Z,LDO,2.6673,474,0.3427,1347.199701
2026-09-15T20:00:07.001Z,ICP,4.9421,3509,2.482,1347.199701
2026-09-15T20:00:07.001Z,NEAR,0.9514,3177,2.336,1347.199701
2026-09-15T20:00:07.001Z,HBAR,0.5018,102.4,0.07563,1347.199701
2026-09-15T20:00:07.001Z,XTZ,15.8978,390.5,0.2501,1347.199701
2026-09-15T20:00:07.001Z,DYDX,-0.2991,141.1,0.10505,1347.199701
2026-09-15T20:00:07.001Z,ARB,0.03,200.2,0.14856,1347.199701
2026-09-15T20:00:07.001Z,GMX,6.159,10200,7.132,1347.199701
2026-09-15T20:00:07.001Z,IMX,0.343,163.3,0.1208,1347.199701
2026-09-15T20:00:07.001Z,INJ,-18.8131,6020,5.504,1347.199701
2026-09-15T20:00:07.001Z,GRT,9.5828,25.85,0.01751,1347.199701
2026-09-15T20:00:07.001Z,SUI,1.7008,946.2,0.6906,1347.199701
2026-09-15T20:00:07.001Z,HYPE,1.2371,105300,77.207,1347.199701
2026-09-15T20:05:07.103Z,BTC,1.496,103932000,76009.6,1347.199701
2026-09-15T20:05:07.103Z,ETH,1.5391,3293000,2407.28,1347.199701
2026-09-15T20:05:07.103Z,SOL,1.5143,133300,97.47,1347.199701
2026-09-15T20:05:07.103Z,BNB,1.0743,977000,717.5,1347.199701
2026-09-15T20:05:07.103Z,XRP,1.5879,1770,1.2933,1347.199701
2026-09-15T20:05:07.103Z,ADA,2.3225,271.7,0.1971,1347.199701
2026-09-15T20:05:07.103Z,AVAX,-0.6572,9790,7.315,1347.199701
2026-09-15T20:05:07.103Z,DOT,2.0879,1310,0.9525,1347.199701
2026-09-15T20:05:07.103Z,LINK,1.4522,15100,11.048,1347.199701
2026-09-15T20:05:07.103Z,POL,8.4665,137.3,0.09396,1347.199701
2026-09-15T20:05:07.103Z,DOGE,1.5053,110,0.08044,1347.199701
2026-09-15T20:05:07.103Z,TRX,1.5014,454.3,0.33223,1347.199701
2026-09-15T20:05:07.103Z,XLM,3.0121,246.4,0.17755,1347.199701
2026-09-15T20:05:07.103Z,SHIB,1.2742,0.0068,0.000004984,1347.199701
2026-09-15T20:05:07.103Z,BCH,2.7141,300000,216.8,1347.199701
2026-09-15T20:05:07.103Z,UNI,1.6065,8725,6.374,1347.199701
2026-09-15T20:05:07.103Z,AAVE,2.4271,170100,123.27,1347.199701
2026-09-15T20:05:07.103Z,SUSHI,0.2792,281,0.208,1347.199701
2026-09-15T20:05:07.103Z,LDO,3.0583,474,0.3414,1347.199701
2026-09-15T20:05:07.103Z,ICP,5.5374,3509,2.468,1347.199701
2026-09-15T20:05:07.103Z,NEAR,1.6476,3177,2.32,1347.199701
2026-09-15T20:05:07.103Z,HBAR,0.8485,102.4,0.07537,1347.199701
2026-09-15T20:05:07.103Z,XTZ,16.3164,390.5,0.2492,1347.199701
2026-09-15T20:05:07.103Z,DYDX,0.0915,141.1,0.10464,1347.199701
2026-09-15T20:05:07.103Z,ARB,0.7967,200.2,0.14743,1347.199701
2026-09-15T20:05:07.103Z,GMX,6.6976,10200,7.096,1347.199701
2026-09-15T20:05:07.103Z,IMX,0.5095,163.3,0.1206,1347.199701
2026-09-15T20:05:07.103Z,INJ,-18.4873,6020,5.482,1347.199701
2026-09-15T20:05:07.103Z,GRT,10.339,25.85,0.01739,1347.199701
2026-09-15T20:05:07.103Z,SUI,2.1742,946.2,0.6874,1347.199701
2026-09-15T20:05:07.103Z,HYPE,1.4421,105300,77.051,1347.199701
2026-09-15T20:10:06.935Z,BTC,1.5012,103842000,75939.9,1347.199701
2026-09-15T20:10:06.935Z,ETH,1.5631,3292000,2405.98,1347.199701
2026-09-15T20:10:06.935Z,SOL,1.4595,132900,97.23,1347.199701
2026-09-15T20:10:06.935Z,BNB,1.2295,977000,716.4,1347.199701
2026-09-15T20:10:06.935Z,XRP,1.5588,1758,1.2849,1347.199701
2026-09-15T20:10:06.935Z,ADA,2.7395,271.7,0.1963,1347.199701
2026-09-15T20:10:06.935Z,AVAX,-0.2892,9790,7.288,1347.199701
2026-09-15T20:10:06.935Z,DOT,2.3997,1310,0.9496,1347.199701
2026-09-15T20:10:06.935Z,LINK,1.6362,15100,11.028,1347.199701
2026-09-15T20:10:06.935Z,POL,8.5705,137.3,0.09387,1347.199701
2026-09-15T20:10:06.935Z,DOGE,1.5392,109.9,0.08034,1347.199701
2026-09-15T20:10:06.935Z,TRX,1.5637,454.1,0.33188,1347.199701
2026-09-15T20:10:06.935Z,XLM,3.449,246.4,0.1768,1347.199701
2026-09-15T20:10:06.935Z,SHIB,1.5595,0.0068,0.00000497,1347.199701
2026-09-15T20:10:06.935Z,BCH,2.8089,300000,216.6,1347.199701
2026-09-15T20:10:06.935Z,UNI,1.5109,8725,6.38,1347.199701
2026-09-15T20:10:06.935Z,AAVE,2.6853,170100,122.96,1347.199701
2026-09-15T20:10:06.935Z,SUSHI,0.8124,281,0.2069,1347.199701
2026-09-15T20:10:06.935Z,LDO,3.574,474,0.3397,1347.199701
2026-09-15T20:10:06.935Z,ICP,5.7946,3509,2.462,1347.199701
2026-09-15T20:10:06.935Z,NEAR,1.9112,3177,2.314,1347.199701
2026-09-15T20:10:06.935Z,HBAR,1.3866,102.4,0.07497,1347.199701
2026-09-15T20:10:06.935Z,XTZ,17.0208,390.5,0.2477,1347.199701
2026-09-15T20:10:06.935Z,DYDX,0.264,141.1,0.10446,1347.199701
2026-09-15T20:10:06.935Z,ARB,1.1122,200.2,0.14697,1347.199701
2026-09-15T20:10:06.935Z,GMX,7.0294,10200,7.074,1347.199701
2026-09-15T20:10:06.935Z,IMX,0.9195,163.3,0.12011,1347.199701
2026-09-15T20:10:06.935Z,INJ,-18.0688,6020,5.454,1347.199701
2026-09-15T20:10:06.935Z,GRT,10.9772,25.85,0.01729,1347.199701
2026-09-15T20:10:06.935Z,SUI,2.4126,946.2,0.6858,1347.199701
2026-09-15T20:10:06.935Z,HYPE,1.6611,105300,76.885,1347.199701
2026-09-15T20:15:06.609Z,BTC,1.4493,103793000,75942.9,1347.199701
2026-09-15T20:15:06.609Z,ETH,1.5077,3290000,2405.83,1347.199701
2026-09-15T20:15:06.609Z,SOL,1.4661,133100,97.37,1347.199701
2026-09-15T20:15:06.609Z,BNB,1.3143,977000,715.8,1347.199701
2026-09-15T20:15:06.609Z,XRP,1.7148,1757,1.2822,1347.199701
2026-09-15T20:15:06.609Z,ADA,2.0022,270.3,0.1967,1347.199701
2026-09-15T20:15:06.609Z,AVAX,-0.4258,9790,7.298,1347.199701
2026-09-15T20:15:06.609Z,DOT,2.4105,1310,0.9495,1347.199701
2026-09-15T20:15:06.609Z,LINK,1.6638,15100,11.025,1347.199701
2026-09-15T20:15:06.609Z,POL,8.6283,137.3,0.09382,1347.199701
2026-09-15T20:15:06.609Z,DOGE,1.5013,109.9,0.08037,1347.199701
2026-09-15T20:15:06.609Z,TRX,1.5667,454.1,0.33187,1347.199701
2026-09-15T20:15:06.609Z,XLM,4.9651,249.7,0.17658,1347.199701
2026-09-15T20:15:06.609Z,SHIB,1.6004,0.0068,0.000004968,1347.199701
2026-09-15T20:15:06.609Z,BCH,2.9039,300000,216.4,1347.199701
2026-09-15T20:15:06.609Z,UNI,1.3521,8725,6.39,1347.199701
2026-09-15T20:15:06.609Z,AAVE,2.6937,170100,122.95,1347.199701
2026-09-15T20:15:06.609Z,SUSHI,0.6664,281,0.2072,1347.199701
2026-09-15T20:15:06.609Z,LDO,3.6656,474,0.3394,1347.199701
2026-09-15T20:15:06.609Z,ICP,5.7087,3509,2.464,1347.199701
2026-09-15T20:15:06.609Z,NEAR,1.5601,3177,2.322,1347.199701
2026-09-15T20:15:06.609Z,HBAR,1.2111,102.4,0.0751,1347.199701
2026-09-15T20:15:06.609Z,XTZ,16.691,390.5,0.2484,1347.199701
2026-09-15T20:15:06.609Z,DYDX,0.312,141.1,0.10441,1347.199701
2026-09-15T20:15:06.609Z,ARB,1.5336,200.2,0.14636,1347.199701
2026-09-15T20:15:06.609Z,GMX,7.0294,10200,7.074,1347.199701
2026-09-15T20:15:06.609Z,IMX,0.7601,163.3,0.1203,1347.199701
2026-09-15T20:15:06.609Z,INJ,-18.1588,6020,5.46,1347.199701
2026-09-15T20:15:06.609Z,GRT,10.5934,25.85,0.01735,1347.199701
2026-09-15T20:15:06.609Z,SUI,2.3231,946.2,0.6864,1347.199701
2026-09-15T20:15:06.609Z,HYPE,1.3881,105300,77.092,1347.199701
2026-09-15T20:20:06.999Z,BTC,1.4472,103739000,75904.9,1347.199701
2026-09-15T20:20:06.999Z,ETH,1.3865,3282000,2402.85,1347.199701
2026-09-15T20:20:06.999Z,SOL,1.4419,133000,97.32,1347.199701
2026-09-15T20:20:06.999Z,BNB,1.3426,977000,715.6,1347.199701
2026-09-15T20:20:06.999Z,XRP,1.3914,1748,1.2797,1347.199701
2026-09-15T20:20:06.999Z,ADA,1.8039,269.5,0.1965,1347.199701
2026-09-15T20:20:06.999Z,AVAX,-0.3575,9790,7.293,1347.199701
2026-09-15T20:20:06.999Z,DOT,2.2167,1310,0.9513,1347.199701
2026-09-15T20:20:06.999Z,LINK,1.7099,15100,11.02,1347.199701
2026-09-15T20:20:06.999Z,POL,8.6515,137.3,0.0938,1347.199701
2026-09-15T20:20:06.999Z,DOGE,1.4468,109.8,0.08034,1347.199701
2026-09-15T20:20:06.999Z,TRX,1.5912,454.1,0.33179,1347.199701
2026-09-15T20:20:06.999Z,XLM,3.713,246.4,0.17635,1347.199701
2026-09-15T20:20:06.999Z,SHIB,1.7232,0.0068,0.000004962,1347.199701
2026-09-15T20:20:06.999Z,BCH,2.9991,300000,216.2,1347.199701
2026-09-15T20:20:06.999Z,UNI,1.4473,8725,6.384,1347.199701
2026-09-15T20:20:06.999Z,AAVE,2.652,170100,123,1347.199701
2026-09-15T20:20:06.999Z,SUSHI,0.715,281,0.2071,1347.199701
2026-09-15T20:20:06.999Z,LDO,3.5435,474,0.3398,1347.199701
2026-09-15T20:20:06.999Z,ICP,5.7946,3509,2.462,1347.199701
2026-09-15T20:20:06.999Z,NEAR,1.6476,3177,2.32,1347.199701
2026-09-15T20:20:06.999Z,HBAR,1.1168,102.4,0.07517,1347.199701
2026-09-15T20:20:06.999Z,XTZ,16.9264,390.5,0.2479,1347.199701
2026-09-15T20:20:06.999Z,DYDX,0.2448,141.1,0.10448,1347.199701
2026-09-15T20:20:06.999Z,ARB,1.6169,200.2,0.14624,1347.199701
2026-09-15T20:20:06.999Z,GMX,7.1809,10200,7.064,1347.199701
2026-09-15T20:20:06.999Z,IMX,0.7769,163.3,0.12028,1347.199701
2026-09-15T20:20:06.999Z,INJ,-18.2487,6020,5.466,1347.199701
2026-09-15T20:20:06.999Z,GRT,10.7849,25.85,0.01732,1347.199701
2026-09-15T20:20:06.999Z,SUI,1.5798,939.6,0.6866,1347.199701
2026-09-15T20:20:06.999Z,HYPE,0.7854,105300,77.553,1347.199701
2026-09-15T20:25:07.008Z,BTC,1.4248,103723000,75910,1347.199701
2026-09-15T20:25:07.008Z,ETH,1.2574,3281000,2405.18,1347.199701
2026-09-15T20:25:07.008Z,SOL,1.2582,132800,97.35,1347.199701
2026-09-15T20:25:07.008Z,BNB,1.3285,977000,715.7,1347.199701
2026-09-15T20:25:07.008Z,XRP,1.4841,1747,1.2778,1347.199701
2026-09-15T20:25:07.008Z,ADA,1.6766,269.3,0.1966,1347.199701
2026-09-15T20:25:07.008Z,AVAX,-0.3712,9790,7.294,1347.199701
2026-09-15T20:25:07.008Z,DOT,2.2489,1310,0.951,1347.199701
2026-09-15T20:25:07.008Z,LINK,1.635,15030,10.977,1347.199701
2026-09-15T20:25:07.008Z,POL,8.6631,137.3,0.09379,1347.199701
2026-09-15T20:25:07.008Z,DOGE,1.3837,109.8,0.08039,1347.199701
2026-09-15T20:25:07.008Z,TRX,1.5514,454.1,0.33192,1347.199701
2026-09-15T20:25:07.008Z,XLM,2.0172,242,0.17608,1347.199701
2026-09-15T20:25:07.008Z,SHIB,1.7437,0.0068,0.000004961,1347.199701
2026-09-15T20:25:07.008Z,BCH,2.9515,300000,216.3,1347.199701
2026-09-15T20:25:07.008Z,UNI,1.4632,8725,6.383,1347.199701
2026-09-15T20:25:07.008Z,AAVE,2.7104,170100,122.93,1347.199701
2026-09-15T20:25:07.008Z,SUSHI,0.715,281,0.2071,1347.199701
2026-09-15T20:25:07.008Z,LDO,3.574,474,0.3397,1347.199701
2026-09-15T20:25:07.008Z,ICP,5.8375,3509,2.461,1347.199701
2026-09-15T20:25:07.008Z,NEAR,1.6038,3177,2.321,1347.199701
2026-09-15T20:25:07.008Z,HBAR,1.1034,102.4,0.07518,1347.199701
2026-09-15T20:25:07.008Z,XTZ,16.8321,390.5,0.2481,1347.199701
2026-09-15T20:25:07.008Z,DYDX,0.4852,141.1,0.10423,1347.199701
2026-09-15T20:25:07.008Z,ARB,0.9199,200.2,0.14725,1347.199701
2026-09-15T20:25:07.008Z,GMX,7.1658,10200,7.065,1347.199701
2026-09-15T20:25:07.008Z,IMX,0.9027,163.3,0.12013,1347.199701
2026-09-15T20:25:07.008Z,INJ,-18.2935,6020,5.469,1347.199701
2026-09-15T20:25:07.008Z,GRT,1.2162,23.59,0.0173,1347.199701
2026-09-15T20:25:07.008Z,SUI,1.6834,939.6,0.6859,1347.199701
2026-09-15T20:25:07.008Z,HYPE,1.3934,105300,77.088,1347.199701
2026-09-15T20:30:06.561Z,BTC,1.5277,103500000,75670,1347.199701
2026-09-15T20:30:06.561Z,ETH,1.5215,3279000,2397.46,1347.199701
2026-09-15T20:30:06.561Z,SOL,1.5373,132400,96.79,1347.199701
2026-09-15T20:30:06.561Z,BNB,1.6267,977000,713.6,1347.199701
2026-09-15T20:30:06.561Z,XRP,1.5561,1731,1.2652,1347.199701
2026-09-15T20:30:06.561Z,ADA,1.8257,267.5,0.195,1347.199701
2026-09-15T20:30:06.561Z,AVAX,0.1368,9790,7.257,1347.199701
2026-09-15T20:30:06.561Z,DOT,2.7459,1310,0.9464,1347.199701
2026-09-15T20:30:06.561Z,LINK,1.6246,14960,10.927,1347.199701
2026-09-15T20:30:06.561Z,POL,9.1402,137.3,0.09338,1347.199701
2026-09-15T20:30:06.561Z,DOGE,1.541,109.3,0.0799,1347.199701
2026-09-15T20:30:06.561Z,TRX,1.6341,454.1,0.33165,1347.199701
2026-09-15T20:30:06.561Z,XLM,2.0141,240,0.17463,1347.199701
2026-09-15T20:30:06.561Z,SHIB,2.2383,0.0068,0.000004937,1347.199701
2026-09-15T20:30:06.561Z,BCH,3.4778,300000,215.2,1347.199701
2026-09-15T20:30:06.561Z,UNI,2.1192,8725,6.342,1347.199701
2026-09-15T20:30:06.561Z,AAVE,3.1804,170100,122.37,1347.199701
2026-09-15T20:30:06.561Z,SUSHI,1.4005,281,0.2057,1347.199701
2026-09-15T20:30:06.561Z,LDO,4.095,474,0.338,1347.199701
2026-09-15T20:30:06.561Z,ICP,6.4431,3509,2.447,1347.199701
2026-09-15T20:30:06.561Z,NEAR,2.398,3177,2.303,1347.199701
2026-09-15T20:30:06.561Z,HBAR,1.193,102,0.07482,1347.199701
2026-09-15T20:30:06.561Z,XTZ,17.3049,390.5,0.2471,1347.199701
2026-09-15T20:30:06.561Z,DYDX,0.9112,141.1,0.10379,1347.199701
2026-09-15T20:30:06.561Z,ARB,1.8049,200.2,0.14597,1347.199701
2026-09-15T20:30:06.561Z,GMX,7.5005,10200,7.043,1347.199701
2026-09-15T20:30:06.561Z,IMX,1.2398,163.3,0.11973,1347.199701
2026-09-15T20:30:06.561Z,INJ,-17.9183,6020,5.444,1347.199701
2026-09-15T20:30:06.561Z,GRT,1.6864,23.59,0.01722,1347.199701
2026-09-15T20:30:06.561Z,SUI,2.3399,939.6,0.6815,1347.199701
2026-09-15T20:30:06.561Z,HYPE,1.6876,104900,76.573,1347.199701
2026-09-15T20:35:07.023Z,BTC,1.4819,103472000,75683.7,1347.199701
2026-09-15T20:35:07.023Z,ETH,1.3988,3278000,2399.63,1347.199701
2026-09-15T20:35:07.023Z,SOL,1.4606,132300,96.79,1347.199701
2026-09-15T20:35:07.023Z,BNB,1.7407,977000,712.8,1347.199701
2026-09-15T20:35:07.023Z,XRP,1.4561,1739,1.2723,1347.199701
2026-09-15T20:35:07.023Z,ADA,1.3411,266.5,0.1952,1347.199701
2026-09-15T20:35:07.023Z,AVAX,0.0816,9790,7.261,1347.199701
2026-09-15T20:35:07.023Z,DOT,2.822,1310,0.9457,1347.199701
2026-09-15T20:35:07.023Z,LINK,1.4667,14960,10.944,1347.199701
2026-09-15T20:35:07.023Z,POL,9.2572,137.3,0.09328,1347.199701
2026-09-15T20:35:07.023Z,DOGE,1.5449,109.4,0.07997,1347.199701
2026-09-15T20:35:07.023Z,TRX,1.5943,454.1,0.33178,1347.199701
2026-09-15T20:35:07.023Z,XLM,1.9674,240,0.17471,1347.199701
2026-09-15T20:35:07.023Z,SHIB,2.2176,0.0068,0.000004938,1347.199701
2026-09-15T20:35:07.023Z,BCH,3.3337,300000,215.5,1347.199701
2026-09-15T20:35:07.023Z,UNI,2.2966,8725,6.331,1347.199701
2026-09-15T20:35:07.023Z,AAVE,3.1804,170100,122.37,1347.199701
2026-09-15T20:35:07.023Z,SUSHI,1.2037,281,0.2061,1347.199701
2026-09-15T20:35:07.023Z,LDO,4.1566,474,0.3378,1347.199701
2026-09-15T20:35:07.023Z,ICP,6.053,3509,2.456,1347.199701
2026-09-15T20:35:07.023Z,NEAR,2.1319,3177,2.309,1347.199701
2026-09-15T20:35:07.023Z,HBAR,1.166,102,0.07484,1347.199701
2026-09-15T20:35:07.023Z,XTZ,17.2101,390.5,0.2473,1347.199701
2026-09-15T20:35:07.023Z,DYDX,0.7559,141.1,0.10395,1347.199701
2026-09-15T20:35:07.023Z,ARB,1.8956,200.2,0.14584,1347.199701
2026-09-15T20:35:07.023Z,GMX,7.4547,10200,7.046,1347.199701
2026-09-15T20:35:07.023Z,IMX,1.0373,163.3,0.11997,1347.199701
2026-09-15T20:35:07.023Z,INJ,-17.9635,6020,5.447,1347.199701
2026-09-15T20:35:07.023Z,GRT,1.6274,23.59,0.01723,1347.199701
2026-09-15T20:35:07.023Z,SUI,2.0256,939.6,0.6836,1347.199701
2026-09-15T20:35:07.023Z,HYPE,1.2804,104600,76.661,1347.199701
2026-09-15T20:40:06.952Z,BTC,1.3225,103434000,75774.9,1347.199701
2026-09-15T20:40:06.952Z,ETH,1.3384,3282000,2403.99,1347.199701
2026-09-15T20:40:06.952Z,SOL,1.1888,132300,97.05,1347.199701
2026-09-15T20:40:06.952Z,BNB,1.5555,977000,714.1,1347.199701
2026-09-15T20:40:06.952Z,XRP,1.5129,1749,1.2789,1347.199701
2026-09-15T20:40:06.952Z,ADA,1.0305,266.5,0.1958,1347.199701
2026-09-15T20:40:06.952Z,AVAX,-0.1796,9790,7.28,1347.199701
2026-09-15T20:40:06.952Z,DOT,2.7568,1310,0.9463,1347.199701
2026-09-15T20:40:06.952Z,LINK,1.2262,14960,10.97,1347.199701
2026-09-15T20:40:06.952Z,POL,9.1051,137.3,0.09341,1347.199701
2026-09-15T20:40:06.952Z,DOGE,1.2537,109.4,0.0802,1347.199701
2026-09-15T20:40:06.952Z,TRX,1.5606,454.1,0.33189,1347.199701
2026-09-15T20:40:06.952Z,XLM,3.3877,243.9,0.17511,1347.199701
2026-09-15T20:40:06.952Z,SHIB,1.9698,0.0068,0.00000495,1347.199701
2026-09-15T20:40:06.952Z,BCH,2.9991,300000,216.2,1347.199701
2026-09-15T20:40:06.952Z,UNI,2.2804,8725,6.332,1347.199701
2026-09-15T20:40:06.952Z,AAVE,3.0709,170100,122.5,1347.199701
2026-09-15T20:40:06.952Z,SUSHI,0.8124,281,0.2069,1347.199701
2026-09-15T20:40:06.952Z,LDO,3.9105,474,0.3386,1347.199701
2026-09-15T20:40:06.952Z,ICP,5.623,3509,2.466,1347.199701
2026-09-15T20:40:06.952Z,NEAR,1.8672,3177,2.315,1347.199701
2026-09-15T20:40:06.952Z,HBAR,1.6076,102.5,0.07488,1347.199701
2026-09-15T20:40:06.952Z,XTZ,16.738,390.5,0.2483,1347.199701
2026-09-15T20:40:06.952Z,DYDX,0.2736,141.1,0.10445,1347.199701
2026-09-15T20:40:06.952Z,ARB,1.1466,200.2,0.14692,1347.199701
2026-09-15T20:40:06.952Z,GMX,7.3938,10200,7.05,1347.199701
2026-09-15T20:40:06.952Z,IMX,0.8188,163.3,0.12023,1347.199701
2026-09-15T20:40:06.952Z,INJ,-17.9786,6020,5.448,1347.199701
2026-09-15T20:40:06.952Z,GRT,1.4507,23.59,0.01726,1347.199701
2026-09-15T20:40:06.952Z,SUI,1.7279,939.6,0.6856,1347.199701
2026-09-15T20:40:06.952Z,HYPE,1.3214,105000,76.923,1347.199701
2026-09-15T20:45:07.761Z,BTC,1.3323,103555000,75856.2,1347.199701
2026-09-15T20:45:07.761Z,ETH,1.3619,3285000,2405.63,1347.199701
2026-09-15T20:45:07.761Z,SOL,1.3798,132700,97.16,1347.199701
2026-09-15T20:45:07.761Z,BNB,1.4987,977000,714.5,1347.199701
2026-09-15T20:45:07.761Z,XRP,1.5996,1752,1.28,1347.199701
2026-09-15T20:45:07.761Z,ADA,0.876,266.5,0.1961,1347.199701
2026-09-15T20:45:07.761Z,AVAX,-0.207,9790,7.282,1347.199701
2026-09-15T20:45:07.761Z,DOT,2.5617,1310,0.9481,1347.199701
2026-09-15T20:45:07.761Z,LINK,1.1432,14960,10.979,1347.199701
2026-09-15T20:45:07.761Z,POL,9.1636,137.3,0.09336,1347.199701
2026-09-15T20:45:07.761Z,DOGE,1.3756,109.6,0.08025,1347.199701
2026-09-15T20:45:07.761Z,TRX,1.5912,454.1,0.33179,1347.199701
2026-09-15T20:45:07.761Z,XLM,1.3164,239,0.1751,1347.199701
2026-09-15T20:45:07.761Z,SHIB,1.8669,0.0068,0.000004955,1347.199701
2026-09-15T20:45:07.761Z,BCH,2.9039,300000,216.4,1347.199701
2026-09-15T20:45:07.761Z,UNI,2.426,8725,6.323,1347.199701
2026-09-15T20:45:07.761Z,AAVE,3.0878,170100,122.48,1347.199701
2026-09-15T20:45:07.761Z,SUSHI,0.715,281,0.2071,1347.199701
2026-09-15T20:45:07.761Z,LDO,3.8798,474,0.3387,1347.199701
2026-09-15T20:45:07.761Z,ICP,5.5374,3509,2.468,1347.199701
2026-09-15T20:45:07.761Z,NEAR,1.8232,3177,2.316,1347.199701
2026-09-15T20:45:07.761Z,HBAR,1.4585,102.5,0.07499,1347.199701
2026-09-15T20:45:07.761Z,XTZ,16.5503,390.5,0.2487,1347.199701
2026-09-15T20:45:07.761Z,DYDX,0.1011,141.1,0.10463,1347.199701
2026-09-15T20:45:07.761Z,ARB,1.3535,200.2,0.14662,1347.199701
2026-09-15T20:45:07.761Z,GMX,7.272,10200,7.058,1347.199701
2026-09-15T20:45:07.761Z,IMX,0.7601,163.3,0.1203,1347.199701
2026-09-15T20:45:07.761Z,INJ,-17.9032,6020,5.443,1347.199701
2026-09-15T20:45:07.761Z,GRT,1.6274,23.59,0.01723,1347.199701
2026-09-15T20:45:07.761Z,SUI,1.4807,938,0.6861,1347.199701
2026-09-15T20:45:07.761Z,HYPE,1.4546,105000,76.822,1347.199701
2026-09-15T20:50:06.577Z,BTC,1.3047,103671000,75961.9,1347.199701
2026-09-15T20:50:06.577Z,ETH,1.502,3294000,2408.89,1347.199701
2026-09-15T20:50:06.577Z,SOL,1.4863,133400,97.57,1347.199701
2026-09-15T20:50:06.577Z,BNB,1.2436,977000,716.3,1347.199701
2026-09-15T20:50:06.577Z,XRP,1.4735,1765,1.2911,1347.199701
2026-09-15T20:50:06.577Z,ADA,1.4563,269.4,0.1971,1347.199701
2026-09-15T20:50:06.577Z,AVAX,-0.6708,9790,7.316,1347.199701
2026-09-15T20:50:06.577Z,DOT,2.3243,1310,0.9503,1347.199701
2026-09-15T20:50:06.577Z,LINK,0.7578,14960,11.021,1347.199701
2026-09-15T20:50:06.577Z,POL,8.8371,137.3,0.09364,1347.199701
2026-09-15T20:50:06.577Z,DOGE,1.1364,109.9,0.08066,1347.199701
2026-09-15T20:50:06.577Z,TRX,1.5455,453.8,0.33172,1347.199701
2026-09-15T20:50:06.577Z,XLM,0.5741,239.2,0.17654,1347.199701
2026-09-15T20:50:06.577Z,SHIB,1.3963,0.0068,0.000004978,1347.199701
2026-09-15T20:50:06.577Z,BCH,2.5721,300000,217.1,1347.199701
2026-09-15T20:50:06.577Z,UNI,2.3613,8725,6.327,1347.199701
2026-09-15T20:50:06.577Z,AAVE,2.6102,170100,123.05,1347.199701
2026-09-15T20:50:06.577Z,SUSHI,0.1348,281,0.2083,1347.199701
2026-09-15T20:50:06.577Z,LDO,3.5131,474,0.3399,1347.199701
2026-09-15T20:50:06.577Z,ICP,4.9421,3509,2.482,1347.199701
2026-09-15T20:50:06.577Z,NEAR,1.168,3177,2.331,1347.199701
2026-09-15T20:50:06.577Z,HBAR,0.7465,102.5,0.07552,1347.199701
2026-09-15T20:50:06.577Z,XTZ,15.7128,390.5,0.2505,1347.199701
2026-09-15T20:50:06.577Z,DYDX,-0.4413,141.1,0.1052,1347.199701
2026-09-15T20:50:06.577Z,ARB,0.9199,200.2,0.14725,1347.199701
2026-09-15T20:50:06.577Z,GMX,6.8482,10200,7.086,1347.199701
2026-09-15T20:50:06.577Z,IMX,0.1772,163.3,0.121,1347.199701
2026-09-15T20:50:06.577Z,INJ,-18.0237,6020,5.451,1347.199701
2026-09-15T20:50:06.577Z,GRT,1.0409,23.59,0.01733,1347.199701
2026-09-15T20:50:06.577Z,SUI,1.0685,939.5,0.69,1347.199701
2026-09-15T20:50:06.577Z,HYPE,0.8585,105000,77.276,1347.199701
2026-09-15T20:55:07.102Z,BTC,1.2285,103588000,75958.2,1347.199701
2026-09-15T20:55:07.102Z,ETH,1.4353,3292000,2409.01,1347.199701
2026-09-15T20:55:07.102Z,SOL,1.3482,133000,97.41,1347.199701
2026-09-15T20:55:07.102Z,BNB,1.3143,977000,715.8,1347.199701
2026-09-15T20:55:07.102Z,XRP,1.5178,1767,1.292,1347.199701
2026-09-15T20:55:07.102Z,ADA,1.611,269.4,0.1968,1347.199701
2026-09-15T20:55:07.102Z,AVAX,-0.6029,9790,7.311,1347.199701
2026-09-15T20:55:07.102Z,DOT,2.2382,1310,0.9511,1347.199701
2026-09-15T20:55:07.102Z,LINK,0.9685,14960,10.998,1347.199701
2026-09-15T20:55:07.102Z,POL,9.0584,137.3,0.09345,1347.199701
2026-09-15T20:55:07.102Z,DOGE,1.3248,109.9,0.08051,1347.199701
2026-09-15T20:55:07.102Z,TRX,1.4966,453.8,0.33188,1347.199701
2026-09-15T20:55:07.102Z,XLM,0.7739,239.2,0.17619,1347.199701
2026-09-15T20:55:07.102Z,SHIB,1.4167,0.0068,0.000004977,1347.199701
2026-09-15T20:55:07.102Z,BCH,2.5721,300000,217.1,1347.199701
2026-09-15T20:55:07.102Z,UNI,2.2966,8725,6.331,1347.199701
2026-09-15T20:55:07.102Z,AAVE,2.794,170100,122.83,1347.199701
2026-09-15T20:55:07.102Z,SUSHI,0.3757,281,0.2078,1347.199701
2026-09-15T20:55:07.102Z,LDO,3.635,474,0.3395,1347.199701
2026-09-15T20:55:07.102Z,ICP,5.4519,3509,2.47,1347.199701
2026-09-15T20:55:07.102Z,NEAR,1.2114,3177,2.33,1347.199701
2026-09-15T20:55:07.102Z,HBAR,0.7331,102.5,0.07553,1347.199701
2026-09-15T20:55:07.102Z,XTZ,15.9906,390.5,0.2499,1347.199701
2026-09-15T20:55:07.102Z,DYDX,-0.2516,141.1,0.105,1347.199701
2026-09-15T20:55:07.102Z,ARB,1.6795,200.2,0.14615,1347.199701
2026-09-15T20:55:07.102Z,GMX,6.8632,10200,7.085,1347.199701
2026-09-15T20:55:07.102Z,IMX,0.7685,163.3,0.12029,1347.199701
2026-09-15T20:55:07.102Z,INJ,-18.0387,6020,5.452,1347.199701
2026-09-15T20:55:07.102Z,GRT,1.1577,23.59,0.01731,1347.199701
2026-09-15T20:55:07.102Z,SUI,1.2005,939.5,0.6891,1347.199701
2026-09-15T20:55:07.102Z,HYPE,0.9552,105000,77.202,1347.199701
2026-09-15T21:00:07.264Z,BTC,1.3637,103638000,75893.5,1347.199701
2026-09-15T21:00:07.264Z,ETH,1.4883,3290000,2406.29,1347.199701
2026-09-15T21:00:07.264Z,SOL,1.5736,133200,97.34,1347.199701
2026-09-15T21:00:07.264Z,BNB,1.4845,977000,714.6,1347.199701
2026-09-15T21:00:07.264Z,XRP,1.6169,1769,1.2922,1347.199701
2026-09-15T21:00:07.264Z,ADA,1.8276,269.7,0.1966,1347.199701
2026-09-15T21:00:07.264Z,AVAX,-0.5348,9790,7.306,1347.199701
2026-09-15T21:00:07.264Z,DOT,2.3997,1310,0.9496,1347.199701
2026-09-15T21:00:07.264Z,LINK,1.0972,14960,10.984,1347.199701
2026-09-15T21:00:07.264Z,POL,9.2923,137.3,0.09325,1347.199701
2026-09-15T21:00:07.264Z,DOGE,1.4508,109.9,0.08041,1347.199701
2026-09-15T21:00:07.264Z,TRX,1.4782,453.8,0.33194,1347.199701
2026-09-15T21:00:07.264Z,XLM,2.0878,241.7,0.17574,1347.199701
2026-09-15T21:00:07.264Z,SHIB,1.5595,0.0068,0.00000497,1347.199701
2026-09-15T21:00:07.264Z,BCH,2.7141,300000,216.8,1347.199701
2026-09-15T21:00:07.264Z,UNI,2.7021,8725,6.306,1347.199701
2026-09-15T21:00:07.264Z,AAVE,3.0289,170100,122.55,1347.199701
2026-09-15T21:00:07.264Z,SUSHI,0.3275,281,0.2079,1347.199701
2026-09-15T21:00:07.264Z,LDO,3.8492,474,0.3388,1347.199701
2026-09-15T21:00:07.264Z,ICP,5.4092,3509,2.471,1347.199701
2026-09-15T21:00:07.264Z,NEAR,1.168,3177,2.331,1347.199701
2026-09-15T21:00:07.264Z,HBAR,0.7598,102.5,0.07551,1347.199701
2026-09-15T21:00:07.264Z,XTZ,15.9906,390.5,0.2499,1347.199701
2026-09-15T21:00:07.264Z,DYDX,-0.1089,141.1,0.10485,1347.199701
2026-09-15T21:00:07.264Z,ARB,1.8467,200.2,0.14591,1347.199701
2026-09-15T21:00:07.264Z,GMX,6.984,10200,7.077,1347.199701
2026-09-15T21:00:07.264Z,IMX,0.8775,163.3,0.12016,1347.199701
2026-09-15T21:00:07.264Z,INJ,-18.0688,6020,5.454,1347.199701
2026-09-15T21:00:07.264Z,GRT,1.2162,23.59,0.0173,1347.199701
2026-09-15T21:00:07.264Z,SUI,1.3181,939.5,0.6883,1347.199701
2026-09-15T21:00:07.264Z,HYPE,1.3847,105500,77.241,1347.199701
2026-09-15T21:05:06.930Z,BTC,1.5437,103620000,75745.8,1347.199701
2026-09-15T21:05:06.930Z,ETH,1.6111,3285000,2399.73,1347.199701
2026-09-15T21:05:06.930Z,SOL,1.4529,132700,97.09,1347.199701
2026-09-15T21:05:06.930Z,BNB,1.6409,977000,713.5,1347.199701
2026-09-15T21:05:06.930Z,XRP,1.5183,1764,1.2898,1347.199701
2026-09-15T21:05:06.930Z,ADA,1.661,268.3,0.1959,1347.199701
2026-09-15T21:05:06.930Z,AVAX,-0.207,9790,7.282,1347.199701
2026-09-15T21:05:06.930Z,DOT,2.5942,1310,0.9478,1347.199701
2026-09-15T21:05:06.930Z,LINK,1.3556,14960,10.956,1347.199701
2026-09-15T21:05:06.930Z,POL,9.8934,137.3,0.09274,1347.199701
2026-09-15T21:05:06.930Z,DOGE,1.5187,109.7,0.08021,1347.199701
2026-09-15T21:05:06.930Z,TRX,2.1731,457.1,0.33208,1347.199701
2026-09-15T21:05:06.930Z,XLM,1.9718,241.7,0.17594,1347.199701
2026-09-15T21:05:06.930Z,SHIB,1.7437,0.0068,0.000004961,1347.199701
2026-09-15T21:05:06.930Z,BCH,2.9515,300000,216.3,1347.199701
2026-09-15T21:05:06.930Z,UNI,1.3058,8590,6.294,1347.199701
2026-09-15T21:05:06.930Z,AAVE,3.5188,170100,121.97,1347.199701
2026-09-15T21:05:06.930Z,SUSHI,0.6664,281,0.2072,1347.199701
2026-09-15T21:05:06.930Z,LDO,4.2801,474,0.3374,1347.199701
2026-09-15T21:05:06.930Z,ICP,5.5374,3509,2.468,1347.199701
2026-09-15T21:05:06.930Z,NEAR,1.2114,3177,2.33,1347.199701
2026-09-15T21:05:06.930Z,HBAR,1.5783,103.1,0.07534,1347.199701
2026-09-15T21:05:06.930Z,XTZ,16.037,390.5,0.2498,1347.199701
2026-09-15T21:05:06.930Z,DYDX,0.0915,141.1,0.10464,1347.199701
2026-09-15T21:05:06.930Z,ARB,1.8607,200.2,0.14589,1347.199701
2026-09-15T21:05:06.930Z,GMX,7.2568,10200,7.059,1347.199701
2026-09-15T21:05:06.930Z,IMX,1.2736,163.3,0.11969,1347.199701
2026-09-15T21:05:06.930Z,INJ,-17.9484,6020,5.446,1347.199701
2026-09-15T21:05:06.930Z,GRT,1.2747,23.59,0.01729,1347.199701
2026-09-15T21:05:06.930Z,SUI,1.7171,939.5,0.6856,1347.199701
2026-09-15T21:05:06.930Z,HYPE,1.7933,105500,76.931,1347.199701
2026-09-15T21:10:06.954Z,BTC,1.494,103543000,75726.6,1347.199701
2026-09-15T21:10:06.954Z,ETH,1.4673,3279000,2398.74,1347.199701
2026-09-15T21:10:06.954Z,SOL,1.4843,132700,97.06,1347.199701
2026-09-15T21:10:06.954Z,BNB,1.6552,977000,713.4,1347.199701
2026-09-15T21:10:06.954Z,XRP,1.6508,1770,1.2925,1347.199701
2026-09-15T21:10:06.954Z,ADA,2.2057,269.6,0.1958,1347.199701
2026-09-15T21:10:06.954Z,AVAX,-0.2892,9790,7.288,1347.199701
2026-09-15T21:10:06.954Z,DOT,2.7568,1310,0.9463,1347.199701
2026-09-15T21:10:06.954Z,LINK,1.4111,14960,10.95,1347.199701
2026-09-15T21:10:06.954Z,POL,9.7632,137.3,0.09285,1347.199701
2026-09-15T21:10:06.954Z,DOGE,1.7165,109.9,0.0802,1347.199701
2026-09-15T21:10:06.954Z,TRX,2.087,457.1,0.33236,1347.199701
2026-09-15T21:10:06.954Z,XLM,1.8213,241.7,0.1762,1347.199701
2026-09-15T21:10:06.954Z,SHIB,1.8464,0.0068,0.000004956,1347.199701
2026-09-15T21:10:06.954Z,BCH,2.9515,300000,216.3,1347.199701
2026-09-15T21:10:06.954Z,UNI,1.4832,8590,6.283,1347.199701
2026-09-15T21:10:06.954Z,AAVE,3.5698,170100,121.91,1347.199701
2026-09-15T21:10:06.954Z,SUSHI,0.8124,281,0.2069,1347.199701
2026-09-15T21:10:06.954Z,LDO,4.2801,474,0.3374,1347.199701
2026-09-15T21:10:06.954Z,ICP,5.7946,3509,2.462,1347.199701
2026-09-15T21:10:06.954Z,NEAR,1.3854,3177,2.326,1347.199701
2026-09-15T21:10:06.954Z,HBAR,1.7133,103.1,0.07524,1347.199701
2026-09-15T21:10:06.954Z,XTZ,16.2231,390.5,0.2494,1347.199701
2026-09-15T21:10:06.954Z,DYDX,0.2256,141.1,0.1045,1347.199701
2026-09-15T21:10:06.954Z,ARB,2.4082,200.2,0.14511,1347.199701
2026-09-15T21:10:06.954Z,GMX,7.1809,10200,7.064,1347.199701
2026-09-15T21:10:06.954Z,IMX,1.2229,163.3,0.11975,1347.199701
2026-09-15T21:10:06.954Z,INJ,-17.6915,6020,5.429,1347.199701
2026-09-15T21:10:06.954Z,GRT,1.5684,23.59,0.01724,1347.199701
2026-09-15T21:10:06.954Z,SUI,1.6545,938.1,0.685,1347.199701
2026-09-15T21:10:06.954Z,HYPE,1.4548,105100,76.895,1347.199701
2026-09-15T21:15:06.929Z,BTC,1.3704,103543000,75818.9,1347.199701
2026-09-15T21:15:06.929Z,ETH,1.5293,3283000,2400.2,1347.199701
2026-09-15T21:15:06.929Z,SOL,1.4458,132800,97.17,1347.199701
2026-09-15T21:15:06.929Z,BNB,1.5697,977000,714,1347.199701
2026-09-15T21:15:06.929Z,XRP,1.5045,1768,1.2929,1347.199701
2026-09-15T21:15:06.929Z,ADA,1.9454,269.6,0.1963,1347.199701
2026-09-15T21:15:06.929Z,AVAX,-0.5348,9790,7.306,1347.199701
2026-09-15T21:15:06.929Z,DOT,2.5509,1310,0.9482,1347.199701
2026-09-15T21:15:06.929Z,LINK,1.2447,14960,10.968,1347.199701
2026-09-15T21:15:06.929Z,POL,9.7632,137.3,0.09285,1347.199701
2026-09-15T21:15:06.929Z,DOGE,1.6404,109.9,0.08026,1347.199701
2026-09-15T21:15:06.929Z,TRX,2.0563,457.1,0.33246,1347.199701
2026-09-15T21:15:06.929Z,XLM,1.7982,241.7,0.17624,1347.199701
2026-09-15T21:15:06.929Z,SHIB,1.6823,0.0068,0.000004964,1347.199701
2026-09-15T21:15:06.929Z,BCH,2.8089,300000,216.6,1347.199701
2026-09-15T21:15:06.929Z,UNI,1.2094,8590,6.3,1347.199701
2026-09-15T21:15:06.929Z,AAVE,3.2648,170100,122.27,1347.199701
2026-09-15T21:15:06.929Z,SUSHI,0.5693,281,0.2074,1347.199701
2026-09-15T21:15:06.929Z,LDO,4.2183,474,0.3376,1347.199701
2026-09-15T21:15:06.929Z,ICP,5.5801,3509,2.467,1347.199701
2026-09-15T21:15:06.929Z,NEAR,1.2114,3177,2.33,1347.199701
2026-09-15T21:15:06.929Z,HBAR,1.6188,103.1,0.07531,1347.199701
2026-09-15T21:15:06.929Z,XTZ,15.9442,390.5,0.25,1347.199701
2026-09-15T21:15:06.929Z,DYDX,0.1489,141.1,0.10458,1347.199701
2026-09-15T21:15:06.929Z,ARB,2.5212,200.2,0.14495,1347.199701
2026-09-15T21:15:06.929Z,GMX,7.09,10200,7.07,1347.199701
2026-09-15T21:15:06.929Z,IMX,1.0457,163.3,0.11996,1347.199701
2026-09-15T21:15:06.929Z,INJ,-17.9183,6020,5.444,1347.199701
2026-09-15T21:15:06.929Z,GRT,1.392,23.59,0.01727,1347.199701
2026-09-15T21:15:06.929Z,SUI,1.4767,938.1,0.6862,1347.199701
2026-09-15T21:15:06.929Z,HYPE,1.2061,105100,77.084,1347.199701
2026-09-15T21:20:07.033Z,BTC,1.3038,103522000,75853.4,1347.199701
2026-09-15T21:20:07.033Z,ETH,1.2938,3279000,2402.85,1347.199701
2026-09-15T21:20:07.033Z,SOL,1.1958,132500,97.19,1347.199701
2026-09-15T21:20:07.033Z,BNB,1.5129,977000,714.4,1347.199701
2026-09-15T21:20:07.033Z,XRP,1.5589,1771,1.2944,1347.199701
2026-09-15T21:20:07.033Z,ADA,1.1102,267.8,0.1966,1347.199701
2026-09-15T21:20:07.033Z,AVAX,-0.6572,9790,7.315,1347.199701
2026-09-15T21:20:07.033Z,DOT,2.2489,1310,0.951,1347.199701
2026-09-15T21:20:07.033Z,LINK,1.1709,14960,10.976,1347.199701
2026-09-15T21:20:07.033Z,POL,9.6569,137.3,0.09294,1347.199701
2026-09-15T21:20:07.033Z,DOGE,1.2117,109.6,0.08038,1347.199701
2026-09-15T21:20:07.033Z,TRX,2.0809,457.1,0.33238,1347.199701
2026-09-15T21:20:07.033Z,XLM,1.3668,241.7,0.17699,1347.199701
2026-09-15T21:20:07.033Z,SHIB,1.6004,0.0068,0.000004968,1347.199701
2026-09-15T21:20:07.033Z,BCH,2.7141,300000,216.8,1347.199701
2026-09-15T21:20:07.033Z,UNI,1.1451,8590,6.304,1347.199701
2026-09-15T21:20:07.033Z,AAVE,3.2142,170100,122.33,1347.199701
2026-09-15T21:20:07.033Z,SUSHI,0.4725,281,0.2076,1347.199701
2026-09-15T21:20:07.033Z,LDO,4.095,474,0.338,1347.199701
2026-09-15T21:20:07.033Z,ICP,5.324,3509,2.473,1347.199701
2026-09-15T21:20:07.033Z,NEAR,0.8651,3177,2.338,1347.199701
2026-09-15T21:20:07.033Z,HBAR,1.5648,103.1,0.07535,1347.199701
2026-09-15T21:20:07.033Z,XTZ,15.6205,390.5,0.2507,1347.199701
2026-09-15T21:20:07.033Z,DYDX,0.216,141.1,0.10451,1347.199701
2026-09-15T21:20:07.033Z,ARB,1.6169,200.2,0.14624,1347.199701
2026-09-15T21:20:07.033Z,GMX,7.1203,10200,7.068,1347.199701
2026-09-15T21:20:07.033Z,IMX,1.0878,163.3,0.11991,1347.199701
2026-09-15T21:20:07.033Z,INJ,-18.2636,6020,5.467,1347.199701
2026-09-15T21:20:07.033Z,GRT,1.1577,23.59,0.01731,1347.199701
2026-09-15T21:20:07.033Z,SUI,1.2996,938.1,0.6874,1347.199701
2026-09-15T21:20:07.033Z,HYPE,1.3244,105100,76.994,1347.199701
2026-09-15T21:25:07.103Z,BTC,1.3861,103448000,75737.6,1347.199701
2026-09-15T21:25:07.103Z,ETH,1.4957,3279000,2398.07,1347.199701
2026-09-15T21:25:07.103Z,SOL,1.3906,132400,96.93,1347.199701
2026-09-15T21:25:07.103Z,BNB,1.6979,977000,713.1,1347.199701
2026-09-15T21:25:07.103Z,XRP,1.543,1758,1.2851,1347.199701
2026-09-15T21:25:07.103Z,ADA,1.5233,267.8,0.1958,1347.199701
2026-09-15T21:25:07.103Z,AVAX,-0.2755,9790,7.287,1347.199701
2026-09-15T21:25:07.103Z,DOT,2.7134,1310,0.9467,1347.199701
2026-09-15T21:25:07.103Z,LINK,1.5316,14960,10.937,1347.199701
2026-09-15T21:25:07.103Z,POL,9.9171,137.3,0.09272,1347.199701
2026-09-15T21:25:07.103Z,DOGE,1.5908,109.6,0.08008,1347.199701
2026-09-15T21:25:07.103Z,TRX,2.127,457.1,0.33223,1347.199701
2026-09-15T21:25:07.103Z,XLM,2.2624,241.7,0.17544,1347.199701
2026-09-15T21:25:07.103Z,SHIB,2.0111,0.0068,0.000004948,1347.199701
2026-09-15T21:25:07.103Z,BCH,3.4861,301000,215.9,1347.199701
2026-09-15T21:25:07.103Z,UNI,1.6774,8590,6.271,1347.199701
2026-09-15T21:25:07.103Z,AAVE,3.5783,170100,121.9,1347.199701
2026-09-15T21:25:07.103Z,SUSHI,0.9588,281,0.2066,1347.199701
2026-09-15T21:25:07.103Z,LDO,4.4658,474,0.3368,1347.199701
2026-09-15T21:25:07.103Z,ICP,5.8375,3509,2.461,1347.199701
2026-09-15T21:25:07.103Z,NEAR,1.6038,3177,2.321,1347.199701
2026-09-15T21:25:07.103Z,HBAR,2.0252,103.1,0.07501,1347.199701
2026-09-15T21:25:07.103Z,XTZ,16.13,390.5,0.2496,1347.199701
2026-09-15T21:25:07.103Z,DYDX,0.5335,141.1,0.10418,1347.199701
2026-09-15T21:25:07.103Z,ARB,2.7623,200.2,0.14461,1347.199701
2026-09-15T21:25:07.103Z,GMX,7.4547,10200,7.046,1347.199701
2026-09-15T21:25:07.103Z,IMX,1.4262,163.3,0.11951,1347.199701
2026-09-15T21:25:07.103Z,INJ,-17.8428,6020,5.439,1347.199701
2026-09-15T21:25:07.103Z,GRT,1.6864,23.59,0.01722,1347.199701
2026-09-15T21:25:07.103Z,SUI,1.7287,938.1,0.6845,1347.199701
2026-09-15T21:25:07.103Z,HYPE,1.6955,105100,76.713,1347.199701
2026-09-15T21:30:07.066Z,BTC,1.3421,103268000,75638.7,1347.199701
2026-09-15T21:30:07.066Z,ETH,1.415,3275000,2397.05,1347.199701
2026-09-15T21:30:07.066Z,SOL,1.3596,132100,96.74,1347.199701
2026-09-15T21:30:07.066Z,BNB,1.8837,977000,711.8,1347.199701
2026-09-15T21:30:07.066Z,XRP,1.4145,1754,1.2838,1347.199701
2026-09-15T21:30:07.066Z,ADA,1.5692,267.1,0.1952,1347.199701
2026-09-15T21:30:07.066Z,AVAX,-0.0148,9790,7.268,1347.199701
2026-09-15T21:30:07.066Z,DOT,2.9853,1310,0.9442,1347.199701
2026-09-15T21:30:07.066Z,LINK,1.4643,14920,10.915,1347.199701
2026-09-15T21:30:07.066Z,POL,10.1309,137.3,0.09254,1347.199701
2026-09-15T21:30:07.066Z,DOGE,1.3089,108.9,0.07979,1347.199701
2026-09-15T21:30:07.066Z,TRX,2.1516,457.1,0.33215,1347.199701
2026-09-15T21:30:07.066Z,XLM,2.6251,241.7,0.17482,1347.199701
2026-09-15T21:30:07.066Z,SHIB,2.3835,0.0068,0.00000493,1347.199701
2026-09-15T21:30:07.066Z,BCH,3.7263,301000,215.4,1347.199701
2026-09-15T21:30:07.066Z,UNI,1.9212,8590,6.256,1347.199701
2026-09-15T21:30:07.066Z,AAVE,3.8594,170100,121.57,1347.199701
2026-09-15T21:30:07.066Z,SUSHI,1.4005,281,0.2057,1347.199701
2026-09-15T21:30:07.066Z,LDO,4.9645,474,0.3352,1347.199701
2026-09-15T21:30:07.066Z,ICP,6.226,3509,2.452,1347.199701
2026-09-15T21:30:07.066Z,NEAR,1.7353,3177,2.318,1347.199701
2026-09-15T21:30:07.066Z,HBAR,1.5763,102.4,0.07483,1347.199701
2026-09-15T21:30:07.066Z,XTZ,16.3164,390.5,0.2492,1347.199701
2026-09-15T21:30:07.066Z,DYDX,0.9307,141.1,0.10377,1347.199701
2026-09-15T21:30:07.066Z,ARB,2.8263,200.2,0.14452,1347.199701
2026-09-15T21:30:07.066Z,GMX,8.1918,10200,6.998,1347.199701
2026-09-15T21:30:07.066Z,IMX,1.9037,163.3,0.11895,1347.199701
2026-09-15T21:30:07.066Z,INJ,-17.6763,6020,5.428,1347.199701
2026-09-15T21:30:07.066Z,GRT,1.9825,23.59,0.01717,1347.199701
2026-09-15T21:30:07.066Z,SUI,1.9671,938.1,0.6829,1347.199701
2026-09-15T21:30:07.066Z,HYPE,1.3554,104500,76.531,1347.199701
2026-09-15T21:35:08.151Z,BTC,1.2965,103200000,75622.9,1347.199701
2026-09-15T21:35:08.151Z,ETH,1.3564,3272000,2396.24,1347.199701
2026-09-15T21:35:08.151Z,SOL,1.2549,132100,96.84,1347.199701
2026-09-15T21:35:08.151Z,BNB,1.8551,977000,712,1347.199701
2026-09-15T21:35:08.151Z,XRP,1.4678,1750,1.2802,1347.199701
2026-09-15T21:35:08.151Z,ADA,1.5692,267.1,0.1952,1347.199701
2026-09-15T21:35:08.151Z,AVAX,0.0678,9790,7.262,1347.199701
2026-09-15T21:35:08.151Z,DOT,2.9308,1310,0.9447,1347.199701
2026-09-15T21:35:08.151Z,LINK,1.3714,14920,10.925,1347.199701
2026-09-15T21:35:08.151Z,POL,10.0714,137.3,0.09259,1347.199701
2026-09-15T21:35:08.151Z,DOGE,1.6173,109.3,0.07984,1347.199701
2026-09-15T21:35:08.151Z,TRX,1.8304,455.8,0.33225,1347.199701
2026-09-15T21:35:08.151Z,XLM,2.4888,241.6,0.17498,1347.199701
2026-09-15T21:35:08.151Z,SHIB,2.3212,0.0068,0.000004933,1347.199701
2026-09-15T21:35:08.151Z,BCH,3.7745,301000,215.3,1347.199701
2026-09-15T21:35:08.151Z,UNI,1.9701,8590,6.253,1347.199701
2026-09-15T21:35:08.151Z,AAVE,4.2281,170100,121.14,1347.199701
2026-09-15T21:35:08.151Z,SUSHI,1.302,281,0.2059,1347.199701
2026-09-15T21:35:08.151Z,LDO,4.9332,474,0.3353,1347.199701
2026-09-15T21:35:08.151Z,ICP,6.3127,3509,2.45,1347.199701
2026-09-15T21:35:08.151Z,NEAR,1.5601,3177,2.322,1347.199701
2026-09-15T21:35:08.151Z,HBAR,1.6578,102.4,0.07477,1347.199701
2026-09-15T21:35:08.151Z,XTZ,16.5503,390.5,0.2487,1347.199701
2026-09-15T21:35:08.151Z,DYDX,0.8238,141.1,0.10388,1347.199701
2026-09-15T21:35:08.151Z,ARB,3.2837,200.2,0.14388,1347.199701
2026-09-15T21:35:08.151Z,GMX,8.0528,10200,7.007,1347.199701
2026-09-15T21:35:08.151Z,IMX,1.8694,163.3,0.11899,1347.199701
2026-09-15T21:35:08.151Z,INJ,-17.7067,6020,5.43,1347.199701
2026-09-15T21:35:08.151Z,GRT,2.1014,23.59,0.01715,1347.199701
2026-09-15T21:35:08.151Z,SUI,1.997,938.1,0.6827,1347.199701
2026-09-15T21:35:08.151Z,HYPE,1.4555,104800,76.675,1347.199701
2026-09-15T21:40:07.112Z,BTC,1.1621,103100000,75650,1347.199701
2026-09-15T21:40:07.112Z,ETH,1.2357,3273000,2399.83,1347.199701
2026-09-15T21:40:07.112Z,SOL,1.126,132000,96.89,1347.199701
2026-09-15T21:40:07.112Z,BNB,1.6837,977000,713.2,1347.199701
2026-09-15T21:40:07.112Z,XRP,1.2674,1752,1.2842,1347.199701
2026-09-15T21:40:07.112Z,ADA,1.1822,266.9,0.1958,1347.199701
2026-09-15T21:40:07.112Z,AVAX,-0.1247,9790,7.276,1347.199701
2026-09-15T21:40:07.112Z,DOT,2.6158,1310,0.9476,1347.199701
2026-09-15T21:40:07.112Z,LINK,1.1307,14920,10.951,1347.199701
2026-09-15T21:40:07.112Z,POL,9.7986,137.3,0.09282,1347.199701
2026-09-15T21:40:07.112Z,DOGE,0.9924,108.9,0.08004,1347.199701
2026-09-15T21:40:07.112Z,TRX,1.812,455.8,0.33231,1347.199701
2026-09-15T21:40:07.112Z,XLM,1.1951,239.3,0.17553,1347.199701
2026-09-15T21:40:07.112Z,SHIB,2.1142,0.0068,0.000004943,1347.199701
2026-09-15T21:40:07.112Z,BCH,3.582,301000,215.7,1347.199701
2026-09-15T21:40:07.112Z,UNI,1.8561,8590,6.26,1347.199701
2026-09-15T21:40:07.112Z,AAVE,3.9107,170100,121.51,1347.199701
2026-09-15T21:40:07.112Z,SUSHI,1.0566,281,0.2064,1347.199701
2026-09-15T21:40:07.112Z,LDO,5.0271,474,0.335,1347.199701
2026-09-15T21:40:07.112Z,ICP,6.053,3509,2.456,1347.199701
2026-09-15T21:40:07.112Z,NEAR,1.3854,3177,2.326,1347.199701
2026-09-15T21:40:07.112Z,HBAR,1.5084,102.4,0.07488,1347.199701
2026-09-15T21:40:07.112Z,XTZ,16.13,390.5,0.2496,1347.199701
2026-09-15T21:40:07.112Z,DYDX,0.5335,141.1,0.10418,1347.199701
2026-09-15T21:40:07.112Z,ARB,3.0545,200.2,0.1442,1347.199701
2026-09-15T21:40:07.112Z,GMX,7.9296,10200,7.015,1347.199701
2026-09-15T21:40:07.112Z,IMX,1.6473,163.3,0.11925,1347.199701
2026-09-15T21:40:07.112Z,INJ,-17.5548,6020,5.42,1347.199701
2026-09-15T21:40:07.112Z,GRT,1.6864,23.59,0.01722,1347.199701
2026-09-15T21:40:07.112Z,SUI,0.9536,930,0.6838,1347.199701
2026-09-15T21:40:07.112Z,HYPE,1.293,104800,76.798,1347.199701
2026-09-15T21:45:06.577Z,BTC,1.0841,103101000,75709.1,1347.199701
2026-09-15T21:45:06.577Z,ETH,1.1858,3272000,2400.28,1347.199701
2026-09-15T21:45:06.577Z,SOL,1.0426,132000,96.97,1347.199701
2026-09-15T21:45:06.577Z,BNB,1.6409,977000,713.5,1347.199701
2026-09-15T21:45:06.577Z,XRP,1.2883,1754,1.2854,1347.199701
2026-09-15T21:45:06.577Z,ADA,1.2718,267,0.1957,1347.199701
2026-09-15T21:45:06.577Z,AVAX,-0.2207,9790,7.283,1347.199701
2026-09-15T21:45:06.577Z,DOT,2.4428,1310,0.9492,1347.199701
2026-09-15T21:45:06.577Z,LINK,1.1677,14920,10.947,1347.199701
2026-09-15T21:45:06.577Z,POL,9.6687,137.3,0.09293,1347.199701
2026-09-15T21:45:06.577Z,DOGE,0.9924,108.9,0.08004,1347.199701
2026-09-15T21:45:06.577Z,TRX,1.7691,455.8,0.33245,1347.199701
2026-09-15T21:45:06.577Z,XLM,0.9765,239.3,0.17591,1347.199701
2026-09-15T21:45:06.577Z,SHIB,2.1556,0.0068,0.000004941,1347.199701
2026-09-15T21:45:06.577Z,BCH,3.4861,301000,215.9,1347.199701
2026-09-15T21:45:06.577Z,UNI,1.6936,8590,6.27,1347.199701
2026-09-15T21:45:06.577Z,AAVE,3.7997,170100,121.64,1347.199701
2026-09-15T21:45:06.577Z,SUSHI,1.1056,281,0.2063,1347.199701
2026-09-15T21:45:06.577Z,LDO,4.9332,474,0.3353,1347.199701
2026-09-15T21:45:06.577Z,ICP,6.1394,3509,2.454,1347.199701
2026-09-15T21:45:06.577Z,NEAR,1.6476,3177,2.32,1347.199701
2026-09-15T21:45:06.577Z,HBAR,1.2651,102.1,0.07484,1347.199701
2026-09-15T21:45:06.577Z,XTZ,16.037,390.5,0.2498,1347.199701
2026-09-15T21:45:06.577Z,DYDX,0.3216,141.1,0.1044,1347.199701
2026-09-15T21:45:06.577Z,ARB,3.1833,200.2,0.14402,1347.199701
2026-09-15T21:45:06.577Z,GMX,7.9604,10200,7.013,1347.199701
2026-09-15T21:45:06.577Z,IMX,1.7668,163.3,0.11911,1347.199701
2026-09-15T21:45:06.577Z,INJ,-17.433,6020,5.412,1347.199701
2026-09-15T21:45:06.577Z,GRT,1.5684,23.59,0.01724,1347.199701
2026-09-15T21:45:06.577Z,SUI,0.8209,930,0.6847,1347.199701
2026-09-15T21:45:06.577Z,HYPE,1.1389,104800,76.915,1347.199701
2026-09-15T21:50:07.563Z,BTC,1.0594,102970000,75631.4,1347.199701
2026-09-15T21:50:07.563Z,ETH,1.1935,3267000,2396.43,1347.199701
2026-09-15T21:50:07.563Z,SOL,1.3211,132200,96.85,1347.199701
2026-09-15T21:50:07.563Z,BNB,1.7979,977000,712.4,1347.199701
2026-09-15T21:50:07.563Z,XRP,1.3488,1753,1.2839,1347.199701
2026-09-15T21:50:07.563Z,ADA,1.7636,267.2,0.1949,1347.199701
2026-09-15T21:50:07.563Z,AVAX,0.054,9790,7.263,1347.199701
2026-09-15T21:50:07.563Z,DOT,2.5833,1310,0.9479,1347.199701
2026-09-15T21:50:07.563Z,LINK,1.3375,14900,10.914,1347.199701
2026-09-15T21:50:07.563Z,POL,9.7395,137.3,0.09287,1347.199701
2026-09-15T21:50:07.563Z,DOGE,1.2876,109,0.07988,1347.199701
2026-09-15T21:50:07.563Z,TRX,1.8028,455.8,0.33234,1347.199701
2026-09-15T21:50:07.563Z,XLM,1.4936,239.5,0.17516,1347.199701
2026-09-15T21:50:07.563Z,SHIB,2.3627,0.0068,0.000004931,1347.199701
2026-09-15T21:50:07.563Z,BCH,3.7263,301000,215.4,1347.199701
2026-09-15T21:50:07.563Z,UNI,2.0844,8590,6.246,1347.199701
2026-09-15T21:50:07.563Z,AAVE,3.9278,170100,121.49,1347.199701
2026-09-15T21:50:07.563Z,SUSHI,1.2528,281,0.206,1347.199701
2026-09-15T21:50:07.563Z,LDO,5.1841,474,0.3345,1347.199701
2026-09-15T21:50:07.563Z,ICP,5.7946,3509,2.462,1347.199701
2026-09-15T21:50:07.563Z,NEAR,1.8672,3177,2.315,1347.199701
2026-09-15T21:50:07.563Z,HBAR,1.3735,102.1,0.07476,1347.199701
2026-09-15T21:50:07.563Z,XTZ,16.1766,390.5,0.2495,1347.199701
2026-09-15T21:50:07.563Z,DYDX,0.5431,141.1,0.10417,1347.199701
2026-09-15T21:50:07.563Z,ARB,3.586,200.2,0.14346,1347.199701
2026-09-15T21:50:07.563Z,GMX,8.0374,10200,7.008,1347.199701
2026-09-15T21:50:07.563Z,IMX,1.9465,163.3,0.1189,1347.199701
2026-09-15T21:50:07.563Z,INJ,-17.3107,6020,5.404,1347.199701
2026-09-15T21:50:07.563Z,GRT,0.0634,23.2,0.01721,1347.199701
2026-09-15T21:50:07.563Z,SUI,1.1943,929.9,0.6821,1347.199701
2026-09-15T21:50:07.563Z,HYPE,1.3065,104900,76.861,1347.199701
2026-09-15T21:55:07.352Z,BTC,1.1538,102899000,75508.7,1347.199701
2026-09-15T21:55:07.352Z,ETH,1.1124,3262000,2394.68,1347.199701
2026-09-15T21:55:07.352Z,SOL,1.1154,131700,96.68,1347.199701
2026-09-15T21:55:07.352Z,BNB,1.9123,977000,711.6,1347.199701
2026-09-15T21:55:07.352Z,XRP,1.2964,1748,1.2809,1347.199701
2026-09-15T21:55:07.352Z,ADA,1.3381,265.4,0.1944,1347.199701
2026-09-15T21:55:07.352Z,AVAX,0.2888,9790,7.246,1347.199701
2026-09-15T21:55:07.352Z,DOT,2.8764,1310,0.9452,1347.199701
2026-09-15T21:55:07.352Z,LINK,1.4863,14900,10.898,1347.199701
2026-09-15T21:55:07.352Z,POL,10.0714,137.3,0.09259,1347.199701
2026-09-15T21:55:07.352Z,DOGE,1.237,108.7,0.0797,1347.199701
2026-09-15T21:55:07.352Z,TRX,1.2394,453.1,0.33221,1347.199701
2026-09-15T21:55:07.352Z,XLM,1.5266,239.4,0.17503,1347.199701
2026-09-15T21:55:07.352Z,SHIB,1.3507,0.0067,0.000004907,1347.199701
2026-09-15T21:55:07.352Z,BCH,4.2587,301000,214.3,1347.199701
2026-09-15T21:55:07.352Z,UNI,1.4204,8515,6.232,1347.199701
2026-09-15T21:55:07.352Z,AAVE,4.3659,170100,120.98,1347.199701
2026-09-15T21:55:07.352Z,SUSHI,1.5981,281,0.2053,1347.199701
2026-09-15T21:55:07.352Z,LDO,5.4047,474,0.3338,1347.199701
2026-09-15T21:55:07.352Z,ICP,6.1827,3509,2.453,1347.199701
2026-09-15T21:55:07.352Z,NEAR,1.9994,3177,2.312,1347.199701
2026-09-15T21:55:07.352Z,HBAR,1.2788,101.8,0.07461,1347.199701
2026-09-15T21:55:07.352Z,XTZ,16.738,390.5,0.2483,1347.199701
2026-09-15T21:55:07.352Z,DYDX,0.7753,141.1,0.10393,1347.199701
2026-09-15T21:55:07.352Z,ARB,3.2909,200.2,0.14387,1347.199701
2026-09-15T21:55:07.352Z,GMX,8.3931,10200,6.985,1347.199701
2026-09-15T21:55:07.352Z,IMX,2.2475,163.3,0.11855,1347.199701
2026-09-15T21:55:07.352Z,INJ,-17.2648,6020,5.401,1347.199701
2026-09-15T21:55:07.352Z,GRT,0.472,23.2,0.01714,1347.199701
2026-09-15T21:55:07.352Z,SUI,1.5666,929.9,0.6796,1347.199701
2026-09-15T21:55:07.352Z,HYPE,1.2386,104400,76.546,1347.199701
2026-09-15T22:00:06.965Z,BTC,0.9285,102560000,75427.9,1347.199701
2026-09-15T22:00:06.965Z,ETH,1.03,3253000,2390.02,1347.199701
2026-09-15T22:00:06.965Z,SOL,1.0978,131500,96.55,1347.199701
2026-09-15T22:00:06.965Z,BNB,1.2296,969500,710.9,1347.199701
2026-09-15T22:00:06.965Z,XRP,1.125,1740,1.2772,1347.199701
2026-09-15T22:00:06.965Z,ADA,1.3417,265,0.1941,1347.199701
2026-09-15T22:00:06.965Z,AVAX,0.5107,9790,7.23,1347.199701
2026-09-15T22:00:06.965Z,DOT,1.3419,1285,0.9412,1347.199701
2026-09-15T22:00:06.965Z,LINK,1.6823,14900,10.877,1347.199701
2026-09-15T22:00:06.965Z,POL,1.2127,125.8,0.09226,1347.199701
2026-09-15T22:00:06.965Z,DOGE,0.9912,108.3,0.0796,1347.199701
2026-09-15T22:00:06.965Z,TRX,1.2424,453.1,0.3322,1347.199701
2026-09-15T22:00:06.965Z,XLM,1.5251,239,0.17474,1347.199701
2026-09-15T22:00:06.965Z,SHIB,1.4541,0.0067,0.000004902,1347.199701
2026-09-15T22:00:06.965Z,BCH,4.3561,301000,214.1,1347.199701
2026-09-15T22:00:06.965Z,UNI,1.5997,8515,6.221,1347.199701
2026-09-15T22:00:06.965Z,AAVE,4.3746,170100,120.97,1347.199701
2026-09-15T22:00:06.965Z,SUSHI,1.8461,281,0.2048,1347.199701
2026-09-15T22:00:06.965Z,LDO,5.4995,474,0.3335,1347.199701
2026-09-15T22:00:06.965Z,ICP,6.226,3509,2.452,1347.199701
2026-09-15T22:00:06.965Z,NEAR,2.0435,3177,2.311,1347.199701
2026-09-15T22:00:06.965Z,HBAR,1.1341,101.6,0.07457,1347.199701
2026-09-15T22:00:06.965Z,XTZ,17.2101,390.5,0.2473,1347.199701
2026-09-15T22:00:06.965Z,DYDX,0.9307,141.1,0.10377,1347.199701
2026-09-15T22:00:06.965Z,ARB,2.8192,200.2,0.14453,1347.199701
2026-09-15T22:00:06.965Z,GMX,8.6264,10200,6.97,1347.199701
2026-09-15T22:00:06.965Z,IMX,2.5069,163.3,0.11825,1347.199701
2026-09-15T22:00:06.965Z,INJ,-17.1881,6020,5.396,1347.199701
2026-09-15T22:00:06.965Z,GRT,0.766,23.2,0.01709,1347.199701
2026-09-15T22:00:06.965Z,SUI,1.1952,925,0.6785,1347.199701
2026-09-15T22:00:06.965Z,HYPE,1.1086,104300,76.571,1347.199701
2026-09-15T22:05:06.904Z,BTC,0.9364,102616000,75463.2,1347.199701
2026-09-15T22:05:06.904Z,ETH,1.2021,3260000,2391.09,1347.199701
2026-09-15T22:05:06.904Z,SOL,1.0213,131700,96.77,1347.199701
2026-09-15T22:05:06.904Z,BNB,1.13,969500,711.6,1347.199701
2026-09-15T22:05:06.904Z,XRP,1.1516,1747,1.282,1347.199701
2026-09-15T22:05:06.904Z,ADA,1.529,265.9,0.1944,1347.199701
2026-09-15T22:05:06.904Z,AVAX,0.4552,9790,7.234,1347.199701
2026-09-15T22:05:06.904Z,DOT,1.02,1285,0.9442,1347.199701
2026-09-15T22:05:06.904Z,LINK,0.9441,14800,10.883,1347.199701
2026-09-15T22:05:06.904Z,POL,1.0594,125.8,0.0924,1347.199701
2026-09-15T22:05:06.904Z,DOGE,0.8265,108.3,0.07973,1347.199701
2026-09-15T22:05:06.904Z,TRX,1.2211,453.1,0.33227,1347.199701
2026-09-15T22:05:06.904Z,XLM,2.3499,241.7,0.17529,1347.199701
2026-09-15T22:05:06.904Z,SHIB,1.2475,0.0067,0.000004912,1347.199701
2026-09-15T22:05:06.904Z,BCH,4.2587,301000,214.3,1347.199701
2026-09-15T22:05:06.904Z,UNI,1.3391,8515,6.237,1347.199701
2026-09-15T22:05:06.904Z,AAVE,4.2281,170100,121.14,1347.199701
2026-09-15T22:05:06.904Z,SUSHI,1.5486,281,0.2054,1347.199701
2026-09-15T22:05:06.904Z,LDO,5.4363,474,0.3337,1347.199701
2026-09-15T22:05:06.904Z,ICP,5.9667,3509,2.458,1347.199701
2026-09-15T22:05:06.904Z,NEAR,1.6915,3177,2.319,1347.199701
2026-09-15T22:05:06.904Z,HBAR,1.2155,101.6,0.07451,1347.199701
2026-09-15T22:05:06.904Z,XTZ,16.5972,390.5,0.2486,1347.199701
2026-09-15T22:05:06.904Z,DYDX,0.6494,141.1,0.10406,1347.199701
2026-09-15T22:05:06.904Z,ARB,2.1899,200.2,0.14542,1347.199701
2026-09-15T22:05:06.904Z,GMX,8.13,10200,7.002,1347.199701
2026-09-15T22:05:06.904Z,IMX,2.1699,163.3,0.11864,1347.199701
2026-09-15T22:05:06.904Z,INJ,-17.3413,6020,5.406,1347.199701
2026-09-15T22:05:06.904Z,GRT,0.472,23.2,0.01714,1347.199701
2026-09-15T22:05:06.904Z,SUI,0.7793,925,0.6813,1347.199701
2026-09-15T22:05:06.904Z,HYPE,0.8609,104300,76.759,1347.199701
2026-09-15T22:10:06.945Z,BTC,1.0016,102558000,75371.9,1347.199701
2026-09-15T22:10:06.945Z,ETH,1.0288,3249000,2387.11,1347.199701
2026-09-15T22:10:06.945Z,SOL,1.0735,131700,96.72,1347.199701
2026-09-15T22:10:06.945Z,BNB,1.2106,968500,710.3,1347.199701
2026-09-15T22:10:06.945Z,XRP,1.1542,1745,1.2805,1347.199701
2026-09-15T22:10:06.945Z,ADA,1.6859,265.9,0.1941,1347.199701
2026-09-15T22:10:06.945Z,AVAX,0.4829,9790,7.232,1347.199701
2026-09-15T22:10:06.945Z,DOT,1.2344,1285,0.9422,1347.199701
2026-09-15T22:10:06.945Z,LINK,1.1766,14800,10.858,1347.199701
2026-09-15T22:10:06.945Z,POL,1.2237,125.8,0.09225,1347.199701
2026-09-15T22:10:06.945Z,DOGE,0.9785,108.3,0.07961,1347.199701
2026-09-15T22:10:06.945Z,TRX,1.215,453.1,0.33229,1347.199701
2026-09-15T22:10:06.945Z,XLM,2.5706,242,0.17513,1347.199701
2026-09-15T22:10:06.945Z,SHIB,1.3094,0.0067,0.000004909,1347.199701
2026-09-15T22:10:06.945Z,BCH,4.2587,301000,214.3,1347.199701
2026-09-15T22:10:06.945Z,UNI,1.4204,8515,6.232,1347.199701
2026-09-15T22:10:06.945Z,AAVE,4.5994,170100,120.71,1347.199701
2026-09-15T22:10:06.945Z,SUSHI,1.6971,281,0.2051,1347.199701
2026-09-15T22:10:06.945Z,LDO,5.5312,474,0.3334,1347.199701
2026-09-15T22:10:06.945Z,ICP,6.1394,3509,2.454,1347.199701
2026-09-15T22:10:06.945Z,NEAR,1.8672,3177,2.315,1347.199701
2026-09-15T22:10:06.945Z,HBAR,1.1066,101.3,0.07437,1347.199701
2026-09-15T22:10:06.945Z,XTZ,16.7851,390.5,0.2482,1347.199701
2026-09-15T22:10:06.945Z,DYDX,0.7656,141.1,0.10394,1347.199701
2026-09-15T22:10:06.945Z,ARB,2.3377,200.2,0.14521,1347.199701
2026-09-15T22:10:06.945Z,GMX,8.0991,10200,7.004,1347.199701
2026-09-15T22:10:06.945Z,IMX,2.3597,163.3,0.11842,1347.199701
2026-09-15T22:10:06.945Z,INJ,-17.2188,6020,5.398,1347.199701
2026-09-15T22:10:06.945Z,GRT,0.6482,23.2,0.01711,1347.199701
2026-09-15T22:10:06.945Z,SUI,0.9868,925,0.6799,1347.199701
2026-09-15T22:10:06.945Z,HYPE,1.0637,104300,76.605,1347.199701
2026-09-15T22:15:07.108Z,BTC,0.8501,102380000,75354.1,1347.199701
2026-09-15T22:15:07.108Z,ETH,0.8935,3245000,2387.37,1347.199701
2026-09-15T22:15:07.108Z,SOL,0.9968,131600,96.72,1347.199701
2026-09-15T22:15:07.108Z,BNB,1.2533,968500,710,1347.199701
2026-09-15T22:15:07.108Z,XRP,1.1384,1745,1.2807,1347.199701
2026-09-15T22:15:07.108Z,ADA,1.5571,265.7,0.1942,1347.199701
2026-09-15T22:15:07.108Z,AVAX,0.4274,9790,7.236,1347.199701
2026-09-15T22:15:07.108Z,DOT,0.3316,1273,0.9418,1347.199701
2026-09-15T22:15:07.108Z,LINK,1.2418,14800,10.851,1347.199701
2026-09-15T22:15:07.108Z,POL,1.2127,125.8,0.09226,1347.199701
2026-09-15T22:15:07.108Z,DOGE,1.0292,108.3,0.07957,1347.199701
2026-09-15T22:15:07.108Z,TRX,1.1845,453.1,0.33239,1347.199701
2026-09-15T22:15:07.108Z,XLM,2.4711,242,0.1753,1347.199701
2026-09-15T22:15:07.108Z,SHIB,1.3507,0.0067,0.000004907,1347.199701
2026-09-15T22:15:07.108Z,BCH,4.2587,301000,214.3,1347.199701
2026-09-15T22:15:07.108Z,UNI,1.3391,8515,6.237,1347.199701
2026-09-15T22:15:07.108Z,AAVE,4.5214,170100,120.8,1347.199701
2026-09-15T22:15:07.108Z,SUSHI,1.6476,281,0.2052,1347.199701
2026-09-15T22:15:07.108Z,LDO,5.4047,474,0.3338,1347.199701
2026-09-15T22:15:07.108Z,ICP,6.1827,3509,2.453,1347.199701
2026-09-15T22:15:07.108Z,NEAR,1.9112,3177,2.314,1347.199701
2026-09-15T22:15:07.108Z,HBAR,0.0895,100.2,0.07431,1347.199701
2026-09-15T22:15:07.108Z,XTZ,16.5972,390.5,0.2486,1347.199701
2026-09-15T22:15:07.108Z,DYDX,0.6397,141.1,0.10407,1347.199701
2026-09-15T22:15:07.108Z,ARB,1.4089,200.2,0.14654,1347.199701
2026-09-15T22:15:07.108Z,GMX,8.2072,10200,6.997,1347.199701
2026-09-15T22:15:07.108Z,IMX,2.2993,163.3,0.11849,1347.199701
2026-09-15T22:15:07.108Z,INJ,-17.2954,6020,5.403,1347.199701
2026-09-15T22:15:07.108Z,GRT,0.5894,23.2,0.01712,1347.199701
2026-09-15T22:15:07.108Z,SUI,0.972,925,0.68,1347.199701
2026-09-15T22:15:07.108Z,HYPE,0.7839,104200,76.744,1347.199701
2026-09-15T22:20:06.916Z,BTC,0.8332,102162000,75206.2,1347.199701
2026-09-15T22:20:06.916Z,ETH,0.8954,3239000,2382.91,1347.199701
2026-09-15T22:20:06.916Z,SOL,0.9403,131200,96.48,1347.199701
2026-09-15T22:20:06.916Z,BNB,1.4104,968500,708.9,1347.199701
2026-09-15T22:20:06.916Z,XRP,1.0142,1740,1.2786,1347.199701
2026-09-15T22:20:06.916Z,ADA,1.2201,264,0.1936,1347.199701
2026-09-15T22:20:06.916Z,AVAX,0.7197,9790,7.215,1347.199701
2026-09-15T22:20:06.916Z,DOT,0.3956,1273,0.9412,1347.199701
2026-09-15T22:20:06.916Z,LINK,1.5131,14800,10.822,1347.199701
2026-09-15T22:20:06.916Z,POL,1.3776,125.8,0.09211,1347.199701
2026-09-15T22:20:06.916Z,DOGE,0.9016,108,0.07945,1347.199701
2026-09-15T22:20:06.916Z,TRX,1.0728,452.3,0.33217,1347.199701
2026-09-15T22:20:06.916Z,XLM,1.845,240,0.17492,1347.199701
2026-09-15T22:20:06.916Z,SHIB,1.3507,0.0067,0.000004907,1347.199701
2026-09-15T22:20:06.916Z,BCH,4.4049,301000,214,1347.199701
2026-09-15T22:20:06.916Z,UNI,1.5997,8515,6.221,1347.199701
2026-09-15T22:20:06.916Z,AAVE,1.055,164200,120.61,1347.199701
2026-09-15T22:20:06.916Z,SUSHI,1.8461,281,0.2048,1347.199701
2026-09-15T22:20:06.916Z,LDO,5.4363,474,0.3337,1347.199701
2026-09-15T22:20:06.916Z,ICP,6.226,3509,2.452,1347.199701
2026-09-15T22:20:06.916Z,NEAR,1.9994,3177,2.312,1347.199701
2026-09-15T22:20:06.916Z,HBAR,0.319,100.2,0.07414,1347.199701
2026-09-15T22:20:06.916Z,XTZ,16.8321,390.5,0.2481,1347.199701
2026-09-15T22:20:06.916Z,DYDX,0.7559,141.1,0.10395,1347.199701
2026-09-15T22:20:06.916Z,ARB,1.4366,200.2,0.1465,1347.199701
2026-09-15T22:20:06.916Z,GMX,8.3466,10200,6.988,1347.199701
2026-09-15T22:20:06.916Z,IMX,2.6632,163.3,0.11807,1347.199701
2026-09-15T22:20:06.916Z,INJ,-17.2035,6020,5.397,1347.199701
2026-09-15T22:20:06.916Z,GRT,0.884,23.2,0.01707,1347.199701
2026-09-15T22:20:06.916Z,SUI,0.9282,921.2,0.6775,1347.199701
2026-09-15T22:20:06.916Z,HYPE,0.9102,104200,76.648,1347.199701
2026-09-15T22:25:06.919Z,BTC,0.5822,101898000,75199.1,1347.199701
2026-09-15T22:25:06.919Z,ETH,0.7708,3235000,2382.91,1347.199701
2026-09-15T22:25:06.919Z,SOL,0.8947,131100,96.45,1347.199701
2026-09-15T22:25:06.919Z,BNB,1.3533,968500,709.3,1347.199701
2026-09-15T22:25:06.919Z,XRP,0.9664,1737,1.277,1347.199701
2026-09-15T22:25:06.919Z,ADA,1.0667,263.6,0.1936,1347.199701
2026-09-15T22:25:06.919Z,AVAX,0.7616,9790,7.212,1347.199701
2026-09-15T22:25:06.919Z,DOT,0.4917,1273,0.9403,1347.199701
2026-09-15T22:25:06.919Z,LINK,1.5413,14800,10.819,1347.199701
2026-09-15T22:25:06.919Z,POL,1.4767,125.8,0.09202,1347.199701
2026-09-15T22:25:06.919Z,DOGE,0.9397,108,0.07942,1347.199701
2026-09-15T22:25:06.919Z,TRX,1.0413,452.2,0.3322,1347.199701
2026-09-15T22:25:06.919Z,XLM,1.8916,240,0.17484,1347.199701
2026-09-15T22:25:06.919Z,SHIB,1.3301,0.0067,0.000004908,1347.199701
2026-09-15T22:25:06.919Z,BCH,4.2587,301000,214.3,1347.199701
2026-09-15T22:25:06.919Z,UNI,1.5997,8515,6.221,1347.199701
2026-09-15T22:25:06.919Z,AAVE,1.0634,164200,120.6,1347.199701
2026-09-15T22:25:06.919Z,SUSHI,1.6971,281,0.2051,1347.199701
2026-09-15T22:25:06.919Z,LDO,5.4047,474,0.3338,1347.199701
2026-09-15T22:25:06.919Z,ICP,6.226,3509,2.452,1347.199701
2026-09-15T22:25:06.919Z,NEAR,2.1319,3177,2.309,1347.199701
2026-09-15T22:25:06.919Z,HBAR,0.4138,100.2,0.07407,1347.199701
2026-09-15T22:25:06.919Z,XTZ,17.0208,390.5,0.2477,1347.199701
2026-09-15T22:25:06.919Z,DYDX,0.7753,141.1,0.10393,1347.199701
2026-09-15T22:25:06.919Z,ARB,1.0572,200.2,0.14705,1347.199701
2026-09-15T22:25:06.919Z,GMX,8.3931,10200,6.985,1347.199701
2026-09-15T22:25:06.919Z,IMX,2.8286,163.3,0.11788,1347.199701
2026-09-15T22:25:06.919Z,INJ,-17.0344,6020,5.386,1347.199701
2026-09-15T22:25:06.919Z,GRT,0.884,23.2,0.01707,1347.199701
2026-09-15T22:25:06.919Z,SUI,1.0826,922.2,0.6772,1347.199701
2026-09-15T22:25:06.919Z,HYPE,1.1993,104200,76.429,1347.199701
2026-09-15T22:30:06.524Z,BTC,0.7385,102417000,75464.8,1347.199701
2026-09-15T22:30:06.524Z,ETH,0.8846,3252000,2392.73,1347.199701
2026-09-15T22:30:06.524Z,SOL,0.9551,131600,96.76,1347.199701
2026-09-15T22:30:06.524Z,BNB,0.7694,965500,711.2,1347.199701
2026-09-15T22:30:06.524Z,XRP,0.933,1742,1.2811,1347.199701
2026-09-15T22:30:06.524Z,ADA,1.109,264.8,0.1944,1347.199701
2026-09-15T22:30:06.524Z,AVAX,0.3442,9790,7.242,1347.199701
2026-09-15T22:30:06.524Z,DOT,0.1933,1273,0.9431,1347.199701
2026-09-15T22:30:06.524Z,LINK,0.7385,14740,10.861,1347.199701
2026-09-15T22:30:06.524Z,POL,1.0157,125.8,0.09244,1347.199701
2026-09-15T22:30:06.524Z,DOGE,0.8988,108.5,0.07982,1347.199701
2026-09-15T22:30:06.524Z,TRX,0.9562,452.2,0.33248,1347.199701
2026-09-15T22:30:06.524Z,XLM,1.5432,240,0.17544,1347.199701
2026-09-15T22:30:06.524Z,SHIB,0.8779,0.0067,0.00000493,1347.199701
2026-09-15T22:30:06.524Z,BCH,3.9193,301000,215,1347.199701
2026-09-15T22:30:06.524Z,UNI,0.6382,8490,6.262,1347.199701
2026-09-15T22:30:06.524Z,AAVE,0.5299,164200,121.24,1347.199701
2026-09-15T22:30:06.524Z,SUSHI,1.302,281,0.2059,1347.199701
2026-09-15T22:30:06.524Z,LDO,4.8706,474,0.3355,1347.199701
2026-09-15T22:30:06.524Z,ICP,5.7087,3509,2.464,1347.199701
2026-09-15T22:30:06.524Z,NEAR,1.6038,3177,2.321,1347.199701
2026-09-15T22:30:06.524Z,HBAR,0.1086,100.3,0.07437,1347.199701
2026-09-15T22:30:06.524Z,XTZ,16.2698,390.5,0.2493,1347.199701
2026-09-15T22:30:06.524Z,DYDX,0.216,141.1,0.10451,1347.199701
2026-09-15T22:30:06.524Z,ARB,0.5394,202.1,0.14921,1347.199701
2026-09-15T22:30:06.524Z,GMX,7.8681,10200,7.019,1347.199701
2026-09-15T22:30:06.524Z,IMX,2.2561,163.3,0.11854,1347.199701
2026-09-15T22:30:06.524Z,INJ,-17.5396,6020,5.419,1347.199701
2026-09-15T22:30:06.524Z,GRT,0.4134,23.2,0.01715,1347.199701
2026-09-15T22:30:06.524Z,SUI,0.5037,922.2,0.6811,1347.199701
2026-09-15T22:30:06.524Z,HYPE,0.7322,104000,76.636,1347.199701
2026-09-15T22:35:06.902Z,BTC,0.6443,102466000,75571.6,1347.199701
2026-09-15T22:35:06.902Z,ETH,0.7245,3253000,2397.27,1347.199701
2026-09-15T22:35:06.902Z,SOL,0.8054,131500,96.83,1347.199701
2026-09-15T22:35:06.902Z,BNB,0.5855,965500,712.5,1347.199701
2026-09-15T22:35:06.902Z,XRP,0.9964,1745,1.2825,1347.199701
2026-09-15T22:35:06.902Z,ADA,0.7979,264.8,0.195,1347.199701
2026-09-15T22:35:06.902Z,AVAX,2.2848,10000,7.257,1347.199701
2026-09-15T22:35:06.902Z,DOT,-0.0927,1273,0.9458,1347.199701
2026-09-15T22:35:06.902Z,LINK,0.7522,14780,10.889,1347.199701
2026-09-15T22:35:06.902Z,POL,0.9501,125.8,0.0925,1347.199701
2026-09-15T22:35:06.902Z,DOGE,0.7473,108.5,0.07994,1347.199701
2026-09-15T22:35:06.902Z,TRX,0.9319,452.2,0.33256,1347.199701
2026-09-15T22:35:06.902Z,XLM,1.618,240.3,0.17553,1347.199701
2026-09-15T22:35:06.902Z,SHIB,0.6533,0.0067,0.000004941,1347.199701
2026-09-15T22:35:06.902Z,BCH,3.7263,301000,215.4,1347.199701
2026-09-15T22:35:06.902Z,UNI,0.1106,8490,6.295,1347.199701
2026-09-15T22:35:06.902Z,AAVE,0.1993,164200,121.64,1347.199701
2026-09-15T22:35:06.902Z,SUSHI,1.2037,281,0.2061,1347.199701
2026-09-15T22:35:06.902Z,LDO,4.4038,474,0.337,1347.199701
2026-09-15T22:35:06.902Z,ICP,5.4519,3509,2.47,1347.199701
2026-09-15T22:35:06.902Z,NEAR,1.429,3177,2.325,1347.199701
2026-09-15T22:35:06.902Z,HBAR,0.0144,100.3,0.07444,1347.199701
2026-09-15T22:35:06.902Z,XTZ,16.0835,390.5,0.2497,1347.199701
2026-09-15T22:35:06.902Z,DYDX,0.0342,141.1,0.1047,1347.199701
2026-09-15T22:35:06.902Z,ARB,-0.3621,202.1,0.15056,1347.199701
2026-09-15T22:35:06.902Z,GMX,7.6075,10200,7.036,1347.199701
2026-09-15T22:35:06.902Z,IMX,2.2044,163.3,0.1186,1347.199701
2026-09-15T22:35:06.902Z,INJ,-17.5548,6020,5.42,1347.199701
2026-09-15T22:35:06.902Z,GRT,0.1798,23.2,0.01719,1347.199701
2026-09-15T22:35:06.902Z,SUI,0.2388,922.2,0.6829,1347.199701
2026-09-15T22:35:06.902Z,HYPE,0.7026,104200,76.806,1347.199701
2026-09-15T22:40:06.880Z,BTC,0.7356,102590000,75594.5,1347.199701
2026-09-15T22:40:06.880Z,ETH,0.832,3257000,2397.66,1347.199701
2026-09-15T22:40:06.880Z,SOL,0.9483,131700,96.84,1347.199701
2026-09-15T22:40:06.880Z,BNB,0.5573,965500,712.7,1347.199701
2026-09-15T22:40:06.880Z,XRP,1.0228,1746,1.2829,1347.199701
2026-09-15T22:40:06.880Z,ADA,2.0826,267.9,0.1948,1347.199701
2026-09-15T22:40:06.880Z,AVAX,2.3129,10000,7.255,1347.199701
2026-09-15T22:40:06.880Z,DOT,0.066,1273,0.9443,1347.199701
2026-09-15T22:40:06.880Z,LINK,0.7522,14780,10.889,1347.199701
2026-09-15T22:40:06.880Z,POL,1.0375,125.8,0.09242,1347.199701
2026-09-15T22:40:06.880Z,DOGE,1.0133,108.8,0.07995,1347.199701
2026-09-15T22:40:06.880Z,TRX,0.9107,452.2,0.33263,1347.199701
2026-09-15T22:40:06.880Z,XLM,1.3408,240.3,0.17601,1347.199701
2026-09-15T22:40:06.880Z,SHIB,0.7552,0.0067,0.000004936,1347.199701
2026-09-15T22:40:06.880Z,BCH,3.582,301000,215.7,1347.199701
2026-09-15T22:40:06.880Z,UNI,-0.3012,8490,6.321,1347.199701
2026-09-15T22:40:06.880Z,AAVE,-0.1782,164200,122.1,1347.199701
2026-09-15T22:40:06.880Z,SUSHI,1.1546,281,0.2062,1347.199701
2026-09-15T22:40:06.880Z,LDO,4.5901,474,0.3364,1347.199701
2026-09-15T22:40:06.880Z,ICP,5.324,3509,2.473,1347.199701
2026-09-15T22:40:06.880Z,NEAR,1.3854,3177,2.326,1347.199701
2026-09-15T22:40:06.880Z,HBAR,0.0413,100.3,0.07442,1347.199701
2026-09-15T22:40:06.880Z,XTZ,16.13,390.5,0.2496,1347.199701
2026-09-15T22:40:06.880Z,DYDX,0.2064,141.1,0.10452,1347.199701
2026-09-15T22:40:06.880Z,ARB,0.0833,202.1,0.14989,1347.199701
2026-09-15T22:40:06.880Z,GMX,7.684,10200,7.031,1347.199701
2026-09-15T22:40:06.880Z,IMX,2.2044,163.3,0.1186,1347.199701
2026-09-15T22:40:06.880Z,INJ,-17.5852,6020,5.422,1347.199701
2026-09-15T22:40:06.880Z,GRT,0.1215,23.2,0.0172,1347.199701
2026-09-15T22:40:06.880Z,SUI,0.1802,922.2,0.6833,1347.199701
2026-09-15T22:40:06.880Z,HYPE,0.6423,104200,76.852,1347.199701
2026-09-15T22:45:07.081Z,BTC,0.7046,102523000,75568.4,1347.199701
2026-09-15T22:45:07.081Z,ETH,0.895,3255000,2394.69,1347.199701
2026-09-15T22:45:07.081Z,SOL,0.6664,131400,96.89,1347.199701
2026-09-15T22:45:07.081Z,BNB,0.5855,965500,712.5,1347.199701
2026-09-15T22:45:07.081Z,XRP,0.9335,1745,1.2833,1347.199701
2026-09-15T22:45:07.081Z,ADA,2.1875,267.9,0.1946,1347.199701
2026-09-15T22:45:07.081Z,AVAX,2.3412,10000,7.253,1347.199701
2026-09-15T22:45:07.081Z,DOT,0.1614,1273,0.9434,1347.199701
2026-09-15T22:45:07.081Z,LINK,0.919,14780,10.871,1347.199701
2026-09-15T22:45:07.081Z,POL,1.0047,125.8,0.09245,1347.199701
2026-09-15T22:45:07.081Z,DOGE,1.0638,108.8,0.07991,1347.199701
2026-09-15T22:45:07.081Z,TRX,0.938,452.2,0.33254,1347.199701
2026-09-15T22:45:07.081Z,XLM,1.2373,240.3,0.17619,1347.199701
2026-09-15T22:45:07.081Z,SHIB,0.7348,0.0067,0.000004937,1347.199701
2026-09-15T22:45:07.081Z,BCH,3.6301,301000,215.6,1347.199701
2026-09-15T22:45:07.081Z,UNI,-0.3327,8490,6.323,1347.199701
2026-09-15T22:45:07.081Z,AAVE,-0.0144,164200,121.9,1347.199701
2026-09-15T22:45:07.081Z,SUSHI,1.1056,281,0.2063,1347.199701
2026-09-15T22:45:07.081Z,LDO,4.6834,474,0.3361,1347.199701
2026-09-15T22:45:07.081Z,ICP,5.3666,3509,2.472,1347.199701
2026-09-15T22:45:07.081Z,NEAR,1.4727,3177,2.324,1347.199701
2026-09-15T22:45:07.081Z,HBAR,0.1489,100.3,0.07434,1347.199701
2026-09-15T22:45:07.081Z,XTZ,15.9906,390.5,0.2499,1347.199701
2026-09-15T22:45:07.081Z,DYDX,0.3312,141.1,0.10439,1347.199701
2026-09-15T22:45:07.081Z,ARB,-0.1631,202.1,0.15026,1347.199701
2026-09-15T22:45:07.081Z,GMX,7.5922,10200,7.037,1347.199701
2026-09-15T22:45:07.081Z,IMX,2.2647,163.3,0.11853,1347.199701
2026-09-15T22:45:07.081Z,INJ,-17.5244,6020,5.418,1347.199701
2026-09-15T22:45:07.081Z,GRT,0.2381,23.2,0.01718,1347.199701
2026-09-15T22:45:07.081Z,SUI,0.2388,922.2,0.6829,1347.199701
2026-09-15T22:45:07.081Z,HYPE,0.7485,104200,76.771,1347.199701
2026-09-15T22:50:06.903Z,BTC,0.7366,102700000,75674.8,1347.199701
2026-09-15T22:50:06.903Z,ETH,0.7591,3255000,2397.92,1347.199701
2026-09-15T22:50:06.903Z,SOL,0.9073,132000,97.1,1347.199701
2026-09-15T22:50:06.903Z,BNB,0.4023,965500,713.8,1347.199701
2026-09-15T22:50:06.903Z,XRP,0.8057,1747,1.2864,1347.199701
2026-09-15T22:50:06.903Z,ADA,1.8213,267.9,0.1953,1347.199701
2026-09-15T22:50:06.903Z,AVAX,2.0457,10000,7.274,1347.199701
2026-09-15T22:50:06.903Z,DOT,0.0872,1273,0.9441,1347.199701
2026-09-15T22:50:06.903Z,LINK,0.7429,14780,10.89,1347.199701
2026-09-15T22:50:06.903Z,POL,0.8193,125.8,0.09262,1347.199701
2026-09-15T22:50:06.903Z,DOGE,0.879,108.9,0.08013,1347.199701
2026-09-15T22:50:06.903Z,TRX,0.8349,452.2,0.33288,1347.199701
2026-09-15T22:50:06.903Z,XLM,1.0538,240.3,0.17651,1347.199701
2026-09-15T22:50:06.903Z,SHIB,0.5109,0.0067,0.000004948,1347.199701
2026-09-15T22:50:06.903Z,BCH,3.2947,301000,216.3,1347.199701
2026-09-15T22:50:06.903Z,UNI,-0.5686,8490,6.338,1347.199701
2026-09-15T22:50:06.903Z,AAVE,-0.1127,164200,122.02,1347.199701
2026-09-15T22:50:06.903Z,SUSHI,0.8611,281,0.2068,1347.199701
2026-09-15T22:50:06.903Z,LDO,4.5279,474,0.3366,1347.199701
2026-09-15T22:50:06.903Z,ICP,5.4092,3509,2.471,1347.199701
2026-09-15T22:50:06.903Z,NEAR,1.2114,3177,2.33,1347.199701
2026-09-15T22:50:06.903Z,HBAR,0.0413,100.3,0.07442,1347.199701
2026-09-15T22:50:06.903Z,XTZ,15.9906,390.5,0.2499,1347.199701
2026-09-15T22:50:06.903Z,DYDX,-0.128,141.1,0.10487,1347.199701
2026-09-15T22:50:06.903Z,ARB,0.4452,202.1,0.14935,1347.199701
2026-09-15T22:50:06.903Z,GMX,7.3329,10200,7.054,1347.199701
2026-09-15T22:50:06.903Z,IMX,2.0323,163.3,0.1188,1347.199701
2026-09-15T22:50:06.903Z,INJ,-17.6004,6020,5.423,1347.199701
2026-09-15T22:50:06.903Z,GRT,-0.1108,23.2,0.01724,1347.199701
2026-09-15T22:50:06.903Z,SUI,0.0045,922.2,0.6845,1347.199701
2026-09-15T22:50:06.903Z,HYPE,0.586,104200,76.895,1347.199701
2026-09-15T22:55:06.518Z,BTC,0.7541,102762000,75707.3,1347.199701
2026-09-15T22:55:06.518Z,ETH,0.8582,3261000,2399.98,1347.199701
2026-09-15T22:55:06.518Z,SOL,0.8695,132100,97.21,1347.199701
2026-09-15T22:55:06.518Z,BNB,0.4023,965500,713.8,1347.199701
2026-09-15T22:55:06.518Z,XRP,0.9294,1752,1.2885,1347.199701
2026-09-15T22:55:06.518Z,ADA,1.7171,267.9,0.1955,1347.199701
2026-09-15T22:55:06.518Z,AVAX,1.8637,10000,7.287,1347.199701
2026-09-15T22:55:06.518Z,DOT,-0.1561,1273,0.9464,1347.199701
2026-09-15T22:55:06.518Z,LINK,0.549,14780,10.911,1347.199701
2026-09-15T22:55:06.518Z,POL,0.6889,125.8,0.09274,1347.199701
2026-09-15T22:55:06.518Z,DOGE,0.7031,108.9,0.08027,1347.199701
2026-09-15T22:55:06.518Z,TRX,0.7895,452.2,0.33303,1347.199701
2026-09-15T22:55:06.518Z,XLM,0.9394,240.3,0.17671,1347.199701
2026-09-15T22:55:06.518Z,SHIB,0.3284,0.0067,0.000004957,1347.199701
2026-09-15T22:55:06.518Z,BCH,3.0565,301000,216.8,1347.199701
2026-09-15T22:55:06.518Z,UNI,-0.8502,8490,6.356,1347.199701
2026-09-15T22:55:06.518Z,AAVE,-0.2762,164200,122.22,1347.199701
2026-09-15T22:55:06.518Z,SUSHI,0.5693,281,0.2074,1347.199701
2026-09-15T22:55:06.518Z,LDO,4.4038,474,0.337,1347.199701
2026-09-15T22:55:06.518Z,ICP,5.4092,3509,2.471,1347.199701
2026-09-15T22:55:06.518Z,NEAR,0.9514,3177,2.336,1347.199701
2026-09-15T22:55:06.518Z,HBAR,0.0144,100.3,0.07444,1347.199701
2026-09-15T22:55:06.518Z,XTZ,15.9906,390.5,0.2499,1347.199701
2026-09-15T22:55:06.518Z,DYDX,-0.2801,141.1,0.10503,1347.199701
2026-09-15T22:55:06.518Z,ARB,-0.2693,202.1,0.15042,1347.199701
2026-09-15T22:55:06.518Z,GMX,7.1506,10200,7.066,1347.199701
2026-09-15T22:55:06.518Z,IMX,1.8608,163.3,0.119,1347.199701
2026-09-15T22:55:06.518Z,INJ,-17.8579,6020,5.44,1347.199701
2026-09-15T22:55:06.518Z,GRT,-0.1108,23.2,0.01724,1347.199701
2026-09-15T22:55:06.518Z,SUI,-0.2287,922.2,0.6861,1347.199701
2026-09-15T22:55:06.518Z,HYPE,0.1346,103700,76.871,1347.199701
2026-09-15T23:00:07.051Z,BTC,0.7776,102680000,75629.3,1347.199701
2026-09-15T23:00:07.051Z,ETH,0.8337,3254000,2395.41,1347.199701
2026-09-15T23:00:07.051Z,SOL,0.862,131900,97.07,1347.199701
2026-09-15T23:00:07.051Z,BNB,0.515,965500,713,1347.199701
2026-09-15T23:00:07.051Z,XRP,0.9031,1751,1.2881,1347.199701
2026-09-15T23:00:07.051Z,ADA,1.8734,267.9,0.1952,1347.199701
2026-09-15T23:00:07.051Z,AVAX,2.0457,10000,7.274,1347.199701
2026-09-15T23:00:07.051Z,DOT,-0.0187,1273,0.9451,1347.199701
2026-09-15T23:00:07.051Z,LINK,0.6967,14780,10.895,1347.199701
2026-09-15T23:00:07.051Z,POL,0.7758,125.8,0.09266,1347.199701
2026-09-15T23:00:07.051Z,DOGE,0.8538,108.9,0.08015,1347.199701
2026-09-15T23:00:07.051Z,TRX,0.7925,452.2,0.33302,1347.199701
2026-09-15T23:00:07.051Z,XLM,1.1397,240.3,0.17636,1347.199701
2026-09-15T23:00:07.051Z,SHIB,1.9904,0.0068,0.000004949,1347.199701
2026-09-15T23:00:07.051Z,BCH,3.104,301000,216.7,1347.199701
2026-09-15T23:00:07.051Z,UNI,-0.694,8490,6.346,1347.199701
2026-09-15T23:00:07.051Z,AAVE,-0.17,164200,122.09,1347.199701
2026-09-15T23:00:07.051Z,SUSHI,0.5693,281,0.2074,1347.199701
2026-09-15T23:00:07.051Z,LDO,4.7146,474,0.336,1347.199701
2026-09-15T23:00:07.051Z,ICP,5.2389,3509,2.475,1347.199701
2026-09-15T23:00:07.051Z,NEAR,0.9946,3177,2.335,1347.199701
2026-09-15T23:00:07.051Z,HBAR,0.0682,100.3,0.0744,1347.199701
2026-09-15T23:00:07.051Z,XTZ,16.2231,390.5,0.2494,1347.199701
2026-09-15T23:00:07.051Z,DYDX,-0.2991,141.1,0.10505,1347.199701
2026-09-15T23:00:07.051Z,ARB,-0.3488,202.1,0.15054,1347.199701
2026-09-15T23:00:07.051Z,GMX,7.2872,10200,7.057,1347.199701
2026-09-15T23:00:07.051Z,IMX,1.8951,163.3,0.11896,1347.199701
2026-09-15T23:00:07.051Z,INJ,-17.6308,6020,5.425,1347.199701
2026-09-15T23:00:07.051Z,GRT,-0.1687,23.2,0.01725,1347.199701
2026-09-15T23:00:07.051Z,SUI,-0.0247,922.2,0.6847,1347.199701
2026-09-15T23:00:07.051Z,HYPE,1.0491,104500,76.763,1347.199701
2026-09-15T23:05:07.063Z,BTC,0.7492,102782000,75725.7,1347.199701
2026-09-15T23:05:07.063Z,ETH,0.7192,3258000,2401.08,1347.199701
2026-09-15T23:05:07.063Z,SOL,0.7686,131900,97.16,1347.199701
2026-09-15T23:05:07.063Z,BNB,0.4727,965500,713.3,1347.199701
2026-09-15T23:05:07.063Z,XRP,0.8468,1756,1.2925,1347.199701
2026-09-15T23:05:07.063Z,ADA,1.6651,267.9,0.1956,1347.199701
2026-09-15T23:05:07.063Z,AVAX,1.8357,10000,7.289,1347.199701
2026-09-15T23:05:07.063Z,DOT,-0.1138,1273,0.946,1347.199701
2026-09-15T23:05:07.063Z,LINK,0.4294,14780,10.924,1347.199701
2026-09-15T23:05:07.063Z,POL,0.8847,125.8,0.09256,1347.199701
2026-09-15T23:05:07.063Z,DOGE,0.888,109.1,0.08027,1347.199701
2026-09-15T23:05:07.063Z,TRX,0.7018,452.2,0.33332,1347.199701
2026-09-15T23:05:07.063Z,XLM,0.9337,240.3,0.17672,1347.199701
2026-09-15T23:05:07.063Z,SHIB,1.8258,0.0068,0.000004957,1347.199701
2026-09-15T23:05:07.063Z,BCH,3.0565,301000,216.8,1347.199701
2026-09-15T23:05:07.063Z,UNI,-1.0215,8490,6.367,1347.199701
2026-09-15T23:05:07.063Z,AAVE,-0.5285,164200,122.53,1347.199701
2026-09-15T23:05:07.063Z,SUSHI,0.6179,281,0.2073,1347.199701
2026-09-15T23:05:07.063Z,LDO,4.559,474,0.3365,1347.199701
2026-09-15T23:05:07.063Z,ICP,5.0267,3509,2.48,1347.199701
2026-09-15T23:05:07.063Z,NEAR,0.9514,3177,2.336,1347.199701
2026-09-15T23:05:07.063Z,HBAR,-0.0795,100.3,0.07451,1347.199701
2026-09-15T23:05:07.063Z,XTZ,16.0835,390.5,0.2497,1347.199701
2026-09-15T23:05:07.063Z,DYDX,-0.6961,141.1,0.10547,1347.199701
2026-09-15T23:05:07.063Z,ARB,0.1234,202.1,0.14983,1347.199701
2026-09-15T23:05:07.063Z,GMX,7.2265,10200,7.061,1347.199701
2026-09-15T23:05:07.063Z,IMX,1.8095,163.3,0.11906,1347.199701
2026-09-15T23:05:07.063Z,INJ,-17.7824,6020,5.435,1347.199701
2026-09-15T23:05:07.063Z,GRT,-0.342,23.2,0.01728,1347.199701
2026-09-15T23:05:07.063Z,SUI,-0.2723,922.2,0.6864,1347.199701
2026-09-15T23:05:07.063Z,HYPE,0.921,104600,76.934,1347.199701
2026-09-15T23:10:06.915Z,BTC,0.8552,103011000,75814.7,1347.199701
2026-09-15T23:10:06.915Z,ETH,0.8337,3267000,2404.98,1347.199701
2026-09-15T23:10:06.915Z,SOL,0.7348,132100,97.34,1347.199701
2026-09-15T23:10:06.915Z,BNB,0.3742,965500,714,1347.199701
2026-09-15T23:10:06.915Z,XRP,0.941,1759,1.2935,1347.199701
2026-09-15T23:10:06.915Z,ADA,1.4576,267.9,0.196,1347.199701
2026-09-15T23:10:06.915Z,AVAX,1.7799,10000,7.293,1347.199701
2026-09-15T23:10:06.915Z,DOT,-0.3035,1273,0.9478,1347.199701
2026-09-15T23:10:06.915Z,LINK,0.2642,14780,10.942,1347.199701
2026-09-15T23:10:06.915Z,POL,0.8956,125.8,0.09255,1347.199701
2026-09-15T23:10:06.915Z,DOGE,0.8548,109.2,0.08037,1347.199701
2026-09-15T23:10:06.915Z,TRX,0.7562,452.2,0.33314,1347.199701
2026-09-15T23:10:06.915Z,XLM,0.8766,240.3,0.17682,1347.199701
2026-09-15T23:10:06.915Z,SHIB,0.1264,0.0067,0.000004967,1347.199701
2026-09-15T23:10:06.915Z,BCH,2.9141,301000,217.1,1347.199701
2026-09-15T23:10:06.915Z,UNI,-0.9281,8490,6.361,1347.199701
2026-09-15T23:10:06.915Z,AAVE,-0.7634,164200,122.82,1347.199701
2026-09-15T23:10:06.915Z,SUSHI,0.3275,281,0.2079,1347.199701
2026-09-15T23:10:06.915Z,LDO,4.4038,474,0.337,1347.199701
2026-09-15T23:10:06.915Z,ICP,4.9421,3509,2.482,1347.199701
2026-09-15T23:10:06.915Z,NEAR,0.6928,3177,2.342,1347.199701
2026-09-15T23:10:06.915Z,HBAR,-0.2669,100.3,0.07465,1347.199701
2026-09-15T23:10:06.915Z,XTZ,16.13,390.5,0.2496,1347.199701
2026-09-15T23:10:06.915Z,DYDX,-1.2206,141.1,0.10603,1347.199701
2026-09-15T23:10:06.915Z,ARB,0.0033,202.1,0.15001,1347.199701
2026-09-15T23:10:06.915Z,GMX,7.3481,10200,7.053,1347.199701
2026-09-15T23:10:06.915Z,IMX,1.7411,163.3,0.11914,1347.199701
2026-09-15T23:10:06.915Z,INJ,-18.1438,6020,5.459,1347.199701
2026-09-15T23:10:06.915Z,GRT,-0.342,23.2,0.01728,1347.199701
2026-09-15T23:10:06.915Z,SUI,-0.3884,922.2,0.6872,1347.199701
2026-09-15T23:10:06.915Z,HYPE,0.9361,104700,76.996,1347.199701
2026-09-15T23:15:07.196Z,BTC,0.8728,103105000,75870.6,1347.199701
2026-09-15T23:15:07.196Z,ETH,0.6851,3267000,2408.53,1347.199701
2026-09-15T23:15:07.196Z,SOL,0.6766,132200,97.47,1347.199701
2026-09-15T23:15:07.196Z,BNB,0.2338,965500,715,1347.199701
2026-09-15T23:15:07.196Z,XRP,0.8714,1762,1.2966,1347.199701
2026-09-15T23:15:07.196Z,ADA,1.0966,267.9,0.1967,1347.199701
2026-09-15T23:15:07.196Z,AVAX,1.6127,10000,7.305,1347.199701
2026-09-15T23:15:07.196Z,DOT,-0.5344,1273,0.95,1347.199701
2026-09-15T23:15:07.196Z,LINK,-0.0737,14780,10.979,1347.199701
2026-09-15T23:15:07.196Z,POL,0.7106,125.8,0.09272,1347.199701
2026-09-15T23:15:07.196Z,DOGE,0.7762,109.4,0.08058,1347.199701
2026-09-15T23:15:07.196Z,TRX,0.6746,452.2,0.33341,1347.199701
2026-09-15T23:15:07.196Z,XLM,1.4866,242.3,0.17722,1347.199701
2026-09-15T23:15:07.196Z,SHIB,-0.0748,0.0067,0.000004977,1347.199701
2026-09-15T23:15:07.196Z,BCH,7.2031,314700,217.9,1347.199701
2026-09-15T23:15:07.196Z,UNI,-1.7621,8490,6.415,1347.199701
2026-09-15T23:15:07.196Z,AAVE,-1.1497,164200,123.3,1347.199701
2026-09-15T23:15:07.196Z,SUSHI,-0.0571,281,0.2087,1347.199701
2026-09-15T23:15:07.196Z,LDO,4.1258,474,0.3379,1347.199701
2026-09-15T23:15:07.196Z,ICP,4.689,3509,2.488,1347.199701
2026-09-15T23:15:07.196Z,NEAR,0.6069,3177,2.344,1347.199701
2026-09-15T23:15:07.196Z,HBAR,-0.4802,100.3,0.07481,1347.199701
2026-09-15T23:15:07.196Z,XTZ,15.9906,390.5,0.2499,1347.199701
2026-09-15T23:15:07.196Z,DYDX,-1.4808,141.1,0.10631,1347.199701
2026-09-15T23:15:07.196Z,ARB,-0.3554,202.1,0.15055,1347.199701
2026-09-15T23:15:07.196Z,GMX,7.1354,10200,7.067,1347.199701
2026-09-15T23:15:07.196Z,IMX,1.3922,163.3,0.11955,1347.199701
2026-09-15T23:15:07.196Z,INJ,-18.2786,6020,5.468,1347.199701
2026-09-15T23:15:07.196Z,GRT,-0.6868,23.2,0.01734,1347.199701
2026-09-15T23:15:07.196Z,SUI,-0.7063,922.2,0.6894,1347.199701
2026-09-15T23:15:07.196Z,HYPE,0.9212,105000,77.228,1347.199701
2026-09-15T23:20:06.910Z,BTC,0.886,103155000,75897.5,1347.199701
2026-09-15T23:20:06.910Z,ETH,0.9486,3278000,2410.33,1347.199701
2026-09-15T23:20:06.910Z,SOL,0.7256,132400,97.57,1347.199701
2026-09-15T23:20:06.910Z,BNB,0.2478,965500,714.9,1347.199701
2026-09-15T23:20:06.910Z,XRP,1.056,1764,1.2957,1347.199701
2026-09-15T23:20:06.910Z,ADA,1.0966,267.9,0.1967,1347.199701
2026-09-15T23:20:06.910Z,AVAX,1.6127,10000,7.305,1347.199701
2026-09-15T23:20:06.910Z,DOT,-0.503,1273,0.9497,1347.199701
2026-09-15T23:20:06.910Z,LINK,-0.0282,14780,10.974,1347.199701
2026-09-15T23:20:06.910Z,POL,0.375,125.8,0.09303,1347.199701
2026-09-15T23:20:06.910Z,DOGE,1.1028,109.7,0.08054,1347.199701
2026-09-15T23:20:06.910Z,TRX,0.7078,452.2,0.3333,1347.199701
2026-09-15T23:20:06.910Z,XLM,1.4067,242,0.17714,1347.199701
2026-09-15T23:20:06.910Z,SHIB,0.0056,0.0067,0.000004973,1347.199701
2026-09-15T23:20:06.910Z,BCH,7.154,314700,218,1347.199701
2026-09-15T23:20:06.910Z,UNI,-1.808,8490,6.418,1347.199701
2026-09-15T23:20:06.910Z,AAVE,-1.1417,164200,123.29,1347.199701
2026-09-15T23:20:06.910Z,SUSHI,-0.296,281,0.2092,1347.199701
2026-09-15T23:20:06.910Z,LDO,4.1258,474,0.3379,1347.199701
2026-09-15T23:20:06.910Z,ICP,4.7311,3509,2.487,1347.199701
2026-09-15T23:20:06.910Z,NEAR,0.6498,3177,2.343,1347.199701
2026-09-15T23:20:06.910Z,HBAR,-0.387,100.3,0.07474,1347.199701
2026-09-15T23:20:06.910Z,XTZ,15.5283,390.5,0.2509,1347.199701
2026-09-15T23:20:06.910Z,DYDX,-1.4437,141.1,0.10627,1347.199701
2026-09-15T23:20:06.910Z,ARB,-0.4084,202.1,0.15063,1347.199701
2026-09-15T23:20:06.910Z,GMX,7.1961,10200,7.063,1347.199701
2026-09-15T23:20:06.910Z,IMX,1.3498,163.3,0.1196,1347.199701
2026-09-15T23:20:06.910Z,INJ,-18.3532,6020,5.473,1347.199701
2026-09-15T23:20:06.910Z,GRT,-0.8583,23.2,0.01737,1347.199701
2026-09-15T23:20:06.910Z,SUI,-0.6486,922.2,0.689,1347.199701
2026-09-15T23:20:06.910Z,HYPE,0.8038,105000,77.318,1347.199701
2026-09-15T23:25:06.854Z,BTC,0.9598,103146000,75835.4,1347.199701
2026-09-15T23:25:06.854Z,ETH,0.9757,3277000,2408.95,1347.199701
2026-09-15T23:25:06.854Z,SOL,0.7772,132400,97.52,1347.199701
2026-09-15T23:25:06.854Z,BNB,0.2899,965500,714.6,1347.199701
2026-09-15T23:25:06.854Z,XRP,0.9933,1761,1.2943,1347.199701
2026-09-15T23:25:06.854Z,ADA,1.1995,267.9,0.1965,1347.199701
2026-09-15T23:25:06.854Z,AVAX,1.6266,10000,7.304,1347.199701
2026-09-15T23:25:06.854Z,DOT,-0.3771,1273,0.9485,1347.199701
2026-09-15T23:25:06.854Z,LINK,0.0721,14780,10.963,1347.199701
2026-09-15T23:25:06.854Z,POL,-0.0761,125.8,0.09345,1347.199701
2026-09-15T23:25:06.854Z,DOGE,1.0357,109.6,0.08052,1347.199701
2026-09-15T23:25:06.854Z,TRX,0.732,452.2,0.33322,1347.199701
2026-09-15T23:25:06.854Z,XLM,1.2924,242,0.17734,1347.199701
2026-09-15T23:25:06.854Z,SHIB,0.0458,0.0067,0.000004971,1347.199701
2026-09-15T23:25:06.854Z,BCH,7.0558,314700,218.2,1347.199701
2026-09-15T23:25:06.854Z,UNI,0.9732,8740,6.425,1347.199701
2026-09-15T23:25:06.854Z,AAVE,-1.1497,164200,123.3,1347.199701
2026-09-15T23:25:06.854Z,SUSHI,-0.2483,281,0.2091,1347.199701
2026-09-15T23:25:06.854Z,LDO,4.2183,474,0.3376,1347.199701
2026-09-15T23:25:06.854Z,ICP,4.7732,3509,2.486,1347.199701
2026-09-15T23:25:06.854Z,NEAR,0.8219,3177,2.339,1347.199701
2026-09-15T23:25:06.854Z,HBAR,-0.387,100.3,0.07474,1347.199701
2026-09-15T23:25:06.854Z,XTZ,15.6666,390.5,0.2506,1347.199701
2026-09-15T23:25:06.854Z,DYDX,-1.3509,141.1,0.10617,1347.199701
2026-09-15T23:25:06.854Z,ARB,-1.0978,202.1,0.15168,1347.199701
2026-09-15T23:25:06.854Z,GMX,7.3177,10200,7.055,1347.199701
2026-09-15T23:25:06.854Z,IMX,1.4516,163.3,0.11948,1347.199701
2026-09-15T23:25:06.854Z,INJ,-18.4277,6020,5.478,1347.199701
2026-09-15T23:25:06.854Z,GRT,-0.6295,23.2,0.01733,1347.199701
2026-09-15T23:25:06.854Z,SUI,-0.7782,922.2,0.6899,1347.199701
2026-09-15T23:25:06.854Z,HYPE,0.7308,105000,77.374,1347.199701
2026-09-15T23:30:06.900Z,BTC,0.9956,102952000,75665.9,1347.199701
2026-09-15T23:30:06.900Z,ETH,1.0485,3272000,2403.54,1347.199701
2026-09-15T23:30:06.900Z,SOL,0.9014,132400,97.4,1347.199701
2026-09-15T23:30:06.900Z,BNB,0.4727,965500,713.3,1347.199701
2026-09-15T23:30:06.900Z,XRP,1.1704,1760,1.2913,1347.199701
2026-09-15T23:30:06.900Z,ADA,1.4059,267.9,0.1961,1347.199701
2026-09-15T23:30:06.900Z,AVAX,1.7659,10000,7.294,1347.199701
2026-09-15T23:30:06.900Z,DOT,-0.3771,1273,0.9485,1347.199701
2026-09-15T23:30:06.900Z,LINK,0.4294,14780,10.924,1347.199701
2026-09-15T23:30:06.900Z,POL,0.235,125.8,0.09316,1347.199701
2026-09-15T23:30:06.900Z,DOGE,1.1319,109.5,0.08037,1347.199701
2026-09-15T23:30:06.900Z,TRX,0.7804,452.2,0.33306,1347.199701
2026-09-15T23:30:06.900Z,XLM,1.7565,242.3,0.17675,1347.199701
2026-09-15T23:30:06.900Z,SHIB,0.2475,0.0067,0.000004961,1347.199701
2026-09-15T23:30:06.900Z,BCH,7.4003,314700,217.5,1347.199701
2026-09-15T23:30:06.900Z,UNI,1.6536,8740,6.382,1347.199701
2026-09-15T23:30:06.900Z,AAVE,-0.7957,164200,122.86,1347.199701
2026-09-15T23:30:06.900Z,SUSHI,0.0868,281,0.2084,1347.199701
2026-09-15T23:30:06.900Z,LDO,4.3729,474,0.3371,1347.199701
2026-09-15T23:30:06.900Z,ICP,5.0267,3509,2.48,1347.199701
2026-09-15T23:30:06.900Z,NEAR,0.9082,3177,2.337,1347.199701
2026-09-15T23:30:06.900Z,HBAR,-0.1733,100.3,0.07458,1347.199701
2026-09-15T23:30:06.900Z,XTZ,15.8052,390.5,0.2503,1347.199701
2026-09-15T23:30:06.900Z,DYDX,-1.4344,141.1,0.10626,1347.199701
2026-09-15T23:30:06.900Z,ARB,-1.2475,202.1,0.15191,1347.199701
2026-09-15T23:30:06.900Z,GMX,7.3633,10200,7.052,1347.199701
2026-09-15T23:30:06.900Z,IMX,1.5621,163.3,0.11935,1347.199701
2026-09-15T23:30:06.900Z,INJ,-18.0387,6020,5.452,1347.199701
2026-09-15T23:30:06.900Z,GRT,-0.6295,23.2,0.01733,1347.199701
2026-09-15T23:30:06.900Z,SUI,-0.562,922.2,0.6884,1347.199701
2026-09-15T23:30:06.900Z,HYPE,0.9461,105000,77.209,1347.199701
2026-09-15T23:35:06.892Z,BTC,1.0434,102952000,75630.1,1347.199701
2026-09-15T23:35:06.892Z,ETH,0.9392,3264000,2400.26,1347.199701
2026-09-15T23:35:06.892Z,SOL,1.029,132200,97.13,1347.199701
2026-09-15T23:35:06.892Z,BNB,0.5714,965500,712.6,1347.199701
2026-09-15T23:35:06.892Z,XRP,1.0679,1751,1.286,1347.199701
2026-09-15T23:35:06.892Z,ADA,1.3856,267.3,0.1957,1347.199701
2026-09-15T23:35:06.892Z,AVAX,1.9476,10000,7.281,1347.199701
2026-09-15T23:35:06.892Z,DOT,-0.2404,1273,0.9472,1347.199701
2026-09-15T23:35:06.892Z,LINK,1.2232,14860,10.897,1347.199701
2026-09-15T23:35:06.892Z,POL,0.4074,125.8,0.093,1347.199701
2026-09-15T23:35:06.892Z,DOGE,1.1654,109.4,0.08027,1347.199701
2026-09-15T23:35:06.892Z,TRX,0.9137,452.2,0.33262,1347.199701
2026-09-15T23:35:06.892Z,XLM,1.7324,241.9,0.1765,1347.199701
2026-09-15T23:35:06.892Z,SHIB,0.3892,0.0067,0.000004954,1347.199701
2026-09-15T23:35:06.892Z,BCH,7.4497,314700,217.4,1347.199701
2026-09-15T23:35:06.892Z,UNI,0.597,8660,6.39,1347.199701
2026-09-15T23:35:06.892Z,AAVE,-0.5285,164200,122.53,1347.199701
2026-09-15T23:35:06.892Z,SUSHI,0.0388,281,0.2085,1347.199701
2026-09-15T23:35:06.892Z,LDO,4.4038,474,0.337,1347.199701
2026-09-15T23:35:06.892Z,ICP,4.7311,3509,2.487,1347.199701
2026-09-15T23:35:06.892Z,NEAR,0.8651,3177,2.338,1347.199701
2026-09-15T23:35:06.892Z,HBAR,0.1894,100.3,0.07431,1347.199701
2026-09-15T23:35:06.892Z,XTZ,15.6666,390.5,0.2506,1347.199701
2026-09-15T23:35:06.892Z,DYDX,-1.2206,141.1,0.10603,1347.199701
2026-09-15T23:35:06.892Z,ARB,-1.0325,202.1,0.15158,1347.199701
2026-09-15T23:35:06.892Z,GMX,7.47,10200,7.045,1347.199701
2026-09-15T23:35:06.892Z,IMX,1.7155,163.3,0.11917,1347.199701
2026-09-15T23:35:06.892Z,INJ,-18.0988,6020,5.456,1347.199701
2026-09-15T23:35:06.892Z,GRT,-0.2265,23.2,0.01726,1347.199701
2026-09-15T23:35:06.892Z,SUI,-0.4174,922.2,0.6874,1347.199701
2026-09-15T23:35:06.892Z,HYPE,1.1531,105000,77.051,1347.199701
2026-09-15T23:40:06.888Z,BTC,0.9919,102801000,75557.7,1347.199701
2026-09-15T23:40:06.888Z,ETH,1.055,3264000,2397.51,1347.199701
2026-09-15T23:40:06.888Z,SOL,1.0912,131900,96.85,1347.199701
2026-09-15T23:40:06.888Z,BNB,0.741,965500,711.4,1347.199701
2026-09-15T23:40:06.888Z,XRP,1.178,1748,1.2824,1347.199701
2026-09-15T23:40:06.888Z,ADA,1.6453,267.3,0.1952,1347.199701
2026-09-15T23:40:06.888Z,AVAX,2.2143,10000,7.262,1347.199701
2026-09-15T23:40:06.888Z,DOT,-0.0505,1273,0.9454,1347.199701
2026-09-15T23:40:06.888Z,LINK,1.4279,14860,10.875,1347.199701
2026-09-15T23:40:06.888Z,POL,0.4398,125.8,0.09297,1347.199701
2026-09-15T23:40:06.888Z,DOGE,1.1357,109,0.08,1347.199701
2026-09-15T23:40:06.888Z,TRX,0.9168,452.2,0.33261,1347.199701
2026-09-15T23:40:06.888Z,XLM,2.2363,241.9,0.17563,1347.199701
2026-09-15T23:40:06.888Z,SHIB,0.6737,0.0067,0.00000494,1347.199701
2026-09-15T23:40:06.888Z,BCH,7.8964,314700,216.5,1347.199701
2026-09-15T23:40:06.888Z,UNI,1.2785,8660,6.347,1347.199701
