checkedAt,coin,premium,korbitPrice,foreignPrice,usdKrwRate
2026-09-16T00:00:07.100Z,BTC,1.0813,102959000,75606.9,1347.199701
2026-09-16T00:00:07.100Z,ETH,1.0826,3265000,2397.59,1347.199701
2026-09-16T00:00:07.100Z,SOL,1.2758,132100,96.82,1347.199701
2026-09-16T00:00:07.100Z,BNB,1.5187,973500,711.8,1347.199701
2026-09-16T00:00:07.100Z,XRP,1.2779,1750,1.2826,1347.199701
2026-09-16T00:00:07.100Z,ADA,1.3791,266.6,0.1952,1347.199701
2026-09-16T00:00:07.100Z,AVAX,2.1721,10000,7.265,1347.199701
2026-09-16T00:00:07.100Z,DOT,0.119,1273,0.9438,1347.199701
2026-09-16T00:00:07.100Z,LINK,1.3813,14860,10.88,1347.199701
2026-09-16T00:00:07.100Z,POL,0.4398,125.8,0.09297,1347.199701
2026-09-16T00:00:07.100Z,DOGE,1.1526,109.1,0.08006,1347.199701
2026-09-16T00:00:07.100Z,TRX,1.6764,455.7,0.33268,1347.199701
2026-09-16T00:00:07.100Z,XLM,2.1739,242,0.17581,1347.199701
2026-09-16T00:00:07.100Z,SHIB,0.7144,0.0067,4.938e-06,1347.199701
2026-09-16T00:00:07.100Z,BCH,7.8466,314700,216.6,1347.199701
2026-09-16T00:00:07.100Z,UNI,1.5912,8710,6.364,1347.199701
2026-09-16T00:00:07.100Z,AAVE,-0.2027,164200,122.13,1347.199701
2026-09-16T00:00:07.100Z,SUSHI,0.5693,281,0.2074,1347.199701
2026-09-16T00:00:07.100Z,LDO,4.7769,474,0.3358,1347.199701
2026-09-16T00:00:07.100Z,ICP,5.0267,3509,2.48,1347.199701
2026-09-16T00:00:07.100Z,NEAR,0.9082,3177,2.337,1347.199701
2026-09-16T00:00:07.100Z,HBAR,1.3564,101.4,0.07426,1347.199701
2026-09-16T00:00:07.100Z,XTZ,16.2698,390.5,0.2493,1347.199701
2026-09-16T00:00:07.100Z,DYDX,-0.8184,141.1,0.1056,1347.199701
2026-09-16T00:00:07.100Z,ARB,1.634,207.6,0.15162,1347.199701
2026-09-16T00:00:07.100Z,GMX,7.5922,10200,7.037,1347.199701
2026-09-16T00:00:07.100Z,IMX,1.9894,163.3,0.11885,1347.199701
2026-09-16T00:00:07.100Z,INJ,-18.0237,6020,5.451,1347.199701
2026-09-16T00:00:07.100Z,GRT,0.0053,23.2,0.01722,1347.199701
2026-09-16T00:00:07.100Z,SUI,-0.2723,922.2,0.6864,1347.199701
2026-09-16T00:00:07.100Z,HYPE,1.2556,105000,76.973,1347.199701
2026-09-16T00:05:07.124Z,BTC,1.1326,103172000,75724.9,1347.199701
2026-09-16T00:05:07.124Z,ETH,0.9819,3269000,2402.92,1347.199701
2026-09-16T00:05:07.124Z,SOL,1.1087,132100,96.98,1347.199701
2026-09-16T00:05:07.124Z,BNB,1.3478,973500,713,1347.199701
2026-09-16T00:05:07.124Z,XRP,1.291,1752,1.2839,1347.199701
2026-09-16T00:05:07.124Z,ADA,1.393,266.5,0.1951,1347.199701
2026-09-16T00:05:07.124Z,AVAX,2.1721,10000,7.265,1347.199701
2026-09-16T00:05:07.124Z,DOT,0.289,1273,0.9422,1347.199701
2026-09-16T00:05:07.124Z,LINK,1.1675,14860,10.903,1347.199701
2026-09-16T00:05:07.124Z,POL,0.3211,125.8,0.09308,1347.199701
2026-09-16T00:05:07.124Z,DOGE,0.9886,109.1,0.08019,1347.199701
2026-09-16T00:05:07.124Z,TRX,1.6764,455.7,0.33268,1347.199701
2026-09-16T00:05:07.124Z,XLM,1.0072,239.4,0.17593,1347.199701
2026-09-16T00:05:07.124Z,SHIB,0.5109,0.0067,4.948e-06,1347.199701
2026-09-16T00:05:07.124Z,BCH,7.3016,314700,217.7,1347.199701
2026-09-16T00:05:07.124Z,UNI,1.0671,8710,6.397,1347.199701
2026-09-16T00:05:07.124Z,AAVE,-0.3496,164200,122.31,1347.199701
2026-09-16T00:05:07.124Z,SUSHI,0.4725,281,0.2076,1347.199701
2026-09-16T00:05:07.124Z,LDO,4.4969,474,0.3367,1347.199701
2026-09-16T00:05:07.124Z,ICP,4.8154,3509,2.485,1347.199701
2026-09-16T00:05:07.124Z,NEAR,0.6928,3177,2.342,1347.199701
2026-09-16T00:05:07.124Z,HBAR,1.0434,101.4,0.07449,1347.199701
2026-09-16T00:05:07.124Z,XTZ,16.13,390.5,0.2496,1347.199701
2026-09-16T00:05:07.124Z,DYDX,-0.8278,141.1,0.10561,1347.199701
2026-09-16T00:05:07.124Z,ARB,1.0276,207.6,0.15253,1347.199701
2026-09-16T00:05:07.124Z,GMX,7.1354,10200,7.067,1347.199701
2026-09-16T00:05:07.124Z,IMX,2.0495,163.3,0.11878,1347.199701
2026-09-16T00:05:07.124Z,INJ,-17.9334,6020,5.445,1347.199701
2026-09-16T00:05:07.124Z,GRT,-0.2843,23.2,0.01727,1347.199701
2026-09-16T00:05:07.124Z,SUI,1.0473,935.9,0.6875,1347.199701
2026-09-16T00:05:07.124Z,HYPE,1.2069,105000,77.01,1347.199701
2026-09-16T00:10:06.532Z,BTC,1.2855,103240000,75660.4,1347.199701
2026-09-16T00:10:06.532Z,ETH,1.2201,3273000,2400.2,1347.199701
2026-09-16T00:10:06.532Z,SOL,1.314,132300,96.93,1347.199701
2026-09-16T00:10:06.532Z,BNB,1.2626,973500,713.6,1347.199701
2026-09-16T00:10:06.532Z,XRP,1.3068,1752,1.2837,1347.199701
2026-09-16T00:10:06.532Z,ADA,1.5351,266.6,0.1949,1347.199701
2026-09-16T00:10:06.532Z,AVAX,2.3694,10000,7.251,1347.199701
2026-09-16T00:10:06.532Z,DOT,0.2252,1273,0.9428,1347.199701
2026-09-16T00:10:06.532Z,LINK,1.251,14860,10.894,1347.199701
2026-09-16T00:10:06.532Z,POL,0.5804,125.8,0.09284,1347.199701
2026-09-16T00:10:06.532Z,DOGE,1.039,109.1,0.08015,1347.199701
2026-09-16T00:10:06.532Z,TRX,1.2667,453.7,0.33256,1347.199701
2026-09-16T00:10:06.532Z,XLM,1.2201,239.4,0.17556,1347.199701
2026-09-16T00:10:06.532Z,SHIB,0.6737,0.0067,4.94e-06,1347.199701
2026-09-16T00:10:06.532Z,BCH,7.2524,314700,217.8,1347.199701
2026-09-16T00:10:06.532Z,UNI,1.7831,8710,6.352,1347.199701
2026-09-16T00:10:06.532Z,AAVE,-0.317,164200,122.27,1347.199701
2026-09-16T00:10:06.532Z,SUSHI,0.4725,281,0.2076,1347.199701
2026-09-16T00:10:06.532Z,LDO,4.7457,474,0.3359,1347.199701
2026-09-16T00:10:06.532Z,ICP,4.8998,3509,2.483,1347.199701
2026-09-16T00:10:06.532Z,NEAR,0.7788,3177,2.34,1347.199701
2026-09-16T00:10:06.532Z,HBAR,1.152,101.4,0.07441,1347.199701
2026-09-16T00:10:06.532Z,XTZ,16.037,390.5,0.2498,1347.199701
2026-09-16T00:10:06.532Z,DYDX,-0.7902,141.1,0.10557,1347.199701
2026-09-16T00:10:06.532Z,ARB,2.042,207.1,0.15065,1347.199701
2026-09-16T00:10:06.532Z,GMX,6.9387,10200,7.08,1347.199701
2026-09-16T00:10:06.532Z,IMX,2.1785,163.3,0.11863,1347.199701
2026-09-16T00:10:06.532Z,INJ,-18.0237,6020,5.451,1347.199701
2026-09-16T00:10:06.532Z,GRT,-0.6868,23.2,0.01734,1347.199701
2026-09-16T00:10:06.532Z,SUI,1.3107,935.2,0.6852,1347.199701
2026-09-16T00:10:06.532Z,HYPE,1.295,105000,76.943,1347.199701
2026-09-16T00:15:06.899Z,BTC,1.1471,103105000,75664.9,1347.199701
2026-09-16T00:15:06.899Z,ETH,1.212,3273000,2400.39,1347.199701
2026-09-16T00:15:06.899Z,SOL,1.3559,132300,96.89,1347.199701
2026-09-16T00:15:06.899Z,BNB,1.1492,973500,714.4,1347.199701
2026-09-16T00:15:06.899Z,XRP,1.3095,1750,1.2822,1347.199701
2026-09-16T00:15:06.899Z,ADA,1.7341,266.3,0.1943,1347.199701
2026-09-16T00:15:06.899Z,AVAX,2.3694,10000,7.251,1347.199701
2026-09-16T00:15:06.899Z,DOT,0.1827,1273,0.9432,1347.199701
2026-09-16T00:15:06.899Z,LINK,1.251,14860,10.894,1347.199701
2026-09-16T00:15:06.899Z,POL,0.6346,125.8,0.09279,1347.199701
2026-09-16T00:15:06.899Z,DOGE,1.2032,109.1,0.08002,1347.199701
2026-09-16T00:15:06.899Z,TRX,1.1846,453.7,0.33283,1347.199701
2026-09-16T00:15:06.899Z,XLM,1.3355,239.4,0.17536,1347.199701
2026-09-16T00:15:06.899Z,SHIB,0.837,0.0067,4.932e-06,1347.199701
2026-09-16T00:15:06.899Z,BCH,7.2524,314700,217.8,1347.199701
2026-09-16T00:15:06.899Z,UNI,1.9275,8710,6.343,1347.199701
2026-09-16T00:15:06.899Z,AAVE,-0.3088,164200,122.26,1347.199701
2026-09-16T00:15:06.899Z,SUSHI,0.5693,281,0.2074,1347.199701
2026-09-16T00:15:06.899Z,LDO,4.6523,474,0.3362,1347.199701
2026-09-16T00:15:06.899Z,ICP,4.8998,3509,2.483,1347.199701
2026-09-16T00:15:06.899Z,NEAR,0.9514,3177,2.336,1347.199701
2026-09-16T00:15:06.899Z,HBAR,0.8528,101.1,0.07441,1347.199701
2026-09-16T00:15:06.899Z,XTZ,16.13,390.5,0.2496,1347.199701
2026-09-16T00:15:06.899Z,DYDX,-0.7714,141.1,0.10555,1347.199701
2026-09-16T00:15:06.899Z,ARB,1.7314,207.1,0.15111,1347.199701
2026-09-16T00:15:06.899Z,GMX,7.0445,10200,7.073,1347.199701
2026-09-16T00:15:06.899Z,IMX,2.2561,163.3,0.11854,1347.199701
2026-09-16T00:15:06.899Z,INJ,-18.3234,6020,5.471,1347.199701
2026-09-16T00:15:06.899Z,GRT,-0.8012,23.2,0.01736,1347.199701
2026-09-16T00:15:06.899Z,SUI,1.3402,935.2,0.685,1347.199701
2026-09-16T00:15:06.899Z,HYPE,1.3319,105000,76.915,1347.199701
2026-09-16T00:20:07.108Z,BTC,1.2828,103348000,75741.6,1347.199701
2026-09-16T00:20:07.108Z,ETH,1.2735,3279000,2403.33,1347.199701
2026-09-16T00:20:07.108Z,SOL,1.2827,132300,96.96,1347.199701
2026-09-16T00:20:07.108Z,BNB,1.39,976500,714.9,1347.199701
2026-09-16T00:20:07.108Z,XRP,1.4221,1757,1.2859,1347.199701
2026-09-16T00:20:07.108Z,ADA,1.4209,266.3,0.1949,1347.199701
2026-09-16T00:20:07.108Z,AVAX,2.2284,10000,7.261,1347.199701
2026-09-16T00:20:07.108Z,DOT,0.1614,1273,0.9434,1347.199701
2026-09-16T00:20:07.108Z,LINK,1.047,14860,10.916,1347.199701
2026-09-16T00:20:07.108Z,POL,0.5479,125.8,0.09287,1347.199701
2026-09-16T00:20:07.108Z,DOGE,1.1021,109.1,0.0801,1347.199701
2026-09-16T00:20:07.108Z,TRX,1.1846,453.7,0.33283,1347.199701
2026-09-16T00:20:07.108Z,XLM,1.6973,241.2,0.17605,1347.199701
2026-09-16T00:20:07.108Z,SHIB,0.5922,0.0067,4.944e-06,1347.199701
2026-09-16T00:20:07.108Z,BCH,7.0558,314700,218.2,1347.199701
2026-09-16T00:20:07.108Z,UNI,1.49,8715,6.374,1347.199701
2026-09-16T00:20:07.108Z,AAVE,-0.4147,164200,122.39,1347.199701
2026-09-16T00:20:07.108Z,SUSHI,0.4241,281,0.2077,1347.199701
2026-09-16T00:20:07.108Z,LDO,4.559,474,0.3365,1347.199701
2026-09-16T00:20:07.108Z,ICP,4.8154,3509,2.485,1347.199701
2026-09-16T00:20:07.108Z,NEAR,0.8219,3177,2.339,1347.199701
2026-09-16T00:20:07.108Z,HBAR,0.7851,101.1,0.07446,1347.199701
2026-09-16T00:20:07.108Z,XTZ,15.5744,390.5,0.2508,1347.199701
2026-09-16T00:20:07.108Z,DYDX,-0.7526,141.1,0.10553,1347.199701
2026-09-16T00:20:07.108Z,ARB,1.9878,207.1,0.15073,1347.199701
2026-09-16T00:20:07.108Z,GMX,7.1203,10200,7.068,1347.199701
2026-09-16T00:20:07.108Z,IMX,2.2044,163.3,0.1186,1347.199701
2026-09-16T00:20:07.108Z,INJ,-18.2337,6020,5.465,1347.199701
2026-09-16T00:20:07.108Z,GRT,-0.9154,23.2,0.01738,1347.199701
2026-09-16T00:20:07.108Z,SUI,1.1483,935.2,0.6863,1347.199701
2026-09-16T00:20:07.108Z,HYPE,1.1465,105000,77.056,1347.199701
2026-09-16T00:25:07.188Z,BTC,1.2514,103360000,75773.9,1347.199701
2026-09-16T00:25:07.188Z,ETH,1.2772,3278000,2402.51,1347.199701
2026-09-16T00:25:07.188Z,SOL,1.3,132500,97.09,1347.199701
2026-09-16T00:25:07.188Z,BNB,1.3474,976500,715.2,1347.199701
2026-09-16T00:25:07.188Z,XRP,1.4246,1758,1.2866,1347.199701
2026-09-16T00:25:07.188Z,ADA,1.5211,266.7,0.195,1347.199701
2026-09-16T00:25:07.188Z,AVAX,2.0317,10000,7.275,1347.199701
2026-09-16T00:25:07.188Z,DOT,2.8981,1310,0.945,1347.199701
2026-09-16T00:25:07.188Z,LINK,1.0377,14860,10.917,1347.199701
2026-09-16T00:25:07.188Z,POL,0.5804,125.8,0.09284,1347.199701
2026-09-16T00:25:07.188Z,DOGE,1.3548,109.4,0.08012,1347.199701
2026-09-16T00:25:07.188Z,TRX,1.1208,453.7,0.33304,1347.199701
2026-09-16T00:25:07.188Z,XLM,1.6395,241.2,0.17615,1347.199701
2026-09-16T00:25:07.188Z,SHIB,0.5922,0.0067,4.944e-06,1347.199701
2026-09-16T00:25:07.188Z,BCH,2.038,299400,217.8,1347.199701
2026-09-16T00:25:07.188Z,UNI,1.7294,8715,6.359,1347.199701
2026-09-16T00:25:07.188Z,AAVE,-0.4879,164200,122.48,1347.199701
2026-09-16T00:25:07.188Z,SUSHI,0.4725,281,0.2076,1347.199701
2026-09-16T00:25:07.188Z,LDO,4.9019,474,0.3354,1347.199701
2026-09-16T00:25:07.188Z,ICP,4.8576,3509,2.484,1347.199701
2026-09-16T00:25:07.188Z,NEAR,0.7358,3177,2.341,1347.199701
2026-09-16T00:25:07.188Z,HBAR,0.758,101.1,0.07448,1347.199701
2026-09-16T00:25:07.188Z,XTZ,15.4823,390.5,0.251,1347.199701
2026-09-16T00:25:07.188Z,DYDX,-0.8372,141.1,0.10562,1347.199701
2026-09-16T00:25:07.188Z,ARB,2.103,207.1,0.15056,1347.199701
2026-09-16T00:25:07.188Z,GMX,6.9387,10200,7.08,1347.199701
2026-09-16T00:25:07.188Z,IMX,2.1699,163.3,0.11864,1347.199701
2026-09-16T00:25:07.188Z,INJ,-18.2337,6020,5.465,1347.199701
2026-09-16T00:25:07.188Z,GRT,-0.8012,23.2,0.01736,1347.199701
2026-09-16T00:25:07.188Z,SUI,1.3889,939.2,0.6876,1347.199701
2026-09-16T00:25:07.188Z,HYPE,1.0403,105000,77.137,1347.199701
2026-09-16T00:30:06.924Z,BTC,0.3363,103493000,75822.6,1360.361778
2026-09-16T00:30:06.924Z,ETH,0.3135,3281000,2404.32,1360.361778
2026-09-16T00:30:06.924Z,SOL,0.3679,132700,97.19,1360.361778
2026-09-16T00:30:06.924Z,BNB,0.2967,976500,715.7,1360.361778
2026-09-16T00:30:06.924Z,XRP,0.399,1759,1.2879,1360.361778
2026-09-16T00:30:06.924Z,ADA,0.4459,267,0.1954,1360.361778
2026-09-16T00:30:06.924Z,AVAX,1.0584,10000,7.274,1360.361778
2026-09-16T00:30:06.924Z,DOT,1.9781,1310,0.9443,1360.361778
2026-09-16T00:30:06.924Z,LINK,-0.004,14860,10.924,1360.361778
2026-09-16T00:30:06.924Z,POL,-0.5213,125.8,0.09296,1360.361778
2026-09-16T00:30:06.924Z,DOGE,0.2991,109.4,0.08018,1360.361778
2026-09-16T00:30:06.924Z,TRX,0.1183,453.7,0.33312,1360.361778
2026-09-16T00:30:06.924Z,XLM,0.5363,241.2,0.17636,1360.361778
2026-09-16T00:30:06.924Z,SHIB,-0.3004,0.0067,4.94e-06,1360.361778
2026-09-16T00:30:06.924Z,BCH,1.0044,299400,217.9,1360.361778
2026-09-16T00:30:06.924Z,UNI,0.761,8715,6.358,1360.361778
2026-09-16T00:30:06.924Z,AAVE,-1.5793,164200,122.64,1360.361778
2026-09-16T00:30:06.924Z,SUSHI,-0.5476,281,0.2077,1360.361778
2026-09-16T00:30:06.924Z,LDO,3.7941,474,0.3357,1360.361778
2026-09-16T00:30:06.924Z,ICP,3.6344,3509,2.489,1360.361778
2026-09-16T00:30:06.924Z,NEAR,-0.1962,3177,2.34,1360.361778
2026-09-16T00:30:06.924Z,HBAR,-0.1767,101.1,0.07445,1360.361778
2026-09-16T00:30:06.924Z,XTZ,14.3649,390.5,0.251,1360.361778
2026-09-16T00:30:06.924Z,DYDX,-1.629,141.1,0.10544,1360.361778
2026-09-16T00:30:06.924Z,ARB,-0.0208,206.8,0.15205,1360.361778
2026-09-16T00:30:06.924Z,GMX,5.8293,10200,7.085,1360.361778
2026-09-16T00:30:06.924Z,IMX,1.2155,163.3,0.1186,1360.361778
2026-09-16T00:30:06.924Z,INJ,-19.0544,6020,5.467,1360.361778
2026-09-16T00:30:06.924Z,GRT,-1.761,23.2,0.01736,1360.361778
2026-09-16T00:30:06.924Z,SUI,0.3349,939.2,0.6881,1360.361778
2026-09-16T00:30:06.924Z,HYPE,-0.1225,105000,77.28,1360.361778
2026-09-16T00:35:06.901Z,BTC,0.4135,103493000,75764.3,1360.361778
2026-09-16T00:35:06.901Z,ETH,0.4439,3281000,2401.2,1360.361778
2026-09-16T00:35:06.901Z,SOL,0.6196,132800,97.02,1360.361778
2026-09-16T00:35:06.901Z,BNB,0.3949,976500,715,1360.361778
2026-09-16T00:35:06.901Z,XRP,0.6405,1762,1.287,1360.361778
2026-09-16T00:35:06.901Z,ADA,0.793,267.1,0.1948,1360.361778
2026-09-16T00:35:06.901Z,AVAX,1.2951,10000,7.257,1360.361778
2026-09-16T00:35:06.901Z,DOT,2.2705,1310,0.9416,1360.361778
2026-09-16T00:35:06.901Z,LINK,0.5286,14920,10.91,1360.361778
2026-09-16T00:35:06.901Z,POL,-0.3498,125.8,0.0928,1360.361778
2026-09-16T00:35:06.901Z,DOGE,0.4368,109.4,0.08007,1360.361778
2026-09-16T00:35:06.901Z,TRX,0.5969,455.8,0.33307,1360.361778
2026-09-16T00:35:06.901Z,XLM,0.7551,241.3,0.17605,1360.361778
2026-09-16T00:35:06.901Z,SHIB,-0.1589,0.0067,4.933e-06,1360.361778
2026-09-16T00:35:06.901Z,BCH,1.2833,299400,217.3,1360.361778
2026-09-16T00:35:06.901Z,UNI,0.7768,8715,6.357,1360.361778
2026-09-16T00:35:06.901Z,AAVE,-1.3943,164200,122.41,1360.361778
2026-09-16T00:35:06.901Z,SUSHI,-0.4997,281,0.2076,1360.361778
2026-09-16T00:35:06.901Z,LDO,4.2599,474,0.3342,1360.361778
2026-09-16T00:35:06.901Z,ICP,3.7178,3509,2.487,1360.361778
2026-09-16T00:35:06.901Z,NEAR,-0.0253,3177,2.336,1360.361778
2026-09-16T00:35:06.901Z,HBAR,0.0653,101.1,0.07427,1360.361778
2026-09-16T00:35:06.901Z,XTZ,14.183,390.5,0.2514,1360.361778
2026-09-16T00:35:06.901Z,DYDX,-1.3671,141.1,0.10516,1360.361778
2026-09-16T00:35:06.901Z,ARB,0.9861,206.3,0.15017,1360.361778
2026-09-16T00:35:06.901Z,GMX,5.8741,10200,7.082,1360.361778
2026-09-16T00:35:06.901Z,IMX,1.5409,163.3,0.11822,1360.361778
2026-09-16T00:35:06.901Z,INJ,-18.8912,6020,5.456,1360.361778
2026-09-16T00:35:06.901Z,GRT,-1.6477,23.2,0.01734,1360.361778
2026-09-16T00:35:06.901Z,SUI,0.4956,939.2,0.687,1360.361778
2026-09-16T00:35:06.901Z,HYPE,0.038,105000,77.156,1360.361778
2026-09-16T00:40:06.990Z,BTC,0.4724,103690000,75864,1360.361778
2026-09-16T00:40:06.990Z,ETH,0.4279,3285000,2404.51,1360.361778
2026-09-16T00:40:06.990Z,SOL,0.4229,132800,97.21,1360.361778
2026-09-16T00:40:06.990Z,BNB,0.3108,976500,715.6,1360.361778
2026-09-16T00:40:06.990Z,XRP,0.5156,1762,1.2886,1360.361778
2026-09-16T00:40:06.990Z,ADA,0.6143,266.9,0.195,1360.361778
2026-09-16T00:40:06.990Z,AVAX,1.1836,10000,7.265,1360.361778
2026-09-16T00:40:06.990Z,DOT,2.2271,1310,0.942,1360.361778
2026-09-16T00:40:06.990Z,LINK,0.3355,14920,10.931,1360.361778
2026-09-16T00:40:06.990Z,POL,-0.5641,125.8,0.093,1360.361778
2026-09-16T00:40:06.990Z,DOGE,0.274,109.4,0.0802,1360.361778
2026-09-16T00:40:06.990Z,TRX,0.621,455.8,0.33299,1360.361778
2026-09-16T00:40:06.990Z,XLM,0.5267,241.3,0.17645,1360.361778
2026-09-16T00:40:06.990Z,SHIB,-0.26,0.0067,4.938e-06,1360.361778
2026-09-16T00:40:06.990Z,BCH,1.0972,299400,217.7,1360.361778
2026-09-16T00:40:06.990Z,UNI,0.3978,8715,6.381,1360.361778
2026-09-16T00:40:06.990Z,AAVE,-1.5712,164200,122.63,1360.361778
2026-09-16T00:40:06.990Z,SUSHI,-0.5476,281,0.2077,1360.361778
2026-09-16T00:40:06.990Z,LDO,3.9489,474,0.3352,1360.361778
2026-09-16T00:40:06.990Z,ICP,3.7178,3509,2.487,1360.361778
2026-09-16T00:40:06.990Z,NEAR,-0.3665,3177,2.344,1360.361778
2026-09-16T00:40:06.990Z,HBAR,-0.0424,101.1,0.07435,1360.361778
2026-09-16T00:40:06.990Z,XTZ,13.7306,390.5,0.2524,1360.361778
2026-09-16T00:40:06.990Z,DYDX,-1.5169,141.1,0.10532,1360.361778
2026-09-16T00:40:06.990Z,ARB,-0.4528,202.9,0.14983,1360.361778
2026-09-16T00:40:06.990Z,GMX,5.8592,10200,7.083,1360.361778
2026-09-16T00:40:06.990Z,IMX,1.3865,163.3,0.1184,1360.361778
2026-09-16T00:40:06.990Z,INJ,-18.8169,6020,5.451,1360.361778
2026-09-16T00:40:06.990Z,GRT,-1.591,23.2,0.01733,1360.361778
2026-09-16T00:40:06.990Z,SUI,0.3203,939.2,0.6882,1360.361778
2026-09-16T00:40:06.990Z,HYPE,-0.1638,105000,77.312,1360.361778
2026-09-16T00:45:07.085Z,BTC,0.5451,103659000,75786.5,1360.361778
2026-09-16T00:45:07.085Z,ETH,0.4805,3285000,2403.25,1360.361778
2026-09-16T00:45:07.085Z,SOL,0.4642,132800,97.17,1360.361778
2026-09-16T00:45:07.085Z,BNB,0.5496,976500,713.9,1360.361778
2026-09-16T00:45:07.085Z,XRP,0.5804,1763,1.2885,1360.361778
2026-09-16T00:45:07.085Z,ADA,0.6183,266.5,0.1947,1360.361778
2026-09-16T00:45:07.085Z,AVAX,1.2532,10000,7.26,1360.361778
2026-09-16T00:45:07.085Z,DOT,2.3357,1310,0.941,1360.361778
2026-09-16T00:45:07.085Z,LINK,0.4549,14920,10.918,1360.361778
2026-09-16T00:45:07.085Z,POL,-0.4571,125.8,0.0929,1360.361778
2026-09-16T00:45:07.085Z,DOGE,0.3241,109.4,0.08016,1360.361778
2026-09-16T00:45:07.085Z,TRX,1.3328,458.9,0.3329,1360.361778
2026-09-16T00:45:07.085Z,XLM,0.5666,241.3,0.17638,1360.361778
2026-09-16T00:45:07.085Z,SHIB,-0.0373,0.0067,4.927e-06,1360.361778
2026-09-16T00:45:07.085Z,BCH,1.1901,299400,217.5,1360.361778
2026-09-16T00:45:07.085Z,UNI,0.2564,8715,6.39,1360.361778
2026-09-16T00:45:07.085Z,AAVE,-1.6274,164200,122.7,1360.361778
2026-09-16T00:45:07.085Z,SUSHI,-0.4037,281,0.2074,1360.361778
2026-09-16T00:45:07.085Z,LDO,4.0731,474,0.3348,1360.361778
2026-09-16T00:45:07.085Z,ICP,3.5512,3509,2.491,1360.361778
2026-09-16T00:45:07.085Z,NEAR,-0.3665,3177,2.344,1360.361778
2026-09-16T00:45:07.085Z,HBAR,0.4747,101.5,0.07426,1360.361778
2026-09-16T00:45:07.085Z,XTZ,13.8208,390.5,0.2522,1360.361778
2026-09-16T00:45:07.085Z,DYDX,-1.3952,141.1,0.10519,1360.361778
2026-09-16T00:45:07.085Z,ARB,1.3811,206.9,0.15002,1360.361778
2026-09-16T00:45:07.085Z,GMX,5.9939,10200,7.074,1360.361778
2026-09-16T00:45:07.085Z,IMX,1.4808,163.3,0.11829,1360.361778
2026-09-16T00:45:07.085Z,INJ,-18.802,6020,5.45,1360.361778
2026-09-16T00:45:07.085Z,GRT,-1.1346,23.2,0.01725,1360.361778
2026-09-16T00:45:07.085Z,SUI,0.4225,939.2,0.6875,1360.361778
2026-09-16T00:45:07.085Z,HYPE,0.0471,105000,77.149,1360.361778
2026-09-16T00:50:06.901Z,BTC,0.5733,103693000,75790.1,1360.361778
2026-09-16T00:50:06.901Z,ETH,0.5655,3286000,2401.95,1360.361778
2026-09-16T00:50:06.901Z,SOL,0.657,133000,97.13,1360.361778
2026-09-16T00:50:06.901Z,BNB,0.5496,976500,713.9,1360.361778
2026-09-16T00:50:06.901Z,XRP,0.6742,1763,1.2873,1360.361778
2026-09-16T00:50:06.901Z,ADA,0.9248,266.9,0.1944,1360.361778
2026-09-16T00:50:06.901Z,AVAX,1.337,10000,7.254,1360.361778
2026-09-16T00:50:06.901Z,DOT,2.3357,1310,0.941,1360.361778
2026-09-16T00:50:06.901Z,LINK,0.5286,14920,10.91,1360.361778
2026-09-16T00:50:06.901Z,POL,-0.4892,125.8,0.09293,1360.361778
2026-09-16T00:50:06.901Z,DOGE,0.4659,109.5,0.08012,1360.361778
2026-09-16T00:50:06.901Z,TRX,0.625,455.9,0.33305,1360.361778
2026-09-16T00:50:06.901Z,XLM,0.7207,241.3,0.17611,1360.361778
2026-09-16T00:50:06.901Z,SHIB,-0.0779,0.0067,4.929e-06,1360.361778
2026-09-16T00:50:06.901Z,BCH,1.0972,299400,217.7,1360.361778
2026-09-16T00:50:06.901Z,UNI,0.2407,8715,6.391,1360.361778
2026-09-16T00:50:06.901Z,AAVE,-1.6514,164200,122.73,1360.361778
2026-09-16T00:50:06.901Z,SUSHI,-0.3557,281,0.2073,1360.361778
2026-09-16T00:50:06.901Z,LDO,4.1664,474,0.3345,1360.361778
2026-09-16T00:50:06.901Z,ICP,3.8012,3509,2.485,1360.361778
2026-09-16T00:50:06.901Z,NEAR,-0.5786,3177,2.349,1360.361778
2026-09-16T00:50:06.901Z,HBAR,0.3534,101.2,0.07413,1360.361778
2026-09-16T00:50:06.901Z,XTZ,13.5506,390.5,0.2528,1360.361778
2026-09-16T00:50:06.901Z,DYDX,-1.2073,141.1,0.10499,1360.361778
2026-09-16T00:50:06.901Z,ARB,2.281,206.9,0.1487,1360.361778
2026-09-16T00:50:06.901Z,GMX,6.0538,10200,7.07,1360.361778
2026-09-16T00:50:06.901Z,IMX,1.601,163.3,0.11815,1360.361778
2026-09-16T00:50:06.901Z,INJ,-18.5029,6020,5.43,1360.361778
2026-09-16T00:50:06.901Z,GRT,-1.1918,23.2,0.01726,1360.361778
2026-09-16T00:50:06.901Z,SUI,0.4809,939.2,0.6871,1360.361778
2026-09-16T00:50:06.901Z,HYPE,-0.1457,105000,77.298,1360.361778
2026-09-16T00:55:06.891Z,BTC,0.5717,103570000,75701.4,1360.361778
2026-09-16T00:55:06.891Z,ETH,0.6581,3285000,2399.01,1360.361778
2026-09-16T00:55:06.891Z,SOL,0.6922,132800,96.95,1360.361778
2026-09-16T00:55:06.891Z,BNB,0.5355,976500,714,1360.361778
2026-09-16T00:55:06.891Z,XRP,0.8152,1763,1.2855,1360.361778
2026-09-16T00:55:06.891Z,ADA,1.0998,266.4,0.1937,1360.361778
2026-09-16T00:55:06.891Z,AVAX,1.533,10000,7.24,1360.361778
2026-09-16T00:55:06.891Z,DOT,2.4773,1310,0.9397,1360.361778
2026-09-16T00:55:06.891Z,LINK,0.6208,14920,10.9,1360.361778
2026-09-16T00:55:06.891Z,POL,-0.3605,125.8,0.09281,1360.361778
2026-09-16T00:55:06.891Z,DOGE,0.5663,109.5,0.08004,1360.361778
2026-09-16T00:55:06.891Z,TRX,0.6522,455.9,0.33296,1360.361778
2026-09-16T00:55:06.891Z,XLM,0.8926,241.3,0.17581,1360.361778
2026-09-16T00:55:06.891Z,SHIB,0.0642,0.0067,4.922e-06,1360.361778
2026-09-16T00:55:06.891Z,BCH,1.2367,299400,217.4,1360.361778
2026-09-16T00:55:06.891Z,UNI,0.5081,8715,6.374,1360.361778
2026-09-16T00:55:06.891Z,AAVE,-1.4427,164200,122.47,1360.361778
2026-09-16T00:55:06.891Z,SUSHI,-0.0181,281,0.2066,1360.361778
2026-09-16T00:55:06.891Z,LDO,4.6042,474,0.3331,1360.361778
2026-09-16T00:55:06.891Z,ICP,3.843,3509,2.484,1360.361778
2026-09-16T00:55:06.891Z,NEAR,-0.5363,3177,2.348,1360.361778
2026-09-16T00:55:06.891Z,HBAR,0.4347,101.2,0.07407,1360.361778
2026-09-16T00:55:06.891Z,XTZ,13.8659,390.5,0.2521,1360.361778
2026-09-16T00:55:06.891Z,DYDX,-0.9526,141.1,0.10472,1360.361778
2026-09-16T00:55:06.891Z,ARB,2.226,206.9,0.14878,1360.361778
2026-09-16T00:55:06.891Z,GMX,6.5512,10200,7.037,1360.361778
2026-09-16T00:55:06.891Z,IMX,1.8424,163.3,0.11787,1360.361778
2026-09-16T00:55:06.891Z,INJ,-18.3224,6020,5.418,1360.361778
2026-09-16T00:55:06.891Z,GRT,-0.9623,23.2,0.01722,1360.361778
2026-09-16T00:55:06.891Z,SUI,0.7155,939.2,0.6855,1360.361778
2026-09-16T00:55:06.891Z,HYPE,0.0017,105000,77.184,1360.361778
2026-09-16T01:00:06.927Z,BTC,0.6262,103691000,75748.8,1360.361778
2026-09-16T01:00:06.927Z,ETH,0.6128,3283000,2398.63,1360.361778
2026-09-16T01:00:06.927Z,SOL,0.6196,132800,97.02,1360.361778
2026-09-16T01:00:06.927Z,BNB,0.6152,977000,713.8,1360.361778
2026-09-16T01:00:06.927Z,XRP,0.7525,1763,1.2863,1360.361778
2026-09-16T01:00:06.927Z,ADA,0.8914,266.4,0.1941,1360.361778
2026-09-16T01:00:06.927Z,AVAX,1.533,10000,7.24,1360.361778
2026-09-16T01:00:06.927Z,DOT,2.5537,1310,0.939,1360.361778
2026-09-16T01:00:06.927Z,LINK,0.5747,14920,10.905,1360.361778
2026-09-16T01:00:06.927Z,POL,-0.339,125.8,0.09279,1360.361778
2026-09-16T01:00:06.927Z,DOGE,0.5287,109.5,0.08007,1360.361778
2026-09-16T01:00:06.927Z,TRX,0.6129,455.9,0.33309,1360.361778
2026-09-16T01:00:06.927Z,XLM,0.8123,241.3,0.17595,1360.361778
2026-09-16T01:00:06.927Z,SHIB,0.0845,0.0067,4.921e-06,1360.361778
2026-09-16T01:00:06.927Z,BCH,1.1436,299400,217.6,1360.361778
2026-09-16T01:00:06.927Z,UNI,0.4135,8715,6.38,1360.361778
2026-09-16T01:00:06.927Z,AAVE,-1.4105,164200,122.43,1360.361778
2026-09-16T01:00:06.927Z,SUSHI,-0.1147,281,0.2068,1360.361778
2026-09-16T01:00:06.927Z,LDO,4.5415,474,0.3333,1360.361778
2026-09-16T01:00:06.927Z,ICP,3.8849,3509,2.483,1360.361778
2026-09-16T01:00:06.927Z,NEAR,-0.5786,3177,2.349,1360.361778
2026-09-16T01:00:06.927Z,HBAR,0.2587,101.2,0.0742,1360.361778
2026-09-16T01:00:06.927Z,XTZ,13.7306,390.5,0.2524,1360.361778
2026-09-16T01:00:06.927Z,DYDX,-0.9242,141.1,0.10469,1360.361778
2026-09-16T01:00:06.927Z,ARB,1.5774,206.9,0.14973,1360.361778
2026-09-16T01:00:06.927Z,GMX,6.7028,10200,7.027,1360.361778
2026-09-16T01:00:06.927Z,IMX,1.9288,163.3,0.11777,1360.361778
2026-09-16T01:00:06.927Z,INJ,-18.3073,6020,5.417,1360.361778
2026-09-16T01:00:06.927Z,GRT,-0.9623,23.2,0.01722,1360.361778
2026-09-16T01:00:06.927Z,SUI,0.7425,940,0.6859,1360.361778
2026-09-16T01:00:06.927Z,HYPE,0.4145,105600,77.306,1360.361778
2026-09-16T01:05:07.665Z,BTC,0.709,103672000,75672.6,1360.361778
2026-09-16T01:05:07.665Z,ETH,0.6598,3280000,2395.32,1360.361778
2026-09-16T01:05:07.665Z,SOL,0.7172,132600,96.78,1360.361778
2026-09-16T01:05:07.665Z,BNB,0.7422,977000,712.9,1360.361778
2026-09-16T01:05:07.665Z,XRP,0.787,1761,1.2844,1360.361778
2026-09-16T01:05:07.665Z,ADA,1.0998,266.4,0.1937,1360.361778
2026-09-16T01:05:07.665Z,AVAX,1.7015,10000,7.228,1360.361778
2026-09-16T01:05:07.665Z,DOT,0.0945,1276,0.9371,1360.361778
2026-09-16T01:05:07.665Z,LINK,0.741,14920,10.887,1360.361778
2026-09-16T01:05:07.665Z,POL,-0.1022,125.8,0.09257,1360.361778
2026-09-16T01:05:07.665Z,DOGE,0.7425,109.5,0.0799,1360.361778
2026-09-16T01:05:07.665Z,TRX,0.6733,455.9,0.33289,1360.361778
2026-09-16T01:05:07.665Z,XLM,0.9173,240.7,0.17533,1360.361778
2026-09-16T01:05:07.665Z,SHIB,0.3496,0.0067,4.908e-06,1360.361778
2026-09-16T01:05:07.665Z,BCH,1.47,299400,216.9,1360.361778
2026-09-16T01:05:07.665Z,UNI,0.8244,8715,6.354,1360.361778
2026-09-16T01:05:07.665Z,AAVE,-1.0062,164200,121.93,1360.361778
2026-09-16T01:05:07.665Z,SUSHI,0.0788,281,0.2064,1360.361778
2026-09-16T01:05:07.665Z,LDO,4.9824,474,0.3319,1360.361778
2026-09-16T01:05:07.665Z,ICP,4.0945,3509,2.478,1360.361778
2026-09-16T01:05:07.665Z,NEAR,-0.1536,3177,2.339,1360.361778
2026-09-16T01:05:07.665Z,HBAR,0.4076,101.2,0.07409,1360.361778
2026-09-16T01:05:07.665Z,XTZ,14.2739,390.5,0.2512,1360.361778
2026-09-16T01:05:07.665Z,DYDX,-0.7536,141.1,0.10451,1360.361778
2026-09-16T01:05:07.665Z,ARB,2.0545,206.9,0.14903,1360.361778
2026-09-16T01:05:07.665Z,GMX,6.8396,10200,7.018,1360.361778
2026-09-16T01:05:07.665Z,IMX,2.4158,163.3,0.11721,1360.361778
2026-09-16T01:05:07.665Z,INJ,-17.8066,6020,5.384,1360.361778
2026-09-16T01:05:07.665Z,GRT,-0.8472,23.2,0.0172,1360.361778
2026-09-16T01:05:07.665Z,SUI,1.1406,940,0.6832,1360.361778
2026-09-16T01:05:07.665Z,HYPE,0.5654,105600,77.19,1360.361778
2026-09-16T01:10:06.933Z,BTC,0.6664,103676000,75707.6,1360.361778
2026-09-16T01:10:06.933Z,ETH,0.6585,3282000,2396.81,1360.361778
2026-09-16T01:10:06.933Z,SOL,0.6028,132600,96.89,1360.361778
2026-09-16T01:10:06.933Z,BNB,0.6857,977000,713.3,1360.361778
2026-09-16T01:10:06.933Z,XRP,0.8308,1763,1.2853,1360.361778
2026-09-16T01:10:06.933Z,ADA,0.9434,266.4,0.194,1360.361778
2026-09-16T01:10:06.933Z,AVAX,1.6453,10000,7.232,1360.361778
2026-09-16T01:10:06.933Z,DOT,-0.1293,1276,0.9392,1360.361778
2026-09-16T01:10:06.933Z,LINK,0.8575,14940,10.889,1360.361778
2026-09-16T01:10:06.933Z,POL,0.2987,125.8,0.0922,1360.361778
2026-09-16T01:10:06.933Z,DOGE,0.7715,109.6,0.07995,1360.361778
2026-09-16T01:10:06.933Z,TRX,0.746,455.9,0.33265,1360.361778
2026-09-16T01:10:06.933Z,XLM,0.7506,240.7,0.17562,1360.361778
2026-09-16T01:10:06.933Z,SHIB,0.2679,0.0067,4.912e-06,1360.361778
2026-09-16T01:10:06.933Z,BCH,1.3299,299400,217.2,1360.361778
2026-09-16T01:10:06.933Z,UNI,0.6976,8715,6.362,1360.361778
2026-09-16T01:10:06.933Z,AAVE,-0.9493,164200,121.86,1360.361778
2026-09-16T01:10:06.933Z,SUSHI,-0.0664,281,0.2067,1360.361778
2026-09-16T01:10:06.933Z,LDO,4.6357,474,0.333,1360.361778
2026-09-16T01:10:06.933Z,ICP,4.3894,3509,2.471,1360.361778
2026-09-16T01:10:06.933Z,NEAR,-0.1536,3177,2.339,1360.361778
2026-09-16T01:10:06.933Z,HBAR,0.3534,101.2,0.07413,1360.361778
2026-09-16T01:10:06.933Z,XTZ,14.183,390.5,0.2514,1360.361778
2026-09-16T01:10:06.933Z,DYDX,-0.7441,141.1,0.1045,1360.361778
2026-09-16T01:10:06.933Z,ARB,0.4983,205.7,0.15046,1360.361778
2026-09-16T01:10:06.933Z,GMX,6.9311,10200,7.012,1360.361778
2026-09-16T01:10:06.933Z,IMX,2.4595,163.3,0.11716,1360.361778
2026-09-16T01:10:06.933Z,INJ,-18.1865,6020,5.409,1360.361778
2026-09-16T01:10:06.933Z,GRT,-0.7317,23.2,0.01718,1360.361778
2026-09-16T01:10:06.933Z,SUI,0.8601,940,0.6851,1360.361778
2026-09-16T01:10:06.933Z,HYPE,0.5836,105600,77.176,1360.361778
2026-09-16T01:15:07.564Z,BTC,0.6736,103700000,75719.7,1360.361778
2026-09-16T01:15:07.564Z,ETH,0.7522,3287000,2398.23,1360.361778
2026-09-16T01:15:07.564Z,SOL,0.5095,132600,96.98,1360.361778
2026-09-16T01:15:07.564Z,BNB,0.6716,977000,713.4,1360.361778
2026-09-16T01:15:07.564Z,XRP,0.8511,1765,1.2865,1360.361778
2026-09-16T01:15:07.564Z,ADA,0.7876,266.4,0.1943,1360.361778
2026-09-16T01:15:07.564Z,AVAX,1.5189,10000,7.241,1360.361778
2026-09-16T01:15:07.564Z,DOT,-0.4367,1276,0.9421,1360.361778
2026-09-16T01:15:07.564Z,LINK,0.8112,14940,10.894,1360.361778
2026-09-16T01:15:07.564Z,POL,0.4294,125.8,0.09208,1360.361778
2026-09-16T01:15:07.564Z,DOGE,0.7337,109.6,0.07998,1360.361778
2026-09-16T01:15:07.564Z,TRX,0.9028,455.8,0.33206,1360.361778
2026-09-16T01:15:07.564Z,XLM,0.5674,240.7,0.17594,1360.361778
2026-09-16T01:15:07.564Z,SHIB,1.6817,0.0068,4.916e-06,1360.361778
2026-09-16T01:15:07.564Z,BCH,1.1901,299400,217.5,1360.361778
2026-09-16T01:15:07.564Z,UNI,0.7451,8715,6.359,1360.361778
2026-09-16T01:15:07.564Z,AAVE,-0.998,164200,121.92,1360.361778
2026-09-16T01:15:07.564Z,SUSHI,-0.2594,281,0.2071,1360.361778
2026-09-16T01:15:07.564Z,LDO,4.4475,474,0.3336,1360.361778
2026-09-16T01:15:07.564Z,ICP,4.3894,3509,2.471,1360.361778
2026-09-16T01:15:07.564Z,NEAR,-0.324,3177,2.343,1360.361778
2026-09-16T01:15:07.564Z,HBAR,0.2182,101.2,0.07423,1360.361778
2026-09-16T01:15:07.564Z,XTZ,14.0469,390.5,0.2517,1360.361778
2026-09-16T01:15:07.564Z,DYDX,-1.0093,141.1,0.10478,1360.361778
2026-09-16T01:15:07.564Z,ARB,0.8536,205.7,0.14993,1360.361778
2026-09-16T01:15:07.564Z,GMX,6.794,10200,7.021,1360.361778
2026-09-16T01:15:07.564Z,IMX,2.6435,163.3,0.11695,1360.361778
2026-09-16T01:15:07.564Z,INJ,-18.6676,6020,5.441,1360.361778
2026-09-16T01:15:07.564Z,GRT,-0.8472,23.2,0.0172,1360.361778
2026-09-16T01:15:07.564Z,SUI,0.8013,940,0.6855,1360.361778
2026-09-16T01:15:07.564Z,HYPE,0.4457,105600,77.282,1360.361778
2026-09-16T01:20:07.966Z,BTC,0.6181,103698000,75760,1360.361778
2026-09-16T01:20:07.966Z,ETH,0.5495,3284000,2400.87,1360.361778
2026-09-16T01:20:07.966Z,SOL,0.5884,132800,97.05,1360.361778
2026-09-16T01:20:07.966Z,BNB,0.6575,977000,713.5,1360.361778
2026-09-16T01:20:07.966Z,XRP,0.7313,1764,1.2873,1360.361778
2026-09-16T01:20:07.966Z,ADA,0.6083,266.2,0.1945,1360.361778
2026-09-16T01:20:07.966Z,AVAX,1.337,10000,7.254,1360.361778
2026-09-16T01:20:07.966Z,DOT,-0.7422,1276,0.945,1360.361778
2026-09-16T01:20:07.966Z,LINK,0.8575,14940,10.889,1360.361778
2026-09-16T01:20:07.966Z,POL,0.7028,125.8,0.09183,1360.361778
2026-09-16T01:20:07.966Z,DOGE,0.6079,109.6,0.08008,1360.361778
2026-09-16T01:20:07.966Z,TRX,0.8876,455.8,0.33211,1360.361778
2026-09-16T01:20:07.966Z,XLM,0.5559,240.7,0.17596,1360.361778
2026-09-16T01:20:07.966Z,SHIB,1.5165,0.0068,4.924e-06,1360.361778
2026-09-16T01:20:07.966Z,BCH,1.1436,299400,217.6,1360.361778
2026-09-16T01:20:07.966Z,UNI,0.6976,8715,6.362,1360.361778
2026-09-16T01:20:07.966Z,AAVE,-0.9493,164200,121.86,1360.361778
2026-09-16T01:20:07.966Z,SUSHI,-0.3557,281,0.2073,1360.361778
2026-09-16T01:20:07.966Z,LDO,4.4162,474,0.3337,1360.361778
2026-09-16T01:20:07.966Z,ICP,4.2628,3509,2.474,1360.361778
2026-09-16T01:20:07.966Z,NEAR,-0.5363,3177,2.348,1360.361778
2026-09-16T01:20:07.966Z,HBAR,0.0922,101.1,0.07425,1360.361778
2026-09-16T01:20:07.966Z,XTZ,14.5018,390.5,0.2507,1360.361778
2026-09-16T01:20:07.966Z,DYDX,-1.0566,141.1,0.10483,1360.361778
2026-09-16T01:20:07.966Z,ARB,0.3982,205.7,0.15061,1360.361778
2026-09-16T01:20:07.966Z,GMX,6.8092,10200,7.02,1360.361778
2026-09-16T01:20:07.966Z,IMX,2.8105,163.3,0.11676,1360.361778
2026-09-16T01:20:07.966Z,INJ,-18.6676,6020,5.441,1360.361778
2026-09-16T01:20:07.966Z,GRT,-0.7895,23.2,0.01719,1360.361778
2026-09-16T01:20:07.966Z,SUI,0.6544,940,0.6865,1360.361778
2026-09-16T01:20:07.966Z,HYPE,0.5761,105900,77.401,1360.361778
2026-09-16T01:25:07.197Z,BTC,0.5121,103785000,75903.5,1360.361778
2026-09-16T01:25:07.197Z,ETH,0.5327,3290000,2405.66,1360.361778
2026-09-16T01:25:07.197Z,SOL,0.4882,132900,97.22,1360.361778
2026-09-16T01:25:07.197Z,BNB,0.5681,977500,714.5,1360.361778
2026-09-16T01:25:07.197Z,XRP,0.6242,1765,1.2894,1360.361778
2026-09-16T01:25:07.197Z,ADA,0.2989,266.2,0.1951,1360.361778
2026-09-16T01:25:07.197Z,AVAX,1.1279,10000,7.269,1360.361778
2026-09-16T01:25:07.197Z,DOT,-0.8995,1276,0.9465,1360.361778
2026-09-16T01:25:07.197Z,LINK,0.6541,14940,10.911,1360.361778
2026-09-16T01:25:07.197Z,POL,0.5386,125.8,0.09198,1360.361778
2026-09-16T01:25:07.197Z,DOGE,0.524,109.7,0.08022,1360.361778
2026-09-16T01:25:07.197Z,TRX,0.7966,455.8,0.33241,1360.361778
2026-09-16T01:25:07.197Z,XLM,0.1802,240.7,0.17662,1360.361778
2026-09-16T01:25:07.197Z,SHIB,1.2286,0.0068,4.938e-06,1360.361778
2026-09-16T01:25:07.197Z,BCH,0.9117,299400,218.1,1360.361778
2026-09-16T01:25:07.197Z,UNI,0.2616,8725,6.397,1360.361778
2026-09-16T01:25:07.197Z,AAVE,-1.0386,164200,121.97,1360.361778
2026-09-16T01:25:07.197Z,SUSHI,-0.4997,281,0.2076,1360.361778
2026-09-16T01:25:07.197Z,LDO,4.3536,474,0.3339,1360.361778
2026-09-16T01:25:07.197Z,ICP,4.2206,3509,2.475,1360.361778
2026-09-16T01:25:07.197Z,NEAR,-0.5786,3177,2.349,1360.361778
2026-09-16T01:25:07.197Z,HBAR,-0.0693,101.1,0.07437,1360.361778
2026-09-16T01:25:07.197Z,XTZ,14.7306,390.5,0.2502,1360.361778
2026-09-16T01:25:07.197Z,DYDX,-1.1885,141.1,0.10497,1360.361778
2026-09-16T01:25:07.197Z,ARB,-0.0001,205.7,0.15121,1360.361778
2026-09-16T01:25:07.197Z,GMX,6.4755,10200,7.042,1360.361778
2026-09-16T01:25:07.197Z,IMX,2.4421,163.3,0.11718,1360.361778
2026-09-16T01:25:07.197Z,INJ,-18.6826,6020,5.442,1360.361778
2026-09-16T01:25:07.197Z,GRT,-1.0198,23.2,0.01723,1360.361778
2026-09-16T01:25:07.197Z,SUI,0.3475,940,0.6886,1360.361778
2026-09-16T01:25:07.197Z,HYPE,0.4801,105900,77.475,1360.361778
2026-09-16T01:30:06.759Z,BTC,0.6097,103782000,75827.7,1360.361778
2026-09-16T01:30:06.759Z,ETH,0.6188,3288000,2402.14,1360.361778
2026-09-16T01:30:06.759Z,SOL,0.6953,132900,97.02,1360.361778
2026-09-16T01:30:06.759Z,BNB,0.6526,977500,713.9,1360.361778
2026-09-16T01:30:06.759Z,XRP,0.7211,1763,1.2867,1360.361778
2026-09-16T01:30:06.759Z,ADA,0.8351,266.8,0.1945,1360.361778
2026-09-16T01:30:06.759Z,AVAX,1.3929,10000,7.25,1360.361778
2026-09-16T01:30:06.759Z,DOT,-0.7632,1276,0.9452,1360.361778
2026-09-16T01:30:06.759Z,LINK,0.655,14910,10.889,1360.361778
2026-09-16T01:30:06.759Z,POL,0.9226,125.8,0.09163,1360.361778
2026-09-16T01:30:06.759Z,DOGE,0.6456,109.6,0.08005,1360.361778
2026-09-16T01:30:06.759Z,TRX,0.8391,455.8,0.33227,1360.361778
2026-09-16T01:30:06.759Z,XLM,0.9188,241.5,0.17591,1360.361778
2026-09-16T01:30:06.759Z,SHIB,1.599,0.0068,4.92e-06,1360.361778
2026-09-16T01:30:06.759Z,BCH,1.0972,299400,217.7,1360.361778
2026-09-16T01:30:06.759Z,UNI,0.9401,8725,6.354,1360.361778
2026-09-16T01:30:06.759Z,AAVE,-0.7293,164200,121.59,1360.361778
2026-09-16T01:30:06.759Z,SUSHI,-0.2113,281,0.207,1360.361778
2026-09-16T01:30:06.759Z,LDO,4.793,474,0.3325,1360.361778
2026-09-16T01:30:06.759Z,ICP,4.4739,3509,2.469,1360.361778
2026-09-16T01:30:06.759Z,NEAR,-0.1962,3177,2.34,1360.361778
2026-09-16T01:30:06.759Z,HBAR,0.1192,101.1,0.07423,1360.361778
2026-09-16T01:30:06.759Z,XTZ,15.0986,390.5,0.2494,1360.361778
2026-09-16T01:30:06.759Z,DYDX,-0.8011,141.1,0.10456,1360.361778
2026-09-16T01:30:06.759Z,ARB,0.9565,205.8,0.14985,1360.361778
2026-09-16T01:30:06.759Z,GMX,6.5209,10200,7.039,1360.361778
2026-09-16T01:30:06.759Z,IMX,2.9781,163.3,0.11657,1360.361778
2026-09-16T01:30:06.759Z,INJ,-18.6078,6020,5.437,1360.361778
2026-09-16T01:30:06.759Z,GRT,-0.7317,23.2,0.01718,1360.361778
2026-09-16T01:30:06.759Z,SUI,0.6668,940.8,0.687,1360.361778
2026-09-16T01:30:06.759Z,HYPE,0.6203,105900,77.367,1360.361778
2026-09-16T01:35:06.921Z,BTC,0.5949,103544000,75664.9,1360.361778
2026-09-16T01:35:06.921Z,ETH,0.6711,3283000,2397.24,1360.361778
2026-09-16T01:35:06.921Z,SOL,0.6756,132600,96.82,1360.361778
2026-09-16T01:35:06.921Z,BNB,0.9637,977500,711.7,1360.361778
2026-09-16T01:35:06.921Z,XRP,0.6402,1752,1.2797,1360.361778
2026-09-16T01:35:06.921Z,ADA,0.8005,265.2,0.1934,1360.361778
2026-09-16T01:35:06.921Z,AVAX,1.6734,10000,7.23,1360.361778
2026-09-16T01:35:06.921Z,DOT,-0.5001,1276,0.9427,1360.361778
2026-09-16T01:35:06.921Z,LINK,0.7365,14870,10.851,1360.361778
2026-09-16T01:35:06.921Z,POL,0.7138,125.8,0.09182,1360.361778
2026-09-16T01:35:06.921Z,DOGE,0.6593,109.3,0.07982,1360.361778
2026-09-16T01:35:06.921Z,TRX,0.8694,455.8,0.33217,1360.361778
2026-09-16T01:35:06.921Z,XLM,0.8835,240.4,0.17517,1360.361778
2026-09-16T01:35:06.921Z,SHIB,1.8889,0.0068,4.906e-06,1360.361778
2026-09-16T01:35:06.921Z,BCH,1.47,299400,216.9,1360.361778
2026-09-16T01:35:06.921Z,UNI,1.451,8725,6.322,1360.361778
2026-09-16T01:35:06.921Z,AAVE,-0.492,164200,121.3,1360.361778
2026-09-16T01:35:06.921Z,SUSHI,0.1759,281,0.2062,1360.361778
2026-09-16T01:35:06.921Z,LDO,5.1091,474,0.3315,1360.361778
2026-09-16T01:35:06.921Z,ICP,0.7368,3378,2.465,1360.361778
2026-09-16T01:35:06.921Z,NEAR,0.1032,3177,2.333,1360.361778
2026-09-16T01:35:06.921Z,HBAR,0.3354,101.1,0.07407,1360.361778
2026-09-16T01:35:06.921Z,XTZ,15.6085,390.5,0.2483,1360.361778
2026-09-16T01:35:06.921Z,DYDX,-0.6014,141.1,0.10435,1360.361778
2026-09-16T01:35:06.921Z,ARB,0.4937,205.8,0.15054,1360.361778
2026-09-16T01:35:06.921Z,GMX,6.8244,10200,7.019,1360.361778
2026-09-16T01:35:06.921Z,IMX,3.2261,163.3,0.11629,1360.361778
2026-09-16T01:35:06.921Z,INJ,-18.1411,6020,5.406,1360.361778
2026-09-16T01:35:06.921Z,GRT,-0.3256,23.2,0.01711,1360.361778
2026-09-16T01:35:06.921Z,SUI,0.8332,939.2,0.6847,1360.361778
2026-09-16T01:35:06.921Z,HYPE,0.923,105900,77.135,1360.361778
2026-09-16T01:40:06.957Z,BTC,0.698,103449000,75518.1,1360.361778
2026-09-16T01:40:06.957Z,ETH,0.7001,3278000,2392.9,1360.361778
2026-09-16T01:40:06.957Z,SOL,0.687,132300,96.59,1360.361778
2026-09-16T01:40:06.957Z,BNB,1.1912,977500,710.1,1360.361778
2026-09-16T01:40:06.957Z,XRP,0.6724,1749,1.2771,1360.361778
2026-09-16T01:40:06.957Z,ADA,1.0094,265.2,0.193,1360.361778
2026-09-16T01:40:06.957Z,AVAX,1.8989,10000,7.214,1360.361778
2026-09-16T01:40:06.957Z,DOT,-0.2249,1276,0.9401,1360.361778
2026-09-16T01:40:06.957Z,LINK,0.7785,14820,10.81,1360.361778
2026-09-16T01:40:06.957Z,POL,1.1323,125.8,0.09144,1360.361778
2026-09-16T01:40:06.957Z,DOGE,0.6517,109.1,0.07968,1360.361778
2026-09-16T01:40:06.957Z,TRX,0.8937,455.8,0.33209,1360.361778
2026-09-16T01:40:06.957Z,XLM,1.0335,240.4,0.17491,1360.361778
2026-09-16T01:40:06.957Z,SHIB,0.7602,0.0067,4.888e-06,1360.361778
2026-09-16T01:40:06.957Z,BCH,1.0549,297900,216.7,1360.361778
2026-09-16T01:40:06.957Z,UNI,2.1621,8725,6.278,1360.361778
2026-09-16T01:40:06.957Z,AAVE,-0.2288,164200,120.98,1360.361778
2026-09-16T01:40:06.957Z,SUSHI,0.6151,281,0.2053,1360.361778
2026-09-16T01:40:06.957Z,LDO,5.3634,474,0.3307,1360.361778
2026-09-16T01:40:06.957Z,ICP,1.0237,3378,2.458,1360.361778
2026-09-16T01:40:06.957Z,NEAR,1.4049,3199,2.319,1360.361778
2026-09-16T01:40:06.957Z,HBAR,1.4169,101.9,0.07386,1360.361778
2026-09-16T01:40:06.957Z,XTZ,15.8418,390.5,0.2478,1360.361778
2026-09-16T01:40:06.957Z,DYDX,-0.2669,141.1,0.104,1360.361778
2026-09-16T01:40:06.957Z,ARB,1.0509,205.8,0.14971,1360.361778
2026-09-16T01:40:06.957Z,GMX,7.1144,10200,7,1360.361778
2026-09-16T01:40:06.957Z,IMX,3.1374,163.3,0.11639,1360.361778
2026-09-16T01:40:06.957Z,INJ,-17.9742,6020,5.395,1360.361778
2026-09-16T01:40:06.957Z,GRT,-0.0921,23.2,0.01707,1360.361778
2026-09-16T01:40:06.957Z,SUI,0.7521,936.8,0.6835,1360.361778
2026-09-16T01:40:06.957Z,HYPE,1.292,105900,76.854,1360.361778
2026-09-16T01:45:07.207Z,BTC,0.5633,103473000,75636.8,1360.361778
2026-09-16T01:45:07.207Z,ETH,0.5682,3280000,2397.5,1360.361778
2026-09-16T01:45:07.207Z,SOL,0.5205,132300,96.75,1360.361778
2026-09-16T01:45:07.207Z,BNB,1.0916,977500,710.8,1360.361778
2026-09-16T01:45:07.207Z,XRP,0.6275,1750,1.2784,1360.361778
2026-09-16T01:45:07.207Z,ADA,0.9048,265.2,0.1932,1360.361778
2026-09-16T01:45:07.207Z,AVAX,1.7437,10000,7.225,1360.361778
2026-09-16T01:45:07.207Z,DOT,-0.4261,1276,0.942,1360.361778
2026-09-16T01:45:07.207Z,LINK,0.4996,14820,10.84,1360.361778
2026-09-16T01:45:07.207Z,POL,0.9006,125.8,0.09165,1360.361778
2026-09-16T01:45:07.207Z,DOGE,0.5381,109.1,0.07977,1360.361778
2026-09-16T01:45:07.207Z,TRX,0.8573,455.8,0.33221,1360.361778
2026-09-16T01:45:07.207Z,XLM,0.8489,239.7,0.17472,1360.361778
2026-09-16T01:45:07.207Z,SHIB,0.6367,0.0067,4.894e-06,1360.361778
2026-09-16T01:45:07.207Z,BCH,0.8687,297900,217.1,1360.361778
2026-09-16T01:45:07.207Z,UNI,2.0321,8725,6.286,1360.361778
2026-09-16T01:45:07.207Z,AAVE,-0.3441,164200,121.12,1360.361778
2026-09-16T01:45:07.207Z,SUSHI,0.5171,281,0.2055,1360.361778
2026-09-16T01:45:07.207Z,LDO,5.1726,474,0.3313,1360.361778
2026-09-16T01:45:07.207Z,ICP,0.7777,3378,2.464,1360.361778
2026-09-16T01:45:07.207Z,NEAR,1.4049,3199,2.319,1360.361778
2026-09-16T01:45:07.207Z,HBAR,1.2935,101.9,0.07395,1360.361778
2026-09-16T01:45:07.207Z,XTZ,16.076,390.5,0.2473,1360.361778
2026-09-16T01:45:07.207Z,DYDX,-0.5156,141.1,0.10426,1360.361778
2026-09-16T01:45:07.207Z,ARB,1.1455,205.8,0.14957,1360.361778
2026-09-16T01:45:07.207Z,GMX,7.0074,10200,7.007,1360.361778
2026-09-16T01:45:07.207Z,IMX,2.9251,163.3,0.11663,1360.361778
2026-09-16T01:45:07.207Z,INJ,-18.0653,6020,5.401,1360.361778
2026-09-16T01:45:07.207Z,GRT,-0.1505,23.2,0.01708,1360.361778
2026-09-16T01:45:07.207Z,SUI,0.5608,936.8,0.6848,1360.361778
2026-09-16T01:45:07.207Z,HYPE,1.0422,105900,77.044,1360.361778
2026-09-16T01:50:06.932Z,BTC,0.679,103470000,75547.7,1360.361778
2026-09-16T01:50:06.932Z,ETH,0.5967,3277000,2394.63,1360.361778
2026-09-16T01:50:06.932Z,SOL,0.6661,132300,96.61,1360.361778
2026-09-16T01:50:06.932Z,BNB,1.1627,977500,710.3,1360.361778
2026-09-16T01:50:06.932Z,XRP,0.6021,1746,1.2758,1360.361778
2026-09-16T01:50:06.932Z,ADA,1.1142,265.2,0.1928,1360.361778
2026-09-16T01:50:06.932Z,AVAX,1.8989,10000,7.214,1360.361778
2026-09-16T01:50:06.932Z,DOT,-0.2249,1276,0.9401,1360.361778
2026-09-16T01:50:06.932Z,LINK,0.7692,14820,10.811,1360.361778
2026-09-16T01:50:06.932Z,POL,1.0439,125.8,0.09152,1360.361778
2026-09-16T01:50:06.932Z,DOGE,0.8325,109.2,0.07961,1360.361778
2026-09-16T01:50:06.932Z,TRX,1.1472,457,0.33213,1360.361778
2026-09-16T01:50:06.932Z,XLM,0.8603,239,0.17419,1360.361778
2026-09-16T01:50:06.932Z,SHIB,0.7396,0.0067,4.889e-06,1360.361778
2026-09-16T01:50:06.932Z,BCH,0.9531,297600,216.7,1360.361778
2026-09-16T01:50:06.932Z,UNI,2.5377,8725,6.255,1360.361778
2026-09-16T01:50:06.932Z,AAVE,-0.0139,164200,120.72,1360.361778
2026-09-16T01:50:06.932Z,SUSHI,0.8607,281,0.2048,1360.361778
2026-09-16T01:50:06.932Z,LDO,5.4591,474,0.3304,1360.361778
2026-09-16T01:50:06.932Z,ICP,1.106,3378,2.456,1360.361778
2026-09-16T01:50:06.932Z,NEAR,1.2951,3179,2.307,1360.361778
2026-09-16T01:50:06.932Z,HBAR,0.648,101.1,0.07384,1360.361778
2026-09-16T01:50:06.932Z,XTZ,16.3112,390.5,0.2468,1360.361778
2026-09-16T01:50:06.932Z,DYDX,-0.2957,141.1,0.10403,1360.361778
2026-09-16T01:50:06.932Z,ARB,1.2923,204.9,0.1487,1360.361778
2026-09-16T01:50:06.932Z,GMX,7.2983,10200,6.988,1360.361778
2026-09-16T01:50:06.932Z,IMX,3.1994,163.3,0.11632,1360.361778
2026-09-16T01:50:06.932Z,INJ,-18.0198,6020,5.398,1360.361778
2026-09-16T01:50:06.932Z,GRT,-0.0335,23.2,0.01706,1360.361778
2026-09-16T01:50:06.932Z,SUI,0.7449,935.5,0.6826,1360.361778
2026-09-16T01:50:06.932Z,HYPE,1.3434,105900,76.815,1360.361778
2026-09-16T01:55:06.894Z,BTC,0.5989,103271000,75462.4,1360.361778
2026-09-16T01:55:06.894Z,ETH,0.519,3270000,2391.36,1360.361778
2026-09-16T01:55:06.894Z,SOL,0.6567,132000,96.4,1360.361778
2026-09-16T01:55:06.894Z,BNB,1.3625,977500,708.9,1360.361778
2026-09-16T01:55:06.894Z,XRP,0.55,1744,1.275,1360.361778
2026-09-16T01:55:06.894Z,ADA,1.2192,265.2,0.1926,1360.361778
2026-09-16T01:55:06.894Z,AVAX,2.0403,10000,7.204,1360.361778
2026-09-16T01:55:06.894Z,DOT,-0.3415,1276,0.9412,1360.361778
2026-09-16T01:55:06.894Z,LINK,0.6779,14760,10.777,1360.361778
2026-09-16T01:55:06.894Z,POL,1.1655,125.8,0.09141,1360.361778
2026-09-16T01:55:06.894Z,DOGE,0.5895,108.8,0.07951,1360.361778
2026-09-16T01:55:06.894Z,TRX,1.2203,457,0.33189,1360.361778
2026-09-16T01:55:06.894Z,XLM,0.7766,238.5,0.17397,1360.361778
2026-09-16T01:55:06.894Z,SHIB,0.8841,0.0067,4.882e-06,1360.361778
2026-09-16T01:55:06.894Z,BCH,0.9531,297600,216.7,1360.361778
2026-09-16T01:55:06.894Z,UNI,2.8831,8725,6.234,1360.361778
2026-09-16T01:55:06.894Z,AAVE,0.1105,164200,120.57,1360.361778
2026-09-16T01:55:06.894Z,SUSHI,0.8607,281,0.2048,1360.361778
2026-09-16T01:55:06.894Z,LDO,5.3953,474,0.3306,1360.361778
2026-09-16T01:55:06.894Z,ICP,0.9416,3378,2.46,1360.361778
2026-09-16T01:55:06.894Z,NEAR,1.427,3179,2.304,1360.361778
2026-09-16T01:55:06.894Z,HBAR,0.648,101.1,0.07384,1360.361778
2026-09-16T01:55:06.894Z,XTZ,16.6894,390.5,0.246,1360.361778
2026-09-16T01:55:06.894Z,DYDX,-0.094,141.1,0.10382,1360.361778
2026-09-16T01:55:06.894Z,ARB,0.6628,204.9,0.14963,1360.361778
2026-09-16T01:55:06.894Z,GMX,7.5754,10200,6.97,1360.361778
2026-09-16T01:55:06.894Z,IMX,3.7166,163.3,0.11574,1360.361778
2026-09-16T01:55:06.894Z,INJ,-17.8066,6020,5.384,1360.361778
2026-09-16T01:55:06.894Z,GRT,0.2015,23.2,0.01702,1360.361778
2026-09-16T01:55:06.894Z,SUI,0.8631,935.5,0.6818,1360.361778
2026-09-16T01:55:06.894Z,HYPE,0.6879,105100,76.731,1360.361778
2026-09-16T02:00:06.993Z,BTC,0.6202,103283000,75455.2,1360.361778
2026-09-16T02:00:06.993Z,ETH,0.5598,3269000,2389.66,1360.361778
2026-09-16T02:00:06.993Z,SOL,0.5491,131900,96.43,1360.361778
2026-09-16T02:00:06.993Z,BNB,1.3911,977500,708.7,1360.361778
2026-09-16T02:00:06.993Z,XRP,0.6234,1745,1.2748,1360.361778
2026-09-16T02:00:06.993Z,ADA,0.8179,263.6,0.1922,1360.361778
2026-09-16T02:00:06.993Z,AVAX,0.7887,9865,7.195,1360.361778
2026-09-16T02:00:06.993Z,DOT,-0.2567,1276,0.9404,1360.361778
2026-09-16T02:00:06.993Z,LINK,0.6592,14760,10.779,1360.361778
2026-09-16T02:00:06.993Z,POL,1.2541,125.8,0.09133,1360.361778
2026-09-16T02:00:06.993Z,DOGE,0.6528,108.8,0.07946,1360.361778
2026-09-16T02:00:06.993Z,TRX,1.1959,457,0.33197,1360.361778
2026-09-16T02:00:06.993Z,XLM,0.8843,238.7,0.17393,1360.361778
2026-09-16T02:00:06.993Z,SHIB,0.8634,0.0067,4.883e-06,1360.361778
2026-09-16T02:00:06.993Z,BCH,1.093,297600,216.4,1360.361778
2026-09-16T02:00:06.993Z,UNI,2.7348,8725,6.243,1360.361778
2026-09-16T02:00:06.993Z,AAVE,0.2019,164200,120.46,1360.361778
2026-09-16T02:00:06.993Z,SUSHI,1.0087,281,0.2045,1360.361778
2026-09-16T02:00:06.993Z,LDO,5.3634,474,0.3307,1360.361778
2026-09-16T02:00:06.993Z,ICP,1.106,3378,2.456,1360.361778
2026-09-16T02:00:06.993Z,NEAR,1.5151,3179,2.302,1360.361778
2026-09-16T02:00:06.993Z,HBAR,0.7025,101.1,0.0738,1360.361778
2026-09-16T02:00:06.993Z,XTZ,16.7369,390.5,0.2459,1360.361778
2026-09-16T02:00:06.993Z,DYDX,0.1278,141.1,0.10359,1360.361778
2026-09-16T02:00:06.993Z,ARB,0.562,204.9,0.14978,1360.361778
2026-09-16T02:00:06.993Z,GMX,7.6217,10200,6.967,1360.361778
2026-09-16T02:00:06.993Z,IMX,3.7973,163.3,0.11565,1360.361778
2026-09-16T02:00:06.993Z,INJ,-17.8066,6020,5.384,1360.361778
2026-09-16T02:00:06.993Z,GRT,0.2015,23.2,0.01702,1360.361778
2026-09-16T02:00:06.993Z,SUI,0.6203,932.7,0.6814,1360.361778
2026-09-16T02:00:06.993Z,HYPE,0.6604,105100,76.752,1360.361778
2026-09-16T02:05:06.914Z,BTC,0.5879,103448000,75600,1360.361778
2026-09-16T02:05:06.914Z,ETH,0.6231,3277000,2394,1360.361778
2026-09-16T02:05:06.914Z,SOL,0.5932,132300,96.68,1360.361778
2026-09-16T02:05:06.914Z,BNB,1.234,977500,709.8,1360.361778
2026-09-16T02:05:06.914Z,XRP,0.59,1754,1.2818,1360.361778
2026-09-16T02:05:06.914Z,ADA,0.6608,263.6,0.1925,1360.361778
2026-09-16T02:05:06.914Z,AVAX,0.5511,9865,7.212,1360.361778
2026-09-16T02:05:06.914Z,DOT,-0.3415,1276,0.9412,1360.361778
2026-09-16T02:05:06.914Z,LINK,0.4263,14760,10.804,1360.361778
2026-09-16T02:05:06.914Z,POL,1.2652,125.8,0.09132,1360.361778
2026-09-16T02:05:06.914Z,DOGE,0.572,109,0.07967,1360.361778
2026-09-16T02:05:06.914Z,TRX,1.1776,457,0.33203,1360.361778
2026-09-16T02:05:06.914Z,XLM,0.628,238.6,0.1743,1360.361778
2026-09-16T02:05:06.914Z,SHIB,0.5135,0.0067,4.9e-06,1360.361778
2026-09-16T02:05:06.914Z,BCH,0.8135,297600,217,1360.361778
2026-09-16T02:05:06.914Z,UNI,2.0808,8725,6.283,1360.361778
2026-09-16T02:05:06.914Z,AAVE,0.1022,164200,120.58,1360.361778
2026-09-16T02:05:06.914Z,SUSHI,0.6641,281,0.2052,1360.361778
2026-09-16T02:05:06.914Z,LDO,5.1408,474,0.3314,1360.361778
2026-09-16T02:05:06.914Z,ICP,0.9006,3378,2.461,1360.361778
2026-09-16T02:05:06.914Z,NEAR,0.8144,3179,2.318,1360.361778
2026-09-16T02:05:06.914Z,HBAR,0.5119,101.1,0.07394,1360.361778
2026-09-16T02:05:06.914Z,XTZ,16.217,390.5,0.247,1360.361778
2026-09-16T02:05:06.914Z,DYDX,-0.4583,141.1,0.1042,1360.361778
2026-09-16T02:05:06.914Z,ARB,0.3208,204.9,0.15014,1360.361778
2026-09-16T02:05:06.914Z,GMX,7.0991,10200,7.001,1360.361778
2026-09-16T02:05:06.914Z,IMX,3.3505,163.3,0.11615,1360.361778
2026-09-16T02:05:06.914Z,INJ,-18.0805,6020,5.402,1360.361778
2026-09-16T02:05:06.914Z,GRT,0.0838,23.2,0.01704,1360.361778
2026-09-16T02:05:06.914Z,SUI,0.2964,932.7,0.6836,1360.361778
2026-09-16T02:05:06.914Z,HYPE,0.2971,105100,77.03,1360.361778
2026-09-16T02:10:06.934Z,BTC,0.58,103434000,75595.7,1360.361778
2026-09-16T02:10:06.934Z,ETH,0.5414,3272000,2392.29,1360.361778
2026-09-16T02:10:06.934Z,SOL,0.7318,132400,96.62,1360.361778
2026-09-16T02:10:06.934Z,BNB,1.3768,977500,708.8,1360.361778
2026-09-16T02:10:06.934Z,XRP,0.5906,1751,1.2796,1360.361778
2026-09-16T02:10:06.934Z,ADA,0.6085,263.6,0.1926,1360.361778
2026-09-16T02:10:06.934Z,AVAX,0.593,9865,7.209,1360.361778
2026-09-16T02:10:06.934Z,DOT,-0.2885,1276,0.9407,1360.361778
2026-09-16T02:10:06.934Z,LINK,0.5379,14760,10.792,1360.361778
2026-09-16T02:10:06.934Z,POL,1.5432,125.8,0.09107,1360.361778
2026-09-16T02:10:06.934Z,DOGE,0.4884,108.8,0.07959,1360.361778
2026-09-16T02:10:06.934Z,TRX,1.1685,457,0.33206,1360.361778
2026-09-16T02:10:06.934Z,XLM,0.7245,238.5,0.17406,1360.361778
2026-09-16T02:10:06.934Z,SHIB,0.6984,0.0067,4.891e-06,1360.361778
2026-09-16T02:10:06.934Z,BCH,0.9065,297600,216.8,1360.361778
2026-09-16T02:10:06.934Z,UNI,2.2761,8725,6.271,1360.361778
2026-09-16T02:10:06.934Z,AAVE,0.2518,164200,120.4,1360.361778
2026-09-16T02:10:06.934Z,SUSHI,0.6641,281,0.2052,1360.361778
2026-09-16T02:10:06.934Z,LDO,5.0457,474,0.3317,1360.361778
2026-09-16T02:10:06.934Z,ICP,0.9826,3378,2.459,1360.361778
2026-09-16T02:10:06.934Z,NEAR,1.0761,3179,2.312,1360.361778
2026-09-16T02:10:06.934Z,HBAR,0.7845,101.1,0.07374,1360.361778
2026-09-16T02:10:06.934Z,XTZ,16.3583,390.5,0.2467,1360.361778
2026-09-16T02:10:06.934Z,DYDX,-0.4106,141.1,0.10415,1360.361778
2026-09-16T02:10:06.934Z,ARB,0.194,204.9,0.15033,1360.361778
2026-09-16T02:10:06.934Z,GMX,7.1909,10200,6.995,1360.361778
2026-09-16T02:10:06.934Z,IMX,3.4841,163.3,0.116,1360.361778
2026-09-16T02:10:06.934Z,INJ,-17.7608,6020,5.381,1360.361778
2026-09-16T02:10:06.934Z,GRT,0.2015,23.2,0.01702,1360.361778
2026-09-16T02:10:06.934Z,SUI,0.576,932.7,0.6817,1360.361778
2026-09-16T02:10:06.934Z,HYPE,0.4667,105100,76.9,1360.361778
2026-09-16T02:15:07.097Z,BTC,0.5992,103487000,75620,1360.361778
2026-09-16T02:15:07.097Z,ETH,0.6656,3276000,2392.26,1360.361778
2026-09-16T02:15:07.097Z,SOL,0.6693,132400,96.68,1360.361778
2026-09-16T02:15:07.097Z,BNB,1.2625,977500,709.6,1360.361778
2026-09-16T02:15:07.097Z,XRP,0.6112,1753,1.2808,1360.361778
2026-09-16T02:15:07.097Z,ADA,0.7569,264.4,0.1929,1360.361778
2026-09-16T02:15:07.097Z,AVAX,0.5651,9865,7.211,1360.361778
2026-09-16T02:15:07.097Z,DOT,-0.3521,1276,0.9413,1360.361778
2026-09-16T02:15:07.097Z,LINK,0.3798,14760,10.809,1360.361778
2026-09-16T02:15:07.097Z,POL,1.2541,125.8,0.09133,1360.361778
2026-09-16T02:15:07.097Z,DOGE,0.4379,108.8,0.07963,1360.361778
2026-09-16T02:15:07.097Z,TRX,1.0589,457,0.33242,1360.361778
2026-09-16T02:15:07.097Z,XLM,0.7273,239,0.17442,1360.361778
2026-09-16T02:15:07.097Z,SHIB,0.6161,0.0067,4.895e-06,1360.361778
2026-09-16T02:15:07.097Z,BCH,0.86,297600,216.9,1360.361778
2026-09-16T02:15:07.097Z,UNI,2.4395,8725,6.261,1360.361778
2026-09-16T02:15:07.097Z,AAVE,0.3435,164200,120.29,1360.361778
2026-09-16T02:15:07.097Z,SUSHI,0.4682,281,0.2056,1360.361778
2026-09-16T02:15:07.097Z,LDO,5.0141,474,0.3318,1360.361778
2026-09-16T02:15:07.097Z,ICP,0.8596,3378,2.462,1360.361778
2026-09-16T02:15:07.097Z,NEAR,0.9887,3179,2.314,1360.361778
2026-09-16T02:15:07.097Z,HBAR,0.7298,101.1,0.07378,1360.361778
2026-09-16T02:15:07.097Z,XTZ,16.0291,390.5,0.2474,1360.361778
2026-09-16T02:15:07.097Z,DYDX,-0.7251,141.1,0.10448,1360.361778
2026-09-16T02:15:07.097Z,ARB,0.1607,204.9,0.15038,1360.361778
2026-09-16T02:15:07.097Z,GMX,6.9616,10200,7.01,1360.361778
2026-09-16T02:15:07.097Z,IMX,3.0046,163.3,0.11654,1360.361778
2026-09-16T02:15:07.097Z,INJ,-17.7608,6020,5.381,1360.361778
2026-09-16T02:15:07.097Z,GRT,0.0838,23.2,0.01704,1360.361778
2026-09-16T02:15:07.097Z,SUI,0.4434,932.7,0.6826,1360.361778
2026-09-16T02:15:07.097Z,HYPE,0.331,105100,77.004,1360.361778
2026-09-16T02:20:06.886Z,BTC,0.5986,103723000,75792.9,1360.361778
2026-09-16T02:20:06.886Z,ETH,0.6132,3282000,2397.89,1360.361778
2026-09-16T02:20:06.886Z,SOL,0.3199,132500,97.09,1360.361778
2026-09-16T02:20:06.886Z,BNB,1.0489,977500,711.1,1360.361778
2026-09-16T02:20:06.886Z,XRP,0.6123,1760,1.2859,1360.361778
2026-09-16T02:20:06.886Z,ADA,0.6444,265.2,0.1937,1360.361778
2026-09-16T02:20:06.886Z,AVAX,0.1208,9865,7.243,1360.361778
2026-09-16T02:20:06.886Z,DOT,-0.6687,1276,0.9443,1360.361778
2026-09-16T02:20:06.886Z,LINK,-0.064,14760,10.857,1360.361778
2026-09-16T02:20:06.886Z,POL,1.2209,125.8,0.09136,1360.361778
2026-09-16T02:20:06.886Z,DOGE,0.1111,108.8,0.07989,1360.361778
2026-09-16T02:20:06.886Z,TRX,0.4778,454.7,0.33266,1360.361778
2026-09-16T02:20:06.886Z,XLM,0.6415,239.7,0.17508,1360.361778
2026-09-16T02:20:06.886Z,SHIB,0.3701,0.0067,4.907e-06,1360.361778
2026-09-16T02:20:06.886Z,BCH,0.3051,297600,218.1,1360.361778
2026-09-16T02:20:06.886Z,UNI,1.644,8725,6.31,1360.361778
2026-09-16T02:20:06.886Z,AAVE,0.0026,164200,120.7,1360.361778
2026-09-16T02:20:06.886Z,SUSHI,-0.0181,281,0.2066,1360.361778
2026-09-16T02:20:06.886Z,LDO,4.3536,474,0.3339,1360.361778
2026-09-16T02:20:06.886Z,ICP,0.411,3378,2.473,1360.361778
2026-09-16T02:20:06.886Z,NEAR,0.6841,3179,2.321,1360.361778
2026-09-16T02:20:06.886Z,HBAR,0.2002,101.1,0.07417,1360.361778
2026-09-16T02:20:06.886Z,XTZ,15.0064,390.5,0.2496,1360.361778
2026-09-16T02:20:06.886Z,DYDX,-1.3107,141.1,0.1051,1360.361778
2026-09-16T02:20:06.886Z,ARB,-0.4812,204.9,0.15135,1360.361778
2026-09-16T02:20:06.886Z,GMX,6.5058,10200,7.04,1360.361778
2026-09-16T02:20:06.886Z,IMX,2.4595,163.3,0.11716,1360.361778
2026-09-16T02:20:06.886Z,INJ,-18.1562,6020,5.407,1360.361778
2026-09-16T02:20:06.886Z,GRT,-0.5581,23.2,0.01715,1360.361778
2026-09-16T02:20:06.886Z,SUI,-0.0399,932.7,0.6859,1360.361778
2026-09-16T02:20:06.886Z,HYPE,0.1113,105100,77.173,1360.361778
2026-09-16T02:25:06.889Z,BTC,0.5492,103724000,75830.9,1360.361778
2026-09-16T02:25:06.889Z,ETH,0.5221,3280000,2398.6,1360.361778
2026-09-16T02:25:06.889Z,SOL,0.3199,132500,97.09,1360.361778
2026-09-16T02:25:06.889Z,BNB,0.9921,977500,711.5,1360.361778
2026-09-16T02:25:06.889Z,XRP,0.4483,1760,1.288,1360.361778
2026-09-16T02:25:06.889Z,ADA,0.6444,265.2,0.1937,1360.361778
2026-09-16T02:25:06.889Z,AVAX,0.1069,9865,7.244,1360.361778
2026-09-16T02:25:06.889Z,DOT,-0.7842,1276,0.9454,1360.361778
2026-09-16T02:25:06.889Z,LINK,-0.0548,14760,10.856,1360.361778
2026-09-16T02:25:06.889Z,POL,1.2098,125.8,0.09137,1360.361778
2026-09-16T02:25:06.889Z,DOGE,0.0234,108.8,0.07996,1360.361778
2026-09-16T02:25:06.889Z,TRX,0.5129,454.9,0.33269,1360.361778
2026-09-16T02:25:06.889Z,XLM,0.4808,239.7,0.17536,1360.361778
2026-09-16T02:25:06.889Z,SHIB,0.3701,0.0067,4.907e-06,1360.361778
2026-09-16T02:25:06.889Z,BCH,0.2591,297600,218.2,1360.361778
2026-09-16T02:25:06.889Z,UNI,1.5796,8725,6.314,1360.361778
2026-09-16T02:25:06.889Z,AAVE,-0.0388,164200,120.75,1360.361778
2026-09-16T02:25:06.889Z,SUSHI,-0.0664,281,0.2067,1360.361778
2026-09-16T02:25:06.889Z,LDO,4.5101,474,0.3334,1360.361778
2026-09-16T02:25:06.889Z,ICP,0.8186,3378,2.463,1360.361778
2026-09-16T02:25:06.889Z,NEAR,0.5541,3179,2.324,1360.361778
2026-09-16T02:25:06.889Z,HBAR,-0.1096,101.1,0.0744,1360.361778
2026-09-16T02:25:06.889Z,XTZ,15.2373,390.5,0.2491,1360.361778
2026-09-16T02:25:06.889Z,DYDX,-0.981,141.1,0.10475,1360.361778
2026-09-16T02:25:06.889Z,ARB,0.0543,204.9,0.15054,1360.361778
2026-09-16T02:25:06.889Z,GMX,6.4302,10200,7.045,1360.361778
2026-09-16T02:25:06.889Z,IMX,2.5383,163.3,0.11707,1360.361778
2026-09-16T02:25:06.889Z,INJ,-18.1713,6020,5.408,1360.361778
2026-09-16T02:25:06.889Z,GRT,-0.442,23.2,0.01713,1360.361778
2026-09-16T02:25:06.889Z,SUI,-0.1127,932.7,0.6864,1360.361778
2026-09-16T02:25:06.889Z,HYPE,0.2744,105600,77.414,1360.361778
2026-09-16T02:30:07.295Z,BTC,0.5159,103820000,75926.2,1360.361778
2026-09-16T02:30:07.295Z,ETH,0.4985,3284000,2402.09,1360.361778
2026-09-16T02:30:07.295Z,SOL,0.1651,132500,97.24,1360.361778
2026-09-16T02:30:07.295Z,BNB,0.8079,977500,712.8,1360.361778
2026-09-16T02:30:07.295Z,XRP,0.484,1765,1.2912,1360.361778
2026-09-16T02:30:07.295Z,ADA,0.437,265.2,0.1941,1360.361778
2026-09-16T02:30:07.295Z,AVAX,-0.0999,9865,7.259,1360.361778
2026-09-16T02:30:07.295Z,DOT,-0.8157,1276,0.9457,1360.361778
2026-09-16T02:30:07.295Z,LINK,0.4373,14860,10.876,1360.361778
2026-09-16T02:30:07.295Z,POL,1.1987,125.8,0.09138,1360.361778
2026-09-16T02:30:07.295Z,DOGE,0.2699,109.3,0.08013,1360.361778
2026-09-16T02:30:07.295Z,TRX,0.4495,454.9,0.3329,1360.361778
2026-09-16T02:30:07.295Z,XLM,0.178,239.7,0.17589,1360.361778
2026-09-16T02:30:07.295Z,SHIB,0.2067,0.0067,4.915e-06,1360.361778
2026-09-16T02:30:07.295Z,BCH,0.2591,297600,218.2,1360.361778
2026-09-16T02:30:07.295Z,UNI,1.6762,8725,6.308,1360.361778
2026-09-16T02:30:07.295Z,AAVE,-0.1132,164200,120.84,1360.361778
2026-09-16T02:30:07.295Z,SUSHI,-0.163,281,0.2069,1360.361778
2026-09-16T02:30:07.295Z,LDO,4.3224,474,0.334,1360.361778
2026-09-16T02:30:07.295Z,ICP,0.6552,3378,2.467,1360.361778
2026-09-16T02:30:07.295Z,NEAR,0.4245,3179,2.327,1360.361778
2026-09-16T02:30:07.295Z,HBAR,-0.2972,101.1,0.07454,1360.361778
2026-09-16T02:30:07.295Z,XTZ,14.8224,390.5,0.25,1360.361778
2026-09-16T02:30:07.295Z,DYDX,-1.292,141.1,0.10508,1360.361778
2026-09-16T02:30:07.295Z,ARB,-0.2571,204.9,0.15101,1360.361778
2026-09-16T02:30:07.295Z,GMX,6.3547,10200,7.05,1360.361778
2026-09-16T02:30:07.295Z,IMX,2.1022,163.3,0.11757,1360.361778
2026-09-16T02:30:07.295Z,INJ,-18.3676,6020,5.421,1360.361778
2026-09-16T02:30:07.295Z,GRT,-0.5001,23.2,0.01714,1360.361778
2026-09-16T02:30:07.295Z,SUI,-0.2435,932.7,0.6873,1360.361778
2026-09-16T02:30:07.295Z,HYPE,0.2718,105600,77.416,1360.361778
2026-09-16T02:35:06.873Z,BTC,0.4348,103837000,76000,1360.361778
2026-09-16T02:35:06.873Z,ETH,0.3499,3285000,2406.38,1360.361778
2026-09-16T02:35:06.873Z,SOL,0.0006,132500,97.4,1360.361778
2026-09-16T02:35:06.873Z,BNB,0.6667,977500,713.8,1360.361778
2026-09-16T02:35:06.873Z,XRP,0.4729,1770,1.295,1360.361778
2026-09-16T02:35:06.873Z,ADA,0.6083,266.2,0.1945,1360.361778
2026-09-16T02:35:06.873Z,AVAX,-0.3744,9865,7.279,1360.361778
2026-09-16T02:35:06.873Z,DOT,-1.0877,1276,0.9483,1360.361778
2026-09-16T02:35:06.873Z,LINK,0.1611,14860,10.906,1360.361778
2026-09-16T02:35:06.873Z,POL,1.2541,125.8,0.09133,1360.361778
2026-09-16T02:35:06.873Z,DOGE,0.5114,109.7,0.08023,1360.361778
2026-09-16T02:35:06.873Z,TRX,0.4736,454.9,0.33282,1360.361778
2026-09-16T02:35:06.873Z,XLM,-0.0549,239.7,0.1763,1360.361778
2026-09-16T02:35:06.873Z,SHIB,0.0642,0.0067,4.922e-06,1360.361778
2026-09-16T02:35:06.873Z,BCH,0.0756,297600,218.6,1360.361778
2026-09-16T02:35:06.873Z,UNI,1.3549,8725,6.328,1360.361778
2026-09-16T02:35:06.873Z,AAVE,-0.4674,164200,121.27,1360.361778
2026-09-16T02:35:06.873Z,SUSHI,-0.163,281,0.2069,1360.361778
2026-09-16T02:35:06.873Z,LDO,4.042,474,0.3349,1360.361778
2026-09-16T02:35:06.873Z,ICP,0.411,3378,2.473,1360.361778
2026-09-16T02:35:06.873Z,NEAR,0.2092,3179,2.332,1360.361778
2026-09-16T02:35:06.873Z,HBAR,-0.3507,101.1,0.07458,1360.361778
2026-09-16T02:35:06.873Z,XTZ,15.191,390.5,0.2492,1360.361778
2026-09-16T02:35:06.873Z,DYDX,-1.4327,141.1,0.10523,1360.361778
2026-09-16T02:35:06.873Z,ARB,-0.6781,204.9,0.15165,1360.361778
2026-09-16T02:35:06.873Z,GMX,6.4906,10200,7.041,1360.361778
2026-09-16T02:35:06.873Z,IMX,2.0241,163.3,0.11766,1360.361778
2026-09-16T02:35:06.873Z,INJ,-18.5629,6020,5.434,1360.361778
2026-09-16T02:35:06.873Z,GRT,-0.9048,23.2,0.01721,1360.361778
2026-09-16T02:35:06.873Z,SUI,0.4008,940.5,0.6886,1360.361778
2026-09-16T02:35:06.873Z,HYPE,0.0843,105600,77.561,1360.361778
2026-09-16T02:40:06.523Z,BTC,0.4099,103864000,76038.6,1360.361778
2026-09-16T02:40:06.523Z,ETH,0.4589,3292000,2408.89,1360.361778
2026-09-16T02:40:06.523Z,SOL,0.3607,133100,97.49,1360.361778
2026-09-16T02:40:06.523Z,BNB,0.5962,977500,714.3,1360.361778
2026-09-16T02:40:06.523Z,XRP,0.4497,1770,1.2953,1360.361778
2026-09-16T02:40:06.523Z,ADA,0.3881,266.3,0.195,1360.361778
2026-09-16T02:40:06.523Z,AVAX,-0.4565,9865,7.285,1360.361778
2026-09-16T02:40:06.523Z,DOT,-1.1814,1276,0.9492,1360.361778
2026-09-16T02:40:06.523Z,LINK,0.051,14860,10.918,1360.361778
2026-09-16T02:40:06.523Z,POL,0.7687,125.8,0.09177,1360.361778
2026-09-16T02:40:06.523Z,DOGE,0.4113,109.7,0.08031,1360.361778
2026-09-16T02:40:06.523Z,TRX,0.4797,454.9,0.3328,1360.361778
2026-09-16T02:40:06.523Z,XLM,-0.2699,239.7,0.17668,1360.361778
2026-09-16T02:40:06.523Z,SHIB,-0.1387,0.0067,4.932e-06,1360.361778
2026-09-16T02:40:06.523Z,BCH,-0.1072,297600,219,1360.361778
2026-09-16T02:40:06.523Z,UNI,1.1471,8725,6.341,1360.361778
2026-09-16T02:40:06.523Z,AAVE,-0.6313,164200,121.47,1360.361778
2026-09-16T02:40:06.523Z,SUSHI,-0.2113,281,0.207,1360.361778
2026-09-16T02:40:06.523Z,LDO,3.856,474,0.3355,1360.361778
2026-09-16T02:40:06.523Z,ICP,0.5329,3378,2.47,1360.361778
2026-09-16T02:40:06.523Z,NEAR,-0.1761,3179,2.341,1360.361778
2026-09-16T02:40:06.523Z,HBAR,-0.4308,101.1,0.07464,1360.361778
2026-09-16T02:40:06.523Z,XTZ,15.3762,390.5,0.2488,1360.361778
2026-09-16T02:40:06.523Z,DYDX,-1.3952,141.1,0.10519,1360.361778
2026-09-16T02:40:06.523Z,ARB,-1.6059,204.9,0.15308,1360.361778
2026-09-16T02:40:06.523Z,GMX,6.4755,10200,7.042,1360.361778
2026-09-16T02:40:06.523Z,IMX,2.0155,163.3,0.11767,1360.361778
2026-09-16T02:40:06.523Z,INJ,-18.6527,6020,5.44,1360.361778
2026-09-16T02:40:06.523Z,GRT,-0.7317,23.2,0.01718,1360.361778
2026-09-16T02:40:06.523Z,SUI,0.2553,940.5,0.6896,1360.361778
2026-09-16T02:40:06.523Z,HYPE,0.4083,106200,77.75,1360.361778
2026-09-16T02:45:06.975Z,BTC,0.4914,103790000,75922.8,1360.361778
2026-09-16T02:45:06.975Z,ETH,0.4639,3286000,2404.38,1360.361778
2026-09-16T02:45:06.975Z,SOL,0.5018,133000,97.28,1360.361778
2026-09-16T02:45:06.975Z,BNB,0.6949,977500,713.6,1360.361778
2026-09-16T02:45:06.975Z,XRP,0.45,1767,1.2931,1360.361778
2026-09-16T02:45:06.975Z,ADA,0.6461,266.3,0.1945,1360.361778
2026-09-16T02:45:06.975Z,AVAX,-0.1687,9865,7.264,1360.361778
2026-09-16T02:45:06.975Z,DOT,-1.0041,1276,0.9475,1360.361778
2026-09-16T02:45:06.975Z,LINK,0.3359,14860,10.887,1360.361778
2026-09-16T02:45:06.975Z,POL,0.9888,125.8,0.09157,1360.361778
2026-09-16T02:45:06.975Z,DOGE,0.6494,109.7,0.08012,1360.361778
2026-09-16T02:45:06.975Z,TRX,1.268,458.4,0.33275,1360.361778
2026-09-16T02:45:06.975Z,XLM,0.6836,241.8,0.17654,1360.361778
2026-09-16T02:45:06.975Z,SHIB,0.0642,0.0067,4.922e-06,1360.361778
2026-09-16T02:45:06.975Z,BCH,0.0756,297600,218.6,1360.361778
2026-09-16T02:45:06.975Z,UNI,1.3228,8725,6.33,1360.361778
2026-09-16T02:45:06.975Z,AAVE,-0.5002,164200,121.31,1360.361778
2026-09-16T02:45:06.975Z,SUSHI,-0.0181,281,0.2066,1360.361778
2026-09-16T02:45:06.975Z,LDO,3.9799,474,0.3351,1360.361778
2026-09-16T02:45:06.975Z,ICP,0.7368,3378,2.465,1360.361778
2026-09-16T02:45:06.975Z,NEAR,0.1233,3179,2.334,1360.361778
2026-09-16T02:45:06.975Z,HBAR,-0.2437,101.1,0.0745,1360.361778
2026-09-16T02:45:06.975Z,XTZ,15.7951,390.5,0.2479,1360.361778
2026-09-16T02:45:06.975Z,DYDX,-1.0188,141.1,0.10479,1360.361778
2026-09-16T02:45:06.975Z,ARB,-0.9394,204.9,0.15205,1360.361778
2026-09-16T02:45:06.975Z,GMX,6.2944,10200,7.054,1360.361778
2026-09-16T02:45:06.975Z,IMX,1.9635,163.3,0.11773,1360.361778
2026-09-16T02:45:06.975Z,INJ,-18.6676,6020,5.441,1360.361778
2026-09-16T02:45:06.975Z,GRT,-0.5581,23.2,0.01715,1360.361778
2026-09-16T02:45:06.975Z,SUI,0.503,940.5,0.6879,1360.361778
2026-09-16T02:45:06.975Z,HYPE,0.6725,106200,77.546,1360.361778
2026-09-16T02:50:07.097Z,BTC,0.4138,103760000,75959.5,1360.361778
2026-09-16T02:50:07.097Z,ETH,0.349,3285000,2406.4,1360.361778
2026-09-16T02:50:07.097Z,SOL,0.4295,133000,97.35,1360.361778
2026-09-16T02:50:07.097Z,BNB,0.6526,977500,713.9,1360.361778
2026-09-16T02:50:07.097Z,XRP,0.4811,1767,1.2927,1360.361778
2026-09-16T02:50:07.097Z,ADA,0.6461,266.3,0.1945,1360.361778
2026-09-16T02:50:07.097Z,AVAX,-0.2648,9865,7.271,1360.361778
2026-09-16T02:50:07.097Z,DOT,-1.0459,1276,0.9479,1360.361778
2026-09-16T02:50:07.097Z,LINK,0.3174,14860,10.889,1360.361778
2026-09-16T02:50:07.097Z,POL,0.9116,125.8,0.09164,1360.361778
2026-09-16T02:50:07.097Z,DOGE,0.5866,109.7,0.08017,1360.361778
2026-09-16T02:50:07.097Z,TRX,1.3563,458.8,0.33275,1360.361778
2026-09-16T02:50:07.097Z,XLM,0.5894,241.3,0.17634,1360.361778
2026-09-16T02:50:07.097Z,SHIB,-0.017,0.0067,4.926e-06,1360.361778
2026-09-16T02:50:07.097Z,BCH,0.0756,297600,218.6,1360.361778
2026-09-16T02:50:07.097Z,UNI,1.419,8725,6.324,1360.361778
2026-09-16T02:50:07.097Z,AAVE,-0.762,164200,121.63,1360.361778
2026-09-16T02:50:07.097Z,SUSHI,-0.2113,281,0.207,1360.361778
2026-09-16T02:50:07.097Z,LDO,3.9799,474,0.3351,1360.361778
2026-09-16T02:50:07.097Z,ICP,0.8186,3378,2.463,1360.361778
2026-09-16T02:50:07.097Z,NEAR,0.0804,3179,2.335,1360.361778
2026-09-16T02:50:07.097Z,HBAR,-0.2303,101.1,0.07449,1360.361778
2026-09-16T02:50:07.097Z,XTZ,15.8886,390.5,0.2477,1360.361778
2026-09-16T02:50:07.097Z,DYDX,-1.1697,141.1,0.10495,1360.361778
2026-09-16T02:50:07.097Z,ARB,-1.2964,204.9,0.1526,1360.361778
2026-09-16T02:50:07.097Z,GMX,6.4,10200,7.047,1360.361778
2026-09-16T02:50:07.097Z,IMX,2.0415,163.3,0.11764,1360.361778
2026-09-16T02:50:07.097Z,INJ,-18.7871,6020,5.449,1360.361778
2026-09-16T02:50:07.097Z,GRT,-0.616,23.2,0.01716,1360.361778
2026-09-16T02:50:07.097Z,SUI,0.4738,940.5,0.6881,1360.361778
2026-09-16T02:50:07.097Z,HYPE,0.5972,106200,77.604,1360.361778
2026-09-16T02:55:06.907Z,BTC,0.5192,103772000,75888.6,1360.361778
2026-09-16T02:55:06.907Z,ETH,0.5049,3286000,2403.4,1360.361778
2026-09-16T02:55:06.907Z,SOL,0.4985,132900,97.21,1360.361778
2026-09-16T02:55:06.907Z,BNB,0.8362,977500,712.6,1360.361778
2026-09-16T02:55:06.907Z,XRP,0.5029,1760,1.2873,1360.361778
2026-09-16T02:55:06.907Z,ADA,0.9055,266.3,0.194,1360.361778
2026-09-16T02:55:06.907Z,AVAX,-0.1412,9865,7.262,1360.361778
2026-09-16T02:55:06.907Z,DOT,-0.9623,1276,0.9471,1360.361778
2026-09-16T02:55:06.907Z,LINK,0.539,14860,10.865,1360.361778
2026-09-16T02:55:06.907Z,POL,1.1545,125.8,0.09142,1360.361778
2026-09-16T02:55:06.907Z,DOGE,0.4745,109.4,0.08004,1360.361778
2026-09-16T02:55:06.907Z,TRX,1.3838,458.8,0.33266,1360.361778
2026-09-16T02:55:06.907Z,XLM,0.6664,240.8,0.17584,1360.361778
2026-09-16T02:55:06.907Z,SHIB,0.1863,0.0067,4.916e-06,1360.361778
2026-09-16T02:55:06.907Z,BCH,0.1214,297600,218.5,1360.361778
2026-09-16T02:55:06.907Z,UNI,1.8215,8725,6.299,1360.361778
2026-09-16T02:55:06.907Z,AAVE,-0.4099,164200,121.2,1360.361778
2026-09-16T02:55:06.907Z,SUSHI,0.0304,281,0.2065,1360.361778
2026-09-16T02:55:06.907Z,LDO,4.0731,474,0.3348,1360.361778
2026-09-16T02:55:06.907Z,ICP,0.9006,3378,2.461,1360.361778
2026-09-16T02:55:06.907Z,NEAR,0.2522,3179,2.331,1360.361778
2026-09-16T02:55:06.907Z,HBAR,-0.029,101.1,0.07434,1360.361778
2026-09-16T02:55:06.907Z,XTZ,16.5473,390.5,0.2463,1360.361778
2026-09-16T02:55:06.907Z,DYDX,-1.1979,141.1,0.10498,1360.361778
2026-09-16T02:55:06.907Z,ARB,-1.1214,204.9,0.15233,1360.361778
2026-09-16T02:55:06.907Z,GMX,6.5512,10200,7.037,1360.361778
2026-09-16T02:55:06.907Z,IMX,2.0936,163.3,0.11758,1360.361778
2026-09-16T02:55:06.907Z,INJ,-18.7125,6020,5.444,1360.361778
2026-09-16T02:55:06.907Z,GRT,-0.442,23.2,0.01713,1360.361778
2026-09-16T02:55:06.907Z,SUI,0.5643,940.8,0.6877,1360.361778
2026-09-16T02:55:06.907Z,HYPE,0.7413,106200,77.493,1360.361778
2026-09-16T03:00:07.082Z,BTC,0.4296,103623000,75847.3,1360.361778
2026-09-16T03:00:07.082Z,ETH,0.3773,3280000,2402.06,1360.361778
2026-09-16T03:00:07.082Z,SOL,0.5399,132900,97.17,1360.361778
2026-09-16T03:00:07.082Z,BNB,0.8362,977500,712.6,1360.361778
2026-09-16T03:00:07.082Z,XRP,0.4741,1761,1.2884,1360.361778
2026-09-16T03:00:07.082Z,ADA,0.7497,266.3,0.1943,1360.361778
2026-09-16T03:00:07.082Z,AVAX,-0.1962,9865,7.266,1360.361778
2026-09-16T03:00:07.082Z,DOT,-1.0564,1276,0.948,1360.361778
2026-09-16T03:00:07.082Z,LINK,0.6595,14860,10.852,1360.361778
2026-09-16T03:00:07.082Z,POL,1.1655,125.8,0.09141,1360.361778
2026-09-16T03:00:07.082Z,DOGE,0.4494,109.4,0.08006,1360.361778
2026-09-16T03:00:07.082Z,TRX,1.3472,458.8,0.33278,1360.361778
2026-09-16T03:00:07.082Z,XLM,0.6492,240.8,0.17587,1360.361778
2026-09-16T03:00:07.082Z,SHIB,1.5783,0.0068,4.921e-06,1360.361778
2026-09-16T03:00:07.082Z,BCH,0.0299,297600,218.7,1360.361778
2026-09-16T03:00:07.082Z,UNI,1.9672,8725,6.29,1360.361778
2026-09-16T03:00:07.082Z,AAVE,-0.5412,164200,121.36,1360.361778
2026-09-16T03:00:07.082Z,SUSHI,0.0788,281,0.2064,1360.361778
2026-09-16T03:00:07.082Z,LDO,3.9799,474,0.3351,1360.361778
2026-09-16T03:00:07.082Z,ICP,0.8186,3378,2.463,1360.361778
2026-09-16T03:00:07.082Z,NEAR,0.2522,3179,2.331,1360.361778
2026-09-16T03:00:07.082Z,HBAR,-0.0559,101.1,0.07436,1360.361778
2026-09-16T03:00:07.082Z,XTZ,16.3112,390.5,0.2468,1360.361778
2026-09-16T03:00:07.082Z,DYDX,-1.2262,141.1,0.10501,1360.361778
2026-09-16T03:00:07.082Z,ARB,0.5014,206.8,0.15126,1360.361778
2026-09-16T03:00:07.082Z,GMX,6.4604,10200,7.043,1360.361778
2026-09-16T03:00:07.082Z,IMX,2.0241,163.3,0.11766,1360.361778
2026-09-16T03:00:07.082Z,INJ,-18.6676,6020,5.441,1360.361778
2026-09-16T03:00:07.082Z,GRT,-0.3838,23.2,0.01712,1360.361778
2026-09-16T03:00:07.082Z,SUI,0.266,939.1,0.6885,1360.361778
2026-09-16T03:00:07.082Z,HYPE,0.8637,106200,77.399,1360.361778
2026-09-16T03:05:06.905Z,BTC,0.431,103692000,75896.7,1360.361778
2026-09-16T03:05:06.905Z,ETH,0.3376,3280000,2403.01,1360.361778
2026-09-16T03:05:06.905Z,SOL,0.3679,132700,97.19,1360.361778
2026-09-16T03:05:06.905Z,BNB,0.7514,977500,713.2,1360.361778
2026-09-16T03:05:06.905Z,XRP,0.4323,1763,1.2904,1360.361778
2026-09-16T03:05:06.905Z,ADA,0.5227,265.7,0.1943,1360.361778
2026-09-16T03:05:06.905Z,AVAX,-0.2511,9865,7.27,1360.361778
2026-09-16T03:05:06.905Z,DOT,-1.1502,1276,0.9489,1360.361778
2026-09-16T03:05:06.905Z,LINK,0.5298,14860,10.866,1360.361778
2026-09-16T03:05:06.905Z,POL,1.1655,125.8,0.09141,1360.361778
2026-09-16T03:05:06.905Z,DOGE,0.4745,109.4,0.08004,1360.361778
2026-09-16T03:05:06.905Z,TRX,0.3642,454.5,0.33289,1360.361778
2026-09-16T03:05:06.905Z,XLM,0.5349,240.8,0.17607,1360.361778
2026-09-16T03:05:06.905Z,SHIB,1.5577,0.0068,4.922e-06,1360.361778
2026-09-16T03:05:06.905Z,BCH,0.0299,297600,218.7,1360.361778
2026-09-16T03:05:06.905Z,UNI,2.1784,8725,6.277,1360.361778
2026-09-16T03:05:06.905Z,AAVE,-0.3606,164200,121.14,1360.361778
2026-09-16T03:05:06.905Z,SUSHI,-0.0664,281,0.2067,1360.361778
2026-09-16T03:05:06.905Z,LDO,3.9799,474,0.3351,1360.361778
2026-09-16T03:05:06.905Z,ICP,0.696,3378,2.466,1360.361778
2026-09-16T03:05:06.905Z,NEAR,0.1233,3179,2.334,1360.361778
2026-09-16T03:05:06.905Z,HBAR,-0.0693,101.1,0.07437,1360.361778
2026-09-16T03:05:06.905Z,XTZ,15.8418,390.5,0.2478,1360.361778
2026-09-16T03:05:06.905Z,DYDX,-1.066,141.1,0.10484,1360.361778
2026-09-16T03:05:06.905Z,ARB,-0.4659,206.8,0.15273,1360.361778
2026-09-16T03:05:06.905Z,GMX,6.536,10200,7.038,1360.361778
2026-09-16T03:05:06.905Z,IMX,2.0415,163.3,0.11764,1360.361778
2026-09-16T03:05:06.905Z,INJ,-18.6676,6020,5.441,1360.361778
2026-09-16T03:05:06.905Z,GRT,-0.442,23.2,0.01713,1360.361778
2026-09-16T03:05:06.905Z,SUI,0.266,939.1,0.6885,1360.361778
2026-09-16T03:05:06.905Z,HYPE,0.727,106200,77.504,1360.361778
2026-09-16T03:10:07.055Z,BTC,0.4076,103580000,75832.4,1360.361778
2026-09-16T03:10:07.055Z,ETH,0.4246,3281000,2401.66,1360.361778
2026-09-16T03:10:07.055Z,SOL,0.3542,132600,97.13,1360.361778
2026-09-16T03:10:07.055Z,BNB,0.7231,977500,713.4,1360.361778
2026-09-16T03:10:07.055Z,XRP,0.409,1763,1.2907,1360.361778
2026-09-16T03:10:07.055Z,ADA,0.4332,265.6,0.1944,1360.361778
2026-09-16T03:10:07.055Z,AVAX,-0.2785,9865,7.272,1360.361778
2026-09-16T03:10:07.055Z,DOT,-1.2543,1276,0.9499,1360.361778
2026-09-16T03:10:07.055Z,LINK,0.5483,14860,10.864,1360.361778
2026-09-16T03:10:07.055Z,POL,1.2209,125.8,0.09136,1360.361778
2026-09-16T03:10:07.055Z,DOGE,0.4745,109.4,0.08004,1360.361778
2026-09-16T03:10:07.055Z,TRX,0.3521,454.5,0.33293,1360.361778
2026-09-16T03:10:07.055Z,XLM,0.6012,241,0.1761,1360.361778
2026-09-16T03:10:07.055Z,SHIB,1.7645,0.0068,4.912e-06,1360.361778
2026-09-16T03:10:07.055Z,BCH,0.0299,297600,218.7,1360.361778
2026-09-16T03:10:07.055Z,UNI,2.1784,8725,6.277,1360.361778
2026-09-16T03:10:07.055Z,AAVE,-0.2371,164200,120.99,1360.361778
2026-09-16T03:10:07.055Z,SUSHI,0.0788,281,0.2064,1360.361778
2026-09-16T03:10:07.055Z,LDO,4.1664,474,0.3345,1360.361778
2026-09-16T03:10:07.055Z,ICP,0.8186,3378,2.463,1360.361778
2026-09-16T03:10:07.055Z,NEAR,-0.0907,3179,2.339,1360.361778
2026-09-16T03:10:07.055Z,HBAR,-0.0155,101.1,0.07433,1360.361778
2026-09-16T03:10:07.055Z,XTZ,15.9822,390.5,0.2475,1360.361778
2026-09-16T03:10:07.055Z,DYDX,-1.1509,141.1,0.10493,1360.361778
2026-09-16T03:10:07.055Z,ARB,-0.687,206.8,0.15307,1360.361778
2026-09-16T03:10:07.055Z,GMX,6.6118,10200,7.033,1360.361778
2026-09-16T03:10:07.055Z,IMX,2.0241,163.3,0.11766,1360.361778
2026-09-16T03:10:07.055Z,INJ,-18.6975,6020,5.443,1360.361778
2026-09-16T03:10:07.055Z,GRT,-0.3838,23.2,0.01712,1360.361778
2026-09-16T03:10:07.055Z,SUI,0.2873,939.3,0.6885,1360.361778
2026-09-16T03:10:07.055Z,HYPE,0.7244,106200,77.506,1360.361778
2026-09-16T03:15:06.520Z,BTC,0.4088,103698000,75917.9,1360.361778
2026-09-16T03:15:06.520Z,ETH,0.4075,3286000,2405.73,1360.361778
2026-09-16T03:15:06.520Z,SOL,0.203,132700,97.35,1360.361778
2026-09-16T03:15:06.520Z,BNB,0.554,977500,714.6,1360.361778
2026-09-16T03:15:06.520Z,XRP,0.4239,1769,1.2949,1360.361778
2026-09-16T03:15:06.520Z,ADA,0.4497,266.6,0.1951,1360.361778
2026-09-16T03:15:06.520Z,AVAX,-0.4974,9865,7.288,1360.361778
2026-09-16T03:15:06.520Z,DOT,-1.4617,1276,0.9519,1360.361778
2026-09-16T03:15:06.520Z,LINK,0.2254,14860,10.899,1360.361778
2026-09-16T03:15:06.520Z,POL,1.0881,125.8,0.09148,1360.361778
2026-09-16T03:15:06.520Z,DOGE,0.2241,109.4,0.08024,1360.361778
2026-09-16T03:15:06.520Z,TRX,0.331,454.5,0.333,1360.361778
2026-09-16T03:15:06.520Z,XLM,0.2937,241,0.17664,1360.361778
2026-09-16T03:15:06.520Z,SHIB,0.0236,0.0067,4.924e-06,1360.361778
2026-09-16T03:15:06.520Z,BCH,-0.2438,297600,219.3,1360.361778
2026-09-16T03:15:06.520Z,UNI,1.7085,8725,6.306,1360.361778
2026-09-16T03:15:06.520Z,AAVE,-0.4592,164200,121.26,1360.361778
2026-09-16T03:15:06.520Z,SUSHI,-0.2113,281,0.207,1360.361778
2026-09-16T03:15:06.520Z,LDO,3.7941,474,0.3357,1360.361778
2026-09-16T03:15:06.520Z,ICP,0.7368,3378,2.465,1360.361778
2026-09-16T03:15:06.520Z,NEAR,-0.3038,3179,2.344,1360.361778
2026-09-16T03:15:06.520Z,HBAR,-0.2169,101.1,0.07448,1360.361778
2026-09-16T03:15:06.520Z,XTZ,16.0291,390.5,0.2474,1360.361778
2026-09-16T03:15:06.520Z,DYDX,-1.4327,141.1,0.10523,1360.361778
2026-09-16T03:15:06.520Z,ARB,-0.5961,206.8,0.15293,1360.361778
2026-09-16T03:15:06.520Z,GMX,6.3094,10200,7.053,1360.361778
2026-09-16T03:15:06.520Z,IMX,1.9808,163.3,0.11771,1360.361778
2026-09-16T03:15:06.520Z,INJ,-18.7274,6020,5.445,1360.361778
2026-09-16T03:15:06.520Z,GRT,-0.7317,23.2,0.01718,1360.361778
2026-09-16T03:15:06.520Z,SUI,-0.0321,939.3,0.6907,1360.361778
2026-09-16T03:15:06.520Z,HYPE,0.46,106200,77.71,1360.361778
2026-09-16T03:20:07.008Z,BTC,0.3599,103753000,75995.2,1360.361778
2026-09-16T03:20:07.008Z,ETH,0.4597,3291000,2408.14,1360.361778
2026-09-16T03:20:07.008Z,SOL,0.5289,133200,97.4,1360.361778
2026-09-16T03:20:07.008Z,BNB,0.5118,977500,714.9,1360.361778
2026-09-16T03:20:07.008Z,XRP,0.4546,1772,1.2967,1360.361778
2026-09-16T03:20:07.008Z,ADA,0.5212,267.2,0.1954,1360.361778
2026-09-16T03:20:07.008Z,AVAX,-0.6065,9865,7.296,1360.361778
2026-09-16T03:20:07.008Z,DOT,-1.5135,1276,0.9524,1360.361778
2026-09-16T03:20:07.008Z,LINK,0.5747,14920,10.905,1360.361778
2026-09-16T03:20:07.008Z,POL,0.9888,125.8,0.09157,1360.361778
2026-09-16T03:20:07.008Z,DOGE,0.2365,109.4,0.08023,1360.361778
2026-09-16T03:20:07.008Z,TRX,0.2919,454.5,0.33313,1360.361778
2026-09-16T03:20:07.008Z,XLM,0.4444,242.1,0.17718,1360.361778
2026-09-16T03:20:07.008Z,SHIB,1.3929,0.0068,4.93e-06,1360.361778
2026-09-16T03:20:07.008Z,BCH,-0.3801,297600,219.6,1360.361778
2026-09-16T03:20:07.008Z,UNI,0.3199,8640,6.331,1360.361778
2026-09-16T03:20:07.008Z,AAVE,-0.5084,164200,121.32,1360.361778
2026-09-16T03:20:07.008Z,SUSHI,-0.4037,281,0.2074,1360.361778
2026-09-16T03:20:07.008Z,LDO,3.4858,474,0.3367,1360.361778
2026-09-16T03:20:07.008Z,ICP,0.5736,3378,2.469,1360.361778
2026-09-16T03:20:07.008Z,NEAR,-0.9378,3179,2.359,1360.361778
2026-09-16T03:20:07.008Z,HBAR,-0.3507,101.1,0.07458,1360.361778
2026-09-16T03:20:07.008Z,XTZ,15.9822,390.5,0.2475,1360.361778
2026-09-16T03:20:07.008Z,DYDX,-1.4982,141.1,0.1053,1360.361778
2026-09-16T03:20:07.008Z,ARB,0.5308,211.1,0.15436,1360.361778
2026-09-16T03:20:07.008Z,GMX,6.174,10200,7.062,1360.361778
2026-09-16T03:20:07.008Z,IMX,1.8769,163.3,0.11783,1360.361778
2026-09-16T03:20:07.008Z,INJ,-18.9952,6020,5.463,1360.361778
2026-09-16T03:20:07.008Z,GRT,-0.6739,23.2,0.01717,1360.361778
2026-09-16T03:20:07.008Z,SUI,-0.2632,939.3,0.6923,1360.361778
2026-09-16T03:20:07.008Z,HYPE,0.3193,106200,77.819,1360.361778
2026-09-16T03:25:07.252Z,BTC,0.4552,103851000,75994.8,1360.361778
2026-09-16T03:25:07.252Z,ETH,0.4852,3293000,2408.99,1360.361778
2026-09-16T03:25:07.252Z,SOL,0.4947,133100,97.36,1360.361778
2026-09-16T03:25:07.252Z,BNB,0.5118,977500,714.9,1360.361778
2026-09-16T03:25:07.252Z,XRP,0.4394,1769,1.2947,1360.361778
2026-09-16T03:25:07.252Z,ADA,0.6241,267.2,0.1952,1360.361778
2026-09-16T03:25:07.252Z,AVAX,-0.5656,9865,7.293,1360.361778
2026-09-16T03:25:07.252Z,DOT,-1.5031,1276,0.9523,1360.361778
2026-09-16T03:25:07.252Z,LINK,0.4001,14890,10.902,1360.361778
2026-09-16T03:25:07.252Z,POL,0.8566,125.8,0.09169,1360.361778
2026-09-16T03:25:07.252Z,DOGE,0.3366,109.4,0.08015,1360.361778
2026-09-16T03:25:07.252Z,TRX,0.2828,454.5,0.33316,1360.361778
2026-09-16T03:25:07.252Z,XLM,0.4217,242.1,0.17722,1360.361778
2026-09-16T03:25:07.252Z,SHIB,1.3723,0.0068,4.931e-06,1360.361778
2026-09-16T03:25:07.252Z,BCH,-0.3347,297600,219.5,1360.361778
2026-09-16T03:25:07.252Z,UNI,0.1517,8695,6.382,1360.361778
2026-09-16T03:25:07.252Z,AAVE,-0.492,164200,121.3,1360.361778
2026-09-16T03:25:07.252Z,SUSHI,-0.3076,281,0.2072,1360.361778
2026-09-16T03:25:07.252Z,LDO,3.5473,474,0.3365,1360.361778
2026-09-16T03:25:07.252Z,ICP,0.5736,3378,2.469,1360.361778
2026-09-16T03:25:07.252Z,NEAR,-0.7695,3179,2.355,1360.361778
2026-09-16T03:25:07.252Z,HBAR,-0.2704,101.1,0.07452,1360.361778
2026-09-16T03:25:07.252Z,XTZ,15.8886,390.5,0.2477,1360.361778
2026-09-16T03:25:07.252Z,DYDX,-1.4701,141.1,0.10527,1360.361778
2026-09-16T03:25:07.252Z,ARB,0.9346,209.6,0.15265,1360.361778
2026-09-16T03:25:07.252Z,GMX,6.1289,10200,7.065,1360.361778
2026-09-16T03:25:07.252Z,IMX,1.7043,163.3,0.11803,1360.361778
2026-09-16T03:25:07.252Z,INJ,-19.3495,6020,5.487,1360.361778
2026-09-16T03:25:07.252Z,GRT,-0.616,23.2,0.01716,1360.361778
2026-09-16T03:25:07.252Z,SUI,-0.1189,939.3,0.6913,1360.361778
2026-09-16T03:25:07.252Z,HYPE,0.215,106200,77.9,1360.361778
2026-09-16T03:30:07.205Z,BTC,0.5341,103695000,75821.1,1360.361778
2026-09-16T03:30:07.205Z,ETH,0.5338,3287000,2403.44,1360.361778
2026-09-16T03:30:07.205Z,SOL,0.4746,132800,97.16,1360.361778
2026-09-16T03:30:07.205Z,BNB,0.6385,977500,714,1360.361778
2026-09-16T03:30:07.205Z,XRP,0.5146,1768,1.293,1360.361778
2026-09-16T03:30:07.205Z,ADA,0.8308,267.2,0.1948,1360.361778
2026-09-16T03:30:07.205Z,AVAX,-0.3333,9865,7.276,1360.361778
2026-09-16T03:30:07.205Z,DOT,-1.4514,1276,0.9518,1360.361778
2026-09-16T03:30:07.205Z,LINK,0.7884,14890,10.86,1360.361778
2026-09-16T03:30:07.205Z,POL,0.9888,125.8,0.09157,1360.361778
2026-09-16T03:30:07.205Z,DOGE,0.5373,109.4,0.07999,1360.361778
2026-09-16T03:30:07.205Z,TRX,1.2559,458.8,0.33308,1360.361778
2026-09-16T03:30:07.205Z,XLM,0.7515,242.1,0.17664,1360.361778
2026-09-16T03:30:07.205Z,SHIB,1.5577,0.0068,4.922e-06,1360.361778
2026-09-16T03:30:07.205Z,BCH,-0.1527,297600,219.1,1360.361778
2026-09-16T03:30:07.205Z,UNI,0.8788,8695,6.336,1360.361778
2026-09-16T03:30:07.205Z,AAVE,-0.171,164200,120.91,1360.361778
2026-09-16T03:30:07.205Z,SUSHI,0.2245,281,0.2061,1360.361778
2026-09-16T03:30:07.205Z,LDO,3.7632,474,0.3358,1360.361778
2026-09-16T03:30:07.205Z,ICP,0.6552,3378,2.467,1360.361778
2026-09-16T03:30:07.205Z,NEAR,-0.4737,3179,2.348,1360.361778
2026-09-16T03:30:07.205Z,HBAR,-0.029,101.1,0.07434,1360.361778
2026-09-16T03:30:07.205Z,XTZ,15.9822,390.5,0.2475,1360.361778
2026-09-16T03:30:07.205Z,DYDX,-1.3764,141.1,0.10517,1360.361778
2026-09-16T03:30:07.205Z,ARB,-0.9326,206.1,0.15293,1360.361778
2026-09-16T03:30:07.205Z,GMX,6.4755,10200,7.042,1360.361778
2026-09-16T03:30:07.205Z,IMX,2.0415,163.3,0.11764,1360.361778
2026-09-16T03:30:07.205Z,INJ,-19.01,6020,5.464,1360.361778
2026-09-16T03:30:07.205Z,GRT,-0.442,23.2,0.01713,1360.361778
2026-09-16T03:30:07.205Z,SUI,0.1128,939.3,0.6897,1360.361778
2026-09-16T03:30:07.205Z,HYPE,0.5363,106200,77.651,1360.361778
2026-09-16T03:35:07.130Z,BTC,0.5292,103683000,75816,1360.361778
2026-09-16T03:35:07.130Z,ETH,0.5194,3285000,2402.32,1360.361778
2026-09-16T03:35:07.130Z,SOL,0.4642,132800,97.17,1360.361778
2026-09-16T03:35:07.130Z,BNB,0.6949,977500,713.6,1360.361778
2026-09-16T03:35:07.130Z,XRP,0.5428,1770,1.2941,1360.361778
2026-09-16T03:35:07.130Z,ADA,0.8308,267.2,0.1948,1360.361778
2026-09-16T03:35:07.130Z,AVAX,-0.2373,9865,7.269,1360.361778
2026-09-16T03:35:07.130Z,DOT,-1.4203,1276,0.9515,1360.361778
2026-09-16T03:35:07.130Z,LINK,0.8627,14890,10.852,1360.361778
2026-09-16T03:35:07.130Z,POL,0.5714,125.8,0.09195,1360.361778
2026-09-16T03:35:07.130Z,DOGE,0.5373,109.4,0.07999,1360.361778
2026-09-16T03:35:07.130Z,TRX,1.2407,458.8,0.33313,1360.361778
2026-09-16T03:35:07.130Z,XLM,0.8028,242.1,0.17655,1360.361778
2026-09-16T03:35:07.130Z,SHIB,1.6403,0.0068,4.918e-06,1360.361778
2026-09-16T03:35:07.130Z,BCH,0.192,298900,219.3,1360.361778
2026-09-16T03:35:07.130Z,UNI,0.9107,8695,6.334,1360.361778
2026-09-16T03:35:07.130Z,AAVE,0.0939,164200,120.59,1360.361778
2026-09-16T03:35:07.130Z,SUSHI,0.1759,281,0.2062,1360.361778
2026-09-16T03:35:07.130Z,LDO,3.6706,474,0.3361,1360.361778
2026-09-16T03:35:07.130Z,ICP,0.4516,3378,2.472,1360.361778
2026-09-16T03:35:07.130Z,NEAR,-0.4737,3179,2.348,1360.361778
2026-09-16T03:35:07.130Z,HBAR,-0.029,101.1,0.07434,1360.361778
2026-09-16T03:35:07.130Z,XTZ,16.4055,390.5,0.2466,1360.361778
2026-09-16T03:35:07.130Z,DYDX,-1.4514,141.1,0.10525,1360.361778
2026-09-16T03:35:07.130Z,ARB,-0.8418,206.1,0.15279,1360.361778
2026-09-16T03:35:07.130Z,GMX,6.3547,10200,7.05,1360.361778
2026-09-16T03:35:07.130Z,IMX,2.1283,163.3,0.11754,1360.361778
2026-09-16T03:35:07.130Z,INJ,-18.921,6020,5.458,1360.361778
2026-09-16T03:35:07.130Z,GRT,-0.2673,23.2,0.0171,1360.361778
2026-09-16T03:35:07.130Z,SUI,0.7575,944.8,0.6893,1360.361778
2026-09-16T03:35:07.130Z,HYPE,0.6063,106200,77.597,1360.361778
2026-09-16T03:40:06.906Z,BTC,0.4797,103577000,75775.8,1360.361778
2026-09-16T03:40:06.906Z,ETH,0.5957,3285000,2400.5,1360.361778
2026-09-16T03:40:06.906Z,SOL,0.4816,132700,97.08,1360.361778
2026-09-16T03:40:06.906Z,BNB,0.4422,974500,713.2,1360.361778
2026-09-16T03:40:06.906Z,XRP,0.5015,1769,1.2939,1360.361778
2026-09-16T03:40:06.906Z,ADA,0.887,266.8,0.1944,1360.361778
2026-09-16T03:40:06.906Z,AVAX,-0.1962,9865,7.266,1360.361778
2026-09-16T03:40:06.906Z,DOT,-1.2647,1276,0.95,1360.361778
2026-09-16T03:40:06.906Z,LINK,0.611,14820,10.828,1360.361778
2026-09-16T03:40:06.906Z,POL,0.7028,125.8,0.09183,1360.361778
2026-09-16T03:40:06.906Z,DOGE,0.5876,109.4,0.07995,1360.361778
2026-09-16T03:40:06.906Z,TRX,0.4705,455.2,0.33305,1360.361778
2026-09-16T03:40:06.906Z,XLM,0.5398,241.4,0.1765,1360.361778
2026-09-16T03:40:06.906Z,SHIB,1.7645,0.0068,4.912e-06,1360.361778
2026-09-16T03:40:06.906Z,BCH,1.1893,301600,219.1,1360.361778
2026-09-16T03:40:06.906Z,UNI,0.6089,8695,6.353,1360.361778
2026-09-16T03:40:06.906Z,AAVE,0.1852,164200,120.48,1360.361778
2026-09-16T03:40:06.906Z,SUSHI,0.3219,281,0.2059,1360.361778
2026-09-16T03:40:06.906Z,LDO,3.7632,474,0.3358,1360.361778
2026-09-16T03:40:06.906Z,ICP,0.4516,3378,2.472,1360.361778
2026-09-16T03:40:06.906Z,NEAR,-0.2187,3179,2.342,1360.361778
2026-09-16T03:40:06.906Z,HBAR,-0.0424,101.1,0.07435,1360.361778
2026-09-16T03:40:06.906Z,XTZ,15.7951,390.5,0.2479,1360.361778
2026-09-16T03:40:06.906Z,DYDX,-1.4046,141.1,0.1052,1360.361778
2026-09-16T03:40:06.906Z,ARB,0.7197,207.4,0.15137,1360.361778
2026-09-16T03:40:06.906Z,GMX,6.4151,10200,7.046,1360.361778
2026-09-16T03:40:06.906Z,IMX,2.137,163.3,0.11753,1360.361778
2026-09-16T03:40:06.906Z,INJ,-18.8466,6020,5.453,1360.361778
2026-09-16T03:40:06.906Z,GRT,-0.209,23.2,0.01709,1360.361778
2026-09-16T03:40:06.906Z,SUI,0.5076,941.5,0.6886,1360.361778
2026-09-16T03:40:06.906Z,HYPE,0.7101,106200,77.517,1360.361778
2026-09-16T03:45:07.100Z,BTC,0.4747,103563000,75769.3,1360.361778
2026-09-16T03:45:07.100Z,ETH,0.4422,3281000,2401.24,1360.361778
2026-09-16T03:45:07.100Z,SOL,0.492,132700,97.07,1360.361778
2026-09-16T03:45:07.100Z,BNB,0.3999,974500,713.5,1360.361778
2026-09-16T03:45:07.100Z,XRP,0.4676,1771,1.2958,1360.361778
2026-09-16T03:45:07.100Z,ADA,0.8351,266.8,0.1945,1360.361778
2026-09-16T03:45:07.100Z,AVAX,-0.2511,9865,7.27,1360.361778
2026-09-16T03:45:07.100Z,DOT,-1.4203,1276,0.9515,1360.361778
2026-09-16T03:45:07.100Z,LINK,0.5553,14820,10.834,1360.361778
2026-09-16T03:45:07.100Z,POL,0.7467,125.8,0.09179,1360.361778
2026-09-16T03:45:07.100Z,DOGE,0.5373,109.4,0.07999,1360.361778
2026-09-16T03:45:07.100Z,TRX,0.4493,455.2,0.33312,1360.361778
2026-09-16T03:45:07.100Z,XLM,0.479,241.5,0.17668,1360.361778
2026-09-16T03:45:07.100Z,SHIB,1.6817,0.0068,4.916e-06,1360.361778
2026-09-16T03:45:07.100Z,BCH,0.9589,301600,219.6,1360.361778
2026-09-16T03:45:07.100Z,UNI,0.7516,8695,6.344,1360.361778
2026-09-16T03:45:07.100Z,AAVE,0.3268,164200,120.31,1360.361778
2026-09-16T03:45:07.100Z,SUSHI,0.3219,281,0.2059,1360.361778
2026-09-16T03:45:07.100Z,LDO,3.7014,474,0.336,1360.361778
2026-09-16T03:45:07.100Z,ICP,0.2893,3378,2.476,1360.361778
2026-09-16T03:45:07.100Z,NEAR,-0.3038,3179,2.344,1360.361778
2026-09-16T03:45:07.100Z,HBAR,-0.0155,101.1,0.07433,1360.361778
2026-09-16T03:45:07.100Z,XTZ,15.9822,390.5,0.2475,1360.361778
2026-09-16T03:45:07.100Z,DYDX,-1.3952,141.1,0.10519,1360.361778
2026-09-16T03:45:07.100Z,ARB,0.0981,207.4,0.15231,1360.361778
2026-09-16T03:45:07.100Z,GMX,6.5058,10200,7.04,1360.361778
2026-09-16T03:45:07.100Z,IMX,2.1109,163.3,0.11756,1360.361778
2026-09-16T03:45:07.100Z,INJ,-19.0248,6020,5.465,1360.361778
2026-09-16T03:45:07.100Z,GRT,-0.2673,23.2,0.0171,1360.361778
2026-09-16T03:45:07.100Z,SUI,0.5728,941.7,0.6883,1360.361778
2026-09-16T03:45:07.100Z,HYPE,0.7036,106200,77.522,1360.361778
2026-09-16T03:50:06.896Z,BTC,0.5246,103588000,75750,1360.361778
2026-09-16T03:50:06.896Z,ETH,0.5122,3282000,2400.3,1360.361778
2026-09-16T03:50:06.896Z,SOL,0.5127,132700,97.05,1360.361778
2026-09-16T03:50:06.896Z,BNB,0.4563,974500,713.1,1360.361778
2026-09-16T03:50:06.896Z,XRP,0.5709,1772,1.2952,1360.361778
2026-09-16T03:50:06.896Z,ADA,0.6083,266.2,0.1945,1360.361778
2026-09-16T03:50:06.896Z,AVAX,-0.2785,9865,7.272,1360.361778
2026-09-16T03:50:06.896Z,DOT,-1.4617,1276,0.9519,1360.361778
2026-09-16T03:50:06.896Z,LINK,0.6761,14820,10.821,1360.361778
2026-09-16T03:50:06.896Z,POL,0.6919,125.8,0.09184,1360.361778
2026-09-16T03:50:06.896Z,DOGE,0.6631,109.4,0.07989,1360.361778
2026-09-16T03:50:06.896Z,TRX,0.4373,455.2,0.33316,1360.361778
2026-09-16T03:50:06.896Z,XLM,0.5986,241.5,0.17647,1360.361778
2026-09-16T03:50:06.896Z,SHIB,1.7437,0.0068,4.913e-06,1360.361778
2026-09-16T03:50:06.896Z,BCH,1.0049,301600,219.5,1360.361778
2026-09-16T03:50:06.896Z,UNI,1.0064,8695,6.328,1360.361778
2026-09-16T03:50:06.896Z,AAVE,0.6279,164200,119.95,1360.361778
2026-09-16T03:50:06.896Z,SUSHI,0.4194,281,0.2057,1360.361778
2026-09-16T03:50:06.896Z,LDO,3.9179,474,0.3353,1360.361778
2026-09-16T03:50:06.896Z,ICP,0.3704,3378,2.474,1360.361778
2026-09-16T03:50:06.896Z,NEAR,-0.3888,3179,2.346,1360.361778
2026-09-16T03:50:06.896Z,HBAR,0.1462,101.1,0.07421,1360.361778
2026-09-16T03:50:06.896Z,XTZ,15.9822,390.5,0.2475,1360.361778
2026-09-16T03:50:06.896Z,DYDX,-1.3483,141.1,0.10514,1360.361778
2026-09-16T03:50:06.896Z,ARB,0.2891,207.4,0.15202,1360.361778
2026-09-16T03:50:06.896Z,GMX,6.4151,10200,7.046,1360.361778
2026-09-16T03:50:06.896Z,IMX,2.2849,163.3,0.11736,1360.361778
2026-09-16T03:50:06.896Z,INJ,-19.0693,6020,5.468,1360.361778
2026-09-16T03:50:06.896Z,GRT,-0.0335,23.2,0.01706,1360.361778
2026-09-16T03:50:06.896Z,SUI,0.6751,941.7,0.6876,1360.361778
2026-09-16T03:50:06.896Z,HYPE,0.8558,106200,77.405,1360.361778
2026-09-16T03:55:06.889Z,BTC,0.4854,103520000,75729.8,1360.361778
2026-09-16T03:55:06.889Z,ETH,0.5138,3281000,2399.53,1360.361778
2026-09-16T03:55:06.889Z,SOL,0.492,132700,97.07,1360.361778
2026-09-16T03:55:06.889Z,BNB,0.4422,974500,713.2,1360.361778
2026-09-16T03:55:06.889Z,XRP,0.5244,1772,1.2958,1360.361778
2026-09-16T03:55:06.889Z,ADA,0.6083,266.2,0.1945,1360.361778
2026-09-16T03:55:06.889Z,AVAX,-0.2922,9865,7.273,1360.361778
2026-09-16T03:55:06.889Z,DOT,-1.4514,1276,0.9518,1360.361778
2026-09-16T03:55:06.889Z,LINK,0.6203,14820,10.827,1360.361778
2026-09-16T03:55:06.889Z,POL,0.6699,125.8,0.09186,1360.361778
2026-09-16T03:55:06.889Z,DOGE,0.546,109.3,0.07991,1360.361778
2026-09-16T03:55:06.889Z,TRX,0.4976,455.2,0.33296,1360.361778
2026-09-16T03:55:06.889Z,XLM,0.6249,241.7,0.17657,1360.361778
2026-09-16T03:55:06.889Z,SHIB,1.6817,0.0068,4.916e-06,1360.361778
2026-09-16T03:55:06.889Z,BCH,1.0509,301600,219.4,1360.361778
2026-09-16T03:55:06.889Z,UNI,1.3427,8695,6.307,1360.361778
2026-09-16T03:55:06.889Z,AAVE,0.6783,164200,119.89,1360.361778
2026-09-16T03:55:06.889Z,SUSHI,0.4682,281,0.2056,1360.361778
2026-09-16T03:55:06.889Z,LDO,3.7941,474,0.3357,1360.361778
2026-09-16T03:55:06.889Z,ICP,0.3704,3378,2.474,1360.361778
2026-09-16T03:55:06.889Z,NEAR,-0.3888,3179,2.346,1360.361778
2026-09-16T03:55:06.889Z,HBAR,0.2137,101.1,0.07416,1360.361778
2026-09-16T03:55:06.889Z,XTZ,16.123,390.5,0.2472,1360.361778
2026-09-16T03:55:06.889Z,DYDX,-1.3201,141.1,0.10511,1360.361778
2026-09-16T03:55:06.889Z,ARB,0.3023,207.4,0.152,1360.361778
2026-09-16T03:55:06.889Z,GMX,6.1439,10200,7.064,1360.361778
2026-09-16T03:55:06.889Z,IMX,2.3896,163.3,0.11724,1360.361778
2026-09-16T03:55:06.889Z,INJ,-18.9803,6020,5.462,1360.361778
2026-09-16T03:55:06.889Z,GRT,-0.0335,23.2,0.01706,1360.361778
2026-09-16T03:55:06.889Z,SUI,0.5435,941.7,0.6885,1360.361778
2026-09-16T03:55:06.889Z,HYPE,0.8428,106200,77.415,1360.361778
2026-09-16T04:00:07.097Z,BTC,0.4696,103592000,75794.4,1360.361778
2026-09-16T04:00:07.097Z,ETH,0.5051,3283000,2401.2,1360.361778
2026-09-16T04:00:07.097Z,SOL,0.4332,132800,97.2,1360.361778
2026-09-16T04:00:07.097Z,BNB,0.3577,974500,713.8,1360.361778
2026-09-16T04:00:07.097Z,XRP,0.5268,1773,1.2965,1360.361778
2026-09-16T04:00:07.097Z,ADA,0.5566,266.2,0.1946,1360.361778
2026-09-16T04:00:07.097Z,AVAX,-0.4154,9865,7.282,1360.361778
2026-09-16T04:00:07.097Z,DOT,-1.5238,1276,0.9525,1360.361778
2026-09-16T04:00:07.097Z,LINK,0.6761,14820,10.821,1360.361778
2026-09-16T04:00:07.097Z,POL,0.6371,125.8,0.09189,1360.361778
2026-09-16T04:00:07.097Z,DOGE,0.4454,109.3,0.07999,1360.361778
2026-09-16T04:00:07.097Z,TRX,0.4493,455.2,0.33312,1360.361778
2026-09-16T04:00:07.097Z,XLM,0.5714,241.9,0.17681,1360.361778
2026-09-16T04:00:07.097Z,SHIB,1.5165,0.0068,4.924e-06,1360.361778
2026-09-16T04:00:07.097Z,BCH,1.0049,301600,219.5,1360.361778
2026-09-16T04:00:07.097Z,UNI,0.8788,8695,6.336,1360.361778
2026-09-16T04:00:07.097Z,AAVE,0.2685,164200,120.38,1360.361778
2026-09-16T04:00:07.097Z,SUSHI,0.2732,281,0.206,1360.361778
2026-09-16T04:00:07.097Z,LDO,3.6397,474,0.3362,1360.361778
2026-09-16T04:00:07.097Z,ICP,0.3298,3378,2.475,1360.361778
2026-09-16T04:00:07.097Z,NEAR,-0.3888,3179,2.346,1360.361778
2026-09-16T04:00:07.097Z,HBAR,0.0787,101.1,0.07426,1360.361778
2026-09-16T04:00:07.097Z,XTZ,16.076,390.5,0.2473,1360.361778
2026-09-16T04:00:07.097Z,DYDX,-1.3014,141.1,0.10509,1360.361778
2026-09-16T04:00:07.097Z,ARB,0.8221,208.9,0.15231,1360.361778
2026-09-16T04:00:07.097Z,GMX,6.2191,10200,7.059,1360.361778
2026-09-16T04:00:07.097Z,IMX,2.1892,163.3,0.11747,1360.361778
2026-09-16T04:00:07.097Z,INJ,-19.0248,6020,5.465,1360.361778
2026-09-16T04:00:07.097Z,GRT,-0.0335,23.2,0.01706,1360.361778
2026-09-16T04:00:07.097Z,SUI,0.4123,941.7,0.6894,1360.361778
2026-09-16T04:00:07.097Z,HYPE,0.5192,106000,77.518,1360.361778
2026-09-16T04:05:07.094Z,BTC,0.4352,103674000,75880.4,1360.361778
2026-09-16T04:05:07.094Z,ETH,0.4693,3286000,2404.25,1360.361778
2026-09-16T04:05:07.094Z,SOL,0.3437,132900,97.36,1360.361778
2026-09-16T04:05:07.094Z,BNB,0.1753,974500,715.1,1360.361778
2026-09-16T04:05:07.094Z,XRP,0.5389,1778,1.3,1360.361778
2026-09-16T04:05:07.094Z,ADA,0.4735,266.8,0.1952,1360.361778
2026-09-16T04:05:07.094Z,AVAX,-0.6882,9865,7.302,1360.361778
2026-09-16T04:05:07.094Z,DOT,-1.7816,1276,0.955,1360.361778
2026-09-16T04:05:07.094Z,LINK,0.5089,14820,10.839,1360.361778
2026-09-16T04:05:07.094Z,POL,0.6809,125.8,0.09185,1360.361778
2026-09-16T04:05:07.094Z,DOGE,0.2449,109.3,0.08015,1360.361778
2026-09-16T04:05:07.094Z,TRX,0.3259,455.2,0.33353,1360.361778
2026-09-16T04:05:07.094Z,XLM,0.5497,242.6,0.17736,1360.361778
2026-09-16T04:05:07.094Z,SHIB,1.3312,0.0068,4.933e-06,1360.361778
2026-09-16T04:05:07.094Z,BCH,0.7295,301600,220.1,1360.361778
2026-09-16T04:05:07.094Z,UNI,0.4508,8695,6.363,1360.361778
2026-09-16T04:05:07.094Z,AAVE,-0.3112,164200,121.08,1360.361778
2026-09-16T04:05:07.094Z,SUSHI,-0.1147,281,0.2068,1360.361778
2026-09-16T04:05:07.094Z,LDO,3.3937,474,0.337,1360.361778
2026-09-16T04:05:07.094Z,ICP,0.2084,3378,2.478,1360.361778
2026-09-16T04:05:07.094Z,NEAR,-0.8537,3179,2.357,1360.361778
2026-09-16T04:05:07.094Z,HBAR,-0.2972,101.1,0.07454,1360.361778
2026-09-16T04:05:07.094Z,XTZ,15.7017,390.5,0.2481,1360.361778
2026-09-16T04:05:07.094Z,DYDX,-1.5356,141.1,0.10534,1360.361778
2026-09-16T04:05:07.094Z,ARB,-0.1742,208.9,0.15383,1360.361778
2026-09-16T04:05:07.094Z,GMX,6.204,10200,7.06,1360.361778
2026-09-16T04:05:07.094Z,IMX,2.0328,163.3,0.11765,1360.361778
2026-09-16T04:05:07.094Z,INJ,-19.2022,6020,5.477,1360.361778
2026-09-16T04:05:07.094Z,GRT,-0.6739,23.2,0.01717,1360.361778
2026-09-16T04:05:07.094Z,SUI,0.0206,941.7,0.6921,1360.361778
2026-09-16T04:05:07.094Z,HYPE,0.4065,106000,77.605,1360.361778
2026-09-16T04:10:06.880Z,BTC,0.4944,103650000,75818.1,1360.361778
2026-09-16T04:10:06.880Z,ETH,0.4628,3282000,2401.48,1360.361778
2026-09-16T04:10:06.880Z,SOL,0.5018,133000,97.28,1360.361778
2026-09-16T04:10:06.880Z,BNB,0.2314,974500,714.7,1360.361778
2026-09-16T04:10:06.880Z,XRP,0.4978,1777,1.2998,1360.361778
2026-09-16T04:10:06.880Z,ADA,0.4735,266.8,0.1952,1360.361778
2026-09-16T04:10:06.880Z,AVAX,-0.6474,9865,7.299,1360.361778
2026-09-16T04:10:06.880Z,DOT,-1.6786,1276,0.954,1360.361778
2026-09-16T04:10:06.880Z,LINK,0.5739,14820,10.832,1360.361778
2026-09-16T04:10:06.880Z,POL,0.7248,125.8,0.09181,1360.361778
2026-09-16T04:10:06.880Z,DOGE,0.2699,109.3,0.08013,1360.361778
2026-09-16T04:10:06.880Z,TRX,0.3199,455.2,0.33355,1360.361778
2026-09-16T04:10:06.880Z,XLM,0.7656,242.6,0.17698,1360.361778
2026-09-16T04:10:06.880Z,SHIB,1.3723,0.0068,4.931e-06,1360.361778
2026-09-16T04:10:06.880Z,BCH,0.9589,301600,219.6,1360.361778
2026-09-16T04:10:06.880Z,UNI,0.5456,8695,6.357,1360.361778
2026-09-16T04:10:06.880Z,AAVE,-0.1793,164200,120.92,1360.361778
2026-09-16T04:10:06.880Z,SUSHI,-0.163,281,0.2069,1360.361778
2026-09-16T04:10:06.880Z,LDO,3.6089,474,0.3363,1360.361778
2026-09-16T04:10:06.880Z,ICP,0.0469,3378,2.482,1360.361778
2026-09-16T04:10:06.880Z,NEAR,-0.6852,3179,2.353,1360.361778
2026-09-16T04:10:06.880Z,HBAR,-0.2838,101.1,0.07453,1360.361778
2026-09-16T04:10:06.880Z,XTZ,15.9354,390.5,0.2476,1360.361778
2026-09-16T04:10:06.880Z,DYDX,-1.6383,141.1,0.10545,1360.361778
2026-09-16T04:10:06.880Z,ARB,-0.2001,208.9,0.15387,1360.361778
2026-09-16T04:10:06.880Z,GMX,6.204,10200,7.06,1360.361778
2026-09-16T04:10:06.880Z,IMX,2.0415,163.3,0.11764,1360.361778
2026-09-16T04:10:06.880Z,INJ,-18.9358,6020,5.459,1360.361778
2026-09-16T04:10:06.880Z,GRT,-0.616,23.2,0.01716,1360.361778
2026-09-16T04:10:06.880Z,SUI,0.1508,941.7,0.6912,1360.361778
2026-09-16T04:10:06.880Z,HYPE,0.6906,106000,77.386,1360.361778
2026-09-16T04:15:06.881Z,BTC,0.5031,103689000,75840.1,1360.361778
2026-09-16T04:15:06.881Z,ETH,0.4364,3282000,2402.11,1360.361778
2026-09-16T04:15:06.881Z,SOL,0.4501,133000,97.33,1360.361778
2026-09-16T04:15:06.881Z,BNB,0.2875,974500,714.3,1360.361778
2026-09-16T04:15:06.881Z,XRP,0.4973,1780,1.302,1360.361778
2026-09-16T04:15:06.881Z,ADA,0.5488,267,0.1952,1360.361778
2026-09-16T04:15:06.881Z,AVAX,-0.7562,9865,7.307,1360.361778
2026-09-16T04:15:06.881Z,DOT,-1.658,1276,0.9538,1360.361778
2026-09-16T04:15:06.881Z,LINK,0.4996,14820,10.84,1360.361778
2026-09-16T04:15:06.881Z,POL,0.4731,125.8,0.09204,1360.361778
2026-09-16T04:15:06.881Z,DOGE,0.2199,109.3,0.08017,1360.361778
2026-09-16T04:15:06.881Z,TRX,0.2928,455.2,0.33364,1360.361778
2026-09-16T04:15:06.881Z,XLM,0.6217,242.5,0.17716,1360.361778
2026-09-16T04:15:06.881Z,SHIB,1.3929,0.0068,4.93e-06,1360.361778
2026-09-16T04:15:06.881Z,BCH,0.9129,301600,219.7,1360.361778
2026-09-16T04:15:06.881Z,UNI,0.4981,8695,6.36,1360.361778
2026-09-16T04:15:06.881Z,AAVE,-0.1876,164200,120.93,1360.361778
2026-09-16T04:15:06.881Z,SUSHI,-0.2594,281,0.2071,1360.361778
2026-09-16T04:15:06.881Z,LDO,3.363,474,0.3371,1360.361778
2026-09-16T04:15:06.881Z,ICP,-0.4744,3378,2.495,1360.361778
2026-09-16T04:15:06.881Z,NEAR,-0.7695,3179,2.355,1360.361778
2026-09-16T04:15:06.881Z,HBAR,0.9307,102.4,0.07458,1360.361778
2026-09-16T04:15:06.881Z,XTZ,16.0291,390.5,0.2474,1360.361778
2026-09-16T04:15:06.881Z,DYDX,-1.5636,141.1,0.10537,1360.361778
2026-09-16T04:15:06.881Z,ARB,-0.1157,208.9,0.15374,1360.361778
2026-09-16T04:15:06.881Z,GMX,6.2793,10200,7.055,1360.361778
2026-09-16T04:15:06.881Z,IMX,2.1631,163.3,0.1175,1360.361778
2026-09-16T04:15:06.881Z,INJ,-19.0248,6020,5.465,1360.361778
2026-09-16T04:15:06.881Z,GRT,-0.7317,23.2,0.01718,1360.361778
2026-09-16T04:15:06.881Z,SUI,0.1653,941.7,0.6911,1360.361778
2026-09-16T04:15:06.881Z,HYPE,0.4628,105700,77.342,1360.361778
2026-09-16T04:20:06.914Z,BTC,0.4845,103615000,75800,1360.361778
2026-09-16T04:20:06.914Z,ETH,0.5131,3283000,2401.01,1360.361778
2026-09-16T04:20:06.914Z,SOL,0.4056,132900,97.3,1360.361778
2026-09-16T04:20:06.914Z,BNB,0.2875,974500,714.3,1360.361778
2026-09-16T04:20:06.914Z,XRP,0.5002,1778,1.3005,1360.361778
2026-09-16T04:20:06.914Z,ADA,0.515,266.5,0.1949,1360.361778
2026-09-16T04:20:06.914Z,AVAX,-0.6882,9865,7.302,1360.361778
2026-09-16T04:20:06.914Z,DOT,-1.5238,1276,0.9525,1360.361778
2026-09-16T04:20:06.914Z,LINK,0.8345,14820,10.804,1360.361778
2026-09-16T04:20:06.914Z,POL,0.4949,125.8,0.09202,1360.361778
2026-09-16T04:20:06.914Z,DOGE,0.2449,109.3,0.08015,1360.361778
2026-09-16T04:20:06.914Z,TRX,0.3018,455.2,0.33361,1360.361778
2026-09-16T04:20:06.914Z,XLM,0.7183,242.5,0.17699,1360.361778
2026-09-16T04:20:06.914Z,SHIB,1.4958,0.0068,4.925e-06,1360.361778
2026-09-16T04:20:06.914Z,BCH,1.0049,301600,219.5,1360.361778
2026-09-16T04:20:06.914Z,UNI,0.5298,8695,6.358,1360.361778
2026-09-16T04:20:06.914Z,AAVE,-0.0967,164200,120.82,1360.361778
2026-09-16T04:20:06.914Z,SUSHI,-0.2594,281,0.2071,1360.361778
2026-09-16T04:20:06.914Z,LDO,3.4858,474,0.3367,1360.361778
2026-09-16T04:20:06.914Z,ICP,-0.4744,3378,2.495,1360.361778
2026-09-16T04:20:06.914Z,NEAR,-0.6007,3179,2.351,1360.361778
2026-09-16T04:20:06.914Z,HBAR,1.0391,102.4,0.0745,1360.361778
2026-09-16T04:20:06.914Z,XTZ,15.7951,390.5,0.2479,1360.361778
2026-09-16T04:20:06.914Z,DYDX,-1.8802,141.1,0.10571,1360.361778
2026-09-16T04:20:06.914Z,ARB,-0.4911,208.9,0.15432,1360.361778
2026-09-16T04:20:06.914Z,GMX,6.3849,10200,7.048,1360.361778
2026-09-16T04:20:06.914Z,IMX,2.1805,163.3,0.11748,1360.361778
2026-09-16T04:20:06.914Z,INJ,-18.8912,6020,5.456,1360.361778
2026-09-16T04:20:06.914Z,GRT,-0.7317,23.2,0.01718,1360.361778
2026-09-16T04:20:06.914Z,SUI,0.325,941.7,0.69,1360.361778
2026-09-16T04:20:06.914Z,HYPE,0.5993,105700,77.237,1360.361778
2026-09-16T04:25:07.552Z,BTC,0.4262,103731000,75928.9,1360.361778
2026-09-16T04:25:07.552Z,ETH,0.4372,3287000,2405.75,1360.361778
2026-09-16T04:25:07.552Z,SOL,0.3298,133100,97.52,1360.361778
2026-09-16T04:25:07.552Z,BNB,0.1193,974500,715.5,1360.361778
2026-09-16T04:25:07.552Z,XRP,0.5143,1787,1.3069,1360.361778
2026-09-16T04:25:07.552Z,ADA,0.6122,268.4,0.1961,1360.361778
2026-09-16T04:25:07.552Z,AVAX,-1.0406,9865,7.328,1360.361778
2026-09-16T04:25:07.552Z,DOT,-1.7919,1276,0.9551,1360.361778
2026-09-16T04:25:07.552Z,LINK,0.407,14820,10.85,1360.361778
2026-09-16T04:25:07.552Z,POL,0.4731,125.8,0.09204,1360.361778
2026-09-16T04:25:07.552Z,DOGE,0.5684,110.2,0.08055,1360.361778
2026-09-16T04:25:07.552Z,TRX,0.1817,455.2,0.33401,1360.361778
2026-09-16T04:25:07.552Z,XLM,0.6797,242.9,0.17735,1360.361778
2026-09-16T04:25:07.552Z,SHIB,1.0445,0.0068,4.947e-06,1360.361778
2026-09-16T04:25:07.552Z,BCH,0.5468,301600,220.5,1360.361778
2026-09-16T04:25:07.552Z,UNI,-0.6577,8695,6.434,1360.361778
2026-09-16T04:25:07.552Z,AAVE,-0.5822,164200,121.41,1360.361778
2026-09-16T04:25:07.552Z,SUSHI,-0.7387,281,0.2081,1360.361778
2026-09-16T04:25:07.552Z,LDO,2.9964,474,0.3383,1360.361778
2026-09-16T04:25:07.552Z,ICP,-1.1873,3378,2.513,1360.361778
2026-09-16T04:25:07.552Z,NEAR,-0.9797,3179,2.36,1360.361778
2026-09-16T04:25:07.552Z,HBAR,0.809,102.4,0.07467,1360.361778
2026-09-16T04:25:07.552Z,XTZ,15.6551,390.5,0.2482,1360.361778
2026-09-16T04:25:07.552Z,DYDX,-2.1764,141.1,0.10603,1360.361778
2026-09-16T04:25:07.552Z,ARB,-0.9021,208.9,0.15496,1360.361778
2026-09-16T04:25:07.552Z,GMX,5.8442,10200,7.084,1360.361778
2026-09-16T04:25:07.552Z,IMX,1.8942,163.3,0.11781,1360.361778
2026-09-16T04:25:07.552Z,INJ,-18.9803,6020,5.462,1360.361778
2026-09-16T04:25:07.552Z,GRT,-1.3062,23.2,0.01728,1360.361778
2026-09-16T04:25:07.552Z,SUI,0.4148,949.1,0.6948,1360.361778
2026-09-16T04:25:07.552Z,HYPE,0.2851,105700,77.479,1360.361778
2026-09-16T04:30:06.993Z,BTC,0.4722,103657000,75840,1360.361778
2026-09-16T04:30:06.993Z,ETH,0.501,3285000,2402.76,1360.361778
2026-09-16T04:30:06.993Z,SOL,0.3437,132900,97.36,1360.361778
2026-09-16T04:30:06.993Z,BNB,0.3296,974500,714,1360.361778
2026-09-16T04:30:06.993Z,XRP,0.4738,1783,1.3045,1360.361778
2026-09-16T04:30:06.993Z,ADA,0.5073,267.3,0.1955,1360.361778
2026-09-16T04:30:06.993Z,AVAX,-0.9459,9865,7.321,1360.361778
2026-09-16T04:30:06.993Z,DOT,-1.6786,1276,0.954,1360.361778
2026-09-16T04:30:06.993Z,LINK,0.6296,14820,10.826,1360.361778
2026-09-16T04:30:06.993Z,POL,0.7028,125.8,0.09183,1360.361778
2026-09-16T04:30:06.993Z,DOGE,0.5318,109.9,0.08036,1360.361778
2026-09-16T04:30:06.993Z,TRX,0.2027,455.2,0.33394,1360.361778
2026-09-16T04:30:06.993Z,XLM,0.7746,242.8,0.17711,1360.361778
2026-09-16T04:30:06.993Z,SHIB,1.2491,0.0068,4.937e-06,1360.361778
2026-09-16T04:30:06.993Z,BCH,0.7295,301600,220.1,1360.361778
2026-09-16T04:30:06.993Z,UNI,-0.6423,8695,6.433,1360.361778
2026-09-16T04:30:06.993Z,AAVE,-0.3853,164200,121.17,1360.361778
2026-09-16T04:30:06.993Z,SUSHI,-0.4037,281,0.2074,1360.361778
2026-09-16T04:30:06.993Z,LDO,3.1794,474,0.3377,1360.361778
2026-09-16T04:30:06.993Z,ICP,-0.8717,3378,2.505,1360.361778
2026-09-16T04:30:06.993Z,NEAR,-0.7273,3179,2.354,1360.361778
2026-09-16T04:30:06.993Z,HBAR,0.863,102.4,0.07463,1360.361778
2026-09-16T04:30:06.993Z,XTZ,15.7951,390.5,0.2479,1360.361778
2026-09-16T04:30:06.993Z,DYDX,-2.0007,141.1,0.10584,1360.361778
2026-09-16T04:30:06.993Z,ARB,0.4851,214.9,0.15721,1360.361778
2026-09-16T04:30:06.993Z,GMX,6.0088,10200,7.073,1360.361778
2026-09-16T04:30:06.993Z,IMX,2.0415,163.3,0.11764,1360.361778
2026-09-16T04:30:06.993Z,INJ,-18.6826,6020,5.442,1360.361778
2026-09-16T04:30:06.993Z,GRT,-1.0772,23.2,0.01724,1360.361778
2026-09-16T04:30:06.993Z,SUI,0.7192,949.1,0.6927,1360.361778
2026-09-16T04:30:06.993Z,HYPE,0.4563,105700,77.347,1360.361778
2026-09-16T04:35:07.116Z,BTC,0.4425,103687000,75884.4,1360.361778
2026-09-16T04:35:07.116Z,ETH,0.3868,3283000,2404.03,1360.361778
2026-09-16T04:35:07.116Z,SOL,0.3643,132900,97.34,1360.361778
2026-09-16T04:35:07.116Z,BNB,0.3156,974500,714.1,1360.361778
2026-09-16T04:35:07.116Z,XRP,0.4605,1787,1.3076,1360.361778
2026-09-16T04:35:07.116Z,ADA,0.3635,267.6,0.196,1360.361778
2026-09-16T04:35:07.116Z,AVAX,-0.9324,9865,7.32,1360.361778
2026-09-16T04:35:07.116Z,DOT,-1.7919,1276,0.9551,1360.361778
2026-09-16T04:35:07.116Z,LINK,0.6017,14820,10.829,1360.361778
2026-09-16T04:35:07.116Z,POL,0.6261,125.8,0.0919,1360.361778
2026-09-16T04:35:07.116Z,DOGE,0.5193,109.9,0.08037,1360.361778
2026-09-16T04:35:07.116Z,TRX,0.1727,455.2,0.33404,1360.361778
2026-09-16T04:35:07.116Z,XLM,0.9414,243.6,0.1774,1360.361778
2026-09-16T04:35:07.116Z,SHIB,-0.1387,0.0067,4.932e-06,1360.361778
2026-09-16T04:35:07.116Z,BCH,0.7753,301600,220,1360.361778
2026-09-16T04:35:07.116Z,UNI,-0.5186,8695,6.425,1360.361778
2026-09-16T04:35:07.116Z,AAVE,-0.377,164200,121.16,1360.361778
2026-09-16T04:35:07.116Z,SUSHI,-0.3076,281,0.2072,1360.361778
2026-09-16T04:35:07.116Z,LDO,3.0878,474,0.338,1360.361778
2026-09-16T04:35:07.116Z,ICP,-1.1086,3378,2.511,1360.361778
2026-09-16T04:35:07.116Z,NEAR,-0.6429,3179,2.352,1360.361778
2026-09-16T04:35:07.116Z,HBAR,0.8225,102.4,0.07466,1360.361778
2026-09-16T04:35:07.116Z,XTZ,16.217,390.5,0.247,1360.361778
2026-09-16T04:35:07.116Z,DYDX,-1.8059,141.1,0.10563,1360.361778
2026-09-16T04:35:07.116Z,ARB,0.4644,216.4,0.15834,1360.361778
2026-09-16T04:35:07.116Z,GMX,5.9489,10200,7.077,1360.361778
2026-09-16T04:35:07.116Z,IMX,2.0328,163.3,0.11765,1360.361778
2026-09-16T04:35:07.116Z,INJ,-18.5029,6020,5.43,1360.361778
2026-09-16T04:35:07.116Z,GRT,-1.0198,23.2,0.01723,1360.361778
2026-09-16T04:35:07.116Z,SUI,0.7192,949.1,0.6927,1360.361778
2026-09-16T04:35:07.116Z,HYPE,0.3038,105500,77.318,1360.361778
2026-09-16T04:40:06.911Z,BTC,0.4168,103734000,75938.2,1360.361778
2026-09-16T04:40:06.911Z,ETH,0.4168,3287000,2406.24,1360.361778
2026-09-16T04:40:06.911Z,SOL,0.3607,133100,97.49,1360.361778
2026-09-16T04:40:06.911Z,BNB,0.1613,974500,715.2,1360.361778
2026-09-16T04:40:06.911Z,XRP,0.3938,1788,1.3092,1360.361778
2026-09-16T04:40:06.911Z,ADA,0.2101,267.6,0.1963,1360.361778
2026-09-16T04:40:06.911Z,AVAX,-1.0135,9865,7.326,1360.361778
2026-09-16T04:40:06.911Z,DOT,-1.7919,1276,0.9551,1360.361778
2026-09-16T04:40:06.911Z,LINK,0.3146,14820,10.86,1360.361778
2026-09-16T04:40:06.911Z,POL,0.6371,125.8,0.09189,1360.361778
2026-09-16T04:40:06.911Z,DOGE,0.4443,109.9,0.08043,1360.361778
2026-09-16T04:40:06.911Z,TRX,0.1008,455.2,0.33428,1360.361778
2026-09-16T04:40:06.911Z,XLM,0.5606,242.9,0.17756,1360.361778
2026-09-16T04:40:06.911Z,SHIB,-0.2802,0.0067,4.939e-06,1360.361778
2026-09-16T04:40:06.911Z,BCH,0.6381,301600,220.3,1360.361778
2026-09-16T04:40:06.911Z,UNI,-0.9502,8695,6.453,1360.361778
2026-09-16T04:40:06.911Z,AAVE,-0.1666,164900,121.42,1360.361778
2026-09-16T04:40:06.911Z,SUSHI,-0.3076,281,0.2072,1360.361778
2026-09-16T04:40:06.911Z,LDO,2.9964,474,0.3383,1360.361778
2026-09-16T04:40:06.911Z,ICP,-1.2659,3378,2.515,1360.361778
2026-09-16T04:40:06.911Z,NEAR,-0.9797,3179,2.36,1360.361778
2026-09-16T04:40:06.911Z,HBAR,0.8225,102.4,0.07466,1360.361778
2026-09-16T04:40:06.911Z,XTZ,15.562,390.5,0.2484,1360.361778
2026-09-16T04:40:06.911Z,DYDX,-2.0655,141.1,0.10591,1360.361778
2026-09-16T04:40:06.911Z,ARB,0.6399,216.6,0.15821,1360.361778
2026-09-16T04:40:06.911Z,GMX,5.904,10200,7.08,1360.361778
2026-09-16T04:40:06.911Z,IMX,1.8683,163.3,0.11784,1360.361778
2026-09-16T04:40:06.911Z,INJ,-18.4127,6020,5.424,1360.361778
2026-09-16T04:40:06.911Z,GRT,-1.1918,23.2,0.01726,1360.361778
2026-09-16T04:40:06.911Z,SUI,0.4158,948.7,0.6945,1360.361778
2026-09-16T04:40:06.911Z,HYPE,0.1975,105500,77.4,1360.361778
2026-09-16T04:45:07.585Z,BTC,0.4576,103725000,75900.8,1360.361778
2026-09-16T04:45:07.585Z,ETH,0.595,3291000,2404.9,1360.361778
2026-09-16T04:45:07.585Z,SOL,0.4947,133100,97.36,1360.361778
2026-09-16T04:45:07.585Z,BNB,0.2173,974500,714.8,1360.361778
2026-09-16T04:45:07.585Z,XRP,0.456,1782,1.304,1360.361778
2026-09-16T04:45:07.585Z,ADA,0.8039,268.5,0.1958,1360.361778
2026-09-16T04:45:07.585Z,AVAX,-0.9865,9865,7.324,1360.361778
2026-09-16T04:45:07.585Z,DOT,-1.5651,1276,0.9529,1360.361778
2026-09-16T04:45:07.585Z,LINK,0.4348,14820,10.847,1360.361778
2026-09-16T04:45:07.585Z,POL,0.7467,125.8,0.09179,1360.361778
2026-09-16T04:45:07.585Z,DOGE,0.5693,109.9,0.08033,1360.361778
2026-09-16T04:45:07.585Z,TRX,0.3767,456.4,0.33424,1360.361778
2026-09-16T04:45:07.585Z,XLM,0.7957,242.7,0.177,1360.361778
2026-09-16T04:45:07.585Z,SHIB,-0.0982,0.0067,4.93e-06,1360.361778
2026-09-16T04:45:07.585Z,BCH,0.7753,301600,220,1360.361778
2026-09-16T04:45:07.585Z,UNI,-0.8273,8695,6.445,1360.361778
2026-09-16T04:45:07.585Z,AAVE,-0.0431,164900,121.27,1360.361778
2026-09-16T04:45:07.585Z,SUSHI,-0.2113,281,0.207,1360.361778
2026-09-16T04:45:07.585Z,LDO,3.0573,474,0.3381,1360.361778
2026-09-16T04:45:07.585Z,ICP,-1.148,3378,2.512,1360.361778
2026-09-16T04:45:07.585Z,NEAR,-0.7695,3179,2.355,1360.361778
2026-09-16T04:45:07.585Z,HBAR,1.3284,102.9,0.07465,1360.361778
2026-09-16T04:45:07.585Z,XTZ,15.9822,390.5,0.2475,1360.361778
2026-09-16T04:45:07.585Z,DYDX,-1.7036,141.1,0.10552,1360.361778
2026-09-16T04:45:07.585Z,ARB,0.2955,216.5,0.15868,1360.361778
2026-09-16T04:45:07.585Z,GMX,6.204,10200,7.06,1360.361778
2026-09-16T04:45:07.585Z,IMX,2.1631,163.3,0.1175,1360.361778
2026-09-16T04:45:07.585Z,INJ,-18.3525,6020,5.42,1360.361778
2026-09-16T04:45:07.585Z,GRT,-0.9048,23.2,0.01721,1360.361778
2026-09-16T04:45:07.585Z,SUI,0.6768,948.7,0.6927,1360.361778
2026-09-16T04:45:07.585Z,HYPE,0.2416,105500,77.366,1360.361778
2026-09-16T04:50:07.380Z,BTC,0.4707,103687000,75863.1,1360.361778
2026-09-16T04:50:07.380Z,ETH,0.4936,3287000,2404.4,1360.361778
2026-09-16T04:50:07.380Z,SOL,0.567,133100,97.29,1360.361778
2026-09-16T04:50:07.380Z,BNB,0.2173,974500,714.8,1360.361778
2026-09-16T04:50:07.380Z,XRP,0.5099,1782,1.3033,1360.361778
2026-09-16T04:50:07.380Z,ADA,0.8554,268.5,0.1957,1360.361778
2026-09-16T04:50:07.380Z,AVAX,-0.9324,9865,7.32,1360.361778
2026-09-16T04:50:07.380Z,DOT,-1.3477,1276,0.9508,1360.361778
2026-09-16T04:50:07.380Z,LINK,0.5367,14820,10.836,1360.361778
2026-09-16T04:50:07.380Z,POL,0.8346,125.8,0.09171,1360.361778
2026-09-16T04:50:07.380Z,DOGE,0.5153,109.8,0.0803,1360.361778
2026-09-16T04:50:07.380Z,TRX,0.4037,456.4,0.33415,1360.361778
2026-09-16T04:50:07.380Z,XLM,0.8584,242.7,0.17689,1360.361778
2026-09-16T04:50:07.380Z,SHIB,-0.1184,0.0067,4.931e-06,1360.361778
2026-09-16T04:50:07.380Z,BCH,0.9129,301600,219.7,1360.361778
2026-09-16T04:50:07.380Z,UNI,-0.4876,8695,6.423,1360.361778
2026-09-16T04:50:07.380Z,AAVE,0.0064,164900,121.21,1360.361778
2026-09-16T04:50:07.380Z,SUSHI,-0.0664,281,0.2067,1360.361778
2026-09-16T04:50:07.380Z,LDO,3.2405,474,0.3375,1360.361778
2026-09-16T04:50:07.380Z,ICP,-1.2266,3378,2.514,1360.361778
2026-09-16T04:50:07.380Z,NEAR,-0.4737,3179,2.348,1360.361778
2026-09-16T04:50:07.380Z,HBAR,1.4099,102.9,0.07459,1360.361778
2026-09-16T04:50:07.380Z,XTZ,16.076,390.5,0.2473,1360.361778
2026-09-16T04:50:07.380Z,DYDX,-1.6476,141.1,0.10546,1360.361778
2026-09-16T04:50:07.380Z,ARB,1.9727,216.5,0.15607,1360.361778
2026-09-16T04:50:07.380Z,GMX,6.1589,10200,7.063,1360.361778
2026-09-16T04:50:07.380Z,IMX,2.2153,163.3,0.11744,1360.361778
2026-09-16T04:50:07.380Z,INJ,-18.3826,6020,5.422,1360.361778
2026-09-16T04:50:07.380Z,GRT,-1.1346,23.2,0.01725,1360.361778
2026-09-16T04:50:07.380Z,SUI,0.7204,948.7,0.6924,1360.361778
2026-09-16T04:50:07.380Z,HYPE,0.4428,105500,77.211,1360.361778
2026-09-16T04:55:06.960Z,BTC,0.4622,103592000,75800,1360.361778
2026-09-16T04:55:06.960Z,ETH,0.5744,3287000,2402.47,1360.361778
2026-09-16T04:55:06.960Z,SOL,0.5399,132900,97.17,1360.361778
2026-09-16T04:55:06.960Z,BNB,0.3015,974500,714.2,1360.361778
2026-09-16T04:55:06.960Z,XRP,0.4799,1776,1.2993,1360.361778
2026-09-16T04:55:06.960Z,ADA,1.0102,268.5,0.1954,1360.361778
2026-09-16T04:55:06.960Z,AVAX,-0.7833,9865,7.309,1360.361778
2026-09-16T04:55:06.960Z,DOT,-1.2335,1276,0.9497,1360.361778
2026-09-16T04:55:06.960Z,LINK,0.6761,14820,10.821,1360.361778
2026-09-16T04:55:06.960Z,POL,0.9447,125.8,0.09161,1360.361778
2026-09-16T04:55:06.960Z,DOGE,0.6532,109.8,0.08019,1360.361778
2026-09-16T04:55:06.960Z,TRX,0.3887,456.4,0.3342,1360.361778
2026-09-16T04:55:06.960Z,XLM,0.7726,242,0.17653,1360.361778
2026-09-16T04:55:06.960Z,SHIB,0.0236,0.0067,4.924e-06,1360.361778
2026-09-16T04:55:06.960Z,BCH,1.0509,301600,219.4,1360.361778
2026-09-16T04:55:06.960Z,UNI,-0.2702,8695,6.409,1360.361778
2026-09-16T04:55:06.960Z,AAVE,0.18,164900,121,1360.361778
2026-09-16T04:55:06.960Z,SUSHI,0.0788,281,0.2064,1360.361778
2026-09-16T04:55:06.960Z,LDO,3.363,474,0.3371,1360.361778
2026-09-16T04:55:06.960Z,ICP,-1.1086,3378,2.511,1360.361778
2026-09-16T04:55:06.960Z,NEAR,-0.1761,3179,2.341,1360.361778
2026-09-16T04:55:06.960Z,HBAR,1.5733,102.9,0.07447,1360.361778
2026-09-16T04:55:06.960Z,XTZ,16.217,390.5,0.247,1360.361778
2026-09-16T04:55:06.960Z,DYDX,-1.5075,141.1,0.10531,1360.361778
2026-09-16T04:55:06.960Z,ARB,2.8691,216.5,0.15471,1360.361778
2026-09-16T04:55:06.960Z,GMX,6.174,10200,7.062,1360.361778
2026-09-16T04:55:06.960Z,IMX,2.3809,163.3,0.11725,1360.361778
2026-09-16T04:55:06.960Z,INJ,-18.2771,6020,5.415,1360.361778
2026-09-16T04:55:06.960Z,GRT,-0.9623,23.2,0.01722,1360.361778
2026-09-16T04:55:06.960Z,SUI,0.9391,948.7,0.6909,1360.361778
2026-09-16T04:55:06.960Z,HYPE,0.5613,105500,77.12,1360.361778
2026-09-16T05:00:07.096Z,BTC,0.4134,103589000,75834.6,1360.361778
2026-09-16T05:00:07.096Z,ETH,0.4629,3284000,2402.94,1360.361778
2026-09-16T05:00:07.096Z,SOL,0.4468,132900,97.26,1360.361778
2026-09-16T05:00:07.096Z,BNB,0.2033,974500,714.9,1360.361778
2026-09-16T05:00:07.096Z,XRP,0.4282,1777,1.3007,1360.361778
2026-09-16T05:00:07.096Z,ADA,0.9069,268.5,0.1956,1360.361778
2026-09-16T05:00:07.096Z,AVAX,-0.9459,9865,7.321,1360.361778
2026-09-16T05:00:07.096Z,DOT,-1.2543,1276,0.9499,1360.361778
2026-09-16T05:00:07.096Z,LINK,0.4718,14820,10.843,1360.361778
2026-09-16T05:00:07.096Z,POL,0.7248,125.8,0.09181,1360.361778
2026-09-16T05:00:07.096Z,DOGE,0.3823,109.6,0.08026,1360.361778
2026-09-16T05:00:07.096Z,TRX,0.3737,456.4,0.33425,1360.361778
2026-09-16T05:00:07.096Z,XLM,0.6585,242,0.17673,1360.361778
2026-09-16T05:00:07.096Z,SHIB,0.0236,0.0067,4.924e-06,1360.361778
2026-09-16T05:00:07.096Z,BCH,0.867,301600,219.8,1360.361778
2026-09-16T05:00:07.096Z,UNI,-0.2235,8695,6.406,1360.361778
2026-09-16T05:00:07.096Z,AAVE,0.089,164900,121.11,1360.361778
2026-09-16T05:00:07.096Z,SUSHI,-0.1147,281,0.2068,1360.361778
2026-09-16T05:00:07.096Z,LDO,3.1183,474,0.3379,1360.361778
2026-09-16T05:00:07.096Z,ICP,-1.3051,3378,2.516,1360.361778
2026-09-16T05:00:07.096Z,NEAR,-0.516,3179,2.349,1360.361778
2026-09-16T05:00:07.096Z,HBAR,1.4915,102.9,0.07453,1360.361778
2026-09-16T05:00:07.096Z,XTZ,16.4055,390.5,0.2466,1360.361778
2026-09-16T05:00:07.096Z,DYDX,-1.6663,141.1,0.10548,1360.361778
2026-09-16T05:00:07.096Z,ARB,0.8837,210.4,0.15331,1360.361778
2026-09-16T05:00:07.096Z,GMX,6.1439,10200,7.064,1360.361778
2026-09-16T05:00:07.096Z,IMX,2.3024,163.3,0.11734,1360.361778
2026-09-16T05:00:07.096Z,INJ,-18.4278,6020,5.425,1360.361778
2026-09-16T05:00:07.096Z,GRT,-1.1346,23.2,0.01725,1360.361778
2026-09-16T05:00:07.096Z,SUI,0.3856,945,0.692,1360.361778
2026-09-16T05:00:07.096Z,HYPE,0.3557,105500,77.278,1360.361778
2026-09-16T05:05:06.911Z,BTC,0.4262,103422000,75702.7,1360.361778
2026-09-16T05:05:06.911Z,ETH,0.4015,3275000,2397.82,1360.361778
2026-09-16T05:05:06.911Z,SOL,0.4577,132600,97.03,1360.361778
2026-09-16T05:05:06.911Z,BNB,0.3859,974500,713.6,1360.361778
2026-09-16T05:05:06.911Z,XRP,0.4264,1770,1.2956,1360.361778
2026-09-16T05:05:06.911Z,ADA,0.4911,266.3,0.1948,1360.361778
2026-09-16T05:05:06.911Z,AVAX,-0.0383,9935,7.306,1360.361778
2026-09-16T05:05:06.911Z,DOT,-1.025,1276,0.9477,1360.361778
2026-09-16T05:05:06.911Z,LINK,0.6761,14820,10.821,1360.361778
2026-09-16T05:05:06.911Z,POL,0.8126,125.8,0.09173,1360.361778
2026-09-16T05:05:06.911Z,DOGE,0.4619,109.4,0.08005,1360.361778
2026-09-16T05:05:06.911Z,TRX,0.3797,456.4,0.33423,1360.361778
2026-09-16T05:05:06.911Z,XLM,0.8109,241.9,0.17639,1360.361778
2026-09-16T05:05:06.911Z,SHIB,0.3906,0.0067,4.906e-06,1360.361778
2026-09-16T05:05:06.911Z,BCH,1.0049,301600,219.5,1360.361778
2026-09-16T05:05:06.911Z,UNI,0.4508,8695,6.363,1360.361778
2026-09-16T05:05:06.911Z,AAVE,0.3874,164900,120.75,1360.361778
2026-09-16T05:05:06.911Z,SUSHI,0.1273,281,0.2063,1360.361778
2026-09-16T05:05:06.911Z,LDO,3.5473,474,0.3365,1360.361778
2026-09-16T05:05:06.911Z,ICP,-0.9903,3378,2.508,1360.361778
2026-09-16T05:05:06.911Z,NEAR,0.0376,3179,2.336,1360.361778
2026-09-16T05:05:06.911Z,HBAR,1.6962,102.9,0.07438,1360.361778
2026-09-16T05:05:06.911Z,XTZ,16.7369,390.5,0.2459,1360.361778
2026-09-16T05:05:06.911Z,DYDX,-1.3014,141.1,0.10509,1360.361778
2026-09-16T05:05:06.911Z,ARB,1.0088,210.4,0.15312,1360.361778
2026-09-16T05:05:06.911Z,GMX,6.4151,10200,7.046,1360.361778
2026-09-16T05:05:06.911Z,IMX,2.7753,163.3,0.1168,1360.361778
2026-09-16T05:05:06.911Z,INJ,-18.0198,6020,5.398,1360.361778
2026-09-16T05:05:06.911Z,GRT,-0.8472,23.2,0.0172,1360.361778
2026-09-16T05:05:06.911Z,SUI,0.5111,942.9,0.6896,1360.361778
2026-09-16T05:05:06.911Z,HYPE,0.4465,105400,77.135,1360.361778
2026-09-16T05:10:07.094Z,BTC,0.4253,103497000,75758.3,1360.361778
2026-09-16T05:10:07.094Z,ETH,0.2495,3273000,2399.99,1360.361778
2026-09-16T05:10:07.094Z,SOL,0.4337,132500,96.98,1360.361778
2026-09-16T05:10:07.094Z,BNB,0.3437,974500,713.9,1360.361778
2026-09-16T05:10:07.094Z,XRP,0.5137,1774,1.2974,1360.361778
2026-09-16T05:10:07.094Z,ADA,0.5527,266.6,0.1949,1360.361778
2026-09-16T05:10:07.094Z,AVAX,-0.2431,9935,7.321,1360.361778
2026-09-16T05:10:07.094Z,DOT,-1.171,1276,0.9491,1360.361778
2026-09-16T05:10:07.094Z,LINK,0.4996,14820,10.84,1360.361778
2026-09-16T05:10:07.094Z,POL,0.7028,125.8,0.09183,1360.361778
2026-09-16T05:10:07.094Z,DOGE,0.2824,109.3,0.08012,1360.361778
2026-09-16T05:10:07.094Z,TRX,0.3136,456.4,0.33445,1360.361778
2026-09-16T05:10:07.094Z,XLM,0.5512,241.4,0.17648,1360.361778
2026-09-16T05:10:07.094Z,SHIB,0.3088,0.0067,4.91e-06,1360.361778
2026-09-16T05:10:07.094Z,BCH,0.867,301600,219.8,1360.361778
2026-09-16T05:10:07.094Z,UNI,0.6564,8695,6.35,1360.361778
2026-09-16T05:10:07.094Z,AAVE,0.2628,164900,120.9,1360.361778
2026-09-16T05:10:07.094Z,SUSHI,-0.0181,281,0.2066,1360.361778
2026-09-16T05:10:07.094Z,LDO,3.3324,474,0.3372,1360.361778
2026-09-16T05:10:07.094Z,ICP,-1.2266,3378,2.514,1360.361778
2026-09-16T05:10:07.094Z,NEAR,0.4865,3196,2.338,1360.361778
2026-09-16T05:10:07.094Z,HBAR,1.5188,102.9,0.07451,1360.361778
2026-09-16T05:10:07.094Z,XTZ,16.7369,390.5,0.2459,1360.361778
2026-09-16T05:10:07.094Z,DYDX,-1.5262,141.1,0.10533,1360.361778
2026-09-16T05:10:07.094Z,ARB,1.3066,210.4,0.15267,1360.361778
2026-09-16T05:10:07.094Z,GMX,6.2793,10200,7.055,1360.361778
2026-09-16T05:10:07.094Z,IMX,2.4246,163.3,0.1172,1360.361778
2026-09-16T05:10:07.094Z,INJ,-18.2167,6020,5.411,1360.361778
2026-09-16T05:10:07.094Z,GRT,-0.7317,23.2,0.01718,1360.361778
2026-09-16T05:10:07.094Z,SUI,0.3307,942.3,0.6904,1360.361778
2026-09-16T05:10:07.094Z,HYPE,0.4764,105400,77.112,1360.361778
2026-09-16T05:15:07.079Z,BTC,0.4874,103577000,75770,1360.361778
2026-09-16T05:15:07.079Z,ETH,0.497,3280000,2399.2,1360.361778
2026-09-16T05:15:07.079Z,SOL,0.4647,132500,96.95,1360.361778
2026-09-16T05:15:07.079Z,BNB,0.3296,974500,714,1360.361778
2026-09-16T05:15:07.079Z,XRP,0.4676,1771,1.2958,1360.361778
2026-09-16T05:15:07.079Z,ADA,0.5012,266.6,0.195,1360.361778
2026-09-16T05:15:07.079Z,AVAX,-0.2431,9935,7.321,1360.361778
2026-09-16T05:15:07.079Z,DOT,-1.1398,1276,0.9488,1360.361778
2026-09-16T05:15:07.079Z,LINK,0.4996,14820,10.84,1360.361778
2026-09-16T05:15:07.079Z,POL,0.7467,125.8,0.09179,1360.361778
2026-09-16T05:15:07.079Z,DOGE,0.2574,109.3,0.08014,1360.361778
2026-09-16T05:15:07.079Z,TRX,0.2297,456.4,0.33473,1360.361778
2026-09-16T05:15:07.079Z,XLM,0.8052,241.9,0.1764,1360.361778
2026-09-16T05:15:07.079Z,SHIB,0.3292,0.0067,4.909e-06,1360.361778
2026-09-16T05:15:07.079Z,BCH,0.9129,301600,219.7,1360.361778
2026-09-16T05:15:07.079Z,UNI,0.6089,8695,6.353,1360.361778
2026-09-16T05:15:07.079Z,AAVE,0.3624,164900,120.78,1360.361778
2026-09-16T05:15:07.079Z,SUSHI,-0.0181,281,0.2066,1360.361778
2026-09-16T05:15:07.079Z,LDO,3.5166,474,0.3366,1360.361778
2026-09-16T05:15:07.079Z,ICP,-1.1873,3378,2.513,1360.361778
2026-09-16T05:15:07.079Z,NEAR,0.5726,3196,2.336,1360.361778
2026-09-16T05:15:07.079Z,HBAR,1.4915,102.9,0.07453,1360.361778
2026-09-16T05:15:07.079Z,XTZ,16.7844,390.5,0.2458,1360.361778
2026-09-16T05:15:07.079Z,DYDX,-1.4327,141.1,0.10523,1360.361778
2026-09-16T05:15:07.079Z,ARB,1.5727,210.4,0.15227,1360.361778
2026-09-16T05:15:07.079Z,GMX,6.2793,10200,7.055,1360.361778
2026-09-16T05:15:07.079Z,IMX,2.4158,163.3,0.11721,1360.361778
2026-09-16T05:15:07.079Z,INJ,-18.1865,6020,5.409,1360.361778
2026-09-16T05:15:07.079Z,GRT,-0.6739,23.2,0.01717,1360.361778
2026-09-16T05:15:07.079Z,SUI,0.3598,942.3,0.6902,1360.361778
2026-09-16T05:15:07.079Z,HYPE,0.4413,105400,77.139,1360.361778
2026-09-16T05:20:07.312Z,BTC,0.4661,103635000,75828.5,1360.361778
2026-09-16T05:20:07.312Z,ETH,0.4778,3281000,2400.39,1360.361778
2026-09-16T05:20:07.312Z,SOL,0.3302,132500,97.08,1360.361778
2026-09-16T05:20:07.312Z,BNB,0.2594,974500,714.5,1360.361778
2026-09-16T05:20:07.312Z,XRP,0.5268,1773,1.2965,1360.361778
2026-09-16T05:20:07.312Z,ADA,0.3468,266.6,0.1953,1360.361778
2026-09-16T05:20:07.312Z,AVAX,-0.2976,9935,7.325,1360.361778
2026-09-16T05:20:07.312Z,DOT,-1.1814,1276,0.9492,1360.361778
2026-09-16T05:20:07.312Z,LINK,0.4806,14850,10.864,1360.361778
2026-09-16T05:20:07.312Z,POL,0.6371,125.8,0.09189,1360.361778
2026-09-16T05:20:07.312Z,DOGE,0.2199,109.3,0.08017,1360.361778
2026-09-16T05:20:07.312Z,TRX,0.149,456.4,0.335,1360.361778
2026-09-16T05:20:07.312Z,XLM,0.7823,241.9,0.17644,1360.361778
2026-09-16T05:20:07.312Z,SHIB,0.3292,0.0067,4.909e-06,1360.361778
2026-09-16T05:20:07.312Z,BCH,0.8212,301600,219.9,1360.361778
2026-09-16T05:20:07.312Z,UNI,0.7516,8695,6.344,1360.361778
2026-09-16T05:20:07.312Z,AAVE,0.2048,164900,120.97,1360.361778
2026-09-16T05:20:07.312Z,SUSHI,-0.0181,281,0.2066,1360.361778
2026-09-16T05:20:07.312Z,LDO,3.3937,474,0.337,1360.361778
2026-09-16T05:20:07.312Z,ICP,-1.148,3378,2.512,1360.361778
2026-09-16T05:20:07.312Z,NEAR,0.3578,3196,2.341,1360.361778
2026-09-16T05:20:07.312Z,HBAR,1.3963,102.9,0.0746,1360.361778
2026-09-16T05:20:07.312Z,XTZ,16.8319,390.5,0.2457,1360.361778
2026-09-16T05:20:07.312Z,DYDX,-1.4327,141.1,0.10523,1360.361778
2026-09-16T05:20:07.312Z,ARB,0.8035,207.6,0.15139,1360.361778
2026-09-16T05:20:07.312Z,GMX,6.2191,10200,7.059,1360.361778
2026-09-16T05:20:07.312Z,IMX,2.512,163.3,0.1171,1360.361778
2026-09-16T05:20:07.312Z,INJ,-18.2016,6020,5.41,1360.361778
2026-09-16T05:20:07.312Z,GRT,-0.7317,23.2,0.01718,1360.361778
2026-09-16T05:20:07.312Z,SUI,0.3307,942.3,0.6904,1360.361778
2026-09-16T05:20:07.312Z,HYPE,0.3658,105400,77.197,1360.361778
2026-09-16T05:25:07.857Z,BTC,0.3829,103592000,75859.9,1360.361778
2026-09-16T05:25:07.857Z,ETH,0.4465,3283000,2402.6,1360.361778
2026-09-16T05:25:07.857Z,SOL,0.4746,132800,97.16,1360.361778
2026-09-16T05:25:07.857Z,BNB,0.2454,974500,714.6,1360.361778
2026-09-16T05:25:07.857Z,XRP,0.4876,1776,1.2992,1360.361778
2026-09-16T05:25:07.857Z,ADA,0.1929,266.6,0.1956,1360.361778
2026-09-16T05:25:07.857Z,AVAX,-0.3927,9935,7.332,1360.361778
2026-09-16T05:25:07.857Z,DOT,-1.4099,1276,0.9514,1360.361778
2026-09-16T05:25:07.857Z,LINK,0.2683,14850,10.887,1360.361778
2026-09-16T05:25:07.857Z,POL,0.5495,125.8,0.09197,1360.361778
2026-09-16T05:25:07.857Z,DOGE,0.1449,109.3,0.08023,1360.361778
2026-09-16T05:25:07.857Z,TRX,0.125,456.4,0.33508,1360.361778
2026-09-16T05:25:07.857Z,XLM,0.7138,241.9,0.17656,1360.361778
2026-09-16T05:25:07.857Z,SHIB,0.2475,0.0067,4.913e-06,1360.361778
2026-09-16T05:25:07.857Z,BCH,0.7295,301600,220.1,1360.361778
2026-09-16T05:25:07.857Z,UNI,0.2617,8695,6.375,1360.361778
2026-09-16T05:25:07.857Z,AAVE,-0.0348,164900,121.26,1360.361778
2026-09-16T05:25:07.857Z,SUSHI,-0.2113,281,0.207,1360.361778
2026-09-16T05:25:07.857Z,LDO,3.3324,474,0.3372,1360.361778
2026-09-16T05:25:07.857Z,ICP,-1.3051,3378,2.516,1360.361778
2026-09-16T05:25:07.857Z,NEAR,-0.7446,3196,2.367,1360.361778
2026-09-16T05:25:07.857Z,HBAR,1.4099,102.9,0.07459,1360.361778
2026-09-16T05:25:07.857Z,XTZ,16.9747,390.5,0.2454,1360.361778
2026-09-16T05:25:07.857Z,DYDX,-1.5823,141.1,0.10539,1360.361778
2026-09-16T05:25:07.857Z,ARB,0.6971,207.6,0.15155,1360.361778
2026-09-16T05:25:07.857Z,GMX,5.919,10200,7.079,1360.361778
2026-09-16T05:25:07.857Z,IMX,2.3984,163.3,0.11723,1360.361778
2026-09-16T05:25:07.857Z,INJ,-18.2771,6020,5.415,1360.361778
2026-09-16T05:25:07.857Z,GRT,-0.9048,23.2,0.01721,1360.361778
2026-09-16T05:25:07.857Z,SUI,0.2436,942.3,0.691,1360.361778
2026-09-16T05:25:07.857Z,HYPE,0.1427,105400,77.369,1360.361778
2026-09-16T05:30:07.127Z,BTC,0.43,103634000,75855,1360.361778
2026-09-16T05:30:07.127Z,ETH,0.4194,3283000,2403.25,1360.361778
2026-09-16T05:30:07.127Z,SOL,0.4299,132700,97.13,1360.361778
2026-09-16T05:30:07.127Z,BNB,0.3296,974500,714,1360.361778
2026-09-16T05:30:07.127Z,XRP,0.431,1775,1.2992,1360.361778
2026-09-16T05:30:07.127Z,ADA,0.2441,266.6,0.1955,1360.361778
2026-09-16T05:30:07.127Z,AVAX,-0.3112,9935,7.326,1360.361778
2026-09-16T05:30:07.127Z,DOT,-1.4099,1276,0.9514,1360.361778
2026-09-16T05:30:07.127Z,LINK,0.379,14850,10.875,1360.361778
2026-09-16T05:30:07.127Z,POL,0.5605,125.8,0.09196,1360.361778
2026-09-16T05:30:07.127Z,DOGE,0.1949,109.3,0.08019,1360.361778
2026-09-16T05:30:07.127Z,TRX,0.125,456.4,0.33508,1360.361778
2026-09-16T05:30:07.127Z,XLM,0.7709,241.9,0.17646,1360.361778
2026-09-16T05:30:07.127Z,SHIB,0.1863,0.0067,4.916e-06,1360.361778
2026-09-16T05:30:07.127Z,BCH,0.8212,301600,219.9,1360.361778
2026-09-16T05:30:07.127Z,UNI,0.435,8695,6.364,1360.361778
2026-09-16T05:30:07.127Z,AAVE,-0.0843,164900,121.32,1360.361778
2026-09-16T05:30:07.127Z,SUSHI,-0.2113,281,0.207,1360.361778
2026-09-16T05:30:07.127Z,LDO,3.1794,474,0.3377,1360.361778
2026-09-16T05:30:07.127Z,ICP,-1.3835,3378,2.518,1360.361778
2026-09-16T05:30:07.127Z,NEAR,-0.5766,3196,2.363,1360.361778
2026-09-16T05:30:07.127Z,HBAR,1.4643,102.9,0.07455,1360.361778
2026-09-16T05:30:07.127Z,XTZ,17.0224,390.5,0.2453,1360.361778
2026-09-16T05:30:07.127Z,DYDX,-1.4701,141.1,0.10527,1360.361778
2026-09-16T05:30:07.127Z,ARB,0.2605,207.6,0.15221,1360.361778
2026-09-16T05:30:07.127Z,GMX,6.1589,10200,7.063,1360.361778
2026-09-16T05:30:07.127Z,IMX,2.3896,163.3,0.11724,1360.361778
2026-09-16T05:30:07.127Z,INJ,-18.3525,6020,5.42,1360.361778
2026-09-16T05:30:07.127Z,GRT,-0.7895,23.2,0.01719,1360.361778
2026-09-16T05:30:07.127Z,SUI,0.3017,942.3,0.6906,1360.361778
2026-09-16T05:30:07.127Z,HYPE,0.1647,105400,77.352,1360.361778
2026-09-16T05:35:07.205Z,BTC,0.498,103670000,75830,1360.361778
2026-09-16T05:35:07.205Z,ETH,0.4453,3283000,2402.63,1360.361778
2026-09-16T05:35:07.205Z,SOL,0.5023,132700,97.06,1360.361778
2026-09-16T05:35:07.205Z,BNB,0.2735,974500,714.4,1360.361778
2026-09-16T05:35:07.205Z,XRP,0.537,1774,1.2971,1360.361778
2026-09-16T05:35:07.205Z,ADA,0.3468,266.6,0.1953,1360.361778
2026-09-16T05:35:07.205Z,AVAX,-0.1749,9935,7.316,1360.361778
2026-09-16T05:35:07.205Z,DOT,-1.4203,1276,0.9515,1360.361778
2026-09-16T05:35:07.205Z,LINK,0.4714,14850,10.865,1360.361778
2026-09-16T05:35:07.205Z,POL,0.8346,125.8,0.09171,1360.361778
2026-09-16T05:35:07.205Z,DOGE,0.2574,109.3,0.08014,1360.361778
2026-09-16T05:35:07.205Z,TRX,0.5457,457.1,0.33419,1360.361778
2026-09-16T05:35:07.205Z,XLM,0.6807,241.3,0.17618,1360.361778
2026-09-16T05:35:07.205Z,SHIB,0.3496,0.0067,4.908e-06,1360.361778
2026-09-16T05:35:07.205Z,BCH,1.0049,301600,219.5,1360.361778
2026-09-16T05:35:07.205Z,UNI,0.8788,8695,6.336,1360.361778
2026-09-16T05:35:07.205Z,AAVE,0.0807,164900,121.12,1360.361778
2026-09-16T05:35:07.205Z,SUSHI,-0.1147,281,0.2068,1360.361778
2026-09-16T05:35:07.205Z,LDO,3.2405,474,0.3375,1360.361778
2026-09-16T05:35:07.205Z,ICP,-1.3051,3378,2.516,1360.361778
2026-09-16T05:35:07.205Z,NEAR,-0.0691,3196,2.351,1360.361778
2026-09-16T05:35:07.205Z,HBAR,1.6416,102.9,0.07442,1360.361778
2026-09-16T05:35:07.205Z,XTZ,16.9747,390.5,0.2454,1360.361778
2026-09-16T05:35:07.205Z,DYDX,-1.5449,141.1,0.10535,1360.361778
2026-09-16T05:35:07.205Z,ARB,0.4572,208.8,0.15279,1360.361778
2026-09-16T05:35:07.205Z,GMX,6.189,10200,7.061,1360.361778
2026-09-16T05:35:07.205Z,IMX,2.6084,163.3,0.11699,1360.361778
2026-09-16T05:35:07.205Z,INJ,-18.2469,6020,5.413,1360.361778
2026-09-16T05:35:07.205Z,GRT,-0.7317,23.2,0.01718,1360.361778
2026-09-16T05:35:07.205Z,SUI,0.3598,942.3,0.6902,1360.361778
2026-09-16T05:35:07.205Z,HYPE,0.602,105700,77.235,1360.361778
2026-09-16T05:40:07.124Z,BTC,0.4462,103678000,75875,1360.361778
2026-09-16T05:40:07.124Z,ETH,0.4576,3286000,2404.53,1360.361778
2026-09-16T05:40:07.124Z,SOL,0.4092,132700,97.15,1360.361778
2026-09-16T05:40:07.124Z,BNB,0.2033,974500,714.9,1360.361778
2026-09-16T05:40:07.124Z,XRP,0.4982,1774,1.2976,1360.361778
2026-09-16T05:40:07.124Z,ADA,0.5825,267.5,0.1955,1360.361778
2026-09-16T05:40:07.124Z,AVAX,-0.352,9935,7.329,1360.361778
2026-09-16T05:40:07.124Z,DOT,-1.4824,1276,0.9521,1360.361778
2026-09-16T05:40:07.124Z,LINK,0.4864,14870,10.878,1360.361778
2026-09-16T05:40:07.124Z,POL,0.7906,125.8,0.09175,1360.361778
2026-09-16T05:40:07.124Z,DOGE,0.2074,109.3,0.08018,1360.361778
2026-09-16T05:40:07.124Z,TRX,0.4705,457.1,0.33444,1360.361778
2026-09-16T05:40:07.124Z,XLM,0.7951,241.3,0.17598,1360.361778
2026-09-16T05:40:07.124Z,SHIB,0.3088,0.0067,4.91e-06,1360.361778
2026-09-16T05:40:07.124Z,BCH,0.9129,301600,219.7,1360.361778
2026-09-16T05:40:07.124Z,UNI,0.6247,8695,6.352,1360.361778
2026-09-16T05:40:07.124Z,AAVE,-0.076,164900,121.31,1360.361778
2026-09-16T05:40:07.124Z,SUSHI,-0.163,281,0.2069,1360.361778
2026-09-16T05:40:07.124Z,LDO,3.3324,474,0.3372,1360.361778
2026-09-16T05:40:07.124Z,ICP,-1.148,3378,2.512,1360.361778
2026-09-16T05:40:07.124Z,NEAR,-0.0266,3196,2.35,1360.361778
2026-09-16T05:40:07.124Z,HBAR,1.5052,102.9,0.07452,1360.361778
2026-09-16T05:40:07.124Z,XTZ,16.4655,388.8,0.2454,1360.361778
2026-09-16T05:40:07.124Z,DYDX,-1.6663,141.1,0.10548,1360.361778
2026-09-16T05:40:07.124Z,ARB,0.7275,208.8,0.15238,1360.361778
2026-09-16T05:40:07.124Z,GMX,6.2341,10200,7.058,1360.361778
2026-09-16T05:40:07.124Z,IMX,2.4071,163.3,0.11722,1360.361778
2026-09-16T05:40:07.124Z,INJ,-18.2922,6020,5.416,1360.361778
2026-09-16T05:40:07.124Z,GRT,-0.7317,23.2,0.01718,1360.361778
2026-09-16T05:40:07.124Z,SUI,0.2726,942.3,0.6908,1360.361778
2026-09-16T05:40:07.124Z,HYPE,0.4875,105700,77.323,1360.361778
2026-09-16T05:45:07.579Z,BTC,0.4527,103753000,75925,1360.361778
2026-09-16T05:45:07.579Z,ETH,0.5231,3290000,2405.89,1360.361778
2026-09-16T05:45:07.579Z,SOL,0.4985,132900,97.21,1360.361778
2026-09-16T05:45:07.579Z,BNB,0.2033,974500,714.9,1360.361778
2026-09-16T05:45:07.579Z,XRP,0.5626,1775,1.2975,1360.361778
2026-09-16T05:45:07.579Z,ADA,0.466,267.6,0.1958,1360.361778
2026-09-16T05:45:07.579Z,AVAX,-0.4606,9935,7.337,1360.361778
2026-09-16T05:45:07.579Z,DOT,-1.761,1276,0.9548,1360.361778
2026-09-16T05:45:07.579Z,LINK,0.3112,14870,10.897,1360.361778
2026-09-16T05:45:07.579Z,POL,0.7796,125.8,0.09176,1360.361778
2026-09-16T05:45:07.579Z,DOGE,0.4448,109.6,0.08021,1360.361778
2026-09-16T05:45:07.579Z,TRX,0.4465,457.1,0.33452,1360.361778
2026-09-16T05:45:07.579Z,XLM,0.7265,241.3,0.1761,1360.361778
2026-09-16T05:45:07.579Z,SHIB,1.7437,0.0068,4.913e-06,1360.361778
2026-09-16T05:45:07.579Z,BCH,0.8212,301600,219.9,1360.361778
2026-09-16T05:45:07.579Z,UNI,0.3404,8695,6.37,1360.361778
2026-09-16T05:45:07.579Z,AAVE,-0.0925,164900,121.33,1360.361778
2026-09-16T05:45:07.579Z,SUSHI,-0.2113,281,0.207,1360.361778
2026-09-16T05:45:07.579Z,LDO,3.1183,474,0.3379,1360.361778
2026-09-16T05:45:07.579Z,ICP,-1.148,3378,2.512,1360.361778
2026-09-16T05:45:07.579Z,NEAR,-0.3658,3196,2.358,1360.361778
2026-09-16T05:45:07.579Z,HBAR,1.3691,102.9,0.07462,1360.361778
2026-09-16T05:45:07.579Z,XTZ,16.2287,388.8,0.2459,1360.361778
2026-09-16T05:45:07.579Z,DYDX,-1.9081,141.1,0.10574,1360.361778
2026-09-16T05:45:07.579Z,ARB,0.6483,208.8,0.1525,1360.361778
2026-09-16T05:45:07.579Z,GMX,6.1589,10200,7.063,1360.361778
2026-09-16T05:45:07.579Z,IMX,2.2675,163.3,0.11738,1360.361778
2026-09-16T05:45:07.579Z,INJ,-18.4428,6020,5.426,1360.361778
2026-09-16T05:45:07.579Z,GRT,5.246,24.64,0.01721,1360.361778
2026-09-16T05:45:07.579Z,SUI,0.1711,942.3,0.6915,1360.361778
2026-09-16T05:45:07.579Z,HYPE,0.2605,105700,77.498,1360.361778
2026-09-16T05:50:07.041Z,BTC,0.5334,103795000,75894.7,1360.361778
2026-09-16T05:50:07.041Z,ETH,0.5711,3289000,2404.01,1360.361778
2026-09-16T05:50:07.041Z,SOL,0.6435,132900,97.07,1360.361778
2026-09-16T05:50:07.041Z,BNB,0.2173,974500,714.8,1360.361778
2026-09-16T05:50:07.041Z,XRP,0.5506,1770,1.294,1360.361778
2026-09-16T05:50:07.041Z,ADA,0.6855,267.5,0.1953,1360.361778
2026-09-16T05:50:07.041Z,AVAX,-0.2294,9935,7.32,1360.361778
2026-09-16T05:50:07.041Z,DOT,-1.761,1276,0.9548,1360.361778
2026-09-16T05:50:07.041Z,LINK,0.5697,14870,10.869,1360.361778
2026-09-16T05:50:07.041Z,POL,0.9888,125.8,0.09157,1360.361778
2026-09-16T05:50:07.041Z,DOGE,0.7337,109.6,0.07998,1360.361778
2026-09-16T05:50:07.041Z,TRX,0.4195,457.1,0.33461,1360.361778
2026-09-16T05:50:07.041Z,XLM,0.781,240.8,0.17564,1360.361778
2026-09-16T05:50:07.041Z,SHIB,1.8474,0.0068,4.908e-06,1360.361778
2026-09-16T05:50:07.041Z,BCH,0.9589,301600,219.6,1360.361778
2026-09-16T05:50:07.041Z,UNI,0.5456,8695,6.357,1360.361778
2026-09-16T05:50:07.041Z,AAVE,0.1882,164900,120.99,1360.361778
2026-09-16T05:50:07.041Z,SUSHI,-0.0181,281,0.2066,1360.361778
2026-09-16T05:50:07.041Z,LDO,3.3324,474,0.3372,1360.361778
2026-09-16T05:50:07.041Z,ICP,-0.9903,3378,2.508,1360.361778
2026-09-16T05:50:07.041Z,NEAR,0.1866,3196,2.345,1360.361778
2026-09-16T05:50:07.041Z,HBAR,1.587,102.9,0.07446,1360.361778
2026-09-16T05:50:07.041Z,XTZ,16.513,388.8,0.2453,1360.361778
2026-09-16T05:50:07.041Z,DYDX,-1.6103,141.1,0.10542,1360.361778
2026-09-16T05:50:07.041Z,ARB,-0.4614,208.8,0.1542,1360.361778
2026-09-16T05:50:07.041Z,GMX,6.3547,10200,7.05,1360.361778
2026-09-16T05:50:07.041Z,IMX,2.5208,163.3,0.11709,1360.361778
2026-09-16T05:50:07.041Z,INJ,-18.2469,6020,5.413,1360.361778
2026-09-16T05:50:07.041Z,GRT,5.4297,24.64,0.01718,1360.361778
2026-09-16T05:50:07.041Z,SUI,0.3453,942.3,0.6903,1360.361778
2026-09-16T05:50:07.041Z,HYPE,1.0771,106400,77.381,1360.361778
2026-09-16T05:55:07.219Z,BTC,0.5044,103752000,75885.2,1360.361778
2026-09-16T05:55:07.219Z,ETH,0.5547,3288000,2403.67,1360.361778
2026-09-16T05:55:07.219Z,SOL,0.4026,132500,97.01,1360.361778
2026-09-16T05:55:07.219Z,BNB,0.2875,974500,714.3,1360.361778
2026-09-16T05:55:07.219Z,XRP,0.5948,1769,1.2927,1360.361778
2026-09-16T05:55:07.219Z,ADA,0.5825,267.5,0.1955,1360.361778
2026-09-16T05:55:07.219Z,AVAX,-0.2703,9935,7.323,1360.361778
2026-09-16T05:55:07.219Z,DOT,-1.7713,1276,0.9549,1360.361778
2026-09-16T05:55:07.219Z,LINK,0.5974,14870,10.866,1360.361778
2026-09-16T05:55:07.219Z,POL,1.1766,125.8,0.0914,1360.361778
2026-09-16T05:55:07.219Z,DOGE,0.7967,109.6,0.07993,1360.361778
2026-09-16T05:55:07.219Z,TRX,0.4765,457.1,0.33442,1360.361778
2026-09-16T05:55:07.219Z,XLM,0.8039,240.8,0.1756,1360.361778
2026-09-16T05:55:07.219Z,SHIB,0.3496,0.0067,4.908e-06,1360.361778
2026-09-16T05:55:07.219Z,BCH,1.0049,301600,219.5,1360.361778
2026-09-16T05:55:07.219Z,UNI,0.6089,8695,6.353,1360.361778
2026-09-16T05:55:07.219Z,AAVE,0.3458,164900,120.8,1360.361778
2026-09-16T05:55:07.219Z,SUSHI,-0.0664,281,0.2067,1360.361778
2026-09-16T05:55:07.219Z,LDO,3.3937,474,0.337,1360.361778
2026-09-16T05:55:07.219Z,ICP,-0.9508,3378,2.507,1360.361778
2026-09-16T05:55:07.219Z,NEAR,0.3149,3196,2.342,1360.361778
2026-09-16T05:55:07.219Z,HBAR,1.6825,102.9,0.07439,1360.361778
2026-09-16T05:55:07.219Z,XTZ,16.5605,388.8,0.2452,1360.361778
2026-09-16T05:55:07.219Z,DYDX,-1.4139,141.1,0.10521,1360.361778
2026-09-16T05:55:07.219Z,ARB,-0.079,208.8,0.15361,1360.361778
2026-09-16T05:55:07.219Z,GMX,6.6573,10200,7.03,1360.361778
2026-09-16T05:55:07.219Z,IMX,2.6172,163.3,0.11698,1360.361778
2026-09-16T05:55:07.219Z,INJ,-18.3224,6020,5.418,1360.361778
2026-09-16T05:55:07.219Z,GRT,5.3684,24.64,0.01719,1360.361778
2026-09-16T05:55:07.219Z,SUI,0.575,943.5,0.6896,1360.361778
2026-09-16T05:55:07.219Z,HYPE,0.6945,105700,77.164,1360.361778
2026-09-16T06:00:07.095Z,BTC,0.4996,103828000,75944.4,1360.361778
2026-09-16T06:00:07.095Z,ETH,0.472,3289000,2406.38,1360.361778
2026-09-16T06:00:07.095Z,SOL,0.4985,132900,97.21,1360.361778
2026-09-16T06:00:07.095Z,BNB,0.2173,974500,714.8,1360.361778
2026-09-16T06:00:07.095Z,XRP,0.5757,1774,1.2966,1360.361778
2026-09-16T06:00:07.095Z,ADA,0.6201,267.6,0.1955,1360.361778
2026-09-16T06:00:07.095Z,AVAX,-0.3656,9935,7.33,1360.361778
2026-09-16T06:00:07.095Z,DOT,-1.7713,1276,0.9549,1360.361778
2026-09-16T06:00:07.095Z,LINK,0.4311,14870,10.884,1360.361778
2026-09-16T06:00:07.095Z,POL,1.0218,125.8,0.09154,1360.361778
2026-09-16T06:00:07.095Z,DOGE,0.2699,109.3,0.08013,1360.361778
2026-09-16T06:00:07.095Z,TRX,0.4765,457.1,0.33442,1360.361778
2026-09-16T06:00:07.095Z,XLM,0.7236,240.8,0.17574,1360.361778
2026-09-16T06:00:07.095Z,SHIB,0.2679,0.0067,4.912e-06,1360.361778
2026-09-16T06:00:07.095Z,BCH,0.9129,301600,219.7,1360.361778
2026-09-16T06:00:07.095Z,UNI,0.5772,8695,6.355,1360.361778
2026-09-16T06:00:07.095Z,AAVE,0.1634,164900,121.02,1360.361778
2026-09-16T06:00:07.095Z,SUSHI,-0.2594,281,0.2071,1360.361778
2026-09-16T06:00:07.095Z,LDO,3.2711,474,0.3374,1360.361778
2026-09-16T06:00:07.095Z,ICP,-1.0692,3378,2.51,1360.361778
2026-09-16T06:00:07.095Z,NEAR,0.1866,3196,2.345,1360.361778
2026-09-16T06:00:07.095Z,HBAR,1.5733,102.9,0.07447,1360.361778
2026-09-16T06:00:07.095Z,XTZ,16.4181,388.8,0.2455,1360.361778
2026-09-16T06:00:07.095Z,DYDX,-1.6849,141.1,0.1055,1360.361778
2026-09-16T06:00:07.095Z,ARB,-1.0134,208.8,0.15506,1360.361778
2026-09-16T06:00:07.095Z,GMX,7.3598,10200,6.984,1360.361778
2026-09-16T06:00:07.095Z,IMX,2.4158,163.3,0.11721,1360.361778
2026-09-16T06:00:07.095Z,INJ,-18.3977,6020,5.423,1360.361778
2026-09-16T06:00:07.095Z,GRT,5.1848,24.64,0.01722,1360.361778
2026-09-16T06:00:07.095Z,SUI,0.3568,943.5,0.6911,1360.361778
2026-09-16T06:00:07.095Z,HYPE,0.4862,105700,77.324,1360.361778
2026-09-16T06:05:07.239Z,BTC,0.5304,103840000,75929.9,1360.361778
2026-09-16T06:05:07.239Z,ETH,0.5715,3289000,2404,1360.361778
2026-09-16T06:05:07.239Z,SOL,0.547,132800,97.09,1360.361778
2026-09-16T06:05:07.239Z,BNB,0.3156,974500,714.1,1360.361778
2026-09-16T06:05:07.239Z,XRP,0.6175,1772,1.2946,1360.361778
2026-09-16T06:05:07.239Z,ADA,0.9254,268,0.1952,1360.361778
2026-09-16T06:05:07.239Z,AVAX,-0.1885,9935,7.317,1360.361778
2026-09-16T06:05:07.239Z,DOT,-1.3788,1276,0.9511,1360.361778
2026-09-16T06:05:07.239Z,LINK,0.7114,14880,10.861,1360.361778
2026-09-16T06:05:07.239Z,POL,1.1987,125.8,0.09138,1360.361778
2026-09-16T06:05:07.239Z,DOGE,0.633,109.6,0.08006,1360.361778
2026-09-16T06:05:07.239Z,TRX,0.4885,457.1,0.33438,1360.361778
2026-09-16T06:05:07.239Z,XLM,0.7364,240.2,0.17528,1360.361778
2026-09-16T06:05:07.239Z,SHIB,0.2883,0.0067,4.911e-06,1360.361778
2026-09-16T06:05:07.239Z,BCH,1.0049,301600,219.5,1360.361778
2026-09-16T06:05:07.239Z,UNI,0.8788,8695,6.336,1360.361778
2026-09-16T06:05:07.239Z,AAVE,0.3043,164900,120.85,1360.361778
2026-09-16T06:05:07.239Z,SUSHI,-0.1147,281,0.2068,1360.361778
2026-09-16T06:05:07.239Z,LDO,3.4551,474,0.3368,1360.361778
2026-09-16T06:05:07.239Z,ICP,-0.8717,3378,2.505,1360.361778
2026-09-16T06:05:07.239Z,NEAR,0.3149,3196,2.342,1360.361778
2026-09-16T06:05:07.239Z,HBAR,1.7099,102.9,0.07437,1360.361778
2026-09-16T06:05:07.239Z,XTZ,16.7509,388.8,0.2448,1360.361778
2026-09-16T06:05:07.239Z,DYDX,-1.6103,141.1,0.10542,1360.361778
2026-09-16T06:05:07.239Z,ARB,-0.3386,208.8,0.15401,1360.361778
2026-09-16T06:05:07.239Z,GMX,6.8549,10200,7.017,1360.361778
2026-09-16T06:05:07.239Z,IMX,2.7226,163.3,0.11686,1360.361778
2026-09-16T06:05:07.239Z,INJ,-18.1108,6020,5.404,1360.361778
2026-09-16T06:05:07.239Z,GRT,5.3684,24.64,0.01719,1360.361778
2026-09-16T06:05:07.239Z,SUI,0.5313,943.5,0.6899,1360.361778
2026-09-16T06:05:07.239Z,HYPE,0.585,105700,77.248,1360.361778
2026-09-16T06:10:07.273Z,BTC,0.5148,103889000,75977.5,1360.361778
2026-09-16T06:10:07.273Z,ETH,0.5929,3290000,2404.22,1360.361778
2026-09-16T06:10:07.273Z,SOL,0.5709,132900,97.14,1360.361778
2026-09-16T06:10:07.273Z,BNB,0.3296,974500,714,1360.361778
2026-09-16T06:10:07.273Z,XRP,0.5763,1771,1.2944,1360.361778
2026-09-16T06:10:07.273Z,ADA,1.0289,268,0.195,1360.361778
2026-09-16T06:10:07.273Z,AVAX,-0.2294,9935,7.32,1360.361778
2026-09-16T06:10:07.273Z,DOT,-1.3166,1276,0.9505,1360.361778
2026-09-16T06:10:07.273Z,LINK,0.5084,14850,10.861,1360.361778
2026-09-16T06:10:07.273Z,POL,1.3429,125.8,0.09125,1360.361778
2026-09-16T06:10:07.273Z,DOGE,0.6205,109.6,0.08007,1360.361778
2026-09-16T06:10:07.273Z,TRX,0.5156,457.1,0.33429,1360.361778
2026-09-16T06:10:07.273Z,XLM,0.6732,240.2,0.17539,1360.361778
2026-09-16T06:10:07.273Z,SHIB,0.3906,0.0067,4.906e-06,1360.361778
2026-09-16T06:10:07.273Z,BCH,0.867,301600,219.8,1360.361778
2026-09-16T06:10:07.273Z,UNI,1.0223,8695,6.327,1360.361778
2026-09-16T06:10:07.273Z,AAVE,0.3292,164900,120.82,1360.361778
2026-09-16T06:10:07.273Z,SUSHI,-0.0181,281,0.2066,1360.361778
2026-09-16T06:10:07.273Z,LDO,3.5781,474,0.3364,1360.361778
2026-09-16T06:10:07.273Z,ICP,-1.0298,3378,2.509,1360.361778
2026-09-16T06:10:07.273Z,NEAR,0.3578,3196,2.341,1360.361778
2026-09-16T06:10:07.273Z,HBAR,1.7372,102.9,0.07435,1360.361778
2026-09-16T06:10:07.273Z,XTZ,16.7987,388.8,0.2447,1360.361778
2026-09-16T06:10:07.273Z,DYDX,-1.4608,141.1,0.10526,1360.361778
2026-09-16T06:10:07.273Z,ARB,0.2407,208.8,0.15312,1360.361778
2026-09-16T06:10:07.273Z,GMX,6.8396,10200,7.018,1360.361778
2026-09-16T06:10:07.273Z,IMX,2.4683,163.3,0.11715,1360.361778
2026-09-16T06:10:07.273Z,INJ,-18.0653,6020,5.401,1360.361778
2026-09-16T06:10:07.273Z,GRT,5.4297,24.64,0.01718,1360.361778
2026-09-16T06:10:07.273Z,SUI,0.575,943.5,0.6896,1360.361778
2026-09-16T06:10:07.273Z,HYPE,0.4082,105700,77.384,1360.361778
2026-09-16T06:15:07.185Z,BTC,0.5533,103900000,75956.5,1360.361778
2026-09-16T06:15:07.185Z,ETH,0.5698,3287000,2402.58,1360.361778
2026-09-16T06:15:07.185Z,SOL,0.5502,132900,97.16,1360.361778
2026-09-16T06:15:07.185Z,BNB,0.3718,974500,713.7,1360.361778
2026-09-16T06:15:07.185Z,XRP,0.6044,1773,1.2955,1360.361778
2026-09-16T06:15:07.185Z,ADA,1.0808,268,0.1949,1360.361778
2026-09-16T06:15:07.185Z,AVAX,-0.2567,9935,7.322,1360.361778
2026-09-16T06:15:07.185Z,DOT,-1.2335,1276,0.9497,1360.361778
2026-09-16T06:15:07.185Z,LINK,0.5269,14850,10.859,1360.361778
2026-09-16T06:15:07.185Z,POL,1.232,125.8,0.09135,1360.361778
2026-09-16T06:15:07.185Z,DOGE,0.5161,109.5,0.08008,1360.361778
2026-09-16T06:15:07.185Z,TRX,0.4915,457.1,0.33437,1360.361778
2026-09-16T06:15:07.185Z,XLM,0.4555,240.2,0.17577,1360.361778
2026-09-16T06:15:07.185Z,SHIB,0.3701,0.0067,4.907e-06,1360.361778
2026-09-16T06:15:07.185Z,BCH,0.8212,301600,219.9,1360.361778
2026-09-16T06:15:07.185Z,UNI,1.1822,8695,6.317,1360.361778
2026-09-16T06:15:07.185Z,AAVE,0.4123,164900,120.72,1360.361778
2026-09-16T06:15:07.185Z,SUSHI,-0.0181,281,0.2066,1360.361778
2026-09-16T06:15:07.185Z,LDO,3.5781,474,0.3364,1360.361778
2026-09-16T06:15:07.185Z,ICP,-1.1086,3378,2.511,1360.361778
2026-09-16T06:15:07.185Z,NEAR,0.3578,3196,2.341,1360.361778
2026-09-16T06:15:07.185Z,HBAR,1.6962,102.9,0.07438,1360.361778
2026-09-16T06:15:07.185Z,XTZ,16.3233,388.8,0.2457,1360.361778
2026-09-16T06:15:07.185Z,DYDX,-1.5356,141.1,0.10534,1360.361778
2026-09-16T06:15:07.185Z,ARB,0.3915,208.8,0.15289,1360.361778
2026-09-16T06:15:07.185Z,GMX,6.9768,10200,7.009,1360.361778
2026-09-16T06:15:07.185Z,IMX,2.477,163.3,0.11714,1360.361778
2026-09-16T06:15:07.185Z,INJ,-17.9894,6020,5.396,1360.361778
2026-09-16T06:15:07.185Z,GRT,5.246,24.64,0.01721,1360.361778
2026-09-16T06:15:07.185Z,SUI,0.5459,943.5,0.6898,1360.361778
2026-09-16T06:15:07.185Z,HYPE,0.5044,105700,77.31,1360.361778
2026-09-16T06:20:07.068Z,BTC,0.5395,103916000,75978.6,1360.361778
2026-09-16T06:20:07.068Z,ETH,0.5547,3288000,2403.67,1360.361778
2026-09-16T06:20:07.068Z,SOL,0.4365,132900,97.27,1360.361778
2026-09-16T06:20:07.068Z,BNB,0.3577,974500,713.8,1360.361778
2026-09-16T06:20:07.068Z,XRP,0.4672,1774,1.298,1360.361778
2026-09-16T06:20:07.068Z,ADA,0.9254,268,0.1952,1360.361778
2026-09-16T06:20:07.068Z,AVAX,-0.3792,9935,7.331,1360.361778
2026-09-16T06:20:07.068Z,DOT,-1.3374,1276,0.9507,1360.361778
2026-09-16T06:20:07.068Z,LINK,0.4529,14850,10.867,1360.361778
2026-09-16T06:20:07.068Z,POL,0.9226,125.8,0.09163,1360.361778
2026-09-16T06:20:07.068Z,DOGE,0.4283,109.5,0.08015,1360.361778
2026-09-16T06:20:07.068Z,TRX,0.4345,457.1,0.33456,1360.361778
2026-09-16T06:20:07.068Z,XLM,0.2331,240.2,0.17616,1360.361778
2026-09-16T06:20:07.068Z,SHIB,0.2679,0.0067,4.912e-06,1360.361778
2026-09-16T06:20:07.068Z,BCH,0.7753,301600,220,1360.361778
2026-09-16T06:20:07.068Z,UNI,0.9904,8695,6.329,1360.361778
2026-09-16T06:20:07.068Z,AAVE,0.2711,164900,120.89,1360.361778
2026-09-16T06:20:07.068Z,SUSHI,-0.0664,281,0.2067,1360.361778
2026-09-16T06:20:07.068Z,LDO,3.4244,474,0.3369,1360.361778
2026-09-16T06:20:07.068Z,ICP,-1.148,3378,2.512,1360.361778
2026-09-16T06:20:07.068Z,NEAR,0.1866,3196,2.345,1360.361778
2026-09-16T06:20:07.068Z,HBAR,1.4643,102.9,0.07455,1360.361778
2026-09-16T06:20:07.068Z,XTZ,16.3233,388.8,0.2457,1360.361778
2026-09-16T06:20:07.068Z,DYDX,-1.6663,141.1,0.10548,1360.361778
2026-09-16T06:20:07.068Z,ARB,1.179,208.8,0.1517,1360.361778
2026-09-16T06:20:07.068Z,GMX,7.4059,10200,6.981,1360.361778
2026-09-16T06:20:07.068Z,IMX,2.5558,163.3,0.11705,1360.361778
2026-09-16T06:20:07.068Z,INJ,-18.1562,6020,5.407,1360.361778
2026-09-16T06:20:07.068Z,GRT,5.246,24.64,0.01721,1360.361778
2026-09-16T06:20:07.068Z,SUI,0.4003,943.5,0.6908,1360.361778
2026-09-16T06:20:07.068Z,HYPE,0.3577,105700,77.423,1360.361778
2026-09-16T06:25:07.414Z,BTC,0.6219,103842000,75862.3,1360.361778
2026-09-16T06:25:07.414Z,ETH,0.6699,3287000,2400.19,1360.361778
2026-09-16T06:25:07.414Z,SOL,0.5709,132900,97.14,1360.361778
2026-09-16T06:25:07.414Z,BNB,0.7514,977500,713.2,1360.361778
2026-09-16T06:25:07.414Z,XRP,0.6456,1774,1.2957,1360.361778
2026-09-16T06:25:07.414Z,ADA,0.8168,267.3,0.1949,1360.361778
2026-09-16T06:25:07.414Z,AVAX,-0.1339,9935,7.313,1360.361778
2026-09-16T06:25:07.414Z,DOT,-1.1814,1276,0.9492,1360.361778
2026-09-16T06:25:07.414Z,LINK,1.0106,14850,10.807,1360.361778
2026-09-16T06:25:07.414Z,POL,1.0439,125.8,0.09152,1360.361778
2026-09-16T06:25:07.414Z,DOGE,0.633,109.6,0.08006,1360.361778
2026-09-16T06:25:07.414Z,TRX,0.3985,457.1,0.33468,1360.361778
2026-09-16T06:25:07.414Z,XLM,0.467,240.2,0.17575,1360.361778
2026-09-16T06:25:07.414Z,SHIB,0.3496,0.0067,4.908e-06,1360.361778
2026-09-16T06:25:07.414Z,BCH,0.867,301600,219.8,1360.361778
2026-09-16T06:25:07.414Z,UNI,1.2143,8695,6.315,1360.361778
2026-09-16T06:25:07.414Z,AAVE,0.3791,164900,120.76,1360.361778
2026-09-16T06:25:07.414Z,SUSHI,0.2245,281,0.2061,1360.361778
2026-09-16T06:25:07.414Z,LDO,3.4244,474,0.3369,1360.361778
2026-09-16T06:25:07.414Z,ICP,-0.9903,3378,2.508,1360.361778
2026-09-16T06:25:07.414Z,NEAR,0.4436,3196,2.339,1360.361778
2026-09-16T06:25:07.414Z,HBAR,1.5733,102.9,0.07447,1360.361778
2026-09-16T06:25:07.414Z,XTZ,16.3233,388.8,0.2457,1360.361778
2026-09-16T06:25:07.414Z,DYDX,-1.4608,141.1,0.10526,1360.361778
2026-09-16T06:25:07.414Z,ARB,1.139,208.8,0.15176,1360.361778
2026-09-16T06:25:07.414Z,GMX,8.2901,10200,6.924,1360.361778
2026-09-16T06:25:07.414Z,IMX,2.8282,163.3,0.11674,1360.361778
2026-09-16T06:25:07.414Z,INJ,-18.1713,6020,5.408,1360.361778
2026-09-16T06:25:07.414Z,GRT,5.1848,24.64,0.01722,1360.361778
2026-09-16T06:25:07.414Z,SUI,0.5605,943.5,0.6897,1360.361778
2026-09-16T06:25:07.414Z,HYPE,0.7519,105800,77.193,1360.361778
2026-09-16T06:30:07.087Z,BTC,0.5113,103759000,75885.1,1360.361778
2026-09-16T06:30:07.087Z,ETH,0.5734,3283000,2399.57,1360.361778
2026-09-16T06:30:07.087Z,SOL,0.6124,132900,97.1,1360.361778
2026-09-16T06:30:07.087Z,BNB,0.7655,977500,713.1,1360.361778
2026-09-16T06:30:07.087Z,XRP,0.5942,1772,1.2949,1360.361778
2026-09-16T06:30:07.087Z,ADA,0.7553,267,0.1948,1360.361778
2026-09-16T06:30:07.087Z,AVAX,0.0028,9935,7.303,1360.361778
2026-09-16T06:30:07.087Z,DOT,-1.2023,1276,0.9494,1360.361778
2026-09-16T06:30:07.087Z,LINK,1.1416,14850,10.793,1360.361778
2026-09-16T06:30:07.087Z,POL,1.2985,125.8,0.09129,1360.361778
2026-09-16T06:30:07.087Z,DOGE,0.6079,109.6,0.08008,1360.361778
2026-09-16T06:30:07.087Z,TRX,0.3685,457.1,0.33478,1360.361778
2026-09-16T06:30:07.087Z,XLM,0.2787,240.2,0.17608,1360.361778
2026-09-16T06:30:07.087Z,SHIB,0.4315,0.0067,4.904e-06,1360.361778
2026-09-16T06:30:07.087Z,BCH,0.9129,301600,219.7,1360.361778
2026-09-16T06:30:07.087Z,UNI,1.2624,8695,6.312,1360.361778
2026-09-16T06:30:07.087Z,AAVE,0.5456,164900,120.56,1360.361778
2026-09-16T06:30:07.087Z,SUSHI,0.3706,281,0.2058,1360.361778
2026-09-16T06:30:07.087Z,LDO,3.4858,474,0.3367,1360.361778
2026-09-16T06:30:07.087Z,ICP,-0.9508,3378,2.507,1360.361778
2026-09-16T06:30:07.087Z,NEAR,0.5295,3196,2.337,1360.361778
2026-09-16T06:30:07.087Z,HBAR,1.6416,102.9,0.07442,1360.361778
2026-09-16T06:30:07.087Z,XTZ,16.942,388.8,0.2444,1360.361778
2026-09-16T06:30:07.087Z,DYDX,-1.4046,141.1,0.1052,1360.361778
2026-09-16T06:30:07.087Z,ARB,0.966,208.8,0.15202,1360.361778
2026-09-16T06:30:07.087Z,GMX,8.3683,10200,6.919,1360.361778
2026-09-16T06:30:07.087Z,IMX,2.7665,163.3,0.11681,1360.361778
2026-09-16T06:30:07.087Z,INJ,-18.0956,6020,5.403,1360.361778
2026-09-16T06:30:07.087Z,GRT,5.1848,24.64,0.01722,1360.361778
2026-09-16T06:30:07.087Z,SUI,0.6531,943,0.6887,1360.361778
2026-09-16T06:30:07.087Z,HYPE,0.6841,105800,77.245,1360.361778
2026-09-16T06:35:07.074Z,BTC,0.5079,103736000,75870.8,1360.361778
2026-09-16T06:35:07.074Z,ETH,0.685,3283000,2396.91,1360.361778
2026-09-16T06:35:07.074Z,SOL,0.7161,132900,97,1360.361778
2026-09-16T06:35:07.074Z,BNB,0.8079,977500,712.8,1360.361778
2026-09-16T06:35:07.074Z,XRP,0.7397,1771,1.2923,1360.361778
2026-09-16T06:35:07.074Z,ADA,0.8588,267,0.1946,1360.361778
2026-09-16T06:35:07.074Z,AVAX,-0.0109,9935,7.304,1360.361778
2026-09-16T06:35:07.074Z,DOT,-1.025,1276,0.9477,1360.361778
2026-09-16T06:35:07.074Z,LINK,0.6219,14760,10.783,1360.361778
2026-09-16T06:35:07.074Z,POL,1.4207,125.8,0.09118,1360.361778
2026-09-16T06:35:07.074Z,DOGE,0.6418,109.5,0.07998,1360.361778
2026-09-16T06:35:07.074Z,TRX,0.3415,457.1,0.33487,1360.361778
2026-09-16T06:35:07.074Z,XLM,0.2901,240.2,0.17606,1360.361778
2026-09-16T06:35:07.074Z,SHIB,0.5135,0.0067,4.9e-06,1360.361778
2026-09-16T06:35:07.074Z,BCH,0.9589,301600,219.6,1360.361778
2026-09-16T06:35:07.074Z,UNI,1.4392,8695,6.301,1360.361778
2026-09-16T06:35:07.074Z,AAVE,0.788,164900,120.27,1360.361778
2026-09-16T06:35:07.074Z,SUSHI,0.4194,281,0.2057,1360.361778
2026-09-16T06:35:07.074Z,LDO,3.6089,474,0.3363,1360.361778
2026-09-16T06:35:07.074Z,ICP,-1.148,3378,2.512,1360.361778
2026-09-16T06:35:07.074Z,NEAR,0.6156,3196,2.335,1360.361778
2026-09-16T06:35:07.074Z,HBAR,1.6552,102.9,0.07441,1360.361778
2026-09-16T06:35:07.074Z,XTZ,16.8464,388.8,0.2446,1360.361778
2026-09-16T06:35:07.074Z,DYDX,-1.2073,141.1,0.10499,1360.361778
2026-09-16T06:35:07.074Z,ARB,1.3594,208.8,0.15143,1360.361778
2026-09-16T06:35:07.074Z,GMX,7.8694,10200,6.951,1360.361778
2026-09-16T06:35:07.074Z,IMX,2.7753,163.3,0.1168,1360.361778
2026-09-16T06:35:07.074Z,INJ,-18.0805,6020,5.402,1360.361778
2026-09-16T06:35:07.074Z,GRT,5.6142,24.64,0.01715,1360.361778
2026-09-16T06:35:07.074Z,SUI,0.7409,943,0.6881,1360.361778
2026-09-16T06:35:07.074Z,HYPE,0.7102,105800,77.225,1360.361778
2026-09-16T06:40:07.062Z,BTC,0.5778,103736000,75818.1,1360.361778
2026-09-16T06:40:07.062Z,ETH,0.529,3276000,2395.51,1360.361778
2026-09-16T06:40:07.062Z,SOL,0.4855,132500,96.93,1360.361778
2026-09-16T06:40:07.062Z,BNB,0.9779,977500,711.6,1360.361778
2026-09-16T06:40:07.062Z,XRP,0.5954,1766,1.2905,1360.361778
2026-09-16T06:40:07.062Z,ADA,1.1708,267,0.194,1360.361778
2026-09-16T06:40:07.062Z,AVAX,0.1399,9935,7.293,1360.361778
2026-09-16T06:40:07.062Z,DOT,-0.8262,1276,0.9458,1360.361778
2026-09-16T06:40:07.062Z,LINK,0.7527,14760,10.769,1360.361778
2026-09-16T06:40:07.062Z,POL,1.5544,125.8,0.09106,1360.361778
2026-09-16T06:40:07.062Z,DOGE,0.6795,109.5,0.07995,1360.361778
2026-09-16T06:40:07.062Z,TRX,0.3235,457.1,0.33493,1360.361778
2026-09-16T06:40:07.062Z,XLM,0.387,240.2,0.17589,1360.361778
2026-09-16T06:40:07.062Z,SHIB,0.6779,0.0067,4.892e-06,1360.361778
2026-09-16T06:40:07.062Z,BCH,1.0509,301600,219.4,1360.361778
2026-09-16T06:40:07.062Z,UNI,1.7622,8695,6.281,1360.361778
2026-09-16T06:40:07.062Z,AAVE,0.9055,164900,120.13,1360.361778
2026-09-16T06:40:07.062Z,SUSHI,0.4682,281,0.2056,1360.361778
2026-09-16T06:40:07.062Z,LDO,3.9489,474,0.3352,1360.361778
2026-09-16T06:40:07.062Z,ICP,-0.9903,3378,2.508,1360.361778
2026-09-16T06:40:07.062Z,NEAR,0.6156,3196,2.335,1360.361778
2026-09-16T06:40:07.062Z,HBAR,1.7236,102.9,0.07436,1360.361778
2026-09-16T06:40:07.062Z,XTZ,17.0378,388.8,0.2442,1360.361778
2026-09-16T06:40:07.062Z,DYDX,-1.1603,141.1,0.10494,1360.361778
2026-09-16T06:40:07.062Z,ARB,1.5808,208.8,0.1511,1360.361778
2026-09-16T06:40:07.062Z,GMX,8.056,10200,6.939,1360.361778
2026-09-16T06:40:07.062Z,IMX,2.8017,163.3,0.11677,1360.361778
2026-09-16T06:40:07.062Z,INJ,-18.2469,6020,5.413,1360.361778
2026-09-16T06:40:07.062Z,GRT,5.7375,24.64,0.01713,1360.361778
2026-09-16T06:40:07.062Z,SUI,0.9169,943,0.6869,1360.361778
2026-09-16T06:40:07.062Z,HYPE,0.7767,105800,77.174,1360.361778
2026-09-16T06:45:07.356Z,BTC,0.513,103781000,75899.9,1360.361778
2026-09-16T06:45:07.356Z,ETH,0.4464,3276000,2397.48,1360.361778
2026-09-16T06:45:07.356Z,SOL,0.5231,132700,97.04,1360.361778
2026-09-16T06:45:07.356Z,BNB,0.907,977500,712.1,1360.361778
2026-09-16T06:45:07.356Z,XRP,0.5559,1769,1.2932,1360.361778
2026-09-16T06:45:07.356Z,ADA,0.5527,266.6,0.1949,1360.361778
2026-09-16T06:45:07.356Z,AVAX,0.1399,9935,7.293,1360.361778
2026-09-16T06:45:07.356Z,DOT,-0.9414,1276,0.9469,1360.361778
2026-09-16T06:45:07.356Z,LINK,0.6312,14760,10.782,1360.361778
2026-09-16T06:45:07.356Z,POL,1.4541,125.8,0.09115,1360.361778
2026-09-16T06:45:07.356Z,DOGE,0.5538,109.5,0.08005,1360.361778
2026-09-16T06:45:07.356Z,TRX,0.3026,457.1,0.335,1360.361778
2026-09-16T06:45:07.356Z,XLM,0.3015,240.2,0.17604,1360.361778
2026-09-16T06:45:07.356Z,SHIB,0.6161,0.0067,4.895e-06,1360.361778
2026-09-16T06:45:07.356Z,BCH,0.9589,301600,219.6,1360.361778
2026-09-16T06:45:07.356Z,UNI,1.7136,8695,6.284,1360.361778
2026-09-16T06:45:07.356Z,AAVE,0.6541,164900,120.43,1360.361778
2026-09-16T06:45:07.356Z,SUSHI,0.2732,281,0.206,1360.361778
2026-09-16T06:45:07.356Z,LDO,3.7323,474,0.3359,1360.361778
2026-09-16T06:45:07.356Z,ICP,-1.1873,3378,2.513,1360.361778
2026-09-16T06:45:07.356Z,NEAR,0.3149,3196,2.342,1360.361778
2026-09-16T06:45:07.356Z,HBAR,1.5733,102.9,0.07447,1360.361778
2026-09-16T06:45:07.356Z,XTZ,16.4655,388.8,0.2454,1360.361778
2026-09-16T06:45:07.356Z,DYDX,-1.4514,141.1,0.10525,1360.361778
2026-09-16T06:45:07.356Z,ARB,0.2473,206.1,0.15113,1360.361778
2026-09-16T06:45:07.356Z,GMX,8.0716,10200,6.938,1360.361778
2026-09-16T06:45:07.356Z,IMX,2.626,163.3,0.11697,1360.361778
2026-09-16T06:45:07.356Z,INJ,-18.5479,6020,5.433,1360.361778
2026-09-16T06:45:07.356Z,GRT,5.0628,24.64,0.01724,1360.361778
2026-09-16T06:45:07.356Z,SUI,0.6823,943,0.6885,1360.361778
2026-09-16T06:45:07.356Z,HYPE,0.3259,105500,77.301,1360.361778
2026-09-16T06:50:07.093Z,BTC,0.5682,103877000,75928.4,1360.361778
2026-09-16T06:50:07.093Z,ETH,0.5649,3281000,2398.31,1360.361778
2026-09-16T06:50:07.093Z,SOL,0.5916,132900,97.12,1360.361778
2026-09-16T06:50:07.093Z,BNB,0.8362,977500,712.6,1360.361778
2026-09-16T06:50:07.093Z,XRP,0.5739,1770,1.2937,1360.361778
2026-09-16T06:50:07.093Z,ADA,0.6757,267.2,0.1951,1360.361778
2026-09-16T06:50:07.093Z,AVAX,0.0439,9935,7.3,1360.361778
2026-09-16T06:50:07.093Z,DOT,-1.0355,1276,0.9478,1360.361778
2026-09-16T06:50:07.093Z,LINK,0.6125,14760,10.784,1360.361778
2026-09-16T06:50:07.093Z,POL,1.4652,125.8,0.09114,1360.361778
2026-09-16T06:50:07.093Z,DOGE,0.5663,109.5,0.08004,1360.361778
2026-09-16T06:50:07.093Z,TRX,0.2636,457.1,0.33513,1360.361778
2026-09-16T06:50:07.093Z,XLM,0.2274,240.2,0.17617,1360.361778
2026-09-16T06:50:07.093Z,SHIB,-0.8653,0.0066,4.894e-06,1360.361778
2026-09-16T06:50:07.093Z,BCH,0.8212,301600,219.9,1360.361778
2026-09-16T06:50:07.093Z,UNI,2.0383,8695,6.264,1360.361778
2026-09-16T06:50:07.093Z,AAVE,0.7294,164900,120.34,1360.361778
2026-09-16T06:50:07.093Z,SUSHI,0.3706,281,0.2058,1360.361778
2026-09-16T06:50:07.093Z,LDO,3.7632,474,0.3358,1360.361778
2026-09-16T06:50:07.093Z,ICP,-1.6958,3378,2.526,1360.361778
2026-09-16T06:50:07.093Z,NEAR,0.4865,3196,2.338,1360.361778
2026-09-16T06:50:07.093Z,HBAR,1.546,102.9,0.07449,1360.361778
2026-09-16T06:50:07.093Z,XTZ,16.4655,388.8,0.2454,1360.361778
2026-09-16T06:50:07.093Z,DYDX,-1.5169,141.1,0.10532,1360.361778
2026-09-16T06:50:07.093Z,ARB,0.4467,206.1,0.15083,1360.361778
2026-09-16T06:50:07.093Z,GMX,7.9782,10200,6.944,1360.361778
2026-09-16T06:50:07.093Z,IMX,2.5033,163.3,0.11711,1360.361778
2026-09-16T06:50:07.093Z,INJ,-18.6078,6020,5.437,1360.361778
2026-09-16T06:50:07.093Z,GRT,5.0628,24.64,0.01724,1360.361778
2026-09-16T06:50:07.093Z,SUI,0.6385,943,0.6888,1360.361778
2026-09-16T06:50:07.093Z,HYPE,0.2869,105500,77.331,1360.361778
2026-09-16T06:55:07.082Z,BTC,0.5399,103804000,75896.4,1360.361778
2026-09-16T06:55:07.082Z,ETH,0.6061,3282000,2398.06,1360.361778
2026-09-16T06:55:07.082Z,SOL,0.5813,132900,97.13,1360.361778
2026-09-16T06:55:07.082Z,BNB,0.7938,977500,712.9,1360.361778
2026-09-16T06:55:07.082Z,XRP,0.5428,1770,1.2941,1360.361778
2026-09-16T06:55:07.082Z,ADA,0.7274,267.2,0.195,1360.361778
2026-09-16T06:55:07.082Z,AVAX,0.0713,9935,7.298,1360.361778
2026-09-16T06:55:07.082Z,DOT,-0.9414,1276,0.9469,1360.361778
2026-09-16T06:55:07.082Z,LINK,0.6966,14760,10.775,1360.361778
2026-09-16T06:55:07.082Z,POL,1.5432,125.8,0.09107,1360.361778
2026-09-16T06:55:07.082Z,DOGE,0.5663,109.5,0.08004,1360.361778
2026-09-16T06:55:07.082Z,TRX,0.2607,457.1,0.33514,1360.361778
2026-09-16T06:55:07.082Z,XLM,0.2217,240.2,0.17618,1360.361778
2026-09-16T06:55:07.082Z,SHIB,-0.8248,0.0066,4.892e-06,1360.361778
2026-09-16T06:55:07.082Z,BCH,0.7295,301600,220.1,1360.361778
2026-09-16T06:55:07.082Z,UNI,1.9082,8695,6.272,1360.361778
2026-09-16T06:55:07.082Z,AAVE,0.9055,164900,120.13,1360.361778
2026-09-16T06:55:07.082Z,SUSHI,0.4194,281,0.2057,1360.361778
2026-09-16T06:55:07.082Z,LDO,3.7632,474,0.3358,1360.361778
2026-09-16T06:55:07.082Z,ICP,-1.579,3378,2.523,1360.361778
2026-09-16T06:55:07.082Z,NEAR,0.3578,3196,2.341,1360.361778
2026-09-16T06:55:07.082Z,HBAR,1.587,102.9,0.07446,1360.361778
2026-09-16T06:55:07.082Z,XTZ,16.7033,388.8,0.2449,1360.361778
2026-09-16T06:55:07.082Z,DYDX,-1.4701,141.1,0.10527,1360.361778
2026-09-16T06:55:07.082Z,ARB,0.8479,206.1,0.15023,1360.361778
2026-09-16T06:55:07.082Z,GMX,8.0093,10200,6.942,1360.361778
2026-09-16T06:55:07.082Z,IMX,2.5033,163.3,0.11711,1360.361778
2026-09-16T06:55:07.082Z,INJ,-18.6676,6020,5.441,1360.361778
2026-09-16T06:55:07.082Z,GRT,5.1848,24.64,0.01722,1360.361778
2026-09-16T06:55:07.082Z,SUI,0.6385,943,0.6888,1360.361778
2026-09-16T06:55:07.082Z,HYPE,0.2766,105500,77.339,1360.361778
2026-09-16T07:00:07.523Z,BTC,0.5714,103952000,75980.8,1360.361778
2026-09-16T07:00:07.523Z,ETH,0.5087,3288000,2404.77,1360.361778
2026-09-16T07:00:07.523Z,SOL,0.5463,133100,97.31,1360.361778
2026-09-16T07:00:07.523Z,BNB,0.6526,977500,713.9,1360.361778
2026-09-16T07:00:07.523Z,XRP,0.5525,1774,1.2969,1360.361778
2026-09-16T07:00:07.523Z,ADA,0.63,267.9,0.1957,1360.361778
2026-09-16T07:00:07.523Z,AVAX,-0.2431,9935,7.321,1360.361778
2026-09-16T07:00:07.523Z,DOT,-1.1606,1276,0.949,1360.361778
2026-09-16T07:00:07.523Z,LINK,0.3984,14760,10.807,1360.361778
2026-09-16T07:00:07.523Z,POL,1.4096,125.8,0.09119,1360.361778
2026-09-16T07:00:07.523Z,DOGE,0.3907,109.5,0.08018,1360.361778
2026-09-16T07:00:07.523Z,TRX,0.6384,459,0.33527,1360.361778
2026-09-16T07:00:07.523Z,XLM,-0.1015,240.2,0.17675,1360.361778
2026-09-16T07:00:07.523Z,SHIB,0.4315,0.0067,4.904e-06,1360.361778
2026-09-16T07:00:07.523Z,BCH,0.3193,301600,221,1360.361778
2026-09-16T07:00:07.523Z,UNI,1.2624,8695,6.312,1360.361778
2026-09-16T07:00:07.523Z,AAVE,0.579,164900,120.52,1360.361778
2026-09-16T07:00:07.523Z,SUSHI,-0.0181,281,0.2066,1360.361778
2026-09-16T07:00:07.523Z,LDO,3.2405,474,0.3375,1360.361778
2026-09-16T07:00:07.523Z,ICP,-1.5399,3378,2.522,1360.361778
2026-09-16T07:00:07.523Z,NEAR,-0.0266,3196,2.35,1360.361778
2026-09-16T07:00:07.523Z,HBAR,1.2877,102.9,0.07468,1360.361778
2026-09-16T07:00:07.523Z,XTZ,16.3707,388.8,0.2456,1360.361778
2026-09-16T07:00:07.523Z,DYDX,-1.7408,141.1,0.10556,1360.361778
2026-09-16T07:00:07.523Z,ARB,-0.0766,206.1,0.15162,1360.361778
2026-09-16T07:00:07.523Z,GMX,7.5445,10200,6.972,1360.361778
2026-09-16T07:00:07.523Z,IMX,2.2849,163.3,0.11736,1360.361778
2026-09-16T07:00:07.523Z,INJ,-18.7721,6020,5.448,1360.361778
2026-09-16T07:00:07.523Z,GRT,4.759,24.64,0.01729,1360.361778
2026-09-16T07:00:07.523Z,SUI,0.1876,943,0.6919,1360.361778
2026-09-16T07:00:07.523Z,HYPE,0.0889,105500,77.484,1360.361778
2026-09-16T07:05:07.057Z,BTC,0.5284,103970000,76026.5,1360.361778
2026-09-16T07:05:07.057Z,ETH,0.5164,3291000,2406.78,1360.361778
2026-09-16T07:05:07.057Z,SOL,0.5289,133200,97.4,1360.361778
2026-09-16T07:05:07.057Z,BNB,0.6244,977500,714.1,1360.361778
2026-09-16T07:05:07.057Z,XRP,0.5549,1775,1.2976,1360.361778
2026-09-16T07:05:07.057Z,ADA,0.6161,268,0.1958,1360.361778
2026-09-16T07:05:07.057Z,AVAX,-0.3792,9935,7.331,1360.361778
2026-09-16T07:05:07.057Z,DOT,-1.4514,1276,0.9518,1360.361778
2026-09-16T07:05:07.057Z,LINK,0.1759,14760,10.831,1360.361778
2026-09-16T07:05:07.057Z,POL,1.1987,125.8,0.09138,1360.361778
2026-09-16T07:05:07.057Z,DOGE,0.5404,109.8,0.08028,1360.361778
2026-09-16T07:05:07.057Z,TRX,0.8261,458.8,0.3345,1360.361778
2026-09-16T07:05:07.057Z,XLM,0.6916,242.6,0.17711,1360.361778
2026-09-16T07:05:07.057Z,SHIB,0.2475,0.0067,4.913e-06,1360.361778
2026-09-16T07:05:07.057Z,BCH,0.274,301600,221.1,1360.361778
2026-09-16T07:05:07.057Z,UNI,0.9107,8695,6.334,1360.361778
2026-09-16T07:05:07.057Z,AAVE,0.4706,164900,120.65,1360.361778
2026-09-16T07:05:07.057Z,SUSHI,-0.1147,281,0.2068,1360.361778
2026-09-16T07:05:07.057Z,LDO,2.9355,474,0.3385,1360.361778
2026-09-16T07:05:07.057Z,ICP,-1.5009,3378,2.521,1360.361778
2026-09-16T07:05:07.057Z,NEAR,-0.2389,3196,2.355,1360.361778
2026-09-16T07:05:07.057Z,HBAR,1.3148,102.9,0.07466,1360.361778
2026-09-16T07:05:07.057Z,XTZ,16.2287,388.8,0.2459,1360.361778
2026-09-16T07:05:07.057Z,DYDX,-1.8802,141.1,0.10571,1360.361778
2026-09-16T07:05:07.057Z,ARB,0.4808,209.3,0.15312,1360.361778
2026-09-16T07:05:07.057Z,GMX,7.885,10200,6.95,1360.361778
2026-09-16T07:05:07.057Z,IMX,2.1196,163.3,0.11755,1360.361778
2026-09-16T07:05:07.057Z,INJ,-18.7871,6020,5.449,1360.361778
2026-09-16T07:05:07.057Z,GRT,4.6379,24.64,0.01731,1360.361778
2026-09-16T07:05:07.057Z,SUI,-0.0291,943,0.6934,1360.361778
2026-09-16T07:05:07.057Z,HYPE,0.5478,106100,77.569,1360.361778
2026-09-16T07:10:07.070Z,BTC,0.5857,103822000,75875,1360.361778
2026-09-16T07:10:07.070Z,ETH,0.5899,3287000,2402.1,1360.361778
2026-09-16T07:10:07.070Z,SOL,0.798,133200,97.14,1360.361778
2026-09-16T07:10:07.070Z,BNB,0.8504,977500,712.5,1360.361778
2026-09-16T07:10:07.070Z,XRP,0.52,1767,1.2922,1360.361778
2026-09-16T07:10:07.070Z,ADA,0.6282,266.8,0.1949,1360.361778
2026-09-16T07:10:07.070Z,AVAX,0.0987,9935,7.296,1360.361778
2026-09-16T07:10:07.070Z,DOT,-1.2335,1276,0.9497,1360.361778
2026-09-16T07:10:07.070Z,LINK,0.4728,14760,10.799,1360.361778
2026-09-16T07:10:07.070Z,POL,1.4207,125.8,0.09118,1360.361778
2026-09-16T07:10:07.070Z,DOGE,0.8293,109.8,0.08005,1360.361778
2026-09-16T07:10:07.070Z,TRX,0.7839,458.8,0.33464,1360.361778
2026-09-16T07:10:07.070Z,XLM,1.2116,242.6,0.1762,1360.361778
2026-09-16T07:10:07.070Z,SHIB,0.6779,0.0067,4.892e-06,1360.361778
2026-09-16T07:10:07.070Z,BCH,0.7295,301600,220.1,1360.361778
2026-09-16T07:10:07.070Z,UNI,1.5681,8695,6.293,1360.361778
2026-09-16T07:10:07.070Z,AAVE,0.8887,164900,120.15,1360.361778
2026-09-16T07:10:07.070Z,SUSHI,0.3219,281,0.2059,1360.361778
2026-09-16T07:10:07.070Z,LDO,3.2405,474,0.3375,1360.361778
2026-09-16T07:10:07.070Z,ICP,-1.0298,3378,2.509,1360.361778
2026-09-16T07:10:07.070Z,NEAR,0.9515,3241,2.36,1360.361778
2026-09-16T07:10:07.070Z,HBAR,1.4643,102.9,0.07455,1360.361778
2026-09-16T07:10:07.070Z,XTZ,16.608,388.8,0.2451,1360.361778
2026-09-16T07:10:07.070Z,DYDX,-1.4795,141.1,0.10528,1360.361778
2026-09-16T07:10:07.070Z,ARB,0.5727,209.3,0.15298,1360.361778
2026-09-16T07:10:07.070Z,GMX,8.3527,10200,6.92,1360.361778
2026-09-16T07:10:07.070Z,IMX,2.4246,163.3,0.1172,1360.361778
2026-09-16T07:10:07.070Z,INJ,-18.4729,6020,5.428,1360.361778
2026-09-16T07:10:07.070Z,GRT,4.9411,24.64,0.01726,1360.361778
2026-09-16T07:10:07.070Z,SUI,0.7022,946.2,0.6907,1360.361778
2026-09-16T07:10:07.070Z,HYPE,0.509,106100,77.599,1360.361778
2026-09-16T07:15:07.273Z,BTC,0.3833,103611000,75873.5,1360.361778
2026-09-16T07:15:07.273Z,ETH,0.3627,3280000,2402.41,1360.361778
2026-09-16T07:15:07.273Z,SOL,0.3163,132700,97.24,1360.361778
2026-09-16T07:15:07.273Z,BNB,0.8504,977500,712.5,1360.361778
2026-09-16T07:15:07.273Z,XRP,0.4239,1769,1.2949,1360.361778
2026-09-16T07:15:07.273Z,ADA,0.5527,266.6,0.1949,1360.361778
2026-09-16T07:15:07.273Z,AVAX,0.0439,9935,7.3,1360.361778
2026-09-16T07:15:07.273Z,DOT,-1.3374,1276,0.9507,1360.361778
2026-09-16T07:15:07.273Z,LINK,0.3798,14760,10.809,1360.361778
2026-09-16T07:15:07.273Z,POL,1.5878,125.8,0.09103,1360.361778
2026-09-16T07:15:07.273Z,DOGE,0.3827,109.3,0.08004,1360.361778
2026-09-16T07:15:07.273Z,TRX,0.7688,458.8,0.33469,1360.361778
2026-09-16T07:15:07.273Z,XLM,0.8754,242,0.17635,1360.361778
2026-09-16T07:15:07.273Z,SHIB,0.719,0.0067,4.89e-06,1360.361778
2026-09-16T07:15:07.273Z,BCH,1.7726,305000,220.3,1360.361778
2026-09-16T07:15:07.273Z,UNI,1.4875,8695,6.298,1360.361778
2026-09-16T07:15:07.273Z,AAVE,0.8299,164900,120.22,1360.361778
2026-09-16T07:15:07.273Z,SUSHI,0.3706,281,0.2058,1360.361778
2026-09-16T07:15:07.273Z,LDO,3.2711,474,0.3374,1360.361778
2026-09-16T07:15:07.273Z,ICP,-1.0692,3378,2.51,1360.361778
2026-09-16T07:15:07.273Z,NEAR,0.9943,3241,2.359,1360.361778
2026-09-16T07:15:07.273Z,HBAR,1.4235,102.9,0.07458,1360.361778
2026-09-16T07:15:07.273Z,XTZ,16.7033,388.8,0.2449,1360.361778
2026-09-16T07:15:07.273Z,DYDX,-1.4701,141.1,0.10527,1360.361778
2026-09-16T07:15:07.273Z,ARB,0.2973,209.3,0.1534,1360.361778
2026-09-16T07:15:07.273Z,GMX,8.384,10200,6.918,1360.361778
2026-09-16T07:15:07.273Z,IMX,2.4421,163.3,0.11718,1360.361778
2026-09-16T07:15:07.273Z,INJ,-18.4578,6020,5.427,1360.361778
2026-09-16T07:15:07.273Z,GRT,5.0019,24.64,0.01725,1360.361778
2026-09-16T07:15:07.273Z,SUI,0.4727,945,0.6914,1360.361778
2026-09-16T07:15:07.273Z,HYPE,0.4559,106100,77.64,1360.361778
2026-09-16T07:20:07.058Z,BTC,0.5164,103620000,75779.6,1360.361778
2026-09-16T07:20:07.058Z,ETH,0.5901,3281000,2397.71,1360.361778
2026-09-16T07:20:07.058Z,SOL,0.5231,132700,97.04,1360.361778
2026-09-16T07:20:07.058Z,BNB,0.9354,977500,711.9,1360.361778
2026-09-16T07:20:07.058Z,XRP,0.5355,1767,1.292,1360.361778
2026-09-16T07:20:07.058Z,ADA,0.7077,266.6,0.1946,1360.361778
2026-09-16T07:20:07.058Z,AVAX,0.4291,9935,7.272,1360.361778
2026-09-16T07:20:07.058Z,DOT,-0.9832,1276,0.9473,1360.361778
2026-09-16T07:20:07.058Z,LINK,0.6779,14760,10.777,1360.361778
2026-09-16T07:20:07.058Z,POL,1.7443,125.8,0.09089,1360.361778
2026-09-16T07:20:07.058Z,DOGE,0.5294,109.2,0.07985,1360.361778
2026-09-16T07:20:07.058Z,TRX,0.7809,458.8,0.33465,1360.361778
2026-09-16T07:20:07.058Z,XLM,0.7116,241.1,0.17598,1360.361778
2026-09-16T07:20:07.058Z,SHIB,1.0082,0.0067,4.876e-06,1360.361778
2026-09-16T07:20:07.058Z,BCH,2.0041,305000,219.8,1360.361778
2026-09-16T07:20:07.058Z,UNI,2.0546,8695,6.263,1360.361778
2026-09-16T07:20:07.058Z,AAVE,1.1834,164900,119.8,1360.361778
2026-09-16T07:20:07.058Z,SUSHI,0.6151,281,0.2053,1360.361778
2026-09-16T07:20:07.058Z,LDO,3.7941,474,0.3357,1360.361778
2026-09-16T07:20:07.058Z,ICP,-0.8321,3378,2.504,1360.361778
2026-09-16T07:20:07.058Z,NEAR,1.6405,3241,2.344,1360.361778
2026-09-16T07:20:07.058Z,HBAR,1.6006,102.9,0.07445,1360.361778
2026-09-16T07:20:07.058Z,XTZ,16.7033,388.8,0.2449,1360.361778
2026-09-16T07:20:07.058Z,DYDX,-0.8769,141.1,0.10464,1360.361778
2026-09-16T07:20:07.058Z,ARB,0.8364,209.3,0.15258,1360.361778
2026-09-16T07:20:07.058Z,GMX,8.6038,10200,6.904,1360.361778
2026-09-16T07:20:07.058Z,IMX,2.6699,163.3,0.11692,1360.361778
2026-09-16T07:20:07.058Z,INJ,-18.2016,6020,5.41,1360.361778
2026-09-16T07:20:07.058Z,GRT,5.3071,24.64,0.0172,1360.361778
2026-09-16T07:20:07.058Z,SUI,0.6396,942.6,0.6885,1360.361778
2026-09-16T07:20:07.058Z,HYPE,0.579,106100,77.545,1360.361778
2026-09-16T07:25:07.855Z,BTC,0.4627,103589000,75797.4,1360.361778
2026-09-16T07:25:07.855Z,ETH,0.3938,3277000,2399.47,1360.361778
2026-09-16T07:25:07.855Z,SOL,0.4092,132700,97.15,1360.361778
2026-09-16T07:25:07.855Z,BNB,0.8504,977500,712.5,1360.361778
2026-09-16T07:25:07.855Z,XRP,0.4864,1766,1.2919,1360.361778
2026-09-16T07:25:07.855Z,ADA,0.656,266.6,0.1947,1360.361778
2026-09-16T07:25:07.855Z,AVAX,0.3325,9935,7.279,1360.361778
2026-09-16T07:25:07.855Z,DOT,-1.2127,1276,0.9495,1360.361778
2026-09-16T07:25:07.855Z,LINK,0.5286,14760,10.793,1360.361778
2026-09-16T07:25:07.855Z,POL,1.7891,125.8,0.09085,1360.361778
2026-09-16T07:25:07.855Z,DOGE,0.3997,109.1,0.07988,1360.361778
2026-09-16T07:25:07.855Z,TRX,0.7628,458.8,0.33471,1360.361778
2026-09-16T07:25:07.855Z,XLM,0.679,241.2,0.17611,1360.361778
2026-09-16T07:25:07.855Z,SHIB,0.9047,0.0067,4.881e-06,1360.361778
2026-09-16T07:25:07.855Z,BCH,2.0041,305000,219.8,1360.361778
2026-09-16T07:25:07.855Z,UNI,1.892,8695,6.273,1360.361778
2026-09-16T07:25:07.855Z,AAVE,1.0064,164900,120.01,1360.361778
2026-09-16T07:25:07.855Z,SUSHI,0.6641,281,0.2052,1360.361778
2026-09-16T07:25:07.855Z,LDO,3.7014,474,0.336,1360.361778
2026-09-16T07:25:07.855Z,ICP,-0.8321,3378,2.504,1360.361778
2026-09-16T07:25:07.855Z,NEAR,1.5972,3241,2.345,1360.361778
2026-09-16T07:25:07.855Z,HBAR,1.1992,102.7,0.0746,1360.361778
2026-09-16T07:25:07.855Z,XTZ,16.7033,388.8,0.2449,1360.361778
2026-09-16T07:25:07.855Z,DYDX,-1.1791,141.1,0.10496,1360.361778
2026-09-16T07:25:07.855Z,ARB,0.3011,211.3,0.15486,1360.361778
2026-09-16T07:25:07.855Z,GMX,8.4467,10200,6.914,1360.361778
2026-09-16T07:25:07.855Z,IMX,2.6874,163.3,0.1169,1360.361778
2026-09-16T07:25:07.855Z,INJ,-18.1562,6020,5.407,1360.361778
2026-09-16T07:25:07.855Z,GRT,5.3071,24.64,0.0172,1360.361778
2026-09-16T07:25:07.855Z,SUI,0.4791,942.6,0.6896,1360.361778
2026-09-16T07:25:07.855Z,HYPE,0.3663,106400,77.929,1360.361778
2026-09-16T07:30:07.236Z,BTC,0.4817,103589000,75783.1,1360.361778
2026-09-16T07:30:07.236Z,ETH,0.5166,3279000,2398,1360.361778
2026-09-16T07:30:07.236Z,SOL,0.5884,132800,97.05,1360.361778
2026-09-16T07:30:07.236Z,BNB,0.9354,977500,711.9,1360.361778
2026-09-16T07:30:07.236Z,XRP,0.5852,1765,1.2899,1360.361778
2026-09-16T07:30:07.236Z,ADA,0.8632,266.6,0.1943,1360.361778
2026-09-16T07:30:07.236Z,AVAX,0.4844,9935,7.268,1360.361778
2026-09-16T07:30:07.236Z,DOT,-1.0459,1276,0.9479,1360.361778
2026-09-16T07:30:07.236Z,LINK,0.7059,14760,10.774,1360.361778
2026-09-16T07:30:07.236Z,POL,1.6995,125.8,0.09093,1360.361778
2026-09-16T07:30:07.236Z,DOGE,0.5003,109.1,0.0798,1360.361778
2026-09-16T07:30:07.236Z,TRX,0.7387,458.8,0.33479,1360.361778
2026-09-16T07:30:07.236Z,XLM,0.7483,240.9,0.17577,1360.361778
2026-09-16T07:30:07.236Z,SHIB,1.0497,0.0067,4.874e-06,1360.361778
2026-09-16T07:30:07.236Z,BCH,2.1435,305000,219.5,1360.361778
2026-09-16T07:30:07.236Z,UNI,2.1035,8695,6.26,1360.361778
2026-09-16T07:30:07.236Z,AAVE,1.2257,164900,119.75,1360.361778
2026-09-16T07:30:07.236Z,SUSHI,0.6151,281,0.2053,1360.361778
2026-09-16T07:30:07.236Z,LDO,3.7632,474,0.3358,1360.361778
2026-09-16T07:30:07.236Z,ICP,-0.6735,3378,2.5,1360.361778
2026-09-16T07:30:07.236Z,NEAR,1.8578,3241,2.339,1360.361778
2026-09-16T07:30:07.236Z,HBAR,1.2264,102.7,0.07458,1360.361778
2026-09-16T07:30:07.236Z,XTZ,16.8942,388.8,0.2445,1360.361778
2026-09-16T07:30:07.236Z,DYDX,-1.0377,141.1,0.10481,1360.361778
2026-09-16T07:30:07.236Z,ARB,2.2468,214.3,0.15407,1360.361778
2026-09-16T07:30:07.236Z,GMX,8.5566,10200,6.907,1360.361778
2026-09-16T07:30:07.236Z,IMX,2.6874,163.3,0.1169,1360.361778
2026-09-16T07:30:07.236Z,INJ,-17.776,6020,5.382,1360.361778
2026-09-16T07:30:07.236Z,GRT,5.3071,24.64,0.0172,1360.361778
2026-09-16T07:30:07.236Z,SUI,0.6543,942.6,0.6884,1360.361778
2026-09-16T07:30:07.236Z,HYPE,0.6661,106500,77.77,1360.361778
2026-09-16T07:35:07.078Z,BTC,0.4655,103592000,75797.5,1360.361778
2026-09-16T07:35:07.078Z,ETH,0.4835,3279000,2398.79,1360.361778
2026-09-16T07:35:07.078Z,SOL,0.5438,132700,97.02,1360.361778
2026-09-16T07:35:07.078Z,BNB,1.0063,977500,711.4,1360.361778
2026-09-16T07:35:07.078Z,XRP,0.5282,1764,1.2899,1360.361778
2026-09-16T07:35:07.078Z,ADA,0.8632,266.6,0.1943,1360.361778
2026-09-16T07:35:07.078Z,AVAX,0.6644,9935,7.255,1360.361778
2026-09-16T07:35:07.078Z,DOT,1.6122,1310,0.9477,1360.361778
2026-09-16T07:35:07.078Z,LINK,0.6966,14760,10.775,1360.361778
2026-09-16T07:35:07.078Z,POL,1.599,125.8,0.09102,1360.361778
2026-09-16T07:35:07.078Z,DOGE,0.5798,109.2,0.07981,1360.361778
2026-09-16T07:35:07.078Z,TRX,0.7177,458.8,0.33486,1360.361778
2026-09-16T07:35:07.078Z,XLM,0.7139,240.9,0.17583,1360.361778
2026-09-16T07:35:07.078Z,SHIB,1.0911,0.0067,4.872e-06,1360.361778
2026-09-16T07:35:07.078Z,BCH,2.097,305000,219.6,1360.361778
2026-09-16T07:35:07.078Z,UNI,1.9895,8695,6.267,1360.361778
2026-09-16T07:35:07.078Z,AAVE,1.395,164900,119.55,1360.361778
2026-09-16T07:35:07.078Z,SUSHI,0.5171,281,0.2055,1360.361778
2026-09-16T07:35:07.078Z,LDO,3.9489,474,0.3352,1360.361778
2026-09-16T07:35:07.078Z,ICP,-0.594,3378,2.498,1360.361778
2026-09-16T07:35:07.078Z,NEAR,1.945,3241,2.337,1360.361778
2026-09-16T07:35:07.078Z,HBAR,1.145,102.7,0.07464,1360.361778
2026-09-16T07:35:07.078Z,XTZ,16.8464,388.8,0.2446,1360.361778
2026-09-16T07:35:07.078Z,DYDX,-1.1697,141.1,0.10495,1360.361778
2026-09-16T07:35:07.078Z,ARB,3.0359,214.3,0.15289,1360.361778
2026-09-16T07:35:07.078Z,GMX,8.8087,10200,6.891,1360.361778
2026-09-16T07:35:07.078Z,IMX,2.7314,163.3,0.11685,1360.361778
2026-09-16T07:35:07.078Z,INJ,-17.8828,6020,5.389,1360.361778
2026-09-16T07:35:07.078Z,GRT,5.4911,24.64,0.01717,1360.361778
2026-09-16T07:35:07.078Z,SUI,0.7567,942.6,0.6877,1360.361778
2026-09-16T07:35:07.078Z,HYPE,0.6738,106500,77.764,1360.361778
2026-09-16T07:40:07.053Z,BTC,0.4104,103592000,75839.1,1360.361778
2026-09-16T07:40:07.053Z,ETH,0.5184,3282000,2400.15,1360.361778
2026-09-16T07:40:07.053Z,SOL,0.4816,132700,97.08,1360.361778
2026-09-16T07:40:07.053Z,BNB,1.177,977500,710.2,1360.361778
2026-09-16T07:40:07.053Z,XRP,0.4454,1762,1.2895,1360.361778
2026-09-16T07:40:07.053Z,ADA,0.8114,266.6,0.1944,1360.361778
2026-09-16T07:40:07.053Z,AVAX,0.609,9935,7.259,1360.361778
2026-09-16T07:40:07.053Z,DOT,1.4623,1310,0.9491,1360.361778
2026-09-16T07:40:07.053Z,LINK,0.6499,14760,10.78,1360.361778
2026-09-16T07:40:07.053Z,POL,1.1434,125.8,0.09143,1360.361778
2026-09-16T07:40:07.053Z,DOGE,0.5546,109.2,0.07983,1360.361778
2026-09-16T07:40:07.053Z,TRX,0.7026,458.8,0.33491,1360.361778
2026-09-16T07:40:07.053Z,XLM,0.7425,240.9,0.17578,1360.361778
2026-09-16T07:40:07.053Z,SHIB,1.0704,0.0067,4.873e-06,1360.361778
2026-09-16T07:40:07.053Z,BCH,2.0506,305000,219.7,1360.361778
2026-09-16T07:40:07.053Z,UNI,2.0221,8695,6.265,1360.361778
2026-09-16T07:40:07.053Z,AAVE,1.2172,164900,119.76,1360.361778
2026-09-16T07:40:07.053Z,SUSHI,0.6151,281,0.2053,1360.361778
2026-09-16T07:40:07.053Z,LDO,4.042,474,0.3349,1360.361778
2026-09-16T07:40:07.053Z,ICP,-0.7132,3378,2.501,1360.361778
2026-09-16T07:40:07.053Z,NEAR,1.8143,3241,2.34,1360.361778
2026-09-16T07:40:07.053Z,HBAR,1.1179,102.7,0.07466,1360.361778
2026-09-16T07:40:07.053Z,XTZ,16.7033,388.8,0.2449,1360.361778
2026-09-16T07:40:07.053Z,DYDX,-1.1979,141.1,0.10498,1360.361778
2026-09-16T07:40:07.053Z,ARB,2.7001,214.3,0.15339,1360.361778
2026-09-16T07:40:07.053Z,GMX,8.4467,10200,6.914,1360.361778
2026-09-16T07:40:07.053Z,IMX,2.8634,163.3,0.1167,1360.361778
2026-09-16T07:40:07.053Z,INJ,-17.959,6020,5.394,1360.361778
2026-09-16T07:40:07.053Z,GRT,5.3071,24.64,0.0172,1360.361778
2026-09-16T07:40:07.053Z,SUI,0.6981,942.6,0.6881,1360.361778
2026-09-16T07:40:07.053Z,HYPE,0.635,106500,77.794,1360.361778
2026-09-16T07:45:07.259Z,BTC,0.4938,103590000,75774.7,1360.361778
2026-09-16T07:45:07.259Z,ETH,0.5388,3279000,2397.47,1360.361778
2026-09-16T07:45:07.259Z,SOL,0.5198,132600,96.97,1360.361778
2026-09-16T07:45:07.259Z,BNB,1.2911,977500,709.4,1360.361778
2026-09-16T07:45:07.259Z,XRP,0.5287,1761,1.2877,1360.361778
2026-09-16T07:45:07.259Z,ADA,0.5367,265.6,0.1942,1360.361778
2026-09-16T07:45:07.259Z,AVAX,0.7756,9935,7.247,1360.361778
2026-09-16T07:45:07.259Z,DOT,1.6015,1310,0.9478,1360.361778
2026-09-16T07:45:07.259Z,LINK,0.517,14720,10.765,1360.361778
2026-09-16T07:45:07.259Z,POL,1.3873,125.8,0.09121,1360.361778
2026-09-16T07:45:07.259Z,DOGE,0.509,109,0.07972,1360.361778
2026-09-16T07:45:07.259Z,TRX,0.7508,458.8,0.33475,1360.361778
2026-09-16T07:45:07.259Z,XLM,0.7243,240.5,0.17552,1360.361778
2026-09-16T07:45:07.259Z,SHIB,1.3199,0.0067,4.861e-06,1360.361778
2026-09-16T07:45:07.259Z,BCH,2.2833,305000,219.2,1360.361778
2026-09-16T07:45:07.259Z,UNI,2.1688,8695,6.256,1360.361778
2026-09-16T07:45:07.259Z,AAVE,1.4884,164900,119.44,1360.361778
2026-09-16T07:45:07.259Z,SUSHI,0.8607,281,0.2048,1360.361778
2026-09-16T07:45:07.259Z,LDO,4.011,474,0.335,1360.361778
2026-09-16T07:45:07.259Z,ICP,-0.6337,3378,2.499,1360.361778
2026-09-16T07:45:07.259Z,NEAR,2.2074,3241,2.331,1360.361778
2026-09-16T07:45:07.259Z,HBAR,1.3487,102.7,0.07449,1360.361778
2026-09-16T07:45:07.259Z,XTZ,16.8942,388.8,0.2445,1360.361778
2026-09-16T07:45:07.259Z,DYDX,-1.0471,141.1,0.10482,1360.361778
2026-09-16T07:45:07.259Z,ARB,2.2335,214.3,0.15409,1360.361778
2026-09-16T07:45:07.259Z,GMX,8.6667,10200,6.9,1360.361778
2026-09-16T07:45:07.259Z,IMX,2.9693,163.3,0.11658,1360.361778
2026-09-16T07:45:07.259Z,INJ,-17.8524,6020,5.387,1360.361778
2026-09-16T07:45:07.259Z,GRT,5.4911,24.64,0.01717,1360.361778
2026-09-16T07:45:07.259Z,SUI,0.6398,940,0.6866,1360.361778
2026-09-16T07:45:07.259Z,HYPE,0.491,106200,77.686,1360.361778
2026-09-16T07:50:07.083Z,BTC,0.472,103633000,75822.6,1360.361778
2026-09-16T07:50:07.083Z,ETH,0.436,3276000,2397.73,1360.361778
2026-09-16T07:50:07.083Z,SOL,0.5095,132600,96.98,1360.361778
2026-09-16T07:50:07.083Z,BNB,1.2625,977500,709.6,1360.361778
2026-09-16T07:50:07.083Z,XRP,0.477,1759,1.2869,1360.361778
2026-09-16T07:50:07.083Z,ADA,0.5506,265.5,0.1941,1360.361778
2026-09-16T07:50:07.083Z,AVAX,0.7895,9935,7.246,1360.361778
2026-09-16T07:50:07.083Z,DOT,1.7733,1310,0.9462,1360.361778
2026-09-16T07:50:07.083Z,LINK,0.5111,14700,10.751,1360.361778
2026-09-16T07:50:07.083Z,POL,1.3207,125.8,0.09127,1360.361778
2026-09-16T07:50:07.083Z,DOGE,0.5468,109,0.07969,1360.361778
2026-09-16T07:50:07.083Z,TRX,0.7207,458.8,0.33485,1360.361778
2026-09-16T07:50:07.083Z,XLM,1.218,241.5,0.17539,1360.361778
2026-09-16T07:50:07.083Z,SHIB,1.2991,0.0067,4.862e-06,1360.361778
2026-09-16T07:50:07.083Z,BCH,2.2833,305000,219.2,1360.361778
2026-09-16T07:50:07.083Z,UNI,2.1525,8695,6.257,1360.361778
2026-09-16T07:50:07.083Z,AAVE,1.616,164900,119.29,1360.361778
2026-09-16T07:50:07.083Z,SUSHI,0.9593,281,0.2046,1360.361778
2026-09-16T07:50:07.083Z,LDO,4.1042,474,0.3347,1360.361778
2026-09-16T07:50:07.083Z,ICP,0.5537,3417,2.498,1360.361778
2026-09-16T07:50:07.083Z,NEAR,2.076,3241,2.334,1360.361778
2026-09-16T07:50:07.083Z,HBAR,1.2943,102.7,0.07453,1360.361778
2026-09-16T07:50:07.083Z,XTZ,17.1818,388.8,0.2439,1360.361778
2026-09-16T07:50:07.083Z,DYDX,-0.9432,141.1,0.10471,1360.361778
2026-09-16T07:50:07.083Z,ARB,2.2999,214.3,0.15399,1360.361778
2026-09-16T07:50:07.083Z,GMX,8.7771,10200,6.893,1360.361778
2026-09-16T07:50:07.083Z,IMX,3.1285,163.3,0.1164,1360.361778
2026-09-16T07:50:07.083Z,INJ,-17.8676,6020,5.388,1360.361778
2026-09-16T07:50:07.083Z,GRT,5.4911,24.64,0.01717,1360.361778
2026-09-16T07:50:07.083Z,SUI,0.7572,940,0.6858,1360.361778
2026-09-16T07:50:07.083Z,HYPE,0.6128,106200,77.592,1360.361778
2026-09-16T07:55:07.262Z,BTC,0.4355,103500000,75752.8,1360.361778
2026-09-16T07:55:07.262Z,ETH,0.4157,3274000,2396.75,1360.361778
2026-09-16T07:55:07.262Z,SOL,0.5166,132500,96.9,1360.361778
2026-09-16T07:55:07.262Z,BNB,1.3482,977500,709,1360.361778
2026-09-16T07:55:07.262Z,XRP,0.5136,1758,1.2857,1360.361778
2026-09-16T07:55:07.262Z,ADA,0.6024,265.5,0.194,1360.361778
2026-09-16T07:55:07.262Z,AVAX,0.9148,9935,7.237,1360.361778
2026-09-16T07:55:07.262Z,DOT,1.7948,1310,0.946,1360.361778
2026-09-16T07:55:07.262Z,LINK,0.5298,14700,10.749,1360.361778
2026-09-16T07:55:07.262Z,POL,1.2874,125.8,0.0913,1360.361778
2026-09-16T07:55:07.262Z,DOGE,0.4758,108.8,0.0796,1360.361778
2026-09-16T07:55:07.262Z,TRX,0.7057,458.8,0.3349,1360.361778
2026-09-16T07:55:07.262Z,XLM,1.2569,241.4,0.17525,1360.361778
2026-09-16T07:55:07.262Z,SHIB,1.5706,0.0067,4.849e-06,1360.361778
2026-09-16T07:55:07.262Z,BCH,2.4703,305000,218.8,1360.361778
2026-09-16T07:55:07.262Z,UNI,2.2178,8695,6.253,1360.361778
2026-09-16T07:55:07.262Z,AAVE,1.6416,164900,119.26,1360.361778
2026-09-16T07:55:07.262Z,SUSHI,1.0087,281,0.2045,1360.361778
2026-09-16T07:55:07.262Z,LDO,4.3849,474,0.3338,1360.361778
2026-09-16T07:55:07.262Z,ICP,0.6343,3417,2.496,1360.361778
2026-09-16T07:55:07.262Z,NEAR,0.682,3194,2.332,1360.361778
2026-09-16T07:55:07.262Z,HBAR,1.4986,102.7,0.07438,1360.361778
2026-09-16T07:55:07.262Z,XTZ,17.1818,388.8,0.2439,1360.361778
2026-09-16T07:55:07.262Z,DYDX,-0.8011,141.1,0.10456,1360.361778
2026-09-16T07:55:07.262Z,ARB,2.0547,214.3,0.15436,1360.361778
2026-09-16T07:55:07.262Z,GMX,8.5566,10200,6.907,1360.361778
2026-09-16T07:55:07.262Z,IMX,3.1728,163.3,0.11635,1360.361778
2026-09-16T07:55:07.262Z,INJ,-17.7149,6020,5.378,1360.361778
2026-09-16T07:55:07.262Z,GRT,5.4297,24.64,0.01718,1360.361778
2026-09-16T07:55:07.262Z,SUI,0.8454,940,0.6852,1360.361778
2026-09-16T07:55:07.262Z,HYPE,0.6206,106200,77.586,1360.361778
2026-09-16T08:00:07.460Z,BTC,0.4807,103478000,75702.6,1360.361778
2026-09-16T08:00:07.460Z,ETH,0.4928,3274000,2394.91,1360.361778
2026-09-16T08:00:07.460Z,SOL,0.5477,132500,96.87,1360.361778
2026-09-16T08:00:07.460Z,BNB,1.3339,977500,709.1,1360.361778
2026-09-16T08:00:07.460Z,XRP,0.4671,1755,1.2841,1360.361778
2026-09-16T08:00:07.460Z,ADA,0.6543,265.5,0.1939,1360.361778
2026-09-16T08:00:07.460Z,AVAX,0.9427,9935,7.235,1360.361778
2026-09-16T08:00:07.460Z,DOT,1.7626,1310,0.9463,1360.361778
2026-09-16T08:00:07.460Z,LINK,0.5298,14700,10.749,1360.361778
2026-09-16T08:00:07.460Z,POL,1.2763,125.8,0.09131,1360.361778
2026-09-16T08:00:07.460Z,DOGE,0.4505,108.8,0.07962,1360.361778
2026-09-16T08:00:07.460Z,TRX,0.7087,458.8,0.33489,1360.361778
2026-09-16T08:00:07.460Z,XLM,0.6852,239.9,0.17515,1360.361778
2026-09-16T08:00:07.460Z,SHIB,1.5288,0.0067,4.851e-06,1360.361778
2026-09-16T08:00:07.460Z,BCH,2.4235,305000,218.9,1360.361778
2026-09-16T08:00:07.460Z,UNI,2.0383,8695,6.264,1360.361778
2026-09-16T08:00:07.460Z,AAVE,1.6075,164900,119.3,1360.361778
2026-09-16T08:00:07.460Z,SUSHI,0.8607,281,0.2048,1360.361778
2026-09-16T08:00:07.460Z,LDO,4.3849,474,0.3338,1360.361778
2026-09-16T08:00:07.460Z,ICP,0.6746,3417,2.495,1360.361778
2026-09-16T08:00:07.460Z,NEAR,0.8117,3194,2.329,1360.361778
2026-09-16T08:00:07.460Z,HBAR,1.4986,102.7,0.07438,1360.361778
2026-09-16T08:00:07.460Z,XTZ,17.3261,388.8,0.2436,1360.361778
2026-09-16T08:00:07.460Z,DYDX,-0.8769,141.1,0.10464,1360.361778
2026-09-16T08:00:07.460Z,ARB,2.0811,214.3,0.15432,1360.361778
2026-09-16T08:00:07.460Z,GMX,8.651,10200,6.901,1360.361778
2026-09-16T08:00:07.460Z,IMX,3.0223,163.3,0.11652,1360.361778
2026-09-16T08:00:07.460Z,INJ,-17.776,6020,5.382,1360.361778
2026-09-16T08:00:07.460Z,GRT,5.6142,24.64,0.01715,1360.361778
2026-09-16T08:00:07.460Z,SUI,0.8601,940,0.6851,1360.361778
2026-09-16T08:00:07.460Z,HYPE,0.6841,106200,77.537,1360.361778
2026-09-16T08:05:06.888Z,BTC,0.5158,103398000,75617.7,1360.361778
2026-09-16T08:05:06.888Z,ETH,0.4494,3266000,2390.09,1360.361778
2026-09-16T08:05:06.888Z,SOL,0.5348,132100,96.59,1360.361778
2026-09-16T08:05:06.888Z,BNB,0.4437,967000,707.7,1360.361778
2026-09-16T08:05:06.888Z,XRP,0.4675,1752,1.2819,1360.361778
2026-09-16T08:05:06.888Z,ADA,1.019,265.5,0.1932,1360.361778
2026-09-16T08:05:06.888Z,AVAX,1.2506,9935,7.213,1360.361778
2026-09-16T08:05:06.888Z,DOT,2.1295,1310,0.9429,1360.361778
2026-09-16T08:05:06.888Z,LINK,0.9053,14700,10.709,1360.361778
2026-09-16T08:05:06.888Z,POL,1.7331,125.8,0.0909,1360.361778
2026-09-16T08:05:06.888Z,DOGE,0.4764,108.5,0.07938,1360.361778
2026-09-16T08:05:06.888Z,TRX,0.7568,458.8,0.33473,1360.361778
2026-09-16T08:05:06.888Z,XLM,0.654,239.1,0.17462,1360.361778
2026-09-16T08:05:06.888Z,SHIB,1.7805,0.0067,4.839e-06,1360.361778
2026-09-16T08:05:06.888Z,BCH,0.8655,299400,218.2,1360.361778
2026-09-16T08:05:06.888Z,UNI,2.5294,8695,6.234,1360.361778
2026-09-16T08:05:06.888Z,AAVE,1.8551,164900,119.01,1360.361778
2026-09-16T08:05:06.888Z,SUSHI,1.3059,281,0.2039,1360.361778
2026-09-16T08:05:06.888Z,LDO,4.8245,474,0.3324,1360.361778
2026-09-16T08:05:06.888Z,ICP,0.7949,3406,2.484,1360.361778
2026-09-16T08:05:06.888Z,NEAR,0.8226,3182,2.32,1360.361778
2026-09-16T08:05:06.888Z,HBAR,0.8725,101.6,0.07404,1360.361778
2026-09-16T08:05:06.888Z,XTZ,17.4225,388.8,0.2434,1360.361778
2026-09-16T08:05:06.888Z,DYDX,-0.5728,141.1,0.10432,1360.361778
2026-09-16T08:05:06.888Z,ARB,2.9686,214.3,0.15299,1360.361778
2026-09-16T08:05:06.888Z,GMX,9.0302,10200,6.877,1360.361778
2026-09-16T08:05:06.888Z,IMX,3.5198,163.3,0.11596,1360.361778
2026-09-16T08:05:06.888Z,INJ,-17.4231,6020,5.359,1360.361778
2026-09-16T08:05:06.888Z,GRT,5.923,24.64,0.0171,1360.361778
2026-09-16T08:05:06.888Z,SUI,0.7262,935.6,0.6828,1360.361778
2026-09-16T08:05:06.888Z,HYPE,0.9706,106200,77.317,1360.361778
2026-09-16T08:10:06.741Z,BTC,0.5878,103277000,75475.1,1360.361778
2026-09-16T08:10:06.741Z,ETH,0.4215,3259000,2385.63,1360.361778
2026-09-16T08:10:06.741Z,SOL,0.4312,131800,96.47,1360.361778
2026-09-16T08:10:06.741Z,BNB,0.6286,967000,706.4,1360.361778
2026-09-16T08:10:06.741Z,XRP,0.6238,1755,1.2821,1360.361778
2026-09-16T08:10:06.741Z,ADA,1.1761,265.5,0.1929,1360.361778
2026-09-16T08:10:06.741Z,AVAX,1.5039,9935,7.195,1360.361778
2026-09-16T08:10:06.741Z,DOT,2.1295,1310,0.9429,1360.361778
2026-09-16T08:10:06.741Z,LINK,0.9336,14700,10.706,1360.361778
2026-09-16T08:10:06.741Z,POL,1.7331,125.8,0.0909,1360.361778
2026-09-16T08:10:06.741Z,DOGE,0.5144,108.5,0.07935,1360.361778
2026-09-16T08:10:06.741Z,TRX,0.6548,458.5,0.33485,1360.361778
2026-09-16T08:10:06.741Z,XLM,0.6898,238.5,0.17412,1360.361778
2026-09-16T08:10:06.741Z,SHIB,1.8226,0.0067,4.837e-06,1360.361778
2026-09-16T08:10:06.741Z,BCH,0.958,299400,218,1360.361778
2026-09-16T08:10:06.741Z,UNI,2.5458,8695,6.233,1360.361778
2026-09-16T08:10:06.741Z,AAVE,0.3278,162400,118.99,1360.361778
2026-09-16T08:10:06.741Z,SUSHI,1.1571,281,0.2042,1360.361778
2026-09-16T08:10:06.741Z,LDO,4.9192,474,0.3321,1360.361778
2026-09-16T08:10:06.741Z,ICP,0.8761,3406,2.482,1360.361778
2026-09-16T08:10:06.741Z,NEAR,0.4909,3177,2.324,1360.361778
2026-09-16T08:10:06.741Z,HBAR,0.4439,101.1,0.07399,1360.361778
2026-09-16T08:10:06.741Z,XTZ,17.4707,388.8,0.2433,1360.361778
2026-09-16T08:10:06.741Z,DYDX,-0.5728,141.1,0.10432,1360.361778
2026-09-16T08:10:06.741Z,ARB,2.4329,214.3,0.15379,1360.361778
2026-09-16T08:10:06.741Z,GMX,9.2049,10200,6.866,1360.361778
2026-09-16T08:10:06.741Z,IMX,3.4306,163.3,0.11606,1360.361778
2026-09-16T08:10:06.741Z,INJ,-17.5155,6020,5.365,1360.361778
2026-09-16T08:10:06.741Z,GRT,6.3584,24.64,0.01703,1360.361778
2026-09-16T08:10:06.741Z,SUI,0.3171,931.8,0.6828,1360.361778
2026-09-16T08:10:06.741Z,HYPE,0.9798,106200,77.31,1360.361778
2026-09-16T08:15:07.073Z,BTC,0.4684,103150000,75471.9,1360.361778
2026-09-16T08:15:07.073Z,ETH,0.5685,3265000,2386.53,1360.361778
2026-09-16T08:15:07.073Z,SOL,0.3584,131800,96.54,1360.361778
2026-09-16T08:15:07.073Z,BNB,0.6001,967000,706.6,1360.361778
2026-09-16T08:15:07.073Z,XRP,0.59,1754,1.2818,1360.361778
2026-09-16T08:15:07.073Z,ADA,1.1237,265.5,0.193,1360.361778
2026-09-16T08:15:07.073Z,AVAX,1.4334,9935,7.2,1360.361778
2026-09-16T08:15:07.073Z,DOT,2.2922,1310,0.9414,1360.361778
2026-09-16T08:15:07.073Z,LINK,0.8488,14700,10.715,1360.361778
2026-09-16T08:15:07.073Z,POL,1.8339,125.8,0.09081,1360.361778
2026-09-16T08:15:07.073Z,DOGE,0.5144,108.5,0.07935,1360.361778
2026-09-16T08:15:07.073Z,TRX,0.6128,458.5,0.33499,1360.361778
2026-09-16T08:15:07.073Z,XLM,0.794,238.5,0.17394,1360.361778
2026-09-16T08:15:07.073Z,SHIB,1.8226,0.0067,4.837e-06,1360.361778
2026-09-16T08:15:07.073Z,BCH,0.958,299400,218,1360.361778
2026-09-16T08:15:07.073Z,UNI,2.2833,8695,6.249,1360.361778
2026-09-16T08:15:07.073Z,AAVE,0.2435,162400,119.09,1360.361778
2026-09-16T08:15:07.073Z,SUSHI,1.2066,281,0.2041,1360.361778
2026-09-16T08:15:07.073Z,LDO,4.9508,474,0.332,1360.361778
2026-09-16T08:15:07.073Z,ICP,0.7949,3406,2.484,1360.361778
2026-09-16T08:15:07.073Z,NEAR,0.5774,3177,2.322,1360.361778
2026-09-16T08:15:07.073Z,HBAR,0.3897,101.1,0.07403,1360.361778
2026-09-16T08:15:07.073Z,XTZ,17.5674,388.8,0.2431,1360.361778
2026-09-16T08:15:07.073Z,DYDX,-0.7441,141.1,0.1045,1360.361778
2026-09-16T08:15:07.073Z,ARB,2.1341,214.3,0.15424,1360.361778
2026-09-16T08:15:07.073Z,GMX,9.046,10200,6.876,1360.361778
2026-09-16T08:15:07.073Z,IMX,3.3861,163.3,0.11611,1360.361778
2026-09-16T08:15:07.073Z,INJ,-17.3769,6020,5.356,1360.361778
2026-09-16T08:15:07.073Z,GRT,6.3584,24.64,0.01703,1360.361778
2026-09-16T08:15:07.073Z,SUI,0.2877,931.8,0.683,1360.361778
2026-09-16T08:15:07.073Z,HYPE,0.9863,106200,77.305,1360.361778
2026-09-16T08:20:07.755Z,BTC,0.4888,103150000,75456.6,1360.361778
2026-09-16T08:20:07.755Z,ETH,0.5164,3267000,2389.23,1360.361778
2026-09-16T08:20:07.755Z,SOL,0.1613,131800,96.73,1360.361778
2026-09-16T08:20:07.755Z,BNB,0.7427,967000,705.6,1360.361778
2026-09-16T08:20:07.755Z,XRP,0.593,1752,1.2803,1360.361778
2026-09-16T08:20:07.755Z,ADA,0.6045,264,0.1929,1360.361778
2026-09-16T08:20:07.755Z,AVAX,1.4052,9935,7.202,1360.361778
2026-09-16T08:20:07.755Z,DOT,2.2379,1310,0.9419,1360.361778
2026-09-16T08:20:07.755Z,LINK,0.8018,14700,10.72,1360.361778
2026-09-16T08:20:07.755Z,POL,1.3318,125.8,0.09126,1360.361778
2026-09-16T08:20:07.755Z,DOGE,0.5018,108.5,0.07936,1360.361778
2026-09-16T08:20:07.755Z,TRX,0.5857,458.5,0.33508,1360.361778
2026-09-16T08:20:07.755Z,XLM,0.7708,238.5,0.17398,1360.361778
2026-09-16T08:20:07.755Z,SHIB,1.8226,0.0067,4.837e-06,1360.361778
2026-09-16T08:20:07.755Z,BCH,0.8655,299400,218.2,1360.361778
2026-09-16T08:20:07.755Z,UNI,2.2178,8695,6.253,1360.361778
2026-09-16T08:20:07.755Z,AAVE,0.109,162400,119.25,1360.361778
2026-09-16T08:20:07.755Z,SUSHI,1.0581,281,0.2044,1360.361778
2026-09-16T08:20:07.755Z,LDO,4.8876,474,0.3322,1360.361778
2026-09-16T08:20:07.755Z,ICP,0.4713,3406,2.492,1360.361778
2026-09-16T08:20:07.755Z,NEAR,0.3613,3177,2.327,1360.361778
2026-09-16T08:20:07.755Z,HBAR,0.2948,101.1,0.0741,1360.361778
2026-09-16T08:20:07.755Z,XTZ,17.2298,388.8,0.2438,1360.361778
2026-09-16T08:20:07.755Z,DYDX,-0.7061,141.1,0.10446,1360.361778
2026-09-16T08:20:07.755Z,ARB,2.1805,214.3,0.15417,1360.361778
2026-09-16T08:20:07.755Z,GMX,9.0778,10200,6.874,1360.361778
2026-09-16T08:20:07.755Z,IMX,3.4841,163.3,0.116,1360.361778
2026-09-16T08:20:07.755Z,INJ,-17.5001,6020,5.364,1360.361778
2026-09-16T08:20:07.755Z,GRT,6.3584,24.64,0.01703,1360.361778
2026-09-16T08:20:07.755Z,SUI,0.2877,931.8,0.683,1360.361778
2026-09-16T08:20:07.755Z,HYPE,1.0491,106200,77.257,1360.361778
2026-09-16T08:25:06.913Z,BTC,0.5293,103061000,75361.1,1360.361778
2026-09-16T08:25:06.913Z,ETH,0.593,3266000,2386.68,1360.361778
2026-09-16T08:25:06.913Z,SOL,0.3376,131800,96.56,1360.361778
2026-09-16T08:25:06.913Z,BNB,0.8857,967000,704.6,1360.361778
2026-09-16T08:25:06.913Z,XRP,0.6227,1748,1.277,1360.361778
2026-09-16T08:25:06.913Z,ADA,0.6567,264,0.1928,1360.361778
2026-09-16T08:25:06.913Z,AVAX,1.518,9935,7.194,1360.361778
2026-09-16T08:25:06.913Z,DOT,2.4228,1310,0.9402,1360.361778
2026-09-16T08:25:06.913Z,LINK,1.0468,14700,10.694,1360.361778
2026-09-16T08:25:06.913Z,POL,1.4652,125.8,0.09114,1360.361778
2026-09-16T08:25:06.913Z,DOGE,0.6883,108.4,0.07914,1360.361778
2026-09-16T08:25:06.913Z,TRX,0.6218,458.5,0.33496,1360.361778
2026-09-16T08:25:06.913Z,XLM,1.1464,239.1,0.17377,1360.361778
2026-09-16T08:25:06.913Z,SHIB,1.9702,0.0067,4.83e-06,1360.361778
2026-09-16T08:25:06.913Z,BCH,1.0972,299400,217.7,1360.361778
2026-09-16T08:25:06.913Z,UNI,2.4144,8695,6.241,1360.361778
2026-09-16T08:25:06.913Z,AAVE,0.3278,162400,118.99,1360.361778
2026-09-16T08:25:06.913Z,SUSHI,1.2066,281,0.2041,1360.361778
2026-09-16T08:25:06.913Z,LDO,5.0141,474,0.3318,1360.361778
2026-09-16T08:25:06.913Z,ICP,0.5924,3406,2.489,1360.361778
2026-09-16T08:25:06.913Z,NEAR,0.4909,3177,2.324,1360.361778
2026-09-16T08:25:06.913Z,HBAR,0.4439,101.1,0.07399,1360.361778
2026-09-16T08:25:06.913Z,XTZ,17.3743,388.8,0.2435,1360.361778
2026-09-16T08:25:06.913Z,DYDX,-0.5347,141.1,0.10428,1360.361778
2026-09-16T08:25:06.913Z,ARB,2.1142,214.3,0.15427,1360.361778
2026-09-16T08:25:06.913Z,GMX,9.0778,10200,6.874,1360.361778
2026-09-16T08:25:06.913Z,IMX,3.5288,163.3,0.11595,1360.361778
2026-09-16T08:25:06.913Z,INJ,-17.3615,6020,5.355,1360.361778
2026-09-16T08:25:06.913Z,GRT,6.2336,24.64,0.01705,1360.361778
2026-09-16T08:25:06.913Z,SUI,0.4495,931.8,0.6819,1360.361778
2026-09-16T08:25:06.913Z,HYPE,1.2404,106200,77.111,1360.361778
2026-09-16T08:30:07.762Z,BTC,0.4479,103049000,75413.4,1360.361778
2026-09-16T08:30:07.762Z,ETH,0.3805,3261000,2388.07,1360.361778
2026-09-16T08:30:07.762Z,SOL,0.5452,132100,96.58,1360.361778
2026-09-16T08:30:07.762Z,BNB,0.549,963500,704.4,1360.361778
2026-09-16T08:30:07.762Z,XRP,0.5494,1747,1.2772,1360.361778
2026-09-16T08:30:07.762Z,ADA,0.6848,263.8,0.1926,1360.361778
2026-09-16T08:30:07.762Z,AVAX,1.5886,9935,7.189,1360.361778
2026-09-16T08:30:07.762Z,DOT,2.401,1310,0.9404,1360.361778
2026-09-16T08:30:07.762Z,LINK,1.1509,14700,10.683,1360.361778
2026-09-16T08:30:07.762Z,POL,1.3096,125.8,0.09128,1360.361778
2026-09-16T08:30:07.762Z,DOGE,0.5446,108.3,0.07918,1360.361778
2026-09-16T08:30:07.762Z,TRX,0.6068,458.5,0.33501,1360.361778
2026-09-16T08:30:07.762Z,XLM,0.7564,238,0.17364,1360.361778
2026-09-16T08:30:07.762Z,SHIB,0.5315,0.0066,4.826e-06,1360.361778
2026-09-16T08:30:07.762Z,BCH,1.1901,299400,217.5,1360.361778
2026-09-16T08:30:07.762Z,UNI,2.5623,8695,6.232,1360.361778
2026-09-16T08:30:07.762Z,AAVE,0.3784,162400,118.93,1360.361778
2026-09-16T08:30:07.762Z,SUSHI,1.2562,281,0.204,1360.361778
2026-09-16T08:30:07.762Z,LDO,5.1408,474,0.3314,1360.361778
2026-09-16T08:30:07.762Z,ICP,0.7544,3406,2.485,1360.361778
2026-09-16T08:30:07.762Z,NEAR,0.7076,3177,2.319,1360.361778
2026-09-16T08:30:07.762Z,HBAR,0.4304,101.1,0.074,1360.361778
2026-09-16T08:30:07.762Z,XTZ,17.4225,388.8,0.2434,1360.361778
2026-09-16T08:30:07.762Z,DYDX,-0.6776,141.1,0.10443,1360.361778
2026-09-16T08:30:07.762Z,ARB,1.6267,214.3,0.15501,1360.361778
2026-09-16T08:30:07.762Z,GMX,9.1095,10200,6.872,1360.361778
2026-09-16T08:30:07.762Z,IMX,3.6092,163.3,0.11586,1360.361778
2026-09-16T08:30:07.762Z,INJ,-17.4077,6020,5.358,1360.361778
2026-09-16T08:30:07.762Z,GRT,6.2336,24.64,0.01705,1360.361778
2026-09-16T08:30:07.762Z,SUI,0.4642,931.8,0.6818,1360.361778
2026-09-16T08:30:07.762Z,HYPE,1.1237,106200,77.2,1360.361778
2026-09-16T08:35:06.907Z,BTC,0.4359,103101000,75460.5,1360.361778
2026-09-16T08:35:06.907Z,ETH,0.4232,3264000,2389.25,1360.361778
2026-09-16T08:35:06.907Z,SOL,0.5452,132100,96.58,1360.361778
2026-09-16T08:35:06.907Z,BNB,0.492,963500,704.8,1360.361778
2026-09-16T08:35:06.907Z,XRP,0.5101,1747,1.2777,1360.361778
2026-09-16T08:35:06.907Z,ADA,0.7371,263.8,0.1925,1360.361778
2026-09-16T08:35:06.907Z,AVAX,1.6169,9935,7.187,1360.361778
2026-09-16T08:35:06.907Z,DOT,0.6856,1286,0.9389,1360.361778
2026-09-16T08:35:06.907Z,LINK,1.1036,14700,10.688,1360.361778
2026-09-16T08:35:06.907Z,POL,1.4541,125.8,0.09115,1360.361778
2026-09-16T08:35:06.907Z,DOGE,0.5065,108.3,0.07921,1360.361778
2026-09-16T08:35:06.907Z,TRX,0.6518,458.5,0.33486,1360.361778
2026-09-16T08:35:06.907Z,XLM,0.8726,238,0.17344,1360.361778
2026-09-16T08:35:06.907Z,SHIB,0.4899,0.0066,4.828e-06,1360.361778
2026-09-16T08:35:06.907Z,BCH,0.6743,297600,217.3,1360.361778
2026-09-16T08:35:06.907Z,UNI,2.5458,8695,6.233,1360.361778
2026-09-16T08:35:06.907Z,AAVE,0.5729,162400,118.7,1360.361778
2026-09-16T08:35:06.907Z,SUSHI,1.2562,281,0.204,1360.361778
2026-09-16T08:35:06.907Z,LDO,5.0141,474,0.3318,1360.361778
2026-09-16T08:35:06.907Z,ICP,0.9982,3406,2.479,1360.361778
2026-09-16T08:35:06.907Z,NEAR,0.838,3177,2.316,1360.361778
2026-09-16T08:35:06.907Z,HBAR,0.4304,101.1,0.074,1360.361778
2026-09-16T08:35:06.907Z,XTZ,17.1818,388.8,0.2439,1360.361778
2026-09-16T08:35:06.907Z,DYDX,-0.6681,141.1,0.10442,1360.361778
2026-09-16T08:35:06.907Z,ARB,2.2933,214.3,0.154,1360.361778
2026-09-16T08:35:06.907Z,GMX,9.189,10200,6.867,1360.361778
2026-09-16T08:35:06.907Z,IMX,3.6271,163.3,0.11584,1360.361778
2026-09-16T08:35:06.907Z,INJ,-17.3615,6020,5.355,1360.361778
2026-09-16T08:35:06.907Z,GRT,6.1713,24.64,0.01706,1360.361778
2026-09-16T08:35:06.907Z,SUI,0.4495,931.8,0.6819,1360.361778
2026-09-16T08:35:06.907Z,HYPE,1.1708,106200,77.164,1360.361778
2026-09-16T08:40:07.201Z,BTC,0.4448,103174000,75507.2,1360.361778
2026-09-16T08:40:07.201Z,ETH,0.4727,3268000,2391,1360.361778
2026-09-16T08:40:07.201Z,SOL,0.5796,132200,96.62,1360.361778
2026-09-16T08:40:07.201Z,BNB,0.3354,963500,705.9,1360.361778
2026-09-16T08:40:07.201Z,XRP,0.5725,1750,1.2791,1360.361778
2026-09-16T08:40:07.201Z,ADA,0.6467,263.7,0.1926,1360.361778
2026-09-16T08:40:07.201Z,AVAX,1.631,9935,7.186,1360.361778
2026-09-16T08:40:07.201Z,DOT,0.707,1286,0.9387,1360.361778
2026-09-16T08:40:07.201Z,LINK,1.0846,14700,10.69,1360.361778
2026-09-16T08:40:07.201Z,POL,1.4986,125.8,0.09111,1360.361778
2026-09-16T08:40:07.201Z,DOGE,0.3377,108.2,0.07927,1360.361778
2026-09-16T08:40:07.201Z,TRX,0.7899,458.8,0.33462,1360.361778
2026-09-16T08:40:07.201Z,XLM,0.3484,237.2,0.17376,1360.361778
2026-09-16T08:40:07.201Z,SHIB,0.4691,0.0066,4.829e-06,1360.361778
2026-09-16T08:40:07.201Z,BCH,0.7207,297600,217.2,1360.361778
2026-09-16T08:40:07.201Z,UNI,2.6941,8695,6.224,1360.361778
2026-09-16T08:40:07.201Z,AAVE,0.7001,162400,118.55,1360.361778
2026-09-16T08:40:07.201Z,SUSHI,1.2562,281,0.204,1360.361778
2026-09-16T08:40:07.201Z,LDO,5.0141,474,0.3318,1360.361778
2026-09-16T08:40:07.201Z,ICP,0.9982,3406,2.479,1360.361778
2026-09-16T08:40:07.201Z,NEAR,0.5341,3177,2.323,1360.361778
2026-09-16T08:40:07.201Z,HBAR,0.5935,101.1,0.07388,1360.361778
2026-09-16T08:40:07.201Z,XTZ,17.4225,388.8,0.2434,1360.361778
2026-09-16T08:40:07.201Z,DYDX,-0.6585,141.1,0.10441,1360.361778
2026-09-16T08:40:07.201Z,ARB,1.6333,214.3,0.155,1360.361778
2026-09-16T08:40:07.201Z,GMX,9.1413,10200,6.87,1360.361778
2026-09-16T08:40:07.201Z,IMX,3.5198,163.3,0.11596,1360.361778
2026-09-16T08:40:07.201Z,INJ,-17.3306,6020,5.353,1360.361778
2026-09-16T08:40:07.201Z,GRT,6.1091,24.64,0.01707,1360.361778
2026-09-16T08:40:07.201Z,SUI,0.4347,931.8,0.682,1360.361778
2026-09-16T08:40:07.201Z,HYPE,0.8871,106200,77.381,1360.361778
2026-09-16T08:45:07.068Z,BTC,0.4661,103203000,75512.4,1360.361778
2026-09-16T08:45:07.068Z,ETH,0.5225,3271000,2392.01,1360.361778
2026-09-16T08:45:07.068Z,SOL,0.5172,132200,96.68,1360.361778
2026-09-16T08:45:07.068Z,BNB,0.4065,963500,705.4,1360.361778
2026-09-16T08:45:07.068Z,XRP,0.5175,1750,1.2798,1360.361778
2026-09-16T08:45:07.068Z,ADA,0.6608,263.6,0.1925,1360.361778
2026-09-16T08:45:07.068Z,AVAX,1.6027,9935,7.188,1360.361778
2026-09-16T08:45:07.068Z,DOT,0.6106,1286,0.9396,1360.361778
2026-09-16T08:45:07.068Z,LINK,0.9996,14700,10.699,1360.361778
2026-09-16T08:45:07.068Z,POL,1.3651,125.8,0.09123,1360.361778
2026-09-16T08:45:07.068Z,DOGE,0.4304,108.3,0.07927,1360.361778
2026-09-16T08:45:07.068Z,TRX,0.7357,458.8,0.3348,1360.361778
2026-09-16T08:45:07.068Z,XLM,0.5795,237.5,0.17358,1360.361778
2026-09-16T08:45:07.068Z,SHIB,1.9491,0.0067,4.831e-06,1360.361778
2026-09-16T08:45:07.068Z,BCH,0.7671,297600,217.1,1360.361778
2026-09-16T08:45:07.068Z,UNI,2.7436,8695,6.221,1360.361778
2026-09-16T08:45:07.068Z,AAVE,0.6831,162400,118.57,1360.361778
2026-09-16T08:45:07.068Z,SUSHI,1.1571,281,0.2042,1360.361778
2026-09-16T08:45:07.068Z,LDO,5.0774,474,0.3316,1360.361778
2026-09-16T08:45:07.068Z,ICP,1.039,3406,2.478,1360.361778
2026-09-16T08:45:07.068Z,NEAR,-0.0253,3177,2.336,1360.361778
2026-09-16T08:45:07.068Z,HBAR,0.6071,101.1,0.07387,1360.361778
2026-09-16T08:45:07.068Z,XTZ,17.3743,388.8,0.2435,1360.361778
2026-09-16T08:45:07.068Z,DYDX,-0.7156,141.1,0.10447,1360.361778
2026-09-16T08:45:07.068Z,ARB,2.2933,214.3,0.154,1360.361778
2026-09-16T08:45:07.068Z,GMX,8.9826,10200,6.88,1360.361778
2026-09-16T08:45:07.068Z,IMX,3.7525,163.3,0.1157,1360.361778
2026-09-16T08:45:07.068Z,INJ,-17.3151,6020,5.352,1360.361778
2026-09-16T08:45:07.068Z,GRT,5.985,24.64,0.01709,1360.361778
2026-09-16T08:45:07.068Z,SUI,0.3906,931.8,0.6823,1360.361778
2026-09-16T08:45:07.068Z,HYPE,0.7504,106200,77.486,1360.361778
2026-09-16T08:50:07.162Z,BTC,0.4616,103225000,75531.9,1360.361778
2026-09-16T08:50:07.162Z,ETH,0.5003,3272000,2393.27,1360.361778
2026-09-16T08:50:07.162Z,SOL,0.4756,132200,96.72,1360.361778
2026-09-16T08:50:07.162Z,BNB,0.378,963500,705.6,1360.361778
2026-09-16T08:50:07.162Z,XRP,0.5749,1751,1.2798,1360.361778
2026-09-16T08:50:07.162Z,ADA,0.6608,263.6,0.1925,1360.361778
2026-09-16T08:50:07.162Z,AVAX,1.5603,9935,7.191,1360.361778
2026-09-16T08:50:07.162Z,DOT,0.5357,1286,0.9403,1360.361778
2026-09-16T08:50:07.162Z,LINK,0.9619,14700,10.703,1360.361778
2026-09-16T08:50:07.162Z,POL,0.9998,125.8,0.09156,1360.361778
2026-09-16T08:50:07.162Z,DOGE,0.4304,108.3,0.07927,1360.361778
2026-09-16T08:50:07.162Z,TRX,0.7357,458.8,0.3348,1360.361778
2026-09-16T08:50:07.162Z,XLM,0.5929,237.6,0.17363,1360.361778
2026-09-16T08:50:07.162Z,SHIB,2.0124,0.0067,4.828e-06,1360.361778
2026-09-16T08:50:07.162Z,BCH,0.6743,297600,217.3,1360.361778
2026-09-16T08:50:07.162Z,UNI,2.4472,8695,6.239,1360.361778
2026-09-16T08:50:07.162Z,AAVE,0.7086,162400,118.54,1360.361778
2026-09-16T08:50:07.162Z,SUSHI,1.1571,281,0.2042,1360.361778
2026-09-16T08:50:07.162Z,LDO,4.9508,474,0.332,1360.361778
2026-09-16T08:50:07.162Z,ICP,0.8355,3406,2.483,1360.361778
2026-09-16T08:50:07.162Z,NEAR,-0.4515,3177,2.346,1360.361778
2026-09-16T08:50:07.162Z,HBAR,0.6071,101.1,0.07387,1360.361778
2026-09-16T08:50:07.162Z,XTZ,17.3743,388.8,0.2435,1360.361778
2026-09-16T08:50:07.162Z,DYDX,-0.7061,141.1,0.10446,1360.361778
2026-09-16T08:50:07.162Z,ARB,1.5547,214.3,0.15512,1360.361778
2026-09-16T08:50:07.162Z,GMX,8.7613,10200,6.894,1360.361778
2026-09-16T08:50:07.162Z,IMX,3.7345,163.3,0.11572,1360.361778
2026-09-16T08:50:07.162Z,INJ,-17.4386,6020,5.36,1360.361778
2026-09-16T08:50:07.162Z,GRT,5.985,24.64,0.01709,1360.361778
2026-09-16T08:50:07.162Z,SUI,0.3024,931.8,0.6829,1360.361778
2026-09-16T08:50:07.162Z,HYPE,0.7868,106200,77.458,1360.361778
2026-09-16T08:55:06.530Z,BTC,0.4101,103258000,75594.8,1360.361778
2026-09-16T08:55:06.530Z,ETH,0.2966,3272000,2398.13,1360.361778
2026-09-16T08:55:06.530Z,SOL,0.403,132200,96.79,1360.361778
2026-09-16T08:55:06.530Z,BNB,0.2786,963500,706.3,1360.361778
2026-09-16T08:55:06.530Z,XRP,0.3998,1750,1.2813,1360.361778
2026-09-16T08:55:06.530Z,ADA,0.5041,263.6,0.1928,1360.361778
2026-09-16T08:55:06.530Z,AVAX,1.4898,9935,7.196,1360.361778
2026-09-16T08:55:06.530Z,DOT,0.5036,1286,0.9406,1360.361778
2026-09-16T08:55:06.530Z,LINK,0.8488,14700,10.715,1360.361778
2026-09-16T08:55:06.530Z,POL,0.9116,125.8,0.09164,1360.361778
2026-09-16T08:55:06.530Z,DOGE,0.3291,108.3,0.07935,1360.361778
2026-09-16T08:55:06.530Z,TRX,0.7387,458.8,0.33479,1360.361778
2026-09-16T08:55:06.530Z,XLM,0.5599,237.7,0.17376,1360.361778
2026-09-16T08:55:06.530Z,SHIB,1.7805,0.0067,4.839e-06,1360.361778
2026-09-16T08:55:06.530Z,BCH,0.5355,297600,217.6,1360.361778
2026-09-16T08:55:06.530Z,UNI,2.2669,8695,6.25,1360.361778
2026-09-16T08:55:06.530Z,AAVE,0.8703,162400,118.35,1360.361778
2026-09-16T08:55:06.530Z,SUSHI,1.1571,281,0.2042,1360.361778
2026-09-16T08:55:06.530Z,LDO,4.9192,474,0.3321,1360.361778
2026-09-16T08:55:06.530Z,ICP,0.7949,3406,2.484,1360.361778
2026-09-16T08:55:06.530Z,NEAR,-0.3665,3177,2.344,1360.361778
2026-09-16T08:55:06.530Z,HBAR,2.1578,102.7,0.0739,1360.361778
2026-09-16T08:55:06.530Z,XTZ,17.5674,388.8,0.2431,1360.361778
2026-09-16T08:55:06.530Z,DYDX,-0.7251,141.1,0.10448,1360.361778
2026-09-16T08:55:06.530Z,ARB,2.6332,214.3,0.15349,1360.361778
2026-09-16T08:55:06.530Z,GMX,8.714,10200,6.897,1360.361778
2026-09-16T08:55:06.530Z,IMX,3.645,163.3,0.11582,1360.361778
2026-09-16T08:55:06.530Z,INJ,-17.4386,6020,5.36,1360.361778
2026-09-16T08:55:06.530Z,GRT,5.7992,24.64,0.01712,1360.361778
2026-09-16T08:55:06.530Z,SUI,0.1411,931.8,0.684,1360.361778
2026-09-16T08:55:06.530Z,HYPE,0.7595,106200,77.479,1360.361778
2026-09-16T09:00:07.353Z,BTC,0.4148,103416000,75706.9,1360.361778
2026-09-16T09:00:07.353Z,ETH,0.4963,3283000,2401.41,1360.361778
2026-09-16T09:00:07.353Z,SOL,0.444,132500,96.97,1360.361778
2026-09-16T09:00:07.353Z,BNB,0.2076,963500,706.8,1360.361778
2026-09-16T09:00:07.353Z,XRP,0.5243,1756,1.2841,1360.361778
2026-09-16T09:00:07.353Z,ADA,0.4,263.6,0.193,1360.361778
2026-09-16T09:00:07.353Z,AVAX,1.2646,9935,7.212,1360.361778
2026-09-16T09:00:07.353Z,DOT,0.4075,1286,0.9415,1360.361778
2026-09-16T09:00:07.353Z,LINK,0.4457,14700,10.758,1360.361778
2026-09-16T09:00:07.353Z,POL,0.6042,125.8,0.09192,1360.361778
2026-09-16T09:00:07.353Z,DOGE,0.1272,108.3,0.07951,1360.361778
2026-09-16T09:00:07.353Z,TRX,0.4934,457.3,0.33451,1360.361778
2026-09-16T09:00:07.353Z,XLM,0.5075,238,0.17407,1360.361778
2026-09-16T09:00:07.353Z,SHIB,1.4869,0.0067,4.853e-06,1360.361778
2026-09-16T09:00:07.353Z,BCH,0.3971,297600,217.9,1360.361778
2026-09-16T09:00:07.353Z,UNI,2.0546,8695,6.263,1360.361778
2026-09-16T09:00:07.353Z,AAVE,0.7596,162400,118.48,1360.361778
2026-09-16T09:00:07.353Z,SUSHI,1.0087,281,0.2045,1360.361778
2026-09-16T09:00:07.353Z,LDO,4.793,474,0.3325,1360.361778
2026-09-16T09:00:07.353Z,ICP,0.8355,3406,2.483,1360.361778
2026-09-16T09:00:07.353Z,NEAR,-0.5786,3177,2.349,1360.361778
2026-09-16T09:00:07.353Z,HBAR,1.9233,102.7,0.07407,1360.361778
2026-09-16T09:00:07.353Z,XTZ,17.2298,388.8,0.2438,1360.361778
2026-09-16T09:00:07.353Z,DYDX,-0.9337,141.1,0.1047,1360.361778
2026-09-16T09:00:07.353Z,ARB,2.2004,214.3,0.15414,1360.361778
2026-09-16T09:00:07.353Z,GMX,8.2901,10200,6.924,1360.361778
2026-09-16T09:00:07.353Z,IMX,3.4306,163.3,0.11606,1360.361778
2026-09-16T09:00:07.353Z,INJ,-17.3769,6020,5.356,1360.361778
2026-09-16T09:00:07.353Z,GRT,5.6758,24.64,0.01714,1360.361778
2026-09-16T09:00:07.353Z,SUI,-0.0781,931.8,0.6855,1360.361778
2026-09-16T09:00:07.353Z,HYPE,0.627,106200,77.581,1360.361778
2026-09-16T09:05:06.692Z,BTC,0.4789,103650000,75829.8,1360.361778
2026-09-16T09:05:06.692Z,ETH,0.3601,3283000,2404.67,1360.361778
2026-09-16T09:05:06.692Z,SOL,0.2579,132500,97.15,1360.361778
2026-09-16T09:05:06.692Z,BNB,0.0943,963500,707.6,1360.361778
2026-09-16T09:05:06.692Z,XRP,0.5209,1761,1.2878,1360.361778
2026-09-16T09:05:06.692Z,ADA,0.0372,263.6,0.1937,1360.361778
2026-09-16T09:05:06.692Z,AVAX,0.9567,9935,7.234,1360.361778
2026-09-16T09:05:06.692Z,DOT,-0.0595,1286,0.9459,1360.361778
2026-09-16T09:05:06.692Z,LINK,0.1478,14700,10.79,1360.361778
2026-09-16T09:05:06.692Z,POL,0.3531,125.8,0.09215,1360.361778
2026-09-16T09:05:06.692Z,DOGE,-0.0989,108.3,0.07969,1360.361778
2026-09-16T09:05:06.692Z,TRX,0.4634,457.3,0.33461,1360.361778
2026-09-16T09:05:06.692Z,XLM,0.2656,238,0.17449,1360.361778
2026-09-16T09:05:06.692Z,SHIB,1.3199,0.0067,4.861e-06,1360.361778
2026-09-16T09:05:06.692Z,BCH,0.2591,297600,218.2,1360.361778
2026-09-16T09:05:06.692Z,UNI,1.6327,8695,6.289,1360.361778
2026-09-16T09:05:06.692Z,AAVE,0.3531,162400,118.96,1360.361778
2026-09-16T09:05:06.692Z,SUSHI,0.6641,281,0.2052,1360.361778
2026-09-16T09:05:06.692Z,LDO,4.5101,474,0.3334,1360.361778
2026-09-16T09:05:06.692Z,ICP,0.5117,3406,2.491,1360.361778
2026-09-16T09:05:06.692Z,NEAR,-1.5427,3177,2.372,1360.361778
2026-09-16T09:05:06.692Z,HBAR,1.444,102.7,0.07442,1360.361778
2026-09-16T09:05:06.692Z,XTZ,17.1337,388.8,0.244,1360.361778
2026-09-16T09:05:06.692Z,DYDX,-1.0093,141.1,0.10478,1360.361778
2026-09-16T09:05:06.692Z,ARB,2.2136,214.3,0.15412,1360.361778
2026-09-16T09:05:06.692Z,GMX,8.0404,10200,6.94,1360.361778
2026-09-16T09:05:06.692Z,IMX,3.2971,163.3,0.11621,1360.361778
2026-09-16T09:05:06.692Z,INJ,-17.5462,6020,5.367,1360.361778
2026-09-16T09:05:06.692Z,GRT,5.4297,24.64,0.01718,1360.361778
2026-09-16T09:05:06.692Z,SUI,-0.3543,931.8,0.6874,1360.361778
2026-09-16T09:05:06.692Z,HYPE,0.2356,106200,77.884,1360.361778
2026-09-16T09:10:06.884Z,BTC,0.496,103650000,75816.9,1360.361778
2026-09-16T09:10:06.884Z,ETH,0.4725,3283000,2401.98,1360.361778
2026-09-16T09:10:06.884Z,SOL,0.5159,132800,97.12,1360.361778
2026-09-16T09:10:06.884Z,BNB,0.0943,963500,707.6,1360.361778
2026-09-16T09:10:06.884Z,XRP,0.4823,1758,1.2861,1360.361778
2026-09-16T09:10:06.884Z,ADA,0.0372,263.6,0.1937,1360.361778
2026-09-16T09:10:06.884Z,AVAX,0.8869,9935,7.239,1360.361778
2026-09-16T09:10:06.884Z,DOT,-0.0067,1286,0.9454,1360.361778
2026-09-16T09:10:06.884Z,LINK,0.018,14700,10.804,1360.361778
2026-09-16T09:10:06.884Z,POL,-0.1346,125.8,0.0926,1360.361778
2026-09-16T09:10:06.884Z,DOGE,-0.0613,108.3,0.07966,1360.361778
2026-09-16T09:10:06.884Z,TRX,0.3974,457.3,0.33483,1360.361778
2026-09-16T09:10:06.884Z,XLM,0.4975,238.4,0.17438,1360.361778
2026-09-16T09:10:06.884Z,SHIB,1.466,0.0067,4.854e-06,1360.361778
2026-09-16T09:10:06.884Z,BCH,0.3511,297600,218,1360.361778
2026-09-16T09:10:06.884Z,UNI,1.6327,8695,6.289,1360.361778
2026-09-16T09:10:06.884Z,AAVE,0.3109,162400,119.01,1360.361778
2026-09-16T09:10:06.884Z,SUSHI,0.8607,281,0.2048,1360.361778
2026-09-16T09:10:06.884Z,LDO,4.8245,474,0.3324,1360.361778
2026-09-16T09:10:06.884Z,ICP,0.6329,3406,2.488,1360.361778
2026-09-16T09:10:06.884Z,NEAR,0.3139,3241,2.375,1360.361778
2026-09-16T09:10:06.884Z,HBAR,1.4576,102.7,0.07441,1360.361778
2026-09-16T09:10:06.884Z,XTZ,17.0378,388.8,0.2442,1360.361778
2026-09-16T09:10:06.884Z,DYDX,-1.0093,141.1,0.10478,1360.361778
2026-09-16T09:10:06.884Z,ARB,0.8654,214.3,0.15618,1360.361778
2026-09-16T09:10:06.884Z,GMX,8.0716,10200,6.938,1360.361778
2026-09-16T09:10:06.884Z,IMX,3.2527,163.3,0.11626,1360.361778
2026-09-16T09:10:06.884Z,INJ,-17.1914,6020,5.344,1360.361778
2026-09-16T09:10:06.884Z,GRT,5.4911,24.64,0.01717,1360.361778
2026-09-16T09:10:06.884Z,SUI,-0.2817,931.8,0.6869,1360.361778
2026-09-16T09:10:06.884Z,HYPE,0.3928,106200,77.762,1360.361778
2026-09-16T09:15:06.503Z,BTC,0.5386,103608000,75754.1,1360.361778
2026-09-16T09:15:06.503Z,ETH,0.5214,3282000,2400.08,1360.361778
2026-09-16T09:15:06.503Z,SOL,0.5781,132800,97.06,1360.361778
2026-09-16T09:15:06.503Z,BNB,-0.0046,963500,708.3,1360.361778
2026-09-16T09:15:06.503Z,XRP,0.6051,1757,1.2838,1360.361778
2026-09-16T09:15:06.503Z,ADA,0.2961,263.6,0.1932,1360.361778
2026-09-16T09:15:06.503Z,AVAX,1.0544,9935,7.227,1360.361778
2026-09-16T09:15:06.503Z,DOT,0.0356,1286,0.945,1360.361778
2026-09-16T09:15:06.503Z,LINK,0.7115,14780,10.788,1360.361778
2026-09-16T09:15:06.503Z,POL,-0.1238,125.8,0.09259,1360.361778
2026-09-16T09:15:06.503Z,DOGE,0.0266,108.3,0.07959,1360.361778
2026-09-16T09:15:06.503Z,TRX,0.4514,457.3,0.33465,1360.361778
2026-09-16T09:15:06.503Z,XLM,0.5898,238.4,0.17422,1360.361778
2026-09-16T09:15:06.503Z,SHIB,1.5288,0.0067,4.851e-06,1360.361778
2026-09-16T09:15:06.503Z,BCH,0.3971,297600,217.9,1360.361778
2026-09-16T09:15:06.503Z,UNI,2.1035,8695,6.26,1360.361778
2026-09-16T09:15:06.503Z,AAVE,0.5305,162400,118.75,1360.361778
2026-09-16T09:15:06.503Z,SUSHI,1.0087,281,0.2045,1360.361778
2026-09-16T09:15:06.503Z,LDO,4.9824,474,0.3319,1360.361778
2026-09-16T09:15:06.503Z,ICP,0.7138,3406,2.486,1360.361778
2026-09-16T09:15:06.503Z,NEAR,0.3984,3241,2.373,1360.361778
2026-09-16T09:15:06.503Z,HBAR,1.5122,102.7,0.07437,1360.361778
2026-09-16T09:15:06.503Z,XTZ,17.2779,388.8,0.2437,1360.361778
2026-09-16T09:15:06.503Z,DYDX,-0.8105,141.1,0.10457,1360.361778
2026-09-16T09:15:06.503Z,ARB,2.0283,214.3,0.1544,1360.361778
2026-09-16T09:15:06.503Z,GMX,8.2588,10200,6.926,1360.361778
2026-09-16T09:15:06.503Z,IMX,3.4841,163.3,0.116,1360.361778
2026-09-16T09:15:06.503Z,INJ,-17.1604,6020,5.342,1360.361778
2026-09-16T09:15:06.503Z,GRT,5.6758,24.64,0.01714,1360.361778
2026-09-16T09:15:06.503Z,SUI,-0.0781,931.8,0.6855,1360.361778
2026-09-16T09:15:06.503Z,HYPE,0.5337,106200,77.653,1360.361778
2026-09-16T09:20:07.014Z,BTC,0.491,103608000,75790,1360.361778
2026-09-16T09:20:07.014Z,ETH,0.4426,3281000,2401.23,1360.361778
2026-09-16T09:20:07.014Z,SOL,0.4642,132800,97.17,1360.361778
2026-09-16T09:20:07.014Z,BNB,-0.061,963500,708.7,1360.361778
2026-09-16T09:20:07.014Z,XRP,0.472,1757,1.2855,1360.361778
2026-09-16T09:20:07.014Z,ADA,0.3685,264.2,0.1935,1360.361778
2026-09-16T09:20:07.014Z,AVAX,0.9706,9935,7.233,1360.361778
2026-09-16T09:20:07.014Z,DOT,-0.1545,1286,0.9468,1360.361778
2026-09-16T09:20:07.014Z,LINK,0.6276,14780,10.797,1360.361778
2026-09-16T09:20:07.014Z,POL,-0.5427,125.8,0.09298,1360.361778
2026-09-16T09:20:07.014Z,DOGE,-0.1114,108.3,0.0797,1360.361778
2026-09-16T09:20:07.014Z,TRX,0.4034,457.3,0.33481,1360.361778
2026-09-16T09:20:07.014Z,XLM,0.3938,238.4,0.17456,1360.361778
2026-09-16T09:20:07.014Z,SHIB,1.5706,0.0067,4.849e-06,1360.361778
2026-09-16T09:20:07.014Z,BCH,0.3051,297600,218.1,1360.361778
2026-09-16T09:20:07.014Z,UNI,1.9895,8695,6.267,1360.361778
2026-09-16T09:20:07.014Z,AAVE,0.3868,162400,118.92,1360.361778
2026-09-16T09:20:07.014Z,SUSHI,0.8115,281,0.2049,1360.361778
2026-09-16T09:20:07.014Z,LDO,4.8561,474,0.3323,1360.361778
2026-09-16T09:20:07.014Z,ICP,0.552,3406,2.49,1360.361778
2026-09-16T09:20:07.014Z,NEAR,-0.0009,3273,2.406,1360.361778
2026-09-16T09:20:07.014Z,HBAR,1.4167,102.7,0.07444,1360.361778
2026-09-16T09:20:07.014Z,XTZ,17.1337,388.8,0.244,1360.361778
2026-09-16T09:20:07.014Z,DYDX,-0.8769,141.1,0.10464,1360.361778
2026-09-16T09:20:07.014Z,ARB,1.653,214.3,0.15497,1360.361778
2026-09-16T09:20:07.014Z,GMX,7.9316,10200,6.947,1360.361778
2026-09-16T09:20:07.014Z,IMX,3.3327,163.3,0.11617,1360.361778
2026-09-16T09:20:07.014Z,INJ,-17.2378,6020,5.347,1360.361778
2026-09-16T09:20:07.014Z,GRT,5.5526,24.64,0.01716,1360.361778
2026-09-16T09:20:07.014Z,SUI,-0.2672,931.8,0.6868,1360.361778
2026-09-16T09:20:07.014Z,HYPE,0.5104,106200,77.671,1360.361778
2026-09-16T09:25:07.160Z,BTC,0.4876,103674000,75840.8,1360.361778
2026-09-16T09:25:07.160Z,ETH,0.5321,3287000,2403.48,1360.361778
2026-09-16T09:25:07.160Z,SOL,0.5948,133000,97.19,1360.361778
2026-09-16T09:25:07.160Z,BNB,-0.2018,963500,709.7,1360.361778
2026-09-16T09:25:07.160Z,XRP,0.4585,1761,1.2886,1360.361778
2026-09-16T09:25:07.160Z,ADA,0.2131,264.2,0.1938,1360.361778
2026-09-16T09:25:07.160Z,AVAX,0.6783,9935,7.254,1360.361778
2026-09-16T09:25:07.160Z,DOT,-0.365,1286,0.9488,1360.361778
2026-09-16T09:25:07.160Z,LINK,0.3951,14780,10.822,1360.361778
2026-09-16T09:25:07.160Z,POL,-0.3283,125.8,0.09278,1360.361778
2026-09-16T09:25:07.160Z,DOGE,-0.2241,108.3,0.07979,1360.361778
2026-09-16T09:25:07.160Z,TRX,0.3944,457.3,0.33484,1360.361778
2026-09-16T09:25:07.160Z,XLM,0.4375,238.9,0.17485,1360.361778
2026-09-16T09:25:07.160Z,SHIB,1.4869,0.0067,4.853e-06,1360.361778
2026-09-16T09:25:07.160Z,BCH,0.2591,297600,218.2,1360.361778
2026-09-16T09:25:07.160Z,UNI,1.6004,8695,6.291,1360.361778
2026-09-16T09:25:07.160Z,AAVE,0.1258,162400,119.23,1360.361778
2026-09-16T09:25:07.160Z,SUSHI,0.5661,281,0.2054,1360.361778
2026-09-16T09:25:07.160Z,LDO,4.7615,474,0.3326,1360.361778
2026-09-16T09:25:07.160Z,ICP,0.3505,3406,2.495,1360.361778
2026-09-16T09:25:07.160Z,NEAR,-0.0009,3273,2.406,1360.361778
2026-09-16T09:25:07.160Z,HBAR,1.3895,102.7,0.07446,1360.361778
2026-09-16T09:25:07.160Z,XTZ,17.1337,388.8,0.244,1360.361778
2026-09-16T09:25:07.160Z,DYDX,-0.9999,141.1,0.10477,1360.361778
2026-09-16T09:25:07.160Z,ARB,1.653,214.3,0.15497,1360.361778
2026-09-16T09:25:07.160Z,GMX,7.73,10200,6.96,1360.361778
2026-09-16T09:25:07.160Z,IMX,3.306,163.3,0.1162,1360.361778
2026-09-16T09:25:07.160Z,INJ,-17.7913,6020,5.383,1360.361778
2026-09-16T09:25:07.160Z,GRT,5.4911,24.64,0.01717,1360.361778
2026-09-16T09:25:07.160Z,SUI,-0.4122,931.8,0.6878,1360.361778
2026-09-16T09:25:07.160Z,HYPE,0.3696,106200,77.78,1360.361778
2026-09-16T09:30:06.880Z,BTC,0.4765,103607000,75800.2,1360.361778
2026-09-16T09:30:06.880Z,ETH,0.5592,3285000,2401.37,1360.361778
2026-09-16T09:30:06.880Z,SOL,0.547,132800,97.09,1360.361778
2026-09-16T09:30:06.880Z,BNB,-0.23,963500,709.9,1360.361778
2026-09-16T09:30:06.880Z,XRP,0.5551,1759,1.2859,1360.361778
2026-09-16T09:30:06.880Z,ADA,0.5964,264.8,0.1935,1360.361778
2026-09-16T09:30:06.880Z,AVAX,0.6922,9935,7.253,1360.361778
2026-09-16T09:30:06.880Z,DOT,-0.3125,1286,0.9483,1360.361778
2026-09-16T09:30:06.880Z,LINK,0.4787,14780,10.813,1360.361778
2026-09-16T09:30:06.880Z,POL,-0.4356,125.8,0.09288,1360.361778
2026-09-16T09:30:06.880Z,DOGE,0.4293,108.9,0.07971,1360.361778
2026-09-16T09:30:06.880Z,TRX,0.4004,457.3,0.33482,1360.361778
2026-09-16T09:30:06.880Z,XLM,0.5752,239.2,0.17483,1360.361778
2026-09-16T09:30:06.880Z,SHIB,1.5706,0.0067,4.849e-06,1360.361778
2026-09-16T09:30:06.880Z,BCH,0.3511,297600,218,1360.361778
2026-09-16T09:30:06.880Z,UNI,1.7136,8695,6.284,1360.361778
2026-09-16T09:30:06.880Z,AAVE,0.1678,162400,119.18,1360.361778
2026-09-16T09:30:06.880Z,SUSHI,0.8115,281,0.2049,1360.361778
2026-09-16T09:30:06.880Z,LDO,4.8561,474,0.3323,1360.361778
2026-09-16T09:30:06.880Z,ICP,0.23,3406,2.498,1360.361778
2026-09-16T09:30:06.880Z,NEAR,-0.3736,3273,2.415,1360.361778
2026-09-16T09:30:06.880Z,HBAR,1.5942,102.7,0.07431,1360.361778
2026-09-16T09:30:06.880Z,XTZ,16.513,388.8,0.2453,1360.361778
2026-09-16T09:30:06.880Z,DYDX,-0.8769,141.1,0.10464,1360.361778
2026-09-16T09:30:06.880Z,ARB,0.9683,213.2,0.15522,1360.361778
2026-09-16T09:30:06.880Z,GMX,7.4983,10200,6.975,1360.361778
2026-09-16T09:30:06.880Z,IMX,3.2971,163.3,0.11621,1360.361778
2026-09-16T09:30:06.880Z,INJ,-17.776,6020,5.382,1360.361778
2026-09-16T09:30:06.880Z,GRT,5.3071,24.64,0.0172,1360.361778
2026-09-16T09:30:06.880Z,SUI,-0.2962,931.8,0.687,1360.361778
2026-09-16T09:30:06.880Z,HYPE,0.5221,106200,77.662,1360.361778
2026-09-16T09:35:06.880Z,BTC,0.4936,103652000,75820.2,1360.361778
2026-09-16T09:35:06.880Z,ETH,0.5873,3285000,2400.7,1360.361778
2026-09-16T09:35:06.880Z,SOL,0.5367,132800,97.1,1360.361778
2026-09-16T09:35:06.880Z,BNB,-0.1878,963500,709.6,1360.361778
2026-09-16T09:35:06.880Z,XRP,0.5419,1760,1.2868,1360.361778
2026-09-16T09:35:06.880Z,ADA,0.5445,264.8,0.1936,1360.361778
2026-09-16T09:35:06.880Z,AVAX,0.6367,9935,7.257,1360.361778
2026-09-16T09:35:06.880Z,DOT,-0.5013,1286,0.9501,1360.361778
2026-09-16T09:35:06.880Z,LINK,0.5344,14780,10.807,1360.361778
2026-09-16T09:35:06.880Z,POL,-0.4356,125.8,0.09288,1360.361778
2026-09-16T09:35:06.880Z,DOGE,0.4293,108.9,0.07971,1360.361778
2026-09-16T09:35:06.880Z,TRX,0.3854,457.3,0.33487,1360.361778
2026-09-16T09:35:06.880Z,XLM,0.6039,239.2,0.17478,1360.361778
2026-09-16T09:35:06.880Z,SHIB,1.5916,0.0067,4.848e-06,1360.361778
2026-09-16T09:35:06.880Z,BCH,0.3051,297600,218.1,1360.361778
2026-09-16T09:35:06.880Z,UNI,1.6651,8695,6.287,1360.361778
2026-09-16T09:35:06.880Z,AAVE,0.1006,162400,119.26,1360.361778
2026-09-16T09:35:06.880Z,SUSHI,0.7132,281,0.2051,1360.361778
2026-09-16T09:35:06.880Z,LDO,4.8876,474,0.3322,1360.361778
2026-09-16T09:35:06.880Z,ICP,0.1098,3406,2.501,1360.361778
2026-09-16T09:35:06.880Z,NEAR,-0.0425,3273,2.407,1360.361778
2026-09-16T09:35:06.880Z,HBAR,1.6078,102.7,0.0743,1360.361778
2026-09-16T09:35:06.880Z,XTZ,16.4655,388.8,0.2454,1360.361778
2026-09-16T09:35:06.880Z,DYDX,-0.9715,141.1,0.10474,1360.361778
2026-09-16T09:35:06.880Z,ARB,0.4922,214.3,0.15676,1360.361778
2026-09-16T09:35:06.880Z,GMX,7.73,10200,6.96,1360.361778
2026-09-16T09:35:06.880Z,IMX,3.2083,163.3,0.11631,1360.361778
2026-09-16T09:35:06.880Z,INJ,-17.8524,6020,5.387,1360.361778
2026-09-16T09:35:06.880Z,GRT,5.1848,24.64,0.01722,1360.361778
2026-09-16T09:35:06.880Z,SUI,-0.2817,931.8,0.6869,1360.361778
2026-09-16T09:35:06.880Z,HYPE,0.5622,106200,77.631,1360.361778
2026-09-16T09:40:06.873Z,BTC,0.4588,103688000,75872.8,1360.361778
2026-09-16T09:40:06.873Z,ETH,0.4474,3283000,2402.58,1360.361778
2026-09-16T09:40:06.873Z,SOL,0.306,132700,97.25,1360.361778
2026-09-16T09:40:06.873Z,BNB,-0.244,963500,710,1360.361778
2026-09-16T09:40:06.873Z,XRP,0.5,1762,1.2888,1360.361778
2026-09-16T09:40:06.873Z,ADA,0.2855,264.8,0.1941,1360.361778
2026-09-16T09:40:06.873Z,AVAX,0.4291,9935,7.272,1360.361778
2026-09-16T09:40:06.873Z,DOT,-0.7937,1286,0.9529,1360.361778
2026-09-16T09:40:06.873Z,LINK,0.3765,14780,10.824,1360.361778
2026-09-16T09:40:06.873Z,POL,-0.7988,125.8,0.09322,1360.361778
2026-09-16T09:40:06.873Z,DOGE,0.4082,109,0.0798,1360.361778
2026-09-16T09:40:06.873Z,TRX,0.3704,457.3,0.33492,1360.361778
2026-09-16T09:40:06.873Z,XLM,0.8646,240.3,0.17513,1360.361778
2026-09-16T09:40:06.873Z,SHIB,1.5497,0.0067,4.85e-06,1360.361778
2026-09-16T09:40:06.873Z,BCH,0.2132,297600,218.3,1360.361778
2026-09-16T09:40:06.873Z,UNI,1.6004,8695,6.291,1360.361778
2026-09-16T09:40:06.873Z,AAVE,0.109,162400,119.25,1360.361778
2026-09-16T09:40:06.873Z,SUSHI,0.6641,281,0.2052,1360.361778
2026-09-16T09:40:06.873Z,LDO,4.6357,474,0.333,1360.361778
2026-09-16T09:40:06.873Z,ICP,-0.0501,3406,2.505,1360.361778
2026-09-16T09:40:06.873Z,NEAR,-0.3323,3273,2.414,1360.361778
2026-09-16T09:40:06.873Z,HBAR,1.5259,102.7,0.07436,1360.361778
2026-09-16T09:40:06.873Z,XTZ,16.1342,388.8,0.2461,1360.361778
2026-09-16T09:40:06.873Z,DYDX,-1.0282,141.1,0.1048,1360.361778
2026-09-16T09:40:06.873Z,ARB,0.3723,215,0.15746,1360.361778
2026-09-16T09:40:06.873Z,GMX,7.699,10200,6.962,1360.361778
2026-09-16T09:40:06.873Z,IMX,3.0223,163.3,0.11652,1360.361778
2026-09-16T09:40:06.873Z,INJ,-17.959,6020,5.394,1360.361778
2026-09-16T09:40:06.873Z,GRT,4.9411,24.64,0.01726,1360.361778
2026-09-16T09:40:06.873Z,SUI,-0.4845,931.8,0.6883,1360.361778
2026-09-16T09:40:06.873Z,HYPE,0.4742,106200,77.699,1360.361778
2026-09-16T09:45:07.358Z,BTC,0.4747,103722000,75885.7,1360.361778
2026-09-16T09:45:07.358Z,ETH,0.5333,3285000,2401.99,1360.361778
2026-09-16T09:45:07.358Z,SOL,0.3473,132700,97.21,1360.361778
2026-09-16T09:45:07.358Z,BNB,-0.2581,963500,710.1,1360.361778
2026-09-16T09:45:07.358Z,XRP,0.5156,1762,1.2886,1360.361778
2026-09-16T09:45:07.358Z,ADA,0.3372,264.8,0.194,1360.361778
2026-09-16T09:45:07.358Z,AVAX,0.4291,9935,7.272,1360.361778
2026-09-16T09:45:07.358Z,DOT,-0.9081,1286,0.954,1360.361778
2026-09-16T09:45:07.358Z,LINK,0.4694,14780,10.814,1360.361778
2026-09-16T09:45:07.358Z,POL,-1.117,125.8,0.09352,1360.361778
2026-09-16T09:45:07.358Z,DOGE,0.383,109,0.07982,1360.361778
2026-09-16T09:45:07.358Z,TRX,0.3584,457.3,0.33496,1360.361778
2026-09-16T09:45:07.358Z,XLM,0.3493,239.4,0.17537,1360.361778
2026-09-16T09:45:07.358Z,SHIB,1.4451,0.0067,4.855e-06,1360.361778
2026-09-16T09:45:07.358Z,BCH,0.2591,297600,218.2,1360.361778
2026-09-16T09:45:07.358Z,UNI,1.1662,8695,6.318,1360.361778
2026-09-16T09:45:07.358Z,AAVE,-0.0419,162400,119.43,1360.361778
2026-09-16T09:45:07.358Z,SUSHI,0.6641,281,0.2052,1360.361778
2026-09-16T09:45:07.358Z,LDO,4.6042,474,0.3331,1360.361778
2026-09-16T09:45:07.358Z,ICP,0.0298,3406,2.503,1360.361778
2026-09-16T09:45:07.358Z,NEAR,-0.2497,3273,2.412,1360.361778
2026-09-16T09:45:07.358Z,HBAR,1.4576,102.7,0.07441,1360.361778
2026-09-16T09:45:07.358Z,XTZ,16.0871,388.8,0.2462,1360.361778
2026-09-16T09:45:07.358Z,DYDX,-1.0471,141.1,0.10482,1360.361778
2026-09-16T09:45:07.358Z,ARB,-0.3178,215,0.15855,1360.361778
2026-09-16T09:45:07.358Z,GMX,7.5754,10200,6.97,1360.361778
2026-09-16T09:45:07.358Z,IMX,3.0488,163.3,0.11649,1360.361778
2026-09-16T09:45:07.358Z,INJ,-17.8981,6020,5.39,1360.361778
2026-09-16T09:45:07.358Z,GRT,4.8196,24.64,0.01728,1360.361778
2026-09-16T09:45:07.358Z,SUI,-0.4556,931.8,0.6881,1360.361778
2026-09-16T09:45:07.358Z,HYPE,0.653,106200,77.561,1360.361778
2026-09-16T09:50:06.902Z,BTC,0.4523,103713000,75896,1360.361778
2026-09-16T09:50:06.902Z,ETH,0.4872,3284000,2402.36,1360.361778
2026-09-16T09:50:06.902Z,SOL,0.3679,132700,97.19,1360.361778
2026-09-16T09:50:06.902Z,BNB,-0.2721,963500,710.2,1360.361778
2026-09-16T09:50:06.902Z,XRP,0.4532,1762,1.2894,1360.361778
2026-09-16T09:50:06.902Z,ADA,0.2855,264.8,0.1941,1360.361778
2026-09-16T09:50:06.902Z,AVAX,0.3739,9935,7.276,1360.361778
2026-09-16T09:50:06.902Z,DOT,-1.0533,1286,0.9554,1360.361778
2026-09-16T09:50:06.902Z,LINK,0.4136,14780,10.82,1360.361778
2026-09-16T09:50:06.902Z,POL,-0.4892,125.8,0.09293,1360.361778
2026-09-16T09:50:06.902Z,DOGE,0.3076,109,0.07988,1360.361778
2026-09-16T09:50:06.902Z,TRX,0.3644,457.3,0.33494,1360.361778
2026-09-16T09:50:06.902Z,XLM,0.7553,240.3,0.17532,1360.361778
2026-09-16T09:50:06.902Z,SHIB,1.4451,0.0067,4.855e-06,1360.361778
2026-09-16T09:50:06.902Z,BCH,0.1214,297600,218.5,1360.361778
2026-09-16T09:50:06.902Z,UNI,1.3748,8695,6.305,1360.361778
2026-09-16T09:50:06.902Z,AAVE,-0.0335,162400,119.42,1360.361778
2026-09-16T09:50:06.902Z,SUSHI,0.5661,281,0.2054,1360.361778
2026-09-16T09:50:06.902Z,LDO,4.5728,474,0.3332,1360.361778
2026-09-16T09:50:06.902Z,ICP,0.1899,3406,2.499,1360.361778
2026-09-16T09:50:06.902Z,NEAR,-0.3736,3273,2.415,1360.361778
2026-09-16T09:50:06.902Z,HBAR,1.4849,102.7,0.07439,1360.361778
2026-09-16T09:50:06.902Z,XTZ,16.276,388.8,0.2458,1360.361778
2026-09-16T09:50:06.902Z,DYDX,-1.0849,141.1,0.10486,1360.361778
2026-09-16T09:50:06.902Z,ARB,0.0419,215,0.15798,1360.361778
2026-09-16T09:50:06.902Z,GMX,7.5291,10200,6.973,1360.361778
2026-09-16T09:50:06.902Z,IMX,2.987,163.3,0.11656,1360.361778
2026-09-16T09:50:06.902Z,INJ,-17.8981,6020,5.39,1360.361778
2026-09-16T09:50:06.902Z,GRT,4.6984,24.64,0.0173,1360.361778
2026-09-16T09:50:06.902Z,SUI,-0.499,931.8,0.6884,1360.361778
2026-09-16T09:50:06.902Z,HYPE,0.6854,106200,77.536,1360.361778
2026-09-16T09:55:07.554Z,BTC,0.3971,103716000,75939.9,1360.361778
2026-09-16T09:55:07.554Z,ETH,0.4484,3286000,2404.75,1360.361778
2026-09-16T09:55:07.554Z,SOL,0.2751,132700,97.28,1360.361778
2026-09-16T09:55:07.554Z,BNB,-0.3142,963500,710.5,1360.361778
2026-09-16T09:55:07.554Z,XRP,0.5307,1765,1.2906,1360.361778
2026-09-16T09:55:07.554Z,ADA,0.1307,264.8,0.1944,1360.361778
2026-09-16T09:55:07.554Z,AVAX,0.305,9935,7.281,1360.361778
2026-09-16T09:55:07.554Z,DOT,0.3521,1310,0.9596,1360.361778
2026-09-16T09:55:07.554Z,LINK,0.1545,14780,10.848,1360.361778
2026-09-16T09:55:07.554Z,POL,-2.1528,125.8,0.09451,1360.361778
2026-09-16T09:55:07.554Z,DOGE,0.2825,109,0.0799,1360.361778
2026-09-16T09:55:07.554Z,TRX,0.3704,457.3,0.33492,1360.361778
2026-09-16T09:55:07.554Z,XLM,0.4672,239.9,0.17553,1360.361778
2026-09-16T09:55:07.554Z,SHIB,1.1742,0.0067,4.868e-06,1360.361778
2026-09-16T09:55:07.554Z,BCH,0.0299,297600,218.7,1360.361778
2026-09-16T09:55:07.554Z,UNI,0.4034,8695,6.366,1360.361778
2026-09-16T09:55:07.554Z,AAVE,-0.2257,162400,119.65,1360.361778
2026-09-16T09:55:07.554Z,SUSHI,0.3706,281,0.2058,1360.361778
2026-09-16T09:55:07.554Z,LDO,4.3849,474,0.3338,1360.361778
2026-09-16T09:55:07.554Z,ICP,-0.0102,3406,2.504,1360.361778
2026-09-16T09:55:07.554Z,NEAR,0.2573,3306,2.424,1360.361778
2026-09-16T09:55:07.554Z,HBAR,1.4304,102.7,0.07443,1360.361778
2026-09-16T09:55:07.554Z,XTZ,16.1814,388.8,0.246,1360.361778
2026-09-16T09:55:07.554Z,DYDX,-1.1603,141.1,0.10494,1360.361778
2026-09-16T09:55:07.554Z,ARB,-0.3869,215,0.15866,1360.361778
2026-09-16T09:55:07.554Z,GMX,7.3137,10200,6.987,1360.361778
2026-09-16T09:55:07.554Z,IMX,2.8017,163.3,0.11677,1360.361778
2026-09-16T09:55:07.554Z,INJ,-18.1108,6020,5.404,1360.361778
2026-09-16T09:55:07.554Z,GRT,4.6984,24.64,0.0173,1360.361778
2026-09-16T09:55:07.554Z,SUI,-0.7153,931.8,0.6899,1360.361778
2026-09-16T09:55:07.554Z,HYPE,0.3748,106200,77.776,1360.361778
2026-09-16T10:00:06.922Z,BTC,0.4172,103753000,75951.8,1360.361778
2026-09-16T10:00:06.922Z,ETH,0.456,3286000,2404.57,1360.361778
2026-09-16T10:00:06.922Z,SOL,0.306,132700,97.25,1360.361778
2026-09-16T10:00:06.922Z,BNB,-0.3002,963500,710.4,1360.361778
2026-09-16T10:00:06.922Z,XRP,0.4917,1765,1.2911,1360.361778
2026-09-16T10:00:06.922Z,ADA,0.2338,264.8,0.1942,1360.361778
2026-09-16T10:00:06.922Z,AVAX,0.3601,9935,7.277,1360.361778
2026-09-16T10:00:06.922Z,DOT,0.5512,1310,0.9577,1360.361778
2026-09-16T10:00:06.922Z,LINK,0.2376,14780,10.839,1360.361778
2026-09-16T10:00:06.922Z,POL,-2.8211,125.8,0.09516,1360.361778
2026-09-16T10:00:06.922Z,DOGE,0.3202,109,0.07987,1360.361778
2026-09-16T10:00:06.922Z,TRX,0.3674,457.3,0.33493,1360.361778
2026-09-16T10:00:06.922Z,XLM,0.5245,239.9,0.17543,1360.361778
2026-09-16T10:00:06.922Z,SHIB,1.1119,0.0067,4.871e-06,1360.361778
2026-09-16T10:00:06.922Z,BCH,0.1214,297600,218.5,1360.361778
2026-09-16T10:00:06.922Z,UNI,0.6406,8695,6.351,1360.361778
2026-09-16T10:00:06.922Z,AAVE,-0.1839,162400,119.6,1360.361778
2026-09-16T10:00:06.922Z,SUSHI,0.5661,281,0.2054,1360.361778
2026-09-16T10:00:06.922Z,LDO,4.4162,474,0.3337,1360.361778
2026-09-16T10:00:06.922Z,ICP,0.0698,3406,2.502,1360.361778
2026-09-16T10:00:06.922Z,NEAR,0.2573,3306,2.424,1360.361778
2026-09-16T10:00:06.922Z,HBAR,1.5259,102.7,0.07436,1360.361778
2026-09-16T10:00:06.922Z,XTZ,16.1814,388.8,0.246,1360.361778
2026-09-16T10:00:06.922Z,DYDX,-1.0566,141.1,0.10483,1360.361778
2026-09-16T10:00:06.922Z,ARB,1.5209,218.8,0.15843,1360.361778
2026-09-16T10:00:06.922Z,GMX,7.4983,10200,6.975,1360.361778
2026-09-16T10:00:06.922Z,IMX,2.9516,163.3,0.1166,1360.361778
2026-09-16T10:00:06.922Z,INJ,-18.0653,6020,5.401,1360.361778
2026-09-16T10:00:06.922Z,GRT,4.5775,24.64,0.01732,1360.361778
2026-09-16T10:00:06.922Z,SUI,-0.6289,931.8,0.6893,1360.361778
2026-09-16T10:00:06.922Z,HYPE,0.3412,106200,77.802,1360.361778
2026-09-16T10:05:06.913Z,BTC,0.4495,103801000,75962.5,1360.361778
2026-09-16T10:05:06.913Z,ETH,0.5165,3285000,2402.39,1360.361778
2026-09-16T10:05:06.913Z,SOL,0.3473,132700,97.21,1360.361778
2026-09-16T10:05:06.913Z,BNB,-0.3002,963500,710.4,1360.361778
2026-09-16T10:05:06.913Z,XRP,0.6219,1764,1.2887,1360.361778
2026-09-16T10:05:06.913Z,ADA,0.2855,264.8,0.1941,1360.361778
2026-09-16T10:05:06.913Z,AVAX,0.4291,9935,7.272,1360.361778
2026-09-16T10:05:06.913Z,DOT,0.6879,1310,0.9564,1360.361778
2026-09-16T10:05:06.913Z,LINK,0.3951,14780,10.822,1360.361778
2026-09-16T10:05:06.913Z,POL,-2.4006,125.8,0.09475,1360.361778
2026-09-16T10:05:06.913Z,DOGE,0.4082,109,0.0798,1360.361778
2026-09-16T10:05:06.913Z,TRX,0.3704,457.3,0.33492,1360.361778
2026-09-16T10:05:06.913Z,XLM,0.6852,239.9,0.17515,1360.361778
2026-09-16T10:05:06.913Z,SHIB,1.0911,0.0067,4.872e-06,1360.361778
2026-09-16T10:05:06.913Z,BCH,0.1214,297600,218.5,1360.361778
2026-09-16T10:05:06.913Z,UNI,0.9904,8695,6.329,1360.361778
2026-09-16T10:05:06.913Z,AAVE,-0.067,162400,119.46,1360.361778
2026-09-16T10:05:06.913Z,SUSHI,0.7132,281,0.2051,1360.361778
2026-09-16T10:05:06.913Z,LDO,4.4162,474,0.3337,1360.361778
2026-09-16T10:05:06.913Z,ICP,0.1498,3406,2.5,1360.361778
2026-09-16T10:05:06.913Z,NEAR,0.4645,3306,2.419,1360.361778
2026-09-16T10:05:06.913Z,HBAR,1.5122,102.7,0.07437,1360.361778
2026-09-16T10:05:06.913Z,XTZ,16.608,388.8,0.2451,1360.361778
2026-09-16T10:05:06.913Z,DYDX,-1.0849,141.1,0.10486,1360.361778
2026-09-16T10:05:06.913Z,ARB,0.9918,218.8,0.15926,1360.361778
2026-09-16T10:05:06.913Z,GMX,7.4675,10200,6.977,1360.361778
2026-09-16T10:05:06.913Z,IMX,2.9605,163.3,0.11659,1360.361778
2026-09-16T10:05:06.913Z,INJ,-17.9438,6020,5.393,1360.361778
2026-09-16T10:05:06.913Z,GRT,4.8196,24.64,0.01728,1360.361778
2026-09-16T10:05:06.913Z,SUI,-0.6001,931.8,0.6891,1360.361778
2026-09-16T10:05:06.913Z,HYPE,0.6144,106600,77.883,1360.361778
2026-09-16T10:10:06.876Z,BTC,0.4796,103849000,75974.9,1360.361778
2026-09-16T10:10:06.876Z,ETH,0.5044,3285000,2402.68,1360.361778
2026-09-16T10:10:06.876Z,SOL,0.5399,132900,97.17,1360.361778
2026-09-16T10:10:06.876Z,BNB,-0.3703,963500,710.9,1360.361778
2026-09-16T10:10:06.876Z,XRP,0.5,1762,1.2888,1360.361778
2026-09-16T10:10:06.876Z,ADA,0.5506,265.5,0.1941,1360.361778
2026-09-16T10:10:06.876Z,AVAX,0.5259,9935,7.265,1360.361778
2026-09-16T10:10:06.876Z,DOT,0.6879,1310,0.9564,1360.361778
2026-09-16T10:10:06.876Z,LINK,0.3673,14780,10.825,1360.361778
2026-09-16T10:10:06.876Z,POL,-2.862,125.8,0.0952,1360.361778
2026-09-16T10:10:06.876Z,DOGE,0.4082,109,0.0798,1360.361778
2026-09-16T10:10:06.876Z,TRX,0.5843,457.7,0.3345,1360.361778
2026-09-16T10:10:06.876Z,XLM,0.573,239.4,0.17498,1360.361778
2026-09-16T10:10:06.876Z,SHIB,1.2366,0.0067,4.865e-06,1360.361778
2026-09-16T10:10:06.876Z,BCH,-0.0158,297600,218.8,1360.361778
2026-09-16T10:10:06.876Z,UNI,0.7357,8695,6.345,1360.361778
2026-09-16T10:10:06.876Z,AAVE,-0.209,162400,119.63,1360.361778
2026-09-16T10:10:06.876Z,SUSHI,0.8115,281,0.2049,1360.361778
2026-09-16T10:10:06.876Z,LDO,4.5728,474,0.3332,1360.361778
2026-09-16T10:10:06.876Z,ICP,0.1098,3406,2.501,1360.361778
2026-09-16T10:10:06.876Z,NEAR,0.9653,3306,2.407,1360.361778
2026-09-16T10:10:06.876Z,HBAR,1.5805,102.7,0.07432,1360.361778
2026-09-16T10:10:06.876Z,XTZ,16.6556,388.8,0.245,1360.361778
2026-09-16T10:10:06.876Z,DYDX,-1.1885,141.1,0.10497,1360.361778
2026-09-16T10:10:06.876Z,ARB,1.5401,218.8,0.1584,1360.361778
2026-09-16T10:10:06.876Z,GMX,7.73,10200,6.96,1360.361778
2026-09-16T10:10:06.876Z,IMX,3.164,163.3,0.11636,1360.361778
2026-09-16T10:10:06.876Z,INJ,-17.8524,6020,5.387,1360.361778
2026-09-16T10:10:06.876Z,GRT,5.0019,24.64,0.01725,1360.361778
2026-09-16T10:10:06.876Z,SUI,-0.6577,931.8,0.6895,1360.361778
2026-09-16T10:10:06.876Z,HYPE,0.6855,106600,77.828,1360.361778
2026-09-16T10:15:07.102Z,BTC,0.4496,103722000,75904.6,1360.361778
2026-09-16T10:15:07.102Z,ETH,0.4717,3278000,2398.34,1360.361778
2026-09-16T10:15:07.102Z,SOL,0.4609,132700,97.1,1360.361778
2026-09-16T10:15:07.102Z,BNB,-0.3002,963500,710.4,1360.361778
2026-09-16T10:15:07.102Z,XRP,0.5214,1758,1.2856,1360.361778
2026-09-16T10:15:07.102Z,ADA,0.7582,265.5,0.1937,1360.361778
2026-09-16T10:15:07.102Z,AVAX,0.7339,9935,7.25,1360.361778
2026-09-16T10:15:07.102Z,DOT,0.9835,1310,0.9536,1360.361778
2026-09-16T10:15:07.102Z,LINK,0.5903,14780,10.801,1360.361778
2026-09-16T10:15:07.102Z,POL,-2.9843,125.8,0.09532,1360.361778
2026-09-16T10:15:07.102Z,DOGE,0.509,109,0.07972,1360.361778
2026-09-16T10:15:07.102Z,TRX,0.5242,457.7,0.3347,1360.361778
2026-09-16T10:15:07.102Z,XLM,0.5083,239,0.1748,1360.361778
2026-09-16T10:15:07.102Z,SHIB,1.3199,0.0067,4.861e-06,1360.361778
2026-09-16T10:15:07.102Z,BCH,0.2132,297600,218.3,1360.361778
2026-09-16T10:15:07.102Z,UNI,0.9425,8695,6.332,1360.361778
2026-09-16T10:15:07.102Z,AAVE,-0.1004,162400,119.5,1360.361778
2026-09-16T10:15:07.102Z,SUSHI,0.9593,281,0.2046,1360.361778
2026-09-16T10:15:07.102Z,LDO,4.793,474,0.3325,1360.361778
2026-09-16T10:15:07.102Z,ICP,0.2702,3406,2.497,1360.361778
2026-09-16T10:15:07.102Z,NEAR,1.0493,3306,2.405,1360.361778
2026-09-16T10:15:07.102Z,HBAR,1.7037,102.7,0.07423,1360.361778
2026-09-16T10:15:07.102Z,XTZ,16.3707,388.8,0.2456,1360.361778
2026-09-16T10:15:07.102Z,DYDX,-0.9432,141.1,0.10471,1360.361778
2026-09-16T10:15:07.102Z,ARB,1.9262,218.8,0.1578,1360.361778
2026-09-16T10:15:07.102Z,GMX,7.8384,10200,6.953,1360.361778
2026-09-16T10:15:07.102Z,IMX,3.1994,163.3,0.11632,1360.361778
2026-09-16T10:15:07.102Z,INJ,-17.776,6020,5.382,1360.361778
2026-09-16T10:15:07.102Z,GRT,5.0628,24.64,0.01724,1360.361778
2026-09-16T10:15:07.102Z,SUI,-0.4122,931.8,0.6878,1360.361778
2026-09-16T10:15:07.102Z,HYPE,0.8073,106600,77.734,1360.361778
2026-09-16T10:20:06.885Z,BTC,0.4775,103821000,75956,1360.361778
2026-09-16T10:20:06.885Z,ETH,0.3577,3280000,2402.53,1360.361778
2026-09-16T10:20:06.885Z,SOL,0.3403,132800,97.29,1360.361778
2026-09-16T10:20:06.885Z,BNB,-0.4123,963500,711.2,1360.361778
2026-09-16T10:20:06.885Z,XRP,0.3937,1760,1.2887,1360.361778
2026-09-16T10:20:06.885Z,ADA,0.3336,265.2,0.1943,1360.361778
2026-09-16T10:20:06.885Z,AVAX,0.4844,9935,7.268,1360.361778
2026-09-16T10:20:06.885Z,DOT,0.7617,1310,0.9557,1360.361778
2026-09-16T10:20:06.885Z,LINK,0.3951,14780,10.822,1360.361778
2026-09-16T10:20:06.885Z,POL,-3.6213,125.8,0.09595,1360.361778
2026-09-16T10:20:06.885Z,DOGE,0.3453,109,0.07985,1360.361778
2026-09-16T10:20:06.885Z,TRX,0.4462,457.7,0.33496,1360.361778
2026-09-16T10:20:06.885Z,XLM,0.2388,239,0.17527,1360.361778
2026-09-16T10:20:06.885Z,SHIB,1.0704,0.0067,4.873e-06,1360.361778
2026-09-16T10:20:06.885Z,BCH,0.0299,297600,218.7,1360.361778
2026-09-16T10:20:06.885Z,UNI,0.514,8695,6.359,1360.361778
2026-09-16T10:20:06.885Z,AAVE,-0.3672,162400,119.82,1360.361778
2026-09-16T10:20:06.885Z,SUSHI,0.7132,281,0.2051,1360.361778
2026-09-16T10:20:06.885Z,LDO,4.6042,474,0.3331,1360.361778
2026-09-16T10:20:06.885Z,ICP,0.1098,3406,2.501,1360.361778
2026-09-16T10:20:06.885Z,NEAR,0.506,3306,2.418,1360.361778
2026-09-16T10:20:06.885Z,HBAR,1.6215,102.7,0.07429,1360.361778
2026-09-16T10:20:06.885Z,XTZ,16.3707,388.8,0.2456,1360.361778
2026-09-16T10:20:06.885Z,DYDX,-1.1603,141.1,0.10494,1360.361778
2026-09-16T10:20:06.885Z,ARB,1.5081,218.8,0.15845,1360.361778
2026-09-16T10:20:06.885Z,GMX,7.73,10200,6.96,1360.361778
2026-09-16T10:20:06.885Z,IMX,2.6962,163.3,0.11689,1360.361778
2026-09-16T10:20:06.885Z,INJ,-17.9894,6020,5.396,1360.361778
2026-09-16T10:20:06.885Z,GRT,5.0628,24.64,0.01724,1360.361778
2026-09-16T10:20:06.885Z,SUI,-0.6145,931.8,0.6892,1360.361778
2026-09-16T10:20:06.885Z,HYPE,0.2021,106200,77.91,1360.361778
2026-09-16T10:25:06.523Z,BTC,0.4487,103700000,75889.2,1360.361778
2026-09-16T10:25:06.523Z,ETH,0.4584,3279000,2399.39,1360.361778
2026-09-16T10:25:06.523Z,SOL,0.4539,132800,97.18,1360.361778
2026-09-16T10:25:06.523Z,BNB,-0.3703,963500,710.9,1360.361778
2026-09-16T10:25:06.523Z,XRP,0.477,1759,1.2869,1360.361778
2026-09-16T10:25:06.523Z,ADA,0.4887,265.2,0.194,1360.361778
2026-09-16T10:25:06.523Z,AVAX,0.6783,9935,7.254,1360.361778
2026-09-16T10:25:06.523Z,DOT,0.8566,1310,0.9548,1360.361778
2026-09-16T10:25:06.523Z,LINK,0.6555,14780,10.794,1360.361778
2026-09-16T10:25:06.523Z,POL,-3.6715,125.8,0.096,1360.361778
2026-09-16T10:25:06.523Z,DOGE,0.509,109,0.07972,1360.361778
2026-09-16T10:25:06.523Z,TRX,0.7029,458.5,0.33469,1360.361778
2026-09-16T10:25:06.523Z,XLM,0.4509,239,0.1749,1360.361778
2026-09-16T10:25:06.523Z,SHIB,1.1534,0.0067,4.869e-06,1360.361778
2026-09-16T10:25:06.523Z,BCH,0.1673,297600,218.4,1360.361778
2026-09-16T10:25:06.523Z,UNI,0.9585,8695,6.331,1360.361778
2026-09-16T10:25:06.523Z,AAVE,-0.2006,162400,119.62,1360.361778
2026-09-16T10:25:06.523Z,SUSHI,0.8115,281,0.2049,1360.361778
2026-09-16T10:25:06.523Z,LDO,4.8561,474,0.3323,1360.361778
2026-09-16T10:25:06.523Z,ICP,0.1899,3406,2.499,1360.361778
2026-09-16T10:25:06.523Z,NEAR,0.506,3306,2.418,1360.361778
2026-09-16T10:25:06.523Z,HBAR,1.7585,102.7,0.07419,1360.361778
2026-09-16T10:25:06.523Z,XTZ,16.3707,388.8,0.2456,1360.361778
2026-09-16T10:25:06.523Z,DYDX,-0.9621,141.1,0.10473,1360.361778
2026-09-16T10:25:06.523Z,ARB,2.0815,218.8,0.15756,1360.361778
2026-09-16T10:25:06.523Z,GMX,7.6063,10200,6.968,1360.361778
2026-09-16T10:25:06.523Z,IMX,2.881,163.3,0.11668,1360.361778
2026-09-16T10:25:06.523Z,INJ,-17.8218,6020,5.385,1360.361778
2026-09-16T10:25:06.523Z,GRT,5.0019,24.64,0.01725,1360.361778
2026-09-16T10:25:06.523Z,SUI,-0.4556,931.8,0.6881,1360.361778
2026-09-16T10:25:06.523Z,HYPE,0.5329,106500,77.873,1360.361778
2026-09-16T10:30:07.103Z,BTC,0.4199,103751000,75948.3,1360.361778
2026-09-16T10:30:07.103Z,ETH,0.379,3280000,2402.02,1360.361778
2026-09-16T10:30:07.103Z,SOL,0.33,132800,97.3,1360.361778
2026-09-16T10:30:07.103Z,BNB,-0.4263,963500,711.3,1360.361778
2026-09-16T10:30:07.103Z,XRP,0.3289,1759,1.2888,1360.361778
2026-09-16T10:30:07.103Z,ADA,0.282,265.2,0.1944,1360.361778
2026-09-16T10:30:07.103Z,AVAX,0.5951,9935,7.26,1360.361778
2026-09-16T10:30:07.103Z,DOT,0.6879,1310,0.9564,1360.361778
2026-09-16T10:30:07.103Z,LINK,0.553,14780,10.805,1360.361778
2026-09-16T10:30:07.103Z,POL,-4.3193,125.8,0.09665,1360.361778
2026-09-16T10:30:07.103Z,DOGE,0.3956,109,0.07981,1360.361778
2026-09-16T10:30:07.103Z,TRX,0.4816,457,0.33433,1360.361778
2026-09-16T10:30:07.103Z,XLM,0.296,239,0.17517,1360.361778
2026-09-16T10:30:07.103Z,SHIB,0.9875,0.0067,0.000004877,1360.361778
2026-09-16T10:30:07.103Z,BCH,0.0299,297600,218.7,1360.361778
2026-09-16T10:30:07.103Z,UNI,0.8629,8695,6.337,1360.361778
2026-09-16T10:30:07.103Z,AAVE,-0.3922,162400,119.85,1360.361778
2026-09-16T10:30:07.103Z,SUSHI,0.6641,281,0.2052,1360.361778
2026-09-16T10:30:07.103Z,LDO,4.5728,474,0.3332,1360.361778
2026-09-16T10:30:07.103Z,ICP,0.1098,3406,2.501,1360.361778
2026-09-16T10:30:07.103Z,NEAR,0.3815,3306,2.421,1360.361778
2026-09-16T10:30:07.103Z,HBAR,1.6489,102.7,0.07427,1360.361778
2026-09-16T10:30:07.103Z,XTZ,16.276,388.8,0.2458,1360.361778
2026-09-16T10:30:07.103Z,DYDX,-1.2356,141.1,0.10502,1360.361778
2026-09-16T10:30:07.103Z,ARB,1.2525,218.8,0.15885,1360.361778
2026-09-16T10:30:07.103Z,GMX,7.6217,10200,6.967,1360.361778
2026-09-16T10:30:07.103Z,IMX,2.837,163.3,0.11673,1360.361778
2026-09-16T10:30:07.103Z,INJ,-18.0198,6020,5.398,1360.361778
2026-09-16T10:30:07.103Z,GRT,4.9411,24.64,0.01726,1360.361778
2026-09-16T10:30:07.103Z,SUI,-0.6433,931.8,0.6894,1360.361778
2026-09-16T10:30:07.103Z,HYPE,0.6441,106500,77.787,1360.361778
2026-09-16T10:35:07.022Z,BTC,0.4334,103730000,75922.7,1360.361778
2026-09-16T10:35:07.022Z,ETH,0.4062,3281000,2402.1,1360.361778
2026-09-16T10:35:07.022Z,SOL,0.3609,132800,97.27,1360.361778
2026-09-16T10:35:07.022Z,BNB,-0.3843,963500,711,1360.361778
2026-09-16T10:35:07.022Z,XRP,0.4351,1761,1.2889,1360.361778
2026-09-16T10:35:07.022Z,ADA,0.282,265.2,0.1944,1360.361778
2026-09-16T10:35:07.022Z,AVAX,0.5951,9935,7.26,1360.361778
2026-09-16T10:35:07.022Z,DOT,0.5722,1310,0.9575,1360.361778
2026-09-16T10:35:07.022Z,LINK,0.6089,14780,10.799,1360.361778
2026-09-16T10:35:07.022Z,POL,-4.3193,125.8,0.09665,1360.361778
2026-09-16T10:35:07.022Z,DOGE,0.383,109,0.07982,1360.361778
2026-09-16T10:35:07.022Z,TRX,0.4395,457,0.33447,1360.361778
2026-09-16T10:35:07.022Z,XLM,0.5536,239.6,0.17516,1360.361778
2026-09-16T10:35:07.022Z,SHIB,0.9875,0.0067,0.000004877,1360.361778
2026-09-16T10:35:07.022Z,BCH,0.0756,297600,218.6,1360.361778
2026-09-16T10:35:07.022Z,UNI,1.3587,8695,6.306,1360.361778
2026-09-16T10:35:07.022Z,AAVE,-0.309,162400,119.75,1360.361778
2026-09-16T10:35:07.022Z,SUSHI,0.7132,281,0.2051,1360.361778
2026-09-16T10:35:07.022Z,LDO,4.6985,474,0.3328,1360.361778
2026-09-16T10:35:07.022Z,ICP,-0.1298,3406,2.507,1360.361778
2026-09-16T10:35:07.022Z,NEAR,0.0921,3306,2.428,1360.361778
2026-09-16T10:35:07.022Z,HBAR,1.6763,102.7,0.07425,1360.361778
2026-09-16T10:35:07.022Z,XTZ,16.3233,388.8,0.2457,1360.361778
2026-09-16T10:35:07.022Z,DYDX,-1.0943,141.1,0.10487,1360.361778
2026-09-16T10:35:07.022Z,ARB,1.3163,218.8,0.15875,1360.361778
2026-09-16T10:35:07.022Z,GMX,7.4983,10200,6.975,1360.361778
2026-09-16T10:35:07.022Z,IMX,2.8194,163.3,0.11675,1360.361778
2026-09-16T10:35:07.022Z,INJ,-17.9438,6020,5.393,1360.361778
2026-09-16T10:35:07.022Z,GRT,4.9411,24.64,0.01726,1360.361778
2026-09-16T10:35:07.022Z,SUI,-0.6577,931.8,0.6895,1360.361778
2026-09-16T10:35:07.022Z,HYPE,0.7684,106500,77.691,1360.361778
2026-09-16T10:40:07.104Z,BTC,0.4299,103750000,75940,1360.361778
2026-09-16T10:40:07.104Z,ETH,0.3783,3282000,2403.5,1360.361778
2026-09-16T10:40:07.104Z,SOL,0.3403,132800,97.29,1360.361778
2026-09-16T10:40:07.104Z,BNB,-0.4263,963500,711.3,1360.361778
2026-09-16T10:40:07.104Z,XRP,0.3392,1760,1.2894,1360.361778
2026-09-16T10:40:07.104Z,ADA,0.437,265.2,0.1941,1360.361778
2026-09-16T10:40:07.104Z,AVAX,0.5951,9935,7.26,1360.361778
2026-09-16T10:40:07.104Z,DOT,0.5093,1310,0.9581,1360.361778
2026-09-16T10:40:07.104Z,LINK,0.6555,14780,10.794,1360.361778
2026-09-16T10:40:07.104Z,POL,-2.9639,125.8,0.0953,1360.361778
2026-09-16T10:40:07.104Z,DOGE,0.45,109.1,0.07984,1360.361778
2026-09-16T10:40:07.104Z,TRX,0.3465,457,0.33478,1360.361778
2026-09-16T10:40:07.104Z,XLM,0.5077,239.6,0.17524,1360.361778
2026-09-16T10:40:07.104Z,SHIB,1.0082,0.0067,0.000004876,1360.361778
2026-09-16T10:40:07.104Z,BCH,0.0756,297600,218.6,1360.361778
2026-09-16T10:40:07.104Z,UNI,1.3748,8695,6.305,1360.361778
2026-09-16T10:40:07.104Z,AAVE,-0.3256,162400,119.77,1360.361778
2026-09-16T10:40:07.104Z,SUSHI,0.6641,281,0.2052,1360.361778
2026-09-16T10:40:07.104Z,LDO,4.6985,474,0.3328,1360.361778
2026-09-16T10:40:07.104Z,ICP,-0.2889,3406,2.511,1360.361778
2026-09-16T10:40:07.104Z,NEAR,0.2159,3306,2.425,1360.361778
2026-09-16T10:40:07.104Z,HBAR,1.69,102.7,0.07424,1360.361778
2026-09-16T10:40:07.104Z,XTZ,16.4655,388.8,0.2454,1360.361778
2026-09-16T10:40:07.104Z,DYDX,-1.0377,141.1,0.10481,1360.361778
2026-09-16T10:40:07.104Z,ARB,1.087,218.8,0.15911,1360.361778
2026-09-16T10:40:07.104Z,GMX,7.4213,10200,6.98,1360.361778
2026-09-16T10:40:07.104Z,IMX,2.8458,163.3,0.11672,1360.361778
2026-09-16T10:40:07.104Z,INJ,-18.1259,6020,5.405,1360.361778
2026-09-16T10:40:07.104Z,GRT,5.0019,24.64,0.01725,1360.361778
2026-09-16T10:40:07.104Z,SUI,-0.6145,931.8,0.6892,1360.361778
2026-09-16T10:40:07.104Z,HYPE,0.8268,106500,77.646,1360.361778
2026-09-16T10:45:07.212Z,BTC,0.4266,103755000,75946.2,1360.361778
2026-09-16T10:45:07.212Z,ETH,0.4292,3286000,2405.21,1360.361778
2026-09-16T10:45:07.212Z,SOL,0.3506,132800,97.28,1360.361778
2026-09-16T10:45:07.212Z,BNB,-0.4543,963500,711.5,1360.361778
2026-09-16T10:45:07.212Z,XRP,0.4479,1763,1.2902,1360.361778
2026-09-16T10:45:07.212Z,ADA,0.471,265.7,0.1944,1360.361778
2026-09-16T10:45:07.212Z,AVAX,0.5535,9935,7.263,1360.361778
2026-09-16T10:45:07.212Z,DOT,0.4673,1310,0.9585,1360.361778
2026-09-16T10:45:07.212Z,LINK,0.3765,14780,10.824,1360.361778
2026-09-16T10:45:07.212Z,POL,-2.9741,125.8,0.09531,1360.361778
2026-09-16T10:45:07.212Z,DOGE,0.3871,109.1,0.07989,1360.361778
2026-09-16T10:45:07.212Z,TRX,0.3186,456.9,0.3348,1360.361778
2026-09-16T10:45:07.212Z,XLM,0.4561,239.6,0.17533,1360.361778
2026-09-16T10:45:07.212Z,SHIB,0.8841,0.0067,0.000004882,1360.361778
2026-09-16T10:45:07.212Z,BCH,-0.0158,297600,218.8,1360.361778
2026-09-16T10:45:07.212Z,UNI,1.2303,8695,6.314,1360.361778
2026-09-16T10:45:07.212Z,AAVE,-0.284,162400,119.72,1360.361778
2026-09-16T10:45:07.212Z,SUSHI,0.5171,281,0.2055,1360.361778
2026-09-16T10:45:07.212Z,LDO,4.6042,474,0.3331,1360.361778
2026-09-16T10:45:07.212Z,ICP,-0.2094,3406,2.509,1360.361778
2026-09-16T10:45:07.212Z,NEAR,0.2159,3306,2.425,1360.361778
2026-09-16T10:45:07.212Z,HBAR,1.5532,102.7,0.07434,1360.361778
2026-09-16T10:45:07.212Z,XTZ,16.276,388.8,0.2458,1360.361778
2026-09-16T10:45:07.212Z,DYDX,-1.066,141.1,0.10484,1360.361778
2026-09-16T10:45:07.212Z,ARB,0.0262,218.3,0.16043,1360.361778
2026-09-16T10:45:07.212Z,GMX,7.4213,10200,6.98,1360.361778
2026-09-16T10:45:07.212Z,IMX,2.7314,163.3,0.11685,1360.361778
2026-09-16T10:45:07.212Z,INJ,-18.1562,6020,5.407,1360.361778
2026-09-16T10:45:07.212Z,GRT,4.8803,24.64,0.01727,1360.361778
2026-09-16T10:45:07.212Z,SUI,-0.7297,931.8,0.69,1360.361778
2026-09-16T10:45:07.212Z,HYPE,0.4401,106500,77.945,1360.361778
2026-09-16T10:50:07.217Z,BTC,0.447,103732000,75913.9,1360.361778
2026-09-16T10:50:07.217Z,ETH,0.4459,3285000,2404.08,1360.361778
2026-09-16T10:50:07.217Z,SOL,0.3506,132800,97.28,1360.361778
2026-09-16T10:50:07.217Z,BNB,-0.4123,963500,711.2,1360.361778
2026-09-16T10:50:07.217Z,XRP,0.5102,1763,1.2894,1360.361778
2026-09-16T10:50:07.217Z,ADA,0.5227,265.7,0.1943,1360.361778
2026-09-16T10:50:07.217Z,AVAX,0.609,9935,7.259,1360.361778
2026-09-16T10:50:07.217Z,DOT,0.4778,1310,0.9584,1360.361778
2026-09-16T10:50:07.217Z,LINK,0.4694,14780,10.814,1360.361778
2026-09-16T10:50:07.217Z,POL,-3.0453,125.8,0.09538,1360.361778
2026-09-16T10:50:07.217Z,DOGE,0.3871,109.1,0.07989,1360.361778
2026-09-16T10:50:07.217Z,TRX,0.3186,456.9,0.3348,1360.361778
2026-09-16T10:50:07.217Z,XLM,0.4389,239.6,0.17536,1360.361778
2026-09-16T10:50:07.217Z,SHIB,0.8015,0.0067,0.000004886,1360.361778
2026-09-16T10:50:07.217Z,BCH,-0.0615,297600,218.9,1360.361778
2026-09-16T10:50:07.217Z,UNI,1.6004,8695,6.291,1360.361778
2026-09-16T10:50:07.217Z,AAVE,-0.3256,162400,119.77,1360.361778
2026-09-16T10:50:07.217Z,SUSHI,0.6641,281,0.2052,1360.361778
2026-09-16T10:50:07.217Z,LDO,4.6357,474,0.333,1360.361778
2026-09-16T10:50:07.217Z,ICP,-0.2889,3406,2.511,1360.361778
2026-09-16T10:50:07.217Z,NEAR,0.0097,3306,2.43,1360.361778
2026-09-16T10:50:07.217Z,HBAR,1.4986,102.7,0.07438,1360.361778
2026-09-16T10:50:07.217Z,XTZ,16.3233,388.8,0.2457,1360.361778
2026-09-16T10:50:07.217Z,DYDX,-1.1037,141.1,0.10488,1360.361778
2026-09-16T10:50:07.217Z,ARB,0.4897,218.3,0.15969,1360.361778
2026-09-16T10:50:07.217Z,GMX,7.3444,10200,6.985,1360.361778
2026-09-16T10:50:07.217Z,IMX,2.6699,163.3,0.11692,1360.361778
2026-09-16T10:50:07.217Z,INJ,-17.9285,6020,5.392,1360.361778
2026-09-16T10:50:07.217Z,GRT,4.9411,24.64,0.01726,1360.361778
2026-09-16T10:50:07.217Z,SUI,-0.6577,931.8,0.6895,1360.361778
2026-09-16T10:50:07.217Z,HYPE,0.6725,106500,77.765,1360.361778
2026-09-16T10:55:06.766Z,BTC,0.5026,103754000,75888,1360.361778
2026-09-16T10:55:06.766Z,ETH,0.5152,3284000,2401.69,1360.361778
2026-09-16T10:55:06.766Z,SOL,0.5056,132800,97.13,1360.361778
2026-09-16T10:55:06.766Z,BNB,-0.3983,963500,711.1,1360.361778
2026-09-16T10:55:06.766Z,XRP,0.5365,1761,1.2876,1360.361778
2026-09-16T10:55:06.766Z,ADA,0.6782,265.7,0.194,1360.361778
2026-09-16T10:55:06.766Z,AVAX,0.6783,9935,7.254,1360.361778
2026-09-16T10:55:06.766Z,DOT,0.4673,1310,0.9585,1360.361778
2026-09-16T10:55:06.766Z,LINK,0.5996,14780,10.8,1360.361778
2026-09-16T10:55:06.766Z,POL,-3.1671,125.8,0.0955,1360.361778
2026-09-16T10:55:06.766Z,DOGE,0.4248,109.1,0.07986,1360.361778
2026-09-16T10:55:06.766Z,TRX,0.3126,456.9,0.33482,1360.361778
2026-09-16T10:55:06.766Z,XLM,0.5077,239.6,0.17524,1360.361778
2026-09-16T10:55:06.766Z,SHIB,0.9461,0.0067,0.000004879,1360.361778
2026-09-16T10:55:06.766Z,BCH,0.0756,297600,218.6,1360.361778
2026-09-16T10:55:06.766Z,UNI,1.4714,8695,6.299,1360.361778
2026-09-16T10:55:06.766Z,AAVE,-0.209,162400,119.63,1360.361778
2026-09-16T10:55:06.766Z,SUSHI,0.6641,281,0.2052,1360.361778
2026-09-16T10:55:06.766Z,LDO,4.8245,474,0.3324,1360.361778
2026-09-16T10:55:06.766Z,ICP,-0.1696,3406,2.508,1360.361778
2026-09-16T10:55:06.766Z,NEAR,-0.0314,3306,2.431,1360.361778
2026-09-16T10:55:06.766Z,HBAR,1.69,102.7,0.07424,1360.361778
2026-09-16T10:55:06.766Z,XTZ,16.3707,388.8,0.2456,1360.361778
2026-09-16T10:55:06.766Z,DYDX,-0.9999,141.1,0.10477,1360.361778
2026-09-16T10:55:06.766Z,ARB,0.856,218.3,0.15911,1360.361778
2026-09-16T10:55:06.766Z,GMX,7.4829,10200,6.976,1360.361778
2026-09-16T10:55:06.766Z,IMX,2.8105,163.3,0.11676,1360.361778
2026-09-16T10:55:06.766Z,INJ,-17.8371,6020,5.386,1360.361778
2026-09-16T10:55:06.766Z,GRT,4.6984,24.64,0.0173,1360.361778
2026-09-16T10:55:06.766Z,SUI,-0.5568,931.8,0.6888,1360.361778
2026-09-16T10:55:06.766Z,HYPE,0.7179,106500,77.73,1360.361778
2026-09-16T11:00:06.910Z,BTC,0.4221,103734000,75934.2,1360.361778
2026-09-16T11:00:06.910Z,ETH,0.3843,3283000,2404.09,1360.361778
2026-09-16T11:00:06.910Z,SOL,0.4229,132800,97.21,1360.361778
2026-09-16T11:00:06.910Z,BNB,-0.3983,963500,711.1,1360.361778
2026-09-16T11:00:06.910Z,XRP,0.4663,1761,1.2885,1360.361778
2026-09-16T11:00:06.910Z,ADA,0.6263,265.7,0.1941,1360.361778
2026-09-16T11:00:06.910Z,AVAX,0.6644,9935,7.255,1360.361778
2026-09-16T11:00:06.910Z,DOT,0.394,1310,0.9592,1360.361778
2026-09-16T11:00:06.910Z,LINK,0.4694,14780,10.814,1360.361778
2026-09-16T11:00:06.910Z,POL,-3.8417,125.8,0.09617,1360.361778
2026-09-16T11:00:06.910Z,DOGE,0.2491,109.1,0.08,1360.361778
2026-09-16T11:00:06.910Z,TRX,0.2946,456.9,0.33488,1360.361778
2026-09-16T11:00:06.910Z,XLM,0.4962,239.6,0.17526,1360.361778
2026-09-16T11:00:06.910Z,SHIB,0.8221,0.0067,0.000004885,1360.361778
2026-09-16T11:00:06.910Z,BCH,0.0299,297600,218.7,1360.361778
2026-09-16T11:00:06.910Z,UNI,1.4553,8695,6.3,1360.361778
2026-09-16T11:00:06.910Z,AAVE,-0.2173,162400,119.64,1360.361778
2026-09-16T11:00:06.910Z,SUSHI,0.6151,281,0.2053,1360.361778
2026-09-16T11:00:06.910Z,LDO,4.6985,474,0.3328,1360.361778
2026-09-16T11:00:06.910Z,ICP,-0.2492,3406,2.51,1360.361778
2026-09-16T11:00:06.910Z,NEAR,-0.3593,3306,2.439,1360.361778
2026-09-16T11:00:06.910Z,HBAR,1.5395,102.7,0.07435,1360.361778
2026-09-16T11:00:06.910Z,XTZ,16.513,388.8,0.2453,1360.361778
2026-09-16T11:00:06.910Z,DYDX,-1.132,141.1,0.10491,1360.361778
2026-09-16T11:00:06.910Z,ARB,0.8243,218.3,0.15916,1360.361778
2026-09-16T11:00:06.910Z,GMX,7.5291,10200,6.973,1360.361778
2026-09-16T11:00:06.910Z,IMX,2.6786,163.3,0.11691,1360.361778
2026-09-16T11:00:06.910Z,INJ,-17.8981,6020,5.39,1360.361778
2026-09-16T11:00:06.910Z,GRT,4.8196,24.64,0.01728,1360.361778
2026-09-16T11:00:06.910Z,SUI,-0.6577,931.8,0.6895,1360.361778
2026-09-16T11:00:06.910Z,HYPE,0.5742,106500,77.841,1360.361778
2026-09-16T11:05:07.109Z,BTC,0.4407,103756000,75936.2,1360.361778
2026-09-16T11:05:07.109Z,ETH,0.4307,3289000,2407.37,1360.361778
2026-09-16T11:05:07.109Z,SOL,0.3919,132800,97.24,1360.361778
2026-09-16T11:05:07.109Z,BNB,-0.4683,963500,711.6,1360.361778
2026-09-16T11:05:07.109Z,XRP,0.3962,1761,1.2894,1360.361778
2026-09-16T11:05:07.109Z,ADA,0.3917,265.9,0.1947,1360.361778
2026-09-16T11:05:07.109Z,AVAX,0.5397,9935,7.264,1360.361778
2026-09-16T11:05:07.109Z,DOT,0.4778,1310,0.9584,1360.361778
2026-09-16T11:05:07.109Z,LINK,0.3117,14780,10.831,1360.361778
2026-09-16T11:05:07.109Z,POL,-2.8926,125.8,0.09523,1360.361778
2026-09-16T11:05:07.109Z,DOGE,0.224,109.1,0.08002,1360.361778
2026-09-16T11:05:07.109Z,TRX,0.2946,456.9,0.33488,1360.361778
2026-09-16T11:05:07.109Z,XLM,0.4503,239.6,0.17534,1360.361778
2026-09-16T11:05:07.109Z,SHIB,0.8015,0.0067,0.000004886,1360.361778
2026-09-16T11:05:07.109Z,BCH,0.0756,297600,218.6,1360.361778
2026-09-16T11:05:07.109Z,UNI,0.7199,8695,6.346,1360.361778
2026-09-16T11:05:07.109Z,AAVE,-0.3838,162400,119.84,1360.361778
2026-09-16T11:05:07.109Z,SUSHI,0.5171,281,0.2055,1360.361778
2026-09-16T11:05:07.109Z,LDO,4.5728,474,0.3332,1360.361778
2026-09-16T11:05:07.109Z,ICP,-0.5266,3406,2.517,1360.361778
2026-09-16T11:05:07.109Z,NEAR,-0.4817,3306,2.442,1360.361778
2026-09-16T11:05:07.109Z,HBAR,1.5122,102.7,0.07437,1360.361778
2026-09-16T11:05:07.109Z,XTZ,16.1814,388.8,0.246,1360.361778
2026-09-16T11:05:07.109Z,DYDX,-1.3107,141.1,0.1051,1360.361778
2026-09-16T11:05:07.109Z,ARB,0.9766,218.3,0.15892,1360.361778
2026-09-16T11:05:07.109Z,GMX,7.4983,10200,6.975,1360.361778
2026-09-16T11:05:07.109Z,IMX,2.6699,163.3,0.11692,1360.361778
2026-09-16T11:05:07.109Z,INJ,-18.0349,6020,5.399,1360.361778
2026-09-16T11:05:07.109Z,GRT,4.0967,24.64,0.0174,1360.361778
2026-09-16T11:05:07.109Z,SUI,-0.8303,931.8,0.6907,1360.361778
2026-09-16T11:05:07.109Z,HYPE,0.6369,107500,78.523,1360.361778
2026-09-16T11:10:06.896Z,BTC,0.4273,103686000,75895.1,1360.361778
2026-09-16T11:10:06.896Z,ETH,0.5489,3289000,2404.54,1360.361778
2026-09-16T11:10:06.896Z,SOL,0.5709,132900,97.14,1360.361778
2026-09-16T11:10:06.896Z,BNB,-0.3983,963500,711.1,1360.361778
2026-09-16T11:10:06.896Z,XRP,0.4458,1759,1.2873,1360.361778
2026-09-16T11:10:06.896Z,ADA,0.6502,265.9,0.1942,1360.361778
2026-09-16T11:10:06.896Z,AVAX,0.6506,9935,7.256,1360.361778
2026-09-16T11:10:06.896Z,DOT,0.6248,1310,0.957,1360.361778
2026-09-16T11:10:06.896Z,LINK,0.5158,14780,10.809,1360.361778
2026-09-16T11:10:06.896Z,POL,-1.5905,125.8,0.09397,1360.361778
2026-09-16T11:10:06.896Z,DOGE,0.3494,109.1,0.07992,1360.361778
2026-09-16T11:10:06.896Z,TRX,0.6079,458.3,0.33486,1360.361778
2026-09-16T11:10:06.896Z,XLM,0.684,239.5,0.17486,1360.361778
2026-09-16T11:10:06.896Z,SHIB,1.0289,0.0067,0.000004875,1360.361778
2026-09-16T11:10:06.896Z,BCH,0.2132,297600,218.3,1360.361778
2026-09-16T11:10:06.896Z,UNI,1.3427,8695,6.307,1360.361778
2026-09-16T11:10:06.896Z,AAVE,-0.0921,162400,119.49,1360.361778
2026-09-16T11:10:06.896Z,SUSHI,0.9593,281,0.2046,1360.361778
2026-09-16T11:10:06.896Z,LDO,4.793,474,0.3325,1360.361778
2026-09-16T11:10:06.896Z,ICP,-0.4475,3406,2.515,1360.361778
2026-09-16T11:10:06.896Z,NEAR,-0.1136,3306,2.433,1360.361778
2026-09-16T11:10:06.896Z,HBAR,1.6352,102.7,0.07428,1360.361778
2026-09-16T11:10:06.896Z,XTZ,16.276,388.8,0.2458,1360.361778
2026-09-16T11:10:06.896Z,DYDX,-1.1885,141.1,0.10497,1360.361778
2026-09-16T11:10:06.896Z,ARB,0.5842,218.3,0.15954,1360.361778
2026-09-16T11:10:06.896Z,GMX,7.73,10200,6.96,1360.361778
2026-09-16T11:10:06.896Z,IMX,2.881,163.3,0.11668,1360.361778
2026-09-16T11:10:06.896Z,INJ,-17.7455,6020,5.38,1360.361778
2026-09-16T11:10:06.896Z,GRT,4.4569,24.64,0.01734,1360.361778
2026-09-16T11:10:06.896Z,SUI,-0.6001,931.8,0.6891,1360.361778
2026-09-16T11:10:06.896Z,HYPE,0.3544,107500,78.744,1360.361778
2026-09-16T11:15:06.881Z,BTC,0.4558,103689000,75875.8,1360.361778
2026-09-16T11:15:06.881Z,ETH,0.4315,3283000,2402.96,1360.361778
2026-09-16T11:15:06.881Z,SOL,0.602,132900,97.11,1360.361778
2026-09-16T11:15:06.881Z,BNB,-0.3843,963500,711,1360.361778
2026-09-16T11:15:06.881Z,XRP,0.516,1759,1.2864,1360.361778
2026-09-16T11:15:06.881Z,ADA,0.7021,265.9,0.1941,1360.361778
2026-09-16T11:15:06.881Z,AVAX,0.7061,9935,7.252,1360.361778
2026-09-16T11:15:06.881Z,DOT,0.6458,1310,0.9568,1360.361778
2026-09-16T11:15:06.881Z,LINK,0.553,14780,10.805,1360.361778
2026-09-16T11:15:06.881Z,POL,-0.7775,125.8,0.0932,1360.361778
2026-09-16T11:15:06.881Z,DOGE,0.4374,109.1,0.07985,1360.361778
2026-09-16T11:15:06.881Z,TRX,0.6109,458.3,0.33485,1360.361778
2026-09-16T11:15:06.881Z,XLM,0.5256,239,0.17477,1360.361778
2026-09-16T11:15:06.881Z,SHIB,1.1327,0.0067,0.00000487,1360.361778
2026-09-16T11:15:06.881Z,BCH,0.3511,297600,218,1360.361778
2026-09-16T11:15:06.881Z,UNI,1.6166,8695,6.29,1360.361778
2026-09-16T11:15:06.881Z,AAVE,0.151,162400,119.2,1360.361778
2026-09-16T11:15:06.881Z,SUSHI,1.0581,281,0.2044,1360.361778
2026-09-16T11:15:06.881Z,LDO,4.9508,474,0.332,1360.361778
2026-09-16T11:15:06.881Z,ICP,-0.5266,3406,2.517,1360.361778
2026-09-16T11:15:06.881Z,NEAR,-0.3185,3306,2.438,1360.361778
2026-09-16T11:15:06.881Z,HBAR,1.7037,102.7,0.07423,1360.361778
2026-09-16T11:15:06.881Z,XTZ,16.276,388.8,0.2458,1360.361778
2026-09-16T11:15:06.881Z,DYDX,-1.1697,141.1,0.10495,1360.361778
2026-09-16T11:15:06.881Z,ARB,1.0593,218.3,0.15879,1360.361778
2026-09-16T11:15:06.881Z,GMX,7.5908,10200,6.969,1360.361778
2026-09-16T11:15:06.881Z,IMX,2.7841,163.3,0.11679,1360.361778
2026-09-16T11:15:06.881Z,INJ,-17.5616,6020,5.368,1360.361778
2026-09-16T11:15:06.881Z,GRT,4.4569,24.64,0.01734,1360.361778
2026-09-16T11:15:06.881Z,SUI,-0.5135,931.8,0.6885,1360.361778
2026-09-16T11:15:06.881Z,HYPE,0.9982,108000,78.606,1360.361778
2026-09-16T11:20:06.873Z,BTC,0.4381,103731000,75919.9,1360.361778
2026-09-16T11:20:06.873Z,ETH,0.3421,3283000,2405.1,1360.361778
2026-09-16T11:20:06.873Z,SOL,0.5502,132900,97.16,1360.361778
2026-09-16T11:20:06.873Z,BNB,-0.5661,963500,712.3,1360.361778
2026-09-16T11:20:06.873Z,XRP,0.4639,1760,1.2878,1360.361778
2026-09-16T11:20:06.873Z,ADA,0.4332,265.6,0.1944,1360.361778
2026-09-16T11:20:06.873Z,AVAX,0.5535,9935,7.263,1360.361778
2026-09-16T11:20:06.873Z,DOT,0.3417,1310,0.9597,1360.361778
2026-09-16T11:20:06.873Z,LINK,0.4229,14780,10.819,1360.361778
2026-09-16T11:20:06.873Z,POL,-1.0641,125.8,0.09347,1360.361778
2026-09-16T11:20:06.873Z,DOGE,0.2992,109.1,0.07996,1360.361778
2026-09-16T11:20:06.873Z,TRX,0.5689,458.3,0.33499,1360.361778
2026-09-16T11:20:06.873Z,XLM,0.296,239,0.17517,1360.361778
2026-09-16T11:20:06.873Z,SHIB,-0.479,0.0066,0.000004875,1360.361778
2026-09-16T11:20:06.873Z,BCH,0.3051,297600,218.1,1360.361778
2026-09-16T11:20:06.873Z,UNI,1.3748,8695,6.305,1360.361778
2026-09-16T11:20:06.873Z,AAVE,-0.1505,162400,119.56,1360.361778
2026-09-16T11:20:06.873Z,SUSHI,1.0087,281,0.2045,1360.361778
2026-09-16T11:20:06.873Z,LDO,4.73,474,0.3327,1360.361778
2026-09-16T11:20:06.873Z,ICP,-0.9594,3406,2.528,1360.361778
2026-09-16T11:20:06.873Z,NEAR,0.0609,3339,2.453,1360.361778
2026-09-16T11:20:06.873Z,HBAR,1.6352,102.7,0.07428,1360.361778
2026-09-16T11:20:06.873Z,XTZ,16.3233,388.8,0.2457,1360.361778
2026-09-16T11:20:06.873Z,DYDX,-0.9999,141.1,0.10477,1360.361778
2026-09-16T11:20:06.873Z,ARB,0.7357,218.3,0.1593,1360.361778
2026-09-16T11:20:06.873Z,GMX,7.6526,10200,6.965,1360.361778
2026-09-16T11:20:06.873Z,IMX,2.6962,163.3,0.11689,1360.361778
2026-09-16T11:20:06.873Z,INJ,-17.6536,6020,5.374,1360.361778
2026-09-16T11:20:06.873Z,GRT,4.3967,24.64,0.01735,1360.361778
2026-09-16T11:20:06.873Z,SUI,-0.6866,931.8,0.6897,1360.361778
2026-09-16T11:20:06.873Z,HYPE,0.6168,108000,78.904,1360.361778
2026-09-16T11:25:06.924Z,BTC,0.4351,103672000,75879,1360.361778
2026-09-16T11:25:06.924Z,ETH,0.4433,3284000,2403.41,1360.361778
2026-09-16T11:25:06.924Z,SOL,0.3646,132600,97.12,1360.361778
2026-09-16T11:25:06.924Z,BNB,-0.4963,963500,711.8,1360.361778
2026-09-16T11:25:06.924Z,XRP,0.4848,1759,1.2868,1360.361778
2026-09-16T11:25:06.924Z,ADA,0.6263,265.7,0.1941,1360.361778
2026-09-16T11:25:06.924Z,AVAX,0.5812,9935,7.261,1360.361778
2026-09-16T11:25:06.924Z,DOT,0.5302,1310,0.9579,1360.361778
2026-09-16T11:25:06.924Z,LINK,0.5158,14780,10.809,1360.361778
2026-09-16T11:25:06.924Z,POL,-1.0005,125.8,0.09341,1360.361778
2026-09-16T11:25:06.924Z,DOGE,0.3494,109.1,0.07992,1360.361778
2026-09-16T11:25:06.924Z,TRX,0.5689,458.3,0.33499,1360.361778
2026-09-16T11:25:06.924Z,XLM,0.5403,239.5,0.17511,1360.361778
2026-09-16T11:25:06.924Z,SHIB,1.1534,0.0067,0.000004869,1360.361778
2026-09-16T11:25:06.924Z,BCH,0.4432,297600,217.8,1360.361778
2026-09-16T11:25:06.924Z,UNI,1.2945,8695,6.31,1360.361778
2026-09-16T11:25:06.924Z,AAVE,-0.0921,162400,119.49,1360.361778
2026-09-16T11:25:06.924Z,SUSHI,1.0087,281,0.2045,1360.361778
2026-09-16T11:25:06.924Z,LDO,4.793,474,0.3325,1360.361778
2026-09-16T11:25:06.924Z,ICP,-1.0768,3406,2.531,1360.361778
2026-09-16T11:25:06.924Z,NEAR,0.1017,3339,2.452,1360.361778
2026-09-16T11:25:06.924Z,HBAR,1.6763,102.7,0.07425,1360.361778
2026-09-16T11:25:06.924Z,XTZ,16.4181,388.8,0.2455,1360.361778
2026-09-16T11:25:06.924Z,DYDX,-1.0566,141.1,0.10483,1360.361778
2026-09-16T11:25:06.924Z,ARB,1.0211,218.3,0.15885,1360.361778
2026-09-16T11:25:06.924Z,GMX,7.6372,10200,6.966,1360.361778
2026-09-16T11:25:06.924Z,IMX,2.6874,163.3,0.1169,1360.361778
2026-09-16T11:25:06.924Z,INJ,-17.5001,6020,5.364,1360.361778
2026-09-16T11:25:06.924Z,GRT,4.2765,24.64,0.01737,1360.361778
2026-09-16T11:25:06.924Z,SUI,0.6998,943.3,0.6886,1360.361778
2026-09-16T11:25:06.924Z,HYPE,0.5518,108000,78.955,1360.361778
2026-09-16T11:30:06.891Z,BTC,0.4226,103734000,75933.8,1360.361778
2026-09-16T11:30:06.891Z,ETH,0.431,3287000,2405.9,1360.361778
2026-09-16T11:30:06.891Z,SOL,0.4262,132900,97.28,1360.361778
2026-09-16T11:30:06.891Z,BNB,-0.5522,963500,712.2,1360.361778
2026-09-16T11:30:06.891Z,XRP,0.4585,1761,1.2886,1360.361778
2026-09-16T11:30:06.891Z,ADA,0.471,265.7,0.1944,1360.361778
2026-09-16T11:30:06.891Z,AVAX,0.4567,9935,7.27,1360.361778
2026-09-16T11:30:06.891Z,DOT,0.3417,1310,0.9597,1360.361778
2026-09-16T11:30:06.891Z,LINK,0.358,14780,10.826,1360.361778
2026-09-16T11:30:06.891Z,POL,-0.9793,125.8,0.09339,1360.361778
2026-09-16T11:30:06.891Z,DOGE,0.2365,109.1,0.08001,1360.361778
2026-09-16T11:30:06.891Z,TRX,0.5479,458.3,0.33506,1360.361778
2026-09-16T11:30:06.891Z,XLM,0.3626,239.5,0.17542,1360.361778
2026-09-16T11:30:06.891Z,SHIB,1.1534,0.0067,0.000004869,1360.361778
2026-09-16T11:30:06.891Z,BCH,0.3051,297600,218.1,1360.361778
2026-09-16T11:30:06.891Z,UNI,0.8311,8695,6.339,1360.361778
2026-09-16T11:30:06.891Z,AAVE,-0.284,162400,119.72,1360.361778
2026-09-16T11:30:06.891Z,SUSHI,0.9593,281,0.2046,1360.361778
2026-09-16T11:30:06.891Z,LDO,4.6985,474,0.3328,1360.361778
2026-09-16T11:30:06.891Z,ICP,-0.9202,3406,2.527,1360.361778
2026-09-16T11:30:06.891Z,NEAR,0.3883,3339,2.445,1360.361778
2026-09-16T11:30:06.891Z,HBAR,1.5942,102.7,0.07431,1360.361778
2026-09-16T11:30:06.891Z,XTZ,15.9458,388.8,0.2465,1360.361778
2026-09-16T11:30:06.891Z,DYDX,-1.1509,141.1,0.10493,1360.361778
2026-09-16T11:30:06.891Z,ARB,0.3515,218.3,0.15991,1360.361778
2026-09-16T11:30:06.891Z,GMX,7.4829,10200,6.976,1360.361778
2026-09-16T11:30:06.891Z,IMX,2.6084,163.3,0.11699,1360.361778
2026-09-16T11:30:06.891Z,INJ,-17.5309,6020,5.366,1360.361778
2026-09-16T11:30:06.891Z,GRT,3.9175,24.64,0.01743,1360.361778
2026-09-16T11:30:06.891Z,SUI,0.4954,943.3,0.69,1360.361778
2026-09-16T11:30:06.891Z,HYPE,0.1876,108000,79.242,1360.361778
2026-09-16T11:35:06.937Z,BTC,0.4163,103809000,75993.5,1360.361778
2026-09-16T11:35:06.937Z,ETH,0.4395,3294000,2410.82,1360.361778
2026-09-16T11:35:06.937Z,SOL,0.5082,133200,97.42,1360.361778
2026-09-16T11:35:06.937Z,BNB,-0.6359,963500,712.8,1360.361778
2026-09-16T11:35:06.937Z,XRP,0.3651,1761,1.2898,1360.361778
2026-09-16T11:35:06.937Z,ADA,0.495,265.9,0.1945,1360.361778
2026-09-16T11:35:06.937Z,AVAX,0.2224,9935,7.287,1360.361778
2026-09-16T11:35:06.937Z,DOT,0.4673,1310,0.9585,1360.361778
2026-09-16T11:35:06.937Z,LINK,0.2376,14780,10.839,1360.361778
2026-09-16T11:35:06.937Z,POL,-0.9475,125.8,0.09336,1360.361778
2026-09-16T11:35:06.937Z,DOGE,0.5538,109.5,0.08005,1360.361778
2026-09-16T11:35:06.937Z,TRX,0.5119,458.3,0.33518,1360.361778
2026-09-16T11:35:06.937Z,XLM,1.0404,241.2,0.17548,1360.361778
2026-09-16T11:35:06.937Z,SHIB,1.0704,0.0067,0.000004873,1360.361778
2026-09-16T11:35:06.937Z,BCH,0.3051,297600,218.1,1360.361778
2026-09-16T11:35:06.937Z,UNI,0.6723,8695,6.349,1360.361778
2026-09-16T11:35:06.937Z,AAVE,-0.6574,162400,120.17,1360.361778
2026-09-16T11:35:06.937Z,SUSHI,0.7623,281,0.205,1360.361778
2026-09-16T11:35:06.937Z,LDO,4.5101,474,0.3334,1360.361778
2026-09-16T11:35:06.937Z,ICP,-0.9202,3406,2.527,1360.361778
2026-09-16T11:35:06.937Z,NEAR,0.1834,3339,2.45,1360.361778
2026-09-16T11:35:06.937Z,HBAR,1.5259,102.7,0.07436,1360.361778
2026-09-16T11:35:06.937Z,XTZ,15.9458,388.8,0.2465,1360.361778
2026-09-16T11:35:06.937Z,DYDX,-1.2826,141.1,0.10507,1360.361778
2026-09-16T11:35:06.937Z,ARB,-1.3148,218.3,0.16261,1360.361778
2026-09-16T11:35:06.937Z,GMX,7.1756,10200,6.996,1360.361778
2026-09-16T11:35:06.937Z,IMX,2.6172,163.3,0.11698,1360.361778
2026-09-16T11:35:06.937Z,INJ,-18.1713,6020,5.408,1360.361778
2026-09-16T11:35:06.937Z,GRT,3.858,24.64,0.01744,1360.361778
2026-09-16T11:35:06.937Z,SUI,0.4227,943.3,0.6905,1360.361778
2026-09-16T11:35:06.937Z,HYPE,-0.2099,107600,79.263,1360.361778
2026-09-16T11:40:07.086Z,BTC,0.4735,103830000,75965.6,1360.361778
2026-09-16T11:40:07.086Z,ETH,0.5119,3299000,2412.74,1360.361778
2026-09-16T11:40:07.086Z,SOL,0.4973,133500,97.65,1360.361778
2026-09-16T11:40:07.086Z,BNB,-0.6498,963500,712.9,1360.361778
2026-09-16T11:40:07.086Z,XRP,0.4946,1763,1.2896,1360.361778
2026-09-16T11:40:07.086Z,ADA,0.5467,265.9,0.1944,1360.361778
2026-09-16T11:40:07.086Z,AVAX,0.2774,9935,7.283,1360.361778
2026-09-16T11:40:07.086Z,DOT,0.5407,1310,0.9578,1360.361778
2026-09-16T11:40:07.086Z,LINK,0.1452,14780,10.849,1360.361778
2026-09-16T11:40:07.086Z,POL,-1.1487,125.8,0.09355,1360.361778
2026-09-16T11:40:07.086Z,DOGE,0.5915,109.5,0.08002,1360.361778
2026-09-16T11:40:07.086Z,TRX,0.5419,458.3,0.33508,1360.361778
2026-09-16T11:40:07.086Z,XLM,1.1846,241.2,0.17523,1360.361778
2026-09-16T11:40:07.086Z,SHIB,-0.5402,0.0066,0.000004878,1360.361778
2026-09-16T11:40:07.086Z,BCH,0.1214,297600,218.5,1360.361778
2026-09-16T11:40:07.086Z,UNI,1.0223,8695,6.327,1360.361778
2026-09-16T11:40:07.086Z,AAVE,-0.4586,162400,119.93,1360.361778
2026-09-16T11:40:07.086Z,SUSHI,0.7623,281,0.205,1360.361778
2026-09-16T11:40:07.086Z,LDO,4.6042,474,0.3331,1360.361778
2026-09-16T11:40:07.086Z,ICP,-0.9986,3406,2.529,1360.361778
2026-09-16T11:40:07.086Z,NEAR,0.4705,3339,2.443,1360.361778
2026-09-16T11:40:07.086Z,HBAR,1.6078,102.7,0.0743,1360.361778
2026-09-16T11:40:07.086Z,XTZ,15.8048,388.8,0.2468,1360.361778
2026-09-16T11:40:07.086Z,DYDX,-1.3671,141.1,0.10516,1360.361778
2026-09-16T11:40:07.086Z,ARB,-0.7103,218.3,0.16162,1360.361778
2026-09-16T11:40:07.086Z,GMX,7.3137,10200,6.987,1360.361778
2026-09-16T11:40:07.086Z,IMX,2.7226,163.3,0.11686,1360.361778
2026-09-16T11:40:07.086Z,INJ,-17.8066,6020,5.384,1360.361778
2026-09-16T11:40:07.086Z,GRT,3.739,24.64,0.01746,1360.361778
2026-09-16T11:40:07.086Z,SUI,0.4809,943.3,0.6901,1360.361778
2026-09-16T11:40:07.086Z,HYPE,0.4902,108400,79.296,1360.361778
2026-09-16T11:45:06.981Z,BTC,0.3287,104027000,76219.6,1360.361778
2026-09-16T11:45:06.981Z,ETH,0.4174,3314000,2425.99,1360.361778
2026-09-16T11:45:06.981Z,SOL,0.4552,134100,98.13,1360.361778
2026-09-16T11:45:06.981Z,BNB,-0.997,963500,715.4,1360.361778
2026-09-16T11:45:06.981Z,XRP,0.3104,1767,1.2949,1360.361778
2026-09-16T11:45:06.981Z,ADA,0.535,267.1,0.1953,1360.361778
2026-09-16T11:45:06.981Z,AVAX,-0.3656,9935,7.33,1360.361778
2026-09-16T11:45:06.981Z,DOT,0.1226,1310,0.9618,1360.361778
2026-09-16T11:45:06.981Z,LINK,-0.3325,14780,10.901,1360.361778
2026-09-16T11:45:06.981Z,POL,-1.4122,125.8,0.0938,1360.361778
2026-09-16T11:45:06.981Z,DOGE,0.2782,109.5,0.08027,1360.361778
2026-09-16T11:45:06.981Z,TRX,0.4639,458.3,0.33534,1360.361778
2026-09-16T11:45:06.981Z,XLM,0.6904,241.2,0.17609,1360.361778
2026-09-16T11:45:06.981Z,SHIB,-0.7842,0.0066,0.00000489,1360.361778
2026-09-16T11:45:06.981Z,BCH,-0.2438,297600,219.3,1360.361778
2026-09-16T11:45:06.981Z,UNI,-0.1923,8695,6.404,1360.361778
2026-09-16T11:45:06.981Z,AAVE,-1.1346,162400,120.75,1360.361778
2026-09-16T11:45:06.981Z,SUSHI,0.3219,281,0.2059,1360.361778
2026-09-16T11:45:06.981Z,LDO,3.9489,474,0.3352,1360.361778
2026-09-16T11:45:06.981Z,ICP,-1.3885,3406,2.539,1360.361778
2026-09-16T11:45:06.981Z,NEAR,-0.0206,3339,2.455,1360.361778
2026-09-16T11:45:06.981Z,HBAR,1.2671,102.7,0.07455,1360.361778
2026-09-16T11:45:06.981Z,XTZ,15.3841,388.8,0.2477,1360.361778
2026-09-16T11:45:06.981Z,DYDX,-1.8059,141.1,0.10563,1360.361778
2026-09-16T11:45:06.981Z,ARB,-2.6321,218.3,0.16481,1360.361778
2026-09-16T11:45:06.981Z,GMX,6.8092,10200,7.02,1360.361778
2026-09-16T11:45:06.981Z,IMX,2.0762,163.3,0.1176,1360.361778
2026-09-16T11:45:06.981Z,INJ,-18.1259,6020,5.405,1360.361778
2026-09-16T11:45:06.981Z,GRT,3.3837,24.64,0.01752,1360.361778
2026-09-16T11:45:06.981Z,SUI,0.0604,943.3,0.693,1360.361778
2026-09-16T11:45:06.981Z,HYPE,0.1748,108500,79.619,1360.361778
2026-09-16T11:50:07.356Z,BTC,0.3228,103994000,76199.9,1360.361778
2026-09-16T11:50:07.356Z,ETH,0.325,3305000,2421.63,1360.361778
2026-09-16T11:50:07.356Z,SOL,0.377,133900,98.06,1360.361778
2026-09-16T11:50:07.356Z,BNB,-0.8584,963500,714.4,1360.361778
2026-09-16T11:50:07.356Z,XRP,0.3025,1770,1.2972,1360.361778
2026-09-16T11:50:07.356Z,ADA,0.6897,267.1,0.195,1360.361778
2026-09-16T11:50:07.356Z,AVAX,-0.1613,9935,7.315,1360.361778
2026-09-16T11:50:07.356Z,DOT,0.2059,1310,0.961,1360.361778
2026-09-16T11:50:07.356Z,LINK,-0.1585,14780,10.882,1360.361778
2026-09-16T11:50:07.356Z,POL,-1.4542,125.8,0.09384,1360.361778
2026-09-16T11:50:07.356Z,DOGE,0.3657,109.5,0.0802,1360.361778
2026-09-16T11:50:07.356Z,TRX,0.5179,458.3,0.33516,1360.361778
2026-09-16T11:50:07.356Z,XLM,0.599,241.2,0.17625,1360.361778
2026-09-16T11:50:07.356Z,SHIB,-0.6013,0.0066,0.000004881,1360.361778
2026-09-16T11:50:07.356Z,BCH,-0.0615,297600,218.9,1360.361778
2026-09-16T11:50:07.356Z,UNI,0.2774,8695,6.374,1360.361778
2026-09-16T11:50:07.356Z,AAVE,-0.9952,162400,120.58,1360.361778
2026-09-16T11:50:07.356Z,SUSHI,0.5661,281,0.2054,1360.361778
2026-09-16T11:50:07.356Z,LDO,4.2599,474,0.3342,1360.361778
2026-09-16T11:50:07.356Z,ICP,-1.1159,3406,2.532,1360.361778
2026-09-16T11:50:07.356Z,NEAR,-0.2238,3339,2.46,1360.361778
2026-09-16T11:50:07.356Z,HBAR,1.4167,102.7,0.07444,1360.361778
2026-09-16T11:50:07.356Z,XTZ,15.5707,388.8,0.2473,1360.361778
2026-09-16T11:50:07.356Z,DYDX,-1.5543,141.1,0.10536,1360.361778
2026-09-16T11:50:07.356Z,ARB,-2.3893,218.3,0.1644,1360.361778
2026-09-16T11:50:07.356Z,GMX,7.0532,10200,7.004,1360.361778
2026-09-16T11:50:07.356Z,IMX,2.224,163.3,0.11743,1360.361778
2026-09-16T11:50:07.356Z,INJ,-18.2167,6020,5.411,1360.361778
2026-09-16T11:50:07.356Z,GRT,3.7984,24.64,0.01745,1360.361778
2026-09-16T11:50:07.356Z,SUI,0.234,943.3,0.6918,1360.361778
2026-09-16T11:50:07.356Z,HYPE,0.2176,108500,79.585,1360.361778
2026-09-16T11:55:06.894Z,BTC,0.3482,104019000,76198.9,1360.361778
2026-09-16T11:55:06.894Z,ETH,0.3937,3304000,2419.24,1360.361778
2026-09-16T11:55:06.894Z,SOL,0.4487,133900,97.99,1360.361778
2026-09-16T11:55:06.894Z,BNB,-0.8168,963500,714.1,1360.361778
2026-09-16T11:55:06.894Z,XRP,0.3697,1769,1.2956,1360.361778
2026-09-16T11:55:06.894Z,ADA,0.8448,267.1,0.1947,1360.361778
2026-09-16T11:55:06.894Z,AVAX,-0.1885,9935,7.317,1360.361778
2026-09-16T11:55:06.894Z,DOT,0.1955,1310,0.9611,1360.361778
2026-09-16T11:55:06.894Z,LINK,-0.0758,14780,10.873,1360.361778
2026-09-16T11:55:06.894Z,POL,-2.0388,125.8,0.0944,1360.361778
2026-09-16T11:55:06.894Z,DOGE,0.4283,109.5,0.08015,1360.361778
2026-09-16T11:55:06.894Z,TRX,0.5569,458.3,0.33503,1360.361778
2026-09-16T11:55:06.894Z,XLM,0.542,241.2,0.17635,1360.361778
2026-09-16T11:55:06.894Z,SHIB,-0.5606,0.0066,0.000004879,1360.361778
2026-09-16T11:55:06.894Z,BCH,-0.0615,297600,218.9,1360.361778
2026-09-16T11:55:06.894Z,UNI,0.2774,8695,6.374,1360.361778
2026-09-16T11:55:06.894Z,AAVE,-0.8225,162400,120.37,1360.361778
2026-09-16T11:55:06.894Z,SUSHI,0.6151,281,0.2053,1360.361778
2026-09-16T11:55:06.894Z,LDO,4.4788,474,0.3335,1360.361778
2026-09-16T11:55:06.894Z,ICP,-1.1159,3406,2.532,1360.361778
2026-09-16T11:55:06.894Z,NEAR,0.1163,3364,2.47,1360.361778
2026-09-16T11:55:06.894Z,HBAR,1.444,102.7,0.07442,1360.361778
2026-09-16T11:55:06.894Z,XTZ,15.8518,388.8,0.2467,1360.361778
2026-09-16T11:55:06.894Z,DYDX,-1.4233,141.1,0.10522,1360.361778
2026-09-16T11:55:06.894Z,ARB,-2.8855,218.3,0.16524,1360.361778
2026-09-16T11:55:06.894Z,GMX,7.0532,10200,7.004,1360.361778
2026-09-16T11:55:06.894Z,IMX,2.5295,163.3,0.11708,1360.361778
2026-09-16T11:55:06.894Z,INJ,-18.1108,6020,5.404,1360.361778
2026-09-16T11:55:06.894Z,GRT,3.7984,24.64,0.01745,1360.361778
2026-09-16T11:55:06.894Z,SUI,0.2919,943.3,0.6914,1360.361778
2026-09-16T11:55:06.894Z,HYPE,0.7631,108800,79.373,1360.361778
2026-09-16T12:00:06.918Z,BTC,0.4411,104085000,76176.7,1360.361778
2026-09-16T12:00:06.918Z,ETH,0.3997,3306000,2420.56,1360.361778
2026-09-16T12:00:06.918Z,SOL,0.4455,133800,97.92,1360.361778
2026-09-16T12:00:06.918Z,BNB,-0.7751,963500,713.8,1360.361778
2026-09-16T12:00:06.918Z,XRP,0.4472,1769,1.2946,1360.361778
2026-09-16T12:00:06.918Z,ADA,0.9485,267.1,0.1945,1360.361778
2026-09-16T12:00:06.918Z,AVAX,-0.0793,9935,7.309,1360.361778
2026-09-16T12:00:06.918Z,DOT,0.2894,1310,0.9602,1360.361778
2026-09-16T12:00:06.918Z,LINK,0.2776,14820,10.864,1360.361778
2026-09-16T12:00:06.918Z,POL,-2.4727,125.8,0.09482,1360.361778
2026-09-16T12:00:06.918Z,DOGE,0.3491,109.4,0.08014,1360.361778
2026-09-16T12:00:06.918Z,TRX,0.4879,458.3,0.33526,1360.361778
2026-09-16T12:00:06.918Z,XLM,0.6487,241.1,0.17609,1360.361778
2026-09-16T12:00:06.918Z,SHIB,1.0289,0.0067,0.000004875,1360.361778
2026-09-16T12:00:06.918Z,BCH,-0.0615,297600,218.9,1360.361778
2026-09-16T12:00:06.918Z,UNI,0.2774,8695,6.374,1360.361778
2026-09-16T12:00:06.918Z,AAVE,-0.5498,162400,120.04,1360.361778
2026-09-16T12:00:06.918Z,SUSHI,0.7132,281,0.2051,1360.361778
2026-09-16T12:00:06.918Z,LDO,4.6042,474,0.3331,1360.361778
2026-09-16T12:00:06.918Z,ICP,-0.9202,3406,2.527,1360.361778
2026-09-16T12:00:06.918Z,NEAR,-0.2874,3364,2.48,1360.361778
2026-09-16T12:00:06.918Z,HBAR,1.4986,102.7,0.07438,1360.361778
2026-09-16T12:00:06.918Z,XTZ,16.0871,388.8,0.2462,1360.361778
2026-09-16T12:00:06.918Z,DYDX,-1.3764,141.1,0.10517,1360.361778
2026-09-16T12:00:06.918Z,ARB,-2.2644,218.3,0.16419,1360.361778
2026-09-16T12:00:06.918Z,GMX,7.145,10200,6.998,1360.361778
2026-09-16T12:00:06.918Z,IMX,2.5909,163.3,0.11701,1360.361778
2026-09-16T12:00:06.918Z,INJ,-17.9285,6020,5.392,1360.361778
2026-09-16T12:00:06.918Z,GRT,3.6796,24.64,0.01747,1360.361778
2026-09-16T12:00:06.918Z,SUI,0.35,943.3,0.691,1360.361778
2026-09-16T12:00:06.918Z,HYPE,0.9119,108800,79.256,1360.361778
2026-09-16T12:05:07.072Z,BTC,0.3402,104050000,76227.7,1360.361778
2026-09-16T12:05:07.072Z,ETH,0.3303,3304000,2420.77,1360.361778
2026-09-16T12:05:07.072Z,SOL,0.3942,133800,97.97,1360.361778
2026-09-16T12:05:07.072Z,BNB,-0.8029,963500,714,1360.361778
2026-09-16T12:05:07.072Z,XRP,0.4292,1768,1.2941,1360.361778
2026-09-16T12:05:07.072Z,ADA,0.4672,266.1,0.1947,1360.361778
2026-09-16T12:05:07.072Z,AVAX,-0.1613,9935,7.315,1360.361778
2026-09-16T12:05:07.072Z,DOT,-1.1518,1310,0.9742,1360.361778
2026-09-16T12:05:07.072Z,LINK,0.2869,14820,10.863,1360.361778
2026-09-16T12:05:07.072Z,POL,-2.3388,125.8,0.09469,1360.361778
2026-09-16T12:05:07.072Z,DOGE,0.2241,109.4,0.08024,1360.361778
2026-09-16T12:05:07.072Z,TRX,0.5989,458.3,0.33489,1360.361778
2026-09-16T12:05:07.072Z,XLM,0.3108,240.7,0.17639,1360.361778
2026-09-16T12:05:07.072Z,SHIB,1.0497,0.0067,0.000004874,1360.361778
2026-09-16T12:05:07.072Z,BCH,-0.1527,297600,219.1,1360.361778
2026-09-16T12:05:07.072Z,UNI,0.3246,8695,6.371,1360.361778
2026-09-16T12:05:07.072Z,AAVE,-0.8389,162400,120.39,1360.361778
2026-09-16T12:05:07.072Z,SUSHI,0.8115,281,0.2049,1360.361778
2026-09-16T12:05:07.072Z,LDO,4.6357,474,0.333,1360.361778
2026-09-16T12:05:07.072Z,ICP,-0.9594,3406,2.528,1360.361778
2026-09-16T12:05:07.072Z,NEAR,-0.1263,3364,2.476,1360.361778
2026-09-16T12:05:07.072Z,HBAR,1.4986,102.7,0.07438,1360.361778
2026-09-16T12:05:07.072Z,XTZ,15.9928,388.8,0.2464,1360.361778
2026-09-16T12:05:07.072Z,DYDX,-1.442,141.1,0.10524,1360.361778
2026-09-16T12:05:07.072Z,ARB,-0.89,225.9,0.16755,1360.361778
2026-09-16T12:05:07.072Z,GMX,7.283,10200,6.989,1360.361778
2026-09-16T12:05:07.072Z,IMX,2.4595,163.3,0.11716,1360.361778
2026-09-16T12:05:07.072Z,INJ,-18.0501,6020,5.4,1360.361778
2026-09-16T12:05:07.072Z,GRT,3.858,24.64,0.01744,1360.361778
2026-09-16T12:05:07.072Z,SUI,0.0893,943.3,0.6928,1360.361778
2026-09-16T12:05:07.072Z,HYPE,0.9743,108800,79.207,1360.361778
2026-09-16T12:10:07.096Z,BTC,0.4554,104047000,76138.1,1360.361778
2026-09-16T12:10:07.096Z,ETH,0.3962,3299000,2415.52,1360.361778
2026-09-16T12:10:07.096Z,SOL,0.5141,133700,97.78,1360.361778
2026-09-16T12:10:07.096Z,BNB,-0.7473,963500,713.6,1360.361778
2026-09-16T12:10:07.096Z,XRP,0.4995,1765,1.291,1360.361778
2026-09-16T12:10:07.096Z,ADA,0.8298,266.1,0.194,1360.361778
2026-09-16T12:10:07.096Z,AVAX,-0.0383,9935,7.306,1360.361778
2026-09-16T12:10:07.096Z,DOT,0.4632,1334,0.9761,1360.361778
2026-09-16T12:10:07.096Z,LINK,0.4289,14800,10.833,1360.361778
2026-09-16T12:10:07.096Z,POL,-2.2355,125.8,0.09459,1360.361778
2026-09-16T12:10:07.096Z,DOGE,0.4243,109.4,0.08008,1360.361778
2026-09-16T12:10:07.096Z,TRX,0.65,458.3,0.33472,1360.361778
2026-09-16T12:10:07.096Z,XLM,0.4247,240.7,0.17619,1360.361778
2026-09-16T12:10:07.096Z,SHIB,1.2366,0.0067,0.000004865,1360.361778
2026-09-16T12:10:07.096Z,BCH,0.1857,298200,218.8,1360.361778
2026-09-16T12:10:07.096Z,UNI,0.9107,8695,6.334,1360.361778
2026-09-16T12:10:07.096Z,AAVE,-0.5498,162400,120.04,1360.361778
2026-09-16T12:10:07.096Z,SUSHI,1.1075,281,0.2043,1360.361778
2026-09-16T12:10:07.096Z,LDO,5.0774,474,0.3316,1360.361778
2026-09-16T12:10:07.096Z,ICP,-0.4079,3406,2.514,1360.361778
2026-09-16T12:10:07.096Z,NEAR,0.4824,3364,2.461,1360.361778
2026-09-16T12:10:07.096Z,HBAR,1.8409,102.7,0.07413,1360.361778
2026-09-16T12:10:07.096Z,XTZ,15.8518,388.8,0.2467,1360.361778
2026-09-16T12:10:07.096Z,DYDX,-1.1414,141.1,0.10492,1360.361778
2026-09-16T12:10:07.096Z,ARB,-0.091,225.9,0.16621,1360.361778
2026-09-16T12:10:07.096Z,GMX,7.4213,10200,6.98,1360.361778
2026-09-16T12:10:07.096Z,IMX,2.6874,163.3,0.1169,1360.361778
2026-09-16T12:10:07.096Z,INJ,-17.8828,6020,5.389,1360.361778
2026-09-16T12:10:07.096Z,GRT,4.3967,24.64,0.01735,1360.361778
2026-09-16T12:10:07.096Z,SUI,0.35,943.3,0.691,1360.361778
2026-09-16T12:10:07.096Z,HYPE,1.4238,108800,78.856,1360.361778
2026-09-16T12:15:06.898Z,BTC,0.398,103902000,76075.4,1360.361778
2026-09-16T12:15:06.898Z,ETH,0.4258,3295000,2411.88,1360.361778
2026-09-16T12:15:06.898Z,SOL,0.6479,133700,97.65,1360.361778
2026-09-16T12:15:06.898Z,BNB,-0.6359,963500,712.8,1360.361778
2026-09-16T12:15:06.898Z,XRP,0.3575,1758,1.2877,1360.361778
2026-09-16T12:15:06.898Z,ADA,0.5584,264.7,0.1935,1360.361778
2026-09-16T12:15:06.898Z,AVAX,0.1674,9935,7.291,1360.361778
2026-09-16T12:15:06.898Z,DOT,0.6178,1334,0.9746,1360.361778
2026-09-16T12:15:06.898Z,LINK,0.5065,14780,10.81,1360.361778
2026-09-16T12:15:06.898Z,POL,-1.8099,125.8,0.09418,1360.361778
2026-09-16T12:15:06.898Z,DOGE,0.4877,109.1,0.07981,1360.361778
2026-09-16T12:15:06.898Z,TRX,0.665,458.3,0.33467,1360.361778
2026-09-16T12:15:06.898Z,XLM,0.4457,240.6,0.17608,1360.361778
2026-09-16T12:15:06.898Z,SHIB,1.8226,0.0067,0.000004837,1360.361778
2026-09-16T12:15:06.898Z,BCH,0.4612,298200,218.2,1360.361778
2026-09-16T12:15:06.898Z,UNI,1.4875,8695,6.298,1360.361778
2026-09-16T12:15:06.898Z,AAVE,-0.3589,162400,119.81,1360.361778
2026-09-16T12:15:06.898Z,SUSHI,1.2562,281,0.204,1360.361778
2026-09-16T12:15:06.898Z,LDO,5.4591,474,0.3304,1360.361778
2026-09-16T12:15:06.898Z,ICP,0.0698,3406,2.502,1360.361778
2026-09-16T12:15:06.898Z,NEAR,0.4008,3364,2.463,1360.361778
2026-09-16T12:15:06.898Z,HBAR,2.0335,102.7,0.07399,1360.361778
2026-09-16T12:15:06.898Z,XTZ,16.1342,388.8,0.2461,1360.361778
2026-09-16T12:15:06.898Z,DYDX,-0.8769,141.1,0.10464,1360.361778
2026-09-16T12:15:06.898Z,ARB,1.0459,225.9,0.16434,1360.361778
2026-09-16T12:15:06.898Z,GMX,7.6372,10200,6.966,1360.361778
2026-09-16T12:15:06.898Z,IMX,2.9516,163.3,0.1166,1360.361778
2026-09-16T12:15:06.898Z,INJ,-17.7302,6020,5.379,1360.361778
2026-09-16T12:15:06.898Z,GRT,4.4569,24.64,0.01734,1360.361778
2026-09-16T12:15:06.898Z,SUI,0.5033,943.1,0.6898,1360.361778
2026-09-16T12:15:06.898Z,HYPE,0.6305,107500,78.528,1360.361778
2026-09-16T12:20:07.100Z,BTC,0.4135,103889000,76054.2,1360.361778
2026-09-16T12:20:07.100Z,ETH,0.4021,3295000,2412.45,1360.361778
2026-09-16T12:20:07.100Z,SOL,0.6067,133700,97.69,1360.361778
2026-09-16T12:20:07.100Z,BNB,-0.7194,963500,713.4,1360.361778
2026-09-16T12:20:07.100Z,XRP,0.4819,1761,1.2883,1360.361778
2026-09-16T12:20:07.100Z,ADA,0.6625,264.7,0.1933,1360.361778
2026-09-16T12:20:07.100Z,AVAX,0.1399,9935,7.293,1360.361778
2026-09-16T12:20:07.100Z,DOT,0.2783,1334,0.9779,1360.361778
2026-09-16T12:20:07.100Z,LINK,0.3858,14780,10.823,1360.361778
2026-09-16T12:20:07.100Z,POL,-1.7265,125.8,0.0941,1360.361778
2026-09-16T12:20:07.100Z,DOGE,0.45,109.1,0.07984,1360.361778
2026-09-16T12:20:07.100Z,TRX,0.629,458.3,0.33479,1360.361778
2026-09-16T12:20:07.100Z,XLM,0.2976,240.6,0.17634,1360.361778
2026-09-16T12:20:07.100Z,SHIB,1.7595,0.0067,0.00000484,1360.361778
2026-09-16T12:20:07.100Z,BCH,0.3233,298200,218.5,1360.361778
2026-09-16T12:20:07.100Z,UNI,1.6327,8695,6.289,1360.361778
2026-09-16T12:20:07.100Z,AAVE,-0.4088,162400,119.87,1360.361778
2026-09-16T12:20:07.100Z,SUSHI,1.3556,281,0.2038,1360.361778
2026-09-16T12:20:07.100Z,LDO,5.4271,474,0.3305,1360.361778
2026-09-16T12:20:07.100Z,ICP,0.2702,3406,2.497,1360.361778
2026-09-16T12:20:07.100Z,NEAR,0.36,3364,2.464,1360.361778
2026-09-16T12:20:07.100Z,HBAR,1.9646,102.7,0.07404,1360.361778
2026-09-16T12:20:07.100Z,XTZ,16.0399,388.8,0.2463,1360.361778
2026-09-16T12:20:07.100Z,DYDX,-0.7631,141.1,0.10452,1360.361778
2026-09-16T12:20:07.100Z,ARB,0.3983,225.9,0.1654,1360.361778
2026-09-16T12:20:07.100Z,GMX,7.6681,10200,6.964,1360.361778
2026-09-16T12:20:07.100Z,IMX,2.9516,163.3,0.1166,1360.361778
2026-09-16T12:20:07.100Z,INJ,-17.6536,6020,5.374,1360.361778
2026-09-16T12:20:07.100Z,GRT,4.5172,24.64,0.01733,1360.361778
2026-09-16T12:20:07.100Z,SUI,0.4596,943.1,0.6901,1360.361778
2026-09-16T12:20:07.100Z,HYPE,0.3838,107500,78.721,1360.361778
2026-09-16T12:25:07.036Z,BTC,0.5112,103866000,75963.4,1360.361778
2026-09-16T12:25:07.036Z,ETH,0.4664,3292000,2408.71,1360.361778
2026-09-16T12:25:07.036Z,SOL,0.5179,133500,97.63,1360.361778
2026-09-16T12:25:07.036Z,BNB,-0.7055,963500,713.3,1360.361778
2026-09-16T12:25:07.036Z,XRP,0.3861,1757,1.2866,1360.361778
2026-09-16T12:25:07.036Z,ADA,0.6385,264.5,0.1932,1360.361778
2026-09-16T12:25:07.036Z,AVAX,0.3187,9935,7.28,1360.361778
2026-09-16T12:25:07.036Z,DOT,0.2168,1334,0.9785,1360.361778
2026-09-16T12:25:07.036Z,LINK,0.5344,14780,10.807,1360.361778
2026-09-16T12:25:07.036Z,POL,-1.7056,125.8,0.09408,1360.361778
2026-09-16T12:25:07.036Z,DOGE,0.5633,109.1,0.07975,1360.361778
2026-09-16T12:25:07.036Z,TRX,0.6741,458.3,0.33464,1360.361778
2026-09-16T12:25:07.036Z,XLM,0.6796,241.9,0.17662,1360.361778
2026-09-16T12:25:07.036Z,SHIB,1.9491,0.0067,0.000004831,1360.361778
2026-09-16T12:25:07.036Z,BCH,0.5534,298200,218,1360.361778
2026-09-16T12:25:07.036Z,UNI,2.1035,8695,6.26,1360.361778
2026-09-16T12:25:07.036Z,AAVE,-0.2173,162400,119.64,1360.361778
2026-09-16T12:25:07.036Z,SUSHI,1.5549,281,0.2034,1360.361778
2026-09-16T12:25:07.036Z,LDO,5.5869,474,0.33,1360.361778
2026-09-16T12:25:07.036Z,ICP,1.1314,3427,2.491,1360.361778
2026-09-16T12:25:07.036Z,NEAR,0.687,3364,2.456,1360.361778
2026-09-16T12:25:07.036Z,HBAR,2.0749,102.7,0.07396,1360.361778
2026-09-16T12:25:07.036Z,XTZ,16.2287,388.8,0.2459,1360.361778
2026-09-16T12:25:07.036Z,DYDX,-0.649,141.1,0.1044,1360.361778
2026-09-16T12:25:07.036Z,ARB,-0.1511,225.9,0.16631,1360.361778
2026-09-16T12:25:07.036Z,GMX,7.73,10200,6.96,1360.361778
2026-09-16T12:25:07.036Z,IMX,3.04,163.3,0.1165,1360.361778
2026-09-16T12:25:07.036Z,INJ,-17.3615,6020,5.355,1360.361778
2026-09-16T12:25:07.036Z,GRT,4.5775,24.64,0.01732,1360.361778
2026-09-16T12:25:07.036Z,SUI,0.6346,943.1,0.6889,1360.361778
2026-09-16T12:25:07.036Z,HYPE,0.6048,107500,78.548,1360.361778
2026-09-16T12:30:06.890Z,BTC,0.4918,103750000,75893.2,1360.361778
2026-09-16T12:30:06.890Z,ETH,0.4702,3287000,2404.96,1360.361778
2026-09-16T12:30:06.890Z,SOL,0.467,133200,97.46,1360.361778
2026-09-16T12:30:06.890Z,BNB,-0.6219,963500,712.7,1360.361778
2026-09-16T12:30:06.890Z,XRP,0.517,1753,1.282,1360.361778
2026-09-16T12:30:06.890Z,ADA,0.7428,264.5,0.193,1360.361778
2026-09-16T12:30:06.890Z,AVAX,0.2912,9935,7.282,1360.361778
2026-09-16T12:30:06.890Z,DOT,0.0124,1334,0.9805,1360.361778
2026-09-16T12:30:06.890Z,LINK,0.5723,14750,10.781,1360.361778
2026-09-16T12:30:06.890Z,POL,1.3821,130,0.09426,1360.361778
2026-09-16T12:30:06.890Z,DOGE,0.4718,108.7,0.07953,1360.361778
2026-09-16T12:30:06.890Z,TRX,0.6831,458.3,0.33461,1360.361778
2026-09-16T12:30:06.890Z,XLM,0.4547,241.1,0.17643,1360.361778
2026-09-16T12:30:06.890Z,SHIB,0.6775,0.0066,0.000004819,1360.361778
2026-09-16T12:30:06.890Z,BCH,0.692,298200,217.7,1360.361778
2026-09-16T12:30:06.890Z,UNI,2.2833,8695,6.249,1360.361778
2026-09-16T12:30:06.890Z,AAVE,0.0922,162400,119.27,1360.361778
2026-09-16T12:30:06.890Z,SUSHI,1.5549,281,0.2034,1360.361778
2026-09-16T12:30:06.890Z,LDO,5.683,474,0.3297,1360.361778
2026-09-16T12:30:06.890Z,ICP,1.4164,3427,2.484,1360.361778
2026-09-16T12:30:06.890Z,NEAR,1.7553,3408,2.462,1360.361778
2026-09-16T12:30:06.890Z,HBAR,1.9922,102.7,0.07402,1360.361778
2026-09-16T12:30:06.890Z,XTZ,16.3233,388.8,0.2457,1360.361778
2026-09-16T12:30:06.890Z,DYDX,-0.4488,141.1,0.10419,1360.361778
2026-09-16T12:30:06.890Z,ARB,0.4773,225.9,0.16527,1360.361778
2026-09-16T12:30:06.890Z,GMX,7.916,10200,6.948,1360.361778
2026-09-16T12:30:06.890Z,IMX,3.2971,163.3,0.11621,1360.361778
2026-09-16T12:30:06.890Z,INJ,-17.4386,6020,5.36,1360.361778
2026-09-16T12:30:06.890Z,GRT,4.759,24.64,0.01729,1360.361778
2026-09-16T12:30:06.890Z,SUI,0.7662,943.1,0.688,1360.361778
2026-09-16T12:30:06.890Z,HYPE,0.5703,107500,78.575,1360.361778
2026-09-16T12:35:06.911Z,BTC,0.3194,103688000,75978.2,1360.361778
2026-09-16T12:35:06.911Z,ETH,0.3013,3287000,2409.01,1360.361778
2026-09-16T12:35:06.911Z,SOL,0.3949,133200,97.53,1360.361778
2026-09-16T12:35:06.911Z,BNB,0.4422,974500,713.2,1360.361778
2026-09-16T12:35:06.911Z,XRP,0.3995,1753,1.2835,1360.361778
2026-09-16T12:35:06.911Z,ADA,0.2442,263.6,0.1933,1360.361778
2026-09-16T12:35:06.911Z,AVAX,0.1949,9935,7.289,1360.361778
2026-09-16T12:35:06.911Z,DOT,0.0022,1334,0.9806,1360.361778
2026-09-16T12:35:06.911Z,LINK,0.1819,14720,10.801,1360.361778
2026-09-16T12:35:06.911Z,POL,1.3069,130,0.09433,1360.361778
2026-09-16T12:35:06.911Z,DOGE,0.4844,108.7,0.07952,1360.361778
2026-09-16T12:35:06.911Z,TRX,0.6079,458.3,0.33486,1360.361778
2026-09-16T12:35:06.911Z,XLM,0.0629,240.5,0.17668,1360.361778
2026-09-16T12:35:06.911Z,SHIB,0.5523,0.0066,0.000004825,1360.361778
2026-09-16T12:35:06.911Z,BCH,0.4152,298200,218.3,1360.361778
2026-09-16T12:35:06.911Z,UNI,1.827,8695,6.277,1360.361778
2026-09-16T12:35:06.911Z,AAVE,-0.1422,162400,119.55,1360.361778
2026-09-16T12:35:06.911Z,SUSHI,1.4054,281,0.2037,1360.361778
2026-09-16T12:35:06.911Z,LDO,5.5549,474,0.3301,1360.361778
2026-09-16T12:35:06.911Z,ICP,1.4164,3427,2.484,1360.361778
2026-09-16T12:35:06.911Z,NEAR,1.714,3408,2.463,1360.361778
2026-09-16T12:35:06.911Z,HBAR,0.3354,101.1,0.07407,1360.361778
2026-09-16T12:35:06.911Z,XTZ,16.2287,388.8,0.2459,1360.361778
2026-09-16T12:35:06.911Z,DYDX,-0.6776,141.1,0.10443,1360.361778
2026-09-16T12:35:06.911Z,ARB,0.2286,225.9,0.16568,1360.361778
2026-09-16T12:35:06.911Z,GMX,7.6372,10200,6.966,1360.361778
2026-09-16T12:35:06.911Z,IMX,2.9781,163.3,0.11657,1360.361778
2026-09-16T12:35:06.911Z,INJ,-17.454,6020,5.361,1360.361778
2026-09-16T12:35:06.911Z,GRT,4.4569,24.64,0.01734,1360.361778
2026-09-16T12:35:06.911Z,SUI,0.5324,943.1,0.6896,1360.361778
2026-09-16T12:35:06.911Z,HYPE,0.3634,107500,78.737,1360.361778
2026-09-16T12:40:06.890Z,BTC,0.397,103732000,75951.7,1360.361778
2026-09-16T12:40:06.890Z,ETH,0.431,3287000,2405.9,1360.361778
2026-09-16T12:40:06.890Z,SOL,0.4567,133200,97.47,1360.361778
2026-09-16T12:40:06.890Z,BNB,0.5973,974500,712.1,1360.361778
2026-09-16T12:40:06.890Z,XRP,0.5067,1752,1.2814,1360.361778
2026-09-16T12:40:06.890Z,ADA,0.5041,263.6,0.1928,1360.361778
2026-09-16T12:40:06.890Z,AVAX,0.4153,9935,7.273,1360.361778
2026-09-16T12:40:06.890Z,DOT,0.5147,1334,0.9756,1360.361778
2026-09-16T12:40:06.890Z,LINK,0.405,14720,10.777,1360.361778
2026-09-16T12:40:06.890Z,POL,1.695,130,0.09397,1360.361778
2026-09-16T12:40:06.890Z,DOGE,0.687,108.7,0.07936,1360.361778
2026-09-16T12:40:06.890Z,TRX,0.638,458.3,0.33476,1360.361778
2026-09-16T12:40:06.890Z,XLM,0.6927,240,0.17521,1360.361778
2026-09-16T12:40:06.890Z,SHIB,0.7821,0.0066,0.000004814,1360.361778
2026-09-16T12:40:06.890Z,BCH,0.9238,298200,217.2,1360.361778
2026-09-16T12:40:06.890Z,UNI,2.1035,8695,6.26,1360.361778
2026-09-16T12:40:06.890Z,AAVE,0.1594,162400,119.19,1360.361778
2026-09-16T12:40:06.890Z,SUSHI,1.6549,281,0.2032,1360.361778
2026-09-16T12:40:06.890Z,LDO,5.8113,474,0.3293,1360.361778
2026-09-16T12:40:06.890Z,ICP,1.6209,3427,2.479,1360.361778
2026-09-16T12:40:06.890Z,NEAR,1.4257,3408,2.47,1360.361778
2026-09-16T12:40:06.890Z,HBAR,0.2948,101.1,0.0741,1360.361778
2026-09-16T12:40:06.890Z,XTZ,16.6556,388.8,0.245,1360.361778
2026-09-16T12:40:06.890Z,DYDX,-0.401,141.1,0.10414,1360.361778
2026-09-16T12:40:06.890Z,ARB,0.8005,225.9,0.16474,1360.361778
2026-09-16T12:40:06.890Z,GMX,7.885,10200,6.95,1360.361778
2026-09-16T12:40:06.890Z,IMX,3.2172,163.3,0.1163,1360.361778
2026-09-16T12:40:06.890Z,INJ,-17.4077,6020,5.358,1360.361778
2026-09-16T12:40:06.890Z,GRT,4.5172,24.64,0.01733,1360.361778
2026-09-16T12:40:06.890Z,SUI,0.7223,943.1,0.6883,1360.361778
2026-09-16T12:40:06.890Z,HYPE,0.6831,107600,78.56,1360.361778
2026-09-16T12:45:06.524Z,BTC,0.4621,103752000,75917.1,1360.361778
2026-09-16T12:45:06.524Z,ETH,0.4443,3287000,2405.58,1360.361778
2026-09-16T12:45:06.524Z,SOL,0.5392,133200,97.39,1360.361778
2026-09-16T12:45:06.524Z,BNB,0.5126,974500,712.7,1360.361778
2026-09-16T12:45:06.524Z,XRP,0.5538,1752,1.2808,1360.361778
2026-09-16T12:45:06.524Z,ADA,0.5283,263.8,0.1929,1360.361778
2026-09-16T12:45:06.524Z,AVAX,0.4844,9935,7.268,1360.361778
2026-09-16T12:45:06.524Z,DOT,0.4529,1334,0.9762,1360.361778
2026-09-16T12:45:06.524Z,LINK,0.5076,14720,10.766,1360.361778
2026-09-16T12:45:06.524Z,POL,1.7708,130,0.0939,1360.361778
2026-09-16T12:45:06.524Z,DOGE,0.814,108.7,0.07926,1360.361778
2026-09-16T12:45:06.524Z,TRX,0.6229,458.3,0.33481,1360.361778
2026-09-16T12:45:06.524Z,XLM,0.8942,240,0.17486,1360.361778
2026-09-16T12:45:06.524Z,SHIB,-0.7861,0.0065,0.000004816,1360.361778
2026-09-16T12:45:06.524Z,BCH,0.5995,298200,217.9,1360.361778
2026-09-16T12:45:06.524Z,UNI,1.8595,8695,6.275,1360.361778
2026-09-16T12:45:06.524Z,AAVE,0.3109,162400,119.01,1360.361778
2026-09-16T12:45:06.524Z,SUSHI,1.7049,281,0.2031,1360.361778
2026-09-16T12:45:06.524Z,LDO,5.7792,474,0.3294,1360.361778
2026-09-16T12:45:06.524Z,ICP,1.0503,3427,2.493,1360.361778
2026-09-16T12:45:06.524Z,NEAR,1.5491,3408,2.467,1360.361778
2026-09-16T12:45:06.524Z,HBAR,0.2137,101.1,0.07416,1360.361778
2026-09-16T12:45:06.524Z,XTZ,16.6556,388.8,0.245,1360.361778
2026-09-16T12:45:06.524Z,DYDX,-0.2573,141.1,0.10399,1360.361778
2026-09-16T12:45:06.524Z,ARB,0.2165,225.9,0.1657,1360.361778
2026-09-16T12:45:06.524Z,GMX,8.0871,10200,6.937,1360.361778
2026-09-16T12:45:06.524Z,IMX,3.2172,163.3,0.1163,1360.361778
2026-09-16T12:45:06.524Z,INJ,-17.454,6020,5.361,1360.361778
2026-09-16T12:45:06.524Z,GRT,4.3967,24.64,0.01735,1360.361778
2026-09-16T12:45:06.524Z,SUI,0.8248,943.1,0.6876,1360.361778
2026-09-16T12:45:06.524Z,HYPE,0.6587,107500,78.506,1360.361778
2026-09-16T12:50:06.528Z,BTC,0.4295,103815000,75987.9,1360.361778
2026-09-16T12:50:06.528Z,ETH,0.3384,3287000,2408.12,1360.361778
2026-09-16T12:50:06.528Z,SOL,0.4052,133200,97.52,1360.361778
2026-09-16T12:50:06.528Z,BNB,0.4563,974500,713.1,1360.361778
2026-09-16T12:50:06.528Z,XRP,0.402,1754,1.2842,1360.361778
2026-09-16T12:50:06.528Z,ADA,0.5143,263.9,0.193,1360.361778
2026-09-16T12:50:06.528Z,AVAX,0.3463,9935,7.278,1360.361778
2026-09-16T12:50:06.528Z,DOT,0.3707,1334,0.977,1360.361778
2026-09-16T12:50:06.528Z,LINK,0.5666,14730,10.767,1360.361778
2026-09-16T12:50:06.528Z,POL,1.5653,130,0.09409,1360.361778
2026-09-16T12:50:06.528Z,DOGE,0.5856,108.7,0.07944,1360.361778
2026-09-16T12:50:06.528Z,TRX,0.6229,458.3,0.33481,1360.361778
2026-09-16T12:50:06.528Z,XLM,0.6295,240,0.17532,1360.361778
2026-09-16T12:50:06.528Z,SHIB,-1.0122,0.0065,0.000004827,1360.361778
2026-09-16T12:50:06.528Z,BCH,0.8309,298200,217.4,1360.361778
2026-09-16T12:50:06.528Z,UNI,1.5681,8695,6.293,1360.361778
2026-09-16T12:50:06.528Z,AAVE,0.2099,162400,119.13,1360.361778
2026-09-16T12:50:06.528Z,SUSHI,1.3556,281,0.2038,1360.361778
2026-09-16T12:50:06.528Z,LDO,5.6189,474,0.3299,1360.361778
2026-09-16T12:50:06.528Z,ICP,0.9693,3427,2.495,1360.361778
2026-09-16T12:50:06.528Z,NEAR,1.3027,3408,2.473,1360.361778
2026-09-16T12:50:06.528Z,HBAR,0.0383,101.1,0.07429,1360.361778
2026-09-16T12:50:06.528Z,XTZ,16.608,388.8,0.2451,1360.361778
2026-09-16T12:50:06.528Z,DYDX,-0.3723,141.1,0.10411,1360.361778
2026-09-16T12:50:06.528Z,ARB,0.1259,225.9,0.16585,1360.361778
2026-09-16T12:50:06.528Z,GMX,8.0404,10200,6.94,1360.361778
2026-09-16T12:50:06.528Z,IMX,3.1994,163.3,0.11632,1360.361778
2026-09-16T12:50:06.528Z,INJ,-17.4077,6020,5.358,1360.361778
2026-09-16T12:50:06.528Z,GRT,4.5172,24.64,0.01733,1360.361778
2026-09-16T12:50:06.528Z,SUI,0.5616,943.1,0.6894,1360.361778
2026-09-16T12:50:06.528Z,HYPE,0.4003,107500,78.708,1360.361778
2026-09-16T12:55:06.907Z,BTC,0.4548,103721000,75900,1360.361778
2026-09-16T12:55:06.907Z,ETH,0.5636,3289000,2404.19,1360.361778
2026-09-16T12:55:06.907Z,SOL,0.5837,133300,97.42,1360.361778
2026-09-16T12:55:06.907Z,BNB,0.6115,974500,712,1360.361778
2026-09-16T12:55:06.907Z,XRP,0.5695,1752,1.2806,1360.361778
2026-09-16T12:55:06.907Z,ADA,0.6467,263.7,0.1926,1360.361778
2026-09-16T12:55:06.907Z,AVAX,0.4429,9935,7.271,1360.361778
2026-09-16T12:55:06.907Z,DOT,0.5147,1334,0.9756,1360.361778
2026-09-16T12:55:06.907Z,LINK,0.7041,14720,10.745,1360.361778
2026-09-16T12:55:06.907Z,POL,1.5869,130,0.09407,1360.361778
2026-09-16T12:55:06.907Z,DOGE,0.7632,108.7,0.0793,1360.361778
2026-09-16T12:55:06.907Z,TRX,0.5899,458.3,0.33492,1360.361778
2026-09-16T12:55:06.907Z,XLM,1.0098,240,0.17466,1360.361778
2026-09-16T12:55:06.907Z,SHIB,2.2879,0.0067,0.000004815,1360.361778
2026-09-16T12:55:06.907Z,BCH,0.6457,298200,217.8,1360.361778
2026-09-16T12:55:06.907Z,UNI,1.7622,8695,6.281,1360.361778
2026-09-16T12:55:06.907Z,AAVE,0.4206,162400,118.88,1360.361778
2026-09-16T12:55:06.907Z,SUSHI,1.3556,281,0.2038,1360.361778
2026-09-16T12:55:06.907Z,LDO,5.5869,474,0.33,1360.361778
2026-09-16T12:55:06.907Z,ICP,1.0908,3427,2.492,1360.361778
2026-09-16T12:55:06.907Z,NEAR,1.4668,3408,2.469,1360.361778
2026-09-16T12:55:06.907Z,HBAR,0.2948,101.1,0.0741,1360.361778
2026-09-16T12:55:06.907Z,XTZ,16.5605,388.8,0.2452,1360.361778
2026-09-16T12:55:06.907Z,DYDX,-0.5633,141.1,0.10431,1360.361778
2026-09-16T12:55:06.907Z,ARB,0.85,232.5,0.16947,1360.361778
2026-09-16T12:55:06.907Z,GMX,7.8229,10200,6.954,1360.361778
2026-09-16T12:55:06.907Z,IMX,3.395,163.3,0.1161,1360.361778
2026-09-16T12:55:06.907Z,INJ,-17.2997,6020,5.351,1360.361778
2026-09-16T12:55:06.907Z,GRT,4.5172,24.64,0.01733,1360.361778
2026-09-16T12:55:06.907Z,SUI,0.7223,943.1,0.6883,1360.361778
2026-09-16T12:55:06.907Z,HYPE,0.5038,107500,78.627,1360.361778
2026-09-16T13:00:07.083Z,BTC,0.452,103749000,75922.6,1360.361778
2026-09-16T13:00:07.083Z,ETH,0.4129,3286000,2405.6,1360.361778
2026-09-16T13:00:07.083Z,SOL,0.4052,133200,97.52,1360.361778
2026-09-16T13:00:07.083Z,BNB,0.5034,974000,712.4,1360.361778
2026-09-16T13:00:07.083Z,XRP,0.4778,1753,1.2825,1360.361778
2026-09-16T13:00:07.083Z,ADA,0.5944,263.7,0.1927,1360.361778
2026-09-16T13:00:07.083Z,AVAX,0.3325,9935,7.279,1360.361778
2026-09-16T13:00:07.083Z,DOT,-0.2927,1334,0.9835,1360.361778
2026-09-16T13:00:07.083Z,LINK,0.573,14720,10.759,1360.361778
2026-09-16T13:00:07.083Z,POL,1.6193,130,0.09404,1360.361778
2026-09-16T13:00:07.083Z,DOGE,0.7378,108.7,0.07932,1360.361778
2026-09-16T13:00:07.083Z,TRX,0.5809,458.3,0.33495,1360.361778
2026-09-16T13:00:07.083Z,XLM,0.9982,240,0.17468,1360.361778
2026-09-16T13:00:07.083Z,SHIB,-0.8479,0.0065,0.000004819,1360.361778
2026-09-16T13:00:07.083Z,BCH,0.5782,298000,217.8,1360.361778
2026-09-16T13:00:07.083Z,UNI,1.7622,8695,6.281,1360.361778
2026-09-16T13:00:07.083Z,AAVE,0.2604,162400,119.07,1360.361778
2026-09-16T13:00:07.083Z,SUSHI,1.4054,281,0.2037,1360.361778
2026-09-16T13:00:07.083Z,LDO,5.3953,474,0.3306,1360.361778
2026-09-16T13:00:07.083Z,ICP,0.9693,3427,2.495,1360.361778
2026-09-16T13:00:07.083Z,NEAR,1.1391,3408,2.477,1360.361778
2026-09-16T13:00:07.083Z,HBAR,0.2813,101.1,0.07411,1360.361778
2026-09-16T13:00:07.083Z,XTZ,16.6556,388.8,0.245,1360.361778
2026-09-16T13:00:07.083Z,DYDX,-0.5538,141.1,0.1043,1360.361778
2026-09-16T13:00:07.083Z,ARB,0.981,232.5,0.16925,1360.361778
2026-09-16T13:00:07.083Z,GMX,7.8229,10200,6.954,1360.361778
2026-09-16T13:00:07.083Z,IMX,3.3416,163.3,0.11616,1360.361778
2026-09-16T13:00:07.083Z,INJ,-17.346,6020,5.354,1360.361778
2026-09-16T13:00:07.083Z,GRT,4.5172,24.64,0.01733,1360.361778
2026-09-16T13:00:07.083Z,SUI,0.5616,943.1,0.6894,1360.361778
2026-09-16T13:00:07.083Z,HYPE,0.292,107500,78.793,1360.361778
2026-09-16T13:05:06.553Z,BTC,0.4681,103505000,75731.9,1360.361778
2026-09-16T13:05:06.553Z,ETH,0.366,3276000,2399.4,1360.361778
2026-09-16T13:05:06.553Z,SOL,0.6362,133000,97.15,1360.361778
2026-09-16T13:05:06.553Z,BNB,0.7013,974000,711,1360.361778
2026-09-16T13:05:06.553Z,XRP,0.3322,1745,1.2785,1360.361778
2026-09-16T13:05:06.553Z,ADA,0.4149,262,0.1918,1360.361778
2026-09-16T13:05:06.553Z,AVAX,0.7339,9935,7.25,1360.361778
2026-09-16T13:05:06.553Z,DOT,0.1656,1334,0.979,1360.361778
2026-09-16T13:05:06.553Z,LINK,0.9201,14720,10.722,1360.361778
2026-09-16T13:05:06.553Z,POL,2.1625,130,0.09354,1360.361778
2026-09-16T13:05:06.553Z,DOGE,0.4014,107.9,0.079,1360.361778
2026-09-16T13:05:06.553Z,TRX,0.6741,458.3,0.33464,1360.361778
2026-09-16T13:05:06.553Z,XLM,1.3463,240,0.17408,1360.361778
2026-09-16T13:05:06.553Z,SHIB,1.0129,0.0066,0.000004803,1360.361778
2026-09-16T13:05:06.553Z,BCH,0.7633,298000,217.4,1360.361778
2026-09-16T13:05:06.553Z,UNI,2.398,8695,6.242,1360.361778
2026-09-16T13:05:06.553Z,AAVE,0.7086,162400,118.54,1360.361778
2026-09-16T13:05:06.553Z,SUSHI,1.6549,281,0.2032,1360.361778
2026-09-16T13:05:06.553Z,LDO,5.8756,474,0.3291,1360.361778
2026-09-16T13:05:06.553Z,ICP,1.3348,3427,2.486,1360.361778
2026-09-16T13:05:06.553Z,NEAR,1.7967,3408,2.461,1360.361778
2026-09-16T13:05:06.553Z,HBAR,0.5076,101,0.07387,1360.361778
2026-09-16T13:05:06.553Z,XTZ,17.0378,388.8,0.2442,1360.361778
2026-09-16T13:05:06.553Z,DYDX,-0.2477,141.1,0.10398,1360.361778
2026-09-16T13:05:06.553Z,ARB,1.5149,232.5,0.16836,1360.361778
2026-09-16T13:05:06.553Z,GMX,8.3527,10200,6.92,1360.361778
2026-09-16T13:05:06.553Z,IMX,3.4841,163.3,0.116,1360.361778
2026-09-16T13:05:06.553Z,INJ,-16.9583,6020,5.329,1360.361778
2026-09-16T13:05:06.553Z,GRT,4.8803,24.64,0.01727,1360.361778
2026-09-16T13:05:06.553Z,SUI,1.0158,943.1,0.6863,1360.361778
2026-09-16T13:05:06.553Z,HYPE,0.9748,107600,78.333,1360.361778
2026-09-16T13:10:06.921Z,BTC,0.4825,103460000,75688.1,1360.361778
2026-09-16T13:10:06.921Z,ETH,0.564,3280000,2397.6,1360.361778
2026-09-16T13:10:06.921Z,SOL,0.7296,133000,97.06,1360.361778
2026-09-16T13:10:06.921Z,BNB,0.7296,974000,710.8,1360.361778
2026-09-16T13:10:06.921Z,XRP,0.5184,1744,1.2754,1360.361778
2026-09-16T13:10:06.921Z,ADA,0.5197,262,0.1916,1360.361778
2026-09-16T13:10:06.921Z,AVAX,0.8451,9935,7.242,1360.361778
2026-09-16T13:10:06.921Z,DOT,0.1452,1334,0.9792,1360.361778
2026-09-16T13:10:06.921Z,LINK,0.9766,14720,10.716,1360.361778
2026-09-16T13:10:06.921Z,POL,2.239,130,0.09347,1360.361778
2026-09-16T13:10:06.921Z,DOGE,0.376,107.9,0.07902,1360.361778
2026-09-16T13:10:06.921Z,TRX,0.6711,458.3,0.33465,1360.361778
2026-09-16T13:10:06.921Z,XLM,1.4279,240,0.17394,1360.361778
2026-09-16T13:10:06.921Z,SHIB,1.2026,0.0066,0.000004794,1360.361778
2026-09-16T13:10:06.921Z,BCH,0.9025,298000,217.1,1360.361778
2026-09-16T13:10:06.921Z,UNI,2.7271,8695,6.222,1360.361778
2026-09-16T13:10:06.921Z,AAVE,1.7299,162400,117.35,1360.361778
2026-09-16T13:10:06.921Z,SUSHI,1.7049,281,0.2031,1360.361778
2026-09-16T13:10:06.921Z,LDO,6.2307,474,0.328,1360.361778
2026-09-16T13:10:06.921Z,ICP,1.7441,3427,2.476,1360.361778
2026-09-16T13:10:06.921Z,NEAR,1.8795,3408,2.459,1360.361778
2026-09-16T13:10:06.921Z,HBAR,0.6438,101,0.07377,1360.361778
2026-09-16T13:10:06.921Z,XTZ,17.1818,388.8,0.2439,1360.361778
2026-09-16T13:10:06.921Z,DYDX,-0.1421,141.1,0.10387,1360.361778
2026-09-16T13:10:06.921Z,ARB,1.1364,232.5,0.16899,1360.361778
2026-09-16T13:10:06.921Z,GMX,8.2901,10200,6.924,1360.361778
2026-09-16T13:10:06.921Z,IMX,3.5109,163.3,0.11597,1360.361778
2026-09-16T13:10:06.921Z,INJ,-16.8959,6020,5.325,1360.361778
2026-09-16T13:10:06.921Z,GRT,4.9411,24.64,0.01726,1360.361778
2026-09-16T13:10:06.921Z,SUI,1.1484,943.1,0.6854,1360.361778
2026-09-16T13:10:06.921Z,HYPE,0.754,106800,77.921,1360.361778
2026-09-16T13:15:06.547Z,BTC,0.4459,103517000,75757.4,1360.361778
2026-09-16T13:15:06.547Z,ETH,0.4103,3279000,2400.54,1360.361778
2026-09-16T13:15:06.547Z,SOL,0.4436,132800,97.19,1360.361778
2026-09-16T13:15:06.547Z,BNB,0.6305,974000,711.5,1360.361778
2026-09-16T13:15:06.547Z,XRP,0.4948,1744,1.2757,1360.361778
2026-09-16T13:15:06.547Z,ADA,0.2198,261.9,0.1921,1360.361778
2026-09-16T13:15:06.547Z,AVAX,0.6228,9935,7.258,1360.361778
2026-09-16T13:15:06.547Z,DOT,-0.5556,1334,0.9861,1360.361778
2026-09-16T13:15:06.547Z,LINK,0.9483,14720,10.719,1360.361778
2026-09-16T13:15:06.547Z,POL,2.2062,130,0.0935,1360.361778
2026-09-16T13:15:06.547Z,DOGE,0.2999,107.9,0.07908,1360.361778
2026-09-16T13:15:06.547Z,TRX,0.629,458.3,0.33479,1360.361778
2026-09-16T13:15:06.547Z,XLM,1.0329,240,0.17462,1360.361778
2026-09-16T13:15:06.547Z,SHIB,0.9499,0.0066,0.000004806,1360.361778
2026-09-16T13:15:06.547Z,BCH,0.6244,298000,217.7,1360.361778
2026-09-16T13:15:06.547Z,UNI,2.2342,8695,6.252,1360.361778
2026-09-16T13:15:06.547Z,AAVE,0.0304,160000,117.58,1360.361778
2026-09-16T13:15:06.547Z,SUSHI,1.4054,281,0.2037,1360.361778
2026-09-16T13:15:06.547Z,LDO,5.7792,474,0.3294,1360.361778
2026-09-16T13:15:06.547Z,ICP,1.539,3427,2.481,1360.361778
2026-09-16T13:15:06.547Z,NEAR,1.5903,3408,2.466,1360.361778
2026-09-16T13:15:06.547Z,HBAR,0.494,101,0.07388,1360.361778
2026-09-16T13:15:06.547Z,XTZ,17.2298,388.8,0.2438,1360.361778
2026-09-16T13:15:06.547Z,DYDX,-0.4583,141.1,0.1042,1360.361778
2026-09-16T13:15:06.547Z,ARB,0.0324,233.5,0.17159,1360.361778
2026-09-16T13:15:06.547Z,GMX,8.1495,10200,6.933,1360.361778
2026-09-16T13:15:06.547Z,IMX,3.395,163.3,0.1161,1360.361778
2026-09-16T13:15:06.547Z,INJ,-17.1604,6020,5.342,1360.361778
2026-09-16T13:15:06.547Z,GRT,4.8196,24.64,0.01728,1360.361778
2026-09-16T13:15:06.547Z,SUI,1.06,943.1,0.686,1360.361778
2026-09-16T13:15:06.547Z,HYPE,0.5965,106800,78.043,1360.361778
2026-09-16T13:20:07.172Z,BTC,0.5295,103578000,75739,1360.361778
2026-09-16T13:20:07.172Z,ETH,0.5222,3282000,2400.06,1360.361778
2026-09-16T13:20:07.172Z,SOL,0.4849,132800,97.15,1360.361778
2026-09-16T13:20:07.172Z,BNB,0.6305,974000,711.5,1360.361778
2026-09-16T13:20:07.172Z,XRP,0.5682,1745,1.2755,1360.361778
2026-09-16T13:20:07.172Z,ADA,0.8704,263.6,0.1921,1360.361778
2026-09-16T13:20:07.172Z,AVAX,0.6228,9935,7.258,1360.361778
2026-09-16T13:20:07.172Z,DOT,-0.2825,1334,0.9834,1360.361778
2026-09-16T13:20:07.172Z,LINK,1.0049,14720,10.713,1360.361778
2026-09-16T13:20:07.172Z,POL,2.3814,130,0.09334,1360.361778
2026-09-16T13:20:07.172Z,DOGE,0.5787,108.2,0.07908,1360.361778
2026-09-16T13:20:07.172Z,TRX,0.629,458.3,0.33479,1360.361778
2026-09-16T13:20:07.172Z,XLM,0.9751,240,0.17472,1360.361778
2026-09-16T13:20:07.172Z,SHIB,1.0129,0.0066,0.000004803,1360.361778
2026-09-16T13:20:07.172Z,BCH,0.7633,298000,217.4,1360.361778
2026-09-16T13:20:07.172Z,UNI,2.3324,8695,6.246,1360.361778
2026-09-16T13:20:07.172Z,AAVE,0.09,160000,117.51,1360.361778
2026-09-16T13:20:07.172Z,SUSHI,1.3556,281,0.2038,1360.361778
2026-09-16T13:20:07.172Z,LDO,5.6509,474,0.3298,1360.361778
2026-09-16T13:20:07.172Z,ICP,1.703,3427,2.477,1360.361778
2026-09-16T13:20:07.172Z,NEAR,1.838,3408,2.46,1360.361778
2026-09-16T13:20:07.172Z,HBAR,0.7121,101,0.07372,1360.361778
2026-09-16T13:20:07.172Z,XTZ,17.1818,388.8,0.2439,1360.361778
2026-09-16T13:20:07.172Z,DYDX,-0.6205,141.1,0.10437,1360.361778
2026-09-16T13:20:07.172Z,ARB,1.4285,235.6,0.17075,1360.361778
2026-09-16T13:20:07.172Z,GMX,8.2276,10200,6.928,1360.361778
2026-09-16T13:20:07.172Z,IMX,3.306,163.3,0.1162,1360.361778
2026-09-16T13:20:07.172Z,INJ,-17.1604,6020,5.342,1360.361778
2026-09-16T13:20:07.172Z,GRT,4.6984,24.64,0.0173,1360.361778
2026-09-16T13:20:07.172Z,SUI,1.1042,943.1,0.6857,1360.361778
2026-09-16T13:20:07.172Z,HYPE,0.6494,106800,78.002,1360.361778
2026-09-16T13:25:06.893Z,BTC,0.5794,103565000,75691.9,1360.361778
2026-09-16T13:25:06.893Z,ETH,0.5897,3281000,2397.72,1360.361778
2026-09-16T13:25:06.893Z,SOL,0.6124,132900,97.1,1360.361778
2026-09-16T13:25:06.893Z,BNB,0.6588,974000,711.3,1360.361778
2026-09-16T13:25:06.893Z,XRP,0.5529,1742,1.2735,1360.361778
2026-09-16T13:25:06.893Z,ADA,0.6649,263.2,0.1922,1360.361778
2026-09-16T13:25:06.893Z,AVAX,0.6506,9935,7.256,1360.361778
2026-09-16T13:25:06.893Z,DOT,0.2475,1334,0.9782,1360.361778
2026-09-16T13:25:06.893Z,LINK,1.0049,14720,10.713,1360.361778
2026-09-16T13:25:06.893Z,POL,2.3485,130,0.09337,1360.361778
2026-09-16T13:25:06.893Z,DOGE,0.5494,108.1,0.07903,1360.361778
2026-09-16T13:25:06.893Z,TRX,0.5989,458.3,0.33489,1360.361778
2026-09-16T13:25:06.893Z,XLM,1.2765,240,0.1742,1360.361778
2026-09-16T13:25:06.893Z,SHIB,0.8869,0.0066,0.000004809,1360.361778
2026-09-16T13:25:06.893Z,BCH,0.8097,298000,217.3,1360.361778
2026-09-16T13:25:06.893Z,UNI,2.2178,8695,6.253,1360.361778
2026-09-16T13:25:06.893Z,AAVE,0.1241,160000,117.47,1360.361778
2026-09-16T13:25:06.893Z,SUSHI,1.6549,281,0.2032,1360.361778
2026-09-16T13:25:06.893Z,LDO,5.715,474,0.3296,1360.361778
2026-09-16T13:25:06.893Z,ICP,1.703,3427,2.477,1360.361778
2026-09-16T13:25:06.893Z,NEAR,1.7967,3408,2.461,1360.361778
2026-09-16T13:25:06.893Z,HBAR,0.8489,101,0.07362,1360.361778
2026-09-16T13:25:06.893Z,XTZ,17.1337,388.8,0.244,1360.361778
2026-09-16T13:25:06.893Z,DYDX,-0.3723,141.1,0.10411,1360.361778
2026-09-16T13:25:06.893Z,ARB,1.2177,233.1,0.16929,1360.361778
2026-09-16T13:25:06.893Z,GMX,8.2276,10200,6.928,1360.361778
2026-09-16T13:25:06.893Z,IMX,3.4217,163.3,0.11607,1360.361778
2026-09-16T13:25:06.893Z,INJ,-17.0361,6020,5.334,1360.361778
2026-09-16T13:25:06.893Z,GRT,4.8196,24.64,0.01728,1360.361778
2026-09-16T13:25:06.893Z,SUI,1.2519,943.1,0.6847,1360.361778
2026-09-16T13:25:06.893Z,HYPE,0.6907,106800,77.97,1360.361778
2026-09-16T13:30:07.064Z,BTC,0.5426,103580000,75730.6,1360.361778
2026-09-16T13:30:07.064Z,ETH,0.6158,3285000,2400.02,1360.361778
2026-09-16T13:30:07.064Z,SOL,0.4572,132900,97.25,1360.361778
2026-09-16T13:30:07.064Z,BNB,0.5881,974000,711.8,1360.361778
2026-09-16T13:30:07.064Z,XRP,0.4761,1746,1.2774,1360.361778
2026-09-16T13:30:07.064Z,ADA,0.6848,263.8,0.1926,1360.361778
2026-09-16T13:30:07.064Z,AVAX,0.5259,9935,7.265,1360.361778
2026-09-16T13:30:07.064Z,DOT,0.3809,1334,0.9769,1360.361778
2026-09-16T13:30:07.064Z,LINK,0.7416,14720,10.741,1360.361778
2026-09-16T13:30:07.064Z,POL,2.4363,130,0.09329,1360.361778
2026-09-16T13:30:07.064Z,DOGE,0.4223,108.1,0.07913,1360.361778
2026-09-16T13:30:07.064Z,TRX,0.6019,458.3,0.33488,1360.361778
2026-09-16T13:30:07.064Z,XLM,0.4914,238.7,0.17461,1360.361778
2026-09-16T13:30:07.064Z,SHIB,0.6984,0.0066,0.000004818,1360.361778
2026-09-16T13:30:07.064Z,BCH,0.5321,298000,217.9,1360.361778
2026-09-16T13:30:07.064Z,UNI,1.892,8695,6.273,1360.361778
2026-09-16T13:30:07.064Z,AAVE,0.3462,160000,117.21,1360.361778
2026-09-16T13:30:07.064Z,SUSHI,1.5549,281,0.2034,1360.361778
2026-09-16T13:30:07.064Z,LDO,5.3953,474,0.3306,1360.361778
2026-09-16T13:30:07.064Z,ICP,1.4981,3427,2.482,1360.361778
2026-09-16T13:30:07.064Z,NEAR,1.7553,3408,2.462,1360.361778
2026-09-16T13:30:07.064Z,HBAR,0.7668,101,0.07368,1360.361778
2026-09-16T13:30:07.064Z,XTZ,17.0858,388.8,0.2441,1360.361778
2026-09-16T13:30:07.064Z,DYDX,-0.6014,141.1,0.10435,1360.361778
2026-09-16T13:30:07.064Z,ARB,-0.0401,231.4,0.17017,1360.361778
2026-09-16T13:30:07.064Z,GMX,8.1651,10200,6.932,1360.361778
2026-09-16T13:30:07.064Z,IMX,3.1285,163.3,0.1164,1360.361778
2026-09-16T13:30:07.064Z,INJ,-17.5001,6020,5.364,1360.361778
2026-09-16T13:30:07.064Z,GRT,4.759,24.64,0.01729,1360.361778
2026-09-16T13:30:07.064Z,SUI,0.9423,943.1,0.6868,1360.361778
2026-09-16T13:30:07.064Z,HYPE,0.6236,106800,78.022,1360.361778
2026-09-16T13:35:06.946Z,BTC,0.5628,103470000,75635,1360.361778
2026-09-16T13:35:06.946Z,ETH,0.6097,3279000,2395.78,1360.361778
2026-09-16T13:35:06.946Z,SOL,0.5916,132900,97.12,1360.361778
2026-09-16T13:35:06.946Z,BNB,0.6588,974000,711.3,1360.361778
2026-09-16T13:35:06.946Z,XRP,0.6385,1748,1.2768,1360.361778
2026-09-16T13:35:06.946Z,ADA,0.7131,263.6,0.1924,1360.361778
2026-09-16T13:35:06.946Z,AVAX,0.6228,9935,7.258,1360.361778
2026-09-16T13:35:06.946Z,DOT,0.7419,1334,0.9734,1360.361778
2026-09-16T13:35:06.946Z,LINK,0.9954,14720,10.714,1360.361778
2026-09-16T13:35:06.946Z,POL,2.7115,130,0.09304,1360.361778
2026-09-16T13:35:06.946Z,DOGE,0.3842,108.1,0.07916,1360.361778
2026-09-16T13:35:06.946Z,TRX,0.5659,458.3,0.335,1360.361778
2026-09-16T13:35:06.946Z,XLM,0.5317,238.7,0.17454,1360.361778
2026-09-16T13:35:06.946Z,SHIB,0.6358,0.0066,0.000004821,1360.361778
2026-09-16T13:35:06.946Z,BCH,0.5782,298000,217.8,1360.361778
2026-09-16T13:35:06.946Z,UNI,1.8595,8695,6.275,1360.361778
2026-09-16T13:35:06.946Z,AAVE,0.3976,160000,117.15,1360.361778
2026-09-16T13:35:06.946Z,SUSHI,1.6049,281,0.2033,1360.361778
2026-09-16T13:35:06.946Z,LDO,5.4271,474,0.3305,1360.361778
2026-09-16T13:35:06.946Z,ICP,1.703,3427,2.477,1360.361778
2026-09-16T13:35:06.946Z,NEAR,2.3791,3408,2.447,1360.361778
2026-09-16T13:35:06.946Z,HBAR,0.8763,101,0.0736,1360.361778
2026-09-16T13:35:06.946Z,XTZ,17.3261,388.8,0.2436,1360.361778
2026-09-16T13:35:06.946Z,DYDX,-0.611,141.1,0.10436,1360.361778
2026-09-16T13:35:06.946Z,ARB,-0.0791,232.9,0.17134,1360.361778
2026-09-16T13:35:06.946Z,GMX,8.2119,10200,6.929,1360.361778
2026-09-16T13:35:06.946Z,IMX,3.2172,163.3,0.1163,1360.361778
2026-09-16T13:35:06.946Z,INJ,-17.4231,6020,5.359,1360.361778
2026-09-16T13:35:06.946Z,GRT,4.8196,24.64,0.01728,1360.361778
2026-09-16T13:35:06.946Z,SUI,0.8102,943.1,0.6877,1360.361778
2026-09-16T13:35:06.946Z,HYPE,0.4973,106800,78.12,1360.361778
2026-09-16T13:40:07.004Z,BTC,0.5826,103400000,75568.9,1360.361778
2026-09-16T13:40:07.004Z,ETH,0.5055,3269000,2390.95,1360.361778
2026-09-16T13:40:07.004Z,SOL,0.6028,132600,96.89,1360.361778
2026-09-16T13:40:07.004Z,BNB,0.8715,974000,709.8,1360.361778
2026-09-16T13:40:07.004Z,XRP,0.5979,1741,1.2722,1360.361778
2026-09-16T13:40:07.004Z,ADA,1.1336,263.6,0.1916,1360.361778
2026-09-16T13:40:07.004Z,AVAX,0.6783,9935,7.254,1360.361778
2026-09-16T13:40:07.004Z,DOT,0.8455,1334,0.9724,1360.361778
2026-09-16T13:40:07.004Z,LINK,1.2316,14720,10.689,1360.361778
2026-09-16T13:40:07.004Z,POL,2.8885,130,0.09288,1360.361778
2026-09-16T13:40:07.004Z,DOGE,0.7992,108.3,0.07898,1360.361778
2026-09-16T13:40:07.004Z,TRX,0.6921,458.3,0.33458,1360.361778
2026-09-16T13:40:07.004Z,XLM,0.7054,238.4,0.17402,1360.361778
2026-09-16T13:40:07.004Z,SHIB,0.7821,0.0066,0.000004814,1360.361778
2026-09-16T13:40:07.004Z,BCH,0.6707,298000,217.6,1360.361778
2026-09-16T13:40:07.004Z,UNI,2.2506,8695,6.251,1360.361778
2026-09-16T13:40:07.004Z,AAVE,-0.0121,160000,117.63,1360.361778
2026-09-16T13:40:07.004Z,SUSHI,1.755,281,0.203,1360.361778
2026-09-16T13:40:07.004Z,LDO,5.5549,474,0.3301,1360.361778
2026-09-16T13:40:07.004Z,ICP,1.7852,3427,2.475,1360.361778
2026-09-16T13:40:07.004Z,NEAR,2.2537,3408,2.45,1360.361778
2026-09-16T13:40:07.004Z,HBAR,0.6093,100.5,0.07343,1360.361778
2026-09-16T13:40:07.004Z,XTZ,17.3261,388.8,0.2436,1360.361778
2026-09-16T13:40:07.004Z,DYDX,-0.4488,141.1,0.10419,1360.361778
2026-09-16T13:40:07.004Z,ARB,1.4991,233.9,0.1694,1360.361778
2026-09-16T13:40:07.004Z,GMX,7.5754,10200,6.97,1360.361778
2026-09-16T13:40:07.004Z,IMX,3.3505,163.3,0.11615,1360.361778
2026-09-16T13:40:07.004Z,INJ,-17.2688,6020,5.349,1360.361778
2026-09-16T13:40:07.004Z,GRT,5.0628,24.64,0.01724,1360.361778
2026-09-16T13:40:07.004Z,SUI,1.0895,943.1,0.6858,1360.361778
2026-09-16T13:40:07.004Z,HYPE,0.8653,106800,77.835,1360.361778
2026-09-16T13:45:06.878Z,BTC,0.5728,103607000,75727.6,1360.361778
2026-09-16T13:45:06.878Z,ETH,0.5022,3277000,2396.88,1360.361778
2026-09-16T13:45:06.878Z,SOL,0.5192,132900,97.19,1360.361778
2026-09-16T13:45:06.878Z,BNB,0.6446,974000,711.4,1360.361778
2026-09-16T13:45:06.878Z,XRP,0.5888,1747,1.2767,1360.361778
2026-09-16T13:45:06.878Z,ADA,0.4838,263,0.1924,1360.361778
2026-09-16T13:45:06.878Z,AVAX,0.4153,9935,7.273,1360.361778
2026-09-16T13:45:06.878Z,DOT,0.5559,1334,0.9752,1360.361778
2026-09-16T13:45:06.878Z,LINK,0.9201,14720,10.722,1360.361778
2026-09-16T13:45:06.878Z,POL,3.0549,130,0.09273,1360.361778
2026-09-16T13:45:06.878Z,DOGE,0.5573,108.3,0.07917,1360.361778
2026-09-16T13:45:06.878Z,TRX,0.7192,458.3,0.33449,1360.361778
2026-09-16T13:45:06.878Z,XLM,0.4687,238.4,0.17443,1360.361778
2026-09-16T13:45:06.878Z,SHIB,0.594,0.0066,0.000004823,1360.361778
2026-09-16T13:45:06.878Z,BCH,0.3692,298200,218.4,1360.361778
2026-09-16T13:45:06.878Z,UNI,1.6812,8695,6.286,1360.361778
2026-09-16T13:45:06.878Z,AAVE,0.1156,160000,117.48,1360.361778
2026-09-16T13:45:06.878Z,SUSHI,1.4552,281,0.2036,1360.361778
2026-09-16T13:45:06.878Z,LDO,5.2679,474,0.331,1360.361778
2026-09-16T13:45:06.878Z,ICP,1.58,3427,2.48,1360.361778
2026-09-16T13:45:06.878Z,NEAR,1.3027,3408,2.473,1360.361778
2026-09-16T13:45:06.878Z,HBAR,0.3685,100,0.07324,1360.361778
2026-09-16T13:45:06.878Z,XTZ,17.0858,388.8,0.2441,1360.361778
2026-09-16T13:45:06.878Z,DYDX,-0.6205,141.1,0.10437,1360.361778
2026-09-16T13:45:06.878Z,ARB,1.5651,233.9,0.16929,1360.361778
2026-09-16T13:45:06.878Z,GMX,7.3444,10200,6.985,1360.361778
2026-09-16T13:45:06.878Z,IMX,3.1108,163.3,0.11642,1360.361778
2026-09-16T13:45:06.878Z,INJ,-17.454,6020,5.361,1360.361778
2026-09-16T13:45:06.878Z,GRT,4.9411,24.64,0.01726,1360.361778
2026-09-16T13:45:06.878Z,SUI,0.547,943.1,0.6895,1360.361778
2026-09-16T13:45:06.878Z,HYPE,0.4909,106800,78.125,1360.361778
2026-09-16T13:50:07.095Z,BTC,0.4538,103679000,75870,1360.361778
2026-09-16T13:50:07.095Z,ETH,0.4527,3281000,2400.99,1360.361778
2026-09-16T13:50:07.095Z,SOL,0.5115,133300,97.49,1360.361778
2026-09-16T13:50:07.095Z,BNB,0.5034,974000,712.4,1360.361778
2026-09-16T13:50:07.095Z,XRP,0.5278,1751,1.2804,1360.361778
2026-09-16T13:50:07.095Z,ADA,0.5664,263.9,0.1929,1360.361778
2026-09-16T13:50:07.095Z,AVAX,0.2224,9935,7.287,1360.361778
2026-09-16T13:50:07.095Z,DOT,0.2271,1334,0.9784,1360.361778
2026-09-16T13:50:07.095Z,LINK,0.6572,14720,10.75,1360.361778
2026-09-16T13:50:07.095Z,POL,2.6895,130,0.09306,1360.361778
2026-09-16T13:50:07.095Z,DOGE,0.4299,108.6,0.07949,1360.361778
2026-09-16T13:50:07.095Z,TRX,0.4685,457.2,0.33452,1360.361778
2026-09-16T13:50:07.095Z,XLM,0.0957,238.4,0.17508,1360.361778
2026-09-16T13:50:07.095Z,SHIB,0.4483,0.0066,0.00000483,1360.361778
2026-09-16T13:50:07.095Z,BCH,0.0942,298200,219,1360.361778
2026-09-16T13:50:07.095Z,UNI,1.4553,8695,6.3,1360.361778
2026-09-16T13:50:07.095Z,AAVE,-0.131,160000,117.77,1360.361778
2026-09-16T13:50:07.095Z,SUSHI,1.0581,281,0.2044,1360.361778
2026-09-16T13:50:07.095Z,LDO,4.8245,474,0.3324,1360.361778
2026-09-16T13:50:07.095Z,ICP,1.0908,3427,2.492,1360.361778
2026-09-16T13:50:07.095Z,NEAR,0.2487,3408,2.499,1360.361778
2026-09-16T13:50:07.095Z,HBAR,0.0679,100,0.07346,1360.361778
2026-09-16T13:50:07.095Z,XTZ,17.1337,388.8,0.244,1360.361778
2026-09-16T13:50:07.095Z,DYDX,-1.0943,141.1,0.10487,1360.361778
2026-09-16T13:50:07.095Z,ARB,1.2899,233.9,0.16975,1360.361778
2026-09-16T13:50:07.095Z,GMX,6.4755,10200,7.042,1360.361778
2026-09-16T13:50:07.095Z,IMX,2.7753,163.3,0.1168,1360.361778
2026-09-16T13:50:07.095Z,INJ,-18.2771,6020,5.415,1360.361778
2026-09-16T13:50:07.095Z,GRT,4.3366,24.64,0.01736,1360.361778
2026-09-16T13:50:07.095Z,SUI,0.1114,943.1,0.6925,1360.361778
2026-09-16T13:50:07.095Z,HYPE,-0.299,106800,78.744,1360.361778
2026-09-16T13:55:06.897Z,BTC,0.5783,103586000,75708.1,1360.361778
2026-09-16T13:55:06.897Z,ETH,0.685,3281000,2395.45,1360.361778
2026-09-16T13:55:06.897Z,SOL,0.7699,133300,97.24,1360.361778
2026-09-16T13:55:06.897Z,BNB,0.6164,974000,711.6,1360.361778
2026-09-16T13:55:06.897Z,XRP,0.5391,1746,1.2766,1360.361778
2026-09-16T13:55:06.897Z,ADA,0.5361,263,0.1923,1360.361778
2026-09-16T13:55:06.897Z,AVAX,0.6228,9935,7.258,1360.361778
2026-09-16T13:55:06.897Z,DOT,0.3091,1334,0.9776,1360.361778
2026-09-16T13:55:06.897Z,LINK,0.9766,14720,10.716,1360.361778
2026-09-16T13:55:06.897Z,POL,3.0549,130,0.09273,1360.361778
2026-09-16T13:55:06.897Z,DOGE,0.6032,108.5,0.07928,1360.361778
2026-09-16T13:55:06.897Z,TRX,0.4775,457.2,0.33449,1360.361778
2026-09-16T13:55:06.897Z,XLM,0.8248,239.3,0.17447,1360.361778
2026-09-16T13:55:06.897Z,SHIB,0.6775,0.0066,0.000004819,1360.361778
2026-09-16T13:55:06.897Z,BCH,0.4612,298200,218.2,1360.361778
2026-09-16T13:55:06.897Z,UNI,2.316,8695,6.247,1360.361778
2026-09-16T13:55:06.897Z,AAVE,0.1326,160000,117.46,1360.361778
2026-09-16T13:55:06.897Z,SUSHI,1.2066,281,0.2041,1360.361778
2026-09-16T13:55:06.897Z,LDO,5.2997,474,0.3309,1360.361778
2026-09-16T13:55:06.897Z,ICP,1.2533,3427,2.488,1360.361778
2026-09-16T13:55:06.897Z,NEAR,1.1391,3408,2.477,1360.361778
2026-09-16T13:55:06.897Z,HBAR,0.437,100,0.07319,1360.361778
2026-09-16T13:55:06.897Z,XTZ,17.2779,388.8,0.2437,1360.361778
2026-09-16T13:55:06.897Z,DYDX,-0.8011,141.1,0.10456,1360.361778
2026-09-16T13:55:06.897Z,ARB,3.1307,233.9,0.16672,1360.361778
2026-09-16T13:55:06.897Z,GMX,6.6421,10200,7.031,1360.361778
2026-09-16T13:55:06.897Z,IMX,3.1197,163.3,0.11641,1360.361778
2026-09-16T13:55:06.897Z,INJ,-18.0501,6020,5.4,1360.361778
2026-09-16T13:55:06.897Z,GRT,4.6379,24.64,0.01731,1360.361778
2026-09-16T13:55:06.897Z,SUI,0.4159,943.1,0.6904,1360.361778
2026-09-16T13:55:06.897Z,HYPE,0.7048,107700,78.616,1360.361778
2026-09-16T14:00:07.190Z,BTC,0.5129,103390000,75614,1360.361778
2026-09-16T14:00:07.190Z,ETH,0.5843,3273000,2392,1360.361778
2026-09-16T14:00:07.190Z,SOL,0.6984,133000,97.09,1360.361778
2026-09-16T14:00:07.190Z,BNB,0.7438,974000,710.7,1360.361778
2026-09-16T14:00:07.190Z,XRP,0.6447,1744,1.2738,1360.361778
2026-09-16T14:00:07.190Z,ADA,0.9229,263.6,0.192,1360.361778
2026-09-16T14:00:07.190Z,AVAX,0.7616,9935,7.248,1360.361778
2026-09-16T14:00:07.190Z,DOT,0.4221,1334,0.9765,1360.361778
2026-09-16T14:00:07.190Z,LINK,1.1181,14720,10.701,1360.361778
2026-09-16T14:00:07.190Z,POL,3.1105,130,0.09268,1360.361778
2026-09-16T14:00:07.190Z,DOGE,0.5612,108.4,0.07924,1360.361778
2026-09-16T14:00:07.190Z,TRX,0.4985,457.2,0.33442,1360.361778
2026-09-16T14:00:07.190Z,XLM,1.0101,239.3,0.17415,1360.361778
2026-09-16T14:00:07.190Z,SHIB,0.9499,0.0066,0.000004806,1360.361778
2026-09-16T14:00:07.190Z,BCH,0.6457,298200,217.8,1360.361778
2026-09-16T14:00:07.190Z,UNI,3.1915,8695,6.194,1360.361778
2026-09-16T14:00:07.190Z,AAVE,0.5263,160000,117,1360.361778
2026-09-16T14:00:07.190Z,SUSHI,1.3556,281,0.2038,1360.361778
2026-09-16T14:00:07.190Z,LDO,5.5549,474,0.3301,1360.361778
2026-09-16T14:00:07.190Z,ICP,1.3348,3427,2.486,1360.361778
2026-09-16T14:00:07.190Z,NEAR,1.838,3408,2.46,1360.361778
2026-09-16T14:00:07.190Z,HBAR,0.6619,99.95,0.07299,1360.361778
2026-09-16T14:00:07.190Z,XTZ,17.4707,388.8,0.2433,1360.361778
2026-09-16T14:00:07.190Z,DYDX,-0.5347,141.1,0.10428,1360.361778
2026-09-16T14:00:07.190Z,ARB,3.6842,233.9,0.16583,1360.361778
2026-09-16T14:00:07.190Z,GMX,6.6573,10200,7.03,1360.361778
2026-09-16T14:00:07.190Z,IMX,3.2794,163.3,0.11623,1360.361778
2026-09-16T14:00:07.190Z,INJ,-18.1259,6020,5.405,1360.361778
2026-09-16T14:00:07.190Z,GRT,4.9411,24.64,0.01726,1360.361778
2026-09-16T14:00:07.190Z,SUI,0.62,943.1,0.689,1360.361778
2026-09-16T14:00:07.190Z,HYPE,0.7087,107700,78.613,1360.361778
2026-09-16T14:05:06.554Z,BTC,0.6019,103405000,75558.1,1360.361778
2026-09-16T14:05:06.554Z,ETH,0.3451,3264000,2391.11,1360.361778
2026-09-16T14:05:06.554Z,SOL,0.5853,132700,96.98,1360.361778
2026-09-16T14:05:06.554Z,BNB,0.9142,974000,709.5,1360.361778
2026-09-16T14:05:06.554Z,XRP,0.5085,1740,1.2726,1360.361778
2026-09-16T14:05:06.554Z,ADA,0.6874,262.3,0.1915,1360.361778
2026-09-16T14:05:06.554Z,AVAX,0.6644,9935,7.255,1360.361778
2026-09-16T14:05:06.554Z,DOT,0.6488,1334,0.9743,1360.361778
2026-09-16T14:05:06.554Z,LINK,1.3075,14720,10.681,1360.361778
2026-09-16T14:05:06.554Z,POL,3.2553,130,0.09255,1360.361778
2026-09-16T14:05:06.554Z,DOGE,0.7901,108.4,0.07906,1360.361778
2026-09-16T14:05:06.554Z,TRX,0.5255,457.2,0.33433,1360.361778
2026-09-16T14:05:06.554Z,XLM,0.5537,238,0.17399,1360.361778
2026-09-16T14:05:06.554Z,SHIB,1.5415,0.0066,0.000004778,1360.361778
2026-09-16T14:05:06.554Z,BCH,0.7845,298200,217.5,1360.361778
2026-09-16T14:05:06.554Z,UNI,3.2415,8695,6.191,1360.361778
2026-09-16T14:05:06.554Z,AAVE,0.5435,160000,116.98,1360.361778
2026-09-16T14:05:06.554Z,SUSHI,1.5549,281,0.2034,1360.361778
2026-09-16T14:05:06.554Z,LDO,6.1983,474,0.3281,1360.361778
2026-09-16T14:05:06.554Z,ICP,1.4981,3427,2.482,1360.361778
2026-09-16T14:05:06.554Z,NEAR,1.8795,3408,2.459,1360.361778
2026-09-16T14:05:06.554Z,HBAR,0.6211,99.8,0.07291,1360.361778
2026-09-16T14:05:06.554Z,XTZ,18.2484,388.8,0.2417,1360.361778
2026-09-16T14:05:06.554Z,DYDX,-0.2477,141.1,0.10398,1360.361778
2026-09-16T14:05:06.554Z,ARB,4.1616,233.9,0.16507,1360.361778
2026-09-16T14:05:06.554Z,GMX,7.329,10200,6.986,1360.361778
2026-09-16T14:05:06.554Z,IMX,3.5466,163.3,0.11593,1360.361778
2026-09-16T14:05:06.554Z,INJ,-18.1411,6020,5.406,1360.361778
2026-09-16T14:05:06.554Z,GRT,5.246,24.64,0.01721,1360.361778
2026-09-16T14:05:06.554Z,SUI,0.8395,943.1,0.6875,1360.361778
2026-09-16T14:05:06.554Z,HYPE,0.8922,107700,78.47,1360.361778
2026-09-16T14:10:06.935Z,BTC,0.6365,103409000,75535,1360.361778
2026-09-16T14:10:06.935Z,ETH,0.7992,3275000,2388.36,1360.361778
2026-09-16T14:10:06.935Z,SOL,0.8543,133000,96.94,1360.361778
2026-09-16T14:10:06.935Z,BNB,0.8573,974000,709.9,1360.361778
2026-09-16T14:10:06.935Z,XRP,0.6897,1743,1.2725,1360.361778
2026-09-16T14:10:06.935Z,ADA,0.9034,263,0.1916,1360.361778
2026-09-16T14:10:06.935Z,AVAX,0.7477,9935,7.249,1360.361778
2026-09-16T14:10:06.935Z,DOT,1.1784,1334,0.9692,1360.361778
2026-09-16T14:10:06.935Z,LINK,1.3644,14720,10.675,1360.361778
2026-09-16T14:10:06.935Z,POL,3.6585,130,0.09219,1360.361778
2026-09-16T14:10:06.935Z,DOGE,0.9178,108.4,0.07896,1360.361778
2026-09-16T14:10:06.935Z,TRX,0.4775,457.2,0.33449,1360.361778
2026-09-16T14:10:06.935Z,XLM,0.6984,238,0.17374,1360.361778
2026-09-16T14:10:06.935Z,SHIB,1.7544,0.0066,0.000004768,1360.361778
2026-09-16T14:10:06.935Z,BCH,0.9702,298200,217.1,1360.361778
2026-09-16T14:10:06.935Z,UNI,3.5929,8695,6.17,1360.361778
2026-09-16T14:10:06.935Z,AAVE,0.7071,160000,116.79,1360.361778
2026-09-16T14:10:06.935Z,SUSHI,1.6049,281,0.2033,1360.361778
2026-09-16T14:10:06.935Z,LDO,6.3929,474,0.3275,1360.361778
2026-09-16T14:10:06.935Z,ICP,1.9499,3427,2.471,1360.361778
2026-09-16T14:10:06.935Z,NEAR,2.1287,3408,2.453,1360.361778
2026-09-16T14:10:06.935Z,HBAR,0.7593,99.8,0.07281,1360.361778
2026-09-16T14:10:06.935Z,XTZ,17.8097,388.8,0.2426,1360.361778
2026-09-16T14:10:06.935Z,DYDX,-0.1036,141.1,0.10383,1360.361778
2026-09-16T14:10:06.935Z,ARB,4.3449,233.9,0.16478,1360.361778
2026-09-16T14:10:06.935Z,GMX,7.4521,10200,6.978,1360.361778
2026-09-16T14:10:06.935Z,IMX,3.8063,163.3,0.11564,1360.361778
2026-09-16T14:10:06.935Z,INJ,-18.3826,6020,5.422,1360.361778
2026-09-16T14:10:06.935Z,GRT,5.4911,24.64,0.01717,1360.361778
2026-09-16T14:10:06.935Z,SUI,1.0453,943.1,0.6861,1360.361778
2026-09-16T14:10:06.935Z,HYPE,0.9784,107700,78.403,1360.361778
2026-09-16T14:15:07.110Z,BTC,0.4716,103288000,75570.5,1360.361778
2026-09-16T14:15:07.110Z,ETH,0.3567,3263000,2390.1,1360.361778
2026-09-16T14:15:07.110Z,SOL,0.3959,132300,96.87,1360.361778
2026-09-16T14:15:07.110Z,BNB,0.8857,974000,709.7,1360.361778
2026-09-16T14:15:07.110Z,XRP,0.6351,1740,1.271,1360.361778
2026-09-16T14:15:07.110Z,ADA,0.4955,261.8,0.1915,1360.361778
2026-09-16T14:15:07.110Z,AVAX,0.8173,9935,7.244,1360.361778
2026-09-16T14:15:07.110Z,DOT,1.0637,1334,0.9703,1360.361778
2026-09-16T14:15:07.110Z,LINK,0.554,14590,10.666,1360.361778
2026-09-16T14:15:07.110Z,POL,3.9291,130,0.09195,1360.361778
2026-09-16T14:15:07.110Z,DOGE,0.8795,108.4,0.07899,1360.361778
2026-09-16T14:15:07.110Z,TRX,0.5105,457.2,0.33438,1360.361778
2026-09-16T14:15:07.110Z,XLM,0.2791,237.2,0.17388,1360.361778
2026-09-16T14:15:07.110Z,SHIB,1.584,0.0066,0.000004776,1360.361778
2026-09-16T14:15:07.110Z,BCH,1.0168,298200,217,1360.361778
2026-09-16T14:15:07.110Z,UNI,4.1839,8695,6.135,1360.361778
2026-09-16T14:15:07.110Z,AAVE,0.6381,160000,116.87,1360.361778
2026-09-16T14:15:07.110Z,SUSHI,-0.7417,273.7,0.2027,1360.361778
2026-09-16T14:15:07.110Z,LDO,6.2307,474,0.328,1360.361778
2026-09-16T14:15:07.110Z,ICP,1.8675,3427,2.473,1360.361778
2026-09-16T14:15:07.110Z,NEAR,2.0039,3408,2.456,1360.361778
2026-09-16T14:15:07.110Z,HBAR,0.5946,99.5,0.07271,1360.361778
2026-09-16T14:15:07.110Z,XTZ,18.1018,388.8,0.242,1360.361778
2026-09-16T14:15:07.110Z,DYDX,0.3409,141.1,0.10337,1360.361778
2026-09-16T14:15:07.110Z,ARB,5.9393,233.9,0.1623,1360.361778
2026-09-16T14:15:07.110Z,GMX,7.7145,10200,6.961,1360.361778
2026-09-16T14:15:07.110Z,IMX,3.8242,163.3,0.11562,1360.361778
2026-09-16T14:15:07.110Z,INJ,-18.0046,6020,5.397,1360.361778
2026-09-16T14:15:07.110Z,GRT,5.7992,24.64,0.01712,1360.361778
2026-09-16T14:15:07.110Z,SUI,0.7278,940,0.686,1360.361778
2026-09-16T14:15:07.110Z,HYPE,0.9784,107700,78.403,1360.361778
2026-09-16T14:20:06.535Z,BTC,0.7029,103478000,75535.6,1360.361778
2026-09-16T14:20:06.535Z,ETH,0.7419,3272000,2387.53,1360.361778
2026-09-16T14:20:06.535Z,SOL,0.427,132300,96.84,1360.361778
2026-09-16T14:20:06.535Z,BNB,0.8999,974000,709.6,1360.361778
2026-09-16T14:20:06.535Z,XRP,0.6168,1739,1.2705,1360.361778
2026-09-16T14:20:06.535Z,ADA,0.4955,261.8,0.1915,1360.361778
2026-09-16T14:20:06.535Z,AVAX,0.8173,9935,7.244,1360.361778
2026-09-16T14:20:06.535Z,DOT,1.1576,1334,0.9694,1360.361778
2026-09-16T14:20:06.535Z,LINK,0.6578,14590,10.655,1360.361778
2026-09-16T14:20:06.535Z,POL,4.1103,130,0.09179,1360.361778
2026-09-16T14:20:06.535Z,DOGE,0.9014,108.3,0.0789,1360.361778
2026-09-16T14:20:06.535Z,TRX,0.8881,459,0.33444,1360.361778
2026-09-16T14:20:06.535Z,XLM,0.2215,237.2,0.17398,1360.361778
2026-09-16T14:20:06.535Z,SHIB,1.8399,0.0066,0.000004764,1360.361778
2026-09-16T14:20:06.535Z,BCH,1.11,298200,216.8,1360.361778
2026-09-16T14:20:06.535Z,UNI,4.7989,8695,6.099,1360.361778
2026-09-16T14:20:06.535Z,AAVE,0.8106,160000,116.67,1360.361778
2026-09-16T14:20:06.535Z,SUSHI,-0.3485,273.7,0.2019,1360.361778
2026-09-16T14:20:06.535Z,LDO,6.328,474,0.3277,1360.361778
2026-09-16T14:20:06.535Z,ICP,2.0739,3427,2.468,1360.361778
2026-09-16T14:20:06.535Z,NEAR,2.1287,3408,2.453,1360.361778
2026-09-16T14:20:06.535Z,HBAR,0.5807,99.5,0.07272,1360.361778
2026-09-16T14:20:06.535Z,XTZ,18.2484,388.8,0.2417,1360.361778
2026-09-16T14:20:06.535Z,DYDX,0.7111,141.1,0.10299,1360.361778
2026-09-16T14:20:06.535Z,ARB,6.4378,233.9,0.16154,1360.361778
2026-09-16T14:20:06.535Z,GMX,7.73,10200,6.96,1360.361778
2026-09-16T14:20:06.535Z,IMX,3.8871,163.3,0.11555,1360.361778
2026-09-16T14:20:06.535Z,INJ,-17.5462,6020,5.367,1360.361778
2026-09-16T14:20:06.535Z,GRT,5.8611,24.64,0.01711,1360.361778
2026-09-16T14:20:06.535Z,SUI,0.8454,940,0.6852,1360.361778
2026-09-16T14:20:06.535Z,HYPE,1.0674,107700,78.334,1360.361778
2026-09-16T14:25:07.101Z,BTC,0.5976,103470000,75608.8,1360.361778
2026-09-16T14:25:07.101Z,ETH,0.7098,3274000,2389.75,1360.361778
2026-09-16T14:25:07.101Z,SOL,0.6268,132700,96.94,1360.361778
2026-09-16T14:25:07.101Z,BNB,0.8431,974000,710,1360.361778
2026-09-16T14:25:07.101Z,XRP,0.5347,1741,1.273,1360.361778
2026-09-16T14:25:07.101Z,ADA,0.5158,262.4,0.1919,1360.361778
2026-09-16T14:25:07.101Z,AVAX,0.6644,9935,7.255,1360.361778
2026-09-16T14:25:07.101Z,DOT,0.9389,1334,0.9715,1360.361778
2026-09-16T14:25:07.101Z,LINK,0.5163,14590,10.67,1360.361778
2026-09-16T14:25:07.101Z,POL,4.2921,130,0.09163,1360.361778
2026-09-16T14:25:07.101Z,DOGE,0.7226,108.3,0.07904,1360.361778
2026-09-16T14:25:07.101Z,TRX,0.9455,459,0.33425,1360.361778
2026-09-16T14:25:07.101Z,XLM,-0.0256,237.2,0.17441,1360.361778
2026-09-16T14:25:07.101Z,SHIB,1.6265,0.0066,0.000004774,1360.361778
2026-09-16T14:25:07.101Z,BCH,0.9702,298200,217.1,1360.361778
2026-09-16T14:25:07.101Z,UNI,5.04,8695,6.085,1360.361778
2026-09-16T14:25:07.101Z,AAVE,0.7416,160000,116.75,1360.361778
2026-09-16T14:25:07.101Z,SUSHI,-0.4963,273.7,0.2022,1360.361778
2026-09-16T14:25:07.101Z,LDO,5.9078,474,0.329,1360.361778
2026-09-16T14:25:07.101Z,ICP,1.9087,3427,2.472,1360.361778
2026-09-16T14:25:07.101Z,NEAR,2.212,3408,2.451,1360.361778
2026-09-16T14:25:07.101Z,HBAR,0.6776,99.5,0.07265,1360.361778
2026-09-16T14:25:07.101Z,XTZ,18.2484,388.8,0.2417,1360.361778
2026-09-16T14:25:07.101Z,DYDX,0.3312,141.1,0.10338,1360.361778
2026-09-16T14:25:07.101Z,ARB,6.5367,233.9,0.16139,1360.361778
2026-09-16T14:25:07.101Z,GMX,7.5291,10200,6.973,1360.361778
2026-09-16T14:25:07.101Z,IMX,3.7794,163.3,0.11567,1360.361778
2026-09-16T14:25:07.101Z,INJ,-17.8218,6020,5.385,1360.361778
2026-09-16T14:25:07.101Z,GRT,5.7992,24.64,0.01712,1360.361778
2026-09-16T14:25:07.101Z,SUI,0.6398,940,0.6866,1360.361778
2026-09-16T14:25:07.101Z,HYPE,1.0145,107700,78.375,1360.361778
2026-09-16T14:30:06.855Z,BTC,0.557,103688000,75798.7,1360.361778
2026-09-16T14:30:06.855Z,ETH,0.5413,3278000,2396.68,1360.361778
2026-09-16T14:30:06.855Z,SOL,0.3369,132700,97.22,1360.361778
2026-09-16T14:30:06.855Z,BNB,0.6305,974000,711.5,1360.361778
2026-09-16T14:30:06.855Z,XRP,0.7103,1745,1.2737,1360.361778
2026-09-16T14:30:06.855Z,ADA,0.6608,263.6,0.1925,1360.361778
2026-09-16T14:30:06.855Z,AVAX,0.6506,9935,7.256,1360.361778
2026-09-16T14:30:06.855Z,DOT,0.6798,1334,0.974,1360.361778
2026-09-16T14:30:06.855Z,LINK,0.0568,14590,10.719,1360.361778
2026-09-16T14:30:06.855Z,POL,4.1897,130,0.09172,1360.361778
2026-09-16T14:30:06.855Z,DOGE,0.5446,108.3,0.07918,1360.361778
2026-09-16T14:30:06.855Z,TRX,0.8209,458.9,0.33459,1360.361778
2026-09-16T14:30:06.855Z,XLM,-0.3399,237.2,0.17496,1360.361778
2026-09-16T14:30:06.855Z,SHIB,1.3082,0.0066,0.000004789,1360.361778
2026-09-16T14:30:06.855Z,BCH,0.8309,298200,217.4,1360.361778
2026-09-16T14:30:06.855Z,UNI,4.8848,8695,6.094,1360.361778
2026-09-16T14:30:06.855Z,AAVE,0.5865,160000,116.93,1360.361778
2026-09-16T14:30:06.855Z,SUSHI,0.6402,277.1,0.2024,1360.361778
2026-09-16T14:30:06.855Z,LDO,5.6509,474,0.3298,1360.361778
2026-09-16T14:30:06.855Z,ICP,1.9087,3427,2.472,1360.361778
2026-09-16T14:30:06.855Z,NEAR,2.0039,3408,2.456,1360.361778
2026-09-16T14:30:06.855Z,HBAR,0.4702,99.5,0.0728,1360.361778
2026-09-16T14:30:06.855Z,XTZ,18.1506,388.8,0.2419,1360.361778
2026-09-16T14:30:06.855Z,DYDX,0.2924,141.1,0.10342,1360.361778
2026-09-16T14:30:06.855Z,ARB,7.2076,233.9,0.16038,1360.361778
2026-09-16T14:30:06.855Z,GMX,6.7788,10200,7.022,1360.361778
2026-09-16T14:30:06.855Z,IMX,3.8871,163.3,0.11555,1360.361778
2026-09-16T14:30:06.855Z,INJ,-17.8981,6020,5.39,1360.361778
2026-09-16T14:30:06.855Z,GRT,5.5526,24.64,0.01716,1360.361778
2026-09-16T14:30:06.855Z,SUI,0.435,940,0.688,1360.361778
2026-09-16T14:30:06.855Z,HYPE,0.669,107700,78.644,1360.361778
2026-09-16T14:35:06.675Z,BTC,0.6989,103688000,75691.9,1360.361778
2026-09-16T14:35:06.675Z,ETH,0.5468,3271000,2391.43,1360.361778
2026-09-16T14:35:06.675Z,SOL,0.7576,132900,96.96,1360.361778
2026-09-16T14:35:06.675Z,BNB,0.7863,974000,710.4,1360.361778
2026-09-16T14:35:06.675Z,XRP,0.6175,1736,1.2683,1360.361778
2026-09-16T14:35:06.675Z,ADA,0.8891,263.1,0.1917,1360.361778
2026-09-16T14:35:06.675Z,AVAX,0.8173,9935,7.244,1360.361778
2026-09-16T14:35:06.675Z,DOT,1.0846,1334,0.9701,1360.361778
2026-09-16T14:35:06.675Z,LINK,0.4598,14590,10.676,1360.361778
2026-09-16T14:35:06.675Z,POL,4.4631,130,0.09148,1360.361778
2026-09-16T14:35:06.675Z,DOGE,0.6462,108.3,0.0791,1360.361778
2026-09-16T14:35:06.675Z,TRX,0.8399,459,0.3346,1360.361778
2026-09-16T14:35:06.675Z,XLM,0.0605,237.2,0.17426,1360.361778
2026-09-16T14:35:06.675Z,SHIB,1.499,0.0066,0.00000478,1360.361778
2026-09-16T14:35:06.675Z,BCH,1.0168,298200,217,1360.361778
2026-09-16T14:35:06.675Z,UNI,0.9257,8305,6.049,1360.361778
2026-09-16T14:35:06.675Z,AAVE,0.8193,160000,116.66,1360.361778
2026-09-16T14:35:06.675Z,SUSHI,0.8895,277.1,0.2019,1360.361778
2026-09-16T14:35:06.675Z,LDO,5.94,474,0.3289,1360.361778
2026-09-16T14:35:06.675Z,ICP,2.0739,3427,2.468,1360.361778
2026-09-16T14:35:06.675Z,NEAR,2.212,3408,2.451,1360.361778
2026-09-16T14:35:06.675Z,HBAR,0.6521,99.42,0.07261,1360.361778
2026-09-16T14:35:06.675Z,XTZ,18.1506,388.8,0.2419,1360.361778
2026-09-16T14:35:06.675Z,DYDX,0.4965,141.1,0.10321,1360.361778
2026-09-16T14:35:06.675Z,ARB,0.5425,218.1,0.15946,1360.361778
2026-09-16T14:35:06.675Z,GMX,7.283,10200,6.989,1360.361778
2026-09-16T14:35:06.675Z,IMX,4.1847,163.3,0.11522,1360.361778
2026-09-16T14:35:06.675Z,INJ,-17.6843,6020,5.376,1360.361778
2026-09-16T14:35:06.675Z,GRT,5.7992,24.64,0.01712,1360.361778
2026-09-16T14:35:06.675Z,SUI,0.8307,940,0.6853,1360.361778
2026-09-16T14:35:06.675Z,HYPE,1.0364,107700,78.358,1360.361778
2026-09-16T14:40:07.618Z,BTC,0.7376,103603000,75600.8,1360.361778
2026-09-16T14:40:07.618Z,ETH,0.7145,3268000,2385.26,1360.361778
2026-09-16T14:40:07.618Z,SOL,0.9033,132900,96.82,1360.361778
2026-09-16T14:40:07.618Z,BNB,0.8999,974000,709.6,1360.361778
2026-09-16T14:40:07.618Z,XRP,0.7127,1736,1.2671,1360.361778
2026-09-16T14:40:07.618Z,ADA,1.0472,263.1,0.1914,1360.361778
2026-09-16T14:40:07.618Z,AVAX,0.7895,9935,7.246,1360.361778
2026-09-16T14:40:07.618Z,DOT,1.095,1334,0.97,1360.361778
2026-09-16T14:40:07.618Z,LINK,0.6389,14590,10.657,1360.361778
2026-09-16T14:40:07.618Z,POL,4.5545,130,0.0914,1360.361778
2026-09-16T14:40:07.618Z,DOGE,0.6081,108.3,0.07913,1360.361778
2026-09-16T14:40:07.618Z,TRX,0.873,459,0.33449,1360.361778
2026-09-16T14:40:07.618Z,XLM,0.6591,238.4,0.1741,1360.361778
2026-09-16T14:40:07.618Z,SHIB,1.7118,0.0066,0.00000477,1360.361778
2026-09-16T14:40:07.618Z,BCH,1.2033,298200,216.6,1360.361778
2026-09-16T14:40:07.618Z,UNI,1.4456,8305,6.018,1360.361778
2026-09-16T14:40:07.618Z,AAVE,1.0792,160000,116.36,1360.361778
2026-09-16T14:40:07.618Z,SUSHI,0.9395,277.1,0.2018,1360.361778
2026-09-16T14:40:07.618Z,LDO,6.0367,474,0.3286,1360.361778
2026-09-16T14:40:07.618Z,ICP,2.3642,3427,2.461,1360.361778
2026-09-16T14:40:07.618Z,NEAR,2.2955,3408,2.449,1360.361778
2026-09-16T14:40:07.618Z,HBAR,0.777,99.42,0.07252,1360.361778
2026-09-16T14:40:07.618Z,XTZ,18.2973,388.8,0.2416,1360.361778
2026-09-16T14:40:07.618Z,DYDX,0.3798,141.1,0.10333,1360.361778
2026-09-16T14:40:07.618Z,ARB,0.7636,218.1,0.15911,1360.361778
2026-09-16T14:40:07.618Z,GMX,6.9006,10200,7.014,1360.361778
2026-09-16T14:40:07.618Z,IMX,4.1214,163.3,0.11529,1360.361778
2026-09-16T14:40:07.618Z,INJ,-17.5462,6020,5.367,1360.361778
2026-09-16T14:40:07.618Z,GRT,5.923,24.64,0.0171,1360.361778
2026-09-16T14:40:07.618Z,SUI,0.8748,940,0.685,1360.361778
2026-09-16T14:40:07.618Z,HYPE,1.2613,107700,78.184,1360.361778
2026-09-16T14:45:06.940Z,BTC,0.6432,103683000,75730.1,1360.361778
2026-09-16T14:45:06.940Z,ETH,0.661,3274000,2390.91,1360.361778
2026-09-16T14:45:06.940Z,SOL,0.5231,132700,97.04,1360.361778
2026-09-16T14:45:06.940Z,BNB,0.7721,974000,710.5,1360.361778
2026-09-16T14:45:06.940Z,XRP,0.593,1739,1.2708,1360.361778
2026-09-16T14:45:06.940Z,ADA,0.5823,262.3,0.1917,1360.361778
2026-09-16T14:45:06.940Z,AVAX,0.6783,9935,7.254,1360.361778
2026-09-16T14:45:06.940Z,DOT,0.7419,1334,0.9734,1360.361778
2026-09-16T14:45:06.940Z,LINK,0.4316,14590,10.679,1360.361778
2026-09-16T14:45:06.940Z,POL,4.4631,130,0.09148,1360.361778
2026-09-16T14:45:06.940Z,DOGE,0.5192,108.3,0.0792,1360.361778
2026-09-16T14:45:06.940Z,TRX,0.8278,459,0.33464,1360.361778
2026-09-16T14:45:06.940Z,XLM,0.5494,238.4,0.17429,1360.361778
2026-09-16T14:45:06.940Z,SHIB,1.4777,0.0066,0.000004781,1360.361778
2026-09-16T14:45:06.940Z,BCH,0.8773,298200,217.3,1360.361778
2026-09-16T14:45:06.940Z,UNI,1.2941,8305,6.027,1360.361778
2026-09-16T14:45:06.940Z,AAVE,0.8971,160000,116.57,1360.361778
2026-09-16T14:45:06.940Z,SUSHI,0.5409,277.1,0.2026,1360.361778
2026-09-16T14:45:06.940Z,LDO,6.0045,474,0.3287,1360.361778
2026-09-16T14:45:06.940Z,ICP,2.1566,3427,2.466,1360.361778
2026-09-16T14:45:06.940Z,NEAR,1.838,3408,2.46,1360.361778
2026-09-16T14:45:06.940Z,HBAR,0.6937,99.42,0.07258,1360.361778
2026-09-16T14:45:06.940Z,XTZ,17.9556,388.8,0.2423,1360.361778
2026-09-16T14:45:06.940Z,DYDX,0.0988,141.1,0.10362,1360.361778
2026-09-16T14:45:06.940Z,ARB,0.2219,218.1,0.15997,1360.361778
2026-09-16T14:45:06.940Z,GMX,7.0074,10200,7.007,1360.361778
2026-09-16T14:45:06.940Z,IMX,3.9321,163.3,0.1155,1360.361778
2026-09-16T14:45:06.940Z,INJ,-17.8066,6020,5.384,1360.361778
2026-09-16T14:45:06.940Z,GRT,5.8611,24.64,0.01711,1360.361778
2026-09-16T14:45:06.940Z,SUI,0.5755,939.4,0.6866,1360.361778
2026-09-16T14:45:06.940Z,HYPE,0.9411,107700,78.432,1360.361778
2026-09-16T14:50:07.016Z,BTC,0.6787,103459000,75539.9,1360.361778
2026-09-16T14:50:07.016Z,ETH,0.535,3261000,2384.4,1360.361778
2026-09-16T14:50:07.016Z,SOL,0.945,132900,96.78,1360.361778
2026-09-16T14:50:07.016Z,BNB,0.9711,974000,709.1,1360.361778
2026-09-16T14:50:07.016Z,XRP,0.7072,1737,1.2679,1360.361778
2026-09-16T14:50:07.016Z,ADA,0.5237,261.6,0.1913,1360.361778
2026-09-16T14:50:07.016Z,AVAX,0.8312,9935,7.243,1360.361778
2026-09-16T14:50:07.016Z,DOT,0.8351,1334,0.9725,1360.361778
2026-09-16T14:50:07.016Z,LINK,0.6672,14590,10.654,1360.361778
2026-09-16T14:50:07.016Z,POL,4.7034,130,0.09127,1360.361778
2026-09-16T14:50:07.016Z,DOGE,0.5366,108.1,0.07904,1360.361778
2026-09-16T14:50:07.016Z,TRX,0.8459,459,0.33458,1360.361778
2026-09-16T14:50:07.016Z,XLM,0.8213,238.4,0.17382,1360.361778
2026-09-16T14:50:07.016Z,SHIB,1.6904,0.0066,0.000004771,1360.361778
2026-09-16T14:50:07.016Z,BCH,1.0633,298200,216.9,1360.361778
2026-09-16T14:50:07.016Z,UNI,0.4456,8245,6.034,1360.361778
2026-09-16T14:50:07.016Z,AAVE,1.0966,160000,116.34,1360.361778
2026-09-16T14:50:07.016Z,SUSHI,0.7896,277.1,0.2021,1360.361778
2026-09-16T14:50:07.016Z,LDO,6.1013,474,0.3284,1360.361778
2026-09-16T14:50:07.016Z,ICP,2.3226,3427,2.462,1360.361778
2026-09-16T14:50:07.016Z,NEAR,2.3373,3408,2.448,1360.361778
2026-09-16T14:50:07.016Z,HBAR,1.0138,99.42,0.07235,1360.361778
2026-09-16T14:50:07.016Z,XTZ,18.4444,388.8,0.2413,1360.361778
2026-09-16T14:50:07.016Z,DYDX,0.4381,141.1,0.10327,1360.361778
2026-09-16T14:50:07.016Z,ARB,0.4354,218.1,0.15963,1360.361778
2026-09-16T14:50:07.016Z,GMX,7.2983,10200,6.988,1360.361778
2026-09-16T14:50:07.016Z,IMX,4.1847,163.3,0.11522,1360.361778
2026-09-16T14:50:07.016Z,INJ,-17.3923,6020,5.357,1360.361778
2026-09-16T14:50:07.016Z,GRT,6.047,24.64,0.01708,1360.361778
2026-09-16T14:50:07.016Z,SUI,0.8252,939.4,0.6849,1360.361778
2026-09-16T14:50:07.016Z,HYPE,1.1306,107700,78.285,1360.361778
2026-09-16T14:55:06.536Z,BTC,0.5454,103379000,75581.5,1360.361778
2026-09-16T14:55:06.536Z,ETH,0.4773,3261000,2385.77,1360.361778
2026-09-16T14:55:06.536Z,SOL,0.5789,132500,96.84,1360.361778
2026-09-16T14:55:06.536Z,BNB,1.0281,974000,708.7,1360.361778
2026-09-16T14:55:06.536Z,XRP,0.6745,1730,1.2632,1360.361778
2026-09-16T14:55:06.536Z,ADA,0.633,261.2,0.1908,1360.361778
2026-09-16T14:55:06.536Z,AVAX,0.8591,9935,7.241,1360.361778
2026-09-16T14:55:06.536Z,DOT,0.7212,1334,0.9736,1360.361778
2026-09-16T14:55:06.536Z,LINK,0.5351,14590,10.668,1360.361778
2026-09-16T14:55:06.536Z,POL,4.8413,130,0.09115,1360.361778
2026-09-16T14:55:06.536Z,DOGE,0.715,108.1,0.0789,1360.361778
2026-09-16T14:55:06.536Z,TRX,0.8248,459,0.33465,1360.361778
2026-09-16T14:55:06.536Z,XLM,0.7721,237.9,0.17354,1360.361778
2026-09-16T14:55:06.536Z,SHIB,1.8826,0.0066,0.000004762,1360.361778
2026-09-16T14:55:06.536Z,BCH,1.11,298200,216.8,1360.361778
2026-09-16T14:55:06.536Z,UNI,0.429,8245,6.035,1360.361778
2026-09-16T14:55:06.536Z,AAVE,1.262,160000,116.15,1360.361778
2026-09-16T14:55:06.536Z,SUSHI,0.8395,277.1,0.202,1360.361778
2026-09-16T14:55:06.536Z,LDO,6.1336,474,0.3283,1360.361778
2026-09-16T14:55:06.536Z,ICP,2.2811,3427,2.463,1360.361778
2026-09-16T14:55:06.536Z,NEAR,-0.2731,3317,2.445,1360.361778
2026-09-16T14:55:06.536Z,HBAR,1.3079,99.42,0.07214,1360.361778
2026-09-16T14:55:06.536Z,XTZ,18.3463,388.8,0.2415,1360.361778
2026-09-16T14:55:06.536Z,DYDX,0.5354,141.1,0.10317,1360.361778
2026-09-16T14:55:06.536Z,ARB,0.1155,218.1,0.16014,1360.361778
2026-09-16T14:55:06.536Z,GMX,7.2676,10200,6.99,1360.361778
2026-09-16T14:55:06.536Z,IMX,4.1756,163.3,0.11523,1360.361778
2026-09-16T14:55:06.536Z,INJ,-17.2069,6020,5.345,1360.361778
2026-09-16T14:55:06.536Z,GRT,5.985,24.64,0.01709,1360.361778
2026-09-16T14:55:06.536Z,SUI,0.8639,938.8,0.6842,1360.361778
2026-09-16T14:55:06.536Z,HYPE,1.4429,107700,78.044,1360.361778
2026-09-16T15:00:06.896Z,BTC,0.6497,103583000,75652.2,1360.361778
2026-09-16T15:00:06.896Z,ETH,0.3368,3261000,2389.11,1360.361778
2026-09-16T15:00:06.896Z,SOL,0.4337,132500,96.98,1360.361778
2026-09-16T15:00:06.896Z,BNB,0.9711,974000,709.1,1360.361778
2026-09-16T15:00:06.896Z,XRP,0.5998,1732,1.2656,1360.361778
2026-09-16T15:00:06.896Z,ADA,0.4365,261.1,0.1911,1360.361778
2026-09-16T15:00:06.896Z,AVAX,0.8869,9935,7.239,1360.361778
2026-09-16T15:00:06.896Z,DOT,0.5044,1334,0.9757,1360.361778
2026-09-16T15:00:06.896Z,LINK,0.5257,14590,10.669,1360.361778
2026-09-16T15:00:06.896Z,POL,4.9103,130,0.09109,1360.361778
2026-09-16T15:00:06.896Z,DOGE,0.613,108.1,0.07898,1360.361778
2026-09-16T15:00:06.896Z,TRX,0.873,459,0.33449,1360.361778
2026-09-16T15:00:06.896Z,XLM,0.637,237.8,0.1737,1360.361778
2026-09-16T15:00:06.896Z,SHIB,1.7331,0.0066,0.000004769,1360.361778
2026-09-16T15:00:06.896Z,BCH,1.0168,298200,217,1360.361778
2026-09-16T15:00:06.896Z,UNI,0.18,8245,6.05,1360.361778
2026-09-16T15:00:06.896Z,AAVE,1.1401,160000,116.29,1360.361778
2026-09-16T15:00:06.896Z,SUSHI,0.69,277.1,0.2023,1360.361778
2026-09-16T15:00:06.896Z,LDO,6.069,474,0.3285,1360.361778
2026-09-16T15:00:06.896Z,ICP,2.2396,3427,2.464,1360.361778
2026-09-16T15:00:06.896Z,NEAR,0.3012,3317,2.431,1360.361778
2026-09-16T15:00:06.896Z,HBAR,0.3375,99,0.07253,1360.361778
2026-09-16T15:00:06.896Z,XTZ,18.4444,388.8,0.2413,1360.361778
2026-09-16T15:00:06.896Z,DYDX,0.4478,141.1,0.10326,1360.361778
2026-09-16T15:00:06.896Z,ARB,0.2783,218.1,0.15988,1360.361778
2026-09-16T15:00:06.896Z,GMX,7.329,10200,6.986,1360.361778
2026-09-16T15:00:06.896Z,IMX,4.1937,163.3,0.11521,1360.361778
2026-09-16T15:00:06.896Z,INJ,-17.4231,6020,5.359,1360.361778
2026-09-16T15:00:06.896Z,GRT,5.8611,24.64,0.01711,1360.361778
2026-09-16T15:00:06.896Z,SUI,0.7314,938.8,0.6851,1360.361778
2026-09-16T15:00:06.896Z,HYPE,1.3014,107700,78.153,1360.361778
2026-09-16T15:05:07.098Z,BTC,0.6411,103616000,75682.8,1360.361778
2026-09-16T15:05:07.098Z,ETH,0.2608,3261000,2390.92,1360.361778
2026-09-16T15:05:07.098Z,SOL,0.6155,133000,97.17,1360.361778
2026-09-16T15:05:07.098Z,BNB,0.8289,974000,710.1,1360.361778
2026-09-16T15:05:07.098Z,XRP,0.6413,1736,1.268,1360.361778
2026-09-16T15:05:07.098Z,ADA,0.7827,262,0.1911,1360.361778
2026-09-16T15:05:07.098Z,AVAX,0.7477,9935,7.249,1360.361778
2026-09-16T15:05:07.098Z,DOT,0.1043,1334,0.9796,1360.361778
2026-09-16T15:05:07.098Z,LINK,0.3846,14590,10.684,1360.361778
2026-09-16T15:05:07.098Z,POL,4.9334,130,0.09107,1360.361778
2026-09-16T15:05:07.098Z,DOGE,0.5621,108.1,0.07902,1360.361778
2026-09-16T15:05:07.098Z,TRX,0.8007,459,0.33473,1360.361778
2026-09-16T15:05:07.098Z,XLM,0.4346,237.8,0.17405,1360.361778
2026-09-16T15:05:07.098Z,SHIB,1.6265,0.0066,0.000004774,1360.361778
2026-09-16T15:05:07.098Z,BCH,0.8773,298200,217.3,1360.361778
2026-09-16T15:05:07.098Z,UNI,-0.2815,8245,6.078,1360.361778
2026-09-16T15:05:07.098Z,AAVE,0.9058,160000,116.56,1360.361778
2026-09-16T15:05:07.098Z,SUSHI,0.4913,277.1,0.2027,1360.361778
2026-09-16T15:05:07.098Z,LDO,5.8113,474,0.3293,1360.361778
2026-09-16T15:05:07.098Z,ICP,2.0739,3427,2.468,1360.361778
2026-09-16T15:05:07.098Z,NEAR,-0.1097,3317,2.441,1360.361778
2026-09-16T15:05:07.098Z,HBAR,0.3375,99,0.07253,1360.361778
2026-09-16T15:05:07.098Z,XTZ,18.1995,388.8,0.2418,1360.361778
2026-09-16T15:05:07.098Z,DYDX,0.3506,141.1,0.10336,1360.361778
2026-09-16T15:05:07.098Z,ARB,0.0156,218.1,0.1603,1360.361778
2026-09-16T15:05:07.098Z,GMX,7.3905,10200,6.982,1360.361778
2026-09-16T15:05:07.098Z,IMX,3.9681,163.3,0.11546,1360.361778
2026-09-16T15:05:07.098Z,INJ,-17.454,6020,5.361,1360.361778
2026-09-16T15:05:07.098Z,GRT,5.4297,24.64,0.01718,1360.361778
2026-09-16T15:05:07.098Z,SUI,0.4967,938.8,0.6867,1360.361778
2026-09-16T15:05:07.098Z,HYPE,0.9501,107700,78.425,1360.361778
2026-09-16T15:10:06.940Z,BTC,0.4112,103418000,75711.1,1360.361778
2026-09-16T15:10:06.940Z,ETH,0.5292,3271000,2391.85,1360.361778
2026-09-16T15:10:06.940Z,SOL,0.5877,133100,97.27,1360.361778
2026-09-16T15:10:06.940Z,BNB,0.7296,974000,710.8,1360.361778
2026-09-16T15:10:06.940Z,XRP,0.554,1736,1.2691,1360.361778
2026-09-16T15:10:06.940Z,ADA,0.659,262.5,0.1917,1360.361778
2026-09-16T15:10:06.940Z,AVAX,0.5951,9935,7.26,1360.361778
2026-09-16T15:10:06.940Z,DOT,-0.1505,1334,0.9821,1360.361778
2026-09-16T15:10:06.940Z,LINK,0.1409,14590,10.71,1360.361778
2026-09-16T15:10:06.940Z,POL,4.6576,130,0.09131,1360.361778
2026-09-16T15:10:06.940Z,DOGE,0.3969,108.1,0.07915,1360.361778
2026-09-16T15:10:06.940Z,TRX,0.7616,459,0.33486,1360.361778
2026-09-16T15:10:06.940Z,XLM,0.3021,237.8,0.17428,1360.361778
2026-09-16T15:10:06.940Z,SHIB,1.5627,0.0066,0.000004777,1360.361778
2026-09-16T15:10:06.940Z,BCH,0.7382,298200,217.6,1360.361778
2026-09-16T15:10:06.940Z,UNI,-1.0629,8245,6.126,1360.361778
2026-09-16T15:10:06.940Z,AAVE,0.7243,160000,116.77,1360.361778
2026-09-16T15:10:06.940Z,SUSHI,0.244,277.1,0.2032,1360.361778
2026-09-16T15:10:06.940Z,LDO,5.3634,474,0.3307,1360.361778
2026-09-16T15:10:06.940Z,ICP,1.9499,3427,2.471,1360.361778
2026-09-16T15:10:06.940Z,NEAR,-0.8409,3317,2.459,1360.361778
2026-09-16T15:10:06.940Z,HBAR,0.1166,99,0.07269,1360.361778
2026-09-16T15:10:06.940Z,XTZ,17.7612,388.8,0.2427,1360.361778
2026-09-16T15:10:06.940Z,DYDX,0.0795,141.1,0.10364,1360.361778
2026-09-16T15:10:06.940Z,ARB,0.4533,221.2,0.16187,1360.361778
2026-09-16T15:10:06.940Z,GMX,7.3444,10200,6.985,1360.361778
2026-09-16T15:10:06.940Z,IMX,3.8961,163.3,0.11554,1360.361778
2026-09-16T15:10:06.940Z,INJ,-17.7302,6020,5.379,1360.361778
2026-09-16T15:10:06.940Z,GRT,5.3684,24.64,0.01719,1360.361778
2026-09-16T15:10:06.940Z,SUI,0.3797,938.8,0.6875,1360.361778
2026-09-16T15:10:06.940Z,HYPE,0.7907,107700,78.549,1360.361778
2026-09-16T15:15:06.906Z,BTC,0.6303,103645000,75712.1,1360.361778
2026-09-16T15:15:06.906Z,ETH,0.5073,3271000,2392.37,1360.361778
2026-09-16T15:15:06.906Z,SOL,0.5948,133000,97.19,1360.361778
2026-09-16T15:15:06.906Z,BNB,0.7296,974000,710.8,1360.361778
2026-09-16T15:15:06.906Z,XRP,0.6984,1740,1.2702,1360.361778
2026-09-16T15:15:06.906Z,ADA,0.7357,262.7,0.1917,1360.361778
2026-09-16T15:15:06.906Z,AVAX,0.6644,9935,7.255,1360.361778
2026-09-16T15:15:06.906Z,DOT,-0.059,1334,0.9812,1360.361778
2026-09-16T15:15:06.906Z,LINK,-0.1109,14590,10.737,1360.361778
2026-09-16T15:15:06.906Z,POL,4.8988,130,0.0911,1360.361778
2026-09-16T15:15:06.906Z,DOGE,0.435,108.1,0.07912,1360.361778
2026-09-16T15:15:06.906Z,TRX,0.7195,459,0.335,1360.361778
2026-09-16T15:15:06.906Z,XLM,0.3193,237.8,0.17425,1360.361778
2026-09-16T15:15:06.906Z,SHIB,1.6052,0.0066,0.000004775,1360.361778
2026-09-16T15:15:06.906Z,BCH,1.0423,299100,217.6,1360.361778
2026-09-16T15:15:06.906Z,UNI,-1.1436,8245,6.131,1360.361778
2026-09-16T15:15:06.906Z,AAVE,0.7071,160000,116.79,1360.361778
2026-09-16T15:15:06.906Z,SUSHI,0.3428,277.1,0.203,1360.361778
2026-09-16T15:15:06.906Z,LDO,5.3634,474,0.3307,1360.361778
2026-09-16T15:15:06.906Z,ICP,1.9912,3427,2.47,1360.361778
2026-09-16T15:15:06.906Z,NEAR,-0.7198,3317,2.456,1360.361778
2026-09-16T15:15:06.906Z,HBAR,0.2269,99,0.07261,1360.361778
2026-09-16T15:15:06.906Z,XTZ,17.7127,388.8,0.2428,1360.361778
2026-09-16T15:15:06.906Z,DYDX,0.0409,141.1,0.10368,1360.361778
2026-09-16T15:15:06.906Z,ARB,0.9993,222.1,0.16165,1360.361778
2026-09-16T15:15:06.906Z,GMX,7.5754,10200,6.97,1360.361778
2026-09-16T15:15:06.906Z,IMX,3.7704,163.3,0.11568,1360.361778
2026-09-16T15:15:06.906Z,INJ,-17.6536,6020,5.374,1360.361778
2026-09-16T15:15:06.906Z,GRT,5.246,24.64,0.01721,1360.361778
2026-09-16T15:15:06.906Z,SUI,0.3505,938.8,0.6877,1360.361778
2026-09-16T15:15:06.906Z,HYPE,0.9591,107700,78.418,1360.361778
2026-09-16T15:20:07.104Z,BTC,0.6012,103524000,75645.6,1360.361778
2026-09-16T15:20:07.104Z,ETH,0.7684,3273000,2387.63,1360.361778
2026-09-16T15:20:07.104Z,SOL,0.7576,132900,96.96,1360.361778
2026-09-16T15:20:07.104Z,BNB,0.8431,974000,710,1360.361778
2026-09-16T15:20:07.104Z,XRP,0.6651,1736,1.2677,1360.361778
2026-09-16T15:20:07.104Z,ADA,0.7585,261.8,0.191,1360.361778
2026-09-16T15:20:07.104Z,AVAX,0.8591,9935,7.241,1360.361778
2026-09-16T15:20:07.104Z,DOT,1.1015,1340,0.9743,1360.361778
2026-09-16T15:20:07.104Z,LINK,0.197,14590,10.704,1360.361778
2026-09-16T15:20:07.104Z,POL,4.7723,130,0.09121,1360.361778
2026-09-16T15:20:07.104Z,DOGE,0.6003,108.1,0.07899,1360.361778
2026-09-16T15:20:07.104Z,TRX,0.7496,459,0.3349,1360.361778
2026-09-16T15:20:07.104Z,XLM,0.5386,237.8,0.17387,1360.361778
2026-09-16T15:20:07.104Z,SHIB,1.8399,0.0066,0.000004764,1360.361778
2026-09-16T15:20:07.104Z,BCH,1.275,299100,217.1,1360.361778
2026-09-16T15:20:07.104Z,UNI,-1.0144,8245,6.123,1360.361778
2026-09-16T15:20:07.104Z,AAVE,1.0098,160000,116.44,1360.361778
2026-09-16T15:20:07.104Z,SUSHI,0.69,277.1,0.2023,1360.361778
2026-09-16T15:20:07.104Z,LDO,5.6189,474,0.3299,1360.361778
2026-09-16T15:20:07.104Z,ICP,2.2396,3427,2.464,1360.361778
2026-09-16T15:20:07.104Z,NEAR,-0.2323,3317,2.444,1360.361778
2026-09-16T15:20:07.104Z,HBAR,0.3098,99,0.07255,1360.361778
2026-09-16T15:20:07.104Z,XTZ,17.8097,388.8,0.2426,1360.361778
2026-09-16T15:20:07.104Z,DYDX,0.1858,141.1,0.10353,1360.361778
2026-09-16T15:20:07.104Z,ARB,2.2774,222.1,0.15963,1360.361778
2026-09-16T15:20:07.104Z,GMX,7.4675,10200,6.977,1360.361778
2026-09-16T15:20:07.104Z,IMX,3.9051,163.3,0.11553,1360.361778
2026-09-16T15:20:07.104Z,INJ,-17.4694,6020,5.362,1360.361778
2026-09-16T15:20:07.104Z,GRT,5.4297,24.64,0.01718,1360.361778
2026-09-16T15:20:07.104Z,SUI,0.6726,938.8,0.6855,1360.361778
2026-09-16T15:20:07.104Z,HYPE,1.1733,107700,78.252,1360.361778
2026-09-16T15:25:06.867Z,BTC,0.6559,103665000,75707.4,1360.361778
2026-09-16T15:25:06.867Z,ETH,0.7237,3273000,2388.69,1360.361778
2026-09-16T15:25:06.867Z,SOL,0.7057,132900,97.01,1360.361778
2026-09-16T15:25:06.867Z,BNB,0.7154,974000,710.9,1360.361778
2026-09-16T15:25:06.867Z,XRP,0.6119,1737,1.2691,1360.361778
2026-09-16T15:25:06.867Z,ADA,0.7542,262.2,0.1913,1360.361778
2026-09-16T15:25:06.867Z,AVAX,0.8312,9935,7.243,1360.361778
2026-09-16T15:25:06.867Z,DOT,1.2366,1340,0.973,1360.361778
2026-09-16T15:25:06.867Z,LINK,0.1409,14590,10.71,1360.361778
2026-09-16T15:25:06.867Z,POL,4.8643,130,0.09113,1360.361778
2026-09-16T15:25:06.867Z,DOGE,0.4858,108.1,0.07908,1360.361778
2026-09-16T15:25:06.867Z,TRX,0.7255,459,0.33498,1360.361778
2026-09-16T15:25:06.867Z,XLM,0.4519,237.8,0.17402,1360.361778
2026-09-16T15:25:06.867Z,SHIB,1.6904,0.0066,0.000004771,1360.361778
2026-09-16T15:25:06.867Z,BCH,1.2284,299100,217.2,1360.361778
2026-09-16T15:25:06.867Z,UNI,-1.0629,8245,6.126,1360.361778
2026-09-16T15:25:06.867Z,AAVE,1.0011,160000,116.45,1360.361778
2026-09-16T15:25:06.867Z,SUSHI,0.5409,277.1,0.2026,1360.361778
2026-09-16T15:25:06.867Z,LDO,5.5549,474,0.3301,1360.361778
2026-09-16T15:25:06.867Z,ICP,2.1981,3427,2.465,1360.361778
2026-09-16T15:25:06.867Z,NEAR,-0.3546,3317,2.447,1360.361778
2026-09-16T15:25:06.867Z,HBAR,0.3375,99,0.07253,1360.361778
2026-09-16T15:25:06.867Z,XTZ,17.7612,388.8,0.2427,1360.361778
2026-09-16T15:25:06.867Z,DYDX,0.1762,141.1,0.10354,1360.361778
2026-09-16T15:25:06.867Z,ARB,0.6347,218.3,0.15946,1360.361778
2026-09-16T15:25:06.867Z,GMX,7.7145,10200,6.961,1360.361778
2026-09-16T15:25:06.867Z,IMX,4.0222,163.3,0.1154,1360.361778
2026-09-16T15:25:06.867Z,INJ,-17.3615,6020,5.355,1360.361778
2026-09-16T15:25:06.867Z,GRT,5.3071,24.64,0.0172,1360.361778
2026-09-16T15:25:06.867Z,SUI,0.6432,938.8,0.6857,1360.361778
2026-09-16T15:25:06.867Z,HYPE,1.0161,107600,78.301,1360.361778
2026-09-16T15:30:07.084Z,BTC,0.6713,103538000,75603.1,1360.361778
2026-09-16T15:30:07.084Z,ETH,0.7419,3270000,2386.07,1360.361778
2026-09-16T15:30:07.084Z,SOL,0.7992,132900,96.92,1360.361778
2026-09-16T15:30:07.084Z,BNB,0.9426,974000,709.3,1360.361778
2026-09-16T15:30:07.084Z,XRP,0.7319,1734,1.2654,1360.361778
2026-09-16T15:30:07.084Z,ADA,0.9941,262,0.1907,1360.361778
2026-09-16T15:30:07.084Z,AVAX,1.0544,9935,7.227,1360.361778
2026-09-16T15:30:07.084Z,DOT,1.2991,1340,0.9724,1360.361778
2026-09-16T15:30:07.084Z,LINK,0.3376,14590,10.689,1360.361778
2026-09-16T15:30:07.084Z,POL,5.0141,130,0.091,1360.361778
2026-09-16T15:30:07.084Z,DOGE,0.6512,108.1,0.07895,1360.361778
2026-09-16T15:30:07.084Z,TRX,0.7225,459,0.33499,1360.361778
2026-09-16T15:30:07.084Z,XLM,0.5907,237.8,0.17378,1360.361778
2026-09-16T15:30:07.084Z,SHIB,0.2547,0.0065,0.000004766,1360.361778
2026-09-16T15:30:07.084Z,BCH,1.5088,299100,216.6,1360.361778
2026-09-16T15:30:07.084Z,UNI,-1.1113,8245,6.129,1360.361778
2026-09-16T15:30:07.084Z,AAVE,1.2445,160000,116.17,1360.361778
2026-09-16T15:30:07.084Z,SUSHI,0.7896,277.1,0.2021,1360.361778
2026-09-16T15:30:07.084Z,LDO,5.8113,474,0.3293,1360.361778
2026-09-16T15:30:07.084Z,ICP,2.3642,3427,2.461,1360.361778
2026-09-16T15:30:07.084Z,NEAR,0.0953,3317,2.436,1360.361778
2026-09-16T15:30:07.084Z,HBAR,0.5315,99,0.07239,1360.361778
2026-09-16T15:30:07.084Z,XTZ,17.9556,388.8,0.2423,1360.361778
2026-09-16T15:30:07.084Z,DYDX,0.3409,141.1,0.10337,1360.361778
2026-09-16T15:30:07.084Z,ARB,0.665,218.9,0.15985,1360.361778
2026-09-16T15:30:07.084Z,GMX,7.9782,10200,6.944,1360.361778
2026-09-16T15:30:07.084Z,IMX,4.1576,163.3,0.11525,1360.361778
2026-09-16T15:30:07.084Z,INJ,-17.1293,6020,5.34,1360.361778
2026-09-16T15:30:07.084Z,GRT,5.4297,24.64,0.01718,1360.361778
2026-09-16T15:30:07.084Z,SUI,0.9524,938.8,0.6836,1360.361778
2026-09-16T15:30:07.084Z,HYPE,1.2644,107600,78.109,1360.361778
2026-09-16T15:35:06.933Z,BTC,0.6976,103609000,75635.2,1360.361778
2026-09-16T15:35:06.933Z,ETH,0.6512,3269000,2387.49,1360.361778
2026-09-16T15:35:06.933Z,SOL,0.6953,132900,97.02,1360.361778
2026-09-16T15:35:06.933Z,BNB,0.8999,974000,709.6,1360.361778
2026-09-16T15:35:06.933Z,XRP,0.6523,1734,1.2664,1360.361778
2026-09-16T15:35:06.933Z,ADA,0.8355,262,0.191,1360.361778
2026-09-16T15:35:06.933Z,AVAX,1.0824,9935,7.225,1360.361778
2026-09-16T15:35:06.933Z,DOT,1.0497,1340,0.9748,1360.361778
2026-09-16T15:35:06.933Z,LINK,0.2345,14590,10.7,1360.361778
2026-09-16T15:35:06.933Z,POL,4.9679,130,0.09104,1360.361778
2026-09-16T15:35:06.933Z,DOGE,0.6512,108.1,0.07895,1360.361778
2026-09-16T15:35:06.933Z,TRX,0.6984,459,0.33507,1360.361778
2026-09-16T15:35:06.933Z,XLM,0.6312,237.8,0.17371,1360.361778
2026-09-16T15:35:06.933Z,SHIB,0.0239,0.0065,0.000004777,1360.361778
2026-09-16T15:35:06.933Z,BCH,1.5088,299100,216.6,1360.361778
2026-09-16T15:35:06.933Z,UNI,-1.2724,8245,6.139,1360.361778
2026-09-16T15:35:06.933Z,AAVE,1.1401,160000,116.29,1360.361778
2026-09-16T15:35:06.933Z,SUSHI,0.7896,277.1,0.2021,1360.361778
2026-09-16T15:35:06.933Z,LDO,5.7792,474,0.3294,1360.361778
2026-09-16T15:35:06.933Z,ICP,0.9416,3378,2.46,1360.361778
2026-09-16T15:35:06.933Z,NEAR,-0.2323,3317,2.444,1360.361778
2026-09-16T15:35:06.933Z,HBAR,0.5694,99.01,0.07237,1360.361778
2026-09-16T15:35:06.933Z,XTZ,17.7127,388.8,0.2428,1360.361778
2026-09-16T15:35:06.933Z,DYDX,0.2149,141.1,0.1035,1360.361778
2026-09-16T15:35:06.933Z,ARB,-0.2337,218.9,0.16129,1360.361778
2026-09-16T15:35:06.933Z,GMX,7.7609,10200,6.958,1360.361778
2026-09-16T15:35:06.933Z,IMX,4.2028,163.3,0.1152,1360.361778
2026-09-16T15:35:06.933Z,INJ,-16.8491,6020,5.322,1360.361778
2026-09-16T15:35:06.933Z,GRT,5.3684,24.64,0.01719,1360.361778
2026-09-16T15:35:06.933Z,SUI,0.8704,937.9,0.6835,1360.361778
2026-09-16T15:35:06.933Z,HYPE,1.0135,107600,78.303,1360.361778
2026-09-16T15:40:06.911Z,BTC,0.6544,103707000,75739.2,1360.361778
2026-09-16T15:40:06.911Z,ETH,0.3997,3269000,2393.47,1360.361778
2026-09-16T15:40:06.911Z,SOL,0.5399,132900,97.17,1360.361778
2026-09-16T15:40:06.911Z,BNB,0.6871,974000,711.1,1360.361778
2026-09-16T15:40:06.911Z,XRP,0.654,1738,1.2693,1360.361778
2026-09-16T15:40:06.911Z,ADA,0.7883,262.7,0.1916,1360.361778
2026-09-16T15:40:06.911Z,AVAX,0.8869,9935,7.239,1360.361778
2026-09-16T15:40:06.911Z,DOT,0.8944,1340,0.9763,1360.361778
2026-09-16T15:40:06.911Z,LINK,0.0101,14590,10.724,1360.361778
2026-09-16T15:40:06.911Z,POL,4.8413,130,0.09115,1360.361778
2026-09-16T15:40:06.911Z,DOGE,0.4731,108.1,0.07909,1360.361778
2026-09-16T15:40:06.911Z,TRX,0.6303,459.1,0.33537,1360.361778
2026-09-16T15:40:06.911Z,XLM,0.4577,237.8,0.17401,1360.361778
2026-09-16T15:40:06.911Z,SHIB,-0.1016,0.0065,0.000004783,1360.361778
2026-09-16T15:40:06.911Z,BCH,1.3684,299100,216.9,1360.361778
2026-09-16T15:40:06.911Z,UNI,-2.0858,8245,6.19,1360.361778
2026-09-16T15:40:06.911Z,AAVE,1.0966,160000,116.34,1360.361778
2026-09-16T15:40:06.911Z,SUSHI,0.4913,277.1,0.2027,1360.361778
2026-09-16T15:40:06.911Z,LDO,5.715,474,0.3296,1360.361778
2026-09-16T15:40:06.911Z,ICP,0.8186,3378,2.463,1360.361778
2026-09-16T15:40:06.911Z,NEAR,-0.2731,3317,2.445,1360.361778
2026-09-16T15:40:06.911Z,HBAR,0.1956,99.01,0.07264,1360.361778
2026-09-16T15:40:06.911Z,XTZ,17.4707,388.8,0.2433,1360.361778
2026-09-16T15:40:06.911Z,DYDX,0.2343,141.1,0.10348,1360.361778
2026-09-16T15:40:06.911Z,ARB,0.5016,218.9,0.16011,1360.361778
2026-09-16T15:40:06.911Z,GMX,7.73,10200,6.96,1360.361778
2026-09-16T15:40:06.911Z,IMX,3.9321,163.3,0.1155,1360.361778
2026-09-16T15:40:06.911Z,INJ,-16.9894,6020,5.331,1360.361778
2026-09-16T15:40:06.911Z,GRT,5.1848,24.64,0.01722,1360.361778
2026-09-16T15:40:06.911Z,SUI,0.6348,937.9,0.6851,1360.361778
2026-09-16T15:40:06.911Z,HYPE,0.5934,107600,78.63,1360.361778
2026-09-16T15:45:07.211Z,BTC,0.7051,103720000,75710.6,1360.361778
2026-09-16T15:45:07.211Z,ETH,0.6925,3275000,2390.89,1360.361778
2026-09-16T15:45:07.211Z,SOL,0.6673,133000,97.12,1360.361778
2026-09-16T15:45:07.211Z,BNB,0.6446,974000,711.4,1360.361778
2026-09-16T15:45:07.211Z,XRP,0.7254,1738,1.2684,1360.361778
2026-09-16T15:45:07.211Z,ADA,0.8409,262.7,0.1915,1360.361778
2026-09-16T15:45:07.211Z,AVAX,0.9287,9935,7.236,1360.361778
2026-09-16T15:45:07.211Z,DOT,1.0808,1340,0.9745,1360.361778
2026-09-16T15:45:07.211Z,LINK,0.1783,14590,10.706,1360.361778
2026-09-16T15:45:07.211Z,POL,4.8643,130,0.09113,1360.361778
2026-09-16T15:45:07.211Z,DOGE,0.5366,108.1,0.07904,1360.361778
2026-09-16T15:45:07.211Z,TRX,0.6093,459.1,0.33544,1360.361778
2026-09-16T15:45:07.211Z,XLM,0.706,238.1,0.1738,1360.361778
2026-09-16T15:45:07.211Z,SHIB,0.0658,0.0065,0.000004775,1360.361778
2026-09-16T15:45:07.211Z,BCH,1.3684,299100,216.9,1360.361778
2026-09-16T15:45:07.211Z,UNI,-2.1806,8245,6.196,1360.361778
2026-09-16T15:45:07.211Z,AAVE,1.1488,160000,116.28,1360.361778
2026-09-16T15:45:07.211Z,SUSHI,0.69,277.1,0.2023,1360.361778
2026-09-16T15:45:07.211Z,LDO,5.8435,474,0.3292,1360.361778
2026-09-16T15:45:07.211Z,ICP,0.9006,3378,2.461,1360.361778
2026-09-16T15:45:07.211Z,NEAR,-0.4767,3317,2.45,1360.361778
2026-09-16T15:45:07.211Z,HBAR,0.3753,99.01,0.07251,1360.361778
2026-09-16T15:45:07.211Z,XTZ,17.4225,388.8,0.2434,1360.361778
2026-09-16T15:45:07.211Z,DYDX,0.3603,141.1,0.10335,1360.361778
2026-09-16T15:45:07.211Z,ARB,14.1036,247.3,0.15932,1360.361778
2026-09-16T15:45:07.211Z,GMX,7.699,10200,6.962,1360.361778
2026-09-16T15:45:07.211Z,IMX,4.0402,163.3,0.11538,1360.361778
2026-09-16T15:45:07.211Z,INJ,-16.8647,6020,5.323,1360.361778
2026-09-16T15:45:07.211Z,GRT,5.3071,24.64,0.0172,1360.361778
2026-09-16T15:45:07.211Z,SUI,0.7083,937.9,0.6846,1360.361778
2026-09-16T15:45:07.211Z,HYPE,0.4414,107600,78.749,1360.361778
2026-09-16T15:50:06.931Z,BTC,0.6995,103833000,75797.3,1360.361778
2026-09-16T15:50:06.931Z,ETH,0.6694,3282000,2396.55,1360.361778
