checkedAt,coin,premium,korbitPrice,foreignPrice,usdKrwRate
2026-09-11T00:00:06.915Z,BTC,2.1515,104706000,76549.9,1339.004703
2026-09-11T00:00:06.915Z,ETH,2.1795,3335000,2437.53,1339.004703
2026-09-11T00:00:06.915Z,SOL,2.1562,134900,98.62,1339.004703
2026-09-11T00:00:06.915Z,BNB,2.0265,967500,708.2,1339.004703
2026-09-11T00:00:06.915Z,XRP,2.1527,1824,1.3335,1339.004703
2026-09-11T00:00:06.915Z,ADA,2.2315,279.8,0.2044,1339.004703
2026-09-11T00:00:06.915Z,AVAX,2.4894,10180,7.418,1339.004703
2026-09-11T00:00:06.915Z,DOT,2.3447,1501,1.0953,1339.004703
2026-09-11T00:00:06.915Z,LINK,2.3376,15690,11.45,1339.004703
2026-09-11T00:00:06.915Z,POL,2.2823,126,0.092,1339.004703
2026-09-11T00:00:06.915Z,DOGE,2.1959,113.4,0.08287,1339.004703
2026-09-11T00:00:06.915Z,TRX,2.3621,465.7,0.33977,1339.004703
2026-09-11T00:00:06.915Z,XLM,2.1604,238.8,0.17457,1339.004703
2026-09-11T00:00:06.915Z,SHIB,2.4266,0.0069,5.031e-06,1339.004703
2026-09-11T00:00:06.915Z,BCH,13.1419,338900,223.7,1339.004703
2026-09-11T00:00:06.915Z,UNI,2.8153,8190,5.949,1339.004703
2026-09-11T00:00:06.915Z,AAVE,2.4955,165500,120.59,1339.004703
2026-09-11T00:00:06.915Z,SUSHI,2.719,292,0.2123,1339.004703
2026-09-11T00:00:06.915Z,LDO,-18.7758,399.8,0.3676,1339.004703
2026-09-11T00:00:06.915Z,ICP,1.3755,3813,2.809,1339.004703
2026-09-11T00:00:06.915Z,NEAR,2.073,3339,2.443,1339.004703
2026-09-11T00:00:06.915Z,HBAR,2.2211,102.3,0.07474,1339.004703
2026-09-11T00:00:06.915Z,XTZ,2.8655,348.2,0.2528,1339.004703
2026-09-11T00:00:06.915Z,DYDX,-0.84,149.2,0.11237,1339.004703
2026-09-11T00:00:06.915Z,ARB,2.5701,192.1,0.13987,1339.004703
2026-09-11T00:00:06.915Z,GMX,2.7034,10160,7.388,1339.004703
2026-09-11T00:00:06.915Z,IMX,2.8906,163.3,0.11853,1339.004703
2026-09-11T00:00:06.915Z,INJ,-0.7418,7900,5.944,1339.004703
2026-09-11T00:00:06.915Z,GRT,14.0734,26.99,0.01767,1339.004703
2026-09-11T00:00:06.915Z,SUI,2.2953,995.8,0.727,1339.004703
2026-09-11T00:00:06.915Z,HYPE,1.1866,106500,78.604,1339.004703
2026-09-11T00:05:06.957Z,BTC,2.2016,104866000,76629.3,1339.004703
2026-09-11T00:05:06.957Z,ETH,2.0526,3335000,2440.56,1339.004703
2026-09-11T00:05:06.957Z,SOL,2.1587,135300,98.91,1339.004703
2026-09-11T00:05:06.957Z,BNB,1.8395,967500,709.5,1339.004703
2026-09-11T00:05:06.957Z,XRP,2.241,1829,1.336,1339.004703
2026-09-11T00:05:06.957Z,ADA,2.1316,279.8,0.2046,1339.004703
2026-09-11T00:05:06.957Z,AVAX,2.379,10180,7.426,1339.004703
2026-09-11T00:05:06.957Z,DOT,2.121,1501,1.0977,1339.004703
2026-09-11T00:05:06.957Z,LINK,2.0702,15690,11.48,1339.004703
2026-09-11T00:05:06.957Z,POL,2.0937,126,0.09217,1339.004703
2026-09-11T00:05:06.957Z,DOGE,1.9131,113.4,0.0831,1339.004703
2026-09-11T00:05:06.957Z,TRX,2.2898,465.7,0.34001,1339.004703
2026-09-11T00:05:06.957Z,XLM,2.1286,239.3,0.17499,1339.004703
2026-09-11T00:05:06.957Z,SHIB,2.2437,0.0069,5.04e-06,1339.004703
2026-09-11T00:05:06.957Z,BCH,12.3883,338900,225.2,1339.004703
2026-09-11T00:05:06.957Z,UNI,2.4537,8190,5.97,1339.004703
2026-09-11T00:05:06.957Z,AAVE,2.3257,165500,120.79,1339.004703
2026-09-11T00:05:06.957Z,SUSHI,1.9506,292,0.2139,1339.004703
2026-09-11T00:05:06.957Z,LDO,-18.7537,399.8,0.3675,1339.004703
2026-09-11T00:05:06.957Z,ICP,0.9801,3813,2.82,1339.004703
2026-09-11T00:05:06.957Z,NEAR,1.121,3339,2.466,1339.004703
2026-09-11T00:05:06.957Z,HBAR,2.0027,102.3,0.0749,1339.004703
2026-09-11T00:05:06.957Z,XTZ,2.9062,348.2,0.2527,1339.004703
2026-09-11T00:05:06.957Z,DYDX,-1.218,149.2,0.1128,1339.004703
2026-09-11T00:05:06.957Z,ARB,1.6399,192.1,0.14115,1339.004703
2026-09-11T00:05:06.957Z,GMX,1.794,10160,7.454,1339.004703
2026-09-11T00:05:06.957Z,IMX,2.6827,163.3,0.11877,1339.004703
2026-09-11T00:05:06.957Z,INJ,-0.8753,7900,5.952,1339.004703
2026-09-11T00:05:06.957Z,GRT,13.88,26.99,0.0177,1339.004703
2026-09-11T00:05:06.957Z,SUI,1.847,995.8,0.7302,1339.004703
2026-09-11T00:05:06.957Z,HYPE,1.2329,106500,78.568,1339.004703
2026-09-11T00:10:06.752Z,BTC,1.6655,105003000,76786.7,1345.061572
2026-09-11T00:10:06.752Z,ETH,1.6041,3344000,2446.88,1345.061572
2026-09-11T00:10:06.752Z,SOL,1.4932,135600,99.33,1345.061572
2026-09-11T00:10:06.752Z,BNB,1.025,967500,712,1345.061572
2026-09-11T00:10:06.752Z,XRP,1.6352,1835,1.3423,1345.061572
2026-09-11T00:10:06.752Z,ADA,1.1771,279.8,0.2056,1345.061572
2026-09-11T00:10:06.752Z,AVAX,1.4534,10180,7.46,1345.061572
2026-09-11T00:10:06.752Z,DOT,-0.2469,1479,1.1023,1345.061572
2026-09-11T00:10:06.752Z,LINK,1.3193,15690,11.513,1345.061572
2026-09-11T00:10:06.752Z,POL,1.4468,126,0.09234,1345.061572
2026-09-11T00:10:06.752Z,DOGE,1.0044,113.4,0.08347,1345.061572
2026-09-11T00:10:06.752Z,TRX,1.7217,465.4,0.34015,1345.061572
2026-09-11T00:10:06.752Z,XLM,1.579,240.1,0.17573,1345.061572
2026-09-11T00:10:06.752Z,SHIB,1.4411,0.0069,5.057e-06,1345.061572
2026-09-11T00:10:06.752Z,BCH,11.6343,338900,225.7,1345.061572
2026-09-11T00:10:06.752Z,UNI,1.5331,8190,5.997,1345.061572
2026-09-11T00:10:06.752Z,AAVE,1.663,165500,121.03,1345.061572
2026-09-11T00:10:06.752Z,SUSHI,1.3494,292,0.2142,1345.061572
2026-09-11T00:10:06.752Z,LDO,-19.6444,399.8,0.3699,1345.061572
2026-09-11T00:10:06.752Z,ICP,0.0994,3813,2.832,1345.061572
2026-09-11T00:10:06.752Z,NEAR,1.1166,3373,2.48,1345.061572
2026-09-11T00:10:06.752Z,HBAR,1.3134,102.3,0.07507,1345.061572
2026-09-11T00:10:06.752Z,XTZ,2.3213,348.2,0.253,1345.061572
2026-09-11T00:10:06.752Z,DYDX,-2.2521,149.2,0.11348,1345.061572
2026-09-11T00:10:06.752Z,ARB,1.2109,192.1,0.14111,1345.061572
2026-09-11T00:10:06.752Z,GMX,0.8351,10160,7.491,1345.061572
2026-09-11T00:10:06.752Z,IMX,1.8345,163.3,0.11922,1345.061572
2026-09-11T00:10:06.752Z,INJ,-1.421,7900,5.958,1345.061572
2026-09-11T00:10:06.752Z,GRT,12.9206,26.99,0.01777,1345.061572
2026-09-11T00:10:06.752Z,SUI,1.0562,995.8,0.7326,1345.061572
2026-09-11T00:10:06.752Z,HYPE,0.2336,106500,78.994,1345.061572
2026-09-11T00:15:07.334Z,BTC,1.6174,104961000,76792.3,1345.061572
2026-09-11T00:15:07.334Z,ETH,1.6791,3348000,2448,1345.061572
2026-09-11T00:15:07.334Z,SOL,1.6743,135500,99.08,1345.061572
2026-09-11T00:15:07.334Z,BNB,0.9966,967500,712.2,1345.061572
2026-09-11T00:15:07.334Z,XRP,1.7688,1837,1.342,1345.061572
2026-09-11T00:15:07.334Z,ADA,1.0788,279.8,0.2058,1345.061572
2026-09-11T00:15:07.334Z,AVAX,1.5079,10180,7.456,1345.061572
2026-09-11T00:15:07.334Z,DOT,-0.4276,1479,1.1043,1345.061572
2026-09-11T00:15:07.334Z,LINK,1.3986,15690,11.504,1345.061572
2026-09-11T00:15:07.334Z,POL,1.4249,126,0.09236,1345.061572
2026-09-11T00:15:07.334Z,DOGE,1.0408,113.4,0.08344,1345.061572
2026-09-11T00:15:07.334Z,TRX,1.5359,464.7,0.34026,1345.061572
2026-09-11T00:15:07.334Z,XLM,1.6542,240.1,0.1756,1345.061572
2026-09-11T00:15:07.334Z,SHIB,2.952,0.007,5.055e-06,1345.061572
2026-09-11T00:15:07.334Z,BCH,11.5849,338900,225.8,1345.061572
2026-09-11T00:15:07.334Z,UNI,1.5162,8190,5.998,1345.061572
2026-09-11T00:15:07.334Z,AAVE,1.7218,165500,120.96,1345.061572
2026-09-11T00:15:07.334Z,SUSHI,1.1134,292,0.2147,1345.061572
2026-09-11T00:15:07.334Z,LDO,-19.7528,399.8,0.3704,1345.061572
2026-09-11T00:15:07.334Z,ICP,0.6681,3813,2.816,1345.061572
2026-09-11T00:15:07.334Z,NEAR,1.28,3373,2.476,1345.061572
2026-09-11T00:15:07.334Z,HBAR,4.6946,105.7,0.07506,1345.061572
2026-09-11T00:15:07.334Z,XTZ,2.4023,348.2,0.2528,1345.061572
2026-09-11T00:15:07.334Z,DYDX,-2.2349,149.2,0.11346,1345.061572
2026-09-11T00:15:07.334Z,ARB,1.7644,193,0.141,1345.061572
2026-09-11T00:15:07.334Z,GMX,1.1592,10160,7.467,1345.061572
2026-09-11T00:15:07.334Z,IMX,1.92,163.3,0.11912,1345.061572
2026-09-11T00:15:07.334Z,INJ,-1.3879,7900,5.956,1345.061572
2026-09-11T00:15:07.334Z,GRT,13.1116,26.99,0.01774,1345.061572
2026-09-11T00:15:07.334Z,SUI,1.0562,995.8,0.7326,1345.061572
2026-09-11T00:15:07.334Z,HYPE,0.5441,106600,78.824,1345.061572
2026-09-11T00:20:06.927Z,BTC,1.6544,105003000,76795.1,1345.061572
2026-09-11T00:20:06.927Z,ETH,1.6442,3347000,2448.11,1345.061572
2026-09-11T00:20:06.927Z,SOL,1.7193,135300,98.89,1345.061572
2026-09-11T00:20:06.927Z,BNB,1.025,967500,712,1345.061572
2026-09-11T00:20:06.927Z,XRP,1.6859,1834,1.3409,1345.061572
2026-09-11T00:20:06.927Z,ADA,1.128,279.8,0.2057,1345.061572
2026-09-11T00:20:06.927Z,AVAX,1.4262,10180,7.462,1345.061572
2026-09-11T00:20:06.927Z,DOT,-0.6435,1479,1.1067,1345.061572
2026-09-11T00:20:06.927Z,LINK,1.5221,15690,11.49,1345.061572
2026-09-11T00:20:06.927Z,POL,1.4139,126,0.09237,1345.061572
2026-09-11T00:20:06.927Z,DOGE,1.7742,114.1,0.08335,1345.061572
2026-09-11T00:20:06.927Z,TRX,1.5389,464.7,0.34025,1345.061572
2026-09-11T00:20:06.927Z,XLM,1.8009,240.2,0.17542,1345.061572
2026-09-11T00:20:06.927Z,SHIB,2.952,0.007,5.055e-06,1345.061572
2026-09-11T00:20:06.927Z,BCH,11.7829,338900,225.4,1345.061572
2026-09-11T00:20:06.927Z,UNI,1.3135,8190,6.01,1345.061572
2026-09-11T00:20:06.927Z,AAVE,1.6546,165500,121.04,1345.061572
2026-09-11T00:20:06.927Z,SUSHI,1.3021,292,0.2143,1345.061572
2026-09-11T00:20:06.927Z,LDO,-19.7528,399.8,0.3704,1345.061572
2026-09-11T00:20:06.927Z,ICP,0.5253,3813,2.82,1345.061572
2026-09-11T00:20:06.927Z,NEAR,1.8145,3373,2.463,1345.061572
2026-09-11T00:20:06.927Z,HBAR,4.6806,105.7,0.07507,1345.061572
2026-09-11T00:20:06.927Z,XTZ,1.5985,348.2,0.2548,1345.061572
2026-09-11T00:20:06.927Z,DYDX,-2.209,149.2,0.11343,1345.061572
2026-09-11T00:20:06.927Z,ARB,1.6059,193,0.14122,1345.061572
2026-09-11T00:20:06.927Z,GMX,1.2677,10160,7.459,1345.061572
2026-09-11T00:20:06.927Z,IMX,1.8772,163.3,0.11917,1345.061572
2026-09-11T00:20:06.927Z,INJ,-1.5202,7900,5.964,1345.061572
2026-09-11T00:20:06.927Z,GRT,13.1754,26.99,0.01773,1345.061572
2026-09-11T00:20:06.927Z,SUI,1.7185,1000,0.7309,1345.061572
2026-09-11T00:20:06.927Z,HYPE,-1.1778,104700,78.768,1345.061572
2026-09-11T00:25:06.898Z,BTC,1.674,105035000,76803.7,1345.061572
2026-09-11T00:25:06.898Z,ETH,1.5724,3347000,2449.84,1345.061572
2026-09-11T00:25:06.898Z,SOL,1.5722,135200,98.96,1345.061572
2026-09-11T00:25:06.898Z,BNB,1.1244,967500,711.3,1345.061572
2026-09-11T00:25:06.898Z,XRP,1.6229,1833,1.341,1345.061572
2026-09-11T00:25:06.898Z,ADA,0.9317,279.8,0.2061,1345.061572
2026-09-11T00:25:06.898Z,AVAX,1.3312,10180,7.469,1345.061572
2026-09-11T00:25:06.898Z,DOT,1.5202,1525,1.1168,1345.061572
2026-09-11T00:25:06.898Z,LINK,1.4868,15690,11.494,1345.061572
2026-09-11T00:25:06.898Z,POL,1.1074,126,0.09265,1345.061572
2026-09-11T00:25:06.898Z,DOGE,1.5997,114,0.08342,1345.061572
2026-09-11T00:25:06.898Z,TRX,1.5031,464.7,0.34037,1345.061572
2026-09-11T00:25:06.898Z,XLM,1.7064,240.1,0.17551,1345.061572
2026-09-11T00:25:06.898Z,SHIB,2.7893,0.007,5.063e-06,1345.061572
2026-09-11T00:25:06.898Z,BCH,11.7334,338900,225.5,1345.061572
2026-09-11T00:25:06.898Z,UNI,1.2293,8190,6.015,1345.061572
2026-09-11T00:25:06.898Z,AAVE,1.3782,165500,121.37,1345.061572
2026-09-11T00:25:06.898Z,SUSHI,1.3021,292,0.2143,1345.061572
2026-09-11T00:25:06.898Z,LDO,-20.2052,399.8,0.3725,1345.061572
2026-09-11T00:25:06.898Z,ICP,0.4541,3813,2.822,1345.061572
2026-09-11T00:25:06.898Z,NEAR,1.1574,3373,2.479,1345.061572
2026-09-11T00:25:06.898Z,HBAR,4.5553,105.7,0.07516,1345.061572
2026-09-11T00:25:06.898Z,XTZ,1.5188,348.2,0.255,1345.061572
2026-09-11T00:25:06.898Z,DYDX,-2.4841,149.2,0.11375,1345.061572
2026-09-11T00:25:06.898Z,ARB,1.8049,193.2,0.14109,1345.061572
2026-09-11T00:25:06.898Z,GMX,1.1592,10160,7.467,1345.061572
2026-09-11T00:25:06.898Z,IMX,1.5959,163.3,0.1195,1345.061572
2026-09-11T00:25:06.898Z,INJ,-1.8001,7900,5.981,1345.061572
2026-09-11T00:25:06.898Z,GRT,12.9206,26.99,0.01777,1345.061572
2026-09-11T00:25:06.898Z,SUI,1.6073,1000,0.7317,1345.061572
2026-09-11T00:25:06.898Z,HYPE,2.4346,108800,78.966,1345.061572
2026-09-11T00:30:07.209Z,BTC,1.6008,104971000,76812.2,1345.061572
2026-09-11T00:30:07.209Z,ETH,1.6789,3351000,2450.2,1345.061572
2026-09-11T00:30:07.209Z,SOL,1.6441,135200,98.89,1345.061572
2026-09-11T00:30:07.209Z,BNB,1.0676,967500,711.7,1345.061572
2026-09-11T00:30:07.209Z,XRP,1.6404,1834,1.3415,1345.061572
2026-09-11T00:30:07.209Z,ADA,0.9807,279.8,0.206,1345.061572
2026-09-11T00:30:07.209Z,AVAX,1.3176,10180,7.47,1345.061572
2026-09-11T00:30:07.209Z,DOT,1.4929,1525,1.1171,1345.061572
2026-09-11T00:30:07.209Z,LINK,1.4956,15690,11.493,1345.061572
2026-09-11T00:30:07.209Z,POL,1.1839,126,0.09258,1345.061572
2026-09-11T00:30:07.209Z,DOGE,1.6119,114,0.08341,1345.061572
2026-09-11T00:30:07.209Z,TRX,1.515,464.7,0.34033,1345.061572
2026-09-11T00:30:07.209Z,XLM,1.7371,240.2,0.17553,1345.061572
2026-09-11T00:30:07.209Z,SHIB,2.7893,0.007,5.063e-06,1345.061572
2026-09-11T00:30:07.209Z,BCH,11.6343,338900,225.7,1345.061572
2026-09-11T00:30:07.209Z,UNI,1.7399,8245,6.025,1345.061572
2026-09-11T00:30:07.209Z,AAVE,1.3782,165500,121.37,1345.061572
2026-09-11T00:30:07.209Z,SUSHI,1.2549,292,0.2144,1345.061572
2026-09-11T00:30:07.209Z,LDO,-20.3122,399.8,0.373,1345.061572
2026-09-11T00:30:07.209Z,ICP,0.6681,3813,2.816,1345.061572
2026-09-11T00:30:07.209Z,NEAR,1.1982,3373,2.478,1345.061572
2026-09-11T00:30:07.209Z,HBAR,4.4997,105.7,0.0752,1345.061572
2026-09-11T00:30:07.209Z,XTZ,1.1617,348.2,0.2559,1345.061572
2026-09-11T00:30:07.209Z,DYDX,-2.6724,149.2,0.11397,1345.061572
2026-09-11T00:30:07.209Z,ARB,1.1375,192.6,0.14158,1345.061572
2026-09-11T00:30:07.209Z,GMX,1.1186,10160,7.47,1345.061572
2026-09-11T00:30:07.209Z,IMX,1.1473,163.3,0.12003,1345.061572
2026-09-11T00:30:07.209Z,INJ,-1.8821,7900,5.986,1345.061572
2026-09-11T00:30:07.209Z,GRT,12.9842,26.99,0.01776,1345.061572
2026-09-11T00:30:07.209Z,SUI,1.5102,1000,0.7324,1345.061572
2026-09-11T00:30:07.209Z,HYPE,2.2662,108800,79.096,1345.061572
2026-09-11T00:35:06.900Z,BTC,1.6227,104889000,76735.6,1345.061572
2026-09-11T00:35:06.900Z,ETH,1.7057,3348000,2447.36,1345.061572
2026-09-11T00:35:06.900Z,SOL,1.7644,135100,98.7,1345.061572
2026-09-11T00:35:06.900Z,BNB,1.1529,967500,711.1,1345.061572
2026-09-11T00:35:06.900Z,XRP,1.7724,1832,1.3383,1345.061572
2026-09-11T00:35:06.900Z,ADA,1.2264,279.8,0.2055,1345.061572
2026-09-11T00:35:06.900Z,AVAX,1.467,10180,7.459,1345.061572
2026-09-11T00:35:06.900Z,DOT,1.3206,1525,1.119,1345.061572
2026-09-11T00:35:06.900Z,LINK,1.6371,15690,11.477,1345.061572
2026-09-11T00:35:06.900Z,POL,1.4359,126,0.09235,1345.061572
2026-09-11T00:35:06.900Z,DOGE,1.6774,113.8,0.08321,1345.061572
2026-09-11T00:35:06.900Z,TRX,1.5031,464.7,0.34037,1345.061572
2026-09-11T00:35:06.900Z,XLM,1.7126,239.8,0.17528,1345.061572
2026-09-11T00:35:06.900Z,SHIB,2.9724,0.007,5.054e-06,1345.061572
2026-09-11T00:35:06.900Z,BCH,11.7829,338900,225.4,1345.061572
2026-09-11T00:35:06.900Z,UNI,1.5943,8225,6.019,1345.061572
2026-09-11T00:35:06.900Z,AAVE,1.445,165500,121.29,1345.061572
2026-09-11T00:35:06.900Z,SUSHI,1.1605,292,0.2146,1345.061572
2026-09-11T00:35:06.900Z,LDO,-19.7745,399.8,0.3705,1345.061572
2026-09-11T00:35:06.900Z,ICP,0.919,3813,2.809,1345.061572
2026-09-11T00:35:06.900Z,NEAR,1.526,3373,2.47,1345.061572
2026-09-11T00:35:06.900Z,HBAR,4.6249,105.7,0.07511,1345.061572
2026-09-11T00:35:06.900Z,XTZ,0.9645,348.2,0.2564,1345.061572
2026-09-11T00:35:06.900Z,DYDX,-2.5099,149.2,0.11378,1345.061572
2026-09-11T00:35:06.900Z,ARB,1.0162,192.6,0.14175,1345.061572
2026-09-11T00:35:06.900Z,GMX,0.9025,10160,7.486,1345.061572
2026-09-11T00:35:06.900Z,IMX,1.4685,163.3,0.11965,1345.061572
2026-09-11T00:35:06.900Z,INJ,-1.5367,7900,5.965,1345.061572
2026-09-11T00:35:06.900Z,GRT,13.1754,26.99,0.01773,1345.061572
2026-09-11T00:35:06.900Z,SUI,1.5168,998.7,0.7314,1345.061572
2026-09-11T00:35:06.900Z,HYPE,2.3594,108800,79.024,1345.061572
2026-09-11T00:40:07.029Z,BTC,1.618,104913000,76756.7,1345.061572
2026-09-11T00:40:07.029Z,ETH,1.6776,3350000,2449.5,1345.061572
2026-09-11T00:40:07.029Z,SOL,1.7541,135100,98.71,1345.061572
2026-09-11T00:40:07.029Z,BNB,1.0818,967500,711.6,1345.061572
2026-09-11T00:40:07.029Z,XRP,1.732,1831,1.3381,1345.061572
2026-09-11T00:40:07.029Z,ADA,1.1771,279.8,0.2056,1345.061572
2026-09-11T00:40:07.029Z,AVAX,1.4534,10180,7.46,1345.061572
2026-09-11T00:40:07.029Z,DOT,1.4293,1525,1.1178,1345.061572
2026-09-11T00:40:07.029Z,LINK,1.6194,15690,11.479,1345.061572
2026-09-11T00:40:07.029Z,POL,1.3042,126,0.09247,1345.061572
2026-09-11T00:40:07.029Z,DOGE,1.6652,113.8,0.08322,1345.061572
2026-09-11T00:40:07.029Z,TRX,1.4345,464.7,0.3406,1345.061572
2026-09-11T00:40:07.029Z,XLM,1.8265,240,0.17523,1345.061572
2026-09-11T00:40:07.029Z,SHIB,2.9927,0.007,5.053e-06,1345.061572
2026-09-11T00:40:07.029Z,BCH,11.8325,338900,225.3,1345.061572
2026-09-11T00:40:07.029Z,UNI,1.6281,8225,6.017,1345.061572
2026-09-11T00:40:07.029Z,AAVE,1.3865,165500,121.36,1345.061572
2026-09-11T00:40:07.029Z,SUSHI,1.3967,292,0.2141,1345.061572
2026-09-11T00:40:07.029Z,LDO,-19.8178,399.8,0.3707,1345.061572
2026-09-11T00:40:07.029Z,ICP,0.9549,3813,2.808,1345.061572
2026-09-11T00:40:07.029Z,NEAR,1.1166,3373,2.48,1345.061572
2026-09-11T00:40:07.029Z,HBAR,4.6806,105.7,0.07507,1345.061572
2026-09-11T00:40:07.029Z,XTZ,1.0827,348.2,0.2561,1345.061572
2026-09-11T00:40:07.029Z,DYDX,-2.5013,149.2,0.11377,1345.061572
2026-09-11T00:40:07.029Z,ARB,0.881,192.6,0.14194,1345.061572
2026-09-11T00:40:07.029Z,GMX,0.9429,10160,7.483,1345.061572
2026-09-11T00:40:07.029Z,IMX,1.46,163.3,0.11966,1345.061572
2026-09-11T00:40:07.029Z,INJ,-1.964,7900,5.991,1345.061572
2026-09-11T00:40:07.029Z,GRT,13.1116,26.99,0.01774,1345.061572
2026-09-11T00:40:07.029Z,SUI,1.6697,998.7,0.7303,1345.061572
2026-09-11T00:40:07.029Z,HYPE,2.3464,108800,79.034,1345.061572
2026-09-11T00:45:07.046Z,BTC,1.671,104937000,76734.3,1345.061572
2026-09-11T00:45:07.046Z,ETH,1.6817,3350000,2449.4,1345.061572
2026-09-11T00:45:07.046Z,SOL,1.7407,135000,98.65,1345.061572
2026-09-11T00:45:07.046Z,BNB,1.1102,967500,711.4,1345.061572
2026-09-11T00:45:07.046Z,XRP,1.7379,1827,1.3351,1345.061572
2026-09-11T00:45:07.046Z,ADA,1.325,279.8,0.2053,1345.061572
2026-09-11T00:45:07.046Z,AVAX,1.5351,10180,7.454,1345.061572
2026-09-11T00:45:07.046Z,DOT,1.3206,1525,1.119,1345.061572
2026-09-11T00:45:07.046Z,LINK,1.7524,15690,11.464,1345.061572
2026-09-11T00:45:07.046Z,POL,1.4139,126,0.09237,1345.061572
2026-09-11T00:45:07.046Z,DOGE,1.7998,113.8,0.08311,1345.061572
2026-09-11T00:45:07.046Z,TRX,1.6478,465.8,0.34069,1345.061572
2026-09-11T00:45:07.046Z,XLM,1.9795,240.1,0.17504,1345.061572
2026-09-11T00:45:07.046Z,SHIB,3.1152,0.007,5.047e-06,1345.061572
2026-09-11T00:45:07.046Z,BCH,11.8822,338900,225.2,1345.061572
2026-09-11T00:45:07.046Z,UNI,1.7803,8225,6.008,1345.061572
2026-09-11T00:45:07.046Z,AAVE,1.5455,165500,121.17,1345.061572
2026-09-11T00:45:07.046Z,SUSHI,1.539,292,0.2138,1345.061572
2026-09-11T00:45:07.046Z,LDO,-19.9258,399.8,0.3712,1345.061572
2026-09-11T00:45:07.046Z,ICP,1.8304,3831,2.797,1345.061572
2026-09-11T00:45:07.046Z,NEAR,1.1574,3373,2.479,1345.061572
2026-09-11T00:45:07.046Z,HBAR,4.8482,105.7,0.07495,1345.061572
2026-09-11T00:45:07.046Z,XTZ,-0.3185,348.2,0.2597,1345.061572
2026-09-11T00:45:07.046Z,DYDX,-2.2693,149.2,0.1135,1345.061572
2026-09-11T00:45:07.046Z,ARB,1.002,192.6,0.14177,1345.061572
2026-09-11T00:45:07.046Z,GMX,1.1728,10160,7.466,1345.061572
2026-09-11T00:45:07.046Z,IMX,1.9457,163.3,0.11909,1345.061572
2026-09-11T00:45:07.046Z,INJ,-1.7179,7900,5.976,1345.061572
2026-09-11T00:45:07.046Z,GRT,13.2393,26.99,0.01772,1345.061572
2026-09-11T00:45:07.046Z,SUI,1.879,998.7,0.7288,1345.061572
2026-09-11T00:45:07.046Z,HYPE,2.4164,108800,78.98,1345.061572
2026-09-11T00:50:07.016Z,BTC,1.6667,104945000,76743.4,1345.061572
2026-09-11T00:50:07.016Z,ETH,1.646,3350000,2450.26,1345.061572
2026-09-11T00:50:07.016Z,SOL,1.6241,134900,98.69,1345.061572
2026-09-11T00:50:07.016Z,BNB,1.0534,967500,711.8,1345.061572
2026-09-11T00:50:07.016Z,XRP,1.7631,1828,1.3355,1345.061572
2026-09-11T00:50:07.016Z,ADA,1.325,279.8,0.2053,1345.061572
2026-09-11T00:50:07.016Z,AVAX,1.5079,10180,7.456,1345.061572
2026-09-11T00:50:07.016Z,DOT,0.8429,1525,1.1243,1345.061572
2026-09-11T00:50:07.016Z,LINK,1.6371,15690,11.477,1345.061572
2026-09-11T00:50:07.016Z,POL,1.5128,126,0.09228,1345.061572
2026-09-11T00:50:07.016Z,DOGE,1.7998,113.8,0.08311,1345.061572
2026-09-11T00:50:07.016Z,TRX,1.6627,465.8,0.34064,1345.061572
2026-09-11T00:50:07.016Z,XLM,1.8078,239.6,0.17497,1345.061572
2026-09-11T00:50:07.016Z,SHIB,3.1561,0.007,5.045e-06,1345.061572
2026-09-11T00:50:07.016Z,BCH,11.9319,338900,225.1,1345.061572
2026-09-11T00:50:07.016Z,UNI,1.5606,8225,6.021,1345.061572
2026-09-11T00:50:07.016Z,AAVE,1.445,165500,121.29,1345.061572
2026-09-11T00:50:07.016Z,SUSHI,1.6341,292,0.2136,1345.061572
2026-09-11T00:50:07.016Z,LDO,-19.9689,399.8,0.3714,1345.061572
2026-09-11T00:50:07.016Z,ICP,1.7633,3823,2.793,1345.061572
2026-09-11T00:50:07.016Z,NEAR,1.3209,3373,2.475,1345.061572
2026-09-11T00:50:07.016Z,HBAR,1.8276,102.6,0.07491,1345.061572
2026-09-11T00:50:07.016Z,XTZ,0.1055,348.2,0.2586,1345.061572
2026-09-11T00:50:07.016Z,DYDX,-2.1918,149.2,0.11341,1345.061572
2026-09-11T00:50:07.016Z,ARB,0.2033,192.6,0.1429,1345.061572
2026-09-11T00:50:07.016Z,GMX,0.9429,10160,7.483,1345.061572
2026-09-11T00:50:07.016Z,IMX,1.8772,163.3,0.11917,1345.061572
2026-09-11T00:50:07.016Z,INJ,-1.7837,7900,5.98,1345.061572
2026-09-11T00:50:07.016Z,GRT,13.3032,26.99,0.01771,1345.061572
2026-09-11T00:50:07.016Z,SUI,1.8231,998.7,0.7292,1345.061572
2026-09-11T00:50:07.016Z,HYPE,-1.2242,104700,78.805,1345.061572
2026-09-11T00:55:06.880Z,BTC,1.5956,105065000,76884.9,1345.061572
2026-09-11T00:55:06.880Z,ETH,1.5869,3357000,2456.81,1345.061572
2026-09-11T00:55:06.880Z,SOL,1.5037,135300,99.1,1345.061572
2026-09-11T00:55:06.880Z,BNB,0.9399,967500,712.6,1345.061572
2026-09-11T00:55:06.880Z,XRP,1.5902,1832,1.3407,1345.061572
2026-09-11T00:55:06.880Z,ADA,0.8338,279.8,0.2063,1345.061572
2026-09-11T00:55:06.880Z,AVAX,1.1957,10180,7.479,1345.061572
2026-09-11T00:55:06.880Z,DOT,1.3601,1547,1.1347,1345.061572
2026-09-11T00:55:06.880Z,LINK,1.2929,15690,11.516,1345.061572
2026-09-11T00:55:06.880Z,POL,1.2495,126,0.09252,1345.061572
2026-09-11T00:55:06.880Z,DOGE,1.4701,113.8,0.08338,1345.061572
2026-09-11T00:55:06.880Z,TRX,1.618,465.8,0.34079,1345.061572
2026-09-11T00:55:06.880Z,XLM,1.6524,240,0.17553,1345.061572
2026-09-11T00:55:06.880Z,SHIB,2.8096,0.007,5.062e-06,1345.061572
2026-09-11T00:55:06.880Z,BCH,11.5849,338900,225.8,1345.061572
2026-09-11T00:55:06.880Z,UNI,1.3586,8225,6.033,1345.061572
2026-09-11T00:55:06.880Z,AAVE,1.0203,165500,121.8,1345.061572
2026-09-11T00:55:06.880Z,SUSHI,1.2077,292,0.2145,1345.061572
2026-09-11T00:55:06.880Z,LDO,-20.1838,399.8,0.3724,1345.061572
2026-09-11T00:55:06.880Z,ICP,1.0039,3823,2.814,1345.061572
2026-09-11T00:55:06.880Z,NEAR,0.6701,3373,2.491,1345.061572
2026-09-11T00:55:06.880Z,HBAR,1.57,102.6,0.0751,1345.061572
2026-09-11T00:55:06.880Z,XTZ,-0.3952,348.2,0.2599,1345.061572
2026-09-11T00:55:06.880Z,DYDX,-2.4756,149.2,0.11374,1345.061572
2026-09-11T00:55:06.880Z,ARB,1.5509,195.6,0.1432,1345.061572
2026-09-11T00:55:06.880Z,GMX,0.4863,10160,7.517,1345.061572
2026-09-11T00:55:06.880Z,IMX,1.7577,163.3,0.11931,1345.061572
2026-09-11T00:55:06.880Z,INJ,-2.2902,7900,6.011,1345.061572
2026-09-11T00:55:06.880Z,GRT,12.667,26.99,0.01781,1345.061572
2026-09-11T00:55:06.880Z,SUI,1.4336,998.7,0.732,1345.061572
2026-09-11T00:55:06.880Z,HYPE,-1.5838,104700,79.093,1345.061572
2026-09-11T01:00:07.016Z,BTC,1.5515,105019000,76884.6,1345.061572
2026-09-11T01:00:07.016Z,ETH,1.6469,3357000,2455.36,1345.061572
2026-09-11T01:00:07.016Z,SOL,1.623,135500,99.13,1345.061572
2026-09-11T01:00:07.016Z,BNB,0.8692,967500,713.1,1345.061572
2026-09-11T01:00:07.016Z,XRP,1.575,1832,1.3409,1345.061572
2026-09-11T01:00:07.016Z,ADA,0.7362,279.8,0.2065,1345.061572
2026-09-11T01:00:07.016Z,AVAX,1.2905,10180,7.472,1345.061572
2026-09-11T01:00:07.016Z,DOT,1.8862,1549,1.1303,1345.061572
2026-09-11T01:00:07.016Z,LINK,1.3722,15690,11.507,1345.061572
2026-09-11T01:00:07.016Z,POL,1.0965,126,0.09266,1345.061572
2026-09-11T01:00:07.016Z,DOGE,1.6241,114,0.0834,1345.061572
2026-09-11T01:00:07.016Z,TRX,1.6001,465.8,0.34085,1345.061572
2026-09-11T01:00:07.016Z,XLM,1.6832,240.1,0.17555,1345.061572
2026-09-11T01:00:07.016Z,SHIB,2.7893,0.007,5.063e-06,1345.061572
2026-09-11T01:00:07.016Z,BCH,11.5026,338800,225.9,1345.061572
2026-09-11T01:00:07.016Z,UNI,1.2243,8225,6.041,1345.061572
2026-09-11T01:00:07.016Z,AAVE,0.9043,165500,121.94,1345.061572
2026-09-11T01:00:07.016Z,SUSHI,1.3967,292,0.2141,1345.061572
2026-09-11T01:00:07.016Z,LDO,-20.0765,399.8,0.3719,1345.061572
2026-09-11T01:00:07.016Z,ICP,1.0398,3823,2.813,1345.061572
2026-09-11T01:00:07.016Z,NEAR,0.388,3373,2.498,1345.061572
2026-09-11T01:00:07.016Z,HBAR,1.57,102.6,0.0751,1345.061572
2026-09-11T01:00:07.016Z,XTZ,-0.6627,348.2,0.2606,1345.061572
2026-09-11T01:00:07.016Z,DYDX,-2.5441,149.2,0.11382,1345.061572
2026-09-11T01:00:07.016Z,ARB,1.4092,195.6,0.1434,1345.061572
2026-09-11T01:00:07.016Z,GMX,0.9429,10160,7.483,1345.061572
2026-09-11T01:00:07.016Z,IMX,1.7491,163.3,0.11932,1345.061572
2026-09-11T01:00:07.016Z,INJ,-2.1763,7900,6.004,1345.061572
2026-09-11T01:00:07.016Z,GRT,12.6038,26.99,0.01782,1345.061572
2026-09-11T01:00:07.016Z,SUI,1.3644,998.7,0.7325,1345.061572
2026-09-11T01:00:07.016Z,HYPE,-1.7466,104700,79.224,1345.061572
2026-09-11T01:05:07.075Z,BTC,1.5218,105118000,76979.6,1345.061572
2026-09-11T01:05:07.075Z,ETH,1.561,3359000,2458.9,1345.061572
2026-09-11T01:05:07.075Z,SOL,1.5407,135800,99.43,1345.061572
2026-09-11T01:05:07.075Z,BNB,0.6856,967500,714.4,1345.061572
2026-09-11T01:05:07.075Z,XRP,1.4967,1834,1.3434,1345.061572
2026-09-11T01:05:07.075Z,ADA,0.7362,279.8,0.2065,1345.061572
2026-09-11T01:05:07.075Z,AVAX,1.1011,10180,7.486,1345.061572
2026-09-11T01:05:07.075Z,DOT,2.2027,1549,1.1268,1345.061572
2026-09-11T01:05:07.075Z,LINK,1.205,15690,11.526,1345.061572
2026-09-11T01:05:07.075Z,POL,1.1074,126,0.09265,1345.061572
2026-09-11T01:05:07.075Z,DOGE,1.381,114,0.0836,1345.061572
2026-09-11T01:05:07.075Z,TRX,1.5762,465.8,0.34093,1345.061572
2026-09-11T01:05:07.075Z,XLM,1.4136,240.2,0.17609,1345.061572
2026-09-11T01:05:07.075Z,SHIB,2.6879,0.007,5.068e-06,1345.061572
2026-09-11T01:05:07.075Z,BCH,11.2072,338800,226.5,1345.061572
2026-09-11T01:05:07.075Z,UNI,0.8404,8225,6.064,1345.061572
2026-09-11T01:05:07.075Z,AAVE,0.5251,165500,122.4,1345.061572
2026-09-11T01:05:07.075Z,SUSHI,1.0193,292,0.2149,1345.061572
2026-09-11T01:05:07.075Z,LDO,-20.4615,399.8,0.3737,1345.061572
2026-09-11T01:05:07.075Z,ICP,0.6819,3823,2.823,1345.061572
2026-09-11T01:05:07.075Z,NEAR,-0.4489,3373,2.519,1345.061572
2026-09-11T01:05:07.075Z,HBAR,1.2733,102.6,0.07532,1345.061572
2026-09-11T01:05:07.075Z,XTZ,-0.777,348.2,0.2609,1345.061572
2026-09-11T01:05:07.075Z,DYDX,-3.0382,149.2,0.1144,1345.061572
2026-09-11T01:05:07.075Z,ARB,0.9517,195.6,0.14405,1345.061572
2026-09-11T01:05:07.075Z,GMX,0.5666,10160,7.511,1345.061572
2026-09-11T01:05:07.075Z,IMX,1.3923,163.3,0.11974,1345.061572
2026-09-11T01:05:07.075Z,INJ,-2.0457,7900,5.996,1345.061572
2026-09-11T01:05:07.075Z,GRT,12.4145,26.99,0.01785,1345.061572
2026-09-11T01:05:07.075Z,SUI,0.9235,998.7,0.7357,1345.061572
2026-09-11T01:05:07.075Z,HYPE,-1.9397,104700,79.38,1345.061572
2026-09-11T01:10:06.867Z,BTC,1.5333,105100000,76957.7,1345.061572
2026-09-11T01:10:06.867Z,ETH,1.5208,3357000,2458.41,1345.061572
2026-09-11T01:10:06.867Z,SOL,1.5816,135800,99.39,1345.061572
2026-09-11T01:10:06.867Z,BNB,0.7279,967500,714.1,1345.061572
2026-09-11T01:10:06.867Z,XRP,1.5647,1834,1.3425,1345.061572
2026-09-11T01:10:06.867Z,ADA,0.6387,279.8,0.2067,1345.061572
2026-09-11T01:10:06.867Z,AVAX,1.1281,10180,7.484,1345.061572
2026-09-11T01:10:06.867Z,DOT,2.4482,1549,1.1241,1345.061572
2026-09-11T01:10:06.867Z,LINK,1.7775,15750,11.505,1345.061572
2026-09-11T01:10:06.867Z,POL,1.3371,126,0.09244,1345.061572
2026-09-11T01:10:06.867Z,DOGE,1.4295,114,0.08356,1345.061572
2026-09-11T01:10:06.867Z,TRX,1.5882,465.8,0.34089,1345.061572
2026-09-11T01:10:06.867Z,XLM,1.5462,240.2,0.17586,1345.061572
2026-09-11T01:10:06.867Z,SHIB,2.8503,0.007,5.06e-06,1345.061572
2026-09-11T01:10:06.867Z,BCH,11.3055,338800,226.3,1345.061572
2026-09-11T01:10:06.867Z,UNI,1.007,8225,6.054,1345.061572
2026-09-11T01:10:06.867Z,AAVE,0.6484,165500,122.25,1345.061572
2026-09-11T01:10:06.867Z,SUSHI,1.2549,292,0.2144,1345.061572
2026-09-11T01:10:06.867Z,LDO,-20.0765,399.8,0.3719,1345.061572
2026-09-11T01:10:06.867Z,ICP,1.1117,3823,2.811,1345.061572
2026-09-11T01:10:06.867Z,NEAR,1.4803,3437,2.518,1345.061572
2026-09-11T01:10:06.867Z,HBAR,1.7762,103,0.07524,1345.061572
2026-09-11T01:10:06.867Z,XTZ,-0.3185,348.2,0.2597,1345.061572
2026-09-11T01:10:06.867Z,DYDX,-2.6809,149.2,0.11398,1345.061572
2026-09-11T01:10:06.867Z,ARB,1.092,195.6,0.14385,1345.061572
2026-09-11T01:10:06.867Z,GMX,0.8486,10160,7.49,1345.061572
2026-09-11T01:10:06.867Z,IMX,1.5109,163.3,0.1196,1345.061572
2026-09-11T01:10:06.867Z,INJ,-1.7672,7900,5.979,1345.061572
2026-09-11T01:10:06.867Z,GRT,12.6038,26.99,0.01782,1345.061572
2026-09-11T01:10:06.867Z,SUI,1.0058,998.7,0.7351,1345.061572
2026-09-11T01:10:06.867Z,HYPE,-2.0113,104700,79.438,1345.061572
2026-09-11T01:15:06.910Z,BTC,1.5782,105050000,76887.1,1345.061572
2026-09-11T01:15:06.910Z,ETH,1.6016,3355000,2454.99,1345.061572
2026-09-11T01:15:06.910Z,SOL,1.5988,135700,99.3,1345.061572
2026-09-11T01:15:06.910Z,BNB,0.7985,967500,713.6,1345.061572
2026-09-11T01:15:06.910Z,XRP,1.6201,1835,1.3425,1345.061572
2026-09-11T01:15:06.910Z,ADA,0.8338,279.8,0.2063,1345.061572
2026-09-11T01:15:06.910Z,AVAX,1.2092,10180,7.478,1345.061572
2026-09-11T01:15:06.910Z,DOT,2.5394,1549,1.1231,1345.061572
2026-09-11T01:15:06.910Z,LINK,1.734,15720,11.488,1345.061572
2026-09-11T01:15:06.910Z,POL,1.4908,126,0.0923,1345.061572
2026-09-11T01:15:06.910Z,DOGE,1.5145,114,0.08349,1345.061572
2026-09-11T01:15:06.910Z,TRX,1.5613,465.8,0.34098,1345.061572
2026-09-11T01:15:06.910Z,XLM,1.6445,240.2,0.17569,1345.061572
2026-09-11T01:15:06.910Z,SHIB,2.8706,0.007,5.059e-06,1345.061572
2026-09-11T01:15:06.910Z,BCH,11.4533,338800,226,1345.061572
2026-09-11T01:15:06.910Z,UNI,1.5606,8225,6.021,1345.061572
2026-09-11T01:15:06.910Z,AAVE,0.7391,165500,122.14,1345.061572
2026-09-11T01:15:06.910Z,SUSHI,1.4916,292,0.2139,1345.061572
2026-09-11T01:15:06.910Z,LDO,-19.8826,399.8,0.371,1345.061572
2026-09-11T01:15:06.910Z,ICP,1.0398,3823,2.813,1345.061572
2026-09-11T01:15:06.910Z,NEAR,1.5327,3406,2.494,1345.061572
2026-09-11T01:15:06.910Z,HBAR,1.7897,103,0.07523,1345.061572
2026-09-11T01:15:06.910Z,XTZ,-0.51,348.2,0.2602,1345.061572
2026-09-11T01:15:06.910Z,DYDX,-2.6724,149.2,0.11397,1345.061572
2026-09-11T01:15:06.910Z,ARB,1.4022,195.6,0.14341,1345.061572
2026-09-11T01:15:06.910Z,GMX,1.0509,10160,7.475,1345.061572
2026-09-11T01:15:06.910Z,IMX,1.6725,163.3,0.11941,1345.061572
2026-09-11T01:15:06.910Z,INJ,-1.5862,7900,5.968,1345.061572
2026-09-11T01:15:06.910Z,GRT,12.667,26.99,0.01781,1345.061572
2026-09-11T01:15:06.910Z,SUI,1.6663,1004,0.7342,1345.061572
2026-09-11T01:15:06.910Z,HYPE,-1.8915,104700,79.341,1345.061572
2026-09-11T01:20:07.005Z,BTC,1.5622,105045000,76895.5,1345.061572
2026-09-11T01:20:07.005Z,ETH,1.5603,3355000,2455.99,1345.061572
2026-09-11T01:20:07.005Z,SOL,1.5918,135800,99.38,1345.061572
2026-09-11T01:20:07.005Z,BNB,0.8409,967500,713.3,1345.061572
2026-09-11T01:20:07.005Z,XRP,1.5596,1835,1.3433,1345.061572
2026-09-11T01:20:07.005Z,ADA,0.7362,279.8,0.2065,1345.061572
2026-09-11T01:20:07.005Z,AVAX,1.2228,10180,7.477,1345.061572
2026-09-11T01:20:07.005Z,DOT,1.4838,1525,1.1172,1345.061572
2026-09-11T01:20:07.005Z,LINK,1.6809,15720,11.494,1345.061572
2026-09-11T01:20:07.005Z,POL,1.5458,126,0.09225,1345.061572
2026-09-11T01:20:07.005Z,DOGE,1.6279,114.1,0.08347,1345.061572
2026-09-11T01:20:07.005Z,TRX,1.6538,465.8,0.34067,1345.061572
2026-09-11T01:20:07.005Z,XLM,1.6503,240.2,0.17568,1345.061572
2026-09-11T01:20:07.005Z,SHIB,2.9113,0.007,5.057e-06,1345.061572
2026-09-11T01:20:07.005Z,BCH,11.6014,338800,225.7,1345.061572
2026-09-11T01:20:07.005Z,UNI,1.3754,8225,6.032,1345.061572
2026-09-11T01:20:07.005Z,AAVE,0.7473,165500,122.13,1345.061572
2026-09-11T01:20:07.005Z,SUSHI,1.539,292,0.2138,1345.061572
2026-09-11T01:20:07.005Z,LDO,-19.7745,399.8,0.3705,1345.061572
2026-09-11T01:20:07.005Z,ICP,1.2197,3823,2.808,1345.061572
2026-09-11T01:20:07.005Z,NEAR,1.3235,3369,2.472,1345.061572
2026-09-11T01:20:07.005Z,HBAR,1.9738,103.2,0.07524,1345.061572
2026-09-11T01:20:07.005Z,XTZ,-0.815,348.2,0.261,1345.061572
2026-09-11T01:20:07.005Z,DYDX,-2.6211,149.2,0.11391,1345.061572
2026-09-11T01:20:07.005Z,ARB,1.3598,195.6,0.14347,1345.061572
2026-09-11T01:20:07.005Z,GMX,1.0239,10160,7.477,1345.061572
2026-09-11T01:20:07.005Z,IMX,2.1429,163.3,0.11886,1345.061572
2026-09-11T01:20:07.005Z,INJ,-1.3216,7900,5.952,1345.061572
2026-09-11T01:20:07.005Z,GRT,12.667,26.99,0.01781,1345.061572
2026-09-11T01:20:07.005Z,SUI,1.6248,1004,0.7345,1345.061572
2026-09-11T01:20:07.005Z,HYPE,-1.9397,104700,79.38,1345.061572
2026-09-11T01:25:07.266Z,BTC,1.4821,104900000,76850,1345.061572
2026-09-11T01:25:07.266Z,ETH,1.5745,3352000,2453.45,1345.061572
2026-09-11T01:25:07.266Z,SOL,1.3912,135300,99.21,1345.061572
2026-09-11T01:25:07.266Z,BNB,0.8692,967500,713.1,1345.061572
2026-09-11T01:25:07.266Z,XRP,1.6101,1834,1.3419,1345.061572
2026-09-11T01:25:07.266Z,ADA,0.785,279.8,0.2064,1345.061572
2026-09-11T01:25:07.266Z,AVAX,1.2363,10180,7.476,1345.061572
2026-09-11T01:25:07.266Z,DOT,1.2753,1525,1.1195,1345.061572
2026-09-11T01:25:07.266Z,LINK,1.6311,15700,11.485,1345.061572
2026-09-11T01:25:07.266Z,POL,1.866,126,0.09196,1345.061572
2026-09-11T01:25:07.266Z,DOGE,1.531,113.8,0.08333,1345.061572
2026-09-11T01:25:07.266Z,TRX,1.6269,465.8,0.34076,1345.061572
2026-09-11T01:25:07.266Z,XLM,1.508,239.7,0.17556,1345.061572
2026-09-11T01:25:07.266Z,SHIB,2.8299,0.007,5.061e-06,1345.061572
2026-09-11T01:25:07.266Z,BCH,11.7499,338800,225.4,1345.061572
2026-09-11T01:25:07.266Z,UNI,1.3418,8225,6.034,1345.061572
2026-09-11T01:25:07.266Z,AAVE,0.8464,165500,122.01,1345.061572
2026-09-11T01:25:07.266Z,SUSHI,1.6817,292,0.2135,1345.061572
2026-09-11T01:25:07.266Z,LDO,-19.5574,399.8,0.3695,1345.061572
2026-09-11T01:25:07.266Z,ICP,0.789,3823,2.82,1345.061572
2026-09-11T01:25:07.266Z,NEAR,1.142,3348,2.461,1345.061572
2026-09-11T01:25:07.266Z,HBAR,1.8033,103,0.07522,1345.061572
2026-09-11T01:25:07.266Z,XTZ,-0.4335,348.2,0.26,1345.061572
2026-09-11T01:25:07.266Z,DYDX,-2.3726,149.2,0.11362,1345.061572
2026-09-11T01:25:07.266Z,ARB,1.4751,196,0.1436,1345.061572
2026-09-11T01:25:07.266Z,GMX,1.2677,10160,7.459,1345.061572
2026-09-11T01:25:07.266Z,IMX,2.2806,163.3,0.1187,1345.061572
2026-09-11T01:25:07.266Z,INJ,-1.3216,7900,5.952,1345.061572
2026-09-11T01:25:07.266Z,GRT,12.8571,26.99,0.01778,1345.061572
2026-09-11T01:25:07.266Z,SUI,1.5191,1002,0.7338,1345.061572
2026-09-11T01:25:07.266Z,HYPE,-1.7999,104700,79.267,1345.061572
2026-09-11T01:30:06.873Z,BTC,1.5744,104900000,76780.2,1345.061572
2026-09-11T01:30:06.873Z,ETH,1.6339,3348000,2449.09,1345.061572
2026-09-11T01:30:06.873Z,SOL,1.6781,135300,98.93,1345.061572
2026-09-11T01:30:06.873Z,BNB,1.0534,967500,711.8,1345.061572
2026-09-11T01:30:06.873Z,XRP,1.6736,1832,1.3396,1345.061572
2026-09-11T01:30:06.873Z,ADA,1.0297,279.8,0.2059,1345.061572
2026-09-11T01:30:06.873Z,AVAX,1.467,10180,7.459,1345.061572
2026-09-11T01:30:06.873Z,DOT,1.9584,1525,1.112,1345.061572
2026-09-11T01:30:06.873Z,LINK,1.7292,15670,11.452,1345.061572
2026-09-11T01:30:06.873Z,POL,1.8339,125.7,0.09177,1345.061572
2026-09-11T01:30:06.873Z,DOGE,1.7875,113.8,0.08312,1345.061572
2026-09-11T01:30:06.873Z,TRX,1.7015,465.8,0.34051,1345.061572
2026-09-11T01:30:06.873Z,XLM,1.7398,239.7,0.17516,1345.061572
2026-09-11T01:30:06.873Z,SHIB,3.0947,0.007,5.048e-06,1345.061572
2026-09-11T01:30:06.873Z,BCH,11.8492,338800,225.2,1345.061572
2026-09-11T01:30:06.873Z,UNI,1.2914,8225,6.037,1345.061572
2026-09-11T01:30:06.873Z,AAVE,1.0701,165500,121.74,1345.061572
2026-09-11T01:30:06.873Z,SUSHI,1.8726,292,0.2131,1345.061572
2026-09-11T01:30:06.873Z,LDO,-19.4484,399.8,0.369,1345.061572
2026-09-11T01:30:06.873Z,ICP,1.6541,3823,2.796,1345.061572
2026-09-11T01:30:06.873Z,NEAR,1.8443,3337,2.436,1345.061572
2026-09-11T01:30:06.873Z,HBAR,2.0203,103,0.07506,1345.061572
2026-09-11T01:30:06.873Z,XTZ,0.6896,348.2,0.2571,1345.061572
2026-09-11T01:30:06.873Z,DYDX,-2.1314,149.2,0.11334,1345.061572
2026-09-11T01:30:06.873Z,ARB,1.7728,196,0.14318,1345.061572
2026-09-11T01:30:06.873Z,GMX,1.4718,10160,7.444,1345.061572
2026-09-11T01:30:06.873Z,IMX,2.5398,163.3,0.1184,1345.061572
2026-09-11T01:30:06.873Z,INJ,-0.8385,7900,5.923,1345.061572
2026-09-11T01:30:06.873Z,GRT,13.0479,26.99,0.01775,1345.061572
2026-09-11T01:30:06.873Z,SUI,1.8522,1002,0.7314,1345.061572
2026-09-11T01:30:06.873Z,HYPE,-1.2855,104700,78.854,1345.061572
2026-09-11T01:35:06.915Z,BTC,1.4975,104770000,76743.1,1345.061572
2026-09-11T01:35:06.915Z,ETH,1.5762,3347000,2449.75,1345.061572
2026-09-11T01:35:06.915Z,SOL,1.4322,135000,98.95,1345.061572
2026-09-11T01:35:06.915Z,BNB,1.096,967500,711.5,1345.061572
2026-09-11T01:35:06.915Z,XRP,1.6105,1831,1.3397,1345.061572
2026-09-11T01:35:06.915Z,ADA,0.8827,279.8,0.2062,1345.061572
2026-09-11T01:35:06.915Z,AVAX,1.5487,10180,7.453,1345.061572
2026-09-11T01:35:06.915Z,DOT,1.7936,1525,1.1138,1345.061572
2026-09-11T01:35:06.915Z,LINK,1.5255,15640,11.453,1345.061572
2026-09-11T01:35:06.915Z,POL,1.9116,125.7,0.0917,1345.061572
2026-09-11T01:35:06.915Z,DOGE,1.4865,113.6,0.08322,1345.061572
2026-09-11T01:35:06.915Z,TRX,1.6431,465.3,0.34034,1345.061572
2026-09-11T01:35:06.915Z,XLM,1.5893,239.4,0.1752,1345.061572
2026-09-11T01:35:06.915Z,SHIB,1.5616,0.0069,5.051e-06,1345.061572
2026-09-11T01:35:06.915Z,BCH,11.7499,338800,225.4,1345.061572
2026-09-11T01:35:06.915Z,UNI,1.8312,8225,6.005,1345.061572
2026-09-11T01:35:06.915Z,AAVE,1.0203,165500,121.8,1345.061572
2026-09-11T01:35:06.915Z,SUSHI,1.8248,292,0.2132,1345.061572
2026-09-11T01:35:06.915Z,LDO,-19.5574,399.8,0.3695,1345.061572
2026-09-11T01:35:06.915Z,ICP,1.7633,3823,2.793,1345.061572
2026-09-11T01:35:06.915Z,NEAR,1.2812,3324,2.44,1345.061572
2026-09-11T01:35:06.915Z,HBAR,2.0339,103,0.07505,1345.061572
2026-09-11T01:35:06.915Z,XTZ,0.6896,348.2,0.2571,1345.061572
2026-09-11T01:35:06.915Z,DYDX,-2.209,149.2,0.11343,1345.061572
2026-09-11T01:35:06.915Z,ARB,2.0436,196,0.1428,1345.061572
2026-09-11T01:35:06.915Z,GMX,1.8137,10160,7.419,1345.061572
2026-09-11T01:35:06.915Z,IMX,2.3927,163.3,0.11857,1345.061572
2026-09-11T01:35:06.915Z,INJ,-0.6204,7900,5.91,1345.061572
2026-09-11T01:35:06.915Z,GRT,13.0479,26.99,0.01775,1345.061572
2026-09-11T01:35:06.915Z,SUI,1.7966,1002,0.7318,1345.061572
2026-09-11T01:35:06.915Z,HYPE,0.9721,107100,78.858,1345.061572
2026-09-11T01:40:07.092Z,BTC,1.7689,105053000,76745.2,1345.061572
2026-09-11T01:40:07.092Z,ETH,1.6995,3348000,2447.51,1345.061572
2026-09-11T01:40:07.092Z,SOL,1.8016,135300,98.81,1345.061572
2026-09-11T01:40:07.092Z,BNB,1.1386,967500,711.2,1345.061572
2026-09-11T01:40:07.092Z,XRP,1.7145,1830,1.3376,1345.061572
2026-09-11T01:40:07.092Z,ADA,1.0788,279.8,0.2058,1345.061572
2026-09-11T01:40:07.092Z,AVAX,1.7125,10180,7.441,1345.061572
2026-09-11T01:40:07.092Z,DOT,1.5202,1525,1.1168,1345.061572
2026-09-11T01:40:07.092Z,LINK,1.6587,15640,11.438,1345.061572
2026-09-11T01:40:07.092Z,POL,1.5462,125.7,0.09203,1345.061572
2026-09-11T01:40:07.092Z,DOGE,1.6331,113.6,0.0831,1345.061572
2026-09-11T01:40:07.092Z,TRX,1.5238,465.3,0.34074,1345.061572
2026-09-11T01:40:07.092Z,XLM,1.6088,239.2,0.17502,1345.061572
2026-09-11T01:40:07.092Z,SHIB,1.622,0.0069,5.048e-06,1345.061572
2026-09-11T01:40:07.092Z,BCH,11.552,338800,225.8,1345.061572
2026-09-11T01:40:07.092Z,UNI,2.3425,8225,5.975,1345.061572
2026-09-11T01:40:07.092Z,AAVE,1.1864,165500,121.6,1345.061572
2026-09-11T01:40:07.092Z,SUSHI,1.6341,292,0.2136,1345.061572
2026-09-11T01:40:07.092Z,LDO,-19.361,399.8,0.3686,1345.061572
2026-09-11T01:40:07.092Z,ICP,1.8362,3823,2.791,1345.061572
2026-09-11T01:40:07.092Z,NEAR,1.4476,3324,2.436,1345.061572
2026-09-11T01:40:07.092Z,HBAR,2.0747,103,0.07502,1345.061572
2026-09-11T01:40:07.092Z,XTZ,0.4551,348.2,0.2577,1345.061572
2026-09-11T01:40:07.092Z,DYDX,-2.1745,149.2,0.11339,1345.061572
2026-09-11T01:40:07.092Z,ARB,2.4165,196,0.14228,1345.061572
2026-09-11T01:40:07.092Z,GMX,1.6083,10160,7.434,1345.061572
2026-09-11T01:40:07.092Z,IMX,2.3237,163.3,0.11865,1345.061572
2026-09-11T01:40:07.092Z,INJ,-0.6876,7900,5.914,1345.061572
2026-09-11T01:40:07.092Z,GRT,12.9842,26.99,0.01776,1345.061572
2026-09-11T01:40:07.092Z,SUI,2.0616,1002,0.7299,1345.061572
2026-09-11T01:40:07.092Z,HYPE,1.3346,107400,78.796,1345.061572
2026-09-11T01:45:06.988Z,BTC,1.6069,105047000,76863.2,1345.061572
2026-09-11T01:45:06.988Z,ETH,1.5289,3347000,2450.89,1345.061572
2026-09-11T01:45:06.988Z,SOL,1.555,135300,99.05,1345.061572
2026-09-11T01:45:06.988Z,BNB,0.9966,967500,712.2,1345.061572
2026-09-11T01:45:06.988Z,XRP,1.5623,1833,1.3418,1345.061572
2026-09-11T01:45:06.988Z,ADA,1.0788,279.8,0.2058,1345.061572
2026-09-11T01:45:06.988Z,AVAX,1.5896,10180,7.45,1345.061572
2026-09-11T01:45:06.988Z,DOT,1.3659,1525,1.1185,1345.061572
2026-09-11T01:45:06.988Z,LINK,1.4223,15620,11.45,1345.061572
2026-09-11T01:45:06.988Z,POL,1.2821,125.7,0.09227,1345.061572
2026-09-11T01:45:06.988Z,DOGE,1.653,113.8,0.08323,1345.061572
2026-09-11T01:45:06.988Z,TRX,1.5029,465.3,0.34081,1345.061572
2026-09-11T01:45:06.988Z,XLM,1.4485,239,0.17515,1345.061572
2026-09-11T01:45:06.988Z,SHIB,1.5616,0.0069,5.051e-06,1345.061572
2026-09-11T01:45:06.988Z,BCH,11.3547,338800,226.2,1345.061572
2026-09-11T01:45:06.988Z,UNI,1.7373,8175,5.974,1345.061572
2026-09-11T01:45:06.988Z,AAVE,1.0535,165500,121.76,1345.061572
2026-09-11T01:45:06.988Z,SUSHI,1.539,292,0.2138,1345.061572
2026-09-11T01:45:06.988Z,LDO,-19.2734,399.8,0.3682,1345.061572
2026-09-11T01:45:06.988Z,ICP,1.7998,3823,2.792,1345.061572
2026-09-11T01:45:06.988Z,NEAR,1.6236,3312,2.423,1345.061572
2026-09-11T01:45:06.988Z,HBAR,1.9524,103,0.07511,1345.061572
2026-09-11T01:45:06.988Z,XTZ,-0.2417,348.2,0.2595,1345.061572
2026-09-11T01:45:06.988Z,DYDX,-2.1227,149.2,0.11333,1345.061572
2026-09-11T01:45:06.988Z,ARB,1.2958,194.7,0.1429,1345.061572
2026-09-11T01:45:06.988Z,GMX,1.7177,10160,7.426,1345.061572
2026-09-11T01:45:06.988Z,IMX,2.3237,163.3,0.11865,1345.061572
2026-09-11T01:45:06.988Z,INJ,-0.8552,7900,5.924,1345.061572
2026-09-11T01:45:06.988Z,GRT,12.8571,26.99,0.01778,1345.061572
2026-09-11T01:45:06.988Z,SUI,1.4595,998,0.7313,1345.061572
2026-09-11T01:45:06.988Z,HYPE,0.7067,107000,78.992,1345.061572
2026-09-11T01:50:06.885Z,BTC,1.4913,104952000,76881.1,1345.061572
2026-09-11T01:50:06.885Z,ETH,1.5818,3350000,2451.81,1345.061572
2026-09-11T01:50:06.885Z,SOL,1.4321,135300,99.17,1345.061572
2026-09-11T01:50:06.885Z,BNB,0.9683,967500,712.4,1345.061572
2026-09-11T01:50:06.885Z,XRP,1.5671,1835,1.3432,1345.061572
2026-09-11T01:50:06.885Z,ADA,0.785,279.8,0.2064,1345.061572
2026-09-11T01:50:06.885Z,AVAX,1.4398,10180,7.461,1345.061572
2026-09-11T01:50:06.885Z,DOT,1.7845,1525,1.1139,1345.061572
2026-09-11T01:50:06.885Z,LINK,1.2217,15600,11.458,1345.061572
2026-09-11T01:50:06.885Z,POL,1.2382,125.7,0.09231,1345.061572
2026-09-11T01:50:06.885Z,DOGE,1.5188,113.8,0.08334,1345.061572
2026-09-11T01:50:06.885Z,TRX,1.5476,465.3,0.34066,1345.061572
2026-09-11T01:50:06.885Z,XLM,1.2981,239,0.17541,1345.061572
2026-09-11T01:50:06.885Z,SHIB,1.4411,0.0069,5.057e-06,1345.061572
2026-09-11T01:50:06.885Z,BCH,11.0112,338800,226.9,1345.061572
2026-09-11T01:50:06.885Z,UNI,1.4825,8175,5.989,1345.061572
2026-09-11T01:50:06.885Z,AAVE,0.9043,165500,121.94,1345.061572
2026-09-11T01:50:06.885Z,SUSHI,1.4441,292,0.214,1345.061572
2026-09-11T01:50:06.885Z,LDO,-19.6226,399.8,0.3698,1345.061572
2026-09-11T01:50:06.885Z,ICP,1.6437,3798,2.778,1345.061572
2026-09-11T01:50:06.885Z,NEAR,1.2861,3301,2.423,1345.061572
2026-09-11T01:50:06.885Z,HBAR,1.9252,103,0.07513,1345.061572
2026-09-11T01:50:06.885Z,XTZ,-0.1647,348.2,0.2593,1345.061572
2026-09-11T01:50:06.885Z,DYDX,-2.2177,149.2,0.11344,1345.061572
2026-09-11T01:50:06.885Z,ARB,1.2533,194.7,0.14296,1345.061572
2026-09-11T01:50:06.885Z,GMX,1.5536,10160,7.438,1345.061572
2026-09-11T01:50:06.885Z,IMX,2.3065,163.3,0.11867,1345.061572
2026-09-11T01:50:06.885Z,INJ,-0.9555,7900,5.93,1345.061572
2026-09-11T01:50:06.885Z,GRT,12.667,26.99,0.01781,1345.061572
2026-09-11T01:50:06.885Z,SUI,1.238,998,0.7329,1345.061572
2026-09-11T01:50:06.885Z,HYPE,0.5298,107000,79.131,1345.061572
2026-09-11T01:55:06.863Z,BTC,1.6123,105155000,76938.1,1345.061572
2026-09-11T01:55:06.863Z,ETH,1.6109,3352000,2452.57,1345.061572
2026-09-11T01:55:06.863Z,SOL,1.5918,135800,99.38,1345.061572
2026-09-11T01:55:06.863Z,BNB,0.8833,967500,713,1345.061572
2026-09-11T01:55:06.863Z,XRP,1.572,1837,1.3446,1345.061572
2026-09-11T01:55:06.863Z,ADA,0.6874,279.8,0.2066,1345.061572
2026-09-11T01:55:06.863Z,AVAX,1.3583,10180,7.467,1345.061572
2026-09-11T01:55:06.863Z,DOT,1.7571,1525,1.1142,1345.061572
2026-09-11T01:55:06.863Z,LINK,1.0365,15600,11.479,1345.061572
2026-09-11T01:55:06.863Z,POL,1.2492,125.7,0.0923,1345.061572
2026-09-11T01:55:06.863Z,DOGE,1.458,113.8,0.08339,1345.061572
2026-09-11T01:55:06.863Z,TRX,1.5387,465.3,0.34069,1345.061572
2026-09-11T01:55:06.863Z,XLM,1.2173,239,0.17555,1345.061572
2026-09-11T01:55:06.863Z,SHIB,1.2209,0.0069,5.068e-06,1345.061572
2026-09-11T01:55:06.863Z,BCH,10.9134,338800,227.1,1345.061572
2026-09-11T01:55:06.863Z,UNI,1.3641,8175,5.996,1345.061572
2026-09-11T01:55:06.863Z,AAVE,0.8464,165500,122.01,1345.061572
2026-09-11T01:55:06.863Z,SUSHI,1.3967,292,0.2141,1345.061572
2026-09-11T01:55:06.863Z,LDO,-19.6444,399.8,0.3699,1345.061572
2026-09-11T01:55:06.863Z,ICP,1.6071,3798,2.779,1345.061572
2026-09-11T01:55:06.863Z,NEAR,1.4843,3302,2.419,1345.061572
2026-09-11T01:55:06.863Z,HBAR,1.7897,103,0.07523,1345.061572
2026-09-11T01:55:06.863Z,XTZ,-0.2032,348.2,0.2594,1345.061572
2026-09-11T01:55:06.863Z,DYDX,-2.3382,149.2,0.11358,1345.061572
2026-09-11T01:55:06.863Z,ARB,1.1472,194.7,0.14311,1345.061572
2026-09-11T01:55:06.863Z,GMX,1.7314,10160,7.425,1345.061572
2026-09-11T01:55:06.863Z,IMX,2.3755,163.3,0.11859,1345.061572
2026-09-11T01:55:06.863Z,INJ,-1.0723,7900,5.937,1345.061572
2026-09-11T01:55:06.863Z,GRT,12.6038,26.99,0.01782,1345.061572
2026-09-11T01:55:06.863Z,SUI,1.1828,998,0.7333,1345.061572
2026-09-11T01:55:06.863Z,HYPE,1.7808,108300,79.108,1345.061572
2026-09-11T02:00:06.901Z,BTC,1.5932,105155000,76952.6,1345.061572
2026-09-11T02:00:06.901Z,ETH,1.5803,3352000,2453.31,1345.061572
2026-09-11T02:00:06.901Z,SOL,1.5068,135700,99.39,1345.061572
2026-09-11T02:00:06.901Z,BNB,0.8833,967500,713,1345.061572
2026-09-11T02:00:06.901Z,XRP,1.4889,1837,1.3457,1345.061572
2026-09-11T02:00:06.901Z,ADA,0.6874,279.8,0.2066,1345.061572
2026-09-11T02:00:06.901Z,AVAX,1.2634,10180,7.474,1345.061572
2026-09-11T02:00:06.901Z,DOT,1.6385,1525,1.1155,1345.061572
2026-09-11T02:00:06.901Z,LINK,1.0013,15600,11.483,1345.061572
2026-09-11T02:00:06.901Z,POL,1.1505,125.7,0.09239,1345.061572
2026-09-11T02:00:06.901Z,DOGE,1.2879,113.8,0.08353,1345.061572
2026-09-11T02:00:06.901Z,TRX,1.493,465.2,0.34077,1345.061572
2026-09-11T02:00:06.901Z,XLM,1.1367,239,0.17569,1345.061572
2026-09-11T02:00:06.901Z,SHIB,2.6879,0.007,5.068e-06,1345.061572
2026-09-11T02:00:06.901Z,BCH,10.8158,338800,227.3,1345.061572
2026-09-11T02:00:06.901Z,UNI,1.3303,8175,5.998,1345.061572
2026-09-11T02:00:06.901Z,AAVE,0.8795,165500,121.97,1345.061572
2026-09-11T02:00:06.901Z,SUSHI,1.1605,292,0.2146,1345.061572
2026-09-11T02:00:06.901Z,LDO,-19.5356,399.8,0.3694,1345.061572
2026-09-11T02:00:06.901Z,ICP,1.4611,3798,2.783,1345.061572
2026-09-11T02:00:06.901Z,NEAR,1.4843,3302,2.419,1345.061572
2026-09-11T02:00:06.901Z,HBAR,1.6951,103,0.0753,1345.061572
2026-09-11T02:00:06.901Z,XTZ,-0.0105,348.2,0.2589,1345.061572
2026-09-11T02:00:06.901Z,DYDX,-2.3726,149.2,0.11362,1345.061572
2026-09-11T02:00:06.901Z,ARB,0.6478,194.7,0.14382,1345.061572
2026-09-11T02:00:06.901Z,GMX,1.6083,10160,7.434,1345.061572
2026-09-11T02:00:06.901Z,IMX,2.3755,163.3,0.11859,1345.061572
2026-09-11T02:00:06.901Z,INJ,-0.9722,7900,5.931,1345.061572
2026-09-11T02:00:06.901Z,GRT,12.667,26.99,0.01781,1345.061572
2026-09-11T02:00:06.901Z,SUI,1.0725,998,0.7341,1345.061572
2026-09-11T02:00:06.901Z,HYPE,1.7679,108300,79.118,1345.061572
2026-09-11T02:05:06.923Z,BTC,1.5694,105155000,76970.6,1345.061572
2026-09-11T02:05:06.923Z,ETH,1.5355,3351000,2453.66,1345.061572
2026-09-11T02:05:06.923Z,SOL,1.4557,135700,99.44,1345.061572
2026-09-11T02:05:06.923Z,BNB,0.8975,967500,712.9,1345.061572
2026-09-11T02:05:06.923Z,XRP,1.5342,1837,1.3451,1345.061572
2026-09-11T02:05:06.923Z,ADA,0.6874,279.8,0.2066,1345.061572
2026-09-11T02:05:06.923Z,AVAX,1.2634,10180,7.474,1345.061572
2026-09-11T02:05:06.923Z,DOT,1.3296,1525,1.1189,1345.061572
2026-09-11T02:05:06.923Z,LINK,0.9134,15600,11.493,1345.061572
2026-09-11T02:05:06.923Z,POL,1.2601,125.7,0.09229,1345.061572
2026-09-11T02:05:06.923Z,DOGE,1.2758,113.8,0.08354,1345.061572
2026-09-11T02:05:06.923Z,TRX,1.5049,465.2,0.34073,1345.061572
2026-09-11T02:05:06.923Z,XLM,1.5021,240,0.17579,1345.061572
2026-09-11T02:05:06.923Z,SHIB,2.7284,0.007,5.066e-06,1345.061572
2026-09-11T02:05:06.923Z,BCH,10.9134,338800,227.1,1345.061572
2026-09-11T02:05:06.923Z,UNI,1.1448,8175,6.009,1345.061572
2026-09-11T02:05:06.923Z,AAVE,0.8464,165500,122.01,1345.061572
2026-09-11T02:05:06.923Z,SUSHI,1.2077,292,0.2145,1345.061572
2026-09-11T02:05:06.923Z,LDO,-19.6226,399.8,0.3698,1345.061572
2026-09-11T02:05:06.923Z,ICP,1.2791,3798,2.788,1345.061572
2026-09-11T02:05:06.923Z,NEAR,1.0565,3284,2.416,1345.061572
2026-09-11T02:05:06.923Z,HBAR,1.8303,103,0.0752,1345.061572
2026-09-11T02:05:06.923Z,XTZ,-0.7008,348.2,0.2607,1345.061572
2026-09-11T02:05:06.923Z,DYDX,-2.4927,149.2,0.11376,1345.061572
2026-09-11T02:05:06.923Z,ARB,0.6409,194.7,0.14383,1345.061572
2026-09-11T02:05:06.923Z,GMX,1.39,10160,7.45,1345.061572
2026-09-11T02:05:06.923Z,IMX,2.3755,163.3,0.11859,1345.061572
2026-09-11T02:05:06.923Z,INJ,-0.9555,7900,5.93,1345.061572
2026-09-11T02:05:06.923Z,GRT,12.5406,26.99,0.01783,1345.061572
2026-09-11T02:05:06.923Z,SUI,0.99,998,0.7347,1345.061572
2026-09-11T02:05:06.923Z,HYPE,1.3882,107900,79.121,1345.061572
2026-09-11T02:10:07.191Z,BTC,1.6035,105080000,76889.9,1345.061572
2026-09-11T02:10:07.191Z,ETH,1.6656,3352000,2451.25,1345.061572
2026-09-11T02:10:07.191Z,SOL,1.81,135900,99.24,1345.061572
2026-09-11T02:10:07.191Z,BNB,1.0108,967500,712.1,1345.061572
2026-09-11T02:10:07.191Z,XRP,1.6627,1837,1.3434,1345.061572
2026-09-11T02:10:07.191Z,ADA,0.8338,279.8,0.2063,1345.061572
2026-09-11T02:10:07.191Z,AVAX,1.4943,10180,7.457,1345.061572
2026-09-11T02:10:07.191Z,DOT,1.2482,1525,1.1198,1345.061572
2026-09-11T02:10:07.191Z,LINK,1.0805,15600,11.474,1345.061572
2026-09-11T02:10:07.191Z,POL,1.458,125.7,0.09211,1345.061572
2026-09-11T02:10:07.191Z,DOGE,1.3607,113.8,0.08347,1345.061572
2026-09-11T02:10:07.191Z,TRX,1.6051,465.7,0.34076,1345.061572
2026-09-11T02:10:07.191Z,XLM,1.6698,240,0.1755,1345.061572
2026-09-11T02:10:07.191Z,SHIB,2.9316,0.007,5.056e-06,1345.061572
2026-09-11T02:10:07.191Z,BCH,11.1582,338800,226.6,1345.061572
2026-09-11T02:10:07.191Z,UNI,1.3472,8175,5.997,1345.061572
2026-09-11T02:10:07.191Z,AAVE,0.9871,165500,121.84,1345.061572
2026-09-11T02:10:07.191Z,SUSHI,1.6341,292,0.2136,1345.061572
2026-09-11T02:10:07.191Z,LDO,-19.5356,399.8,0.3694,1345.061572
2026-09-11T02:10:07.191Z,ICP,1.3882,3798,2.785,1345.061572
2026-09-11T02:10:07.191Z,NEAR,1.3922,3284,2.408,1345.061572
2026-09-11T02:10:07.191Z,HBAR,1.871,103,0.07517,1345.061572
2026-09-11T02:10:07.191Z,XTZ,-0.5864,348.2,0.2604,1345.061572
2026-09-11T02:10:07.191Z,DYDX,-2.3124,149.2,0.11355,1345.061572
2026-09-11T02:10:07.191Z,ARB,0.767,194.7,0.14365,1345.061572
2026-09-11T02:10:07.191Z,GMX,1.7177,10160,7.426,1345.061572
2026-09-11T02:10:07.191Z,IMX,2.5831,163.3,0.11835,1345.061572
2026-09-11T02:10:07.191Z,INJ,-0.8887,7900,5.926,1345.061572
2026-09-11T02:10:07.191Z,GRT,13.0479,26.99,0.01775,1345.061572
2026-09-11T02:10:07.191Z,SUI,1.1966,998,0.7332,1345.061572
2026-09-11T02:10:07.191Z,HYPE,1.6151,107700,78.798,1345.061572
2026-09-11T02:15:06.878Z,BTC,1.595,105126000,76930,1345.061572
2026-09-11T02:15:06.878Z,ETH,1.525,3349000,2452.45,1345.061572
2026-09-11T02:15:06.878Z,SOL,1.4218,135600,99.4,1345.061572
2026-09-11T02:15:06.878Z,BNB,0.8833,967500,713,1345.061572
2026-09-11T02:15:06.878Z,XRP,1.5795,1837,1.3445,1345.061572
2026-09-11T02:15:06.878Z,ADA,0.6387,279.8,0.2067,1345.061572
2026-09-11T02:15:06.878Z,AVAX,1.4127,10180,7.463,1345.061572
2026-09-11T02:15:06.878Z,DOT,1.0947,1525,1.1215,1345.061572
2026-09-11T02:15:06.878Z,LINK,0.931,15600,11.491,1345.061572
2026-09-11T02:15:06.878Z,POL,1.348,125.7,0.09221,1345.061572
2026-09-11T02:15:06.878Z,DOGE,1.3,113.8,0.08352,1345.061572
2026-09-11T02:15:06.878Z,TRX,1.6916,465.7,0.34047,1345.061572
2026-09-11T02:15:06.878Z,XLM,1.5945,240,0.17563,1345.061572
2026-09-11T02:15:06.878Z,SHIB,2.8096,0.007,5.062e-06,1345.061572
2026-09-11T02:15:06.878Z,BCH,11.1582,338800,226.6,1345.061572
2026-09-11T02:15:06.878Z,UNI,1.1279,8175,6.01,1345.061572
2026-09-11T02:15:06.878Z,AAVE,1.0286,165500,121.79,1345.061572
2026-09-11T02:15:06.878Z,SUSHI,1.3967,292,0.2141,1345.061572
2026-09-11T02:15:06.878Z,LDO,-19.6878,399.8,0.3701,1345.061572
2026-09-11T02:15:06.878Z,ICP,1.3519,3798,2.786,1345.061572
2026-09-11T02:15:06.878Z,NEAR,0.7843,3286,2.424,1345.061572
2026-09-11T02:15:06.878Z,HBAR,1.7897,103,0.07523,1345.061572
2026-09-11T02:15:06.878Z,XTZ,-1.4193,348.2,0.2626,1345.061572
2026-09-11T02:15:06.878Z,DYDX,-2.3812,149.2,0.11363,1345.061572
2026-09-11T02:15:06.878Z,ARB,0.6409,194.7,0.14383,1345.061572
2026-09-11T02:15:06.878Z,GMX,1.6766,10160,7.429,1345.061572
2026-09-11T02:15:06.878Z,IMX,2.3582,163.3,0.11861,1345.061572
2026-09-11T02:15:06.878Z,INJ,-1.0556,7900,5.936,1345.061572
2026-09-11T02:15:06.878Z,GRT,13.0479,26.99,0.01775,1345.061572
2026-09-11T02:15:06.878Z,SUI,1.0725,998,0.7341,1345.061572
2026-09-11T02:15:06.878Z,HYPE,1.222,107700,79.104,1345.061572
2026-09-11T02:20:07.080Z,BTC,1.6023,105020000,76846.9,1345.061572
2026-09-11T02:20:07.080Z,ETH,1.6418,3348000,2448.9,1345.061572
2026-09-11T02:20:07.080Z,SOL,1.5955,135600,99.23,1345.061572
2026-09-11T02:20:07.080Z,BNB,1.0392,967500,711.9,1345.061572
2026-09-11T02:20:07.080Z,XRP,1.5874,1834,1.3422,1345.061572
2026-09-11T02:20:07.080Z,ADA,1.0297,279.8,0.2059,1345.061572
2026-09-11T02:20:07.080Z,AVAX,1.6305,10180,7.447,1345.061572
2026-09-11T02:20:07.080Z,DOT,1.203,1525,1.1203,1345.061572
2026-09-11T02:20:07.080Z,LINK,1.0189,15600,11.481,1345.061572
2026-09-11T02:20:07.080Z,POL,1.5572,125.7,0.09202,1345.061572
2026-09-11T02:20:07.080Z,DOGE,1.5188,113.8,0.08334,1345.061572
2026-09-11T02:20:07.080Z,TRX,1.7215,465.7,0.34037,1345.061572
2026-09-11T02:20:07.080Z,XLM,1.7336,240,0.17539,1345.061572
2026-09-11T02:20:07.080Z,SHIB,1.5616,0.0069,5.051e-06,1345.061572
2026-09-11T02:20:07.080Z,BCH,11.404,338800,226.1,1345.061572
2026-09-11T02:20:07.080Z,UNI,1.5843,8175,5.983,1345.061572
2026-09-11T02:20:07.080Z,AAVE,1.2197,165500,121.56,1345.061572
2026-09-11T02:20:07.080Z,SUSHI,1.6817,292,0.2135,1345.061572
2026-09-11T02:20:07.080Z,LDO,-19.5574,399.8,0.3695,1345.061572
2026-09-11T02:20:07.080Z,ICP,1.6071,3798,2.779,1345.061572
2026-09-11T02:20:07.080Z,NEAR,1.3697,3286,2.41,1345.061572
2026-09-11T02:20:07.080Z,HBAR,1.9524,103,0.07511,1345.061572
2026-09-11T02:20:07.080Z,XTZ,-0.9289,348.2,0.2613,1345.061572
2026-09-11T02:20:07.080Z,DYDX,-2.1745,149.2,0.11339,1345.061572
2026-09-11T02:20:07.080Z,ARB,0.8934,194.7,0.14347,1345.061572
2026-09-11T02:20:07.080Z,GMX,1.8274,10160,7.418,1345.061572
2026-09-11T02:20:07.080Z,IMX,2.5918,163.3,0.11834,1345.061572
2026-09-11T02:20:07.080Z,INJ,-1.0223,7900,5.934,1345.061572
2026-09-11T02:20:07.080Z,GRT,13.624,26.99,0.01766,1345.061572
2026-09-11T02:20:07.080Z,SUI,1.238,998,0.7329,1345.061572
2026-09-11T02:20:07.080Z,HYPE,1.7261,107700,78.712,1345.061572
2026-09-11T02:25:06.876Z,BTC,1.6316,105000000,76810.1,1345.061572
2026-09-11T02:25:06.876Z,ETH,1.6233,3345000,2447.15,1345.061572
2026-09-11T02:25:06.876Z,SOL,1.6538,135500,99.1,1345.061572
2026-09-11T02:25:06.876Z,BNB,1.0818,967500,711.6,1345.061572
2026-09-11T02:25:06.876Z,XRP,1.6105,1831,1.3397,1345.061572
2026-09-11T02:25:06.876Z,ADA,1.128,279.8,0.2057,1345.061572
2026-09-11T02:25:06.876Z,AVAX,1.7262,10180,7.44,1345.061572
2026-09-11T02:25:06.876Z,DOT,1.7845,1525,1.1139,1345.061572
2026-09-11T02:25:06.876Z,LINK,1.0805,15600,11.474,1345.061572
2026-09-11T02:25:06.876Z,POL,1.4911,125.7,0.09208,1345.061572
2026-09-11T02:25:06.876Z,DOGE,1.6652,113.8,0.08322,1345.061572
2026-09-11T02:25:06.876Z,TRX,1.7424,465.7,0.3403,1345.061572
2026-09-11T02:25:06.876Z,XLM,1.8189,239.9,0.17517,1345.061572
2026-09-11T02:25:06.876Z,SHIB,1.622,0.0069,5.048e-06,1345.061572
2026-09-11T02:25:06.876Z,BCH,11.3547,338800,226.2,1345.061572
2026-09-11T02:25:06.876Z,UNI,1.8396,8175,5.968,1345.061572
2026-09-11T02:25:06.876Z,AAVE,1.2364,165500,121.54,1345.061572
2026-09-11T02:25:06.876Z,SUSHI,1.6817,292,0.2135,1345.061572
2026-09-11T02:25:06.876Z,LDO,-19.492,399.8,0.3692,1345.061572
2026-09-11T02:25:06.876Z,ICP,1.5706,3798,2.78,1345.061572
2026-09-11T02:25:06.876Z,NEAR,1.7074,3286,2.402,1345.061572
2026-09-11T02:25:06.876Z,HBAR,2.0339,103,0.07505,1345.061572
2026-09-11T02:25:06.876Z,XTZ,-0.777,348.2,0.2609,1345.061572
2026-09-11T02:25:06.876Z,DYDX,-2.1141,149.2,0.11332,1345.061572
2026-09-11T02:25:06.876Z,ARB,0.9286,194.7,0.14342,1345.061572
2026-09-11T02:25:06.876Z,GMX,2.1718,10160,7.393,1345.061572
2026-09-11T02:25:06.876Z,IMX,2.6091,163.3,0.11832,1345.061572
2026-09-11T02:25:06.876Z,INJ,-1.0556,7900,5.936,1345.061572
2026-09-11T02:25:06.876Z,GRT,13.8819,26.99,0.01762,1345.061572
2026-09-11T02:25:06.876Z,SUI,1.6993,1002,0.7325,1345.061572
2026-09-11T02:25:06.876Z,HYPE,1.7026,107500,78.584,1345.061572
2026-09-11T02:30:07.188Z,BTC,1.5627,104890000,76781.7,1345.061572
2026-09-11T02:30:07.188Z,ETH,1.5687,3342000,2446.27,1345.061572
2026-09-11T02:30:07.188Z,SOL,1.582,135500,99.17,1345.061572
2026-09-11T02:30:07.188Z,BNB,1.2525,967500,710.4,1345.061572
2026-09-11T02:30:07.188Z,XRP,1.6233,1830,1.3388,1345.061572
2026-09-11T02:30:07.188Z,ADA,1.5978,281.1,0.2057,1345.061572
2026-09-11T02:30:07.188Z,AVAX,1.6988,10180,7.442,1345.061572
2026-09-11T02:30:07.188Z,DOT,1.7753,1525,1.114,1345.061572
2026-09-11T02:30:07.188Z,LINK,1.1687,15600,11.464,1345.061572
2026-09-11T02:30:07.188Z,POL,1.381,125.7,0.09218,1345.061572
2026-09-11T02:30:07.188Z,DOGE,1.6652,113.8,0.08322,1345.061572
2026-09-11T02:30:07.188Z,TRX,1.5577,464.8,0.34026,1345.061572
2026-09-11T02:30:07.188Z,XLM,1.8596,239.9,0.1751,1345.061572
2026-09-11T02:30:07.188Z,SHIB,1.6622,0.0069,5.046e-06,1345.061572
2026-09-11T02:30:07.188Z,BCH,11.4533,338800,226,1345.061572
2026-09-11T02:30:07.188Z,UNI,1.9079,8175,5.964,1345.061572
2026-09-11T02:30:07.188Z,AAVE,1.3448,165500,121.41,1345.061572
2026-09-11T02:30:07.188Z,SUSHI,1.6817,292,0.2135,1345.061572
2026-09-11T02:30:07.188Z,LDO,-19.492,399.8,0.3692,1345.061572
2026-09-11T02:30:07.188Z,ICP,1.6803,3798,2.777,1345.061572
2026-09-11T02:30:07.188Z,NEAR,1.1254,3274,2.407,1345.061572
2026-09-11T02:30:07.188Z,HBAR,2.0747,103,0.07502,1345.061572
2026-09-11T02:30:07.188Z,XTZ,-1.1181,348.2,0.2618,1345.061572
2026-09-11T02:30:07.188Z,DYDX,-2.0709,149.2,0.11327,1345.061572
2026-09-11T02:30:07.188Z,ARB,1.8105,196.1,0.1432,1345.061572
2026-09-11T02:30:07.188Z,GMX,2.0889,10160,7.399,1345.061572
2026-09-11T02:30:07.188Z,IMX,2.5831,163.3,0.11835,1345.061572
2026-09-11T02:30:07.188Z,INJ,-0.7547,7900,5.918,1345.061572
2026-09-11T02:30:07.188Z,GRT,14.0113,26.99,0.0176,1345.061572
2026-09-11T02:30:07.188Z,SUI,1.5934,1000,0.7318,1345.061572
2026-09-11T02:30:07.188Z,HYPE,1.3397,107100,78.572,1345.061572
2026-09-11T02:35:06.865Z,BTC,1.585,104890000,76764.8,1345.061572
2026-09-11T02:35:06.865Z,ETH,1.6206,3342000,2445.02,1345.061572
2026-09-11T02:35:06.865Z,SOL,1.7154,135500,99.04,1345.061572
2026-09-11T02:35:06.865Z,BNB,1.281,967500,710.2,1345.061572
2026-09-11T02:35:06.865Z,XRP,1.6613,1830,1.3383,1345.061572
2026-09-11T02:35:06.865Z,ADA,1.5485,281.1,0.2058,1345.061572
2026-09-11T02:35:06.865Z,AVAX,1.6852,10180,7.443,1345.061572
2026-09-11T02:35:06.865Z,DOT,2.1329,1525,1.1101,1345.061572
2026-09-11T02:35:06.865Z,LINK,1.4341,15630,11.456,1345.061572
2026-09-11T02:35:06.865Z,POL,1.48,125.7,0.09209,1345.061572
2026-09-11T02:35:06.865Z,DOGE,1.6286,113.8,0.08325,1345.061572
2026-09-11T02:35:06.865Z,TRX,1.5846,464.8,0.34017,1345.061572
2026-09-11T02:35:06.865Z,XLM,1.8596,239.9,0.1751,1345.061572
2026-09-11T02:35:06.865Z,SHIB,1.622,0.0069,5.048e-06,1345.061572
2026-09-11T02:35:06.865Z,BCH,11.552,338800,225.8,1345.061572
2026-09-11T02:35:06.865Z,UNI,1.7203,8175,5.975,1345.061572
2026-09-11T02:35:06.865Z,AAVE,1.3281,165500,121.43,1345.061572
2026-09-11T02:35:06.865Z,SUSHI,1.7294,292,0.2134,1345.061572
2026-09-11T02:35:06.865Z,LDO,-19.5574,399.8,0.3695,1345.061572
2026-09-11T02:35:06.865Z,ICP,1.5321,3787,2.773,1345.061572
2026-09-11T02:35:06.865Z,NEAR,1.1675,3274,2.406,1345.061572
2026-09-11T02:35:06.865Z,HBAR,1.7597,102.6,0.07496,1345.061572
2026-09-11T02:35:06.865Z,XTZ,-1.0046,348.2,0.2615,1345.061572
2026-09-11T02:35:06.865Z,DYDX,-2.0795,149.2,0.11328,1345.061572
2026-09-11T02:35:06.865Z,ARB,1.8531,196.1,0.14314,1345.061572
2026-09-11T02:35:06.865Z,GMX,2.1994,10160,7.391,1345.061572
2026-09-11T02:35:06.865Z,IMX,2.4792,163.3,0.11847,1345.061572
2026-09-11T02:35:06.865Z,INJ,-0.8552,7900,5.924,1345.061572
2026-09-11T02:35:06.865Z,GRT,14.141,26.99,0.01758,1345.061572
2026-09-11T02:35:06.865Z,SUI,1.5795,1000,0.7319,1345.061572
2026-09-11T02:35:06.865Z,HYPE,1.5128,107100,78.438,1345.061572
2026-09-11T02:40:06.636Z,BTC,1.5141,104985000,76888,1345.061572
2026-09-11T02:40:06.636Z,ETH,1.4696,3342000,2448.66,1345.061572
2026-09-11T02:40:06.636Z,SOL,1.4695,135500,99.28,1345.061572
2026-09-11T02:40:06.636Z,BNB,1.0392,967500,711.9,1345.061572
2026-09-11T02:40:06.636Z,XRP,1.5647,1834,1.3425,1345.061572
2026-09-11T02:40:06.636Z,ADA,1.1552,281.1,0.2066,1345.061572
2026-09-11T02:40:06.636Z,AVAX,1.4398,10180,7.461,1345.061572
2026-09-11T02:40:06.636Z,DOT,2.0593,1525,1.1109,1345.061572
2026-09-11T02:40:06.636Z,LINK,1.1691,15630,11.486,1345.061572
2026-09-11T02:40:06.636Z,POL,1.403,125.7,0.09216,1345.061572
2026-09-11T02:40:06.636Z,DOGE,1.3607,113.8,0.08347,1345.061572
2026-09-11T02:40:06.636Z,TRX,1.5577,464.8,0.34026,1345.061572
2026-09-11T02:40:06.636Z,XLM,1.5233,239.9,0.17568,1345.061572
2026-09-11T02:40:06.636Z,SHIB,1.161,0.0069,5.071e-06,1345.061572
2026-09-11T02:40:06.636Z,BCH,11.1091,338800,226.7,1345.061572
2026-09-11T02:40:06.636Z,UNI,1.2459,8175,6.003,1345.061572
2026-09-11T02:40:06.636Z,AAVE,1.0369,165500,121.78,1345.061572
2026-09-11T02:40:06.636Z,SUSHI,1.3967,292,0.2141,1345.061572
2026-09-11T02:40:06.636Z,LDO,-19.7095,399.8,0.3702,1345.061572
2026-09-11T02:40:06.636Z,ICP,1.4224,3787,2.776,1345.061572
2026-09-11T02:40:06.636Z,NEAR,0.9996,3274,2.41,1345.061572
2026-09-11T02:40:06.636Z,HBAR,1.4889,102.6,0.07516,1345.061572
2026-09-11T02:40:06.636Z,XTZ,-1.1181,348.2,0.2618,1345.061572
2026-09-11T02:40:06.636Z,DYDX,-2.4155,149.2,0.11367,1345.061572
2026-09-11T02:40:06.636Z,ARB,1.6401,196.1,0.14344,1345.061572
2026-09-11T02:40:06.636Z,GMX,1.9511,10160,7.409,1345.061572
2026-09-11T02:40:06.636Z,IMX,2.1601,163.3,0.11884,1345.061572
2026-09-11T02:40:06.636Z,INJ,-1.222,7900,5.946,1345.061572
2026-09-11T02:40:06.636Z,GRT,13.8819,26.99,0.01762,1345.061572
2026-09-11T02:40:06.636Z,SUI,1.2062,1000,0.7346,1345.061572
2026-09-11T02:40:06.636Z,HYPE,1.0413,107100,78.804,1345.061572
2026-09-11T02:45:06.880Z,BTC,1.5658,104979000,76844.5,1345.061572
2026-09-11T02:45:06.880Z,ETH,1.5052,3342000,2447.8,1345.061572
2026-09-11T02:45:06.880Z,SOL,1.5513,135500,99.2,1345.061572
2026-09-11T02:45:06.880Z,BNB,1.096,967500,711.5,1345.061572
2026-09-11T02:45:06.880Z,XRP,1.5826,1832,1.3408,1345.061572
2026-09-11T02:45:06.880Z,ADA,1.3023,281.1,0.2063,1345.061572
2026-09-11T02:45:06.880Z,AVAX,1.5896,10180,7.45,1345.061572
2026-09-11T02:45:06.880Z,DOT,2.3634,1525,1.1076,1345.061572
2026-09-11T02:45:06.880Z,LINK,1.3721,15630,11.463,1345.061572
2026-09-11T02:45:06.880Z,POL,1.414,125.7,0.09215,1345.061572
2026-09-11T02:45:06.880Z,DOGE,1.6485,114,0.08338,1345.061572
2026-09-11T02:45:06.880Z,TRX,1.5727,464.8,0.34021,1345.061572
2026-09-11T02:45:06.880Z,XLM,1.6622,239.9,0.17544,1345.061572
2026-09-11T02:45:06.880Z,SHIB,1.3609,0.0069,5.061e-06,1345.061572
2026-09-11T02:45:06.880Z,BCH,11.1582,338800,226.6,1345.061572
2026-09-11T02:45:06.880Z,UNI,1.5673,8175,5.984,1345.061572
2026-09-11T02:45:06.880Z,AAVE,1.2947,165500,121.47,1345.061572
2026-09-11T02:45:06.880Z,SUSHI,1.7294,292,0.2134,1345.061572
2026-09-11T02:45:06.880Z,LDO,-19.5356,399.8,0.3694,1345.061572
2026-09-11T02:45:06.880Z,ICP,1.4955,3787,2.774,1345.061572
2026-09-11T02:45:06.880Z,NEAR,1.5579,3288,2.407,1345.061572
2026-09-11T02:45:06.880Z,HBAR,1.6105,102.6,0.07507,1345.061572
2026-09-11T02:45:06.880Z,XTZ,-0.3568,348.2,0.2598,1345.061572
2026-09-11T02:45:06.880Z,DYDX,-2.3124,149.2,0.11355,1345.061572
2026-09-11T02:45:06.880Z,ARB,1.6826,196.1,0.14338,1345.061572
2026-09-11T02:45:06.880Z,GMX,2.2271,10160,7.389,1345.061572
2026-09-11T02:45:06.880Z,IMX,2.2892,163.3,0.11869,1345.061572
2026-09-11T02:45:06.880Z,INJ,-0.9555,7900,5.93,1345.061572
2026-09-11T02:45:06.880Z,GRT,14.206,26.99,0.01757,1345.061572
2026-09-11T02:45:06.880Z,SUI,1.4686,1000,0.7327,1345.061572
2026-09-11T02:45:06.880Z,HYPE,1.4339,107100,78.499,1345.061572
2026-09-11T02:50:06.884Z,BTC,1.4458,104927000,76897.3,1345.061572
2026-09-11T02:50:06.884Z,ETH,1.4356,3342000,2449.48,1345.061572
2026-09-11T02:50:06.884Z,SOL,1.3776,135500,99.37,1345.061572
2026-09-11T02:50:06.884Z,BNB,1.0534,967500,711.8,1345.061572
2026-09-11T02:50:06.884Z,XRP,1.552,1835,1.3434,1345.061572
2026-09-11T02:50:06.884Z,ADA,1.0086,281.1,0.2069,1345.061572
2026-09-11T02:50:06.884Z,AVAX,1.3991,10180,7.464,1345.061572
2026-09-11T02:50:06.884Z,DOT,1.8942,1525,1.1127,1345.061572
2026-09-11T02:50:06.884Z,LINK,1.1867,15630,11.484,1345.061572
2026-09-11T02:50:06.884Z,POL,1.2931,125.7,0.09226,1345.061572
2026-09-11T02:50:06.884Z,DOGE,1.4902,114,0.08351,1345.061572
2026-09-11T02:50:06.884Z,TRX,1.5607,464.8,0.34025,1345.061572
2026-09-11T02:50:06.884Z,XLM,1.5175,239.9,0.17569,1345.061572
2026-09-11T02:50:06.884Z,SHIB,1.201,0.0069,5.069e-06,1345.061572
2026-09-11T02:50:06.884Z,BCH,11.0601,338800,226.8,1345.061572
2026-09-11T02:50:06.884Z,UNI,1.5673,8175,5.984,1345.061572
2026-09-11T02:50:06.884Z,AAVE,1.1781,165500,121.61,1345.061572
2026-09-11T02:50:06.884Z,SUSHI,1.5865,292,0.2137,1345.061572
2026-09-11T02:50:06.884Z,LDO,-19.8178,399.8,0.3707,1345.061572
2026-09-11T02:50:06.884Z,ICP,1.4224,3787,2.776,1345.061572
2026-09-11T02:50:06.884Z,NEAR,1.3585,3287,2.411,1345.061572
2026-09-11T02:50:06.884Z,HBAR,1.5429,102.6,0.07512,1345.061572
2026-09-11T02:50:06.884Z,XTZ,-0.815,348.2,0.261,1345.061572
2026-09-11T02:50:06.884Z,DYDX,-2.5955,149.2,0.11388,1345.061572
2026-09-11T02:50:06.884Z,ARB,1.1816,196.1,0.14409,1345.061572
2026-09-11T02:50:06.884Z,GMX,2.0613,10160,7.401,1345.061572
2026-09-11T02:50:06.884Z,IMX,2.1601,163.3,0.11884,1345.061572
2026-09-11T02:50:06.884Z,INJ,-1.0723,7900,5.937,1345.061572
2026-09-11T02:50:06.884Z,GRT,13.8173,26.99,0.01763,1345.061572
2026-09-11T02:50:06.884Z,SUI,1.3074,1001,0.7346,1345.061572
2026-09-11T02:50:06.884Z,HYPE,1.1504,107100,78.719,1345.061572
2026-09-11T02:55:06.697Z,BTC,1.5014,104890000,76828.1,1345.061572
2026-09-11T02:55:06.697Z,ETH,1.5661,3341000,2445.6,1345.061572
2026-09-11T02:55:06.697Z,SOL,1.4797,135500,99.27,1345.061572
2026-09-11T02:55:06.697Z,BNB,1.1671,967500,711,1345.061572
2026-09-11T02:55:06.697Z,XRP,1.4666,1831,1.3416,1345.061572
2026-09-11T02:55:06.697Z,ADA,1.695,282.6,0.2066,1345.061572
2026-09-11T02:55:06.697Z,AVAX,1.5079,10180,7.456,1345.061572
2026-09-11T02:55:06.697Z,DOT,2.1421,1525,1.11,1345.061572
2026-09-11T02:55:06.697Z,LINK,1.3633,15630,11.464,1345.061572
2026-09-11T02:55:06.697Z,POL,1.0193,125.7,0.09251,1345.061572
2026-09-11T02:55:06.697Z,DOGE,1.5997,114,0.08342,1345.061572
2026-09-11T02:55:06.697Z,TRX,1.5816,464.8,0.34018,1345.061572
2026-09-11T02:55:06.697Z,XLM,1.6274,239.9,0.1755,1345.061572
2026-09-11T02:55:06.697Z,SHIB,1.2609,0.0069,5.066e-06,1345.061572
2026-09-11T02:55:06.697Z,BCH,11.2564,338800,226.4,1345.061572
2026-09-11T02:55:06.697Z,UNI,1.6863,8175,5.977,1345.061572
2026-09-11T02:55:06.697Z,AAVE,1.2947,165500,121.47,1345.061572
2026-09-11T02:55:06.697Z,SUSHI,1.777,292,0.2133,1345.061572
2026-09-11T02:55:06.697Z,LDO,-19.5574,399.8,0.3695,1345.061572
2026-09-11T02:55:06.697Z,ICP,1.6787,3787,2.769,1345.061572
2026-09-11T02:55:06.697Z,NEAR,1.567,3276,2.398,1345.061572
2026-09-11T02:55:06.697Z,HBAR,1.6783,102.6,0.07502,1345.061572
2026-09-11T02:55:06.697Z,XTZ,-0.4335,348.2,0.26,1345.061572
2026-09-11T02:55:06.697Z,DYDX,-2.4069,149.2,0.11366,1345.061572
2026-09-11T02:55:06.697Z,ARB,1.7034,196.4,0.14357,1345.061572
2026-09-11T02:55:06.697Z,GMX,2.2132,10160,7.39,1345.061572
2026-09-11T02:55:06.697Z,IMX,2.3668,163.3,0.1186,1345.061572
2026-09-11T02:55:06.697Z,INJ,-1.039,7900,5.935,1345.061572
2026-09-11T02:55:06.697Z,GRT,13.9466,26.99,0.01761,1345.061572
2026-09-11T02:55:06.697Z,SUI,1.4915,1002,0.734,1345.061572
2026-09-11T02:55:06.697Z,HYPE,1.2289,107100,78.658,1345.061572
2026-09-11T03:00:06.534Z,BTC,1.5433,104895000,76800,1345.061572
2026-09-11T03:00:06.534Z,ETH,1.5844,3341000,2445.16,1345.061572
2026-09-11T03:00:06.534Z,SOL,1.5206,135500,99.23,1345.061572
2026-09-11T03:00:06.534Z,BNB,1.2098,967500,710.7,1345.061572
2026-09-11T03:00:06.534Z,XRP,1.6002,1833,1.3413,1345.061572
2026-09-11T03:00:06.534Z,ADA,1.695,282.6,0.2066,1345.061572
2026-09-11T03:00:06.534Z,AVAX,1.5487,10180,7.453,1345.061572
2026-09-11T03:00:06.534Z,DOT,2.1513,1525,1.1099,1345.061572
2026-09-11T03:00:06.534Z,LINK,1.2926,15630,11.472,1345.061572
2026-09-11T03:00:06.534Z,POL,1.0084,125.7,0.09252,1345.061572
2026-09-11T03:00:06.534Z,DOGE,1.6119,114,0.08341,1345.061572
2026-09-11T03:00:06.534Z,TRX,1.5727,464.8,0.34021,1345.061572
2026-09-11T03:00:06.534Z,XLM,1.6506,239.9,0.17546,1345.061572
2026-09-11T03:00:06.534Z,SHIB,2.7284,0.007,5.066e-06,1345.061572
2026-09-11T03:00:06.534Z,BCH,11.3547,338800,226.2,1345.061572
2026-09-11T03:00:06.534Z,UNI,1.5843,8175,5.983,1345.061572
2026-09-11T03:00:06.534Z,AAVE,1.3197,165500,121.44,1345.061572
2026-09-11T03:00:06.534Z,SUSHI,1.8248,292,0.2132,1345.061572
2026-09-11T03:00:06.534Z,LDO,-19.5356,399.8,0.3694,1345.061572
2026-09-11T03:00:06.534Z,ICP,1.789,3787,2.766,1345.061572
2026-09-11T03:00:06.534Z,NEAR,1.4121,3256,2.387,1345.061572
2026-09-11T03:00:06.534Z,HBAR,1.7461,102.6,0.07497,1345.061572
2026-09-11T03:00:06.534Z,XTZ,-0.4335,348.2,0.26,1345.061572
2026-09-11T03:00:06.534Z,DYDX,-2.321,149.2,0.11356,1345.061572
2026-09-11T03:00:06.534Z,ARB,1.1259,196.4,0.14439,1345.061572
2026-09-11T03:00:06.534Z,GMX,2.1303,10160,7.396,1345.061572
2026-09-11T03:00:06.534Z,IMX,2.3755,163.3,0.11859,1345.061572
2026-09-11T03:00:06.534Z,INJ,-0.8217,7900,5.922,1345.061572
2026-09-11T03:00:06.534Z,GRT,13.9466,26.99,0.01761,1345.061572
2026-09-11T03:00:06.534Z,SUI,1.6204,1003,0.7338,1345.061572
2026-09-11T03:00:06.534Z,HYPE,1.319,107100,78.588,1345.061572
2026-09-11T03:05:07.077Z,BTC,1.5556,104853000,76760,1345.061572
2026-09-11T03:05:07.077Z,ETH,1.5847,3339000,2443.69,1345.061572
2026-09-11T03:05:07.077Z,SOL,1.5378,135400,99.14,1345.061572
2026-09-11T03:05:07.077Z,BNB,1.1955,967500,710.8,1345.061572
2026-09-11T03:05:07.077Z,XRP,1.5878,1831,1.34,1345.061572
2026-09-11T03:05:07.077Z,ADA,1.7936,282.6,0.2064,1345.061572
2026-09-11T03:05:07.077Z,AVAX,1.576,10180,7.451,1345.061572
2026-09-11T03:05:07.077Z,DOT,2.1237,1525,1.1102,1345.061572
2026-09-11T03:05:07.077Z,LINK,1.3103,15630,11.47,1345.061572
2026-09-11T03:05:07.077Z,POL,1.1177,125.7,0.09242,1345.061572
2026-09-11T03:05:07.077Z,DOGE,1.6363,114,0.08339,1345.061572
2026-09-11T03:05:07.077Z,TRX,1.681,465.2,0.34014,1345.061572
2026-09-11T03:05:07.077Z,XLM,1.7724,239.9,0.17525,1345.061572
2026-09-11T03:05:07.077Z,SHIB,2.769,0.007,5.064e-06,1345.061572
2026-09-11T03:05:07.077Z,BCH,11.404,338800,226.1,1345.061572
2026-09-11T03:05:07.077Z,UNI,1.9079,8175,5.964,1345.061572
2026-09-11T03:05:07.077Z,AAVE,1.2864,165500,121.48,1345.061572
2026-09-11T03:05:07.077Z,SUSHI,1.8726,292,0.2131,1345.061572
2026-09-11T03:05:07.077Z,LDO,-19.4702,399.8,0.3691,1345.061572
2026-09-11T03:05:07.077Z,ICP,2.0103,3787,2.76,1345.061572
2026-09-11T03:05:07.077Z,NEAR,1.4799,3265,2.392,1345.061572
2026-09-11T03:05:07.077Z,HBAR,1.8724,102.7,0.07495,1345.061572
2026-09-11T03:05:07.077Z,XTZ,-1.3066,348.2,0.2623,1345.061572
2026-09-11T03:05:07.077Z,DYDX,-2.2349,149.2,0.11346,1345.061572
2026-09-11T03:05:07.077Z,ARB,1.4561,196.4,0.14392,1345.061572
2026-09-11T03:05:07.077Z,GMX,2.0889,10160,7.399,1345.061572
2026-09-11T03:05:07.077Z,IMX,2.3841,163.3,0.11858,1345.061572
2026-09-11T03:05:07.077Z,INJ,-0.8385,7900,5.923,1345.061572
2026-09-11T03:05:07.077Z,GRT,14.4013,26.99,0.01754,1345.061572
2026-09-11T03:05:07.077Z,SUI,1.6897,1003,0.7333,1345.061572
2026-09-11T03:05:07.077Z,HYPE,1.3797,107100,78.541,1345.061572
2026-09-11T03:10:06.734Z,BTC,1.5669,104798000,76711.2,1345.061572
2026-09-11T03:10:06.734Z,ETH,1.569,3336000,2441.87,1345.061572
2026-09-11T03:10:06.734Z,SOL,1.6165,135300,98.99,1345.061572
2026-09-11T03:10:06.734Z,BNB,1.2953,967500,710.1,1345.061572
2026-09-11T03:10:06.734Z,XRP,1.5501,1828,1.3383,1345.061572
2026-09-11T03:10:06.734Z,ADA,1.8602,282.1,0.2059,1345.061572
2026-09-11T03:10:06.734Z,AVAX,1.8083,10180,7.434,1345.061572
2026-09-11T03:10:06.734Z,DOT,2.3357,1525,1.1079,1345.061572
2026-09-11T03:10:06.734Z,LINK,1.3191,15630,11.469,1345.061572
2026-09-11T03:10:06.734Z,POL,1.2601,125.7,0.09229,1345.061572
2026-09-11T03:10:06.734Z,DOGE,1.6446,113.9,0.08331,1345.061572
2026-09-11T03:10:06.734Z,TRX,1.7648,465.2,0.33986,1345.061572
2026-09-11T03:10:06.734Z,XLM,1.8078,239.6,0.17497,1345.061572
2026-09-11T03:10:06.734Z,SHIB,1.4612,0.0069,5.056e-06,1345.061572
2026-09-11T03:10:06.734Z,BCH,2.1599,310000,225.6,1345.061572
2026-09-11T03:10:06.734Z,UNI,1.925,8175,5.963,1345.061572
2026-09-11T03:10:06.734Z,AAVE,1.4785,165500,121.25,1345.061572
2026-09-11T03:10:06.734Z,SUSHI,1.6341,292,0.2136,1345.061572
2026-09-11T03:10:06.734Z,LDO,-19.2295,399.8,0.368,1345.061572
2026-09-11T03:10:06.734Z,ICP,1.5919,3766,2.756,1345.061572
2026-09-11T03:10:06.734Z,NEAR,1.2226,3254,2.39,1345.061572
2026-09-11T03:10:06.734Z,HBAR,2.0494,102.7,0.07482,1345.061572
2026-09-11T03:10:06.734Z,XTZ,-1.1558,348.2,0.2619,1345.061572
2026-09-11T03:10:06.734Z,DYDX,-2.1573,149.2,0.11337,1345.061572
2026-09-11T03:10:06.734Z,ARB,1.5266,196.4,0.14382,1345.061572
2026-09-11T03:10:06.734Z,GMX,2.1303,10160,7.396,1345.061572
2026-09-11T03:10:06.734Z,IMX,2.5138,163.3,0.11843,1345.061572
2026-09-11T03:10:06.734Z,INJ,-0.5699,7900,5.907,1345.061572
2026-09-11T03:10:06.734Z,GRT,14.8597,26.99,0.01747,1345.061572
2026-09-11T03:10:06.734Z,SUI,1.8105,1002,0.7317,1345.061572
2026-09-11T03:10:06.734Z,HYPE,1.6188,107000,78.283,1345.061572
2026-09-11T03:15:07.062Z,BTC,1.3186,104742000,76858.1,1345.061572
2026-09-11T03:15:07.062Z,ETH,1.4523,3340000,2447.61,1345.061572
2026-09-11T03:15:07.062Z,SOL,1.2891,135300,99.31,1345.061572
2026-09-11T03:15:07.062Z,BNB,1.4474,971000,711.6,1345.061572
2026-09-11T03:15:07.062Z,XRP,1.4288,1831,1.3421,1345.061572
2026-09-11T03:15:07.062Z,ADA,1.4169,282.1,0.2068,1345.061572
2026-09-11T03:15:07.062Z,AVAX,1.5079,10180,7.456,1345.061572
2026-09-11T03:15:07.062Z,DOT,1.6385,1525,1.1155,1345.061572
2026-09-11T03:15:07.062Z,LINK,1.0723,15630,11.497,1345.061572
2026-09-11T03:15:07.062Z,POL,0.932,125.7,0.09259,1345.061572
2026-09-11T03:15:07.062Z,DOGE,1.3648,113.9,0.08354,1345.061572
2026-09-11T03:15:07.062Z,TRX,1.7229,465.2,0.34,1345.061572
2026-09-11T03:15:07.062Z,XLM,1.5119,239.6,0.17548,1345.061572
2026-09-11T03:15:07.062Z,SHIB,1.1012,0.0069,5.074e-06,1345.061572
2026-09-11T03:15:07.062Z,BCH,0.8466,307100,226.4,1345.061572
2026-09-11T03:15:07.062Z,UNI,1.3979,8175,5.994,1345.061572
2026-09-11T03:15:07.062Z,AAVE,1.1947,165500,121.59,1345.061572
2026-09-11T03:15:07.062Z,SUSHI,1.2549,292,0.2144,1345.061572
2026-09-11T03:15:07.062Z,LDO,-19.6444,399.8,0.3699,1345.061572
2026-09-11T03:15:07.062Z,ICP,0.9327,3766,2.774,1345.061572
2026-09-11T03:15:07.062Z,NEAR,0.8429,3254,2.399,1345.061572
2026-09-11T03:15:07.062Z,HBAR,1.7231,102.7,0.07506,1345.061572
2026-09-11T03:15:07.062Z,XTZ,-1.5318,348.2,0.2629,1345.061572
2026-09-11T03:15:07.062Z,DYDX,-2.4927,149.2,0.11376,1345.061572
2026-09-11T03:15:07.062Z,ARB,0.7838,196.4,0.14488,1345.061572
2026-09-11T03:15:07.062Z,GMX,1.8274,10160,7.418,1345.061572
2026-09-11T03:15:07.062Z,IMX,2.1086,163.3,0.1189,1345.061572
2026-09-11T03:15:07.062Z,INJ,-1.1722,7900,5.943,1345.061572
2026-09-11T03:15:07.062Z,GRT,14.141,26.99,0.01758,1345.061572
2026-09-11T03:15:07.062Z,SUI,1.1134,999.9,0.7352,1345.061572
2026-09-11T03:15:07.062Z,HYPE,1.0098,107000,78.755,1345.061572
2026-09-11T03:20:06.889Z,BTC,1.4933,104856000,76809.3,1345.061572
2026-09-11T03:20:06.889Z,ETH,1.4199,3336000,2445.46,1345.061572
2026-09-11T03:20:06.889Z,SOL,1.398,135200,99.13,1345.061572
2026-09-11T03:20:06.889Z,BNB,1.4902,971000,711.3,1345.061572
2026-09-11T03:20:06.889Z,XRP,1.5147,1829,1.3395,1345.061572
2026-09-11T03:20:06.889Z,ADA,1.5642,282.1,0.2065,1345.061572
2026-09-11T03:20:06.889Z,AVAX,1.6305,10180,7.447,1345.061572
2026-09-11T03:20:06.889Z,DOT,1.4656,1525,1.1174,1345.061572
2026-09-11T03:20:06.889Z,LINK,1.2132,15630,11.481,1345.061572
2026-09-11T03:20:06.889Z,POL,0.9538,125.7,0.09257,1345.061572
2026-09-11T03:20:06.889Z,DOGE,1.4863,113.9,0.08344,1345.061572
2026-09-11T03:20:06.889Z,TRX,1.7678,465.2,0.33985,1345.061572
2026-09-11T03:20:06.889Z,XLM,1.7068,239.8,0.17529,1345.061572
2026-09-11T03:20:06.889Z,SHIB,1.2809,0.0069,5.065e-06,1345.061572
2026-09-11T03:20:06.889Z,BCH,1.0251,307100,226,1345.061572
2026-09-11T03:20:06.889Z,UNI,1.6183,8175,5.981,1345.061572
2026-09-11T03:20:06.889Z,AAVE,1.3114,165500,121.45,1345.061572
2026-09-11T03:20:06.889Z,SUSHI,1.4441,292,0.214,1345.061572
2026-09-11T03:20:06.889Z,LDO,-19.5356,399.8,0.3694,1345.061572
2026-09-11T03:20:06.889Z,ICP,1.0055,3766,2.772,1345.061572
2026-09-11T03:20:06.889Z,NEAR,1.4488,3264,2.392,1345.061572
2026-09-11T03:20:06.889Z,HBAR,1.6783,102.6,0.07502,1345.061572
2026-09-11T03:20:06.889Z,XTZ,-2.0534,348.2,0.2643,1345.061572
2026-09-11T03:20:06.889Z,DYDX,-2.3124,149.2,0.11355,1345.061572
2026-09-11T03:20:06.889Z,ARB,0.8674,196.4,0.14476,1345.061572
2026-09-11T03:20:06.889Z,GMX,1.9098,10160,7.412,1345.061572
2026-09-11T03:20:06.889Z,IMX,2.2548,163.3,0.11873,1345.061572
2026-09-11T03:20:06.889Z,INJ,-1.1556,7900,5.942,1345.061572
2026-09-11T03:20:06.889Z,GRT,14.206,26.99,0.01757,1345.061572
2026-09-11T03:20:06.889Z,SUI,1.5468,1002,0.7336,1345.061572
2026-09-11T03:20:06.889Z,HYPE,1.1601,107000,78.638,1345.061572
2026-09-11T03:25:07.404Z,BTC,1.5544,104811000,76730.1,1345.061572
2026-09-11T03:25:07.404Z,ETH,1.5786,3336000,2441.64,1345.061572
2026-09-11T03:25:07.404Z,SOL,1.5106,135200,99.02,1345.061572
2026-09-11T03:25:07.404Z,BNB,1.5902,971000,710.6,1345.061572
2026-09-11T03:25:07.404Z,XRP,1.5729,1828,1.338,1345.061572
2026-09-11T03:25:07.404Z,ADA,1.8108,282.1,0.206,1345.061572
2026-09-11T03:25:07.404Z,AVAX,1.7125,10180,7.441,1345.061572
2026-09-11T03:25:07.404Z,DOT,1.7388,1525,1.1144,1345.061572
2026-09-11T03:25:07.404Z,LINK,1.3898,15630,11.461,1345.061572
2026-09-11T03:25:07.404Z,POL,1.1396,125.7,0.0924,1345.061572
2026-09-11T03:25:07.404Z,DOGE,1.5837,113.9,0.08336,1345.061572
2026-09-11T03:25:07.404Z,TRX,1.7505,464.3,0.33925,1345.061572
2026-09-11T03:25:07.404Z,XLM,1.6262,239.2,0.17499,1345.061572
2026-09-11T03:25:07.404Z,SHIB,1.4411,0.0069,5.057e-06,1345.061572
2026-09-11T03:25:07.404Z,BCH,1.0698,307100,225.9,1345.061572
2026-09-11T03:25:07.404Z,UNI,2.0619,8175,5.955,1345.061572
2026-09-11T03:25:07.404Z,AAVE,1.445,165500,121.29,1345.061572
2026-09-11T03:25:07.404Z,SUSHI,1.7294,292,0.2134,1345.061572
2026-09-11T03:25:07.404Z,LDO,-19.4265,399.8,0.3689,1345.061572
2026-09-11T03:25:07.404Z,ICP,1.188,3766,2.767,1345.061572
2026-09-11T03:25:07.404Z,NEAR,1.5845,3267,2.391,1345.061572
2026-09-11T03:25:07.404Z,HBAR,1.7555,102.5,0.07489,1345.061572
2026-09-11T03:25:07.404Z,XTZ,-2.0904,348.2,0.2644,1345.061572
2026-09-11T03:25:07.404Z,DYDX,-2.0709,149.2,0.11327,1345.061572
2026-09-11T03:25:07.404Z,ARB,0.3475,196.4,0.14551,1345.061572
2026-09-11T03:25:07.404Z,GMX,1.9236,10160,7.411,1345.061572
2026-09-11T03:25:07.404Z,IMX,2.3496,163.3,0.11862,1345.061572
2026-09-11T03:25:07.404Z,INJ,-1.1556,7900,5.942,1345.061572
2026-09-11T03:25:07.404Z,GRT,14.5319,26.99,0.01752,1345.061572
2026-09-11T03:25:07.404Z,SUI,1.5139,999.9,0.7323,1345.061572
2026-09-11T03:25:07.404Z,HYPE,1.2541,107000,78.565,1345.061572
2026-09-11T03:30:06.855Z,BTC,1.47,104766000,76761,1345.061572
2026-09-11T03:30:06.855Z,ETH,1.4664,3332000,2441.41,1345.061572
2026-09-11T03:30:06.855Z,SOL,1.3776,135200,99.15,1345.061572
2026-09-11T03:30:06.855Z,BNB,1.5616,971000,710.8,1345.061572
2026-09-11T03:30:06.855Z,XRP,1.5374,1829,1.3392,1345.061572
2026-09-11T03:30:06.855Z,ADA,1.7614,282.1,0.2061,1345.061572
2026-09-11T03:30:06.855Z,AVAX,1.6578,10180,7.445,1345.061572
2026-09-11T03:30:06.855Z,DOT,1.4747,1525,1.1173,1345.061572
2026-09-11T03:30:06.855Z,LINK,1.3544,15630,11.465,1345.061572
2026-09-11T03:30:06.855Z,POL,1.0739,125.7,0.09246,1345.061572
2026-09-11T03:30:06.855Z,DOGE,1.5349,113.9,0.0834,1345.061572
2026-09-11T03:30:06.855Z,TRX,1.7415,464.3,0.33928,1345.061572
2026-09-11T03:30:06.855Z,XLM,1.516,239.2,0.17518,1345.061572
2026-09-11T03:30:06.855Z,SHIB,1.3009,0.0069,5.064e-06,1345.061572
2026-09-11T03:30:06.855Z,BCH,0.9804,307100,226.1,1345.061572
2026-09-11T03:30:06.855Z,UNI,1.8226,8175,5.969,1345.061572
2026-09-11T03:30:06.855Z,AAVE,1.3698,165500,121.38,1345.061572
2026-09-11T03:30:06.855Z,SUSHI,1.5865,292,0.2137,1345.061572
2026-09-11T03:30:06.855Z,LDO,-19.5138,399.8,0.3693,1345.061572
2026-09-11T03:30:06.855Z,ICP,0.9691,3766,2.773,1345.061572
2026-09-11T03:30:06.855Z,NEAR,1.4912,3264,2.391,1345.061572
2026-09-11T03:30:06.855Z,HBAR,1.6605,102.5,0.07496,1345.061572
2026-09-11T03:30:06.855Z,XTZ,-1.8305,348.2,0.2637,1345.061572
2026-09-11T03:30:06.855Z,DYDX,-2.2004,149.2,0.11342,1345.061572
2026-09-11T03:30:06.855Z,ARB,0.8465,196.4,0.14479,1345.061572
2026-09-11T03:30:06.855Z,GMX,1.8,10160,7.42,1345.061572
2026-09-11T03:30:06.855Z,IMX,2.1945,163.3,0.1188,1345.061572
2026-09-11T03:30:06.855Z,INJ,-1.2553,7900,5.948,1345.061572
2026-09-11T03:30:06.855Z,GRT,14.3362,26.99,0.01755,1345.061572
2026-09-11T03:30:06.855Z,SUI,1.334,999.9,0.7336,1345.061572
2026-09-11T03:30:06.855Z,HYPE,1.2193,107000,78.592,1345.061572
2026-09-11T03:35:06.898Z,BTC,1.3983,104673000,76747.1,1345.061572
2026-09-11T03:35:06.898Z,ETH,1.4384,3331000,2441.35,1345.061572
2026-09-11T03:35:06.898Z,SOL,1.398,135200,99.13,1345.061572
2026-09-11T03:35:06.898Z,BNB,1.5902,971000,710.6,1345.061572
2026-09-11T03:35:06.898Z,XRP,1.3734,1827,1.3399,1345.061572
2026-09-11T03:35:06.898Z,ADA,1.6627,282.1,0.2063,1345.061572
2026-09-11T03:35:06.898Z,AVAX,1.6442,10180,7.446,1345.061572
2026-09-11T03:35:06.898Z,DOT,1.0767,1525,1.1217,1345.061572
2026-09-11T03:35:06.898Z,LINK,1.4753,15650,11.466,1345.061572
2026-09-11T03:35:06.898Z,POL,1.1834,125.7,0.09236,1345.061572
2026-09-11T03:35:06.898Z,DOGE,1.4984,113.9,0.08343,1345.061572
2026-09-11T03:35:06.898Z,TRX,1.5711,463.7,0.33941,1345.061572
2026-09-11T03:35:06.898Z,XLM,1.4812,239.2,0.17524,1345.061572
2026-09-11T03:35:06.898Z,SHIB,1.3209,0.0069,5.063e-06,1345.061572
2026-09-11T03:35:06.898Z,BCH,1.0251,307100,226,1345.061572
2026-09-11T03:35:06.898Z,UNI,1.9421,8175,5.962,1345.061572
2026-09-11T03:35:06.898Z,AAVE,1.3448,165500,121.41,1345.061572
2026-09-11T03:35:06.898Z,SUSHI,1.7294,292,0.2134,1345.061572
2026-09-11T03:35:06.898Z,LDO,-19.5574,399.8,0.3695,1345.061572
2026-09-11T03:35:06.898Z,ICP,0.9327,3766,2.774,1345.061572
2026-09-11T03:35:06.898Z,NEAR,1.2794,3264,2.396,1345.061572
2026-09-11T03:35:06.898Z,HBAR,2.3821,103.2,0.07494,1345.061572
2026-09-11T03:35:06.898Z,XTZ,-2.1644,348.2,0.2646,1345.061572
2026-09-11T03:35:06.898Z,DYDX,-2.1832,149.2,0.1134,1345.061572
2026-09-11T03:35:06.898Z,ARB,1.6518,197.9,0.14474,1345.061572
2026-09-11T03:35:06.898Z,GMX,1.9098,10160,7.412,1345.061572
2026-09-11T03:35:06.898Z,IMX,2.2806,163.3,0.1187,1345.061572
2026-09-11T03:35:06.898Z,INJ,-1.6027,7900,5.969,1345.061572
2026-09-11T03:35:06.898Z,GRT,14.5973,26.99,0.01751,1345.061572
2026-09-11T03:35:06.898Z,SUI,1.4731,1001,0.7334,1345.061572
2026-09-11T03:35:06.898Z,HYPE,1.2979,107000,78.531,1345.061572
2026-09-11T03:40:06.863Z,BTC,1.3606,104747000,76829.9,1345.061572
2026-09-11T03:40:06.863Z,ETH,1.4049,3335000,2445.09,1345.061572
2026-09-11T03:40:06.863Z,SOL,1.3776,135500,99.37,1345.061572
2026-09-11T03:40:06.863Z,BNB,1.4474,971000,711.6,1345.061572
2026-09-11T03:40:06.863Z,XRP,1.4439,1831,1.3419,1345.061572
2026-09-11T03:40:06.863Z,ADA,1.27,282.1,0.2071,1345.061572
2026-09-11T03:40:06.863Z,AVAX,1.4262,10180,7.462,1345.061572
2026-09-11T03:40:06.863Z,DOT,1.0857,1525,1.1216,1345.061572
2026-09-11T03:40:06.863Z,LINK,1.3074,15650,11.485,1345.061572
2026-09-11T03:40:06.863Z,POL,0.9647,125.7,0.09256,1345.061572
2026-09-11T03:40:06.863Z,DOGE,1.2799,113.9,0.08361,1345.061572
2026-09-11T03:40:06.863Z,TRX,1.5472,463.7,0.33949,1345.061572
2026-09-11T03:40:06.863Z,XLM,1.2732,239.2,0.1756,1345.061572
2026-09-11T03:40:06.863Z,SHIB,1.0216,0.0069,5.078e-06,1345.061572
2026-09-11T03:40:06.863Z,BCH,0.7576,307100,226.6,1345.061572
2026-09-11T03:40:06.863Z,UNI,1.5504,8175,5.985,1345.061572
2026-09-11T03:40:06.863Z,AAVE,1.0867,165500,121.72,1345.061572
2026-09-11T03:40:06.863Z,SUSHI,1.3494,292,0.2142,1345.061572
2026-09-11T03:40:06.863Z,LDO,-19.8826,399.8,0.371,1345.061572
2026-09-11T03:40:06.863Z,ICP,0.4979,3766,2.786,1345.061572
2026-09-11T03:40:06.863Z,NEAR,0.8166,3264,2.407,1345.061572
2026-09-11T03:40:06.863Z,HBAR,2.1503,103.2,0.07511,1345.061572
2026-09-11T03:40:06.863Z,XTZ,-2.8984,348.2,0.2666,1345.061572
2026-09-11T03:40:06.863Z,DYDX,-2.6211,149.2,0.11391,1345.061572
2026-09-11T03:40:06.863Z,ARB,0.5404,197.9,0.14634,1345.061572
2026-09-11T03:40:06.863Z,GMX,1.6083,10160,7.434,1345.061572
2026-09-11T03:40:06.863Z,IMX,2.0228,163.3,0.119,1345.061572
2026-09-11T03:40:06.863Z,INJ,-1.964,7900,5.991,1345.061572
2026-09-11T03:40:06.863Z,GRT,14.206,26.99,0.01757,1345.061572
2026-09-11T03:40:06.863Z,SUI,1.5414,1007,0.7373,1345.061572
2026-09-11T03:40:06.863Z,HYPE,1.1916,107100,78.687,1345.061572
2026-09-11T03:45:06.698Z,BTC,1.3341,104747000,76850,1345.061572
2026-09-11T03:45:06.698Z,ETH,1.3676,3335000,2445.99,1345.061572
2026-09-11T03:45:06.698Z,SOL,1.3776,135500,99.37,1345.061572
2026-09-11T03:45:06.698Z,BNB,1.3762,971000,712.1,1345.061572
2026-09-11T03:45:06.698Z,XRP,1.3583,1830,1.3423,1345.061572
2026-09-11T03:45:06.698Z,ADA,1.6612,283.6,0.2074,1345.061572
2026-09-11T03:45:06.698Z,AVAX,1.4127,10180,7.463,1345.061572
2026-09-11T03:45:06.698Z,DOT,0.834,1525,1.1244,1345.061572
2026-09-11T03:45:06.698Z,LINK,1.5398,15690,11.488,1345.061572
2026-09-11T03:45:06.698Z,POL,0.9757,125.7,0.09255,1345.061572
2026-09-11T03:45:06.698Z,DOGE,1.2557,113.9,0.08363,1345.061572
2026-09-11T03:45:06.698Z,TRX,1.5113,463.7,0.33961,1345.061572
2026-09-11T03:45:06.698Z,XLM,1.5233,239.9,0.17568,1345.061572
2026-09-11T03:45:06.698Z,SHIB,0.962,0.0069,5.081e-06,1345.061572
2026-09-11T03:45:06.698Z,BCH,0.7131,307100,226.7,1345.061572
2026-09-11T03:45:06.698Z,UNI,1.5334,8175,5.986,1345.061572
2026-09-11T03:45:06.698Z,AAVE,1.0535,165500,121.76,1345.061572
2026-09-11T03:45:06.698Z,SUSHI,1.2077,292,0.2145,1345.061572
2026-09-11T03:45:06.698Z,LDO,-19.9689,399.8,0.3714,1345.061572
2026-09-11T03:45:06.698Z,ICP,0.246,3766,2.793,1345.061572
2026-09-11T03:45:06.698Z,NEAR,0.275,3264,2.42,1345.061572
2026-09-11T03:45:06.698Z,HBAR,2.1231,103.2,0.07513,1345.061572
2026-09-11T03:45:06.698Z,XTZ,-3.0439,348.2,0.267,1345.061572
2026-09-11T03:45:06.698Z,DYDX,-2.8429,149.2,0.11417,1345.061572
2026-09-11T03:45:06.698Z,ARB,0.7331,197.9,0.14606,1345.061572
2026-09-11T03:45:06.698Z,GMX,1.499,10160,7.442,1345.061572
2026-09-11T03:45:06.698Z,IMX,1.8772,163.3,0.11917,1345.061572
2026-09-11T03:45:06.698Z,INJ,-1.6191,7900,5.97,1345.061572
2026-09-11T03:45:06.698Z,GRT,13.7528,26.99,0.01764,1345.061572
2026-09-11T03:45:06.698Z,SUI,1.6655,1007,0.7364,1345.061572
2026-09-11T03:45:06.698Z,HYPE,1.7728,107800,78.749,1345.061572
2026-09-11T03:50:07.094Z,BTC,1.513,104819000,76767.3,1345.061572
2026-09-11T03:50:07.094Z,ETH,1.5379,3336000,2442.62,1345.061572
2026-09-11T03:50:07.094Z,SOL,1.5308,135500,99.22,1345.061572
2026-09-11T03:50:07.094Z,BNB,1.476,971000,711.4,1345.061572
2026-09-11T03:50:07.094Z,XRP,1.4868,1830,1.3406,1345.061572
2026-09-11T03:50:07.094Z,ADA,1.8085,283.6,0.2071,1345.061572
2026-09-11T03:50:07.094Z,AVAX,1.5351,10180,7.454,1345.061572
2026-09-11T03:50:07.094Z,DOT,1.3296,1525,1.1189,1345.061572
2026-09-11T03:50:07.094Z,LINK,1.6106,15690,11.48,1345.061572
2026-09-11T03:50:07.094Z,POL,1.0084,125.7,0.09252,1345.061572
2026-09-11T03:50:07.094Z,DOGE,1.3163,113.9,0.08358,1345.061572
2026-09-11T03:50:07.094Z,TRX,1.5203,463.7,0.33958,1345.061572
2026-09-11T03:50:07.094Z,XLM,1.6354,239.7,0.17534,1345.061572
2026-09-11T03:50:07.094Z,SHIB,1.1012,0.0069,5.074e-06,1345.061572
2026-09-11T03:50:07.094Z,BCH,0.8466,307100,226.4,1345.061572
2026-09-11T03:50:07.094Z,UNI,1.6183,8175,5.981,1345.061572
2026-09-11T03:50:07.094Z,AAVE,1.1615,165500,121.63,1345.061572
2026-09-11T03:50:07.094Z,SUSHI,1.2549,292,0.2144,1345.061572
2026-09-11T03:50:07.094Z,LDO,-19.7095,399.8,0.3702,1345.061572
2026-09-11T03:50:07.094Z,ICP,0.6786,3766,2.781,1345.061572
2026-09-11T03:50:07.094Z,NEAR,0.5659,3264,2.413,1345.061572
2026-09-11T03:50:07.094Z,HBAR,2.2456,103.2,0.07504,1345.061572
2026-09-11T03:50:07.094Z,XTZ,-3.0802,348.2,0.2671,1345.061572
2026-09-11T03:50:07.094Z,DYDX,-2.6382,149.2,0.11393,1345.061572
2026-09-11T03:50:07.094Z,ARB,0.816,197.9,0.14594,1345.061572
2026-09-11T03:50:07.094Z,GMX,1.5536,10160,7.438,1345.061572
2026-09-11T03:50:07.094Z,IMX,1.9628,163.3,0.11907,1345.061572
2026-09-11T03:50:07.094Z,INJ,-1.5697,7900,5.967,1345.061572
2026-09-11T03:50:07.094Z,GRT,14.206,26.99,0.01757,1345.061572
2026-09-11T03:50:07.094Z,SUI,1.4407,1003,0.7351,1345.061572
2026-09-11T03:50:07.094Z,HYPE,1.1723,107100,78.702,1345.061572
2026-09-11T03:55:07.068Z,BTC,1.4043,104700000,76762.3,1345.061572
2026-09-11T03:55:07.068Z,ETH,1.4173,3332000,2442.59,1345.061572
2026-09-11T03:55:07.068Z,SOL,1.5411,135500,99.21,1345.061572
2026-09-11T03:55:07.068Z,BNB,1.4617,971000,711.5,1345.061572
2026-09-11T03:55:07.068Z,XRP,1.4793,1830,1.3407,1345.061572
2026-09-11T03:55:07.068Z,ADA,1.7593,283.6,0.2072,1345.061572
2026-09-11T03:55:07.068Z,AVAX,3.7294,10400,7.454,1345.061572
2026-09-11T03:55:07.068Z,DOT,1.212,1525,1.1202,1345.061572
2026-09-11T03:55:07.068Z,LINK,1.5989,15680,11.474,1345.061572
2026-09-11T03:55:07.068Z,POL,0.8667,125.7,0.09265,1345.061572
2026-09-11T03:55:07.068Z,DOGE,1.4456,114.1,0.08362,1345.061572
2026-09-11T03:55:07.068Z,TRX,1.5024,463.7,0.33964,1345.061572
2026-09-11T03:55:07.068Z,XLM,1.5254,239.7,0.17553,1345.061572
2026-09-11T03:55:07.068Z,SHIB,1.0813,0.0069,0.000005075,1345.061572
2026-09-11T03:55:07.068Z,BCH,0.6687,307100,226.8,1345.061572
2026-09-11T03:55:07.068Z,UNI,1.381,8175,5.995,1345.061572
2026-09-11T03:55:07.068Z,AAVE,1.1365,165500,121.66,1345.061572
2026-09-11T03:55:07.068Z,SUSHI,1.0193,292,0.2149,1345.061572
2026-09-11T03:55:07.068Z,LDO,-19.7745,399.8,0.3705,1345.061572
2026-09-11T03:55:07.068Z,ICP,0.8236,3766,2.777,1345.061572
2026-09-11T03:55:07.068Z,NEAR,1.2942,3289,2.414,1345.061572
2026-09-11T03:55:07.068Z,HBAR,2.1639,103.2,0.0751,1345.061572
2026-09-11T03:55:07.068Z,XTZ,-2.6794,348.2,0.266,1345.061572
2026-09-11T03:55:07.068Z,DYDX,-2.7662,149.2,0.11408,1345.061572
2026-09-11T03:55:07.068Z,ARB,0.8782,197.9,0.14585,1345.061572
2026-09-11T03:55:07.068Z,GMX,1.6219,10160,7.433,1345.061572
2026-09-11T03:55:07.068Z,IMX,1.8174,163.3,0.11924,1345.061572
2026-09-11T03:55:07.068Z,INJ,-1.8493,7900,5.984,1345.061572
2026-09-11T03:55:07.068Z,GRT,14.141,26.99,0.01758,1345.061572
2026-09-11T03:55:07.068Z,SUI,1.3993,1003,0.7354,1345.061572
2026-09-11T03:55:07.068Z,HYPE,1.2649,107100,78.63,1345.061572
2026-09-11T04:00:07.008Z,BTC,1.464,104908000,76869.6,1345.061572
2026-09-11T04:00:07.008Z,ETH,1.2635,3332000,2446.3,1345.061572
2026-09-11T04:00:07.008Z,SOL,1.5546,135600,99.27,1345.061572
2026-09-11T04:00:07.008Z,BNB,1.4189,971000,711.8,1345.061572
2026-09-11T04:00:07.008Z,XRP,1.4288,1831,1.3421,1345.061572
2026-09-11T04:00:07.008Z,ADA,1.5371,283.8,0.2078,1345.061572
2026-09-11T04:00:07.008Z,AVAX,3.6876,10400,7.457,1345.061572
2026-09-11T04:00:07.008Z,DOT,1.1669,1525,1.1207,1345.061572
2026-09-11T04:00:07.008Z,LINK,1.4309,15680,11.493,1345.061572
2026-09-11T04:00:07.008Z,POL,0.7471,125.7,0.09276,1345.061572
2026-09-11T04:00:07.008Z,DOGE,1.3608,114.1,0.08369,1345.061572
2026-09-11T04:00:07.008Z,TRX,1.4665,463.7,0.33976,1345.061572
2026-09-11T04:00:07.008Z,XLM,1.5635,240.2,0.17583,1345.061572
2026-09-11T04:00:07.008Z,SHIB,2.405,0.007,0.000005082,1345.061572
2026-09-11T04:00:07.008Z,BCH,0.359,307100,227.5,1345.061572
2026-09-11T04:00:07.008Z,UNI,1.229,8175,6.004,1345.061572
2026-09-11T04:00:07.008Z,AAVE,0.954,165500,121.88,1345.061572
2026-09-11T04:00:07.008Z,SUSHI,1.1134,292,0.2147,1345.061572
2026-09-11T04:00:07.008Z,LDO,-20.098,399.8,0.372,1345.061572
2026-09-11T04:00:07.008Z,ICP,0.8236,3766,2.777,1345.061572
2026-09-11T04:00:07.008Z,NEAR,1.1684,3289,2.417,1345.061572
2026-09-11T04:00:07.008Z,HBAR,2.096,103.2,0.07515,1345.061572
2026-09-11T04:00:07.008Z,XTZ,-2.6428,348.2,0.2659,1345.061572
2026-09-11T04:00:07.008Z,DYDX,-3.0382,149.2,0.1144,1345.061572
2026-09-11T04:00:07.008Z,ARB,1.6263,199.6,0.14602,1345.061572
2026-09-11T04:00:07.008Z,GMX,1.499,10160,7.442,1345.061572
2026-09-11T04:00:07.008Z,IMX,1.6895,163.3,0.11939,1345.061572
2026-09-11T04:00:07.008Z,INJ,-1.9804,7900,5.992,1345.061572
2026-09-11T04:00:07.008Z,GRT,14.141,26.99,0.01758,1345.061572
2026-09-11T04:00:07.008Z,SUI,1.3167,1003,0.736,1345.061572
2026-09-11T04:00:07.008Z,HYPE,1.144,107100,78.724,1345.061572
2026-09-11T04:05:06.871Z,BTC,1.4194,104908000,76903.4,1345.061572
2026-09-11T04:05:06.871Z,ETH,1.3862,3338000,2447.74,1345.061572
2026-09-11T04:05:06.871Z,SOL,1.4286,135500,99.32,1345.061572
2026-09-11T04:05:06.871Z,BNB,1.3478,971000,712.3,1345.061572
2026-09-11T04:05:06.871Z,XRP,1.3357,1830,1.3426,1345.061572
2026-09-11T04:05:06.871Z,ADA,1.6218,283.9,0.2077,1345.061572
2026-09-11T04:05:06.871Z,AVAX,3.5627,10400,7.466,1345.061572
2026-09-11T04:05:06.871Z,DOT,0.7533,1525,1.1253,1345.061572
2026-09-11T04:05:06.871Z,LINK,1.5016,15680,11.485,1345.061572
2026-09-11T04:05:06.871Z,POL,0.7471,125.7,0.09276,1345.061572
2026-09-11T04:05:06.871Z,DOGE,1.2761,114.1,0.08376,1345.061572
2026-09-11T04:05:06.871Z,TRX,1.4725,463.7,0.33974,1345.061572
2026-09-11T04:05:06.871Z,XLM,1.3694,240,0.17602,1345.061572
2026-09-11T04:05:06.871Z,SHIB,2.3849,0.007,0.000005083,1345.061572
2026-09-11T04:05:06.871Z,BCH,0.2268,307100,227.8,1345.061572
2026-09-11T04:05:06.871Z,UNI,1.1279,8175,6.01,1345.061572
2026-09-11T04:05:06.871Z,AAVE,0.8877,165500,121.96,1345.061572
2026-09-11T04:05:06.871Z,SUSHI,0.8316,292,0.2153,1345.061572
2026-09-11T04:05:06.871Z,LDO,-20.098,399.8,0.372,1345.061572
2026-09-11T04:05:06.871Z,ICP,0.8236,3766,2.777,1345.061572
2026-09-11T04:05:06.871Z,NEAR,1.0848,3289,2.419,1345.061572
2026-09-11T04:05:06.871Z,HBAR,2.0145,103.2,0.07521,1345.061572
2026-09-11T04:05:06.871Z,XTZ,-3.5136,348.2,0.2683,1345.061572
2026-09-11T04:05:06.871Z,DYDX,-3.0975,149.2,0.11447,1345.061572
2026-09-11T04:05:06.871Z,ARB,1.6959,199.6,0.14592,1345.061572
2026-09-11T04:05:06.871Z,GMX,1.3764,10160,7.451,1345.061572
2026-09-11T04:05:06.871Z,IMX,1.4685,163.3,0.11965,1345.061572
2026-09-11T04:05:06.871Z,INJ,-1.8985,7900,5.987,1345.061572
2026-09-11T04:05:06.871Z,GRT,13.3032,26.99,0.01771,1345.061572
2026-09-11T04:05:06.871Z,SUI,1.1655,1003,0.7371,1345.061572
2026-09-11T04:05:06.871Z,HYPE,1.0439,107100,78.802,1345.061572
2026-09-11T04:10:06.869Z,BTC,1.4378,104958000,76926.1,1345.061572
2026-09-11T04:10:06.869Z,ETH,1.3873,3340000,2449.18,1345.061572
2026-09-11T04:10:06.869Z,SOL,1.432,135600,99.39,1345.061572
2026-09-11T04:10:06.869Z,BNB,1.3335,971000,712.4,1345.061572
2026-09-11T04:10:06.869Z,XRP,1.4262,1833,1.3436,1345.061572
2026-09-11T04:10:06.869Z,ADA,1.524,283.9,0.2079,1345.061572
2026-09-11T04:10:06.869Z,AVAX,3.5349,10400,7.468,1345.061572
2026-09-11T04:10:06.869Z,DOT,0.8519,1525,1.1242,1345.061572
2026-09-11T04:10:06.869Z,LINK,1.4221,15680,11.494,1345.061572
2026-09-11T04:10:06.869Z,POL,0.7579,125.7,0.09275,1345.061572
2026-09-11T04:10:06.869Z,DOGE,1.2398,114.1,0.08379,1345.061572
2026-09-11T04:10:06.869Z,TRX,1.4964,463.7,0.33966,1345.061572
2026-09-11T04:10:06.869Z,XLM,1.3061,240,0.17613,1345.061572
2026-09-11T04:10:06.869Z,SHIB,2.405,0.007,0.000005082,1345.061572
2026-09-11T04:10:06.869Z,BCH,0.2708,307100,227.7,1345.061572
2026-09-11T04:10:06.869Z,UNI,0.8092,8175,6.029,1345.061572
2026-09-11T04:10:06.869Z,AAVE,0.8134,165500,122.05,1345.061572
2026-09-11T04:10:06.869Z,SUSHI,0.738,292,0.2155,1345.061572
2026-09-11T04:10:06.869Z,LDO,-20.012,399.8,0.3716,1345.061572
2026-09-11T04:10:06.869Z,ICP,0.7511,3766,2.779,1345.061572
2026-09-11T04:10:06.869Z,NEAR,1.0013,3289,2.421,1345.061572
2026-09-11T04:10:06.869Z,HBAR,2.0416,103.2,0.07519,1345.061572
2026-09-11T04:10:06.869Z,XTZ,-3.2974,348.2,0.2677,1345.061572
2026-09-11T04:10:06.869Z,DYDX,-3.1821,149.2,0.11457,1345.061572
2026-09-11T04:10:06.869Z,ARB,1.5289,199.6,0.14616,1345.061572
2026-09-11T04:10:06.869Z,GMX,1.1592,10160,7.467,1345.061572
2026-09-11T04:10:06.869Z,IMX,1.477,163.3,0.11964,1345.061572
2026-09-11T04:10:06.869Z,INJ,-2.7432,7900,6.039,1345.061572
2026-09-11T04:10:06.869Z,GRT,13.3672,26.99,0.0177,1345.061572
2026-09-11T04:10:06.869Z,SUI,1.0969,1003,0.7376,1345.061572
2026-09-11T04:10:06.869Z,HYPE,0.944,107100,78.88,1345.061572
2026-09-11T04:15:07.091Z,BTC,1.4206,104958000,76939.1,1345.061572
2026-09-11T04:15:07.091Z,ETH,1.3799,3340000,2449.36,1345.061572
2026-09-11T04:15:07.091Z,SOL,1.2858,135500,99.46,1345.061572
2026-09-11T04:15:07.091Z,BNB,1.2483,971000,713,1345.061572
2026-09-11T04:15:07.091Z,XRP,1.3659,1833,1.3444,1345.061572
2026-09-11T04:15:07.091Z,ADA,1.4882,283.8,0.2079,1345.061572
2026-09-11T04:15:07.091Z,AVAX,3.4518,10400,7.474,1345.061572
2026-09-11T04:15:07.091Z,DOT,0.8071,1525,1.1247,1345.061572
2026-09-11T04:15:07.091Z,LINK,1.3604,15680,11.501,1345.061572
2026-09-11T04:15:07.091Z,POL,0.6711,125.7,0.09283,1345.061572
2026-09-11T04:15:07.091Z,DOGE,1.1915,114.1,0.08383,1345.061572
2026-09-11T04:15:07.091Z,TRX,1.4745,463.6,0.33966,1345.061572
2026-09-11T04:15:07.091Z,XLM,1.3867,240.3,0.17621,1345.061572
2026-09-11T04:15:07.091Z,SHIB,0.9222,0.0069,0.000005083,1345.061572
2026-09-11T04:15:07.091Z,BCH,0.2708,307100,227.7,1345.061572
2026-09-11T04:15:07.091Z,UNI,0.1778,8175,6.067,1345.061572
2026-09-11T04:15:07.091Z,AAVE,0.7226,165500,122.16,1345.061572
2026-09-11T04:15:07.091Z,SUSHI,0.3654,292,0.2163,1345.061572
2026-09-11T04:15:07.091Z,LDO,-20.2481,399.8,0.3727,1345.061572
2026-09-11T04:15:07.091Z,ICP,0.4979,3766,2.786,1345.061572
2026-09-11T04:15:07.091Z,NEAR,1.2946,3304,2.425,1345.061572
2026-09-11T04:15:07.091Z,HBAR,1.879,103.2,0.07531,1345.061572
2026-09-11T04:15:07.091Z,XTZ,-2.5328,348.2,0.2656,1345.061572
2026-09-11T04:15:07.091Z,DYDX,-3.2918,149.2,0.1147,1345.061572
2026-09-11T04:15:07.091Z,ARB,17.648,231.4,0.14623,1345.061572
2026-09-11T04:15:07.091Z,GMX,1.078,10160,7.473,1345.061572
2026-09-11T04:15:07.091Z,IMX,1.2992,163.3,0.11985,1345.061572
2026-09-11T04:15:07.091Z,INJ,-2.5657,7900,6.028,1345.061572
2026-09-11T04:15:07.091Z,GRT,13.2393,26.99,0.01772,1345.061572
2026-09-11T04:15:07.091Z,SUI,0.9874,1003,0.7384,1345.061572
2026-09-11T04:15:07.091Z,HYPE,1.5162,107800,78.948,1345.061572
2026-09-11T04:20:07.073Z,BTC,1.3213,104877000,76955.1,1345.061572
2026-09-11T04:20:07.073Z,ETH,1.329,3340000,2450.59,1345.061572
2026-09-11T04:20:07.073Z,SOL,1.2858,135500,99.46,1345.061572
2026-09-11T04:20:07.073Z,BNB,1.2341,971000,713.1,1345.061572
2026-09-11T04:20:07.073Z,XRP,1.308,1831,1.3437,1345.061572
2026-09-11T04:20:07.073Z,ADA,1.4134,284,0.2082,1345.061572
2026-09-11T04:20:07.073Z,AVAX,3.5349,10400,7.468,1345.061572
2026-09-11T04:20:07.073Z,DOT,1.1037,1525,1.1214,1345.061572
2026-09-11T04:20:07.073Z,LINK,1.4045,15680,11.496,1345.061572
2026-09-11T04:20:07.073Z,POL,0.5844,125.7,0.09291,1345.061572
2026-09-11T04:20:07.073Z,DOGE,1.3931,114.3,0.08381,1345.061572
2026-09-11T04:20:07.073Z,TRX,1.5163,463.6,0.33952,1345.061572
2026-09-11T04:20:07.073Z,XLM,1.3215,240.2,0.17625,1345.061572
2026-09-11T04:20:07.073Z,SHIB,0.9024,0.0069,0.000005084,1345.061572
2026-09-11T04:20:07.073Z,BCH,0.4031,307100,227.4,1345.061572
2026-09-11T04:20:07.073Z,UNI,0.1778,8175,6.067,1345.061572
2026-09-11T04:20:07.073Z,AAVE,0.6896,165500,122.2,1345.061572
2026-09-11T04:20:07.073Z,SUSHI,0.2727,292,0.2165,1345.061572
2026-09-11T04:20:07.073Z,LDO,-20.3122,399.8,0.373,1345.061572
2026-09-11T04:20:07.073Z,ICP,0.5701,3766,2.784,1345.061572
2026-09-11T04:20:07.073Z,NEAR,1.2946,3304,2.425,1345.061572
2026-09-11T04:20:07.073Z,HBAR,1.9061,103.2,0.07529,1345.061572
2026-09-11T04:20:07.073Z,XTZ,-2.8255,348.2,0.2664,1345.061572
2026-09-11T04:20:07.073Z,DYDX,-3.2749,149.2,0.11468,1345.061572
2026-09-11T04:20:07.073Z,ARB,17.64,231.4,0.14624,1345.061572
2026-09-11T04:20:07.073Z,GMX,1.078,10160,7.473,1345.061572
2026-09-11T04:20:07.073Z,IMX,1.3076,163.3,0.11984,1345.061572
2026-09-11T04:20:07.073Z,INJ,-2.0131,7900,5.994,1345.061572
2026-09-11T04:20:07.073Z,GRT,13.2393,26.99,0.01772,1345.061572
2026-09-11T04:20:07.073Z,SUI,1.0421,1003,0.738,1345.061572
2026-09-11T04:20:07.073Z,HYPE,1.4378,107800,79.009,1345.061572
2026-09-11T04:25:06.903Z,BTC,1.2685,104961000,77056.9,1345.061572
2026-09-11T04:25:06.903Z,ETH,1.2987,3347000,2456.46,1345.061572
2026-09-11T04:25:06.903Z,SOL,1.2692,135900,99.77,1345.061572
2026-09-11T04:25:06.903Z,BNB,0.9933,971000,714.8,1345.061572
2026-09-11T04:25:06.903Z,XRP,1.3308,1837,1.3478,1345.061572
2026-09-11T04:25:06.903Z,ADA,1.5103,285.5,0.2091,1345.061572
2026-09-11T04:25:06.903Z,AVAX,3.0382,10400,7.504,1345.061572
2026-09-11T04:25:06.903Z,DOT,0.4053,1525,1.1292,1345.061572
2026-09-11T04:25:06.903Z,LINK,1.1142,15680,11.529,1345.061572
2026-09-11T04:25:06.903Z,POL,0.164,125.7,0.0933,1345.061572
2026-09-11T04:25:06.903Z,DOGE,1.0554,114.3,0.08409,1345.061572
2026-09-11T04:25:06.903Z,TRX,1.4446,463.6,0.33976,1345.061572
2026-09-11T04:25:06.903Z,XLM,1.1611,240.5,0.17675,1345.061572
2026-09-11T04:25:06.903Z,SHIB,0.507,0.0069,0.000005104,1345.061572
2026-09-11T04:25:06.903Z,BCH,0.0511,307100,228.2,1345.061572
2026-09-11T04:25:06.903Z,UNI,-0.1349,8175,6.086,1345.061572
2026-09-11T04:25:06.903Z,AAVE,0.2466,165500,122.74,1345.061572
2026-09-11T04:25:06.903Z,SUSHI,-0.0964,292,0.2173,1345.061572
2026-09-11T04:25:06.903Z,LDO,-20.7583,399.8,0.3751,1345.061572
2026-09-11T04:25:06.903Z,ICP,0.0311,3766,2.799,1345.061572
2026-09-11T04:25:06.903Z,NEAR,1.0414,3327,2.448,1345.061572
2026-09-11T04:25:06.903Z,HBAR,1.5689,103.2,0.07554,1345.061572
2026-09-11T04:25:06.903Z,XTZ,-2.8255,348.2,0.2664,1345.061572
2026-09-11T04:25:06.903Z,DYDX,-3.8868,149.2,0.11541,1345.061572
2026-09-11T04:25:06.903Z,ARB,16.7221,231.4,0.14739,1345.061572
2026-09-11T04:25:06.903Z,GMX,0.741,10160,7.498,1345.061572
2026-09-11T04:25:06.903Z,IMX,0.711,163.3,0.12055,1345.061572
2026-09-11T04:25:06.903Z,INJ,-2.2251,7900,6.007,1345.061572
2026-09-11T04:25:06.903Z,GRT,12.9842,26.99,0.01776,1345.061572
2026-09-11T04:25:06.903Z,SUI,1.048,1007,0.7409,1345.061572
2026-09-11T04:25:06.903Z,HYPE,1.1689,107800,79.219,1345.061572
2026-09-11T04:30:06.870Z,BTC,1.2819,105120000,77163.4,1345.061572
2026-09-11T04:30:06.870Z,ETH,1.2116,3353000,2462.98,1345.061572
2026-09-11T04:30:06.870Z,SOL,1.2118,136000,99.9,1345.061572
2026-09-11T04:30:06.870Z,BNB,1.296,975000,715.6,1345.061572
2026-09-11T04:30:06.870Z,XRP,1.2182,1837,1.3493,1345.061572
2026-09-11T04:30:06.870Z,ADA,1.3327,286.5,0.2102,1345.061572
2026-09-11T04:30:06.870Z,AVAX,2.86,10400,7.517,1345.061572
2026-09-11T04:30:06.870Z,DOT,-0.1077,1525,1.135,1345.061572
2026-09-11T04:30:06.870Z,LINK,1.0529,15680,11.536,1345.061572
2026-09-11T04:30:06.870Z,POL,0.121,125.7,0.09334,1345.061572
2026-09-11T04:30:06.870Z,DOGE,1.2605,114.6,0.08414,1345.061572
2026-09-11T04:30:06.870Z,TRX,1.374,463.4,0.33985,1345.061572
2026-09-11T04:30:06.870Z,XLM,1.1496,240.5,0.17677,1345.061572
2026-09-11T04:30:06.870Z,SHIB,1.7642,0.007,0.000005114,1345.061572
2026-09-11T04:30:06.870Z,BCH,-0.0802,307100,228.5,1345.061572
2026-09-11T04:30:06.870Z,UNI,0.7958,8300,6.122,1345.061572
2026-09-11T04:30:06.870Z,AAVE,0.1487,165500,122.86,1345.061572
2026-09-11T04:30:06.870Z,SUSHI,-0.5541,292,0.2183,1345.061572
2026-09-11T04:30:06.870Z,LDO,-20.8638,399.8,0.3756,1345.061572
2026-09-11T04:30:06.870Z,ICP,-0.4313,3766,2.812,1345.061572
2026-09-11T04:30:06.870Z,NEAR,1.4772,3355,2.458,1345.061572
2026-09-11T04:30:06.870Z,HBAR,1.448,103.2,0.07563,1345.061572
2026-09-11T04:30:06.870Z,XTZ,-2.9712,348.2,0.2668,1345.061572
2026-09-11T04:30:06.870Z,DYDX,-3.97,149.2,0.11551,1345.061572
2026-09-11T04:30:06.870Z,ARB,16.6984,231.4,0.14742,1345.061572
2026-09-11T04:30:06.870Z,GMX,0.4596,10160,7.519,1345.061572
2026-09-11T04:30:06.870Z,IMX,0.736,163.3,0.12052,1345.061572
2026-09-11T04:30:06.870Z,INJ,-2.501,7900,6.024,1345.061572
2026-09-11T04:30:06.870Z,GRT,12.9206,26.99,0.01777,1345.061572
2026-09-11T04:30:06.870Z,SUI,0.9118,1007,0.7419,1345.061572
2026-09-11T04:30:06.870Z,HYPE,0.9243,107800,79.411,1345.061572
2026-09-11T04:35:06.863Z,BTC,1.3111,105064000,77100.1,1345.061572
2026-09-11T04:35:06.863Z,ETH,1.3623,3353000,2459.32,1345.061572
2026-09-11T04:35:06.863Z,SOL,1.3844,136000,99.73,1345.061572
2026-09-11T04:35:06.863Z,BNB,1.2535,975000,715.9,1345.061572
2026-09-11T04:35:06.863Z,XRP,1.3107,1835,1.3466,1345.061572
2026-09-11T04:35:06.863Z,ADA,1.5259,286.5,0.2098,1345.061572
2026-09-11T04:35:06.863Z,AVAX,2.9696,10400,7.509,1345.061572
2026-09-11T04:35:06.863Z,DOT,0.1924,1525,1.1316,1345.061572
2026-09-11T04:35:06.863Z,LINK,1.246,15680,11.514,1345.061572
2026-09-11T04:35:06.863Z,POL,0.046,125.7,0.09341,1345.061572
2026-09-11T04:35:06.863Z,DOGE,1.4776,114.6,0.08396,1345.061572
2026-09-11T04:35:06.863Z,TRX,1.4905,463.1,0.33924,1345.061572
2026-09-11T04:35:06.863Z,XLM,1.5246,240.9,0.17641,1345.061572
2026-09-11T04:35:06.863Z,SHIB,1.9836,0.007,0.000005103,1345.061572
2026-09-11T04:35:06.863Z,BCH,0.2268,307100,227.8,1345.061572
2026-09-11T04:35:06.863Z,UNI,0.9277,8300,6.114,1345.061572
2026-09-11T04:35:06.863Z,AAVE,0.3529,165500,122.61,1345.061572
2026-09-11T04:35:06.863Z,SUSHI,-0.5541,292,0.2183,1345.061572
2026-09-11T04:35:06.863Z,LDO,-20.6949,399.8,0.3748,1345.061572
2026-09-11T04:35:06.863Z,ICP,-0.325,3766,2.809,1345.061572
2026-09-11T04:35:06.863Z,NEAR,1.2159,3345,2.457,1345.061572
2026-09-11T04:35:06.863Z,HBAR,1.5151,103.2,0.07558,1345.061572
2026-09-11T04:35:06.863Z,XTZ,-2.9712,348.2,0.2668,1345.061572
2026-09-11T04:35:06.863Z,DYDX,-3.745,149.2,0.11524,1345.061572
2026-09-11T04:35:06.863Z,ARB,1.223,201,0.14763,1345.061572
2026-09-11T04:35:06.863Z,GMX,0.4997,10160,7.516,1345.061572
2026-09-11T04:35:06.863Z,IMX,1.0379,163.3,0.12016,1345.061572
2026-09-11T04:35:06.863Z,INJ,-2.5172,7900,6.025,1345.061572
2026-09-11T04:35:06.863Z,GRT,12.9842,26.99,0.01776,1345.061572
2026-09-11T04:35:06.863Z,SUI,1.048,1007,0.7409,1345.061572
2026-09-11T04:35:06.863Z,HYPE,1.0465,107800,79.315,1345.061572
2026-09-11T04:40:06.877Z,BTC,1.2858,105002000,77073.8,1345.061572
2026-09-11T04:40:06.877Z,ETH,1.2474,3348000,2458.44,1345.061572
2026-09-11T04:40:06.877Z,SOL,1.3844,136000,99.73,1345.061572
2026-09-11T04:40:06.877Z,BNB,1.2677,975000,715.8,1345.061572
2026-09-11T04:40:06.877Z,XRP,1.2555,1834,1.3466,1345.061572
2026-09-11T04:40:06.877Z,ADA,1.4196,286.2,0.2098,1345.061572
2026-09-11T04:40:06.877Z,AVAX,3.0245,10400,7.505,1345.061572
2026-09-11T04:40:06.877Z,DOT,0.1216,1525,1.1324,1345.061572
2026-09-11T04:40:06.877Z,LINK,1.1932,15680,11.52,1345.061572
2026-09-11T04:40:06.877Z,POL,0.2284,125.7,0.09324,1345.061572
2026-09-11T04:40:06.877Z,DOGE,1.4534,114.6,0.08398,1345.061572
2026-09-11T04:40:06.877Z,TRX,1.7214,463.1,0.33847,1345.061572
2026-09-11T04:40:06.877Z,XLM,1.5304,240.9,0.1764,1345.061572
2026-09-11T04:40:06.877Z,SHIB,2.0036,0.007,0.000005102,1345.061572
2026-09-11T04:40:06.877Z,BCH,0.2268,307100,227.8,1345.061572
2026-09-11T04:40:06.877Z,UNI,0.7629,8300,6.124,1345.061572
2026-09-11T04:40:06.877Z,AAVE,0.3611,165500,122.6,1345.061572
2026-09-11T04:40:06.877Z,SUSHI,-0.6451,292,0.2185,1345.061572
2026-09-11T04:40:06.877Z,LDO,-20.6526,399.8,0.3746,1345.061572
2026-09-11T04:40:06.877Z,ICP,-0.1472,3766,2.804,1345.061572
2026-09-11T04:40:06.877Z,NEAR,1.2655,3348,2.458,1345.061572
2026-09-11T04:40:06.877Z,HBAR,1.6496,103.2,0.07548,1345.061572
2026-09-11T04:40:06.877Z,XTZ,-3.1164,348.2,0.2672,1345.061572
2026-09-11T04:40:06.877Z,DYDX,-3.745,149.2,0.11524,1345.061572
2026-09-11T04:40:06.877Z,ARB,0.8473,201,0.14818,1345.061572
2026-09-11T04:40:06.877Z,GMX,0.5131,10160,7.515,1345.061572
2026-09-11T04:40:06.877Z,IMX,1.1473,163.3,0.12003,1345.061572
2026-09-11T04:40:06.877Z,INJ,-2.4849,7900,6.023,1345.061572
2026-09-11T04:40:06.877Z,GRT,12.9842,26.99,0.01776,1345.061572
2026-09-11T04:40:06.877Z,SUI,1.4449,1010,0.7402,1345.061572
2026-09-11T04:40:06.877Z,HYPE,0.9867,107800,79.362,1345.061572
2026-09-11T04:45:07.172Z,BTC,1.3001,105002000,77062.9,1345.061572
2026-09-11T04:45:07.172Z,ETH,1.3339,3348000,2456.34,1345.061572
2026-09-11T04:45:07.172Z,SOL,1.4149,136000,99.7,1345.061572
2026-09-11T04:45:07.172Z,BNB,1.2535,975000,715.9,1345.061572
2026-09-11T04:45:07.172Z,XRP,1.3734,1836,1.3465,1345.061572
2026-09-11T04:45:07.172Z,ADA,1.5614,286.6,0.2098,1345.061572
2026-09-11T04:45:07.172Z,AVAX,3.0794,10400,7.501,1345.061572
2026-09-11T04:45:07.172Z,DOT,0.5122,1525,1.128,1345.061572
2026-09-11T04:45:07.172Z,LINK,1.246,15680,11.514,1345.061572
2026-09-11T04:45:07.172Z,POL,0.1318,125.7,0.09333,1345.061572
2026-09-11T04:45:07.172Z,DOGE,1.4776,114.6,0.08396,1345.061572
2026-09-11T04:45:07.172Z,TRX,1.6373,463.1,0.33875,1345.061572
2026-09-11T04:45:07.172Z,XLM,1.4251,240.2,0.17607,1345.061572
2026-09-11T04:45:07.172Z,SHIB,2.0636,0.007,0.000005099,1345.061572
2026-09-11T04:45:07.172Z,BCH,0.1828,307100,227.9,1345.061572
2026-09-11T04:45:07.172Z,UNI,0.6315,8300,6.132,1345.061572
2026-09-11T04:45:07.172Z,AAVE,0.4266,165500,122.52,1345.061572
2026-09-11T04:45:07.172Z,SUSHI,-0.736,292,0.2187,1345.061572
2026-09-11T04:45:07.172Z,LDO,-20.5253,399.8,0.374,1345.061572
2026-09-11T04:45:07.172Z,ICP,-0.0403,3766,2.801,1345.061572
2026-09-11T04:45:07.172Z,NEAR,1.585,3349,2.451,1345.061572
2026-09-11T04:45:07.172Z,HBAR,1.4795,103,0.07546,1345.061572
2026-09-11T04:45:07.172Z,XTZ,-3.5136,348.2,0.2683,1345.061572
2026-09-11T04:45:07.172Z,DYDX,-3.6781,149.2,0.11516,1345.061572
2026-09-11T04:45:07.172Z,ARB,1.6381,203,0.14849,1345.061572
2026-09-11T04:45:07.172Z,GMX,0.6068,10160,7.508,1345.061572
2026-09-11T04:45:07.172Z,IMX,1.1304,163.3,0.12005,1345.061572
2026-09-11T04:45:07.172Z,INJ,-2.2088,7900,6.006,1345.061572
2026-09-11T04:45:07.172Z,GRT,12.7303,26.99,0.0178,1345.061572
2026-09-11T04:45:07.172Z,SUI,1.3718,1009,0.74,1345.061572
2026-09-11T04:45:07.172Z,HYPE,0.9956,107800,79.355,1345.061572
2026-09-11T04:50:07.047Z,BTC,1.2833,105002000,77075.7,1345.061572
2026-09-11T04:50:07.047Z,ETH,1.3195,3348000,2456.69,1345.061572
2026-09-11T04:50:07.047Z,SOL,1.3369,135800,99.63,1345.061572
2026-09-11T04:50:07.047Z,BNB,1.1687,975000,716.5,1345.061572
2026-09-11T04:50:07.047Z,XRP,1.2404,1834,1.3468,1345.061572
2026-09-11T04:50:07.047Z,ADA,1.5614,286.6,0.2098,1345.061572
2026-09-11T04:50:07.047Z,AVAX,3.1482,10400,7.496,1345.061572
2026-09-11T04:50:07.047Z,DOT,0.816,1525,1.1246,1345.061572
2026-09-11T04:50:07.047Z,LINK,1.4191,15700,11.509,1345.061572
2026-09-11T04:50:07.047Z,POL,0.0567,125.7,0.0934,1345.061572
2026-09-11T04:50:07.047Z,DOGE,1.4292,114.6,0.084,1345.061572
2026-09-11T04:50:07.047Z,TRX,1.4119,462.1,0.33877,1345.061572
2026-09-11T04:50:07.047Z,XLM,1.4366,240.2,0.17605,1345.061572
2026-09-11T04:50:07.047Z,SHIB,2.1237,0.007,0.000005096,1345.061572
2026-09-11T04:50:07.047Z,BCH,2.0218,312600,227.8,1345.061572
2026-09-11T04:50:07.047Z,UNI,0.0766,8300,6.166,1345.061572
2026-09-11T04:50:07.047Z,AAVE,0.3529,165500,122.61,1345.061572
2026-09-11T04:50:07.047Z,SUSHI,-1.2327,292,0.2198,1345.061572
2026-09-11T04:50:07.047Z,LDO,-20.4402,399.8,0.3736,1345.061572
2026-09-11T04:50:07.047Z,ICP,0.1385,3766,2.796,1345.061572
2026-09-11T04:50:07.047Z,NEAR,1.585,3349,2.451,1345.061572
2026-09-11T04:50:07.047Z,HBAR,1.5333,103,0.07542,1345.061572
2026-09-11T04:50:07.047Z,XTZ,-3.5855,348.2,0.2685,1345.061572
2026-09-11T04:50:07.047Z,DYDX,-3.4937,149.2,0.11494,1345.061572
2026-09-11T04:50:07.047Z,ARB,1.4402,202.4,0.14834,1345.061572
2026-09-11T04:50:07.047Z,GMX,0.6738,10160,7.503,1345.061572
2026-09-11T04:50:07.047Z,IMX,1.1136,163.3,0.12007,1345.061572
2026-09-11T04:50:07.047Z,INJ,-2.1274,7900,6.001,1345.061572
2026-09-11T04:50:07.047Z,GRT,12.7937,26.99,0.01779,1345.061572
2026-09-11T04:50:07.047Z,SUI,1.4267,1009,0.7396,1345.061572
2026-09-11T04:50:07.047Z,HYPE,0.9383,107800,79.4,1345.061572
2026-09-11T04:55:06.886Z,BTC,1.2464,105002000,77103.8,1345.061572
2026-09-11T04:55:06.886Z,ETH,1.3073,3349000,2457.72,1345.061572
2026-09-11T04:55:06.886Z,SOL,1.2657,135800,99.7,1345.061572
2026-09-11T04:55:06.886Z,BNB,1.1687,975000,716.5,1345.061572
2026-09-11T04:55:06.886Z,XRP,1.213,1835,1.3479,1345.061572
2026-09-11T04:55:06.886Z,ADA,1.5614,286.6,0.2098,1345.061572
2026-09-11T04:55:06.886Z,AVAX,3.0245,10400,7.505,1345.061572
2026-09-11T04:55:06.886Z,DOT,-0.0285,1525,1.1341,1345.061572
2026-09-11T04:55:06.886Z,LINK,1.0854,15700,11.547,1345.061572
2026-09-11T04:55:06.886Z,POL,0.121,125.7,0.09334,1345.061572
2026-09-11T04:55:06.886Z,DOGE,1.3689,114.6,0.08405,1345.061572
2026-09-11T04:55:06.886Z,TRX,1.4149,462.1,0.33876,1345.061572
2026-09-11T04:55:06.886Z,XLM,1.3963,240.2,0.17612,1345.061572
2026-09-11T04:55:06.886Z,SHIB,2.0436,0.007,0.0000051,1345.061572
2026-09-11T04:55:06.886Z,BCH,1.9323,312600,228,1345.061572
2026-09-11T04:55:06.886Z,UNI,-0.1986,8300,6.183,1345.061572
2026-09-11T04:55:06.886Z,AAVE,0.2466,165500,122.74,1345.061572
2026-09-11T04:55:06.886Z,SUSHI,-0.9172,292,0.2191,1345.061572
2026-09-11T04:55:06.886Z,LDO,-20.4402,399.8,0.3736,1345.061572
2026-09-11T04:55:06.886Z,ICP,0.3179,3766,2.791,1345.061572
2026-09-11T04:55:06.886Z,NEAR,1.9177,3349,2.443,1345.061572
2026-09-11T04:55:06.886Z,HBAR,1.466,103,0.07547,1345.061572
2026-09-11T04:55:06.886Z,XTZ,-3.1164,348.2,0.2672,1345.061572
2026-09-11T04:55:06.886Z,DYDX,-3.4685,149.2,0.11491,1345.061572
2026-09-11T04:55:06.886Z,ARB,1.7764,202.4,0.14785,1345.061572
2026-09-11T04:55:06.886Z,GMX,0.5934,10160,7.509,1345.061572
2026-09-11T04:55:06.886Z,IMX,1.0379,163.3,0.12016,1345.061572
2026-09-11T04:55:06.886Z,INJ,-1.9476,7900,5.99,1345.061572
2026-09-11T04:55:06.886Z,GRT,12.7303,26.99,0.0178,1345.061572
2026-09-11T04:55:06.886Z,SUI,1.3855,1009,0.7399,1345.061572
2026-09-11T04:55:06.886Z,HYPE,0.8101,107800,79.501,1345.061572
2026-09-11T05:00:06.877Z,BTC,1.3687,105099000,77081.9,1345.061572
2026-09-11T05:00:06.877Z,ETH,1.285,3349000,2458.26,1345.061572
2026-09-11T05:00:06.877Z,SOL,1.3165,135800,99.65,1345.061572
2026-09-11T05:00:06.877Z,BNB,1.1828,975000,716.4,1345.061572
2026-09-11T05:00:06.877Z,XRP,1.243,1835,1.3475,1345.061572
2026-09-11T05:00:06.877Z,ADA,1.513,286.6,0.2099,1345.061572
2026-09-11T05:00:06.877Z,AVAX,3.0794,10400,7.501,1345.061572
2026-09-11T05:00:06.877Z,DOT,-0.3973,1525,1.1383,1345.061572
2026-09-11T05:00:06.877Z,LINK,1.1905,15700,11.535,1345.061572
2026-09-11T05:00:06.877Z,POL,0.046,125.7,0.09341,1345.061572
2026-09-11T05:00:06.877Z,DOGE,1.393,114.6,0.08403,1345.061572
2026-09-11T05:00:06.877Z,TRX,1.2513,461.6,0.33894,1345.061572
2026-09-11T05:00:06.877Z,XLM,1.4539,240.2,0.17602,1345.061572
2026-09-11T05:00:06.877Z,SHIB,2.0636,0.007,0.000005099,1345.061572
2026-09-11T05:00:06.877Z,BCH,2.0666,312600,227.7,1345.061572
2026-09-11T05:00:06.877Z,UNI,1.2274,8390,6.162,1345.061572
2026-09-11T05:00:06.877Z,AAVE,0.3202,165500,122.65,1345.061572
2026-09-11T05:00:06.877Z,SUSHI,-0.7813,292,0.2188,1345.061572
2026-09-11T05:00:06.877Z,LDO,-20.2695,399.8,0.3728,1345.061572
2026-09-11T05:00:06.877Z,ICP,1.4222,3802,2.787,1345.061572
2026-09-11T05:00:06.877Z,NEAR,0.2884,3313,2.456,1345.061572
2026-09-11T05:00:06.877Z,HBAR,1.4795,103,0.07546,1345.061572
2026-09-11T05:00:06.877Z,XTZ,-3.2251,348.2,0.2675,1345.061572
2026-09-11T05:00:06.877Z,DYDX,-3.6028,149.2,0.11507,1345.061572
2026-09-11T05:00:06.877Z,ARB,1.9142,202.4,0.14765,1345.061572
2026-09-11T05:00:06.877Z,GMX,0.5666,10160,7.511,1345.061572
2026-09-11T05:00:06.877Z,IMX,1.1726,163.3,0.12,1345.061572
2026-09-11T05:00:06.877Z,INJ,-1.8329,7900,5.983,1345.061572
2026-09-11T05:00:06.877Z,GRT,12.7303,26.99,0.0178,1345.061572
2026-09-11T05:00:06.877Z,SUI,1.4267,1009,0.7396,1345.061572
2026-09-11T05:00:06.877Z,HYPE,1.1128,107800,79.263,1345.061572
2026-09-11T05:05:06.854Z,BTC,1.3392,105004000,77034.7,1345.061572
2026-09-11T05:05:06.854Z,ETH,1.3501,3349000,2456.68,1345.061572
2026-09-11T05:05:06.854Z,SOL,1.3674,135800,99.6,1345.061572
2026-09-11T05:05:06.854Z,BNB,1.2818,975000,715.7,1345.061572
2026-09-11T05:05:06.854Z,XRP,1.3659,1836,1.3466,1345.061572
2026-09-11T05:05:06.854Z,ADA,1.4551,286.3,0.2098,1345.061572
2026-09-11T05:05:06.854Z,AVAX,3.0794,10400,7.501,1345.061572
2026-09-11T05:05:06.854Z,DOT,-0.1429,1525,1.1354,1345.061572
2026-09-11T05:05:06.854Z,LINK,1.3223,15700,11.52,1345.061572
2026-09-11T05:05:06.854Z,POL,0.0781,125.7,0.09338,1345.061572
2026-09-11T05:05:06.854Z,DOGE,1.4413,114.6,0.08399,1345.061572
2026-09-11T05:05:06.854Z,TRX,1.2454,461.6,0.33896,1345.061572
2026-09-11T05:05:06.854Z,XLM,1.4674,240,0.17585,1345.061572
2026-09-11T05:05:06.854Z,SHIB,2.0636,0.007,0.000005099,1345.061572
2026-09-11T05:05:06.854Z,BCH,2.0666,312600,227.7,1345.061572
2026-09-11T05:05:06.854Z,UNI,1.0634,8390,6.172,1345.061572
2026-09-11T05:05:06.854Z,AAVE,0.2793,165500,122.7,1345.061572
2026-09-11T05:05:06.854Z,SUSHI,-0.6906,292,0.2186,1345.061572
2026-09-11T05:05:06.854Z,LDO,-20.2481,399.8,0.3727,1345.061572
2026-09-11T05:05:06.854Z,ICP,1.7874,3802,2.777,1345.061572
2026-09-11T05:05:06.854Z,NEAR,0.4521,3313,2.452,1345.061572
2026-09-11T05:05:06.854Z,HBAR,1.5198,103,0.07543,1345.061572
2026-09-11T05:05:06.854Z,XTZ,-3.0075,348.2,0.2669,1345.061572
2026-09-11T05:05:06.854Z,DYDX,-3.6111,149.2,0.11508,1345.061572
2026-09-11T05:05:06.854Z,ARB,2.1217,202.4,0.14735,1345.061572
2026-09-11T05:05:06.854Z,GMX,0.6336,10160,7.506,1345.061572
2026-09-11T05:05:06.854Z,IMX,1.2147,163.3,0.11995,1345.061572
2026-09-11T05:05:06.854Z,INJ,-1.9313,7900,5.989,1345.061572
2026-09-11T05:05:06.854Z,GRT,13.1116,26.99,0.01774,1345.061572
2026-09-11T05:05:06.854Z,SUI,1.4496,1008,0.7387,1345.061572
2026-09-11T05:05:06.854Z,HYPE,0.9231,107800,79.412,1345.061572
2026-09-11T05:10:07.044Z,BTC,1.2996,105001000,77062.6,1345.061572
2026-09-11T05:10:07.044Z,ETH,1.3282,3351000,2458.68,1345.061572
2026-09-11T05:10:07.044Z,SOL,1.3911,135900,99.65,1345.061572
2026-09-11T05:10:07.044Z,BNB,1.2677,975000,715.8,1345.061572
2026-09-11T05:10:07.044Z,XRP,1.3132,1836,1.3473,1345.061572
2026-09-11T05:10:07.044Z,ADA,1.4067,286.3,0.2099,1345.061572
2026-09-11T05:10:07.044Z,AVAX,2.9559,10400,7.51,1345.061572
2026-09-11T05:10:07.044Z,DOT,-0.5371,1525,1.1399,1345.061572
2026-09-11T05:10:07.044Z,LINK,1.252,15700,11.528,1345.061572
2026-09-11T05:10:07.044Z,POL,0.0139,125.7,0.09344,1345.061572
2026-09-11T05:10:07.044Z,DOGE,1.393,114.6,0.08403,1345.061572
2026-09-11T05:10:07.044Z,TRX,1.2812,461.6,0.33884,1345.061572
2026-09-11T05:10:07.044Z,XLM,1.4347,240.1,0.17598,1345.061572
2026-09-11T05:10:07.044Z,SHIB,0.5661,0.0069,0.000005101,1345.061572
2026-09-11T05:10:07.044Z,BCH,2.0666,312600,227.7,1345.061572
2026-09-11T05:10:07.044Z,UNI,0.8021,8390,6.188,1345.061572
2026-09-11T05:10:07.044Z,AAVE,0.7733,166600,122.91,1345.061572
2026-09-11T05:10:07.044Z,SUSHI,-1.0076,292,0.2193,1345.061572
2026-09-11T05:10:07.044Z,LDO,-20.5465,399.8,0.3741,1345.061572
2026-09-11T05:10:07.044Z,ICP,1.568,3802,2.783,1345.061572
2026-09-11T05:10:07.044Z,NEAR,0.2068,3313,2.458,1345.061572
2026-09-11T05:10:07.044Z,HBAR,1.4795,103,0.07546,1345.061572
2026-09-11T05:10:07.044Z,XTZ,-2.5328,348.2,0.2656,1345.061572
2026-09-11T05:10:07.044Z,DYDX,-3.6363,149.2,0.11511,1345.061572
2026-09-11T05:10:07.044Z,ARB,2.2189,202.4,0.14721,1345.061572
2026-09-11T05:10:07.044Z,GMX,0.4997,10160,7.516,1345.061572
2026-09-11T05:10:07.044Z,IMX,1.2485,163.3,0.11991,1345.061572
2026-09-11T05:10:07.044Z,INJ,-2.0621,7900,5.997,1345.061572
2026-09-11T05:10:07.044Z,GRT,12.7937,26.99,0.01779,1345.061572
2026-09-11T05:10:07.044Z,SUI,1.3215,1007,0.7389,1345.061572
2026-09-11T05:10:07.044Z,HYPE,0.9349,108000,79.55,1345.061572
2026-09-11T05:15:06.880Z,BTC,1.2507,105009000,77105.7,1345.061572
2026-09-11T05:15:06.880Z,ETH,1.2962,3352000,2460.19,1345.061572
2026-09-11T05:15:06.880Z,SOL,1.2895,135900,99.75,1345.061572
2026-09-11T05:15:06.880Z,BNB,1.2252,975000,716.1,1345.061572
2026-09-11T05:15:06.880Z,XRP,1.2857,1837,1.3484,1345.061572
2026-09-11T05:15:06.880Z,ADA,1.3456,286.4,0.2101,1345.061572
2026-09-11T05:15:06.880Z,AVAX,2.86,10400,7.517,1345.061572
2026-09-11T05:15:06.880Z,DOT,-0.476,1525,1.1392,1345.061572
2026-09-11T05:15:06.880Z,LINK,1.1292,15700,11.542,1345.061572
2026-09-11T05:15:06.880Z,POL,-0.0075,125.7,0.09346,1345.061572
2026-09-11T05:15:06.880Z,DOGE,1.1679,114.4,0.08407,1345.061572
2026-09-11T05:15:06.880Z,TRX,1.2424,461.6,0.33897,1345.061572
2026-09-11T05:15:06.880Z,XLM,1.3138,240.1,0.17619,1345.061572
2026-09-11T05:15:06.880Z,SHIB,0.5464,0.0069,0.000005102,1345.061572
2026-09-11T05:15:06.880Z,BCH,1.8876,312600,228.1,1345.061572
2026-09-11T05:15:06.880Z,UNI,1.0307,8390,6.174,1345.061572
2026-09-11T05:15:06.880Z,AAVE,0.6669,166600,123.04,1345.061572
2026-09-11T05:15:06.880Z,SUSHI,-0.6906,292,0.2186,1345.061572
2026-09-11T05:15:06.880Z,LDO,-20.504,399.8,0.3739,1345.061572
2026-09-11T05:15:06.880Z,ICP,1.6776,3802,2.78,1345.061572
2026-09-11T05:15:06.880Z,NEAR,0.3293,3313,2.455,1345.061572
2026-09-11T05:15:06.880Z,HBAR,1.2916,103,0.0756,1345.061572
2026-09-11T05:15:06.880Z,XTZ,-2.6061,348.2,0.2658,1345.061572
2026-09-11T05:15:06.880Z,DYDX,-3.6614,149.2,0.11514,1345.061572
2026-09-11T05:15:06.880Z,ARB,2.3301,202.4,0.14705,1345.061572
2026-09-11T05:15:06.880Z,GMX,0.5398,10160,7.513,1345.061572
2026-09-11T05:15:06.880Z,IMX,1.2738,163.3,0.11988,1345.061572
2026-09-11T05:15:06.880Z,INJ,-2.1926,7900,6.005,1345.061572
2026-09-11T05:15:06.880Z,GRT,12.667,26.99,0.01781,1345.061572
2026-09-11T05:15:06.880Z,SUI,1.1709,1007,0.74,1345.061572
2026-09-11T05:15:06.880Z,HYPE,0.8006,108000,79.656,1345.061572
2026-09-11T05:20:07.047Z,BTC,1.3691,105105000,77086,1345.061572
2026-09-11T05:20:07.047Z,ETH,1.3502,3352000,2458.88,1345.061572
2026-09-11T05:20:07.047Z,SOL,1.3505,135900,99.69,1345.061572
2026-09-11T05:20:07.047Z,BNB,1.3243,975000,715.4,1345.061572
2026-09-11T05:20:07.047Z,XRP,1.3785,1838,1.3479,1345.061572
2026-09-11T05:20:07.047Z,ADA,1.5389,286.4,0.2097,1345.061572
2026-09-11T05:20:07.047Z,AVAX,2.9148,10400,7.513,1345.061572
2026-09-11T05:20:07.047Z,DOT,-0.9802,1525,1.145,1345.061572
2026-09-11T05:20:07.047Z,LINK,1.1555,15700,11.539,1345.061572
2026-09-11T05:20:07.047Z,POL,0.2177,125.7,0.09325,1345.061572
2026-09-11T05:20:07.047Z,DOGE,1.2281,114.4,0.08402,1345.061572
2026-09-11T05:20:07.047Z,TRX,1.2364,461.6,0.33899,1345.061572
2026-09-11T05:20:07.047Z,XLM,1.4251,240.2,0.17607,1345.061572
2026-09-11T05:20:07.047Z,SHIB,2.0436,0.007,0.0000051,1345.061572
2026-09-11T05:20:07.047Z,BCH,1.9323,312600,228,1345.061572
2026-09-11T05:20:07.047Z,UNI,1.2438,8390,6.161,1345.061572
2026-09-11T05:20:07.047Z,AAVE,0.7242,166600,122.97,1345.061572
2026-09-11T05:20:07.047Z,SUSHI,-0.6906,292,0.2186,1345.061572
2026-09-11T05:20:07.047Z,LDO,-20.504,399.8,0.3739,1345.061572
2026-09-11T05:20:07.047Z,ICP,1.7142,3802,2.779,1345.061572
2026-09-11T05:20:07.047Z,NEAR,0.0847,3313,2.461,1345.061572
2026-09-11T05:20:07.047Z,HBAR,1.3318,103,0.07557,1345.061572
2026-09-11T05:20:07.047Z,XTZ,-2.2383,348.2,0.2648,1345.061572
2026-09-11T05:20:07.047Z,DYDX,-3.6781,149.2,0.11516,1345.061572
2026-09-11T05:20:07.047Z,ARB,2.6092,202.4,0.14665,1345.061572
2026-09-11T05:20:07.047Z,GMX,0.5131,10160,7.515,1345.061572
2026-09-11T05:20:07.047Z,IMX,1.181,163.3,0.11999,1345.061572
2026-09-11T05:20:07.047Z,INJ,-2.2251,7900,6.007,1345.061572
2026-09-11T05:20:07.047Z,GRT,12.667,26.99,0.01781,1345.061572
2026-09-11T05:20:07.047Z,SUI,1.2256,1007,0.7396,1345.061572
2026-09-11T05:20:07.047Z,HYPE,1.3491,108600,79.665,1345.061572
2026-09-11T05:25:06.867Z,BTC,1.3037,105028000,77079.3,1345.061572
2026-09-11T05:25:06.867Z,ETH,1.2941,3349000,2458.04,1345.061572
2026-09-11T05:25:06.867Z,SOL,1.4726,135900,99.57,1345.061572
2026-09-11T05:25:06.867Z,BNB,1.3384,975000,715.3,1345.061572
2026-09-11T05:25:06.867Z,XRP,1.4136,1837,1.3467,1345.061572
2026-09-11T05:25:06.867Z,ADA,1.6358,286.4,0.2095,1345.061572
2026-09-11T05:25:06.867Z,AVAX,2.9285,10400,7.512,1345.061572
2026-09-11T05:25:06.867Z,DOT,-0.511,1525,1.1396,1345.061572
2026-09-11T05:25:06.867Z,LINK,1.6009,15750,11.525,1345.061572
2026-09-11T05:25:06.867Z,POL,0.3791,125.7,0.0931,1345.061572
2026-09-11T05:25:06.867Z,DOGE,1.3608,114.4,0.08391,1345.061572
2026-09-11T05:25:06.867Z,TRX,1.2424,461.6,0.33897,1345.061572
2026-09-11T05:25:06.867Z,XLM,1.4021,239.9,0.17589,1345.061572
2026-09-11T05:25:06.867Z,SHIB,2.1437,0.007,0.000005095,1345.061572
2026-09-11T05:25:06.867Z,BCH,2.1115,312600,227.6,1345.061572
2026-09-11T05:25:06.867Z,UNI,1.3919,8390,6.152,1345.061572
2026-09-11T05:25:06.867Z,AAVE,0.7897,166600,122.89,1345.061572
2026-09-11T05:25:06.867Z,SUSHI,-0.3715,292,0.2179,1345.061572
2026-09-11T05:25:06.867Z,LDO,-20.2908,399.8,0.3729,1345.061572
2026-09-11T05:25:06.867Z,ICP,1.8608,3802,2.775,1345.061572
2026-09-11T05:25:06.867Z,NEAR,0.5341,3313,2.45,1345.061572
2026-09-11T05:25:06.867Z,HBAR,1.3318,103,0.07557,1345.061572
2026-09-11T05:25:06.867Z,XTZ,-2.1644,348.2,0.2646,1345.061572
2026-09-11T05:25:06.867Z,DYDX,-3.4181,149.2,0.11485,1345.061572
2026-09-11T05:25:06.867Z,ARB,2.6792,202.4,0.14655,1345.061572
2026-09-11T05:25:06.867Z,GMX,0.58,10160,7.51,1345.061572
2026-09-11T05:25:06.867Z,IMX,1.3923,163.3,0.11974,1345.061572
2026-09-11T05:25:06.867Z,INJ,-1.9967,7900,5.993,1345.061572
2026-09-11T05:25:06.867Z,GRT,12.7937,26.99,0.01779,1345.061572
2026-09-11T05:25:06.867Z,SUI,1.262,1006,0.7386,1345.061572
2026-09-11T05:25:06.867Z,HYPE,1.338,108400,79.527,1345.061572
2026-09-11T05:30:06.881Z,BTC,1.2984,105001000,77063.5,1345.061572
2026-09-11T05:30:06.881Z,ETH,1.3906,3352000,2457.9,1345.061572
2026-09-11T05:30:06.881Z,SOL,1.442,135900,99.6,1345.061572
2026-09-11T05:30:06.881Z,BNB,1.2677,975000,715.8,1345.061572
2026-09-11T05:30:06.881Z,XRP,1.4061,1837,1.3468,1345.061572
2026-09-11T05:30:06.881Z,ADA,1.3293,285.4,0.2094,1345.061572
2026-09-11T05:30:06.881Z,AVAX,2.997,10400,7.507,1345.061572
2026-09-11T05:30:06.881Z,DOT,1.037,1549,1.1398,1345.061572
2026-09-11T05:30:06.881Z,LINK,1.6185,15750,11.523,1345.061572
2026-09-11T05:30:06.881Z,POL,0.3791,125.7,0.0931,1345.061572
2026-09-11T05:30:06.881Z,DOGE,1.3367,114.4,0.08393,1345.061572
2026-09-11T05:30:06.881Z,TRX,1.2753,461.6,0.33886,1345.061572
2026-09-11T05:30:06.881Z,XLM,1.3886,239.8,0.17584,1345.061572
2026-09-11T05:30:06.881Z,SHIB,2.1437,0.007,0.000005095,1345.061572
2026-09-11T05:30:06.881Z,BCH,2.1564,312600,227.5,1345.061572
2026-09-11T05:30:06.881Z,UNI,1.6398,8390,6.137,1345.061572
2026-09-11T05:30:06.881Z,AAVE,0.6996,166600,123,1345.061572
2026-09-11T05:30:06.881Z,SUSHI,-0.4629,292,0.2181,1345.061572
2026-09-11T05:30:06.881Z,LDO,-20.3762,399.8,0.3733,1345.061572
2026-09-11T05:30:06.881Z,ICP,1.9342,3802,2.773,1345.061572
2026-09-11T05:30:06.881Z,NEAR,1.2927,3338,2.45,1345.061572
2026-09-11T05:30:06.881Z,HBAR,1.4392,103,0.07549,1345.061572
2026-09-11T05:30:06.881Z,XTZ,-1.2312,348.2,0.2621,1345.061572
2026-09-11T05:30:06.881Z,DYDX,-3.4517,149.2,0.11489,1345.061572
2026-09-11T05:30:06.881Z,ARB,3.1367,202.4,0.1459,1345.061572
2026-09-11T05:30:06.881Z,GMX,0.58,10160,7.51,1345.061572
2026-09-11T05:30:06.881Z,IMX,1.3753,163.3,0.11976,1345.061572
2026-09-11T05:30:06.881Z,INJ,-2.0947,7900,5.999,1345.061572
2026-09-11T05:30:06.881Z,GRT,12.7937,26.99,0.01779,1345.061572
2026-09-11T05:30:06.881Z,SUI,1.2209,1006,0.7389,1345.061572
2026-09-11T05:30:06.881Z,HYPE,1.4235,108400,79.46,1345.061572
2026-09-11T05:35:06.858Z,BTC,1.2767,105001000,77080,1345.061572
2026-09-11T05:35:06.858Z,ETH,1.2496,3349000,2459.12,1345.061572
2026-09-11T05:35:06.858Z,SOL,1.4217,135900,99.62,1345.061572
2026-09-11T05:35:06.858Z,BNB,1.2677,975000,715.8,1345.061572
2026-09-11T05:35:06.858Z,XRP,1.2957,1835,1.3468,1345.061572
2026-09-11T05:35:06.858Z,ADA,1.4747,285.4,0.2091,1345.061572
2026-09-11T05:35:06.858Z,AVAX,2.9696,10400,7.509,1345.061572
2026-09-11T05:35:06.858Z,DOT,0.8247,1549,1.1422,1345.061572
2026-09-11T05:35:06.858Z,LINK,1.6362,15750,11.521,1345.061572
2026-09-11T05:35:06.858Z,POL,0.4871,125.7,0.093,1345.061572
2026-09-11T05:35:06.858Z,DOGE,1.3971,114.4,0.08388,1345.061572
2026-09-11T05:35:06.858Z,TRX,1.3321,461.6,0.33867,1345.061572
2026-09-11T05:35:06.858Z,XLM,1.3483,239.8,0.17591,1345.061572
2026-09-11T05:35:06.858Z,SHIB,2.1638,0.007,0.000005094,1345.061572
2026-09-11T05:35:06.858Z,BCH,2.2462,312600,227.3,1345.061572
2026-09-11T05:35:06.858Z,UNI,1.8389,8390,6.125,1345.061572
2026-09-11T05:35:06.858Z,AAVE,0.8061,166600,122.87,1345.061572
2026-09-11T05:35:06.858Z,SUSHI,-0.5541,292,0.2183,1345.061572
2026-09-11T05:35:06.858Z,LDO,-20.2908,399.8,0.3729,1345.061572
2026-09-11T05:35:06.858Z,ICP,1.3736,3777,2.77,1345.061572
2026-09-11T05:35:06.858Z,NEAR,1.1142,3343,2.458,1345.061572
2026-09-11T05:35:06.858Z,HBAR,1.4795,103,0.07546,1345.061572
2026-09-11T05:35:06.858Z,XTZ,-0.51,348.2,0.2602,1345.061572
2026-09-11T05:35:06.858Z,DYDX,-3.199,149.2,0.11459,1345.061572
2026-09-11T05:35:06.858Z,ARB,3.0166,202.4,0.14607,1345.061572
2026-09-11T05:35:06.858Z,GMX,0.5666,10160,7.511,1345.061572
2026-09-11T05:35:06.858Z,IMX,1.4431,163.3,0.11968,1345.061572
2026-09-11T05:35:06.858Z,INJ,-2.0621,7900,5.997,1345.061572
2026-09-11T05:35:06.858Z,GRT,12.7937,26.99,0.01779,1345.061572
2026-09-11T05:35:06.858Z,SUI,1.3443,1006,0.738,1345.061572
2026-09-11T05:35:06.858Z,HYPE,1.451,108600,79.585,1345.061572
2026-09-11T05:40:06.876Z,BTC,1.2216,105001000,77122,1345.061572
2026-09-11T05:40:06.876Z,ETH,1.3128,3353000,2460.52,1345.061572
2026-09-11T05:40:06.876Z,SOL,1.3606,135900,99.68,1345.061572
2026-09-11T05:40:06.876Z,BNB,1.1687,975000,716.5,1345.061572
2026-09-11T05:40:06.876Z,XRP,1.3383,1837,1.3477,1345.061572
2026-09-11T05:40:06.876Z,ADA,1.4229,285.8,0.2095,1345.061572
2026-09-11T05:40:06.876Z,AVAX,2.9833,10400,7.508,1345.061572
2026-09-11T05:40:06.876Z,DOT,0.7454,1549,1.1431,1345.061572
2026-09-11T05:40:06.876Z,LINK,1.4483,15740,11.535,1345.061572
2026-09-11T05:40:06.876Z,POL,0.1103,125.7,0.09335,1345.061572
2026-09-11T05:40:06.876Z,DOGE,1.4132,114.5,0.08394,1345.061572
2026-09-11T05:40:06.876Z,TRX,1.2513,461.6,0.33894,1345.061572
2026-09-11T05:40:06.876Z,XLM,1.2562,239.8,0.17607,1345.061572
2026-09-11T05:40:06.876Z,SHIB,2.1437,0.007,0.000005095,1345.061572
2026-09-11T05:40:06.876Z,BCH,1.7263,310600,227,1345.061572
2026-09-11T05:40:06.876Z,UNI,1.8555,8390,6.124,1345.061572
2026-09-11T05:40:06.876Z,AAVE,0.6587,166600,123.05,1345.061572
2026-09-11T05:40:06.876Z,SUSHI,-0.4172,292,0.218,1345.061572
2026-09-11T05:40:06.876Z,LDO,-20.3762,399.8,0.3733,1345.061572
2026-09-11T05:40:06.876Z,ICP,1.3005,3777,2.772,1345.061572
2026-09-11T05:40:06.876Z,NEAR,1.1142,3343,2.458,1345.061572
2026-09-11T05:40:06.876Z,HBAR,1.4526,103,0.07548,1345.061572
2026-09-11T05:40:06.876Z,XTZ,-1.1935,348.2,0.262,1345.061572
2026-09-11T05:40:06.876Z,DYDX,-3.2834,149.2,0.11469,1345.061572
2026-09-11T05:40:06.876Z,ARB,2.925,202.4,0.1462,1345.061572
2026-09-11T05:40:06.876Z,GMX,0.4997,10160,7.516,1345.061572
2026-09-11T05:40:06.876Z,IMX,1.2485,163.3,0.11991,1345.061572
2026-09-11T05:40:06.876Z,INJ,-2.0947,7900,5.999,1345.061572
2026-09-11T05:40:06.876Z,GRT,12.4776,26.99,0.01784,1345.061572
2026-09-11T05:40:06.876Z,SUI,1.2209,1006,0.7389,1345.061572
2026-09-11T05:40:06.876Z,HYPE,1.4268,108600,79.604,1345.061572
2026-09-11T05:45:06.879Z,BTC,1.3108,105140000,77156.1,1345.061572
2026-09-11T05:45:06.879Z,ETH,1.1739,3353000,2463.9,1345.061572
2026-09-11T05:45:06.879Z,SOL,1.2489,135900,99.79,1345.061572
2026-09-11T05:45:06.879Z,BNB,1.1405,975000,716.7,1345.061572
2026-09-11T05:45:06.879Z,XRP,1.2857,1837,1.3484,1345.061572
2026-09-11T05:45:06.879Z,ADA,1.4229,285.8,0.2095,1345.061572
2026-09-11T05:45:06.879Z,AVAX,2.9422,10400,7.511,1345.061572
2026-09-11T05:45:06.879Z,DOT,0.4116,1549,1.1469,1345.061572
2026-09-11T05:45:06.879Z,LINK,1.3605,15740,11.545,1345.061572
2026-09-11T05:45:06.879Z,POL,0.1425,125.7,0.09332,1345.061572
2026-09-11T05:45:06.879Z,DOGE,1.3528,114.5,0.08399,1345.061572
2026-09-11T05:45:06.879Z,TRX,1.384,462.3,0.33901,1345.061572
2026-09-11T05:45:06.879Z,XLM,1.2217,239.8,0.17613,1345.061572
2026-09-11T05:45:06.879Z,SHIB,2.1036,0.007,0.000005097,1345.061572
2026-09-11T05:45:06.879Z,BCH,1.7056,310400,226.9,1345.061572
2026-09-11T05:45:06.879Z,UNI,1.8057,8390,6.127,1345.061572
2026-09-11T05:45:06.879Z,AAVE,0.5524,166600,123.18,1345.061572
2026-09-11T05:45:06.879Z,SUSHI,-0.8719,292,0.219,1345.061572
2026-09-11T05:45:06.879Z,LDO,-20.4402,399.8,0.3736,1345.061572
2026-09-11T05:45:06.879Z,ICP,0.9727,3777,2.781,1345.061572
2026-09-11T05:45:06.879Z,NEAR,0.909,3343,2.463,1345.061572
2026-09-11T05:45:06.879Z,HBAR,1.4795,103,0.07546,1345.061572
2026-09-11T05:45:06.879Z,XTZ,-1.1181,348.2,0.2618,1345.061572
2026-09-11T05:45:06.879Z,DYDX,-3.2918,149.2,0.1147,1345.061572
2026-09-11T05:45:06.879Z,ARB,2.925,202.4,0.1462,1345.061572
2026-09-11T05:45:06.879Z,GMX,0.3795,10160,7.525,1345.061572
2026-09-11T05:45:06.879Z,IMX,1.1136,163.3,0.12007,1345.061572
2026-09-11T05:45:06.879Z,INJ,-1.9967,7900,5.993,1345.061572
2026-09-11T05:45:06.879Z,GRT,12.2887,26.99,0.01787,1345.061572
2026-09-11T05:45:06.879Z,SUI,1.2209,1006,0.7389,1345.061572
2026-09-11T05:45:06.879Z,HYPE,1.2818,108600,79.718,1345.061572
2026-09-11T05:50:07.005Z,BTC,1.2233,105059000,77163.3,1345.061572
2026-09-11T05:50:07.005Z,ETH,1.2604,3357000,2464.73,1345.061572
2026-09-11T05:50:07.005Z,SOL,1.2996,135900,99.74,1345.061572
2026-09-11T05:50:07.005Z,BNB,1.197,975000,716.3,1345.061572
2026-09-11T05:50:07.005Z,XRP,1.2632,1837,1.3487,1345.061572
2026-09-11T05:50:07.005Z,ADA,1.2779,285.8,0.2098,1345.061572
2026-09-11T05:50:07.005Z,AVAX,2.86,10400,7.517,1345.061572
2026-09-11T05:50:07.005Z,DOT,0.2891,1549,1.1483,1345.061572
2026-09-11T05:50:07.005Z,LINK,1.1939,15740,11.564,1345.061572
2026-09-11T05:50:07.005Z,POL,-0.0182,125.7,0.09347,1345.061572
2026-09-11T05:50:07.005Z,DOGE,1.2684,114.5,0.08406,1345.061572
2026-09-11T05:50:07.005Z,TRX,1.384,462.3,0.33901,1345.061572
2026-09-11T05:50:07.005Z,XLM,1.1585,239.8,0.17624,1345.061572
2026-09-11T05:50:07.005Z,SHIB,2.0236,0.007,0.000005101,1345.061572
2026-09-11T05:50:07.005Z,BCH,1.7056,310400,226.9,1345.061572
2026-09-11T05:50:07.005Z,UNI,1.3755,8390,6.153,1345.061572
2026-09-11T05:50:07.005Z,AAVE,0.5769,166600,123.15,1345.061572
2026-09-11T05:50:07.005Z,SUSHI,-0.8719,292,0.219,1345.061572
2026-09-11T05:50:07.005Z,LDO,-20.4402,399.8,0.3736,1345.061572
2026-09-11T05:50:07.005Z,ICP,0.9001,3777,2.783,1345.061572
2026-09-11T05:50:07.005Z,NEAR,0.7454,3343,2.467,1345.061572
2026-09-11T05:50:07.005Z,HBAR,1.4795,103,0.07546,1345.061572
2026-09-11T05:50:07.005Z,XTZ,-0.9289,348.2,0.2613,1345.061572
2026-09-11T05:50:07.005Z,DYDX,-3.3761,149.2,0.1148,1345.061572
2026-09-11T05:50:07.005Z,ARB,2.6652,202.4,0.14657,1345.061572
2026-09-11T05:50:07.005Z,GMX,0.2064,10160,7.538,1345.061572
2026-09-11T05:50:07.005Z,IMX,0.937,163.3,0.12028,1345.061572
2026-09-11T05:50:07.005Z,INJ,-1.7179,7900,5.976,1345.061572
2026-09-11T05:50:07.005Z,GRT,12.2259,26.99,0.01788,1345.061572
2026-09-11T05:50:07.005Z,SUI,1.1251,1006,0.7396,1345.061572
2026-09-11T05:50:07.005Z,HYPE,1.2157,108600,79.77,1345.061572
2026-09-11T05:55:06.896Z,BTC,1.2027,105059000,77179,1345.061572
2026-09-11T05:55:06.896Z,ETH,1.2448,3357000,2465.11,1345.061572
2026-09-11T05:55:06.896Z,SOL,1.2185,135900,99.82,1345.061572
2026-09-11T05:55:06.896Z,BNB,1.2252,975000,716.1,1345.061572
2026-09-11T05:55:06.896Z,XRP,1.3183,1838,1.3487,1345.061572
2026-09-11T05:55:06.896Z,ADA,1.3745,285.8,0.2096,1345.061572
2026-09-11T05:55:06.896Z,AVAX,2.8463,10400,7.518,1345.061572
2026-09-11T05:55:06.896Z,DOT,0.0539,1549,1.151,1345.061572
2026-09-11T05:55:06.896Z,LINK,1.1327,15740,11.571,1345.061572
2026-09-11T05:55:06.896Z,POL,0.6494,125.7,0.09285,1345.061572
2026-09-11T05:55:06.896Z,DOGE,1.2684,114.5,0.08406,1345.061572
2026-09-11T05:55:06.896Z,TRX,1.4079,462.3,0.33893,1345.061572
2026-09-11T05:55:06.896Z,XLM,1.1184,239.8,0.17631,1345.061572
2026-09-11T05:55:06.896Z,SHIB,2.0036,0.007,0.000005102,1345.061572
2026-09-11T05:55:06.896Z,BCH,1.7505,310400,226.8,1345.061572
2026-09-11T05:55:06.896Z,UNI,1.4414,8390,6.149,1345.061572
2026-09-11T05:55:06.896Z,AAVE,0.4139,166600,123.35,1345.061572
2026-09-11T05:55:06.896Z,SUSHI,-0.5541,292,0.2183,1345.061572
2026-09-11T05:55:06.896Z,LDO,-20.4189,399.8,0.3735,1345.061572
2026-09-11T05:55:06.896Z,ICP,0.9001,3777,2.783,1345.061572
2026-09-11T05:55:06.896Z,NEAR,0.95,3343,2.462,1345.061572
2026-09-11T05:55:06.896Z,HBAR,1.3854,103,0.07553,1345.061572
2026-09-11T05:55:06.896Z,XTZ,-1.2689,348.2,0.2622,1345.061572
2026-09-11T05:55:06.896Z,DYDX,-3.3424,149.2,0.11476,1345.061572
2026-09-11T05:55:06.896Z,ARB,2.4974,202.4,0.14681,1345.061572
2026-09-11T05:55:06.896Z,GMX,0.4195,10160,7.522,1345.061572
2026-09-11T05:55:06.896Z,IMX,0.9454,163.3,0.12027,1345.061572
2026-09-11T05:55:06.896Z,INJ,-2.0294,7900,5.995,1345.061572
2026-09-11T05:55:06.896Z,GRT,12.3516,26.99,0.01786,1345.061572
2026-09-11T05:55:06.896Z,SUI,1.0704,1006,0.74,1345.061572
2026-09-11T05:55:06.896Z,HYPE,1.1967,108600,79.785,1345.061572
2026-09-11T06:00:06.542Z,BTC,1.2355,105155000,77224.5,1345.061572
2026-09-11T06:00:06.542Z,ETH,1.2054,3359000,2467.54,1345.061572
2026-09-11T06:00:06.542Z,SOL,1.2625,136000,99.85,1345.061572
2026-09-11T06:00:06.542Z,BNB,1.197,975000,716.3,1345.061572
2026-09-11T06:00:06.542Z,XRP,1.2707,1837,1.3486,1345.061572
2026-09-11T06:00:06.542Z,ADA,1.4229,285.8,0.2095,1345.061572
2026-09-11T06:00:06.542Z,AVAX,2.8053,10400,7.521,1345.061572
2026-09-11T06:00:06.542Z,DOT,0.3591,1549,1.1475,1345.061572
2026-09-11T06:00:06.542Z,LINK,1.0978,15740,11.575,1345.061572
2026-09-11T06:00:06.542Z,POL,0.9538,125.7,0.09257,1345.061572
2026-09-11T06:00:06.542Z,DOGE,1.2925,114.5,0.08404,1345.061572
2026-09-11T06:00:06.542Z,TRX,1.4468,462.3,0.3388,1345.061572
2026-09-11T06:00:06.542Z,XLM,1.1872,239.8,0.17619,1345.061572
2026-09-11T06:00:06.542Z,SHIB,2.0036,0.007,0.000005102,1345.061572
2026-09-11T06:00:06.542Z,BCH,1.6161,310400,227.1,1345.061572
2026-09-11T06:00:06.542Z,UNI,1.2274,8390,6.162,1345.061572
2026-09-11T06:00:06.542Z,AAVE,0.3244,166600,123.46,1345.061572
2026-09-11T06:00:06.542Z,SUSHI,-0.5085,292,0.2182,1345.061572
2026-09-11T06:00:06.542Z,LDO,-20.4402,399.8,0.3736,1345.061572
2026-09-11T06:00:06.542Z,ICP,0.8639,3777,2.784,1345.061572
2026-09-11T06:00:06.542Z,NEAR,0.6638,3343,2.469,1345.061572
2026-09-11T06:00:06.542Z,HBAR,1.4929,103,0.07545,1345.061572
2026-09-11T06:00:06.542Z,XTZ,-0.6627,348.2,0.2606,1345.061572
2026-09-11T06:00:06.542Z,DYDX,-3.2834,149.2,0.11469,1345.061572
2026-09-11T06:00:06.542Z,ARB,2.4346,202.4,0.1469,1345.061572
2026-09-11T06:00:06.542Z,GMX,0.3528,10160,7.527,1345.061572
2026-09-11T06:00:06.542Z,IMX,0.937,163.3,0.12028,1345.061572
2026-09-11T06:00:06.542Z,INJ,-1.8329,7900,5.983,1345.061572
2026-09-11T06:00:06.542Z,GRT,12.2887,26.99,0.01787,1345.061572
2026-09-11T06:00:06.542Z,SUI,1.0841,1006,0.7399,1345.061572
2026-09-11T06:00:06.542Z,HYPE,1.1752,108600,79.802,1345.061572
2026-09-11T06:05:06.903Z,BTC,1.3081,105236000,77228.6,1345.061572
2026-09-11T06:05:06.903Z,ETH,1.2918,3360000,2466.17,1345.061572
2026-09-11T06:05:06.903Z,SOL,1.3031,136000,99.81,1345.061572
2026-09-11T06:05:06.903Z,BNB,1.2111,975000,716.2,1345.061572
2026-09-11T06:05:06.903Z,XRP,1.3509,1839,1.349,1345.061572
2026-09-11T06:05:06.903Z,ADA,1.5198,285.8,0.2093,1345.061572
2026-09-11T06:05:06.903Z,AVAX,2.819,10400,7.52,1345.061572
2026-09-11T06:05:06.903Z,DOT,1.0548,1549,1.1396,1345.061572
2026-09-11T06:05:06.903Z,LINK,1.1065,15740,11.574,1345.061572
2026-09-11T06:05:06.903Z,POL,0.7797,125.7,0.09273,1345.061572
2026-09-11T06:05:06.903Z,DOGE,1.2804,114.5,0.08405,1345.061572
2026-09-11T06:05:06.903Z,TRX,1.4857,462.3,0.33867,1345.061572
2026-09-11T06:05:06.903Z,XLM,1.1987,239.8,0.17617,1345.061572
2026-09-11T06:05:06.903Z,SHIB,2.0036,0.007,0.000005102,1345.061572
2026-09-11T06:05:06.903Z,BCH,1.7056,310400,226.9,1345.061572
2026-09-11T06:05:06.903Z,UNI,1.4249,8390,6.15,1345.061572
2026-09-11T06:05:06.903Z,AAVE,0.4709,166600,123.28,1345.061572
2026-09-11T06:05:06.903Z,SUSHI,-0.4172,292,0.218,1345.061572
2026-09-11T06:05:06.903Z,LDO,-20.3336,399.8,0.3731,1345.061572
2026-09-11T06:05:06.903Z,ICP,0.7915,3777,2.786,1345.061572
2026-09-11T06:05:06.903Z,NEAR,0.9944,3373,2.483,1345.061572
2026-09-11T06:05:06.903Z,HBAR,1.5468,103,0.07541,1345.061572
2026-09-11T06:05:06.903Z,XTZ,-0.777,348.2,0.2609,1345.061572
2026-09-11T06:05:06.903Z,DYDX,-3.2412,149.2,0.11464,1345.061572
2026-09-11T06:05:06.903Z,ARB,2.8687,202.4,0.14628,1345.061572
2026-09-11T06:05:06.903Z,GMX,0.3128,10160,7.53,1345.061572
2026-09-11T06:05:06.903Z,IMX,0.9538,163.3,0.12026,1345.061572
2026-09-11T06:05:06.903Z,INJ,-2.1926,7900,6.005,1345.061572
2026-09-11T06:05:06.903Z,GRT,12.3516,26.99,0.01786,1345.061572
2026-09-11T06:05:06.903Z,SUI,1.1114,1006,0.7397,1345.061572
2026-09-11T06:05:06.903Z,HYPE,1.2234,108600,79.764,1345.061572
2026-09-11T06:10:06.900Z,BTC,1.2517,105201000,77245.9,1345.061572
2026-09-11T06:10:06.900Z,ETH,1.2556,3360000,2467.05,1345.061572
2026-09-11T06:10:06.900Z,SOL,1.1642,135800,99.8,1345.061572
2026-09-11T06:10:06.900Z,BNB,1.2252,975000,716.1,1345.061572
2026-09-11T06:10:06.900Z,XRP,1.2833,1839,1.3499,1345.061572
2026-09-11T06:10:06.900Z,ADA,1.4713,285.8,0.2094,1345.061572
2026-09-11T06:10:06.900Z,AVAX,2.6688,10400,7.531,1345.061572
2026-09-11T06:10:06.900Z,DOT,0.0887,1549,1.1506,1345.061572
2026-09-11T06:10:06.900Z,LINK,1.0716,15740,11.578,1345.061572
2026-09-11T06:10:06.900Z,POL,0.6494,125.7,0.09285,1345.061572
2026-09-11T06:10:06.900Z,DOGE,1.3287,114.5,0.08401,1345.061572
2026-09-11T06:10:06.900Z,TRX,1.371,461.9,0.33876,1345.061572
2026-09-11T06:10:06.900Z,XLM,1.3196,240.1,0.17618,1345.061572
2026-09-11T06:10:06.900Z,SHIB,1.9836,0.007,0.000005103,1345.061572
2026-09-11T06:10:06.900Z,BCH,1.5713,310400,227.2,1345.061572
2026-09-11T06:10:06.900Z,UNI,1.3096,8390,6.157,1345.061572
2026-09-11T06:10:06.900Z,AAVE,0.4464,166600,123.31,1345.061572
2026-09-11T06:10:06.900Z,SUSHI,0.0417,292,0.217,1345.061572
2026-09-11T06:10:06.900Z,LDO,-20.1409,399.8,0.3722,1345.061572
2026-09-11T06:10:06.900Z,ICP,0.683,3777,2.789,1345.061572
2026-09-11T06:10:06.900Z,NEAR,0.832,3373,2.487,1345.061572
2026-09-11T06:10:06.900Z,HBAR,1.5737,103,0.07539,1345.061572
2026-09-11T06:10:06.900Z,XTZ,-0.6246,348.2,0.2605,1345.061572
2026-09-11T06:10:06.900Z,DYDX,-3.2496,149.2,0.11465,1345.061572
2026-09-11T06:10:06.900Z,ARB,2.9955,202.4,0.1461,1345.061572
2026-09-11T06:10:06.900Z,GMX,0.2064,10160,7.538,1345.061572
2026-09-11T06:10:06.900Z,IMX,1.0379,163.3,0.12016,1345.061572
2026-09-11T06:10:06.900Z,INJ,-2.1274,7900,6.001,1345.061572
2026-09-11T06:10:06.900Z,GRT,12.3516,26.99,0.01786,1345.061572
2026-09-11T06:10:06.900Z,SUI,1.0841,1006,0.7399,1345.061572
2026-09-11T06:10:06.900Z,HYPE,1.2119,108600,79.773,1345.061572
2026-09-11T06:15:06.880Z,BTC,1.2276,105320000,77351.7,1345.061572
2026-09-11T06:15:06.880Z,ETH,1.3318,3364000,2468.13,1345.061572
2026-09-11T06:15:06.880Z,SOL,1.2321,136000,99.88,1345.061572
2026-09-11T06:15:06.880Z,BNB,1.2111,975000,716.2,1345.061572
2026-09-11T06:15:06.880Z,XRP,1.3434,1842,1.3513,1345.061572
2026-09-11T06:15:06.880Z,ADA,1.4229,285.8,0.2095,1345.061572
2026-09-11T06:15:06.880Z,AVAX,2.7097,10400,7.528,1345.061572
2026-09-11T06:15:06.880Z,DOT,1.261,1573,1.1549,1345.061572
2026-09-11T06:15:06.880Z,LINK,1.0367,15740,11.582,1345.061572
2026-09-11T06:15:06.880Z,POL,0.4331,125.7,0.09305,1345.061572
2026-09-11T06:15:06.880Z,DOGE,1.3207,114.6,0.08409,1345.061572
2026-09-11T06:15:06.880Z,TRX,1.2753,461.9,0.33908,1345.061572
2026-09-11T06:15:06.880Z,XLM,1.1932,240.1,0.1764,1345.061572
2026-09-11T06:15:06.880Z,SHIB,1.9836,0.007,0.000005103,1345.061572
2026-09-11T06:15:06.880Z,BCH,1.5713,310400,227.2,1345.061572
2026-09-11T06:15:06.880Z,UNI,0.5583,8390,6.203,1345.061572
2026-09-11T06:15:06.880Z,AAVE,0.3894,166600,123.38,1345.061572
2026-09-11T06:15:06.880Z,SUSHI,0.0417,292,0.217,1345.061572
2026-09-11T06:15:06.880Z,LDO,-20.098,399.8,0.372,1345.061572
2026-09-11T06:15:06.880Z,ICP,0.7191,3777,2.788,1345.061572
2026-09-11T06:15:06.880Z,NEAR,0.6701,3373,2.491,1345.061572
2026-09-11T06:15:06.880Z,HBAR,1.5737,103,0.07539,1345.061572
2026-09-11T06:15:06.880Z,XTZ,-0.5482,348.2,0.2603,1345.061572
2026-09-11T06:15:06.880Z,DYDX,-3.5944,149.2,0.11506,1345.061572
2026-09-11T06:15:06.880Z,ARB,3.172,202.4,0.14585,1345.061572
2026-09-11T06:15:06.880Z,GMX,0.14,10160,7.543,1345.061572
2026-09-11T06:15:06.880Z,IMX,0.8951,163.3,0.12033,1345.061572
2026-09-11T06:15:06.880Z,INJ,-2.111,7900,6,1345.061572
2026-09-11T06:15:06.880Z,GRT,12.2887,26.99,0.01787,1345.061572
2026-09-11T06:15:06.880Z,SUI,1.1114,1006,0.7397,1345.061572
2026-09-11T06:15:06.880Z,HYPE,1.1295,108600,79.838,1345.061572
2026-09-11T06:20:06.849Z,BTC,1.3688,105375000,77284.3,1345.061572
2026-09-11T06:20:06.849Z,ETH,1.4211,3365000,2466.69,1345.061572
2026-09-11T06:20:06.849Z,SOL,1.2726,136000,99.84,1345.061572
2026-09-11T06:20:06.849Z,BNB,1.2394,975000,716,1345.061572
2026-09-11T06:20:06.849Z,XRP,1.366,1842,1.351,1345.061572
2026-09-11T06:20:06.849Z,ADA,1.6169,285.8,0.2091,1345.061572
2026-09-11T06:20:06.849Z,AVAX,2.737,10400,7.526,1345.061572
2026-09-11T06:20:06.849Z,DOT,1.1734,1573,1.1559,1345.061572
2026-09-11T06:20:06.849Z,LINK,1.124,15740,11.572,1345.061572
2026-09-11T06:20:06.849Z,POL,0.4439,125.7,0.09304,1345.061572
2026-09-11T06:20:06.849Z,DOGE,1.2804,114.5,0.08405,1345.061572
2026-09-11T06:20:06.849Z,TRX,1.3022,461.9,0.33899,1345.061572
2026-09-11T06:20:06.849Z,XLM,1.3599,240.7,0.17655,1345.061572
2026-09-11T06:20:06.849Z,SHIB,2.0036,0.007,0.000005102,1345.061572
2026-09-11T06:20:06.849Z,BCH,1.5713,310400,227.2,1345.061572
2026-09-11T06:20:06.849Z,UNI,0.6557,8390,6.197,1345.061572
2026-09-11T06:20:06.849Z,AAVE,0.3813,166600,123.39,1345.061572
2026-09-11T06:20:06.849Z,SUSHI,-0.0504,292,0.2172,1345.061572
2026-09-11T06:20:06.849Z,LDO,-19.9474,399.8,0.3713,1345.061572
2026-09-11T06:20:06.849Z,ICP,1.009,3777,2.78,1345.061572
2026-09-11T06:20:06.849Z,NEAR,0.9538,3373,2.484,1345.061572
2026-09-11T06:20:06.849Z,HBAR,1.8303,103,0.0752,1345.061572
2026-09-11T06:20:06.849Z,XTZ,0.1055,348.2,0.2586,1345.061572
2026-09-11T06:20:06.849Z,DYDX,-3.5776,149.2,0.11504,1345.061572
2026-09-11T06:20:06.849Z,ARB,3.1155,202.4,0.14593,1345.061572
2026-09-11T06:20:06.849Z,GMX,0.2862,10160,7.532,1345.061572
2026-09-11T06:20:06.849Z,IMX,0.9706,163.3,0.12024,1345.061572
2026-09-11T06:20:06.849Z,INJ,-1.9313,7900,5.989,1345.061572
2026-09-11T06:20:06.849Z,GRT,12.5406,26.99,0.01783,1345.061572
2026-09-11T06:20:06.849Z,SUI,1.1935,1006,0.7391,1345.061572
2026-09-11T06:20:06.849Z,HYPE,1.1498,108600,79.822,1345.061572
2026-09-11T06:25:07.091Z,BTC,1.3419,105281000,77235.8,1345.061572
2026-09-11T06:25:07.091Z,ETH,1.3845,3362000,2465.38,1345.061572
2026-09-11T06:25:07.091Z,SOL,1.52,136100,99.67,1345.061572
2026-09-11T06:25:07.091Z,BNB,1.381,975000,715,1345.061572
2026-09-11T06:25:07.091Z,XRP,1.376,1840,1.3494,1345.061572
2026-09-11T06:25:07.091Z,ADA,1.8605,285.8,0.2086,1345.061572
2026-09-11T06:25:07.091Z,AVAX,2.819,10400,7.52,1345.061572
2026-09-11T06:25:07.091Z,DOT,1.2873,1573,1.1546,1345.061572
2026-09-11T06:25:07.091Z,LINK,1.4571,15740,11.534,1345.061572
2026-09-11T06:25:07.091Z,POL,0.6602,125.7,0.09284,1345.061572
2026-09-11T06:25:07.091Z,DOGE,1.4373,114.5,0.08392,1345.061572
2026-09-11T06:25:07.091Z,TRX,1.371,461.9,0.33876,1345.061572
2026-09-11T06:25:07.091Z,XLM,1.5382,240.7,0.17624,1345.061572
2026-09-11T06:25:07.091Z,SHIB,2.224,0.007,0.000005091,1345.061572
2026-09-11T06:25:07.091Z,BCH,1.7056,310400,226.9,1345.061572
2026-09-11T06:25:07.091Z,UNI,1.1125,8390,6.169,1345.061572
2026-09-11T06:25:07.091Z,AAVE,0.5769,166600,123.15,1345.061572
2026-09-11T06:25:07.091Z,SUSHI,0.2264,292,0.2166,1345.061572
2026-09-11T06:25:07.091Z,LDO,-19.7962,399.8,0.3706,1345.061572
2026-09-11T06:25:07.091Z,ICP,1.4469,3777,2.768,1345.061572
2026-09-11T06:25:07.091Z,NEAR,1.4301,3378,2.476,1345.061572
2026-09-11T06:25:07.091Z,HBAR,1.7461,102.6,0.07497,1345.061572
2026-09-11T06:25:07.091Z,XTZ,0.2995,348.2,0.2581,1345.061572
2026-09-11T06:25:07.091Z,DYDX,-3.2749,149.2,0.11468,1345.061572
2026-09-11T06:25:07.091Z,ARB,3.6839,202.4,0.14513,1345.061572
2026-09-11T06:25:07.091Z,GMX,0.3795,10160,7.525,1345.061572
2026-09-11T06:25:07.091Z,IMX,1.1726,163.3,0.12,1345.061572
2026-09-11T06:25:07.091Z,INJ,-1.9149,7900,5.988,1345.061572
2026-09-11T06:25:07.091Z,GRT,12.6038,26.99,0.01782,1345.061572
2026-09-11T06:25:07.091Z,SUI,1.4726,1007,0.7378,1345.061572
2026-09-11T06:25:07.091Z,HYPE,1.3784,108600,79.642,1345.061572
2026-09-11T06:30:07.050Z,BTC,1.3443,105272000,77227.4,1345.061572
2026-09-11T06:30:07.050Z,ETH,1.4365,3363000,2464.85,1345.061572
2026-09-11T06:30:07.050Z,SOL,1.52,136100,99.67,1345.061572
2026-09-11T06:30:07.050Z,BNB,1.4519,975000,714.5,1345.061572
2026-09-11T06:30:07.050Z,XRP,1.3234,1840,1.3501,1345.061572
2026-09-11T06:30:07.050Z,ADA,1.9582,285.8,0.2084,1345.061572
2026-09-11T06:30:07.050Z,AVAX,2.8463,10400,7.518,1345.061572
2026-09-11T06:30:07.050Z,DOT,1.0423,1573,1.1574,1345.061572
2026-09-11T06:30:07.050Z,LINK,1.4983,15730,11.522,1345.061572
2026-09-11T06:30:07.050Z,POL,0.8558,125.7,0.09266,1345.061572
2026-09-11T06:30:07.050Z,DOGE,1.4132,114.5,0.08394,1345.061572
2026-09-11T06:30:07.050Z,TRX,1.2563,461.5,0.33885,1345.061572
2026-09-11T06:30:07.050Z,XLM,1.5287,240.5,0.17611,1345.061572
2026-09-11T06:30:07.050Z,SHIB,2.3647,0.007,0.000005084,1345.061572
2026-09-11T06:30:07.050Z,BCH,1.8403,310400,226.6,1345.061572
2026-09-11T06:30:07.050Z,UNI,1.211,8390,6.163,1345.061572
2026-09-11T06:30:07.050Z,AAVE,0.5361,166600,123.2,1345.061572
2026-09-11T06:30:07.050Z,SUSHI,0.5048,292,0.216,1345.061572
2026-09-11T06:30:07.050Z,LDO,-19.7312,399.8,0.3703,1345.061572
2026-09-11T06:30:07.050Z,ICP,1.4275,3764,2.759,1345.061572
2026-09-11T06:30:07.050Z,NEAR,1.441,3377,2.475,1345.061572
2026-09-11T06:30:07.050Z,HBAR,1.8507,102.5,0.07482,1345.061572
2026-09-11T06:30:07.050Z,XTZ,0.4162,348.2,0.2578,1345.061572
2026-09-11T06:30:07.050Z,DYDX,-3.2074,149.2,0.1146,1345.061572
2026-09-11T06:30:07.050Z,ARB,3.8341,202.4,0.14492,1345.061572
2026-09-11T06:30:07.050Z,GMX,0.4329,10160,7.521,1345.061572
2026-09-11T06:30:07.050Z,IMX,1.2992,163.3,0.11985,1345.061572
2026-09-11T06:30:07.050Z,INJ,-1.5202,7900,5.964,1345.061572
2026-09-11T06:30:07.050Z,GRT,12.7303,26.99,0.0178,1345.061572
2026-09-11T06:30:07.050Z,SUI,1.3855,1006,0.7377,1345.061572
2026-09-11T06:30:07.050Z,HYPE,1.4255,108600,79.605,1345.061572
2026-09-11T06:35:06.873Z,BTC,1.455,105272000,77143.1,1345.061572
2026-09-11T06:35:06.873Z,ETH,1.3919,3359000,2463,1345.061572
2026-09-11T06:35:06.873Z,SOL,1.4285,135800,99.54,1345.061572
2026-09-11T06:35:06.873Z,BNB,1.5372,975000,713.9,1345.061572
2026-09-11T06:35:06.873Z,XRP,1.3835,1840,1.3493,1345.061572
2026-09-11T06:35:06.873Z,ADA,2.1543,285.8,0.208,1345.061572
2026-09-11T06:35:06.873Z,AVAX,2.9696,10400,7.509,1345.061572
2026-09-11T06:35:06.873Z,DOT,0.9638,1573,1.1583,1345.061572
2026-09-11T06:35:06.873Z,LINK,1.4015,15700,11.511,1345.061572
2026-09-11T06:35:06.873Z,POL,0.9538,125.7,0.09257,1345.061572
2026-09-11T06:35:06.873Z,DOGE,1.4334,114.4,0.08385,1345.061572
2026-09-11T06:35:06.873Z,TRX,1.3011,461.5,0.3387,1345.061572
2026-09-11T06:35:06.873Z,XLM,1.3963,240.2,0.17612,1345.061572
2026-09-11T06:35:06.873Z,SHIB,2.5059,0.007,0.000005077,1345.061572
2026-09-11T06:35:06.873Z,BCH,1.9753,310400,226.3,1345.061572
2026-09-11T06:35:06.873Z,UNI,1.1946,8390,6.164,1345.061572
2026-09-11T06:35:06.873Z,AAVE,0.626,166600,123.09,1345.061572
2026-09-11T06:35:06.873Z,SUSHI,0.6446,292,0.2157,1345.061572
2026-09-11T06:35:06.873Z,LDO,-19.6444,399.8,0.3699,1345.061572
2026-09-11T06:35:06.873Z,ICP,1.5748,3764,2.755,1345.061572
2026-09-11T06:35:06.873Z,NEAR,0.8337,3350,2.47,1345.061572
2026-09-11T06:35:06.873Z,HBAR,1.7147,102.5,0.07492,1345.061572
2026-09-11T06:35:06.873Z,XTZ,0.4162,348.2,0.2578,1345.061572
2026-09-11T06:35:06.873Z,DYDX,-3.1483,149.2,0.11453,1345.061572
2026-09-11T06:35:06.873Z,ARB,4.0999,202.4,0.14455,1345.061572
2026-09-11T06:35:06.873Z,GMX,0.5934,10160,7.509,1345.061572
2026-09-11T06:35:06.873Z,IMX,1.3753,163.3,0.11976,1345.061572
2026-09-11T06:35:06.873Z,INJ,-1.1389,7900,5.941,1345.061572
2026-09-11T06:35:06.873Z,GRT,12.9842,26.99,0.01776,1345.061572
2026-09-11T06:35:06.873Z,SUI,1.5232,1006,0.7367,1345.061572
2026-09-11T06:35:06.873Z,HYPE,1.4838,108500,79.486,1345.061572
2026-09-11T06:40:06.866Z,BTC,1.336,105256000,77222,1345.061572
2026-09-11T06:40:06.866Z,ETH,1.2826,3359000,2465.66,1345.061572
2026-09-11T06:40:06.866Z,SOL,1.2962,135800,99.67,1345.061572
2026-09-11T06:40:06.866Z,BNB,1.4661,975000,714.4,1345.061572
2026-09-11T06:40:06.866Z,XRP,1.3334,1841,1.3507,1345.061572
2026-09-11T06:40:06.866Z,ADA,2.0562,285.8,0.2082,1345.061572
2026-09-11T06:40:06.866Z,AVAX,2.8874,10400,7.515,1345.061572
2026-09-11T06:40:06.866Z,DOT,0.9899,1573,1.158,1345.061572
2026-09-11T06:40:06.866Z,LINK,1.2783,15700,11.525,1345.061572
2026-09-11T06:40:06.866Z,POL,0.8014,125.7,0.09271,1345.061572
2026-09-11T06:40:06.866Z,DOGE,1.3487,114.4,0.08392,1345.061572
2026-09-11T06:40:06.866Z,TRX,1.5258,462.1,0.33839,1345.061572
2026-09-11T06:40:06.866Z,XLM,1.3158,240.2,0.17626,1345.061572
2026-09-11T06:40:06.866Z,SHIB,2.405,0.007,0.000005082,1345.061572
2026-09-11T06:40:06.866Z,BCH,1.533,309600,226.7,1345.061572
2026-09-11T06:40:06.866Z,UNI,1.1781,8390,6.165,1345.061572
2026-09-11T06:40:06.866Z,AAVE,0.5606,166600,123.17,1345.061572
2026-09-11T06:40:06.866Z,SUSHI,0.6913,292,0.2156,1345.061572
2026-09-11T06:40:06.866Z,LDO,-20.1409,399.8,0.3722,1345.061572
2026-09-11T06:40:06.866Z,ICP,1.224,3751,2.755,1345.061572
2026-09-11T06:40:06.866Z,NEAR,1.2314,3385,2.486,1345.061572
2026-09-11T06:40:06.866Z,HBAR,1.7012,102.5,0.07493,1345.061572
2026-09-11T06:40:06.866Z,XTZ,0.1055,348.2,0.2586,1345.061572
2026-09-11T06:40:06.866Z,DYDX,-3.1398,149.2,0.11452,1345.061572
2026-09-11T06:40:06.866Z,ARB,3.9704,202.4,0.14473,1345.061572
2026-09-11T06:40:06.866Z,GMX,0.4997,10160,7.516,1345.061572
2026-09-11T06:40:06.866Z,IMX,1.4516,163.3,0.11967,1345.061572
2026-09-11T06:40:06.866Z,INJ,-1.4706,7900,5.961,1345.061572
2026-09-11T06:40:06.866Z,GRT,12.7937,26.99,0.01779,1345.061572
2026-09-11T06:40:06.866Z,SUI,1.4681,1006,0.7371,1345.061572
2026-09-11T06:40:06.866Z,HYPE,1.2507,108500,79.669,1345.061572
2026-09-11T06:45:06.511Z,BTC,1.3448,105256000,77215.3,1345.061572
2026-09-11T06:45:06.511Z,ETH,1.2912,3359000,2465.45,1345.061572
2026-09-11T06:45:06.511Z,SOL,1.286,135800,99.68,1345.061572
2026-09-11T06:45:06.511Z,BNB,1.4661,975000,714.4,1345.061572
2026-09-11T06:45:06.511Z,XRP,1.396,1842,1.3506,1345.061572
2026-09-11T06:45:06.511Z,ADA,2.1543,285.8,0.208,1345.061572
2026-09-11T06:45:06.511Z,AVAX,2.9148,10400,7.513,1345.061572
2026-09-11T06:45:06.511Z,DOT,1.2084,1573,1.1555,1345.061572
2026-09-11T06:45:06.511Z,LINK,1.3839,15700,11.513,1345.061572
2026-09-11T06:45:06.511Z,POL,1.0412,125.7,0.09249,1345.061572
2026-09-11T06:45:06.511Z,DOGE,1.3971,114.4,0.08388,1345.061572
2026-09-11T06:45:06.511Z,TRX,1.5138,462.1,0.33843,1345.061572
2026-09-11T06:45:06.511Z,XLM,1.3733,240.2,0.17616,1345.061572
2026-09-11T06:45:06.511Z,SHIB,2.5059,0.007,0.000005077,1345.061572
2026-09-11T06:45:06.511Z,BCH,1.5778,309600,226.6,1345.061572
2026-09-11T06:45:06.511Z,UNI,1.3261,8390,6.156,1345.061572
2026-09-11T06:45:06.511Z,AAVE,0.5688,166600,123.16,1345.061572
2026-09-11T06:45:06.511Z,SUSHI,1.0663,292,0.2148,1345.061572
2026-09-11T06:45:06.511Z,LDO,-20.0335,399.8,0.3717,1345.061572
2026-09-11T06:45:06.511Z,ICP,1.3343,3751,2.752,1345.061572
2026-09-11T06:45:06.511Z,NEAR,1.5582,3385,2.478,1345.061572
2026-09-11T06:45:06.511Z,HBAR,1.7283,102.5,0.07491,1345.061572
2026-09-11T06:45:06.511Z,XTZ,0.2218,348.2,0.2583,1345.061572
2026-09-11T06:45:06.511Z,DYDX,-3.0128,149.2,0.11437,1345.061572
2026-09-11T06:45:06.511Z,ARB,4.1431,202.4,0.14449,1345.061572
2026-09-11T06:45:06.511Z,GMX,0.7141,10160,7.5,1345.061572
2026-09-11T06:45:06.511Z,IMX,1.6299,163.3,0.11946,1345.061572
2026-09-11T06:45:06.511Z,INJ,-1.2719,7900,5.949,1345.061572
2026-09-11T06:45:06.511Z,GRT,12.9206,26.99,0.01777,1345.061572
2026-09-11T06:45:06.511Z,SUI,1.5369,1006,0.7366,1345.061572
2026-09-11T06:45:06.511Z,HYPE,1.1974,108500,79.711,1345.061572
2026-09-11T06:50:07.041Z,BTC,1.3472,105306000,77250.1,1345.061572
2026-09-11T06:50:07.041Z,ETH,1.3673,3362000,2465.8,1345.061572
2026-09-11T06:50:07.041Z,SOL,1.2251,135800,99.74,1345.061572
2026-09-11T06:50:07.041Z,BNB,1.4235,975000,714.7,1345.061572
2026-09-11T06:50:07.041Z,XRP,1.2985,1842,1.3519,1345.061572
2026-09-11T06:50:07.041Z,ADA,2.0072,285.8,0.2083,1345.061572
2026-09-11T06:50:07.041Z,AVAX,2.8053,10400,7.521,1345.061572
2026-09-11T06:50:07.041Z,DOT,1.0859,1573,1.1569,1345.061572
2026-09-11T06:50:07.041Z,LINK,1.3575,15700,11.516,1345.061572
2026-09-11T06:50:07.041Z,POL,1.0084,125.7,0.09252,1345.061572
2026-09-11T06:50:07.041Z,DOGE,1.3125,114.4,0.08395,1345.061572
2026-09-11T06:50:07.041Z,TRX,1.4478,462.1,0.33865,1345.061572
2026-09-11T06:50:07.041Z,XLM,1.4308,240.5,0.17628,1345.061572
2026-09-11T06:50:07.041Z,SHIB,2.4453,0.007,0.00000508,1345.061572
2026-09-11T06:50:07.041Z,BCH,1.5778,309600,226.6,1345.061572
2026-09-11T06:50:07.041Z,UNI,1.2438,8390,6.161,1345.061572
2026-09-11T06:50:07.041Z,AAVE,0.5361,166600,123.2,1345.061572
2026-09-11T06:50:07.041Z,SUSHI,0.6913,292,0.2156,1345.061572
2026-09-11T06:50:07.041Z,LDO,-20.1409,399.8,0.3722,1345.061572
2026-09-11T06:50:07.041Z,ICP,1.0772,3751,2.759,1345.061572
2026-09-11T06:50:07.041Z,NEAR,1.1907,3385,2.487,1345.061572
2026-09-11T06:50:07.041Z,HBAR,1.5386,102.5,0.07505,1345.061572
2026-09-11T06:50:07.041Z,XTZ,0.2218,348.2,0.2583,1345.061572
2026-09-11T06:50:07.041Z,DYDX,-3.1144,149.2,0.11449,1345.061572
2026-09-11T06:50:07.041Z,ARB,3.6839,202.4,0.14513,1345.061572
2026-09-11T06:50:07.041Z,GMX,0.7141,10160,7.5,1345.061572
2026-09-11T06:50:07.041Z,IMX,1.477,163.3,0.11964,1345.061572
2026-09-11T06:50:07.041Z,INJ,-1.4871,7900,5.962,1345.061572
2026-09-11T06:50:07.041Z,GRT,13.0479,26.99,0.01775,1345.061572
2026-09-11T06:50:07.041Z,SUI,1.4543,1006,0.7372,1345.061572
2026-09-11T06:50:07.041Z,HYPE,1.0098,108500,79.859,1345.061572
2026-09-11T06:55:07.190Z,BTC,1.3624,105308000,77240,1345.061572
2026-09-11T06:55:07.190Z,ETH,1.3673,3362000,2465.8,1345.061572
2026-09-11T06:55:07.190Z,SOL,1.2556,135800,99.71,1345.061572
2026-09-11T06:55:07.190Z,BNB,1.4235,975000,714.7,1345.061572
2026-09-11T06:55:07.190Z,XRP,1.3685,1843,1.3517,1345.061572
2026-09-11T06:55:07.190Z,ADA,2.0072,285.8,0.2083,1345.061572
2026-09-11T06:55:07.190Z,AVAX,2.9011,10400,7.514,1345.061572
2026-09-11T06:55:07.190Z,DOT,1.6483,1573,1.1505,1345.061572
2026-09-11T06:55:07.190Z,LINK,1.3575,15700,11.516,1345.061572
2026-09-11T06:55:07.190Z,POL,1.0958,125.7,0.09244,1345.061572
2026-09-11T06:55:07.190Z,DOGE,1.3367,114.4,0.08393,1345.061572
2026-09-11T06:55:07.190Z,TRX,1.4299,462.1,0.33871,1345.061572
2026-09-11T06:55:07.190Z,XLM,1.4366,240.5,0.17627,1345.061572
2026-09-11T06:55:07.190Z,SHIB,0.9222,0.0069,0.000005083,1345.061572
2026-09-11T06:55:07.190Z,BCH,1.6227,309600,226.5,1345.061572
2026-09-11T06:55:07.190Z,UNI,1.359,8390,6.154,1345.061572
2026-09-11T06:55:07.190Z,AAVE,0.6096,166600,123.11,1345.061572
2026-09-11T06:55:07.190Z,SUSHI,0.738,292,0.2155,1345.061572
2026-09-11T06:55:07.190Z,LDO,-20.012,399.8,0.3716,1345.061572
2026-09-11T06:55:07.190Z,ICP,1.224,3751,2.755,1345.061572
2026-09-11T06:55:07.190Z,NEAR,1.3946,3385,2.482,1345.061572
2026-09-11T06:55:07.190Z,HBAR,2.3547,103.2,0.07496,1345.061572
2026-09-11T06:55:07.190Z,XTZ,0.5722,348.2,0.2574,1345.061572
2026-09-11T06:55:07.190Z,DYDX,-2.9619,149.2,0.11431,1345.061572
2026-09-11T06:55:07.190Z,ARB,3.9058,202.4,0.14482,1345.061572
2026-09-11T06:55:07.190Z,GMX,0.6068,10160,7.508,1345.061572
2026-09-11T06:55:07.190Z,IMX,1.4855,163.3,0.11963,1345.061572
2026-09-11T06:55:07.190Z,INJ,-1.421,7900,5.958,1345.061572
2026-09-11T06:55:07.190Z,GRT,13.0479,26.99,0.01775,1345.061572
2026-09-11T06:55:07.190Z,SUI,1.5645,1006,0.7364,1345.061572
2026-09-11T06:55:07.190Z,HYPE,0.9125,108500,79.936,1345.061572
2026-09-11T07:00:07.080Z,BTC,1.3577,105321000,77253.1,1345.061572
2026-09-11T07:00:07.080Z,ETH,1.38,3362000,2465.49,1345.061572
2026-09-11T07:00:07.080Z,SOL,1.3437,136000,99.77,1345.061572
2026-09-11T07:00:07.080Z,BNB,1.4235,975000,714.7,1345.061572
2026-09-11T07:00:07.080Z,XRP,1.371,1844,1.3524,1345.061572
2026-09-11T07:00:07.080Z,ADA,1.9582,285.8,0.2084,1345.061572
2026-09-11T07:00:07.080Z,AVAX,2.86,10400,7.517,1345.061572
2026-09-11T07:00:07.080Z,DOT,1.5159,1573,1.152,1345.061572
2026-09-11T07:00:07.080Z,LINK,1.3399,15700,11.518,1345.061572
2026-09-11T07:00:07.080Z,POL,0.9429,125.7,0.09258,1345.061572
2026-09-11T07:00:07.080Z,DOGE,1.3125,114.4,0.08395,1345.061572
2026-09-11T07:00:07.080Z,TRX,1.4508,462.1,0.33864,1345.061572
2026-09-11T07:00:07.080Z,XLM,1.3771,240.7,0.17652,1345.061572
2026-09-11T07:00:07.080Z,SHIB,0.9024,0.0069,0.000005084,1345.061572
2026-09-11T07:00:07.080Z,BCH,1.5778,309600,226.6,1345.061572
2026-09-11T07:00:07.080Z,UNI,1.4084,8390,6.151,1345.061572
2026-09-11T07:00:07.080Z,AAVE,0.5769,166600,123.15,1345.061572
2026-09-11T07:00:07.080Z,SUSHI,0.738,292,0.2155,1345.061572
2026-09-11T07:00:07.080Z,LDO,-19.9689,399.8,0.3714,1345.061572
2026-09-11T07:00:07.080Z,ICP,1.3711,3751,2.751,1345.061572
2026-09-11T07:00:07.080Z,NEAR,1.5992,3385,2.477,1345.061572
2026-09-11T07:00:07.080Z,HBAR,2.2865,103.2,0.07501,1345.061572
2026-09-11T07:00:07.080Z,XTZ,0.6896,348.2,0.2571,1345.061572
2026-09-11T07:00:07.080Z,DYDX,-3.0636,149.2,0.11443,1345.061572
2026-09-11T07:00:07.080Z,ARB,3.9561,202.4,0.14475,1345.061572
2026-09-11T07:00:07.080Z,GMX,0.8351,10160,7.491,1345.061572
2026-09-11T07:00:07.080Z,IMX,1.5279,163.3,0.11958,1345.061572
2026-09-11T07:00:07.080Z,INJ,-1.4706,7900,5.961,1345.061572
2026-09-11T07:00:07.080Z,GRT,12.9842,26.99,0.01776,1345.061572
2026-09-11T07:00:07.080Z,SUI,1.5094,1006,0.7368,1345.061572
2026-09-11T07:00:07.080Z,HYPE,0.8949,108500,79.95,1345.061572
2026-09-11T07:05:07.107Z,BTC,1.3002,105304000,77284.5,1345.061572
2026-09-11T07:05:07.107Z,ETH,1.3393,3362000,2466.48,1345.061572
2026-09-11T07:05:07.107Z,SOL,1.2929,136000,99.82,1345.061572
2026-09-11T07:05:07.107Z,BNB,1.4093,975000,714.8,1345.061572
2026-09-11T07:05:07.107Z,XRP,1.2612,1845,1.3546,1345.061572
2026-09-11T07:05:07.107Z,ADA,1.7629,285.8,0.2088,1345.061572
2026-09-11T07:05:07.107Z,AVAX,2.7234,10400,7.527,1345.061572
2026-09-11T07:05:07.107Z,DOT,0.8245,1573,1.1599,1345.061572
2026-09-11T07:05:07.107Z,LINK,1.2783,15700,11.525,1345.061572
2026-09-11T07:05:07.107Z,POL,0.6602,125.7,0.09284,1345.061572
2026-09-11T07:05:07.107Z,DOGE,1.2763,114.4,0.08398,1345.061572
2026-09-11T07:05:07.107Z,TRX,1.4478,462.1,0.33865,1345.061572
2026-09-11T07:05:07.107Z,XLM,1.2835,240.9,0.17683,1345.061572
2026-09-11T07:05:07.107Z,SHIB,0.7636,0.0069,0.000005091,1345.061572
2026-09-11T07:05:07.107Z,BCH,1.4435,309600,226.9,1345.061572
2026-09-11T07:05:07.107Z,UNI,1.4084,8390,6.151,1345.061572
2026-09-11T07:05:07.107Z,AAVE,0.5851,166600,123.14,1345.061572
2026-09-11T07:05:07.107Z,SUSHI,0.598,292,0.2158,1345.061572
2026-09-11T07:05:07.107Z,LDO,-19.9689,399.8,0.3714,1345.061572
2026-09-11T07:05:07.107Z,ICP,1.1872,3751,2.756,1345.061572
2026-09-11T07:05:07.107Z,NEAR,1.2314,3385,2.486,1345.061572
2026-09-11T07:05:07.107Z,HBAR,2.2048,103.2,0.07507,1345.061572
2026-09-11T07:05:07.107Z,XTZ,0.3383,348.2,0.258,1345.061572
2026-09-11T07:05:07.107Z,DYDX,-3.3087,149.2,0.11472,1345.061572
2026-09-11T07:05:07.107Z,ARB,3.7983,202.4,0.14497,1345.061572
2026-09-11T07:05:07.107Z,GMX,0.5532,10160,7.512,1345.061572
2026-09-11T07:05:07.107Z,IMX,1.2992,163.3,0.11985,1345.061572
2026-09-11T07:05:07.107Z,INJ,-1.5202,7900,5.964,1345.061572
2026-09-11T07:05:07.107Z,GRT,12.7303,26.99,0.0178,1345.061572
2026-09-11T07:05:07.107Z,SUI,1.2757,1006,0.7385,1345.061572
2026-09-11T07:05:07.107Z,HYPE,0.7877,108500,80.035,1345.061572
2026-09-11T07:10:06.880Z,BTC,1.2895,105359000,77333,1345.061572
2026-09-11T07:10:06.880Z,ETH,1.3439,3365000,2468.57,1345.061572
2026-09-11T07:10:06.880Z,SOL,1.2118,136000,99.9,1345.061572
2026-09-11T07:10:06.880Z,BNB,1.3668,975000,715.1,1345.061572
2026-09-11T07:10:06.880Z,XRP,1.2539,1848,1.3569,1345.061572
2026-09-11T07:10:06.880Z,ADA,1.6169,285.8,0.2091,1345.061572
2026-09-11T07:10:06.880Z,AVAX,2.5735,10400,7.538,1345.061572
2026-09-11T07:10:06.880Z,DOT,0.9638,1573,1.1583,1345.061572
2026-09-11T07:10:06.880Z,LINK,1.1467,15700,11.54,1345.061572
2026-09-11T07:10:06.880Z,POL,0.3899,125.7,0.09309,1345.061572
2026-09-11T07:10:06.880Z,DOGE,1.18,114.4,0.08406,1345.061572
2026-09-11T07:10:06.880Z,TRX,1.4418,462.1,0.33867,1345.061572
2026-09-11T07:10:06.880Z,XLM,1.337,241,0.17681,1345.061572
2026-09-11T07:10:06.880Z,SHIB,0.645,0.0069,0.000005097,1345.061572
2026-09-11T07:10:06.880Z,BCH,1.4882,309600,226.8,1345.061572
2026-09-11T07:10:06.880Z,UNI,1.5405,8390,6.143,1345.061572
2026-09-11T07:10:06.880Z,AAVE,0.5688,166600,123.16,1345.061572
2026-09-11T07:10:06.880Z,SUSHI,0.6446,292,0.2157,1345.061572
2026-09-11T07:10:06.880Z,LDO,-19.9905,399.8,0.3715,1345.061572
2026-09-11T07:10:06.880Z,ICP,1.1138,3751,2.758,1345.061572
2026-09-11T07:10:06.880Z,NEAR,0.8259,3385,2.496,1345.061572
2026-09-11T07:10:06.880Z,HBAR,2.1231,103.2,0.07513,1345.061572
2026-09-11T07:10:06.880Z,XTZ,0.6504,348.2,0.2572,1345.061572
2026-09-11T07:10:06.880Z,DYDX,-3.5021,149.2,0.11495,1345.061572
2026-09-11T07:10:06.880Z,ARB,3.8341,202.4,0.14492,1345.061572
2026-09-11T07:10:06.880Z,GMX,0.4195,10160,7.522,1345.061572
2026-09-11T07:10:06.880Z,IMX,1.333,163.3,0.11981,1345.061572
2026-09-11T07:10:06.880Z,INJ,-1.7837,7900,5.98,1345.061572
2026-09-11T07:10:06.880Z,GRT,12.667,26.99,0.01781,1345.061572
2026-09-11T07:10:06.880Z,SUI,1.1388,1006,0.7395,1345.061572
2026-09-11T07:10:06.880Z,HYPE,0.7135,108500,80.094,1345.061572
2026-09-11T07:15:06.665Z,BTC,1.3675,105362000,77275.7,1345.061572
2026-09-11T07:15:06.665Z,ETH,1.3886,3365000,2467.48,1345.061572
2026-09-11T07:15:06.665Z,SOL,1.2929,136000,99.82,1345.061572
2026-09-11T07:15:06.665Z,BNB,1.4377,975000,714.6,1345.061572
2026-09-11T07:15:06.665Z,XRP,1.4009,1850,1.3564,1345.061572
2026-09-11T07:15:06.665Z,ADA,1.8117,285.8,0.2087,1345.061572
2026-09-11T07:15:06.665Z,AVAX,2.778,10400,7.523,1345.061572
2026-09-11T07:15:06.665Z,DOT,1.34,1573,1.154,1345.061572
2026-09-11T07:15:06.665Z,LINK,1.2256,15700,11.531,1345.061572
2026-09-11T07:15:06.665Z,POL,0.4763,125.7,0.09301,1345.061572
2026-09-11T07:15:06.665Z,DOGE,1.2643,114.4,0.08399,1345.061572
2026-09-11T07:15:06.665Z,TRX,1.4598,462.1,0.33861,1345.061572
2026-09-11T07:15:06.665Z,XLM,1.4517,241.3,0.17683,1345.061572
2026-09-11T07:15:06.665Z,SHIB,0.6845,0.0069,0.000005095,1345.061572
2026-09-11T07:15:06.665Z,BCH,1.6676,309600,226.4,1345.061572
2026-09-11T07:15:06.665Z,UNI,1.7558,8390,6.13,1345.061572
2026-09-11T07:15:06.665Z,AAVE,0.6587,166600,123.05,1345.061572
2026-09-11T07:15:06.665Z,SUSHI,0.6446,292,0.2157,1345.061572
2026-09-11T07:15:06.665Z,LDO,-19.861,399.8,0.3709,1345.061572
2026-09-11T07:15:06.665Z,ICP,1.224,3751,2.755,1345.061572
2026-09-11T07:15:06.665Z,NEAR,0.6645,3385,2.5,1345.061572
2026-09-11T07:15:06.665Z,HBAR,1.6376,102.6,0.07505,1345.061572
2026-09-11T07:15:06.665Z,XTZ,0.9645,348.2,0.2564,1345.061572
2026-09-11T07:15:06.665Z,DYDX,-3.6028,149.2,0.11507,1345.061572
2026-09-11T07:15:06.665Z,ARB,3.6839,202.4,0.14513,1345.061572
2026-09-11T07:15:06.665Z,GMX,0.3395,10160,7.528,1345.061572
2026-09-11T07:15:06.665Z,IMX,1.2992,163.3,0.11985,1345.061572
2026-09-11T07:15:06.665Z,INJ,-1.5367,7900,5.965,1345.061572
2026-09-11T07:15:06.665Z,GRT,12.667,26.99,0.01781,1345.061572
2026-09-11T07:15:06.665Z,SUI,1.0841,1006,0.7399,1345.061572
2026-09-11T07:15:06.665Z,HYPE,0.8507,108500,79.985,1345.061572
2026-09-11T07:20:06.888Z,BTC,1.3894,105408000,77292.8,1345.061572
2026-09-11T07:20:06.888Z,ETH,1.3673,3365000,2468,1345.061572
2026-09-11T07:20:06.888Z,SOL,1.3065,136100,99.88,1345.061572
2026-09-11T07:20:06.888Z,BNB,1.381,975000,715,1345.061572
2026-09-11T07:20:06.888Z,XRP,1.4233,1850,1.3561,1345.061572
2026-09-11T07:20:06.888Z,ADA,1.6655,285.8,0.209,1345.061572
2026-09-11T07:20:06.888Z,AVAX,2.6961,10400,7.529,1345.061572
2026-09-11T07:20:06.888Z,DOT,0.9115,1573,1.1589,1345.061572
2026-09-11T07:20:06.888Z,LINK,1.1818,15700,11.536,1345.061572
2026-09-11T07:20:06.888Z,POL,0.6602,125.7,0.09284,1345.061572
2026-09-11T07:20:06.888Z,DOGE,1.2402,114.4,0.08401,1345.061572
2026-09-11T07:20:06.888Z,TRX,1.4628,462.1,0.3386,1345.061572
2026-09-11T07:20:06.888Z,XLM,1.4115,241.3,0.1769,1345.061572
2026-09-11T07:20:06.888Z,SHIB,0.6648,0.0069,0.000005096,1345.061572
2026-09-11T07:20:06.888Z,BCH,1.6227,309600,226.5,1345.061572
2026-09-11T07:20:06.888Z,UNI,2.1558,8390,6.106,1345.061572
2026-09-11T07:20:06.888Z,AAVE,0.6096,166600,123.11,1345.061572
2026-09-11T07:20:06.888Z,SUSHI,0.4583,292,0.2161,1345.061572
2026-09-11T07:20:06.888Z,LDO,-20.055,399.8,0.3718,1345.061572
2026-09-11T07:20:06.888Z,ICP,1.2975,3751,2.753,1345.061572
2026-09-11T07:20:06.888Z,NEAR,1.6508,3425,2.505,1345.061572
2026-09-11T07:20:06.888Z,HBAR,2.2592,103.2,0.07503,1345.061572
2026-09-11T07:20:06.888Z,XTZ,1.0039,348.2,0.2563,1345.061572
2026-09-11T07:20:06.888Z,DYDX,-3.7283,149.2,0.11522,1345.061572
2026-09-11T07:20:06.888Z,ARB,3.5412,202.4,0.14533,1345.061572
2026-09-11T07:20:06.888Z,GMX,0.3262,10160,7.529,1345.061572
2026-09-11T07:20:06.888Z,IMX,1.1473,163.3,0.12003,1345.061572
2026-09-11T07:20:06.888Z,INJ,-1.5697,7900,5.967,1345.061572
2026-09-11T07:20:06.888Z,GRT,12.3516,26.99,0.01786,1345.061572
2026-09-11T07:20:06.888Z,SUI,1.0158,1006,0.7404,1345.061572
2026-09-11T07:20:06.888Z,HYPE,0.7575,108500,80.059,1345.061572
2026-09-11T07:25:06.849Z,BTC,1.3331,105383000,77317.4,1345.061572
2026-09-11T07:25:06.849Z,ETH,1.3187,3367000,2470.65,1345.061572
2026-09-11T07:25:06.849Z,SOL,1.3201,136200,99.94,1345.061572
2026-09-11T07:25:06.849Z,BNB,1.381,975000,715,1345.061572
2026-09-11T07:25:06.849Z,XRP,1.3411,1850,1.3572,1345.061572
2026-09-11T07:25:06.849Z,ADA,1.5683,285.8,0.2092,1345.061572
2026-09-11T07:25:06.849Z,AVAX,2.6552,10400,7.532,1345.061572
2026-09-11T07:25:06.849Z,DOT,1.8696,1573,1.148,1345.061572
2026-09-11T07:25:06.849Z,LINK,1.1029,15700,11.545,1345.061572
2026-09-11T07:25:06.849Z,POL,0.3791,125.7,0.0931,1345.061572
2026-09-11T07:25:06.849Z,DOGE,1.2804,114.5,0.08405,1345.061572
2026-09-11T07:25:06.849Z,TRX,1.4508,462.1,0.33864,1345.061572
2026-09-11T07:25:06.849Z,XLM,1.402,241.4,0.17699,1345.061572
2026-09-11T07:25:06.849Z,SHIB,0.6253,0.0069,0.000005098,1345.061572
2026-09-11T07:25:06.849Z,BCH,1.3542,309600,227.1,1345.061572
2026-09-11T07:25:06.849Z,UNI,1.8389,8390,6.125,1345.061572
2026-09-11T07:25:06.849Z,AAVE,0.5769,166600,123.15,1345.061572
2026-09-11T07:25:06.849Z,SUSHI,0.3654,292,0.2163,1345.061572
2026-09-11T07:25:06.849Z,LDO,-20.2052,399.8,0.3725,1345.061572
2026-09-11T07:25:06.849Z,ICP,1.004,3751,2.761,1345.061572
2026-09-11T07:25:06.849Z,NEAR,1.2491,3421,2.512,1345.061572
2026-09-11T07:25:06.849Z,HBAR,2.2729,103.2,0.07502,1345.061572
2026-09-11T07:25:06.849Z,XTZ,0.8465,348.2,0.2567,1345.061572
2026-09-11T07:25:06.849Z,DYDX,-3.77,149.2,0.11527,1345.061572
2026-09-11T07:25:06.849Z,ARB,3.5127,202.4,0.14537,1345.061572
2026-09-11T07:25:06.849Z,GMX,0.2596,10160,7.534,1345.061572
2026-09-11T07:25:06.849Z,IMX,1.0126,163.3,0.12019,1345.061572
2026-09-11T07:25:06.849Z,INJ,-1.8329,7900,5.983,1345.061572
2026-09-11T07:25:06.849Z,GRT,12.2887,26.99,0.01787,1345.061572
2026-09-11T07:25:06.849Z,SUI,1.0022,1006,0.7405,1345.061572
2026-09-11T07:25:06.849Z,HYPE,0.4739,108500,80.285,1345.061572
2026-09-11T07:30:07.087Z,BTC,1.3609,105382000,77295.4,1345.061572
2026-09-11T07:30:07.087Z,ETH,1.4494,3368000,2468.2,1345.061572
2026-09-11T07:30:07.087Z,SOL,1.4114,136200,99.85,1345.061572
2026-09-11T07:30:07.087Z,BNB,1.4519,975000,714.5,1345.061572
2026-09-11T07:30:07.087Z,XRP,1.4059,1849,1.3556,1345.061572
2026-09-11T07:30:07.087Z,ADA,1.7142,285.8,0.2089,1345.061572
2026-09-11T07:30:07.087Z,AVAX,2.7234,10400,7.527,1345.061572
2026-09-11T07:30:07.087Z,DOT,1.9673,1573,1.1469,1345.061572
2026-09-11T07:30:07.087Z,LINK,1.2608,15700,11.527,1345.061572
2026-09-11T07:30:07.087Z,POL,0.3037,125.7,0.09317,1345.061572
2026-09-11T07:30:07.087Z,DOGE,1.4494,114.5,0.08391,1345.061572
2026-09-11T07:30:07.087Z,TRX,1.2901,461.3,0.33859,1345.061572
2026-09-11T07:30:07.087Z,XLM,1.4307,241.1,0.17672,1345.061572
2026-09-11T07:30:07.087Z,SHIB,0.7043,0.0069,0.000005094,1345.061572
2026-09-11T07:30:07.087Z,BCH,1.3096,309600,227.2,1345.061572
2026-09-11T07:30:07.087Z,UNI,2.0555,8390,6.112,1345.061572
2026-09-11T07:30:07.087Z,AAVE,0.6505,166600,123.06,1345.061572
2026-09-11T07:30:07.087Z,SUSHI,0.5514,292,0.2159,1345.061572
2026-09-11T07:30:07.087Z,LDO,-20.055,399.8,0.3718,1345.061572
2026-09-11T07:30:07.087Z,ICP,1.1872,3751,2.756,1345.061572
2026-09-11T07:30:07.087Z,NEAR,1.3541,3430,2.516,1345.061572
2026-09-11T07:30:07.087Z,HBAR,2.3821,103.2,0.07494,1345.061572
2026-09-11T07:30:07.087Z,XTZ,0.8465,348.2,0.2567,1345.061572
2026-09-11T07:30:07.087Z,DYDX,-3.5693,149.2,0.11503,1345.061572
2026-09-11T07:30:07.087Z,ARB,3.6839,202.4,0.14513,1345.061572
2026-09-11T07:30:07.087Z,GMX,0.5666,10160,7.511,1345.061572
2026-09-11T07:30:07.087Z,IMX,1.0294,163.3,0.12017,1345.061572
2026-09-11T07:30:07.087Z,INJ,-1.8001,7900,5.981,1345.061572
2026-09-11T07:30:07.087Z,GRT,12.6038,26.99,0.01782,1345.061572
2026-09-11T07:30:07.087Z,SUI,1.1661,1006,0.7393,1345.061572
2026-09-11T07:30:07.087Z,HYPE,0.6431,108500,80.15,1345.061572
2026-09-11T07:35:06.858Z,BTC,1.309,105272000,77254.3,1345.061572
2026-09-11T07:35:06.858Z,ETH,1.356,3364000,2467.54,1345.061572
2026-09-11T07:35:06.858Z,SOL,1.3234,136000,99.79,1345.061572
2026-09-11T07:35:06.858Z,BNB,1.5799,975000,713.6,1345.061572
2026-09-11T07:35:06.858Z,XRP,1.4408,1848,1.3544,1345.061572
2026-09-11T07:35:06.858Z,ADA,1.9093,285.8,0.2085,1345.061572
2026-09-11T07:35:06.858Z,AVAX,2.8874,10400,7.515,1345.061572
2026-09-11T07:35:06.858Z,DOT,2.3869,1573,1.1422,1345.061572
2026-09-11T07:35:06.858Z,LINK,1.3663,15700,11.515,1345.061572
2026-09-11T07:35:06.858Z,POL,0.5952,125.7,0.0929,1345.061572
2026-09-11T07:35:06.858Z,DOGE,1.4253,114.5,0.08393,1345.061572
2026-09-11T07:35:06.858Z,TRX,1.2931,461.3,0.33858,1345.061572
2026-09-11T07:35:06.858Z,XLM,1.4039,240.9,0.17662,1345.061572
2026-09-11T07:35:06.858Z,SHIB,0.7636,0.0069,0.000005091,1345.061572
2026-09-11T07:35:06.858Z,BCH,1.533,309600,226.7,1345.061572
2026-09-11T07:35:06.858Z,UNI,2.1558,8390,6.106,1345.061572
2026-09-11T07:35:06.858Z,AAVE,0.7405,166600,122.95,1345.061572
2026-09-11T07:35:06.858Z,SUSHI,0.598,292,0.2158,1345.061572
2026-09-11T07:35:06.858Z,LDO,-19.8826,399.8,0.371,1345.061572
2026-09-11T07:35:06.858Z,ICP,1.6297,3751,2.744,1345.061572
2026-09-11T07:35:06.858Z,NEAR,1.7585,3430,2.506,1345.061572
2026-09-11T07:35:06.858Z,HBAR,1.6927,102.3,0.07479,1345.061572
2026-09-11T07:35:06.858Z,XTZ,0.2995,348.2,0.2581,1345.061572
2026-09-11T07:35:06.858Z,DYDX,-3.4349,149.2,0.11487,1345.061572
2026-09-11T07:35:06.858Z,ARB,4.1359,202.4,0.1445,1345.061572
2026-09-11T07:35:06.858Z,GMX,0.5934,10160,7.509,1345.061572
2026-09-11T07:35:06.858Z,IMX,1.2992,163.3,0.11985,1345.061572
2026-09-11T07:35:06.858Z,INJ,-1.4706,7900,5.961,1345.061572
2026-09-11T07:35:06.858Z,GRT,12.9206,26.99,0.01777,1345.061572
2026-09-11T07:35:06.858Z,SUI,1.4496,1008,0.7387,1345.061572
2026-09-11T07:35:06.858Z,HYPE,1.8986,109800,80.111,1345.061572
2026-09-11T07:40:07.070Z,BTC,1.3533,105272000,77220.5,1345.061572
2026-09-11T07:40:07.070Z,ETH,1.393,3364000,2466.64,1345.061572
2026-09-11T07:40:07.070Z,SOL,1.3234,136000,99.79,1345.061572
2026-09-11T07:40:07.070Z,BNB,1.5799,975000,713.6,1345.061572
2026-09-11T07:40:07.070Z,XRP,1.4084,1847,1.3541,1345.061572
2026-09-11T07:40:07.070Z,ADA,1.9093,285.8,0.2085,1345.061572
2026-09-11T07:40:07.070Z,AVAX,2.997,10400,7.507,1345.061572
2026-09-11T07:40:07.070Z,DOT,2.4407,1573,1.1416,1345.061572
2026-09-11T07:40:07.070Z,LINK,1.4191,15700,11.509,1345.061572
2026-09-11T07:40:07.070Z,POL,0.6169,125.7,0.09288,1345.061572
2026-09-11T07:40:07.070Z,DOGE,1.4615,114.5,0.0839,1345.061572
2026-09-11T07:40:07.070Z,TRX,1.2991,461.3,0.33856,1345.061572
2026-09-11T07:40:07.070Z,XLM,1.4154,240.9,0.1766,1345.061572
2026-09-11T07:40:07.070Z,SHIB,0.7636,0.0069,0.000005091,1345.061572
2026-09-11T07:40:07.070Z,BCH,1.3988,309600,227,1345.061572
2026-09-11T07:40:07.070Z,UNI,2.2395,8390,6.101,1345.061572
2026-09-11T07:40:07.070Z,AAVE,0.7487,166600,122.94,1345.061572
2026-09-11T07:40:07.070Z,SUSHI,0.738,292,0.2155,1345.061572
2026-09-11T07:40:07.070Z,LDO,-19.7745,399.8,0.3705,1345.061572
2026-09-11T07:40:07.070Z,ICP,1.5927,3751,2.745,1345.061572
2026-09-11T07:40:07.070Z,NEAR,1.0175,3386,2.492,1345.061572
2026-09-11T07:40:07.070Z,HBAR,1.68,102,0.07458,1345.061572
2026-09-11T07:40:07.070Z,XTZ,0.8072,348.2,0.2568,1345.061572
2026-09-11T07:40:07.070Z,DYDX,-3.2496,149.2,0.11465,1345.061572
2026-09-11T07:40:07.070Z,ARB,4.0279,202.4,0.14465,1345.061572
2026-09-11T07:40:07.070Z,GMX,0.7141,10160,7.5,1345.061572
2026-09-11T07:40:07.070Z,IMX,1.5364,163.3,0.11957,1345.061572
2026-09-11T07:40:07.070Z,INJ,-1.5202,7900,5.964,1345.061572
2026-09-11T07:40:07.070Z,GRT,13.1116,26.99,0.01774,1345.061572
2026-09-11T07:40:07.070Z,SUI,1.4908,1008,0.7384,1345.061572
2026-09-11T07:40:07.070Z,HYPE,1.5715,109300,80.003,1345.061572
2026-09-11T07:45:06.852Z,BTC,1.3835,105311000,77226.1,1345.061572
2026-09-11T07:45:06.852Z,ETH,1.3364,3362000,2466.55,1345.061572
2026-09-11T07:45:06.852Z,SOL,1.2929,136000,99.82,1345.061572
2026-09-11T07:45:06.852Z,BNB,1.6083,975000,713.4,1345.061572
2026-09-11T07:45:06.852Z,XRP,1.396,1845,1.3528,1345.061572
2026-09-11T07:45:06.852Z,ADA,2.0562,285.8,0.2082,1345.061572
2026-09-11T07:45:06.852Z,AVAX,3.2033,10400,7.492,1345.061572
2026-09-11T07:45:06.852Z,DOT,2.5215,1573,1.1407,1345.061572
2026-09-11T07:45:06.852Z,LINK,1.4427,15690,11.499,1345.061572
2026-09-11T07:45:06.852Z,POL,0.6386,125.7,0.09286,1345.061572
2026-09-11T07:45:06.852Z,DOGE,1.4615,114.5,0.0839,1345.061572
2026-09-11T07:45:06.852Z,TRX,1.2772,461.2,0.33856,1345.061572
2026-09-11T07:45:06.852Z,XLM,1.4921,240.7,0.17632,1345.061572
2026-09-11T07:45:06.852Z,SHIB,0.823,0.0069,0.000005088,1345.061572
2026-09-11T07:45:06.852Z,BCH,1.4435,309600,226.9,1345.061572
2026-09-11T07:45:06.852Z,UNI,2.2563,8390,6.1,1345.061572
2026-09-11T07:45:06.852Z,AAVE,0.7487,166600,122.94,1345.061572
2026-09-11T07:45:06.852Z,SUSHI,0.738,292,0.2155,1345.061572
2026-09-11T07:45:06.852Z,LDO,-19.8394,399.8,0.3708,1345.061572
2026-09-11T07:45:06.852Z,ICP,1.3686,3740,2.743,1345.061572
2026-09-11T07:45:06.852Z,NEAR,1.411,3376,2.475,1345.061572
2026-09-11T07:45:06.852Z,HBAR,1.8029,102,0.07449,1345.061572
2026-09-11T07:45:06.852Z,XTZ,0.8072,348.2,0.2568,1345.061572
2026-09-11T07:45:06.852Z,DYDX,-3.2074,149.2,0.1146,1345.061572
2026-09-11T07:45:06.852Z,ARB,4.1071,202.4,0.14454,1345.061572
2026-09-11T07:45:06.852Z,GMX,0.7141,10160,7.5,1345.061572
2026-09-11T07:45:06.852Z,IMX,1.5109,163.3,0.1196,1345.061572
2026-09-11T07:45:06.852Z,INJ,-1.3382,7900,5.953,1345.061572
2026-09-11T07:45:06.852Z,GRT,13.0479,26.99,0.01775,1345.061572
2026-09-11T07:45:06.852Z,SUI,1.4038,1007,0.7383,1345.061572
2026-09-11T07:45:06.852Z,HYPE,1.5931,109300,79.986,1345.061572
2026-09-11T07:50:06.697Z,BTC,1.3547,105243000,77198.2,1345.061572
2026-09-11T07:50:06.697Z,ETH,1.3322,3361000,2465.92,1345.061572
2026-09-11T07:50:06.697Z,SOL,1.364,136000,99.75,1345.061572
2026-09-11T07:50:06.697Z,BNB,1.7224,975000,712.6,1345.061572
2026-09-11T07:50:06.697Z,XRP,1.361,1843,1.3518,1345.061572
2026-09-11T07:50:06.697Z,ADA,2.3019,285.8,0.2077,1345.061572
2026-09-11T07:50:06.697Z,AVAX,3.355,10400,7.481,1345.061572
2026-09-11T07:50:06.697Z,DOT,1.7332,1549,1.132,1345.061572
2026-09-11T07:50:06.697Z,LINK,1.4192,15670,11.487,1345.061572
2026-09-11T07:50:06.697Z,POL,0.7688,125.7,0.09274,1345.061572
2026-09-11T07:50:06.697Z,DOGE,1.3689,114.3,0.08383,1345.061572
2026-09-11T07:50:06.697Z,TRX,1.2981,461.2,0.33849,1345.061572
2026-09-11T07:50:06.697Z,XLM,1.3867,240.3,0.17621,1345.061572
2026-09-11T07:50:06.697Z,SHIB,0.8825,0.0069,0.000005085,1345.061572
2026-09-11T07:50:06.697Z,BCH,1.533,309600,226.7,1345.061572
2026-09-11T07:50:06.697Z,UNI,2.5589,8390,6.082,1345.061572
2026-09-11T07:50:06.697Z,AAVE,0.9129,166600,122.74,1345.061572
2026-09-11T07:50:06.697Z,SUSHI,0.9723,292,0.215,1345.061572
2026-09-11T07:50:06.697Z,LDO,-19.7528,399.8,0.3704,1345.061572
2026-09-11T07:50:06.697Z,ICP,1.4796,3740,2.74,1345.061572
2026-09-11T07:50:06.697Z,NEAR,1.3865,3352,2.458,1345.061572
2026-09-11T07:50:06.697Z,HBAR,1.4082,101.4,0.07434,1345.061572
2026-09-11T07:50:06.697Z,XTZ,0.8465,348.2,0.2567,1345.061572
2026-09-11T07:50:06.697Z,DYDX,-2.9364,149.2,0.11428,1345.061572
2026-09-11T07:50:06.697Z,ARB,1.5074,197.1,0.14436,1345.061572
2026-09-11T07:50:06.697Z,GMX,0.8082,10160,7.493,1345.061572
2026-09-11T07:50:06.697Z,IMX,1.681,163.3,0.1194,1345.061572
2026-09-11T07:50:06.697Z,INJ,-2.0621,7900,5.997,1345.061572
2026-09-11T07:50:06.697Z,GRT,13.1754,26.99,0.01773,1345.061572
2026-09-11T07:50:06.697Z,SUI,1.3993,1006,0.7376,1345.061572
2026-09-11T07:50:06.697Z,HYPE,1.5715,109300,80.003,1345.061572
2026-09-11T07:55:06.500Z,BTC,1.3455,105202000,77175.1,1345.061572
2026-09-11T07:55:06.500Z,ETH,1.3205,3360000,2465.47,1345.061572
2026-09-11T07:55:06.500Z,SOL,1.3606,135900,99.68,1345.061572
2026-09-11T07:55:06.500Z,BNB,1.6796,975000,712.9,1345.061572
2026-09-11T07:55:06.500Z,XRP,1.3259,1841,1.3508,1345.061572
2026-09-11T07:55:06.500Z,ADA,2.4005,285.8,0.2075,1345.061572
2026-09-11T07:55:06.500Z,AVAX,3.3136,10400,7.484,1345.061572
2026-09-11T07:55:06.500Z,DOT,2.1302,1549,1.1276,1345.061572
2026-09-11T07:55:06.500Z,LINK,1.431,15650,11.471,1345.061572
2026-09-11T07:55:06.500Z,POL,0.6819,125.7,0.09282,1345.061572
2026-09-11T07:55:06.500Z,DOGE,1.2761,114.1,0.08376,1345.061572
2026-09-11T07:55:06.500Z,TRX,1.343,461.2,0.33834,1345.061572
2026-09-11T07:55:06.500Z,XLM,1.4443,240.3,0.17611,1345.061572
2026-09-11T07:55:06.500Z,SHIB,2.2843,0.007,0.000005088,1345.061572
2026-09-11T07:55:06.500Z,BCH,1.4882,309600,226.8,1345.061572
2026-09-11T07:55:06.500Z,UNI,2.7109,8390,6.073,1345.061572
2026-09-11T07:55:06.500Z,AAVE,0.9787,166600,122.66,1345.061572
2026-09-11T07:55:06.500Z,SUSHI,0.9254,292,0.2151,1345.061572
2026-09-11T07:55:06.500Z,LDO,-19.7312,399.8,0.3703,1345.061572
2026-09-11T07:55:06.500Z,ICP,1.2724,3731,2.739,1345.061572
2026-09-11T07:55:06.500Z,NEAR,1.0973,3337,2.454,1345.061572
2026-09-11T07:55:06.500Z,HBAR,1.3265,101.4,0.0744,1345.061572
2026-09-11T07:55:06.500Z,XTZ,0.5332,348.2,0.2575,1345.061572
2026-09-11T07:55:06.500Z,DYDX,-2.9704,149.2,0.11432,1345.061572
2026-09-11T07:55:06.500Z,ARB,1.931,197.1,0.14376,1345.061572
2026-09-11T07:55:06.500Z,GMX,0.8082,10160,7.493,1345.061572
2026-09-11T07:55:06.500Z,IMX,1.7491,163.3,0.11932,1345.061572
2026-09-11T07:55:06.500Z,INJ,-1.6521,7900,5.972,1345.061572
2026-09-11T07:55:06.500Z,GRT,13.2393,26.99,0.01772,1345.061572
2026-09-11T07:55:06.500Z,SUI,1.5369,1006,0.7366,1345.061572
2026-09-11T07:55:06.500Z,HYPE,1.5979,109200,79.909,1345.061572
2026-09-11T08:00:07.085Z,BTC,1.3205,105185000,77181.7,1345.061572
2026-09-11T08:00:07.085Z,ETH,1.2967,3360000,2466.05,1345.061572
2026-09-11T08:00:07.085Z,SOL,1.3606,135900,99.68,1345.061572
2026-09-11T08:00:07.085Z,BNB,1.6368,975000,713.2,1345.061572
2026-09-11T08:00:07.085Z,XRP,1.3409,1841,1.3506,1345.061572
2026-09-11T08:00:07.085Z,ADA,2.3511,285.8,0.2076,1345.061572
2026-09-11T08:00:07.085Z,AVAX,3.3965,10400,7.478,1345.061572
2026-09-11T08:00:07.085Z,DOT,2.4391,1549,1.1242,1345.061572
2026-09-11T08:00:07.085Z,LINK,1.4487,15650,11.469,1345.061572
2026-09-11T08:00:07.085Z,POL,0.5087,125.7,0.09298,1345.061572
2026-09-11T08:00:07.085Z,DOGE,1.2761,114.1,0.08376,1345.061572
2026-09-11T08:00:07.085Z,TRX,1.3041,461.2,0.33847,1345.061572
2026-09-11T08:00:07.085Z,XLM,1.4328,240.3,0.17613,1345.061572
2026-09-11T08:00:07.085Z,SHIB,2.2642,0.007,0.000005089,1345.061572
2026-09-11T08:00:07.085Z,BCH,1.3988,309600,227,1345.061572
2026-09-11T08:00:07.085Z,UNI,2.4747,8390,6.087,1345.061572
2026-09-11T08:00:07.085Z,AAVE,0.88,166600,122.78,1345.061572
2026-09-11T08:00:07.085Z,SUSHI,0.9254,292,0.2151,1345.061572
2026-09-11T08:00:07.085Z,LDO,-19.7745,399.8,0.3705,1345.061572
2026-09-11T08:00:07.085Z,ICP,1.3464,3731,2.737,1345.061572
2026-09-11T08:00:07.085Z,NEAR,1.1797,3337,2.452,1345.061572
2026-09-11T08:00:07.085Z,HBAR,1.272,101.4,0.07444,1345.061572
2026-09-11T08:00:07.085Z,XTZ,0.8465,348.2,0.2567,1345.061572
2026-09-11T08:00:07.085Z,DYDX,-3.0128,149.2,0.11437,1345.061572
2026-09-11T08:00:07.085Z,ARB,1.8743,197.1,0.14384,1345.061572
2026-09-11T08:00:07.085Z,GMX,0.6873,10160,7.502,1345.061572
2026-09-11T08:00:07.085Z,IMX,1.6214,163.3,0.11947,1345.061572
2026-09-11T08:00:07.085Z,INJ,-1.8493,7900,5.984,1345.061572
2026-09-11T08:00:07.085Z,GRT,13.1754,26.99,0.01773,1345.061572
2026-09-11T08:00:07.085Z,SUI,1.5094,1006,0.7368,1345.061572
2026-09-11T08:00:07.085Z,HYPE,1.5351,109000,79.812,1345.061572
2026-09-11T08:05:06.883Z,BTC,1.3673,105180000,77142.4,1345.061572
2026-09-11T08:05:06.883Z,ETH,1.3509,3360000,2464.73,1345.061572
2026-09-11T08:05:06.883Z,SOL,1.3979,135800,99.57,1345.061572
2026-09-11T08:05:06.883Z,BNB,1.6368,975000,713.2,1345.061572
2026-09-11T08:05:06.883Z,XRP,1.3534,1840,1.3497,1345.061572
2026-09-11T08:05:06.883Z,ADA,2.5487,285.8,0.2072,1345.061572
2026-09-11T08:05:06.883Z,AVAX,3.3826,10400,7.479,1345.061572
2026-09-11T08:05:06.883Z,DOT,2.512,1549,1.1234,1345.061572
2026-09-11T08:05:06.883Z,LINK,1.4547,15640,11.461,1345.061572
2026-09-11T08:05:06.883Z,POL,0.8558,125.7,0.09266,1345.061572
2026-09-11T08:05:06.883Z,DOGE,1.3245,114.1,0.08372,1345.061572
2026-09-11T08:05:06.883Z,TRX,1.334,461.2,0.33837,1345.061572
2026-09-11T08:05:06.883Z,XLM,1.404,240,0.17596,1345.061572
2026-09-11T08:05:06.883Z,SHIB,2.3647,0.007,0.000005084,1345.061572
2026-09-11T08:05:06.883Z,BCH,1.4435,309600,226.9,1345.061572
2026-09-11T08:05:06.883Z,UNI,1.342,8270,6.067,1345.061572
2026-09-11T08:05:06.883Z,AAVE,1.0364,166600,122.59,1345.061572
2026-09-11T08:05:06.883Z,SUSHI,0.7848,292,0.2154,1345.061572
2026-09-11T08:05:06.883Z,LDO,-19.6661,399.8,0.37,1345.061572
2026-09-11T08:05:06.883Z,ICP,1.1985,3731,2.741,1345.061572
2026-09-11T08:05:06.883Z,NEAR,1.356,3321,2.436,1345.061572
2026-09-11T08:05:06.883Z,HBAR,1.2312,101.4,0.07447,1345.061572
2026-09-11T08:05:06.883Z,XTZ,1.0039,348.2,0.2563,1345.061572
2026-09-11T08:05:06.883Z,DYDX,-2.9534,149.2,0.1143,1345.061572
2026-09-11T08:05:06.883Z,ARB,1.9594,197.1,0.14372,1345.061572
2026-09-11T08:05:06.883Z,GMX,0.741,10160,7.498,1345.061572
2026-09-11T08:05:06.883Z,IMX,1.7321,163.3,0.11934,1345.061572
2026-09-11T08:05:06.883Z,INJ,-1.5037,7900,5.963,1345.061572
2026-09-11T08:05:06.883Z,GRT,13.1754,26.99,0.01773,1345.061572
2026-09-11T08:05:06.883Z,SUI,1.675,1006,0.7356,1345.061572
2026-09-11T08:05:06.883Z,HYPE,1.651,109000,79.721,1345.061572
2026-09-11T08:10:07.083Z,BTC,1.3393,105112000,77113.8,1345.061572
2026-09-11T08:10:07.083Z,ETH,1.3139,3357000,2463.43,1345.061572
2026-09-11T08:10:07.083Z,SOL,1.4149,135700,99.48,1345.061572
2026-09-11T08:10:07.083Z,BNB,1.7795,975000,712.2,1345.061572
2026-09-11T08:10:07.083Z,XRP,1.3484,1838,1.3483,1345.061572
2026-09-11T08:10:07.083Z,ADA,2.5983,285.8,0.2071,1345.061572
2026-09-11T08:10:07.083Z,AVAX,3.5072,10400,7.47,1345.061572
2026-09-11T08:10:07.083Z,DOT,1.5929,1525,1.116,1345.061572
2026-09-11T08:10:07.083Z,LINK,1.5078,15640,11.455,1345.061572
2026-09-11T08:10:07.083Z,POL,0.7905,125.7,0.09272,1345.061572
2026-09-11T08:10:07.083Z,DOGE,1.284,114,0.08368,1345.061572
2026-09-11T08:10:07.083Z,TRX,1.2891,461.2,0.33852,1345.061572
2026-09-11T08:10:07.083Z,XLM,1.4233,239.8,0.17578,1345.061572
2026-09-11T08:10:07.083Z,SHIB,2.5059,0.007,0.000005077,1345.061572
2026-09-11T08:10:07.083Z,BCH,1.8475,309600,226,1345.061572
2026-09-11T08:10:07.083Z,UNI,1.3921,8270,6.064,1345.061572
2026-09-11T08:10:07.083Z,AAVE,1.1106,166600,122.5,1345.061572
2026-09-11T08:10:07.083Z,SUSHI,0.9254,292,0.2151,1345.061572
2026-09-11T08:10:07.083Z,LDO,-19.6444,399.8,0.3699,1345.061572
2026-09-11T08:10:07.083Z,ICP,1.3464,3731,2.737,1345.061572
2026-09-11T08:10:07.083Z,NEAR,1.0813,3312,2.436,1345.061572
2026-09-11T08:10:07.083Z,HBAR,1.2992,101.4,0.07442,1345.061572
2026-09-11T08:10:07.083Z,XTZ,1.5586,348.2,0.2549,1345.061572
2026-09-11T08:10:07.083Z,DYDX,-2.9364,149.2,0.11428,1345.061572
2026-09-11T08:10:07.083Z,ARB,2.0091,197.1,0.14365,1345.061572
2026-09-11T08:10:07.083Z,GMX,0.6873,10160,7.502,1345.061572
2026-09-11T08:10:07.083Z,IMX,1.8003,163.3,0.11926,1345.061572
2026-09-11T08:10:07.083Z,INJ,-2.0131,7900,5.994,1345.061572
2026-09-11T08:10:07.083Z,GRT,13.4313,26.99,0.01769,1345.061572
2026-09-11T08:10:07.083Z,SUI,1.4131,1003,0.7353,1345.061572
2026-09-11T08:10:07.083Z,HYPE,1.7557,109000,79.639,1345.061572
2026-09-11T08:15:06.881Z,BTC,1.3585,105183000,77151.3,1345.061572
2026-09-11T08:15:06.881Z,ETH,1.2847,3357000,2464.14,1345.061572
2026-09-11T08:15:06.881Z,SOL,1.3402,135600,99.48,1345.061572
2026-09-11T08:15:06.881Z,BNB,1.7081,975000,712.7,1345.061572
2026-09-11T08:15:06.881Z,XRP,1.3033,1838,1.3489,1345.061572
2026-09-11T08:15:06.881Z,ADA,2.5487,285.8,0.2072,1345.061572
2026-09-11T08:15:06.881Z,AVAX,3.4518,10400,7.474,1345.061572
2026-09-11T08:15:06.881Z,DOT,1.2753,1525,1.1195,1345.061572
2026-09-11T08:15:06.881Z,LINK,1.4194,15610,11.443,1345.061572
2026-09-11T08:15:06.881Z,POL,0.932,125.7,0.09259,1345.061572
2026-09-11T08:15:06.881Z,DOGE,1.2477,114,0.08371,1345.061572
2026-09-11T08:15:06.881Z,TRX,1.334,461.2,0.33837,1345.061572
2026-09-11T08:15:06.881Z,XLM,1.4002,239.8,0.17582,1345.061572
2026-09-11T08:15:06.881Z,SHIB,2.4252,0.007,0.000005081,1345.061572
2026-09-11T08:15:06.881Z,BCH,1.7125,309600,226.3,1345.061572
2026-09-11T08:15:06.881Z,UNI,1.0422,8270,6.085,1345.061572
2026-09-11T08:15:06.881Z,AAVE,1.0117,166600,122.62,1345.061572
2026-09-11T08:15:06.881Z,SUSHI,0.5514,292,0.2159,1345.061572
2026-09-11T08:15:06.881Z,LDO,-19.7745,399.8,0.3705,1345.061572
2026-09-11T08:15:06.881Z,ICP,1.0879,3731,2.744,1345.061572
2026-09-11T08:15:06.881Z,NEAR,0.7917,3312,2.443,1345.061572
2026-09-11T08:15:06.881Z,HBAR,1.2312,101.4,0.07447,1345.061572
2026-09-11T08:15:06.881Z,XTZ,1.2409,348.2,0.2557,1345.061572
2026-09-11T08:15:06.881Z,DYDX,-2.9788,149.2,0.11433,1345.061572
2026-09-11T08:15:06.881Z,ARB,16.2109,224.9,0.14388,1345.061572
2026-09-11T08:15:06.881Z,GMX,0.6068,10160,7.508,1345.061572
2026-09-11T08:15:06.881Z,IMX,1.6214,163.3,0.11947,1345.061572
2026-09-11T08:15:06.881Z,INJ,-1.7837,7900,5.98,1345.061572
2026-09-11T08:15:06.881Z,GRT,13.4313,26.99,0.01769,1345.061572
2026-09-11T08:15:06.881Z,SUI,1.4269,1003,0.7352,1345.061572
2026-09-11T08:15:06.881Z,HYPE,1.9001,109300,79.745,1345.061572
2026-09-11T08:20:06.886Z,BTC,1.3724,105264000,77200.1,1345.061572
2026-09-11T08:20:06.886Z,ETH,1.34,3361000,2465.73,1345.061572
2026-09-11T08:20:06.886Z,SOL,1.2283,135600,99.59,1345.061572
2026-09-11T08:20:06.886Z,BNB,1.5799,975000,713.6,1345.061572
2026-09-11T08:20:06.886Z,XRP,1.3309,1840,1.35,1345.061572
2026-09-11T08:20:06.886Z,ADA,2.4005,285.8,0.2075,1345.061572
2026-09-11T08:20:06.886Z,AVAX,3.4241,10400,7.476,1345.061572
2026-09-11T08:20:06.886Z,DOT,1.5929,1525,1.116,1345.061572
2026-09-11T08:20:06.886Z,LINK,1.163,15610,11.472,1345.061572
2026-09-11T08:20:06.886Z,POL,0.8014,125.7,0.09271,1345.061572
2026-09-11T08:20:06.886Z,DOGE,1.1269,114,0.08381,1345.061572
2026-09-11T08:20:06.886Z,TRX,1.3041,461.2,0.33847,1345.061572
2026-09-11T08:20:06.886Z,XLM,1.3483,239.8,0.17591,1345.061572
2026-09-11T08:20:06.886Z,SHIB,2.2642,0.007,0.000005089,1345.061572
2026-09-11T08:20:06.886Z,BCH,1.6676,309600,226.4,1345.061572
2026-09-11T08:20:06.886Z,UNI,1.1087,8270,6.081,1345.061572
2026-09-11T08:20:06.886Z,AAVE,0.8554,166600,122.81,1345.061572
2026-09-11T08:20:06.886Z,SUSHI,0.598,292,0.2158,1345.061572
2026-09-11T08:20:06.886Z,LDO,-19.8394,399.8,0.3708,1345.061572
2026-09-11T08:20:06.886Z,ICP,0.9775,3731,2.747,1345.061572
2026-09-11T08:20:06.886Z,NEAR,0.833,3312,2.442,1345.061572
2026-09-11T08:20:06.886Z,HBAR,1.1769,101.4,0.07451,1345.061572
2026-09-11T08:20:06.886Z,XTZ,1.2409,348.2,0.2557,1345.061572
2026-09-11T08:20:06.886Z,DYDX,-3.5105,149.2,0.11496,1345.061572
2026-09-11T08:20:06.886Z,ARB,16.0093,224.9,0.14413,1345.061572
2026-09-11T08:20:06.886Z,GMX,0.4997,10160,7.516,1345.061572
2026-09-11T08:20:06.886Z,IMX,1.4516,163.3,0.11967,1345.061572
2026-09-11T08:20:06.886Z,INJ,-1.7015,7900,5.975,1345.061572
2026-09-11T08:20:06.886Z,GRT,13.0479,26.99,0.01775,1345.061572
2026-09-11T08:20:06.886Z,SUI,1.3304,1003,0.7359,1345.061572
2026-09-11T08:20:06.886Z,HYPE,1.6261,109300,79.96,1345.061572
2026-09-11T08:25:06.879Z,BTC,1.2328,105360000,77377.1,1345.061572
2026-09-11T08:25:06.879Z,ETH,1.2586,3370000,2474.32,1345.061572
2026-09-11T08:25:06.879Z,SOL,1.1577,135900,99.88,1345.061572
2026-09-11T08:25:06.879Z,BNB,1.4377,975000,714.6,1345.061572
2026-09-11T08:25:06.879Z,XRP,1.246,1842,1.3526,1345.061572
2026-09-11T08:25:06.879Z,ADA,2.1543,285.8,0.208,1345.061572
2026-09-11T08:25:06.879Z,AVAX,3.1069,10400,7.499,1345.061572
2026-09-11T08:25:06.879Z,DOT,1.5202,1525,1.1168,1345.061572
2026-09-11T08:25:06.879Z,LINK,1.0133,15610,11.489,1345.061572
2026-09-11T08:25:06.879Z,POL,0.0353,125.7,0.09342,1345.061572
2026-09-11T08:25:06.879Z,DOGE,0.9747,114.1,0.08401,1345.061572
2026-09-11T08:25:06.879Z,TRX,1.1993,460.9,0.3386,1345.061572
2026-09-11T08:25:06.879Z,XLM,1.1126,239.8,0.17632,1345.061572
2026-09-11T08:25:06.879Z,SHIB,2.0436,0.007,0.0000051,1345.061572
2026-09-11T08:25:06.879Z,BCH,1.3096,309600,227.2,1345.061572
2026-09-11T08:25:06.879Z,UNI,0.8433,8270,6.097,1345.061572
2026-09-11T08:25:06.879Z,AAVE,0.6096,166600,123.11,1345.061572
2026-09-11T08:25:06.879Z,SUSHI,0.3654,292,0.2163,1345.061572
2026-09-11T08:25:06.879Z,LDO,-20.098,399.8,0.372,1345.061572
2026-09-11T08:25:06.879Z,ICP,0.7208,3731,2.754,1345.061572
2026-09-11T08:25:06.879Z,NEAR,1.5658,3347,2.45,1345.061572
2026-09-11T08:25:06.879Z,HBAR,0.9871,101.4,0.07465,1345.061572
2026-09-11T08:25:06.879Z,XTZ,1.1617,348.2,0.2559,1345.061572
2026-09-11T08:25:06.879Z,DYDX,-3.6948,149.2,0.11518,1345.061572
2026-09-11T08:25:06.879Z,ARB,15.7123,224.9,0.1445,1345.061572
2026-09-11T08:25:06.879Z,GMX,0.1532,10160,7.542,1345.061572
2026-09-11T08:25:06.879Z,IMX,1.0547,163.3,0.12014,1345.061572
2026-09-11T08:25:06.879Z,INJ,-1.8329,7900,5.983,1345.061572
2026-09-11T08:25:06.879Z,GRT,12.6038,26.99,0.01782,1345.061572
2026-09-11T08:25:06.879Z,SUI,1.0421,1003,0.738,1345.061572
2026-09-11T08:25:06.879Z,HYPE,1.3801,109300,80.154,1345.061572
2026-09-11T08:30:07.079Z,BTC,1.2552,105360000,77360,1345.061572
2026-09-11T08:30:07.079Z,ETH,1.2177,3368000,2473.85,1345.061572
2026-09-11T08:30:07.079Z,SOL,1.2185,135900,99.82,1345.061572
2026-09-11T08:30:07.079Z,BNB,1.4945,975000,714.2,1345.061572
2026-09-11T08:30:07.079Z,XRP,1.2659,1841,1.3516,1345.061572
2026-09-11T08:30:07.079Z,ADA,2.3511,285.8,0.2076,1345.061572
2026-09-11T08:30:07.079Z,AVAX,3.2308,10400,7.49,1345.061572
2026-09-11T08:30:07.079Z,DOT,1.6111,1525,1.1158,1345.061572
2026-09-11T08:30:07.079Z,LINK,1.0573,15610,11.484,1345.061572
2026-09-11T08:30:07.079Z,POL,-0.8036,125.7,0.09421,1345.061572
2026-09-11T08:30:07.079Z,DOGE,1.0228,114.1,0.08397,1345.061572
2026-09-11T08:30:07.079Z,TRX,1.2352,460.9,0.33848,1345.061572
2026-09-11T08:30:07.079Z,XLM,1.1758,239.8,0.17621,1345.061572
2026-09-11T08:30:07.079Z,SHIB,2.1838,0.007,0.000005093,1345.061572
2026-09-11T08:30:07.079Z,BCH,1.3096,309600,227.2,1345.061572
2026-09-11T08:30:07.079Z,UNI,1.1586,8270,6.078,1345.061572
2026-09-11T08:30:07.079Z,AAVE,0.7569,166600,122.93,1345.061572
2026-09-11T08:30:07.079Z,SUSHI,0.6913,292,0.2156,1345.061572
2026-09-11T08:30:07.079Z,LDO,-20.098,399.8,0.372,1345.061572
2026-09-11T08:30:07.079Z,ICP,0.8673,3731,2.75,1345.061572
2026-09-11T08:30:07.079Z,NEAR,0.7026,3347,2.471,1345.061572
2026-09-11T08:30:07.079Z,HBAR,1.109,101.4,0.07456,1345.061572
2026-09-11T08:30:07.079Z,XTZ,1.0827,348.2,0.2561,1345.061572
2026-09-11T08:30:07.079Z,DYDX,-3.7283,149.2,0.11522,1345.061572
2026-09-11T08:30:07.079Z,ARB,15.945,224.9,0.14421,1345.061572
2026-09-11T08:30:07.079Z,GMX,0.1267,10160,7.544,1345.061572
2026-09-11T08:30:07.079Z,IMX,1.2485,163.3,0.11991,1345.061572
2026-09-11T08:30:07.079Z,INJ,-1.5367,7900,5.965,1345.061572
2026-09-11T08:30:07.079Z,GRT,12.7303,26.99,0.0178,1345.061572
2026-09-11T08:30:07.079Z,SUI,1.1792,1003,0.737,1345.061572
2026-09-11T08:30:07.079Z,HYPE,1.3536,109300,80.175,1345.061572
2026-09-11T08:35:06.878Z,BTC,1.3704,105500000,77374.7,1345.061572
2026-09-11T08:35:06.878Z,ETH,1.2821,3376000,2478.15,1345.061572
2026-09-11T08:35:06.878Z,SOL,1.1986,136200,100.06,1345.061572
2026-09-11T08:35:06.878Z,BNB,1.4377,975000,714.6,1345.061572
2026-09-11T08:35:06.878Z,XRP,1.3535,1846,1.3541,1345.061572
2026-09-11T08:35:06.878Z,ADA,2.1543,285.8,0.208,1345.061572
2026-09-11T08:35:06.878Z,AVAX,2.9696,10400,7.509,1345.061572
2026-09-11T08:35:06.878Z,DOT,1.5111,1525,1.1169,1345.061572
2026-09-11T08:35:06.878Z,LINK,0.724,15610,11.522,1345.061572
2026-09-11T08:35:06.878Z,POL,-1.5663,125.7,0.09494,1345.061572
2026-09-11T08:35:06.878Z,DOGE,0.9146,114.1,0.08406,1345.061572
2026-09-11T08:35:06.878Z,TRX,1.3281,461.5,0.33861,1345.061572
2026-09-11T08:35:06.878Z,XLM,1.582,241.2,0.17653,1345.061572
2026-09-11T08:35:06.878Z,SHIB,2.1036,0.007,0.000005097,1345.061572
2026-09-11T08:35:06.878Z,BCH,1.176,309600,227.5,1345.061572
2026-09-11T08:35:06.878Z,UNI,0.8599,8270,6.096,1345.061572
2026-09-11T08:35:06.878Z,AAVE,0.675,166600,123.03,1345.061572
2026-09-11T08:35:06.878Z,SUSHI,0.4119,292,0.2162,1345.061572
2026-09-11T08:35:06.878Z,LDO,-20.3122,399.8,0.373,1345.061572
2026-09-11T08:35:06.878Z,ICP,0.6477,3731,2.756,1345.061572
2026-09-11T08:35:06.878Z,NEAR,0.7915,3373,2.488,1345.061572
2026-09-11T08:35:06.878Z,HBAR,0.9195,101.4,0.0747,1345.061572
2026-09-11T08:35:06.878Z,XTZ,0.768,348.2,0.2569,1345.061572
2026-09-11T08:35:06.878Z,DYDX,-3.4937,149.2,0.11494,1345.061572
2026-09-11T08:35:06.878Z,ARB,15.5603,224.9,0.14469,1345.061572
2026-09-11T08:35:06.878Z,GMX,-0.0191,10160,7.555,1345.061572
2026-09-11T08:35:06.878Z,IMX,1.0967,163.3,0.12009,1345.061572
2026-09-11T08:35:06.878Z,INJ,-1.6027,7900,5.969,1345.061572
2026-09-11T08:35:06.878Z,GRT,12.4776,26.99,0.01784,1345.061572
2026-09-11T08:35:06.878Z,SUI,1.4496,1008,0.7387,1345.061572
2026-09-11T08:35:06.878Z,HYPE,1.7526,109900,80.299,1345.061572
2026-09-11T08:40:06.905Z,BTC,1.3014,105414000,77364.3,1345.061572
2026-09-11T08:40:06.905Z,ETH,1.3095,3376000,2477.48,1345.061572
2026-09-11T08:40:06.905Z,SOL,1.3438,136300,99.99,1345.061572
2026-09-11T08:40:06.905Z,BNB,1.4945,975000,714.2,1345.061572
2026-09-11T08:40:06.905Z,XRP,1.2986,1845,1.3541,1345.061572
2026-09-11T08:40:06.905Z,ADA,1.4525,283.7,0.2079,1345.061572
2026-09-11T08:40:06.905Z,AVAX,1.5656,10250,7.503,1345.061572
2026-09-11T08:40:06.905Z,DOT,1.5292,1525,1.1167,1345.061572
2026-09-11T08:40:06.905Z,LINK,0.8903,15610,11.503,1345.061572
2026-09-11T08:40:06.905Z,POL,-1.2855,125.7,0.09467,1345.061572
2026-09-11T08:40:06.905Z,DOGE,0.9506,114.1,0.08403,1345.061572
2026-09-11T08:40:06.905Z,TRX,1.3899,461.7,0.33855,1345.061572
2026-09-11T08:40:06.905Z,XLM,1.6626,241.2,0.17639,1345.061572
2026-09-11T08:40:06.905Z,SHIB,2.2039,0.007,0.000005092,1345.061572
2026-09-11T08:40:06.905Z,BCH,1.3096,309600,227.2,1345.061572
2026-09-11T08:40:06.905Z,UNI,0.9924,8270,6.088,1345.061572
2026-09-11T08:40:06.905Z,AAVE,0.7897,166600,122.89,1345.061572
2026-09-11T08:40:06.905Z,SUSHI,0.6446,292,0.2157,1345.061572
2026-09-11T08:40:06.905Z,LDO,-20.2908,399.8,0.3729,1345.061572
2026-09-11T08:40:06.905Z,ICP,0.794,3731,2.752,1345.061572
2026-09-11T08:40:06.905Z,NEAR,1.1166,3373,2.48,1345.061572
2026-09-11T08:40:06.905Z,HBAR,1.1497,101.4,0.07453,1345.061572
2026-09-11T08:40:06.905Z,XTZ,1.2805,348.2,0.2556,1345.061572
2026-09-11T08:40:06.905Z,DYDX,-3.4517,149.2,0.11489,1345.061572
2026-09-11T08:40:06.905Z,ARB,15.7363,224.9,0.14447,1345.061572
2026-09-11T08:40:06.905Z,GMX,-0.0191,10160,7.555,1345.061572
2026-09-11T08:40:06.905Z,IMX,1.3838,163.3,0.11975,1345.061572
2026-09-11T08:40:06.905Z,INJ,-1.5037,7900,5.963,1345.061572
2026-09-11T08:40:06.905Z,GRT,12.4776,26.99,0.01784,1345.061572
2026-09-11T08:40:06.905Z,SUI,1.5321,1008,0.7381,1345.061572
2026-09-11T08:40:06.905Z,HYPE,1.8515,109900,80.221,1345.061572
2026-09-11T08:45:07.055Z,BTC,1.2854,105414000,77376.5,1345.061572
2026-09-11T08:45:07.055Z,ETH,1.3213,3376000,2477.19,1345.061572
2026-09-11T08:45:07.055Z,SOL,1.3742,136300,99.96,1345.061572
2026-09-11T08:45:07.055Z,BNB,1.4803,975000,714.3,1345.061572
2026-09-11T08:45:07.055Z,XRP,1.2687,1845,1.3545,1345.061572
2026-09-11T08:45:07.055Z,ADA,1.5013,283.7,0.2078,1345.061572
2026-09-11T08:45:07.055Z,AVAX,1.6198,10250,7.499,1345.061572
2026-09-11T08:45:07.055Z,DOT,1.3659,1525,1.1185,1345.061572
2026-09-11T08:45:07.055Z,LINK,0.9342,15610,11.498,1345.061572
2026-09-11T08:45:07.055Z,POL,-1.4313,125.7,0.09481,1345.061572
2026-09-11T08:45:07.055Z,DOGE,0.9747,114.1,0.08401,1345.061572
2026-09-11T08:45:07.055Z,TRX,1.387,461.7,0.33856,1345.061572
2026-09-11T08:45:07.055Z,XLM,1.6972,241.2,0.17633,1345.061572
2026-09-11T08:45:07.055Z,SHIB,2.2642,0.007,0.000005089,1345.061572
2026-09-11T08:45:07.055Z,BCH,1.4435,309600,226.9,1345.061572
2026-09-11T08:45:07.055Z,UNI,1.1087,8270,6.081,1345.061572
2026-09-11T08:45:07.055Z,AAVE,0.8143,166600,122.86,1345.061572
2026-09-11T08:45:07.055Z,SUSHI,0.7848,292,0.2154,1345.061572
2026-09-11T08:45:07.055Z,LDO,-20.2052,399.8,0.3725,1345.061572
2026-09-11T08:45:07.055Z,ICP,0.794,3731,2.752,1345.061572
2026-09-11T08:45:07.055Z,NEAR,1.3044,3367,2.471,1345.061572
2026-09-11T08:45:07.055Z,HBAR,1.109,101.4,0.07456,1345.061572
2026-09-11T08:45:07.055Z,XTZ,1.2805,348.2,0.2556,1345.061572
2026-09-11T08:45:07.055Z,DYDX,-3.4265,149.2,0.11486,1345.061572
2026-09-11T08:45:07.055Z,ARB,15.7844,224.9,0.14441,1345.061572
2026-09-11T08:45:07.055Z,GMX,-0.072,10160,7.559,1345.061572
2026-09-11T08:45:07.055Z,IMX,1.3415,163.3,0.1198,1345.061572
2026-09-11T08:45:07.055Z,INJ,-1.3382,7900,5.953,1345.061572
2026-09-11T08:45:07.055Z,GRT,12.4776,26.99,0.01784,1345.061572
2026-09-11T08:45:07.055Z,SUI,1.6698,1008,0.7371,1345.061572
2026-09-11T08:45:07.055Z,HYPE,1.8223,109900,80.244,1345.061572
2026-09-11T08:50:06.851Z,BTC,1.3511,105414000,77326.4,1345.061572
2026-09-11T08:50:06.851Z,ETH,1.3264,3374000,2475.6,1345.061572
2026-09-11T08:50:06.851Z,SOL,1.4554,136300,99.88,1345.061572
2026-09-11T08:50:06.851Z,BNB,1.5372,975000,713.9,1345.061572
2026-09-11T08:50:06.851Z,XRP,1.3211,1845,1.3538,1345.061572
2026-09-11T08:50:06.851Z,ADA,1.6481,283.7,0.2075,1345.061572
2026-09-11T08:50:06.851Z,AVAX,1.674,10250,7.495,1345.061572
2026-09-11T08:50:06.851Z,DOT,1.2753,1525,1.1195,1345.061572
2026-09-11T08:50:06.851Z,LINK,0.9254,15610,11.499,1345.061572
2026-09-11T08:50:06.851Z,POL,-1.3793,125.7,0.09476,1345.061572
2026-09-11T08:50:06.851Z,DOGE,1.3046,114.5,0.08403,1345.061572
2026-09-11T08:50:06.851Z,TRX,1.3989,461.7,0.33852,1345.061572
2026-09-11T08:50:06.851Z,XLM,1.8069,241.2,0.17614,1345.061572
2026-09-11T08:50:06.851Z,SHIB,2.3446,0.007,0.000005085,1345.061572
2026-09-11T08:50:06.851Z,BCH,1.6227,309600,226.5,1345.061572
2026-09-11T08:50:06.851Z,UNI,1.3921,8270,6.064,1345.061572
2026-09-11T08:50:06.851Z,AAVE,0.8554,166600,122.81,1345.061572
2026-09-11T08:50:06.851Z,SUSHI,0.9254,292,0.2151,1345.061572
2026-09-11T08:50:06.851Z,LDO,-20.098,399.8,0.372,1345.061572
2026-09-11T08:50:06.851Z,ICP,0.904,3731,2.749,1345.061572
2026-09-11T08:50:06.851Z,NEAR,1.1287,3353,2.465,1345.061572
2026-09-11T08:50:06.851Z,HBAR,1.1904,101.4,0.0745,1345.061572
2026-09-11T08:50:06.851Z,XTZ,1.3201,348.2,0.2555,1345.061572
2026-09-11T08:50:06.851Z,DYDX,-3.3424,149.2,0.11476,1345.061572
2026-09-11T08:50:06.851Z,ARB,15.953,224.9,0.1442,1345.061572
2026-09-11T08:50:06.851Z,GMX,-0.1645,10160,7.566,1345.061572
2026-09-11T08:50:06.851Z,IMX,1.3584,163.3,0.11978,1345.061572
2026-09-11T08:50:06.851Z,INJ,-1.5697,7900,5.967,1345.061572
2026-09-11T08:50:06.851Z,GRT,12.667,26.99,0.01781,1345.061572
2026-09-11T08:50:06.851Z,SUI,1.7526,1008,0.7365,1345.061572
2026-09-11T08:50:06.851Z,HYPE,1.8502,109900,80.222,1345.061572
2026-09-11T08:55:06.886Z,BTC,1.3854,105414000,77300.2,1345.061572
2026-09-11T08:55:06.886Z,ETH,1.4184,3376000,2474.82,1345.061572
2026-09-11T08:55:06.886Z,SOL,1.3471,136100,99.84,1345.061572
2026-09-11T08:55:06.886Z,BNB,1.5941,975000,713.5,1345.061572
2026-09-11T08:55:06.886Z,XRP,1.371,1844,1.3524,1345.061572
2026-09-11T08:55:06.886Z,ADA,1.6481,283.7,0.2075,1345.061572
2026-09-11T08:55:06.886Z,AVAX,1.7147,10250,7.492,1345.061572
2026-09-11T08:55:06.886Z,DOT,0.9327,1525,1.1233,1345.061572
2026-09-11T08:55:06.886Z,LINK,1.0045,15610,11.49,1345.061572
2026-09-11T08:55:06.886Z,POL,-1.0661,125.7,0.09446,1345.061572
2026-09-11T08:55:06.886Z,DOGE,1.3407,114.5,0.084,1345.061572
2026-09-11T08:55:06.886Z,TRX,1.3959,461.7,0.33853,1345.061572
2026-09-11T08:55:06.886Z,XLM,1.5077,240.3,0.176,1345.061572
2026-09-11T08:55:06.886Z,SHIB,2.3647,0.007,0.000005084,1345.061572
2026-09-11T08:55:06.886Z,BCH,1.6227,309600,226.5,1345.061572
2026-09-11T08:55:06.886Z,UNI,1.4925,8270,6.058,1345.061572
2026-09-11T08:55:06.886Z,AAVE,0.8636,166600,122.8,1345.061572
2026-09-11T08:55:06.886Z,SUSHI,1.0663,292,0.2148,1345.061572
2026-09-11T08:55:06.886Z,LDO,-20.098,399.8,0.372,1345.061572
2026-09-11T08:55:06.886Z,ICP,0.794,3731,2.752,1345.061572
2026-09-11T08:55:06.886Z,NEAR,1.1287,3353,2.465,1345.061572
2026-09-11T08:55:06.886Z,HBAR,1.272,101.4,0.07444,1345.061572
2026-09-11T08:55:06.886Z,XTZ,1.479,348.2,0.2551,1345.061572
2026-09-11T08:55:06.886Z,DYDX,-3.2834,149.2,0.11469,1345.061572
2026-09-11T08:55:06.886Z,ARB,19.6135,230.6,0.14333,1345.061572
2026-09-11T08:55:06.886Z,GMX,-0.0456,10160,7.557,1345.061572
2026-09-11T08:55:06.886Z,IMX,1.4261,163.3,0.1197,1345.061572
2026-09-11T08:55:06.886Z,INJ,-1.6191,7900,5.97,1345.061572
2026-09-11T08:55:06.886Z,GRT,12.6038,26.99,0.01782,1345.061572
2026-09-11T08:55:06.886Z,SUI,1.4315,1004,0.7359,1345.061572
2026-09-11T08:55:06.886Z,HYPE,1.9442,110000,80.221,1345.061572
2026-09-11T09:00:06.698Z,BTC,1.2964,105352000,77322.6,1345.061572
2026-09-11T09:00:06.698Z,ETH,1.3284,3374000,2475.55,1345.061572
2026-09-11T09:00:06.698Z,SOL,1.3167,136100,99.87,1345.061572
2026-09-11T09:00:06.698Z,BNB,1.5941,975000,713.5,1345.061572
2026-09-11T09:00:06.698Z,XRP,1.286,1843,1.3528,1345.061572
2026-09-11T09:00:06.698Z,ADA,1.6481,283.7,0.2075,1345.061572
2026-09-11T09:00:06.698Z,AVAX,1.6469,10250,7.497,1345.061572
2026-09-11T09:00:06.698Z,DOT,0.7712,1525,1.1251,1345.061572
2026-09-11T09:00:06.698Z,LINK,0.9518,15610,11.496,1345.061572
2026-09-11T09:00:06.698Z,POL,-0.8351,125.7,0.09424,1345.061572
2026-09-11T09:00:06.698Z,DOGE,1.3407,114.5,0.084,1345.061572
2026-09-11T09:00:06.698Z,TRX,1.3899,461.7,0.33855,1345.061572
2026-09-11T09:00:06.698Z,XLM,1.427,240.3,0.17614,1345.061572
2026-09-11T09:00:06.698Z,SHIB,2.2843,0.007,0.000005088,1345.061572
2026-09-11T09:00:06.698Z,BCH,1.4882,309600,226.8,1345.061572
2026-09-11T09:00:06.698Z,UNI,1.1419,8270,6.079,1345.061572
2026-09-11T09:00:06.698Z,AAVE,0.8061,166600,122.87,1345.061572
2026-09-11T09:00:06.698Z,SUSHI,0.8316,292,0.2153,1345.061572
2026-09-11T09:00:06.698Z,LDO,-20.098,399.8,0.372,1345.061572
2026-09-11T09:00:06.698Z,ICP,0.6112,3731,2.757,1345.061572
2026-09-11T09:00:06.698Z,NEAR,1.1757,3360,2.469,1345.061572
2026-09-11T09:00:06.698Z,HBAR,1.2176,101.4,0.07448,1345.061572
2026-09-11T09:00:06.698Z,XTZ,1.0827,348.2,0.2561,1345.061572
2026-09-11T09:00:06.698Z,DYDX,-3.3592,149.2,0.11478,1345.061572
2026-09-11T09:00:06.698Z,ARB,19.5634,230.6,0.14339,1345.061572
2026-09-11T09:00:06.698Z,GMX,-0.0059,10160,7.554,1345.061572
2026-09-11T09:00:06.698Z,IMX,1.2654,163.3,0.11989,1345.061572
2026-09-11T09:00:06.698Z,INJ,-1.6191,7900,5.97,1345.061572
2026-09-11T09:00:06.698Z,GRT,12.5406,26.99,0.01783,1345.061572
2026-09-11T09:00:06.698Z,SUI,1.3626,1004,0.7364,1345.061572
2026-09-11T09:00:06.698Z,HYPE,1.8414,110000,80.302,1345.061572
2026-09-11T09:05:06.880Z,BTC,1.3192,105333000,77291.3,1345.061572
2026-09-11T09:05:06.880Z,ETH,1.2714,3371000,2474.74,1345.061572
2026-09-11T09:05:06.880Z,SOL,1.3674,136100,99.82,1345.061572
2026-09-11T09:05:06.880Z,BNB,1.5799,975000,713.6,1345.061572
2026-09-11T09:05:06.880Z,XRP,1.316,1843,1.3524,1345.061572
2026-09-11T09:05:06.880Z,ADA,1.7952,283.7,0.2072,1345.061572
2026-09-11T09:05:06.880Z,AVAX,1.7283,10250,7.491,1345.061572
2026-09-11T09:05:06.880Z,DOT,1.0497,1525,1.122,1345.061572
2026-09-11T09:05:06.880Z,LINK,1.0221,15610,11.488,1345.061572
2026-09-11T09:05:06.880Z,POL,-0.9087,125.7,0.09431,1345.061572
2026-09-11T09:05:06.880Z,DOGE,1.2884,114.4,0.08397,1345.061572
2026-09-11T09:05:06.880Z,TRX,1.384,461.7,0.33857,1345.061572
2026-09-11T09:05:06.880Z,XLM,1.4904,240.3,0.17603,1345.061572
2026-09-11T09:05:06.880Z,SHIB,2.3044,0.007,0.000005087,1345.061572
2026-09-11T09:05:06.880Z,BCH,1.533,309600,226.7,1345.061572
2026-09-11T09:05:06.880Z,UNI,1.1087,8270,6.081,1345.061572
2026-09-11T09:05:06.880Z,AAVE,0.8636,166600,122.8,1345.061572
2026-09-11T09:05:06.880Z,SUSHI,0.8316,292,0.2153,1345.061572
2026-09-11T09:05:06.880Z,LDO,-19.861,399.8,0.3709,1345.061572
2026-09-11T09:05:06.880Z,ICP,0.794,3731,2.752,1345.061572
2026-09-11T09:05:06.880Z,NEAR,1.1347,3360,2.47,1345.061572
2026-09-11T09:05:06.880Z,HBAR,1.272,101.4,0.07444,1345.061572
2026-09-11T09:05:06.880Z,XTZ,0.8465,348.2,0.2567,1345.061572
2026-09-11T09:05:06.880Z,DYDX,-3.0721,149.2,0.11444,1345.061572
2026-09-11T09:05:06.880Z,ARB,1.9775,196.6,0.14333,1345.061572
2026-09-11T09:05:06.880Z,GMX,-0.0456,10160,7.557,1345.061572
2026-09-11T09:05:06.880Z,IMX,1.2569,163.3,0.1199,1345.061572
2026-09-11T09:05:06.880Z,INJ,-1.5862,7900,5.968,1345.061572
2026-09-11T09:05:06.880Z,GRT,12.7303,26.99,0.0178,1345.061572
2026-09-11T09:05:06.880Z,SUI,1.3304,1003,0.7359,1345.061572
2026-09-11T09:05:06.880Z,HYPE,1.9289,110000,80.233,1345.061572
2026-09-11T09:10:06.503Z,BTC,1.3937,105330000,77232.3,1345.061572
2026-09-11T09:10:06.503Z,ETH,1.3315,3370000,2472.54,1345.061572
2026-09-11T09:10:06.503Z,SOL,1.4149,136000,99.7,1345.061572
2026-09-11T09:10:06.503Z,BNB,1.7367,975000,712.5,1345.061572
2026-09-11T09:10:06.503Z,XRP,1.3109,1841,1.351,1345.061572
2026-09-11T09:10:06.503Z,ADA,1.5248,282.4,0.2068,1345.061572
2026-09-11T09:10:06.503Z,AVAX,1.9052,10250,7.478,1345.061572
2026-09-11T09:10:06.503Z,DOT,1.1578,1525,1.1208,1345.061572
2026-09-11T09:10:06.503Z,LINK,1.1101,15610,11.478,1345.061572
2026-09-11T09:10:06.503Z,POL,-0.8141,125.7,0.09422,1345.061572
2026-09-11T09:10:06.503Z,DOGE,1.2843,114.3,0.0839,1345.061572
2026-09-11T09:10:06.503Z,TRX,1.348,461.7,0.33869,1345.061572
2026-09-11T09:10:06.503Z,XLM,1.4309,239.9,0.17584,1345.061572
2026-09-11T09:10:06.503Z,SHIB,2.4453,0.007,0.00000508,1345.061572
2026-09-11T09:10:06.503Z,BCH,1.6227,309600,226.5,1345.061572
2026-09-11T09:10:06.503Z,UNI,1.1752,8270,6.077,1345.061572
2026-09-11T09:10:06.503Z,AAVE,0.987,166600,122.65,1345.061572
2026-09-11T09:10:06.503Z,SUSHI,1.1134,292,0.2147,1345.061572
2026-09-11T09:10:06.503Z,LDO,-19.7745,399.8,0.3705,1345.061572
2026-09-11T09:10:06.503Z,ICP,0.8673,3731,2.75,1345.061572
2026-09-11T09:10:06.503Z,NEAR,1.0359,3354,2.468,1345.061572
2026-09-11T09:10:06.503Z,HBAR,1.3265,101.4,0.0744,1345.061572
2026-09-11T09:10:06.503Z,XTZ,0.8465,348.2,0.2567,1345.061572
2026-09-11T09:10:06.503Z,DYDX,-2.9109,149.2,0.11425,1345.061572
2026-09-11T09:10:06.503Z,ARB,1.9419,196.6,0.14338,1345.061572
2026-09-11T09:10:06.503Z,GMX,0.0869,10160,7.547,1345.061572
2026-09-11T09:10:06.503Z,IMX,1.3669,163.3,0.11977,1345.061572
2026-09-11T09:10:06.503Z,INJ,-1.4375,7900,5.959,1345.061572
2026-09-11T09:10:06.503Z,GRT,12.7303,26.99,0.0178,1345.061572
2026-09-11T09:10:06.503Z,SUI,1.496,1003,0.7347,1345.061572
2026-09-11T09:10:06.503Z,HYPE,1.5093,109300,80.052,1345.061572
2026-09-11T09:15:07.087Z,BTC,1.366,105300000,77231.4,1345.061572
2026-09-11T09:15:07.087Z,ETH,1.2965,3369000,2472.66,1345.061572
2026-09-11T09:15:07.087Z,SOL,1.381,135900,99.66,1345.061572
2026-09-11T09:15:07.087Z,BNB,1.6368,975000,713.2,1345.061572
2026-09-11T09:15:07.087Z,XRP,1.3409,1841,1.3506,1345.061572
2026-09-11T09:15:07.087Z,ADA,1.4791,282,0.2066,1345.061572
2026-09-11T09:15:07.087Z,AVAX,1.9597,10250,7.474,1345.061572
2026-09-11T09:15:07.087Z,DOT,1.2572,1525,1.1197,1345.061572
2026-09-11T09:15:07.087Z,LINK,1.1365,15610,11.475,1345.061572
2026-09-11T09:15:07.087Z,POL,-0.9402,125.7,0.09434,1345.061572
2026-09-11T09:15:07.087Z,DOGE,1.3084,114.3,0.08388,1345.061572
2026-09-11T09:15:07.087Z,TRX,1.382,461.8,0.33865,1345.061572
2026-09-11T09:15:07.087Z,XLM,1.381,239.7,0.17578,1345.061572
2026-09-11T09:15:07.087Z,SHIB,2.4857,0.007,0.000005078,1345.061572
2026-09-11T09:15:07.087Z,BCH,1.6676,309600,226.4,1345.061572
2026-09-11T09:15:07.087Z,UNI,1.3754,8270,6.065,1345.061572
2026-09-11T09:15:07.087Z,AAVE,1.0117,166600,122.62,1345.061572
2026-09-11T09:15:07.087Z,SUSHI,1.3021,292,0.2143,1345.061572
2026-09-11T09:15:07.087Z,LDO,-19.7962,399.8,0.3706,1345.061572
2026-09-11T09:15:07.087Z,ICP,0.8673,3731,2.75,1345.061572
2026-09-11T09:15:07.087Z,NEAR,1.189,3355,2.465,1345.061572
2026-09-11T09:15:07.087Z,HBAR,1.381,101.4,0.07436,1345.061572
2026-09-11T09:15:07.087Z,XTZ,0.6896,348.2,0.2571,1345.061572
2026-09-11T09:15:07.087Z,DYDX,-2.9619,149.2,0.11431,1345.061572
2026-09-11T09:15:07.087Z,ARB,2.399,196.6,0.14274,1345.061572
2026-09-11T09:15:07.087Z,GMX,0.1002,10160,7.546,1345.061572
2026-09-11T09:15:07.087Z,IMX,1.4261,163.3,0.1197,1345.061572
2026-09-11T09:15:07.087Z,INJ,-1.2387,7900,5.947,1345.061572
2026-09-11T09:15:07.087Z,GRT,12.9206,26.99,0.01777,1345.061572
2026-09-11T09:15:07.087Z,SUI,1.3764,1001,0.7341,1345.061572
2026-09-11T09:15:07.087Z,HYPE,1.5524,109300,80.018,1345.061572
2026-09-11T09:20:06.870Z,BTC,1.357,105286000,77228,1345.061572
2026-09-11T09:20:06.870Z,ETH,1.2302,3367000,2472.81,1345.061572
2026-09-11T09:20:06.870Z,SOL,1.4013,135900,99.64,1345.061572
2026-09-11T09:20:06.870Z,BNB,1.6368,975000,713.2,1345.061572
2026-09-11T09:20:06.870Z,XRP,1.3159,1840,1.3502,1345.061572
2026-09-11T09:20:06.870Z,ADA,1.4791,282,0.2066,1345.061572
2026-09-11T09:20:06.870Z,AVAX,1.9324,10250,7.476,1345.061572
2026-09-11T09:20:06.870Z,DOT,1.2391,1525,1.1199,1345.061572
2026-09-11T09:20:06.870Z,LINK,1.1277,15610,11.476,1345.061572
2026-09-11T09:20:06.870Z,POL,-1.0137,125.7,0.09441,1345.061572
2026-09-11T09:20:06.870Z,DOGE,1.2964,114.3,0.08389,1345.061572
2026-09-11T09:20:06.870Z,TRX,1.3281,461.5,0.33861,1345.061572
2026-09-11T09:20:06.870Z,XLM,1.5002,239.9,0.17572,1345.061572
2026-09-11T09:20:06.870Z,SHIB,2.5463,0.007,0.000005075,1345.061572
2026-09-11T09:20:06.870Z,BCH,1.6676,309600,226.4,1345.061572
2026-09-11T09:20:06.870Z,UNI,1.5428,8270,6.055,1345.061572
2026-09-11T09:20:06.870Z,AAVE,1.0199,166600,122.61,1345.061572
2026-09-11T09:20:06.870Z,SUSHI,1.2077,292,0.2145,1345.061572
2026-09-11T09:20:06.870Z,LDO,-19.7095,399.8,0.3702,1345.061572
2026-09-11T09:20:06.870Z,ICP,0.794,3731,2.752,1345.061572
2026-09-11T09:20:06.870Z,NEAR,1.3535,3355,2.461,1345.061572
2026-09-11T09:20:06.870Z,HBAR,1.4628,101.4,0.0743,1345.061572
2026-09-11T09:20:06.870Z,XTZ,1.0039,348.2,0.2563,1345.061572
2026-09-11T09:20:06.870Z,DYDX,-2.7577,149.2,0.11407,1345.061572
2026-09-11T09:20:06.870Z,ARB,2.4492,196.6,0.14267,1345.061572
2026-09-11T09:20:06.870Z,GMX,0.4997,10160,7.516,1345.061572
2026-09-11T09:20:06.870Z,IMX,1.4516,163.3,0.11967,1345.061572
2026-09-11T09:20:06.870Z,INJ,-1.421,7900,5.958,1345.061572
2026-09-11T09:20:06.870Z,GRT,13.1754,26.99,0.01773,1345.061572
2026-09-11T09:20:06.870Z,SUI,1.3902,1001,0.734,1345.061572
2026-09-11T09:20:06.870Z,HYPE,1.5677,109300,80.006,1345.061572
2026-09-11T09:25:06.893Z,BTC,1.3207,105164000,77166.1,1345.061572
2026-09-11T09:25:06.893Z,ETH,1.2695,3367000,2471.85,1345.061572
2026-09-11T09:25:06.893Z,SOL,1.3436,135700,99.55,1345.061572
2026-09-11T09:25:06.893Z,BNB,1.6939,975000,712.8,1345.061572
2026-09-11T09:25:06.893Z,XRP,1.3183,1838,1.3487,1345.061572
2026-09-11T09:25:06.893Z,ADA,1.4728,281.3,0.2061,1345.061572
2026-09-11T09:25:06.893Z,AVAX,2.1237,10250,7.462,1345.061572
2026-09-11T09:25:06.893Z,DOT,1.5747,1525,1.1162,1345.061572
2026-09-11T09:25:06.893Z,LINK,1.4635,15640,11.46,1345.061572
2026-09-11T09:25:06.893Z,POL,-0.7614,125.7,0.09417,1345.061572
2026-09-11T09:25:06.893Z,DOGE,1.2198,114.2,0.08388,1345.061572
2026-09-11T09:25:06.893Z,TRX,1.379,461.5,0.33844,1345.061572
2026-09-11T09:25:06.893Z,XLM,1.3636,239.4,0.17559,1345.061572
2026-09-11T09:25:06.893Z,SHIB,1.201,0.0069,0.000005069,1345.061572
2026-09-11T09:25:06.893Z,BCH,1.7125,309600,226.3,1345.061572
2026-09-11T09:25:06.893Z,UNI,1.5596,8270,6.054,1345.061572
2026-09-11T09:25:06.893Z,AAVE,1.0694,166600,122.55,1345.061572
2026-09-11T09:25:06.893Z,SUSHI,1.1605,292,0.2146,1345.061572
2026-09-11T09:25:06.893Z,LDO,-19.5791,399.8,0.3696,1345.061572
2026-09-11T09:25:06.893Z,ICP,0.9407,3731,2.748,1345.061572
2026-09-11T09:25:06.893Z,NEAR,1.7255,3355,2.452,1345.061572
2026-09-11T09:25:06.893Z,HBAR,1.4447,101.3,0.07424,1345.061572
2026-09-11T09:25:06.893Z,XTZ,1.0827,348.2,0.2561,1345.061572
2026-09-11T09:25:06.893Z,DYDX,-2.7406,149.2,0.11405,1345.061572
2026-09-11T09:25:06.893Z,ARB,2.6579,196.6,0.14238,1345.061572
2026-09-11T09:25:06.893Z,GMX,0.2995,10160,7.531,1345.061572
2026-09-11T09:25:06.893Z,IMX,1.5279,163.3,0.11958,1345.061572
2026-09-11T09:25:06.893Z,INJ,-1.4375,7900,5.959,1345.061572
2026-09-11T09:25:06.893Z,GRT,13.2393,26.99,0.01772,1345.061572
2026-09-11T09:25:06.893Z,SUI,1.3893,999.9,0.7332,1345.061572
2026-09-11T09:25:06.893Z,HYPE,1.7992,109300,79.824,1345.061572
2026-09-11T09:30:07.082Z,BTC,1.3094,105060000,77098.4,1345.061572
2026-09-11T09:30:07.082Z,ETH,1.1818,3364000,2471.79,1345.061572
2026-09-11T09:30:07.082Z,SOL,1.3029,135700,99.59,1345.061572
2026-09-11T09:30:07.082Z,BNB,1.6939,975000,712.8,1345.061572
2026-09-11T09:30:07.082Z,XRP,1.3083,1837,1.3481,1345.061572
2026-09-11T09:30:07.082Z,ADA,1.3678,280.6,0.2058,1345.061572
2026-09-11T09:30:07.082Z,AVAX,2.247,10250,7.453,1345.061572
2026-09-11T09:30:07.082Z,DOT,1.8119,1525,1.1136,1345.061572
2026-09-11T09:30:07.082Z,LINK,1.4812,15640,11.458,1345.061572
2026-09-11T09:30:07.082Z,POL,-0.6348,125.7,0.09405,1345.061572
2026-09-11T09:30:07.082Z,DOGE,1.256,114.2,0.08385,1345.061572
2026-09-11T09:30:07.082Z,TRX,1.384,461.4,0.33835,1345.061572
2026-09-11T09:30:07.082Z,XLM,1.3636,239.4,0.17559,1345.061572
2026-09-11T09:30:07.082Z,SHIB,1.2409,0.0069,0.000005067,1345.061572
2026-09-11T09:30:07.082Z,BCH,1.8475,309600,226,1345.061572
2026-09-11T09:30:07.082Z,UNI,1.4088,8270,6.063,1345.061572
2026-09-11T09:30:07.082Z,AAVE,1.0694,166600,122.55,1345.061572
2026-09-11T09:30:07.082Z,SUSHI,1.1605,292,0.2146,1345.061572
2026-09-11T09:30:07.082Z,LDO,-19.6009,399.8,0.3697,1345.061572
2026-09-11T09:30:07.082Z,ICP,0.8673,3731,2.75,1345.061572
2026-09-11T09:30:07.082Z,NEAR,0.8528,3333,2.457,1345.061572
2026-09-11T09:30:07.082Z,HBAR,1.4994,101.3,0.0742,1345.061572
2026-09-11T09:30:07.082Z,XTZ,1.0433,348.2,0.2562,1345.061572
2026-09-11T09:30:07.082Z,DYDX,-2.7151,149.2,0.11402,1345.061572
2026-09-11T09:30:07.082Z,ARB,2.4564,196.6,0.14266,1345.061572
2026-09-11T09:30:07.082Z,GMX,0.3795,10160,7.525,1345.061572
2026-09-11T09:30:07.082Z,IMX,1.5959,163.3,0.1195,1345.061572
2026-09-11T09:30:07.082Z,INJ,-1.2553,7900,5.948,1345.061572
2026-09-11T09:30:07.082Z,GRT,13.4955,26.99,0.01768,1345.061572
2026-09-11T09:30:07.082Z,SUI,1.3616,999.9,0.7334,1345.061572
2026-09-11T09:30:07.082Z,HYPE,1.8247,109300,79.804,1345.061572
2026-09-11T09:35:06.864Z,BTC,1.3038,105002000,77060.1,1345.061572
2026-09-11T09:35:06.864Z,ETH,1.3216,3367000,2470.58,1345.061572
2026-09-11T09:35:06.864Z,SOL,1.364,135700,99.53,1345.061572
2026-09-11T09:35:06.864Z,BNB,1.7367,975000,712.5,1345.061572
2026-09-11T09:35:06.864Z,XRP,1.3232,1834,1.3457,1345.061572
2026-09-11T09:35:06.864Z,ADA,1.4435,280.4,0.2055,1345.061572
2026-09-11T09:35:06.864Z,AVAX,2.4257,10250,7.44,1345.061572
2026-09-11T09:35:06.864Z,DOT,2.3172,1525,1.1081,1345.061572
2026-09-11T09:35:06.864Z,LINK,1.5965,15640,11.445,1345.061572
2026-09-11T09:35:06.864Z,POL,-0.4549,125.7,0.09388,1345.061572
2026-09-11T09:35:06.864Z,DOGE,1.3164,114.2,0.0838,1345.061572
2026-09-11T09:35:06.864Z,TRX,1.336,461.4,0.33851,1345.061572
2026-09-11T09:35:06.864Z,XLM,1.4021,239.3,0.17545,1345.061572
2026-09-11T09:35:06.864Z,SHIB,1.2809,0.0069,0.000005065,1345.061572
2026-09-11T09:35:06.864Z,BCH,1.8475,309600,226,1345.061572
2026-09-11T09:35:06.864Z,UNI,1.4758,8270,6.059,1345.061572
2026-09-11T09:35:06.864Z,AAVE,1.1519,166600,122.45,1345.061572
2026-09-11T09:35:06.864Z,SUSHI,1.2549,292,0.2144,1345.061572
2026-09-11T09:35:06.864Z,LDO,-19.4047,399.8,0.3688,1345.061572
2026-09-11T09:35:06.864Z,ICP,1.0142,3731,2.746,1345.061572
2026-09-11T09:35:06.864Z,NEAR,1.0585,3333,2.452,1345.061572
2026-09-11T09:35:06.864Z,HBAR,1.5771,101.2,0.07407,1345.061572
2026-09-11T09:35:06.864Z,XTZ,1.1222,348.2,0.256,1345.061572
2026-09-11T09:35:06.864Z,DYDX,-2.6382,149.2,0.11393,1345.061572
2026-09-11T09:35:06.864Z,ARB,2.3416,196.6,0.14282,1345.061572
2026-09-11T09:35:06.864Z,GMX,0.3128,10160,7.53,1345.061572
2026-09-11T09:35:06.864Z,IMX,1.6384,163.3,0.11945,1345.061572
2026-09-11T09:35:06.864Z,INJ,-1.1056,7900,5.939,1345.061572
2026-09-11T09:35:06.864Z,GRT,13.3672,26.99,0.0177,1345.061572
2026-09-11T09:35:06.864Z,SUI,1.3948,999,0.7325,1345.061572
2026-09-11T09:35:06.864Z,HYPE,1.9231,109300,79.727,1345.061572
2026-09-11T09:40:06.848Z,BTC,1.3554,104808000,76878.6,1345.061572
2026-09-11T09:40:06.848Z,ETH,1.3981,3359000,2462.85,1345.061572
2026-09-11T09:40:06.848Z,SOL,1.3741,135100,99.08,1345.061572
2026-09-11T09:40:06.848Z,BNB,1.9657,975000,710.9,1345.061572
2026-09-11T09:40:06.848Z,XRP,1.391,1828,1.3404,1345.061572
2026-09-11T09:40:06.848Z,ADA,1.5796,279,0.2042,1345.061572
2026-09-11T09:40:06.848Z,AVAX,2.0988,10150,7.391,1345.061572
2026-09-11T09:40:06.848Z,DOT,1.5845,1497,1.0956,1345.061572
2026-09-11T09:40:06.848Z,LINK,1.633,15580,11.397,1345.061572
2026-09-11T09:40:06.848Z,POL,-0.37,125.7,0.0938,1345.061572
2026-09-11T09:40:06.848Z,DOGE,1.4984,113.9,0.08343,1345.061572
2026-09-11T09:40:06.848Z,TRX,1.3989,461.4,0.3383,1345.061572
2026-09-11T09:40:06.848Z,XLM,1.4622,238.5,0.17476,1345.061572
2026-09-11T09:40:06.848Z,SHIB,1.7026,0.0069,0.000005044,1345.061572
2026-09-11T09:40:06.848Z,BCH,2.2547,309600,225.1,1345.061572
2026-09-11T09:40:06.848Z,UNI,2.2521,8270,6.013,1345.061572
2026-09-11T09:40:06.848Z,AAVE,1.7084,166600,121.78,1345.061572
2026-09-11T09:40:06.848Z,SUSHI,2.1122,292,0.2126,1345.061572
2026-09-11T09:40:06.848Z,LDO,-18.8989,399.8,0.3665,1345.061572
2026-09-11T09:40:06.848Z,ICP,1.4082,3721,2.728,1345.061572
2026-09-11T09:40:06.848Z,NEAR,1.1594,3320,2.44,1345.061572
2026-09-11T09:40:06.848Z,HBAR,1.6277,101.1,0.07396,1345.061572
2026-09-11T09:40:06.848Z,XTZ,1.5985,348.2,0.2548,1345.061572
2026-09-11T09:40:06.848Z,DYDX,-2.019,149.2,0.11321,1345.061572
2026-09-11T09:40:06.848Z,ARB,1.7173,193.8,0.14165,1345.061572
2026-09-11T09:40:06.848Z,GMX,0.9294,10160,7.484,1345.061572
2026-09-11T09:40:06.848Z,IMX,2.1086,163.3,0.1189,1345.061572
2026-09-11T09:40:06.848Z,INJ,-0.1982,7900,5.885,1345.061572
2026-09-11T09:40:06.848Z,GRT,14.0113,26.99,0.0176,1345.061572
2026-09-11T09:40:06.848Z,SUI,1.7087,995.8,0.7279,1345.061572
2026-09-11T09:40:06.848Z,HYPE,2.2074,109000,79.287,1345.061572
2026-09-11T09:45:07.100Z,BTC,1.2887,104819000,76937.3,1345.061572
2026-09-11T09:45:07.100Z,ETH,1.2547,3357000,2464.87,1345.061572
2026-09-11T09:45:07.100Z,SOL,1.2582,135000,99.12,1345.061572
2026-09-11T09:45:07.100Z,BNB,1.8797,975000,711.5,1345.061572
2026-09-11T09:45:07.100Z,XRP,1.386,1826,1.339,1345.061572
2026-09-11T09:45:07.100Z,ADA,1.2155,278,0.2042,1345.061572
2026-09-11T09:45:07.100Z,AVAX,2.1679,10150,7.386,1345.061572
2026-09-11T09:45:07.100Z,DOT,2.0035,1497,1.0911,1345.061572
2026-09-11T09:45:07.100Z,LINK,1.5083,15580,11.411,1345.061572
2026-09-11T09:45:07.100Z,POL,-0.529,125.7,0.09395,1345.061572
2026-09-11T09:45:07.100Z,DOGE,1.3081,113.7,0.08344,1345.061572
2026-09-11T09:45:07.100Z,TRX,1.3959,461.4,0.33831,1345.061572
2026-09-11T09:45:07.100Z,XLM,1.3036,238.1,0.17474,1345.061572
2026-09-11T09:45:07.100Z,SHIB,1.6421,0.0069,0.000005047,1345.061572
2026-09-11T09:45:07.100Z,BCH,2.3456,309600,224.9,1345.061572
2026-09-11T09:45:07.100Z,UNI,2.1332,8270,6.02,1345.061572
2026-09-11T09:45:07.100Z,AAVE,1.5833,166600,121.93,1345.061572
2026-09-11T09:45:07.100Z,SUSHI,2.0641,292,0.2127,1345.061572
2026-09-11T09:45:07.100Z,LDO,-19.0976,399.8,0.3674,1345.061572
2026-09-11T09:45:07.100Z,ICP,1.3339,3721,2.73,1345.061572
2026-09-11T09:45:07.100Z,NEAR,1.068,3317,2.44,1345.061572
2026-09-11T09:45:07.100Z,HBAR,1.5042,101.1,0.07405,1345.061572
2026-09-11T09:45:07.100Z,XTZ,1.7182,348.2,0.2545,1345.061572
2026-09-11T09:45:07.100Z,DYDX,-1.8716,149.2,0.11304,1345.061572
2026-09-11T09:45:07.100Z,ARB,1.7245,193.8,0.14164,1345.061572
2026-09-11T09:45:07.100Z,GMX,1.0239,10160,7.477,1345.061572
2026-09-11T09:45:07.100Z,IMX,2.1945,163.3,0.1188,1345.061572
2026-09-11T09:45:07.100Z,INJ,-0.3844,7900,5.896,1345.061572
2026-09-11T09:45:07.100Z,GRT,14.0113,26.99,0.0176,1345.061572
2026-09-11T09:45:07.100Z,SUI,1.6948,995.8,0.728,1345.061572
2026-09-11T09:45:07.100Z,HYPE,2.1894,109000,79.301,1345.061572
2026-09-11T09:50:07.075Z,BTC,1.2442,104819000,76971.1,1345.061572
2026-09-11T09:50:07.075Z,ETH,1.3371,3361000,2465.8,1345.061572
2026-09-11T09:50:07.075Z,SOL,1.381,135300,99.22,1345.061572
2026-09-11T09:50:07.075Z,BNB,1.846,975500,712.1,1345.061572
2026-09-11T09:50:07.075Z,XRP,1.3658,1827,1.34,1345.061572
2026-09-11T09:50:07.075Z,ADA,1.2155,278,0.2042,1345.061572
2026-09-11T09:50:07.075Z,AVAX,2.085,10150,7.392,1345.061572
2026-09-11T09:50:07.075Z,DOT,1.5845,1497,1.0956,1345.061572
2026-09-11T09:50:07.075Z,LINK,1.4638,15580,11.416,1345.061572
2026-09-11T09:50:07.075Z,POL,-0.9297,125.7,0.09433,1345.061572
2026-09-11T09:50:07.075Z,DOGE,1.1989,113.7,0.08353,1345.061572
2026-09-11T09:50:07.075Z,TRX,1.4469,461.7,0.33836,1345.061572
2026-09-11T09:50:07.075Z,XLM,1.2341,238.1,0.17486,1345.061572
2026-09-11T09:50:07.075Z,SHIB,1.5415,0.0069,0.000005052,1345.061572
2026-09-11T09:50:07.075Z,BCH,2.3456,309600,224.9,1345.061572
2026-09-11T09:50:07.075Z,UNI,2.1841,8270,6.017,1345.061572
2026-09-11T09:50:07.075Z,AAVE,1.4252,166600,122.12,1345.061572
2026-09-11T09:50:07.075Z,SUSHI,1.9683,292,0.2129,1345.061572
2026-09-11T09:50:07.075Z,LDO,-19.0315,399.8,0.3671,1345.061572
2026-09-11T09:50:07.075Z,ICP,1.2227,3721,2.733,1345.061572
2026-09-11T09:50:07.075Z,NEAR,0.6144,3317,2.451,1345.061572
2026-09-11T09:50:07.075Z,HBAR,1.5453,101.1,0.07402,1345.061572
2026-09-11T09:50:07.075Z,XTZ,1.5985,348.2,0.2548,1345.061572
2026-09-11T09:50:07.075Z,DYDX,-2.1055,149.2,0.11331,1345.061572
2026-09-11T09:50:07.075Z,ARB,1.5238,193.8,0.14192,1345.061572
2026-09-11T09:50:07.075Z,GMX,1.1186,10160,7.47,1345.061572
2026-09-11T09:50:07.075Z,IMX,2.1429,163.3,0.11886,1345.061572
2026-09-11T09:50:07.075Z,INJ,-0.249,7900,5.888,1345.061572
2026-09-11T09:50:07.075Z,GRT,14.0113,26.99,0.0176,1345.061572
2026-09-11T09:50:07.075Z,SUI,1.5135,995.8,0.7293,1345.061572
2026-09-11T09:50:07.075Z,HYPE,2.1456,109000,79.335,1345.061572
2026-09-11T09:55:06.888Z,BTC,1.2245,104823000,76989,1345.061572
2026-09-11T09:55:06.888Z,ETH,1.3088,3364000,2468.69,1345.061572
2026-09-11T09:55:06.888Z,SOL,1.2687,135300,99.33,1345.061572
2026-09-11T09:55:06.888Z,BNB,1.7746,975500,712.6,1345.061572
2026-09-11T09:55:06.888Z,XRP,1.3558,1829,1.3416,1345.061572
2026-09-11T09:55:06.888Z,ADA,1.2751,278.3,0.2043,1345.061572
2026-09-11T09:55:06.888Z,AVAX,1.9058,10150,7.405,1345.061572
2026-09-11T09:55:06.888Z,DOT,1.5197,1497,1.0963,1345.061572
2026-09-11T09:55:06.888Z,LINK,1.3307,15580,11.431,1345.061572
2026-09-11T09:55:06.888Z,POL,-1.1184,125.7,0.09451,1345.061572
2026-09-11T09:55:06.888Z,DOGE,1.0537,113.7,0.08365,1345.061572
2026-09-11T09:55:06.888Z,TRX,1.4229,461.7,0.33844,1345.061572
2026-09-11T09:55:06.888Z,XLM,1.1011,238.1,0.17509,1345.061572
2026-09-11T09:55:06.888Z,SHIB,1.3609,0.0069,0.000005061,1345.061572
2026-09-11T09:55:06.888Z,BCH,2.3001,309600,225,1345.061572
2026-09-11T09:55:06.888Z,UNI,2.0146,8270,6.027,1345.061572
2026-09-11T09:55:06.888Z,AAVE,1.2428,166600,122.34,1345.061572
2026-09-11T09:55:06.888Z,SUSHI,1.8248,292,0.2132,1345.061572
2026-09-11T09:55:06.888Z,LDO,-19.2514,399.8,0.3681,1345.061572
2026-09-11T09:55:06.888Z,ICP,0.8169,3721,2.744,1345.061572
2026-09-11T09:55:06.888Z,NEAR,0.0024,3317,2.466,1345.061572
2026-09-11T09:55:06.888Z,HBAR,1.3673,101.1,0.07415,1345.061572
2026-09-11T09:55:06.888Z,XTZ,1.5985,348.2,0.2548,1345.061572
2026-09-11T09:55:06.888Z,DYDX,-2.1659,149.2,0.11338,1345.061572
2026-09-11T09:55:06.888Z,ARB,1.6169,193.8,0.14179,1345.061572
2026-09-11T09:55:06.888Z,GMX,0.889,10160,7.487,1345.061572
2026-09-11T09:55:06.888Z,IMX,2.0228,163.3,0.119,1345.061572
2026-09-11T09:55:06.888Z,INJ,-0.3168,7900,5.892,1345.061572
2026-09-11T09:55:06.888Z,GRT,13.9466,26.99,0.01761,1345.061572
2026-09-11T09:55:06.888Z,SUI,1.3329,995.8,0.7306,1345.061572
2026-09-11T09:55:06.888Z,HYPE,1.8682,109000,79.551,1345.061572
2026-09-11T10:00:07.049Z,BTC,1.3423,104960000,77000,1345.061572
2026-09-11T10:00:07.049Z,ETH,1.3339,3364000,2468.08,1345.061572
2026-09-11T10:00:07.049Z,SOL,1.2789,135300,99.32,1345.061572
2026-09-11T10:00:07.049Z,BNB,1.7889,975500,712.5,1345.061572
2026-09-11T10:00:07.049Z,XRP,1.4238,1829,1.3407,1345.061572
2026-09-11T10:00:07.049Z,ADA,1.5271,277.9,0.2035,1345.061572
2026-09-11T10:00:07.049Z,AVAX,2.0022,10150,7.398,1345.061572
2026-09-11T10:00:07.049Z,DOT,1.6124,1497,1.0953,1345.061572
2026-09-11T10:00:07.049Z,LINK,1.3662,15580,11.427,1345.061572
2026-09-11T10:00:07.049Z,POL,-1.1916,125.7,0.09458,1345.061572
2026-09-11T10:00:07.049Z,DOGE,1.0537,113.7,0.08365,1345.061572
2026-09-11T10:00:07.049Z,TRX,1.4289,461.7,0.33842,1345.061572
2026-09-11T10:00:07.049Z,XLM,1.1704,238.1,0.17497,1345.061572
2026-09-11T10:00:07.049Z,SHIB,1.401,0.0069,0.000005059,1345.061572
2026-09-11T10:00:07.049Z,BCH,2.3456,309600,224.9,1345.061572
2026-09-11T10:00:07.049Z,UNI,1.9469,8270,6.031,1345.061572
2026-09-11T10:00:07.049Z,AAVE,1.276,166600,122.3,1345.061572
2026-09-11T10:00:07.049Z,SUSHI,1.9204,292,0.213,1345.061572
2026-09-11T10:00:07.049Z,LDO,-19.1636,399.8,0.3677,1345.061572
2026-09-11T10:00:07.049Z,ICP,0.9641,3721,2.74,1345.061572
2026-09-11T10:00:07.049Z,NEAR,1.5429,3364,2.463,1345.061572
2026-09-11T10:00:07.049Z,HBAR,1.4494,101.1,0.07409,1345.061572
2026-09-11T10:00:07.049Z,XTZ,1.7982,348.2,0.2543,1345.061572
2026-09-11T10:00:07.049Z,DYDX,-1.941,149.2,0.11312,1345.061572
2026-09-11T10:00:07.049Z,ARB,21.0638,231.1,0.14192,1345.061572
2026-09-11T10:00:07.049Z,GMX,0.9564,10160,7.482,1345.061572
2026-09-11T10:00:07.049Z,IMX,2.1086,163.3,0.1189,1345.061572
2026-09-11T10:00:07.049Z,INJ,-0.1643,7900,5.883,1345.061572
2026-09-11T10:00:07.049Z,GRT,14.0762,26.99,0.01759,1345.061572
2026-09-11T10:00:07.049Z,SUI,1.3606,995.8,0.7304,1345.061572
2026-09-11T10:00:07.049Z,HYPE,1.9939,109000,79.453,1345.061572
2026-09-11T10:05:07.031Z,BTC,1.2831,105061000,77119.2,1345.061572
2026-09-11T10:05:07.031Z,ETH,1.2267,3368000,2473.63,1345.061572
2026-09-11T10:05:07.031Z,SOL,1.1978,135600,99.62,1345.061572
2026-09-11T10:05:07.031Z,BNB,1.5892,975500,713.9,1345.061572
2026-09-11T10:05:07.031Z,XRP,1.3005,1831,1.3438,1345.061572
2026-09-11T10:05:07.031Z,ADA,1.067,278,0.2045,1345.061572
2026-09-11T10:05:07.031Z,AVAX,1.6861,10150,7.421,1345.061572
2026-09-11T10:05:07.031Z,DOT,1.566,1497,1.0958,1345.061572
2026-09-11T10:05:07.031Z,LINK,1.0743,15580,11.46,1345.061572
2026-09-11T10:05:07.031Z,POL,-1.4001,125.7,0.09478,1345.061572
2026-09-11T10:05:07.031Z,DOGE,0.8127,113.7,0.08385,1345.061572
2026-09-11T10:05:07.031Z,TRX,1.363,461.7,0.33864,1345.061572
2026-09-11T10:05:07.031Z,XLM,1.2885,239.1,0.1755,1345.061572
2026-09-11T10:05:07.031Z,SHIB,0.9024,0.0069,0.000005084,1345.061572
2026-09-11T10:05:07.031Z,BCH,2.0281,309600,225.6,1345.061572
2026-09-11T10:05:07.031Z,UNI,1.5428,8270,6.055,1345.061572
2026-09-11T10:05:07.031Z,AAVE,0.9623,166600,122.68,1345.061572
2026-09-11T10:05:07.031Z,SUSHI,1.2077,292,0.2145,1345.061572
2026-09-11T10:05:07.031Z,LDO,-19.6444,399.8,0.3699,1345.061572
2026-09-11T10:05:07.031Z,ICP,6.9028,3960,2.754,1345.061572
2026-09-11T10:05:07.031Z,NEAR,0.3537,3357,2.487,1345.061572
2026-09-11T10:05:07.031Z,HBAR,1.2853,101.1,0.07421,1345.061572
2026-09-11T10:05:07.031Z,XTZ,1.1617,348.2,0.2559,1345.061572
2026-09-11T10:05:07.031Z,DYDX,-2.5527,149.2,0.11383,1345.061572
2026-09-11T10:05:07.031Z,ARB,20.6049,231.1,0.14246,1345.061572
2026-09-11T10:05:07.031Z,GMX,0.6068,10160,7.508,1345.061572
2026-09-11T10:05:07.031Z,IMX,1.6299,163.3,0.11946,1345.061572
2026-09-11T10:05:07.031Z,INJ,-0.7882,7900,5.92,1345.061572
2026-09-11T10:05:07.031Z,GRT,13.6884,26.99,0.01765,1345.061572
2026-09-11T10:05:07.031Z,SUI,0.9881,995.4,0.7328,1345.061572
2026-09-11T10:05:07.031Z,HYPE,1.7314,109000,79.658,1345.061572
2026-09-11T10:10:06.875Z,BTC,1.4078,105112000,77061.7,1345.061572
2026-09-11T10:10:06.875Z,ETH,1.3563,3366000,2469,1345.061572
2026-09-11T10:10:06.875Z,SOL,1.5134,135900,99.53,1345.061572
2026-09-11T10:10:06.875Z,BNB,1.575,975500,714,1345.061572
2026-09-11T10:10:06.875Z,XRP,1.386,1829,1.3412,1345.061572
2026-09-11T10:10:06.875Z,ADA,1.3147,278,0.204,1345.061572
2026-09-11T10:10:06.875Z,AVAX,1.7958,10150,7.413,1345.061572
2026-09-11T10:10:06.875Z,DOT,1.8355,1497,1.0929,1345.061572
2026-09-11T10:10:06.875Z,LINK,1.251,15580,11.44,1345.061572
2026-09-11T10:10:06.875Z,POL,-0.4867,125.7,0.09391,1345.061572
2026-09-11T10:10:06.875Z,DOGE,0.9451,113.7,0.08374,1345.061572
2026-09-11T10:10:06.875Z,TRX,1.4319,461.7,0.33841,1345.061572
2026-09-11T10:10:06.875Z,XLM,1.4678,239.1,0.17519,1345.061572
2026-09-11T10:10:06.875Z,SHIB,1.181,0.0069,0.00000507,1345.061572
2026-09-11T10:10:06.875Z,BCH,2.1639,309600,225.3,1345.061572
2026-09-11T10:10:06.875Z,UNI,2.1841,8270,6.017,1345.061572
2026-09-11T10:10:06.875Z,AAVE,1.2842,166600,122.29,1345.061572
2026-09-11T10:10:06.875Z,SUSHI,1.7294,292,0.2134,1345.061572
2026-09-11T10:10:06.875Z,LDO,-19.3828,399.8,0.3687,1345.061572
2026-09-11T10:10:06.875Z,ICP,0.8013,3715,2.74,1345.061572
2026-09-11T10:10:06.875Z,NEAR,1.2942,3398,2.494,1345.061572
2026-09-11T10:10:06.875Z,HBAR,1.4905,101.1,0.07406,1345.061572
2026-09-11T10:10:06.875Z,XTZ,1.2805,348.2,0.2556,1345.061572
2026-09-11T10:10:06.875Z,DYDX,-2.2952,149.2,0.11353,1345.061572
2026-09-11T10:10:06.875Z,ARB,21.0126,231.1,0.14198,1345.061572
2026-09-11T10:10:06.875Z,GMX,0.4195,10160,7.522,1345.061572
2026-09-11T10:10:06.875Z,IMX,1.8003,163.3,0.11926,1345.061572
2026-09-11T10:10:06.875Z,INJ,-0.7379,7900,5.917,1345.061572
2026-09-11T10:10:06.875Z,GRT,13.8173,26.99,0.01763,1345.061572
2026-09-11T10:10:06.875Z,SUI,1.4974,998.1,0.7311,1345.061572
2026-09-11T10:10:06.875Z,HYPE,1.972,109000,79.47,1345.061572
2026-09-11T10:15:07.039Z,BTC,1.3055,105013000,77066.9,1345.061572
2026-09-11T10:15:07.039Z,ETH,1.3638,3364000,2467.35,1345.061572
2026-09-11T10:15:07.039Z,SOL,1.3198,135600,99.5,1345.061572
2026-09-11T10:15:07.039Z,BNB,1.575,975500,714,1345.061572
2026-09-11T10:15:07.039Z,XRP,1.3961,1830,1.3418,1345.061572
2026-09-11T10:15:07.039Z,ADA,1.3644,278,0.2039,1345.061572
2026-09-11T10:15:07.039Z,AVAX,1.9333,10150,7.403,1345.061572
2026-09-11T10:15:07.039Z,DOT,1.7424,1497,1.0939,1345.061572
2026-09-11T10:15:07.039Z,LINK,1.2775,15580,11.437,1345.061572
2026-09-11T10:15:07.039Z,POL,-0.3806,125.7,0.09381,1345.061572
2026-09-11T10:15:07.039Z,DOGE,1.3245,114.1,0.08372,1345.061572
2026-09-11T10:15:07.039Z,TRX,1.4349,461.7,0.3384,1345.061572
2026-09-11T10:15:07.039Z,XLM,1.5025,239.1,0.17513,1345.061572
2026-09-11T10:15:07.039Z,SHIB,1.1212,0.0069,0.000005073,1345.061572
2026-09-11T10:15:07.039Z,BCH,2.0733,309600,225.5,1345.061572
2026-09-11T10:15:07.039Z,UNI,2.3883,8270,6.005,1345.061572
2026-09-11T10:15:07.039Z,AAVE,1.2925,166600,122.28,1345.061572
2026-09-11T10:15:07.039Z,SUSHI,1.8726,292,0.2131,1345.061572
2026-09-11T10:15:07.039Z,LDO,-19.3391,399.8,0.3685,1345.061572
2026-09-11T10:15:07.039Z,ICP,0.6543,3715,2.744,1345.061572
2026-09-11T10:15:07.039Z,NEAR,1.784,3398,2.482,1345.061572
2026-09-11T10:15:07.039Z,HBAR,1.5316,101.1,0.07403,1345.061572
2026-09-11T10:15:07.039Z,XTZ,1.2409,348.2,0.2557,1345.061572
2026-09-11T10:15:07.039Z,DYDX,-2.1832,149.2,0.1134,1345.061572
2026-09-11T10:15:07.039Z,ARB,1.4836,193.3,0.14161,1345.061572
2026-09-11T10:15:07.039Z,GMX,0.58,10160,7.51,1345.061572
2026-09-11T10:15:07.039Z,IMX,1.9542,163.3,0.11908,1345.061572
2026-09-11T10:15:07.039Z,INJ,-0.4688,7900,5.901,1345.061572
2026-09-11T10:15:07.039Z,GRT,13.7528,26.99,0.01764,1345.061572
2026-09-11T10:15:07.039Z,SUI,1.4697,998.1,0.7313,1345.061572
2026-09-11T10:15:07.039Z,HYPE,2.0041,109000,79.445,1345.061572
2026-09-11T10:20:07.097Z,BTC,1.4147,105118000,77060.9,1345.061572
2026-09-11T10:20:07.097Z,ETH,1.43,3364000,2465.74,1345.061572
2026-09-11T10:20:07.097Z,SOL,1.33,135600,99.49,1345.061572
2026-09-11T10:20:07.097Z,BNB,1.6747,975500,713.3,1345.061572
2026-09-11T10:20:07.097Z,XRP,1.4314,1829,1.3406,1345.061572
2026-09-11T10:20:07.097Z,ADA,1.3644,278,0.2039,1345.061572
2026-09-11T10:20:07.097Z,AVAX,1.9746,10150,7.4,1345.061572
2026-09-11T10:20:07.097Z,DOT,1.9381,1497,1.0918,1345.061572
2026-09-11T10:20:07.097Z,LINK,1.3662,15580,11.427,1345.061572
2026-09-11T10:20:07.097Z,POL,-0.8667,125.7,0.09427,1345.061572
2026-09-11T10:20:07.097Z,DOGE,1.3729,114.1,0.08368,1345.061572
2026-09-11T10:20:07.097Z,TRX,1.4499,461.7,0.33835,1345.061572
2026-09-11T10:20:07.097Z,XLM,1.5895,239.1,0.17498,1345.061572
2026-09-11T10:20:07.097Z,SHIB,1.2409,0.0069,0.000005067,1345.061572
2026-09-11T10:20:07.097Z,BCH,2.1186,309600,225.4,1345.061572
2026-09-11T10:20:07.097Z,UNI,2.4054,8270,6.004,1345.061572
2026-09-11T10:20:07.097Z,AAVE,1.3505,166600,122.21,1345.061572
2026-09-11T10:20:07.097Z,SUSHI,2.2564,292,0.2123,1345.061572
2026-09-11T10:20:07.097Z,LDO,-19.3391,399.8,0.3685,1345.061572
2026-09-11T10:20:07.097Z,ICP,1.0225,3715,2.734,1345.061572
2026-09-11T10:20:07.097Z,NEAR,1.743,3398,2.483,1345.061572
2026-09-11T10:20:07.097Z,HBAR,1.6689,101.1,0.07393,1345.061572
2026-09-11T10:20:07.097Z,XTZ,1.3598,348.2,0.2554,1345.061572
2026-09-11T10:20:07.097Z,DYDX,-1.9584,149.2,0.11314,1345.061572
2026-09-11T10:20:07.097Z,ARB,1.3262,193.3,0.14183,1345.061572
2026-09-11T10:20:07.097Z,GMX,0.7141,10160,7.5,1345.061572
2026-09-11T10:20:07.097Z,IMX,2.0914,163.3,0.11892,1345.061572
2026-09-11T10:20:07.097Z,INJ,-0.5362,7900,5.905,1345.061572
2026-09-11T10:20:07.097Z,GRT,13.8173,26.99,0.01763,1345.061572
2026-09-11T10:20:07.097Z,SUI,1.5947,998.1,0.7304,1345.061572
2026-09-11T10:20:07.097Z,HYPE,2.0272,109000,79.427,1345.061572
2026-09-11T10:25:06.897Z,BTC,1.3371,105038000,77061.2,1345.061572
2026-09-11T10:25:06.897Z,ETH,1.3673,3362000,2465.8,1345.061572
2026-09-11T10:25:06.897Z,SOL,1.3708,135600,99.45,1345.061572
2026-09-11T10:25:06.897Z,BNB,1.6604,975500,713.4,1345.061572
2026-09-11T10:25:06.897Z,XRP,1.3734,1827,1.3399,1345.061572
2026-09-11T10:25:06.897Z,ADA,1.5503,278.1,0.2036,1345.061572
2026-09-11T10:25:06.897Z,AVAX,1.9609,10150,7.401,1345.061572
2026-09-11T10:25:06.897Z,DOT,1.9942,1497,1.0912,1345.061572
2026-09-11T10:25:06.897Z,LINK,1.5172,15580,11.41,1345.061572
2026-09-11T10:25:06.897Z,POL,-0.6876,125.7,0.0941,1345.061572
2026-09-11T10:25:06.897Z,DOGE,1.4092,114.1,0.08365,1345.061572
2026-09-11T10:25:06.897Z,TRX,1.4529,461.7,0.33834,1345.061572
2026-09-11T10:25:06.897Z,XLM,1.4679,238.8,0.17497,1345.061572
2026-09-11T10:25:06.897Z,SHIB,1.3209,0.0069,0.000005063,1345.061572
2026-09-11T10:25:06.897Z,BCH,2.1639,309600,225.3,1345.061572
2026-09-11T10:25:06.897Z,UNI,2.5762,8270,5.994,1345.061572
2026-09-11T10:25:06.897Z,AAVE,1.3505,166600,122.21,1345.061572
2026-09-11T10:25:06.897Z,SUSHI,2.4495,292,0.2119,1345.061572
2026-09-11T10:25:06.897Z,LDO,-19.2734,399.8,0.3682,1345.061572
2026-09-11T10:25:06.897Z,ICP,1.0965,3715,2.732,1345.061572
2026-09-11T10:25:06.897Z,NEAR,2.0719,3398,2.475,1345.061572
2026-09-11T10:25:06.897Z,HBAR,1.7377,101.1,0.07388,1345.061572
2026-09-11T10:25:06.897Z,XTZ,1.9988,348.2,0.2538,1345.061572
2026-09-11T10:25:06.897Z,DYDX,-1.689,149.2,0.11283,1345.061572
2026-09-11T10:25:06.897Z,ARB,1.5553,193.3,0.14151,1345.061572
2026-09-11T10:25:06.897Z,GMX,0.8216,10160,7.492,1345.061572
2026-09-11T10:25:06.897Z,IMX,2.2462,163.3,0.11874,1345.061572
2026-09-11T10:25:06.897Z,INJ,-0.4856,7900,5.902,1345.061572
2026-09-11T10:25:06.897Z,GRT,14.0113,26.99,0.0176,1345.061572
2026-09-11T10:25:06.897Z,SUI,1.6782,998.1,0.7298,1345.061572
2026-09-11T10:25:06.897Z,HYPE,2.1443,109000,79.336,1345.061572
2026-09-11T10:30:06.930Z,BTC,1.3951,105020000,77003.9,1345.061572
2026-09-11T10:30:06.930Z,ETH,1.3091,3358000,2464.28,1345.061572
2026-09-11T10:30:06.930Z,SOL,1.0783,135100,99.37,1345.061572
2026-09-11T10:30:06.930Z,BNB,1.6604,975500,713.4,1345.061572
2026-09-11T10:30:06.930Z,XRP,1.3052,1824,1.3386,1345.061572
2026-09-11T10:30:06.930Z,ADA,0.7104,275.8,0.2036,1345.061572
2026-09-11T10:30:06.930Z,AVAX,2.016,10150,7.397,1345.061572
2026-09-11T10:30:06.930Z,DOT,2.3694,1497,1.0872,1345.061572
2026-09-11T10:30:06.930Z,LINK,1.5884,15580,11.402,1345.061572
2026-09-11T10:30:06.930Z,POL,-1.3377,125.7,0.09472,1345.061572
2026-09-11T10:30:06.930Z,DOGE,1.5428,114.1,0.08354,1345.061572
2026-09-11T10:30:06.930Z,TRX,1.4949,461.7,0.3382,1345.061572
2026-09-11T10:30:06.930Z,XLM,1.292,238.1,0.17476,1345.061572
2026-09-11T10:30:06.930Z,SHIB,2.8706,0.007,0.000005059,1345.061572
2026-09-11T10:30:06.930Z,BCH,2.2093,309600,225.2,1345.061572
2026-09-11T10:30:06.930Z,UNI,1.3866,8170,5.991,1345.061572
2026-09-11T10:30:06.930Z,AAVE,1.4751,166600,122.06,1345.061572
2026-09-11T10:30:06.930Z,SUSHI,2.5947,292,0.2116,1345.061572
2026-09-11T10:30:06.930Z,LDO,-19.2075,399.8,0.3679,1345.061572
2026-09-11T10:30:06.930Z,ICP,1.2447,3715,2.728,1345.061572
2026-09-11T10:30:06.930Z,NEAR,1.0914,3364,2.474,1345.061572
2026-09-11T10:30:06.930Z,HBAR,1.848,101.1,0.0738,1345.061572
2026-09-11T10:30:06.930Z,XTZ,2.5239,348.2,0.2525,1345.061572
2026-09-11T10:30:06.930Z,DYDX,-1.5494,149.2,0.11267,1345.061572
2026-09-11T10:30:06.930Z,ARB,1.9009,193.3,0.14103,1345.061572
2026-09-11T10:30:06.930Z,GMX,0.9429,10160,7.483,1345.061572
2026-09-11T10:30:06.930Z,IMX,2.3582,163.3,0.11861,1345.061572
2026-09-11T10:30:06.930Z,INJ,-0.3337,7900,5.893,1345.061572
2026-09-11T10:30:06.930Z,GRT,14.4013,26.99,0.01754,1345.061572
2026-09-11T10:30:06.930Z,SUI,1.7759,998.1,0.7291,1345.061572
2026-09-11T10:30:06.930Z,HYPE,2.0722,109000,79.392,1345.061572
2026-09-11T10:35:06.933Z,BTC,1.3384,104970000,77010.3,1345.061572
2026-09-11T10:35:06.933Z,ETH,1.3227,3358000,2463.95,1345.061572
2026-09-11T10:35:06.933Z,SOL,1.0681,135100,99.38,1345.061572
2026-09-11T10:35:06.933Z,BNB,1.7175,975500,713,1345.061572
2026-09-11T10:35:06.933Z,XRP,1.3381,1825,1.3389,1345.061572
2026-09-11T10:35:06.933Z,ADA,0.7599,275.8,0.2035,1345.061572
2026-09-11T10:35:06.933Z,AVAX,2.1818,10150,7.385,1345.061572
2026-09-11T10:35:06.933Z,DOT,2.0971,1497,1.0901,1345.061572
2026-09-11T10:35:06.933Z,LINK,1.3988,15540,11.394,1345.061572
2026-09-11T10:35:06.933Z,POL,-0.772,125.7,0.09418,1345.061572
2026-09-11T10:35:06.933Z,DOGE,1.2758,113.8,0.08354,1345.061572
2026-09-11T10:35:06.933Z,TRX,1.5099,461.7,0.33815,1345.061572
2026-09-11T10:35:06.933Z,XLM,1.4003,238.3,0.17472,1345.061572
2026-09-11T10:35:06.933Z,SHIB,2.8299,0.007,0.000005061,1345.061572
2026-09-11T10:35:06.933Z,BCH,2.1639,309600,225.3,1345.061572
2026-09-11T10:35:06.933Z,UNI,1.3359,8170,5.994,1345.061572
2026-09-11T10:35:06.933Z,AAVE,1.3588,166600,122.2,1345.061572
2026-09-11T10:35:06.933Z,SUSHI,2.4978,292,0.2118,1345.061572
2026-09-11T10:35:06.933Z,LDO,-19.1856,399.8,0.3678,1345.061572
2026-09-11T10:35:06.933Z,ICP,1.0965,3715,2.732,1345.061572
2026-09-11T10:35:06.933Z,NEAR,1.0505,3364,2.475,1345.061572
2026-09-11T10:35:06.933Z,HBAR,1.7611,101,0.07379,1345.061572
2026-09-11T10:35:06.933Z,XTZ,2.3618,348.2,0.2529,1345.061572
2026-09-11T10:35:06.933Z,DYDX,-1.5407,149.2,0.11266,1345.061572
2026-09-11T10:35:06.933Z,ARB,21.4881,229.9,0.14069,1345.061572
2026-09-11T10:35:06.933Z,GMX,0.9429,10160,7.483,1345.061572
2026-09-11T10:35:06.933Z,IMX,2.3151,163.3,0.11866,1345.061572
2026-09-11T10:35:06.933Z,INJ,-0.3506,7900,5.894,1345.061572
2026-09-11T10:35:06.933Z,GRT,14.7284,26.99,0.01749,1345.061572
2026-09-11T10:35:06.933Z,SUI,1.7619,998.1,0.7292,1345.061572
2026-09-11T10:35:06.933Z,HYPE,2.107,109000,79.365,1345.061572
2026-09-11T10:40:06.512Z,BTC,1.3637,104970000,76991.1,1345.061572
2026-09-11T10:40:06.512Z,ETH,1.343,3359000,2464.19,1345.061572
2026-09-11T10:40:06.512Z,SOL,1.1292,135100,99.32,1345.061572
2026-09-11T10:40:06.512Z,BNB,1.7746,975500,712.6,1345.061572
2026-09-11T10:40:06.512Z,XRP,1.4492,1824,1.3367,1345.061572
2026-09-11T10:40:06.512Z,ADA,1.0081,275.8,0.203,1345.061572
2026-09-11T10:40:06.512Z,AVAX,2.3064,10150,7.376,1345.061572
2026-09-11T10:40:06.512Z,DOT,2.4637,1497,1.0862,1345.061572
2026-09-11T10:40:06.512Z,LINK,1.4611,15540,11.387,1345.061572
2026-09-11T10:40:06.512Z,POL,-1.0242,125.7,0.09442,1345.061572
2026-09-11T10:40:06.512Z,DOGE,1.3,113.8,0.08352,1345.061572
2026-09-11T10:40:06.512Z,TRX,1.5519,461.7,0.33801,1345.061572
2026-09-11T10:40:06.512Z,XLM,1.5244,238.1,0.17436,1345.061572
2026-09-11T10:40:06.512Z,SHIB,3.0743,0.007,0.000005049,1345.061572
2026-09-11T10:40:06.512Z,BCH,2.3456,309600,224.9,1345.061572
2026-09-11T10:40:06.512Z,UNI,1.4543,8170,5.987,1345.061572
2026-09-11T10:40:06.512Z,AAVE,1.4086,166600,122.14,1345.061572
2026-09-11T10:40:06.512Z,SUSHI,2.5463,292,0.2117,1345.061572
2026-09-11T10:40:06.512Z,LDO,-19.0535,399.8,0.3672,1345.061572
2026-09-11T10:40:06.512Z,ICP,1.3562,3715,2.725,1345.061572
2026-09-11T10:40:06.512Z,NEAR,1.2551,3364,2.47,1345.061572
2026-09-11T10:40:06.512Z,HBAR,1.9407,101,0.07366,1345.061572
2026-09-11T10:40:06.512Z,XTZ,2.5645,348.2,0.2524,1345.061572
2026-09-11T10:40:06.512Z,DYDX,-1.3743,149.2,0.11247,1345.061572
2026-09-11T10:40:06.512Z,ARB,21.6437,229.9,0.14051,1345.061572
2026-09-11T10:40:06.512Z,GMX,0.889,10160,7.487,1345.061572
2026-09-11T10:40:06.512Z,IMX,2.6091,163.3,0.11832,1345.061572
2026-09-11T10:40:06.512Z,INJ,0.0057,7900,5.873,1345.061572
2026-09-11T10:40:06.512Z,GRT,14.794,26.99,0.01748,1345.061572
2026-09-11T10:40:06.512Z,SUI,1.9577,998.1,0.7278,1345.061572
2026-09-11T10:40:06.512Z,HYPE,2.2706,109000,79.238,1345.061572
2026-09-11T10:45:06.864Z,BTC,1.3679,104960000,76980.6,1345.061572
2026-09-11T10:45:06.864Z,ETH,1.3556,3358000,2463.15,1345.061572
2026-09-11T10:45:06.864Z,SOL,1.4559,135400,99.22,1345.061572
2026-09-11T10:45:06.864Z,BNB,1.7746,975500,712.6,1345.061572
2026-09-11T10:45:06.864Z,XRP,1.3734,1821,1.3355,1345.061572
2026-09-11T10:45:06.864Z,ADA,1.3309,276,0.2025,1345.061572
2026-09-11T10:45:06.864Z,AVAX,2.3897,10150,7.37,1345.061572
2026-09-11T10:45:06.864Z,DOT,1.4122,1477,1.0828,1345.061572
2026-09-11T10:45:06.864Z,LINK,1.5413,15540,11.378,1345.061572
2026-09-11T10:45:06.864Z,POL,-0.6137,125.7,0.09403,1345.061572
2026-09-11T10:45:06.864Z,DOGE,1.3364,113.8,0.08349,1345.061572
2026-09-11T10:45:06.864Z,TRX,1.591,461.7,0.33788,1345.061572
2026-09-11T10:45:06.864Z,XLM,1.5633,238,0.17422,1345.061572
2026-09-11T10:45:06.864Z,SHIB,3.0743,0.007,0.000005049,1345.061572
2026-09-11T10:45:06.864Z,BCH,2.528,309600,224.5,1345.061572
2026-09-11T10:45:06.864Z,UNI,1.6581,8170,5.975,1345.061572
2026-09-11T10:45:06.864Z,AAVE,1.5,166600,122.03,1345.061572
2026-09-11T10:45:06.864Z,SUSHI,2.6432,292,0.2115,1345.061572
2026-09-11T10:45:06.864Z,LDO,-18.8103,399.8,0.3661,1345.061572
2026-09-11T10:45:06.864Z,ICP,1.4306,3715,2.723,1345.061572
2026-09-11T10:45:06.864Z,NEAR,1.1882,3340,2.454,1345.061572
2026-09-11T10:45:06.864Z,HBAR,1.046,100.1,0.07365,1345.061572
2026-09-11T10:45:06.864Z,XTZ,2.6866,348.2,0.2521,1345.061572
2026-09-11T10:45:06.864Z,DYDX,-1.3392,149.2,0.11243,1345.061572
2026-09-11T10:45:06.864Z,ARB,21.5918,229.9,0.14057,1345.061572
2026-09-11T10:45:06.864Z,GMX,1.0509,10160,7.475,1345.061572
2026-09-11T10:45:06.864Z,IMX,2.9222,163.3,0.11796,1345.061572
2026-09-11T10:45:06.864Z,INJ,0.2447,7900,5.859,1345.061572
2026-09-11T10:45:06.864Z,GRT,14.9255,26.99,0.01746,1345.061572
2026-09-11T10:45:06.864Z,SUI,1.4972,992.5,0.727,1345.061572
2026-09-11T10:45:06.864Z,HYPE,1.7436,108400,79.21,1345.061572
2026-09-11T10:50:06.513Z,BTC,1.3679,104960000,76980.6,1345.061572
2026-09-11T10:50:06.513Z,ETH,1.4328,3360000,2462.74,1345.061572
2026-09-11T10:50:06.513Z,SOL,1.5206,135500,99.23,1345.061572
2026-09-11T10:50:06.513Z,BNB,1.8031,975500,712.4,1345.061572
2026-09-11T10:50:06.513Z,XRP,1.429,1822,1.3355,1345.061572
2026-09-11T10:50:06.513Z,ADA,1.4743,276.8,0.2028,1345.061572
2026-09-11T10:50:06.513Z,AVAX,2.501,10150,7.362,1345.061572
2026-09-11T10:50:06.513Z,DOT,1.3186,1477,1.0838,1345.061572
2026-09-11T10:50:06.513Z,LINK,1.5681,15540,11.375,1345.061572
2026-09-11T10:50:06.513Z,POL,-0.8457,125.7,0.09425,1345.061572
2026-09-11T10:50:06.513Z,DOGE,1.3729,113.8,0.08346,1345.061572
2026-09-11T10:50:06.513Z,TRX,1.606,461.7,0.33783,1345.061572
2026-09-11T10:50:06.513Z,XLM,1.5614,237.9,0.17415,1345.061572
2026-09-11T10:50:06.513Z,SHIB,3.0743,0.007,0.000005049,1345.061572
2026-09-11T10:50:06.513Z,BCH,2.3912,309600,224.8,1345.061572
2026-09-11T10:50:06.513Z,UNI,1.6071,8170,5.978,1345.061572
2026-09-11T10:50:06.513Z,AAVE,1.4419,166600,122.1,1345.061572
2026-09-11T10:50:06.513Z,SUSHI,2.5947,292,0.2116,1345.061572
2026-09-11T10:50:06.513Z,LDO,-18.921,399.8,0.3666,1345.061572
2026-09-11T10:50:06.513Z,ICP,1.1705,3715,2.73,1345.061572
2026-09-11T10:50:06.513Z,NEAR,1.0646,3340,2.457,1345.061572
2026-09-11T10:50:06.513Z,HBAR,0.9501,100.1,0.07372,1345.061572
2026-09-11T10:50:06.513Z,XTZ,2.6052,348.2,0.2523,1345.061572
2026-09-11T10:50:06.513Z,DYDX,-1.348,149.2,0.11244,1345.061572
2026-09-11T10:50:06.513Z,ARB,21.7043,229.9,0.14044,1345.061572
2026-09-11T10:50:06.513Z,GMX,1.1186,10160,7.47,1345.061572
2026-09-11T10:50:06.513Z,IMX,2.8699,163.3,0.11802,1345.061572
2026-09-11T10:50:06.513Z,INJ,0.4161,7900,5.849,1345.061572
2026-09-11T10:50:06.513Z,GRT,14.9914,26.99,0.01745,1345.061572
2026-09-11T10:50:06.513Z,SUI,1.4972,992.5,0.727,1345.061572
2026-09-11T10:50:06.513Z,HYPE,1.7462,108400,79.208,1345.061572
2026-09-11T10:55:07.250Z,BTC,1.3509,104960000,76993.5,1345.061572
2026-09-11T10:55:07.250Z,ETH,1.4057,3360000,2463.4,1345.061572
2026-09-11T10:55:07.250Z,SOL,1.5104,135500,99.24,1345.061572
2026-09-11T10:55:07.250Z,BNB,1.7889,975500,712.5,1345.061572
2026-09-11T10:55:07.250Z,XRP,1.4493,1821,1.3345,1345.061572
2026-09-11T10:55:07.250Z,ADA,1.5243,276.8,0.2027,1345.061572
2026-09-11T10:55:07.250Z,AVAX,2.4314,10150,7.367,1345.061572
2026-09-11T10:55:07.250Z,DOT,1.459,1477,1.0823,1345.061572
2026-09-11T10:55:07.250Z,LINK,1.5503,15540,11.377,1345.061572
2026-09-11T10:55:07.250Z,POL,-0.793,125.7,0.0942,1345.061572
2026-09-11T10:55:07.250Z,DOGE,1.3729,113.8,0.08346,1345.061572
2026-09-11T10:55:07.250Z,TRX,1.5279,461.7,0.33809,1345.061572
2026-09-11T10:55:07.250Z,XLM,1.5439,237.9,0.17418,1345.061572
2026-09-11T10:55:07.250Z,SHIB,3.0335,0.007,0.000005051,1345.061572
2026-09-11T10:55:07.250Z,BCH,2.3001,309600,225,1345.061572
2026-09-11T10:55:07.250Z,UNI,1.7262,8170,5.971,1345.061572
2026-09-11T10:55:07.250Z,AAVE,1.4751,166600,122.06,1345.061572
2026-09-11T10:55:07.250Z,SUSHI,2.6918,292,0.2114,1345.061572
2026-09-11T10:55:07.250Z,LDO,-18.9652,399.8,0.3668,1345.061572
2026-09-11T10:55:07.250Z,ICP,1.1335,3715,2.731,1345.061572
2026-09-11T10:55:07.250Z,NEAR,0.9414,3340,2.46,1345.061572
2026-09-11T10:55:07.250Z,HBAR,1.0049,100.1,0.07368,1345.061572
2026-09-11T10:55:07.250Z,XTZ,2.5645,348.2,0.2524,1345.061572
2026-09-11T10:55:07.250Z,DYDX,-1.1722,149.2,0.11224,1345.061572
2026-09-11T10:55:07.250Z,ARB,21.6177,229.9,0.14054,1345.061572
2026-09-11T10:55:07.250Z,GMX,1.0645,10160,7.474,1345.061572
2026-09-11T10:55:07.250Z,IMX,3.0445,163.3,0.11782,1345.061572
2026-09-11T10:55:07.250Z,INJ,0.3818,7900,5.851,1345.061572
2026-09-11T10:55:07.250Z,GRT,15.1894,26.99,0.01742,1345.061572
2026-09-11T10:55:07.250Z,SUI,1.4693,992.5,0.7272,1345.061572
2026-09-11T10:55:07.250Z,HYPE,1.6897,108400,79.252,1345.061572
2026-09-11T11:00:07.182Z,BTC,1.3887,104940000,76950.1,1345.061572
2026-09-11T11:00:07.182Z,ETH,1.4441,3358000,2461,1345.061572
2026-09-11T11:00:07.182Z,SOL,1.473,135300,99.13,1345.061572
2026-09-11T11:00:07.182Z,BNB,1.846,975500,712.1,1345.061572
2026-09-11T11:00:07.182Z,XRP,1.3708,1817,1.3326,1345.061572
2026-09-11T11:00:07.182Z,ADA,1.4043,276.2,0.2025,1345.061572
2026-09-11T11:00:07.182Z,AVAX,2.5846,10150,7.356,1345.061572
2026-09-11T11:00:07.182Z,DOT,1.2625,1477,1.0844,1345.061572
2026-09-11T11:00:07.182Z,LINK,1.5445,15520,11.363,1345.061572
2026-09-11T11:00:07.182Z,POL,-0.5714,125.7,0.09399,1345.061572
2026-09-11T11:00:07.182Z,DOGE,1.5188,113.8,0.08334,1345.061572
2026-09-11T11:00:07.182Z,TRX,1.7597,461.7,0.33732,1345.061572
2026-09-11T11:00:07.182Z,XLM,1.6139,237.9,0.17406,1345.061572
2026-09-11T11:00:07.182Z,SHIB,3.1356,0.007,0.000005046,1345.061572
2026-09-11T11:00:07.182Z,BCH,2.4823,309600,224.6,1345.061572
2026-09-11T11:00:07.182Z,UNI,2.0852,8170,5.95,1345.061572
2026-09-11T11:00:07.182Z,AAVE,1.6583,166600,121.84,1345.061572
2026-09-11T11:00:07.182Z,SUSHI,2.8377,292,0.2111,1345.061572
2026-09-11T11:00:07.182Z,LDO,-18.8103,399.8,0.3661,1345.061572
2026-09-11T11:00:07.182Z,ICP,1.2818,3715,2.727,1345.061572
2026-09-11T11:00:07.182Z,NEAR,1.1579,3339,2.454,1345.061572
2026-09-11T11:00:07.182Z,HBAR,1.0735,100.1,0.07363,1345.061572
2026-09-11T11:00:07.182Z,XTZ,2.3618,348.2,0.2529,1345.061572
2026-09-11T11:00:07.182Z,DYDX,-1.0576,149.2,0.11211,1345.061572
2026-09-11T11:00:07.182Z,ARB,21.8258,229.9,0.1403,1345.061572
2026-09-11T11:00:07.182Z,GMX,1.2677,10160,7.459,1345.061572
2026-09-11T11:00:07.182Z,IMX,3.0358,163.3,0.11783,1345.061572
2026-09-11T11:00:07.182Z,INJ,0.4848,7900,5.845,1345.061572
2026-09-11T11:00:07.182Z,GRT,15.521,26.99,0.01737,1345.061572
2026-09-11T11:00:07.182Z,SUI,1.5151,990.9,0.7257,1345.061572
2026-09-11T11:00:07.182Z,HYPE,1.6224,108100,79.085,1345.061572
2026-09-11T11:05:06.911Z,BTC,1.4751,104890000,76848,1345.061572
2026-09-11T11:05:06.911Z,ETH,1.4562,3352000,2456.31,1345.061572
2026-09-11T11:05:06.911Z,SOL,1.5451,135000,98.84,1345.061572
2026-09-11T11:05:06.911Z,BNB,1.9749,975500,711.2,1345.061572
2026-09-11T11:05:06.911Z,XRP,1.4473,1808,1.325,1345.061572
2026-09-11T11:05:06.911Z,ADA,1.5584,275.8,0.2019,1345.061572
2026-09-11T11:05:06.911Z,AVAX,2.9485,10150,7.33,1345.061572
2026-09-11T11:05:06.911Z,DOT,1.6186,1477,1.0806,1345.061572
2026-09-11T11:05:06.911Z,LINK,1.542,15480,11.334,1345.061572
2026-09-11T11:05:06.911Z,POL,0.3791,125.7,0.0931,1345.061572
2026-09-11T11:05:06.911Z,DOGE,1.6086,113.6,0.08312,1345.061572
2026-09-11T11:05:06.911Z,TRX,1.82,461.7,0.33712,1345.061572
2026-09-11T11:05:06.911Z,XLM,1.6358,237.5,0.17373,1345.061572
2026-09-11T11:05:06.911Z,SHIB,0.5475,0.0068,0.000005028,1345.061572
2026-09-11T11:05:06.911Z,BCH,1.7908,307100,224.3,1345.061572
2026-09-11T11:05:06.911Z,UNI,2.4814,8170,5.927,1345.061572
2026-09-11T11:05:06.911Z,AAVE,2.0352,166600,121.39,1345.061572
2026-09-11T11:05:06.911Z,SUSHI,3.6231,292,0.2095,1345.061572
2026-09-11T11:05:06.911Z,LDO,-18.3195,399.8,0.3639,1345.061572
2026-09-11T11:05:06.911Z,ICP,1.5052,3715,2.721,1345.061572
2026-09-11T11:05:06.911Z,NEAR,1.5361,3331,2.439,1345.061572
2026-09-11T11:05:06.911Z,HBAR,1.2798,100.1,0.07348,1345.061572
2026-09-11T11:05:06.911Z,XTZ,2.4428,348.2,0.2527,1345.061572
2026-09-11T11:05:06.911Z,DYDX,-0.3734,149.2,0.11134,1345.061572
2026-09-11T11:05:06.911Z,ARB,1.7265,190,0.13886,1345.061572
2026-09-11T11:05:06.911Z,GMX,1.5673,10160,7.437,1345.061572
2026-09-11T11:05:06.911Z,IMX,3.3252,163.3,0.1175,1345.061572
2026-09-11T11:05:06.911Z,INJ,0.4333,7900,5.848,1345.061572
2026-09-11T11:05:06.911Z,GRT,1.7638,23.68,0.0173,1345.061572
2026-09-11T11:05:06.911Z,SUI,1.5616,986.3,0.722,1345.061572
2026-09-11T11:05:06.911Z,HYPE,1.6424,107800,78.85,1345.061572
2026-09-11T11:10:07.410Z,BTC,1.519,104786000,76738.6,1345.061572
2026-09-11T11:10:07.410Z,ETH,1.5257,3348000,2451.7,1345.061572
2026-09-11T11:10:07.410Z,SOL,1.5215,134600,98.57,1345.061572
2026-09-11T11:10:07.410Z,BNB,2.1185,975500,710.2,1345.061572
2026-09-11T11:10:07.410Z,XRP,1.4296,1801,1.3201,1345.061572
2026-09-11T11:10:07.410Z,ADA,1.7172,275,0.201,1345.061572
2026-09-11T11:10:07.410Z,AVAX,1.3116,9960,7.309,1345.061572
2026-09-11T11:10:07.410Z,DOT,2.2526,1477,1.0739,1345.061572
2026-09-11T11:10:07.410Z,LINK,1.6411,15450,11.301,1345.061572
2026-09-11T11:10:07.410Z,POL,0.3145,125.7,0.09316,1345.061572
2026-09-11T11:10:07.410Z,DOGE,1.0712,112.7,0.0829,1345.061572
2026-09-11T11:10:07.410Z,TRX,1.8593,461.7,0.33699,1345.061572
2026-09-11T11:10:07.410Z,XLM,1.7557,237,0.17316,1345.061572
2026-09-11T11:10:07.410Z,SHIB,1.0904,0.0068,0.000005001,1345.061572
2026-09-11T11:10:07.410Z,BCH,2.2008,307100,223.4,1345.061572
2026-09-11T11:10:07.410Z,UNI,2.898,8170,5.903,1345.061572
2026-09-11T11:10:07.410Z,AAVE,2.2711,166600,121.11,1345.061572
2026-09-11T11:10:07.410Z,SUSHI,4.1701,292,0.2084,1345.061572
2026-09-11T11:10:07.410Z,LDO,-17.7544,399.8,0.3614,1345.061572
2026-09-11T11:10:07.410Z,ICP,1.6172,3715,2.718,1345.061572
2026-09-11T11:10:07.410Z,NEAR,1.4536,3301,2.419,1345.061572
2026-09-11T11:10:07.410Z,HBAR,1.5008,100.1,0.07332,1345.061572
2026-09-11T11:10:07.410Z,XTZ,3.3837,348.2,0.2504,1345.061572
2026-09-11T11:10:07.410Z,DYDX,0.1302,149.2,0.11078,1345.061572
2026-09-11T11:10:07.410Z,ARB,2.0794,190,0.13838,1345.061572
2026-09-11T11:10:07.410Z,GMX,1.8549,10160,7.416,1345.061572
2026-09-11T11:10:07.410Z,IMX,3.9088,163.3,0.11684,1345.061572
2026-09-11T11:10:07.410Z,INJ,0.7606,7900,5.829,1345.061572
2026-09-11T11:10:07.410Z,GRT,2.118,23.68,0.01724,1345.061572
2026-09-11T11:10:07.410Z,SUI,1.6636,974.3,0.7125,1345.061572
2026-09-11T11:10:07.410Z,HYPE,1.9216,107800,78.634,1345.061572
2026-09-11T11:15:06.877Z,BTC,1.4848,104784000,76763,1345.061572
2026-09-11T11:15:06.877Z,ETH,1.5014,3349000,2453.02,1345.061572
2026-09-11T11:15:06.877Z,SOL,1.5215,134600,98.57,1345.061572
2026-09-11T11:15:06.877Z,BNB,2.1329,975500,710.1,1345.061572
2026-09-11T11:15:06.877Z,XRP,1.5521,1807,1.3229,1345.061572
2026-09-11T11:15:06.877Z,ADA,1.7075,274.7,0.2008,1345.061572
2026-09-11T11:15:06.877Z,AVAX,1.381,9960,7.304,1345.061572
2026-09-11T11:15:06.877Z,DOT,1.8071,1477,1.0786,1345.061572
2026-09-11T11:15:06.877Z,LINK,1.5304,15440,11.306,1345.061572
2026-09-11T11:15:06.877Z,POL,0.2714,125.7,0.0932,1345.061572
2026-09-11T11:15:06.877Z,DOGE,1.617,113.5,0.08304,1345.061572
2026-09-11T11:15:06.877Z,TRX,1.9077,461.7,0.33683,1345.061572
2026-09-11T11:15:06.877Z,XLM,1.6324,237,0.17337,1345.061572
2026-09-11T11:15:06.877Z,SHIB,1.1511,0.0068,0.000004998,1345.061572
2026-09-11T11:15:06.877Z,BCH,1.7524,306300,223.8,1345.061572
2026-09-11T11:15:06.877Z,UNI,2.6546,8170,5.917,1345.061572
2026-09-11T11:15:06.877Z,AAVE,2.1025,166600,121.31,1345.061572
2026-09-11T11:15:06.877Z,SUSHI,3.871,292,0.209,1345.061572
2026-09-11T11:15:06.877Z,LDO,-17.9361,399.8,0.3622,1345.061572
2026-09-11T11:15:06.877Z,ICP,1.5798,3715,2.719,1345.061572
2026-09-11T11:15:06.877Z,NEAR,1.1192,3301,2.427,1345.061572
2026-09-11T11:15:06.877Z,HBAR,1.4316,100.1,0.07337,1345.061572
2026-09-11T11:15:06.877Z,XTZ,3.26,348.2,0.2507,1345.061572
2026-09-11T11:15:06.877Z,DYDX,-0.0952,149.2,0.11103,1345.061572
2026-09-11T11:15:06.877Z,ARB,1.9615,190,0.13854,1345.061572
2026-09-11T11:15:06.877Z,GMX,1.6083,10160,7.434,1345.061572
2026-09-11T11:15:06.877Z,IMX,3.6339,163.3,0.11715,1345.061572
2026-09-11T11:15:06.877Z,INJ,0.9859,7900,5.816,1345.061572
2026-09-11T11:15:06.877Z,GRT,1.8227,23.68,0.01729,1345.061572
2026-09-11T11:15:06.877Z,SUI,1.5212,974.3,0.7135,1345.061572
2026-09-11T11:15:06.877Z,HYPE,1.8892,107800,78.659,1345.061572
2026-09-11T11:20:06.502Z,BTC,1.4354,104781000,76798.2,1345.061572
2026-09-11T11:20:06.502Z,ETH,1.4594,3351000,2455.5,1345.061572
2026-09-11T11:20:06.502Z,SOL,1.2442,134600,98.84,1345.061572
2026-09-11T11:20:06.502Z,BNB,1.4047,969500,710.8,1345.061572
2026-09-11T11:20:06.502Z,XRP,1.4549,1808,1.3249,1345.061572
2026-09-11T11:20:06.502Z,ADA,1.5188,274.6,0.2011,1345.061572
2026-09-11T11:20:06.502Z,AVAX,1.2562,9960,7.313,1345.061572
2026-09-11T11:20:06.502Z,DOT,1.6374,1477,1.0804,1345.061572
2026-09-11T11:20:06.502Z,LINK,1.2528,15440,11.337,1345.061572
2026-09-11T11:20:06.502Z,POL,0.2607,125.7,0.09321,1345.061572
2026-09-11T11:20:06.502Z,DOGE,1.4826,113.5,0.08315,1345.061572
2026-09-11T11:20:06.502Z,TRX,1.68,460.6,0.33678,1345.061572
2026-09-11T11:20:06.502Z,XLM,1.5095,237,0.17358,1345.061572
2026-09-11T11:20:06.502Z,SHIB,0.8082,0.0068,0.000005015,1345.061572
2026-09-11T11:20:06.502Z,BCH,1.6616,306300,224,1345.061572
2026-09-11T11:20:06.502Z,UNI,2.326,8170,5.936,1345.061572
2026-09-11T11:20:06.502Z,AAVE,2.0016,166600,121.43,1345.061572
2026-09-11T11:20:06.502Z,SUSHI,3.6726,292,0.2094,1345.061572
2026-09-11T11:20:06.502Z,LDO,-18.0492,399.8,0.3627,1345.061572
2026-09-11T11:20:06.502Z,ICP,1.3934,3715,2.724,1345.061572
2026-09-11T11:20:06.502Z,NEAR,0.5804,3301,2.44,1345.061572
2026-09-11T11:20:06.502Z,HBAR,1.3902,100.1,0.0734,1345.061572
2026-09-11T11:20:06.502Z,XTZ,3.5906,348.2,0.2499,1345.061572
2026-09-11T11:20:06.502Z,DYDX,-0.4628,149.2,0.11144,1345.061572
2026-09-11T11:20:06.502Z,ARB,1.9468,190,0.13856,1345.061572
2026-09-11T11:20:06.502Z,GMX,1.3764,10160,7.451,1345.061572
2026-09-11T11:20:06.502Z,IMX,3.4044,163.3,0.11741,1345.061572
2026-09-11T11:20:06.502Z,INJ,0.8471,7900,5.824,1345.061572
2026-09-11T11:20:06.502Z,GRT,1.705,23.68,0.01731,1345.061572
2026-09-11T11:20:06.502Z,SUI,1.2091,974.3,0.7157,1345.061572
2026-09-11T11:20:06.502Z,HYPE,1.645,107800,78.848,1345.061572
2026-09-11T11:25:07.086Z,BTC,1.429,104781000,76803,1345.061572
2026-09-11T11:25:07.086Z,ETH,1.4618,3350000,2454.71,1345.061572
2026-09-11T11:25:07.086Z,SOL,1.4801,134900,98.83,1345.061572
2026-09-11T11:25:07.086Z,BNB,1.419,969500,710.7,1345.061572
2026-09-11T11:25:07.086Z,XRP,1.5546,1808,1.3236,1345.061572
2026-09-11T11:25:07.086Z,ADA,1.7542,275.1,0.201,1345.061572
2026-09-11T11:25:07.086Z,AVAX,1.1455,9960,7.321,1345.061572
2026-09-11T11:25:07.086Z,DOT,1.7033,1477,1.0797,1345.061572
2026-09-11T11:25:07.086Z,LINK,1.1546,15440,11.348,1345.061572
2026-09-11T11:25:07.086Z,POL,0.4223,125.7,0.09306,1345.061572
2026-09-11T11:25:07.086Z,DOGE,1.446,113.5,0.08318,1345.061572
2026-09-11T11:25:07.086Z,TRX,1.7465,460.6,0.33656,1345.061572
2026-09-11T11:25:07.086Z,XLM,1.4978,237,0.1736,1345.061572
2026-09-11T11:25:07.086Z,SHIB,0.7479,0.0068,0.000005018,1345.061572
2026-09-11T11:25:07.086Z,BCH,1.6616,306300,224,1345.061572
2026-09-11T11:25:07.086Z,UNI,2.1196,8170,5.948,1345.061572
2026-09-11T11:25:07.086Z,AAVE,2.01,166600,121.42,1345.061572
2026-09-11T11:25:07.086Z,SUSHI,3.6726,292,0.2094,1345.061572
2026-09-11T11:25:07.086Z,LDO,-18.162,399.8,0.3632,1345.061572
2026-09-11T11:25:07.086Z,ICP,1.319,3715,2.726,1345.061572
2026-09-11T11:25:07.086Z,NEAR,0.663,3301,2.438,1345.061572
2026-09-11T11:25:07.086Z,HBAR,1.404,100.1,0.07339,1345.061572
2026-09-11T11:25:07.086Z,XTZ,4.3422,348.2,0.2481,1345.061572
2026-09-11T11:25:07.086Z,DYDX,-0.4449,149.2,0.11142,1345.061572
2026-09-11T11:25:07.086Z,ARB,1.6241,190,0.139,1345.061572
2026-09-11T11:25:07.086Z,GMX,1.3492,10160,7.453,1345.061572
2026-09-11T11:25:07.086Z,IMX,3.3868,163.3,0.11743,1345.061572
2026-09-11T11:25:07.086Z,INJ,0.9164,7900,5.82,1345.061572
2026-09-11T11:25:07.086Z,GRT,1.4706,23.68,0.01735,1345.061572
2026-09-11T11:25:07.086Z,SUI,1.195,974.3,0.7158,1345.061572
2026-09-11T11:25:07.086Z,HYPE,1.6669,107800,78.831,1345.061572
2026-09-11T11:30:06.872Z,BTC,1.4578,104823000,76812,1345.061572
2026-09-11T11:30:06.872Z,ETH,1.5294,3352000,2454.54,1345.061572
2026-09-11T11:30:06.872Z,SOL,1.5245,135000,98.86,1345.061572
2026-09-11T11:30:06.872Z,BNB,1.3905,969500,710.9,1345.061572
2026-09-11T11:30:06.872Z,XRP,1.5853,1808,1.3232,1345.061572
2026-09-11T11:30:06.872Z,ADA,1.6531,275.1,0.2012,1345.061572
2026-09-11T11:30:06.872Z,AVAX,1.1041,9960,7.324,1345.061572
2026-09-11T11:30:06.872Z,DOT,2.0057,1477,1.0765,1345.061572
2026-09-11T11:30:06.872Z,LINK,1.03,15440,11.362,1345.061572
2026-09-11T11:30:06.872Z,POL,0.4979,125.7,0.09299,1345.061572
2026-09-11T11:30:06.872Z,DOGE,1.385,113.5,0.08323,1345.061572
2026-09-11T11:30:06.872Z,TRX,1.7148,459.8,0.33608,1345.061572
2026-09-11T11:30:06.872Z,XLM,1.4218,237,0.17373,1345.061572
2026-09-11T11:30:06.872Z,SHIB,0.5876,0.0068,0.000005026,1345.061572
2026-09-11T11:30:06.872Z,BCH,1.6162,306300,224.1,1345.061572
2026-09-11T11:30:06.872Z,UNI,2.0681,8170,5.951,1345.061572
2026-09-11T11:30:06.872Z,AAVE,1.9009,166600,121.55,1345.061572
2026-09-11T11:30:06.872Z,SUSHI,3.6231,292,0.2095,1345.061572
2026-09-11T11:30:06.872Z,LDO,-18.117,399.8,0.363,1345.061572
2026-09-11T11:30:06.872Z,ICP,1.0595,3715,2.733,1345.061572
2026-09-11T11:30:06.872Z,NEAR,0.7043,3301,2.437,1345.061572
2026-09-11T11:30:06.872Z,HBAR,1.3349,100.1,0.07344,1345.061572
2026-09-11T11:30:06.872Z,XTZ,4.0068,348.2,0.2489,1345.061572
2026-09-11T11:30:06.872Z,DYDX,-0.5787,149.2,0.11157,1345.061572
2026-09-11T11:30:06.872Z,ARB,1.6607,190,0.13895,1345.061572
2026-09-11T11:30:06.872Z,GMX,1.54,10160,7.439,1345.061572
2026-09-11T11:30:06.872Z,IMX,3.3252,163.3,0.1175,1345.061572
2026-09-11T11:30:06.872Z,INJ,0.9164,7900,5.82,1345.061572
2026-09-11T11:30:06.872Z,GRT,1.5877,23.68,0.01733,1345.061572
2026-09-11T11:30:06.872Z,SUI,1.1384,974.3,0.7162,1345.061572
2026-09-11T11:30:06.872Z,HYPE,1.578,107800,78.9,1345.061572
2026-09-11T11:35:07.070Z,BTC,1.5146,104823000,76769,1345.061572
2026-09-11T11:35:07.070Z,ETH,1.5761,3352000,2453.41,1345.061572
2026-09-11T11:35:07.070Z,SOL,1.5862,135000,98.8,1345.061572
2026-09-11T11:35:07.070Z,BNB,1.3762,969500,711,1345.061572
2026-09-11T11:35:07.070Z,XRP,1.5905,1807,1.3224,1345.061572
2026-09-11T11:35:07.070Z,ADA,1.6432,274.8,0.201,1345.061572
2026-09-11T11:35:07.070Z,AVAX,1.0489,9960,7.328,1345.061572
2026-09-11T11:35:07.070Z,DOT,1.6939,1477,1.0798,1345.061572
2026-09-11T11:35:07.070Z,LINK,1.0478,15440,11.36,1345.061572
2026-09-11T11:35:07.070Z,POL,0.6061,125.7,0.09289,1345.061572
2026-09-11T11:35:07.070Z,DOGE,1.4094,113.5,0.08321,1345.061572
2026-09-11T11:35:07.070Z,TRX,1.7199,459.7,0.33599,1345.061572
2026-09-11T11:35:07.070Z,XLM,1.4588,237.1,0.17374,1345.061572
2026-09-11T11:35:07.070Z,SHIB,1.9451,0.0069,0.000005032,1345.061572
2026-09-11T11:35:07.070Z,BCH,1.5256,306300,224.3,1345.061572
2026-09-11T11:35:07.070Z,UNI,1.9311,8170,5.959,1345.061572
2026-09-11T11:35:07.070Z,AAVE,1.792,166600,121.68,1345.061572
2026-09-11T11:35:07.070Z,SUSHI,3.3272,292,0.2101,1345.061572
2026-09-11T11:35:07.070Z,LDO,-18.117,399.8,0.363,1345.061572
2026-09-11T11:35:07.070Z,ICP,0.581,3715,2.746,1345.061572
2026-09-11T11:35:07.070Z,NEAR,0.5804,3301,2.44,1345.061572
2026-09-11T11:35:07.070Z,HBAR,1.3487,100.1,0.07343,1345.061572
2026-09-11T11:35:07.070Z,XTZ,4.1742,348.2,0.2485,1345.061572
2026-09-11T11:35:07.070Z,DYDX,-0.73,149.2,0.11174,1345.061572
2026-09-11T11:35:07.070Z,ARB,1.2671,190,0.13949,1345.061572
2026-09-11T11:35:07.070Z,GMX,1.7177,10160,7.426,1345.061572
2026-09-11T11:35:07.070Z,IMX,3.1496,163.3,0.1177,1345.061572
2026-09-11T11:35:07.070Z,INJ,0.9685,7900,5.817,1345.061572
2026-09-11T11:35:07.070Z,GRT,1.5291,23.68,0.01734,1345.061572
2026-09-11T11:35:07.070Z,SUI,1.082,974.3,0.7166,1345.061572
2026-09-11T11:35:07.070Z,HYPE,1.5909,107800,78.89,1345.061572
2026-09-11T11:40:07.060Z,BTC,1.4571,104823000,76812.5,1345.061572
2026-09-11T11:40:07.060Z,ETH,1.4884,3352000,2455.53,1345.061572
2026-09-11T11:40:07.060Z,SOL,1.4732,135000,98.91,1345.061572
2026-09-11T11:40:07.060Z,BNB,1.3192,969500,711.4,1345.061572
2026-09-11T11:40:07.060Z,XRP,1.4856,1808,1.3245,1345.061572
2026-09-11T11:40:07.060Z,ADA,1.4011,275.1,0.2017,1345.061572
2026-09-11T11:40:07.060Z,AVAX,0.7191,9960,7.352,1345.061572
2026-09-11T11:40:07.060Z,DOT,1.4496,1477,1.0824,1345.061572
2026-09-11T11:40:07.060Z,LINK,0.8702,15440,11.38,1345.061572
2026-09-11T11:40:07.060Z,POL,0.5195,125.7,0.09297,1345.061572
2026-09-11T11:40:07.060Z,DOGE,1.5471,113.9,0.08339,1345.061572
2026-09-11T11:40:07.060Z,TRX,1.6002,459.2,0.33602,1345.061572
2026-09-11T11:40:07.060Z,XLM,1.2955,237.1,0.17402,1345.061572
2026-09-11T11:40:07.060Z,SHIB,1.7227,0.0069,0.000005043,1345.061572
2026-09-11T11:40:07.060Z,BCH,1.39,306300,224.6,1345.061572
2026-09-11T11:40:07.060Z,UNI,1.8285,8170,5.965,1345.061572
2026-09-11T11:40:07.060Z,AAVE,1.675,166600,121.82,1345.061572
2026-09-11T11:40:07.060Z,SUSHI,2.9841,292,0.2108,1345.061572
2026-09-11T11:40:07.060Z,LDO,-18.297,399.8,0.3638,1345.061572
2026-09-11T11:40:07.060Z,ICP,0.3982,3715,2.751,1345.061572
2026-09-11T11:40:07.060Z,NEAR,0.4981,3301,2.442,1345.061572
2026-09-11T11:40:07.060Z,HBAR,1.1834,100.1,0.07355,1345.061572
2026-09-11T11:40:07.060Z,XTZ,3.7983,348.2,0.2494,1345.061572
2026-09-11T11:40:07.060Z,DYDX,-1.0841,149.2,0.11214,1345.061572
2026-09-11T11:40:07.060Z,ARB,1.2018,190,0.13958,1345.061572
2026-09-11T11:40:07.060Z,GMX,1.2677,10160,7.459,1345.061572
2026-09-11T11:40:07.060Z,IMX,2.9746,163.3,0.1179,1345.061572
2026-09-11T11:40:07.060Z,INJ,0.6225,7900,5.837,1345.061572
2026-09-11T11:40:07.060Z,GRT,1.2954,23.68,0.01738,1345.061572
2026-09-11T11:40:07.060Z,SUI,0.8989,974.3,0.7179,1345.061572
2026-09-11T11:40:07.060Z,HYPE,1.5008,107800,78.96,1345.061572
2026-09-11T11:45:06.529Z,BTC,1.4793,104928000,76872.6,1345.061572
2026-09-11T11:45:06.529Z,ETH,1.3827,3352000,2458.09,1345.061572
2026-09-11T11:45:06.529Z,SOL,1.3197,135300,99.28,1345.061572
2026-09-11T11:45:06.529Z,BNB,1.2054,969500,712.2,1345.061572
2026-09-11T11:45:06.529Z,XRP,1.5261,1812,1.3269,1345.061572
2026-09-11T11:45:06.529Z,ADA,1.1503,275.1,0.2022,1345.061572
2026-09-11T11:45:06.529Z,AVAX,0.5959,9960,7.361,1345.061572
2026-09-11T11:45:06.529Z,DOT,1.4778,1477,1.0821,1345.061572
2026-09-11T11:45:06.529Z,LINK,0.6403,15440,11.406,1345.061572
2026-09-11T11:45:06.529Z,POL,0.164,125.7,0.0933,1345.061572
2026-09-11T11:45:06.529Z,DOGE,1.3769,113.9,0.08353,1345.061572
2026-09-11T11:45:06.529Z,TRX,1.736,459.8,0.33601,1345.061572
2026-09-11T11:45:06.529Z,XLM,1.4836,238.1,0.17443,1345.061572
2026-09-11T11:45:06.529Z,SHIB,1.622,0.0069,0.000005048,1345.061572
2026-09-11T11:45:06.529Z,BCH,1.2547,306300,224.9,1345.061572
2026-09-11T11:45:06.529Z,UNI,1.5391,8170,5.982,1345.061572
2026-09-11T11:45:06.529Z,AAVE,1.392,166600,122.16,1345.061572
2026-09-11T11:45:06.529Z,SUSHI,2.8865,292,0.211,1345.061572
2026-09-11T11:45:06.529Z,LDO,-18.4986,399.8,0.3647,1345.061572
2026-09-11T11:45:06.529Z,ICP,0.3617,3715,2.752,1345.061572
2026-09-11T11:45:06.529Z,NEAR,0.2517,3301,2.448,1345.061572
2026-09-11T11:45:06.529Z,HBAR,0.9364,100.1,0.07373,1345.061572
2026-09-11T11:45:06.529Z,XTZ,3.5906,348.2,0.2499,1345.061572
2026-09-11T11:45:06.529Z,DYDX,-1.1722,149.2,0.11224,1345.061572
2026-09-11T11:45:06.529Z,ARB,1.1656,190,0.13963,1345.061572
2026-09-11T11:45:06.529Z,GMX,1.1863,10160,7.465,1345.061572
2026-09-11T11:45:06.529Z,IMX,2.7567,163.3,0.11815,1345.061572
2026-09-11T11:45:06.529Z,INJ,0.3818,7900,5.851,1345.061572
2026-09-11T11:45:06.529Z,GRT,1.2954,23.68,0.01738,1345.061572
2026-09-11T11:45:06.529Z,SUI,0.7866,974.3,0.7187,1345.061572
2026-09-11T11:45:06.529Z,HYPE,1.238,107800,79.165,1345.061572
2026-09-11T11:50:06.893Z,BTC,1.5216,104998000,76891.9,1345.061572
2026-09-11T11:50:06.893Z,ETH,1.4558,3352000,2456.32,1345.061572
2026-09-11T11:50:06.893Z,SOL,1.5239,135600,99.3,1345.061572
2026-09-11T11:50:06.893Z,BNB,1.2054,969500,712.2,1345.061572
2026-09-11T11:50:06.893Z,XRP,1.4879,1812,1.3274,1345.061572
2026-09-11T11:50:06.893Z,ADA,1.1503,275.1,0.2022,1345.061572
2026-09-11T11:50:06.893Z,AVAX,0.6643,9960,7.356,1345.061572
2026-09-11T11:50:06.893Z,DOT,1.3467,1477,1.0835,1345.061572
2026-09-11T11:50:06.893Z,LINK,0.6314,15440,11.407,1345.061572
2026-09-11T11:50:06.893Z,POL,0.4223,125.7,0.09306,1345.061572
2026-09-11T11:50:06.893Z,DOGE,1.3405,113.9,0.08356,1345.061572
2026-09-11T11:50:06.893Z,TRX,1.4946,458.9,0.33615,1345.061572
2026-09-11T11:50:06.893Z,XLM,1.4662,238.1,0.17446,1345.061572
2026-09-11T11:50:06.893Z,SHIB,1.7227,0.0069,0.000005043,1345.061572
2026-09-11T11:50:06.893Z,BCH,1.2097,306300,225,1345.061572
2026-09-11T11:50:06.893Z,UNI,1.6751,8170,5.974,1345.061572
2026-09-11T11:50:06.893Z,AAVE,1.392,166600,122.16,1345.061572
2026-09-11T11:50:06.893Z,SUSHI,2.8865,292,0.211,1345.061572
2026-09-11T11:50:06.893Z,LDO,-18.4986,399.8,0.3647,1345.061572
2026-09-11T11:50:06.893Z,ICP,0.4713,3715,2.749,1345.061572
2026-09-11T11:50:06.893Z,NEAR,-0.1967,3301,2.459,1345.061572
2026-09-11T11:50:06.893Z,HBAR,0.8543,100.1,0.07379,1345.061572
2026-09-11T11:50:06.893Z,XTZ,3.5078,348.2,0.2501,1345.061572
2026-09-11T11:50:06.893Z,DYDX,-1.0576,149.2,0.11211,1345.061572
2026-09-11T11:50:06.893Z,ARB,1.3688,190,0.13935,1345.061572
2026-09-11T11:50:06.893Z,GMX,1.0509,10160,7.475,1345.061572
2026-09-11T11:50:06.893Z,IMX,2.7306,163.3,0.11818,1345.061572
2026-09-11T11:50:06.893Z,INJ,0.4848,7900,5.845,1345.061572
2026-09-11T11:50:06.893Z,GRT,1.1209,23.68,0.01741,1345.061572
2026-09-11T11:50:06.893Z,SUI,0.8147,974.3,0.7185,1345.061572
2026-09-11T11:50:06.893Z,HYPE,1.2635,107800,79.145,1345.061572
2026-09-11T11:55:06.877Z,BTC,1.431,104979000,76946.6,1345.061572
2026-09-11T11:55:06.877Z,ETH,1.4422,3352000,2456.65,1345.061572
2026-09-11T11:55:06.877Z,SOL,1.3912,135600,99.43,1345.061572
2026-09-11T11:55:06.877Z,BNB,1.1912,969500,712.3,1345.061572
2026-09-11T11:55:06.877Z,XRP,1.4827,1813,1.3282,1345.061572
2026-09-11T11:55:06.877Z,ADA,1.1503,275.1,0.2022,1345.061572
2026-09-11T11:55:06.877Z,AVAX,0.7328,9960,7.351,1345.061572
2026-09-11T11:55:06.877Z,DOT,1.0296,1477,1.0869,1345.061572
2026-09-11T11:55:06.877Z,LINK,0.6756,15440,11.402,1345.061572
2026-09-11T11:55:06.877Z,POL,0.5195,125.7,0.09297,1345.061572
2026-09-11T11:55:06.877Z,DOGE,1.2678,113.9,0.08362,1345.061572
2026-09-11T11:55:06.877Z,TRX,1.4946,458.9,0.33615,1345.061572
2026-09-11T11:55:06.877Z,XLM,1.5437,238.2,0.1744,1345.061572
2026-09-11T11:55:06.877Z,SHIB,1.6421,0.0069,0.000005047,1345.061572
2026-09-11T11:55:06.877Z,BCH,1.1648,306300,225.1,1345.061572
2026-09-11T11:55:06.877Z,UNI,1.6071,8170,5.978,1345.061572
2026-09-11T11:55:06.877Z,AAVE,1.3837,166600,122.17,1345.061572
2026-09-11T11:55:06.877Z,SUSHI,2.789,292,0.2112,1345.061572
2026-09-11T11:55:06.877Z,LDO,-18.4986,399.8,0.3647,1345.061572
2026-09-11T11:55:06.877Z,ICP,0.5444,3715,2.747,1345.061572
2026-09-11T11:55:06.877Z,NEAR,-0.0341,3301,2.455,1345.061572
2026-09-11T11:55:06.877Z,HBAR,0.7724,100.1,0.07385,1345.061572
2026-09-11T11:55:06.877Z,XTZ,3.3012,348.2,0.2506,1345.061572
2026-09-11T11:55:06.877Z,DYDX,-1.0223,149.2,0.11207,1345.061572
2026-09-11T11:55:06.877Z,ARB,22.0264,228.9,0.13946,1345.061572
2026-09-11T11:55:06.877Z,GMX,1.1863,10160,7.465,1345.061572
2026-09-11T11:55:06.877Z,IMX,2.6091,163.3,0.11832,1345.061572
2026-09-11T11:55:06.877Z,INJ,0.5881,7900,5.839,1345.061572
2026-09-11T11:55:06.877Z,GRT,0.9469,23.68,0.01744,1345.061572
2026-09-11T11:55:06.877Z,SUI,0.7726,974.3,0.7188,1345.061572
2026-09-11T11:55:06.877Z,HYPE,1.2034,107800,79.192,1345.061572
2026-09-11T12:00:06.882Z,BTC,1.4483,105049000,76984.8,1345.061572
2026-09-11T12:00:06.882Z,ETH,1.4599,3352000,2456.22,1345.061572
2026-09-11T12:00:06.882Z,SOL,1.5918,135800,99.38,1345.061572
2026-09-11T12:00:06.882Z,BNB,1.1344,969500,712.7,1345.061572
2026-09-11T12:00:06.882Z,XRP,1.4827,1813,1.3282,1345.061572
2026-09-11T12:00:06.882Z,ADA,1.2004,275.1,0.2021,1345.061572
2026-09-11T12:00:06.882Z,AVAX,0.7191,9960,7.352,1345.061572
2026-09-11T12:00:06.882Z,DOT,1.1506,1477,1.0856,1345.061572
2026-09-11T12:00:06.882Z,LINK,0.7905,15440,11.389,1345.061572
2026-09-11T12:00:06.882Z,POL,0.6819,125.7,0.09282,1345.061572
2026-09-11T12:00:06.882Z,DOGE,1.2799,113.9,0.08361,1345.061572
2026-09-11T12:00:06.882Z,TRX,1.5943,458.9,0.33582,1345.061572
2026-09-11T12:00:06.882Z,XLM,1.5109,238,0.17431,1345.061572
2026-09-11T12:00:06.882Z,SHIB,1.7026,0.0069,0.000005044,1345.061572
2026-09-11T12:00:06.882Z,BCH,1.3449,306300,224.7,1345.061572
2026-09-11T12:00:06.882Z,UNI,1.8798,8170,5.962,1345.061572
2026-09-11T12:00:06.882Z,AAVE,1.4834,166600,122.05,1345.061572
2026-09-11T12:00:06.882Z,SUSHI,2.9841,292,0.2108,1345.061572
2026-09-11T12:00:06.882Z,LDO,-18.521,399.8,0.3648,1345.061572
2026-09-11T12:00:06.882Z,ICP,0.5444,3715,2.747,1345.061572
2026-09-11T12:00:06.882Z,NEAR,-0.0341,3301,2.455,1345.061572
2026-09-11T12:00:06.882Z,HBAR,0.8133,100.1,0.07382,1345.061572
2026-09-11T12:00:06.882Z,XTZ,3.6321,348.2,0.2498,1345.061572
2026-09-11T12:00:06.882Z,DYDX,-0.9781,149.2,0.11202,1345.061572
2026-09-11T12:00:06.882Z,ARB,21.5905,228.9,0.13996,1345.061572
2026-09-11T12:00:06.882Z,GMX,0.8755,10160,7.488,1345.061572
2026-09-11T12:00:06.882Z,IMX,2.7654,163.3,0.11814,1345.061572
2026-09-11T12:00:06.882Z,INJ,0.6743,7900,5.834,1345.061572
2026-09-11T12:00:06.882Z,GRT,1.0628,23.68,0.01742,1345.061572
2026-09-11T12:00:06.882Z,SUI,0.8427,974.3,0.7183,1345.061572
2026-09-11T12:00:06.882Z,HYPE,1.206,107800,79.19,1345.061572
2026-09-11T12:05:06.918Z,BTC,1.5404,105200000,77025.5,1345.061572
2026-09-11T12:05:06.918Z,ETH,1.4475,3352000,2456.52,1345.061572
2026-09-11T12:05:06.918Z,SOL,1.5611,135800,99.41,1345.061572
2026-09-11T12:05:06.918Z,BNB,1.1344,969500,712.7,1345.061572
2026-09-11T12:05:06.918Z,XRP,1.4724,1815,1.3298,1345.061572
2026-09-11T12:05:06.918Z,ADA,1.7154,276.5,0.2021,1345.061572
2026-09-11T12:05:06.918Z,AVAX,0.6917,9960,7.354,1345.061572
2026-09-11T12:05:06.918Z,DOT,0.9089,1477,1.0882,1345.061572
2026-09-11T12:05:06.918Z,LINK,0.7728,15440,11.391,1345.061572
2026-09-11T12:05:06.918Z,POL,0.5736,125.7,0.09292,1345.061572
2026-09-11T12:05:06.918Z,DOGE,1.5185,114.1,0.08356,1345.061572
2026-09-11T12:05:06.918Z,TRX,1.6579,458.9,0.33561,1345.061572
2026-09-11T12:05:06.918Z,XLM,1.4992,238,0.17433,1345.061572
2026-09-11T12:05:06.918Z,SHIB,1.7026,0.0069,0.000005044,1345.061572
2026-09-11T12:05:06.918Z,BCH,1.39,306300,224.6,1345.061572
2026-09-11T12:05:06.918Z,UNI,1.7944,8170,5.967,1345.061572
2026-09-11T12:05:06.918Z,AAVE,1.3588,166600,122.2,1345.061572
2026-09-11T12:05:06.918Z,SUSHI,3.033,292,0.2107,1345.061572
2026-09-11T12:05:06.918Z,LDO,-18.7659,399.8,0.3659,1345.061572
2026-09-11T12:05:06.918Z,ICP,0.3982,3715,2.751,1345.061572
2026-09-11T12:05:06.918Z,NEAR,0.4569,3301,2.443,1345.061572
2026-09-11T12:05:06.918Z,HBAR,1.7197,101,0.07382,1345.061572
2026-09-11T12:05:06.918Z,XTZ,4.1742,348.2,0.2485,1345.061572
2026-09-11T12:05:06.918Z,DYDX,-1.0135,149.2,0.11206,1345.061572
2026-09-11T12:05:06.918Z,ARB,20.8651,228.9,0.1408,1345.061572
2026-09-11T12:05:06.918Z,GMX,0.9699,10160,7.481,1345.061572
2026-09-11T12:05:06.918Z,IMX,2.8961,163.3,0.11799,1345.061572
2026-09-11T12:05:06.918Z,INJ,0.7261,7900,5.831,1345.061572
2026-09-11T12:05:06.918Z,GRT,1.3537,23.68,0.01737,1345.061572
2026-09-11T12:05:06.918Z,SUI,0.7306,974.3,0.7191,1345.061572
2026-09-11T12:05:06.918Z,HYPE,1.2277,107800,79.173,1345.061572
2026-09-11T12:10:06.537Z,BTC,1.4611,104962000,76911.3,1345.061572
2026-09-11T12:10:06.537Z,ETH,1.49,3347000,2451.83,1345.061572
2026-09-11T12:10:06.537Z,SOL,1.6192,135700,99.28,1345.061572
2026-09-11T12:10:06.537Z,BNB,1.248,969500,711.9,1345.061572
2026-09-11T12:10:06.537Z,XRP,1.4728,1809,1.3254,1345.061572
2026-09-11T12:10:06.537Z,ADA,1.9171,276.5,0.2017,1345.061572
2026-09-11T12:10:06.537Z,AVAX,0.87,9960,7.341,1345.061572
2026-09-11T12:10:06.537Z,DOT,1.1134,1477,1.086,1345.061572
2026-09-11T12:10:06.537Z,LINK,0.9767,15440,11.368,1345.061572
2026-09-11T12:10:06.537Z,POL,0.5952,125.7,0.0929,1345.061572
2026-09-11T12:10:06.537Z,DOGE,1.7132,114.1,0.0834,1345.061572
2026-09-11T12:10:06.537Z,TRX,1.6791,458.9,0.33554,1345.061572
2026-09-11T12:10:06.537Z,XLM,1.5285,237.7,0.17406,1345.061572
2026-09-11T12:10:06.537Z,SHIB,1.8641,0.0069,0.000005036,1345.061572
2026-09-11T12:10:06.537Z,BCH,1.5256,306300,224.3,1345.061572
2026-09-11T12:10:06.537Z,UNI,2.0509,8170,5.952,1345.061572
2026-09-11T12:10:06.537Z,AAVE,1.5,166600,122.03,1345.061572
2026-09-11T12:10:06.537Z,SUSHI,3.0819,292,0.2106,1345.061572
2026-09-11T12:10:06.537Z,LDO,-18.4315,399.8,0.3644,1345.061572
2026-09-11T12:10:06.537Z,ICP,0.5444,3715,2.747,1345.061572
2026-09-11T12:10:06.537Z,NEAR,0.8698,3301,2.433,1345.061572
2026-09-11T12:10:06.537Z,HBAR,1.8163,101,0.07375,1345.061572
2026-09-11T12:10:06.537Z,XTZ,4.722,348.2,0.2472,1345.061572
2026-09-11T12:10:06.537Z,DYDX,-0.8276,149.2,0.11185,1345.061572
2026-09-11T12:10:06.537Z,ARB,21.5731,228.9,0.13998,1345.061572
2026-09-11T12:10:06.537Z,GMX,1.0915,10160,7.472,1345.061572
2026-09-11T12:10:06.537Z,IMX,3.2198,163.3,0.11762,1345.061572
2026-09-11T12:10:06.537Z,INJ,1.1075,7900,5.809,1345.061572
2026-09-11T12:10:06.537Z,GRT,1.6463,23.68,0.01732,1345.061572
2026-09-11T12:10:06.537Z,SUI,0.9974,974.3,0.7172,1345.061572
2026-09-11T12:10:06.537Z,HYPE,1.5973,107800,78.885,1345.061572
2026-09-11T12:15:07.099Z,BTC,1.4643,104962000,76908.9,1345.061572
2026-09-11T12:15:07.099Z,ETH,1.4693,3347000,2452.33,1345.061572
2026-09-11T12:15:07.099Z,SOL,1.5239,135600,99.3,1345.061572
2026-09-11T12:15:07.099Z,BNB,1.305,969500,711.5,1345.061572
2026-09-11T12:15:07.099Z,XRP,1.5491,1812,1.3266,1345.061572
2026-09-11T12:15:07.099Z,ADA,1.6591,275.8,0.2017,1345.061572
2026-09-11T12:15:07.099Z,AVAX,0.8425,9960,7.343,1345.061572
2026-09-11T12:15:07.099Z,DOT,1.5904,1477,1.0809,1345.061572
2026-09-11T12:15:07.099Z,LINK,1.2828,15480,11.363,1345.061572
2026-09-11T12:15:07.099Z,POL,0.5844,125.7,0.09291,1345.061572
2026-09-11T12:15:07.099Z,DOGE,1.3567,113.7,0.0834,1345.061572
2026-09-11T12:15:07.099Z,TRX,1.6912,458.9,0.3355,1345.061572
2026-09-11T12:15:07.099Z,XLM,1.5112,237.4,0.17387,1345.061572
2026-09-11T12:15:07.099Z,SHIB,1.9451,0.0069,0.000005032,1345.061572
2026-09-11T12:15:07.099Z,BCH,1.5709,306300,224.2,1345.061572
2026-09-11T12:15:07.099Z,UNI,2.3432,8170,5.935,1345.061572
2026-09-11T12:15:07.099Z,AAVE,1.5084,166600,122.02,1345.061572
2026-09-11T12:15:07.099Z,SUSHI,3.1799,292,0.2104,1345.061572
2026-09-11T12:15:07.099Z,LDO,-18.4763,399.8,0.3646,1345.061572
2026-09-11T12:15:07.099Z,ICP,1.1705,3715,2.73,1345.061572
2026-09-11T12:15:07.099Z,NEAR,1.0359,3301,2.429,1345.061572
2026-09-11T12:15:07.099Z,HBAR,1.7611,101,0.07379,1345.061572
2026-09-11T12:15:07.099Z,XTZ,5.3185,348.2,0.2458,1345.061572
2026-09-11T12:15:07.099Z,DYDX,-0.6856,149.2,0.11169,1345.061572
2026-09-11T12:15:07.099Z,ARB,22.1228,228.9,0.13935,1345.061572
2026-09-11T12:15:07.099Z,GMX,1.1457,10160,7.468,1345.061572
2026-09-11T12:15:07.099Z,IMX,3.4484,163.3,0.11736,1345.061572
2026-09-11T12:15:07.099Z,INJ,1.6676,7900,5.777,1345.061572
2026-09-11T12:15:07.099Z,GRT,1.8227,23.68,0.01729,1345.061572
2026-09-11T12:15:07.099Z,SUI,1.0397,974.3,0.7169,1345.061572
2026-09-11T12:15:07.099Z,HYPE,1.3827,107800,79.052,1345.061572
2026-09-11T12:20:07.105Z,BTC,1.4182,104962000,76943.9,1345.061572
2026-09-11T12:20:07.105Z,ETH,1.6289,3355000,2454.33,1345.061572
2026-09-11T12:20:07.105Z,SOL,1.657,135600,99.17,1345.061572
2026-09-11T12:20:07.105Z,BNB,1.3192,969500,711.4,1345.061572
2026-09-11T12:20:07.105Z,XRP,1.5773,1811,1.3255,1345.061572
2026-09-11T12:20:07.105Z,ADA,1.6456,275.9,0.2018,1345.061572
2026-09-11T12:20:07.105Z,AVAX,0.9387,9960,7.336,1345.061572
2026-09-11T12:20:07.105Z,DOT,1.6563,1477,1.0802,1345.061572
2026-09-11T12:20:07.105Z,LINK,1.3482,15490,11.363,1345.061572
2026-09-11T12:20:07.105Z,POL,0.5519,125.7,0.09294,1345.061572
2026-09-11T12:20:07.105Z,DOGE,1.7583,114,0.08329,1345.061572
2026-09-11T12:20:07.105Z,TRX,1.7276,458.9,0.33538,1345.061572
2026-09-11T12:20:07.105Z,XLM,1.5715,237.5,0.17384,1345.061572
2026-09-11T12:20:07.105Z,SHIB,1.9451,0.0069,0.000005032,1345.061572
2026-09-11T12:20:07.105Z,BCH,1.707,306300,223.9,1345.061572
2026-09-11T12:20:07.105Z,UNI,2.2743,8170,5.939,1345.061572
2026-09-11T12:20:07.105Z,AAVE,1.392,166600,122.16,1345.061572
2026-09-11T12:20:07.105Z,SUSHI,3.3272,292,0.2101,1345.061572
2026-09-11T12:20:07.105Z,LDO,-18.4763,399.8,0.3646,1345.061572
2026-09-11T12:20:07.105Z,ICP,1.319,3715,2.726,1345.061572
2026-09-11T12:20:07.105Z,NEAR,1.2443,3301,2.424,1345.061572
2026-09-11T12:20:07.105Z,HBAR,1.6784,101,0.07385,1345.061572
2026-09-11T12:20:07.105Z,XTZ,5.6193,348.2,0.2451,1345.061572
2026-09-11T12:20:07.105Z,DYDX,-0.5253,149.2,0.11151,1345.061572
2026-09-11T12:20:07.105Z,ARB,21.8866,228.9,0.13962,1345.061572
2026-09-11T12:20:07.105Z,GMX,1.3356,10160,7.454,1345.061572
2026-09-11T12:20:07.105Z,IMX,3.4044,163.3,0.11741,1345.061572
2026-09-11T12:20:07.105Z,INJ,1.6324,7900,5.779,1345.061572
2026-09-11T12:20:07.105Z,GRT,15.7876,26.99,0.01733,1345.061572
2026-09-11T12:20:07.105Z,SUI,1.3725,977.1,0.7166,1345.061572
2026-09-11T12:20:07.105Z,HYPE,1.4366,107800,79.01,1345.061572
2026-09-11T12:25:06.902Z,BTC,1.456,104962000,76915.2,1345.061572
2026-09-11T12:25:06.902Z,ETH,1.6497,3356000,2454.56,1345.061572
2026-09-11T12:25:06.902Z,SOL,1.63,135400,99.05,1345.061572
2026-09-11T12:25:06.902Z,BNB,1.3192,969500,711.4,1345.061572
2026-09-11T12:25:06.902Z,XRP,1.6031,1809,1.3237,1345.061572
2026-09-11T12:25:06.902Z,ADA,1.8707,276.1,0.2015,1345.061572
2026-09-11T12:25:06.902Z,AVAX,1.0903,9960,7.325,1345.061572
2026-09-11T12:25:06.902Z,DOT,1.6751,1477,1.08,1345.061572
2026-09-11T12:25:06.902Z,LINK,1.5269,15490,11.343,1345.061572
2026-09-11T12:25:06.902Z,POL,0.6386,125.7,0.09286,1345.061572
2026-09-11T12:25:06.902Z,DOGE,1.8806,114,0.08319,1345.061572
2026-09-11T12:25:06.902Z,TRX,1.7397,458.9,0.33534,1345.061572
2026-09-11T12:25:06.902Z,XLM,1.7214,237.7,0.17373,1345.061572
2026-09-11T12:25:06.902Z,SHIB,1.9856,0.0069,0.00000503,1345.061572
2026-09-11T12:25:06.902Z,BCH,1.8434,306300,223.6,1345.061572
2026-09-11T12:25:06.902Z,UNI,2.395,8170,5.932,1345.061572
2026-09-11T12:25:06.902Z,AAVE,1.5084,166600,122.02,1345.061572
2026-09-11T12:25:06.902Z,SUSHI,3.5737,292,0.2096,1345.061572
2026-09-11T12:25:06.902Z,LDO,-18.3419,399.8,0.364,1345.061572
2026-09-11T12:25:06.902Z,ICP,1.6546,3715,2.717,1345.061572
2026-09-11T12:25:06.902Z,NEAR,4.239,3372,2.405,1345.061572
2026-09-11T12:25:06.902Z,HBAR,1.7335,101,0.07381,1345.061572
2026-09-11T12:25:06.902Z,XTZ,5.3614,348.2,0.2457,1345.061572
2026-09-11T12:25:06.902Z,DYDX,-0.2928,149.2,0.11125,1345.061572
2026-09-11T12:25:06.902Z,ARB,21.6688,228.9,0.13987,1345.061572
2026-09-11T12:25:06.902Z,GMX,1.2677,10160,7.459,1345.061572
2026-09-11T12:25:06.902Z,IMX,3.5367,163.3,0.11726,1345.061572
2026-09-11T12:25:06.902Z,INJ,2.0385,7900,5.756,1345.061572
2026-09-11T12:25:06.902Z,GRT,16.1899,26.99,0.01727,1345.061572
2026-09-11T12:25:06.902Z,SUI,1.642,977.1,0.7147,1345.061572
2026-09-11T12:25:06.902Z,HYPE,1.8335,107800,78.702,1345.061572
2026-09-11T12:30:07.142Z,BTC,1.798,104750000,76502,1345.061572
2026-09-11T12:30:07.142Z,ETH,1.9403,3345000,2439.54,1345.061572
2026-09-11T12:30:07.142Z,SOL,2.5646,135100,97.93,1345.061572
2026-09-11T12:30:07.142Z,BNB,1.9972,970500,707.4,1345.061572
2026-09-11T12:30:07.142Z,XRP,1.8044,1803,1.3167,1345.061572
2026-09-11T12:30:07.142Z,ADA,2.3369,276.4,0.2008,1345.061572
2026-09-11T12:30:07.142Z,AVAX,1.4782,9960,7.297,1345.061572
2026-09-11T12:30:07.142Z,DOT,2.072,1477,1.0758,1345.061572
2026-09-11T12:30:07.142Z,LINK,1.8232,15490,11.31,1345.061572
2026-09-11T12:30:07.142Z,POL,0.9647,125.7,0.09256,1345.061572
2026-09-11T12:30:07.142Z,DOGE,2.5307,113.5,0.0823,1345.061572
2026-09-11T12:30:07.142Z,TRX,1.9194,458.6,0.33453,1345.061572
2026-09-11T12:30:07.142Z,XLM,1.9779,237.6,0.17322,1345.061572
2026-09-11T12:30:07.142Z,SHIB,2.6386,0.0069,0.000004998,1345.061572
2026-09-11T12:30:07.142Z,BCH,3.0416,306300,221,1345.061572
2026-09-11T12:30:07.142Z,UNI,2.4142,8155,5.92,1345.061572
2026-09-11T12:30:07.142Z,AAVE,1.7084,166600,121.78,1345.061572
2026-09-11T12:30:07.142Z,SUSHI,3.871,292,0.209,1345.061572
2026-09-11T12:30:07.142Z,LDO,-18.3643,399.8,0.3641,1345.061572
2026-09-11T12:30:07.142Z,ICP,1.9172,3715,2.71,1345.061572
2026-09-11T12:30:07.142Z,NEAR,2.4521,3339,2.423,1345.061572
2026-09-11T12:30:07.142Z,HBAR,1.9684,101,0.07364,1345.061572
2026-09-11T12:30:07.142Z,XTZ,5.2329,348.2,0.246,1345.061572
2026-09-11T12:30:07.142Z,DYDX,0.1212,149.2,0.11079,1345.061572
2026-09-11T12:30:07.142Z,ARB,22.1052,228.9,0.13937,1345.061572
2026-09-11T12:30:07.142Z,GMX,1.6356,10160,7.432,1345.061572
2026-09-11T12:30:07.142Z,IMX,3.98,163.3,0.11676,1345.061572
2026-09-11T12:30:07.142Z,INJ,2.1983,7900,5.747,1345.061572
2026-09-11T12:30:07.142Z,GRT,16.5273,26.99,0.01722,1345.061572
2026-09-11T12:30:07.142Z,SUI,2.8529,982.1,0.7099,1345.061572
2026-09-11T12:30:07.142Z,HYPE,3.1888,109200,78.677,1345.061572
2026-09-11T12:35:06.919Z,BTC,1.5782,105498000,77215,1345.061572
2026-09-11T12:35:06.919Z,ETH,1.4385,3376000,2474.33,1345.061572
2026-09-11T12:35:06.919Z,SOL,1.583,137100,100.34,1345.061572
2026-09-11T12:35:06.919Z,BNB,1.2632,977000,717.3,1345.061572
2026-09-11T12:35:06.919Z,XRP,1.5665,1841,1.3476,1345.061572
2026-09-11T12:35:06.919Z,ADA,1.0804,281.3,0.2069,1345.061572
2026-09-11T12:35:06.919Z,AVAX,-0.6058,9960,7.45,1345.061572
2026-09-11T12:35:06.919Z,DOT,0.2457,1477,1.0954,1345.061572
2026-09-11T12:35:06.919Z,LINK,1.3722,15720,11.529,1345.061572
2026-09-11T12:35:06.919Z,POL,-1.1184,125.7,0.09451,1345.061572
2026-09-11T12:35:06.919Z,DOGE,1.5695,115.1,0.08425,1345.061572
2026-09-11T12:35:06.919Z,TRX,1.0868,457.6,0.33655,1345.061572
2026-09-11T12:35:06.919Z,XLM,1.7043,241.6,0.17661,1345.061572
2026-09-11T12:35:06.919Z,SHIB,0.4479,0.0069,0.000005107,1345.061572
2026-09-11T12:35:06.919Z,BCH,0.7619,306300,226,1345.061572
2026-09-11T12:35:06.919Z,UNI,0.5916,8225,6.079,1345.061572
2026-09-11T12:35:06.919Z,AAVE,-0.1769,166600,124.08,1345.061572
2026-09-11T12:35:06.919Z,SUSHI,1.0663,292,0.2148,1345.061572
2026-09-11T12:35:06.919Z,LDO,-20.2481,399.8,0.3727,1345.061572
2026-09-11T12:35:06.919Z,ICP,-0.7562,3715,2.783,1345.061572
2026-09-11T12:35:06.919Z,NEAR,0.8855,3406,2.51,1345.061572
2026-09-11T12:35:06.919Z,HBAR,0.508,101,0.07471,1345.061572
2026-09-11T12:35:06.919Z,XTZ,2.8089,348.2,0.2518,1345.061572
2026-09-11T12:35:06.919Z,DYDX,-2.6724,149.2,0.11397,1345.061572
2026-09-11T12:35:06.919Z,ARB,17.7991,226.5,0.14295,1345.061572
2026-09-11T12:35:06.919Z,GMX,-0.6764,10160,7.605,1345.061572
2026-09-11T12:35:06.919Z,IMX,1.1304,163.3,0.12005,1345.061572
2026-09-11T12:35:06.919Z,INJ,-1.1223,7900,5.94,1345.061572
2026-09-11T12:35:06.919Z,GRT,13.5597,26.99,0.01767,1345.061572
2026-09-11T12:35:06.919Z,SUI,2.1223,999.3,0.7275,1345.061572
2026-09-11T12:35:06.919Z,HYPE,1.5724,110200,80.661,1345.061572
2026-09-11T12:40:06.896Z,BTC,1.6108,106024000,77575.1,1345.061572
2026-09-11T12:40:06.896Z,ETH,1.5845,3412000,2497.12,1345.061572
2026-09-11T12:40:06.896Z,SOL,1.5282,137900,100.98,1345.061572
2026-09-11T12:40:06.896Z,BNB,1.4231,984000,721.3,1345.061572
2026-09-11T12:40:06.896Z,XRP,1.6815,1861,1.3607,1345.061572
2026-09-11T12:40:06.896Z,ADA,1.482,283.1,0.2074,1345.061572
2026-09-11T12:40:06.896Z,AVAX,2.1301,10410,7.578,1345.061572
2026-09-11T12:40:06.896Z,DOT,1.467,1501,1.0998,1345.061572
2026-09-11T12:40:06.896Z,LINK,1.7489,15840,11.574,1345.061572
2026-09-11T12:40:06.896Z,POL,-1.6699,125.7,0.09504,1345.061572
2026-09-11T12:40:06.896Z,DOGE,1.5881,115.9,0.08482,1345.061572
2026-09-11T12:40:06.896Z,TRX,1.7002,460.5,0.33664,1345.061572
2026-09-11T12:40:06.896Z,XLM,1.8708,243.9,0.178,1345.061572
2026-09-11T12:40:06.896Z,SHIB,1.2692,0.007,0.000005139,1345.061572
2026-09-11T12:40:06.896Z,BCH,0.318,306300,227,1345.061572
2026-09-11T12:40:06.896Z,UNI,1.8879,8405,6.133,1345.061572
2026-09-11T12:40:06.896Z,AAVE,-1.0778,166600,125.21,1345.061572
2026-09-11T12:40:06.896Z,SUSHI,0.134,292,0.2168,1345.061572
2026-09-11T12:40:06.896Z,LDO,-20.9059,399.8,0.3758,1345.061572
2026-09-11T12:40:06.896Z,ICP,-1.4995,3715,2.804,1345.061572
2026-09-11T12:40:06.896Z,NEAR,2.3461,3509,2.549,1345.061572
2026-09-11T12:40:06.896Z,HBAR,-0.0539,101,0.07513,1345.061572
2026-09-11T12:40:06.896Z,XTZ,1.8383,348.2,0.2542,1345.061572
2026-09-11T12:40:06.896Z,DYDX,-3.1567,149.2,0.11454,1345.061572
2026-09-11T12:40:06.896Z,ARB,17.4264,227.9,0.14429,1345.061572
2026-09-11T12:40:06.896Z,GMX,-1.2349,10160,7.648,1345.061572
2026-09-11T12:40:06.896Z,IMX,0.5692,163.3,0.12072,1345.061572
2026-09-11T12:40:06.896Z,INJ,-1.2387,7900,5.947,1345.061572
2026-09-11T12:40:06.896Z,GRT,12.9206,26.99,0.01777,1345.061572
2026-09-11T12:40:06.896Z,SUI,1.7303,1006,0.7352,1345.061572
2026-09-11T12:40:06.896Z,HYPE,0.4491,110200,81.563,1345.061572
2026-09-11T12:45:07.071Z,BTC,1.5201,105902000,77555,1345.061572
2026-09-11T12:45:07.071Z,ETH,1.5964,3408000,2493.9,1345.061572
2026-09-11T12:45:07.071Z,SOL,1.7429,138000,100.84,1345.061572
2026-09-11T12:45:07.071Z,BNB,1.4372,984000,721.2,1345.061572
2026-09-11T12:45:07.071Z,XRP,1.615,1855,1.3572,1345.061572
2026-09-11T12:45:07.071Z,ADA,1.7272,283.1,0.2069,1345.061572
2026-09-11T12:45:07.071Z,AVAX,2.6993,10410,7.536,1345.061572
2026-09-11T12:45:07.071Z,DOT,2.0049,1501,1.094,1345.061572
2026-09-11T12:45:07.071Z,LINK,2.2258,15840,11.52,1345.061572
2026-09-11T12:45:07.071Z,POL,-1.7526,125.7,0.09512,1345.061572
2026-09-11T12:45:07.071Z,DOGE,2.0091,115.9,0.08447,1345.061572
2026-09-11T12:45:07.071Z,TRX,1.6171,459.7,0.33633,1345.061572
2026-09-11T12:45:07.071Z,XLM,1.6644,242.9,0.17763,1345.061572
2026-09-11T12:45:07.071Z,SHIB,1.5656,0.007,0.000005124,1345.061572
2026-09-11T12:45:07.071Z,BCH,0.2739,306300,227.1,1345.061572
2026-09-11T12:45:07.071Z,UNI,2.4391,8405,6.1,1345.061572
2026-09-11T12:45:07.071Z,AAVE,-0.3456,166600,124.29,1345.061572
2026-09-11T12:45:07.071Z,SUSHI,0.6446,292,0.2157,1345.061572
2026-09-11T12:45:07.071Z,LDO,-20.5253,399.8,0.374,1345.061572
2026-09-11T12:45:07.071Z,ICP,-1.3235,3715,2.799,1345.061572
2026-09-11T12:45:07.071Z,NEAR,2.9926,3509,2.533,1345.061572
2026-09-11T12:45:07.071Z,HBAR,2.0164,102.9,0.07499,1345.061572
2026-09-11T12:45:07.071Z,XTZ,2.5239,348.2,0.2525,1345.061572
2026-09-11T12:45:07.071Z,DYDX,-2.8259,149.2,0.11415,1345.061572
2026-09-11T12:45:07.071Z,ARB,18.5377,228,0.143,1345.061572
2026-09-11T12:45:07.071Z,GMX,-1.0019,10160,7.63,1345.061572
2026-09-11T12:45:07.071Z,IMX,0.8364,163.3,0.1204,1345.061572
2026-09-11T12:45:07.071Z,INJ,-0.6035,7900,5.909,1345.061572
2026-09-11T12:45:07.071Z,GRT,13.1116,26.99,0.01774,1345.061572
2026-09-11T12:45:07.071Z,SUI,2.2106,1008,0.7332,1345.061572
2026-09-11T12:45:07.071Z,HYPE,1.5381,111000,81.274,1345.061572
2026-09-11T12:50:06.915Z,BTC,1.4727,106255000,77849.9,1345.061572
2026-09-11T12:50:06.915Z,ETH,1.4723,3419000,2505.01,1345.061572
2026-09-11T12:50:06.915Z,SOL,1.6547,138400,101.22,1345.061572
2026-09-11T12:50:06.915Z,BNB,1.4513,984000,721.1,1345.061572
2026-09-11T12:50:06.915Z,XRP,1.6535,1865,1.364,1345.061572
2026-09-11T12:50:06.915Z,ADA,1.7799,285.3,0.2084,1345.061572
2026-09-11T12:50:06.915Z,AVAX,2.2246,10410,7.571,1345.061572
2026-09-11T12:50:06.915Z,DOT,1.2552,1501,1.1021,1345.061572
2026-09-11T12:50:06.915Z,LINK,1.6259,15840,11.588,1345.061572
2026-09-11T12:50:06.915Z,POL,-2.123,125.7,0.09548,1345.061572
2026-09-11T12:50:06.915Z,DOGE,1.6361,115.9,0.08478,1345.061572
2026-09-11T12:50:06.915Z,TRX,1.6985,460,0.33628,1345.061572
2026-09-11T12:50:06.915Z,XLM,1.6232,244.1,0.17858,1345.061572
2026-09-11T12:50:06.915Z,SHIB,2.6959,0.0071,0.00000514,1345.061572
2026-09-11T12:50:06.915Z,BCH,-0.122,306300,228,1345.061572
2026-09-11T12:50:06.915Z,UNI,2.021,8405,6.125,1345.061572
2026-09-11T12:50:06.915Z,AAVE,-0.7926,166600,124.85,1345.061572
2026-09-11T12:50:06.915Z,SUSHI,0.5048,292,0.216,1345.061572
2026-09-11T12:50:06.915Z,LDO,-20.7583,399.8,0.3751,1345.061572
2026-09-11T12:50:06.915Z,ICP,-1.8495,3715,2.814,1345.061572
2026-09-11T12:50:06.915Z,NEAR,1.8666,3509,2.561,1345.061572
2026-09-11T12:50:06.915Z,HBAR,1.502,102.9,0.07537,1345.061572
2026-09-11T12:50:06.915Z,XTZ,2.2809,348.2,0.2531,1345.061572
2026-09-11T12:50:06.915Z,DYDX,-3.0297,149.2,0.11439,1345.061572
2026-09-11T12:50:06.915Z,ARB,17.8865,228,0.14379,1345.061572
2026-09-11T12:50:06.915Z,GMX,-1.1056,10160,7.638,1345.061572
2026-09-11T12:50:06.915Z,IMX,0.9119,163.3,0.12031,1345.061572
2026-09-11T12:50:06.915Z,INJ,-0.9221,7900,5.928,1345.061572
2026-09-11T12:50:06.915Z,GRT,12.7303,26.99,0.0178,1345.061572
2026-09-11T12:50:06.915Z,SUI,1.6147,1008,0.7375,1345.061572
2026-09-11T12:50:06.915Z,HYPE,0.7485,111000,81.911,1345.061572
2026-09-11T12:55:07.103Z,BTC,1.6229,106463000,77887,1345.061572
2026-09-11T12:55:07.103Z,ETH,1.6077,3430000,2509.72,1345.061572
2026-09-11T12:55:07.103Z,SOL,1.6974,138800,101.47,1345.061572
2026-09-11T12:55:07.103Z,BNB,1.2547,984000,722.5,1345.061572
2026-09-11T12:55:07.103Z,XRP,1.6605,1868,1.3661,1345.061572
2026-09-11T12:55:07.103Z,ADA,1.8512,285.5,0.2084,1345.061572
2026-09-11T12:55:07.103Z,AVAX,2.3327,10410,7.563,1345.061572
2026-09-11T12:55:07.103Z,DOT,1.292,1501,1.1017,1345.061572
2026-09-11T12:55:07.103Z,LINK,1.7145,15940,11.651,1345.061572
2026-09-11T12:55:07.103Z,POL,-2.511,125.7,0.09586,1345.061572
2026-09-11T12:55:07.103Z,DOGE,1.4446,115.9,0.08494,1345.061572
2026-09-11T12:55:07.103Z,TRX,1.759,460,0.33608,1345.061572
2026-09-11T12:55:07.103Z,XLM,1.8969,245.1,0.17883,1345.061572
2026-09-11T12:55:07.103Z,SHIB,2.5164,0.0071,0.000005149,1345.061572
2026-09-11T12:55:07.103Z,BCH,-0.3841,306300,228.6,1345.061572
2026-09-11T12:55:07.103Z,UNI,1.2441,8405,6.172,1345.061572
2026-09-11T12:55:07.103Z,AAVE,-0.8878,166600,124.97,1345.061572
2026-09-11T12:55:07.103Z,SUSHI,0.598,292,0.2158,1345.061572
2026-09-11T12:55:07.103Z,LDO,-21.283,399.8,0.3776,1345.061572
2026-09-11T12:55:07.103Z,ICP,-1.8146,3715,2.813,1345.061572
2026-09-11T12:55:07.103Z,NEAR,1.8956,3510,2.561,1345.061572
2026-09-11T12:55:07.103Z,HBAR,1.4347,102.9,0.07542,1345.061572
2026-09-11T12:55:07.103Z,XTZ,2.2405,348.2,0.2532,1345.061572
2026-09-11T12:55:07.103Z,DYDX,-3.0043,149.2,0.11436,1345.061572
2026-09-11T12:55:07.103Z,ARB,17.9029,228,0.14377,1345.061572
2026-09-11T12:55:07.103Z,GMX,-1.1961,10160,7.645,1345.061572
2026-09-11T12:55:07.103Z,IMX,1.0042,163.3,0.1202,1345.061572
2026-09-11T12:55:07.103Z,INJ,-0.805,7900,5.921,1345.061572
2026-09-11T12:55:07.103Z,GRT,12.3516,26.99,0.01786,1345.061572
2026-09-11T12:55:07.103Z,SUI,1.4084,1008,0.739,1345.061572
2026-09-11T12:55:07.103Z,HYPE,1.8177,112000,81.781,1345.061572
2026-09-11T13:00:07.147Z,BTC,1.6077,106525000,77944,1345.061572
2026-09-11T13:00:07.147Z,ETH,1.4724,3424000,2508.67,1345.061572
2026-09-11T13:00:07.147Z,SOL,1.6041,138700,101.49,1345.061572
2026-09-11T13:00:07.147Z,BNB,1.2267,984000,722.7,1345.061572
2026-09-11T13:00:07.147Z,XRP,1.5618,1864,1.3645,1345.061572
2026-09-11T13:00:07.147Z,ADA,1.5171,284.7,0.2085,1345.061572
2026-09-11T13:00:07.147Z,AVAX,2.2246,10410,7.571,1345.061572
2026-09-11T13:00:07.147Z,DOT,2.0236,1501,1.0938,1345.061572
2026-09-11T13:00:07.147Z,LINK,1.5837,15940,11.666,1345.061572
2026-09-11T13:00:07.147Z,POL,-2.1537,125.7,0.09551,1345.061572
2026-09-11T13:00:07.147Z,DOGE,1.3372,115.9,0.08503,1345.061572
2026-09-11T13:00:07.147Z,TRX,1.7621,460,0.33607,1345.061572
2026-09-11T13:00:07.147Z,XLM,1.7039,244.8,0.17895,1345.061572
2026-09-11T13:00:07.147Z,SHIB,2.3971,0.0071,0.000005155,1345.061572
2026-09-11T13:00:07.147Z,BCH,-0.6015,306300,229.1,1345.061572
2026-09-11T13:00:07.147Z,UNI,1.3262,8405,6.167,1345.061572
2026-09-11T13:00:07.147Z,AAVE,-0.7767,166600,124.83,1345.061572
2026-09-11T13:00:07.147Z,SUSHI,0.6913,292,0.2156,1345.061572
2026-09-11T13:00:07.147Z,LDO,-20.948,399.8,0.376,1345.061572
2026-09-11T13:00:07.147Z,ICP,-1.5697,3715,2.806,1345.061572
2026-09-11T13:00:07.147Z,NEAR,1.697,3510,2.566,1345.061572
2026-09-11T13:00:07.147Z,HBAR,1.3541,102.9,0.07548,1345.061572
2026-09-11T13:00:07.147Z,XTZ,2.2809,348.2,0.2531,1345.061572
2026-09-11T13:00:07.147Z,DYDX,-2.9704,149.2,0.11432,1345.061572
2026-09-11T13:00:07.147Z,ARB,18.1988,228,0.14341,1345.061572
2026-09-11T13:00:07.147Z,GMX,-0.9889,10160,7.629,1345.061572
2026-09-11T13:00:07.147Z,IMX,1.021,163.3,0.12018,1345.061572
2026-09-11T13:00:07.147Z,INJ,-0.6204,7900,5.91,1345.061572
2026-09-11T13:00:07.147Z,GRT,12.2259,26.99,0.01788,1345.061572
2026-09-11T13:00:07.147Z,SUI,1.5458,1008,0.738,1345.061572
2026-09-11T13:00:07.147Z,HYPE,1.6921,112000,81.882,1345.061572
2026-09-11T13:05:06.883Z,BTC,1.5401,106149000,77720.6,1345.061572
2026-09-11T13:05:06.883Z,ETH,1.5136,3415000,2501.06,1345.061572
2026-09-11T13:05:06.883Z,SOL,1.5813,138300,101.22,1345.061572
2026-09-11T13:05:06.883Z,BNB,1.6204,984000,719.9,1345.061572
2026-09-11T13:05:06.883Z,XRP,1.525,1858,1.3606,1345.061572
2026-09-11T13:05:06.883Z,ADA,1.6934,284.1,0.2077,1345.061572
2026-09-11T13:05:06.883Z,AVAX,2.4546,10410,7.554,1345.061572
2026-09-11T13:05:06.883Z,DOT,2.2198,1501,1.0917,1345.061572
2026-09-11T13:05:06.883Z,LINK,1.6714,15910,11.634,1345.061572
2026-09-11T13:05:06.883Z,POL,-2.2356,125.7,0.09559,1345.061572
2026-09-11T13:05:06.883Z,DOGE,1.6001,115.9,0.08481,1345.061572
2026-09-11T13:05:06.883Z,TRX,1.7924,460,0.33597,1345.061572
2026-09-11T13:05:06.883Z,XLM,2.0861,244.8,0.17828,1345.061572
2026-09-11T13:05:06.883Z,SHIB,2.6959,0.0071,0.00000514,1345.061572
2026-09-11T13:05:06.883Z,BCH,-0.122,306300,228,1345.061572
2026-09-11T13:05:06.883Z,UNI,1.4852,8410,6.161,1345.061572
2026-09-11T13:05:06.883Z,AAVE,-0.5855,166600,124.59,1345.061572
2026-09-11T13:05:06.883Z,SUSHI,0.6446,292,0.2157,1345.061572
2026-09-11T13:05:06.883Z,LDO,-20.4828,399.8,0.3738,1345.061572
2026-09-11T13:05:06.883Z,ICP,-0.9342,3715,2.788,1345.061572
2026-09-11T13:05:06.883Z,NEAR,1.697,3510,2.566,1345.061572
2026-09-11T13:05:06.883Z,HBAR,1.6369,102.9,0.07527,1345.061572
2026-09-11T13:05:06.883Z,XTZ,2.8498,348.2,0.2517,1345.061572
2026-09-11T13:05:06.883Z,DYDX,-2.698,149.2,0.114,1345.061572
2026-09-11T13:05:06.883Z,ARB,17.8783,228,0.1438,1345.061572
2026-09-11T13:05:06.883Z,GMX,-0.6895,10160,7.606,1345.061572
2026-09-11T13:05:06.883Z,IMX,1.3161,163.3,0.11983,1345.061572
2026-09-11T13:05:06.883Z,INJ,-0.266,7900,5.889,1345.061572
2026-09-11T13:05:06.883Z,GRT,12.9842,26.99,0.01776,1345.061572
2026-09-11T13:05:06.883Z,SUI,1.611,1004,0.7346,1345.061572
2026-09-11T13:05:06.883Z,HYPE,1.2539,111200,81.649,1345.061572
2026-09-11T13:10:06.915Z,BTC,1.525,105900000,77549.8,1345.061572
2026-09-11T13:10:06.915Z,ETH,1.4514,3406000,2496,1345.061572
2026-09-11T13:10:06.915Z,SOL,1.4645,138100,101.19,1345.061572
2026-09-11T13:10:06.915Z,BNB,1.8042,984000,718.6,1345.061572
2026-09-11T13:10:06.915Z,XRP,1.4757,1850,1.3554,1345.061572
2026-09-11T13:10:06.915Z,ADA,2.0372,284.1,0.207,1345.061572
2026-09-11T13:10:06.915Z,AVAX,2.6176,10410,7.542,1345.061572
2026-09-11T13:10:06.915Z,DOT,2.5675,1501,1.088,1345.061572
2026-09-11T13:10:06.915Z,LINK,1.6889,15910,11.632,1345.061572
2026-09-11T13:10:06.915Z,POL,-3.4876,125.7,0.09683,1345.061572
2026-09-11T13:10:06.915Z,DOGE,1.8162,115.9,0.08463,1345.061572
2026-09-11T13:10:06.915Z,TRX,1.8318,460,0.33584,1345.061572
2026-09-11T13:10:06.915Z,XLM,1.8238,243.5,0.17779,1345.061572
2026-09-11T13:10:06.915Z,SHIB,1.526,0.007,0.000005126,1345.061572
2026-09-11T13:10:06.915Z,BCH,0.2739,306300,227.1,1345.061572
2026-09-11T13:10:06.915Z,UNI,1.6006,8410,6.154,1345.061572
2026-09-11T13:10:06.915Z,AAVE,-0.5376,166600,124.53,1345.061572
2026-09-11T13:10:06.915Z,SUSHI,1.0193,292,0.2149,1345.061572
2026-09-11T13:10:06.915Z,LDO,-20.4189,399.8,0.3735,1345.061572
2026-09-11T13:10:06.915Z,ICP,-0.9342,3715,2.788,1345.061572
2026-09-11T13:10:06.915Z,NEAR,2.0351,3545,2.583,1345.061572
2026-09-11T13:10:06.915Z,HBAR,1.745,102.9,0.07519,1345.061572
2026-09-11T13:10:06.915Z,XTZ,3.1366,348.2,0.251,1345.061572
2026-09-11T13:10:06.915Z,DYDX,-2.4841,149.2,0.11375,1345.061572
2026-09-11T13:10:06.915Z,ARB,18.1247,228,0.1435,1345.061572
2026-09-11T13:10:06.915Z,GMX,-0.4801,10160,7.59,1345.061572
2026-09-11T13:10:06.915Z,IMX,1.4431,163.3,0.11968,1345.061572
2026-09-11T13:10:06.915Z,INJ,-0.1982,7900,5.885,1345.061572
2026-09-11T13:10:06.915Z,GRT,13.3032,26.99,0.01771,1345.061572
2026-09-11T13:10:06.915Z,SUI,1.5978,1001,0.7325,1345.061572
2026-09-11T13:10:06.915Z,HYPE,1.3955,111200,81.535,1345.061572
2026-09-11T13:15:06.555Z,BTC,1.4318,105998000,77692.9,1345.061572
2026-09-11T13:15:06.555Z,ETH,1.398,3411000,2500.98,1345.061572
2026-09-11T13:15:06.555Z,SOL,1.5708,138600,101.45,1345.061572
2026-09-11T13:15:06.555Z,BNB,1.6063,984000,720,1345.061572
2026-09-11T13:15:06.555Z,XRP,1.3884,1857,1.3617,1345.061572
2026-09-11T13:15:06.555Z,ADA,1.3908,282.3,0.207,1345.061572
2026-09-11T13:15:06.555Z,AVAX,2.8221,10410,7.527,1345.061572
2026-09-11T13:15:06.555Z,DOT,2.2011,1501,1.0919,1345.061572
2026-09-11T13:15:06.555Z,LINK,1.436,15910,11.661,1345.061572
2026-09-11T13:15:06.555Z,POL,-3.6369,125.7,0.09698,1345.061572
2026-09-11T13:15:06.555Z,DOGE,1.3491,115.6,0.0848,1345.061572
2026-09-11T13:15:06.555Z,TRX,1.4575,458.2,0.33576,1345.061572
2026-09-11T13:15:06.555Z,XLM,1.5364,243.4,0.17822,1345.061572
2026-09-11T13:15:06.555Z,SHIB,2.5363,0.0071,0.000005148,1345.061572
2026-09-11T13:15:06.555Z,BCH,-0.1658,306300,228.1,1345.061572
2026-09-11T13:15:06.555Z,UNI,1.4522,8410,6.163,1345.061572
2026-09-11T13:15:06.555Z,AAVE,-0.7289,166600,124.77,1345.061572
2026-09-11T13:15:06.555Z,SUSHI,1.0193,292,0.2149,1345.061572
2026-09-11T13:15:06.555Z,LDO,-20.4828,399.8,0.3738,1345.061572
2026-09-11T13:15:06.555Z,ICP,1.3955,3801,2.787,1345.061572
2026-09-11T13:15:06.555Z,NEAR,1.1734,3545,2.605,1345.061572
2026-09-11T13:15:06.555Z,HBAR,1.5694,102.9,0.07532,1345.061572
2026-09-11T13:15:06.555Z,XTZ,2.6459,348.2,0.2522,1345.061572
2026-09-11T13:15:06.555Z,DYDX,-2.6126,149.2,0.1139,1345.061572
2026-09-11T13:15:06.555Z,ARB,17.9767,228,0.14368,1345.061572
2026-09-11T13:15:06.555Z,GMX,-0.598,10160,7.599,1345.061572
2026-09-11T13:15:06.555Z,IMX,1.3499,163.3,0.11979,1345.061572
2026-09-11T13:15:06.555Z,INJ,-0.2151,7900,5.886,1345.061572
2026-09-11T13:15:06.555Z,GRT,12.9842,26.99,0.01776,1345.061572
2026-09-11T13:15:06.555Z,SUI,1.4316,1001,0.7337,1345.061572
2026-09-11T13:15:06.555Z,HYPE,1.4286,111400,81.655,1345.061572
2026-09-11T13:20:06.923Z,BTC,1.3221,105893000,77700,1345.061572
2026-09-11T13:20:06.923Z,ETH,1.2998,3410000,2502.67,1345.061572
2026-09-11T13:20:06.923Z,SOL,1.4143,138400,101.46,1345.061572
2026-09-11T13:20:06.923Z,BNB,1.4794,984000,720.9,1345.061572
2026-09-11T13:20:06.923Z,XRP,1.3214,1857,1.3626,1345.061572
2026-09-11T13:20:06.923Z,ADA,1.257,282.2,0.2072,1345.061572
2026-09-11T13:20:06.923Z,AVAX,2.8905,10410,7.522,1345.061572
2026-09-11T13:20:06.923Z,DOT,2.3887,1501,1.0899,1345.061572
2026-09-11T13:20:06.923Z,LINK,1.3317,15910,11.673,1345.061572
2026-09-11T13:20:06.923Z,POL,-3.5374,125.7,0.09688,1345.061572
2026-09-11T13:20:06.923Z,DOGE,1.2774,115.6,0.08486,1345.061572
2026-09-11T13:20:06.923Z,TRX,1.5621,458.7,0.33578,1345.061572
2026-09-11T13:20:06.923Z,XLM,1.3753,243.3,0.17843,1345.061572
2026-09-11T13:20:06.923Z,SHIB,2.5762,0.0071,0.000005146,1345.061572
2026-09-11T13:20:06.923Z,BCH,-0.2532,306300,228.3,1345.061572
2026-09-11T13:20:06.923Z,UNI,1.1507,8385,6.163,1345.061572
2026-09-11T13:20:06.923Z,AAVE,-0.8481,166600,124.92,1345.061572
2026-09-11T13:20:06.923Z,SUSHI,0.9254,292,0.2151,1345.061572
2026-09-11T13:20:06.923Z,LDO,-20.5465,399.8,0.3741,1345.061572
2026-09-11T13:20:06.923Z,ICP,1.1415,3801,2.794,1345.061572
2026-09-11T13:20:06.923Z,NEAR,1.0183,3545,2.609,1345.061572
2026-09-11T13:20:06.923Z,HBAR,1.6099,102.9,0.07529,1345.061572
2026-09-11T13:20:06.923Z,XTZ,2.3618,348.2,0.2529,1345.061572
2026-09-11T13:20:06.923Z,DYDX,-2.5955,149.2,0.11388,1345.061572
2026-09-11T13:20:06.923Z,ARB,18.0425,228,0.1436,1345.061572
2026-09-11T13:20:06.923Z,GMX,-0.4801,10160,7.59,1345.061572
2026-09-11T13:20:06.923Z,IMX,1.2992,163.3,0.11985,1345.061572
2026-09-11T13:20:06.923Z,INJ,-0.9388,7900,5.929,1345.061572
2026-09-11T13:20:06.923Z,GRT,12.9842,26.99,0.01776,1345.061572
2026-09-11T13:20:06.923Z,SUI,1.3349,1001,0.7344,1345.061572
2026-09-11T13:20:06.923Z,HYPE,1.3433,111200,81.577,1345.061572
2026-09-11T13:25:06.899Z,BTC,1.3807,105905000,77663.9,1345.061572
2026-09-11T13:25:06.899Z,ETH,1.4318,3419000,2506.01,1345.061572
2026-09-11T13:25:06.899Z,SOL,1.5945,138400,101.28,1345.061572
2026-09-11T13:25:06.899Z,BNB,1.5357,984000,720.5,1345.061572
2026-09-11T13:25:06.899Z,XRP,1.4803,1858,1.3612,1345.061572
2026-09-11T13:25:06.899Z,ADA,1.5144,283.6,0.2077,1345.061572
2026-09-11T13:25:06.899Z,AVAX,2.6857,10410,7.537,1345.061572
2026-09-11T13:25:06.899Z,DOT,2.6335,1501,1.0873,1345.061572
2026-09-11T13:25:06.899Z,LINK,1.4186,15940,11.685,1345.061572
2026-09-11T13:25:06.899Z,POL,-3.4477,125.7,0.09679,1345.061572
2026-09-11T13:25:06.899Z,DOGE,1.361,115.6,0.08479,1345.061572
2026-09-11T13:25:06.899Z,TRX,1.547,458.7,0.33583,1345.061572
2026-09-11T13:25:06.899Z,XLM,1.5077,244,0.17871,1345.061572
2026-09-11T13:25:06.899Z,SHIB,2.636,0.0071,0.000005143,1345.061572
2026-09-11T13:25:06.899Z,BCH,-0.2969,306300,228.4,1345.061572
2026-09-11T13:25:06.899Z,UNI,0.8724,8385,6.18,1345.061572
2026-09-11T13:25:06.899Z,AAVE,-0.8719,166600,124.95,1345.061572
2026-09-11T13:25:06.899Z,SUSHI,0.8785,292,0.2152,1345.061572
2026-09-11T13:25:06.899Z,LDO,-20.3336,399.8,0.3731,1345.061572
2026-09-11T13:25:06.899Z,ICP,1.1053,3801,2.795,1345.061572
2026-09-11T13:25:06.899Z,NEAR,0.9409,3545,2.611,1345.061572
2026-09-11T13:25:06.899Z,HBAR,1.5155,102.9,0.07536,1345.061572
2026-09-11T13:25:06.899Z,XTZ,1.7982,348.2,0.2543,1345.061572
2026-09-11T13:25:06.899Z,DYDX,-2.6638,149.2,0.11396,1345.061572
2026-09-11T13:25:06.899Z,ARB,18.1494,228,0.14347,1345.061572
2026-09-11T13:25:06.899Z,GMX,-0.5718,10160,7.597,1345.061572
2026-09-11T13:25:06.899Z,IMX,1.2738,163.3,0.11988,1345.061572
2026-09-11T13:25:06.899Z,INJ,-1.1223,7900,5.94,1345.061572
2026-09-11T13:25:06.899Z,GRT,12.8571,26.99,0.01778,1345.061572
2026-09-11T13:25:06.899Z,SUI,1.4731,1001,0.7334,1345.061572
2026-09-11T13:25:06.899Z,HYPE,1.6385,111200,81.34,1345.061572
2026-09-11T13:30:07.019Z,BTC,1.4333,105715000,77484.3,1345.061572
2026-09-11T13:30:07.019Z,ETH,1.4987,3412000,2499.23,1345.061572
2026-09-11T13:30:07.019Z,SOL,1.4144,137800,101.02,1345.061572
2026-09-11T13:30:07.019Z,BNB,1.8184,984000,718.5,1345.061572
2026-09-11T13:30:07.019Z,XRP,1.3735,1851,1.3575,1345.061572
2026-09-11T13:30:07.019Z,ADA,2.0055,283.6,0.2067,1345.061572
2026-09-11T13:30:07.019Z,AVAX,3.2336,10410,7.497,1345.061572
2026-09-11T13:30:07.019Z,DOT,2.889,1501,1.0846,1345.061572
2026-09-11T13:30:07.019Z,LINK,2.0737,15940,11.61,1345.061572
2026-09-11T13:30:07.019Z,POL,-3.4876,125.7,0.09683,1345.061572
2026-09-11T13:30:07.019Z,DOGE,1.5209,115.4,0.08451,1345.061572
2026-09-11T13:30:07.019Z,TRX,1.5561,458.7,0.3358,1345.061572
2026-09-11T13:30:07.019Z,XLM,1.6677,243.4,0.17799,1345.061572
2026-09-11T13:30:07.019Z,SHIB,2.7759,0.0071,0.000005136,1345.061572
2026-09-11T13:30:07.019Z,BCH,0.0096,306300,227.7,1345.061572
2026-09-11T13:30:07.019Z,UNI,1.3975,8385,6.148,1345.061572
2026-09-11T13:30:07.019Z,AAVE,-0.2974,166600,124.23,1345.061572
2026-09-11T13:30:07.019Z,SUSHI,1.2077,292,0.2145,1345.061572
2026-09-11T13:30:07.019Z,LDO,-19.8826,399.8,0.371,1345.061572
2026-09-11T13:30:07.019Z,ICP,1.3228,3801,2.789,1345.061572
2026-09-11T13:30:07.019Z,NEAR,1.5242,3545,2.596,1345.061572
2026-09-11T13:30:07.019Z,HBAR,1.7585,102.9,0.07518,1345.061572
2026-09-11T13:30:07.019Z,XTZ,2.4023,348.2,0.2528,1345.061572
2026-09-11T13:30:07.019Z,DYDX,-2.278,149.2,0.11351,1345.061572
2026-09-11T13:30:07.019Z,ARB,19.0874,228,0.14234,1345.061572
2026-09-11T13:30:07.019Z,GMX,-0.2699,10160,7.574,1345.061572
2026-09-11T13:30:07.019Z,IMX,1.5279,163.3,0.11958,1345.061572
2026-09-11T13:30:07.019Z,INJ,-0.4013,7900,5.897,1345.061572
2026-09-11T13:30:07.019Z,GRT,13.4955,26.99,0.01768,1345.061572
2026-09-11T13:30:07.019Z,SUI,2.0576,1001,0.7292,1345.061572
2026-09-11T13:30:07.019Z,HYPE,1.7447,111000,81.109,1345.061572
2026-09-11T13:35:06.886Z,BTC,1.3158,105668000,77539.7,1345.061572
2026-09-11T13:35:06.886Z,ETH,1.3977,3412000,2501.72,1345.061572
2026-09-11T13:35:06.886Z,SOL,1.1636,137500,101.05,1345.061572
2026-09-11T13:35:06.886Z,BNB,1.7334,984000,719.1,1345.061572
2026-09-11T13:35:06.886Z,XRP,1.4232,1856,1.3605,1345.061572
2026-09-11T13:35:06.886Z,ADA,1.4071,281.8,0.2066,1345.061572
2026-09-11T13:35:06.886Z,AVAX,3.1098,10410,7.506,1345.061572
2026-09-11T13:35:06.886Z,DOT,1.7222,1477,1.0795,1345.061572
2026-09-11T13:35:06.886Z,LINK,1.8807,15940,11.632,1345.061572
2026-09-11T13:35:06.886Z,POL,-3.0168,125.7,0.09636,1345.061572
2026-09-11T13:35:06.886Z,DOGE,0.8261,114.8,0.08465,1345.061572
2026-09-11T13:35:06.886Z,TRX,1.5803,458.7,0.33572,1345.061572
2026-09-11T13:35:06.886Z,XLM,1.2425,242.6,0.17815,1345.061572
2026-09-11T13:35:06.886Z,SHIB,2.636,0.0071,0.000005143,1345.061572
2026-09-11T13:35:06.886Z,BCH,-0.1658,306300,228.1,1345.061572
2026-09-11T13:35:06.886Z,UNI,1.0359,8385,6.17,1345.061572
2026-09-11T13:35:06.886Z,AAVE,-0.3936,166600,124.35,1345.061572
2026-09-11T13:35:06.886Z,SUSHI,1.0193,292,0.2149,1345.061572
2026-09-11T13:35:06.886Z,LDO,-19.9474,399.8,0.3713,1345.061572
2026-09-11T13:35:06.886Z,ICP,1.6143,3801,2.781,1345.061572
2026-09-11T13:35:06.886Z,NEAR,1.7593,3545,2.59,1345.061572
2026-09-11T13:35:06.886Z,HBAR,1.745,102.9,0.07519,1345.061572
2026-09-11T13:35:06.886Z,XTZ,2.1195,348.2,0.2535,1345.061572
2026-09-11T13:35:06.886Z,DYDX,-2.3554,149.2,0.1136,1345.061572
2026-09-11T13:35:06.886Z,ARB,19.4061,228,0.14196,1345.061572
2026-09-11T13:35:06.886Z,GMX,-0.5718,10160,7.597,1345.061572
2026-09-11T13:35:06.886Z,IMX,1.5109,163.3,0.1196,1345.061572
2026-09-11T13:35:06.886Z,INJ,-0.4688,7900,5.901,1345.061572
2026-09-11T13:35:06.886Z,GRT,13.624,26.99,0.01766,1345.061572
2026-09-11T13:35:06.886Z,SUI,1.2291,994.1,0.7301,1345.061572
2026-09-11T13:35:06.886Z,HYPE,1.4351,110800,81.21,1345.061572
2026-09-11T13:40:06.876Z,BTC,1.2009,105718000,77664.5,1345.061572
2026-09-11T13:40:06.876Z,ETH,1.3032,3416000,2506.99,1345.061572
2026-09-11T13:40:06.876Z,SOL,1.3309,138000,101.25,1345.061572
2026-09-11T13:40:06.876Z,BNB,1.6204,984000,719.9,1345.061572
2026-09-11T13:40:06.876Z,XRP,1.3983,1858,1.3623,1345.061572
2026-09-11T13:40:06.876Z,ADA,0.8777,280.6,0.2068,1345.061572
2026-09-11T13:40:06.876Z,AVAX,3.0549,10410,7.51,1345.061572
2026-09-11T13:40:06.876Z,DOT,2.4721,1477,1.0716,1345.061572
2026-09-11T13:40:06.876Z,LINK,1.5489,15940,11.67,1345.061572
2026-09-11T13:40:06.876Z,POL,-3.4776,125.7,0.09682,1345.061572
2026-09-11T13:40:06.876Z,DOGE,0.9421,115,0.0847,1345.061572
2026-09-11T13:40:06.876Z,TRX,1.5651,458.7,0.33577,1345.061572
2026-09-11T13:40:06.876Z,XLM,0.8485,241.9,0.17833,1345.061572
2026-09-11T13:40:06.876Z,SHIB,2.5762,0.0071,0.000005146,1345.061572
2026-09-11T13:40:06.876Z,BCH,-0.3841,306300,228.6,1345.061572
2026-09-11T13:40:06.876Z,UNI,1.48,8385,6.143,1345.061572
2026-09-11T13:40:06.876Z,AAVE,-0.5456,166600,124.54,1345.061572
2026-09-11T13:40:06.876Z,SUSHI,1.1605,292,0.2146,1345.061572
2026-09-11T13:40:06.876Z,LDO,-19.9042,399.8,0.3711,1345.061572
2026-09-11T13:40:06.876Z,ICP,1.4491,3788,2.776,1345.061572
2026-09-11T13:40:06.876Z,NEAR,0.0292,3478,2.585,1345.061572
2026-09-11T13:40:06.876Z,HBAR,1.718,102.9,0.07521,1345.061572
2026-09-11T13:40:06.876Z,XTZ,2.3618,348.2,0.2529,1345.061572
2026-09-11T13:40:06.876Z,DYDX,-2.3812,149.2,0.11363,1345.061572
2026-09-11T13:40:06.876Z,ARB,19.659,228,0.14166,1345.061572
2026-09-11T13:40:06.876Z,GMX,-0.4801,10160,7.59,1345.061572
2026-09-11T13:40:06.876Z,IMX,1.4007,163.3,0.11973,1345.061572
2026-09-11T13:40:06.876Z,INJ,-0.2321,7900,5.887,1345.061572
2026-09-11T13:40:06.876Z,GRT,13.5597,26.99,0.01767,1345.061572
2026-09-11T13:40:06.876Z,SUI,1.1599,994.1,0.7306,1345.061572
2026-09-11T13:40:06.876Z,HYPE,1.5664,110800,81.105,1345.061572
2026-09-11T13:45:06.741Z,BTC,1.263,105948000,77785.7,1345.061572
2026-09-11T13:45:06.741Z,ETH,1.2379,3433000,2521.09,1345.061572
2026-09-11T13:45:06.741Z,SOL,1.3278,138500,101.62,1345.061572
2026-09-11T13:45:06.741Z,BNB,1.4091,984000,721.4,1345.061572
2026-09-11T13:45:06.741Z,XRP,1.3216,1863,1.367,1345.061572
2026-09-11T13:45:06.741Z,ADA,1.4428,283.4,0.2077,1345.061572
2026-09-11T13:45:06.741Z,AVAX,2.5225,10410,7.549,1345.061572
2026-09-11T13:45:06.741Z,DOT,1.9583,1477,1.077,1345.061572
2026-09-11T13:45:06.741Z,LINK,1.3838,15970,11.711,1345.061572
2026-09-11T13:45:06.741Z,POL,-3.5772,125.7,0.09692,1345.061572
2026-09-11T13:45:06.741Z,DOGE,1.2658,115.9,0.08509,1345.061572
2026-09-11T13:45:06.741Z,TRX,1.544,458.7,0.33584,1345.061572
2026-09-11T13:45:06.741Z,XLM,1.1768,243.3,0.17878,1345.061572
2026-09-11T13:45:06.741Z,SHIB,2.0408,0.0071,0.000005173,1345.061572
2026-09-11T13:45:06.741Z,BCH,-0.7315,306300,229.4,1345.061572
2026-09-11T13:45:06.741Z,UNI,0.4013,8385,6.209,1345.061572
2026-09-11T13:45:06.741Z,AAVE,-0.9591,166600,125.06,1345.061572
2026-09-11T13:45:06.741Z,SUSHI,0.5048,292,0.216,1345.061572
2026-09-11T13:45:06.741Z,LDO,-20.4615,399.8,0.3737,1345.061572
2026-09-11T13:45:06.741Z,ICP,0.9401,3788,2.79,1345.061572
2026-09-11T13:45:06.741Z,NEAR,-0.9669,3478,2.611,1345.061572
2026-09-11T13:45:06.741Z,HBAR,1.5964,102.9,0.0753,1345.061572
2026-09-11T13:45:06.741Z,XTZ,2.5239,348.2,0.2525,1345.061572
2026-09-11T13:45:06.741Z,DYDX,-2.7492,149.2,0.11406,1345.061572
2026-09-11T13:45:06.741Z,ARB,18.6788,228,0.14283,1345.061572
2026-09-11T13:45:06.741Z,GMX,-1.3381,10160,7.656,1345.061572
2026-09-11T13:45:06.741Z,IMX,1.2738,163.3,0.11988,1345.061572
2026-09-11T13:45:06.741Z,INJ,-0.1473,7900,5.882,1345.061572
2026-09-11T13:45:06.741Z,GRT,13.3032,26.99,0.01771,1345.061572
2026-09-11T13:45:06.741Z,SUI,1.0486,997.9,0.7342,1345.061572
2026-09-11T13:45:06.741Z,HYPE,1.13,110800,81.455,1345.061572
2026-09-11T13:50:06.946Z,BTC,1.1088,106739000,78486,1345.061572
2026-09-11T13:50:06.946Z,ETH,1.4498,3512000,2573.72,1345.061572
2026-09-11T13:50:06.946Z,SOL,1.0501,140200,103.15,1345.061572
2026-09-11T13:50:06.946Z,BNB,1.5109,994000,728,1345.061572
2026-09-11T13:50:06.946Z,XRP,1.1179,1887,1.3874,1345.061572
2026-09-11T13:50:06.946Z,ADA,1.1275,286.6,0.2107,1345.061572
2026-09-11T13:50:06.946Z,AVAX,1.0237,10410,7.661,1345.061572
2026-09-11T13:50:06.946Z,DOT,0.7146,1477,1.0903,1345.061572
2026-09-11T13:50:06.946Z,LINK,0.7625,16070,11.857,1345.061572
2026-09-11T13:50:06.946Z,POL,0.9854,132.3,0.0974,1345.061572
2026-09-11T13:50:06.946Z,DOGE,1.1334,117,0.08601,1345.061572
2026-09-11T13:50:06.946Z,TRX,1.1391,458,0.33667,1345.061572
2026-09-11T13:50:06.946Z,XLM,1.15,246.8,0.1814,1345.061572
2026-09-11T13:50:06.946Z,SHIB,0.6017,0.0071,0.000005247,1345.061572
2026-09-11T13:50:06.946Z,BCH,-1.8863,306300,232.1,1345.061572
2026-09-11T13:50:06.946Z,UNI,0.1174,8500,6.312,1345.061572
