checkedAt,coin,premium,korbitPrice,foreignPrice,usdKrwRate
2026-09-28T00:00:07.151Z,BTC,-0.1756,114389000,84440.8,1357.047619
2026-09-28T00:00:07.151Z,XRP,-0.1794,2054,1.5163,1357.047619
2026-09-28T00:00:07.151Z,SOL,0.175,165700,121.89,1357.047619
2026-09-28T00:00:07.151Z,ETH,-0.137,3642000,2687.45,1357.047619
2026-09-28T00:00:07.151Z,FIL,-0.4828,1537,1.1381,1357.047619
2026-09-28T00:00:07.151Z,TRX,-0.0754,451.8,0.33318,1357.047619
2026-09-28T00:00:07.151Z,BNB,-0.8009,1048000,778.5,1357.047619
2026-09-28T00:00:07.151Z,WLD,0.1461,740.4,0.5448,1357.047619
2026-09-28T00:00:07.151Z,FLOW,-1.5909,43.99,0.03294,1357.047619
2026-09-28T00:00:07.151Z,LINK,0.0863,19030,14.011,1357.047619
2026-09-28T00:00:07.151Z,DOGE,-0.393,130.9,0.09684,1357.047619
2026-09-28T00:00:07.151Z,SUI,0.1592,1716,1.2625,1357.047619
2026-09-28T00:00:07.151Z,XLM,-0.1529,292.2,0.21565,1357.047619
2026-09-28T00:00:07.151Z,BCH,-0.3718,449000,332.1,1357.047619
2026-09-28T00:00:07.151Z,AVAX,-1.0486,14630,10.895,1357.047619
2026-09-28T00:00:07.151Z,ETC,0.0312,13010,9.584,1357.047619
2026-09-28T00:00:07.151Z,AAVE,-0.421,208700,154.44,1357.047619
2026-09-28T00:00:07.151Z,ADA,-0.6003,343.7,0.2548,1357.047619
2026-09-28T00:00:07.151Z,HYPE,-0.3046,124000,91.654,1357.047619
2026-09-28T00:00:07.151Z,SEI,0.0177,106.9,0.07876,1357.047619
2026-09-28T00:00:07.151Z,HBAR,-0.0183,129.9,0.09574,1357.047619
2026-09-28T00:00:07.151Z,ARB,-0.0225,306.8,0.22613,1357.047619
2026-09-28T00:00:07.151Z,JTO,-0.5484,804.5,0.5961,1357.047619
2026-09-28T00:00:07.151Z,ONDO,0.024,798,0.5879,1357.047619
2026-09-28T00:00:07.151Z,QTUM,-2.2554,1360,1.0253,1357.047619
2026-09-28T00:00:07.151Z,PYTH,5.9268,119.9,0.08341,1357.047619
2026-09-28T00:00:07.151Z,APT,-0.7289,1163,0.8633,1357.047619
2026-09-28T00:00:07.151Z,UNI,-0.9449,13000,9.671,1357.047619
2026-09-28T00:00:07.151Z,TIA,-2.5193,673.6,0.5092,1357.047619
2026-09-28T00:00:07.151Z,ALGO,0.1238,162.3,0.11945,1357.047619
2026-09-28T00:00:07.151Z,NEAR,-0.0359,7320,5.396,1357.047619
2026-09-28T00:00:07.151Z,ZIL,-4.5272,4.9,0.003782,1357.047619
2026-09-28T00:00:07.151Z,SUSHI,0.329,367.2,0.2697,1357.047619
2026-09-28T00:00:07.151Z,PENDLE,-0.2549,3564,2.633,1357.047619
2026-09-28T00:00:07.151Z,XTZ,-0.6745,432,0.3205,1357.047619
2026-09-28T00:00:07.151Z,W,1.5145,21.39,0.015527,1357.047619
2026-09-28T00:00:07.151Z,AR,-1.8835,6250,4.694,1357.047619
2026-09-28T00:00:07.151Z,SHIB,0.9273,0.0081,0.000005914,1357.047619
2026-09-28T00:00:07.151Z,CELO,-0.1423,132.3,0.09763,1357.047619
2026-09-28T00:00:07.151Z,STX,-0.3039,458.1,0.3386,1357.047619
2026-09-28T00:00:07.151Z,JUP,-1.6354,497.1,0.3724,1357.047619
2026-09-28T00:00:07.151Z,PEPE,-0.3741,0.0059,0.000004364,1357.047619
2026-09-28T00:00:07.151Z,DYDX,2.9038,200,0.14322,1357.047619
2026-09-28T00:00:07.151Z,KITE,-15.6879,176.2,0.154,1357.047619
2026-09-28T00:00:07.151Z,CRV,-1.5528,472,0.3533,1357.047619
2026-09-28T00:00:07.151Z,ENJ,2.8871,42.92,0.03074,1357.047619
2026-09-28T00:00:07.151Z,ATOM,0.0797,2556,1.882,1357.047619
2026-09-28T00:00:07.151Z,ICP,-1.9429,4181,3.142,1357.047619
2026-09-28T00:00:07.151Z,SPACE,-1.2451,6.946,0.005183,1357.047619
2026-09-28T00:00:07.151Z,DOT,0.049,1719,1.2661,1357.047619
2026-09-28T00:00:07.151Z,ETHFI,-2.7574,950,0.7199,1357.047619
2026-09-28T00:00:07.151Z,CC,-0.7605,185,0.13737,1357.047619
2026-09-28T00:00:07.151Z,SYRUP,1.1536,298.7,0.2176,1357.047619
2026-09-28T00:00:07.151Z,TAO,3.8288,450600,319.8,1357.047619
2026-09-28T00:00:07.151Z,GRAM,-2.5151,2159,1.632,1357.047619
2026-09-28T00:00:07.151Z,RAY,1.6078,3000,2.1757,1357.047619
2026-09-28T00:00:07.151Z,RENDER,-2.2737,2724,2.054,1357.047619
2026-09-28T00:00:07.151Z,GRASS,4.8657,925,0.65,1357.047619
2026-09-28T00:00:07.151Z,MINA,1.1304,200.3,0.14595,1357.047619
2026-09-28T00:00:07.151Z,POL,-2.0538,162,0.12188,1357.047619
2026-09-28T00:00:07.151Z,ENA,-0.9075,365.7,0.27195,1357.047619
2026-09-28T00:00:07.151Z,SAND,-9.9604,55.51,0.04543,1357.047619
2026-09-28T00:00:07.151Z,AERO,1.6978,1163,0.8427,1357.047619
2026-09-28T00:00:07.151Z,KGEN,0.8215,223.7,0.1635,1357.047619
2026-09-28T00:00:07.151Z,LIT,-0.8624,6265,4.6568,1357.047619
2026-09-28T00:00:07.151Z,MANA,-0.3463,124.7,0.09221,1357.047619
2026-09-28T00:00:07.151Z,BAND,-7.253,284.7,0.2262,1357.047619
2026-09-28T00:00:07.151Z,APE,-6.2258,208.7,0.164,1357.047619
2026-09-28T00:00:07.151Z,GMT,-0.6343,12.14,0.009003,1357.047619
2026-09-28T00:00:07.151Z,VIRTUAL,-4.3337,1090,0.8396,1357.047619
2026-09-28T00:00:07.151Z,LPT,-7.5407,2261,1.802,1357.047619
2026-09-28T00:00:07.151Z,DATA,-3.6465,309.5,0.2367,1357.047619
2026-09-28T00:00:07.151Z,THETA,-4.856,302,0.2339,1357.047619
2026-09-28T00:00:07.151Z,GRT,0.4389,49,0.03595,1357.047619
2026-09-28T00:00:07.151Z,LAYER,-6.7212,106.9,0.08445,1357.047619
2026-09-28T00:00:07.151Z,NMR,0.4628,14090,10.335,1357.047619
2026-09-28T00:00:07.151Z,EIGEN,-13.9622,321.9,0.2757,1357.047619
2026-09-28T00:00:07.151Z,BAT,-2.2364,129.3,0.09746,1357.047619
2026-09-28T00:00:07.151Z,SPK,-1.0604,32.64,0.02431,1357.047619
2026-09-28T00:00:07.151Z,PUMP,-2.4447,6.81,0.005144,1357.047619
2026-09-28T00:00:07.151Z,KMNO,3.0409,68,0.04863,1357.047619
2026-09-28T00:00:07.151Z,CHZ,1.3396,22.76,0.01655,1357.047619
2026-09-28T00:00:07.151Z,PENGU,6.0724,14.74,0.01024,1357.047619
2026-09-28T00:00:07.151Z,OP,-2.7284,197,0.14924,1357.047619
2026-09-28T00:00:07.151Z,UMA,-2.3961,571.8,0.4317,1357.047619
2026-09-28T00:00:07.151Z,ZRO,2.3712,2290,1.6484,1357.047619
2026-09-28T00:00:07.151Z,S,-1.5713,53.99,0.04042,1357.047619
2026-09-28T00:00:07.151Z,IMX,-3.076,250,0.19007,1357.047619
2026-09-28T00:00:07.151Z,A,-3.2031,136.1,0.10361,1357.047619
2026-09-28T00:00:07.151Z,ATH,-1.0153,8.652,0.006441,1357.047619
2026-09-28T00:00:07.151Z,COMP,5.4645,34950,24.42,1357.047619
2026-09-28T00:00:07.151Z,CVX,-6.9672,2828,2.24,1357.047619
2026-09-28T00:00:07.151Z,AXS,1.7618,1620,1.1731,1357.047619
2026-09-28T00:00:07.151Z,WCT,-1.3763,58.46,0.04368,1357.047619
2026-09-28T00:00:07.151Z,ME,-0.2672,107.8,0.07965,1357.047619
2026-09-28T00:00:07.151Z,ASTER,1.4679,997.2,0.7242,1357.047619
2026-09-28T00:00:07.151Z,GMX,-1.3662,11210,8.375,1357.047619
2026-09-28T00:00:07.151Z,MORPHO,3.1397,3810,2.7221,1357.047619
2026-09-28T00:00:07.151Z,MON,-8.0982,35.02,0.02808,1357.047619
2026-09-28T00:00:07.151Z,1INCH,-0.7478,139,0.1032,1357.047619
2026-09-28T00:00:07.151Z,SKY,0.3468,111.8,0.0821,1357.047619
2026-09-28T00:00:07.151Z,YGG,-4.6787,36.53,0.02824,1357.047619
2026-09-28T00:00:07.151Z,BIO,-5.2795,41.12,0.03199,1357.047619
2026-09-28T00:00:07.151Z,MOVE,-1.493,12.9,0.00965,1357.047619
2026-09-28T00:00:07.151Z,GALA,-15.343,2.663,0.002318,1357.047619
2026-09-28T00:00:07.151Z,ZK,-0.4092,17.81,0.013178,1357.047619
2026-09-28T00:00:07.151Z,ENS,0.0694,9510,7.003,1357.047619
2026-09-28T00:00:07.151Z,INJ,4.2854,11040,7.801,1357.047619
2026-09-28T00:00:07.151Z,KAITO,-1.9382,480,0.3607,1357.047619
2026-09-28T00:00:07.151Z,LDO,-3.001,650,0.4938,1357.047619
2026-09-28T00:00:07.151Z,BLUR,-1.6196,28.21,0.02113,1357.047619
2026-09-28T00:00:07.151Z,AUCTION,-1.4552,5170,3.866,1357.047619
2026-09-28T00:00:07.151Z,ZETA,3.5649,75.12,0.05345,1357.047619
2026-09-28T00:00:07.151Z,WIF,0.6062,333.4,0.2442,1357.047619
2026-09-28T00:00:07.151Z,KSM,-1.2608,6425,4.795,1357.047619
2026-09-28T00:05:07.008Z,BTC,-0.1375,114529000,84511.9,1357.047619
2026-09-28T00:05:07.008Z,XRP,-0.102,2056,1.5166,1357.047619
2026-09-28T00:05:07.008Z,SOL,-0.1078,165300,121.94,1357.047619
2026-09-28T00:05:07.008Z,ETH,-0.1062,3646000,2689.57,1357.047619
2026-09-28T00:05:07.008Z,FIL,-0.8139,1537,1.1419,1357.047619
2026-09-28T00:05:07.008Z,TRX,-0.1084,451.8,0.33329,1357.047619
2026-09-28T00:05:07.008Z,BNB,-0.8646,1048000,779,1357.047619
2026-09-28T00:05:07.008Z,WLD,-0.1283,738.1,0.5446,1357.047619
2026-09-28T00:05:07.008Z,FLOW,-1.8887,43.99,0.03304,1357.047619
2026-09-28T00:05:07.008Z,LINK,0.2365,19030,13.99,1357.047619
2026-09-28T00:05:07.008Z,DOGE,-0.4033,130.9,0.09685,1357.047619
2026-09-28T00:05:07.008Z,SUI,-0.0133,1722,1.2691,1357.047619
2026-09-28T00:05:07.008Z,XLM,-0.0805,292.1,0.21542,1357.047619
2026-09-28T00:05:07.008Z,BCH,-0.1613,449000,331.4,1357.047619
2026-09-28T00:05:07.008Z,AVAX,-0.7297,14630,10.86,1357.047619
2026-09-28T00:05:07.008Z,ETC,0.1252,13010,9.575,1357.047619
2026-09-28T00:05:07.008Z,AAVE,-0.4017,208700,154.41,1357.047619
2026-09-28T00:05:07.008Z,ADA,-0.5613,343.7,0.2547,1357.047619
2026-09-28T00:05:07.008Z,HYPE,-0.2001,124000,91.558,1357.047619
2026-09-28T00:05:07.008Z,SEI,0.4267,108.7,0.07976,1357.047619
2026-09-28T00:05:07.008Z,HBAR,-0.285,130,0.09607,1357.047619
2026-09-28T00:05:07.008Z,ARB,0.0832,307.6,0.22648,1357.047619
2026-09-28T00:05:07.008Z,JTO,-0.6151,804.5,0.5965,1357.047619
2026-09-28T00:05:07.008Z,ONDO,-0.9092,788,0.586,1357.047619
2026-09-28T00:05:07.008Z,QTUM,-2.2744,1360,1.0255,1357.047619
2026-09-28T00:05:07.008Z,PYTH,5.371,119.9,0.08385,1357.047619
2026-09-28T00:05:07.008Z,APT,-0.6598,1163,0.8627,1357.047619
2026-09-28T00:05:07.008Z,UNI,-0.8424,13000,9.661,1357.047619
2026-09-28T00:05:07.008Z,TIA,-1.8834,673.6,0.5059,1357.047619
2026-09-28T00:05:07.008Z,ALGO,0.2077,162.3,0.11935,1357.047619
2026-09-28T00:05:07.008Z,NEAR,-0.2793,7290,5.387,1357.047619
2026-09-28T00:05:07.008Z,ZIL,-4.6281,4.9,0.003786,1357.047619
2026-09-28T00:05:07.008Z,SUSHI,0.0693,367.2,0.2704,1357.047619
2026-09-28T00:05:07.008Z,PENDLE,-0.4439,3564,2.638,1357.047619
2026-09-28T00:05:07.008Z,XTZ,-0.5815,432,0.3202,1357.047619
2026-09-28T00:05:07.008Z,W,-0.0624,21.39,0.015772,1357.047619
2026-09-28T00:05:07.008Z,AR,-1.8835,6250,4.694,1357.047619
2026-09-28T00:05:07.008Z,SHIB,-0.4029,0.008,0.000005919,1357.047619
2026-09-28T00:05:07.008Z,CELO,0.0319,132.3,0.09746,1357.047619
2026-09-28T00:05:07.008Z,STX,-0.1564,458.1,0.3381,1357.047619
2026-09-28T00:05:07.008Z,JUP,-0.8097,497.1,0.3693,1357.047619
2026-09-28T00:05:07.008Z,PEPE,-0.2827,0.0059,0.00000436,1357.047619
2026-09-28T00:05:07.008Z,DYDX,3.192,200,0.14282,1357.047619
2026-09-28T00:05:07.008Z,KITE,-15.3691,176.2,0.15342,1357.047619
2026-09-28T00:05:07.008Z,CRV,-1.2734,472,0.3523,1357.047619
2026-09-28T00:05:07.008Z,ENJ,3.0547,42.92,0.03069,1357.047619
2026-09-28T00:05:07.008Z,ATOM,0.3998,2556,1.876,1357.047619
2026-09-28T00:05:07.008Z,ICP,-1.9117,4181,3.141,1357.047619
2026-09-28T00:05:07.008Z,SPACE,-1.1498,6.946,0.005178,1357.047619
2026-09-28T00:05:07.008Z,DOT,-0.2818,1719,1.2703,1357.047619
2026-09-28T00:05:07.008Z,ETHFI,-3.1342,950,0.7227,1357.047619
2026-09-28T00:05:07.008Z,CC,-1.3422,185,0.13818,1357.047619
2026-09-28T00:05:07.008Z,SYRUP,1.2001,298.7,0.2175,1357.047619
2026-09-28T00:05:07.008Z,TAO,4.1218,450600,318.9,1357.047619
2026-09-28T00:05:07.008Z,GRAM,-2.6344,2159,1.634,1357.047619
2026-09-28T00:05:07.008Z,RAY,1.5285,3000,2.1774,1357.047619
2026-09-28T00:05:07.008Z,RENDER,-3.3559,2724,2.077,1357.047619
2026-09-28T00:05:07.008Z,GRASS,4.2083,925,0.6541,1357.047619
2026-09-28T00:05:07.008Z,MINA,0.3398,200.3,0.1471,1357.047619
2026-09-28T00:05:07.008Z,POL,-2.1181,162,0.12196,1357.047619
2026-09-28T00:05:07.008Z,ENA,-0.82,365.7,0.27171,1357.047619
2026-09-28T00:05:07.008Z,SAND,-10.0199,55.51,0.04546,1357.047619
2026-09-28T00:05:07.008Z,AERO,1.8792,1163,0.8412,1357.047619
2026-09-28T00:05:07.008Z,KGEN,0.8215,223.7,0.1635,1357.047619
2026-09-28T00:05:07.008Z,LIT,-0.5656,6265,4.6429,1357.047619
2026-09-28T00:05:07.008Z,MANA,-0.2381,124.7,0.09211,1357.047619
2026-09-28T00:05:07.008Z,BAND,-7.0476,284.7,0.2257,1357.047619
2026-09-28T00:05:07.008Z,APE,-5.7488,208.7,0.16317,1357.047619
2026-09-28T00:05:07.008Z,GMT,-0.6012,12.14,0.009,1357.047619
2026-09-28T00:05:07.008Z,VIRTUAL,-3.9447,1090,0.8362,1357.047619
2026-09-28T00:05:07.008Z,LPT,-7.2834,2261,1.797,1357.047619
2026-09-28T00:05:07.008Z,DATA,-6.4526,309.5,0.2438,1357.047619
2026-09-28T00:05:07.008Z,THETA,-4.856,302,0.2339,1357.047619
2026-09-28T00:05:07.008Z,GRT,-0.2823,49,0.03621,1357.047619
2026-09-28T00:05:07.008Z,LAYER,-7.6399,106.9,0.08529,1357.047619
2026-09-28T00:05:07.008Z,NMR,-0.2514,14090,10.409,1357.047619
2026-09-28T00:05:07.008Z,EIGEN,-14.5511,321.9,0.2776,1357.047619
2026-09-28T00:05:07.008Z,BAT,-2.0757,129.3,0.0973,1357.047619
2026-09-28T00:05:07.008Z,SPK,-0.9382,32.64,0.02428,1357.047619
2026-09-28T00:05:07.008Z,PUMP,-3.1787,6.81,0.005183,1357.047619
2026-09-28T00:05:07.008Z,KMNO,2.8716,68,0.04871,1357.047619
2026-09-28T00:05:07.008Z,CHZ,1.7083,22.76,0.01649,1357.047619
2026-09-28T00:05:07.008Z,PENGU,5.5057,14.74,0.010295,1357.047619
2026-09-28T00:05:07.008Z,OP,-2.6175,197,0.14907,1357.047619
2026-09-28T00:05:07.008Z,UMA,-2.5992,571.8,0.4326,1357.047619
2026-09-28T00:05:07.008Z,ZRO,1.9999,2290,1.6544,1357.047619
2026-09-28T00:05:07.008Z,S,-1.6929,53.99,0.04047,1357.047619
2026-09-28T00:05:07.008Z,IMX,-2.3205,250,0.1886,1357.047619
2026-09-28T00:05:07.008Z,A,-3.5197,136.1,0.10395,1357.047619
2026-09-28T00:05:07.008Z,ATH,-1.2606,8.652,0.006457,1357.047619
2026-09-28T00:05:07.008Z,COMP,5.551,34950,24.4,1357.047619
2026-09-28T00:05:07.008Z,CVX,-6.2135,2828,2.222,1357.047619
2026-09-28T00:05:07.008Z,AXS,1.9095,1620,1.1714,1357.047619
2026-09-28T00:05:07.008Z,WCT,-1.3538,58.46,0.04367,1357.047619
2026-09-28T00:05:07.008Z,ME,-0.3548,107.8,0.07972,1357.047619
2026-09-28T00:05:07.008Z,ASTER,1.3979,997.2,0.7247,1357.047619
2026-09-28T00:05:07.008Z,GMX,-1.2837,11210,8.368,1357.047619
2026-09-28T00:05:07.008Z,MORPHO,2.9393,3810,2.7274,1357.047619
2026-09-28T00:05:07.008Z,MON,-9.0376,35.02,0.02837,1357.047619
2026-09-28T00:05:07.008Z,1INCH,-0.8631,139,0.10332,1357.047619
2026-09-28T00:05:07.008Z,SKY,0.1273,111.8,0.08228,1357.047619
2026-09-28T00:05:07.008Z,YGG,-4.0672,36.53,0.02806,1357.047619
2026-09-28T00:05:07.008Z,BIO,-5.4569,41.12,0.03205,1357.047619
2026-09-28T00:05:07.008Z,MOVE,-1.5644,12.9,0.009657,1357.047619
2026-09-28T00:05:07.008Z,GALA,-15.16,2.663,0.002313,1357.047619
2026-09-28T00:05:07.008Z,ZK,-0.5224,17.81,0.013193,1357.047619
2026-09-28T00:05:07.008Z,ENS,0.1838,9510,6.995,1357.047619
2026-09-28T00:05:07.008Z,INJ,4.1786,11040,7.809,1357.047619
2026-09-28T00:05:07.008Z,KAITO,-2.1552,480,0.3615,1357.047619
2026-09-28T00:05:07.008Z,LDO,-3.3143,650,0.4954,1357.047619
2026-09-28T00:05:07.008Z,BLUR,-1.433,28.21,0.02109,1357.047619
2026-09-28T00:05:07.008Z,AUCTION,-1.6841,5170,3.875,1357.047619
2026-09-28T00:05:07.008Z,ZETA,3.2173,75.12,0.05363,1357.047619
2026-09-28T00:05:07.008Z,WIF,0.6062,333.4,0.2442,1357.047619
2026-09-28T00:05:07.008Z,KSM,-1.0752,6425,4.786,1357.047619
2026-09-28T00:10:07.157Z,BTC,-0.0625,114432000,84377,1357.047619
2026-09-28T00:10:07.157Z,XRP,-0.1631,2050,1.5131,1357.047619
2026-09-28T00:10:07.157Z,SOL,-0.0678,165000,121.67,1357.047619
2026-09-28T00:10:07.157Z,ETH,0.0142,3644000,2684.86,1357.047619
2026-09-28T00:10:07.157Z,FIL,-0.9354,1537,1.1433,1357.047619
2026-09-28T00:10:07.157Z,TRX,-0.0244,451.8,0.33301,1357.047619
2026-09-28T00:10:07.157Z,BNB,-0.7627,1048000,778.2,1357.047619
2026-09-28T00:10:07.157Z,WLD,-0.1417,733.8,0.5415,1357.047619
2026-09-28T00:10:07.157Z,FLOW,-1.6208,43.99,0.03295,1357.047619
2026-09-28T00:10:07.157Z,LINK,-0.0231,18940,13.96,1357.047619
2026-09-28T00:10:07.157Z,DOGE,0.055,131,0.09648,1357.047619
2026-09-28T00:10:07.157Z,SUI,-0.0488,1726,1.2725,1357.047619
2026-09-28T00:10:07.157Z,XLM,-0.0717,291,0.21459,1357.047619
2026-09-28T00:10:07.157Z,BCH,-0.0105,449000,330.9,1357.047619
2026-09-28T00:10:07.157Z,AVAX,-0.519,14630,10.837,1357.047619
2026-09-28T00:10:07.157Z,ETC,0.4715,13010,9.542,1357.047619
2026-09-28T00:10:07.157Z,AAVE,-0.2467,208700,154.17,1357.047619
2026-09-28T00:10:07.157Z,ADA,-0.0054,344.4,0.2538,1357.047619
2026-09-28T00:10:07.157Z,HYPE,0.8503,124800,91.189,1357.047619
2026-09-28T00:10:07.157Z,SEI,0.0957,109.7,0.08076,1357.047619
2026-09-28T00:10:07.157Z,HBAR,0.1214,130,0.09568,1357.047619
2026-09-28T00:10:07.157Z,ARB,0.7371,307.6,0.22501,1357.047619
2026-09-28T00:10:07.157Z,JTO,-0.665,804.5,0.5968,1357.047619
2026-09-28T00:10:07.157Z,ONDO,-0.4763,775.1,0.5739,1357.047619
2026-09-28T00:10:07.157Z,QTUM,-1.9494,1360,1.0221,1357.047619
2026-09-28T00:10:07.157Z,PYTH,5.8887,119.9,0.08344,1357.047619
2026-09-28T00:10:07.157Z,APT,-0.533,1163,0.8616,1357.047619
2026-09-28T00:10:07.157Z,UNI,-0.5954,13000,9.637,1357.047619
2026-09-28T00:10:07.157Z,TIA,-1.8834,673.6,0.5059,1357.047619
2026-09-28T00:10:07.157Z,ALGO,0.7479,162.3,0.11871,1357.047619
2026-09-28T00:10:07.157Z,NEAR,0.6795,7315,5.354,1357.047619
2026-09-28T00:10:07.157Z,ZIL,-4.8292,4.9,0.003794,1357.047619
2026-09-28T00:10:07.157Z,SUSHI,0.3662,367.2,0.2696,1357.047619
2026-09-28T00:10:07.157Z,PENDLE,-0.217,3564,2.632,1357.047619
2026-09-28T00:10:07.157Z,XTZ,-0.3637,432,0.3195,1357.047619
2026-09-28T00:10:07.157Z,W,0.0581,21.39,0.015753,1357.047619
2026-09-28T00:10:07.157Z,AR,-1.548,6250,4.678,1357.047619
2026-09-28T00:10:07.157Z,SHIB,-0.0653,0.008,0.000005899,1357.047619
2026-09-28T00:10:07.157Z,CELO,0.2376,132.3,0.09726,1357.047619
2026-09-28T00:10:07.157Z,STX,0.0804,458.1,0.3373,1357.047619
2026-09-28T00:10:07.157Z,JUP,-0.2152,497.1,0.3671,1357.047619
2026-09-28T00:10:07.157Z,PEPE,0.223,0.0059,0.000004338,1357.047619
2026-09-28T00:10:07.157Z,DYDX,3.46,200,0.14245,1357.047619
2026-09-28T00:10:07.157Z,KITE,-15.1978,176.2,0.15311,1357.047619
2026-09-28T00:10:07.157Z,CRV,-0.9077,472,0.351,1357.047619
2026-09-28T00:10:07.157Z,ENJ,3.1892,42.92,0.03065,1357.047619
2026-09-28T00:10:07.157Z,ATOM,0.5606,2556,1.873,1357.047619
2026-09-28T00:10:07.157Z,ICP,-1.5041,4181,3.128,1357.047619
2026-09-28T00:10:07.157Z,SPACE,-1.1879,6.946,0.00518,1357.047619
2026-09-28T00:10:07.157Z,DOT,-0.2425,1719,1.2698,1357.047619
2026-09-28T00:10:07.157Z,ETHFI,-2.771,950,0.72,1357.047619
2026-09-28T00:10:07.157Z,CC,-0.6809,185,0.13726,1357.047619
2026-09-28T00:10:07.157Z,SYRUP,1.48,298.7,0.2169,1357.047619
2026-09-28T00:10:07.157Z,TAO,4.6798,450600,317.2,1357.047619
2026-09-28T00:10:07.157Z,GRAM,-1.9745,2159,1.623,1357.047619
2026-09-28T00:10:07.157Z,RAY,2.0063,3000,2.1672,1357.047619
2026-09-28T00:10:07.157Z,RENDER,-2.8883,2724,2.067,1357.047619
2026-09-28T00:10:07.157Z,GRASS,5.2056,925,0.6479,1357.047619
2026-09-28T00:10:07.157Z,MINA,0.923,200.3,0.14625,1357.047619
2026-09-28T00:10:07.157Z,POL,-1.9412,162,0.12174,1357.047619
2026-09-28T00:10:07.157Z,ENA,-0.2805,365.7,0.27024,1357.047619
2026-09-28T00:10:07.157Z,SAND,-9.5623,55.51,0.04523,1357.047619
2026-09-28T00:10:07.157Z,AERO,2.2926,1163,0.8378,1357.047619
2026-09-28T00:10:07.157Z,KGEN,1.1308,223.7,0.163,1357.047619
2026-09-28T00:10:07.157Z,LIT,0.0789,6265,4.613,1357.047619
2026-09-28T00:10:07.157Z,MANA,0.0443,124.7,0.09185,1357.047619
2026-09-28T00:10:07.157Z,BAND,-6.8412,284.7,0.2252,1357.047619
2026-09-28T00:10:07.157Z,APE,-5.4474,208.7,0.16265,1357.047619
2026-09-28T00:10:07.157Z,GMT,-0.3576,12.14,0.008978,1357.047619
2026-09-28T00:10:07.157Z,VIRTUAL,-3.7721,1090,0.8347,1357.047619
2026-09-28T00:10:07.157Z,LPT,-7.2318,2261,1.796,1357.047619
2026-09-28T00:10:07.157Z,DATA,-5.4442,309.5,0.2412,1357.047619
2026-09-28T00:10:07.157Z,THETA,-4.693,302,0.2335,1357.047619
2026-09-28T00:10:07.157Z,GRT,0.9726,49,0.03576,1357.047619
2026-09-28T00:10:07.157Z,LAYER,-9.0895,106.9,0.08665,1357.047619
2026-09-28T00:10:07.157Z,NMR,-0.5094,14090,10.436,1357.047619
2026-09-28T00:10:07.157Z,EIGEN,-14.4587,321.9,0.2773,1357.047619
2026-09-28T00:10:07.157Z,BAT,-1.874,129.3,0.0971,1357.047619
2026-09-28T00:10:07.157Z,SPK,-0.9382,32.64,0.02428,1357.047619
2026-09-28T00:10:07.157Z,PUMP,-1.5837,6.81,0.005099,1357.047619
2026-09-28T00:10:07.157Z,KMNO,2.2628,68,0.049,1357.047619
2026-09-28T00:10:07.157Z,CHZ,1.77,22.76,0.01648,1357.047619
2026-09-28T00:10:07.157Z,PENGU,6.4466,14.74,0.010204,1357.047619
2026-09-28T00:10:07.157Z,OP,-2.6763,197,0.14916,1357.047619
2026-09-28T00:10:07.157Z,UMA,-2.3961,571.8,0.4317,1357.047619
2026-09-28T00:10:07.157Z,ZRO,2.1234,2290,1.6524,1357.047619
2026-09-28T00:10:07.157Z,S,-1.2537,53.99,0.04029,1357.047619
2026-09-28T00:10:07.157Z,IMX,-3.9001,250,0.1917,1357.047619
2026-09-28T00:10:07.157Z,A,-2.8656,136.1,0.10325,1357.047619
2026-09-28T00:10:07.157Z,ATH,-0.7379,8.652,0.006423,1357.047619
2026-09-28T00:10:07.157Z,COMP,5.7243,34950,24.36,1357.047619
2026-09-28T00:10:07.157Z,CVX,-4.7996,2828,2.189,1357.047619
2026-09-28T00:10:07.157Z,AXS,2.1624,1620,1.1685,1357.047619
2026-09-28T00:10:07.157Z,WCT,-1.7587,58.46,0.04385,1357.047619
2026-09-28T00:10:07.157Z,ME,-0.1293,107.8,0.07954,1357.047619
2026-09-28T00:10:07.157Z,ASTER,1.7912,997.2,0.7219,1357.047619
2026-09-28T00:10:07.157Z,GMX,-1.0946,11210,8.352,1357.047619
2026-09-28T00:10:07.157Z,MORPHO,3.0564,3810,2.7243,1357.047619
2026-09-28T00:10:07.157Z,MON,-8.7482,35.02,0.02828,1357.047619
2026-09-28T00:10:07.157Z,1INCH,-0.6226,139,0.10307,1357.047619
2026-09-28T00:10:07.157Z,SKY,0.03,111.8,0.08236,1357.047619
2026-09-28T00:10:07.157Z,YGG,-3.9646,36.53,0.02803,1357.047619
2026-09-28T00:10:07.157Z,BIO,-5.0421,41.12,0.03191,1357.047619
2026-09-28T00:10:07.157Z,MOVE,-1.1549,12.9,0.009617,1357.047619
2026-09-28T00:10:07.157Z,GALA,-15.0866,2.663,0.002311,1357.047619
2026-09-28T00:10:07.157Z,ZK,-0.007,17.81,0.013125,1357.047619
2026-09-28T00:10:07.157Z,ENS,0.5432,9510,6.97,1357.047619
2026-09-28T00:10:07.157Z,INJ,4.4059,11040,7.792,1357.047619
2026-09-28T00:10:07.157Z,KAITO,-1.7475,480,0.36,1357.047619
2026-09-28T00:10:07.157Z,LDO,-3.0403,650,0.494,1357.047619
2026-09-28T00:10:07.157Z,BLUR,-1.7126,28.21,0.02115,1357.047619
2026-09-28T00:10:07.157Z,AUCTION,-1.3276,5170,3.861,1357.047619
2026-09-28T00:10:07.157Z,ZETA,3.5843,75.12,0.05344,1357.047619
2026-09-28T00:10:07.157Z,WIF,1.3115,333.4,0.2425,1357.047619
2026-09-28T00:10:07.157Z,KSM,-0.7849,6425,4.772,1357.047619
2026-09-28T00:15:07.111Z,BTC,-0.0149,114519000,84400.9,1357.047619
2026-09-28T00:15:07.111Z,XRP,-0.0583,2055,1.5152,1357.047619
2026-09-28T00:15:07.111Z,SOL,-0.1581,165000,121.78,1357.047619
2026-09-28T00:15:07.111Z,ETH,-0.0227,3644000,2685.85,1357.047619
2026-09-28T00:15:07.111Z,FIL,0.1204,1558,1.1467,1357.047619
2026-09-28T00:15:07.111Z,TRX,-0.0334,451.8,0.33304,1357.047619
2026-09-28T00:15:07.111Z,BNB,-0.7244,1048000,777.9,1357.047619
2026-09-28T00:15:07.111Z,WLD,-0.0485,733.4,0.5407,1357.047619
2026-09-28T00:15:07.111Z,FLOW,-1.74,43.99,0.03299,1357.047619
2026-09-28T00:15:07.111Z,LINK,-0.0589,18940,13.965,1357.047619
2026-09-28T00:15:07.111Z,DOGE,-0.0861,131.1,0.09669,1357.047619
2026-09-28T00:15:07.111Z,SUI,-0.225,1717,1.2681,1357.047619
2026-09-28T00:15:07.111Z,XLM,-0.3068,291.1,0.21517,1357.047619
2026-09-28T00:15:07.111Z,BCH,-0.4781,446900,330.9,1357.047619
2026-09-28T00:15:07.111Z,AVAX,-0.6473,14630,10.851,1357.047619
2026-09-28T00:15:07.111Z,ETC,0.4294,13010,9.546,1357.047619
2026-09-28T00:15:07.111Z,AAVE,-0.5112,208700,154.58,1357.047619
2026-09-28T00:15:07.111Z,ADA,-0.4252,343.9,0.2545,1357.047619
2026-09-28T00:15:07.111Z,HYPE,0.3608,124400,91.34,1357.047619
2026-09-28T00:15:07.111Z,SEI,0.4607,110.4,0.08098,1357.047619
2026-09-28T00:15:07.111Z,HBAR,0.0482,130,0.09575,1357.047619
2026-09-28T00:15:07.111Z,ARB,-0.0629,306.5,0.226,1357.047619
2026-09-28T00:15:07.111Z,JTO,-1.1289,804.5,0.5996,1357.047619
2026-09-28T00:15:07.111Z,ONDO,0.14,785.2,0.5778,1357.047619
2026-09-28T00:15:07.111Z,QTUM,-2.0069,1360,1.0227,1357.047619
2026-09-28T00:15:07.111Z,PYTH,5.3836,119.9,0.08384,1357.047619
2026-09-28T00:15:07.111Z,APT,-0.7404,1163,0.8634,1357.047619
2026-09-28T00:15:07.111Z,UNI,-0.6882,13000,9.646,1357.047619
2026-09-28T00:15:07.111Z,TIA,-1.961,673.6,0.5063,1357.047619
2026-09-28T00:15:07.111Z,ALGO,0.4433,162.3,0.11907,1357.047619
2026-09-28T00:15:07.111Z,NEAR,1.0002,7315,5.337,1357.047619
2026-09-28T00:15:07.111Z,ZIL,-4.7288,4.9,0.00379,1357.047619
2026-09-28T00:15:07.111Z,SUSHI,0.5154,367.2,0.2692,1357.047619
2026-09-28T00:15:07.111Z,PENDLE,-0.4816,3564,2.639,1357.047619
2026-09-28T00:15:07.111Z,XTZ,-0.7674,432,0.3208,1357.047619
2026-09-28T00:15:07.111Z,W,0.8972,21.39,0.015622,1357.047619
2026-09-28T00:15:07.111Z,AR,-1.3793,6250,4.67,1357.047619
2026-09-28T00:15:07.111Z,SHIB,-0.285,0.008,0.000005912,1357.047619
2026-09-28T00:15:07.111Z,CELO,0.2891,132.3,0.09721,1357.047619
2026-09-28T00:15:07.111Z,STX,0.0211,458.1,0.3375,1357.047619
2026-09-28T00:15:07.111Z,JUP,-0.4863,497.1,0.3681,1357.047619
2026-09-28T00:15:07.111Z,PEPE,-0.1224,0.0059,0.000004353,1357.047619
2026-09-28T00:15:07.111Z,DYDX,3.6492,200,0.14219,1357.047619
2026-09-28T00:15:07.111Z,KITE,-14.1322,176.2,0.15121,1357.047619
2026-09-28T00:15:07.111Z,CRV,-1.4971,472,0.3531,1357.047619
2026-09-28T00:15:07.111Z,ENJ,3.2566,42.92,0.03063,1357.047619
2026-09-28T00:15:07.111Z,ATOM,0.5606,2556,1.873,1357.047619
2026-09-28T00:15:07.111Z,ICP,-1.567,4181,3.13,1357.047619
2026-09-28T00:15:07.111Z,SPACE,-1.0542,6.946,0.005173,1357.047619
2026-09-28T00:15:07.111Z,DOT,-0.3681,1719,1.2714,1357.047619
2026-09-28T00:15:07.111Z,ETHFI,-2.798,950,0.7202,1357.047619
2026-09-28T00:15:07.111Z,CC,-0.4198,185,0.1369,1357.047619
2026-09-28T00:15:07.111Z,SYRUP,1.2932,298.7,0.2173,1357.047619
2026-09-28T00:15:07.111Z,TAO,4.3181,450600,318.3,1357.047619
2026-09-28T00:15:07.111Z,GRAM,-1.5499,2159,1.616,1357.047619
2026-09-28T00:15:07.111Z,RAY,1.5192,3000,2.1776,1357.047619
2026-09-28T00:15:07.111Z,RENDER,-3.2161,2724,2.074,1357.047619
2026-09-28T00:15:07.111Z,GRASS,5.515,925,0.646,1357.047619
2026-09-28T00:15:07.111Z,MINA,1.2831,200.3,0.14573,1357.047619
2026-09-28T00:15:07.111Z,POL,-2.1662,162,0.12202,1357.047619
2026-09-28T00:15:07.111Z,ENA,-0.0697,365.7,0.26967,1357.047619
2026-09-28T00:15:07.111Z,SAND,-9.9208,55.51,0.04541,1357.047619
2026-09-28T00:15:07.111Z,AERO,2.2438,1163,0.8382,1357.047619
2026-09-28T00:15:07.111Z,KGEN,1.255,223.7,0.1628,1357.047619
2026-09-28T00:15:07.111Z,LIT,-0.0835,6265,4.6205,1357.047619
2026-09-28T00:15:07.111Z,MANA,-0.0319,124.7,0.09192,1357.047619
2026-09-28T00:15:07.111Z,BAND,-6.9238,284.7,0.2254,1357.047619
2026-09-28T00:15:07.111Z,APE,-5.5636,208.7,0.16285,1357.047619
2026-09-28T00:15:07.111Z,GMT,-0.1575,12.14,0.00896,1357.047619
2026-09-28T00:15:07.111Z,VIRTUAL,-3.9217,1090,0.836,1357.047619
2026-09-28T00:15:07.111Z,LPT,-7.592,2261,1.803,1357.047619
2026-09-28T00:15:07.111Z,DATA,-5.0505,309.5,0.2402,1357.047619
2026-09-28T00:15:07.111Z,THETA,-4.5294,302,0.2331,1357.047619
2026-09-28T00:15:07.111Z,GRT,2.5498,49,0.03521,1357.047619
2026-09-28T00:15:07.111Z,LAYER,-7.9421,106.9,0.08557,1357.047619
2026-09-28T00:15:07.111Z,NMR,-0.8704,14090,10.474,1357.047619
2026-09-28T00:15:07.111Z,EIGEN,-14.8272,321.9,0.2785,1357.047619
2026-09-28T00:15:07.111Z,BAT,-1.9447,129.3,0.09717,1357.047619
2026-09-28T00:15:07.111Z,SPK,-1.3445,32.64,0.02438,1357.047619
2026-09-28T00:15:07.111Z,PUMP,-1.1183,6.81,0.005075,1357.047619
2026-09-28T00:15:07.111Z,KMNO,-8.9975,60.71,0.04916,1357.047619
2026-09-28T00:15:07.111Z,CHZ,1.7083,22.76,0.01649,1357.047619
2026-09-28T00:15:07.111Z,PENGU,6.0517,14.74,0.010242,1357.047619
2026-09-28T00:15:07.111Z,OP,-2.7936,197,0.14934,1357.047619
2026-09-28T00:15:07.111Z,UMA,-2.3509,571.8,0.4315,1357.047619
2026-09-28T00:15:07.111Z,ZRO,2.4893,2290,1.6465,1357.047619
2026-09-28T00:15:07.111Z,S,-1.1801,53.99,0.04026,1357.047619
2026-09-28T00:15:07.111Z,IMX,-3.5782,250,0.19106,1357.047619
2026-09-28T00:15:07.111Z,A,-3.0347,136.1,0.10343,1357.047619
2026-09-28T00:15:07.111Z,ATH,-0.1315,8.652,0.006384,1357.047619
2026-09-28T00:15:07.111Z,COMP,5.9417,34950,24.31,1357.047619
2026-09-28T00:15:07.111Z,CVX,-5.4476,2828,2.204,1357.047619
2026-09-28T00:15:07.111Z,AXS,2.2762,1620,1.1672,1357.047619
2026-09-28T00:15:07.111Z,WCT,-1.3086,58.46,0.04365,1357.047619
2026-09-28T00:15:07.111Z,ME,-0.0916,107.8,0.07951,1357.047619
2026-09-28T00:15:07.111Z,ASTER,1.6504,997.2,0.7229,1357.047619
2026-09-28T00:15:07.111Z,GMX,-1.3898,11210,8.377,1357.047619
2026-09-28T00:15:07.111Z,MORPHO,3.0488,3810,2.7245,1357.047619
2026-09-28T00:15:07.111Z,MON,-9.1017,35.02,0.02839,1357.047619
2026-09-28T00:15:07.111Z,1INCH,-0.5455,139,0.10299,1357.047619
2026-09-28T00:15:07.111Z,SKY,0.2979,111.8,0.08214,1357.047619
2026-09-28T00:15:07.111Z,YGG,-4.1014,36.53,0.02807,1357.047619
2026-09-28T00:15:07.111Z,BIO,-5.2499,41.12,0.03198,1357.047619
2026-09-28T00:15:07.111Z,MOVE,-1.3294,12.9,0.009634,1357.047619
2026-09-28T00:15:07.111Z,GALA,-15.3796,2.663,0.002319,1357.047619
2026-09-28T00:15:07.111Z,ZK,-0.144,17.81,0.013143,1357.047619
2026-09-28T00:15:07.111Z,ENS,0.2268,9510,6.992,1357.047619
2026-09-28T00:15:07.111Z,INJ,4.3523,11040,7.796,1357.047619
2026-09-28T00:15:07.111Z,KAITO,-1.6382,480,0.3596,1357.047619
2026-09-28T00:15:07.111Z,LDO,-3.2948,650,0.4953,1357.047619
2026-09-28T00:15:07.111Z,BLUR,-1.573,28.21,0.02112,1357.047619
2026-09-28T00:15:07.111Z,AUCTION,-1.4552,5170,3.866,1357.047619
2026-09-28T00:15:07.111Z,ZETA,3.5649,75.12,0.05345,1357.047619
2026-09-28T00:15:07.111Z,WIF,1.1447,333.4,0.2429,1357.047619
2026-09-28T00:15:07.111Z,KSM,-0.8057,6425,4.773,1357.047619
2026-09-28T00:20:07.009Z,BTC,-0.1428,114798000,84714.9,1357.047619
2026-09-28T00:20:07.009Z,XRP,-0.1911,2065,1.5246,1357.047619
2026-09-28T00:20:07.009Z,SOL,-0.3872,165500,122.43,1357.047619
2026-09-28T00:20:07.009Z,ETH,-0.1234,3653000,2695.2,1357.047619
2026-09-28T00:20:07.009Z,FIL,0.0831,1560,1.1486,1357.047619
2026-09-28T00:20:07.009Z,TRX,-0.0784,451.8,0.33319,1357.047619
2026-09-28T00:20:07.009Z,BNB,-1.4717,1048000,783.8,1357.047619
2026-09-28T00:20:07.009Z,WLD,-0.9269,736.5,0.5478,1357.047619
2026-09-28T00:20:07.009Z,FLOW,-2.2733,43.99,0.03317,1357.047619
2026-09-28T00:20:07.009Z,LINK,-0.6141,18940,14.043,1357.047619
2026-09-28T00:20:07.009Z,DOGE,-0.3911,131.7,0.09743,1357.047619
2026-09-28T00:20:07.009Z,SUI,-0.1475,1735,1.2804,1357.047619
2026-09-28T00:20:07.009Z,XLM,-0.2938,293.1,0.21662,1357.047619
2026-09-28T00:20:07.009Z,BCH,-0.957,446900,332.5,1357.047619
2026-09-28T00:20:07.009Z,AVAX,-1.3925,14630,10.933,1357.047619
2026-09-28T00:20:07.009Z,ETC,-0.1979,13010,9.606,1357.047619
2026-09-28T00:20:07.009Z,AAVE,-1.0808,208700,155.47,1357.047619
2026-09-28T00:20:07.009Z,ADA,-1.2401,343.9,0.2566,1357.047619
2026-09-28T00:20:07.009Z,HYPE,-0.1421,124400,91.8,1357.047619
2026-09-28T00:20:07.009Z,SEI,0.2472,110.9,0.08152,1357.047619
2026-09-28T00:20:07.009Z,HBAR,-0.3887,130,0.09617,1357.047619
2026-09-28T00:20:07.009Z,ARB,-0.8245,307.3,0.22833,1357.047619
2026-09-28T00:20:07.009Z,JTO,-1.4412,804.5,0.6015,1357.047619
2026-09-28T00:20:07.009Z,ONDO,-0.3635,779.9,0.5768,1357.047619
2026-09-28T00:20:07.009Z,QTUM,-2.4362,1360,1.0272,1357.047619
2026-09-28T00:20:07.009Z,PYTH,4.4862,119.9,0.08456,1357.047619
2026-09-28T00:20:07.009Z,APT,-1.2323,1163,0.8677,1357.047619
2026-09-28T00:20:07.009Z,UNI,-1.3631,13000,9.712,1357.047619
2026-09-28T00:20:07.009Z,TIA,-2.5002,673.6,0.5091,1357.047619
2026-09-28T00:20:07.009Z,ALGO,-0.4181,162.3,0.1201,1357.047619
2026-09-28T00:20:07.009Z,NEAR,-0.2808,7275,5.376,1357.047619
2026-09-28T00:20:07.009Z,ZIL,-5.1791,4.9,0.003808,1357.047619
2026-09-28T00:20:07.009Z,SUSHI,-0.4461,367.2,0.2718,1357.047619
2026-09-28T00:20:07.009Z,PENDLE,-0.7449,3564,2.646,1357.047619
2026-09-28T00:20:07.009Z,XTZ,-1.3211,432,0.3226,1357.047619
2026-09-28T00:20:07.009Z,W,0.1917,21.39,0.015732,1357.047619
2026-09-28T00:20:07.009Z,AR,-2.5891,6250,4.728,1357.047619
2026-09-28T00:20:07.009Z,SHIB,-0.9884,0.008,0.000005954,1357.047619
2026-09-28T00:20:07.009Z,CELO,0.0935,132.3,0.0974,1357.047619
2026-09-28T00:20:07.009Z,STX,-0.5682,458.1,0.3395,1357.047619
2026-09-28T00:20:07.009Z,JUP,-0.8097,497.1,0.3693,1357.047619
2026-09-28T00:20:07.009Z,PEPE,-1.0318,0.0059,0.000004393,1357.047619
2026-09-28T00:20:07.009Z,DYDX,3.1486,200,0.14288,1357.047619
2026-09-28T00:20:07.009Z,KITE,-14.4096,176.2,0.1517,1357.047619
2026-09-28T00:20:07.009Z,CRV,-1.969,472,0.3548,1357.047619
2026-09-28T00:20:07.009Z,ENJ,2.5867,42.92,0.03083,1357.047619
2026-09-28T00:20:07.009Z,ATOM,-0.0795,2556,1.885,1357.047619
2026-09-28T00:20:07.009Z,ICP,-2.254,4181,3.152,1357.047619
2026-09-28T00:20:07.009Z,SPACE,-1.4922,6.946,0.005196,1357.047619
2026-09-28T00:20:07.009Z,DOT,-0.3837,1719,1.2716,1357.047619
2026-09-28T00:20:07.009Z,ETHFI,-3.3749,950,0.7245,1357.047619
2026-09-28T00:20:07.009Z,CC,-1.2421,185,0.13804,1357.047619
2026-09-28T00:20:07.009Z,SYRUP,0.8754,298.7,0.2182,1357.047619
2026-09-28T00:20:07.009Z,TAO,3.6343,450600,320.4,1357.047619
2026-09-28T00:20:07.009Z,GRAM,-2.0349,2159,1.624,1357.047619
2026-09-28T00:20:07.009Z,RAY,1.069,3000,2.1873,1357.047619
2026-09-28T00:20:07.009Z,RENDER,-3.7267,2724,2.085,1357.047619
2026-09-28T00:20:07.009Z,GRASS,6.222,925,0.6417,1357.047619
2026-09-28T00:20:07.009Z,MINA,1.0335,200.3,0.14609,1357.047619
2026-09-28T00:20:07.009Z,POL,-2.7322,162,0.12273,1357.047619
2026-09-28T00:20:07.009Z,ENA,-0.973,365.7,0.27213,1357.047619
2026-09-28T00:20:07.009Z,SAND,-10.3551,55.51,0.04563,1357.047619
2026-09-28T00:20:07.009Z,AERO,1.9398,1163,0.8407,1357.047619
2026-09-28T00:20:07.009Z,KGEN,0.6368,223.7,0.1638,1357.047619
2026-09-28T00:20:07.009Z,LIT,-0.4648,6265,4.6382,1357.047619
2026-09-28T00:20:07.009Z,MANA,-0.691,124.7,0.09253,1357.047619
2026-09-28T00:20:07.009Z,BAND,-7.4984,284.7,0.2268,1357.047619
2026-09-28T00:20:07.009Z,APE,-6.0539,208.7,0.1637,1357.047619
2026-09-28T00:20:07.009Z,GMT,-0.6454,12.14,0.009004,1357.047619
2026-09-28T00:20:07.009Z,VIRTUAL,-4.4134,1090,0.8403,1357.047619
2026-09-28T00:20:07.009Z,LPT,-8.0002,2261,1.811,1357.047619
2026-09-28T00:20:07.009Z,DATA,-7.4397,309.5,0.2464,1357.047619
2026-09-28T00:20:07.009Z,THETA,-5.3013,302,0.235,1357.047619
2026-09-28T00:20:07.009Z,GRT,1.2557,49,0.03566,1357.047619
2026-09-28T00:20:07.009Z,LAYER,-7.9959,106.9,0.08562,1357.047619
2026-09-28T00:20:07.009Z,NMR,-0.6998,14090,10.456,1357.047619
2026-09-28T00:20:07.009Z,EIGEN,-15.2533,321.9,0.2799,1357.047619
2026-09-28T00:20:07.009Z,BAT,-2.2966,129.3,0.09752,1357.047619
2026-09-28T00:20:07.009Z,SPK,-1.5061,32.64,0.02442,1357.047619
2026-09-28T00:20:07.009Z,PUMP,-2.0639,6.81,0.005124,1357.047619
2026-09-28T00:20:07.009Z,KMNO,-8.0057,60.71,0.04863,1357.047619
2026-09-28T00:20:07.009Z,CHZ,0.8521,22.76,0.01663,1357.047619
2026-09-28T00:20:07.009Z,PENGU,4.5209,14.74,0.010392,1357.047619
2026-09-28T00:20:07.009Z,OP,-3.2019,197,0.14997,1357.047619
2026-09-28T00:20:07.009Z,UMA,-2.7341,571.8,0.4332,1357.047619
2026-09-28T00:20:07.009Z,ZRO,1.1683,2290,1.668,1357.047619
2026-09-28T00:20:07.009Z,S,-1.7414,53.99,0.04049,1357.047619
2026-09-28T00:20:07.009Z,IMX,-5.2251,250,0.19438,1357.047619
2026-09-28T00:20:07.009Z,A,-3.5661,136.1,0.104,1357.047619
2026-09-28T00:20:07.009Z,ATH,-1.2606,8.652,0.006457,1357.047619
2026-09-28T00:20:07.009Z,COMP,5.1202,34950,24.5,1357.047619
2026-09-28T00:20:07.009Z,CVX,-5.9171,2828,2.215,1357.047619
2026-09-28T00:20:07.009Z,AXS,1.7532,1620,1.1732,1357.047619
2026-09-28T00:20:07.009Z,WCT,-1.8706,58.46,0.0439,1357.047619
2026-09-28T00:20:07.009Z,ME,-0.8523,107.8,0.08012,1357.047619
2026-09-28T00:20:07.009Z,ASTER,1.1467,997.2,0.7265,1357.047619
2026-09-28T00:20:07.009Z,GMX,-1.566,11210,8.392,1357.047619
2026-09-28T00:20:07.009Z,MORPHO,2.4659,3810,2.74,1357.047619
2026-09-28T00:20:07.009Z,MON,-9.389,35.02,0.02848,1357.047619
2026-09-28T00:20:07.009Z,1INCH,-1.0164,139,0.10348,1357.047619
2026-09-28T00:20:07.009Z,SKY,-0.3571,111.8,0.08268,1357.047619
2026-09-28T00:20:07.009Z,YGG,-4.5096,36.53,0.02819,1357.047619
2026-09-28T00:20:07.009Z,BIO,-5.9265,41.12,0.03221,1357.047619
2026-09-28T00:20:07.009Z,MOVE,-1.7982,12.9,0.00968,1357.047619
2026-09-28T00:20:07.009Z,GALA,-15.8513,2.663,0.002332,1357.047619
2026-09-28T00:20:07.009Z,ZK,-0.9578,17.81,0.013251,1357.047619
2026-09-28T00:20:07.009Z,ENS,-0.3716,9510,7.034,1357.047619
2026-09-28T00:20:07.009Z,INJ,3.8196,11040,7.836,1357.047619
2026-09-28T00:20:07.009Z,KAITO,-2.4251,480,0.3625,1357.047619
2026-09-28T00:20:07.009Z,LDO,-3.7224,650,0.4975,1357.047619
2026-09-28T00:20:07.009Z,BLUR,-2.3131,28.21,0.02128,1357.047619
2026-09-28T00:20:07.009Z,AUCTION,-1.8361,5170,3.881,1357.047619
2026-09-28T00:20:07.009Z,ZETA,3.0061,75.12,0.05374,1357.047619
2026-09-28T00:20:07.009Z,WIF,0.0327,333.4,0.2456,1357.047619
2026-09-28T00:20:07.009Z,KSM,-1.3637,6425,4.8,1357.047619
2026-09-28T00:25:06.986Z,BTC,0.0802,115166000,84797.1,1357.047619
2026-09-28T00:25:06.986Z,XRP,0.0005,2071,1.5261,1357.047619
2026-09-28T00:25:06.986Z,SOL,0.1492,166500,122.51,1357.047619
2026-09-28T00:25:06.986Z,ETH,0.0113,3656000,2693.78,1357.047619
2026-09-28T00:25:06.986Z,FIL,0.0395,1560,1.1491,1357.047619
2026-09-28T00:25:06.986Z,TRX,-0.1504,451.8,0.33343,1357.047619
2026-09-28T00:25:06.986Z,BNB,-1.371,1048000,783,1357.047619
2026-09-28T00:25:06.986Z,WLD,0.0588,746,0.5494,1357.047619
2026-09-28T00:25:06.986Z,FLOW,-2.2438,43.99,0.03316,1357.047619
2026-09-28T00:25:06.986Z,LINK,-0.8752,18940,14.08,1357.047619
2026-09-28T00:25:06.986Z,DOGE,0.1523,132.5,0.09749,1357.047619
2026-09-28T00:25:06.986Z,SUI,0.0883,1741,1.2818,1357.047619
2026-09-28T00:25:06.986Z,XLM,-0.1536,294,0.21698,1357.047619
2026-09-28T00:25:06.986Z,BCH,-0.3222,449900,332.6,1357.047619
2026-09-28T00:25:06.986Z,AVAX,-1.4376,14630,10.938,1357.047619
2026-09-28T00:25:06.986Z,ETC,-0.3224,13010,9.618,1357.047619
2026-09-28T00:25:06.986Z,AAVE,-1.2142,208700,155.68,1357.047619
2026-09-28T00:25:06.986Z,ADA,0.1258,349.2,0.257,1357.047619
2026-09-28T00:25:06.986Z,HYPE,-0.0531,124500,91.792,1357.047619
2026-09-28T00:25:06.986Z,SEI,0.1776,112.4,0.08268,1357.047619
2026-09-28T00:25:06.986Z,HBAR,-0.3783,130,0.09616,1357.047619
2026-09-28T00:25:06.986Z,ARB,0.6508,310,0.22696,1357.047619
2026-09-28T00:25:06.986Z,JTO,-0.1782,816.3,0.6026,1357.047619
2026-09-28T00:25:06.986Z,ONDO,-0.7167,789.8,0.5862,1357.047619
2026-09-28T00:25:06.986Z,QTUM,-2.5405,1360,1.0283,1357.047619
2026-09-28T00:25:06.986Z,PYTH,4.9579,119.9,0.08418,1357.047619
2026-09-28T00:25:06.986Z,APT,-1.6855,1163,0.8717,1357.047619
2026-09-28T00:25:06.986Z,UNI,-1.424,13000,9.718,1357.047619
2026-09-28T00:25:06.986Z,TIA,-2.7675,673.6,0.5105,1357.047619
2026-09-28T00:25:06.986Z,ALGO,0.1214,162.5,0.1196,1357.047619
2026-09-28T00:25:06.986Z,NEAR,0.0754,7320,5.39,1357.047619
2026-09-28T00:25:06.986Z,ZIL,-5.2786,4.9,0.003812,1357.047619
2026-09-28T00:25:06.986Z,SUSHI,-0.5924,367.2,0.2722,1357.047619
2026-09-28T00:25:06.986Z,PENDLE,-1.6002,3564,2.669,1357.047619
2026-09-28T00:25:06.986Z,XTZ,-1.626,432,0.3236,1357.047619
2026-09-28T00:25:06.986Z,W,-0.0117,21.39,0.015764,1357.047619
2026-09-28T00:25:06.986Z,AR,-2.4033,6250,4.719,1357.047619
2026-09-28T00:25:06.986Z,SHIB,0.2829,0.0081,0.000005952,1357.047619
2026-09-28T00:25:06.986Z,CELO,-0.3465,132.3,0.09783,1357.047619
2026-09-28T00:25:06.986Z,STX,-0.5975,458.1,0.3396,1357.047619
2026-09-28T00:25:06.986Z,JUP,-0.6213,497.1,0.3686,1357.047619
2026-09-28T00:25:06.986Z,PEPE,-1.0318,0.0059,0.000004393,1357.047619
2026-09-28T00:25:06.986Z,DYDX,3.0981,200,0.14295,1357.047619
2026-09-28T00:25:06.986Z,KITE,-14.064,176.2,0.15109,1357.047619
2026-09-28T00:25:06.986Z,CRV,-1.0768,472,0.3516,1357.047619
2026-09-28T00:25:06.986Z,ENJ,2.255,42.92,0.03093,1357.047619
2026-09-28T00:25:06.986Z,ATOM,-0.2383,2556,1.888,1357.047619
2026-09-28T00:25:06.986Z,ICP,-2.254,4181,3.152,1357.047619
2026-09-28T00:25:06.986Z,SPACE,-1.4922,6.946,0.005196,1357.047619
2026-09-28T00:25:06.986Z,DOT,-0.7039,1719,1.2757,1357.047619
2026-09-28T00:25:06.986Z,ETHFI,-3.4149,950,0.7248,1357.047619
2026-09-28T00:25:06.986Z,CC,-1.5417,185,0.13846,1357.047619
2026-09-28T00:25:06.986Z,SYRUP,0.278,298.7,0.2195,1357.047619
2026-09-28T00:25:06.986Z,TAO,3.8937,450600,319.6,1357.047619
2026-09-28T00:25:06.986Z,GRAM,-1.8536,2159,1.621,1357.047619
2026-09-28T00:25:06.986Z,RAY,1.2124,3000,2.1842,1357.047619
2026-09-28T00:25:06.986Z,RENDER,-3.5416,2724,2.081,1357.047619
2026-09-28T00:25:06.986Z,GRASS,6.6542,925,0.6391,1357.047619
2026-09-28T00:25:06.986Z,MINA,0.6134,200.3,0.1467,1357.047619
2026-09-28T00:25:06.986Z,POL,-2.8667,162,0.1229,1357.047619
2026-09-28T00:25:06.986Z,ENA,-0.7396,365.7,0.27149,1357.047619
2026-09-28T00:25:06.986Z,SAND,-10.2567,55.51,0.04558,1357.047619
2026-09-28T00:25:06.986Z,AERO,1.5412,1163,0.844,1357.047619
2026-09-28T00:25:06.986Z,KGEN,0.3917,223.7,0.1642,1357.047619
2026-09-28T00:25:06.986Z,LIT,-0.3359,6265,4.6322,1357.047619
2026-09-28T00:25:06.986Z,MANA,-0.7875,124.7,0.09262,1357.047619
2026-09-28T00:25:06.986Z,BAND,-1.0892,305.5,0.2276,1357.047619
2026-09-28T00:25:06.986Z,APE,-6.3,208.7,0.16413,1357.047619
2026-09-28T00:25:06.986Z,GMT,-0.8875,12.14,0.009026,1357.047619
2026-09-28T00:25:06.986Z,VIRTUAL,-5.5709,1090,0.8506,1357.047619
2026-09-28T00:25:06.986Z,LPT,-7.8985,2261,1.809,1357.047619
2026-09-28T00:25:06.986Z,DATA,-6.106,309.5,0.2429,1357.047619
2026-09-28T00:25:06.986Z,THETA,-5.3013,302,0.235,1357.047619
2026-09-28T00:25:06.986Z,GRT,1.8268,49,0.03546,1357.047619
2026-09-28T00:25:06.986Z,LAYER,-7.8667,106.9,0.0855,1357.047619
2026-09-28T00:25:06.986Z,NMR,-0.7852,14090,10.465,1357.047619
2026-09-28T00:25:06.986Z,EIGEN,-15.7349,321.9,0.2815,1357.047619
2026-09-28T00:25:06.986Z,BAT,-2.5065,129.3,0.09773,1357.047619
2026-09-28T00:25:06.986Z,SPK,-2.0675,32.64,0.02456,1357.047619
2026-09-28T00:25:06.986Z,PUMP,-2.5583,6.81,0.00515,1357.047619
2026-09-28T00:25:06.986Z,KMNO,-7.3388,60.71,0.04828,1357.047619
2026-09-28T00:25:06.986Z,CHZ,0.9128,22.76,0.01662,1357.047619
2026-09-28T00:25:06.986Z,PENGU,4.3402,14.74,0.01041,1357.047619
2026-09-28T00:25:06.986Z,OP,-3.1244,197,0.14985,1357.047619
2026-09-28T00:25:06.986Z,UMA,-2.8462,571.8,0.4337,1357.047619
2026-09-28T00:25:06.986Z,ZRO,1.3993,2290,1.6642,1357.047619
2026-09-28T00:25:06.986Z,S,-1.9593,53.99,0.04058,1357.047619
2026-09-28T00:25:06.986Z,IMX,-3.8951,250,0.19169,1357.047619
2026-09-28T00:25:06.986Z,A,-3.5754,136.1,0.10401,1357.047619
2026-09-28T00:25:06.986Z,ATH,-1.4437,8.652,0.006469,1357.047619
2026-09-28T00:25:06.986Z,COMP,5.206,34950,24.48,1357.047619
2026-09-28T00:25:06.986Z,CVX,-5.4904,2828,2.205,1357.047619
2026-09-28T00:25:06.986Z,AXS,1.5973,1620,1.175,1357.047619
2026-09-28T00:25:06.986Z,WCT,-2.0714,58.46,0.04399,1357.047619
2026-09-28T00:25:06.986Z,ME,-1.0376,107.8,0.08027,1357.047619
2026-09-28T00:25:06.986Z,ASTER,1.0771,997.2,0.727,1357.047619
2026-09-28T00:25:06.986Z,GMX,-1.566,11210,8.392,1357.047619
2026-09-28T00:25:06.986Z,MORPHO,2.5557,3810,2.7376,1357.047619
2026-09-28T00:25:06.986Z,MON,-10.0522,35.02,0.02869,1357.047619
2026-09-28T00:25:06.986Z,1INCH,-1.1501,139,0.10362,1357.047619
2026-09-28T00:25:06.986Z,SKY,-1.2854,112.5,0.08398,1357.047619
2026-09-28T00:25:06.986Z,YGG,-4.7125,36.53,0.02825,1357.047619
2026-09-28T00:25:06.986Z,BIO,-6.014,41.12,0.03224,1357.047619
2026-09-28T00:25:06.986Z,MOVE,-1.8084,12.9,0.009681,1357.047619
2026-09-28T00:25:06.986Z,GALA,-15.9954,2.663,0.002336,1357.047619
2026-09-28T00:25:06.986Z,ZK,-1.0325,17.81,0.013261,1357.047619
2026-09-28T00:25:06.986Z,ENS,-0.7104,9510,7.058,1357.047619
2026-09-28T00:25:06.986Z,INJ,3.9523,11040,7.826,1357.047619
2026-09-28T00:25:06.986Z,KAITO,-2.5863,480,0.3631,1357.047619
2026-09-28T00:25:06.986Z,LDO,-4.2038,650,0.5,1357.047619
2026-09-28T00:25:06.986Z,BLUR,-2.3131,28.21,0.02128,1357.047619
2026-09-28T00:25:06.986Z,AUCTION,-1.9119,5170,3.884,1357.047619
2026-09-28T00:25:06.986Z,ZETA,2.9103,75.12,0.05379,1357.047619
2026-09-28T00:25:06.986Z,WIF,0.0735,333.4,0.2455,1357.047619
2026-09-28T00:25:06.986Z,KSM,-1.7118,6425,4.817,1357.047619
2026-09-28T00:30:06.951Z,BTC,0.0363,114916000,84712.8,1356.044355
2026-09-28T00:30:06.951Z,XRP,0.0286,2071,1.5268,1356.044355
2026-09-28T00:30:06.951Z,SOL,-0.1103,166000,122.55,1356.044355
2026-09-28T00:30:06.951Z,ETH,0.034,3649000,2690,1356.044355
2026-09-28T00:30:06.951Z,FIL,0.2269,1560,1.1478,1356.044355
2026-09-28T00:30:06.951Z,TRX,-0.0585,451.8,0.33337,1356.044355
2026-09-28T00:30:06.951Z,BNB,-1.2729,1048000,782.8,1356.044355
2026-09-28T00:30:06.951Z,WLD,0.009,744.4,0.5489,1356.044355
2026-09-28T00:30:06.951Z,FLOW,-2.4949,43.99,0.03327,1356.044355
2026-09-28T00:30:06.951Z,LINK,-1.0969,18940,14.122,1356.044355
2026-09-28T00:30:06.951Z,DOGE,-0.0787,132.3,0.09764,1356.044355
2026-09-28T00:30:06.951Z,SUI,0.2033,1750,1.2879,1356.044355
2026-09-28T00:30:06.951Z,XLM,-0.0416,294.6,0.21734,1356.044355
2026-09-28T00:30:06.951Z,BCH,-0.2784,449900,332.7,1356.044355
2026-09-28T00:30:06.951Z,AVAX,-1.4007,14630,10.942,1356.044355
2026-09-28T00:30:06.951Z,ETC,0.0008,13010,9.594,1356.044355
2026-09-28T00:30:06.951Z,AAVE,-1.0776,208700,155.58,1356.044355
2026-09-28T00:30:06.951Z,ADA,0.122,349.2,0.2572,1356.044355
2026-09-28T00:30:06.951Z,HYPE,0.0441,124400,91.697,1356.044355
2026-09-28T00:30:06.951Z,SEI,-0.3461,113,0.08362,1356.044355
2026-09-28T00:30:06.951Z,HBAR,0.1527,130.8,0.09631,1356.044355
2026-09-28T00:30:06.951Z,ARB,0.9655,310,0.22642,1356.044355
2026-09-28T00:30:06.951Z,JTO,-0.0213,816.3,0.6021,1356.044355
2026-09-28T00:30:06.951Z,ONDO,-0.0897,790,0.5831,1356.044355
2026-09-28T00:30:06.951Z,QTUM,-2.3925,1360,1.0275,1356.044355
2026-09-28T00:30:06.951Z,PYTH,5.0231,119.9,0.08419,1356.044355
2026-09-28T00:30:06.951Z,APT,-1.5902,1163,0.8715,1356.044355
2026-09-28T00:30:06.951Z,UNI,-1.3002,13000,9.713,1356.044355
2026-09-28T00:30:06.951Z,TIA,-2.3129,673.6,0.5085,1356.044355
2026-09-28T00:30:06.951Z,ALGO,-0.2216,162.5,0.1201,1356.044355
2026-09-28T00:30:06.951Z,NEAR,0.3915,7320,5.377,1356.044355
2026-09-28T00:30:06.951Z,ZIL,-5.2831,4.9,0.003815,1356.044355
2026-09-28T00:30:06.951Z,SUSHI,-0.4823,367.2,0.2721,1356.044355
2026-09-28T00:30:06.951Z,PENDLE,-1.4905,3564,2.668,1356.044355
2026-09-28T00:30:06.951Z,XTZ,-1.3093,432,0.3228,1356.044355
2026-09-28T00:30:06.951Z,W,0.285,21.39,0.015729,1356.044355
2026-09-28T00:30:06.951Z,AR,-2.186,6250,4.712,1356.044355
2026-09-28T00:30:06.951Z,SHIB,0.2729,0.0081,0.000005957,1356.044355
2026-09-28T00:30:06.951Z,CELO,-0.2421,132.3,0.0978,1356.044355
2026-09-28T00:30:06.951Z,STX,-0.436,458.1,0.3393,1356.044355
2026-09-28T00:30:06.951Z,JUP,0.104,497.1,0.3662,1356.044355
2026-09-28T00:30:06.951Z,PEPE,-0.9811,0.0059,0.000004394,1356.044355
2026-09-28T00:30:06.951Z,DYDX,2.9943,200,0.1432,1356.044355
2026-09-28T00:30:06.951Z,KITE,-13.2019,176.2,0.1497,1356.044355
2026-09-28T00:30:06.951Z,CRV,-1.088,472,0.3519,1356.044355
2026-09-28T00:30:06.951Z,ENJ,2.4632,42.92,0.03089,1356.044355
2026-09-28T00:30:06.951Z,ATOM,-0.3229,2556,1.891,1356.044355
2026-09-28T00:30:06.951Z,ICP,-1.9952,4181,3.146,1356.044355
2026-09-28T00:30:06.951Z,SPACE,-1.9289,6.946,0.005223,1356.044355
2026-09-28T00:30:06.951Z,DOT,-0.3414,1719,1.272,1356.044355
2026-09-28T00:30:06.951Z,ETHFI,-3.3834,950,0.7251,1356.044355
2026-09-28T00:30:06.951Z,CC,-1.6677,185,0.13874,1356.044355
2026-09-28T00:30:06.951Z,SYRUP,0.2608,298.7,0.2197,1356.044355
2026-09-28T00:30:06.951Z,TAO,4.0683,450600,319.3,1356.044355
2026-09-28T00:30:06.951Z,GRAM,-1.7809,2159,1.621,1356.044355
2026-09-28T00:30:06.951Z,RAY,1.1807,3000,2.1865,1356.044355
2026-09-28T00:30:06.951Z,RENDER,-3.5166,2724,2.082,1356.044355
2026-09-28T00:30:06.951Z,GRASS,6.0198,925,0.6434,1356.044355
2026-09-28T00:30:06.951Z,MINA,0.8253,200.3,0.1465,1356.044355
2026-09-28T00:30:06.951Z,POL,-2.866,162,0.12299,1356.044355
2026-09-28T00:30:06.951Z,ENA,-0.5783,365.7,0.27125,1356.044355
2026-09-28T00:30:06.951Z,SAND,-10.1706,55.51,0.04557,1356.044355
2026-09-28T00:30:06.951Z,AERO,1.6645,1163,0.8436,1356.044355
2026-09-28T00:30:06.951Z,KGEN,0.466,223.7,0.1642,1356.044355
2026-09-28T00:30:06.951Z,LIT,0.1486,6265,4.6132,1356.044355
2026-09-28T00:30:06.951Z,MANA,-0.639,124.7,0.09255,1356.044355
2026-09-28T00:30:06.951Z,BAND,-0.9289,305.5,0.2274,1356.044355
2026-09-28T00:30:06.951Z,APE,-5.9384,208.7,0.16362,1356.044355
2026-09-28T00:30:06.951Z,GMT,-0.627,12.14,0.009009,1356.044355
2026-09-28T00:30:06.951Z,VIRTUAL,-5.256,1090,0.8484,1356.044355
2026-09-28T00:30:06.951Z,LPT,-7.4723,2261,1.802,1356.044355
2026-09-28T00:30:06.951Z,DATA,0.7513,335,0.2452,1356.044355
2026-09-28T00:30:06.951Z,THETA,-5.7127,302,0.2362,1356.044355
2026-09-28T00:30:06.951Z,GRT,1.816,49,0.03549,1356.044355
2026-09-28T00:30:06.951Z,LAYER,-7.6798,106.9,0.08539,1356.044355
2026-09-28T00:30:06.951Z,NMR,-0.9106,14090,10.486,1356.044355
2026-09-28T00:30:06.951Z,EIGEN,-15.8221,321.9,0.282,1356.044355
2026-09-28T00:30:06.951Z,BAT,-2.1641,129.3,0.09746,1356.044355
2026-09-28T00:30:06.951Z,SPK,-2.0748,32.64,0.02458,1356.044355
2026-09-28T00:30:06.951Z,PUMP,-2.5619,6.81,0.005154,1356.044355
2026-09-28T00:30:06.951Z,KMNO,-7.1549,60.71,0.04822,1356.044355
2026-09-28T00:30:06.951Z,CHZ,0.6242,22.76,0.01668,1356.044355
2026-09-28T00:30:06.951Z,PENGU,4.7394,14.74,0.010378,1356.044355
2026-09-28T00:30:06.951Z,OP,-2.9686,197,0.14972,1356.044355
2026-09-28T00:30:06.951Z,UMA,-2.9534,571.8,0.4345,1356.044355
2026-09-28T00:30:06.951Z,ZRO,1.8783,2290,1.6576,1356.044355
2026-09-28T00:30:06.951Z,S,-1.9351,53.99,0.0406,1356.044355
2026-09-28T00:30:06.951Z,IMX,-3.4108,250,0.19087,1356.044355
2026-09-28T00:30:06.951Z,A,-3.2529,136.1,0.10374,1356.044355
2026-09-28T00:30:06.951Z,ATH,-0.1202,8.652,0.006388,1356.044355
2026-09-28T00:30:06.951Z,COMP,5.3269,34950,24.47,1356.044355
2026-09-28T00:30:06.951Z,CVX,-5.549,2828,2.208,1356.044355
2026-09-28T00:30:06.951Z,AXS,1.759,1620,1.174,1356.044355
2026-09-28T00:30:06.951Z,WCT,-1.9543,58.46,0.04397,1356.044355
2026-09-28T00:30:06.951Z,ME,-0.8779,107.8,0.0802,1356.044355
2026-09-28T00:30:06.951Z,ASTER,1.0546,997.2,0.7277,1356.044355
2026-09-28T00:30:06.951Z,GMX,-1.2815,11210,8.374,1356.044355
2026-09-28T00:30:06.951Z,MORPHO,2.6954,3810,2.7359,1356.044355
2026-09-28T00:30:06.951Z,MON,-9.7655,35.02,0.02862,1356.044355
2026-09-28T00:30:06.951Z,1INCH,-0.991,139,0.10353,1356.044355
2026-09-28T00:30:06.951Z,SKY,-2.2713,112.5,0.08489,1356.044355
2026-09-28T00:30:06.951Z,YGG,-4.8441,36.53,0.02831,1356.044355
2026-09-28T00:30:06.951Z,BIO,-6.4379,41.12,0.03241,1356.044355
2026-09-28T00:30:06.951Z,MOVE,-1.5425,12.9,0.009662,1356.044355
2026-09-28T00:30:06.951Z,GALA,-15.8612,2.663,0.002334,1356.044355
2026-09-28T00:30:06.951Z,ZK,-1.3387,17.81,0.013312,1356.044355
2026-09-28T00:30:06.951Z,ENS,-0.9317,9510,7.079,1356.044355
2026-09-28T00:30:06.951Z,INJ,4.1357,11040,7.818,1356.044355
2026-09-28T00:30:06.951Z,KAITO,-2.245,480,0.3621,1356.044355
2026-09-28T00:30:06.951Z,LDO,-4.3625,650,0.5012,1356.044355
2026-09-28T00:30:06.951Z,BLUR,-2.5157,28.21,0.02134,1356.044355
2026-09-28T00:30:06.951Z,AUCTION,-2.1417,5170,3.896,1356.044355
2026-09-28T00:30:06.951Z,ZETA,2.8335,75.12,0.05387,1356.044355
2026-09-28T00:30:06.951Z,WIF,0.1067,333.4,0.2456,1356.044355
2026-09-28T00:30:06.951Z,KSM,-1.5369,6425,4.812,1356.044355
2026-09-28T00:35:06.972Z,BTC,0.1552,114518000,84319.2,1356.044355
2026-09-28T00:35:06.972Z,XRP,0.1262,2057,1.515,1356.044355
2026-09-28T00:35:06.972Z,SOL,0.2597,165500,121.73,1356.044355
2026-09-28T00:35:06.972Z,ETH,0.0991,3634000,2677.2,1356.044355
2026-09-28T00:35:06.972Z,FIL,1.5183,1560,1.1332,1356.044355
2026-09-28T00:35:06.972Z,TRX,-0.0285,451.8,0.33327,1356.044355
2026-09-28T00:35:06.972Z,BNB,-0.8167,1048000,779.2,1356.044355
2026-09-28T00:35:06.972Z,WLD,-0.2775,735.1,0.5436,1356.044355
2026-09-28T00:35:06.972Z,FLOW,-1.3684,43.99,0.03289,1356.044355
2026-09-28T00:35:06.972Z,LINK,-0.0767,19050,14.059,1356.044355
2026-09-28T00:35:06.972Z,DOGE,-0.0393,131.2,0.09679,1356.044355
2026-09-28T00:35:06.972Z,SUI,0.2569,1730,1.2725,1356.044355
2026-09-28T00:35:06.972Z,XLM,0.1912,292.8,0.21551,1356.044355
2026-09-28T00:35:06.972Z,BCH,0.5985,449900,329.8,1356.044355
2026-09-28T00:35:06.972Z,AVAX,-0.4086,14630,10.833,1356.044355
2026-09-28T00:35:06.972Z,ETC,0.7253,13010,9.525,1356.044355
2026-09-28T00:35:06.972Z,AAVE,-0.2376,208700,154.27,1356.044355
2026-09-28T00:35:06.972Z,ADA,0.1285,346.1,0.2549,1356.044355
2026-09-28T00:35:06.972Z,HYPE,0.4956,124400,91.285,1356.044355
2026-09-28T00:35:06.972Z,SEI,0.2953,112,0.08235,1356.044355
2026-09-28T00:35:06.972Z,HBAR,0.437,130,0.09545,1356.044355
2026-09-28T00:35:06.972Z,ARB,2.3946,310,0.22326,1356.044355
2026-09-28T00:35:06.972Z,JTO,0.7652,816.3,0.5974,1356.044355
2026-09-28T00:35:06.972Z,ONDO,0.5831,787,0.577,1356.044355
2026-09-28T00:35:06.972Z,QTUM,-1.5783,1360,1.019,1356.044355
2026-09-28T00:35:06.972Z,PYTH,5.4615,119.9,0.08384,1356.044355
2026-09-28T00:35:06.972Z,APT,-0.4479,1163,0.8615,1356.044355
2026-09-28T00:35:06.972Z,UNI,-0.5941,13000,9.644,1356.044355
2026-09-28T00:35:06.972Z,TIA,-0.9099,673.6,0.5013,1356.044355
2026-09-28T00:35:06.972Z,ALGO,0.0533,162.5,0.11977,1356.044355
2026-09-28T00:35:06.972Z,NEAR,0.0117,7215,5.32,1356.044355
2026-09-28T00:35:06.972Z,ZIL,-4.6331,4.9,0.003789,1356.044355
2026-09-28T00:35:06.972Z,SUSHI,0.2917,367.2,0.27,1356.044355
2026-09-28T00:35:06.972Z,PENDLE,-0.219,3564,2.634,1356.044355
2026-09-28T00:35:06.972Z,XTZ,-0.663,432,0.3207,1356.044355
2026-09-28T00:35:06.972Z,W,0.451,21.39,0.015703,1356.044355
2026-09-28T00:35:06.972Z,AR,-1.2217,6250,4.666,1356.044355
2026-09-28T00:35:06.972Z,SHIB,1.0532,0.0081,0.000005911,1356.044355
2026-09-28T00:35:06.972Z,CELO,0.477,132.3,0.0971,1356.044355
2026-09-28T00:35:06.972Z,STX,0.2436,458.1,0.337,1356.044355
2026-09-28T00:35:06.972Z,JUP,1.2095,497.1,0.3622,1356.044355
2026-09-28T00:35:06.972Z,PEPE,-0.0944,0.0059,0.000004355,1356.044355
2026-09-28T00:35:06.972Z,DYDX,3.6384,200,0.14231,1356.044355
2026-09-28T00:35:06.972Z,KITE,-14.0744,176.2,0.15122,1356.044355
2026-09-28T00:35:06.972Z,CRV,-0.1803,472,0.3487,1356.044355
2026-09-28T00:35:06.972Z,ENJ,3.1309,42.92,0.03069,1356.044355
2026-09-28T00:35:06.972Z,ATOM,0.4741,2556,1.876,1356.044355
2026-09-28T00:35:06.972Z,ICP,-1.2734,4181,3.123,1356.044355
2026-09-28T00:35:06.972Z,SPACE,-1.0766,6.946,0.005178,1356.044355
2026-09-28T00:35:06.972Z,DOT,0.6477,1719,1.2595,1356.044355
2026-09-28T00:35:06.972Z,ETHFI,-2.5501,950,0.7189,1356.044355
2026-09-28T00:35:06.972Z,CC,-1.2549,185,0.13816,1356.044355
2026-09-28T00:35:06.972Z,SYRUP,0.7653,298.7,0.2186,1356.044355
2026-09-28T00:35:06.972Z,TAO,4.8233,450600,317,1356.044355
2026-09-28T00:35:06.972Z,GRAM,-1.355,2159,1.614,1356.044355
2026-09-28T00:35:06.972Z,RAY,1.683,3000,2.1757,1356.044355
2026-09-28T00:35:06.972Z,RENDER,-2.249,2724,2.055,1356.044355
2026-09-28T00:35:06.972Z,GRASS,6.1848,925,0.6424,1356.044355
2026-09-28T00:35:06.972Z,MINA,1.9808,200.3,0.14484,1356.044355
2026-09-28T00:35:06.972Z,POL,-2.262,162,0.12223,1356.044355
2026-09-28T00:35:06.972Z,ENA,-0.262,365.7,0.27039,1356.044355
2026-09-28T00:35:06.972Z,SAND,-9.5354,55.51,0.04525,1356.044355
2026-09-28T00:35:06.972Z,AERO,2.7239,1163,0.8349,1356.044355
2026-09-28T00:35:06.972Z,KGEN,1.0197,223.7,0.1633,1356.044355
2026-09-28T00:35:06.972Z,LIT,0.7953,6265,4.5836,1356.044355
2026-09-28T00:35:06.972Z,MANA,0.5708,125.1,0.09173,1356.044355
2026-09-28T00:35:06.972Z,BAND,-0.1385,305.5,0.2256,1356.044355
2026-09-28T00:35:06.972Z,APE,-5.0857,208.7,0.16215,1356.044355
2026-09-28T00:35:06.972Z,GMT,0.0169,12.14,0.008951,1356.044355
2026-09-28T00:35:06.972Z,VIRTUAL,-3.9999,1090,0.8373,1356.044355
2026-09-28T00:35:06.972Z,LPT,-6.5387,2261,1.784,1356.044355
2026-09-28T00:35:06.972Z,DATA,1.4546,335,0.2435,1356.044355
2026-09-28T00:35:06.972Z,THETA,-5.0292,302,0.2345,1356.044355
2026-09-28T00:35:06.972Z,GRT,2.2193,49,0.03535,1356.044355
2026-09-28T00:35:06.972Z,LAYER,-7.0155,106.9,0.08478,1356.044355
2026-09-28T00:35:06.972Z,NMR,-1.005,14090,10.496,1356.044355
2026-09-28T00:35:06.972Z,EIGEN,-14.7948,321.9,0.2786,1356.044355
2026-09-28T00:35:06.972Z,BAT,-1.69,129.3,0.09699,1356.044355
2026-09-28T00:35:06.972Z,SPK,-0.7422,32.64,0.02425,1356.044355
2026-09-28T00:35:06.972Z,PUMP,-2.0679,6.81,0.005128,1356.044355
2026-09-28T00:35:06.972Z,KMNO,-6.5541,60.71,0.04791,1356.044355
2026-09-28T00:35:06.972Z,CHZ,1.7219,22.76,0.0165,1356.044355
2026-09-28T00:35:06.972Z,PENGU,5.5325,14.74,0.0103,1356.044355
2026-09-28T00:35:06.972Z,OP,-1.5815,197,0.14761,1356.044355
2026-09-28T00:35:06.972Z,UMA,-2.2107,571.8,0.4312,1356.044355
2026-09-28T00:35:06.972Z,ZRO,2.3414,2290,1.6501,1356.044355
2026-09-28T00:35:06.972Z,S,-0.9347,53.99,0.04019,1356.044355
2026-09-28T00:35:06.972Z,IMX,-1.7639,250,0.18767,1356.044355
2026-09-28T00:35:06.972Z,A,-2.4442,136.1,0.10288,1356.044355
2026-09-28T00:35:06.972Z,ATH,0.7472,8.652,0.006333,1356.044355
2026-09-28T00:35:06.972Z,COMP,6.0638,34950,24.3,1356.044355
2026-09-28T00:35:06.972Z,CVX,-4.8162,2828,2.191,1356.044355
2026-09-28T00:35:06.972Z,AXS,2.4309,1620,1.1663,1356.044355
2026-09-28T00:35:06.972Z,WCT,-1.4162,58.46,0.04373,1356.044355
2026-09-28T00:35:06.972Z,ME,-0.0303,107.8,0.07952,1356.044355
2026-09-28T00:35:06.972Z,ASTER,1.571,997.2,0.724,1356.044355
2026-09-28T00:35:06.972Z,GMX,-0.9977,11210,8.35,1356.044355
2026-09-28T00:35:06.972Z,MORPHO,3.3033,3810,2.7198,1356.044355
2026-09-28T00:35:06.972Z,MON,-8.9703,35.02,0.02837,1356.044355
2026-09-28T00:35:06.972Z,1INCH,-0.4139,139,0.10293,1356.044355
2026-09-28T00:35:06.972Z,SKY,0.0867,112.5,0.08289,1356.044355
2026-09-28T00:35:06.972Z,YGG,-3.9963,36.53,0.02806,1356.044355
2026-09-28T00:35:06.972Z,BIO,-4.8526,41.12,0.03187,1356.044355
2026-09-28T00:35:06.972Z,MOVE,-0.793,12.9,0.009589,1356.044355
2026-09-28T00:35:06.972Z,GALA,-14.8395,2.663,0.002306,1356.044355
2026-09-28T00:35:06.972Z,ZK,-0.1764,17.81,0.013157,1356.044355
2026-09-28T00:35:06.972Z,ENS,0.301,9510,6.992,1356.044355
2026-09-28T00:35:06.972Z,INJ,5.1172,11040,7.745,1356.044355
2026-09-28T00:35:06.972Z,KAITO,-1.2634,480,0.3585,1356.044355
2026-09-28T00:35:06.972Z,LDO,-3.2428,650,0.4954,1356.044355
2026-09-28T00:35:06.972Z,BLUR,-1.6399,28.21,0.02115,1356.044355
2026-09-28T00:35:06.972Z,AUCTION,-1.5097,5170,3.871,1356.044355
2026-09-28T00:35:06.972Z,ZETA,3.9137,75.12,0.05331,1356.044355
2026-09-28T00:35:06.972Z,WIF,1.0116,333.4,0.2434,1356.044355
2026-09-28T00:35:06.972Z,KSM,-0.857,6425,4.779,1356.044355
2026-09-28T00:40:06.953Z,BTC,0.1501,114320000,84177.7,1356.044355
2026-09-28T00:40:06.953Z,XRP,0.2425,2053,1.5103,1356.044355
2026-09-28T00:40:06.953Z,SOL,0.2975,165100,121.39,1356.044355
2026-09-28T00:40:06.953Z,ETH,0.1493,3628000,2671.44,1356.044355
2026-09-28T00:40:06.953Z,FIL,2.0134,1560,1.1277,1356.044355
2026-09-28T00:40:06.953Z,TRX,-0.0075,451.8,0.3332,1356.044355
2026-09-28T00:40:06.953Z,BNB,-0.6254,1048000,777.7,1356.044355
2026-09-28T00:40:06.953Z,WLD,0.2977,737.3,0.5421,1356.044355
2026-09-28T00:40:06.953Z,FLOW,-1.0374,43.99,0.03278,1356.044355
2026-09-28T00:40:06.953Z,LINK,0.7874,19130,13.997,1356.044355
2026-09-28T00:40:06.953Z,DOGE,0.4172,131.2,0.09635,1356.044355
2026-09-28T00:40:06.953Z,SUI,0.3564,1726,1.2683,1356.044355
2026-09-28T00:40:06.953Z,XLM,0.3379,291.8,0.21446,1356.044355
2026-09-28T00:40:06.953Z,BCH,0.9659,449900,328.6,1356.044355
2026-09-28T00:40:06.953Z,AVAX,0.0068,14630,10.788,1356.044355
2026-09-28T00:40:06.953Z,ETC,1.2141,13010,9.479,1356.044355
2026-09-28T00:40:06.953Z,AAVE,0.1715,208700,153.64,1356.044355
2026-09-28T00:40:06.953Z,ADA,0.5625,346.1,0.2538,1356.044355
2026-09-28T00:40:06.953Z,HYPE,0.4443,123300,90.524,1356.044355
2026-09-28T00:40:06.953Z,SEI,0.7782,111.2,0.08137,1356.044355
2026-09-28T00:40:06.953Z,HBAR,0.8172,130,0.09509,1356.044355
2026-09-28T00:40:06.953Z,ARB,0.1296,301.5,0.22205,1356.044355
2026-09-28T00:40:06.953Z,JTO,1.7875,816.3,0.5914,1356.044355
2026-09-28T00:40:06.953Z,ONDO,0.2612,775.1,0.5701,1356.044355
2026-09-28T00:40:06.953Z,QTUM,-1.3848,1360,1.017,1356.044355
2026-09-28T00:40:06.953Z,PYTH,5.7643,119.9,0.0836,1356.044355
2026-09-28T00:40:06.953Z,APT,0.2152,1163,0.8558,1356.044355
2026-09-28T00:40:06.953Z,UNI,-0.1801,13000,9.604,1356.044355
2026-09-28T00:40:06.953Z,TIA,-0.1128,673.6,0.4973,1356.044355
2026-09-28T00:40:06.953Z,ALGO,0.5908,162.5,0.11913,1356.044355
2026-09-28T00:40:06.953Z,NEAR,0.1812,7215,5.311,1356.044355
2026-09-28T00:40:06.953Z,ZIL,-4.2541,4.9,0.003774,1356.044355
2026-09-28T00:40:06.953Z,SUSHI,0.7769,367.2,0.2687,1356.044355
2026-09-28T00:40:06.953Z,PENDLE,0.66,3564,2.611,1356.044355
2026-09-28T00:40:06.953Z,XTZ,-0.2899,432,0.3195,1356.044355
2026-09-28T00:40:06.953Z,W,1.4068,21.39,0.015555,1356.044355
2026-09-28T00:40:06.953Z,AR,-1.1158,6250,4.661,1356.044355
2026-09-28T00:40:06.953Z,SHIB,1.448,0.0081,0.000005888,1356.044355
2026-09-28T00:40:06.953Z,CELO,1.2696,132.3,0.09634,1356.044355
2026-09-28T00:40:06.953Z,STX,0.7819,458.1,0.3352,1356.044355
2026-09-28T00:40:06.953Z,JUP,1.3494,497.1,0.3617,1356.044355
2026-09-28T00:40:06.953Z,PEPE,0.4129,0.0059,0.000004333,1356.044355
2026-09-28T00:40:06.953Z,DYDX,4.1286,200,0.14164,1356.044355
2026-09-28T00:40:06.953Z,KITE,-13.7092,176.2,0.15058,1356.044355
2026-09-28T00:40:06.953Z,CRV,1.066,472,0.3444,1356.044355
2026-09-28T00:40:06.953Z,ENJ,3.6375,42.92,0.03054,1356.044355
2026-09-28T00:40:06.953Z,ATOM,0.6888,2556,1.872,1356.044355
2026-09-28T00:40:06.953Z,ICP,-0.7969,4181,3.108,1356.044355
2026-09-28T00:40:06.953Z,SPACE,-0.7123,6.946,0.005159,1356.044355
2026-09-28T00:40:06.953Z,DOT,1.0086,1719,1.255,1356.044355
2026-09-28T00:40:06.953Z,ETHFI,-2.046,950,0.7152,1356.044355
2026-09-28T00:40:06.953Z,CC,-1.8375,185,0.13898,1356.044355
2026-09-28T00:40:06.953Z,SYRUP,1.3215,298.7,0.2174,1356.044355
2026-09-28T00:40:06.953Z,TAO,5.1551,450600,316,1356.044355
2026-09-28T00:40:06.953Z,GRAM,-1.0484,2159,1.609,1356.044355
2026-09-28T00:40:06.953Z,RAY,2.1007,3000,2.1668,1356.044355
2026-09-28T00:40:06.953Z,RENDER,-1.6266,2724,2.042,1356.044355
2026-09-28T00:40:06.953Z,GRASS,4.2058,925,0.6546,1356.044355
2026-09-28T00:40:06.953Z,MINA,0.4994,196.3,0.14404,1356.044355
2026-09-28T00:40:06.953Z,POL,-2.1419,162,0.12208,1356.044355
2026-09-28T00:40:06.953Z,ENA,0.097,365.7,0.26942,1356.044355
2026-09-28T00:40:06.953Z,SAND,-9.053,55.51,0.04501,1356.044355
2026-09-28T00:40:06.953Z,AERO,3.0695,1163,0.8321,1356.044355
2026-09-28T00:40:06.953Z,KGEN,1.1435,223.7,0.1631,1356.044355
2026-09-28T00:40:06.953Z,LIT,0.7675,6200,4.5373,1356.044355
2026-09-28T00:40:06.953Z,MANA,1.0224,125.1,0.09132,1356.044355
2026-09-28T00:40:06.953Z,BAND,0.1278,305.5,0.225,1356.044355
2026-09-28T00:40:06.953Z,APE,-4.8686,208.7,0.16178,1356.044355
2026-09-28T00:40:06.953Z,GMT,0.2521,12.14,0.00893,1356.044355
2026-09-28T00:40:06.953Z,VIRTUAL,-3.0505,1090,0.8291,1356.044355
2026-09-28T00:40:06.953Z,LPT,-6.1705,2261,1.777,1356.044355
2026-09-28T00:40:06.953Z,DATA,2.1257,335,0.2419,1356.044355
2026-09-28T00:40:06.953Z,THETA,-4.6224,302,0.2335,1356.044355
2026-09-28T00:40:06.953Z,GRT,2.7424,49,0.03517,1356.044355
2026-09-28T00:40:06.953Z,LAYER,-6.3861,106.9,0.08421,1356.044355
2026-09-28T00:40:06.953Z,NMR,-0.7592,14090,10.47,1356.044355
2026-09-28T00:40:06.953Z,EIGEN,-14.2407,321.9,0.2768,1356.044355
2026-09-28T00:40:06.953Z,BAT,-1.5276,129.3,0.09683,1356.044355
2026-09-28T00:40:06.953Z,SPK,-0.1659,32.64,0.02411,1356.044355
2026-09-28T00:40:06.953Z,PUMP,-1.162,6.81,0.005081,1356.044355
2026-09-28T00:40:06.953Z,KMNO,-5.7872,60.71,0.04752,1356.044355
2026-09-28T00:40:06.953Z,CHZ,2.0931,22.76,0.01644,1356.044355
2026-09-28T00:40:06.953Z,PENGU,6.1094,14.74,0.010244,1356.044355
2026-09-28T00:40:06.953Z,OP,-1.1261,197,0.14693,1356.044355
2026-09-28T00:40:06.953Z,UMA,-1.9378,571.8,0.43,1356.044355
2026-09-28T00:40:06.953Z,ZRO,2.8149,2290,1.6425,1356.044355
2026-09-28T00:40:06.953Z,S,-0.6381,53.99,0.04007,1356.044355
2026-09-28T00:40:06.953Z,IMX,-0.6254,250,0.18552,1356.044355
2026-09-28T00:40:06.953Z,A,-1.8431,136.1,0.10225,1356.044355
2026-09-28T00:40:06.953Z,ATH,0.7631,8.652,0.006332,1356.044355
2026-09-28T00:40:06.953Z,COMP,6.3702,34950,24.23,1356.044355
2026-09-28T00:40:06.953Z,CVX,-4.3798,2828,2.181,1356.044355
2026-09-28T00:40:06.953Z,AXS,2.9694,1620,1.1602,1356.044355
2026-09-28T00:40:06.953Z,WCT,-1.2808,58.46,0.04367,1356.044355
2026-09-28T00:40:06.953Z,ME,0.1839,107.8,0.07935,1356.044355
2026-09-28T00:40:06.953Z,ASTER,1.7819,997.2,0.7225,1356.044355
2026-09-28T00:40:06.953Z,GMX,-0.6049,11210,8.317,1356.044355
2026-09-28T00:40:06.953Z,MORPHO,4.0608,3810,2.7,1356.044355
2026-09-28T00:40:06.953Z,MON,-8.063,35.02,0.02809,1356.044355
2026-09-28T00:40:06.953Z,1INCH,-0.1325,139,0.10264,1356.044355
2026-09-28T00:40:06.953Z,SKY,0.426,112.5,0.08261,1356.044355
2026-09-28T00:40:06.953Z,YGG,-3.6184,36.53,0.02795,1356.044355
2026-09-28T00:40:06.953Z,BIO,-4.4628,41.12,0.03174,1356.044355
2026-09-28T00:40:06.953Z,MOVE,-0.2834,12.9,0.00954,1356.044355
2026-09-28T00:40:06.953Z,GALA,-14.3567,2.663,0.002293,1356.044355
2026-09-28T00:40:06.953Z,ZK,0.4496,17.81,0.013075,1356.044355
2026-09-28T00:40:06.953Z,ENS,0.8346,9510,6.955,1356.044355
2026-09-28T00:40:06.953Z,INJ,5.5123,11040,7.716,1356.044355
2026-09-28T00:40:06.953Z,KAITO,-0.8208,480,0.3569,1356.044355
2026-09-28T00:40:06.953Z,LDO,-2.7717,650,0.493,1356.044355
2026-09-28T00:40:06.953Z,BLUR,-1.3601,28.21,0.02109,1356.044355
2026-09-28T00:40:06.953Z,AUCTION,-1.229,5170,3.86,1356.044355
2026-09-28T00:40:06.953Z,ZETA,4.364,75.12,0.05308,1356.044355
2026-09-28T00:40:06.953Z,WIF,1.512,333.4,0.2422,1356.044355
2026-09-28T00:40:06.953Z,KSM,-0.4403,6425,4.759,1356.044355
2026-09-28T00:45:06.991Z,BTC,0.0878,114396000,84286.1,1356.044355
2026-09-28T00:45:06.991Z,XRP,0.104,2056,1.5146,1356.044355
2026-09-28T00:45:06.991Z,SOL,0.0862,165200,121.72,1356.044355
2026-09-28T00:45:06.991Z,ETH,-0.067,3629000,2677.96,1356.044355
2026-09-28T00:45:06.991Z,FIL,1.4824,1560,1.1336,1356.044355
2026-09-28T00:45:06.991Z,TRX,-0.0915,451.8,0.33348,1356.044355
2026-09-28T00:45:06.991Z,BNB,-0.7913,1048000,779,1356.044355
2026-09-28T00:45:06.991Z,WLD,-0.0285,736.8,0.5435,1356.044355
2026-09-28T00:45:06.991Z,FLOW,-1.2182,43.99,0.03284,1356.044355
2026-09-28T00:45:06.991Z,LINK,0.7802,19130,13.998,1356.044355
2026-09-28T00:45:06.991Z,DOGE,-0.113,130.9,0.09664,1356.044355
2026-09-28T00:45:06.991Z,SUI,0.1253,1728,1.2727,1356.044355
2026-09-28T00:45:06.991Z,XLM,0.0631,292.1,0.21527,1356.044355
2026-09-28T00:45:06.991Z,BCH,0.8431,449900,329,1356.044355
2026-09-28T00:45:06.991Z,AVAX,-0.3442,14630,10.826,1356.044355
2026-09-28T00:45:06.991Z,ETC,0.8205,13010,9.516,1356.044355
2026-09-28T00:45:06.991Z,AAVE,0.0868,208700,153.77,1356.044355
2026-09-28T00:45:06.991Z,ADA,0.2859,346.1,0.2545,1356.044355
2026-09-28T00:45:06.991Z,HYPE,0.2166,123000,90.509,1356.044355
2026-09-28T00:45:06.991Z,SEI,0.1872,111.2,0.08185,1356.044355
2026-09-28T00:45:06.991Z,HBAR,0.3528,130,0.09553,1356.044355
2026-09-28T00:45:06.991Z,ARB,0.0805,301.8,0.22238,1356.044355
2026-09-28T00:45:06.991Z,JTO,1.3932,816.3,0.5937,1356.044355
2026-09-28T00:45:06.991Z,ONDO,-0.0872,772,0.5698,1356.044355
2026-09-28T00:45:06.991Z,QTUM,-1.5783,1360,1.019,1356.044355
2026-09-28T00:45:06.991Z,PYTH,5.3108,119.9,0.08396,1356.044355
2026-09-28T00:45:06.991Z,APT,-0.3553,1163,0.8607,1356.044355
2026-09-28T00:45:06.991Z,UNI,-0.3357,13000,9.619,1356.044355
2026-09-28T00:45:06.991Z,TIA,-0.5528,673.6,0.4995,1356.044355
2026-09-28T00:45:06.991Z,ALGO,0.7092,162.5,0.11899,1356.044355
2026-09-28T00:45:06.991Z,NEAR,0.0681,7215,5.317,1356.044355
2026-09-28T00:45:06.991Z,ZIL,-4.3301,4.9,0.003777,1356.044355
2026-09-28T00:45:06.991Z,SUSHI,0.4405,367.2,0.2696,1356.044355
2026-09-28T00:45:06.991Z,PENDLE,0.583,3564,2.613,1356.044355
2026-09-28T00:45:06.991Z,XTZ,-0.4457,432,0.32,1356.044355
2026-09-28T00:45:06.991Z,W,1.9771,21.39,0.015468,1356.044355
2026-09-28T00:45:06.991Z,AR,-1.3063,6250,4.67,1356.044355
2026-09-28T00:45:06.991Z,SHIB,1.2245,0.0081,0.000005901,1356.044355
2026-09-28T00:45:06.991Z,CELO,1.3012,132.3,0.09631,1356.044355
2026-09-28T00:45:06.991Z,STX,0.842,458.1,0.335,1356.044355
2026-09-28T00:45:06.991Z,JUP,1.1816,497.1,0.3623,1356.044355
2026-09-28T00:45:06.991Z,PEPE,0.0205,0.0059,0.00000435,1356.044355
2026-09-28T00:45:06.991Z,DYDX,3.6894,200,0.14224,1356.044355
2026-09-28T00:45:06.991Z,KITE,-13.8693,176.2,0.15086,1356.044355
2026-09-28T00:45:06.991Z,CRV,0.4245,472,0.3466,1356.044355
2026-09-28T00:45:06.991Z,ENJ,3.4005,42.92,0.03061,1356.044355
2026-09-28T00:45:06.991Z,ATOM,0.7426,2556,1.871,1356.044355
2026-09-28T00:45:06.991Z,ICP,-1.0516,4181,3.116,1356.044355
2026-09-28T00:45:06.991Z,SPACE,-1.0193,6.946,0.005175,1356.044355
2026-09-28T00:45:06.991Z,DOT,0.3926,1719,1.2627,1356.044355
2026-09-28T00:45:06.991Z,ETHFI,-2.6449,950,0.7196,1356.044355
2026-09-28T00:45:06.991Z,CC,-1.476,185,0.13847,1356.044355
2026-09-28T00:45:06.991Z,SYRUP,1.3682,298.7,0.2173,1356.044355
2026-09-28T00:45:06.991Z,TAO,4.9226,450600,316.7,1356.044355
2026-09-28T00:45:06.991Z,GRAM,-1.2326,2159,1.612,1356.044355
2026-09-28T00:45:06.991Z,RAY,1.6269,3000,2.1769,1356.044355
2026-09-28T00:45:06.991Z,RENDER,-1.771,2724,2.045,1356.044355
2026-09-28T00:45:06.991Z,GRASS,4.2376,925,0.6544,1356.044355
2026-09-28T00:45:06.991Z,MINA,0.1864,196.3,0.14449,1356.044355
2026-09-28T00:45:06.991Z,POL,-2.4137,162,0.12242,1356.044355
2026-09-28T00:45:06.991Z,ENA,-0.3358,365.7,0.27059,1356.044355
2026-09-28T00:45:06.991Z,SAND,-9.2144,55.51,0.04509,1356.044355
2026-09-28T00:45:06.991Z,AERO,2.7731,1163,0.8345,1356.044355
2026-09-28T00:45:06.991Z,KGEN,1.1435,223.7,0.1631,1356.044355
2026-09-28T00:45:06.991Z,LIT,0.5436,6200,4.5474,1356.044355
2026-09-28T00:45:06.991Z,MANA,0.8016,125.1,0.09152,1356.044355
2026-09-28T00:45:06.991Z,BAND,-0.0499,305.5,0.2254,1356.044355
2026-09-28T00:45:06.991Z,APE,-5.2668,208.7,0.16246,1356.044355
2026-09-28T00:45:06.991Z,GMT,0.1848,12.14,0.008936,1356.044355
2026-09-28T00:45:06.991Z,VIRTUAL,-3.0037,1090,0.8287,1356.044355
2026-09-28T00:45:06.991Z,LPT,-6.276,2261,1.779,1356.044355
2026-09-28T00:45:06.991Z,DATA,1.9992,335,0.2422,1356.044355
2026-09-28T00:45:06.991Z,THETA,-4.7856,302,0.2339,1356.044355
2026-09-28T00:45:06.991Z,GRT,3.212,49,0.03501,1356.044355
2026-09-28T00:45:06.991Z,LAYER,-6.6632,106.9,0.08446,1356.044355
2026-09-28T00:45:06.991Z,NMR,-1.0992,14090,10.506,1356.044355
2026-09-28T00:45:06.991Z,EIGEN,-14.7948,321.9,0.2786,1356.044355
2026-09-28T00:45:06.991Z,BAT,-1.242,129.3,0.09655,1356.044355
2026-09-28T00:45:06.991Z,SPK,0.0832,32.64,0.02405,1356.044355
2026-09-28T00:45:06.991Z,PUMP,-1.4142,6.81,0.005094,1356.044355
2026-09-28T00:45:06.991Z,KMNO,-5.7277,60.71,0.04749,1356.044355
2026-09-28T00:45:06.991Z,CHZ,1.8453,22.76,0.01648,1356.044355
2026-09-28T00:45:06.991Z,PENGU,5.9027,14.74,0.010264,1356.044355
2026-09-28T00:45:06.991Z,OP,-1.2873,197,0.14717,1356.044355
2026-09-28T00:45:06.991Z,UMA,-2.0061,571.8,0.4303,1356.044355
2026-09-28T00:45:06.991Z,ZRO,3.4637,2290,1.6322,1356.044355
2026-09-28T00:45:06.991Z,S,-0.7371,53.99,0.04011,1356.044355
2026-09-28T00:45:06.991Z,IMX,-1.5435,250,0.18725,1356.044355
2026-09-28T00:45:06.991Z,A,-1.8623,136.1,0.10227,1356.044355
2026-09-28T00:45:06.991Z,ATH,0.6043,8.652,0.006342,1356.044355
2026-09-28T00:45:06.991Z,COMP,6.2386,34950,24.26,1356.044355
2026-09-28T00:45:06.991Z,CVX,-4.7292,2828,2.189,1356.044355
2026-09-28T00:45:06.991Z,AXS,2.7745,1620,1.1624,1356.044355
2026-09-28T00:45:06.991Z,WCT,-1.3711,58.46,0.04371,1356.044355
2026-09-28T00:45:06.991Z,ME,-0.0177,107.8,0.07951,1356.044355
2026-09-28T00:45:06.991Z,ASTER,1.4589,997.2,0.7248,1356.044355
2026-09-28T00:45:06.991Z,GMX,-0.7481,11210,8.329,1356.044355
2026-09-28T00:45:06.991Z,MORPHO,3.9338,3810,2.7033,1356.044355
2026-09-28T00:45:06.991Z,MON,-8.3241,35.02,0.02817,1356.044355
2026-09-28T00:45:06.991Z,1INCH,-0.3558,139,0.10287,1356.044355
2026-09-28T00:45:06.991Z,SKY,-0.1422,112.5,0.08308,1356.044355
2026-09-28T00:45:06.991Z,YGG,-3.6874,36.53,0.02797,1356.044355
2026-09-28T00:45:06.991Z,BIO,-4.733,41.12,0.03183,1356.044355
2026-09-28T00:45:06.991Z,MOVE,-0.492,12.9,0.00956,1356.044355
2026-09-28T00:45:06.991Z,GALA,-14.987,2.663,0.00231,1356.044355
2026-09-28T00:45:06.991Z,ZK,0.1738,17.81,0.013111,1356.044355
2026-09-28T00:45:06.991Z,ENS,0.5022,9510,6.978,1356.044355
2026-09-28T00:45:06.991Z,INJ,5.2803,11040,7.733,1356.044355
2026-09-28T00:45:06.991Z,KAITO,-0.793,480,0.3568,1356.044355
2026-09-28T00:45:06.991Z,LDO,-3.0078,650,0.4942,1356.044355
2026-09-28T00:45:06.991Z,BLUR,-1.5468,28.21,0.02113,1356.044355
2026-09-28T00:45:06.991Z,AUCTION,-1.5097,5170,3.871,1356.044355
2026-09-28T00:45:06.991Z,ZETA,4.1286,75.12,0.0532,1356.044355
2026-09-28T00:45:06.991Z,WIF,1.0531,333.4,0.2433,1356.044355
2026-09-28T00:45:06.991Z,KSM,-0.4821,6425,4.761,1356.044355
2026-09-28T00:50:07.177Z,BTC,0.0356,114609000,84487.1,1356.044355
2026-09-28T00:50:07.177Z,XRP,0.0786,2070,1.5253,1356.044355
2026-09-28T00:50:07.177Z,SOL,0.0315,166100,122.45,1356.044355
2026-09-28T00:50:07.177Z,ETH,0.0465,3644000,2685.98,1356.044355
2026-09-28T00:50:07.177Z,FIL,0.7095,1560,1.1423,1356.044355
2026-09-28T00:50:07.177Z,TRX,-0.1065,451.8,0.33353,1356.044355
2026-09-28T00:50:07.177Z,BNB,-1.1086,1048000,781.5,1356.044355
2026-09-28T00:50:07.177Z,WLD,-0.2257,741.3,0.5479,1356.044355
2026-09-28T00:50:07.177Z,FLOW,-1.8756,43.99,0.03306,1356.044355
2026-09-28T00:50:07.177Z,LINK,-0.0127,19130,14.109,1356.044355
2026-09-28T00:50:07.177Z,DOGE,-0.107,132.1,0.09752,1356.044355
2026-09-28T00:50:07.177Z,SUI,0.1134,1743,1.2839,1356.044355
2026-09-28T00:50:07.177Z,XLM,0.0663,295.8,0.21799,1356.044355
2026-09-28T00:50:07.177Z,BCH,0.3551,449900,330.6,1356.044355
2026-09-28T00:50:07.177Z,AVAX,-1.2654,14630,10.927,1356.044355
2026-09-28T00:50:07.177Z,ETC,0.3145,13010,9.564,1356.044355
2026-09-28T00:50:07.177Z,AAVE,-0.6433,208700,154.9,1356.044355
2026-09-28T00:50:07.177Z,ADA,-0.45,346.8,0.2569,1356.044355
2026-09-28T00:50:07.177Z,HYPE,0.1867,123500,90.904,1356.044355
2026-09-28T00:50:07.177Z,SEI,-0.0407,115,0.08484,1356.044355
2026-09-28T00:50:07.177Z,HBAR,-0.9422,129.8,0.09663,1356.044355
2026-09-28T00:50:07.177Z,ARB,-0.9484,301.8,0.22469,1356.044355
2026-09-28T00:50:07.177Z,JTO,-0.4414,807.2,0.5979,1356.044355
2026-09-28T00:50:07.177Z,ONDO,0.0902,778.8,0.5738,1356.044355
2026-09-28T00:50:07.177Z,QTUM,-1.9727,1360,1.0231,1356.044355
2026-09-28T00:50:07.177Z,PYTH,4.5265,119.9,0.08459,1356.044355
2026-09-28T00:50:07.177Z,APT,-1.3525,1163,0.8694,1356.044355
2026-09-28T00:50:07.177Z,UNI,-0.8716,13000,9.671,1356.044355
2026-09-28T00:50:07.177Z,TIA,-1.1662,673.6,0.5026,1356.044355
2026-09-28T00:50:07.177Z,ALGO,-0.0385,162.5,0.11988,1356.044355
2026-09-28T00:50:07.177Z,NEAR,-0.56,7225,5.358,1356.044355
2026-09-28T00:50:07.177Z,ZIL,-4.809,4.9,0.003796,1356.044355
2026-09-28T00:50:07.177Z,SUSHI,-0.2256,367.2,0.2714,1356.044355
2026-09-28T00:50:07.177Z,PENDLE,0.3525,3564,2.619,1356.044355
2026-09-28T00:50:07.177Z,XTZ,-1.1868,432,0.3224,1356.044355
2026-09-28T00:50:07.177Z,W,2.268,21.39,0.015424,1356.044355
2026-09-28T00:50:07.177Z,AR,-1.5172,6250,4.68,1356.044355
2026-09-28T00:50:07.177Z,SHIB,0.3909,0.0081,0.00000595,1356.044355
2026-09-28T00:50:07.177Z,CELO,0.6013,132.3,0.09698,1356.044355
2026-09-28T00:50:07.177Z,STX,0.512,458.1,0.3361,1356.044355
2026-09-28T00:50:07.177Z,JUP,-0.2229,497.1,0.3674,1356.044355
2026-09-28T00:50:07.177Z,PEPE,-0.7552,0.0059,0.000004384,1356.044355
2026-09-28T00:50:07.177Z,DYDX,3.0231,200,0.14316,1356.044355
2026-09-28T00:50:07.177Z,KITE,-14.6052,176.2,0.15216,1356.044355
2026-09-28T00:50:07.177Z,CRV,-0.6646,472,0.3504,1356.044355
2026-09-28T00:50:07.177Z,ENJ,2.9297,42.92,0.03075,1356.044355
2026-09-28T00:50:07.177Z,ATOM,0.0475,2556,1.884,1356.044355
2026-09-28T00:50:07.177Z,ICP,-1.8704,4181,3.142,1356.044355
2026-09-28T00:50:07.177Z,SPACE,-1.4952,6.946,0.0052,1356.044355
2026-09-28T00:50:07.177Z,DOT,0.2576,1719,1.2644,1356.044355
2026-09-28T00:50:07.177Z,ETHFI,-3.5165,950,0.7261,1356.044355
2026-09-28T00:50:07.177Z,CC,-2.3854,185,0.13976,1356.044355
2026-09-28T00:50:07.177Z,SYRUP,0.6732,298.7,0.2188,1356.044355
2026-09-28T00:50:07.177Z,TAO,-0.2955,431300,319,1356.044355
2026-09-28T00:50:07.177Z,GRAM,-2.0227,2159,1.625,1356.044355
2026-09-28T00:50:07.177Z,RAY,0.8257,3000,2.1942,1356.044355
2026-09-28T00:50:07.177Z,RENDER,-2.4389,2724,2.059,1356.044355
2026-09-28T00:50:07.177Z,GRASS,3.0721,925,0.6618,1356.044355
2026-09-28T00:50:07.177Z,MINA,-0.2348,196.3,0.1451,1356.044355
2026-09-28T00:50:07.177Z,POL,-2.7157,162,0.1228,1356.044355
2026-09-28T00:50:07.177Z,ENA,-0.9762,365.7,0.27234,1356.044355
2026-09-28T00:50:07.177Z,SAND,-9.8343,55.51,0.0454,1356.044355
2026-09-28T00:50:07.177Z,AERO,2.2341,1163,0.8389,1356.044355
2026-09-28T00:50:07.177Z,KGEN,0.6499,223.7,0.1639,1356.044355
2026-09-28T00:50:07.177Z,LIT,0.1012,6200,4.5675,1356.044355
2026-09-28T00:50:07.177Z,MANA,-0.0502,125.1,0.0923,1356.044355
2026-09-28T00:50:07.177Z,BAND,-0.4034,305.5,0.2262,1356.044355
2026-09-28T00:50:07.177Z,APE,-5.8694,208.7,0.1635,1356.044355
2026-09-28T00:50:07.177Z,GMT,-0.2617,12.14,0.008976,1356.044355
2026-09-28T00:50:07.177Z,VIRTUAL,-5.2783,1090,0.8486,1356.044355
2026-09-28T00:50:07.177Z,LPT,-6.9559,2261,1.792,1356.044355
2026-09-28T00:50:07.177Z,DATA,3.02,335,0.2398,1356.044355
2026-09-28T00:50:07.177Z,THETA,-5.7925,302,0.2364,1356.044355
2026-09-28T00:50:07.177Z,GRT,3.5373,49,0.0349,1356.044355
2026-09-28T00:50:07.177Z,LAYER,-6.8837,106.9,0.08466,1356.044355
2026-09-28T00:50:07.177Z,NMR,-2.0317,14090,10.606,1356.044355
2026-09-28T00:50:07.177Z,EIGEN,-15.372,321.9,0.2805,1356.044355
2026-09-28T00:50:07.177Z,BAT,-1.8822,129.3,0.09718,1356.044355
2026-09-28T00:50:07.177Z,SPK,-0.8649,32.64,0.02428,1356.044355
2026-09-28T00:50:07.177Z,PUMP,-2.9761,6.81,0.005176,1356.044355
2026-09-28T00:50:07.177Z,KMNO,-5.5885,60.71,0.04742,1356.044355
2026-09-28T00:50:07.177Z,CHZ,1.1091,22.76,0.0166,1356.044355
2026-09-28T00:50:07.177Z,PENGU,4.5077,14.74,0.010401,1356.044355
2026-09-28T00:50:07.177Z,OP,-2.0262,197,0.14828,1356.044355
2026-09-28T00:50:07.177Z,UMA,-2.4369,571.8,0.4322,1356.044355
2026-09-28T00:50:07.177Z,ZRO,2.8212,2290,1.6424,1356.044355
2026-09-28T00:50:07.177Z,S,-1.4497,53.99,0.0404,1356.044355
2026-09-28T00:50:07.177Z,IMX,-2.6971,250,0.18947,1356.044355
2026-09-28T00:50:07.177Z,A,-2.7278,136.1,0.10318,1356.044355
2026-09-28T00:50:07.177Z,ATH,0.1149,8.652,0.006373,1356.044355
2026-09-28T00:50:07.177Z,COMP,5.8025,34950,24.36,1356.044355
2026-09-28T00:50:07.177Z,CVX,-5.4634,2828,2.206,1356.044355
2026-09-28T00:50:07.177Z,AXS,2.1069,1620,1.17,1356.044355
2026-09-28T00:50:07.177Z,WCT,-2.1546,58.46,0.04406,1356.044355
2026-09-28T00:50:07.177Z,ME,-0.4684,107.8,0.07987,1356.044355
2026-09-28T00:50:07.177Z,ASTER,1.0963,997.2,0.7274,1356.044355
2026-09-28T00:50:07.177Z,GMX,-0.9859,11210,8.349,1356.044355
2026-09-28T00:50:07.177Z,MORPHO,3.444,3810,2.7161,1356.044355
2026-09-28T00:50:07.177Z,MON,-9.5126,35.02,0.02854,1356.044355
2026-09-28T00:50:07.177Z,1INCH,-0.7225,139,0.10325,1356.044355
2026-09-28T00:50:07.177Z,SKY,-0.4895,112.5,0.08337,1356.044355
2026-09-28T00:50:07.177Z,YGG,-4.1329,36.53,0.0281,1356.044355
2026-09-28T00:50:07.177Z,BIO,-5.3574,41.12,0.03204,1356.044355
2026-09-28T00:50:07.177Z,MOVE,-1.2256,12.9,0.009631,1356.044355
2026-09-28T00:50:07.177Z,GALA,-15.5355,2.663,0.002325,1356.044355
2026-09-28T00:50:07.177Z,ZK,-0.3431,17.81,0.013179,1356.044355
2026-09-28T00:50:07.177Z,ENS,-0.3121,9510,7.035,1356.044355
2026-09-28T00:50:07.177Z,INJ,4.4966,11040,7.791,1356.044355
2026-09-28T00:50:07.177Z,KAITO,-1.7021,480,0.3601,1356.044355
2026-09-28T00:50:07.177Z,LDO,-3.6318,650,0.4974,1356.044355
2026-09-28T00:50:07.177Z,BLUR,-2.47,28.21,0.02133,1356.044355
2026-09-28T00:50:07.177Z,AUCTION,-1.9908,5170,3.89,1356.044355
2026-09-28T00:50:07.177Z,ZETA,3.6998,75.12,0.05342,1356.044355
2026-09-28T00:50:07.177Z,WIF,-0.0154,333.4,0.2459,1356.044355
2026-09-28T00:50:07.177Z,KSM,-1.2701,6425,4.799,1356.044355
2026-09-28T00:55:06.990Z,BTC,0.1487,114500000,84311.4,1356.044355
2026-09-28T00:55:06.990Z,XRP,0.158,2062,1.5182,1356.044355
2026-09-28T00:55:06.990Z,SOL,0.2878,165900,121.99,1356.044355
2026-09-28T00:55:06.990Z,ETH,0.156,3639000,2679.36,1356.044355
2026-09-28T00:55:06.990Z,FIL,1.4019,1560,1.1345,1356.044355
2026-09-28T00:55:06.990Z,TRX,-0.1094,451.8,0.33354,1356.044355
2026-09-28T00:55:06.990Z,BNB,-0.9185,1048000,780,1356.044355
2026-09-28T00:55:06.990Z,WLD,0.3661,739.3,0.5432,1356.044355
2026-09-28T00:55:06.990Z,FLOW,-1.7567,43.99,0.03302,1356.044355
2026-09-28T00:55:06.990Z,LINK,0.3857,19130,14.053,1356.044355
2026-09-28T00:55:06.990Z,DOGE,0.2145,131.9,0.09706,1356.044355
2026-09-28T00:55:06.990Z,SUI,0.2176,1730,1.273,1356.044355
2026-09-28T00:55:06.990Z,XLM,-0.0255,295.8,0.21819,1356.044355
2026-09-28T00:55:06.990Z,BCH,0.6901,449900,329.5,1356.044355
2026-09-28T00:55:06.990Z,AVAX,0.4031,14850,10.907,1356.044355
2026-09-28T00:55:06.990Z,ETC,0.6407,13010,9.533,1356.044355
2026-09-28T00:55:06.990Z,AAVE,-0.1469,208700,154.13,1356.044355
2026-09-28T00:55:06.990Z,ADA,0.4681,348.5,0.2558,1356.044355
2026-09-28T00:55:06.990Z,HYPE,0.2743,123200,90.604,1356.044355
2026-09-28T00:55:06.990Z,SEI,0.8207,114.2,0.08353,1356.044355
2026-09-28T00:55:06.990Z,HBAR,-0.3502,130.4,0.0965,1356.044355
2026-09-28T00:55:06.990Z,ARB,-1.0673,301.8,0.22496,1356.044355
2026-09-28T00:55:06.990Z,JTO,-0.0066,807.2,0.5953,1356.044355
2026-09-28T00:55:06.990Z,ONDO,0.6162,778.8,0.5708,1356.044355
2026-09-28T00:55:06.990Z,QTUM,-1.7807,1360,1.0211,1356.044355
2026-09-28T00:55:06.990Z,PYTH,5.0106,119.9,0.0842,1356.044355
2026-09-28T00:55:06.990Z,APT,-0.8851,1163,0.8653,1356.044355
2026-09-28T00:55:06.990Z,UNI,0.2929,13150,9.669,1356.044355
2026-09-28T00:55:06.990Z,TIA,-0.7713,673.6,0.5006,1356.044355
2026-09-28T00:55:06.990Z,ALGO,0.65,162.5,0.11906,1356.044355
2026-09-28T00:55:06.990Z,NEAR,0.3591,7270,5.342,1356.044355
2026-09-28T00:55:06.990Z,ZIL,-4.5828,4.9,0.003787,1356.044355
2026-09-28T00:55:06.990Z,SUSHI,0.1804,367.2,0.2703,1356.044355
2026-09-28T00:55:06.990Z,PENDLE,0.2377,3564,2.622,1356.044355
2026-09-28T00:55:06.990Z,XTZ,-0.941,432,0.3216,1356.044355
2026-09-28T00:55:06.990Z,W,1.642,21.39,0.015519,1356.044355
2026-09-28T00:55:06.990Z,AR,-1.2429,6250,4.667,1356.044355
2026-09-28T00:55:06.990Z,SHIB,0.8144,0.0081,0.000005925,1356.044355
2026-09-28T00:55:06.990Z,CELO,0.8509,132.3,0.09674,1356.044355
2026-09-28T00:55:06.990Z,STX,0.6635,459.2,0.3364,1356.044355
2026-09-28T00:55:06.990Z,JUP,0.0767,497.1,0.3663,1356.044355
2026-09-28T00:55:06.990Z,PEPE,-0.3917,0.0059,0.000004368,1356.044355
2026-09-28T00:55:06.990Z,DYDX,3.4639,200,0.14255,1356.044355
2026-09-28T00:55:06.990Z,KITE,-14.5771,176.2,0.15211,1356.044355
2026-09-28T00:55:06.990Z,CRV,-0.3518,472,0.3493,1356.044355
2026-09-28T00:55:06.990Z,ENJ,3.3667,42.92,0.03062,1356.044355
2026-09-28T00:55:06.990Z,ATOM,0.3137,2556,1.879,1356.044355
2026-09-28T00:55:06.990Z,ICP,-1.5256,4181,3.131,1356.044355
2026-09-28T00:55:06.990Z,SPACE,-1.0957,6.946,0.005179,1356.044355
2026-09-28T00:55:06.990Z,DOT,0.5519,1719,1.2607,1356.044355
2026-09-28T00:55:06.990Z,ETHFI,-3.3434,950,0.7248,1356.044355
2026-09-28T00:55:06.990Z,CC,-2.7611,185,0.1403,1356.044355
2026-09-28T00:55:06.990Z,SYRUP,0.7653,298.7,0.2186,1356.044355
2026-09-28T00:55:06.990Z,TAO,0.3336,431300,317,1356.044355
2026-09-28T00:55:06.990Z,GRAM,-1.416,2159,1.615,1356.044355
2026-09-28T00:55:06.990Z,RAY,1.3569,3000,2.1827,1356.044355
2026-09-28T00:55:06.990Z,RENDER,-1.6748,2724,2.043,1356.044355
2026-09-28T00:55:06.990Z,GRASS,3.8567,925,0.6568,1356.044355
2026-09-28T00:55:06.990Z,MINA,0.1933,196.3,0.14448,1356.044355
2026-09-28T00:55:06.990Z,POL,-2.3739,162,0.12237,1356.044355
2026-09-28T00:55:06.990Z,ENA,-0.8159,365.7,0.2719,1356.044355
2026-09-28T00:55:06.990Z,SAND,-9.8541,55.51,0.04541,1356.044355
2026-09-28T00:55:06.990Z,AERO,2.5396,1163,0.8364,1356.044355
2026-09-28T00:55:06.990Z,KGEN,0.9578,223.7,0.1634,1356.044355
2026-09-28T00:55:06.990Z,LIT,0.9165,6200,4.5306,1356.044355
2026-09-28T00:55:06.990Z,MANA,0.1994,125.1,0.09207,1356.044355
2026-09-28T00:55:06.990Z,BAND,-0.1827,305.5,0.2257,1356.044355
2026-09-28T00:55:06.990Z,APE,-5.3775,208.7,0.16265,1356.044355
2026-09-28T00:55:06.990Z,GMT,0.1287,12.14,0.008941,1356.044355
2026-09-28T00:55:06.990Z,VIRTUAL,-4.6264,1090,0.8428,1356.044355
2026-09-28T00:55:06.990Z,LPT,-6.3813,2261,1.781,1356.044355
2026-09-28T00:55:06.990Z,DATA,3.1491,335,0.2395,1356.044355
2026-09-28T00:55:06.990Z,THETA,-5.2716,302,0.2351,1356.044355
2026-09-28T00:55:06.990Z,GRT,5.4714,49,0.03426,1356.044355
2026-09-28T00:55:06.990Z,LAYER,-6.3194,106.9,0.08415,1356.044355
2026-09-28T00:55:06.990Z,NMR,-1.5117,14090,10.55,1356.044355
2026-09-28T00:55:06.990Z,EIGEN,-14.2407,321.9,0.2768,1356.044355
2026-09-28T00:55:06.990Z,BAT,-1.0883,129.3,0.0964,1356.044355
2026-09-28T00:55:06.990Z,SPK,-0.3312,32.64,0.02415,1356.044355
2026-09-28T00:55:06.990Z,PUMP,-3.1071,6.81,0.005183,1356.044355
2026-09-28T00:55:06.990Z,KMNO,-4.7043,60.71,0.04698,1356.044355
2026-09-28T00:55:06.990Z,CHZ,1.4146,22.76,0.01655,1356.044355
2026-09-28T00:55:06.990Z,PENGU,5.0126,14.74,0.010351,1356.044355
2026-09-28T00:55:06.990Z,OP,-1.5215,197,0.14752,1356.044355
2026-09-28T00:55:06.990Z,UMA,-2.0517,571.8,0.4305,1356.044355
2026-09-28T00:55:06.990Z,ZRO,3.5526,2290,1.6308,1356.044355
2026-09-28T00:55:06.990Z,S,-1.0332,53.99,0.04023,1356.044355
2026-09-28T00:55:06.990Z,IMX,-2.2638,250,0.18863,1356.044355
2026-09-28T00:55:06.990Z,A,-2.3017,136.1,0.10273,1356.044355
2026-09-28T00:55:06.990Z,ATH,0.4143,8.652,0.006354,1356.044355
2026-09-28T00:55:06.990Z,COMP,5.8895,34950,24.34,1356.044355
2026-09-28T00:55:06.990Z,CVX,-5.0761,2828,2.197,1356.044355
2026-09-28T00:55:06.990Z,AXS,2.3957,1620,1.1667,1356.044355
2026-09-28T00:55:06.990Z,WCT,-1.686,58.46,0.04385,1356.044355
2026-09-28T00:55:06.990Z,ME,-0.1433,107.8,0.07961,1356.044355
2026-09-28T00:55:06.990Z,ASTER,1.2494,997.2,0.7263,1356.044355
2026-09-28T00:55:06.990Z,GMX,-0.9977,11210,8.35,1356.044355
2026-09-28T00:55:06.990Z,MORPHO,3.505,3810,2.7145,1356.044355
2026-09-28T00:55:06.990Z,MON,-8.8418,35.02,0.02833,1356.044355
2026-09-28T00:55:06.990Z,1INCH,-0.5009,139,0.10302,1356.044355
2026-09-28T00:55:06.990Z,SKY,-0.573,112.5,0.08344,1356.044355
2026-09-28T00:55:06.990Z,YGG,-3.7562,36.53,0.02799,1356.044355
2026-09-28T00:55:06.990Z,BIO,-5.0016,41.12,0.03192,1356.044355
2026-09-28T00:55:06.990Z,MOVE,-0.824,12.9,0.009592,1356.044355
2026-09-28T00:55:06.990Z,GALA,-14.9502,2.663,0.002309,1356.044355
2026-09-28T00:55:06.990Z,ZK,0.2426,17.81,0.013102,1356.044355
2026-09-28T00:55:06.990Z,ENS,-0.0991,9510,7.02,1356.044355
2026-09-28T00:55:06.990Z,INJ,4.7251,11040,7.774,1356.044355
2026-09-28T00:55:06.990Z,KAITO,-1.3734,480,0.3589,1356.044355
2026-09-28T00:55:06.990Z,LDO,-3.1059,650,0.4947,1356.044355
2026-09-28T00:55:06.990Z,BLUR,-2.6525,28.21,0.02137,1356.044355
2026-09-28T00:55:06.990Z,AUCTION,-1.9151,5170,3.887,1356.044355
2026-09-28T00:55:06.990Z,ZETA,4.0699,75.12,0.05323,1356.044355
2026-09-28T00:55:06.990Z,WIF,0.5571,333.4,0.2445,1356.044355
2026-09-28T00:55:06.990Z,KSM,-1.0227,6425,4.787,1356.044355
2026-09-28T01:00:07.045Z,BTC,0.1994,114166000,84022.9,1356.044355
2026-09-28T01:00:07.045Z,XRP,0.1478,2055,1.5132,1356.044355
2026-09-28T01:00:07.045Z,SOL,0.3475,165400,121.55,1356.044355
2026-09-28T01:00:07.045Z,ETH,0.1002,3628000,2672.75,1356.044355
2026-09-28T01:00:07.045Z,FIL,1.914,1560,1.1288,1356.044355
2026-09-28T01:00:07.045Z,TRX,0.1119,453.1,0.33376,1356.044355
2026-09-28T01:00:07.045Z,BNB,-0.651,1048000,777.9,1356.044355
2026-09-28T01:00:07.045Z,WLD,0.2819,734.6,0.5402,1356.044355
2026-09-28T01:00:07.045Z,FLOW,-1.0072,43.99,0.03277,1356.044355
2026-09-28T01:00:07.045Z,LINK,0.6867,19130,14.011,1356.044355
2026-09-28T01:00:07.045Z,DOGE,0.1847,131.1,0.0965,1356.044355
2026-09-28T01:00:07.045Z,SUI,0.1468,1719,1.2658,1356.044355
2026-09-28T01:00:07.045Z,XLM,0.603,296.5,0.21734,1356.044355
2026-09-28T01:00:07.045Z,BCH,1.1197,449900,328.1,1356.044355
2026-09-28T01:00:07.045Z,AVAX,0.9771,14850,10.845,1356.044355
2026-09-28T01:00:07.045Z,ETC,1.1074,13010,9.489,1356.044355
2026-09-28T01:00:07.045Z,AAVE,0.2237,208700,153.56,1356.044355
2026-09-28T01:00:07.045Z,ADA,0.9417,348.5,0.2546,1356.044355
2026-09-28T01:00:07.045Z,HYPE,0.2531,123000,90.476,1356.044355
2026-09-28T01:00:07.045Z,SEI,0.2732,112.9,0.08303,1356.044355
2026-09-28T01:00:07.045Z,HBAR,-1.0211,129.2,0.09626,1356.044355
2026-09-28T01:00:07.045Z,ARB,-0.6743,301.8,0.22407,1356.044355
2026-09-28T01:00:07.045Z,JTO,0.3643,807.2,0.5931,1356.044355
2026-09-28T01:00:07.045Z,ONDO,-0.0125,763.9,0.5634,1356.044355
2026-09-28T01:00:07.045Z,QTUM,-1.5397,1360,1.0186,1356.044355
2026-09-28T01:00:07.045Z,PYTH,5.7516,119.9,0.08361,1356.044355
2026-09-28T01:00:07.045Z,APT,-0.5518,1163,0.8624,1356.044355
2026-09-28T01:00:07.045Z,UNI,0.2611,13120,9.65,1356.044355
2026-09-28T01:00:07.045Z,TIA,0.0481,673.6,0.4965,1356.044355
2026-09-28T01:00:07.045Z,ALGO,0.8363,162.5,0.11884,1356.044355
2026-09-28T01:00:07.045Z,NEAR,1.0209,7270,5.307,1356.044355
2026-09-28T01:00:07.045Z,ZIL,-4.0252,4.9,0.003765,1356.044355
2026-09-28T01:00:07.045Z,SUSHI,0.8896,367.2,0.2684,1356.044355
2026-09-28T01:00:07.045Z,PENDLE,0.4292,3564,2.617,1356.044355
2026-09-28T01:00:07.045Z,XTZ,-0.5079,432,0.3202,1356.044355
2026-09-28T01:00:07.045Z,W,1.5831,21.39,0.015528,1356.044355
2026-09-28T01:00:07.045Z,AR,-0.7324,6250,4.643,1356.044355
2026-09-28T01:00:07.045Z,SHIB,0.0596,0.008,0.000005896,1356.044355
2026-09-28T01:00:07.045Z,CELO,1.5543,132.3,0.09607,1356.044355
2026-09-28T01:00:07.045Z,STX,0.9626,458.1,0.3346,1356.044355
2026-09-28T01:00:07.045Z,JUP,0.8198,497.1,0.3636,1356.044355
2026-09-28T01:00:07.045Z,PEPE,0.3666,0.0059,0.000004335,1356.044355
2026-09-28T01:00:07.045Z,DYDX,4.3349,200,0.14136,1356.044355
2026-09-28T01:00:07.045Z,KITE,-13.8864,176.2,0.15089,1356.044355
2026-09-28T01:00:07.045Z,CRV,0.3376,472,0.3469,1356.044355
2026-09-28T01:00:07.045Z,ENJ,3.9779,42.92,0.03044,1356.044355
2026-09-28T01:00:07.045Z,ATOM,0.4741,2556,1.876,1356.044355
2026-09-28T01:00:07.045Z,ICP,-1.1468,4181,3.119,1356.044355
2026-09-28T01:00:07.045Z,SPACE,-0.6546,6.946,0.005156,1356.044355
2026-09-28T01:00:07.045Z,DOT,-0.4094,1700,1.2588,1356.044355
2026-09-28T01:00:07.045Z,ETHFI,-2.3192,950,0.7172,1356.044355
2026-09-28T01:00:07.045Z,CC,-3.2644,185,0.14103,1356.044355
2026-09-28T01:00:07.045Z,SYRUP,1.2284,298.7,0.2176,1356.044355
2026-09-28T01:00:07.045Z,TAO,0.9065,431300,315.2,1356.044355
2026-09-28T01:00:07.045Z,GRAM,-1.1099,2159,1.61,1356.044355
2026-09-28T01:00:07.045Z,RAY,1.9078,3000,2.1709,1356.044355
2026-09-28T01:00:07.045Z,RENDER,-1.0451,2724,2.03,1356.044355
2026-09-28T01:00:07.045Z,GRASS,4.9755,925,0.6498,1356.044355
2026-09-28T01:00:07.045Z,MINA,0.2766,196.3,0.14436,1356.044355
2026-09-28T01:00:07.045Z,POL,-2.0376,162,0.12195,1356.044355
2026-09-28T01:00:07.045Z,ENA,-0.4939,365.7,0.27102,1356.044355
2026-09-28T01:00:07.045Z,SAND,-9.335,55.51,0.04515,1356.044355
2026-09-28T01:00:07.045Z,AERO,2.9829,1163,0.8328,1356.044355
2026-09-28T01:00:07.045Z,KGEN,1.3922,223.7,0.1627,1356.044355
2026-09-28T01:00:07.045Z,LIT,1.1308,6200,4.521,1356.044355
2026-09-28T01:00:07.045Z,MANA,0.8788,125.1,0.09145,1356.044355
2026-09-28T01:00:07.045Z,BAND,0.3062,305.5,0.2246,1356.044355
2026-09-28T01:00:07.045Z,APE,-4.992,208.7,0.16199,1356.044355
2026-09-28T01:00:07.045Z,GMT,0.6126,12.14,0.008898,1356.044355
2026-09-28T01:00:07.045Z,VIRTUAL,-3.6894,1090,0.8346,1356.044355
2026-09-28T01:00:07.045Z,LPT,-6.0648,2261,1.775,1356.044355
2026-09-28T01:00:07.045Z,DATA,3.8865,335,0.2378,1356.044355
2026-09-28T01:00:07.045Z,THETA,-4.9075,302,0.2342,1356.044355
2026-09-28T01:00:07.045Z,GRT,5.6874,49,0.03419,1356.044355
2026-09-28T01:00:07.045Z,LAYER,-5.9954,106.9,0.08386,1356.044355
2026-09-28T01:00:07.045Z,NMR,-0.4072,14090,10.433,1356.044355
2026-09-28T01:00:07.045Z,EIGEN,-13.5537,321.9,0.2746,1356.044355
2026-09-28T01:00:07.045Z,BAT,-0.6658,129.3,0.09599,1356.044355
2026-09-28T01:00:07.045Z,SPK,0.2499,32.64,0.02401,1356.044355
2026-09-28T01:00:07.045Z,PUMP,-2.7318,6.81,0.005163,1356.044355
2026-09-28T01:00:07.045Z,KMNO,-4.4399,60.71,0.04685,1356.044355
2026-09-28T01:00:07.045Z,CHZ,1.8453,22.76,0.01648,1356.044355
2026-09-28T01:00:07.045Z,PENGU,5.8511,14.74,0.010269,1356.044355
2026-09-28T01:00:07.045Z,OP,-1.1261,197,0.14693,1356.044355
2026-09-28T01:00:07.045Z,UMA,-1.7321,571.8,0.4291,1356.044355
2026-09-28T01:00:07.045Z,ZRO,3.7753,2290,1.6273,1356.044355
2026-09-28T01:00:07.045Z,S,-0.5636,53.99,0.04004,1356.044355
2026-09-28T01:00:07.045Z,IMX,-0.0849,258.5,0.19079,1356.044355
2026-09-28T01:00:07.045Z,A,-1.8143,136.1,0.10222,1356.044355
2026-09-28T01:00:07.045Z,ATH,1.5975,8.652,0.00628,1356.044355
2026-09-28T01:00:07.045Z,COMP,6.1074,34950,24.29,1356.044355
2026-09-28T01:00:07.045Z,CVX,-4.4236,2828,2.182,1356.044355
2026-09-28T01:00:07.045Z,AXS,2.8542,1620,1.1615,1356.044355
2026-09-28T01:00:07.045Z,WCT,-1.2129,58.46,0.04364,1356.044355
2026-09-28T01:00:07.045Z,ME,0.4624,107.8,0.07913,1356.044355
2026-09-28T01:00:07.045Z,ASTER,1.7678,997.2,0.7226,1356.044355
2026-09-28T01:00:07.045Z,GMX,-0.7481,11210,8.329,1356.044355
2026-09-28T01:00:07.045Z,MORPHO,4.1843,3810,2.6968,1356.044355
2026-09-28T01:00:07.045Z,MON,-7.899,35.02,0.02804,1356.044355
2026-09-28T01:00:07.045Z,1INCH,-0.0156,139,0.10252,1356.044355
2026-09-28T01:00:07.045Z,SKY,-0.3102,112.5,0.08322,1356.044355
2026-09-28T01:00:07.045Z,YGG,-3.1332,36.53,0.02781,1356.044355
2026-09-28T01:00:07.045Z,BIO,-4.6131,41.12,0.03179,1356.044355
2026-09-28T01:00:07.045Z,MOVE,-0.2102,12.9,0.009533,1356.044355
2026-09-28T01:00:07.045Z,GALA,-14.4686,2.663,0.002296,1356.044355
2026-09-28T01:00:07.045Z,ZK,0.6266,17.81,0.013052,1356.044355
2026-09-28T01:00:07.045Z,ENS,0.5887,9510,6.972,1356.044355
2026-09-28T01:00:07.045Z,INJ,5.3484,11040,7.728,1356.044355
2026-09-28T01:00:07.045Z,KAITO,-0.8485,480,0.357,1356.044355
2026-09-28T01:00:07.045Z,LDO,-2.5543,650,0.4919,1356.044355
2026-09-28T01:00:07.045Z,BLUR,-2.3784,28.21,0.02131,1356.044355
2026-09-28T01:00:07.045Z,AUCTION,-1.3568,5170,3.865,1356.044355
2026-09-28T01:00:07.045Z,ZETA,4.838,75.12,0.05284,1356.044355
2026-09-28T01:00:07.045Z,WIF,1.2195,333.4,0.2429,1356.044355
2026-09-28T01:00:07.045Z,KSM,-0.6074,6425,4.767,1356.044355
2026-09-28T01:05:07.183Z,BTC,0.163,114202000,84080,1356.044355
2026-09-28T01:05:07.183Z,XRP,0.19,2056,1.5133,1356.044355
2026-09-28T01:05:07.183Z,SOL,-0.0616,165200,121.9,1356.044355
2026-09-28T01:05:07.183Z,ETH,0.0835,3627000,2672.46,1356.044355
2026-09-28T01:05:07.183Z,FIL,1.7697,1560,1.1304,1356.044355
2026-09-28T01:05:07.183Z,TRX,0.0909,453.1,0.33383,1356.044355
2026-09-28T01:05:07.183Z,BNB,-0.651,1048000,777.9,1356.044355
2026-09-28T01:05:07.183Z,WLD,0.3184,736.5,0.5414,1356.044355
2026-09-28T01:05:07.183Z,FLOW,-1.3984,43.99,0.0329,1356.044355
2026-09-28T01:05:07.183Z,LINK,0.3643,19130,14.056,1356.044355
2026-09-28T01:05:07.183Z,DOGE,-0.0264,131,0.09663,1356.044355
2026-09-28T01:05:07.183Z,SUI,0.1245,1725,1.2705,1356.044355
2026-09-28T01:05:07.183Z,XLM,-0.1081,295,0.21778,1356.044355
2026-09-28T01:05:07.183Z,BCH,0.7512,449900,329.3,1356.044355
2026-09-28T01:05:07.183Z,AVAX,0.6708,14850,10.878,1356.044355
2026-09-28T01:05:07.183Z,ETC,0.9797,13010,9.501,1356.044355
2026-09-28T01:05:07.183Z,AAVE,0.2433,208700,153.53,1356.044355
2026-09-28T01:05:07.183Z,ADA,-0.1847,346.1,0.2557,1356.044355
2026-09-28T01:05:07.183Z,HYPE,0.1632,122800,90.41,1356.044355
2026-09-28T01:05:07.183Z,SEI,-0.7733,113,0.08398,1356.044355
2026-09-28T01:05:07.183Z,HBAR,-1.4409,129.2,0.09667,1356.044355
2026-09-28T01:05:07.183Z,ARB,-0.785,301.8,0.22432,1356.044355
2026-09-28T01:05:07.183Z,JTO,0.1448,807.2,0.5944,1356.044355
2026-09-28T01:05:07.183Z,ONDO,0.0904,763.6,0.5626,1356.044355
2026-09-28T01:05:07.183Z,QTUM,-1.6555,1360,1.0198,1356.044355
2026-09-28T01:05:07.183Z,PYTH,5.4489,119.9,0.08385,1356.044355
2026-09-28T01:05:07.183Z,APT,-0.7933,1163,0.8645,1356.044355
2026-09-28T01:05:07.183Z,UNI,0.4276,13120,9.634,1356.044355
2026-09-28T01:05:07.183Z,TIA,-0.3133,673.6,0.4983,1356.044355
2026-09-28T01:05:07.183Z,ALGO,0.3129,162.5,0.11946,1356.044355
2026-09-28T01:05:07.183Z,NEAR,1.04,7270,5.306,1356.044355
2026-09-28T01:05:07.183Z,ZIL,-4.2287,4.9,0.003773,1356.044355
2026-09-28T01:05:07.183Z,SUSHI,0.4033,367.2,0.2697,1356.044355
2026-09-28T01:05:07.183Z,PENDLE,0.0089,3564,2.628,1356.044355
2026-09-28T01:05:07.183Z,XTZ,-0.539,432,0.3203,1356.044355
2026-09-28T01:05:07.183Z,W,2.2018,21.39,0.015434,1356.044355
2026-09-28T01:05:07.183Z,AR,-1.0096,6250,4.656,1356.044355
2026-09-28T01:05:07.183Z,SHIB,-0.0252,0.008,0.000005901,1356.044355
2026-09-28T01:05:07.183Z,CELO,1.2802,132.3,0.09633,1356.044355
2026-09-28T01:05:07.183Z,STX,0.6318,458.1,0.3357,1356.044355
2026-09-28T01:05:07.183Z,JUP,1.1537,497.1,0.3624,1356.044355
2026-09-28T01:05:07.183Z,PEPE,0.2047,0.0059,0.000004342,1356.044355
2026-09-28T01:05:07.183Z,DYDX,4.0478,200,0.14175,1356.044355
2026-09-28T01:05:07.183Z,KITE,-13.9492,176.2,0.151,1356.044355
2026-09-28T01:05:07.183Z,CRV,0.1356,472,0.3476,1356.044355
2026-09-28T01:05:07.183Z,ENJ,3.6035,42.92,0.03055,1356.044355
2026-09-28T01:05:07.183Z,ATOM,0.5277,2556,1.875,1356.044355
2026-09-28T01:05:07.183Z,ICP,-1.2734,4181,3.123,1356.044355
2026-09-28T01:05:07.183Z,SPACE,-0.7123,6.946,0.005159,1356.044355
2026-09-28T01:05:07.183Z,DOT,-0.2827,1700,1.2572,1356.044355
2026-09-28T01:05:07.183Z,ETHFI,-2.672,950,0.7198,1356.044355
2026-09-28T01:05:07.183Z,CC,-2.6639,185,0.14016,1356.044355
2026-09-28T01:05:07.183Z,SYRUP,1.0427,298.7,0.218,1356.044355
2026-09-28T01:05:07.183Z,TAO,0.9706,431300,315,1356.044355
2026-09-28T01:05:07.183Z,GRAM,-1.1713,2159,1.611,1356.044355
2026-09-28T01:05:07.183Z,RAY,1.6316,3000,2.1768,1356.044355
2026-09-28T01:05:07.183Z,RENDER,-1.6266,2724,2.042,1356.044355
2026-09-28T01:05:07.183Z,GRASS,4.7177,925,0.6514,1356.044355
2026-09-28T01:05:07.183Z,MINA,-0.0488,196.3,0.14483,1356.044355
2026-09-28T01:05:07.183Z,POL,-2.3818,162,0.12238,1356.044355
2026-09-28T01:05:07.183Z,ENA,-0.9798,365.7,0.27235,1356.044355
2026-09-28T01:05:07.183Z,SAND,-9.6751,55.51,0.04532,1356.044355
2026-09-28T01:05:07.183Z,AERO,2.5519,1163,0.8363,1356.044355
2026-09-28T01:05:07.183Z,KGEN,1.517,223.7,0.1625,1356.044355
2026-09-28T01:05:07.183Z,LIT,0.863,6200,4.533,1356.044355
2026-09-28T01:05:07.183Z,MANA,0.7576,125.1,0.09156,1356.044355
2026-09-28T01:05:07.183Z,BAND,-0.1385,305.5,0.2256,1356.044355
2026-09-28T01:05:07.183Z,APE,-5.3949,208.7,0.16268,1356.044355
2026-09-28T01:05:07.183Z,GMT,0.4207,12.14,0.008915,1356.044355
2026-09-28T01:05:07.183Z,VIRTUAL,-4.183,1090,0.8389,1356.044355
2026-09-28T01:05:07.183Z,LPT,-6.2233,2261,1.778,1356.044355
2026-09-28T01:05:07.183Z,DATA,3.6685,335,0.2383,1356.044355
2026-09-28T01:05:07.183Z,THETA,-5.3521,302,0.2353,1356.044355
2026-09-28T01:05:07.183Z,GRT,5.3484,49,0.0343,1356.044355
2026-09-28T01:05:07.183Z,LAYER,-6.1298,106.9,0.08398,1356.044355
2026-09-28T01:05:07.183Z,NMR,1.0259,14090,10.285,1356.044355
2026-09-28T01:05:07.183Z,EIGEN,-14.3645,321.9,0.2772,1356.044355
2026-09-28T01:05:07.183Z,BAT,-1.1601,129.3,0.09647,1356.044355
2026-09-28T01:05:07.183Z,SPK,-0.2073,32.64,0.02412,1356.044355
2026-09-28T01:05:07.183Z,PUMP,-2.7129,6.81,0.005162,1356.044355
2026-09-28T01:05:07.183Z,KMNO,-4.4806,60.71,0.04687,1356.044355
2026-09-28T01:05:07.183Z,CHZ,1.5987,22.76,0.01652,1356.044355
2026-09-28T01:05:07.183Z,PENGU,5.6864,14.74,0.010285,1356.044355
2026-09-28T01:05:07.183Z,OP,-1.1866,197,0.14702,1356.044355
2026-09-28T01:05:07.183Z,UMA,-1.8236,571.8,0.4295,1356.044355
2026-09-28T01:05:07.183Z,ZRO,3.2361,2290,1.6358,1356.044355
2026-09-28T01:05:07.183Z,S,-0.7866,53.99,0.04013,1356.044355
2026-09-28T01:05:07.183Z,IMX,0.84,258.5,0.18904,1356.044355
2026-09-28T01:05:07.183Z,A,-2.092,136.1,0.10251,1356.044355
2026-09-28T01:05:07.183Z,ATH,1.0824,8.652,0.006312,1356.044355
2026-09-28T01:05:07.183Z,COMP,5.9765,34950,24.32,1356.044355
2026-09-28T01:05:07.183Z,CVX,-4.9463,2828,2.194,1356.044355
2026-09-28T01:05:07.183Z,AXS,2.5276,1620,1.1652,1356.044355
2026-09-28T01:05:07.183Z,WCT,-1.3485,58.46,0.0437,1356.044355
2026-09-28T01:05:07.183Z,ME,0.1965,107.8,0.07934,1356.044355
2026-09-28T01:05:07.183Z,ASTER,1.6272,997.2,0.7236,1356.044355
2026-09-28T01:05:07.183Z,GMX,-0.5929,11210,8.316,1356.044355
2026-09-28T01:05:07.183Z,MORPHO,3.8531,3810,2.7054,1356.044355
2026-09-28T01:05:07.183Z,MON,-7.7345,35.02,0.02799,1356.044355
2026-09-28T01:05:07.183Z,1INCH,-0.1519,139,0.10266,1356.044355
2026-09-28T01:05:07.183Z,SKY,-0.1902,112.5,0.08312,1356.044355
2026-09-28T01:05:07.183Z,YGG,-3.3764,36.53,0.02788,1356.044355
2026-09-28T01:05:07.183Z,BIO,-4.6431,41.12,0.0318,1356.044355
2026-09-28T01:05:07.183Z,MOVE,-0.544,12.9,0.009565,1356.044355
2026-09-28T01:05:07.183Z,GALA,-14.5059,2.663,0.002297,1356.044355
2026-09-28T01:05:07.183Z,ZK,0.4112,17.81,0.01308,1356.044355
2026-09-28T01:05:07.183Z,ENS,0.531,9510,6.976,1356.044355
2026-09-28T01:05:07.183Z,INJ,4.9952,11040,7.754,1356.044355
2026-09-28T01:05:07.183Z,KAITO,-1.2634,480,0.3585,1356.044355
2026-09-28T01:05:07.183Z,LDO,-2.752,650,0.4929,1356.044355
2026-09-28T01:05:07.183Z,BLUR,-2.5157,28.21,0.02134,1356.044355
2026-09-28T01:05:07.183Z,AUCTION,-1.6621,5170,3.877,1356.044355
2026-09-28T01:05:07.183Z,ZETA,4.64,75.12,0.05294,1356.044355
2026-09-28T01:05:07.183Z,WIF,1.0116,333.4,0.2434,1356.044355
2026-09-28T01:05:07.183Z,KSM,-0.7115,6425,4.772,1356.044355
2026-09-28T01:10:06.867Z,BTC,0.1774,114201000,84067.1,1356.044355
2026-09-28T01:10:06.867Z,XRP,0.137,2056,1.5141,1356.044355
2026-09-28T01:10:06.867Z,SOL,0.1827,165400,121.75,1356.044355
2026-09-28T01:10:06.867Z,ETH,0.3061,3635000,2672.41,1356.044355
2026-09-28T01:10:06.867Z,FIL,1.5362,1560,1.133,1356.044355
2026-09-28T01:10:06.867Z,TRX,0.0131,453.1,0.33409,1356.044355
2026-09-28T01:10:06.867Z,BNB,-0.6893,1048000,778.2,1356.044355
2026-09-28T01:10:06.867Z,WLD,-0.0872,734.2,0.5419,1356.044355
2026-09-28T01:10:06.867Z,FLOW,-2.1678,43.66,0.03291,1356.044355
2026-09-28T01:10:06.867Z,LINK,0.4072,19130,14.05,1356.044355
2026-09-28T01:10:06.867Z,DOGE,0.3552,131.5,0.09663,1356.044355
2026-09-28T01:10:06.867Z,SUI,0.8712,1738,1.2706,1356.044355
2026-09-28T01:10:06.867Z,XLM,0.4861,297.3,0.21818,1356.044355
2026-09-28T01:10:06.867Z,BCH,0.9966,449900,328.5,1356.044355
2026-09-28T01:10:06.867Z,AVAX,0.5414,14850,10.892,1356.044355
2026-09-28T01:10:06.867Z,ETC,1.0329,13010,9.496,1356.044355
2026-09-28T01:10:06.867Z,AAVE,0.2433,208700,153.53,1356.044355
2026-09-28T01:10:06.867Z,ADA,0.1428,347.1,0.2556,1356.044355
2026-09-28T01:10:06.867Z,HYPE,0.263,122800,90.32,1356.044355
2026-09-28T01:10:06.867Z,SEI,1.3483,115.1,0.08375,1356.044355
2026-09-28T01:10:06.867Z,HBAR,0.2315,131.8,0.09697,1356.044355
2026-09-28T01:10:06.867Z,ARB,0.506,305.4,0.22408,1356.044355
2026-09-28T01:10:06.867Z,JTO,0.4061,807.4,0.593,1356.044355
2026-09-28T01:10:06.867Z,ONDO,0.447,768.5,0.5642,1356.044355
2026-09-28T01:10:06.867Z,QTUM,-1.7711,1360,1.021,1356.044355
2026-09-28T01:10:06.867Z,PYTH,5.5496,119.9,0.08377,1356.044355
2026-09-28T01:10:06.867Z,APT,-0.9995,1163,0.8663,1356.044355
2026-09-28T01:10:06.867Z,UNI,0.3964,13120,9.637,1356.044355
2026-09-28T01:10:06.867Z,TIA,-0.4531,673.6,0.499,1356.044355
2026-09-28T01:10:06.867Z,ALGO,-0.0135,162.5,0.11985,1356.044355
2026-09-28T01:10:06.867Z,NEAR,0.0235,7205,5.312,1356.044355
2026-09-28T01:10:06.867Z,ZIL,-4.3808,4.9,0.003779,1356.044355
2026-09-28T01:10:06.867Z,SUSHI,0.3289,367.2,0.2699,1356.044355
2026-09-28T01:10:06.867Z,PENDLE,0.1231,3564,2.625,1356.044355
2026-09-28T01:10:06.867Z,XTZ,-0.4146,432,0.3199,1356.044355
2026-09-28T01:10:06.867Z,W,2.3875,21.39,0.015406,1356.044355
2026-09-28T01:10:06.867Z,AR,-0.9458,6250,4.653,1356.044355
2026-09-28T01:10:06.867Z,SHIB,-0.0083,0.008,0.0000059,1356.044355
2026-09-28T01:10:06.867Z,CELO,1.2591,132.3,0.09635,1356.044355
2026-09-28T01:10:06.867Z,STX,0.8119,458.1,0.3351,1356.044355
2026-09-28T01:10:06.867Z,JUP,1.4336,497.1,0.3614,1356.044355
2026-09-28T01:10:06.867Z,PEPE,0.2509,0.0059,0.00000434,1356.044355
2026-09-28T01:10:06.867Z,DYDX,4.0625,200,0.14173,1356.044355
2026-09-28T01:10:06.867Z,KITE,-13.6862,176.2,0.15054,1356.044355
2026-09-28T01:10:06.867Z,CRV,0.2221,472,0.3473,1356.044355
2026-09-28T01:10:06.867Z,ENJ,3.5019,42.92,0.03058,1356.044355
2026-09-28T01:10:06.867Z,ATOM,0.4741,2556,1.876,1356.044355
2026-09-28T01:10:06.867Z,ICP,-1.2101,4181,3.121,1356.044355
2026-09-28T01:10:06.867Z,SPACE,-0.616,6.946,0.005154,1356.044355
2026-09-28T01:10:06.867Z,DOT,-0.772,1700,1.2634,1356.044355
2026-09-28T01:10:06.867Z,ETHFI,-2.6043,950,0.7193,1356.044355
2026-09-28T01:10:06.867Z,CC,-3.5516,185,0.14145,1356.044355
2026-09-28T01:10:06.867Z,SYRUP,1.1355,298.7,0.2178,1356.044355
2026-09-28T01:10:06.867Z,TAO,1.099,431300,314.6,1356.044355
2026-09-28T01:10:06.867Z,GRAM,-0.9253,2159,1.607,1356.044355
2026-09-28T01:10:06.867Z,RAY,1.9642,3000,2.1697,1356.044355
2026-09-28T01:10:06.867Z,RENDER,-1.5302,2724,2.04,1356.044355
2026-09-28T01:10:06.867Z,GRASS,4.3173,925,0.6539,1356.044355
2026-09-28T01:10:06.867Z,MINA,-0.3721,196.3,0.1453,1356.044355
2026-09-28T01:10:06.867Z,POL,-2.5172,162,0.12255,1356.044355
2026-09-28T01:10:06.867Z,ENA,-0.5599,365.7,0.2712,1356.044355
2026-09-28T01:10:06.867Z,SAND,-9.6552,55.51,0.04531,1356.044355
2026-09-28T01:10:06.867Z,AERO,2.5642,1163,0.8362,1356.044355
2026-09-28T01:10:06.867Z,KGEN,1.0816,223.7,0.1632,1356.044355
2026-09-28T01:10:06.867Z,LIT,1.9243,6200,4.4858,1356.044355
2026-09-28T01:10:06.867Z,MANA,1.0113,125.1,0.09133,1356.044355
2026-09-28T01:10:06.867Z,BAND,-0.3593,305.5,0.2261,1356.044355
2026-09-28T01:10:06.867Z,APE,-5.5169,208.7,0.16289,1356.044355
2026-09-28T01:10:06.867Z,GMT,0.1623,12.14,0.008938,1356.044355
2026-09-28T01:10:06.867Z,VIRTUAL,-4.2515,1090,0.8395,1356.044355
2026-09-28T01:10:06.867Z,LPT,-6.3287,2261,1.78,1356.044355
2026-09-28T01:10:06.867Z,DATA,4.0177,335,0.2375,1356.044355
2026-09-28T01:10:06.867Z,THETA,-5.3118,302,0.2352,1356.044355
2026-09-28T01:10:06.867Z,GRT,5.533,49,0.03424,1356.044355
2026-09-28T01:10:06.867Z,LAYER,-6.085,106.9,0.08394,1356.044355
2026-09-28T01:10:06.867Z,NMR,0.7321,14090,10.315,1356.044355
2026-09-28T01:10:06.867Z,EIGEN,-14.3645,321.9,0.2772,1356.044355
2026-09-28T01:10:06.867Z,BAT,-1.2215,129.3,0.09653,1356.044355
2026-09-28T01:10:06.867Z,SPK,-0.2073,32.64,0.02412,1356.044355
2026-09-28T01:10:06.867Z,PUMP,-1.9914,6.81,0.005124,1356.044355
2026-09-28T01:10:06.867Z,KMNO,-3.9684,60.71,0.04662,1356.044355
2026-09-28T01:10:06.867Z,CHZ,1.5987,22.76,0.01652,1356.044355
2026-09-28T01:10:06.867Z,PENGU,5.8305,14.74,0.010271,1356.044355
2026-09-28T01:10:06.867Z,OP,-1.1462,197,0.14696,1356.044355
2026-09-28T01:10:06.867Z,UMA,-1.9378,571.8,0.43,1356.044355
2026-09-28T01:10:06.867Z,ZRO,3.3182,2290,1.6345,1356.044355
2026-09-28T01:10:06.867Z,S,-0.6133,53.99,0.04006,1356.044355
2026-09-28T01:10:06.867Z,IMX,0.2461,258.5,0.19016,1356.044355
2026-09-28T01:10:06.867Z,A,-2.1589,136.1,0.10258,1356.044355
2026-09-28T01:10:06.867Z,ATH,1.0344,8.652,0.006315,1356.044355
2026-09-28T01:10:06.867Z,COMP,5.933,34950,24.33,1356.044355
2026-09-28T01:10:06.867Z,CVX,-5.2056,2828,2.2,1356.044355
2026-09-28T01:10:06.867Z,AXS,2.4309,1620,1.1663,1356.044355
2026-09-28T01:10:06.867Z,WCT,-1.145,58.46,0.04361,1356.044355
2026-09-28T01:10:06.867Z,ME,0.0956,107.8,0.07942,1356.044355
2026-09-28T01:10:06.867Z,ASTER,1.7256,997.2,0.7229,1356.044355
2026-09-28T01:10:06.867Z,GMX,-0.7004,11210,8.325,1356.044355
2026-09-28T01:10:06.867Z,MORPHO,4.0031,3810,2.7015,1356.044355
2026-09-28T01:10:06.867Z,MON,-8.161,35.02,0.02812,1356.044355
2026-09-28T01:10:06.867Z,1INCH,-0.1714,139,0.10268,1356.044355
2026-09-28T01:10:06.867Z,SKY,-0.358,112.5,0.08326,1356.044355
2026-09-28T01:10:06.867Z,YGG,-3.5149,36.53,0.02792,1356.044355
2026-09-28T01:10:06.867Z,BIO,-4.5831,41.12,0.03178,1356.044355
2026-09-28T01:10:06.867Z,MOVE,-0.544,12.9,0.009565,1356.044355
2026-09-28T01:10:06.867Z,GALA,-14.6174,2.663,0.0023,1356.044355
2026-09-28T01:10:06.867Z,ZK,0.3115,17.81,0.013093,1356.044355
2026-09-28T01:10:06.867Z,ENS,0.4878,9510,6.979,1356.044355
2026-09-28T01:10:06.867Z,INJ,4.9816,11040,7.755,1356.044355
2026-09-28T01:10:06.867Z,KAITO,-1.2083,480,0.3583,1356.044355
2026-09-28T01:10:06.867Z,LDO,-2.8506,650,0.4934,1356.044355
2026-09-28T01:10:06.867Z,BLUR,-2.5613,28.21,0.02135,1356.044355
2026-09-28T01:10:06.867Z,AUCTION,-1.6875,5170,3.878,1356.044355
2026-09-28T01:10:06.867Z,ZETA,4.561,75.12,0.05298,1356.044355
2026-09-28T01:10:06.867Z,WIF,1.0531,333.4,0.2433,1356.044355
2026-09-28T01:10:06.867Z,KSM,-1.064,6425,4.789,1356.044355
2026-09-28T01:15:07.095Z,BTC,0.1944,114000000,83904.9,1356.044355
2026-09-28T01:15:07.095Z,XRP,0.233,2049,1.5075,1356.044355
2026-09-28T01:15:07.095Z,SOL,0.5129,165400,121.35,1356.044355
2026-09-28T01:15:07.095Z,ETH,0.218,3623000,2665.93,1356.044355
2026-09-28T01:15:07.095Z,FIL,1.923,1560,1.1287,1356.044355
2026-09-28T01:15:07.095Z,TRX,0.028,453.1,0.33404,1356.044355
2026-09-28T01:15:07.095Z,BNB,-0.4462,1048000,776.3,1356.044355
2026-09-28T01:15:07.095Z,WLD,0.1627,726.8,0.5351,1356.044355
2026-09-28T01:15:07.095Z,FLOW,-1.4491,43.66,0.03267,1356.044355
2026-09-28T01:15:07.095Z,LINK,0.488,19080,14.002,1356.044355
2026-09-28T01:15:07.095Z,DOGE,0.2143,130.5,0.09603,1356.044355
2026-09-28T01:15:07.095Z,SUI,0.3608,1719,1.2631,1356.044355
2026-09-28T01:15:07.095Z,XLM,0.248,295.1,0.21708,1356.044355
2026-09-28T01:15:07.095Z,BCH,0.2242,445100,327.5,1356.044355
2026-09-28T01:15:07.095Z,AVAX,1.033,14850,10.839,1356.044355
2026-09-28T01:15:07.095Z,ETC,0.6982,12900,9.447,1356.044355
2026-09-28T01:15:07.095Z,AAVE,0.6366,208700,152.93,1356.044355
2026-09-28T01:15:07.095Z,ADA,0.8531,347.1,0.2538,1356.044355
2026-09-28T01:15:07.095Z,HYPE,0.2789,122500,90.085,1356.044355
2026-09-28T01:15:07.095Z,SEI,0.4236,113.9,0.08364,1356.044355
2026-09-28T01:15:07.095Z,HBAR,0.8451,131.8,0.09638,1356.044355
2026-09-28T01:15:07.095Z,ARB,1.2743,305.4,0.22238,1356.044355
2026-09-28T01:15:07.095Z,JTO,1.0708,807.4,0.5891,1356.044355
2026-09-28T01:15:07.095Z,ONDO,0.5957,765,0.5608,1356.044355
2026-09-28T01:15:07.095Z,QTUM,-1.4526,1360,1.0177,1356.044355
2026-09-28T01:15:07.095Z,PYTH,6.3239,119.9,0.08316,1356.044355
2026-09-28T01:15:07.095Z,APT,0.8647,1173,0.8576,1356.044355
2026-09-28T01:15:07.095Z,UNI,0.9095,13120,9.588,1356.044355
2026-09-28T01:15:07.095Z,TIA,-0.1329,673.6,0.4974,1356.044355
2026-09-28T01:15:07.095Z,ALGO,0.4306,162.5,0.11932,1356.044355
2026-09-28T01:15:07.095Z,NEAR,-0.1863,7175,5.301,1356.044355
2026-09-28T01:15:07.095Z,ZIL,-3.8976,4.9,0.00376,1356.044355
2026-09-28T01:15:07.095Z,SUSHI,1.0025,367.2,0.2681,1356.044355
2026-09-28T01:15:07.095Z,PENDLE,0.4292,3564,2.617,1356.044355
2026-09-28T01:15:07.095Z,XTZ,0.0231,432,0.3185,1356.044355
2026-09-28T01:15:07.095Z,W,3.2926,21.39,0.015271,1356.044355
2026-09-28T01:15:07.095Z,AR,-0.6896,6250,4.641,1356.044355
2026-09-28T01:15:07.095Z,SHIB,0.5028,0.008,0.00000587,1356.044355
2026-09-28T01:15:07.095Z,CELO,1.5543,132.3,0.09607,1356.044355
2026-09-28T01:15:07.095Z,STX,1.3868,458.1,0.3332,1356.044355
2026-09-28T01:15:07.095Z,JUP,2.0832,497.1,0.3591,1356.044355
2026-09-28T01:15:07.095Z,PEPE,0.9019,0.0059,0.000004312,1356.044355
2026-09-28T01:15:07.095Z,DYDX,4.9661,200,0.14051,1356.044355
2026-09-28T01:15:07.095Z,KITE,-12.759,176.2,0.14894,1356.044355
2026-09-28T01:15:07.095Z,CRV,0.861,472,0.3451,1356.044355
2026-09-28T01:15:07.095Z,ENJ,4.0121,42.92,0.03043,1356.044355
2026-09-28T01:15:07.095Z,ATOM,0.9044,2556,1.868,1356.044355
2026-09-28T01:15:07.095Z,ICP,-0.637,4181,3.103,1356.044355
2026-09-28T01:15:07.095Z,SPACE,-0.2483,6.946,0.005135,1356.044355
2026-09-28T01:15:07.095Z,DOT,-0.0601,1700,1.2544,1356.044355
2026-09-28T01:15:07.095Z,ETHFI,-1.8676,950,0.7139,1356.044355
2026-09-28T01:15:07.095Z,CC,-2.9547,185,0.14058,1356.044355
2026-09-28T01:15:07.095Z,SYRUP,1.4148,298.7,0.2172,1356.044355
2026-09-28T01:15:07.095Z,TAO,1.5833,431300,313.1,1356.044355
2026-09-28T01:15:07.095Z,GRAM,-1.0484,2159,1.609,1356.044355
2026-09-28T01:15:07.095Z,RAY,2.6645,3000,2.1549,1356.044355
2026-09-28T01:15:07.095Z,RENDER,-0.9964,2724,2.029,1356.044355
2026-09-28T01:15:07.095Z,GRASS,4.4451,925,0.6531,1356.044355
2026-09-28T01:15:07.095Z,MINA,-0.0143,196.3,0.14478,1356.044355
2026-09-28T01:15:07.095Z,POL,-1.8928,162,0.12177,1356.044355
2026-09-28T01:15:07.095Z,ENA,-0.2768,365.7,0.27043,1356.044355
2026-09-28T01:15:07.095Z,SAND,-9.0934,55.51,0.04503,1356.044355
2026-09-28T01:15:07.095Z,AERO,3.2681,1163,0.8305,1356.044355
2026-09-28T01:15:07.095Z,KGEN,1.3299,223.7,0.1628,1356.044355
2026-09-28T01:15:07.095Z,LIT,1.7814,6200,4.4921,1356.044355
2026-09-28T01:15:07.095Z,MANA,1.2663,125.1,0.0911,1356.044355
2026-09-28T01:15:07.095Z,BAND,0.0389,305.5,0.2252,1356.044355
2026-09-28T01:15:07.095Z,APE,-5.2901,208.7,0.1625,1356.044355
2026-09-28T01:15:07.095Z,GMT,0.9302,12.14,0.00887,1356.044355
2026-09-28T01:15:07.095Z,VIRTUAL,-3.6316,1090,0.8341,1356.044355
2026-09-28T01:15:07.095Z,LPT,-5.9588,2261,1.773,1356.044355
2026-09-28T01:15:07.095Z,DATA,4.2812,335,0.2369,1356.044355
2026-09-28T01:15:07.095Z,THETA,-4.7856,302,0.2339,1356.044355
2026-09-28T01:15:07.095Z,GRT,6.0285,49,0.03408,1356.044355
2026-09-28T01:15:07.095Z,LAYER,-5.4883,106.9,0.08341,1356.044355
2026-09-28T01:15:07.095Z,NMR,1.1932,14090,10.268,1356.044355
2026-09-28T01:15:07.095Z,EIGEN,-13.5537,321.9,0.2746,1356.044355
2026-09-28T01:15:07.095Z,BAT,-0.6865,129.3,0.09601,1356.044355
2026-09-28T01:15:07.095Z,SPK,0.5431,32.64,0.02394,1356.044355
2026-09-28T01:15:07.095Z,PUMP,-1.4336,6.81,0.005095,1356.044355
2026-09-28T01:15:07.095Z,KMNO,-3.3465,60.71,0.04632,1356.044355
2026-09-28T01:15:07.095Z,CHZ,2.0311,22.76,0.01645,1356.044355
2026-09-28T01:15:07.095Z,PENGU,6.7451,14.74,0.010183,1356.044355
2026-09-28T01:15:07.095Z,OP,-0.4417,197,0.14592,1356.044355
2026-09-28T01:15:07.095Z,UMA,-1.5255,571.8,0.4282,1356.044355
2026-09-28T01:15:07.095Z,ZRO,3.8327,2290,1.6264,1356.044355
2026-09-28T01:15:07.095Z,S,-0.1647,53.99,0.03988,1356.044355
2026-09-28T01:15:07.095Z,IMX,0.1671,258.5,0.19031,1356.044355
2026-09-28T01:15:07.095Z,A,-1.7855,136.1,0.10219,1356.044355
2026-09-28T01:15:07.095Z,ATH,1.6622,8.652,0.006276,1356.044355
2026-09-28T01:15:07.095Z,COMP,6.502,34950,24.2,1356.044355
2026-09-28T01:15:07.095Z,CVX,-4.5548,2828,2.185,1356.044355
2026-09-28T01:15:07.095Z,AXS,2.7039,1620,1.1632,1356.044355
2026-09-28T01:15:07.095Z,WCT,-0.6666,58.46,0.0434,1356.044355
2026-09-28T01:15:07.095Z,ME,0.4624,107.8,0.07913,1356.044355
2026-09-28T01:15:07.095Z,ASTER,2.1211,997.2,0.7201,1356.044355
2026-09-28T01:15:07.095Z,GMX,-0.4013,11210,8.3,1356.044355
2026-09-28T01:15:07.095Z,MORPHO,4.541,3810,2.6876,1356.044355
2026-09-28T01:15:07.095Z,MON,-7.5694,35.02,0.02794,1356.044355
2026-09-28T01:15:07.095Z,1INCH,0.1701,139,0.10233,1356.044355
2026-09-28T01:15:07.095Z,SKY,0.0505,112.5,0.08292,1356.044355
2026-09-28T01:15:07.095Z,YGG,-3.0286,36.53,0.02778,1356.044355
2026-09-28T01:15:07.095Z,BIO,-4.0092,41.12,0.03159,1356.044355
2026-09-28T01:15:07.095Z,MOVE,0.0522,12.9,0.009508,1356.044355
2026-09-28T01:15:07.095Z,GALA,-14.2071,2.663,0.002289,1356.044355
2026-09-28T01:15:07.095Z,ZK,0.905,17.81,0.013016,1356.044355
2026-09-28T01:15:07.095Z,ENS,1.2129,9510,6.929,1356.044355
2026-09-28T01:15:07.095Z,INJ,5.5259,11040,7.715,1356.044355
2026-09-28T01:15:07.095Z,KAITO,-0.7373,480,0.3566,1356.044355
2026-09-28T01:15:07.095Z,LDO,-2.4353,650,0.4913,1356.044355
2026-09-28T01:15:07.095Z,BLUR,-2.1489,28.21,0.02126,1356.044355
2026-09-28T01:15:07.095Z,AUCTION,-1.3313,5170,3.864,1356.044355
2026-09-28T01:15:07.095Z,ZETA,5.0966,75.12,0.05271,1356.044355
2026-09-28T01:15:07.095Z,WIF,1.5959,333.4,0.242,1356.044355
2026-09-28T01:15:07.095Z,KSM,-0.8362,6425,4.778,1356.044355
2026-09-28T01:20:06.982Z,BTC,0.2114,114098000,83962.8,1356.044355
2026-09-28T01:20:06.982Z,XRP,0.2117,2054,1.5115,1356.044355
2026-09-28T01:20:06.982Z,SOL,0.0277,164900,121.57,1356.044355
2026-09-28T01:20:06.982Z,ETH,0.1347,3625000,2669.62,1356.044355
2026-09-28T01:20:06.982Z,FIL,0.396,1532,1.1253,1356.044355
2026-09-28T01:20:06.982Z,TRX,-0.0199,453.1,0.3342,1356.044355
2026-09-28T01:20:06.982Z,BNB,-0.5999,1048000,777.5,1356.044355
2026-09-28T01:20:06.982Z,WLD,-0.3267,724.6,0.5361,1356.044355
2026-09-28T01:20:06.982Z,FLOW,-1.5696,43.66,0.03271,1356.044355
2026-09-28T01:20:06.982Z,LINK,0.1519,19080,14.049,1356.044355
2026-09-28T01:20:06.982Z,DOGE,0.0657,130.7,0.09632,1356.044355
2026-09-28T01:20:06.982Z,SUI,-0.5029,1715,1.2711,1356.044355
2026-09-28T01:20:06.982Z,XLM,0.0619,295,0.21741,1356.044355
2026-09-28T01:20:06.982Z,BCH,0.171,445000,327.6,1356.044355
2026-09-28T01:20:06.982Z,AVAX,0.6801,14850,10.877,1356.044355
2026-09-28T01:20:06.982Z,ETC,0.2973,12850,9.448,1356.044355
2026-09-28T01:20:06.982Z,AAVE,0.3675,208700,153.34,1356.044355
2026-09-28T01:20:06.982Z,ADA,0.0211,346,0.2551,1356.044355
2026-09-28T01:20:06.982Z,HYPE,0.2756,122500,90.088,1356.044355
2026-09-28T01:20:06.982Z,SEI,0.1878,112.6,0.08288,1356.044355
2026-09-28T01:20:06.982Z,HBAR,0.7405,131.8,0.09648,1356.044355
2026-09-28T01:20:06.982Z,ARB,-0.2737,301.8,0.22317,1356.044355
2026-09-28T01:20:06.982Z,JTO,-0.1018,800.2,0.5907,1356.044355
2026-09-28T01:20:06.982Z,ONDO,-0.0706,757.9,0.5593,1356.044355
2026-09-28T01:20:06.982Z,QTUM,-1.4913,1360,1.0181,1356.044355
2026-09-28T01:20:06.982Z,PYTH,5.7896,119.9,0.08358,1356.044355
2026-09-28T01:20:06.982Z,APT,-0.1465,1163,0.8589,1356.044355
2026-09-28T01:20:06.982Z,UNI,0.7309,13120,9.605,1356.044355
2026-09-28T01:20:06.982Z,TIA,-0.5129,673.6,0.4993,1356.044355
2026-09-28T01:20:06.982Z,ALGO,0.3045,162.5,0.11947,1356.044355
2026-09-28T01:20:06.982Z,NEAR,-0.7772,7185,5.34,1356.044355
2026-09-28T01:20:06.982Z,ZIL,-3.9487,4.9,0.003762,1356.044355
2026-09-28T01:20:06.982Z,SUSHI,0.8144,367.2,0.2686,1356.044355
2026-09-28T01:20:06.982Z,PENDLE,0.4292,3564,2.617,1356.044355
2026-09-28T01:20:06.982Z,XTZ,0.3066,432,0.3176,1356.044355
2026-09-28T01:20:06.982Z,W,-0.7897,20.55,0.015275,1356.044355
2026-09-28T01:20:06.982Z,AR,-0.4107,6250,4.628,1356.044355
2026-09-28T01:20:06.982Z,SHIB,0.1615,0.008,0.00000589,1356.044355
2026-09-28T01:20:06.982Z,CELO,1.7661,132.3,0.09587,1356.044355
2026-09-28T01:20:06.982Z,STX,0.9928,458.1,0.3345,1356.044355
2026-09-28T01:20:06.982Z,JUP,1.828,497.1,0.36,1356.044355
2026-09-28T01:20:06.982Z,PEPE,0.4593,0.0059,0.000004331,1356.044355
2026-09-28T01:20:06.982Z,DYDX,4.7573,200,0.14079,1356.044355
2026-09-28T01:20:06.982Z,KITE,-12.7766,176.2,0.14897,1356.044355
2026-09-28T01:20:06.982Z,CRV,0.6277,472,0.3459,1356.044355
2026-09-28T01:20:06.982Z,ENJ,3.7054,42.92,0.03052,1356.044355
2026-09-28T01:20:06.982Z,ATOM,0.7426,2556,1.871,1356.044355
2026-09-28T01:20:06.982Z,ICP,-0.9562,4181,3.113,1356.044355
2026-09-28T01:20:06.982Z,SPACE,-0.3453,6.946,0.00514,1356.044355
2026-09-28T01:20:06.982Z,DOT,-0.0332,1701,1.2548,1356.044355
2026-09-28T01:20:06.982Z,ETHFI,-2.4416,950,0.7181,1356.044355
2026-09-28T01:20:06.982Z,CC,-2.7957,185,0.14035,1356.044355
2026-09-28T01:20:06.982Z,SYRUP,1.3215,298.7,0.2174,1356.044355
2026-09-28T01:20:06.982Z,TAO,0.7434,429100,314.1,1356.044355
2026-09-28T01:20:06.982Z,GRAM,-1.416,2159,1.615,1356.044355
2026-09-28T01:20:06.982Z,RAY,2.4553,3000,2.1593,1356.044355
2026-09-28T01:20:06.982Z,RENDER,-1.2397,2724,2.034,1356.044355
2026-09-28T01:20:06.982Z,GRASS,5.1211,925,0.6489,1356.044355
2026-09-28T01:20:06.982Z,MINA,0.1517,196.3,0.14454,1356.044355
2026-09-28T01:20:06.982Z,POL,-1.6748,162,0.1215,1356.044355
2026-09-28T01:20:06.982Z,ENA,-0.31,365.7,0.27052,1356.044355
2026-09-28T01:20:06.982Z,SAND,-9.1942,55.51,0.04508,1356.044355
2026-09-28T01:20:06.982Z,AERO,3.1191,1163,0.8317,1356.044355
2026-09-28T01:20:06.982Z,KGEN,1.517,223.7,0.1625,1356.044355
2026-09-28T01:20:06.982Z,LIT,1.5553,6200,4.5021,1356.044355
2026-09-28T01:20:06.982Z,MANA,1.122,125.1,0.09123,1356.044355
2026-09-28T01:20:06.982Z,BAND,-0.0055,305.5,0.2253,1356.044355
2026-09-28T01:20:06.982Z,APE,-5.2435,208.7,0.16242,1356.044355
2026-09-28T01:20:06.982Z,GMT,0.7938,12.14,0.008882,1356.044355
2026-09-28T01:20:06.982Z,VIRTUAL,-3.9311,1090,0.8367,1356.044355
2026-09-28T01:20:06.982Z,LPT,-5.7995,2261,1.77,1356.044355
2026-09-28T01:20:06.982Z,DATA,4.5902,335,0.2362,1356.044355
2026-09-28T01:20:06.982Z,THETA,-4.9887,302,0.2344,1356.044355
2026-09-28T01:20:06.982Z,GRT,5.5947,49,0.03422,1356.044355
2026-09-28T01:20:06.982Z,LAYER,-5.3975,106.9,0.08333,1356.044355
2026-09-28T01:20:06.982Z,NMR,0.7614,14090,10.312,1356.044355
2026-09-28T01:20:06.982Z,EIGEN,-12.8235,321.9,0.2723,1356.044355
2026-09-28T01:20:06.982Z,BAT,-0.7382,129.3,0.09606,1356.044355
2026-09-28T01:20:06.982Z,SPK,0.5011,32.64,0.02395,1356.044355
2026-09-28T01:20:06.982Z,PUMP,-2.1061,6.81,0.00513,1356.044355
2026-09-28T01:20:06.982Z,KMNO,-3.2211,60.71,0.04626,1356.044355
2026-09-28T01:20:06.982Z,CHZ,1.7836,22.76,0.01649,1356.044355
2026-09-28T01:20:06.982Z,PENGU,6.2027,14.74,0.010235,1356.044355
2026-09-28T01:20:06.982Z,OP,-1.0318,197,0.14679,1356.044355
2026-09-28T01:20:06.982Z,UMA,-1.5945,571.8,0.4285,1356.044355
2026-09-28T01:20:06.982Z,ZRO,3.5208,2290,1.6313,1356.044355
2026-09-28T01:20:06.982Z,S,-0.7866,53.99,0.04013,1356.044355
2026-09-28T01:20:06.982Z,IMX,0.659,258.5,0.18938,1356.044355
2026-09-28T01:20:06.982Z,A,-2.0347,136.1,0.10245,1356.044355
2026-09-28T01:20:06.982Z,ATH,1.6137,8.652,0.006279,1356.044355
2026-09-28T01:20:06.982Z,COMP,6.3702,34950,24.23,1356.044355
2026-09-28T01:20:06.982Z,CVX,-4.903,2828,2.193,1356.044355
2026-09-28T01:20:06.982Z,AXS,2.7039,1620,1.1632,1356.044355
2026-09-28T01:20:06.982Z,WCT,-0.5291,58.46,0.04334,1356.044355
2026-09-28T01:20:06.982Z,ME,0.3736,107.8,0.0792,1356.044355
2026-09-28T01:20:06.982Z,ASTER,1.8101,997.2,0.7223,1356.044355
2026-09-28T01:20:06.982Z,GMX,-0.4493,11210,8.304,1356.044355
2026-09-28T01:20:06.982Z,MORPHO,4.4166,3810,2.6908,1356.044355
2026-09-28T01:20:06.982Z,MON,-8.0302,35.02,0.02808,1356.044355
2026-09-28T01:20:06.982Z,1INCH,0.043,139,0.10246,1356.044355
2026-09-28T01:20:06.982Z,SKY,0.2682,112.5,0.08274,1356.044355
2026-09-28T01:20:06.982Z,YGG,-3.2376,36.53,0.02784,1356.044355
2026-09-28T01:20:06.982Z,BIO,-4.0396,41.12,0.0316,1356.044355
2026-09-28T01:20:06.982Z,MOVE,-0.1054,12.9,0.009523,1356.044355
2026-09-28T01:20:06.982Z,GALA,-14.5059,2.663,0.002297,1356.044355
2026-09-28T01:20:06.982Z,ZK,0.6575,17.81,0.013048,1356.044355
2026-09-28T01:20:06.982Z,ENS,0.9216,9510,6.949,1356.044355
2026-09-28T01:20:06.982Z,INJ,5.3348,11040,7.729,1356.044355
2026-09-28T01:20:06.982Z,KAITO,-0.9595,480,0.3574,1356.044355
2026-09-28T01:20:06.982Z,LDO,-2.7125,650,0.4927,1356.044355
2026-09-28T01:20:06.982Z,BLUR,-1.9182,28.21,0.02121,1356.044355
2026-09-28T01:20:06.982Z,AUCTION,-1.4842,5170,3.87,1356.044355
2026-09-28T01:20:06.982Z,ZETA,5.1165,75.12,0.0527,1356.044355
2026-09-28T01:20:06.982Z,WIF,1.4283,333.4,0.2424,1356.044355
2026-09-28T01:20:06.982Z,KSM,-0.7739,6425,4.775,1356.044355
2026-09-28T01:25:06.961Z,BTC,0.1877,114104000,83987.1,1356.044355
2026-09-28T01:25:06.961Z,XRP,0.1346,2055,1.5134,1356.044355
2026-09-28T01:25:06.961Z,SOL,-0.1284,164900,121.76,1356.044355
2026-09-28T01:25:06.961Z,ETH,0.2253,3629000,2670.15,1356.044355
2026-09-28T01:25:06.961Z,FIL,0.0759,1532,1.1289,1356.044355
2026-09-28T01:25:06.961Z,TRX,-0.0079,453.1,0.33416,1356.044355
2026-09-28T01:25:06.961Z,BNB,-0.6382,1048000,777.8,1356.044355
2026-09-28T01:25:06.961Z,WLD,0.1094,729.4,0.5373,1356.044355
2026-09-28T01:25:06.961Z,FLOW,-1.6297,43.66,0.03273,1356.044355
2026-09-28T01:25:06.961Z,LINK,0.1091,19080,14.055,1356.044355
2026-09-28T01:25:06.961Z,DOGE,-0.1313,130.7,0.09651,1356.044355
2026-09-28T01:25:06.961Z,SUI,-0.5733,1715,1.272,1356.044355
2026-09-28T01:25:06.961Z,XLM,0.174,296.2,0.21805,1356.044355
2026-09-28T01:25:06.961Z,BCH,0.0489,445000,328,1356.044355
2026-09-28T01:25:06.961Z,AVAX,0.6338,14850,10.882,1356.044355
2026-09-28T01:25:06.961Z,ETC,0.2337,12850,9.454,1356.044355
2026-09-28T01:25:06.961Z,AAVE,0.1976,208700,153.6,1356.044355
2026-09-28T01:25:06.961Z,ADA,-0.1355,346,0.2555,1356.044355
2026-09-28T01:25:06.961Z,HYPE,0.5153,123000,90.24,1356.044355
2026-09-28T01:25:06.961Z,SEI,0.6158,114.5,0.08392,1356.044355
2026-09-28T01:25:06.961Z,HBAR,-1.5936,129.2,0.09682,1356.044355
2026-09-28T01:25:06.961Z,ARB,-0.8292,301.8,0.22442,1356.044355
2026-09-28T01:25:06.961Z,JTO,-0.4053,800.2,0.5925,1356.044355
2026-09-28T01:25:06.961Z,ONDO,0.1641,766.2,0.5641,1356.044355
2026-09-28T01:25:06.961Z,QTUM,-1.53,1360,1.0185,1356.044355
2026-09-28T01:25:06.961Z,PYTH,6.0688,119.9,0.08336,1356.044355
2026-09-28T01:25:06.961Z,APT,0.2801,1173,0.8626,1356.044355
2026-09-28T01:25:06.961Z,UNI,0.5633,13120,9.621,1356.044355
2026-09-28T01:25:06.961Z,TIA,-0.4332,673.6,0.4989,1356.044355
2026-09-28T01:25:06.961Z,ALGO,0.0867,162.5,0.11973,1356.044355
2026-09-28T01:25:06.961Z,NEAR,-0.591,7185,5.33,1356.044355
2026-09-28T01:25:06.961Z,ZIL,-4.0507,4.9,0.003766,1356.044355
2026-09-28T01:25:06.961Z,SUSHI,0.7769,367.2,0.2687,1356.044355
2026-09-28T01:25:06.961Z,PENDLE,0.2759,3564,2.621,1356.044355
2026-09-28T01:25:06.961Z,XTZ,0.0545,432,0.3184,1356.044355
2026-09-28T01:25:06.961Z,W,-1.0036,20.55,0.015308,1356.044355
2026-09-28T01:25:06.961Z,AR,0.7871,6250,4.573,1356.044355
2026-09-28T01:25:06.961Z,SHIB,-0.0252,0.008,0.000005901,1356.044355
2026-09-28T01:25:06.961Z,CELO,1.6283,132.3,0.096,1356.044355
2026-09-28T01:25:06.961Z,STX,0.3031,458.1,0.3368,1356.044355
2026-09-28T01:25:06.961Z,JUP,1.3494,497.1,0.3617,1356.044355
2026-09-28T01:25:06.961Z,PEPE,0.3666,0.0059,0.000004335,1356.044355
2026-09-28T01:25:06.961Z,DYDX,4.7722,200,0.14077,1356.044355
2026-09-28T01:25:06.961Z,KITE,-12.7473,176.2,0.14892,1356.044355
2026-09-28T01:25:06.961Z,CRV,0.8026,472,0.3453,1356.044355
2026-09-28T01:25:06.961Z,ENJ,3.7734,42.92,0.0305,1356.044355
2026-09-28T01:25:06.961Z,ATOM,0.8504,2556,1.869,1356.044355
2026-09-28T01:25:06.961Z,ICP,-0.9562,4181,3.113,1356.044355
2026-09-28T01:25:06.961Z,SPACE,-0.4615,6.946,0.005146,1356.044355
2026-09-28T01:25:06.961Z,DOT,-0.07,1702,1.256,1356.044355
2026-09-28T01:25:06.961Z,ETHFI,-2.6585,950,0.7197,1356.044355
2026-09-28T01:25:06.961Z,CC,-2.7403,185,0.14027,1356.044355
2026-09-28T01:25:06.961Z,SYRUP,0.9963,298.7,0.2181,1356.044355
2026-09-28T01:25:06.961Z,TAO,0.6473,429100,314.4,1356.044355
2026-09-28T01:25:06.961Z,GRAM,-1.355,2159,1.614,1356.044355
2026-09-28T01:25:06.961Z,RAY,2.1997,3000,2.1647,1356.044355
2026-09-28T01:25:06.961Z,RENDER,-1.1912,2724,2.033,1356.044355
2026-09-28T01:25:06.961Z,GRASS,4.0627,925,0.6555,1356.044355
2026-09-28T01:25:06.961Z,MINA,0.2835,196.3,0.14435,1356.044355
2026-09-28T01:25:06.961Z,POL,-1.3826,162,0.12114,1356.044355
2026-09-28T01:25:06.961Z,ENA,-0.9616,365.7,0.2723,1356.044355
2026-09-28T01:25:06.961Z,SAND,-9.4353,55.51,0.0452,1356.044355
2026-09-28T01:25:06.961Z,AERO,3.2805,1163,0.8304,1356.044355
2026-09-28T01:25:06.961Z,KGEN,1.3922,223.7,0.1627,1356.044355
2026-09-28T01:25:06.961Z,LIT,1.7995,6200,4.4913,1356.044355
2026-09-28T01:25:06.961Z,MANA,1.0113,125.1,0.09133,1356.044355
2026-09-28T01:25:06.961Z,BAND,-0.0942,305.5,0.2255,1356.044355
2026-09-28T01:25:06.961Z,APE,-5.3484,208.7,0.1626,1356.044355
2026-09-28T01:25:06.961Z,GMT,0.7258,12.14,0.008888,1356.044355
2026-09-28T01:25:06.961Z,VIRTUAL,-3.8622,1090,0.8361,1356.044355
2026-09-28T01:25:06.961Z,LPT,-5.7462,2261,1.769,1356.044355
2026-09-28T01:25:06.961Z,DATA,4.9457,335,0.2354,1356.044355
2026-09-28T01:25:06.961Z,THETA,-4.8669,302,0.2341,1356.044355
2026-09-28T01:25:06.961Z,GRT,4.8289,49,0.03447,1356.044355
2026-09-28T01:25:06.961Z,LAYER,-5.4656,106.9,0.08339,1356.044355
2026-09-28T01:25:06.961Z,NMR,0.6345,14090,10.325,1356.044355
2026-09-28T01:25:06.961Z,EIGEN,-13.047,321.9,0.273,1356.044355
2026-09-28T01:25:06.961Z,BAT,-0.7279,129.3,0.09605,1356.044355
2026-09-28T01:25:06.961Z,SPK,0.2499,32.64,0.02401,1356.044355
2026-09-28T01:25:06.961Z,PUMP,-2.0679,6.81,0.005128,1356.044355
2026-09-28T01:25:06.961Z,KMNO,-3.4298,60.71,0.04636,1356.044355
2026-09-28T01:25:06.961Z,CHZ,1.4759,22.76,0.01654,1356.044355
2026-09-28T01:25:06.961Z,PENGU,5.7687,14.74,0.010277,1356.044355
2026-09-28T01:25:06.961Z,OP,-1.0722,197,0.14685,1356.044355
2026-09-28T01:25:06.961Z,UMA,-1.6633,571.8,0.4288,1356.044355
2026-09-28T01:25:06.961Z,ZRO,3.6797,2290,1.6288,1356.044355
2026-09-28T01:25:06.961Z,S,-0.9594,53.99,0.0402,1356.044355
2026-09-28T01:25:06.961Z,IMX,0.8507,258.5,0.18902,1356.044355
2026-09-28T01:25:06.961Z,A,-2.0443,136.1,0.10246,1356.044355
2026-09-28T01:25:06.961Z,ATH,1.6622,8.652,0.006276,1356.044355
2026-09-28T01:25:06.961Z,COMP,6.1511,34950,24.28,1356.044355
2026-09-28T01:25:06.961Z,CVX,-4.7727,2828,2.19,1356.044355
2026-09-28T01:25:06.961Z,AXS,2.7039,1620,1.1632,1356.044355
2026-09-28T01:25:06.961Z,WCT,-0.6666,58.46,0.0434,1356.044355
2026-09-28T01:25:06.961Z,ME,0.285,107.8,0.07927,1356.044355
2026-09-28T01:25:06.961Z,ASTER,1.8101,997.2,0.7223,1356.044355
2026-09-28T01:25:06.961Z,GMX,-0.7243,11210,8.327,1356.044355
2026-09-28T01:25:06.961Z,MORPHO,4.7163,3810,2.6831,1356.044355
2026-09-28T01:25:06.961Z,MON,-8.454,35.02,0.02821,1356.044355
2026-09-28T01:25:06.961Z,1INCH,-0.0643,139,0.10257,1356.044355
2026-09-28T01:25:06.961Z,SKY,0.5599,112.5,0.0825,1356.044355
2026-09-28T01:25:06.961Z,YGG,-2.9937,36.53,0.02777,1356.044355
2026-09-28T01:25:06.961Z,BIO,-4.1912,41.12,0.03165,1356.044355
2026-09-28T01:25:06.961Z,MOVE,-0.2939,12.9,0.009541,1356.044355
2026-09-28T01:25:06.961Z,GALA,-14.4314,2.663,0.002295,1356.044355
2026-09-28T01:25:06.961Z,ZK,0.6189,17.81,0.013053,1356.044355
2026-09-28T01:25:06.961Z,ENS,0.6898,9510,6.965,1356.044355
2026-09-28T01:25:06.961Z,INJ,4.9952,11040,7.754,1356.044355
2026-09-28T01:25:06.961Z,KAITO,-0.9041,480,0.3572,1356.044355
2026-09-28T01:25:06.961Z,LDO,-2.6533,650,0.4924,1356.044355
2026-09-28T01:25:06.961Z,BLUR,-2.3784,28.21,0.02131,1356.044355
2026-09-28T01:25:06.961Z,AUCTION,-1.3823,5170,3.866,1356.044355
2026-09-28T01:25:06.961Z,ZETA,5.1165,75.12,0.0527,1356.044355
2026-09-28T01:25:06.961Z,WIF,1.0946,333.4,0.2432,1356.044355
2026-09-28T01:25:06.961Z,KSM,-0.2517,6425,4.75,1356.044355
2026-09-28T01:30:07.016Z,BTC,0.1441,114122000,84036.9,1356.044355
2026-09-28T01:30:07.016Z,XRP,0.2151,2061,1.5166,1356.044355
2026-09-28T01:30:07.016Z,SOL,0.1035,165500,121.92,1356.044355
2026-09-28T01:30:07.016Z,ETH,0.1837,3631000,2672.73,1356.044355
2026-09-28T01:30:07.016Z,FIL,-0.0834,1532,1.1307,1356.044355
2026-09-28T01:30:07.016Z,TRX,-0.0587,453.1,0.33433,1356.044355
2026-09-28T01:30:07.016Z,BNB,-0.7275,1048000,778.5,1356.044355
2026-09-28T01:30:07.016Z,WLD,0.0634,731.1,0.5388,1356.044355
2026-09-28T01:30:07.016Z,FLOW,-1.8397,43.66,0.0328,1356.044355
2026-09-28T01:30:07.016Z,LINK,0.4388,19230,14.119,1356.044355
2026-09-28T01:30:07.016Z,DOGE,0.2795,131.7,0.09685,1356.044355
2026-09-28T01:30:07.016Z,SUI,0.3334,1732,1.273,1356.044355
2026-09-28T01:30:07.016Z,XLM,0.2666,296.8,0.21829,1356.044355
2026-09-28T01:30:07.016Z,BCH,0.0184,445000,328.1,1356.044355
2026-09-28T01:30:07.016Z,AVAX,0.4953,14850,10.897,1356.044355
2026-09-28T01:30:07.016Z,ETC,-0.0096,12850,9.477,1356.044355
2026-09-28T01:30:07.016Z,AAVE,0.1194,208700,153.72,1356.044355
2026-09-28T01:30:07.016Z,ADA,0.2537,348.3,0.2562,1356.044355
2026-09-28T01:30:07.016Z,HYPE,0.3874,123000,90.355,1356.044355
2026-09-28T01:30:07.016Z,SEI,0.1761,115.1,0.08473,1356.044355
2026-09-28T01:30:07.016Z,HBAR,-1.8773,129.2,0.0971,1356.044355
2026-09-28T01:30:07.016Z,ARB,-0.4833,301.8,0.22364,1356.044355
2026-09-28T01:30:07.016Z,JTO,-0.5396,800.2,0.5933,1356.044355
2026-09-28T01:30:07.016Z,ONDO,0.0412,771.5,0.5687,1356.044355
2026-09-28T01:30:07.016Z,QTUM,-1.6652,1360,1.0199,1356.044355
2026-09-28T01:30:07.016Z,PYTH,5.8149,119.9,0.08356,1356.044355
2026-09-28T01:30:07.016Z,APT,0.2452,1173,0.8629,1356.044355
2026-09-28T01:30:07.016Z,UNI,0.4485,13120,9.632,1356.044355
2026-09-28T01:30:07.016Z,TIA,-0.5727,673.6,0.4996,1356.044355
2026-09-28T01:30:07.016Z,ALGO,-0.2465,162.5,0.12013,1356.044355
2026-09-28T01:30:07.016Z,NEAR,-0.6097,7185,5.331,1356.044355
2026-09-28T01:30:07.016Z,ZIL,-4.1525,4.9,0.00377,1356.044355
2026-09-28T01:30:07.016Z,SUSHI,0.4778,367.2,0.2695,1356.044355
2026-09-28T01:30:07.016Z,PENDLE,-0.2947,3564,2.636,1356.044355
2026-09-28T01:30:07.016Z,XTZ,-0.0396,432,0.3187,1356.044355
2026-09-28T01:30:07.016Z,W,-0.3854,20.55,0.015213,1356.044355
2026-09-28T01:30:07.016Z,AR,1.4973,6250,4.541,1356.044355
2026-09-28T01:30:07.016Z,SHIB,-0.0591,0.008,5.903e-06,1356.044355
2026-09-28T01:30:07.016Z,CELO,1.3117,132.3,0.0963,1356.044355
2026-09-28T01:30:07.016Z,STX,0.1544,458.1,0.3373,1356.044355
2026-09-28T01:30:07.016Z,JUP,0.6814,497.1,0.3641,1356.044355
2026-09-28T01:30:07.016Z,PEPE,0.1586,0.0059,4.344e-06,1356.044355
2026-09-28T01:30:07.016Z,DYDX,4.0992,200,0.14168,1356.044355
2026-09-28T01:30:07.016Z,KITE,-12.8935,176.2,0.14917,1356.044355
2026-09-28T01:30:07.016Z,CRV,0.4825,472,0.3464,1356.044355
2026-09-28T01:30:07.016Z,ENJ,3.5358,42.92,0.03057,1356.044355
2026-09-28T01:30:07.016Z,ATOM,0.6888,2556,1.872,1356.044355
2026-09-28T01:30:07.016Z,ICP,-1.3997,4181,3.127,1356.044355
2026-09-28T01:30:07.016Z,SPACE,-0.5967,6.946,0.005153,1356.044355
2026-09-28T01:30:07.016Z,DOT,-0.213,1702,1.2578,1356.044355
2026-09-28T01:30:07.016Z,ETHFI,-2.699,950,0.72,1356.044355
2026-09-28T01:30:07.016Z,CC,-2.8096,185,0.14037,1356.044355
2026-09-28T01:30:07.016Z,SYRUP,0.8576,298.7,0.2184,1356.044355
2026-09-28T01:30:07.016Z,TAO,0.5513,429100,314.7,1356.044355
2026-09-28T01:30:07.016Z,GRAM,-1.7203,2159,1.62,1356.044355
2026-09-28T01:30:07.016Z,RAY,2.0959,3000,2.1669,1356.044355
2026-09-28T01:30:07.016Z,RENDER,-1.4819,2724,2.039,1356.044355
2026-09-28T01:30:07.016Z,GRASS,3.7777,925,0.6573,1356.044355
2026-09-28T01:30:07.016Z,MINA,0.0825,196.3,0.14464,1356.044355
2026-09-28T01:30:07.016Z,POL,-1.6181,162,0.12143,1356.044355
2026-09-28T01:30:07.016Z,ENA,-1.0924,365.7,0.27266,1356.044355
2026-09-28T01:30:07.016Z,SAND,-9.695,55.51,0.04533,1356.044355
2026-09-28T01:30:07.016Z,AERO,3.2184,1163,0.8309,1356.044355
2026-09-28T01:30:07.016Z,KGEN,1.0816,223.7,0.1632,1356.044355
2026-09-28T01:30:07.016Z,LIT,1.8335,6200,4.4898,1356.044355
2026-09-28T01:30:07.016Z,MANA,0.8567,125.1,0.09147,1356.044355
2026-09-28T01:30:07.016Z,BAND,-0.0942,305.5,0.2255,1356.044355
2026-09-28T01:30:07.016Z,APE,-5.5227,208.7,0.1629,1356.044355
2026-09-28T01:30:07.016Z,GMT,0.7145,12.14,0.008889,1356.044355
2026-09-28T01:30:07.016Z,VIRTUAL,-4.0572,1090,0.8378,1356.044355
2026-09-28T01:30:07.016Z,LPT,-5.9588,2261,1.773,1356.044355
2026-09-28T01:30:07.016Z,DATA,5.2587,335,0.2347,1356.044355
2026-09-28T01:30:07.016Z,THETA,-4.9481,302,0.2343,1356.044355
2026-09-28T01:30:07.016Z,GRT,3.6561,49,0.03486,1356.044355
2026-09-28T01:30:07.016Z,LAYER,-4.9183,106.9,0.08291,1356.044355
2026-09-28T01:30:07.016Z,NMR,-0.1008,14090,10.401,1356.044355
2026-09-28T01:30:07.016Z,EIGEN,-13.2377,321.9,0.2736,1356.044355
2026-09-28T01:30:07.016Z,BAT,-0.8518,129.3,0.09617,1356.044355
2026-09-28T01:30:07.016Z,SPK,0.4591,32.64,0.02396,1356.044355
2026-09-28T01:30:07.016Z,PUMP,-2.4862,6.81,0.00515,1356.044355
2026-09-28T01:30:07.016Z,KMNO,-4.174,60.71,0.04672,1356.044355
2026-09-28T01:30:07.016Z,CHZ,1.1091,22.76,0.0166,1356.044355
2026-09-28T01:30:07.016Z,PENGU,0.0402,14,0.01032,1356.044355
2026-09-28T01:30:07.016Z,OP,-1.1261,197,0.14693,1356.044355
2026-09-28T01:30:07.016Z,UMA,-1.7321,571.8,0.4291,1356.044355
2026-09-28T01:30:07.016Z,ZRO,3.4637,2290,1.6322,1356.044355
2026-09-28T01:30:07.016Z,S,-0.8854,53.99,0.04017,1356.044355
2026-09-28T01:30:07.016Z,IMX,0.7122,258.5,0.18928,1356.044355
2026-09-28T01:30:07.016Z,A,-2.1875,136.1,0.10261,1356.044355
2026-09-28T01:30:07.016Z,ATH,1.5328,8.652,0.006284,1356.044355
2026-09-28T01:30:07.016Z,COMP,6.1949,34950,24.27,1356.044355
2026-09-28T01:30:07.016Z,CVX,-5.2486,2828,2.201,1356.044355
2026-09-28T01:30:07.016Z,AXS,2.4396,1620,1.1662,1356.044355
2026-09-28T01:30:07.016Z,WCT,-0.8722,58.46,0.04349,1356.044355
2026-09-28T01:30:07.016Z,ME,0.1208,107.8,0.0794,1356.044355
2026-09-28T01:30:07.016Z,ASTER,1.6834,997.2,0.7232,1356.044355
2026-09-28T01:30:07.016Z,GMX,-0.8195,11210,8.335,1356.044355
2026-09-28T01:30:07.016Z,MORPHO,5.053,3810,2.6745,1356.044355
2026-09-28T01:30:07.016Z,MON,-8.4216,35.02,0.0282,1356.044355
2026-09-28T01:30:07.016Z,1INCH,0.2582,139,0.10224,1356.044355
2026-09-28T01:30:07.016Z,SKY,0.7308,112.5,0.08236,1356.044355
2026-09-28T01:30:07.016Z,YGG,-3.0984,36.53,0.0278,1356.044355
2026-09-28T01:30:07.016Z,BIO,-4.3423,41.12,0.0317,1356.044355
2026-09-28T01:30:07.016Z,MOVE,-0.6894,12.9,0.009579,1356.044355
2026-09-28T01:30:07.016Z,GALA,-14.6545,2.663,0.002301,1356.044355
2026-09-28T01:30:07.016Z,ZK,0.465,17.81,0.013073,1356.044355
2026-09-28T01:30:07.016Z,ENS,0.531,9510,6.976,1356.044355
2026-09-28T01:30:07.016Z,INJ,4.86,11040,7.764,1356.044355
2026-09-28T01:30:07.016Z,KAITO,-0.793,480,0.3568,1356.044355
2026-09-28T01:30:07.016Z,LDO,-2.8112,650,0.4932,1356.044355
2026-09-28T01:30:07.016Z,BLUR,-2.6525,28.21,0.02137,1356.044355
2026-09-28T01:30:07.016Z,AUCTION,-1.4078,5170,3.867,1356.044355
2026-09-28T01:30:07.016Z,ZETA,4.7389,75.12,0.05289,1356.044355
2026-09-28T01:30:07.016Z,WIF,0.7632,333.4,0.244,1356.044355
2026-09-28T01:30:07.016Z,KSM,-0.3566,6425,4.755,1356.044355
2026-09-28T01:35:07.040Z,BTC,0.2991,114188000,83955.6,1356.044355
2026-09-28T01:35:07.040Z,XRP,0.2964,2059,1.5139,1356.044355
2026-09-28T01:35:07.040Z,SOL,0.4551,165700,121.64,1356.044355
2026-09-28T01:35:07.040Z,ETH,0.2719,3631000,2670.38,1356.044355
2026-09-28T01:35:07.040Z,FIL,0.2535,1532,1.1269,1356.044355
2026-09-28T01:35:07.040Z,TRX,-0.0737,453.1,0.33438,1356.044355
2026-09-28T01:35:07.040Z,BNB,-0.6765,1048000,778.1,1356.044355
2026-09-28T01:35:07.040Z,WLD,0.2122,731.1,0.538,1356.044355
2026-09-28T01:35:07.040Z,FLOW,-1.8397,43.66,0.0328,1356.044355
2026-09-28T01:35:07.040Z,LINK,0.5266,19210,14.092,1356.044355
2026-09-28T01:35:07.040Z,DOGE,0.3688,131.3,0.09647,1356.044355
2026-09-28T01:35:07.040Z,SUI,0.8722,1732,1.2662,1356.044355
2026-09-28T01:35:07.040Z,XLM,0.2746,295.6,0.21739,1356.044355
2026-09-28T01:35:07.040Z,BCH,0.2016,445000,327.5,1356.044355
2026-09-28T01:35:07.040Z,AVAX,0.6523,14850,10.88,1356.044355
2026-09-28T01:35:07.040Z,ETC,0.1383,12850,9.463,1356.044355
2026-09-28T01:35:07.040Z,AAVE,0.2825,208700,153.47,1356.044355
2026-09-28T01:35:07.040Z,ADA,0.489,348.3,0.2556,1356.044355
2026-09-28T01:35:07.040Z,HYPE,0.5042,123000,90.25,1356.044355
2026-09-28T01:35:07.040Z,SEI,0.7697,115.7,0.08467,1356.044355
2026-09-28T01:35:07.040Z,HBAR,-2.1293,129.2,0.09735,1356.044355
2026-09-28T01:35:07.040Z,ARB,-0.3229,301.8,0.22328,1356.044355
2026-09-28T01:35:07.040Z,JTO,0.1334,804.8,0.5927,1356.044355
2026-09-28T01:35:07.040Z,ONDO,0.6477,781.5,0.5726,1356.044355
2026-09-28T01:35:07.040Z,QTUM,-1.4816,1360,1.018,1356.044355
2026-09-28T01:35:07.040Z,PYTH,5.9798,119.9,0.08343,1356.044355
2026-09-28T01:35:07.040Z,APT,0.3615,1173,0.8619,1356.044355
2026-09-28T01:35:07.040Z,UNI,0.6785,13120,9.61,1356.044355
2026-09-28T01:35:07.040Z,TIA,-0.3333,673.6,0.4984,1356.044355
2026-09-28T01:35:07.040Z,ALGO,-0.3212,162.5,0.12022,1356.044355
2026-09-28T01:35:07.040Z,NEAR,-0.7214,7185,5.337,1356.044355
2026-09-28T01:35:07.040Z,ZIL,-3.8208,4.9,0.003757,1356.044355
2026-09-28T01:35:07.040Z,SUSHI,0.7769,367.2,0.2687,1356.044355
2026-09-28T01:35:07.040Z,PENDLE,0.0469,3564,2.627,1356.044355
2026-09-28T01:35:07.040Z,XTZ,0.4964,432,0.317,1356.044355
2026-09-28T01:35:07.040Z,W,-0.7117,20.55,0.015263,1356.044355
2026-09-28T01:35:07.040Z,AR,0.145,6145,4.525,1356.044355
2026-09-28T01:35:07.040Z,SHIB,0.1275,0.008,5.892e-06,1356.044355
2026-09-28T01:35:07.040Z,CELO,1.6389,132.3,0.09599,1356.044355
2026-09-28T01:35:07.040Z,STX,0.1544,458.1,0.3373,1356.044355
2026-09-28T01:35:07.040Z,JUP,0.7367,497.1,0.3639,1356.044355
2026-09-28T01:35:07.040Z,PEPE,0.4825,0.0059,4.33e-06,1356.044355
2026-09-28T01:35:07.040Z,DYDX,4.0919,200,0.14169,1356.044355
2026-09-28T01:35:07.040Z,KITE,-12.8993,176.2,0.14918,1356.044355
2026-09-28T01:35:07.040Z,CRV,0.5986,472,0.346,1356.044355
2026-09-28T01:35:07.040Z,ENJ,3.8074,42.92,0.03049,1356.044355
2026-09-28T01:35:07.040Z,ATOM,0.7965,2556,1.87,1356.044355
2026-09-28T01:35:07.040Z,ICP,-1.0833,4181,3.117,1356.044355
2026-09-28T01:35:07.040Z,SPACE,-0.6931,6.946,0.005158,1356.044355
2026-09-28T01:35:07.040Z,DOT,-0.1256,1702,1.2567,1356.044355
2026-09-28T01:35:07.040Z,ETHFI,-2.3872,950,0.7177,1356.044355
2026-09-28T01:35:07.040Z,CC,-3.1064,185,0.1408,1356.044355
2026-09-28T01:35:07.040Z,SYRUP,0.9038,298.7,0.2183,1356.044355
2026-09-28T01:35:07.040Z,TAO,0.8397,429100,313.8,1356.044355
2026-09-28T01:35:07.040Z,GRAM,-1.4771,2159,1.616,1356.044355
2026-09-28T01:35:07.040Z,RAY,2.3226,3000,2.1621,1356.044355
2026-09-28T01:35:07.040Z,RENDER,-1.5784,2724,2.041,1356.044355
2026-09-28T01:35:07.040Z,GRASS,3.8093,925,0.6571,1356.044355
2026-09-28T01:35:07.040Z,MINA,0.5482,196.3,0.14397,1356.044355
2026-09-28T01:35:07.040Z,POL,-1.1132,162,0.12081,1356.044355
2026-09-28T01:35:07.040Z,ENA,-1.0234,365.7,0.27247,1356.044355
2026-09-28T01:35:07.040Z,SAND,-9.7349,55.51,0.04535,1356.044355
2026-09-28T01:35:07.040Z,AERO,3.6675,1163,0.8273,1356.044355
2026-09-28T01:35:07.040Z,KGEN,1.0816,223.7,0.1632,1356.044355
2026-09-28T01:35:07.040Z,LIT,1.7384,6200,4.494,1356.044355
2026-09-28T01:35:07.040Z,MANA,1.0002,125.1,0.09134,1356.044355
2026-09-28T01:35:07.040Z,BAND,0.0389,305.5,0.2252,1356.044355
2026-09-28T01:35:07.040Z,APE,-5.261,208.7,0.16245,1356.044355
2026-09-28T01:35:07.040Z,GMT,1.0099,12.14,0.008863,1356.044355
2026-09-28T01:35:07.040Z,VIRTUAL,-3.6894,1090,0.8346,1356.044355
2026-09-28T01:35:07.040Z,LPT,-5.9058,2261,1.772,1356.044355
2026-09-28T01:35:07.040Z,DATA,5.5284,335,0.2341,1356.044355
2026-09-28T01:35:07.040Z,THETA,-4.8669,302,0.2341,1356.044355
2026-09-28T01:35:07.040Z,GRT,4.8897,49,0.03445,1356.044355
2026-09-28T01:35:07.040Z,LAYER,-4.9642,106.9,0.08295,1356.044355
2026-09-28T01:35:07.040Z,NMR,0.6248,14090,10.326,1356.044355
2026-09-28T01:35:07.040Z,EIGEN,-13.1742,321.9,0.2734,1356.044355
2026-09-28T01:35:07.040Z,BAT,-0.4792,129.3,0.09581,1356.044355
2026-09-28T01:35:07.040Z,SPK,0.7113,32.64,0.0239,1356.044355
2026-09-28T01:35:07.040Z,PUMP,-2.4862,6.81,0.00515,1356.044355
2026-09-28T01:35:07.040Z,KMNO,-3.886,60.71,0.04658,1356.044355
2026-09-28T01:35:07.040Z,CHZ,1.5987,22.76,0.01652,1356.044355
2026-09-28T01:35:07.040Z,PENGU,-0.6537,13.88,0.010303,1356.044355
2026-09-28T01:35:07.040Z,OP,-0.9778,197,0.14671,1356.044355
2026-09-28T01:35:07.040Z,UMA,-1.5945,571.8,0.4285,1356.044355
2026-09-28T01:35:07.040Z,ZRO,3.2676,2290,1.6353,1356.044355
2026-09-28T01:35:07.040Z,S,-0.6133,53.99,0.04006,1356.044355
2026-09-28T01:35:07.040Z,IMX,1.3871,258.5,0.18802,1356.044355
2026-09-28T01:35:07.040Z,A,-2.1684,136.1,0.10259,1356.044355
2026-09-28T01:35:07.040Z,ATH,1.857,8.652,0.006264,1356.044355
2026-09-28T01:35:07.040Z,COMP,6.2824,34950,24.25,1356.044355
2026-09-28T01:35:07.040Z,CVX,-5.2917,2828,2.202,1356.044355
2026-09-28T01:35:07.040Z,AXS,2.7657,1620,1.1625,1356.044355
2026-09-28T01:35:07.040Z,WCT,-0.5521,58.46,0.04335,1356.044355
2026-09-28T01:35:07.040Z,ME,0.1839,107.8,0.07935,1356.044355
2026-09-28T01:35:07.040Z,ASTER,1.796,997.2,0.7224,1356.044355
2026-09-28T01:35:07.040Z,GMX,-0.6168,11210,8.318,1356.044355
2026-09-28T01:35:07.040Z,MORPHO,5.0137,3810,2.6755,1356.044355
2026-09-28T01:35:07.040Z,MON,-7.899,35.02,0.02804,1356.044355
2026-09-28T01:35:07.040Z,1INCH,0.4055,139,0.10209,1356.044355
2026-09-28T01:35:07.040Z,SKY,1.0991,112.5,0.08206,1356.044355
2026-09-28T01:35:07.040Z,YGG,-2.7486,36.53,0.0277,1356.044355
2026-09-28T01:35:07.040Z,BIO,-3.8875,41.12,0.03155,1356.044355
2026-09-28T01:35:07.040Z,MOVE,-0.5024,12.9,0.009561,1356.044355
2026-09-28T01:35:07.040Z,GALA,-14.6174,2.663,0.0023,1356.044355
2026-09-28T01:35:07.040Z,ZK,0.6961,17.81,0.013043,1356.044355
2026-09-28T01:35:07.040Z,ENS,0.7477,9510,6.961,1356.044355
2026-09-28T01:35:07.040Z,INJ,5.0629,11040,7.749,1356.044355
2026-09-28T01:35:07.040Z,KAITO,-0.3741,480,0.3553,1356.044355
2026-09-28T01:35:07.040Z,LDO,-2.6137,650,0.4922,1356.044355
2026-09-28T01:35:07.040Z,BLUR,-3.0608,28.21,0.02146,1356.044355
2026-09-28T01:35:07.040Z,AUCTION,-1.1522,5170,3.857,1356.044355
2026-09-28T01:35:07.040Z,ZETA,5.1764,75.12,0.05267,1356.044355
2026-09-28T01:35:07.040Z,WIF,1.1362,333.4,0.2431,1356.044355
2026-09-28T01:35:07.040Z,KSM,-0.2517,6425,4.75,1356.044355
2026-09-28T01:40:07.295Z,BTC,0.2173,114013000,83895.3,1356.044355
2026-09-28T01:40:07.295Z,XRP,0.2387,2057,1.5133,1356.044355
2026-09-28T01:40:07.295Z,SOL,0.2203,165000,121.41,1356.044355
2026-09-28T01:40:07.295Z,ETH,0.2361,3627000,2668.39,1356.044355
2026-09-28T01:40:07.295Z,FIL,0.6642,1535,1.1245,1356.044355
2026-09-28T01:40:07.295Z,TRX,-0.0647,453.1,0.33435,1356.044355
2026-09-28T01:40:07.295Z,BNB,-0.5743,1048000,777.3,1356.044355
2026-09-28T01:40:07.295Z,WLD,-0.1053,727.7,0.5372,1356.044355
2026-09-28T01:40:07.295Z,FLOW,-1.8696,43.66,0.03281,1356.044355
2026-09-28T01:40:07.295Z,LINK,0.5052,19210,14.095,1356.044355
2026-09-28T01:40:07.295Z,DOGE,0.2433,131,0.09637,1356.044355
2026-09-28T01:40:07.295Z,SUI,0.1971,1720,1.2659,1356.044355
2026-09-28T01:40:07.295Z,XLM,0.0769,294.8,0.21723,1356.044355
2026-09-28T01:40:07.295Z,BCH,0.2322,445000,327.4,1356.044355
2026-09-28T01:40:07.295Z,AVAX,0.8284,14850,10.861,1356.044355
2026-09-28T01:40:07.295Z,ETC,0.3292,12850,9.445,1356.044355
2026-09-28T01:40:07.295Z,AAVE,0.3871,208700,153.31,1356.044355
2026-09-28T01:40:07.295Z,ADA,0.6071,348.3,0.2553,1356.044355
2026-09-28T01:40:07.295Z,HYPE,0.5153,123000,90.24,1356.044355
2026-09-28T01:40:07.295Z,SEI,0.0021,114.9,0.08473,1356.044355
2026-09-28T01:40:07.295Z,HBAR,-1.948,129.2,0.09717,1356.044355
2026-09-28T01:40:07.295Z,ARB,-0.6787,301.8,0.22408,1356.044355
2026-09-28T01:40:07.295Z,JTO,0.4215,804.8,0.591,1356.044355
2026-09-28T01:40:07.295Z,ONDO,0.9019,788.4,0.5762,1356.044355
2026-09-28T01:40:07.295Z,QTUM,-1.3071,1360,1.0162,1356.044355
2026-09-28T01:40:07.295Z,PYTH,5.7643,119.9,0.0836,1356.044355
2026-09-28T01:40:07.295Z,APT,0.853,1173,0.8577,1356.044355
2026-09-28T01:40:07.295Z,UNI,0.8043,13120,9.598,1356.044355
2026-09-28T01:40:07.295Z,TIA,0.0683,673.6,0.4964,1356.044355
2026-09-28T01:40:07.295Z,ALGO,-0.0343,162.9,0.12017,1356.044355
2026-09-28T01:40:07.295Z,NEAR,-0.9811,7185,5.351,1356.044355
2026-09-28T01:40:07.295Z,ZIL,-3.7183,4.9,0.003753,1356.044355
2026-09-28T01:40:07.295Z,SUSHI,1.0025,367.2,0.2681,1356.044355
2026-09-28T01:40:07.295Z,PENDLE,-0.1052,3564,2.631,1356.044355
2026-09-28T01:40:07.295Z,XTZ,0.4964,432,0.317,1356.044355
2026-09-28T01:40:07.295Z,W,-0.3395,20.55,0.015206,1356.044355
2026-09-28T01:40:07.295Z,AR,1.0833,6145,4.483,1356.044355
2026-09-28T01:40:07.295Z,SHIB,0.1615,0.008,5.89e-06,1356.044355
2026-09-28T01:40:07.295Z,CELO,1.9469,132.3,0.0957,1356.044355
2026-09-28T01:40:07.295Z,STX,0.8721,458.1,0.3349,1356.044355
2026-09-28T01:40:07.295Z,JUP,1.0143,497.1,0.3629,1356.044355
2026-09-28T01:40:07.295Z,PEPE,0.5986,0.0059,4.325e-06,1356.044355
2026-09-28T01:40:07.295Z,DYDX,4.3349,200,0.14136,1356.044355
2026-09-28T01:40:07.295Z,KITE,-12.7473,176.2,0.14892,1356.044355
2026-09-28T01:40:07.295Z,CRV,0.6859,472,0.3457,1356.044355
2026-09-28T01:40:07.295Z,ENJ,3.8074,42.92,0.03049,1356.044355
2026-09-28T01:40:07.295Z,ATOM,0.9044,2556,1.868,1356.044355
2026-09-28T01:40:07.295Z,ICP,-1.0516,4181,3.116,1356.044355
2026-09-28T01:40:07.295Z,SPACE,-0.7316,6.946,0.00516,1356.044355
2026-09-28T01:40:07.295Z,DOT,0.2813,1702,1.2516,1356.044355
2026-09-28T01:40:07.295Z,ETHFI,-1.73,950,0.7129,1356.044355
2026-09-28T01:40:07.295Z,CC,-2.8026,185,0.14036,1356.044355
2026-09-28T01:40:07.295Z,SYRUP,1.275,298.7,0.2175,1356.044355
2026-09-28T01:40:07.295Z,TAO,0.8397,429100,313.8,1356.044355
2026-09-28T01:40:07.295Z,GRAM,-1.5988,2159,1.618,1356.044355
2026-09-28T01:40:07.295Z,RAY,2.1619,3000,2.1655,1356.044355
2026-09-28T01:40:07.295Z,RENDER,-1.2397,2724,2.034,1356.044355
2026-09-28T01:40:07.295Z,GRASS,3.92,925,0.6564,1356.044355
2026-09-28T01:40:07.295Z,MINA,0.6811,196.3,0.14378,1356.044355
2026-09-28T01:40:07.295Z,POL,-0.8753,162,0.12052,1356.044355
2026-09-28T01:40:07.295Z,ENA,-1.5869,365.7,0.27403,1356.044355
2026-09-28T01:40:07.295Z,SAND,-9.6153,55.51,0.04529,1356.044355
2026-09-28T01:40:07.295Z,AERO,4.2092,1163,0.823,1356.044355
2026-09-28T01:40:07.295Z,KGEN,1.2056,223.7,0.163,1356.044355
2026-09-28T01:40:07.295Z,LIT,1.7837,6200,4.492,1356.044355
2026-09-28T01:40:07.295Z,MANA,1.233,125.1,0.09113,1356.044355
2026-09-28T01:40:07.295Z,BAND,0.2169,305.5,0.2248,1356.044355
2026-09-28T01:40:07.295Z,APE,-5.2493,208.7,0.16243,1356.044355
2026-09-28T01:40:07.295Z,GMT,1.3071,12.14,0.008837,1356.044355
2026-09-28T01:40:07.295Z,VIRTUAL,-3.724,1090,0.8349,1356.044355
2026-09-28T01:40:07.295Z,LPT,-5.9058,2261,1.772,1356.044355
2026-09-28T01:40:07.295Z,DATA,5.8449,335,0.2334,1356.044355
2026-09-28T01:40:07.295Z,THETA,-4.5816,302,0.2334,1356.044355
2026-09-28T01:40:07.295Z,GRT,4.1941,49,0.03468,1356.044355
2026-09-28T01:40:07.295Z,LAYER,-4.4342,106.9,0.08249,1356.044355
2026-09-28T01:40:07.295Z,NMR,0.4691,14090,10.342,1356.044355
2026-09-28T01:40:07.295Z,EIGEN,-13.047,321.9,0.273,1356.044355
2026-09-28T01:40:07.295Z,BAT,-0.2084,129.3,0.09555,1356.044355
2026-09-28T01:40:07.295Z,SPK,0.7535,32.64,0.02389,1356.044355
2026-09-28T01:40:07.295Z,PUMP,-2.7694,6.81,0.005165,1356.044355
2026-09-28T01:40:07.295Z,KMNO,-3.8033,60.71,0.04654,1356.044355
2026-09-28T01:40:07.295Z,CHZ,1.4759,22.76,0.01654,1356.044355
2026-09-28T01:40:07.295Z,PENGU,0.2504,13.99,0.010291,1356.044355
2026-09-28T01:40:07.295Z,OP,-0.9845,197,0.14672,1356.044355
2026-09-28T01:40:07.295Z,UMA,-1.3643,571.8,0.4275,1356.044355
2026-09-28T01:40:07.295Z,ZRO,3.2929,2290,1.6349,1356.044355
2026-09-28T01:40:07.295Z,S,-0.2647,53.99,0.03992,1356.044355
2026-09-28T01:40:07.295Z,IMX,1.766,258.5,0.18732,1356.044355
2026-09-28T01:40:07.295Z,A,-1.8527,136.1,0.10226,1356.044355
2026-09-28T01:40:07.295Z,ATH,1.9872,8.652,0.006256,1356.044355
2026-09-28T01:40:07.295Z,COMP,6.1511,34950,24.28,1356.044355
2026-09-28T01:40:07.295Z,CVX,-4.903,2828,2.193,1356.044355
2026-09-28T01:40:07.295Z,AXS,2.8807,1620,1.1612,1356.044355
2026-09-28T01:40:07.295Z,WCT,-0.5521,58.46,0.04335,1356.044355
2026-09-28T01:40:07.295Z,ME,0.5005,107.8,0.0791,1356.044355
2026-09-28T01:40:07.295Z,ASTER,1.6553,997.2,0.7234,1356.044355
2026-09-28T01:40:07.295Z,GMX,-0.4493,11210,8.304,1356.044355
2026-09-28T01:40:07.295Z,MORPHO,4.9941,3810,2.676,1356.044355
2026-09-28T01:40:07.295Z,MON,-8.2589,35.02,0.02815,1356.044355
2026-09-28T01:40:07.295Z,1INCH,0.5336,139,0.10196,1356.044355
2026-09-28T01:40:07.295Z,SKY,1.1237,112.5,0.08204,1356.044355
2026-09-28T01:40:07.295Z,YGG,-2.5375,36.53,0.02764,1356.044355
2026-09-28T01:40:07.295Z,BIO,-3.7349,41.12,0.0315,1356.044355
2026-09-28T01:40:07.295Z,MOVE,-0.2834,12.9,0.00954,1356.044355
2026-09-28T01:40:07.295Z,GALA,-14.4686,2.663,0.002296,1356.044355
2026-09-28T01:40:07.295Z,ZK,0.9437,17.81,0.013011,1356.044355
2026-09-28T01:40:07.295Z,ENS,0.9362,9510,6.948,1356.044355
2026-09-28T01:40:07.295Z,INJ,5.1579,11040,7.742,1356.044355
2026-09-28T01:40:07.295Z,KAITO,-0.3741,480,0.3553,1356.044355
2026-09-28T01:40:07.295Z,LDO,-2.0765,650,0.4895,1356.044355
2026-09-28T01:40:07.295Z,BLUR,-2.789,28.21,0.0214,1356.044355
2026-09-28T01:40:07.295Z,AUCTION,-1.1522,5170,3.857,1356.044355
2026-09-28T01:40:07.295Z,ZETA,5.517,75.12,0.0525,1356.044355
2026-09-28T01:40:07.295Z,WIF,1.4283,333.4,0.2424,1356.044355
2026-09-28T01:40:07.295Z,KSM,-0.1045,6425,4.743,1356.044355
2026-09-28T01:45:06.792Z,BTC,0.3432,113973000,83760.7,1356.044355
2026-09-28T01:45:06.792Z,XRP,0.3798,2052,1.5075,1356.044355
2026-09-28T01:45:06.792Z,SOL,0.4268,164700,120.94,1356.044355
2026-09-28T01:45:06.792Z,ETH,0.3094,3623000,2663.5,1356.044355
2026-09-28T01:45:06.792Z,FIL,0.5629,1528,1.1205,1356.044355
2026-09-28T01:45:06.792Z,TRX,-0.0976,453.1,0.33446,1356.044355
2026-09-28T01:45:06.792Z,BNB,-0.3307,1048000,775.4,1356.044355
2026-09-28T01:45:06.792Z,WLD,0.1311,728.2,0.5363,1356.044355
2026-09-28T01:45:06.792Z,FLOW,-1.5696,43.66,0.03271,1356.044355
2026-09-28T01:45:06.792Z,LINK,0.4286,19130,14.047,1356.044355
2026-09-28T01:45:06.792Z,DOGE,0.3402,130.8,0.09613,1356.044355
2026-09-28T01:45:06.792Z,SUI,0.2781,1715,1.2612,1356.044355
2026-09-28T01:45:06.792Z,XLM,0.4777,294.7,0.21629,1356.044355
2026-09-28T01:45:06.792Z,BCH,0.4163,445000,326.8,1356.044355
2026-09-28T01:45:06.792Z,AVAX,1.2291,14850,10.818,1356.044355
2026-09-28T01:45:06.792Z,ETC,0.6489,12850,9.415,1356.044355
2026-09-28T01:45:06.792Z,AAVE,0.7618,208700,152.74,1356.044355
2026-09-28T01:45:06.792Z,ADA,0.8837,348.3,0.2546,1356.044355
2026-09-28T01:45:06.792Z,HYPE,0.799,123000,89.986,1356.044355
2026-09-28T01:45:06.792Z,SEI,0.465,115.5,0.08478,1356.044355
2026-09-28T01:45:06.792Z,HBAR,-1.766,129.2,0.09699,1356.044355
2026-09-28T01:45:06.792Z,ARB,-0.5678,301.8,0.22383,1356.044355
2026-09-28T01:45:06.792Z,JTO,0.39,800.6,0.5881,1356.044355
2026-09-28T01:45:06.792Z,ONDO,0.301,778.4,0.5723,1356.044355
2026-09-28T01:45:06.792Z,QTUM,-0.8779,1360,1.0118,1356.044355
2026-09-28T01:45:06.792Z,PYTH,6.1962,119.9,0.08326,1356.044355
2026-09-28T01:45:06.792Z,APT,1.207,1173,0.8547,1356.044355
2026-09-28T01:45:06.792Z,UNI,1.2262,13120,9.558,1356.044355
2026-09-28T01:45:06.792Z,TIA,0.4122,673.6,0.4947,1356.044355
2026-09-28T01:45:06.792Z,ALGO,0.124,162.9,0.11998,1356.044355
2026-09-28T01:45:06.792Z,NEAR,-1.0736,7185,5.356,1356.044355
2026-09-28T01:45:06.792Z,ZIL,-3.4869,4.9,0.003744,1356.044355
2026-09-28T01:45:06.792Z,SUSHI,1.5707,367.2,0.2666,1356.044355
2026-09-28T01:45:06.792Z,PENDLE,0.2759,3564,2.621,1356.044355
2026-09-28T01:45:06.792Z,XTZ,0.8783,432,0.3158,1356.044355
2026-09-28T01:45:06.792Z,W,0.3136,20.55,0.015107,1356.044355
2026-09-28T01:45:06.792Z,AR,1.6958,6145,4.456,1356.044355
2026-09-28T01:45:06.792Z,SHIB,0.5884,0.008,5.865e-06,1356.044355
2026-09-28T01:45:06.792Z,CELO,2.139,132.3,0.09552,1356.044355
2026-09-28T01:45:06.792Z,STX,0.842,458.1,0.335,1356.044355
2026-09-28T01:45:06.792Z,JUP,1.1816,497.1,0.3623,1356.044355
2026-09-28T01:45:06.792Z,PEPE,0.9956,0.0059,4.308e-06,1356.044355
2026-09-28T01:45:06.792Z,DYDX,4.6904,200,0.14088,1356.044355
2026-09-28T01:45:06.792Z,KITE,-12.5358,176.2,0.14856,1356.044355
2026-09-28T01:45:06.792Z,CRV,0.978,472,0.3447,1356.044355
2026-09-28T01:45:06.792Z,ENJ,4.2863,42.92,0.03035,1356.044355
2026-09-28T01:45:06.792Z,ATOM,1.2295,2556,1.862,1356.044355
2026-09-28T01:45:06.792Z,ICP,-0.573,4181,3.101,1356.044355
2026-09-28T01:45:06.792Z,SPACE,-0.3453,6.946,0.00514,1356.044355
2026-09-28T01:45:06.792Z,DOT,0.4097,1702,1.25,1356.044355
2026-09-28T01:45:06.792Z,ETHFI,-1.3286,950,0.71,1356.044355
2026-09-28T01:45:06.792Z,CC,-2.9755,185,0.14061,1356.044355
2026-09-28T01:45:06.792Z,SYRUP,1.6488,298.7,0.2167,1356.044355
2026-09-28T01:45:06.792Z,TAO,1.0652,429100,313.1,1356.044355
2026-09-28T01:45:06.792Z,GRAM,-1.4771,2159,1.616,1356.044355
2026-09-28T01:45:06.792Z,RAY,2.8363,3000,2.1513,1356.044355
2026-09-28T01:45:06.792Z,RENDER,-0.7518,2724,2.024,1356.044355
2026-09-28T01:45:06.792Z,GRASS,4.7177,925,0.6514,1356.044355
2026-09-28T01:45:06.792Z,MINA,0.8635,196.3,0.14352,1356.044355
2026-09-28T01:45:06.792Z,POL,-0.4125,162,0.11996,1356.044355
2026-09-28T01:45:06.792Z,ENA,-1.6587,365.7,0.27423,1356.044355
2026-09-28T01:45:06.792Z,SAND,-9.2144,55.51,0.04509,1356.044355
2026-09-28T01:45:06.792Z,AERO,4.2852,1163,0.8224,1356.044355
2026-09-28T01:45:06.792Z,KGEN,1.2056,223.7,0.163,1356.044355
2026-09-28T01:45:06.792Z,LIT,1.8585,6200,4.4887,1356.044355
2026-09-28T01:45:06.792Z,MANA,1.3776,125.1,0.091,1356.044355
2026-09-28T01:45:06.792Z,BAND,0.3508,305.5,0.2245,1356.044355
2026-09-28T01:45:06.792Z,APE,-5.1208,208.7,0.16221,1356.044355
2026-09-28T01:45:06.792Z,GMT,1.3874,12.14,0.00883,1356.044355
2026-09-28T01:45:06.792Z,VIRTUAL,-3.1439,1090,0.8299,1356.044355
2026-09-28T01:45:06.792Z,LPT,-5.6929,2261,1.768,1356.044355
2026-09-28T01:45:06.792Z,DATA,5.5735,335,0.234,1356.044355
2026-09-28T01:45:06.792Z,THETA,-4.4588,302,0.2331,1356.044355
2026-09-28T01:45:06.792Z,GRT,3.212,49,0.03501,1356.044355
2026-09-28T01:45:06.792Z,LAYER,-3.9568,106.9,0.08208,1356.044355
2026-09-28T01:45:06.792Z,NMR,1.4501,14090,10.242,1356.044355
2026-09-28T01:45:06.792Z,EIGEN,-12.631,321.9,0.2717,1356.044355
2026-09-28T01:45:06.792Z,BAT,0.2216,129.3,0.09514,1356.044355
2026-09-28T01:45:06.792Z,SPK,1.177,32.64,0.02379,1356.044355
2026-09-28T01:45:06.792Z,PUMP,-2.543,6.81,0.005153,1356.044355
2026-09-28T01:45:06.792Z,KMNO,-3.4715,60.71,0.04638,1356.044355
2026-09-28T01:45:06.792Z,CHZ,2.0311,22.76,0.01645,1356.044355
2026-09-28T01:45:06.792Z,PENGU,1.1506,14.01,0.010214,1356.044355
2026-09-28T01:45:06.792Z,OP,-0.7274,197,0.14634,1356.044355
2026-09-28T01:45:06.792Z,UMA,-1.2488,571.8,0.427,1356.044355
2026-09-28T01:45:06.792Z,ZRO,3.6352,2290,1.6295,1356.044355
2026-09-28T01:45:06.792Z,S,-0.0644,53.99,0.03984,1356.044355
2026-09-28T01:45:06.792Z,IMX,1.7117,258.5,0.18742,1356.044355
2026-09-28T01:45:06.792Z,A,-1.4769,136.1,0.10187,1356.044355
2026-09-28T01:45:06.792Z,ATH,2.4951,8.652,0.006225,1356.044355
2026-09-28T01:45:06.792Z,COMP,6.502,34950,24.2,1356.044355
2026-09-28T01:45:06.792Z,CVX,-4.3798,2828,2.181,1356.044355
2026-09-28T01:45:06.792Z,AXS,3.0316,1620,1.1595,1356.044355
2026-09-28T01:45:06.792Z,WCT,-0.3221,58.46,0.04325,1356.044355
2026-09-28T01:45:06.792Z,ME,0.8832,107.8,0.0788,1356.044355
2026-09-28T01:45:06.792Z,ASTER,1.796,997.2,0.7224,1356.044355
2026-09-28T01:45:06.792Z,GMX,-0.4013,11210,8.3,1356.044355
2026-09-28T01:45:06.792Z,MORPHO,5.4156,3810,2.6653,1356.044355
2026-09-28T01:45:06.792Z,MON,-7.5694,35.02,0.02794,1356.044355
2026-09-28T01:45:06.792Z,1INCH,0.7312,139,0.10176,1356.044355
2026-09-28T01:45:06.792Z,SKY,1.1607,112.5,0.08201,1356.044355
2026-09-28T01:45:06.792Z,YGG,-2.2191,36.53,0.02755,1356.044355
2026-09-28T01:45:06.792Z,BIO,-3.4898,41.12,0.03142,1356.044355
2026-09-28T01:45:06.792Z,MOVE,0.1259,12.9,0.009501,1356.044355
2026-09-28T01:45:06.792Z,GALA,-14.1696,2.663,0.002288,1356.044355
2026-09-28T01:45:06.792Z,ZK,1.2628,17.81,0.01297,1356.044355
2026-09-28T01:45:06.792Z,ENS,1.3007,9510,6.923,1356.044355
2026-09-28T01:45:06.792Z,INJ,5.4576,11040,7.72,1356.044355
2026-09-28T01:45:06.792Z,KAITO,0.1332,480,0.3535,1356.044355
2026-09-28T01:45:06.792Z,LDO,-1.9965,650,0.4891,1356.044355
2026-09-28T01:45:06.792Z,BLUR,-2.47,28.21,0.02133,1356.044355
2026-09-28T01:45:06.792Z,AUCTION,-0.8695,5170,3.846,1356.044355
2026-09-28T01:45:06.792Z,ZETA,5.7385,75.12,0.05239,1356.044355
2026-09-28T01:45:06.792Z,WIF,1.68,333.4,0.2418,1356.044355
2026-09-28T01:45:06.792Z,KSM,0.1701,6425,4.73,1356.044355
2026-09-28T01:50:07.131Z,BTC,0.391,113800000,83593.7,1356.044355
2026-09-28T01:50:07.131Z,XRP,0.4457,2040,1.4977,1356.044355
2026-09-28T01:50:07.131Z,SOL,0.4986,164000,120.34,1356.044355
2026-09-28T01:50:07.131Z,ETH,0.4208,3610000,2651,1356.044355
2026-09-28T01:50:07.131Z,FIL,0.5659,1523,1.1168,1356.044355
2026-09-28T01:50:07.131Z,TRX,0.055,453.1,0.33395,1356.044355
2026-09-28T01:50:07.131Z,BNB,0.5208,1053000,772.5,1356.044355
2026-09-28T01:50:07.131Z,WLD,0.3073,722,0.5308,1356.044355
2026-09-28T01:50:07.131Z,FLOW,-0.6891,43.66,0.03242,1356.044355
2026-09-28T01:50:07.131Z,LINK,0.9222,19120,13.971,1356.044355
2026-09-28T01:50:07.131Z,DOGE,0.3912,129.9,0.09542,1356.044355
2026-09-28T01:50:07.131Z,SUI,0.4532,1712,1.2568,1356.044355
2026-09-28T01:50:07.131Z,XLM,0.4897,293.1,0.21509,1356.044355
2026-09-28T01:50:07.131Z,BCH,1.128,445000,324.5,1356.044355
2026-09-28T01:50:07.131Z,AVAX,1.8884,14850,10.748,1356.044355
2026-09-28T01:50:07.131Z,ETC,0.66,12790,9.37,1356.044355
2026-09-28T01:50:07.131Z,AAVE,1.1791,208700,152.11,1356.044355
2026-09-28T01:50:07.131Z,ADA,0.8037,345.7,0.2529,1356.044355
2026-09-28T01:50:07.131Z,HYPE,0.855,123000,89.936,1356.044355
2026-09-28T01:50:07.131Z,SEI,0.5279,114.4,0.08392,1356.044355
2026-09-28T01:50:07.131Z,HBAR,-1.093,129.2,0.09633,1356.044355
2026-09-28T01:50:07.131Z,ARB,-0.2201,301.8,0.22305,1356.044355
2026-09-28T01:50:07.131Z,JTO,0.6331,799.4,0.5858,1356.044355
2026-09-28T01:50:07.131Z,ONDO,0.4644,774.9,0.5688,1356.044355
2026-09-28T01:50:07.131Z,QTUM,-0.1973,1360,1.0049,1356.044355
2026-09-28T01:50:07.131Z,PYTH,7.3306,119.9,0.08238,1356.044355
2026-09-28T01:50:07.131Z,APT,1.3849,1173,0.8532,1356.044355
2026-09-28T01:50:07.131Z,UNI,1.3004,13120,9.551,1356.044355
2026-09-28T01:50:07.131Z,TIA,1.2307,673.6,0.4907,1356.044355
2026-09-28T01:50:07.131Z,ALGO,0.1658,162.9,0.11993,1356.044355
2026-09-28T01:50:07.131Z,NEAR,0.083,7250,5.342,1356.044355
2026-09-28T01:50:07.131Z,ZIL,-2.9686,4.9,0.003724,1356.044355
2026-09-28T01:50:07.131Z,SUSHI,2.6099,367.2,0.2639,1356.044355
2026-09-28T01:50:07.131Z,PENDLE,1.047,3564,2.601,1356.044355
2026-09-28T01:50:07.131Z,XTZ,1.911,432,0.3126,1356.044355
2026-09-28T01:50:07.131Z,W,1.714,20.55,0.014899,1356.044355
2026-09-28T01:50:07.131Z,AR,4.438,6145,4.339,1356.044355
2026-09-28T01:50:07.131Z,SHIB,1.2792,0.008,5.825e-06,1356.044355
2026-09-28T01:50:07.131Z,CELO,2.9582,132.3,0.09476,1356.044355
2026-09-28T01:50:07.131Z,STX,1.3868,458.1,0.3332,1356.044355
2026-09-28T01:50:07.131Z,JUP,1.6586,497.1,0.3606,1356.044355
2026-09-28T01:50:07.131Z,PEPE,1.8467,0.0059,4.272e-06,1356.044355
2026-09-28T01:50:07.131Z,DYDX,5.3484,200,0.14,1356.044355
2026-09-28T01:50:07.131Z,KITE,-12.2819,176.2,0.14813,1356.044355
2026-09-28T01:50:07.131Z,CRV,1.2718,472,0.3437,1356.044355
2026-09-28T01:50:07.131Z,ENJ,5.2573,42.92,0.03007,1356.044355
2026-09-28T01:50:07.131Z,ATOM,1.7761,2556,1.852,1356.044355
2026-09-28T01:50:07.131Z,ICP,0.17,4181,3.078,1356.044355
2026-09-28T01:50:07.131Z,SPACE,0.3773,6.946,0.005103,1356.044355
2026-09-28T01:50:07.131Z,DOT,0.6542,1697,1.2433,1356.044355
2026-09-28T01:50:07.131Z,ETHFI,0.5082,954.6,0.7004,1356.044355
2026-09-28T01:50:07.131Z,CC,-2.2875,185,0.13962,1356.044355
2026-09-28T01:50:07.131Z,SYRUP,2.0255,298.7,0.2159,1356.044355
2026-09-28T01:50:07.131Z,TAO,1.4926,428300,311.2,1356.044355
2026-09-28T01:50:07.131Z,GRAM,-1.416,2159,1.615,1356.044355
2026-09-28T01:50:07.131Z,RAY,2.9224,3000,2.1495,1356.044355
2026-09-28T01:50:07.131Z,RENDER,-0.1598,2724,2.012,1356.044355
2026-09-28T01:50:07.131Z,GRASS,5.7076,925,0.6453,1356.044355
2026-09-28T01:50:07.131Z,MINA,1.8499,196.3,0.14213,1356.044355
2026-09-28T01:50:07.131Z,POL,0.2224,162,0.1192,1356.044355
2026-09-28T01:50:07.131Z,ENA,-1.2698,365.7,0.27315,1356.044355
2026-09-28T01:50:07.131Z,SAND,-8.6878,55.51,0.04483,1356.044355
2026-09-28T01:50:07.131Z,AERO,4.7054,1163,0.8191,1356.044355
2026-09-28T01:50:07.131Z,KGEN,1.5795,223.7,0.1624,1356.044355
2026-09-28T01:50:07.131Z,LIT,2.1338,6200,4.4766,1356.044355
2026-09-28T01:50:07.131Z,MANA,2.0392,125.1,0.09041,1356.044355
2026-09-28T01:50:07.131Z,BAND,1.1165,305.5,0.2228,1356.044355
2026-09-28T01:50:07.131Z,APE,-4.1279,208.7,0.16053,1356.044355
2026-09-28T01:50:07.131Z,GMT,2.0345,12.14,0.008774,1356.044355
2026-09-28T01:50:07.131Z,VIRTUAL,-2.0462,1090,0.8206,1356.044355
2026-09-28T01:50:07.131Z,LPT,-4.8859,2261,1.753,1356.044355
2026-09-28T01:50:07.131Z,DATA,5.8903,335,0.2333,1356.044355
2026-09-28T01:50:07.131Z,THETA,-3.7153,302,0.2313,1356.044355
2026-09-28T01:50:07.131Z,GRT,4.4188,48.78,0.03445,1356.044355
2026-09-28T01:50:07.131Z,LAYER,-3.6399,106.9,0.08181,1356.044355
2026-09-28T01:50:07.131Z,NMR,1.8678,14090,10.2,1356.044355
2026-09-28T01:50:07.131Z,EIGEN,-11.7212,321.9,0.2689,1356.044355
2026-09-28T01:50:07.131Z,BAT,0.6767,129.3,0.09471,1356.044355
2026-09-28T01:50:07.131Z,SPK,1.7329,32.64,0.02366,1356.044355
2026-09-28T01:50:07.131Z,PUMP,-2.0679,6.81,0.005128,1356.044355
2026-09-28T01:50:07.131Z,KMNO,-3.3673,60.71,0.04633,1356.044355
2026-09-28T01:50:07.131Z,CHZ,2.4671,22.76,0.01638,1356.044355
2026-09-28T01:50:07.131Z,PENGU,1.8687,14.01,0.010142,1356.044355
2026-09-28T01:50:07.131Z,OP,0.2661,197,0.14489,1356.044355
2026-09-28T01:50:07.131Z,UMA,-0.7607,571.8,0.4249,1356.044355
2026-09-28T01:50:07.131Z,ZRO,3.9798,2290,1.6241,1356.044355
2026-09-28T01:50:07.131Z,S,0.7958,53.99,0.0395,1356.044355
2026-09-28T01:50:07.131Z,IMX,2.4056,258.5,0.18615,1356.044355
2026-09-28T01:50:07.131Z,A,-0.9714,136.1,0.10135,1356.044355
2026-09-28T01:50:07.131Z,ATH,3.3251,8.652,0.006175,1356.044355
2026-09-28T01:50:07.131Z,COMP,7.1663,34950,24.05,1356.044355
2026-09-28T01:50:07.131Z,CVX,-2.5022,2828,2.139,1356.044355
2026-09-28T01:50:07.131Z,AXS,3.8105,1620,1.1508,1356.044355
2026-09-28T01:50:07.131Z,WCT,0.5145,58.46,0.04289,1356.044355
2026-09-28T01:50:07.131Z,ME,1.4885,107.8,0.07833,1356.044355
2026-09-28T01:50:07.131Z,ASTER,2.5483,997.2,0.7171,1356.044355
2026-09-28T01:50:07.131Z,GMX,0.1902,11210,8.251,1356.044355
2026-09-28T01:50:07.131Z,MORPHO,5.7051,3810,2.658,1356.044355
2026-09-28T01:50:07.131Z,MON,-7.1039,35.02,0.0278,1356.044355
2026-09-28T01:50:07.131Z,1INCH,1.3186,139,0.10117,1356.044355
2026-09-28T01:50:07.131Z,SKY,1.8062,112.5,0.08149,1356.044355
2026-09-28T01:50:07.131Z,YGG,-1.3598,36.53,0.02731,1356.044355
2026-09-28T01:50:07.131Z,BIO,-2.2769,41.12,0.03103,1356.044355
2026-09-28T01:50:07.131Z,MOVE,0.7089,12.9,0.009446,1356.044355
2026-09-28T01:50:07.131Z,GALA,-13.6791,2.663,0.002275,1356.044355
2026-09-28T01:50:07.131Z,ZK,1.915,17.81,0.012887,1356.044355
2026-09-28T01:50:07.131Z,ENS,0.8574,9400,6.873,1356.044355
2026-09-28T01:50:07.131Z,INJ,5.7041,11040,7.702,1356.044355
2026-09-28T01:50:07.131Z,KAITO,0.4457,480,0.3524,1356.044355
2026-09-28T01:50:07.131Z,LDO,-1.5941,650,0.4871,1356.044355
2026-09-28T01:50:07.131Z,BLUR,-2.1949,28.21,0.02127,1356.044355
2026-09-28T01:50:07.131Z,AUCTION,0.0147,5170,3.812,1356.044355
2026-09-28T01:50:07.131Z,ZETA,6.2863,75.12,0.05212,1356.044355
2026-09-28T01:50:07.131Z,WIF,2.1871,333.4,0.2406,1356.044355
2026-09-28T01:50:07.131Z,KSM,0.8095,6425,4.7,1356.044355
2026-09-28T01:55:07.004Z,BTC,0.404,113994000,83725.4,1356.044355
2026-09-28T01:55:07.004Z,XRP,0.3528,2049,1.5057,1356.044355
2026-09-28T01:55:07.004Z,SOL,0.3269,164400,120.84,1356.044355
2026-09-28T01:55:07.004Z,ETH,0.3505,3617000,2658,1356.044355
2026-09-28T01:55:07.004Z,FIL,0.3408,1520,1.1171,1356.044355
2026-09-28T01:55:07.004Z,TRX,0.073,453.1,0.33389,1356.044355
2026-09-28T01:55:07.004Z,BNB,0.2742,1053000,774.4,1356.044355
2026-09-28T01:55:07.004Z,WLD,0.3521,724.5,0.5324,1356.044355
2026-09-28T01:55:07.004Z,FLOW,-1.3283,43.66,0.03263,1356.044355
2026-09-28T01:55:07.004Z,LINK,0.4454,19140,14.052,1356.044355
2026-09-28T01:55:07.004Z,DOGE,0.427,130.6,0.0959,1356.044355
2026-09-28T01:55:07.004Z,SUI,0.4408,1725,1.2665,1356.044355
2026-09-28T01:55:07.004Z,XLM,0.693,295.7,0.21656,1356.044355
2026-09-28T01:55:07.004Z,BCH,0.7245,445000,325.8,1356.044355
2026-09-28T01:55:07.004Z,AVAX,1.1263,14850,10.829,1356.044355
2026-09-28T01:55:07.004Z,ETC,0.3708,12790,9.397,1356.044355
2026-09-28T01:55:07.004Z,AAVE,0.9071,208700,152.52,1356.044355
2026-09-28T01:55:07.004Z,ADA,0.2547,346.4,0.2548,1356.044355
2026-09-28T01:55:07.004Z,HYPE,0.3832,122200,89.771,1356.044355
2026-09-28T01:55:07.004Z,SEI,0.713,113.6,0.08318,1356.044355
2026-09-28T01:55:07.004Z,HBAR,-1.9177,129.2,0.09714,1356.044355
2026-09-28T01:55:07.004Z,ARB,-0.5811,301.8,0.22386,1356.044355
2026-09-28T01:55:07.004Z,JTO,0.2395,799.4,0.5881,1356.044355
2026-09-28T01:55:07.004Z,ONDO,-0.5497,774.9,0.5746,1356.044355
2026-09-28T01:55:07.004Z,QTUM,-0.6816,1360,1.0098,1356.044355
2026-09-28T01:55:07.004Z,PYTH,6.7346,119.9,0.08284,1356.044355
2026-09-28T01:55:07.004Z,APT,0.6418,1173,0.8595,1356.044355
2026-09-28T01:55:07.004Z,UNI,1.258,13120,9.555,1356.044355
2026-09-28T01:55:07.004Z,TIA,0.7175,673.6,0.4932,1356.044355
2026-09-28T01:55:07.004Z,ALGO,0.661,162.9,0.11934,1356.044355
2026-09-28T01:55:07.004Z,NEAR,0.2324,7235,5.323,1356.044355
2026-09-28T01:55:07.004Z,ZIL,-3.4095,4.9,0.003741,1356.044355
2026-09-28T01:55:07.004Z,SUSHI,2.184,367.2,0.265,1356.044355
2026-09-28T01:55:07.004Z,PENDLE,0.4676,3564,2.616,1356.044355
2026-09-28T01:55:07.004Z,XTZ,1.2953,432,0.3145,1356.044355
2026-09-28T01:55:07.004Z,W,2.4706,20.55,0.014789,1356.044355
2026-09-28T01:55:07.004Z,AR,5.3607,6145,4.301,1356.044355
2026-09-28T01:55:07.004Z,SHIB,0.9154,0.008,5.846e-06,1356.044355
2026-09-28T01:55:07.004Z,CELO,2.1497,132.3,0.09551,1356.044355
2026-09-28T01:55:07.004Z,STX,1.2652,458.1,0.3336,1356.044355
2026-09-28T01:55:07.004Z,JUP,1.2655,497.1,0.362,1356.044355
2026-09-28T01:55:07.004Z,PEPE,1.2541,0.0059,4.297e-06,1356.044355
2026-09-28T01:55:07.004Z,DYDX,4.9735,200,0.1405,1356.044355
2026-09-28T01:55:07.004Z,KITE,-12.2938,176.2,0.14815,1356.044355
2026-09-28T01:55:07.004Z,CRV,0.9195,472,0.3449,1356.044355
2026-09-28T01:55:07.004Z,ENJ,4.6656,42.92,0.03024,1356.044355
2026-09-28T01:55:07.004Z,ATOM,1.3384,2556,1.86,1356.044355
2026-09-28T01:55:07.004Z,ICP,-0.4124,4181,3.096,1356.044355
2026-09-28T01:55:07.004Z,SPACE,-0.5195,6.946,0.005149,1356.044355
2026-09-28T01:55:07.004Z,DOT,-0.3477,1692,1.2521,1356.044355
2026-09-28T01:55:07.004Z,ETHFI,0.0937,954.6,0.7033,1356.044355
2026-09-28T01:55:07.004Z,CC,-2.5457,185,0.13999,1356.044355
2026-09-28T01:55:07.004Z,SYRUP,1.9783,298.7,0.216,1356.044355
2026-09-28T01:55:07.004Z,TAO,1.1028,428300,312.4,1356.044355
2026-09-28T01:55:07.004Z,GRAM,-1.902,2159,1.623,1356.044355
2026-09-28T01:55:07.004Z,RAY,2.5455,3000,2.1574,1356.044355
2026-09-28T01:55:07.004Z,RENDER,-0.3579,2724,2.016,1356.044355
2026-09-28T01:55:07.004Z,GRASS,4.4131,925,0.6533,1356.044355
2026-09-28T01:55:07.004Z,MINA,0.412,194.4,0.14277,1356.044355
2026-09-28T01:55:07.004Z,POL,0.3571,162,0.11904,1356.044355
2026-09-28T01:55:07.004Z,ENA,-1.038,365.7,0.27251,1356.044355
2026-09-28T01:55:07.004Z,SAND,-9.2546,55.51,0.04511,1356.044355
2026-09-28T01:55:07.004Z,AERO,4.6798,1163,0.8193,1356.044355
2026-09-28T01:55:07.004Z,KGEN,1.1435,223.7,0.1631,1356.044355
2026-09-28T01:55:07.004Z,LIT,2.2389,6200,4.472,1356.044355
2026-09-28T01:55:07.004Z,MANA,1.4333,125.1,0.09095,1356.044355
2026-09-28T01:55:07.004Z,BAND,0.7097,305.5,0.2237,1356.044355
2026-09-28T01:55:07.004Z,APE,-4.4493,208.7,0.16107,1356.044355
2026-09-28T01:55:07.004Z,GMT,1.4104,12.14,0.008828,1356.044355
2026-09-28T01:55:07.004Z,VIRTUAL,-2.3793,1090,0.8234,1356.044355
2026-09-28T01:55:07.004Z,LPT,-5.0484,2261,1.756,1356.044355
2026-09-28T01:55:07.004Z,DATA,5.9812,335,0.2331,1356.044355
2026-09-28T01:55:07.004Z,THETA,-4.171,302,0.2324,1356.044355
2026-09-28T01:55:07.004Z,GRT,3.3092,48.78,0.03482,1356.044355
2026-09-28T01:55:07.004Z,LAYER,-3.9802,106.9,0.0821,1356.044355
2026-09-28T01:55:07.004Z,NMR,2.8307,14120,10.126,1356.044355
2026-09-28T01:55:07.004Z,EIGEN,-12.373,321.9,0.2709,1356.044355
2026-09-28T01:55:07.004Z,BAT,0.2638,129.3,0.0951,1356.044355
2026-09-28T01:55:07.004Z,SPK,1.4756,32.64,0.02372,1356.044355
2026-09-28T01:55:07.004Z,PUMP,-2.3915,6.81,0.005145,1356.044355
2026-09-28T01:55:07.004Z,KMNO,-3.1164,60.71,0.04621,1356.044355
2026-09-28T01:55:07.004Z,CHZ,1.9072,22.76,0.01647,1356.044355
2026-09-28T01:55:07.004Z,PENGU,1.0912,14.01,0.01022,1356.044355
2026-09-28T01:55:07.004Z,OP,-0.4349,197,0.14591,1356.044355
2026-09-28T01:55:07.004Z,UMA,-1.133,571.8,0.4265,1356.044355
2026-09-28T01:55:07.004Z,ZRO,3.255,2290,1.6355,1356.044355
2026-09-28T01:55:07.004Z,S,0.592,53.99,0.03958,1356.044355
2026-09-28T01:55:07.004Z,IMX,1.6303,258.5,0.18757,1356.044355
2026-09-28T01:55:07.004Z,A,-1.1957,136.1,0.10158,1356.044355
2026-09-28T01:55:07.004Z,ATH,2.7758,8.652,0.006208,1356.044355
2026-09-28T01:55:07.004Z,COMP,6.5901,34950,24.18,1356.044355
2026-09-28T01:55:07.004Z,CVX,-3.001,2828,2.15,1356.044355
2026-09-28T01:55:07.004Z,AXS,3.3257,1620,1.1562,1356.044355
2026-09-28T01:55:07.004Z,WCT,0.0248,58.46,0.0431,1356.044355
2026-09-28T01:55:07.004Z,ME,1.1013,107.8,0.07863,1356.044355
2026-09-28T01:55:07.004Z,ASTER,2.4626,997.2,0.7177,1356.044355
2026-09-28T01:55:07.004Z,GMX,-0.1969,11210,8.283,1356.044355
2026-09-28T01:55:07.004Z,MORPHO,5.3168,3810,2.6678,1356.044355
2026-09-28T01:55:07.004Z,MON,-7.8333,35.02,0.02802,1356.044355
2026-09-28T01:55:07.004Z,1INCH,0.8898,139,0.1016,1356.044355
2026-09-28T01:55:07.004Z,SKY,1.3584,112.5,0.08185,1356.044355
2026-09-28T01:55:07.004Z,YGG,-1.6838,36.53,0.0274,1356.044355
2026-09-28T01:55:07.004Z,BIO,-2.7782,41.12,0.03119,1356.044355
2026-09-28T01:55:07.004Z,MOVE,0.316,12.9,0.009483,1356.044355
2026-09-28T01:55:07.004Z,GALA,-14.0945,2.663,0.002286,1356.044355
2026-09-28T01:55:07.004Z,ZK,1.8992,17.81,0.012889,1356.044355
2026-09-28T01:55:07.004Z,ENS,0.3318,9400,6.909,1356.044355
2026-09-28T01:55:07.004Z,INJ,5.0223,11040,7.752,1356.044355
2026-09-28T01:55:07.004Z,KAITO,0.0765,480,0.3537,1356.044355
2026-09-28T01:55:07.004Z,LDO,-1.9363,650,0.4888,1356.044355
2026-09-28T01:55:07.004Z,BLUR,-2.7436,28.21,0.02139,1356.044355
2026-09-28T01:55:07.004Z,AUCTION,-0.4034,5170,3.828,1356.044355
2026-09-28T01:55:07.004Z,ZETA,5.8395,75.12,0.05234,1356.044355
2026-09-28T01:55:07.004Z,WIF,1.4283,333.4,0.2424,1356.044355
2026-09-28T01:55:07.004Z,KSM,0.1913,6425,4.729,1356.044355
2026-09-28T02:00:07.026Z,BTC,0.3291,113800000,83645.3,1356.044355
2026-09-28T02:00:07.026Z,XRP,0.3682,2047,1.504,1356.044355
2026-09-28T02:00:07.026Z,SOL,0.5376,164500,120.66,1356.044355
2026-09-28T02:00:07.026Z,ETH,0.3583,3614000,2655.59,1356.044355
2026-09-28T02:00:07.026Z,FIL,0.4938,1520,1.1154,1356.044355
2026-09-28T02:00:07.026Z,TRX,0.0041,453.1,0.33412,1356.044355
2026-09-28T02:00:07.026Z,BNB,0.4168,1053000,773.3,1356.044355
2026-09-28T02:00:07.026Z,WLD,0.189,722.1,0.5315,1356.044355
2026-09-28T02:00:07.026Z,FLOW,-0.9641,43.66,0.03251,1356.044355
2026-09-28T02:00:07.026Z,LINK,0.4668,19140,14.049,1356.044355
2026-09-28T02:00:07.026Z,DOGE,0.3492,129.9,0.09546,1356.044355
2026-09-28T02:00:07.026Z,SUI,0.4272,1720,1.263,1356.044355
2026-09-28T02:00:07.026Z,XLM,0.2772,293.5,0.21584,1356.044355
2026-09-28T02:00:07.026Z,BCH,0.9414,445000,325.1,1356.044355
2026-09-28T02:00:07.026Z,AVAX,1.3322,14850,10.807,1356.044355
2026-09-28T02:00:07.026Z,ETC,0.4777,12790,9.387,1356.044355
2026-09-28T02:00:07.026Z,AAVE,1.0794,208700,152.26,1356.044355
2026-09-28T02:00:07.026Z,ADA,0.61,346.4,0.2539,1356.044355
2026-09-28T02:00:07.026Z,HYPE,0.4296,122300,89.803,1356.044355
2026-09-28T02:00:07.026Z,SEI,1.0166,114.6,0.08366,1356.044355
2026-09-28T02:00:07.026Z,HBAR,-1.2263,129.2,0.09646,1356.044355
2026-09-28T02:00:07.026Z,ARB,-0.2827,301.8,0.22319,1356.044355
2026-09-28T02:00:07.026Z,JTO,0.466,797.8,0.5856,1356.044355
2026-09-28T02:00:07.026Z,ONDO,-0.2198,774.9,0.5727,1356.044355
2026-09-28T02:00:07.026Z,QTUM,-0.5043,1360,1.008,1356.044355
2026-09-28T02:00:07.026Z,PYTH,6.7604,119.9,0.08282,1356.044355
2026-09-28T02:00:07.026Z,APT,0.8765,1173,0.8575,1356.044355
2026-09-28T02:00:07.026Z,UNI,0.7396,12990,9.509,1356.044355
2026-09-28T02:00:07.026Z,TIA,1.107,673.6,0.4913,1356.044355
2026-09-28T02:00:07.026Z,ALGO,0.6863,162.9,0.11931,1356.044355
2026-09-28T02:00:07.026Z,NEAR,0.0542,7195,5.303,1356.044355
2026-09-28T02:00:07.026Z,ZIL,-3.1766,4.9,0.003732,1356.044355
2026-09-28T02:00:07.026Z,SUSHI,2.3772,367.2,0.2645,1356.044355
2026-09-28T02:00:07.026Z,PENDLE,0.8918,3564,2.605,1356.044355
2026-09-28T02:00:07.026Z,XTZ,1.8784,432,0.3127,1356.044355
2026-09-28T02:00:07.026Z,W,1.9741,20.55,0.014861,1356.044355
2026-09-28T02:00:07.026Z,AR,3.484,6145,4.379,1356.044355
2026-09-28T02:00:07.026Z,SHIB,1.0536,0.008,5.838e-06,1356.044355
2026-09-28T02:00:07.026Z,CELO,2.4285,132.3,0.09525,1356.044355
2026-09-28T02:00:07.026Z,STX,1.4477,458.1,0.333,1356.044355
2026-09-28T02:00:07.026Z,JUP,1.7998,497.1,0.3601,1356.044355
2026-09-28T02:00:07.026Z,PEPE,1.514,0.0059,4.286e-06,1356.044355
2026-09-28T02:00:07.026Z,DYDX,5.3635,200,0.13998,1356.044355
2026-09-28T02:00:07.026Z,KITE,-12.0801,176.2,0.14779,1356.044355
2026-09-28T02:00:07.026Z,CRV,1.0953,472,0.3443,1356.044355
2026-09-28T02:00:07.026Z,ENJ,4.8042,42.92,0.0302,1356.044355
2026-09-28T02:00:07.026Z,ATOM,1.8862,2556,1.85,1356.044355
2026-09-28T02:00:07.026Z,ICP,-0.0249,4181,3.084,1356.044355
2026-09-28T02:00:07.026Z,SPACE,-0.19,6.946,0.005132,1356.044355
2026-09-28T02:00:07.026Z,DOT,0.1965,1692,1.2453,1356.044355
2026-09-28T02:00:07.026Z,ETHFI,0.5225,954.6,0.7003,1356.044355
2026-09-28T02:00:07.026Z,CC,-2.1052,185,0.13936,1356.044355
2026-09-28T02:00:07.026Z,SYRUP,2.7393,298.7,0.2144,1356.044355
2026-09-28T02:00:07.026Z,TAO,1.0381,428300,312.6,1356.044355
2026-09-28T02:00:07.026Z,GRAM,-2.3233,2159,1.63,1356.044355
2026-09-28T02:00:07.026Z,RAY,2.5598,3000,2.1571,1356.044355
2026-09-28T02:00:07.026Z,RENDER,-0.1598,2724,2.012,1356.044355
2026-09-28T02:00:07.026Z,GRASS,4.2376,925,0.6544,1356.044355
2026-09-28T02:00:07.026Z,MINA,0.6729,194.4,0.1424,1356.044355
2026-09-28T02:00:07.026Z,POL,1.1131,162,0.11815,1356.044355
2026-09-28T02:00:07.026Z,ENA,-1.2951,365.7,0.27322,1356.044355
2026-09-28T02:00:07.026Z,SAND,-9.2144,55.51,0.04509,1356.044355
2026-09-28T02:00:07.026Z,AERO,4.6926,1163,0.8192,1356.044355
2026-09-28T02:00:07.026Z,KGEN,1.2056,223.7,0.163,1356.044355
2026-09-28T02:00:07.026Z,LIT,2.6705,6200,4.4532,1356.044355
2026-09-28T02:00:07.026Z,MANA,1.7129,125.1,0.0907,1356.044355
2026-09-28T02:00:07.026Z,BAND,0.7998,305.5,0.2235,1356.044355
2026-09-28T02:00:07.026Z,APE,-4.4196,208.7,0.16102,1356.044355
2026-09-28T02:00:07.026Z,GMT,1.6868,12.14,0.008804,1356.044355
2026-09-28T02:00:07.026Z,VIRTUAL,-2.3556,1090,0.8232,1356.044355
2026-09-28T02:00:07.026Z,LPT,-5.0484,2261,1.756,1356.044355
2026-09-28T02:00:07.026Z,DATA,5.9357,335,0.2332,1356.044355
2026-09-28T02:00:07.026Z,THETA,-3.84,302,0.2316,1356.044355
2026-09-28T02:00:07.026Z,GRT,2.8073,48.78,0.03499,1356.044355
2026-09-28T02:00:07.026Z,LAYER,-3.781,106.9,0.08193,1356.044355
2026-09-28T02:00:07.026Z,NMR,2.6179,14120,10.147,1356.044355
2026-09-28T02:00:07.026Z,EIGEN,-11.9504,321.9,0.2696,1356.044355
2026-09-28T02:00:07.026Z,BAT,0.5917,129.3,0.09479,1356.044355
2026-09-28T02:00:07.026Z,SPK,1.4756,32.64,0.02372,1356.044355
2026-09-28T02:00:07.026Z,PUMP,-2.087,6.81,0.005129,1356.044355
2026-09-28T02:00:07.026Z,KMNO,-2.9063,60.71,0.04611,1356.044355
2026-09-28T02:00:07.026Z,CHZ,2.3421,22.76,0.0164,1356.044355
2026-09-28T02:00:07.026Z,PENGU,1.2993,14.01,0.010199,1356.044355
2026-09-28T02:00:07.026Z,OP,-0.2503,197,0.14564,1356.044355
2026-09-28T02:00:07.026Z,UMA,-1.0402,571.8,0.4261,1356.044355
2026-09-28T02:00:07.026Z,ZRO,3.4511,2290,1.6324,1356.044355
2026-09-28T02:00:07.026Z,S,0.6175,53.99,0.03957,1356.044355
2026-09-28T02:00:07.026Z,IMX,1.4572,258.5,0.18789,1356.044355
2026-09-28T02:00:07.026Z,A,-1.0398,136.1,0.10142,1356.044355
2026-09-28T02:00:07.026Z,ATH,2.8421,8.652,0.006204,1356.044355
2026-09-28T02:00:07.026Z,COMP,6.7667,34950,24.14,1356.044355
2026-09-28T02:00:07.026Z,CVX,-2.9107,2828,2.148,1356.044355
2026-09-28T02:00:07.026Z,AXS,3.424,1620,1.1551,1356.044355
2026-09-28T02:00:07.026Z,WCT,0.3041,58.46,0.04298,1356.044355
2026-09-28T02:00:07.026Z,ME,1.1141,107.8,0.07862,1356.044355
2026-09-28T02:00:07.026Z,ASTER,2.6485,997.2,0.7164,1356.044355
2026-09-28T02:00:07.026Z,GMX,-0.0037,11210,8.267,1356.044355
2026-09-28T02:00:07.026Z,MORPHO,5.7449,3810,2.657,1356.044355
2026-09-28T02:00:07.026Z,MON,-7.0705,35.02,0.02779,1356.044355
2026-09-28T02:00:07.026Z,1INCH,1.2285,139,0.10126,1356.044355
2026-09-28T02:00:07.026Z,SKY,1.3461,112.5,0.08186,1356.044355
2026-09-28T02:00:07.026Z,YGG,-1.612,36.53,0.02738,1356.044355
2026-09-28T02:00:07.026Z,BIO,-2.5282,41.12,0.03111,1356.044355
2026-09-28T02:00:07.026Z,MOVE,0.7729,12.9,0.00944,1356.044355
2026-09-28T02:00:07.026Z,GALA,-13.8306,2.663,0.002279,1356.044355
2026-09-28T02:00:07.026Z,ZK,2.0655,17.81,0.012868,1356.044355
2026-09-28T02:00:07.026Z,ENS,0.39,9400,6.905,1356.044355
2026-09-28T02:00:07.026Z,INJ,5.1579,11040,7.742,1356.044355
2026-09-28T02:00:07.026Z,KAITO,0.275,480,0.353,1356.044355
2026-09-28T02:00:07.026Z,LDO,-1.1272,650,0.4848,1356.044355
2026-09-28T02:00:07.026Z,BLUR,-2.5157,28.21,0.02134,1356.044355
2026-09-28T02:00:07.026Z,AUCTION,-0.2731,5170,3.823,1356.044355
2026-09-28T02:00:07.026Z,ZETA,6.1844,75.12,0.05217,1356.044355
2026-09-28T02:00:07.026Z,WIF,1.722,333.4,0.2417,1356.044355
2026-09-28T02:00:07.026Z,KSM,0.4888,6425,4.715,1356.044355
2026-09-28T02:05:07.207Z,BTC,0.2875,113705000,83610.1,1356.044355
2026-09-28T02:05:07.207Z,XRP,0.2615,2047,1.5056,1356.044355
2026-09-28T02:05:07.207Z,SOL,0.0849,163800,120.69,1356.044355
2026-09-28T02:05:07.207Z,ETH,0.2569,3611000,2656.07,1356.044355
2026-09-28T02:05:07.207Z,FIL,0.3966,1509,1.1084,1356.044355
2026-09-28T02:05:07.207Z,TRX,-0.0318,453.1,0.33424,1356.044355
2026-09-28T02:05:07.207Z,BNB,0.3779,1053000,773.6,1356.044355
2026-09-28T02:05:07.207Z,WLD,-0.1768,721.9,0.5333,1356.044355
2026-09-28T02:05:07.207Z,FLOW,-0.6585,43.66,0.03241,1356.044355
2026-09-28T02:05:07.207Z,LINK,0.5026,19140,14.044,1356.044355
2026-09-28T02:05:07.207Z,DOGE,-0.003,129.2,0.09528,1356.044355
2026-09-28T02:05:07.207Z,SUI,-0.0122,1708,1.2597,1356.044355
2026-09-28T02:05:07.207Z,XLM,0.1166,293.6,0.21626,1356.044355
2026-09-28T02:05:07.207Z,BCH,0.115,441900,325.5,1356.044355
2026-09-28T02:05:07.207Z,AVAX,-0.0117,14630,10.79,1356.044355
2026-09-28T02:05:07.207Z,ETC,0.0037,12750,9.402,1356.044355
2026-09-28T02:05:07.207Z,AAVE,1.0993,208700,152.23,1356.044355
2026-09-28T02:05:07.207Z,ADA,0.0208,344.1,0.2537,1356.044355
2026-09-28T02:05:07.207Z,HYPE,0.0774,122300,90.119,1356.044355
2026-09-28T02:05:07.207Z,SEI,-0.6034,113.8,0.08443,1356.044355
2026-09-28T02:05:07.207Z,HBAR,-1.1853,129.2,0.09642,1356.044355
2026-09-28T02:05:07.207Z,ARB,-0.1574,301.8,0.22291,1356.044355
2026-09-28T02:05:07.207Z,JTO,0.2435,797.8,0.5869,1356.044355
2026-09-28T02:05:07.207Z,ONDO,0.5728,778.6,0.5709,1356.044355
2026-09-28T02:05:07.207Z,QTUM,-0.4746,1360,1.0077,1356.044355
2026-09-28T02:05:07.207Z,PYTH,6.8894,119.9,0.08272,1356.044355
2026-09-28T02:05:07.207Z,APT,0.2462,1162,0.8548,1356.044355
2026-09-28T02:05:07.207Z,UNI,1.0265,12990,9.482,1356.044355
2026-09-28T02:05:07.207Z,TIA,1.0248,673.6,0.4917,1356.044355
2026-09-28T02:05:07.207Z,ALGO,0.7877,162.9,0.11919,1356.044355
2026-09-28T02:05:07.207Z,NEAR,0.3046,7145,5.253,1356.044355
2026-09-28T02:05:07.207Z,ZIL,-3.2284,4.9,0.003734,1356.044355
2026-09-28T02:05:07.207Z,SUSHI,2.2612,367.2,0.2648,1356.044355
2026-09-28T02:05:07.207Z,PENDLE,1.0859,3564,2.6,1356.044355
2026-09-28T02:05:07.207Z,XTZ,2.2052,432,0.3117,1356.044355
2026-09-28T02:05:07.207Z,W,2.0771,20.55,0.014846,1356.044355
2026-09-28T02:05:07.207Z,AR,3.5786,6145,4.375,1356.044355
2026-09-28T02:05:07.207Z,SHIB,0.0132,0.0079,5.825e-06,1356.044355
2026-09-28T02:05:07.207Z,CELO,3.0234,132.3,0.0947,1356.044355
2026-09-28T02:05:07.207Z,STX,1.4782,458.1,0.3329,1356.044355
2026-09-28T02:05:07.207Z,JUP,2.1117,497.1,0.359,1356.044355
2026-09-28T02:05:07.207Z,PEPE,1.3957,0.0059,4.291e-06,1356.044355
2026-09-28T02:05:07.207Z,DYDX,5.2057,200,0.14019,1356.044355
2026-09-28T02:05:07.207Z,KITE,-12.0147,176.2,0.14768,1356.044355
2026-09-28T02:05:07.207Z,CRV,0.8318,472,0.3452,1356.044355
2026-09-28T02:05:07.207Z,ENJ,4.631,42.92,0.03025,1356.044355
2026-09-28T02:05:07.207Z,ATOM,1.9964,2556,1.848,1356.044355
2026-09-28T02:05:07.207Z,ICP,-0.1867,4181,3.089,1356.044355
2026-09-28T02:05:07.207Z,SPACE,-0.3065,6.946,0.005138,1356.044355
2026-09-28T02:05:07.207Z,DOT,0.1724,1692,1.2456,1356.044355
2026-09-28T02:05:07.207Z,ETHFI,0.322,954.6,0.7017,1356.044355
2026-09-28T02:05:07.207Z,CC,-1.781,185,0.1389,1356.044355
2026-09-28T02:05:07.207Z,SYRUP,2.9313,298.7,0.214,1356.044355
2026-09-28T02:05:07.207Z,TAO,1.6233,428300,310.8,1356.044355
2026-09-28T02:05:07.207Z,GRAM,-2.622,2159,1.635,1356.044355
2026-09-28T02:05:07.207Z,RAY,3.0183,3000,2.1475,1356.044355
2026-09-28T02:05:07.207Z,RENDER,-0.506,2724,2.019,1356.044355
2026-09-28T02:05:07.207Z,GRASS,4.1899,925,0.6547,1356.044355
2026-09-28T02:05:07.207Z,MINA,0.6658,194.4,0.14241,1356.044355
2026-09-28T02:05:07.207Z,POL,0.3831,160,0.11754,1356.044355
2026-09-28T02:05:07.207Z,ENA,-0.8451,365.7,0.27198,1356.044355
2026-09-28T02:05:07.207Z,SAND,-9.1942,55.51,0.04508,1356.044355
2026-09-28T02:05:07.207Z,AERO,4.8718,1163,0.8178,1356.044355
2026-09-28T02:05:07.207Z,KGEN,1.1435,223.7,0.1631,1356.044355
2026-09-28T02:05:07.207Z,LIT,2.2,6200,4.4737,1356.044355
2026-09-28T02:05:07.207Z,MANA,1.8477,125.1,0.09058,1356.044355
2026-09-28T02:05:07.207Z,BAND,0.6197,305.5,0.2239,1356.044355
2026-09-28T02:05:07.207Z,APE,-3.7501,208.7,0.1599,1356.044355
2026-09-28T02:05:07.207Z,GMT,1.7215,12.14,0.008801,1356.044355
2026-09-28T02:05:07.207Z,VIRTUAL,-1.6868,1090,0.8176,1356.044355
2026-09-28T02:05:07.207Z,LPT,-5.0484,2261,1.756,1356.044355
2026-09-28T02:05:07.207Z,DATA,5.8903,335,0.2333,1356.044355
2026-09-28T02:05:07.207Z,THETA,-3.5067,302,0.2308,1356.044355
2026-09-28T02:05:07.207Z,GRT,3.6068,48.78,0.03472,1356.044355
2026-09-28T02:05:07.207Z,LAYER,-3.6399,106.9,0.08181,1356.044355
2026-09-28T02:05:07.207Z,NMR,3.7942,14120,10.032,1356.044355
2026-09-28T02:05:07.207Z,EIGEN,-11.6884,321.9,0.2688,1356.044355
2026-09-28T02:05:07.207Z,BAT,0.3905,129.3,0.09498,1356.044355
2026-09-28T02:05:07.207Z,SPK,2.1647,32.64,0.02356,1356.044355
2026-09-28T02:05:07.207Z,PUMP,-2.1633,6.81,0.005133,1356.044355
2026-09-28T02:05:07.207Z,KMNO,-2.2064,60.71,0.04578,1356.044355
2026-09-28T02:05:07.207Z,CHZ,2.2175,22.76,0.01642,1356.044355
2026-09-28T02:05:07.207Z,PENGU,0.943,14.01,0.010235,1356.044355
2026-09-28T02:05:07.207Z,OP,-0.0513,197,0.14535,1356.044355
2026-09-28T02:05:07.207Z,UMA,-0.7607,571.8,0.4249,1356.044355
2026-09-28T02:05:07.207Z,ZRO,3.8136,2290,1.6267,1356.044355
2026-09-28T02:05:07.207Z,S,0.592,53.99,0.03958,1356.044355
2026-09-28T02:05:07.207Z,IMX,1.5707,258.5,0.18768,1356.044355
2026-09-28T02:05:07.207Z,A,-1.0105,136.1,0.10139,1356.044355
2026-09-28T02:05:07.207Z,ATH,3.108,8.652,0.006188,1356.044355
2026-09-28T02:05:07.207Z,COMP,6.8996,34950,24.11,1356.044355
2026-09-28T02:05:07.207Z,CVX,-2.9107,2828,2.148,1356.044355
2026-09-28T02:05:07.207Z,AXS,3.7024,1620,1.152,1356.044355
2026-09-28T02:05:07.207Z,WCT,0.3041,58.46,0.04298,1356.044355
2026-09-28T02:05:07.207Z,ME,1.7613,107.8,0.07812,1356.044355
2026-09-28T02:05:07.207Z,ASTER,2.6772,997.2,0.7162,1356.044355
2026-09-28T02:05:07.207Z,GMX,0.1052,11210,8.258,1356.044355
2026-09-28T02:05:07.207Z,MORPHO,6.4218,3810,2.6401,1356.044355
2026-09-28T02:05:07.207Z,MON,-7.47,35.02,0.02791,1356.044355
2026-09-28T02:05:07.207Z,1INCH,1.3787,139,0.10111,1356.044355
2026-09-28T02:05:07.207Z,SKY,2.1698,112.5,0.0812,1356.044355
2026-09-28T02:05:07.207Z,YGG,-1.612,36.53,0.02738,1356.044355
2026-09-28T02:05:07.207Z,BIO,-2.4968,41.12,0.0311,1356.044355
2026-09-28T02:05:07.207Z,MOVE,0.8263,12.9,0.009435,1356.044355
2026-09-28T02:05:07.207Z,GALA,-13.9062,2.663,0.002281,1356.044355
2026-09-28T02:05:07.207Z,ZK,-11.3881,15.46,0.012866,1356.044355
2026-09-28T02:05:07.207Z,ENS,0.6523,9400,6.887,1356.044355
2026-09-28T02:05:07.207Z,INJ,5.5533,11040,7.713,1356.044355
2026-09-28T02:05:07.207Z,KAITO,0.3318,480,0.3528,1356.044355
2026-09-28T02:05:07.207Z,LDO,-1.1272,650,0.4848,1356.044355
2026-09-28T02:05:07.207Z,BLUR,-2.7436,28.21,0.02139,1356.044355
2026-09-28T02:05:07.207Z,AUCTION,-0.064,5170,3.815,1356.044355
2026-09-28T02:05:07.207Z,ZETA,5.88,75.12,0.05232,1356.044355
2026-09-28T02:05:07.207Z,WIF,2.1022,333.4,0.2408,1356.044355
2026-09-28T02:05:07.207Z,KSM,0.5954,6425,4.71,1356.044355
2026-09-28T02:10:07.582Z,BTC,0.2627,113660000,83597.7,1356.044355
2026-09-28T02:10:07.582Z,XRP,0.2131,2049,1.5078,1356.044355
2026-09-28T02:10:07.582Z,SOL,0.2463,164200,120.79,1356.044355
2026-09-28T02:10:07.582Z,ETH,0.0784,3603000,2654.91,1356.044355
2026-09-28T02:10:07.582Z,FIL,0.46,1509,1.1077,1356.044355
2026-09-28T02:10:07.582Z,TRX,-0.0378,453.1,0.33426,1356.044355
2026-09-28T02:10:07.582Z,BNB,0.313,1053000,774.1,1356.044355
2026-09-28T02:10:07.582Z,WLD,0.0968,725.1,0.5342,1356.044355
2026-09-28T02:10:07.582Z,FLOW,-1.0249,43.66,0.03253,1356.044355
2026-09-28T02:10:07.582Z,LINK,0.0818,19030,14.022,1356.044355
2026-09-28T02:10:07.582Z,DOGE,-0.0122,129.5,0.09551,1356.044355
2026-09-28T02:10:07.582Z,SUI,-0.2608,1707,1.2621,1356.044355
2026-09-28T02:10:07.582Z,XLM,0.5521,293.5,0.21525,1356.044355
2026-09-28T02:10:07.582Z,BCH,-0.1305,441900,326.3,1356.044355
2026-09-28T02:10:07.582Z,AVAX,-0.3534,14630,10.827,1356.044355
2026-09-28T02:10:07.582Z,ETC,-0.42,12750,9.442,1356.044355
2026-09-28T02:10:07.582Z,AAVE,0.775,208700,152.72,1356.044355
2026-09-28T02:10:07.582Z,ADA,0.0934,345.3,0.2544,1356.044355
2026-09-28T02:10:07.582Z,HYPE,0.1641,122300,90.041,1356.044355
2026-09-28T02:10:07.582Z,SEI,-0.823,114.1,0.08484,1356.044355
2026-09-28T02:10:07.582Z,HBAR,-1.3592,129.2,0.09659,1356.044355
2026-09-28T02:10:07.582Z,ARB,-0.1574,301.8,0.22291,1356.044355
2026-09-28T02:10:07.582Z,JTO,0.0729,797.8,0.5879,1356.044355
2026-09-28T02:10:07.582Z,ONDO,0.0589,775.3,0.5714,1356.044355
2026-09-28T02:10:07.582Z,QTUM,-0.7308,1360,1.0103,1356.044355
2026-09-28T02:10:07.582Z,PYTH,6.9024,119.9,0.08271,1356.044355
2026-09-28T02:10:07.582Z,APT,-0.1975,1162,0.8586,1356.044355
2026-09-28T02:10:07.582Z,UNI,0.4755,12990,9.534,1356.044355
2026-09-28T02:10:07.582Z,TIA,0.5952,673.6,0.4938,1356.044355
2026-09-28T02:10:07.582Z,ALGO,0.6441,162.9,0.11936,1356.044355
2026-09-28T02:10:07.582Z,NEAR,-0.4722,7145,5.294,1356.044355
2026-09-28T02:10:07.582Z,ZIL,-3.2284,4.9,0.003734,1356.044355
2026-09-28T02:10:07.582Z,SUSHI,2.184,367.2,0.265,1356.044355
2026-09-28T02:10:07.582Z,PENDLE,0.7758,3564,2.608,1356.044355
2026-09-28T02:10:07.582Z,XTZ,1.3597,432,0.3143,1356.044355
2026-09-28T02:10:07.582Z,W,2.3598,20.55,0.014805,1356.044355
2026-09-28T02:10:07.582Z,AR,4.462,6145,4.338,1356.044355
2026-09-28T02:10:07.582Z,SHIB,-0.2266,0.0079,5.839e-06,1356.044355
2026-09-28T02:10:07.582Z,CELO,2.7846,132.3,0.09492,1356.044355
2026-09-28T02:10:07.582Z,STX,1.326,458.1,0.3334,1356.044355
2026-09-28T02:10:07.582Z,JUP,2.2541,497.1,0.3585,1356.044355
2026-09-28T02:10:07.582Z,PEPE,1.1129,0.0059,4.303e-06,1356.044355
2026-09-28T02:10:07.582Z,DYDX,4.7499,200,0.1408,1356.044355
2026-09-28T02:10:07.582Z,KITE,-11.6437,176.2,0.14706,1356.044355
2026-09-28T02:10:07.582Z,CRV,0.5695,472,0.3461,1356.044355
2026-09-28T02:10:07.582Z,ENJ,4.2519,42.92,0.03036,1356.044355
2026-09-28T02:10:07.582Z,ATOM,1.6115,2556,1.855,1356.044355
2026-09-28T02:10:07.582Z,ICP,-0.5409,4181,3.1,1356.044355
2026-09-28T02:10:07.582Z,SPACE,-0.3259,6.946,0.005139,1356.044355
2026-09-28T02:10:07.582Z,DOT,-0.2919,1692,1.2514,1356.044355
2026-09-28T02:10:07.582Z,ETHFI,0.1792,954.6,0.7027,1356.044355
2026-09-28T02:10:07.582Z,CC,-1.9574,185,0.13915,1356.044355
2026-09-28T02:10:07.582Z,SYRUP,2.7872,298.7,0.2143,1356.044355
2026-09-28T02:10:07.582Z,TAO,1.2973,428300,311.8,1356.044355
2026-09-28T02:10:07.582Z,GRAM,-2.8596,2159,1.639,1356.044355
2026-09-28T02:10:07.582Z,RAY,3.4954,3000,2.1376,1356.044355
2026-09-28T02:10:07.582Z,RENDER,-1.1912,2724,2.033,1356.044355
2026-09-28T02:10:07.582Z,GRASS,3.1656,925,0.6612,1356.044355
2026-09-28T02:10:07.582Z,MINA,0.5387,194.4,0.14259,1356.044355
2026-09-28T02:10:07.582Z,POL,0.1785,160,0.11778,1356.044355
2026-09-28T02:10:07.582Z,ENA,-1.3168,365.7,0.27328,1356.044355
2026-09-28T02:10:07.582Z,SAND,-9.8343,55.51,0.0454,1356.044355
2026-09-28T02:10:07.582Z,AERO,4.7565,1163,0.8187,1356.044355
2026-09-28T02:10:07.582Z,KGEN,1.3299,223.7,0.1628,1356.044355
2026-09-28T02:10:07.582Z,LIT,2.1087,6200,4.4777,1356.044355
2026-09-28T02:10:07.582Z,MANA,1.5003,125.1,0.09089,1356.044355
2026-09-28T02:10:07.582Z,BAND,0.3508,305.5,0.2245,1356.044355
2026-09-28T02:10:07.582Z,APE,-4.092,208.7,0.16047,1356.044355
2026-09-28T02:10:07.582Z,GMT,1.4334,12.14,0.008826,1356.044355
2026-09-28T02:10:07.582Z,VIRTUAL,-1.8549,1090,0.819,1356.044355
2026-09-28T02:10:07.582Z,LPT,-5.3718,2261,1.762,1356.044355
2026-09-28T02:10:07.582Z,DATA,6.209,335,0.2326,1356.044355
2026-09-28T02:10:07.582Z,THETA,-3.7985,302,0.2315,1356.044355
2026-09-28T02:10:07.582Z,GRT,4.4188,48.78,0.03445,1356.044355
2026-09-28T02:10:07.582Z,LAYER,-3.9568,106.9,0.08208,1356.044355
2026-09-28T02:10:07.582Z,NMR,2.8917,14120,10.12,1356.044355
2026-09-28T02:10:07.582Z,EIGEN,-11.9504,321.9,0.2696,1356.044355
2026-09-28T02:10:07.582Z,BAT,0.1374,129.3,0.09522,1356.044355
2026-09-28T02:10:07.582Z,SPK,2.2081,32.64,0.02355,1356.044355
2026-09-28T02:10:07.582Z,PUMP,-2.0679,6.81,0.005128,1356.044355
2026-09-28T02:10:07.582Z,KMNO,-2.9904,60.71,0.04615,1356.044355
2026-09-28T02:10:07.582Z,CHZ,1.9691,22.76,0.01646,1356.044355
2026-09-28T02:10:07.582Z,PENGU,1.2001,14.01,0.010209,1356.044355
2026-09-28T02:10:07.582Z,OP,-0.4007,197,0.14586,1356.044355
2026-09-28T02:10:07.582Z,UMA,-0.7841,571.8,0.425,1356.044355
2026-09-28T02:10:07.582Z,ZRO,2.9842,2290,1.6398,1356.044355
2026-09-28T02:10:07.582Z,S,0.3638,53.99,0.03967,1356.044355
2026-09-28T02:10:07.582Z,IMX,1.3063,258.5,0.18817,1356.044355
2026-09-28T02:10:07.582Z,A,-1.3219,136.1,0.10171,1356.044355
2026-09-28T02:10:07.582Z,ATH,2.8918,8.652,0.006201,1356.044355
2026-09-28T02:10:07.582Z,COMP,6.811,34950,24.13,1356.044355
2026-09-28T02:10:07.582Z,CVX,-3.271,2828,2.156,1356.044355
2026-09-28T02:10:07.582Z,AXS,3.6124,1620,1.153,1356.044355
2026-09-28T02:10:07.582Z,WCT,-0.0448,58.46,0.04313,1356.044355
2026-09-28T02:10:07.582Z,ME,1.3979,107.8,0.0784,1356.044355
2026-09-28T02:10:07.582Z,ASTER,2.4055,997.2,0.7181,1356.044355
2026-09-28T02:10:07.582Z,GMX,-0.1969,11210,8.283,1356.044355
2026-09-28T02:10:07.582Z,MORPHO,6.1444,3810,2.647,1356.044355
2026-09-28T02:10:07.582Z,MON,-7.5032,35.02,0.02792,1356.044355
2026-09-28T02:10:07.582Z,1INCH,1.2886,139,0.1012,1356.044355
2026-09-28T02:10:07.582Z,SKY,1.8312,112.5,0.08147,1356.044355
2026-09-28T02:10:07.582Z,YGG,-1.7196,36.53,0.02741,1356.044355
2026-09-28T02:10:07.582Z,BIO,-2.7158,41.12,0.03117,1356.044355
2026-09-28T02:10:07.582Z,MOVE,0.3054,12.9,0.009484,1356.044355
2026-09-28T02:10:07.582Z,GALA,-14.132,2.663,0.002287,1356.044355
2026-09-28T02:10:07.582Z,ZK,-11.6217,15.46,0.0129,1356.044355
2026-09-28T02:10:07.582Z,ENS,0.1,9400,6.925,1356.044355
2026-09-28T02:10:07.582Z,INJ,5.3621,11040,7.727,1356.044355
2026-09-28T02:10:07.582Z,KAITO,0.1332,480,0.3535,1356.044355
2026-09-28T02:10:07.582Z,LDO,-1.1068,650,0.4847,1356.044355
2026-09-28T02:10:07.582Z,BLUR,-2.5157,28.21,0.02134,1356.044355
2026-09-28T02:10:07.582Z,AUCTION,-0.1163,5170,3.817,1356.044355
2026-09-28T02:10:07.582Z,ZETA,5.678,75.12,0.05242,1356.044355
2026-09-28T02:10:07.582Z,WIF,1.8063,333.4,0.2415,1356.044355
2026-09-28T02:10:07.582Z,KSM,0.4675,6425,4.716,1356.044355
2026-09-28T02:15:06.998Z,BTC,0.2881,113825000,83697.9,1356.044355
2026-09-28T02:15:06.998Z,XRP,0.1521,2054,1.5124,1356.044355
2026-09-28T02:15:06.998Z,SOL,0.3053,164800,121.16,1356.044355
2026-09-28T02:15:06.998Z,ETH,0.247,3616000,2660.01,1356.044355
2026-09-28T02:15:06.998Z,FIL,-0.2156,1509,1.1152,1356.044355
2026-09-28T02:15:06.998Z,TRX,-0.0139,453.1,0.33418,1356.044355
2026-09-28T02:15:06.998Z,BNB,0.1449,1053000,775.4,1356.044355
2026-09-28T02:15:06.998Z,WLD,0.3412,730,0.5365,1356.044355
2026-09-28T02:15:06.998Z,FLOW,-1.0858,43.66,0.03255,1356.044355
2026-09-28T02:15:06.998Z,LINK,-0.2738,19030,14.072,1356.044355
2026-09-28T02:15:06.998Z,DOGE,0.28,130.3,0.09582,1356.044355
2026-09-28T02:15:06.998Z,SUI,0.2982,1725,1.2683,1356.044355
2026-09-28T02:15:06.998Z,XLM,0.3629,294.2,0.21617,1356.044355
2026-09-28T02:15:06.998Z,BCH,-0.4052,441900,327.2,1356.044355
2026-09-28T02:15:06.998Z,AVAX,-1.1206,14630,10.911,1356.044355
2026-09-28T02:15:06.998Z,ETC,-1.0279,12750,9.5,1356.044355
2026-09-28T02:15:06.998Z,AAVE,0.3806,208700,153.32,1356.044355
2026-09-28T02:15:06.998Z,ADA,-0.3017,346.1,0.256,1356.044355
2026-09-28T02:15:06.998Z,HYPE,-0.3615,122300,90.516,1356.044355
2026-09-28T02:15:06.998Z,SEI,0.3406,116.5,0.08562,1356.044355
2026-09-28T02:15:06.998Z,HBAR,-1.7964,129.2,0.09702,1356.044355
2026-09-28T02:15:06.998Z,ARB,-0.8513,301.8,0.22447,1356.044355
2026-09-28T02:15:06.998Z,JTO,-0.317,797.8,0.5902,1356.044355
2026-09-28T02:15:06.998Z,ONDO,-0.1223,782.7,0.5779,1356.044355
2026-09-28T02:15:06.998Z,QTUM,-1.0344,1360,1.0134,1356.044355
2026-09-28T02:15:06.998Z,PYTH,6.0052,119.9,0.08341,1356.044355
2026-09-28T02:15:06.998Z,APT,0.4198,1173,0.8614,1356.044355
2026-09-28T02:15:06.998Z,UNI,-0.1008,12990,9.589,1356.044355
2026-09-28T02:15:06.998Z,TIA,0.1692,673.6,0.4959,1356.044355
2026-09-28T02:15:06.998Z,ALGO,0.5683,162.9,0.11945,1356.044355
2026-09-28T02:15:06.998Z,NEAR,-1.1259,7145,5.329,1356.044355
2026-09-28T02:15:06.998Z,ZIL,-3.4095,4.9,0.003741,1356.044355
2026-09-28T02:15:06.998Z,SUSHI,1.647,367.2,0.2664,1356.044355
2026-09-28T02:15:06.998Z,PENDLE,0.2759,3564,2.621,1356.044355
2026-09-28T02:15:06.998Z,XTZ,1.2953,432,0.3145,1356.044355
2026-09-28T02:15:06.998Z,W,1.9467,20.55,0.014865,1356.044355
2026-09-28T02:15:06.998Z,AR,3.4603,6145,4.38,1356.044355
2026-09-28T02:15:06.998Z,SHIB,-0.652,0.0079,5.864e-06,1356.044355
2026-09-28T02:15:06.998Z,CELO,2.3318,132.3,0.09534,1356.044355
2026-09-28T02:15:06.998Z,STX,0.7518,458.1,0.3353,1356.044355
2026-09-28T02:15:06.998Z,JUP,1.6023,497.1,0.3608,1356.044355
2026-09-28T02:15:06.998Z,PEPE,0.7384,0.0059,4.319e-06,1356.044355
2026-09-28T02:15:06.998Z,DYDX,4.0845,200,0.1417,1356.044355
2026-09-28T02:15:06.998Z,KITE,-11.7877,176.2,0.1473,1356.044355
2026-09-28T02:15:06.998Z,CRV,0.2798,472,0.3471,1356.044355
2026-09-28T02:15:06.998Z,ENJ,3.7734,42.92,0.0305,1356.044355
2026-09-28T02:15:06.998Z,ATOM,1.1209,2556,1.864,1356.044355
2026-09-28T02:15:06.998Z,ICP,-0.8607,4181,3.11,1356.044355
2026-09-28T02:15:06.998Z,SPACE,-1.1269,6.917,0.005159,1356.044355
2026-09-28T02:15:06.998Z,DOT,-0.9803,1692,1.2601,1356.044355
2026-09-28T02:15:06.998Z,ETHFI,-0.3878,954.6,0.7067,1356.044355
2026-09-28T02:15:06.998Z,CC,0.0953,190,0.13998,1356.044355
2026-09-28T02:15:06.998Z,SYRUP,2.5002,298.7,0.2149,1356.044355
2026-09-28T02:15:06.998Z,TAO,1.0058,428300,312.7,1356.044355
2026-09-28T02:15:06.998Z,GRAM,-3.4487,2159,1.649,1356.044355
2026-09-28T02:15:06.998Z,RAY,2.7312,3000,2.1535,1356.044355
2026-09-28T02:15:06.998Z,RENDER,-1.8669,2724,2.047,1356.044355
2026-09-28T02:15:06.998Z,GRASS,3.0877,925,0.6617,1356.044355
2026-09-28T02:15:06.998Z,MINA,0.2014,194.4,0.14307,1356.044355
2026-09-28T02:15:06.998Z,POL,-0.4554,160,0.11853,1356.044355
2026-09-28T02:15:06.998Z,ENA,-2.3495,365.7,0.27617,1356.044355
2026-09-28T02:15:06.998Z,SAND,-10.3281,55.51,0.04565,1356.044355
2026-09-28T02:15:06.998Z,AERO,4.336,1163,0.822,1356.044355
2026-09-28T02:15:06.998Z,KGEN,0.8961,223.7,0.1635,1356.044355
2026-09-28T02:15:06.998Z,LIT,2.0631,6200,4.4797,1356.044355
2026-09-28T02:15:06.998Z,MANA,1.0334,125.1,0.09131,1356.044355
2026-09-28T02:15:06.998Z,BAND,-0.0055,305.5,0.2253,1356.044355
2026-09-28T02:15:06.998Z,APE,-4.7155,208.7,0.16152,1356.044355
2026-09-28T02:15:06.998Z,GMT,1.2155,12.14,0.008845,1356.044355
2026-09-28T02:15:06.998Z,VIRTUAL,-2.769,1090,0.8267,1356.044355
2026-09-28T02:15:06.998Z,LPT,-5.479,2261,1.764,1356.044355
2026-09-28T02:15:06.998Z,DATA,6.4378,335,0.2321,1356.044355
2026-09-28T02:15:06.998Z,THETA,-4.2534,302,0.2326,1356.044355
2026-09-28T02:15:06.998Z,GRT,4.5402,48.78,0.03441,1356.044355
2026-09-28T02:15:06.998Z,LAYER,-4.132,106.9,0.08223,1356.044355
2026-09-28T02:15:06.998Z,NMR,2.3355,14120,10.175,1356.044355
2026-09-28T02:15:06.998Z,EIGEN,-12.5988,321.9,0.2716,1356.044355
2026-09-28T02:15:06.998Z,BAT,-0.0096,129.3,0.09536,1356.044355
2026-09-28T02:15:06.998Z,SPK,1.6899,32.64,0.02367,1356.044355
2026-09-28T02:15:06.998Z,PUMP,-3.0135,6.81,0.005178,1356.044355
2026-09-28T02:15:06.998Z,KMNO,-2.6106,60.71,0.04597,1356.044355
2026-09-28T02:15:06.998Z,CHZ,1.7219,22.76,0.0165,1356.044355
2026-09-28T02:15:06.998Z,PENGU,0.8741,14.01,0.010242,1356.044355
2026-09-28T02:15:06.998Z,OP,-0.8291,197,0.14649,1356.044355
2026-09-28T02:15:06.998Z,UMA,-1.017,571.8,0.426,1356.044355
2026-09-28T02:15:06.998Z,ZRO,2.6774,2290,1.6447,1356.044355
2026-09-28T02:15:06.998Z,S,-0.2147,53.99,0.0399,1356.044355
2026-09-28T02:15:06.998Z,IMX,0.2725,258.5,0.19011,1356.044355
2026-09-28T02:15:06.998Z,A,-1.5349,136.1,0.10193,1356.044355
2026-09-28T02:15:06.998Z,ATH,2.2651,8.652,0.006239,1356.044355
2026-09-28T02:15:06.998Z,COMP,6.7667,34950,24.14,1356.044355
2026-09-28T02:15:06.998Z,CVX,-3.3158,2828,2.157,1356.044355
2026-09-28T02:15:06.998Z,AXS,3.2721,1620,1.1568,1356.044355
2026-09-28T02:15:06.998Z,WCT,-0.3221,58.46,0.04325,1356.044355
2026-09-28T02:15:06.998Z,ME,0.96,107.8,0.07874,1356.044355
2026-09-28T02:15:06.998Z,ASTER,1.8665,997.2,0.7219,1356.044355
2026-09-28T02:15:06.998Z,GMX,-0.5571,11210,8.313,1356.044355
2026-09-28T02:15:06.998Z,MORPHO,5.6773,3810,2.6587,1356.044355
2026-09-28T02:15:06.998Z,MON,-6.8358,35.02,0.02772,1356.044355
2026-09-28T02:15:06.998Z,1INCH,1.029,139,0.10146,1356.044355
2026-09-28T02:15:06.998Z,SKY,1.2718,112.5,0.08192,1356.044355
2026-09-28T02:15:06.998Z,YGG,-1.8629,36.53,0.02745,1356.044355
2026-09-28T02:15:06.998Z,BIO,-3.3976,41.12,0.03139,1356.044355
2026-09-28T02:15:06.998Z,MOVE,0.0417,12.9,0.009509,1356.044355
2026-09-28T02:15:06.998Z,GALA,-14.6545,2.663,0.002301,1356.044355
2026-09-28T02:15:06.998Z,ZK,-12.1664,15.46,0.01298,1356.044355
2026-09-28T02:15:06.998Z,ENS,-0.0731,9400,6.937,1356.044355
2026-09-28T02:15:06.998Z,INJ,4.7655,11040,7.771,1356.044355
2026-09-28T02:15:06.998Z,KAITO,-0.3461,480,0.3552,1356.044355
2026-09-28T02:15:06.998Z,LDO,-1.6748,650,0.4875,1356.044355
2026-09-28T02:15:06.998Z,BLUR,-3.0608,28.21,0.02146,1356.044355
2026-09-28T02:15:06.998Z,AUCTION,-0.5073,5170,3.832,1356.044355
2026-09-28T02:15:06.998Z,ZETA,5.4768,75.12,0.05252,1356.044355
2026-09-28T02:15:06.998Z,WIF,1.1362,333.4,0.2431,1356.044355
2026-09-28T02:15:06.998Z,KSM,0.0643,6425,4.735,1356.044355
2026-09-28T02:20:07.110Z,BTC,0.235,113660000,83620.8,1356.044355
2026-09-28T02:20:07.110Z,XRP,0.2354,2050,1.5082,1356.044355
2026-09-28T02:20:07.110Z,SOL,0.1046,163900,120.74,1356.044355
2026-09-28T02:20:07.110Z,ETH,0.2336,3610000,2655.95,1356.044355
2026-09-28T02:20:07.110Z,FIL,-0.4655,1509,1.118,1356.044355
2026-09-28T02:20:07.110Z,TRX,-0.0229,453.1,0.33421,1356.044355
2026-09-28T02:20:07.110Z,BNB,0.2483,1053000,774.6,1356.044355
2026-09-28T02:20:07.110Z,WLD,0.1937,723.9,0.5328,1356.044355
2026-09-28T02:20:07.110Z,FLOW,-0.9336,43.66,0.0325,1356.044355
2026-09-28T02:20:07.110Z,LINK,0.1473,19090,14.057,1356.044355
2026-09-28T02:20:07.110Z,DOGE,0.2719,129.8,0.09546,1356.044355
2026-09-28T02:20:07.110Z,SUI,0.1575,1720,1.2664,1356.044355
2026-09-28T02:20:07.110Z,XLM,0.2228,293.3,0.21581,1356.044355
2026-09-28T02:20:07.110Z,BCH,-0.0692,441900,326.1,1356.044355
2026-09-28T02:20:07.110Z,AVAX,-1.0662,14630,10.905,1356.044355
2026-09-28T02:20:07.110Z,ETC,-0.7458,12750,9.473,1356.044355
2026-09-28T02:20:07.110Z,AAVE,0.6168,208700,152.96,1356.044355
2026-09-28T02:20:07.110Z,ADA,0.0913,345.7,0.2547,1356.044355
2026-09-28T02:20:07.110Z,HYPE,-0.2292,122300,90.396,1356.044355
2026-09-28T02:20:07.110Z,SEI,-0.2228,115.9,0.08566,1356.044355
2026-09-28T02:20:07.110Z,HBAR,-1.3388,129.2,0.09657,1356.044355
2026-09-28T02:20:07.110Z,ARB,-0.6388,301.8,0.22399,1356.044355
2026-09-28T02:20:07.110Z,JTO,0.0729,797.8,0.5879,1356.044355
2026-09-28T02:20:07.110Z,ONDO,-0.1777,780.1,0.5763,1356.044355
2026-09-28T02:20:07.110Z,QTUM,-0.7799,1360,1.0108,1356.044355
2026-09-28T02:20:07.110Z,PYTH,5.7516,119.9,0.08361,1356.044355
2026-09-28T02:20:07.110Z,APT,0.6769,1173,0.8592,1356.044355
2026-09-28T02:20:07.110Z,UNI,0.5704,12990,9.525,1356.044355
2026-09-28T02:20:07.110Z,TIA,0.2298,673.6,0.4956,1356.044355
2026-09-28T02:20:07.110Z,ALGO,0.9147,162.9,0.11904,1356.044355
2026-09-28T02:20:07.110Z,NEAR,-0.9772,7145,5.321,1356.044355
2026-09-28T02:20:07.110Z,ZIL,-3.2802,4.9,0.003736,1356.044355
2026-09-28T02:20:07.110Z,SUSHI,2.0685,367.2,0.2653,1356.044355
2026-09-28T02:20:07.110Z,PENDLE,1.1248,3564,2.599,1356.044355
2026-09-28T02:20:07.110Z,XTZ,1.3275,432,0.3144,1356.044355
2026-09-28T02:20:07.110Z,W,2.533,20.55,0.01478,1356.044355
2026-09-28T02:20:07.110Z,AR,3.4131,6145,4.382,1356.044355
2026-09-28T02:20:07.110Z,SHIB,-0.3802,0.0079,0.000005848,1356.044355
2026-09-28T02:20:07.110Z,CELO,2.7522,132.3,0.09495,1356.044355
2026-09-28T02:20:07.110Z,STX,1.0834,458.1,0.3342,1356.044355
2026-09-28T02:20:07.110Z,JUP,2.2826,497.1,0.3584,1356.044355
2026-09-28T02:20:07.110Z,PEPE,1.1835,0.0059,0.0000043,1356.044355
2026-09-28T02:20:07.110Z,DYDX,4.394,200,0.14128,1356.044355
2026-09-28T02:20:07.110Z,KITE,-11.7098,176.2,0.14717,1356.044355
2026-09-28T02:20:07.110Z,CRV,0.5115,472,0.3463,1356.044355
2026-09-28T02:20:07.110Z,ENJ,3.9438,42.92,0.03045,1356.044355
2026-09-28T02:20:07.110Z,ATOM,1.2295,2556,1.862,1356.044355
2026-09-28T02:20:07.110Z,ICP,-0.573,4181,3.101,1356.044355
2026-09-28T02:20:07.110Z,SPACE,-1.1269,6.917,0.005159,1356.044355
2026-09-28T02:20:07.110Z,DOT,-0.5779,1692,1.255,1356.044355
2026-09-28T02:20:07.110Z,ETHFI,-0.0909,954.6,0.7046,1356.044355
2026-09-28T02:20:07.110Z,CC,-0.0831,190,0.14023,1356.044355
2026-09-28T02:20:07.110Z,SYRUP,2.9794,298.7,0.2139,1356.044355
2026-09-28T02:20:07.110Z,TAO,1.0704,428300,312.5,1356.044355
2026-09-28T02:20:07.110Z,GRAM,-3.6823,2159,1.653,1356.044355
2026-09-28T02:20:07.110Z,RAY,2.9416,3000,2.1491,1356.044355
2026-09-28T02:20:07.110Z,RENDER,-1.3367,2724,2.036,1356.044355
2026-09-28T02:20:07.110Z,GRASS,2.146,925,0.6678,1356.044355
2026-09-28T02:20:07.110Z,MINA,0.1034,194.4,0.14321,1356.044355
2026-09-28T02:20:07.110Z,POL,-0.7318,160,0.11886,1356.044355
2026-09-28T02:20:07.110Z,ENA,-2.307,365.7,0.27605,1356.044355
2026-09-28T02:20:07.110Z,SAND,-10.1312,55.51,0.04555,1356.044355
2026-09-28T02:20:07.110Z,AERO,4.4122,1163,0.8214,1356.044355
2026-09-28T02:20:07.110Z,KGEN,0.8344,223.7,0.1636,1356.044355
2026-09-28T02:20:07.110Z,LIT,2.28,6200,4.4702,1356.044355
2026-09-28T02:20:07.110Z,MANA,1.1553,125.1,0.0912,1356.044355
2026-09-28T02:20:07.110Z,BAND,0.2615,305.5,0.2247,1356.044355
2026-09-28T02:20:07.110Z,APE,-4.5915,208.7,0.16131,1356.044355
2026-09-28T02:20:07.110Z,GMT,1.4794,12.14,0.008822,1356.044355
2026-09-28T02:20:07.110Z,VIRTUAL,-3.1789,1090,0.8302,1356.044355
2026-09-28T02:20:07.110Z,LPT,-5.2642,2261,1.76,1356.044355
2026-09-28T02:20:07.110Z,DATA,6.6676,335,0.2316,1356.044355
2026-09-28T02:20:07.110Z,THETA,-4.1298,302,0.2323,1356.044355
2026-09-28T02:20:07.110Z,GRT,4.1467,48.78,0.03454,1356.044355
2026-09-28T02:20:07.110Z,LAYER,-3.8514,106.9,0.08199,1356.044355
2026-09-28T02:20:07.110Z,NMR,2.225,14120,10.186,1356.044355
2026-09-28T02:20:07.110Z,EIGEN,-12.3406,321.9,0.2708,1356.044355
2026-09-28T02:20:07.110Z,BAT,0.2322,129.3,0.09513,1356.044355
2026-09-28T02:20:07.110Z,SPK,1.819,32.64,0.02364,1356.044355
2026-09-28T02:20:07.110Z,PUMP,-2.9198,6.81,0.005173,1356.044355
2026-09-28T02:20:07.110Z,KMNO,-2.547,60.71,0.04594,1356.044355
2026-09-28T02:20:07.110Z,CHZ,2.0311,22.76,0.01645,1356.044355
2026-09-28T02:20:07.110Z,PENGU,-0.5684,13.78,0.01022,1356.044355
2026-09-28T02:20:07.110Z,OP,-0.6935,197,0.14629,1356.044355
2026-09-28T02:20:07.110Z,UMA,-0.7841,571.8,0.425,1356.044355
2026-09-28T02:20:07.110Z,ZRO,2.6088,2290,1.6458,1356.044355
2026-09-28T02:20:07.110Z,S,0.0109,53.99,0.03981,1356.044355
2026-09-28T02:20:07.110Z,IMX,1.0485,258.5,0.18865,1356.044355
2026-09-28T02:20:07.110Z,A,-1.2443,136.1,0.10163,1356.044355
2026-09-28T02:20:07.110Z,ATH,2.4458,8.652,0.006228,1356.044355
2026-09-28T02:20:07.110Z,COMP,7.3001,34950,24.02,1356.044355
2026-09-28T02:20:07.110Z,CVX,-2.8655,2828,2.147,1356.044355
2026-09-28T02:20:07.110Z,AXS,3.5855,1620,1.1533,1356.044355
2026-09-28T02:20:07.110Z,WCT,-0.1143,58.46,0.04316,1356.044355
2026-09-28T02:20:07.110Z,ME,1.4626,107.8,0.07835,1356.044355
2026-09-28T02:20:07.110Z,ASTER,2.3058,997.2,0.7188,1356.044355
2026-09-28T02:20:07.110Z,GMX,-0.3052,11210,8.292,1356.044355
2026-09-28T02:20:07.110Z,MORPHO,5.8326,3810,2.6548,1356.044355
2026-09-28T02:20:07.110Z,MON,-6.5662,35.02,0.02764,1356.044355
2026-09-28T02:20:07.110Z,1INCH,1.2385,139,0.10125,1356.044355
2026-09-28T02:20:07.110Z,SKY,1.47,112.5,0.08176,1356.044355
2026-09-28T02:20:07.110Z,YGG,-1.504,36.53,0.02735,1356.044355
2026-09-28T02:20:07.110Z,BIO,-3.0889,41.12,0.03129,1356.044355
2026-09-28T02:20:07.110Z,MOVE,0.242,12.9,0.00949,1356.044355
2026-09-28T02:20:07.110Z,GALA,-14.5431,2.663,0.002298,1356.044355
2026-09-28T02:20:07.110Z,ZK,-11.9561,15.46,0.012949,1356.044355
2026-09-28T02:20:07.110Z,ENS,0.2593,9400,6.914,1356.044355
2026-09-28T02:20:07.110Z,INJ,4.941,11040,7.758,1356.044355
2026-09-28T02:20:07.110Z,KAITO,-0.0929,480,0.3543,1356.044355
2026-09-28T02:20:07.110Z,LDO,-1.6344,650,0.4873,1356.044355
2026-09-28T02:20:07.110Z,BLUR,-2.2867,28.21,0.02129,1356.044355
2026-09-28T02:20:07.110Z,AUCTION,-0.3513,5170,3.826,1356.044355
2026-09-28T02:20:07.110Z,ZETA,5.678,75.12,0.05242,1356.044355
2026-09-28T02:20:07.110Z,WIF,1.512,333.4,0.2422,1356.044355
2026-09-28T02:20:07.110Z,KSM,0.1489,6425,4.731,1356.044355
2026-09-28T02:25:06.985Z,BTC,0.275,113682000,83603.6,1356.044355
2026-09-28T02:25:06.985Z,XRP,0.3551,2050,1.5064,1356.044355
2026-09-28T02:25:06.985Z,SOL,0.2267,164100,120.74,1356.044355
2026-09-28T02:25:06.985Z,ETH,0.2827,3610000,2654.65,1356.044355
2026-09-28T02:25:06.985Z,FIL,0.1909,1518,1.1173,1356.044355
2026-09-28T02:25:06.985Z,TRX,-0.0199,453.1,0.3342,1356.044355
2026-09-28T02:25:06.985Z,BNB,0.2871,1053000,774.3,1356.044355
2026-09-28T02:25:06.985Z,WLD,0.0009,722.1,0.5325,1356.044355
2026-09-28T02:25:06.985Z,FLOW,-0.7809,43.66,0.03245,1356.044355
2026-09-28T02:25:06.985Z,LINK,0.0548,19090,14.07,1356.044355
2026-09-28T02:25:06.985Z,DOGE,0.1737,129.7,0.09548,1356.044355
2026-09-28T02:25:06.985Z,SUI,0.1914,1718,1.2645,1356.044355
2026-09-28T02:25:06.985Z,XLM,0.0903,292.6,0.21558,1356.044355
2026-09-28T02:25:06.985Z,BCH,-0.1305,441900,326.3,1356.044355
2026-09-28T02:25:06.985Z,AVAX,-0.9936,14630,10.897,1356.044355
2026-09-28T02:25:06.985Z,ETC,-0.6094,12750,9.46,1356.044355
2026-09-28T02:25:06.985Z,AAVE,0.9071,208700,152.52,1356.044355
2026-09-28T02:25:06.985Z,ADA,0.3543,346.2,0.2544,1356.044355
2026-09-28T02:25:06.985Z,HYPE,-0.6928,122300,90.818,1356.044355
2026-09-28T02:25:06.985Z,SEI,-0.2972,115.8,0.08565,1356.044355
2026-09-28T02:25:06.985Z,HBAR,0.8974,131.8,0.09633,1356.044355
2026-09-28T02:25:06.985Z,ARB,-0.51,301.8,0.2237,1356.044355
2026-09-28T02:25:06.985Z,JTO,0.2531,799.1,0.5878,1356.044355
2026-09-28T02:25:06.985Z,ONDO,0.0013,779.6,0.5749,1356.044355
2026-09-28T02:25:06.985Z,QTUM,-0.6127,1360,1.0091,1356.044355
2026-09-28T02:25:06.985Z,PYTH,5.5245,119.9,0.08379,1356.044355
2026-09-28T02:25:06.985Z,APT,1.0651,1173,0.8559,1356.044355
2026-09-28T02:25:06.985Z,UNI,0.8032,12990,9.503,1356.044355
2026-09-28T02:25:06.985Z,TIA,0.2298,673.6,0.4956,1356.044355
2026-09-28T02:25:06.985Z,ALGO,1.2037,162.9,0.1187,1356.044355
2026-09-28T02:25:06.985Z,NEAR,0.1495,7210,5.309,1356.044355
2026-09-28T02:25:06.985Z,ZIL,-3.2543,4.9,0.003735,1356.044355
2026-09-28T02:25:06.985Z,SUSHI,2.184,367.2,0.265,1356.044355
2026-09-28T02:25:06.985Z,PENDLE,1.7118,3564,2.584,1356.044355
2026-09-28T02:25:06.985Z,XTZ,1.6508,432,0.3134,1356.044355
2026-09-28T02:25:06.985Z,W,2.1804,20.55,0.014831,1356.044355
2026-09-28T02:25:06.985Z,AR,3.1072,6145,4.395,1356.044355
2026-09-28T02:25:06.985Z,SHIB,-0.2949,0.0079,0.000005843,1356.044355
2026-09-28T02:25:06.985Z,CELO,2.893,132.3,0.09482,1356.044355
2026-09-28T02:25:06.985Z,STX,1.3868,458.1,0.3332,1356.044355
2026-09-28T02:25:06.985Z,JUP,2.1401,497.1,0.3589,1356.044355
2026-09-28T02:25:06.985Z,PEPE,1.207,0.0059,0.000004299,1356.044355
2026-09-28T02:25:06.985Z,DYDX,4.7722,200,0.14077,1356.044355
2026-09-28T02:25:06.985Z,KITE,-11.9431,176.2,0.14756,1356.044355
2026-09-28T02:25:06.985Z,CRV,0.5695,472,0.3461,1356.044355
2026-09-28T02:25:06.985Z,ENJ,4.0805,42.92,0.03041,1356.044355
2026-09-28T02:25:06.985Z,ATOM,1.2295,2556,1.862,1356.044355
2026-09-28T02:25:06.985Z,ICP,-0.5409,4181,3.1,1356.044355
2026-09-28T02:25:06.985Z,SPACE,-1.4325,6.917,0.005175,1356.044355
2026-09-28T02:25:06.985Z,DOT,-1.1619,1683,1.2557,1356.044355
2026-09-28T02:25:06.985Z,ETHFI,-0.0909,954.6,0.7046,1356.044355
2026-09-28T02:25:06.985Z,CC,-0.339,190,0.14059,1356.044355
2026-09-28T02:25:06.985Z,SYRUP,2.6914,298.7,0.2145,1356.044355
2026-09-28T02:25:06.985Z,TAO,1.2324,428300,312,1356.044355
2026-09-28T02:25:06.985Z,GRAM,-3.1551,2159,1.644,1356.044355
2026-09-28T02:25:06.985Z,RAY,3.5438,3000,2.1366,1356.044355
2026-09-28T02:25:06.985Z,RENDER,-1.1912,2724,2.033,1356.044355
2026-09-28T02:25:06.985Z,GRASS,2.4375,925,0.6659,1356.044355
2026-09-28T02:25:06.985Z,MINA,0.4753,194.4,0.14268,1356.044355
2026-09-28T02:25:06.985Z,POL,-0.8985,160,0.11906,1356.044355
2026-09-28T02:25:06.985Z,ENA,-1.8876,365.7,0.27487,1356.044355
2026-09-28T02:25:06.985Z,SAND,-10.1903,55.51,0.04558,1356.044355
2026-09-28T02:25:06.985Z,AERO,4.7437,1163,0.8188,1356.044355
2026-09-28T02:25:06.985Z,KGEN,1.2056,223.7,0.163,1356.044355
2026-09-28T02:25:06.985Z,LIT,2.3235,6200,4.4683,1356.044355
2026-09-28T02:25:06.985Z,MANA,1.233,125.1,0.09113,1356.044355
2026-09-28T02:25:06.985Z,BAND,0.2169,305.5,0.2248,1356.044355
2026-09-28T02:25:06.985Z,APE,-4.4078,208.7,0.161,1356.044355
2026-09-28T02:25:06.985Z,GMT,1.5715,12.14,0.008814,1356.044355
2026-09-28T02:25:06.985Z,VIRTUAL,-2.6866,1090,0.826,1356.044355
2026-09-28T02:25:06.985Z,LPT,-5.1025,2261,1.757,1356.044355
2026-09-28T02:25:06.985Z,DATA,6.9446,335,0.231,1356.044355
2026-09-28T02:25:06.985Z,THETA,-4.0471,302,0.2321,1356.044355
2026-09-28T02:25:06.985Z,GRT,4.9979,48.78,0.03426,1356.044355
2026-09-28T02:25:06.985Z,LAYER,-3.781,106.9,0.08193,1356.044355
2026-09-28T02:25:06.985Z,NMR,1.1918,14120,10.29,1356.044355
2026-09-28T02:25:06.985Z,EIGEN,-12.0483,321.9,0.2699,1356.044355
2026-09-28T02:25:06.985Z,BAT,0.4645,129.3,0.09491,1356.044355
2026-09-28T02:25:06.985Z,SPK,1.9052,32.64,0.02362,1356.044355
2026-09-28T02:25:06.985Z,PUMP,-3.6277,6.81,0.005211,1356.044355
2026-09-28T02:25:06.985Z,KMNO,-3.0954,60.71,0.0462,1356.044355
2026-09-28T02:25:06.985Z,CHZ,2.2798,22.76,0.01641,1356.044355
2026-09-28T02:25:06.985Z,PENGU,-0.51,13.78,0.010214,1356.044355
2026-09-28T02:25:06.985Z,OP,-0.6256,197,0.14619,1356.044355
2026-09-28T02:25:06.985Z,UMA,-0.8541,571.8,0.4253,1356.044355
2026-09-28T02:25:06.985Z,ZRO,2.7399,2290,1.6437,1356.044355
2026-09-28T02:25:06.985Z,S,0.0109,53.99,0.03981,1356.044355
2026-09-28T02:25:06.985Z,IMX,1.1826,258.5,0.1884,1356.044355
2026-09-28T02:25:06.985Z,A,-1.4092,136.1,0.1018,1356.044355
2026-09-28T02:25:06.985Z,ATH,2.5116,8.652,0.006224,1356.044355
2026-09-28T02:25:06.985Z,COMP,7.7938,34950,23.91,1356.044355
2026-09-28T02:25:06.985Z,CVX,-2.9107,2828,2.148,1356.044355
2026-09-28T02:25:06.985Z,AXS,3.6754,1620,1.1523,1356.044355
2026-09-28T02:25:06.985Z,WCT,-0.1143,58.46,0.04316,1356.044355
2026-09-28T02:25:06.985Z,ME,1.5014,107.8,0.07832,1356.044355
2026-09-28T02:25:06.985Z,ASTER,2.2205,997.2,0.7194,1356.044355
2026-09-28T02:25:06.985Z,GMX,-0.1969,11210,8.283,1356.044355
2026-09-28T02:25:06.985Z,MORPHO,6.2006,3810,2.6456,1356.044355
2026-09-28T02:25:06.985Z,MON,-7.1039,35.02,0.0278,1356.044355
2026-09-28T02:25:06.985Z,1INCH,1.3587,139,0.10113,1356.044355
2026-09-28T02:25:06.985Z,SKY,1.5694,112.5,0.08168,1356.044355
2026-09-28T02:25:06.985Z,YGG,-1.504,36.53,0.02735,1356.044355
2026-09-28T02:25:06.985Z,BIO,-2.8716,41.12,0.03122,1356.044355
2026-09-28T02:25:06.985Z,MOVE,0.3901,12.9,0.009476,1356.044355
2026-09-28T02:25:06.985Z,GALA,-14.132,2.663,0.002287,1356.044355
2026-09-28T02:25:06.985Z,ZK,-11.9153,15.46,0.012943,1356.044355
2026-09-28T02:25:06.985Z,ENS,0.3028,9400,6.911,1356.044355
2026-09-28T02:25:06.985Z,INJ,4.9681,11040,7.756,1356.044355
2026-09-28T02:25:06.985Z,KAITO,0.02,480,0.3539,1356.044355
2026-09-28T02:25:06.985Z,LDO,-0.6559,650,0.4825,1356.044355
2026-09-28T02:25:06.985Z,BLUR,-2.2408,28.21,0.02128,1356.044355
2026-09-28T02:25:06.985Z,AUCTION,-0.3773,5170,3.827,1356.044355
2026-09-28T02:25:06.985Z,ZETA,6.0016,75.12,0.05226,1356.044355
2026-09-28T02:25:06.985Z,WIF,1.4283,333.4,0.2424,1356.044355
2026-09-28T02:25:06.985Z,KSM,0.2337,6425,4.727,1356.044355
2026-09-28T02:30:06.974Z,BTC,0.1572,113532000,83591.5,1356.044355
2026-09-28T02:30:06.974Z,XRP,0.1479,2044,1.5051,1356.044355
2026-09-28T02:30:06.974Z,SOL,0.1905,164000,120.71,1356.044355
2026-09-28T02:30:06.974Z,ETH,0.199,3607000,2654.66,1356.044355
2026-09-28T02:30:06.974Z,FIL,0.3799,1521,1.1174,1356.044355
2026-09-28T02:30:06.974Z,TRX,0.04,453.1,0.334,1356.044355
2026-09-28T02:30:06.974Z,BNB,0.3779,1053000,773.6,1356.044355
2026-09-28T02:30:06.974Z,WLD,0.0959,721.7,0.5317,1356.044355
2026-09-28T02:30:06.974Z,FLOW,-0.7197,43.66,0.03243,1356.044355
2026-09-28T02:30:06.974Z,LINK,0.2044,19090,14.049,1356.044355
2026-09-28T02:30:06.974Z,DOGE,0.3666,129.8,0.09537,1356.044355
2026-09-28T02:30:06.974Z,SUI,0.325,1709,1.2562,1356.044355
2026-09-28T02:30:06.974Z,XLM,0.267,292.6,0.2152,1356.044355
2026-09-28T02:30:06.974Z,BCH,0.115,441900,325.5,1356.044355
2026-09-28T02:30:06.974Z,AVAX,-0.7476,14630,10.87,1356.044355
2026-09-28T02:30:06.974Z,ETC,-0.2721,12750,9.428,1356.044355
2026-09-28T02:30:06.974Z,AAVE,1.1525,208700,152.15,1356.044355
2026-09-28T02:30:06.974Z,ADA,0.4728,346.2,0.2541,1356.044355
2026-09-28T02:30:06.974Z,HYPE,0.124,123200,90.74,1356.044355
2026-09-28T02:30:06.974Z,SEI,0.4856,116.9,0.08579,1356.044355
2026-09-28T02:30:06.974Z,HBAR,0.8974,131.8,0.09633,1356.044355
2026-09-28T02:30:06.974Z,ARB,0.3894,302.5,0.22221,1356.044355
2026-09-28T02:30:06.974Z,JTO,0.3043,799.1,0.5875,1356.044355
2026-09-28T02:30:06.974Z,ONDO,0.595,781.5,0.5729,1356.044355
2026-09-28T02:30:06.974Z,QTUM,-0.4549,1360,1.0075,1356.044355
2026-09-28T02:30:06.974Z,PYTH,4.8612,119.9,0.08432,1356.044355
2026-09-28T02:30:06.974Z,APT,1.1005,1173,0.8556,1356.044355
2026-09-28T02:30:06.974Z,UNI,0.8988,12990,9.494,1356.044355
2026-09-28T02:30:06.974Z,TIA,0.4934,673.6,0.4943,1356.044355
2026-09-28T02:30:06.974Z,ALGO,1.4516,162.9,0.11841,1356.044355
2026-09-28T02:30:06.974Z,NEAR,0.2243,7195,5.294,1356.044355
2026-09-28T02:30:06.974Z,ZIL,-3.0467,4.9,0.003727,1356.044355
2026-09-28T02:30:06.974Z,SUSHI,2.3772,367.2,0.2645,1356.044355
2026-09-28T02:30:06.974Z,PENDLE,1.5546,3564,2.588,1356.044355
2026-09-28T02:30:06.974Z,XTZ,1.7482,432,0.3131,1356.044355
2026-09-28T02:30:06.974Z,W,1.2384,20.55,0.014969,1356.044355
2026-09-28T02:30:06.974Z,AR,3.1072,6145,4.395,1356.044355
2026-09-28T02:30:06.974Z,SHIB,-0.1411,0.0079,0.000005834,1356.044355
2026-09-28T02:30:06.974Z,CELO,3.0343,132.3,0.09469,1356.044355
2026-09-28T02:30:06.974Z,STX,1.7226,458.1,0.3321,1356.044355
2026-09-28T02:30:06.974Z,JUP,2.2826,497.1,0.3584,1356.044355
2026-09-28T02:30:06.974Z,PEPE,1.3485,0.0059,0.000004293,1356.044355
2026-09-28T02:30:06.974Z,DYDX,4.7573,200,0.14079,1356.044355
2026-09-28T02:30:06.974Z,KITE,-11.7397,176.2,0.14722,1356.044355
2026-09-28T02:30:06.974Z,CRV,1.1541,472,0.3441,1356.044355
2026-09-28T02:30:06.974Z,ENJ,4.2176,42.92,0.03037,1356.044355
2026-09-28T02:30:06.974Z,ATOM,1.1209,2556,1.864,1356.044355
2026-09-28T02:30:06.974Z,ICP,-0.219,4181,3.09,1356.044355
2026-09-28T02:30:06.974Z,SPACE,-1.2035,6.917,0.005163,1356.044355
2026-09-28T02:30:06.974Z,DOT,-1.0437,1683,1.2542,1356.044355
2026-09-28T02:30:06.974Z,ETHFI,0.0795,954.6,0.7034,1356.044355
2026-09-28T02:30:06.974Z,CC,-0.2183,190,0.14042,1356.044355
2026-09-28T02:30:06.974Z,SYRUP,2.9794,298.7,0.2139,1356.044355
2026-09-28T02:30:06.974Z,TAO,1.4275,428300,311.4,1356.044355
2026-09-28T02:30:06.974Z,GRAM,-3.0961,2159,1.643,1356.044355
2026-09-28T02:30:06.974Z,RAY,4.9088,3000,2.1088,1356.044355
2026-09-28T02:30:06.974Z,RENDER,-0.6045,2724,2.021,1356.044355
2026-09-28T02:30:06.974Z,GRASS,2.2839,925,0.6669,1356.044355
2026-09-28T02:30:06.974Z,MINA,0.419,194.4,0.14276,1356.044355
2026-09-28T02:30:06.974Z,POL,-1.0398,160,0.11923,1356.044355
2026-09-28T02:30:06.974Z,ENA,-1.9946,365.7,0.27517,1356.044355
2026-09-28T02:30:06.974Z,SAND,-9.9929,55.51,0.04548,1356.044355
2026-09-28T02:30:06.974Z,AERO,4.5012,1163,0.8207,1356.044355
2026-09-28T02:30:06.974Z,KGEN,1.3299,223.7,0.1628,1356.044355
2026-09-28T02:30:06.974Z,LIT,2.6705,6200,4.4532,1356.044355
2026-09-28T02:30:06.974Z,MANA,1.4222,125.1,0.09096,1356.044355
2026-09-28T02:30:06.974Z,BAND,0.2615,305.5,0.2247,1356.044355
2026-09-28T02:30:06.974Z,APE,-4.3543,208.7,0.16091,1356.044355
2026-09-28T02:30:06.974Z,GMT,1.6407,12.14,0.008808,1356.044355
2026-09-28T02:30:06.974Z,VIRTUAL,-2.8748,1090,0.8276,1356.044355
2026-09-28T02:30:06.974Z,LPT,-5.0484,2261,1.756,1356.044355
2026-09-28T02:30:06.974Z,DATA,6.7598,335,0.2314,1356.044355
2026-09-28T02:30:06.974Z,THETA,-3.923,302,0.2318,1356.044355
2026-09-28T02:30:06.974Z,GRT,4.9979,48.78,0.03426,1356.044355
2026-09-28T02:30:06.974Z,LAYER,-3.687,106.9,0.08185,1356.044355
2026-09-28T02:30:06.974Z,NMR,0.8683,14120,10.323,1356.044355
2026-09-28T02:30:06.974Z,EIGEN,-11.8524,321.9,0.2693,1356.044355
2026-09-28T02:30:06.974Z,BAT,0.7192,129.3,0.09467,1356.044355
2026-09-28T02:30:06.974Z,SPK,1.9052,32.64,0.02362,1356.044355
2026-09-28T02:30:06.974Z,PUMP,0.7725,7.11,0.005203,1356.044355
2026-09-28T02:30:06.974Z,KMNO,-2.7164,60.71,0.04602,1356.044355
2026-09-28T02:30:06.974Z,CHZ,2.4671,22.76,0.01638,1356.044355
2026-09-28T02:30:06.974Z,PENGU,0.7145,13.91,0.010185,1356.044355
2026-09-28T02:30:06.974Z,OP,-0.5099,197,0.14602,1356.044355
2026-09-28T02:30:06.974Z,UMA,-0.5735,571.8,0.4241,1356.044355
2026-09-28T02:30:06.974Z,ZRO,2.5963,2290,1.646,1356.044355
2026-09-28T02:30:06.974Z,S,0.2375,53.99,0.03972,1356.044355
2026-09-28T02:30:06.974Z,IMX,0.5687,258.5,0.18955,1356.044355
2026-09-28T02:30:06.974Z,A,-1.1859,136.1,0.10157,1356.044355
2026-09-28T02:30:06.974Z,ATH,2.1015,8.652,0.006249,1356.044355
2026-09-28T02:30:06.974Z,COMP,7.7938,34950,23.91,1356.044355
2026-09-28T02:30:06.974Z,CVX,-2.7749,2828,2.145,1356.044355
2026-09-28T02:30:06.974Z,AXS,4.0365,1620,1.1483,1356.044355
2026-09-28T02:30:06.974Z,WCT,0.0945,58.46,0.04307,1356.044355
2026-09-28T02:30:06.974Z,ME,1.6572,107.8,0.0782,1356.044355
2026-09-28T02:30:06.974Z,ASTER,2.1779,997.2,0.7197,1356.044355
2026-09-28T02:30:06.974Z,GMX,-0.1245,11210,8.277,1356.044355
2026-09-28T02:30:06.974Z,MORPHO,6.2528,3810,2.6443,1356.044355
2026-09-28T02:30:06.974Z,MON,-7.1373,35.02,0.02781,1356.044355
2026-09-28T02:30:06.974Z,1INCH,1.6401,139,0.10085,1356.044355
2026-09-28T02:30:06.974Z,SKY,1.0621,112.5,0.08209,1356.044355
2026-09-28T02:30:06.974Z,YGG,-1.2513,36.53,0.02728,1356.044355
2026-09-28T02:30:06.974Z,BIO,-2.747,41.12,0.03118,1356.044355
2026-09-28T02:30:06.974Z,MOVE,0.4961,12.9,0.009466,1356.044355
2026-09-28T02:30:06.974Z,GALA,-14.0193,2.663,0.002284,1356.044355
2026-09-28T02:30:06.974Z,ZK,-11.5668,15.46,0.012892,1356.044355
2026-09-28T02:30:06.974Z,ENS,0.4773,9400,6.899,1356.044355
2026-09-28T02:30:06.974Z,INJ,5.0765,11040,7.748,1356.044355
2026-09-28T02:30:06.974Z,KAITO,0.275,480,0.353,1356.044355
2026-09-28T02:30:06.974Z,LDO,-0.9023,650,0.4837,1356.044355
2026-09-28T02:30:06.974Z,BLUR,-2.0106,28.21,0.02123,1356.044355
2026-09-28T02:30:06.974Z,AUCTION,-0.1163,5170,3.817,1356.044355
2026-09-28T02:30:06.974Z,ZETA,6.4088,75.12,0.05206,1356.044355
2026-09-28T02:30:06.974Z,WIF,1.4701,333.4,0.2423,1356.044355
2026-09-28T02:30:06.974Z,KSM,0.4249,6425,4.718,1356.044355
2026-09-28T02:35:07.119Z,BTC,0.1822,113390000,83466.1,1356.044355
2026-09-28T02:35:07.119Z,XRP,0.1612,2033,1.4968,1356.044355
2026-09-28T02:35:07.119Z,SOL,0.1165,163200,120.21,1356.044355
2026-09-28T02:35:07.119Z,ETH,0.1492,3599000,2650.09,1356.044355
2026-09-28T02:35:07.119Z,FIL,0.7495,1521,1.1133,1356.044355
2026-09-28T02:35:07.119Z,TRX,0.22,453.1,0.3334,1356.044355
2026-09-28T02:35:07.119Z,BNB,0.5599,1053000,772.2,1356.044355
2026-09-28T02:35:07.119Z,WLD,0.0016,719.8,0.5308,1356.044355
2026-09-28T02:35:07.119Z,FLOW,-0.1347,43.66,0.03224,1356.044355
2026-09-28T02:35:07.119Z,LINK,0.1025,19000,13.997,1356.044355
2026-09-28T02:35:07.119Z,DOGE,0.1575,129,0.09498,1356.044355
2026-09-28T02:35:07.119Z,SUI,0.0217,1698,1.2519,1356.044355
2026-09-28T02:35:07.119Z,XLM,0.2114,291.5,0.21451,1356.044355
2026-09-28T02:35:07.119Z,BCH,0.3617,441900,324.7,1356.044355
2026-09-28T02:35:07.119Z,AVAX,-0.3718,14630,10.829,1356.044355
2026-09-28T02:35:07.119Z,ETC,0.2276,12750,9.381,1356.044355
2026-09-28T02:35:07.119Z,AAVE,1.7746,208700,151.22,1356.044355
2026-09-28T02:35:07.119Z,ADA,0.2288,344,0.2531,1356.044355
2026-09-28T02:35:07.119Z,HYPE,0.4128,123200,90.479,1356.044355
2026-09-28T02:35:07.119Z,SEI,0.0896,116.1,0.08554,1356.044355
2026-09-28T02:35:07.119Z,HBAR,0.2547,129.9,0.09555,1356.044355
2026-09-28T02:35:07.119Z,ARB,0.1901,300.5,0.22118,1356.044355
2026-09-28T02:35:07.119Z,JTO,0.4451,796,0.5844,1356.044355
2026-09-28T02:35:07.119Z,ONDO,0.2607,777,0.5715,1356.044355
2026-09-28T02:35:07.119Z,QTUM,-0.1675,1360,1.0046,1356.044355
2026-09-28T02:35:07.119Z,PYTH,5.8276,119.9,0.08355,1356.044355
2026-09-28T02:35:07.119Z,APT,1.373,1173,0.8533,1356.044355
2026-09-28T02:35:07.119Z,UNI,0.0341,12800,9.436,1356.044355
2026-09-28T02:35:07.119Z,TIA,1.0453,673.6,0.4916,1356.044355
2026-09-28T02:35:07.119Z,ALGO,0.0944,160.3,0.1181,1356.044355
2026-09-28T02:35:07.119Z,NEAR,0.5853,7195,5.275,1356.044355
2026-09-28T02:35:07.119Z,ZIL,-2.9164,4.9,0.003722,1356.044355
2026-09-28T02:35:07.119Z,SUSHI,3.1572,367.2,0.2625,1356.044355
2026-09-28T02:35:07.119Z,PENDLE,2.1069,3564,2.574,1356.044355
2026-09-28T02:35:07.119Z,XTZ,2.3365,432,0.3113,1356.044355
2026-09-28T02:35:07.119Z,W,1.2722,20.55,0.014964,1356.044355
2026-09-28T02:35:07.119Z,AR,3.5786,6145,4.375,1356.044355
2026-09-28T02:35:07.119Z,SHIB,0.1335,0.0079,0.000005818,1356.044355
2026-09-28T02:35:07.119Z,CELO,3.6143,132.3,0.09416,1356.044355
2026-09-28T02:35:07.119Z,STX,0.6613,451,0.3304,1356.044355
2026-09-28T02:35:07.119Z,JUP,2.7413,497.1,0.3568,1356.044355
2026-09-28T02:35:07.119Z,PEPE,1.7276,0.0059,0.000004277,1356.044355
2026-09-28T02:35:07.119Z,DYDX,4.8839,200,0.14062,1356.044355
2026-09-28T02:35:07.119Z,KITE,-10.8251,176.2,0.14571,1356.044355
2026-09-28T02:35:07.119Z,CRV,1.8348,472,0.3418,1356.044355
2026-09-28T02:35:07.119Z,ENJ,4.5964,42.92,0.03026,1356.044355
2026-09-28T02:35:07.119Z,ATOM,1.7212,2556,1.853,1356.044355
2026-09-28T02:35:07.119Z,ICP,0.0075,4181,3.083,1356.044355
2026-09-28T02:35:07.119Z,SPACE,-0.7421,6.917,0.005139,1356.044355
2026-09-28T02:35:07.119Z,DOT,-0.8064,1683,1.2512,1356.044355
2026-09-28T02:35:07.119Z,ETHFI,0.4651,954.6,0.7007,1356.044355
2026-09-28T02:35:07.119Z,CC,0.1168,190,0.13995,1356.044355
2026-09-28T02:35:07.119Z,SYRUP,0.9109,290.1,0.212,1356.044355
2026-09-28T02:35:07.119Z,TAO,1.4926,428300,311.2,1356.044355
2026-09-28T02:35:07.119Z,GRAM,-3.0371,2159,1.642,1356.044355
2026-09-28T02:35:07.119Z,RAY,5.4489,3000,2.098,1356.044355
2026-09-28T02:35:07.119Z,RENDER,-0.0108,2724,2.009,1356.044355
2026-09-28T02:35:07.119Z,GRASS,3.5886,925,0.6585,1356.044355
2026-09-28T02:35:07.119Z,MINA,0.8499,194.4,0.14215,1356.044355
2026-09-28T02:35:07.119Z,POL,-0.9484,160,0.11912,1356.044355
2026-09-28T02:35:07.119Z,ENA,-1.2228,365.7,0.27302,1356.044355
2026-09-28T02:35:07.119Z,SAND,-9.8343,55.51,0.0454,1356.044355
2026-09-28T02:35:07.119Z,AERO,5.3484,1163,0.8141,1356.044355
2026-09-28T02:35:07.119Z,KGEN,2.0192,223.7,0.1617,1356.044355
2026-09-28T02:35:07.119Z,LIT,2.992,6200,4.4393,1356.044355
2026-09-28T02:35:07.119Z,MANA,1.8364,125.1,0.09059,1356.044355
2026-09-28T02:35:07.119Z,BAND,0.5299,305.5,0.2241,1356.044355
2026-09-28T02:35:07.119Z,APE,-4.0203,208.7,0.16035,1356.044355
2026-09-28T02:35:07.119Z,GMT,0.3267,11.93,0.008769,1356.044355
2026-09-28T02:35:07.119Z,VIRTUAL,-2.0701,1090,0.8208,1356.044355
2026-09-28T02:35:07.119Z,LPT,-4.7229,2261,1.75,1356.044355
2026-09-28T02:35:07.119Z,DATA,7.0837,335,0.2307,1356.044355
2026-09-28T02:35:07.119Z,THETA,-3.5067,302,0.2308,1356.044355
2026-09-28T02:35:07.119Z,GRT,4.8143,48.78,0.03432,1356.044355
2026-09-28T02:35:07.119Z,LAYER,-3.3326,106.9,0.08155,1356.044355
2026-09-28T02:35:07.119Z,NMR,0.8293,14120,10.327,1356.044355
2026-09-28T02:35:07.119Z,EIGEN,-11.4908,321.9,0.2682,1356.044355
2026-09-28T02:35:07.119Z,BAT,1.1144,129.3,0.0943,1356.044355
2026-09-28T02:35:07.119Z,SPK,2.7754,32.64,0.02342,1356.044355
2026-09-28T02:35:07.119Z,PUMP,1.2199,7.11,0.00518,1356.044355
2026-09-28T02:35:07.119Z,KMNO,-2.0566,60.71,0.04571,1356.044355
2026-09-28T02:35:07.119Z,CHZ,3.0332,22.76,0.01629,1356.044355
2026-09-28T02:35:07.119Z,PENGU,1.2814,13.91,0.010128,1356.044355
2026-09-28T02:35:07.119Z,OP,-0.1749,197,0.14553,1356.044355
2026-09-28T02:35:07.119Z,UMA,-0.3385,571.8,0.4231,1356.044355
2026-09-28T02:35:07.119Z,ZRO,2.9654,2290,1.6401,1356.044355
2026-09-28T02:35:07.119Z,S,0.5666,53.99,0.03959,1356.044355
2026-09-28T02:35:07.119Z,IMX,0.6696,258.5,0.18936,1356.044355
2026-09-28T02:35:07.119Z,A,-0.6873,136.1,0.10106,1356.044355
2026-09-28T02:35:07.119Z,ATH,2.4622,8.652,0.006227,1356.044355
2026-09-28T02:35:07.119Z,COMP,8.2011,34950,23.82,1356.044355
2026-09-28T02:35:07.119Z,CVX,-2.2738,2828,2.134,1356.044355
2026-09-28T02:35:07.119Z,AXS,4.3546,1620,1.1448,1356.044355
2026-09-28T02:35:07.119Z,WCT,0.5145,58.46,0.04289,1356.044355
2026-09-28T02:35:07.119Z,ME,2.0487,107.8,0.0779,1356.044355
2026-09-28T02:35:07.119Z,ASTER,2.6629,997.2,0.7163,1356.044355
2026-09-28T02:35:07.119Z,GMX,0.4458,11210,8.23,1356.044355
2026-09-28T02:35:07.119Z,MORPHO,7.0381,3810,2.6249,1356.044355
2026-09-28T02:35:07.119Z,MON,-6.8022,35.02,0.02771,1356.044355
2026-09-28T02:35:07.119Z,1INCH,1.9028,139,0.10059,1356.044355
2026-09-28T02:35:07.119Z,SKY,0.4868,112.5,0.08256,1356.044355
2026-09-28T02:35:07.119Z,YGG,-0.9973,36.53,0.02721,1356.044355
2026-09-28T02:35:07.119Z,BIO,-2.1191,41.12,0.03098,1356.044355
2026-09-28T02:35:07.119Z,MOVE,1.0083,12.9,0.009418,1356.044355
2026-09-28T02:35:07.119Z,GALA,-13.6412,2.663,0.002274,1356.044355
2026-09-28T02:35:07.119Z,ZK,-10.9242,15.46,0.012799,1356.044355
2026-09-28T02:35:07.119Z,ENS,0.1095,9295,6.847,1356.044355
2026-09-28T02:35:07.119Z,INJ,5.2395,11040,7.736,1356.044355
2026-09-28T02:35:07.119Z,KAITO,0.5028,480,0.3522,1356.044355
2026-09-28T02:35:07.119Z,LDO,-0.3461,650,0.481,1356.044355
2026-09-28T02:35:07.119Z,BLUR,-1.1257,28.21,0.02104,1356.044355
2026-09-28T02:35:07.119Z,AUCTION,0.2777,5170,3.802,1356.044355
2026-09-28T02:35:07.119Z,ZETA,6.9842,75.12,0.05178,1356.044355
2026-09-28T02:35:07.119Z,WIF,1.8907,333.4,0.2413,1356.044355
2026-09-28T02:35:07.119Z,KSM,0.7666,6425,4.702,1356.044355
2026-09-28T02:40:06.952Z,BTC,0.1507,113299000,83425.4,1356.044355
2026-09-28T02:40:06.952Z,XRP,0.1503,2034,1.4977,1356.044355
2026-09-28T02:40:06.952Z,SOL,0.2279,163300,120.15,1356.044355
2026-09-28T02:40:06.952Z,ETH,0.107,3598000,2650.47,1356.044355
2026-09-28T02:40:06.952Z,FIL,0.5148,1521,1.1159,1356.044355
2026-09-28T02:40:06.952Z,TRX,0.2321,453.1,0.33336,1356.044355
2026-09-28T02:40:06.952Z,BNB,0.5078,1053000,772.6,1356.044355
2026-09-28T02:40:06.952Z,WLD,0.0919,721.4,0.5315,1356.044355
2026-09-28T02:40:06.952Z,FLOW,0.0826,43.66,0.03217,1356.044355
2026-09-28T02:40:06.952Z,LINK,0.0096,19000,14.01,1356.044355
2026-09-28T02:40:06.952Z,DOGE,0.1432,128.9,0.09492,1356.044355
2026-09-28T02:40:06.952Z,SUI,-0.4,1698,1.2572,1356.044355
2026-09-28T02:40:06.952Z,XLM,0.0651,291.4,0.21475,1356.044355
2026-09-28T02:40:06.952Z,BCH,0.3308,441900,324.8,1356.044355
2026-09-28T02:40:06.952Z,AVAX,-0.2982,14630,10.821,1356.044355
2026-09-28T02:40:06.952Z,ETC,0.2382,12750,9.38,1356.044355
2026-09-28T02:40:06.952Z,AAVE,1.8756,208700,151.07,1356.044355
2026-09-28T02:40:06.952Z,ADA,0.1496,344,0.2533,1356.044355
2026-09-28T02:40:06.952Z,HYPE,0.7927,123200,90.138,1356.044355
2026-09-28T02:40:06.952Z,SEI,-0.4509,115.5,0.08556,1356.044355
2026-09-28T02:40:06.952Z,HBAR,0.6444,129.9,0.09518,1356.044355
2026-09-28T02:40:06.952Z,ARB,0.3035,300.5,0.22093,1356.044355
2026-09-28T02:40:06.952Z,JTO,0.6691,796,0.5831,1356.044355
2026-09-28T02:40:06.952Z,ONDO,0.4436,777.6,0.5709,1356.044355
2026-09-28T02:40:06.952Z,QTUM,0.0316,1360,1.0026,1356.044355
2026-09-28T02:40:06.952Z,PYTH,5.739,119.9,0.08362,1356.044355
2026-09-28T02:40:06.952Z,APT,1.4206,1173,0.8529,1356.044355
2026-09-28T02:40:06.952Z,UNI,0.3638,12800,9.405,1356.044355
2026-09-28T02:40:06.952Z,TIA,1.0659,673.6,0.4915,1356.044355
2026-09-28T02:40:06.952Z,ALGO,0.409,160.3,0.11773,1356.044355
2026-09-28T02:40:06.952Z,NEAR,0.8338,7195,5.262,1356.044355
2026-09-28T02:40:06.952Z,ZIL,-2.9686,4.9,0.003724,1356.044355
2026-09-28T02:40:06.952Z,SUSHI,3.2752,367.2,0.2622,1356.044355
2026-09-28T02:40:06.952Z,PENDLE,2.4253,3564,2.566,1356.044355
2026-09-28T02:40:06.952Z,XTZ,2.2708,432,0.3115,1356.044355
2026-09-28T02:40:06.952Z,W,2.4221,20.55,0.014796,1356.044355
2026-09-28T02:40:06.952Z,AR,3.484,6145,4.379,1356.044355
2026-09-28T02:40:06.952Z,SHIB,0.2024,0.0079,0.000005814,1356.044355
2026-09-28T02:40:06.952Z,CELO,3.6473,132.3,0.09413,1356.044355
2026-09-28T02:40:06.952Z,STX,0.4788,451,0.331,1356.044355
2026-09-28T02:40:06.952Z,JUP,2.7413,497.1,0.3568,1356.044355
2026-09-28T02:40:06.952Z,PEPE,0.3789,0.0058,0.000004261,1356.044355
2026-09-28T02:40:06.952Z,DYDX,4.7052,200,0.14086,1356.044355
2026-09-28T02:40:06.952Z,KITE,-10.6473,176.2,0.14542,1356.044355
2026-09-28T02:40:06.952Z,CRV,1.9541,472,0.3414,1356.044355
2026-09-28T02:40:06.952Z,ENJ,4.5619,42.92,0.03027,1356.044355
2026-09-28T02:40:06.952Z,ATOM,1.6115,2556,1.855,1356.044355
2026-09-28T02:40:06.952Z,ICP,0.0075,4181,3.083,1356.044355
2026-09-28T02:40:06.952Z,SPACE,-0.8385,6.917,0.005144,1356.044355
2026-09-28T02:40:06.952Z,DOT,-0.7588,1683,1.2506,1356.044355
2026-09-28T02:40:06.952Z,ETHFI,0.4365,954.6,0.7009,1356.044355
2026-09-28T02:40:06.952Z,CC,0.0953,190,0.13998,1356.044355
2026-09-28T02:40:06.952Z,SYRUP,1.0539,290.1,0.2117,1356.044355
2026-09-28T02:40:06.952Z,TAO,1.3624,428300,311.6,1356.044355
2026-09-28T02:40:06.952Z,GRAM,-3.2139,2159,1.645,1356.044355
2026-09-28T02:40:06.952Z,RAY,5.4187,3000,2.0986,1356.044355
2026-09-28T02:40:06.952Z,RENDER,0.0889,2724,2.007,1356.044355
2026-09-28T02:40:06.952Z,GRASS,2.9011,925,0.6629,1356.044355
2026-09-28T02:40:06.952Z,MINA,0.8712,194.4,0.14212,1356.044355
2026-09-28T02:40:06.952Z,POL,-1.1807,160,0.1194,1356.044355
2026-09-28T02:40:06.952Z,ENA,-1.3421,365.7,0.27335,1356.044355
2026-09-28T02:40:06.952Z,SAND,-10.0127,55.51,0.04549,1356.044355
2026-09-28T02:40:06.952Z,AERO,5.4261,1163,0.8135,1356.044355
2026-09-28T02:40:06.952Z,KGEN,2.0192,223.7,0.1617,1356.044355
2026-09-28T02:40:06.952Z,LIT,3.0709,6200,4.4359,1356.044355
2026-09-28T02:40:06.952Z,MANA,1.9152,125.1,0.09052,1356.044355
2026-09-28T02:40:06.952Z,BAND,0.6647,305.5,0.2238,1356.044355
2026-09-28T02:40:06.952Z,APE,-3.8343,208.7,0.16004,1356.044355
2026-09-28T02:40:06.952Z,GMT,0.9136,11.93,0.008718,1356.044355
2026-09-28T02:40:06.952Z,VIRTUAL,-2.0701,1090,0.8208,1356.044355
2026-09-28T02:40:06.952Z,LPT,-4.6139,2261,1.748,1356.044355
2026-09-28T02:40:06.952Z,DATA,7.3163,335,0.2302,1356.044355
2026-09-28T02:40:06.952Z,THETA,-3.2972,302,0.2303,1356.044355
2026-09-28T02:40:06.952Z,GRT,5.5215,48.78,0.03409,1356.044355
2026-09-28T02:40:06.952Z,LAYER,-3.0235,106.9,0.08129,1356.044355
2026-09-28T02:40:06.952Z,NMR,1.5075,14120,10.258,1356.044355
2026-09-28T02:40:06.952Z,EIGEN,-11.4578,321.9,0.2681,1356.044355
2026-09-28T02:40:06.952Z,BAT,1.4587,129.3,0.09398,1356.044355
2026-09-28T02:40:06.952Z,SPK,2.9073,32.64,0.02339,1356.044355
2026-09-28T02:40:06.952Z,PUMP,1.77,7.11,0.005152,1356.044355
2026-09-28T02:40:06.952Z,KMNO,-2.2064,60.71,0.04578,1356.044355
2026-09-28T02:40:06.952Z,CHZ,3.0332,22.76,0.01629,1356.044355
2026-09-28T02:40:06.952Z,PENGU,1.9761,13.91,0.010059,1356.044355
2026-09-28T02:40:06.952Z,OP,-0.0581,197,0.14536,1356.044355
2026-09-28T02:40:06.952Z,UMA,-0.4327,571.8,0.4235,1356.044355
2026-09-28T02:40:06.952Z,ZRO,2.7899,2290,1.6429,1356.044355
2026-09-28T02:40:06.952Z,S,0.6938,53.99,0.03954,1356.044355
2026-09-28T02:40:06.952Z,IMX,0.643,258.5,0.18941,1356.044355
2026-09-28T02:40:06.952Z,A,-0.5199,136.1,0.10089,1356.044355
2026-09-28T02:40:06.952Z,ATH,3.3585,8.652,0.006173,1356.044355
2026-09-28T02:40:06.952Z,COMP,8.3375,34950,23.79,1356.044355
2026-09-28T02:40:06.952Z,CVX,-2.1362,2828,2.131,1356.044355
2026-09-28T02:40:06.952Z,AXS,4.3181,1620,1.1452,1356.044355
2026-09-28T02:40:06.952Z,WCT,0.6318,58.46,0.04284,1356.044355
2026-09-28T02:40:06.952Z,ME,2.0487,107.8,0.0779,1356.044355
2026-09-28T02:40:06.952Z,ASTER,2.7059,997.2,0.716,1356.044355
2026-09-28T02:40:06.952Z,GMX,0.4214,11210,8.232,1356.044355
2026-09-28T02:40:06.952Z,MORPHO,7.0707,3810,2.6241,1356.044355
2026-09-28T02:40:06.952Z,MON,-6.5662,35.02,0.02764,1356.044355
2026-09-28T02:40:06.952Z,1INCH,1.8724,139,0.10062,1356.044355
2026-09-28T02:40:06.952Z,SKY,0.1471,112.5,0.08284,1356.044355
2026-09-28T02:40:06.952Z,YGG,-0.6321,36.53,0.02711,1356.044355
2026-09-28T02:40:06.952Z,BIO,-2.1823,41.12,0.031,1356.044355
2026-09-28T02:40:06.952Z,MOVE,1.1587,12.9,0.009404,1356.044355
2026-09-28T02:40:06.952Z,GALA,-13.4509,2.663,0.002269,1356.044355
2026-09-28T02:40:06.952Z,ZK,-10.8685,15.46,0.012791,1356.044355
2026-09-28T02:40:06.952Z,ENS,0.1873,9290,6.838,1356.044355
2026-09-28T02:40:06.952Z,INJ,5.2803,11040,7.733,1356.044355
2026-09-28T02:40:06.952Z,KAITO,0.5028,480,0.3522,1356.044355
2026-09-28T02:40:06.952Z,LDO,-0.4496,650,0.4815,1356.044355
2026-09-28T02:40:06.952Z,BLUR,0.0152,28.21,0.0208,1356.044355
2026-09-28T02:40:06.952Z,AUCTION,0.3834,5170,3.798,1356.044355
2026-09-28T02:40:06.952Z,ZETA,7.0669,75.12,0.05174,1356.044355
2026-09-28T02:40:06.952Z,WIF,2.1022,333.4,0.2408,1356.044355
2026-09-28T02:40:06.952Z,KSM,1.046,6425,4.689,1356.044355
2026-09-28T02:45:06.767Z,BTC,0.118,113302000,83454.8,1356.044355
2026-09-28T02:45:06.767Z,XRP,0.1309,2037,1.5002,1356.044355
2026-09-28T02:45:06.767Z,SOL,0.0385,163100,120.23,1356.044355
2026-09-28T02:45:06.767Z,ETH,0.1086,3600000,2651.9,1356.044355
2026-09-28T02:45:06.767Z,FIL,0.2896,1518,1.1162,1356.044355
2026-09-28T02:45:06.767Z,TRX,0.2069,453,0.33337,1356.044355
2026-09-28T02:45:06.767Z,BNB,0.4948,1053000,772.7,1356.044355
2026-09-28T02:45:06.767Z,WLD,-0.1359,720.3,0.5319,1356.044355
2026-09-28T02:45:06.767Z,FLOW,-0.0059,43.54,0.03211,1356.044355
2026-09-28T02:45:06.767Z,LINK,-0.4523,19000,14.075,1356.044355
2026-09-28T02:45:06.767Z,DOGE,0.0943,129,0.09504,1356.044355
2026-09-28T02:45:06.767Z,SUI,-0.0152,1707,1.259,1356.044355
2026-09-28T02:45:06.767Z,XLM,-0.0298,291.3,0.21488,1356.044355
2026-09-28T02:45:06.767Z,BCH,0.4235,441900,324.5,1356.044355
2026-09-28T02:45:06.767Z,AVAX,-0.5005,14630,10.843,1356.044355
2026-09-28T02:45:06.767Z,ETC,0.0569,12750,9.397,1356.044355
2026-09-28T02:45:06.767Z,AAVE,1.5396,208700,151.57,1356.044355
2026-09-28T02:45:06.767Z,ADA,0.0312,344,0.2536,1356.044355
2026-09-28T02:45:06.767Z,HYPE,0.2666,122300,89.949,1356.044355
2026-09-28T02:45:06.767Z,SEI,-0.3694,115.5,0.08549,1356.044355
2026-09-28T02:45:06.767Z,HBAR,-0.0004,129,0.09513,1356.044355
2026-09-28T02:45:06.767Z,ARB,0.2309,300.5,0.22109,1356.044355
2026-09-28T02:45:06.767Z,JTO,0.428,796,0.5845,1356.044355
2026-09-28T02:45:06.767Z,ONDO,0.8322,777.6,0.5687,1356.044355
2026-09-28T02:45:06.767Z,QTUM,0.0915,1360,1.002,1356.044355
2026-09-28T02:45:06.767Z,PYTH,5.6253,119.9,0.08371,1356.044355
2026-09-28T02:45:06.767Z,APT,1.3968,1173,0.8531,1356.044355
2026-09-28T02:45:06.767Z,UNI,0.1509,12800,9.425,1356.044355
2026-09-28T02:45:06.767Z,TIA,0.8812,673.6,0.4924,1356.044355
2026-09-28T02:45:06.767Z,ALGO,0.2812,160.3,0.11788,1356.044355
2026-09-28T02:45:06.767Z,NEAR,0.1108,7195,5.3,1356.044355
2026-09-28T02:45:06.767Z,ZIL,-3.2025,4.9,0.003733,1356.044355
2026-09-28T02:45:06.767Z,SUSHI,3.2752,367.2,0.2622,1356.044355
2026-09-28T02:45:06.767Z,PENDLE,2.5052,3564,2.564,1356.044355
2026-09-28T02:45:06.767Z,XTZ,2.2052,432,0.3117,1356.044355
2026-09-28T02:45:06.767Z,W,2.5399,20.55,0.014779,1356.044355
2026-09-28T02:45:06.767Z,AR,2.9667,6145,4.401,1356.044355
2026-09-28T02:45:06.767Z,SHIB,0.1507,0.0079,0.000005817,1356.044355
2026-09-28T02:45:06.767Z,CELO,3.6473,132.3,0.09413,1356.044355
2026-09-28T02:45:06.767Z,STX,0.3273,451,0.3315,1356.044355
2026-09-28T02:45:06.767Z,JUP,2.4541,497.1,0.3578,1356.044355
2026-09-28T02:45:06.767Z,PEPE,0.2613,0.0058,0.000004266,1356.044355
2026-09-28T02:45:06.767Z,DYDX,5.0184,200,0.14044,1356.044355
2026-09-28T02:45:06.767Z,KITE,-10.6104,176.2,0.14536,1356.044355
2026-09-28T02:45:06.767Z,CRV,2.2536,472,0.3404,1356.044355
2026-09-28T02:45:06.767Z,ENJ,4.5964,42.92,0.03026,1356.044355
2026-09-28T02:45:06.767Z,ATOM,1.5021,2556,1.857,1356.044355
2026-09-28T02:45:06.767Z,ICP,-0.1867,4181,3.089,1356.044355
2026-09-28T02:45:06.767Z,SPACE,-0.7421,6.917,0.005139,1356.044355
2026-09-28T02:45:06.767Z,DOT,-1.0674,1683,1.2545,1356.044355
2026-09-28T02:45:06.767Z,ETHFI,0.2505,954.6,0.7022,1356.044355
2026-09-28T02:45:06.767Z,CC,-0.4664,190,0.14077,1356.044355
2026-09-28T02:45:06.767Z,SYRUP,0.8633,290.1,0.2121,1356.044355
2026-09-28T02:45:06.767Z,TAO,1.3624,428300,311.6,1356.044355
2026-09-28T02:45:06.767Z,GRAM,-3.2139,2159,1.645,1356.044355
2026-09-28T02:45:06.767Z,RAY,5.4539,3000,2.0979,1356.044355
2026-09-28T02:45:06.767Z,RENDER,0.0889,2724,2.007,1356.044355
2026-09-28T02:45:06.767Z,GRASS,2.9476,925,0.6626,1356.044355
2026-09-28T02:45:06.767Z,MINA,0.9422,194.4,0.14202,1356.044355
2026-09-28T02:45:06.767Z,POL,-1.1807,160,0.1194,1356.044355
2026-09-28T02:45:06.767Z,ENA,-0.9435,365.7,0.27225,1356.044355
2026-09-28T02:45:06.767Z,SAND,-10.1903,55.51,0.04558,1356.044355
2026-09-28T02:45:06.767Z,AERO,5.3873,1163,0.8138,1356.044355
2026-09-28T02:45:06.767Z,KGEN,1.8932,223.7,0.1619,1356.044355
2026-09-28T02:45:06.767Z,LIT,2.7166,6200,4.4512,1356.044355
2026-09-28T02:45:06.767Z,MANA,1.9264,125.1,0.09051,1356.044355
2026-09-28T02:45:06.767Z,BAND,0.7097,305.5,0.2237,1356.044355
2026-09-28T02:45:06.767Z,APE,-3.9484,208.7,0.16023,1356.044355
2026-09-28T02:45:06.767Z,GMT,0.8326,11.93,0.008725,1356.044355
2026-09-28T02:45:06.767Z,VIRTUAL,-2.2012,1090,0.8219,1356.044355
2026-09-28T02:45:06.767Z,LPT,-4.6684,2261,1.749,1356.044355
2026-09-28T02:45:06.767Z,DATA,7.5499,335,0.2297,1356.044355
2026-09-28T02:45:06.767Z,THETA,-3.1711,302,0.23,1356.044355
2026-09-28T02:45:06.767Z,GRT,5.3361,48.78,0.03415,1356.044355
2026-09-28T02:45:06.767Z,LAYER,-3.4155,106.9,0.08162,1356.044355
2026-09-28T02:45:06.767Z,NMR,1.123,14120,10.297,1356.044355
2026-09-28T02:45:06.767Z,EIGEN,-11.7868,321.9,0.2691,1356.044355
2026-09-28T02:45:06.767Z,BAT,1.2647,129.3,0.09416,1356.044355
2026-09-28T02:45:06.767Z,SPK,2.8633,32.64,0.0234,1356.044355
2026-09-28T02:45:06.767Z,PUMP,0.9471,7.11,0.005194,1356.044355
2026-09-28T02:45:06.767Z,KMNO,-2.2277,60.71,0.04579,1356.044355
2026-09-28T02:45:06.767Z,CHZ,3.0332,22.76,0.01629,1356.044355
2026-09-28T02:45:06.767Z,PENGU,2.0776,13.91,0.010049,1356.044355
2026-09-28T02:45:06.767Z,OP,-0.168,197,0.14552,1356.044355
2026-09-28T02:45:06.767Z,UMA,-0.2442,571.8,0.4227,1356.044355
2026-09-28T02:45:06.767Z,ZRO,2.5838,2290,1.6462,1356.044355
2026-09-28T02:45:06.767Z,S,0.6683,53.99,0.03955,1356.044355
2026-09-28T02:45:06.767Z,IMX,1.0646,258.5,0.18862,1356.044355
2026-09-28T02:45:06.767Z,A,-0.4805,136.1,0.10085,1356.044355
2026-09-28T02:45:06.767Z,ATH,3.7451,8.652,0.00615,1356.044355
2026-09-28T02:45:06.767Z,COMP,8.5657,34950,23.74,1356.044355
2026-09-28T02:45:06.767Z,CVX,-1.9982,2828,2.128,1356.044355
2026-09-28T02:45:06.767Z,AXS,4.3455,1620,1.1449,1356.044355
2026-09-28T02:45:06.767Z,WCT,0.6553,58.46,0.04283,1356.044355
2026-09-28T02:45:06.767Z,ME,2.1799,107.8,0.0778,1356.044355
2026-09-28T02:45:06.767Z,ASTER,2.4483,997.2,0.7178,1356.044355
2026-09-28T02:45:06.767Z,GMX,0.4214,11210,8.232,1356.044355
2026-09-28T02:45:06.767Z,MORPHO,6.8508,3810,2.6295,1356.044355
2026-09-28T02:45:06.767Z,MON,-6.7349,35.02,0.02769,1356.044355
2026-09-28T02:45:06.767Z,1INCH,1.8927,139,0.1006,1356.044355
2026-09-28T02:45:06.767Z,SKY,-0.082,112.5,0.08303,1356.044355
2026-09-28T02:45:06.767Z,YGG,-0.5954,36.53,0.0271,1356.044355
2026-09-28T02:45:06.767Z,BIO,-2.4027,41.12,0.03107,1356.044355
2026-09-28T02:45:06.767Z,MOVE,1.3095,12.9,0.00939,1356.044355
2026-09-28T02:45:06.767Z,GALA,-13.3363,2.663,0.002266,1356.044355
2026-09-28T02:45:06.767Z,ZK,-10.5538,15.46,0.012746,1356.044355
2026-09-28T02:45:06.767Z,ENS,0.0702,9290,6.846,1356.044355
2026-09-28T02:45:06.767Z,INJ,4.887,11040,7.762,1356.044355
2026-09-28T02:45:06.767Z,KAITO,0.5313,480,0.3521,1356.044355
2026-09-28T02:45:06.767Z,LDO,-1.0456,650,0.4844,1356.044355
2026-09-28T02:45:06.767Z,BLUR,0.1114,28.21,0.02078,1356.044355
2026-09-28T02:45:06.767Z,AUCTION,0.225,5170,3.804,1356.044355
2026-09-28T02:45:06.767Z,ZETA,6.9429,75.12,0.0518,1356.044355
2026-09-28T02:45:06.767Z,WIF,2.0598,333.4,0.2409,1356.044355
2026-09-28T02:45:06.767Z,KSM,1.0029,6425,4.691,1356.044355
2026-09-28T02:50:06.957Z,BTC,0.1759,113321000,83420.6,1356.044355
2026-09-28T02:50:06.957Z,XRP,0.056,2031,1.4969,1356.044355
2026-09-28T02:50:06.957Z,SOL,0.0292,162800,120.02,1356.044355
2026-09-28T02:50:06.957Z,ETH,0.0798,3598000,2651.19,1356.044355
2026-09-28T02:50:06.957Z,FIL,0.0165,1506,1.1104,1356.044355
2026-09-28T02:50:06.957Z,TRX,0.7601,455.2,0.33315,1356.044355
2026-09-28T02:50:06.957Z,BNB,0.625,1053000,771.7,1356.044355
2026-09-28T02:50:06.957Z,WLD,0.0422,718.6,0.5297,1356.044355
2026-09-28T02:50:06.957Z,FLOW,0.3064,43.54,0.03201,1356.044355
2026-09-28T02:50:06.957Z,LINK,-0.5653,19000,14.091,1356.044355
2026-09-28T02:50:06.957Z,DOGE,0.1499,128.8,0.09484,1356.044355
2026-09-28T02:50:06.957Z,SUI,0.0806,1699,1.2519,1356.044355
2026-09-28T02:50:06.957Z,XLM,-0.003,290.7,0.21438,1356.044355
2026-09-28T02:50:06.957Z,BCH,0.4937,427900,314,1356.044355
2026-09-28T02:50:06.957Z,AVAX,0.1739,14630,10.77,1356.044355
2026-09-28T02:50:06.957Z,ETC,0.1013,12700,9.356,1356.044355
2026-09-28T02:50:06.957Z,AAVE,1.788,208700,151.2,1356.044355
2026-09-28T02:50:06.957Z,ADA,0.2438,343.1,0.2524,1356.044355
2026-09-28T02:50:06.957Z,HYPE,0.0009,121900,89.893,1356.044355
2026-09-28T02:50:06.957Z,SEI,0.2031,114.9,0.08456,1356.044355
2026-09-28T02:50:06.957Z,HBAR,0.0616,128.7,0.09485,1356.044355
2026-09-28T02:50:06.957Z,ARB,0.2139,298.9,0.21995,1356.044355
2026-09-28T02:50:06.957Z,JTO,0.3561,792.3,0.5822,1356.044355
2026-09-28T02:50:06.957Z,ONDO,-0.2044,769.2,0.5684,1356.044355
2026-09-28T02:50:06.957Z,QTUM,0.5531,1360,0.9974,1356.044355
2026-09-28T02:50:06.957Z,PYTH,6.0052,119.9,0.08341,1356.044355
2026-09-28T02:50:06.957Z,APT,1.6231,1173,0.8512,1356.044355
2026-09-28T02:50:06.957Z,UNI,0.2785,12800,9.413,1356.044355
2026-09-28T02:50:06.957Z,TIA,1.4167,673.6,0.4898,1356.044355
2026-09-28T02:50:06.957Z,ALGO,0.4346,160.3,0.1177,1356.044355
2026-09-28T02:50:06.957Z,NEAR,0.6044,7195,5.274,1356.044355
2026-09-28T02:50:06.957Z,ZIL,-2.8903,4.9,0.003721,1356.044355
2026-09-28T02:50:06.957Z,SUSHI,3.6706,367.2,0.2612,1356.044355
2026-09-28T02:50:06.957Z,PENDLE,0.6127,3460,2.536,1356.044355
2026-09-28T02:50:06.957Z,XTZ,2.7989,432,0.3099,1356.044355
2026-09-28T02:50:06.957Z,W,1.3738,20.55,0.014949,1356.044355
2026-09-28T02:50:06.957Z,AR,3.1777,6145,4.392,1356.044355
2026-09-28T02:50:06.957Z,SHIB,0.4616,0.0079,0.000005799,1356.044355
2026-09-28T02:50:06.957Z,CELO,4.5021,132.3,0.09336,1356.044355
2026-09-28T02:50:06.957Z,STX,0.5802,450.5,0.3303,1356.044355
2026-09-28T02:50:06.957Z,JUP,2.9433,497.1,0.3561,1356.044355
2026-09-28T02:50:06.957Z,PEPE,0.6861,0.0058,0.000004248,1356.044355
2026-09-28T02:50:06.957Z,DYDX,5.6881,200,0.13955,1356.044355
2026-09-28T02:50:06.957Z,KITE,-10.5488,176.2,0.14526,1356.044355
2026-09-28T02:50:06.957Z,CRV,2.4945,472,0.3396,1356.044355
2026-09-28T02:50:06.957Z,ENJ,5.0129,42.92,0.03014,1356.044355
2026-09-28T02:50:06.957Z,ATOM,1.9964,2556,1.848,1356.044355
2026-09-28T02:50:06.957Z,ICP,0.2437,4180,3.075,1356.044355
2026-09-28T02:50:06.957Z,SPACE,-0.5291,6.917,0.005128,1356.044355
2026-09-28T02:50:06.957Z,DOT,-0.584,1683,1.2484,1356.044355
2026-09-28T02:50:06.957Z,ETHFI,0.1036,947.5,0.698,1356.044355
2026-09-28T02:50:06.957Z,CC,-0.7766,190,0.14121,1356.044355
2026-09-28T02:50:06.957Z,SYRUP,1.1494,290.1,0.2115,1356.044355
2026-09-28T02:50:06.957Z,TAO,1.5579,428300,311,1356.044355
2026-09-28T02:50:06.957Z,GRAM,-1.2326,2159,1.612,1356.044355
2026-09-28T02:50:06.957Z,RAY,5.5747,3000,2.0955,1356.044355
2026-09-28T02:50:06.957Z,RENDER,0.389,2724,2.001,1356.044355
2026-09-28T02:50:06.957Z,GRASS,3.1656,925,0.6612,1356.044355
2026-09-28T02:50:06.957Z,MINA,1.3633,194.4,0.14143,1356.044355
2026-09-28T02:50:06.957Z,POL,-1.1476,160,0.11936,1356.044355
2026-09-28T02:50:06.957Z,ENA,-1.067,365.7,0.27259,1356.044355
2026-09-28T02:50:06.957Z,SAND,-9.9533,55.51,0.04546,1356.044355
2026-09-28T02:50:06.957Z,AERO,5.6079,1163,0.8121,1356.044355
2026-09-28T02:50:06.957Z,KGEN,0.3558,219.1,0.161,1356.044355
2026-09-28T02:50:06.957Z,LIT,2.4841,6200,4.4613,1356.044355
2026-09-28T02:50:06.957Z,MANA,2.2767,125.1,0.0902,1356.044355
2026-09-28T02:50:06.957Z,BAND,0.9353,305.5,0.2232,1356.044355
2026-09-28T02:50:06.957Z,APE,-3.4906,208.7,0.15947,1356.044355
2026-09-28T02:50:06.957Z,GMT,1.4957,11.93,0.008668,1356.044355
2026-09-28T02:50:06.957Z,VIRTUAL,-1.7109,1090,0.8178,1356.044355
2026-09-28T02:50:06.957Z,LPT,-4.1753,2261,1.74,1356.044355
2026-09-28T02:50:06.957Z,DATA,7.5967,335,0.2296,1356.044355
2026-09-28T02:50:06.957Z,THETA,-2.7057,302,0.2289,1356.044355
2026-09-28T02:50:06.957Z,GRT,5.6144,48.78,0.03406,1356.044355
2026-09-28T02:50:06.957Z,LAYER,-3.1902,106.9,0.08143,1356.044355
2026-09-28T02:50:06.957Z,NMR,2.225,14120,10.186,1356.044355
2026-09-28T02:50:06.957Z,EIGEN,-11.3255,321.9,0.2677,1356.044355
2026-09-28T02:50:06.957Z,BAT,0.3559,127.5,0.09369,1356.044355
2026-09-28T02:50:06.957Z,SPK,3.1277,32.64,0.02334,1356.044355
2026-09-28T02:50:06.957Z,PUMP,0.8888,7.11,0.005197,1356.044355
2026-09-28T02:50:06.957Z,KMNO,-2.0566,60.71,0.04571,1356.044355
2026-09-28T02:50:06.957Z,CHZ,3.5417,22.76,0.01621,1356.044355
2026-09-28T02:50:06.957Z,PENGU,2.3935,13.91,0.010018,1356.044355
2026-09-28T02:50:06.957Z,OP,0.2453,197,0.14492,1356.044355
2026-09-28T02:50:06.957Z,UMA,-0.0314,571.8,0.4218,1356.044355
2026-09-28T02:50:06.957Z,ZRO,2.6462,2290,1.6452,1356.044355
2026-09-28T02:50:06.957Z,S,1.1029,53.99,0.03938,1356.044355
2026-09-28T02:50:06.957Z,IMX,1.4842,258.5,0.18784,1356.044355
2026-09-28T02:50:06.957Z,A,-0.2728,136.1,0.10064,1356.044355
2026-09-28T02:50:06.957Z,ATH,3.9479,8.652,0.006138,1356.044355
2026-09-28T02:50:06.957Z,COMP,8.7948,34950,23.69,1356.044355
2026-09-28T02:50:06.957Z,CVX,-1.7674,2828,2.123,1356.044355
2026-09-28T02:50:06.957Z,AXS,-0.1216,1539,1.1363,1356.044355
2026-09-28T02:50:06.957Z,WCT,1.3415,58.46,0.04254,1356.044355
2026-09-28T02:50:06.957Z,ME,2.6416,107.8,0.07745,1356.044355
2026-09-28T02:50:06.957Z,ASTER,2.5913,997.2,0.7168,1356.044355
2026-09-28T02:50:06.957Z,GMX,0.6415,11210,8.214,1356.044355
2026-09-28T02:50:06.957Z,MORPHO,7.0462,3810,2.6247,1356.044355
2026-09-28T02:50:06.957Z,MON,-6.3289,35.02,0.02757,1356.044355
2026-09-28T02:50:06.957Z,1INCH,2.2688,139,0.10023,1356.044355
2026-09-28T02:50:06.957Z,SKY,-0.2982,112.5,0.08321,1356.044355
2026-09-28T02:50:06.957Z,YGG,-0.3748,36.53,0.02704,1356.044355
2026-09-28T02:50:06.957Z,BIO,-1.6748,41.12,0.03084,1356.044355
2026-09-28T02:50:06.957Z,MOVE,2.0704,12.9,0.00932,1356.044355
2026-09-28T02:50:06.957Z,GALA,-12.9907,2.663,0.002257,1356.044355
2026-09-28T02:50:06.957Z,ZK,-10.3005,15.46,0.01271,1356.044355
2026-09-28T02:50:06.957Z,ENS,0.7176,9290,6.802,1356.044355
2026-09-28T02:50:06.957Z,INJ,5.3621,11040,7.727,1356.044355
2026-09-28T02:50:06.957Z,KAITO,2.63,480,0.3449,1356.044355
2026-09-28T02:50:06.957Z,LDO,-0.8203,650,0.4833,1356.044355
2026-09-28T02:50:06.957Z,BLUR,0.5955,28.21,0.02068,1356.044355
2026-09-28T02:50:06.957Z,AUCTION,0.5687,5170,3.791,1356.044355
2026-09-28T02:50:06.957Z,ZETA,6.9429,75.12,0.0518,1356.044355
2026-09-28T02:50:06.957Z,WIF,2.7422,333.4,0.2393,1356.044355
2026-09-28T02:50:06.957Z,KSM,1.2619,6425,4.679,1356.044355
2026-09-28T02:55:06.985Z,BTC,0.1668,113303000,83414.9,1356.044355
2026-09-28T02:55:06.985Z,XRP,0.1144,2033,1.4975,1356.044355
2026-09-28T02:55:06.985Z,SOL,-0.0541,162800,120.12,1356.044355
2026-09-28T02:55:06.985Z,ETH,0.136,3601000,2651.91,1356.044355
2026-09-28T02:55:06.985Z,FIL,0.0525,1506,1.11,1356.044355
2026-09-28T02:55:06.985Z,TRX,0.7813,455.2,0.33308,1356.044355
2026-09-28T02:55:06.985Z,BNB,0.625,1053000,771.7,1356.044355
2026-09-28T02:55:06.985Z,WLD,-0.1055,719.3,0.531,1356.044355
2026-09-28T02:55:06.985Z,FLOW,0.6208,43.54,0.03191,1356.044355
2026-09-28T02:55:06.985Z,LINK,-0.7133,19000,14.112,1356.044355
2026-09-28T02:55:06.985Z,DOGE,0.0444,128.8,0.09494,1356.044355
2026-09-28T02:55:06.985Z,SUI,0.1286,1699,1.2513,1356.044355
2026-09-28T02:55:06.985Z,XLM,-0.1177,290.8,0.2147,1356.044355
2026-09-28T02:55:06.985Z,BCH,0.0072,426100,314.2,1356.044355
2026-09-28T02:55:06.985Z,AVAX,0.0161,14630,10.787,1356.044355
2026-09-28T02:55:06.985Z,ETC,-0.063,12690,9.364,1356.044355
2026-09-28T02:55:06.985Z,AAVE,1.6536,208700,151.4,1356.044355
2026-09-28T02:55:06.985Z,ADA,0.1143,343.2,0.2528,1356.044355
2026-09-28T02:55:06.985Z,HYPE,0.724,123000,90.053,1356.044355
2026-09-28T02:55:06.985Z,SEI,0.4959,114.2,0.0838,1356.044355
2026-09-28T02:55:06.985Z,HBAR,-0.557,128.7,0.09544,1356.044355
2026-09-28T02:55:06.985Z,ARB,0.182,298.9,0.22002,1356.044355
2026-09-28T02:55:06.985Z,JTO,0.3733,792.3,0.5821,1356.044355
2026-09-28T02:55:06.985Z,ONDO,0.2363,774.5,0.5698,1356.044355
2026-09-28T02:55:06.985Z,QTUM,0.4323,1360,0.9986,1356.044355
2026-09-28T02:55:06.985Z,PYTH,6.4647,119.9,0.08305,1356.044355
2026-09-28T02:55:06.985Z,APT,1.5515,1173,0.8518,1356.044355
2026-09-28T02:55:06.985Z,UNI,0.0659,12800,9.433,1356.044355
2026-09-28T02:55:06.985Z,TIA,1.4167,673.6,0.4898,1356.044355
2026-09-28T02:55:06.985Z,ALGO,0.5456,160.3,0.11757,1356.044355
2026-09-28T02:55:06.985Z,NEAR,0.9105,7195,5.258,1356.044355
2026-09-28T02:55:06.985Z,ZIL,-2.9425,4.9,0.003723,1356.044355
2026-09-28T02:55:06.985Z,SUSHI,3.75,367.2,0.261,1356.044355
2026-09-28T02:55:06.985Z,PENDLE,0.6524,3460,2.535,1356.044355
2026-09-28T02:55:06.985Z,XTZ,2.5012,432,0.3108,1356.044355
2026-09-28T02:55:06.985Z,W,1.755,20.55,0.014893,1356.044355
2026-09-28T02:55:06.985Z,AR,3.1777,6145,4.392,1356.044355
2026-09-28T02:55:06.985Z,SHIB,0.5309,0.0079,0.000005795,1356.044355
2026-09-28T02:55:06.985Z,CELO,4.7827,132.3,0.09311,1356.044355
2026-09-28T02:55:06.985Z,STX,0.7632,450.5,0.3297,1356.044355
2026-09-28T02:55:06.985Z,JUP,2.9722,497.1,0.356,1356.044355
2026-09-28T02:55:06.985Z,PEPE,-1.1894,0.0057,0.000004254,1356.044355
2026-09-28T02:55:06.985Z,DYDX,5.5595,200,0.13972,1356.044355
2026-09-28T02:55:06.985Z,KITE,-10.3452,176.2,0.14493,1356.044355
2026-09-28T02:55:06.985Z,CRV,2.1935,472,0.3406,1356.044355
2026-09-28T02:55:06.985Z,ENJ,4.9432,42.92,0.03016,1356.044355
2026-09-28T02:55:06.985Z,ATOM,1.7761,2556,1.852,1356.044355
2026-09-28T02:55:06.985Z,ICP,0.2112,4180,3.076,1356.044355
2026-09-28T02:55:06.985Z,SPACE,-0.7034,6.917,0.005137,1356.044355
2026-09-28T02:55:06.985Z,DOT,-0.6078,1683,1.2487,1356.044355
2026-09-28T02:55:06.985Z,ETHFI,-0.3674,947.5,0.7013,1356.044355
2026-09-28T02:55:06.985Z,CC,-1.5089,190,0.14226,1356.044355
2026-09-28T02:55:06.985Z,SYRUP,0.9585,290.1,0.2119,1356.044355
2026-09-28T02:55:06.985Z,TAO,1.5579,428300,311,1356.044355
2026-09-28T02:55:06.985Z,GRAM,-1.0484,2159,1.609,1356.044355
2026-09-28T02:55:06.985Z,RAY,5.6856,3000,2.0933,1356.044355
2026-09-28T02:55:06.985Z,RENDER,0.2888,2724,2.003,1356.044355
2026-09-28T02:55:06.985Z,GRASS,2.3145,925,0.6667,1356.044355
2026-09-28T02:55:06.985Z,MINA,1.2345,194.4,0.14161,1356.044355
2026-09-28T02:55:06.985Z,POL,-1.1559,160,0.11937,1356.044355
2026-09-28T02:55:06.985Z,ENA,-1.3998,365.7,0.27351,1356.044355
2026-09-28T02:55:06.985Z,SAND,-9.8343,55.51,0.0454,1356.044355
2026-09-28T02:55:06.985Z,AERO,5.2838,1163,0.8146,1356.044355
2026-09-28T02:55:06.985Z,KGEN,-0.1404,219.1,0.1618,1356.044355
2026-09-28T02:55:06.985Z,LIT,2.8391,6200,4.4459,1356.044355
2026-09-28T02:55:06.985Z,MANA,2.2427,125.1,0.09023,1356.044355
2026-09-28T02:55:06.985Z,BAND,0.7998,305.5,0.2235,1356.044355
2026-09-28T02:55:06.985Z,APE,-3.6055,208.7,0.15966,1356.044355
2026-09-28T02:55:06.985Z,GMT,1.5308,11.93,0.008665,1356.044355
2026-09-28T02:55:06.985Z,VIRTUAL,-1.4457,1090,0.8156,1356.044355
2026-09-28T02:55:06.985Z,LPT,-4.0098,2261,1.737,1356.044355
2026-09-28T02:55:06.985Z,DATA,7.9258,335,0.2289,1356.044355
2026-09-28T02:55:06.985Z,THETA,-2.7907,302,0.2291,1356.044355
2026-09-28T02:55:06.985Z,GRT,4.8754,48.78,0.0343,1356.044355
2026-09-28T02:55:06.985Z,LAYER,-3.1545,106.9,0.0814,1356.044355
2026-09-28T02:55:06.985Z,NMR,2.3556,14120,10.173,1356.044355
2026-09-28T02:55:06.985Z,EIGEN,-11.2924,321.9,0.2676,1356.044355
2026-09-28T02:55:06.985Z,BAT,0.3774,127.5,0.09367,1356.044355
2026-09-28T02:55:06.985Z,SPK,2.9513,32.64,0.02338,1356.044355
2026-09-28T02:55:06.985Z,PUMP,0.7918,7.11,0.005202,1356.044355
2026-09-28T02:55:06.985Z,KMNO,-2.3131,60.71,0.04583,1356.044355
2026-09-28T02:55:06.985Z,CHZ,3.6696,22.76,0.01619,1356.044355
2026-09-28T02:55:06.985Z,PENGU,2.2913,13.91,0.010028,1356.044355
2026-09-28T02:55:06.985Z,OP,-0.1406,197,0.14548,1356.044355
2026-09-28T02:55:06.985Z,UMA,-0.0551,571.8,0.4219,1356.044355
2026-09-28T02:55:06.985Z,ZRO,2.2608,2290,1.6514,1356.044355
2026-09-28T02:55:06.985Z,S,0.9747,53.99,0.03943,1356.044355
2026-09-28T02:55:06.985Z,IMX,1.8149,258.5,0.18723,1356.044355
2026-09-28T02:55:06.985Z,A,-0.3421,136.1,0.10071,1356.044355
2026-09-28T02:55:06.985Z,ATH,3.8295,8.652,0.006145,1356.044355
2026-09-28T02:55:06.985Z,COMP,8.7489,34950,23.7,1356.044355
2026-09-28T02:55:06.985Z,CVX,-1.906,2828,2.126,1356.044355
2026-09-28T02:55:06.985Z,AXS,-0.1567,1539,1.1367,1356.044355
2026-09-28T02:55:06.985Z,WCT,1.0565,58.46,0.04266,1356.044355
2026-09-28T02:55:06.985Z,ME,2.3641,107.8,0.07766,1356.044355
2026-09-28T02:55:06.985Z,ASTER,2.6629,997.2,0.7163,1356.044355
2026-09-28T02:55:06.985Z,GMX,0.6415,11210,8.214,1356.044355
2026-09-28T02:55:06.985Z,MORPHO,6.9281,3810,2.6276,1356.044355
2026-09-28T02:55:06.985Z,MON,-6.5323,35.02,0.02763,1356.044355
2026-09-28T02:55:06.985Z,1INCH,2.1974,139,0.1003,1356.044355
2026-09-28T02:55:06.985Z,SKY,-1.0119,112.5,0.08381,1356.044355
2026-09-28T02:55:06.985Z,YGG,-0.3011,36.53,0.02702,1356.044355
2026-09-28T02:55:06.985Z,BIO,-1.5791,41.12,0.03081,1356.044355
2026-09-28T02:55:06.985Z,MOVE,2.3119,12.9,0.009298,1356.044355
2026-09-28T02:55:06.985Z,GALA,-12.7975,2.663,0.002252,1356.044355
2026-09-28T02:55:06.985Z,ZK,-10.2299,15.46,0.0127,1356.044355
2026-09-28T02:55:06.985Z,ENS,0.4665,9290,6.819,1356.044355
2026-09-28T02:55:06.985Z,INJ,5.1036,11040,7.746,1356.044355
2026-09-28T02:55:06.985Z,KAITO,3.47,480,0.3421,1356.044355
2026-09-28T02:55:06.985Z,LDO,-1.1476,650,0.4849,1356.044355
2026-09-28T02:55:06.985Z,BLUR,0.9392,28.06,0.0205,1356.044355
2026-09-28T02:55:06.985Z,AUCTION,0.5687,5170,3.791,1356.044355
2026-09-28T02:55:06.985Z,ZETA,6.8604,75.12,0.05184,1356.044355
2026-09-28T02:55:06.985Z,WIF,2.9574,333.4,0.2388,1356.044355
2026-09-28T02:55:06.985Z,KSM,1.2403,6425,4.68,1356.044355
2026-09-28T03:00:06.983Z,BTC,0.0999,113241000,83425,1356.044355
2026-09-28T03:00:06.983Z,XRP,0.0919,2032,1.4971,1356.044355
2026-09-28T03:00:06.983Z,SOL,-0.0041,162800,120.06,1356.044355
2026-09-28T03:00:06.983Z,ETH,0.0667,3600000,2653.01,1356.044355
2026-09-28T03:00:06.983Z,FIL,0.2428,1509,1.1101,1356.044355
2026-09-28T03:00:06.983Z,TRX,0.7601,455.2,0.33315,1356.044355
2026-09-28T03:00:06.983Z,BNB,0.6642,1053000,771.4,1356.044355
2026-09-28T03:00:06.983Z,WLD,-0.0468,720.4,0.5315,1356.044355
2026-09-28T03:00:06.983Z,FLOW,0.842,43.54,0.03184,1356.044355
2026-09-28T03:00:06.983Z,LINK,-0.6851,19000,14.108,1356.044355
2026-09-28T03:00:06.983Z,DOGE,0.1816,128.8,0.09481,1356.044355
2026-09-28T03:00:06.983Z,SUI,0.1926,1699,1.2505,1356.044355
2026-09-28T03:00:06.983Z,XLM,0.1333,291.3,0.21453,1356.044355
2026-09-28T03:00:06.983Z,BCH,-0.0246,426100,314.3,1356.044355
2026-09-28T03:00:06.983Z,AVAX,0.0253,14630,10.786,1356.044355
2026-09-28T03:00:06.983Z,ETC,-0.031,12690,9.361,1356.044355
2026-09-28T03:00:06.983Z,AAVE,1.6804,208700,151.36,1356.044355
2026-09-28T03:00:06.983Z,ADA,-0.0757,341.6,0.2521,1356.044355
2026-09-28T03:00:06.983Z,HYPE,0.6168,123000,90.149,1356.044355
2026-09-28T03:00:06.983Z,SEI,0.2284,112.7,0.08292,1356.044355
2026-09-28T03:00:06.983Z,HBAR,-0.7114,127.8,0.09492,1356.044355
2026-09-28T03:00:06.983Z,ARB,0.0412,298.1,0.21974,1356.044355
2026-09-28T03:00:06.983Z,JTO,0.184,792.3,0.5832,1356.044355
2026-09-28T03:00:06.983Z,ONDO,-0.1309,767.6,0.5668,1356.044355
2026-09-28T03:00:06.983Z,QTUM,0.9479,1360,0.9935,1356.044355
2026-09-28T03:00:06.983Z,PYTH,6.4391,119.9,0.08307,1356.044355
2026-09-28T03:00:06.983Z,APT,1.7307,1173,0.8503,1356.044355
2026-09-28T03:00:06.983Z,UNI,0.1084,12800,9.429,1356.044355
2026-09-28T03:00:06.983Z,TIA,1.5411,673.6,0.4892,1356.044355
2026-09-28T03:00:06.983Z,ALGO,0.5884,160.3,0.11752,1356.044355
2026-09-28T03:00:06.983Z,NEAR,-0.2874,7115,5.262,1356.044355
2026-09-28T03:00:06.983Z,ZIL,-2.8642,4.9,0.00372,1356.044355
2026-09-28T03:00:06.983Z,SUSHI,3.8296,367.2,0.2608,1356.044355
2026-09-28T03:00:06.983Z,PENDLE,0.6921,3460,2.534,1356.044355
2026-09-28T03:00:06.983Z,XTZ,2.5012,432,0.3108,1356.044355
2026-09-28T03:00:06.983Z,W,1.9672,20.55,0.014862,1356.044355
2026-09-28T03:00:06.983Z,AR,3.3895,6145,4.383,1356.044355
2026-09-28T03:00:06.983Z,SHIB,0.9141,0.0079,0.000005773,1356.044355
2026-09-28T03:00:06.983Z,CELO,5.0196,132.3,0.0929,1356.044355
2026-09-28T03:00:06.983Z,STX,0.9092,449.1,0.3282,1356.044355
2026-09-28T03:00:06.983Z,JUP,3.0301,497.1,0.3558,1356.044355
2026-09-28T03:00:06.983Z,PEPE,-1.1429,0.0057,0.000004252,1356.044355
2026-09-28T03:00:06.983Z,DYDX,6.0377,200,0.13909,1356.044355
2026-09-28T03:00:06.983Z,KITE,-9.9413,176.2,0.14428,1356.044355
2026-09-28T03:00:06.983Z,CRV,2.1336,472,0.3408,1356.044355
2026-09-28T03:00:06.983Z,ENJ,5.0129,42.92,0.03014,1356.044355
2026-09-28T03:00:06.983Z,ATOM,1.8862,2556,1.85,1356.044355
2026-09-28T03:00:06.983Z,ICP,0.1135,4180,3.079,1356.044355
2026-09-28T03:00:06.983Z,SPACE,-0.5679,6.917,0.00513,1356.044355
2026-09-28T03:00:06.983Z,DOT,-0.4723,1683,1.247,1356.044355
2026-09-28T03:00:06.983Z,ETHFI,-0.1824,947.5,0.7,1356.044355
2026-09-28T03:00:06.983Z,CC,-3.2232,190,0.14478,1356.044355
2026-09-28T03:00:06.983Z,SYRUP,1.0062,290.1,0.2118,1356.044355
2026-09-28T03:00:06.983Z,TAO,1.3298,428300,311.7,1356.044355
2026-09-28T03:00:06.983Z,GRAM,-0.8636,2159,1.606,1356.044355
2026-09-28T03:00:06.983Z,RAY,5.6049,3000,2.0949,1356.044355
2026-09-28T03:00:06.983Z,RENDER,0.3389,2724,2.002,1356.044355
2026-09-28T03:00:06.983Z,GRASS,2.499,925,0.6655,1356.044355
2026-09-28T03:00:06.983Z,MINA,1.163,194.4,0.14171,1356.044355
2026-09-28T03:00:06.983Z,POL,-1.2221,160,0.11945,1356.044355
2026-09-28T03:00:06.983Z,ENA,-1.6048,365.7,0.27408,1356.044355
2026-09-28T03:00:06.983Z,SAND,-9.6751,55.51,0.04532,1356.044355
2026-09-28T03:00:06.983Z,AERO,5.3355,1163,0.8142,1356.044355
2026-09-28T03:00:06.983Z,KGEN,-0.0168,219.1,0.1616,1356.044355
2026-09-28T03:00:06.983Z,LIT,2.5025,6200,4.4605,1356.044355
2026-09-28T03:00:06.983Z,MANA,2.4016,125.1,0.09009,1356.044355
2026-09-28T03:00:06.983Z,BAND,1.2529,305.5,0.2225,1356.044355
2026-09-28T03:00:06.983Z,APE,-3.533,208.7,0.15954,1356.044355
2026-09-28T03:00:06.983Z,GMT,2.0135,11.93,0.008624,1356.044355
2026-09-28T03:00:06.983Z,VIRTUAL,-0.96,1090,0.8116,1356.044355
2026-09-28T03:00:06.983Z,LPT,-3.8437,2261,1.734,1356.044355
2026-09-28T03:00:06.983Z,DATA,8.0674,335,0.2286,1356.044355
2026-09-28T03:00:06.983Z,THETA,-2.7057,302,0.2289,1356.044355
2026-09-28T03:00:06.983Z,GRT,7.0285,48.78,0.03361,1356.044355
2026-09-28T03:00:06.983Z,LAYER,-2.916,106.9,0.0812,1356.044355
2026-09-28T03:00:06.983Z,NMR,2.0347,14120,10.205,1356.044355
2026-09-28T03:00:06.983Z,EIGEN,-11.0597,321.9,0.2669,1356.044355
2026-09-28T03:00:06.983Z,BAT,0.5384,127.5,0.09352,1356.044355
2026-09-28T03:00:06.983Z,SPK,3.3491,32.64,0.02329,1356.044355
2026-09-28T03:00:06.983Z,PUMP,1.1613,7.11,0.005183,1356.044355
2026-09-28T03:00:06.983Z,KMNO,-2.5682,60.71,0.04595,1356.044355
2026-09-28T03:00:06.983Z,CHZ,0.3939,22,0.01616,1356.044355
2026-09-28T03:00:06.983Z,PENGU,2.5573,13.91,0.010002,1356.044355
2026-09-28T03:00:06.983Z,OP,-0.0925,197,0.14541,1356.044355
2026-09-28T03:00:06.983Z,UMA,0.0635,571.8,0.4214,1356.044355
2026-09-28T03:00:06.983Z,ZRO,2.4842,2290,1.6478,1356.044355
2026-09-28T03:00:06.983Z,S,1.1029,53.99,0.03938,1356.044355
2026-09-28T03:00:06.983Z,IMX,2.3506,258.5,0.18625,1356.044355
2026-09-28T03:00:06.983Z,A,-0.2133,136.1,0.10058,1356.044355
2026-09-28T03:00:06.983Z,ATH,4.2707,8.652,0.006119,1356.044355
2026-09-28T03:00:06.983Z,COMP,8.7031,34950,23.71,1356.044355
2026-09-28T03:00:06.983Z,CVX,-1.9522,2828,2.127,1356.044355
2026-09-28T03:00:06.983Z,AXS,-0.2006,1539,1.1372,1356.044355
2026-09-28T03:00:06.983Z,WCT,1.3654,58.46,0.04253,1356.044355
2026-09-28T03:00:06.983Z,ME,3.014,107.8,0.07717,1356.044355
2026-09-28T03:00:06.983Z,ASTER,2.7202,997.2,0.7159,1356.044355
2026-09-28T03:00:06.983Z,GMX,0.801,11210,8.201,1356.044355
2026-09-28T03:00:06.983Z,MORPHO,6.8508,3810,2.6295,1356.044355
2026-09-28T03:00:06.983Z,MON,-6.3289,35.02,0.02757,1356.044355
2026-09-28T03:00:06.983Z,1INCH,2.2586,139,0.10024,1356.044355
2026-09-28T03:00:06.983Z,SKY,-1.0946,112.5,0.08388,1356.044355
2026-09-28T03:00:06.983Z,YGG,-0.0792,36.53,0.02696,1356.044355
2026-09-28T03:00:06.983Z,BIO,-1.6748,41.12,0.03084,1356.044355
2026-09-28T03:00:06.983Z,MOVE,2.4441,12.9,0.009286,1356.044355
2026-09-28T03:00:06.983Z,GALA,-12.72,2.663,0.00225,1356.044355
2026-09-28T03:00:06.983Z,ZK,-10.1662,15.46,0.012691,1356.044355
2026-09-28T03:00:06.983Z,ENS,0.688,9290,6.804,1356.044355
2026-09-28T03:00:06.983Z,INJ,4.941,11040,7.758,1356.044355
2026-09-28T03:00:06.983Z,KAITO,2.8985,480,0.344,1356.044355
2026-09-28T03:00:06.983Z,LDO,-1.1476,650,0.4849,1356.044355
2026-09-28T03:00:06.983Z,BLUR,0.89,28.06,0.02051,1356.044355
2026-09-28T03:00:06.983Z,AUCTION,0.808,5170,3.782,1356.044355
2026-09-28T03:00:06.983Z,ZETA,7.129,75.12,0.05171,1356.044355
2026-09-28T03:00:06.983Z,WIF,3.1301,333.4,0.2384,1356.044355
2026-09-28T03:00:06.983Z,KSM,1.2403,6425,4.68,1356.044355
2026-09-28T03:05:07.064Z,BTC,0.1348,113314000,83449.7,1356.044355
2026-09-28T03:05:07.064Z,XRP,-0.0016,2032,1.4985,1356.044355
2026-09-28T03:05:07.064Z,SOL,-0.0228,163000,120.23,1356.044355
2026-09-28T03:05:07.064Z,ETH,0.0552,3602000,2654.79,1356.044355
2026-09-28T03:05:07.064Z,FIL,0.4994,1510,1.108,1356.044355
2026-09-28T03:05:07.064Z,TRX,0.745,455.2,0.3332,1356.044355
2026-09-28T03:05:07.064Z,BNB,0.625,1053000,771.7,1356.044355
2026-09-28T03:05:07.064Z,WLD,-0.0943,716.4,0.5288,1356.044355
2026-09-28T03:05:07.064Z,FLOW,0.2202,43.19,0.03178,1356.044355
2026-09-28T03:05:07.064Z,LINK,-0.7062,19000,14.111,1356.044355
2026-09-28T03:05:07.064Z,DOGE,0.1288,128.8,0.09486,1356.044355
2026-09-28T03:05:07.064Z,SUI,0.0167,1699,1.2527,1356.044355
2026-09-28T03:05:07.064Z,XLM,0.1363,291.2,0.21445,1356.044355
2026-09-28T03:05:07.064Z,BCH,-0.4048,426100,315.5,1356.044355
2026-09-28T03:05:07.064Z,AVAX,-0.335,14630,10.825,1356.044355
2026-09-28T03:05:07.064Z,ETC,-0.0416,12690,9.362,1356.044355
2026-09-28T03:05:07.064Z,AAVE,1.788,208700,151.2,1356.044355
2026-09-28T03:05:07.064Z,ADA,0.0601,342.2,0.2522,1356.044355
2026-09-28T03:05:07.064Z,HYPE,0.073,122300,90.123,1356.044355
2026-09-28T03:05:07.064Z,SEI,0.1678,113.8,0.08378,1356.044355
2026-09-28T03:05:07.064Z,HBAR,-1.7838,126.1,0.09468,1356.044355
2026-09-28T03:05:07.064Z,ARB,0.2145,298.1,0.21936,1356.044355
2026-09-28T03:05:07.064Z,JTO,-0.0046,792.3,0.5843,1356.044355
2026-09-28T03:05:07.064Z,ONDO,-0.2733,766.1,0.5665,1356.044355
2026-09-28T03:05:07.064Z,QTUM,0.7248,1360,0.9957,1356.044355
2026-09-28T03:05:07.064Z,PYTH,6.967,119.9,0.08266,1356.044355
2026-09-28T03:05:07.064Z,APT,1.7426,1173,0.8502,1356.044355
2026-09-28T03:05:07.064Z,UNI,0.567,12800,9.386,1356.044355
2026-09-28T03:05:07.064Z,TIA,1.7074,673.6,0.4884,1356.044355
2026-09-28T03:05:07.064Z,ALGO,0.6141,160.3,0.11749,1356.044355
2026-09-28T03:05:07.064Z,NEAR,-0.0975,7115,5.252,1356.044355
2026-09-28T03:05:07.064Z,ZIL,-2.812,4.9,0.003718,1356.044355
2026-09-28T03:05:07.064Z,SUSHI,3.9492,367.2,0.2605,1356.044355
2026-09-28T03:05:07.064Z,PENDLE,1.0911,3460,2.524,1356.044355
2026-09-28T03:05:07.064Z,XTZ,2.4682,432,0.3109,1356.044355
2026-09-28T03:05:07.064Z,W,2.5815,20.55,0.014773,1356.044355
2026-09-28T03:05:07.064Z,AR,2.9433,6145,4.402,1356.044355
2026-09-28T03:05:07.064Z,SHIB,0.8966,0.0079,0.000005774,1356.044355
2026-09-28T03:05:07.064Z,CELO,5.0083,132.3,0.09291,1356.044355
2026-09-28T03:05:07.064Z,STX,0.5415,449.1,0.3294,1356.044355
2026-09-28T03:05:07.064Z,JUP,3.2913,497.1,0.3549,1356.044355
2026-09-28T03:05:07.064Z,PEPE,-1.259,0.0057,0.000004257,1356.044355
2026-09-28T03:05:07.064Z,DYDX,5.8702,200,0.13931,1356.044355
2026-09-28T03:05:07.064Z,KITE,-10.2895,176.2,0.14484,1356.044355
2026-09-28T03:05:07.064Z,CRV,2.1036,472,0.3409,1356.044355
2026-09-28T03:05:07.064Z,ENJ,5.1175,42.92,0.03011,1356.044355
2026-09-28T03:05:07.064Z,ATOM,1.8862,2556,1.85,1356.044355
2026-09-28T03:05:07.064Z,ICP,0.146,4180,3.078,1356.044355
2026-09-28T03:05:07.064Z,SPACE,-0.4515,6.917,0.005124,1356.044355
2026-09-28T03:05:07.064Z,DOT,-0.2163,1683,1.2438,1356.044355
2026-09-28T03:05:07.064Z,ETHFI,-0.1824,947.5,0.7,1356.044355
2026-09-28T03:05:07.064Z,CC,-2.3123,190,0.14343,1356.044355
2026-09-28T03:05:07.064Z,SYRUP,1.0539,290.1,0.2117,1356.044355
2026-09-28T03:05:07.064Z,TAO,1.5906,428300,310.9,1356.044355
2026-09-28T03:05:07.064Z,GRAM,-1.2938,2159,1.613,1356.044355
2026-09-28T03:05:07.064Z,RAY,5.3484,3000,2.1,1356.044355
2026-09-28T03:05:07.064Z,RENDER,0.4392,2724,2,1356.044355
2026-09-28T03:05:07.064Z,GRASS,2.0849,925,0.6682,1356.044355
2026-09-28T03:05:07.064Z,MINA,1.2845,194.4,0.14154,1356.044355
2026-09-28T03:05:07.064Z,POL,-1.4613,160,0.11974,1356.044355
2026-09-28T03:05:07.064Z,ENA,-1.7124,365.7,0.27438,1356.044355
2026-09-28T03:05:07.064Z,SAND,-3.7494,59.23,0.04538,1356.044355
2026-09-28T03:05:07.064Z,AERO,5.2579,1163,0.8148,1356.044355
2026-09-28T03:05:07.064Z,KGEN,0.1071,219.1,0.1614,1356.044355
2026-09-28T03:05:07.064Z,LIT,2.0608,6200,4.4798,1356.044355
2026-09-28T03:05:07.064Z,MANA,2.504,125.1,0.09,1356.044355
2026-09-28T03:05:07.064Z,BAND,0.9353,305.5,0.2232,1356.044355
2026-09-28T03:05:07.064Z,APE,-3.4846,208.7,0.15946,1356.044355
2026-09-28T03:05:07.064Z,GMT,1.7893,11.93,0.008643,1356.044355
2026-09-28T03:05:07.064Z,VIRTUAL,-1.0332,1090,0.8122,1356.044355
2026-09-28T03:05:07.064Z,LPT,-3.8992,2261,1.735,1356.044355
2026-09-28T03:05:07.064Z,DATA,8.0201,335,0.2287,1356.044355
2026-09-28T03:05:07.064Z,THETA,-2.5354,302,0.2285,1356.044355
2026-09-28T03:05:07.064Z,GRT,11.3004,48.78,0.03232,1356.044355
2026-09-28T03:05:07.064Z,LAYER,-2.9399,106.9,0.08122,1356.044355
2026-09-28T03:05:07.064Z,NMR,2.4463,14120,10.164,1356.044355
2026-09-28T03:05:07.064Z,EIGEN,-11.0597,321.9,0.2669,1356.044355
2026-09-28T03:05:07.064Z,BAT,-0.1874,127.5,0.0942,1356.044355
2026-09-28T03:05:07.064Z,SPK,3.3048,32.64,0.0233,1356.044355
2026-09-28T03:05:07.064Z,PUMP,1.5925,7.11,0.005161,1356.044355
2026-09-28T03:05:07.064Z,KMNO,-3.3673,60.71,0.04633,1356.044355
2026-09-28T03:05:07.064Z,CHZ,0.5806,22,0.01613,1356.044355
2026-09-28T03:05:07.064Z,PENGU,2.271,13.91,0.01003,1356.044355
2026-09-28T03:05:07.064Z,OP,-0.1817,197,0.14554,1356.044355
2026-09-28T03:05:07.064Z,UMA,0.1824,571.8,0.4209,1356.044355
2026-09-28T03:05:07.064Z,ZRO,1.3099,2290,1.6669,1356.044355
2026-09-28T03:05:07.064Z,S,1.1286,53.99,0.03937,1356.044355
2026-09-28T03:05:07.064Z,IMX,2.5323,258.5,0.18592,1356.044355
2026-09-28T03:05:07.064Z,A,-0.3223,136.1,0.10069,1356.044355
2026-09-28T03:05:07.064Z,ATH,3.6945,8.652,0.006153,1356.044355
2026-09-28T03:05:07.064Z,COMP,8.9328,34950,23.66,1356.044355
2026-09-28T03:05:07.064Z,CVX,-1.6748,2828,2.121,1356.044355
2026-09-28T03:05:07.064Z,AXS,0.1163,1539,1.1336,1356.044355
2026-09-28T03:05:07.064Z,WCT,1.4369,58.46,0.0425,1356.044355
2026-09-28T03:05:07.064Z,ME,3.0808,107.8,0.07712,1356.044355
2026-09-28T03:05:07.064Z,ASTER,2.7777,997.2,0.7155,1356.044355
2026-09-28T03:05:07.064Z,GMX,0.8133,11210,8.2,1356.044355
2026-09-28T03:05:07.064Z,MORPHO,7.1728,3810,2.6216,1356.044355
2026-09-28T03:05:07.064Z,MON,-5.9879,35.02,0.02747,1356.044355
2026-09-28T03:05:07.064Z,1INCH,2.2178,139,0.10028,1356.044355
2026-09-28T03:05:07.064Z,SKY,-1.5406,112.5,0.08426,1356.044355
2026-09-28T03:05:07.064Z,YGG,0.2182,36.53,0.02688,1356.044355
2026-09-28T03:05:07.064Z,BIO,-1.4831,41.12,0.03078,1356.044355
2026-09-28T03:05:07.064Z,MOVE,2.4,12.9,0.00929,1356.044355
2026-09-28T03:05:07.064Z,GALA,-12.4866,2.663,0.002244,1356.044355
2026-09-28T03:05:07.064Z,ZK,-10.0741,15.46,0.012678,1356.044355
2026-09-28T03:05:07.064Z,ENS,0.6732,9290,6.805,1356.044355
2026-09-28T03:05:07.064Z,INJ,5.1308,11040,7.744,1356.044355
2026-09-28T03:05:07.064Z,KAITO,2.6597,480,0.3448,1356.044355
2026-09-28T03:05:07.064Z,LDO,-1.1068,650,0.4847,1356.044355
2026-09-28T03:05:07.064Z,BLUR,0.5957,28.06,0.02057,1356.044355
2026-09-28T03:05:07.064Z,AUCTION,0.9682,5170,3.776,1356.044355
2026-09-28T03:05:07.064Z,ZETA,6.9842,75.12,0.05178,1356.044355
2026-09-28T03:05:07.064Z,WIF,3.1301,333.4,0.2384,1356.044355
2026-09-28T03:05:07.064Z,KSM,1.4136,6425,4.672,1356.044355
2026-09-28T03:10:07.141Z,BTC,0.1381,113335000,83462.4,1356.044355
2026-09-28T03:10:07.141Z,XRP,-0.0008,2035,1.5007,1356.044355
2026-09-28T03:10:07.141Z,SOL,-0.1308,163000,120.36,1356.044355
2026-09-28T03:10:07.141Z,ETH,0.0456,3604000,2656.52,1356.044355
2026-09-28T03:10:07.141Z,FIL,0.5901,1510,1.107,1356.044355
2026-09-28T03:10:07.141Z,TRX,0.7661,455.2,0.33313,1356.044355
2026-09-28T03:10:07.141Z,BNB,0.5729,1053000,772.1,1356.044355
2026-09-28T03:10:07.141Z,WLD,-0.2945,715.1,0.5289,1356.044355
2026-09-28T03:10:07.141Z,FLOW,0.0314,43.19,0.03184,1356.044355
2026-09-28T03:10:07.141Z,LINK,-0.261,19000,14.048,1356.044355
2026-09-28T03:10:07.141Z,DOGE,-0.0083,128.8,0.09499,1356.044355
2026-09-28T03:10:07.141Z,SUI,0.1424,1701,1.2526,1356.044355
2026-09-28T03:10:07.141Z,XLM,-0.2262,290.2,0.21449,1356.044355
2026-09-28T03:10:07.141Z,BCH,-0.4364,426100,315.6,1356.044355
2026-09-28T03:10:07.141Z,AVAX,-0.3718,14630,10.829,1356.044355
2026-09-28T03:10:07.141Z,ETC,-0.2441,12690,9.381,1356.044355
2026-09-28T03:10:07.141Z,AAVE,1.6402,208700,151.42,1356.044355
2026-09-28T03:10:07.141Z,ADA,-0.1379,342.2,0.2527,1356.044355
2026-09-28T03:10:07.141Z,HYPE,-0.0523,122300,90.236,1356.044355
2026-09-28T03:10:07.141Z,SEI,0.5639,113.8,0.08345,1356.044355
2026-09-28T03:10:07.141Z,HBAR,-2.1353,126.1,0.09502,1356.044355
2026-09-28T03:10:07.141Z,ARB,-0.1814,298.1,0.22023,1356.044355
2026-09-28T03:10:07.141Z,JTO,0.1325,792.3,0.5835,1356.044355
2026-09-28T03:10:07.141Z,ONDO,-0.2495,765.2,0.5657,1356.044355
2026-09-28T03:10:07.141Z,QTUM,0.6541,1360,0.9964,1356.044355
2026-09-28T03:10:07.141Z,PYTH,6.4006,119.9,0.0831,1356.044355
2026-09-28T03:10:07.141Z,APT,1.6112,1173,0.8513,1356.044355
2026-09-28T03:10:07.141Z,UNI,0.5884,12800,9.384,1356.044355
2026-09-28T03:10:07.141Z,TIA,0.0702,663.3,0.4888,1356.044355
2026-09-28T03:10:07.141Z,ALGO,0.7427,160.3,0.11734,1356.044355
2026-09-28T03:10:07.141Z,NEAR,-0.3442,7115,5.265,1356.044355
2026-09-28T03:10:07.141Z,ZIL,-2.7597,4.9,0.003716,1356.044355
2026-09-28T03:10:07.141Z,SUSHI,3.8694,367.2,0.2607,1356.044355
2026-09-28T03:10:07.141Z,PENDLE,0.9311,3460,2.528,1356.044355
2026-09-28T03:10:07.141Z,XTZ,2.238,432,0.3116,1356.044355
2026-09-28T03:10:07.141Z,W,2.6093,20.55,0.014769,1356.044355
2026-09-28T03:10:07.141Z,AR,3.0603,6145,4.397,1356.044355
2026-09-28T03:10:07.141Z,SHIB,0.8442,0.0079,0.000005777,1356.044355
2026-09-28T03:10:07.141Z,CELO,5.0535,132.3,0.09287,1356.044355
2026-09-28T03:10:07.141Z,STX,0.511,449.1,0.3295,1356.044355
2026-09-28T03:10:07.141Z,JUP,3.117,497.1,0.3555,1356.044355
2026-09-28T03:10:07.141Z,PEPE,-1.4905,0.0057,0.000004267,1356.044355
2026-09-28T03:10:07.141Z,DYDX,6.0377,200,0.13909,1356.044355
2026-09-28T03:10:07.141Z,KITE,-10.2833,176.2,0.14483,1356.044355
2026-09-28T03:10:07.141Z,CRV,1.9839,472,0.3413,1356.044355
2026-09-28T03:10:07.141Z,ENJ,5.1874,42.92,0.03009,1356.044355
2026-09-28T03:10:07.141Z,ATOM,2.0517,2556,1.847,1356.044355
2026-09-28T03:10:07.141Z,ICP,0.2437,4180,3.075,1356.044355
2026-09-28T03:10:07.141Z,SPACE,-0.4321,6.917,0.005123,1356.044355
2026-09-28T03:10:07.141Z,DOT,-0.5919,1683,1.2485,1356.044355
2026-09-28T03:10:07.141Z,ETHFI,-0.1824,947.5,0.7,1356.044355
2026-09-28T03:10:07.141Z,CC,-3.1095,190,0.14461,1356.044355
2026-09-28T03:10:07.141Z,SYRUP,1.0062,290.1,0.2118,1356.044355
2026-09-28T03:10:07.141Z,TAO,-0.0087,422100,311.3,1356.044355
2026-09-28T03:10:07.141Z,GRAM,-1.416,2159,1.615,1356.044355
2026-09-28T03:10:07.141Z,RAY,4.0943,3000,2.1253,1356.044355
2026-09-28T03:10:07.141Z,RENDER,0.2387,2724,2.004,1356.044355
2026-09-28T03:10:07.141Z,GRASS,2.5453,925,0.6652,1356.044355
2026-09-28T03:10:07.141Z,MINA,1.1916,194.4,0.14167,1356.044355
2026-09-28T03:10:07.141Z,POL,-1.8302,160,0.12019,1356.044355
2026-09-28T03:10:07.141Z,ENA,-1.5294,365.7,0.27387,1356.044355
2026-09-28T03:10:07.141Z,SAND,-9.7909,55.5,0.04537,1356.044355
2026-09-28T03:10:07.141Z,AERO,5.245,1163,0.8149,1356.044355
2026-09-28T03:10:07.141Z,KGEN,0.2935,219.1,0.1611,1356.044355
2026-09-28T03:10:07.141Z,LIT,1.9289,6200,4.4856,1356.044355
2026-09-28T03:10:07.141Z,MANA,2.2427,125.1,0.09023,1356.044355
2026-09-28T03:10:07.141Z,BAND,0.8901,305.5,0.2233,1356.044355
2026-09-28T03:10:07.141Z,APE,-3.3512,208.7,0.15924,1356.044355
2026-09-28T03:10:07.141Z,GMT,1.8011,11.93,0.008642,1356.044355
2026-09-28T03:10:07.141Z,VIRTUAL,-0.9966,1090,0.8119,1356.044355
2026-09-28T03:10:07.141Z,LPT,-3.8437,2261,1.734,1356.044355
2026-09-28T03:10:07.141Z,DATA,8.0674,335,0.2286,1356.044355
2026-09-28T03:10:07.141Z,THETA,-2.7057,302,0.2289,1356.044355
2026-09-28T03:10:07.141Z,GRT,11.5765,48.78,0.03224,1356.044355
2026-09-28T03:10:07.141Z,LAYER,-3.095,106.9,0.08135,1356.044355
2026-09-28T03:10:07.141Z,NMR,2.8206,14120,10.127,1356.044355
2026-09-28T03:10:07.141Z,EIGEN,-11.0597,321.9,0.2669,1356.044355
2026-09-28T03:10:07.141Z,BAT,-0.3144,127.5,0.09432,1356.044355
2026-09-28T03:10:07.141Z,SPK,3.3935,32.64,0.02328,1356.044355
2026-09-28T03:10:07.141Z,PUMP,1.6319,7.11,0.005159,1356.044355
2026-09-28T03:10:07.141Z,KMNO,-3.7413,60.71,0.04651,1356.044355
2026-09-28T03:10:07.141Z,CHZ,0.4561,22,0.01615,1356.044355
2026-09-28T03:10:07.141Z,PENGU,2.1691,13.91,0.01004,1356.044355
2026-09-28T03:10:07.141Z,OP,-0.2982,197,0.14571,1356.044355
2026-09-28T03:10:07.141Z,UMA,0.1586,571.8,0.421,1356.044355
2026-09-28T03:10:07.141Z,ZRO,1.7678,2290,1.6594,1356.044355
2026-09-28T03:10:07.141Z,S,1.0773,53.99,0.03939,1356.044355
2026-09-28T03:10:07.141Z,IMX,2.5047,258.5,0.18597,1356.044355
2026-09-28T03:10:07.141Z,A,-0.3025,136.1,0.10067,1356.044355
2026-09-28T03:10:07.141Z,ATH,3.8971,8.652,0.006141,1356.044355
2026-09-28T03:10:07.141Z,COMP,9.1172,34950,23.62,1356.044355
2026-09-28T03:10:07.141Z,CVX,-1.8599,2828,2.125,1356.044355
2026-09-28T03:10:07.141Z,AXS,0.1782,1539,1.1329,1356.044355
2026-09-28T03:10:07.141Z,WCT,1.2939,58.46,0.04256,1356.044355
2026-09-28T03:10:07.141Z,ME,3.1343,107.8,0.07708,1356.044355
2026-09-28T03:10:07.141Z,ASTER,2.6199,997.2,0.7166,1356.044355
2026-09-28T03:10:07.141Z,GMX,0.9118,11210,8.192,1356.044355
2026-09-28T03:10:07.141Z,MORPHO,6.9159,3810,2.6279,1356.044355
2026-09-28T03:10:07.141Z,MON,-6.1587,35.02,0.02752,1356.044355
2026-09-28T03:10:07.141Z,1INCH,2.2076,139,0.10029,1356.044355
2026-09-28T03:10:07.141Z,SKY,-2.1445,112.5,0.08478,1356.044355
2026-09-28T03:10:07.141Z,YGG,0.1809,36.53,0.02689,1356.044355
2026-09-28T03:10:07.141Z,BIO,-1.5791,41.12,0.03081,1356.044355
2026-09-28T03:10:07.141Z,MOVE,2.202,12.9,0.009308,1356.044355
2026-09-28T03:10:07.141Z,GALA,-12.4086,2.663,0.002242,1356.044355
2026-09-28T03:10:07.141Z,ZK,-10.2157,15.46,0.012698,1356.044355
2026-09-28T03:10:07.141Z,ENS,0.5402,9290,6.814,1356.044355
2026-09-28T03:10:07.141Z,INJ,4.887,11040,7.762,1356.044355
2026-09-28T03:10:07.141Z,KAITO,2.5408,480,0.3452,1356.044355
2026-09-28T03:10:07.141Z,LDO,-1.0456,650,0.4844,1356.044355
2026-09-28T03:10:07.141Z,BLUR,0.2545,28.06,0.02064,1356.044355
2026-09-28T03:10:07.141Z,AUCTION,0.7814,5170,3.783,1356.044355
2026-09-28T03:10:07.141Z,ZETA,7.1705,75.12,0.05169,1356.044355
2026-09-28T03:10:07.141Z,WIF,2.9143,333.4,0.2389,1356.044355
2026-09-28T03:10:07.141Z,KSM,1.2403,6425,4.68,1356.044355
2026-09-28T03:15:07.103Z,BTC,0.1032,113163000,83364.8,1356.044355
2026-09-28T03:15:07.103Z,XRP,0.0402,2030,1.4964,1356.044355
2026-09-28T03:15:07.103Z,SOL,0.074,162900,120.04,1356.044355
2026-09-28T03:15:07.103Z,ETH,0.0611,3600000,2653.16,1356.044355
2026-09-28T03:15:07.103Z,FIL,0.4718,1504,1.1039,1356.044355
2026-09-28T03:15:07.103Z,TRX,0.7813,455.2,0.33308,1356.044355
2026-09-28T03:15:07.103Z,BNB,0.7556,1053000,770.7,1356.044355
2026-09-28T03:15:07.103Z,WLD,-0.0388,714.9,0.5274,1356.044355
2026-09-28T03:15:07.103Z,FLOW,0.6955,43.19,0.03163,1356.044355
2026-09-28T03:15:07.103Z,LINK,-0.0047,19000,14.012,1356.044355
2026-09-28T03:15:07.103Z,DOGE,0.1066,128.5,0.09466,1356.044355
2026-09-28T03:15:07.103Z,SUI,0.1343,1690,1.2446,1356.044355
2026-09-28T03:15:07.103Z,XLM,0.1256,290.3,0.21381,1356.044355
2026-09-28T03:15:07.103Z,BCH,0.1347,426100,313.8,1356.044355
2026-09-28T03:15:07.103Z,AVAX,-0.1043,14630,10.8,1356.044355
2026-09-28T03:15:07.103Z,ETC,0.1509,12690,9.344,1356.044355
2026-09-28T03:15:07.103Z,AAVE,2.0039,208700,150.88,1356.044355
2026-09-28T03:15:07.103Z,ADA,0.0998,342.2,0.2521,1356.044355
2026-09-28T03:15:07.103Z,HYPE,0.2113,122200,89.925,1356.044355
2026-09-28T03:15:07.103Z,SEI,-0.1179,111.2,0.0821,1356.044355
2026-09-28T03:15:07.103Z,HBAR,-1.7942,126.1,0.09469,1356.044355
2026-09-28T03:15:07.103Z,ARB,0.0625,297.2,0.21903,1356.044355
2026-09-28T03:15:07.103Z,JTO,0.5114,792.3,0.5813,1356.044355
2026-09-28T03:15:07.103Z,ONDO,-0.4867,765,0.5669,1356.044355
2026-09-28T03:15:07.103Z,QTUM,1.0699,1360,0.9923,1356.044355
2026-09-28T03:15:07.103Z,PYTH,6.7217,119.9,0.08285,1356.044355
2026-09-28T03:15:07.103Z,APT,2.0427,1173,0.8477,1356.044355
2026-09-28T03:15:07.103Z,UNI,0.9974,12800,9.346,1356.044355
2026-09-28T03:15:07.103Z,TIA,0.7055,660,0.4833,1356.044355
2026-09-28T03:15:07.103Z,ALGO,1.1219,160.3,0.1169,1356.044355
2026-09-28T03:15:07.103Z,NEAR,0.1565,7110,5.235,1356.044355
2026-09-28T03:15:07.103Z,ZIL,-2.4183,4.9,0.003703,1356.044355
2026-09-28T03:15:07.103Z,SUSHI,4.5916,367.2,0.2589,1356.044355
2026-09-28T03:15:07.103Z,PENDLE,1.5336,3460,2.513,1356.044355
2026-09-28T03:15:07.103Z,XTZ,2.7326,432,0.3101,1356.044355
2026-09-28T03:15:07.103Z,W,3.5701,20.55,0.014632,1356.044355
2026-09-28T03:15:07.103Z,AR,3.2953,6145,4.387,1356.044355
2026-09-28T03:15:07.103Z,SHIB,0.1048,0.0078,0.000005746,1356.044355
2026-09-28T03:15:07.103Z,CELO,5.2575,132.3,0.09269,1356.044355
2026-09-28T03:15:07.103Z,STX,0.9707,449.1,0.328,1356.044355
2026-09-28T03:15:07.103Z,JUP,3.5539,497.1,0.354,1356.044355
2026-09-28T03:15:07.103Z,PEPE,-1.1429,0.0057,0.000004252,1356.044355
2026-09-28T03:15:07.103Z,DYDX,6.6665,200,0.13827,1356.044355
2026-09-28T03:15:07.103Z,KITE,-10.0161,176.2,0.1444,1356.044355
2026-09-28T03:15:07.103Z,CRV,2.7365,472,0.3388,1356.044355
2026-09-28T03:15:07.103Z,ENJ,5.7144,42.92,0.02994,1356.044355
2026-09-28T03:15:07.103Z,ATOM,2.2177,2556,1.844,1356.044355
2026-09-28T03:15:07.103Z,ICP,0.7022,4180,3.061,1356.044355
2026-09-28T03:15:07.103Z,SPACE,0.2135,6.917,0.00509,1356.044355
2026-09-28T03:15:07.103Z,DOT,0.1754,1682,1.2382,1356.044355
2026-09-28T03:15:07.103Z,ETHFI,0.2185,947.5,0.6972,1356.044355
2026-09-28T03:15:07.103Z,CC,-2.6043,190,0.14386,1356.044355
2026-09-28T03:15:07.103Z,SYRUP,1.1494,290.1,0.2115,1356.044355
2026-09-28T03:15:07.103Z,TAO,0.3136,422100,310.3,1356.044355
2026-09-28T03:15:07.103Z,GRAM,-1.1713,2159,1.611,1356.044355
2026-09-28T03:15:07.103Z,RAY,4.3546,3000,2.12,1356.044355
2026-09-28T03:15:07.103Z,RENDER,0.4894,2724,1.999,1356.044355
2026-09-28T03:15:07.103Z,GRASS,1.9323,925,0.6692,1356.044355
2026-09-28T03:15:07.103Z,MINA,1.6941,194.4,0.14097,1356.044355
2026-09-28T03:15:07.103Z,POL,-1.9118,160,0.12029,1356.044355
2026-09-28T03:15:07.103Z,ENA,-1.324,365.7,0.2733,1356.044355
2026-09-28T03:15:07.103Z,SAND,-9.1703,55.5,0.04506,1356.044355
2026-09-28T03:15:07.103Z,AERO,5.2579,1163,0.8148,1356.044355
2026-09-28T03:15:07.103Z,KGEN,0.1692,219.1,0.1613,1356.044355
2026-09-28T03:15:07.103Z,LIT,2.5484,6200,4.4585,1356.044355
2026-09-28T03:15:07.103Z,MANA,2.4471,125.1,0.09005,1356.044355
2026-09-28T03:15:07.103Z,BAND,1.2984,305.5,0.2224,1356.044355
2026-09-28T03:15:07.103Z,APE,-2.9245,208.7,0.15854,1356.044355
2026-09-28T03:15:07.103Z,GMT,2.1913,11.93,0.008609,1356.044355
2026-09-28T03:15:07.103Z,VIRTUAL,-0.4941,1090,0.8078,1356.044355
2026-09-28T03:15:07.103Z,LPT,-3.3421,2261,1.725,1356.044355
2026-09-28T03:15:07.103Z,DATA,8.0201,335,0.2287,1356.044355
2026-09-28T03:15:07.103Z,THETA,-2.3217,302,0.228,1356.044355
2026-09-28T03:15:07.103Z,GRT,11.5419,48.78,0.03225,1356.044355
2026-09-28T03:15:07.103Z,LAYER,-2.6161,106.9,0.08095,1356.044355
2026-09-28T03:15:07.103Z,NMR,3.0852,14120,10.101,1356.044355
2026-09-28T03:15:07.103Z,EIGEN,-8.8396,321.9,0.2604,1356.044355
2026-09-28T03:15:07.103Z,BAT,0.1848,127.5,0.09385,1356.044355
2026-09-28T03:15:07.103Z,SPK,3.8396,32.64,0.02318,1356.044355
2026-09-28T03:15:07.103Z,PUMP,2.5864,7.11,0.005111,1356.044355
2026-09-28T03:15:07.103Z,KMNO,-3.6584,60.71,0.04647,1356.044355
2026-09-28T03:15:07.103Z,CHZ,1.019,22,0.01606,1356.044355
2026-09-28T03:15:07.103Z,PENGU,2.6188,13.91,0.009996,1356.044355
2026-09-28T03:15:07.103Z,OP,0.4116,197,0.14468,1356.044355
2026-09-28T03:15:07.103Z,UMA,0.5167,571.8,0.4195,1356.044355
2026-09-28T03:15:07.103Z,ZRO,1.9952,2290,1.6557,1356.044355
2026-09-28T03:15:07.103Z,S,1.9051,53.99,0.03907,1356.044355
2026-09-28T03:15:07.103Z,IMX,3.1481,258.5,0.18481,1356.044355
2026-09-28T03:15:07.103Z,A,-0.2926,136.1,0.10066,1356.044355
2026-09-28T03:15:07.103Z,ATH,4.2366,8.652,0.006121,1356.044355
2026-09-28T03:15:07.103Z,COMP,9.7211,34950,23.49,1356.044355
2026-09-28T03:15:07.103Z,CVX,-1.489,2828,2.117,1356.044355
2026-09-28T03:15:07.103Z,AXS,0.6134,1539,1.128,1356.044355
2026-09-28T03:15:07.103Z,WCT,1.6522,58.46,0.04241,1356.044355
2026-09-28T03:15:07.103Z,ME,3.6453,107.8,0.0767,1356.044355
2026-09-28T03:15:07.103Z,ASTER,2.8208,997.2,0.7152,1356.044355
2026-09-28T03:15:07.103Z,GMX,1.3323,11210,8.158,1356.044355
2026-09-28T03:15:07.103Z,MORPHO,7.2014,3810,2.6209,1356.044355
2026-09-28T03:15:07.103Z,MON,-5.4025,35.02,0.0273,1356.044355
2026-09-28T03:15:07.103Z,1INCH,2.6169,139,0.09989,1356.044355
2026-09-28T03:15:07.103Z,SKY,-1.8319,112.5,0.08451,1356.044355
2026-09-28T03:15:07.103Z,YGG,0.5549,36.53,0.02679,1356.044355
2026-09-28T03:15:07.103Z,BIO,-0.8712,41.12,0.03059,1356.044355
2026-09-28T03:15:07.103Z,MOVE,2.5546,12.9,0.009276,1356.044355
2026-09-28T03:15:07.103Z,GALA,-11.779,2.663,0.002226,1356.044355
2026-09-28T03:15:07.103Z,ZK,-9.818,15.46,0.012642,1356.044355
2026-09-28T03:15:07.103Z,ENS,0.2735,9230,6.788,1356.044355
2026-09-28T03:15:07.103Z,INJ,4.8735,11040,7.763,1356.044355
2026-09-28T03:15:07.103Z,KAITO,3.0482,480,0.3435,1356.044355
2026-09-28T03:15:07.103Z,LDO,-0.5322,650,0.4819,1356.044355
2026-09-28T03:15:07.103Z,BLUR,0.9885,28.06,0.02049,1356.044355
2026-09-28T03:15:07.103Z,AUCTION,1.4248,5170,3.759,1356.044355
2026-09-28T03:15:07.103Z,ZETA,7.6495,75.12,0.05146,1356.044355
2026-09-28T03:15:07.103Z,WIF,3.5209,333.4,0.2375,1356.044355
2026-09-28T03:15:07.103Z,KSM,1.5876,6425,4.664,1356.044355
