checkedAt,coin,premium,korbitPrice,foreignPrice,usdKrwRate
2026-09-26T00:00:06.752Z,BTC,-1.1378,113729000,84054.9,1368.604976
2026-09-26T00:00:06.752Z,XRP,-1.0856,2122,1.5675,1368.604976
2026-09-26T00:00:06.752Z,SOL,-1.2202,165000,122.05,1368.604976
2026-09-26T00:00:06.752Z,ETH,-1.1226,3640000,2689.84,1368.604976
2026-09-26T00:00:06.752Z,FIL,-0.4074,1429,1.0484,1368.604976
2026-09-26T00:00:06.752Z,TRX,-1.1982,457.1,0.33804,1368.604976
2026-09-26T00:00:06.752Z,BNB,-1.2225,1050000,776.7,1368.604976
2026-09-26T00:00:06.752Z,WLD,-1.214,669.1,0.4949,1368.604976
2026-09-26T00:00:06.752Z,FLOW,-1.6954,41.99,0.03121,1368.604976
2026-09-26T00:00:06.752Z,LINK,-1.3387,18800,13.923,1368.604976
2026-09-26T00:00:06.752Z,DOGE,-1.1489,133.8,0.0989,1368.604976
2026-09-26T00:00:06.752Z,SUI,-1.12,1615,1.1934,1368.604976
2026-09-26T00:00:06.752Z,XLM,-1.1459,297.9,0.22019,1368.604976
2026-09-26T00:00:06.752Z,BCH,-1.0918,463900,342.7,1368.604976
2026-09-26T00:00:06.752Z,AVAX,-0.9935,14420,10.642,1368.604976
2026-09-26T00:00:06.752Z,ETC,-0.1601,12970,9.492,1368.604976
2026-09-26T00:00:06.752Z,AAVE,-2.628,204600,153.53,1368.604976
2026-09-26T00:00:06.752Z,ADA,-1.1844,350,0.2588,1368.604976
2026-09-26T00:00:06.752Z,HYPE,-1.2553,124800,92.347,1368.604976
2026-09-26T00:00:06.752Z,SEI,-1.332,100.9,0.07472,1368.604976
2026-09-26T00:00:06.752Z,HBAR,-1.0892,129.4,0.09559,1368.604976
2026-09-26T00:00:06.752Z,ARB,-0.6739,307.9,0.2265,1368.604976
2026-09-26T00:00:06.752Z,JTO,-1.0778,776.3,0.5734,1368.604976
2026-09-26T00:00:06.752Z,ONDO,-1.0608,743.8,0.5493,1368.604976
2026-09-26T00:00:06.752Z,QTUM,-0.2048,1433,1.0492,1368.604976
2026-09-26T00:00:06.752Z,PYTH,-2.3082,99.26,0.07424,1368.604976
2026-09-26T00:00:06.752Z,APT,-1.5663,1175,0.8722,1368.604976
2026-09-26T00:00:06.752Z,UNI,-0.8115,13070,9.628,1368.604976
2026-09-26T00:00:06.752Z,TIA,-0.5365,672.6,0.4941,1368.604976
2026-09-26T00:00:06.752Z,ALGO,-2.355,155.3,0.11621,1368.604976
2026-09-26T00:00:06.752Z,NEAR,-1.0273,6705,4.95,1368.604976
2026-09-26T00:00:06.752Z,ZIL,-6.6904,4.9,0.003837,1368.604976
2026-09-26T00:00:06.752Z,SUSHI,-5.0647,347.3,0.2673,1368.604976
2026-09-26T00:00:06.752Z,PENDLE,-2.243,3413,2.551,1368.604976
2026-09-26T00:00:06.752Z,XTZ,-1.6006,446.7,0.3317,1368.604976
2026-09-26T00:00:06.752Z,W,-2.6758,16.45,0.01235,1368.604976
2026-09-26T00:00:06.752Z,AR,-7.8397,5855,4.642,1368.604976
2026-09-26T00:00:06.752Z,SHIB,-0.5639,0.0081,5.952e-06,1368.604976
2026-09-26T00:00:06.752Z,CELO,-3.4083,126.3,0.09554,1368.604976
2026-09-26T00:00:06.752Z,STX,-2.2932,435.8,0.3259,1368.604976
2026-09-26T00:00:06.752Z,JUP,-0.7229,464,0.3415,1368.604976
2026-09-26T00:00:06.752Z,PEPE,-2.2949,0.006,4.487e-06,1368.604976
2026-09-26T00:00:06.752Z,DYDX,0.4882,186.2,0.13539,1368.604976
2026-09-26T00:00:06.752Z,KITE,-3.9024,175,0.13306,1368.604976
2026-09-26T00:00:06.752Z,CRV,-3.7648,467.3,0.3548,1368.604976
2026-09-26T00:00:06.752Z,ENJ,0.4028,40.88,0.02975,1368.604976
2026-09-26T00:00:06.752Z,ATOM,-2.482,2389,1.79,1368.604976
2026-09-26T00:00:06.752Z,ICP,0.9663,4426,3.203,1368.604976
2026-09-26T00:00:06.752Z,SPACE,-0.4294,6.954,0.005103,1368.604976
2026-09-26T00:00:06.752Z,DOT,-0.8125,1645,1.2118,1368.604976
2026-09-26T00:00:06.752Z,ETHFI,-1.2812,972.5,0.7198,1368.604976
2026-09-26T00:00:06.752Z,CC,-3.7521,170.4,0.12936,1368.604976
2026-09-26T00:00:06.752Z,SYRUP,-2.6209,296.8,0.2227,1368.604976
2026-09-26T00:00:06.752Z,TAO,-4.1411,416800,317.7,1368.604976
2026-09-26T00:00:06.752Z,GRAM,-2.1932,1953,1.459,1368.604976
2026-09-26T00:00:06.752Z,RAY,0.9819,2860,2.0694,1368.604976
2026-09-26T00:00:06.752Z,RENDER,-0.9744,2636,1.945,1368.604976
2026-09-26T00:00:06.752Z,GRASS,-0.9747,706.5,0.5213,1368.604976
2026-09-26T00:00:06.752Z,MINA,0.0599,192.5,0.14057,1368.604976
2026-09-26T00:00:06.752Z,POL,-0.8865,157.5,0.11611,1368.604976
2026-09-26T00:00:06.752Z,ENA,-1.8502,360,0.268,1368.604976
2026-09-26T00:00:06.752Z,SAND,-2.6147,60.55,0.04543,1368.604976
2026-09-26T00:00:06.752Z,AERO,-0.8516,1153,0.8497,1368.604976
2026-09-26T00:00:06.752Z,KGEN,-2.0207,223,0.1663,1368.604976
2026-09-26T00:00:06.752Z,LIT,-0.5582,6600,4.8495,1368.604976
2026-09-26T00:00:06.752Z,MANA,-5.659,120,0.09294,1368.604976
2026-09-26T00:00:06.752Z,BAND,-7.0263,284.9,0.2239,1368.604976
2026-09-26T00:00:06.752Z,APE,-2.0106,208.7,0.15562,1368.604976
2026-09-26T00:00:06.752Z,GMT,-1.1018,12.11,0.008947,1368.604976
2026-09-26T00:00:06.752Z,VIRTUAL,-2.5772,1062,0.7965,1368.604976
2026-09-26T00:00:06.752Z,LPT,-5.0002,2261,1.739,1368.604976
2026-09-26T00:00:06.752Z,DATA,-3.8147,308.3,0.2342,1368.604976
2026-09-26T00:00:06.752Z,THETA,-6.8148,302,0.2368,1368.604976
2026-09-26T00:00:06.752Z,GRT,-9.1703,35.13,0.02826,1368.604976
2026-09-26T00:00:06.752Z,LAYER,-2.5954,106.9,0.08019,1368.604976
2026-09-26T00:00:06.752Z,NMR,-1.279,13130,9.718,1368.604976
2026-09-26T00:00:06.752Z,EIGEN,-10.705,321.9,0.2634,1368.604976
2026-09-26T00:00:06.752Z,BAT,-0.4065,125.1,0.09178,1368.604976
2026-09-26T00:00:06.752Z,SPK,-6.379,30.7,0.02396,1368.604976
2026-09-26T00:00:06.752Z,PUMP,-8.0825,5.276,0.004194,1368.604976
2026-09-26T00:00:06.752Z,KMNO,-0.7347,56.57,0.04164,1368.604976
2026-09-26T00:00:06.752Z,CHZ,-0.2053,23,0.01684,1368.604976
2026-09-26T00:00:06.752Z,PENGU,-1.3683,13.87,0.010275,1368.604976
2026-09-26T00:00:06.752Z,OP,-0.1018,199.9,0.14621,1368.604976
2026-09-26T00:00:06.752Z,UMA,-1.1383,558.8,0.413,1368.604976
2026-09-26T00:00:06.752Z,ZRO,-0.6601,2204,1.6211,1368.604976
2026-09-26T00:00:06.752Z,S,-0.8489,56.03,0.04129,1368.604976
2026-09-26T00:00:06.752Z,IMX,-1.6186,216.9,0.16109,1368.604976
2026-09-26T00:00:06.752Z,A,-4.8349,133.2,0.10227,1368.604976
2026-09-26T00:00:06.752Z,ATH,-6.915,8.04,0.006311,1368.604976
2026-09-26T00:00:06.752Z,COMP,-0.3767,33050,24.24,1368.604976
2026-09-26T00:00:06.752Z,CVX,-6.7692,2654,2.08,1368.604976
2026-09-26T00:00:06.752Z,AXS,-0.6873,1615,1.1882,1368.604976
2026-09-26T00:00:06.752Z,WCT,-2.2615,58.83,0.04398,1368.604976
2026-09-26T00:00:06.752Z,ME,-0.9354,106.2,0.07833,1368.604976
2026-09-26T00:00:06.752Z,ASTER,-0.5027,1004,0.7373,1368.604976
2026-09-26T00:00:06.752Z,GMX,0.1662,11270,8.221,1368.604976
2026-09-26T00:00:06.752Z,MORPHO,2.3213,3810,2.7207,1368.604976
2026-09-26T00:00:06.752Z,MON,-3.0387,35.02,0.02639,1368.604976
2026-09-26T00:00:06.752Z,1INCH,-3.2758,136.6,0.10319,1368.604976
2026-09-26T00:00:06.752Z,SKY,-1.1833,103.5,0.07653,1368.604976
2026-09-26T00:00:06.752Z,YGG,-4.0222,36.53,0.02781,1368.604976
2026-09-26T00:00:06.752Z,BIO,-0.4093,45.02,0.03303,1368.604976
2026-09-26T00:00:06.752Z,MOVE,-6.1208,12.54,0.00976,1368.604976
2026-09-26T00:00:06.752Z,GALA,-7.6588,2.75,0.002176,1368.604976
2026-09-26T00:00:06.752Z,ZK,-2.7512,17.14,0.012878,1368.604976
2026-09-26T00:00:06.752Z,ENS,-2.2449,9610,7.183,1368.604976
2026-09-26T00:00:06.752Z,INJ,-1.3983,11040,8.181,1368.604976
2026-09-26T00:00:06.752Z,KAITO,-1.5352,478.8,0.3553,1368.604976
2026-09-26T00:00:06.752Z,LDO,-3.3307,650,0.4913,1368.604976
2026-09-26T00:00:06.752Z,BLUR,-2.9217,28.18,0.02121,1368.604976
2026-09-26T00:00:06.752Z,AUCTION,-3.6334,5170,3.92,1368.604976
2026-09-26T00:00:06.752Z,ZETA,-1.4773,74.35,0.05514,1368.604976
2026-09-26T00:00:06.752Z,WIF,-5.9286,325.6,0.2529,1368.604976
2026-09-26T00:00:06.752Z,KSM,-2.3011,6370,4.764,1368.604976
2026-09-26T00:05:06.997Z,BTC,-1.0389,113774000,84004.1,1368.604976
2026-09-26T00:05:06.997Z,XRP,-1.0915,2117,1.5639,1368.604976
2026-09-26T00:05:06.997Z,SOL,-0.995,165200,121.92,1368.604976
2026-09-26T00:05:06.997Z,ETH,-1.034,3641000,2688.17,1368.604976
2026-09-26T00:05:06.997Z,FIL,0.0699,1429,1.0434,1368.604976
2026-09-26T00:05:06.997Z,TRX,-1.1426,457.1,0.33785,1368.604976
2026-09-26T00:05:06.997Z,BNB,-1.1971,1050000,776.5,1368.604976
2026-09-26T00:05:06.997Z,WLD,-1.38,670,0.4964,1368.604976
2026-09-26T00:05:06.997Z,FLOW,-1.8212,41.99,0.03125,1368.604976
2026-09-26T00:05:06.997Z,LINK,-1.282,18800,13.915,1368.604976
2026-09-26T00:05:06.997Z,DOGE,-1.1746,133.4,0.09863,1368.604976
2026-09-26T00:05:06.997Z,SUI,-1.0543,1607,1.1867,1368.604976
2026-09-26T00:05:06.997Z,XLM,-1.03,296.8,0.21912,1368.604976
2026-09-26T00:05:06.997Z,BCH,-0.657,463900,341.2,1368.604976
2026-09-26T00:05:06.997Z,AVAX,-0.7042,14420,10.611,1368.604976
2026-09-26T00:05:06.997Z,ETC,-0.1601,12970,9.492,1368.604976
2026-09-26T00:05:06.997Z,AAVE,-2.4182,204600,153.2,1368.604976
2026-09-26T00:05:06.997Z,ADA,-0.6753,349.9,0.2574,1368.604976
2026-09-26T00:05:06.997Z,HYPE,-1.1043,124800,92.206,1368.604976
2026-09-26T00:05:06.997Z,SEI,-1.0539,100.9,0.07451,1368.604976
2026-09-26T00:05:06.997Z,HBAR,-0.6214,129.4,0.09514,1368.604976
2026-09-26T00:05:06.997Z,ARB,-0.1582,307.9,0.22533,1368.604976
2026-09-26T00:05:06.997Z,JTO,-0.6968,776.3,0.5712,1368.604976
2026-09-26T00:05:06.997Z,ONDO,-1.058,740.3,0.5467,1368.604976
2026-09-26T00:05:06.997Z,QTUM,-2.8709,1433,1.078,1368.604976
2026-09-26T00:05:06.997Z,PYTH,-1.7657,99.26,0.07383,1368.604976
2026-09-26T00:05:06.997Z,APT,-0.9302,1175,0.8666,1368.604976
2026-09-26T00:05:06.997Z,UNI,-0.3873,13070,9.587,1368.604976
2026-09-26T00:05:06.997Z,TIA,-0.1931,672.6,0.4924,1368.604976
2026-09-26T00:05:06.997Z,ALGO,-1.6611,155.3,0.11539,1368.604976
2026-09-26T00:05:06.997Z,NEAR,-0.847,6705,4.941,1368.604976
2026-09-26T00:05:06.997Z,ZIL,-6.933,4.9,0.003847,1368.604976
2026-09-26T00:05:06.997Z,SUSHI,-4.8868,347.3,0.2668,1368.604976
2026-09-26T00:05:06.997Z,PENDLE,-1.8197,3413,2.54,1368.604976
2026-09-26T00:05:06.997Z,XTZ,-1.3627,446.7,0.3309,1368.604976
2026-09-26T00:05:06.997Z,W,-2.3596,16.45,0.01231,1368.604976
2026-09-26T00:05:06.997Z,AR,-7.8596,5855,4.643,1368.604976
2026-09-26T00:05:06.997Z,SHIB,-0.2959,0.0081,5.936e-06,1368.604976
2026-09-26T00:05:06.997Z,CELO,-3.6,126.3,0.09573,1368.604976
2026-09-26T00:05:06.997Z,STX,-1.9623,435.8,0.3248,1368.604976
2026-09-26T00:05:06.997Z,JUP,-0.4021,464,0.3404,1368.604976
2026-09-26T00:05:06.997Z,PEPE,-1.8575,0.006,4.467e-06,1368.604976
2026-09-26T00:05:06.997Z,DYDX,0.7262,186.2,0.13507,1368.604976
2026-09-26T00:05:06.997Z,KITE,-3.9241,175,0.13309,1368.604976
2026-09-26T00:05:06.997Z,CRV,-3.629,467.3,0.3543,1368.604976
2026-09-26T00:05:06.997Z,ENJ,0.3017,40.88,0.02978,1368.604976
2026-09-26T00:05:06.997Z,ATOM,-2.4274,2389,1.789,1368.604976
2026-09-26T00:05:06.997Z,ICP,1.7285,4426,3.179,1368.604976
2026-09-26T00:05:06.997Z,SPACE,-1.1269,6.954,0.005139,1368.604976
2026-09-26T00:05:06.997Z,DOT,-0.5828,1645,1.209,1368.604976
2026-09-26T00:05:06.997Z,ETHFI,-0.9648,972.5,0.7175,1368.604976
2026-09-26T00:05:06.997Z,CC,-0.9775,175.8,0.12972,1368.604976
2026-09-26T00:05:06.997Z,SYRUP,-2.3139,296.8,0.222,1368.604976
2026-09-26T00:05:06.997Z,TAO,-3.6559,416800,316.1,1368.604976
2026-09-26T00:05:06.997Z,GRAM,-1.8569,1953,1.454,1368.604976
2026-09-26T00:05:06.997Z,RAY,1.4575,2860,2.0597,1368.604976
2026-09-26T00:05:06.997Z,RENDER,-0.7703,2636,1.941,1368.604976
2026-09-26T00:05:06.997Z,GRASS,-0.9747,706.5,0.5213,1368.604976
2026-09-26T00:05:06.997Z,MINA,0.3884,192.5,0.14011,1368.604976
2026-09-26T00:05:06.997Z,POL,-0.6469,157.5,0.11583,1368.604976
2026-09-26T00:05:06.997Z,ENA,-1.8099,360,0.26789,1368.604976
2026-09-26T00:05:06.997Z,SAND,-2.2489,60.55,0.04526,1368.604976
2026-09-26T00:05:06.997Z,AERO,-1.1193,1153,0.852,1368.604976
2026-09-26T00:05:06.997Z,KGEN,-2.1971,223,0.1666,1368.604976
2026-09-26T00:05:06.997Z,LIT,-2.116,6480,4.8371,1368.604976
2026-09-26T00:05:06.997Z,MANA,-5.4352,120,0.09272,1368.604976
2026-09-26T00:05:06.997Z,BAND,-6.9431,284.9,0.2237,1368.604976
2026-09-26T00:05:06.997Z,APE,-2.1553,208.7,0.15585,1368.604976
2026-09-26T00:05:06.997Z,GMT,-0.9689,12.11,0.008935,1368.604976
2026-09-26T00:05:06.997Z,VIRTUAL,-2.2828,1062,0.7941,1368.604976
2026-09-26T00:05:06.997Z,LPT,-4.118,2261,1.723,1368.604976
2026-09-26T00:05:06.997Z,DATA,-1.329,308.3,0.2283,1368.604976
2026-09-26T00:05:06.997Z,THETA,-6.736,302,0.2366,1368.604976
2026-09-26T00:05:06.997Z,GRT,-9.5225,35.13,0.02837,1368.604976
2026-09-26T00:05:06.997Z,LAYER,-2.303,106.9,0.07995,1368.604976
2026-09-26T00:05:06.997Z,NMR,-1.2586,13130,9.716,1368.604976
2026-09-26T00:05:06.997Z,EIGEN,-10.1593,321.9,0.2618,1368.604976
2026-09-26T00:05:06.997Z,BAT,-0.439,125.1,0.09181,1368.604976
2026-09-26T00:05:06.997Z,SPK,-6.8068,30.7,0.02407,1368.604976
2026-09-26T00:05:06.997Z,PUMP,-7.8408,5.276,0.004183,1368.604976
2026-09-26T00:05:06.997Z,KMNO,-0.5197,56.57,0.04155,1368.604976
2026-09-26T00:05:06.997Z,CHZ,0.3909,23,0.01674,1368.604976
2026-09-26T00:05:06.997Z,PENGU,-0.7793,13.87,0.010214,1368.604976
2026-09-26T00:05:06.997Z,OP,0.4962,199.9,0.14534,1368.604976
2026-09-26T00:05:06.997Z,UMA,-0.9704,558.8,0.4123,1368.604976
2026-09-26T00:05:06.997Z,ZRO,-1.0751,2204,1.6279,1368.604976
2026-09-26T00:05:06.997Z,S,-0.342,56.03,0.04108,1368.604976
2026-09-26T00:05:06.997Z,IMX,-1.7163,216.9,0.16125,1368.604976
2026-09-26T00:05:06.997Z,A,-4.6858,133.2,0.10211,1368.604976
2026-09-26T00:05:06.997Z,ATH,-6.5894,8.04,0.006289,1368.604976
2026-09-26T00:05:06.997Z,COMP,-0.0882,33050,24.17,1368.604976
2026-09-26T00:05:06.997Z,CVX,-6.6345,2654,2.077,1368.604976
2026-09-26T00:05:06.997Z,AXS,-0.6956,1615,1.1883,1368.604976
2026-09-26T00:05:06.997Z,WCT,-1.5452,58.83,0.04366,1368.604976
2026-09-26T00:05:06.997Z,ME,-0.5546,106.2,0.07803,1368.604976
2026-09-26T00:05:06.997Z,ASTER,-0.354,1004,0.7362,1368.604976
2026-09-26T00:05:06.997Z,GMX,0.1784,11270,8.22,1368.604976
2026-09-26T00:05:06.997Z,MORPHO,2.3213,3810,2.7207,1368.604976
2026-09-26T00:05:06.997Z,MON,-3.4047,35.02,0.02649,1368.604976
2026-09-26T00:05:06.997Z,1INCH,-3.2571,136.6,0.10317,1368.604976
2026-09-26T00:05:06.997Z,SKY,-1.1445,103.5,0.0765,1368.604976
2026-09-26T00:05:06.997Z,YGG,-3.5715,36.53,0.02768,1368.604976
2026-09-26T00:05:06.997Z,BIO,-0.2885,45.02,0.03299,1368.604976
2026-09-26T00:05:06.997Z,MOVE,-5.9666,12.54,0.009744,1368.604976
2026-09-26T00:05:06.997Z,GALA,-7.1467,2.75,0.002164,1368.604976
2026-09-26T00:05:06.997Z,ZK,-2.3341,17.14,0.012823,1368.604976
2026-09-26T00:05:06.997Z,ENS,-2.0403,9610,7.168,1368.604976
2026-09-26T00:05:06.997Z,INJ,-0.7309,11040,8.126,1368.604976
2026-09-26T00:05:06.997Z,KAITO,-1.1178,478.8,0.3538,1368.604976
2026-09-26T00:05:06.997Z,LDO,-2.8164,650,0.4887,1368.604976
2026-09-26T00:05:06.997Z,BLUR,-1.9976,28.18,0.02101,1368.604976
2026-09-26T00:05:06.997Z,AUCTION,-3.1144,5170,3.899,1368.604976
2026-09-26T00:05:06.997Z,ZETA,-0.5758,74.35,0.05464,1368.604976
2026-09-26T00:05:06.997Z,WIF,-5.4801,325.6,0.2517,1368.604976
2026-09-26T00:05:06.997Z,KSM,-1.8892,6370,4.744,1368.604976
2026-09-26T00:10:06.976Z,BTC,-0.9908,113871000,84034.9,1368.604976
2026-09-26T00:10:06.976Z,XRP,-0.9655,2122,1.5656,1368.604976
2026-09-26T00:10:06.976Z,SOL,-1.0082,165300,122.01,1368.604976
2026-09-26T00:10:06.976Z,ETH,-0.984,3646000,2690.5,1368.604976
2026-09-26T00:10:06.976Z,FIL,-0.1693,1429,1.0459,1368.604976
2026-09-26T00:10:06.976Z,TRX,-0.8268,457.8,0.33729,1368.604976
2026-09-26T00:10:06.976Z,BNB,-1.2734,1050000,777.1,1368.604976
2026-09-26T00:10:06.976Z,WLD,-1.0007,684.5,0.5052,1368.604976
2026-09-26T00:10:06.976Z,FLOW,-2.1656,41.99,0.03136,1368.604976
2026-09-26T00:10:06.976Z,LINK,-1.8533,18800,13.996,1368.604976
2026-09-26T00:10:06.976Z,DOGE,-1.3646,133.4,0.09882,1368.604976
2026-09-26T00:10:06.976Z,SUI,-0.9416,1611,1.1883,1368.604976
2026-09-26T00:10:06.976Z,XLM,-1.0705,298.1,0.22017,1368.604976
2026-09-26T00:10:06.976Z,BCH,-0.7733,463900,341.6,1368.604976
2026-09-26T00:10:06.976Z,AVAX,-1.0492,14420,10.648,1368.604976
2026-09-26T00:10:06.976Z,ETC,-0.7041,12970,9.544,1368.604976
2026-09-26T00:10:06.976Z,AAVE,-2.7863,204600,153.78,1368.604976
2026-09-26T00:10:06.976Z,ADA,-0.983,349.9,0.2582,1368.604976
2026-09-26T00:10:06.976Z,HYPE,-1.3152,124800,92.403,1368.604976
2026-09-26T00:10:06.976Z,SEI,-1.3056,100.9,0.0747,1368.604976
2026-09-26T00:10:06.976Z,HBAR,-0.9441,129.4,0.09545,1368.604976
2026-09-26T00:10:06.976Z,ARB,-1.5861,306.5,0.22756,1368.604976
2026-09-26T00:10:06.976Z,JTO,-1.2507,776.7,0.5747,1368.604976
2026-09-26T00:10:06.976Z,ONDO,-1.5801,740.3,0.5496,1368.604976
2026-09-26T00:10:06.976Z,QTUM,-2.163,1433,1.0702,1368.604976
2026-09-26T00:10:06.976Z,PYTH,-2.1764,99.26,0.07414,1368.604976
2026-09-26T00:10:06.976Z,APT,-1.9262,1175,0.8754,1368.604976
2026-09-26T00:10:06.976Z,UNI,-1.2198,13050,9.653,1368.604976
2026-09-26T00:10:06.976Z,TIA,-0.7574,672.6,0.4952,1368.604976
2026-09-26T00:10:06.976Z,ALGO,-2.4222,155.3,0.11629,1368.604976
2026-09-26T00:10:06.976Z,NEAR,-1.0779,6730,4.971,1368.604976
2026-09-26T00:10:06.976Z,ZIL,-6.5931,4.9,0.003833,1368.604976
2026-09-26T00:10:06.976Z,SUSHI,-5.2773,347.3,0.2679,1368.604976
2026-09-26T00:10:06.976Z,PENDLE,-2.8902,3413,2.568,1368.604976
2026-09-26T00:10:06.976Z,XTZ,-1.4521,446.7,0.3312,1368.604976
2026-09-26T00:10:06.976Z,W,-2.8803,16.45,0.012376,1368.604976
2026-09-26T00:10:06.976Z,AR,-8.0576,5855,4.653,1368.604976
2026-09-26T00:10:06.976Z,SHIB,-0.7307,0.0081,5.962e-06,1368.604976
2026-09-26T00:10:06.976Z,CELO,-3.4891,126.3,0.09562,1368.604976
2026-09-26T00:10:06.976Z,STX,-2.0528,435.8,0.3251,1368.604976
2026-09-26T00:10:06.976Z,JUP,-0.926,464,0.3422,1368.604976
2026-09-26T00:10:06.976Z,PEPE,-2.382,0.006,4.491e-06,1368.604976
2026-09-26T00:10:06.976Z,DYDX,0.7113,186.2,0.13509,1368.604976
2026-09-26T00:10:06.976Z,KITE,-4.1258,175,0.13337,1368.604976
2026-09-26T00:10:06.976Z,CRV,-4.3578,467.3,0.357,1368.604976
2026-09-26T00:10:06.976Z,ENJ,-0.0675,40.88,0.02989,1368.604976
2026-09-26T00:10:06.976Z,ATOM,-2.9158,2389,1.798,1368.604976
2026-09-26T00:10:06.976Z,ICP,1.1558,4426,3.197,1368.604976
2026-09-26T00:10:06.976Z,SPACE,-0.8375,6.954,0.005124,1368.604976
2026-09-26T00:10:06.976Z,DOT,-0.8453,1645,1.2122,1368.604976
2026-09-26T00:10:06.976Z,ETHFI,-1.3087,972.5,0.72,1368.604976
2026-09-26T00:10:06.976Z,CC,-1.6221,175.8,0.13057,1368.604976
2026-09-26T00:10:06.976Z,SYRUP,-2.6209,296.8,0.2227,1368.604976
2026-09-26T00:10:06.976Z,TAO,-4.1713,416800,317.8,1368.604976
2026-09-26T00:10:06.976Z,GRAM,-1.9917,1953,1.456,1368.604976
2026-09-26T00:10:06.976Z,RAY,1.5166,2860,2.0585,1368.604976
2026-09-26T00:10:06.976Z,RENDER,-1.1269,2636,1.948,1368.604976
2026-09-26T00:10:06.976Z,GRASS,-1.1264,706.5,0.5221,1368.604976
2026-09-26T00:10:06.976Z,MINA,0.1026,192.5,0.14051,1368.604976
2026-09-26T00:10:06.976Z,POL,-1.1419,157.5,0.11641,1368.604976
2026-09-26T00:10:06.976Z,ENA,-2.3928,360,0.26949,1368.604976
2026-09-26T00:10:06.976Z,SAND,-2.5074,60.55,0.04538,1368.604976
2026-09-26T00:10:06.976Z,AERO,-0.606,1153,0.8476,1368.604976
2026-09-26T00:10:06.976Z,KGEN,-1.9617,223,0.1662,1368.604976
2026-09-26T00:10:06.976Z,LIT,-2.5511,6480,4.8587,1368.604976
2026-09-26T00:10:06.976Z,MANA,-5.73,120,0.09301,1368.604976
2026-09-26T00:10:06.976Z,BAND,-7.1507,284.9,0.2242,1368.604976
2026-09-26T00:10:06.976Z,APE,-2.3932,208.7,0.15623,1368.604976
2026-09-26T00:10:06.976Z,GMT,-1.0839,12.1,0.008938,1368.604976
2026-09-26T00:10:06.976Z,VIRTUAL,-2.6749,1062,0.7973,1368.604976
2026-09-26T00:10:06.976Z,LPT,-4.4507,2261,1.729,1368.604976
2026-09-26T00:10:06.976Z,DATA,-1.5016,308.3,0.2287,1368.604976
2026-09-26T00:10:06.976Z,THETA,-7.3235,302,0.2381,1368.604976
2026-09-26T00:10:06.976Z,GRT,-9.3947,35.13,0.02833,1368.604976
2026-09-26T00:10:06.976Z,LAYER,-2.3885,106.9,0.08002,1368.604976
2026-09-26T00:10:06.976Z,NMR,-1.3703,13130,9.727,1368.604976
2026-09-26T00:10:06.976Z,EIGEN,-11.3445,321.9,0.2653,1368.604976
2026-09-26T00:10:06.976Z,BAT,-0.569,125.1,0.09193,1368.604976
2026-09-26T00:10:06.976Z,SPK,-6.6517,30.7,0.02403,1368.604976
2026-09-26T00:10:06.976Z,PUMP,-8.0825,5.276,0.004194,1368.604976
2026-09-26T00:10:06.976Z,KMNO,-0.2075,56.57,0.04142,1368.604976
2026-09-26T00:10:06.976Z,CHZ,-1.0396,22.74,0.01679,1368.604976
2026-09-26T00:10:06.976Z,PENGU,-1.665,13.87,0.010306,1368.604976
2026-09-26T00:10:06.976Z,OP,0.5238,199.9,0.1453,1368.604976
2026-09-26T00:10:06.976Z,UMA,-1.21,558.8,0.4133,1368.604976
2026-09-26T00:10:06.976Z,ZRO,-1.5348,2204,1.6355,1368.604976
2026-09-26T00:10:06.976Z,S,-0.8249,56.03,0.04128,1368.604976
2026-09-26T00:10:06.976Z,IMX,-1.9595,216.9,0.16165,1368.604976
2026-09-26T00:10:06.976Z,A,-4.7044,133.2,0.10213,1368.604976
2026-09-26T00:10:06.976Z,ATH,-6.6042,8.04,0.00629,1368.604976
2026-09-26T00:10:06.976Z,COMP,-0.1708,33050,24.19,1368.604976
2026-09-26T00:10:06.976Z,CVX,-6.364,2654,2.071,1368.604976
2026-09-26T00:10:06.976Z,AXS,-0.8708,1615,1.1904,1368.604976
2026-09-26T00:10:06.976Z,WCT,-1.7028,58.83,0.04373,1368.604976
2026-09-26T00:10:06.976Z,ME,-0.6691,106.2,0.07812,1368.604976
2026-09-26T00:10:06.976Z,ASTER,-0.6644,1004,0.7385,1368.604976
2026-09-26T00:10:06.976Z,GMX,0.0931,11270,8.227,1368.604976
2026-09-26T00:10:06.976Z,MORPHO,1.9616,3810,2.7303,1368.604976
2026-09-26T00:10:06.976Z,MON,-3.8764,35.02,0.02662,1368.604976
2026-09-26T00:10:06.976Z,1INCH,-3.332,136.6,0.10325,1368.604976
2026-09-26T00:10:06.976Z,SKY,-1.5435,103.5,0.07681,1368.604976
2026-09-26T00:10:06.976Z,YGG,-3.7106,36.53,0.02772,1368.604976
2026-09-26T00:10:06.976Z,BIO,-0.1372,45.02,0.03294,1368.604976
2026-09-26T00:10:06.976Z,MOVE,-6.4562,12.54,0.009795,1368.604976
2026-09-26T00:10:06.976Z,GALA,-7.9127,2.75,0.002182,1368.604976
2026-09-26T00:10:06.976Z,ZK,-2.7889,17.14,0.012883,1368.604976
2026-09-26T00:10:06.976Z,ENS,-2.3672,9610,7.192,1368.604976
2026-09-26T00:10:06.976Z,INJ,-1.2776,11040,8.171,1368.604976
2026-09-26T00:10:06.976Z,KAITO,-1.646,478.8,0.3557,1368.604976
2026-09-26T00:10:06.976Z,LDO,-3.2125,650,0.4907,1368.604976
2026-09-26T00:10:06.976Z,BLUR,-2.6463,28.18,0.02115,1368.604976
2026-09-26T00:10:06.976Z,AUCTION,-3.0896,5170,3.898,1368.604976
2026-09-26T00:10:06.976Z,ZETA,-0.7755,74.35,0.05475,1368.604976
2026-09-26T00:10:06.976Z,WIF,-6.2253,325.6,0.2537,1368.604976
2026-09-26T00:10:06.976Z,KSM,-2.075,6370,4.753,1368.604976
2026-09-26T00:15:06.804Z,BTC,-0.9317,113945000,84039.3,1368.604976
2026-09-26T00:15:06.804Z,XRP,-0.8682,2123,1.5648,1368.604976
2026-09-26T00:15:06.804Z,SOL,-0.8833,165400,121.93,1368.604976
2026-09-26T00:15:06.804Z,ETH,-0.9626,3646000,2689.92,1368.604976
2026-09-26T00:15:06.804Z,FIL,-0.0929,1429,1.0451,1368.604976
2026-09-26T00:15:06.804Z,TRX,-0.9256,457.9,0.3377,1368.604976
2026-09-26T00:15:06.804Z,BNB,-1.2734,1050000,777.1,1368.604976
2026-09-26T00:15:06.804Z,WLD,-1.0439,688.4,0.5083,1368.604976
2026-09-26T00:15:06.804Z,FLOW,-2.3524,41.99,0.03142,1368.604976
2026-09-26T00:15:06.804Z,LINK,-1.7971,18800,13.988,1368.604976
2026-09-26T00:15:06.804Z,DOGE,-0.9711,134,0.09887,1368.604976
2026-09-26T00:15:06.804Z,SUI,-0.8498,1611,1.1872,1368.604976
2026-09-26T00:15:06.804Z,XLM,-0.8544,298.1,0.21969,1368.604976
2026-09-26T00:15:06.804Z,BCH,-1.4001,460700,341.4,1368.604976
2026-09-26T00:15:06.804Z,AVAX,-0.7229,14420,10.613,1368.604976
2026-09-26T00:15:06.804Z,ETC,-0.0548,12970,9.482,1368.604976
2026-09-26T00:15:06.804Z,AAVE,-2.6153,204600,153.51,1368.604976
2026-09-26T00:15:06.804Z,ADA,-0.9063,349.9,0.258,1368.604976
2026-09-26T00:15:06.804Z,HYPE,-1.0221,125000,92.277,1368.604976
2026-09-26T00:15:06.804Z,SEI,-0.7609,100.9,0.07429,1368.604976
2026-09-26T00:15:06.804Z,HBAR,-0.7882,129.4,0.0953,1368.604976
2026-09-26T00:15:06.804Z,ARB,-1.3694,306.5,0.22706,1368.604976
2026-09-26T00:15:06.804Z,JTO,-1.3022,776.7,0.575,1368.604976
2026-09-26T00:15:06.804Z,ONDO,-1.5027,742.5,0.5508,1368.604976
2026-09-26T00:15:06.804Z,QTUM,-2.1996,1433,1.0706,1368.604976
2026-09-26T00:15:06.804Z,PYTH,-1.9251,99.26,0.07395,1368.604976
2026-09-26T00:15:06.804Z,APT,-1.4081,1175,0.8708,1368.604976
2026-09-26T00:15:06.804Z,UNI,-1.1748,13060,9.656,1368.604976
2026-09-26T00:15:06.804Z,TIA,-0.5968,672.6,0.4944,1368.604976
2026-09-26T00:15:06.804Z,ALGO,-2.0516,155.3,0.11585,1368.604976
2026-09-26T00:15:06.804Z,NEAR,-0.4572,6730,4.94,1368.604976
2026-09-26T00:15:06.804Z,ZIL,-6.739,4.9,0.003839,1368.604976
2026-09-26T00:15:06.804Z,SUSHI,-5.2066,347.3,0.2677,1368.604976
2026-09-26T00:15:06.804Z,PENDLE,-2.7007,3413,2.563,1368.604976
2026-09-26T00:15:06.804Z,XTZ,-1.4223,446.7,0.3311,1368.604976
2026-09-26T00:15:06.804Z,W,-2.9665,16.45,0.012387,1368.604976
2026-09-26T00:15:06.804Z,AR,-7.6607,5855,4.633,1368.604976
2026-09-26T00:15:06.804Z,SHIB,-0.6974,0.0081,5.96e-06,1368.604976
2026-09-26T00:15:06.804Z,CELO,-4.1407,126.3,0.09627,1368.604976
2026-09-26T00:15:06.804Z,STX,-1.9623,435.8,0.3248,1368.604976
2026-09-26T00:15:06.804Z,JUP,-0.6356,464,0.3412,1368.604976
2026-09-26T00:15:06.804Z,PEPE,-2.3385,0.006,4.489e-06,1368.604976
2026-09-26T00:15:06.804Z,DYDX,0.4585,186.2,0.13543,1368.604976
2026-09-26T00:15:06.804Z,KITE,-4.2192,175,0.1335,1368.604976
2026-09-26T00:15:06.804Z,CRV,-4.1968,467.3,0.3564,1368.604976
2026-09-26T00:15:06.804Z,ENJ,-0.0006,40.88,0.02987,1368.604976
2026-09-26T00:15:06.804Z,ATOM,-2.7536,2389,1.795,1368.604976
2026-09-26T00:15:06.804Z,ICP,1.4095,4426,3.189,1368.604976
2026-09-26T00:15:06.804Z,SPACE,-0.8955,6.954,0.005127,1368.604976
2026-09-26T00:15:06.804Z,DOT,-0.1489,1653,1.2096,1368.604976
2026-09-26T00:15:06.804Z,ETHFI,-0.951,972.5,0.7174,1368.604976
2026-09-26T00:15:06.804Z,CC,-1.6297,175.8,0.13058,1368.604976
2026-09-26T00:15:06.804Z,SYRUP,-2.3579,296.8,0.2221,1368.604976
2026-09-26T00:15:06.804Z,TAO,-3.9597,416800,317.1,1368.604976
2026-09-26T00:15:06.804Z,GRAM,-1.8569,1953,1.454,1368.604976
2026-09-26T00:15:06.804Z,RAY,1.9972,2860,2.0488,1368.604976
2026-09-26T00:15:06.804Z,RENDER,-0.8214,2636,1.942,1368.604976
2026-09-26T00:15:06.804Z,GRASS,-0.9937,706.5,0.5214,1368.604976
2026-09-26T00:15:06.804Z,MINA,-0.323,192.5,0.14111,1368.604976
2026-09-26T00:15:06.804Z,POL,-1.0471,157.8,0.11652,1368.604976
2026-09-26T00:15:06.804Z,ENA,-3.3291,360,0.2721,1368.604976
2026-09-26T00:15:06.804Z,SAND,-2.4429,60.55,0.04535,1368.604976
2026-09-26T00:15:06.804Z,AERO,-0.6294,1153,0.8478,1368.604976
2026-09-26T00:15:06.804Z,KGEN,-1.8436,223,0.166,1368.604976
2026-09-26T00:15:06.804Z,LIT,-2.4226,6480,4.8523,1368.604976
2026-09-26T00:15:06.804Z,MANA,-5.6285,120,0.09291,1368.604976
2026-09-26T00:15:06.804Z,BAND,-7.2334,284.9,0.2244,1368.604976
2026-09-26T00:15:06.804Z,APE,-2.5118,208.7,0.15642,1368.604976
2026-09-26T00:15:06.804Z,GMT,-0.9953,12.1,0.00893,1368.604976
2026-09-26T00:15:06.804Z,VIRTUAL,-2.882,1062,0.799,1368.604976
2026-09-26T00:15:06.804Z,LPT,-4.836,2261,1.736,1368.604976
2026-09-26T00:15:06.804Z,DATA,-1.1558,308.3,0.2279,1368.604976
2026-09-26T00:15:06.804Z,THETA,-7.0894,302,0.2375,1368.604976
2026-09-26T00:15:06.804Z,GRT,-9.1381,35.13,0.02825,1368.604976
2026-09-26T00:15:06.804Z,LAYER,-2.4007,106.9,0.08003,1368.604976
2026-09-26T00:15:06.804Z,NMR,-1.3703,13130,9.727,1368.604976
2026-09-26T00:15:06.804Z,EIGEN,-10.705,321.9,0.2634,1368.604976
2026-09-26T00:15:06.804Z,BAT,-0.774,125.1,0.09212,1368.604976
2026-09-26T00:15:06.804Z,SPK,-6.6905,30.7,0.02404,1368.604976
2026-09-26T00:15:06.804Z,PUMP,-7.9728,5.276,0.004189,1368.604976
2026-09-26T00:15:06.804Z,KMNO,-0.3278,56.57,0.04147,1368.604976
2026-09-26T00:15:06.804Z,CHZ,-0.8624,22.74,0.01676,1368.604976
2026-09-26T00:15:06.804Z,PENGU,-0.495,14.05,0.010317,1368.604976
2026-09-26T00:15:06.804Z,OP,0.51,199.9,0.14532,1368.604976
2026-09-26T00:15:06.804Z,UMA,-1.1383,558.8,0.413,1368.604976
2026-09-26T00:15:06.804Z,ZRO,-1.1965,2204,1.6299,1368.604976
2026-09-26T00:15:06.804Z,S,-0.8489,56.03,0.04129,1368.604976
2026-09-26T00:15:06.804Z,IMX,-1.6003,216.9,0.16106,1368.604976
2026-09-26T00:15:06.804Z,A,-4.4987,133.2,0.10191,1368.604976
2026-09-26T00:15:06.804Z,ATH,-6.6487,8.04,0.006293,1368.604976
2026-09-26T00:15:06.804Z,COMP,-0.0882,33050,24.17,1368.604976
2026-09-26T00:15:06.804Z,CVX,-6.7243,2654,2.079,1368.604976
2026-09-26T00:15:06.804Z,AXS,-1.8111,1615,1.2018,1368.604976
2026-09-26T00:15:06.804Z,WCT,-1.9718,58.83,0.04385,1368.604976
2026-09-26T00:15:06.804Z,ME,-0.8848,106.2,0.07829,1368.604976
2026-09-26T00:15:06.804Z,ASTER,-0.8523,1004,0.7399,1368.604976
2026-09-26T00:15:06.804Z,GMX,0.0202,11270,8.233,1368.604976
2026-09-26T00:15:06.804Z,MORPHO,2.1599,3810,2.725,1368.604976
2026-09-26T00:15:06.804Z,MON,-3.8764,35.02,0.02662,1368.604976
2026-09-26T00:15:06.804Z,1INCH,-3.2852,136.6,0.1032,1368.604976
2026-09-26T00:15:06.804Z,SKY,-1.4537,103.5,0.07674,1368.604976
2026-09-26T00:15:06.804Z,YGG,-3.6759,36.53,0.02771,1368.604976
2026-09-26T00:15:06.804Z,BIO,-0.1675,45.02,0.03295,1368.604976
2026-09-26T00:15:06.804Z,MOVE,-6.8556,12.54,0.009837,1368.604976
2026-09-26T00:15:06.804Z,GALA,-7.7012,2.75,0.002177,1368.604976
2026-09-26T00:15:06.804Z,ZK,-2.6832,17.14,0.012869,1368.604976
2026-09-26T00:15:06.804Z,ENS,-1.9993,9610,7.165,1368.604976
2026-09-26T00:15:06.804Z,INJ,-1.3983,11040,8.181,1368.604976
2026-09-26T00:15:06.804Z,KAITO,-1.6736,478.8,0.3558,1368.604976
2026-09-26T00:15:06.804Z,LDO,-2.9752,650,0.4895,1368.604976
2026-09-26T00:15:06.804Z,BLUR,-2.8301,28.18,0.02119,1368.604976
2026-09-26T00:15:06.804Z,AUCTION,-3.0896,5170,3.898,1368.604976
2026-09-26T00:15:06.804Z,ZETA,-1.0106,74.35,0.05488,1368.604976
2026-09-26T00:15:06.804Z,WIF,-5.8542,325.6,0.2527,1368.604976
2026-09-26T00:15:06.804Z,KSM,-2.0544,6370,4.752,1368.604976
2026-09-26T00:20:07.140Z,BTC,-0.9057,113916000,83995.9,1368.604976
2026-09-26T00:20:07.140Z,XRP,-0.9576,2120,1.564,1368.604976
2026-09-26T00:20:07.140Z,SOL,-0.8996,165400,121.95,1368.604976
2026-09-26T00:20:07.140Z,ETH,-0.8456,3648000,2688.22,1368.604976
2026-09-26T00:20:07.140Z,FIL,-0.2075,1429,1.0463,1368.604976
2026-09-26T00:20:07.140Z,TRX,-0.9285,457.9,0.33771,1368.604976
2026-09-26T00:20:07.140Z,BNB,-1.248,1050000,776.9,1368.604976
2026-09-26T00:20:07.140Z,WLD,-1.4135,683.4,0.5065,1368.604976
2026-09-26T00:20:07.140Z,FLOW,-2.2986,42.08,0.03147,1368.604976
2026-09-26T00:20:07.140Z,LINK,-0.9853,18950,13.984,1368.604976
2026-09-26T00:20:07.140Z,DOGE,-1.0011,134,0.0989,1368.604976
2026-09-26T00:20:07.140Z,SUI,-0.6741,1611,1.1851,1368.604976
2026-09-26T00:20:07.140Z,XLM,-0.9034,297.6,0.21943,1368.604976
2026-09-26T00:20:07.140Z,BCH,-1.1395,460700,340.5,1368.604976
2026-09-26T00:20:07.140Z,AVAX,-0.5167,14420,10.591,1368.604976
2026-09-26T00:20:07.140Z,ETC,0.0255,12990,9.489,1368.604976
2026-09-26T00:20:07.140Z,AAVE,-2.7736,204600,153.76,1368.604976
2026-09-26T00:20:07.140Z,ADA,-0.8679,349.9,0.2579,1368.604976
2026-09-26T00:20:07.140Z,HYPE,-0.977,125000,92.235,1368.604976
2026-09-26T00:20:07.140Z,SEI,-0.5601,100.9,0.07414,1368.604976
2026-09-26T00:20:07.140Z,HBAR,-0.7361,129.4,0.09525,1368.604976
2026-09-26T00:20:07.140Z,ARB,-0.7162,308,0.22667,1368.604976
2026-09-26T00:20:07.140Z,JTO,-0.9046,780.1,0.5752,1368.604976
2026-09-26T00:20:07.140Z,ONDO,-1.2835,747.8,0.5535,1368.604976
2026-09-26T00:20:07.140Z,QTUM,-2.044,1433,1.0689,1368.604976
2026-09-26T00:20:07.140Z,PYTH,-1.9383,99.26,0.07396,1368.604976
2026-09-26T00:20:07.140Z,APT,-1.3854,1175,0.8706,1368.604976
2026-09-26T00:20:07.140Z,UNI,-1.0313,13060,9.642,1368.604976
2026-09-26T00:20:07.140Z,TIA,-0.7173,672.6,0.495,1368.604976
2026-09-26T00:20:07.140Z,ALGO,-0.9451,157.8,0.1164,1368.604976
2026-09-26T00:20:07.140Z,NEAR,-0.4168,6730,4.938,1368.604976
2026-09-26T00:20:07.140Z,ZIL,-6.5199,4.9,0.00383,1368.604976
2026-09-26T00:20:07.140Z,SUSHI,-5.2773,347.3,0.2679,1368.604976
2026-09-26T00:20:07.140Z,PENDLE,-2.4343,3413,2.556,1368.604976
2026-09-26T00:20:07.140Z,XTZ,-1.4521,446.7,0.3312,1368.604976
2026-09-26T00:20:07.140Z,W,-3.1854,16.45,0.012415,1368.604976
2026-09-26T00:20:07.140Z,AR,-7.6607,5855,4.633,1368.604976
2026-09-26T00:20:07.140Z,SHIB,-0.7973,0.0081,5.966e-06,1368.604976
2026-09-26T00:20:07.140Z,CELO,-4.0909,126.3,0.09622,1368.604976
2026-09-26T00:20:07.140Z,STX,-2.4728,435.8,0.3265,1368.604976
2026-09-26T00:20:07.140Z,JUP,-0.4898,464,0.3407,1368.604976
2026-09-26T00:20:07.140Z,PEPE,-2.2514,0.006,4.485e-06,1368.604976
2026-09-26T00:20:07.140Z,DYDX,0.3844,186.2,0.13553,1368.604976
2026-09-26T00:20:07.140Z,KITE,-4.6477,175,0.1341,1368.604976
2026-09-26T00:20:07.140Z,CRV,-3.9813,467.3,0.3556,1368.604976
2026-09-26T00:20:07.140Z,ENJ,0.0664,40.88,0.02985,1368.604976
2026-09-26T00:20:07.140Z,ATOM,-2.6994,2389,1.794,1368.604976
2026-09-26T00:20:07.140Z,ICP,1.2191,4426,3.195,1368.604976
2026-09-26T00:20:07.140Z,SPACE,-0.7988,6.954,0.005122,1368.604976
2026-09-26T00:20:07.140Z,DOT,-0.1901,1653,1.2101,1368.604976
2026-09-26T00:20:07.140Z,ETHFI,-0.9096,972.5,0.7171,1368.604976
2026-09-26T00:20:07.140Z,CC,-1.7501,175.8,0.13074,1368.604976
2026-09-26T00:20:07.140Z,SYRUP,-2.6646,296.8,0.2228,1368.604976
2026-09-26T00:20:07.140Z,TAO,-3.6864,416800,316.2,1368.604976
2026-09-26T00:20:07.140Z,GRAM,-1.8569,1953,1.454,1368.604976
2026-09-26T00:20:07.140Z,RAY,1.7241,2860,2.0543,1368.604976
2026-09-26T00:20:07.140Z,RENDER,-0.7703,2636,1.941,1368.604976
2026-09-26T00:20:07.140Z,GRASS,-1.4096,706.5,0.5236,1368.604976
2026-09-26T00:20:07.140Z,MINA,-0.224,192.5,0.14097,1368.604976
2026-09-26T00:20:07.140Z,POL,-1.132,157.8,0.11662,1368.604976
2026-09-26T00:20:07.140Z,ENA,-0.6591,369.1,0.27148,1368.604976
2026-09-26T00:20:07.140Z,SAND,-2.5504,60.55,0.0454,1368.604976
2026-09-26T00:20:07.140Z,AERO,-0.3473,1153,0.8454,1368.604976
2026-09-26T00:20:07.140Z,KGEN,-1.8436,223,0.166,1368.604976
2026-09-26T00:20:07.140Z,LIT,-2.2332,6480,4.8429,1368.604976
2026-09-26T00:20:07.140Z,MANA,-5.7097,120,0.09299,1368.604976
2026-09-26T00:20:07.140Z,BAND,-7.2748,284.9,0.2245,1368.604976
2026-09-26T00:20:07.140Z,APE,-2.599,208.7,0.15656,1368.604976
2026-09-26T00:20:07.140Z,GMT,-1.0618,12.1,0.008936,1368.604976
2026-09-26T00:20:07.140Z,VIRTUAL,-2.9549,1062,0.7996,1368.604976
2026-09-26T00:20:07.140Z,LPT,-4.4507,2261,1.729,1368.604976
2026-09-26T00:20:07.140Z,DATA,-1.6306,308.3,0.229,1368.604976
2026-09-26T00:20:07.140Z,THETA,-7.0503,302,0.2374,1368.604976
2026-09-26T00:20:07.140Z,GRT,-9.0093,35.13,0.02821,1368.604976
2026-09-26T00:20:07.140Z,LAYER,-2.3397,106.9,0.07998,1368.604976
2026-09-26T00:20:07.140Z,NMR,-1.3297,13130,9.723,1368.604976
2026-09-26T00:20:07.140Z,EIGEN,-10.5692,321.9,0.263,1368.604976
2026-09-26T00:20:07.140Z,BAT,-0.8601,125.1,0.0922,1368.604976
2026-09-26T00:20:07.140Z,SPK,-6.6517,30.7,0.02403,1368.604976
2026-09-26T00:20:07.140Z,PUMP,-7.8408,5.276,0.004183,1368.604976
2026-09-26T00:20:07.140Z,KMNO,-0.2075,56.57,0.04142,1368.604976
2026-09-26T00:20:07.140Z,CHZ,-1.2161,22.74,0.01682,1368.604976
2026-09-26T00:20:07.140Z,PENGU,-0.3695,14.05,0.010304,1368.604976
2026-09-26T00:20:07.140Z,OP,0.4064,199.9,0.14547,1368.604976
2026-09-26T00:20:07.140Z,UMA,-1.3532,558.8,0.4139,1368.604976
2026-09-26T00:20:07.140Z,ZRO,-0.7825,2204,1.6231,1368.604976
2026-09-26T00:20:07.140Z,S,-0.7768,56.03,0.04126,1368.604976
2026-09-26T00:20:07.140Z,IMX,-2.0503,216.9,0.1618,1368.604976
2026-09-26T00:20:07.140Z,A,-5.0854,133.2,0.10254,1368.604976
2026-09-26T00:20:07.140Z,ATH,-6.4406,8.04,0.006279,1368.604976
2026-09-26T00:20:07.140Z,COMP,-0.0055,33050,24.15,1368.604976
2026-09-26T00:20:07.140Z,CVX,-6.7243,2654,2.079,1368.604976
2026-09-26T00:20:07.140Z,AXS,-2.7658,1615,1.2136,1368.604976
2026-09-26T00:20:07.140Z,WCT,-1.9941,58.83,0.04386,1368.604976
2026-09-26T00:20:07.140Z,ME,-0.8975,106.2,0.0783,1368.604976
2026-09-26T00:20:07.140Z,ASTER,-0.7181,1004,0.7389,1368.604976
2026-09-26T00:20:07.140Z,GMX,0.081,11270,8.228,1368.604976
2026-09-26T00:20:07.140Z,MORPHO,2.0737,3810,2.7273,1368.604976
2026-09-26T00:20:07.140Z,MON,-3.6593,35.02,0.02656,1368.604976
2026-09-26T00:20:07.140Z,1INCH,-3.0127,136.6,0.10291,1368.604976
2026-09-26T00:20:07.140Z,SKY,-1.5819,103.5,0.07684,1368.604976
2026-09-26T00:20:07.140Z,YGG,-3.6411,36.53,0.0277,1368.604976
2026-09-26T00:20:07.140Z,BIO,-0.2281,45.02,0.03297,1368.604976
2026-09-26T00:20:07.140Z,MOVE,-6.7323,12.54,0.009824,1368.604976
2026-09-26T00:20:07.140Z,GALA,-7.8705,2.75,0.002181,1368.604976
2026-09-26T00:20:07.140Z,ZK,-2.4938,17.14,0.012844,1368.604976
2026-09-26T00:20:07.140Z,ENS,-1.8761,9610,7.156,1368.604976
2026-09-26T00:20:07.140Z,INJ,-1.0839,11040,8.155,1368.604976
2026-09-26T00:20:07.140Z,KAITO,-1.7289,478.8,0.356,1368.604976
2026-09-26T00:20:07.140Z,LDO,-2.9157,650,0.4892,1368.604976
2026-09-26T00:20:07.140Z,BLUR,-2.508,28.18,0.02112,1368.604976
2026-09-26T00:20:07.140Z,AUCTION,-3.1144,5170,3.899,1368.604976
2026-09-26T00:20:07.140Z,ZETA,-0.7393,74.35,0.05473,1368.604976
2026-09-26T00:20:07.140Z,WIF,-6.2991,325.6,0.2539,1368.604976
2026-09-26T00:20:07.140Z,KSM,-2.0544,6370,4.752,1368.604976
2026-09-26T00:25:06.950Z,BTC,-0.9368,113901000,84011.2,1368.604976
2026-09-26T00:25:06.950Z,XRP,-0.9671,2124,1.5671,1368.604976
2026-09-26T00:25:06.950Z,SOL,-1.0637,165600,122.3,1368.604976
2026-09-26T00:25:06.950Z,ETH,-0.8927,3647000,2688.76,1368.604976
2026-09-26T00:25:06.950Z,FIL,-0.3218,1429,1.0475,1368.604976
2026-09-26T00:25:06.950Z,TRX,-0.8519,458.2,0.33767,1368.604976
2026-09-26T00:25:06.950Z,BNB,-1.2734,1050000,777.1,1368.604976
2026-09-26T00:25:06.950Z,WLD,-0.95,691.9,0.5104,1368.604976
2026-09-26T00:25:06.950Z,FLOW,-2.1742,42.08,0.03143,1368.604976
2026-09-26T00:25:06.950Z,LINK,-0.8364,18950,13.963,1368.604976
2026-09-26T00:25:06.950Z,DOGE,-1.2208,134,0.09912,1368.604976
2026-09-26T00:25:06.950Z,SUI,-1.2243,1616,1.1954,1368.604976
2026-09-26T00:25:06.950Z,XLM,-0.9727,298.3,0.2201,1368.604976
2026-09-26T00:25:06.950Z,BCH,-1.6593,460700,342.3,1368.604976
2026-09-26T00:25:06.950Z,AVAX,-0.8444,14420,10.626,1368.604976
2026-09-26T00:25:06.950Z,ETC,-0.2793,12990,9.518,1368.604976
2026-09-26T00:25:06.950Z,AAVE,-3.2456,204600,154.51,1368.604976
2026-09-26T00:25:06.950Z,ADA,-1.0697,350,0.2585,1368.604976
2026-09-26T00:25:06.950Z,HYPE,-1.0585,125000,92.311,1368.604976
2026-09-26T00:25:06.950Z,SEI,-2.053,100.9,0.07527,1368.604976
2026-09-26T00:25:06.950Z,HBAR,-0.9688,129.3,0.0954,1368.604976
2026-09-26T00:25:06.950Z,ARB,-0.5363,308,0.22626,1368.604976
2026-09-26T00:25:06.950Z,JTO,-1.3506,780.1,0.5778,1368.604976
2026-09-26T00:25:06.950Z,ONDO,-1.0374,749.8,0.5536,1368.604976
2026-09-26T00:25:06.950Z,QTUM,-1.2495,1433,1.0603,1368.604976
2026-09-26T00:25:06.950Z,PYTH,-2.0311,99.26,0.07403,1368.604976
2026-09-26T00:25:06.950Z,APT,-1.2493,1175,0.8694,1368.604976
2026-09-26T00:25:06.950Z,UNI,-1.0518,13060,9.644,1368.604976
2026-09-26T00:25:06.950Z,TIA,-1.077,672.6,0.4968,1368.604976
2026-09-26T00:25:06.950Z,ALGO,-0.9791,157.8,0.11644,1368.604976
2026-09-26T00:25:06.950Z,NEAR,-0.5578,6730,4.945,1368.604976
2026-09-26T00:25:06.950Z,ZIL,-6.2015,4.9,0.003817,1368.604976
2026-09-26T00:25:06.950Z,SUSHI,-5.5593,347.3,0.2687,1368.604976
2026-09-26T00:25:06.950Z,PENDLE,-2.3579,3413,2.554,1368.604976
2026-09-26T00:25:06.950Z,XTZ,-1.8374,446.7,0.3325,1368.604976
2026-09-26T00:25:06.950Z,W,-3.2788,16.45,0.012427,1368.604976
2026-09-26T00:25:06.950Z,AR,-7.7205,5855,4.636,1368.604976
2026-09-26T00:25:06.950Z,SHIB,-0.9301,0.0081,5.974e-06,1368.604976
2026-09-26T00:25:06.950Z,CELO,-4.5275,126.3,0.09666,1368.604976
2026-09-26T00:25:06.950Z,STX,-1.1694,444.6,0.3287,1368.604976
2026-09-26T00:25:06.950Z,JUP,-0.81,464,0.3418,1368.604976
2026-09-26T00:25:06.950Z,PEPE,-2.5339,0.006,4.498e-06,1368.604976
2026-09-26T00:25:06.950Z,DYDX,0.0963,186.2,0.13592,1368.604976
2026-09-26T00:25:06.950Z,KITE,-4.3553,175,0.13369,1368.604976
2026-09-26T00:25:06.950Z,CRV,-3.819,467.3,0.355,1368.604976
2026-09-26T00:25:06.950Z,ENJ,-0.201,40.88,0.02993,1368.604976
2026-09-26T00:25:06.950Z,ATOM,-3.0237,2389,1.8,1368.604976
2026-09-26T00:25:06.950Z,ICP,1.1874,4426,3.196,1368.604976
2026-09-26T00:25:06.950Z,SPACE,-1.2998,6.954,0.005148,1368.604976
2026-09-26T00:25:06.950Z,DOT,-0.3877,1653,1.2125,1368.604976
2026-09-26T00:25:06.950Z,ETHFI,-1.02,972.5,0.7179,1368.604976
2026-09-26T00:25:06.950Z,CC,-2.2287,175.8,0.13138,1368.604976
2026-09-26T00:25:06.950Z,SYRUP,-2.7083,296.8,0.2229,1368.604976
2026-09-26T00:25:06.950Z,TAO,-3.5644,416800,315.8,1368.604976
2026-09-26T00:25:06.950Z,GRAM,-2.059,1953,1.457,1368.604976
2026-09-26T00:25:06.950Z,RAY,1.3001,2860,2.0629,1368.604976
2026-09-26T00:25:06.950Z,RENDER,-0.9234,2636,1.944,1368.604976
2026-09-26T00:25:06.950Z,GRASS,-1.3343,706.5,0.5232,1368.604976
2026-09-26T00:25:06.950Z,MINA,-0.7381,192.5,0.1417,1368.604976
2026-09-26T00:25:06.950Z,POL,-1.5204,157.8,0.11708,1368.604976
2026-09-26T00:25:06.950Z,ENA,-1.1832,369.1,0.27292,1368.604976
2026-09-26T00:25:06.950Z,SAND,-2.4859,60.55,0.04537,1368.604976
2026-09-26T00:25:06.950Z,AERO,-0.7582,1153,0.8489,1368.604976
2026-09-26T00:25:06.950Z,KGEN,-1.8436,223,0.166,1368.604976
2026-09-26T00:25:06.950Z,LIT,-2.118,6480,4.8372,1368.604976
2026-09-26T00:25:06.950Z,MANA,-5.8211,120,0.0931,1368.604976
2026-09-26T00:25:06.950Z,BAND,-7.316,284.9,0.2246,1368.604976
2026-09-26T00:25:06.950Z,APE,-2.9832,208.7,0.15718,1368.604976
2026-09-26T00:25:06.950Z,GMT,-1.1171,12.1,0.008941,1368.604976
2026-09-26T00:25:06.950Z,VIRTUAL,-3.3056,1062,0.8025,1368.604976
2026-09-26T00:25:06.950Z,LPT,-4.3401,2261,1.727,1368.604976
2026-09-26T00:25:06.950Z,DATA,-0.8513,308.3,0.2272,1368.604976
2026-09-26T00:25:06.950Z,THETA,-7.3235,302,0.2381,1368.604976
2026-09-26T00:25:06.950Z,GRT,-8.9448,35.13,0.02819,1368.604976
2026-09-26T00:25:06.950Z,LAYER,-3.0067,106.9,0.08053,1368.604976
2026-09-26T00:25:06.950Z,NMR,-1.2993,13130,9.72,1368.604976
2026-09-26T00:25:06.950Z,EIGEN,-10.6372,321.9,0.2632,1368.604976
2026-09-26T00:25:06.950Z,BAT,-1.6707,125.1,0.09296,1368.604976
2026-09-26T00:25:06.950Z,SPK,-6.7293,30.7,0.02405,1368.604976
2026-09-26T00:25:06.950Z,PUMP,-8.3229,5.276,0.004205,1368.604976
2026-09-26T00:25:06.950Z,KMNO,-0.2556,56.57,0.04144,1368.604976
2026-09-26T00:25:06.950Z,CHZ,-0.9215,22.74,0.01677,1368.604976
2026-09-26T00:25:06.950Z,PENGU,-1.705,14.05,0.010444,1368.604976
2026-09-26T00:25:06.950Z,OP,-0.0198,199.9,0.14609,1368.604976
2026-09-26T00:25:06.950Z,UMA,-1.6384,558.8,0.4151,1368.604976
2026-09-26T00:25:06.950Z,ZRO,-0.7275,2204,1.6222,1368.604976
2026-09-26T00:25:06.950Z,S,-1.2792,56.03,0.04147,1368.604976
2026-09-26T00:25:06.950Z,IMX,-2.4302,216.9,0.16243,1368.604976
2026-09-26T00:25:06.950Z,A,-5.1502,133.2,0.10261,1368.604976
2026-09-26T00:25:06.950Z,ATH,-6.6636,8.04,0.006294,1368.604976
2026-09-26T00:25:06.950Z,COMP,-0.2533,33050,24.21,1368.604976
2026-09-26T00:25:06.950Z,CVX,-6.6795,2654,2.078,1368.604976
2026-09-26T00:25:06.950Z,AXS,-1.958,1615,1.2036,1368.604976
2026-09-26T00:25:06.950Z,WCT,-2.0611,58.83,0.04389,1368.604976
2026-09-26T00:25:06.950Z,ME,-0.986,106.2,0.07837,1368.604976
2026-09-26T00:25:06.950Z,ASTER,-0.7853,1004,0.7394,1368.604976
2026-09-26T00:25:06.950Z,GMX,-0.0405,11270,8.238,1368.604976
2026-09-26T00:25:06.950Z,MORPHO,2.1561,3810,2.7251,1368.604976
2026-09-26T00:25:06.950Z,MON,-3.8764,35.02,0.02662,1368.604976
2026-09-26T00:25:06.950Z,1INCH,-3.2383,136.6,0.10315,1368.604976
2026-09-26T00:25:06.950Z,SKY,-1.6203,103.5,0.07687,1368.604976
2026-09-26T00:25:06.950Z,YGG,-3.8147,36.53,0.02775,1368.604976
2026-09-26T00:25:06.950Z,BIO,-0.2885,45.02,0.03299,1368.604976
2026-09-26T00:25:06.950Z,MOVE,-7.1764,12.54,0.009871,1368.604976
2026-09-26T00:25:06.950Z,GALA,-7.8282,2.75,0.00218,1368.604976
2026-09-26T00:25:06.950Z,ZK,-2.7285,17.14,0.012875,1368.604976
2026-09-26T00:25:06.950Z,ENS,-2.0677,9610,7.17,1368.604976
2026-09-26T00:25:06.950Z,INJ,-1.3259,11040,8.175,1368.604976
2026-09-26T00:25:06.950Z,KAITO,-2.2232,478.8,0.3578,1368.604976
2026-09-26T00:25:06.950Z,LDO,-2.7169,650,0.4882,1368.604976
2026-09-26T00:25:06.950Z,BLUR,-2.4156,28.18,0.0211,1368.604976
2026-09-26T00:25:06.950Z,AUCTION,-3.3128,5170,3.907,1368.604976
2026-09-26T00:25:06.950Z,ZETA,-0.7393,74.35,0.05473,1368.604976
2026-09-26T00:25:06.950Z,WIF,-6.8859,325.6,0.2555,1368.604976
2026-09-26T00:25:06.950Z,KSM,-2.2601,6370,4.762,1368.604976
2026-09-26T00:30:06.977Z,BTC,-0.1747,113701000,83909.5,1357.414201
2026-09-26T00:30:06.977Z,XRP,-0.1563,2119,1.5635,1357.414201
2026-09-26T00:30:06.977Z,SOL,-0.1543,165200,121.89,1357.414201
2026-09-26T00:30:06.977Z,ETH,-0.1197,3641000,2685.52,1357.414201
2026-09-26T00:30:06.977Z,FIL,-0.1044,1420,1.0472,1357.414201
2026-09-26T00:30:06.977Z,TRX,0.0485,458.2,0.33739,1357.414201
2026-09-26T00:30:06.977Z,BNB,-0.4082,1050000,776.7,1357.414201
2026-09-26T00:30:06.977Z,WLD,-0.3373,682.1,0.5042,1357.414201
2026-09-26T00:30:06.977Z,FLOW,-0.7361,42.08,0.03123,1357.414201
2026-09-26T00:30:06.977Z,LINK,0.2396,18950,13.927,1357.414201
2026-09-26T00:30:06.977Z,DOGE,-0.0093,134.1,0.0988,1357.414201
2026-09-26T00:30:06.977Z,SUI,-0.3885,1620,1.1981,1357.414201
2026-09-26T00:30:06.977Z,XLM,-0.0795,297.2,0.21912,1357.414201
2026-09-26T00:30:06.977Z,BCH,-0.1744,461800,340.8,1357.414201
2026-09-26T00:30:06.977Z,AVAX,0.2751,14420,10.594,1357.414201
2026-09-26T00:30:06.977Z,ETC,1.0845,12990,9.467,1357.414201
2026-09-26T00:30:06.977Z,AAVE,-2.3151,204600,154.3,1357.414201
2026-09-26T00:30:06.977Z,ADA,0.0944,350,0.2576,1357.414201
2026-09-26T00:30:06.977Z,HYPE,-0.0967,125000,92.176,1357.414201
2026-09-26T00:30:06.977Z,SEI,-1.2849,100.9,0.0753,1357.414201
2026-09-26T00:30:06.977Z,HBAR,0.1415,129.3,0.09512,1357.414201
2026-09-26T00:30:06.977Z,ARB,0.5638,308,0.22563,1357.414201
2026-09-26T00:30:06.977Z,JTO,0.191,780.1,0.5736,1357.414201
2026-09-26T00:30:06.977Z,ONDO,-0.1173,747.6,0.5514,1357.414201
2026-09-26T00:30:06.977Z,QTUM,0.6371,1433,1.049,1357.414201
2026-09-26T00:30:06.977Z,PYTH,-0.9558,99.26,0.07383,1357.414201
2026-09-26T00:30:06.977Z,APT,-0.1826,1175,0.8672,1357.414201
2026-09-26T00:30:06.977Z,UNI,0.2316,13060,9.599,1357.414201
2026-09-26T00:30:06.977Z,TIA,0.1214,672.6,0.4949,1357.414201
2026-09-26T00:30:06.977Z,ALGO,0.337,157.8,0.11586,1357.414201
2026-09-26T00:30:06.977Z,NEAR,0.6487,6730,4.926,1357.414201
2026-09-26T00:30:06.977Z,ZIL,-5.1549,4.9,0.003806,1357.414201
2026-09-26T00:30:06.977Z,SUSHI,-4.4608,347.3,0.2678,1357.414201
2026-09-26T00:30:06.977Z,PENDLE,-1.3985,3413,2.55,1357.414201
2026-09-26T00:30:06.977Z,XTZ,-0.4593,446.7,0.3306,1357.414201
2026-09-26T00:30:06.977Z,W,-2.2849,16.45,0.012402,1357.414201
2026-09-26T00:30:06.977Z,AR,-7.0399,5855,4.64,1357.414201
2026-09-26T00:30:06.977Z,SHIB,1.3573,0.0082,5.96e-06,1357.414201
2026-09-26T00:30:06.977Z,CELO,-3.2298,126.3,0.09615,1357.414201
2026-09-26T00:30:06.977Z,STX,0.2554,444.6,0.3267,1357.414201
2026-09-26T00:30:06.977Z,JUP,1.1321,464,0.338,1357.414201
2026-09-26T00:30:06.977Z,PEPE,-1.4015,0.006,4.483e-06,1357.414201
2026-09-26T00:30:06.977Z,DYDX,1.4215,186.2,0.13525,1357.414201
2026-09-26T00:30:06.977Z,KITE,-3.2991,175,0.13332,1357.414201
2026-09-26T00:30:06.977Z,CRV,-2.5043,467.3,0.3531,1357.414201
2026-09-26T00:30:06.977Z,ENJ,1.0268,40.88,0.02981,1357.414201
2026-09-26T00:30:06.977Z,ATOM,-2.1155,2389,1.798,1357.414201
2026-09-26T00:30:06.977Z,ICP,2.374,4426,3.185,1357.414201
2026-09-26T00:30:06.977Z,SPACE,-0.4087,6.954,0.005144,1357.414201
2026-09-26T00:30:06.977Z,DOT,0.7326,1653,1.2089,1357.414201
2026-09-26T00:30:06.977Z,ETHFI,0.285,972.5,0.7144,1357.414201
2026-09-26T00:30:06.977Z,CC,-1.1744,175.8,0.13105,1357.414201
2026-09-26T00:30:06.977Z,SYRUP,-1.8181,296.8,0.2227,1357.414201
2026-09-26T00:30:06.977Z,TAO,-2.5224,416800,315,1357.414201
2026-09-26T00:30:06.977Z,GRAM,-0.7748,1953,1.45,1357.414201
2026-09-26T00:30:06.977Z,RAY,2.6777,2860,2.052,1357.414201
2026-09-26T00:30:06.977Z,RENDER,0.2544,2636,1.937,1357.414201
2026-09-26T00:30:06.977Z,GRASS,-0.2157,706.5,0.5216,1357.414201
2026-09-26T00:30:06.977Z,MINA,0.7629,192.5,0.14074,1357.414201
2026-09-26T00:30:06.977Z,POL,-0.479,157.8,0.11681,1357.414201
2026-09-26T00:30:06.977Z,ENA,0.1783,369.1,0.27143,1357.414201
2026-09-26T00:30:06.977Z,SAND,-1.3777,60.55,0.04523,1357.414201
2026-09-26T00:30:06.977Z,AERO,0.6647,1153,0.8438,1357.414201
2026-09-26T00:30:06.977Z,KGEN,-0.9747,223,0.1659,1357.414201
2026-09-26T00:30:06.977Z,LIT,-1.1332,6480,4.8285,1357.414201
2026-09-26T00:30:06.977Z,MANA,-4.6453,120,0.09271,1357.414201
2026-09-26T00:30:06.977Z,BAND,-6.3434,284.9,0.2241,1357.414201
2026-09-26T00:30:06.977Z,APE,-1.5696,208.7,0.1562,1357.414201
2026-09-26T00:30:06.977Z,GMT,0.0113,12.1,0.008913,1357.414201
2026-09-26T00:30:06.977Z,VIRTUAL,-2.9799,1062,0.8064,1357.414201
2026-09-26T00:30:06.977Z,LPT,-3.2152,2261,1.721,1357.414201
2026-09-26T00:30:06.977Z,DATA,0.3194,308.3,0.2264,1357.414201
2026-09-26T00:30:06.977Z,THETA,-6.0465,302,0.2368,1357.414201
2026-09-26T00:30:06.977Z,GRT,-7.7687,35.13,0.02806,1357.414201
2026-09-26T00:30:06.977Z,LAYER,-1.6452,106.9,0.08007,1357.414201
2026-09-26T00:30:06.977Z,NMR,-0.3523,13130,9.707,1357.414201
2026-09-26T00:30:06.977Z,EIGEN,-9.5568,321.9,0.2622,1357.414201
2026-09-26T00:30:06.977Z,BAT,-0.4208,125.1,0.09255,1357.414201
2026-09-26T00:30:06.977Z,SPK,-5.7252,30.7,0.02399,1357.414201
2026-09-26T00:30:06.977Z,PUMP,-7.413,5.276,0.004198,1357.414201
2026-09-26T00:30:06.977Z,KMNO,1.0789,56.57,0.04123,1357.414201
2026-09-26T00:30:06.977Z,CHZ,0.314,22.74,0.0167,1357.414201
2026-09-26T00:30:06.977Z,PENGU,0.3231,14.16,0.010398,1357.414201
2026-09-26T00:30:06.977Z,OP,0.9981,199.9,0.14581,1357.414201
2026-09-26T00:30:06.977Z,UMA,-0.66,558.8,0.4144,1357.414201
2026-09-26T00:30:06.977Z,ZRO,0.388,2204,1.6174,1357.414201
2026-09-26T00:30:06.977Z,S,0.1383,56.03,0.04122,1357.414201
2026-09-26T00:30:06.977Z,IMX,-1.2733,216.9,0.16185,1357.414201
2026-09-26T00:30:06.977Z,A,-3.947,133.2,0.10216,1357.414201
2026-09-26T00:30:06.977Z,ATH,-6.3701,8.04,0.006326,1357.414201
2026-09-26T00:30:06.977Z,COMP,0.6938,33050,24.18,1357.414201
2026-09-26T00:30:06.977Z,CVX,-5.18,2654,2.062,1357.414201
2026-09-26T00:30:06.977Z,AXS,-1.9157,1615,1.213,1357.414201
2026-09-26T00:30:06.977Z,WCT,-1.0282,58.83,0.04379,1357.414201
2026-09-26T00:30:06.977Z,ME,0.3939,106.2,0.07793,1357.414201
2026-09-26T00:30:06.977Z,ASTER,0.4811,1004,0.7361,1357.414201
2026-09-26T00:30:06.977Z,GMX,1.0043,11270,8.22,1357.414201
2026-09-26T00:30:06.977Z,MORPHO,2.987,3810,2.7254,1357.414201
2026-09-26T00:30:06.977Z,MON,-2.5716,35.02,0.02648,1357.414201
2026-09-26T00:30:06.977Z,1INCH,-2.2036,136.6,0.1029,1357.414201
2026-09-26T00:30:06.977Z,SKY,-1.0024,103.5,0.07702,1357.414201
2026-09-26T00:30:06.977Z,YGG,-2.7414,36.53,0.02767,1357.414201
2026-09-26T00:30:06.977Z,BIO,0.564,45.02,0.03298,1357.414201
2026-09-26T00:30:06.977Z,MOVE,-6.0208,12.54,0.00983,1357.414201
2026-09-26T00:30:06.977Z,GALA,-6.597,2.75,0.002169,1357.414201
2026-09-26T00:30:06.977Z,ZK,-1.4751,17.14,0.012816,1357.414201
2026-09-26T00:30:06.977Z,ENS,-0.9979,9610,7.151,1357.414201
2026-09-26T00:30:06.977Z,INJ,0.0629,11040,8.128,1357.414201
2026-09-26T00:30:06.977Z,KAITO,-1.0021,478.8,0.3563,1357.414201
2026-09-26T00:30:06.977Z,LDO,-2.1354,650,0.4893,1357.414201
2026-09-26T00:30:06.977Z,BLUR,-1.3305,28.18,0.02104,1357.414201
2026-09-26T00:30:06.977Z,AUCTION,-2.3157,5170,3.899,1357.414201
2026-09-26T00:30:06.977Z,ZETA,0.4645,74.35,0.05452,1357.414201
2026-09-26T00:30:06.977Z,WIF,-5.5267,325.6,0.2539,1357.414201
2026-09-26T00:30:06.977Z,KSM,-1.33,6370,4.756,1357.414201
2026-09-26T00:35:06.986Z,BTC,-0.1065,113590000,83770.4,1357.414201
2026-09-26T00:35:06.986Z,XRP,-0.0521,2109,1.5545,1357.414201
2026-09-26T00:35:06.986Z,SOL,-0.0278,164500,121.22,1357.414201
2026-09-26T00:35:06.986Z,ETH,-0.0993,3634000,2679.81,1357.414201
2026-09-26T00:35:06.986Z,FIL,0.5582,1420,1.0403,1357.414201
2026-09-26T00:35:06.986Z,TRX,0.0145,457.8,0.33721,1357.414201
2026-09-26T00:35:06.986Z,BNB,-0.1769,1050000,774.9,1357.414201
2026-09-26T00:35:06.986Z,WLD,-0.0705,664.8,0.4901,1357.414201
2026-09-26T00:35:06.986Z,FLOW,-0.2764,41.95,0.03099,1357.414201
2026-09-26T00:35:06.986Z,LINK,0.6588,18950,13.869,1357.414201
2026-09-26T00:35:06.986Z,DOGE,0.0867,133.4,0.09819,1357.414201
2026-09-26T00:35:06.986Z,SUI,-0.0329,1600,1.1791,1357.414201
2026-09-26T00:35:06.986Z,XLM,0.3047,296.6,0.21784,1357.414201
2026-09-26T00:35:06.986Z,BCH,-0.1191,460700,339.8,1357.414201
2026-09-26T00:35:06.986Z,AVAX,0.7028,14420,10.549,1357.414201
2026-09-26T00:35:06.986Z,ETC,0.7566,12900,9.432,1357.414201
2026-09-26T00:35:06.986Z,AAVE,-1.7292,204600,153.38,1357.414201
2026-09-26T00:35:06.986Z,ADA,0.6021,350,0.2563,1357.414201
2026-09-26T00:35:06.986Z,HYPE,0.2481,124600,91.565,1357.414201
2026-09-26T00:35:06.986Z,SEI,0.6338,101.7,0.07445,1357.414201
2026-09-26T00:35:06.986Z,HBAR,0.7346,129.3,0.09456,1357.414201
2026-09-26T00:35:06.986Z,ARB,1.563,308,0.22341,1357.414201
2026-09-26T00:35:06.986Z,JTO,1.6261,780.1,0.5655,1357.414201
2026-09-26T00:35:06.986Z,ONDO,0.0872,740.3,0.5449,1357.414201
2026-09-26T00:35:06.986Z,QTUM,1.508,1433,1.04,1357.414201
2026-09-26T00:35:06.986Z,PYTH,0.0333,99.26,0.0731,1357.414201
2026-09-26T00:35:06.986Z,APT,0.6063,1175,0.8604,1357.414201
2026-09-26T00:35:06.986Z,UNI,0.9573,13060,9.53,1357.414201
2026-09-26T00:35:06.986Z,TIA,1.0196,672.6,0.4905,1357.414201
2026-09-26T00:35:06.986Z,ALGO,0.7108,157.8,0.11543,1357.414201
2026-09-26T00:35:06.986Z,NEAR,-0.164,6635,4.896,1357.414201
2026-09-26T00:35:06.986Z,ZIL,-5.0801,4.9,0.003803,1357.414201
2026-09-26T00:35:06.986Z,SUSHI,-3.3419,347.3,0.2647,1357.414201
2026-09-26T00:35:06.986Z,PENDLE,-0.4222,3413,2.525,1357.414201
2026-09-26T00:35:06.986Z,XTZ,0.177,446.7,0.3285,1357.414201
2026-09-26T00:35:06.986Z,W,-1.3944,16.45,0.01229,1357.414201
2026-09-26T00:35:06.986Z,AR,-6.15,5855,4.596,1357.414201
2026-09-26T00:35:06.986Z,SHIB,-0.4635,0.008,5.921e-06,1357.414201
2026-09-26T00:35:06.986Z,CELO,-3.7603,126.3,0.09668,1357.414201
2026-09-26T00:35:06.986Z,STX,0.7489,444.6,0.3251,1357.414201
2026-09-26T00:35:06.986Z,JUP,1.8553,464,0.3356,1357.414201
2026-09-26T00:35:06.986Z,PEPE,-0.6257,0.006,4.448e-06,1357.414201
2026-09-26T00:35:06.986Z,DYDX,2.2836,186.2,0.13411,1357.414201
2026-09-26T00:35:06.986Z,KITE,-3.0373,175,0.13296,1357.414201
2026-09-26T00:35:06.986Z,CRV,-1.753,467.3,0.3504,1357.414201
2026-09-26T00:35:06.986Z,ENJ,1.7779,40.88,0.02959,1357.414201
2026-09-26T00:35:06.986Z,ATOM,-1.5129,2389,1.787,1357.414201
2026-09-26T00:35:06.986Z,ICP,3.1186,4426,3.162,1357.414201
2026-09-26T00:35:06.986Z,SPACE,0.5688,6.954,0.005094,1357.414201
2026-09-26T00:35:06.986Z,DOT,1.294,1653,1.2022,1357.414201
2026-09-26T00:35:06.986Z,ETHFI,1.435,972.5,0.7063,1357.414201
2026-09-26T00:35:06.986Z,CC,0.5717,177.5,0.13002,1357.414201
2026-09-26T00:35:06.986Z,SYRUP,-1.5529,296.8,0.2221,1357.414201
2026-09-26T00:35:06.986Z,TAO,-1.6797,416800,312.3,1357.414201
2026-09-26T00:35:06.986Z,GRAM,-0.4315,1953,1.445,1357.414201
2026-09-26T00:35:06.986Z,RAY,3.3882,2860,2.0379,1357.414201
2026-09-26T00:35:06.986Z,RENDER,1.0894,2636,1.921,1357.414201
2026-09-26T00:35:06.986Z,GRASS,1.0827,706.5,0.5149,1357.414201
2026-09-26T00:35:06.986Z,MINA,0.7558,192.5,0.14075,1357.414201
2026-09-26T00:35:06.986Z,POL,-0.0684,157.8,0.11633,1357.414201
2026-09-26T00:35:06.986Z,ENA,1.4378,369.1,0.26806,1357.414201
2026-09-26T00:35:06.986Z,SAND,-1.0276,60.55,0.04507,1357.414201
2026-09-26T00:35:06.986Z,AERO,1.5675,1153,0.8363,1357.414201
2026-09-26T00:35:06.986Z,KGEN,-0.7953,223,0.1656,1357.414201
2026-09-26T00:35:06.986Z,LIT,-0.0799,6480,4.7776,1357.414201
2026-09-26T00:35:06.986Z,MANA,-4.1178,120,0.0922,1357.414201
2026-09-26T00:35:06.986Z,BAND,-5.8392,284.9,0.2229,1357.414201
2026-09-26T00:35:06.986Z,APE,-0.5574,208.7,0.15461,1357.414201
2026-09-26T00:35:06.986Z,GMT,0.6777,12.1,0.008854,1357.414201
2026-09-26T00:35:06.986Z,VIRTUAL,-1.3281,1062,0.7929,1357.414201
2026-09-26T00:35:06.986Z,LPT,-2.3069,2261,1.705,1357.414201
2026-09-26T00:35:06.986Z,DATA,0.5414,308.3,0.2259,1357.414201
2026-09-26T00:35:06.986Z,THETA,-5.728,302,0.236,1357.414201
2026-09-26T00:35:06.986Z,GRT,-6.9396,35.13,0.02781,1357.414201
2026-09-26T00:35:06.986Z,LAYER,-1.3001,106.9,0.07979,1357.414201
2026-09-26T00:35:06.986Z,NMR,-0.033,13130,9.676,1357.414201
2026-09-26T00:35:06.986Z,EIGEN,-8.6158,321.9,0.2595,1357.414201
2026-09-26T00:35:06.986Z,BAT,0.1963,125.1,0.09198,1357.414201
2026-09-26T00:35:06.986Z,SPK,-4.9326,30.7,0.02379,1357.414201
2026-09-26T00:35:06.986Z,PUMP,-6.6122,5.276,0.004162,1357.414201
2026-09-26T00:35:06.986Z,KMNO,1.6459,56.57,0.041,1357.414201
2026-09-26T00:35:06.986Z,CHZ,0.9183,22.74,0.0166,1357.414201
2026-09-26T00:35:06.986Z,PENGU,1.2482,14.16,0.010303,1357.414201
2026-09-26T00:35:06.986Z,OP,1.9913,199.9,0.14439,1357.414201
2026-09-26T00:35:06.986Z,UMA,-0.0085,558.8,0.4117,1357.414201
2026-09-26T00:35:06.986Z,ZRO,1.3214,2204,1.6025,1357.414201
2026-09-26T00:35:06.986Z,S,0.8725,56.03,0.04092,1357.414201
2026-09-26T00:35:06.986Z,IMX,-0.3995,216.9,0.16043,1357.414201
2026-09-26T00:35:06.986Z,A,-3.541,133.2,0.10173,1357.414201
2026-09-26T00:35:06.986Z,ATH,-5.1557,8.04,0.006245,1357.414201
2026-09-26T00:35:06.986Z,COMP,1.5336,33050,23.98,1357.414201
2026-09-26T00:35:06.986Z,CVX,-4.7643,2654,2.053,1357.414201
2026-09-26T00:35:06.986Z,AXS,0.5442,1651,1.2097,1357.414201
2026-09-26T00:35:06.986Z,WCT,-0.1848,58.83,0.04342,1357.414201
2026-09-26T00:35:06.986Z,ME,0.6134,106.2,0.07776,1357.414201
2026-09-26T00:35:06.986Z,ASTER,1.113,1004,0.7315,1357.414201
2026-09-26T00:35:06.986Z,GMX,1.6597,11270,8.167,1357.414201
2026-09-26T00:35:06.986Z,MORPHO,3.8481,3810,2.7028,1357.414201
2026-09-26T00:35:06.986Z,MON,-1.4927,35.02,0.02619,1357.414201
2026-09-26T00:35:06.986Z,1INCH,-1.7165,136.6,0.10239,1357.414201
2026-09-26T00:35:06.986Z,SKY,-0.3295,103.5,0.0765,1357.414201
2026-09-26T00:35:06.986Z,YGG,-1.9976,36.53,0.02746,1357.414201
2026-09-26T00:35:06.986Z,BIO,1.0542,45.02,0.03282,1357.414201
2026-09-26T00:35:06.986Z,MOVE,-5.7428,12.54,0.009801,1357.414201
2026-09-26T00:35:06.986Z,GALA,-5.596,2.75,0.002146,1357.414201
2026-09-26T00:35:06.986Z,ZK,-1.0427,17.14,0.01276,1357.414201
2026-09-26T00:35:06.986Z,ENS,-0.2587,9610,7.098,1357.414201
2026-09-26T00:35:06.986Z,INJ,0.832,11040,8.066,1357.414201
2026-09-26T00:35:06.986Z,KAITO,-0.3026,478.8,0.3538,1357.414201
2026-09-26T00:35:06.986Z,LDO,-0.9819,650,0.4836,1357.414201
2026-09-26T00:35:06.986Z,BLUR,-0.6696,28.18,0.0209,1357.414201
2026-09-26T00:35:06.986Z,AUCTION,-1.6599,5170,3.873,1357.414201
2026-09-26T00:35:06.986Z,ZETA,0.7973,74.35,0.05434,1357.414201
2026-09-26T00:35:06.986Z,WIF,-4.397,325.6,0.2509,1357.414201
2026-09-26T00:35:06.986Z,KSM,-0.5774,6370,4.72,1357.414201
2026-09-26T00:40:07.145Z,BTC,-0.0902,113654000,83803.9,1357.414201
2026-09-26T00:40:07.145Z,XRP,-0.0129,2112,1.5561,1357.414201
2026-09-26T00:40:07.145Z,SOL,-0.1215,164400,121.26,1357.414201
2026-09-26T00:40:07.145Z,ETH,-0.1061,3635000,2680.73,1357.414201
2026-09-26T00:40:07.145Z,FIL,0.2114,1420,1.0439,1357.414201
2026-09-26T00:40:07.145Z,TRX,-0.0626,457.8,0.33747,1357.414201
2026-09-26T00:40:07.145Z,BNB,-0.1769,1050000,774.9,1357.414201
2026-09-26T00:40:07.145Z,WLD,-0.1166,664.9,0.4904,1357.414201
2026-09-26T00:40:07.145Z,FLOW,-0.212,41.95,0.03097,1357.414201
2026-09-26T00:40:07.145Z,LINK,0.3765,18950,13.908,1357.414201
2026-09-26T00:40:07.145Z,DOGE,-0.2033,133,0.09818,1357.414201
2026-09-26T00:40:07.145Z,SUI,-0.0521,1602,1.1808,1357.414201
2026-09-26T00:40:07.145Z,XLM,-0.2438,295.1,0.21793,1357.414201
2026-09-26T00:40:07.145Z,BCH,-0.1191,460700,339.8,1357.414201
2026-09-26T00:40:07.145Z,AVAX,0.4362,14420,10.577,1357.414201
2026-09-26T00:40:07.145Z,ETC,0.9171,12900,9.417,1357.414201
2026-09-26T00:40:07.145Z,AAVE,-1.8699,204600,153.6,1357.414201
2026-09-26T00:40:07.145Z,ADA,-0.3869,347.1,0.2567,1357.414201
2026-09-26T00:40:07.145Z,HYPE,0.3292,124600,91.491,1357.414201
2026-09-26T00:40:07.145Z,SEI,0.3104,101.7,0.07469,1357.414201
2026-09-26T00:40:07.145Z,HBAR,0.692,129.3,0.0946,1357.414201
2026-09-26T00:40:07.145Z,ARB,1.6176,308,0.22329,1357.414201
2026-09-26T00:40:07.145Z,JTO,1.3215,780.1,0.5672,1357.414201
2026-09-26T00:40:07.145Z,ONDO,-0.0817,740,0.5456,1357.414201
2026-09-26T00:40:07.145Z,QTUM,1.4983,1433,1.0401,1357.414201
2026-09-26T00:40:07.145Z,PYTH,0.1155,99.26,0.07304,1357.414201
2026-09-26T00:40:07.145Z,APT,0.4079,1175,0.8621,1357.414201
2026-09-26T00:40:07.145Z,UNI,-2.7124,12580,9.526,1357.414201
2026-09-26T00:40:07.145Z,TIA,0.999,672.6,0.4906,1357.414201
2026-09-26T00:40:07.145Z,ALGO,0.4237,157.8,0.11576,1357.414201
2026-09-26T00:40:07.145Z,NEAR,-0.164,6635,4.896,1357.414201
2026-09-26T00:40:07.145Z,ZIL,-5.1549,4.9,0.003806,1357.414201
2026-09-26T00:40:07.145Z,SUSHI,-3.3784,347.3,0.2648,1357.414201
2026-09-26T00:40:07.145Z,PENDLE,-0.066,3413,2.516,1357.414201
2026-09-26T00:40:07.145Z,XTZ,-0.036,446.7,0.3292,1357.414201
2026-09-26T00:40:07.145Z,W,-1.4746,16.45,0.0123,1357.414201
2026-09-26T00:40:07.145Z,AR,-6.374,5855,4.607,1357.414201
2026-09-26T00:40:07.145Z,SHIB,-0.4803,0.008,5.922e-06,1357.414201
2026-09-26T00:40:07.145Z,CELO,-3.7503,126.3,0.09667,1357.414201
2026-09-26T00:40:07.145Z,STX,0.8419,444.6,0.3248,1357.414201
2026-09-26T00:40:07.145Z,JUP,1.734,464,0.336,1357.414201
2026-09-26T00:40:07.145Z,PEPE,-0.7596,0.006,4.454e-06,1357.414201
2026-09-26T00:40:07.145Z,DYDX,2.1998,186.2,0.13422,1357.414201
2026-09-26T00:40:07.145Z,KITE,-3.5162,175,0.13362,1357.414201
2026-09-26T00:40:07.145Z,CRV,-1.809,467.3,0.3506,1357.414201
2026-09-26T00:40:07.145Z,ENJ,1.7092,40.88,0.02961,1357.414201
2026-09-26T00:40:07.145Z,ATOM,0.5071,2438,1.787,1357.414201
2026-09-26T00:40:07.145Z,ICP,3.1513,4426,3.161,1357.414201
2026-09-26T00:40:07.145Z,SPACE,0.3718,6.954,0.005104,1357.414201
2026-09-26T00:40:07.145Z,DOT,1.0838,1653,1.2047,1357.414201
2026-09-26T00:40:07.145Z,ETHFI,1.392,972.5,0.7066,1357.414201
2026-09-26T00:40:07.145Z,CC,0.5949,177.5,0.12999,1357.414201
2026-09-26T00:40:07.145Z,SYRUP,-1.1523,296.8,0.2212,1357.414201
2026-09-26T00:40:07.145Z,TAO,-1.522,416800,311.8,1357.414201
2026-09-26T00:40:07.145Z,GRAM,-0.4315,1953,1.445,1357.414201
2026-09-26T00:40:07.145Z,RAY,3.125,2860,2.0431,1357.414201
2026-09-26T00:40:07.145Z,RENDER,1.0894,2636,1.921,1357.414201
2026-09-26T00:40:07.145Z,GRASS,1.378,706.5,0.5134,1357.414201
2026-09-26T00:40:07.145Z,MINA,1.9894,194.4,0.14042,1357.414201
2026-09-26T00:40:07.145Z,POL,-0.1199,157.8,0.11639,1357.414201
2026-09-26T00:40:07.145Z,ENA,0.7388,369.1,0.26992,1357.414201
2026-09-26T00:40:07.145Z,SAND,-0.9617,60.55,0.04504,1357.414201
2026-09-26T00:40:07.145Z,AERO,2.1293,1153,0.8317,1357.414201
2026-09-26T00:40:07.145Z,KGEN,-0.7354,223,0.1655,1357.414201
2026-09-26T00:40:07.145Z,LIT,-0.3094,6480,4.7886,1357.414201
2026-09-26T00:40:07.145Z,MANA,-4.3253,120,0.0924,1357.414201
2026-09-26T00:40:07.145Z,BAND,-5.8815,284.9,0.223,1357.414201
2026-09-26T00:40:07.145Z,APE,-0.6345,208.7,0.15473,1357.414201
2026-09-26T00:40:07.145Z,GMT,0.6096,12.1,0.00886,1357.414201
2026-09-26T00:40:07.145Z,VIRTUAL,-1.3529,1062,0.7931,1357.414201
2026-09-26T00:40:07.145Z,LPT,-2.4785,2261,1.708,1357.414201
2026-09-26T00:40:07.145Z,DATA,0.3934,308.8,0.2266,1357.414201
2026-09-26T00:40:07.145Z,THETA,-5.9671,302,0.2366,1357.414201
2026-09-26T00:40:07.145Z,GRT,-6.8056,35.13,0.02777,1357.414201
2026-09-26T00:40:07.145Z,LAYER,-1.3001,106.9,0.07979,1357.414201
2026-09-26T00:40:07.145Z,NMR,0.06,13130,9.667,1357.414201
2026-09-26T00:40:07.145Z,EIGEN,-8.6862,321.9,0.2597,1357.414201
2026-09-26T00:40:07.145Z,BAT,-0.0211,125.1,0.09218,1357.414201
2026-09-26T00:40:07.145Z,SPK,-4.4507,30.7,0.02367,1357.414201
2026-09-26T00:40:07.145Z,PUMP,-6.657,5.276,0.004164,1357.414201
2026-09-26T00:40:07.145Z,KMNO,0.8343,56.57,0.04133,1357.414201
2026-09-26T00:40:07.145Z,CHZ,0.7969,22.74,0.01662,1357.414201
2026-09-26T00:40:07.145Z,PENGU,1.2777,14.16,0.0103,1357.414201
2026-09-26T00:40:07.145Z,OP,1.9702,199.9,0.14442,1357.414201
2026-09-26T00:40:07.145Z,UMA,-0.0813,558.8,0.412,1357.414201
2026-09-26T00:40:07.145Z,ZRO,1.214,2204,1.6042,1357.414201
2026-09-26T00:40:07.145Z,S,1.3679,56.03,0.04072,1357.414201
2026-09-26T00:40:07.145Z,IMX,-0.4925,216.9,0.16058,1357.414201
2026-09-26T00:40:07.145Z,A,-3.6168,133.2,0.10181,1357.414201
2026-09-26T00:40:07.145Z,ATH,-5.7593,8.04,0.006285,1357.414201
2026-09-26T00:40:07.145Z,COMP,1.3645,33050,24.02,1357.414201
2026-09-26T00:40:07.145Z,CVX,-4.5784,2654,2.049,1357.414201
2026-09-26T00:40:07.145Z,AXS,0.3617,1651,1.2119,1357.414201
2026-09-26T00:40:07.145Z,WCT,-0.4828,58.83,0.04355,1357.414201
2026-09-26T00:40:07.145Z,ME,0.5746,106.2,0.07779,1357.414201
2026-09-26T00:40:07.145Z,ASTER,1.1407,1004,0.7313,1357.414201
2026-09-26T00:40:07.145Z,GMX,1.1433,11210,8.165,1357.414201
2026-09-26T00:40:07.145Z,MORPHO,3.7829,3810,2.7045,1357.414201
2026-09-26T00:40:07.145Z,MON,-1.7179,35.02,0.02625,1357.414201
2026-09-26T00:40:07.145Z,1INCH,-1.8124,136.6,0.10249,1357.414201
2026-09-26T00:40:07.145Z,SKY,-0.5894,103.5,0.0767,1357.414201
2026-09-26T00:40:07.145Z,YGG,-2.4594,36.53,0.02759,1357.414201
2026-09-26T00:40:07.145Z,BIO,1.3631,45.02,0.03272,1357.414201
2026-09-26T00:40:07.145Z,MOVE,-5.308,12.54,0.009756,1357.414201
2026-09-26T00:40:07.145Z,GALA,-5.9029,2.75,0.002153,1357.414201
2026-09-26T00:40:07.145Z,ZK,-0.934,17.14,0.012746,1357.414201
2026-09-26T00:40:07.145Z,ENS,-0.1743,9610,7.092,1357.414201
2026-09-26T00:40:07.145Z,INJ,1.3724,11040,8.023,1357.414201
2026-09-26T00:40:07.145Z,KAITO,-0.387,478.8,0.3541,1357.414201
2026-09-26T00:40:07.145Z,LDO,-0.9204,650,0.4833,1357.414201
2026-09-26T00:40:07.145Z,BLUR,-0.7645,28.18,0.02092,1357.414201
2026-09-26T00:40:07.145Z,AUCTION,-1.5582,5170,3.869,1357.414201
2026-09-26T00:40:07.145Z,ZETA,-0.0853,74.35,0.05482,1357.414201
2026-09-26T00:40:07.145Z,WIF,-4.2444,325.6,0.2505,1357.414201
2026-09-26T00:40:07.145Z,KSM,-0.5774,6370,4.72,1357.414201
2026-09-26T00:45:06.966Z,BTC,-0.0578,113736000,83837.2,1357.414201
2026-09-26T00:45:06.966Z,XRP,-0.0267,2117,1.56,1357.414201
2026-09-26T00:45:06.966Z,SOL,-0.0516,164800,121.47,1357.414201
2026-09-26T00:45:06.966Z,ETH,-0.2096,3635000,2683.51,1357.414201
2026-09-26T00:45:06.966Z,FIL,0.058,1420,1.0455,1357.414201
2026-09-26T00:45:06.966Z,TRX,-0.0566,457.8,0.33745,1357.414201
2026-09-26T00:45:06.966Z,BNB,-0.2284,1050000,775.3,1357.414201
2026-09-26T00:45:06.966Z,WLD,-0.3887,673.5,0.4981,1357.414201
2026-09-26T00:45:06.966Z,FLOW,-0.3086,41.95,0.031,1357.414201
2026-09-26T00:45:06.966Z,LINK,-0.528,18840,13.953,1357.414201
2026-09-26T00:45:06.966Z,DOGE,-0.4264,133,0.0984,1357.414201
2026-09-26T00:45:06.966Z,SUI,0.1581,1607,1.182,1357.414201
2026-09-26T00:45:06.966Z,XLM,-0.1097,296.5,0.21867,1357.414201
2026-09-26T00:45:06.966Z,BCH,-0.2952,460700,340.4,1357.414201
2026-09-26T00:45:06.966Z,AVAX,0.1616,14420,10.606,1357.414201
2026-09-26T00:45:06.966Z,ETC,0.469,12900,9.459,1357.414201
2026-09-26T00:45:06.966Z,AAVE,-2.391,204600,154.42,1357.414201
2026-09-26T00:45:06.966Z,ADA,-0.5806,347.1,0.2572,1357.414201
2026-09-26T00:45:06.966Z,HYPE,0.1682,124600,91.638,1357.414201
2026-09-26T00:45:06.966Z,SEI,-0.0509,101.7,0.07496,1357.414201
2026-09-26T00:45:06.966Z,HBAR,0.6282,129.3,0.09466,1357.414201
2026-09-26T00:45:06.966Z,ARB,1.3861,308,0.2238,1357.414201
2026-09-26T00:45:06.966Z,JTO,0.9123,780.1,0.5695,1357.414201
2026-09-26T00:45:06.966Z,ONDO,-0.0132,738.2,0.5439,1357.414201
2026-09-26T00:45:06.966Z,QTUM,1.6742,1433,1.0383,1357.414201
2026-09-26T00:45:06.966Z,PYTH,-0.2397,99.26,0.0733,1357.414201
2026-09-26T00:45:06.966Z,APT,0.2451,1175,0.8635,1357.414201
2026-09-26T00:45:06.966Z,UNI,-2.7736,12580,9.532,1357.414201
2026-09-26T00:45:06.966Z,TIA,0.8551,672.6,0.4913,1357.414201
2026-09-26T00:45:06.966Z,ALGO,-0.0082,157.8,0.11626,1357.414201
2026-09-26T00:45:06.966Z,NEAR,-0.772,6635,4.926,1357.414201
2026-09-26T00:45:06.966Z,ZIL,-5.3538,4.9,0.003814,1357.414201
2026-09-26T00:45:06.966Z,SUSHI,-3.3053,347.3,0.2646,1357.414201
2026-09-26T00:45:06.966Z,PENDLE,0.1179,3422,2.518,1357.414201
2026-09-26T00:45:06.966Z,XTZ,-0.036,446.7,0.3292,1357.414201
2026-09-26T00:45:06.966Z,W,-1.6345,16.45,0.01232,1357.414201
2026-09-26T00:45:06.966Z,AR,-7.0399,5855,4.64,1357.414201
2026-09-26T00:45:06.966Z,SHIB,-0.6648,0.008,5.933e-06,1357.414201
2026-09-26T00:45:06.966Z,CELO,-4.765,126.3,0.0977,1357.414201
2026-09-26T00:45:06.966Z,STX,0.5633,444.6,0.3257,1357.414201
2026-09-26T00:45:06.966Z,JUP,1.6131,464,0.3364,1357.414201
2026-09-26T00:45:06.966Z,PEPE,-0.9375,0.006,4.462e-06,1357.414201
2026-09-26T00:45:06.966Z,DYDX,2.0933,186.2,0.13436,1357.414201
2026-09-26T00:45:06.966Z,KITE,-3.7683,175,0.13397,1357.414201
2026-09-26T00:45:06.966Z,CRV,-2.0047,467.3,0.3513,1357.414201
2026-09-26T00:45:06.966Z,ENJ,1.6748,40.88,0.02962,1357.414201
2026-09-26T00:45:06.966Z,ATOM,0.4509,2438,1.788,1357.414201
2026-09-26T00:45:06.966Z,ICP,2.9558,4426,3.167,1357.414201
2026-09-26T00:45:06.966Z,SPACE,0.3325,6.954,0.005106,1357.414201
2026-09-26T00:45:06.966Z,DOT,0.9497,1653,1.2063,1357.414201
2026-09-26T00:45:06.966Z,ETHFI,1.2916,972.5,0.7073,1357.414201
2026-09-26T00:45:06.966Z,CC,-0.2644,177.5,0.13111,1357.414201
2026-09-26T00:45:06.966Z,SYRUP,-1.2416,296.8,0.2214,1357.414201
2026-09-26T00:45:06.966Z,TAO,-3.1645,410900,312.6,1357.414201
2026-09-26T00:45:06.966Z,GRAM,-0.7064,1953,1.449,1357.414201
2026-09-26T00:45:06.966Z,RAY,2.8381,2860,2.0488,1357.414201
2026-09-26T00:45:06.966Z,RENDER,1.0894,2636,1.921,1357.414201
2026-09-26T00:45:06.966Z,GRASS,0.9651,706.5,0.5155,1357.414201
2026-09-26T00:45:06.966Z,MINA,1.9313,194.4,0.1405,1357.414201
2026-09-26T00:45:06.966Z,POL,0.0434,157.8,0.1162,1357.414201
2026-09-26T00:45:06.966Z,ENA,0.3817,369.1,0.27088,1357.414201
2026-09-26T00:45:06.966Z,SAND,-0.9836,60.55,0.04505,1357.414201
2026-09-26T00:45:06.966Z,AERO,1.1924,1153,0.8394,1357.414201
2026-09-26T00:45:06.966Z,KGEN,-1.3908,223,0.1666,1357.414201
2026-09-26T00:45:06.966Z,LIT,-0.484,6480,4.797,1357.414201
2026-09-26T00:45:06.966Z,MANA,-3.9407,120,0.09203,1357.414201
2026-09-26T00:45:06.966Z,BAND,-5.8392,284.9,0.2229,1357.414201
2026-09-26T00:45:06.966Z,APE,-0.673,208.7,0.15479,1357.414201
2026-09-26T00:45:06.966Z,GMT,0.6664,12.1,0.008855,1357.414201
2026-09-26T00:45:06.966Z,VIRTUAL,-1.5887,1062,0.795,1357.414201
2026-09-26T00:45:06.966Z,LPT,-2.1347,2261,1.702,1357.414201
2026-09-26T00:45:06.966Z,DATA,0.3048,308.8,0.2268,1357.414201
2026-09-26T00:45:06.966Z,THETA,-5.5279,302,0.2355,1357.414201
2026-09-26T00:45:06.966Z,GRT,-6.9731,35.13,0.02782,1357.414201
2026-09-26T00:45:06.966Z,LAYER,-1.7434,106.9,0.08015,1357.414201
2026-09-26T00:45:06.966Z,NMR,0.1014,13130,9.663,1357.414201
2026-09-26T00:45:06.966Z,EIGEN,-8.7564,321.9,0.2599,1357.414201
2026-09-26T00:45:06.966Z,BAT,-0.1295,125.1,0.09228,1357.414201
2026-09-26T00:45:06.966Z,SPK,-4.6521,30.7,0.02372,1357.414201
2026-09-26T00:45:06.966Z,PUMP,-6.7913,5.276,0.00417,1357.414201
2026-09-26T00:45:06.966Z,KMNO,0.5909,56.57,0.04143,1357.414201
2026-09-26T00:45:06.966Z,CHZ,0.8576,22.74,0.01661,1357.414201
2026-09-26T00:45:06.966Z,PENGU,1.1206,14.16,0.010316,1357.414201
2026-09-26T00:45:06.966Z,OP,1.5553,199.9,0.14501,1357.414201
2026-09-26T00:45:06.966Z,UMA,-0.2024,558.8,0.4125,1357.414201
2026-09-26T00:45:06.966Z,ZRO,0.9811,2204,1.6079,1357.414201
2026-09-26T00:45:06.966Z,S,1.0948,56.03,0.04083,1357.414201
2026-09-26T00:45:06.966Z,IMX,-0.5916,216.9,0.16074,1357.414201
2026-09-26T00:45:06.966Z,A,-3.6357,133.2,0.10183,1357.414201
2026-09-26T00:45:06.966Z,ATH,-5.6993,8.04,0.006281,1357.414201
2026-09-26T00:45:06.966Z,COMP,1.2381,33050,24.05,1357.414201
2026-09-26T00:45:06.966Z,CVX,-4.857,2654,2.055,1357.414201
2026-09-26T00:45:06.966Z,AXS,-0.0753,1651,1.2172,1357.414201
2026-09-26T00:45:06.966Z,WCT,-0.437,58.83,0.04353,1357.414201
2026-09-26T00:45:06.966Z,ME,0.5617,106.2,0.0778,1357.414201
2026-09-26T00:45:06.966Z,ASTER,0.975,1004,0.7325,1357.414201
2026-09-26T00:45:06.966Z,GMX,1.0443,11210,8.173,1357.414201
2026-09-26T00:45:06.966Z,MORPHO,3.6372,3810,2.7083,1357.414201
2026-09-26T00:45:06.966Z,MON,-1.7179,35.02,0.02625,1357.414201
2026-09-26T00:45:06.966Z,1INCH,-2.0513,136.6,0.10274,1357.414201
2026-09-26T00:45:06.966Z,SKY,-0.8866,103.5,0.07693,1357.414201
2026-09-26T00:45:06.966Z,YGG,-2.2468,36.53,0.02753,1357.414201
2026-09-26T00:45:06.966Z,BIO,1.3012,45.02,0.03274,1357.414201
2026-09-26T00:45:06.966Z,MOVE,-5.2594,12.54,0.009751,1357.414201
2026-09-26T00:45:06.966Z,GALA,-10.3273,2.628,0.002159,1357.414201
2026-09-26T00:45:06.966Z,ZK,-1.4674,17.14,0.012815,1357.414201
2026-09-26T00:45:06.966Z,ENS,-0.469,9610,7.113,1357.414201
2026-09-26T00:45:06.966Z,INJ,1.6385,11040,8.002,1357.414201
2026-09-26T00:45:06.966Z,KAITO,-0.4714,478.8,0.3544,1357.414201
2026-09-26T00:45:06.966Z,LDO,-1.1454,650,0.4844,1357.414201
2026-09-26T00:45:06.966Z,BLUR,-0.5268,28.18,0.02087,1357.414201
2026-09-26T00:45:06.966Z,AUCTION,-1.6091,5170,3.871,1357.414201
2026-09-26T00:45:06.966Z,ZETA,-0.3035,74.35,0.05494,1357.414201
2026-09-26T00:45:06.966Z,WIF,-4.4351,325.6,0.251,1357.414201
2026-09-26T00:45:06.966Z,KSM,-0.5985,6370,4.721,1357.414201
2026-09-26T00:50:07.149Z,BTC,-0.0907,113774000,83892.8,1357.414201
2026-09-26T00:50:07.149Z,XRP,-0.1068,2121,1.5642,1357.414201
2026-09-26T00:50:07.149Z,SOL,-0.1995,164800,121.65,1357.414201
2026-09-26T00:50:07.149Z,ETH,-0.0961,3643000,2686.36,1357.414201
2026-09-26T00:50:07.149Z,FIL,0.1634,1420,1.0444,1357.414201
2026-09-26T00:50:07.149Z,TRX,-0.0596,457.8,0.33746,1357.414201
2026-09-26T00:50:07.149Z,BNB,-0.3312,1050000,776.1,1357.414201
2026-09-26T00:50:07.149Z,WLD,-0.1059,672.7,0.4961,1357.414201
2026-09-26T00:50:07.149Z,FLOW,-0.1152,41.95,0.03094,1357.414201
2026-09-26T00:50:07.149Z,LINK,-0.961,18840,14.014,1357.414201
2026-09-26T00:50:07.149Z,DOGE,-0.4689,133.2,0.09859,1357.414201
2026-09-26T00:50:07.149Z,SUI,-0.2204,1597,1.1791,1357.414201
2026-09-26T00:50:07.149Z,XLM,-0.3922,296.5,0.21929,1357.414201
2026-09-26T00:50:07.149Z,BCH,-0.3537,460700,340.6,1357.414201
2026-09-26T00:50:07.149Z,AVAX,0.1333,14420,10.609,1357.414201
2026-09-26T00:50:07.149Z,ETC,0.0986,12900,9.494,1357.414201
2026-09-26T00:50:07.149Z,AAVE,-2.4542,204600,154.52,1357.414201
2026-09-26T00:50:07.149Z,ADA,-0.8888,347.1,0.258,1357.414201
2026-09-26T00:50:07.149Z,HYPE,0.9622,125800,91.793,1357.414201
2026-09-26T00:50:07.149Z,SEI,-0.2403,101.9,0.07525,1357.414201
2026-09-26T00:50:07.149Z,HBAR,0.4584,129.3,0.09482,1357.414201
2026-09-26T00:50:07.149Z,ARB,1.3589,308,0.22386,1357.414201
2026-09-26T00:50:07.149Z,JTO,0.6472,780.1,0.571,1357.414201
2026-09-26T00:50:07.149Z,ONDO,-0.4525,738.2,0.5463,1357.414201
2026-09-26T00:50:07.149Z,QTUM,1.684,1433,1.0382,1357.414201
2026-09-26T00:50:07.149Z,PYTH,-0.5923,99.26,0.07356,1357.414201
2026-09-26T00:50:07.149Z,APT,0.2567,1175,0.8634,1357.414201
2026-09-26T00:50:07.149Z,UNI,-2.8042,12580,9.535,1357.414201
2026-09-26T00:50:07.149Z,TIA,0.7525,672.6,0.4918,1357.414201
2026-09-26T00:50:07.149Z,ALGO,-0.0598,157.8,0.11632,1357.414201
2026-09-26T00:50:07.149Z,NEAR,-1.3222,6625,4.946,1357.414201
2026-09-26T00:50:07.149Z,ZIL,-4.9551,4.9,0.003798,1357.414201
2026-09-26T00:50:07.149Z,SUSHI,-3.4513,347.3,0.265,1357.414201
2026-09-26T00:50:07.149Z,PENDLE,0.0385,3422,2.52,1357.414201
2026-09-26T00:50:07.149Z,XTZ,-0.0056,446.7,0.3291,1357.414201
2026-09-26T00:50:07.149Z,W,-1.6744,16.45,0.012325,1357.414201
2026-09-26T00:50:07.149Z,AR,-6.9798,5855,4.637,1357.414201
2026-09-26T00:50:07.149Z,SHIB,-0.9486,0.008,5.95e-06,1357.414201
2026-09-26T00:50:07.149Z,CELO,0.3552,132.6,0.09734,1357.414201
2026-09-26T00:50:07.149Z,STX,0.0717,444.6,0.3273,1357.414201
2026-09-26T00:50:07.149Z,JUP,1.5829,464,0.3365,1357.414201
2026-09-26T00:50:07.149Z,PEPE,-1.0705,0.006,4.468e-06,1357.414201
2026-09-26T00:50:07.149Z,DYDX,1.9416,186.2,0.13456,1357.414201
2026-09-26T00:50:07.149Z,KITE,-3.7324,175,0.13392,1357.414201
2026-09-26T00:50:07.149Z,CRV,-1.809,467.3,0.3506,1357.414201
2026-09-26T00:50:07.149Z,ENJ,1.7435,40.88,0.0296,1357.414201
2026-09-26T00:50:07.149Z,ATOM,-0.2742,2438,1.801,1357.414201
2026-09-26T00:50:07.149Z,ICP,2.9233,4426,3.168,1357.414201
2026-09-26T00:50:07.149Z,SPACE,0.3521,6.954,0.005105,1357.414201
2026-09-26T00:50:07.149Z,DOT,0.7409,1653,1.2088,1357.414201
2026-09-26T00:50:07.149Z,ETHFI,0.9633,972.5,0.7096,1357.414201
2026-09-26T00:50:07.149Z,CC,-0.3176,177.5,0.13118,1357.414201
2026-09-26T00:50:07.149Z,SYRUP,-1.3308,296.8,0.2216,1357.414201
2026-09-26T00:50:07.149Z,TAO,-3.2573,410900,312.9,1357.414201
2026-09-26T00:50:07.149Z,GRAM,-0.9115,1953,1.452,1357.414201
2026-09-26T00:50:07.149Z,RAY,2.9135,2860,2.0473,1357.414201
2026-09-26T00:50:07.149Z,RENDER,0.9318,2636,1.924,1357.414201
2026-09-26T00:50:07.149Z,GRASS,-0.2541,700,0.517,1357.414201
2026-09-26T00:50:07.149Z,MINA,1.7792,194.4,0.14071,1357.414201
2026-09-26T00:50:07.149Z,POL,0.0262,157.8,0.11622,1357.414201
2026-09-26T00:50:07.149Z,ENA,0.9407,369.1,0.26938,1357.414201
2026-09-26T00:50:07.149Z,SAND,-1.4431,60.55,0.04526,1357.414201
2026-09-26T00:50:07.149Z,AERO,1.604,1153,0.836,1357.414201
2026-09-26T00:50:07.149Z,KGEN,-1.568,223,0.1669,1357.414201
2026-09-26T00:50:07.149Z,LIT,-0.6518,6480,4.8051,1357.414201
2026-09-26T00:50:07.149Z,MANA,-4.1178,120,0.0922,1357.414201
2026-09-26T00:50:07.149Z,BAND,-5.8815,284.9,0.223,1357.414201
2026-09-26T00:50:07.149Z,APE,-0.7372,208.7,0.15489,1357.414201
2026-09-26T00:50:07.149Z,GMT,0.7609,12.11,0.008854,1357.414201
2026-09-26T00:50:07.149Z,VIRTUAL,-1.4896,1062,0.7942,1357.414201
2026-09-26T00:50:07.149Z,LPT,-2.3069,2261,1.705,1357.414201
2026-09-26T00:50:07.149Z,DATA,-0.1355,308.8,0.2278,1357.414201
2026-09-26T00:50:07.149Z,THETA,-5.4878,302,0.2354,1357.414201
2026-09-26T00:50:07.149Z,GRT,-6.9396,35.13,0.02781,1357.414201
2026-09-26T00:50:07.149Z,LAYER,-1.9025,106.9,0.08028,1357.414201
2026-09-26T00:50:07.149Z,NMR,0.174,13130,9.656,1357.414201
2026-09-26T00:50:07.149Z,EIGEN,-9.1061,321.9,0.2609,1357.414201
2026-09-26T00:50:07.149Z,BAT,0.0548,125.1,0.09211,1357.414201
2026-09-26T00:50:07.149Z,SPK,-4.2078,30.7,0.02361,1357.414201
2026-09-26T00:50:07.149Z,PUMP,-6.9698,5.276,0.004178,1357.414201
2026-09-26T00:50:07.149Z,KMNO,0.9565,56.57,0.04128,1357.414201
2026-09-26T00:50:07.149Z,CHZ,0.4343,22.74,0.01668,1357.414201
2026-09-26T00:50:07.149Z,PENGU,0.9444,14.16,0.010334,1357.414201
2026-09-26T00:50:07.149Z,OP,1.0258,199.9,0.14577,1357.414201
2026-09-26T00:50:07.149Z,UMA,-0.2024,558.8,0.4125,1357.414201
2026-09-26T00:50:07.149Z,ZRO,0.8306,2204,1.6103,1357.414201
2026-09-26T00:50:07.149Z,S,1.1691,56.03,0.0408,1357.414201
2026-09-26T00:50:07.149Z,IMX,-0.8076,216.9,0.16109,1357.414201
2026-09-26T00:50:07.149Z,A,-3.7586,133.2,0.10196,1357.414201
2026-09-26T00:50:07.149Z,ATH,-5.8342,8.04,0.00629,1357.414201
2026-09-26T00:50:07.149Z,COMP,1.112,33050,24.08,1357.414201
2026-09-26T00:50:07.149Z,CVX,-4.8107,2654,2.054,1357.414201
2026-09-26T00:50:07.149Z,AXS,-6.572,1550,1.2222,1357.414201
2026-09-26T00:50:07.149Z,WCT,-0.437,58.83,0.04353,1357.414201
2026-09-26T00:50:07.149Z,ME,0.3682,106.2,0.07795,1357.414201
2026-09-26T00:50:07.149Z,ASTER,0.6452,1004,0.7349,1357.414201
2026-09-26T00:50:07.149Z,GMX,1.0443,11210,8.173,1357.414201
2026-09-26T00:50:07.149Z,MORPHO,3.2066,3810,2.7196,1357.414201
2026-09-26T00:50:07.149Z,MON,-1.7553,35.02,0.02626,1357.414201
2026-09-26T00:50:07.149Z,1INCH,-2.0227,136.6,0.10271,1357.414201
2026-09-26T00:50:07.149Z,SKY,-1.0923,103.5,0.07709,1357.414201
2026-09-26T00:50:07.149Z,YGG,-2.424,36.53,0.02758,1357.414201
2026-09-26T00:50:07.149Z,BIO,1.085,45.02,0.03281,1357.414201
2026-09-26T00:50:07.149Z,MOVE,-5.1914,12.54,0.009744,1357.414201
2026-09-26T00:50:07.149Z,GALA,-10.6583,2.628,0.002167,1357.414201
2026-09-26T00:50:07.149Z,ZK,-1.4674,17.14,0.012815,1357.414201
2026-09-26T00:50:07.149Z,ENS,-0.6646,9610,7.127,1357.414201
2026-09-26T00:50:07.149Z,INJ,1.9059,11040,7.981,1357.414201
2026-09-26T00:50:07.149Z,KAITO,-0.6396,478.8,0.355,1357.414201
2026-09-26T00:50:07.149Z,LDO,-1.3897,650,0.4856,1357.414201
2026-09-26T00:50:07.149Z,BLUR,-0.622,28.18,0.02089,1357.414201
2026-09-26T00:50:07.149Z,AUCTION,-1.7107,5170,3.875,1357.414201
2026-09-26T00:50:07.149Z,ZETA,-0.5569,74.35,0.05508,1357.414201
2026-09-26T00:50:07.149Z,WIF,-4.7009,325.6,0.2517,1357.414201
2026-09-26T00:50:07.149Z,KSM,-0.6195,6370,4.722,1357.414201
2026-09-26T00:55:07.069Z,BTC,-0.036,113812000,83874.9,1357.414201
2026-09-26T00:55:07.069Z,XRP,-0.1475,2120,1.5641,1357.414201
2026-09-26T00:55:07.069Z,SOL,-0.0014,165100,121.63,1357.414201
2026-09-26T00:55:07.069Z,ETH,-0.0045,3646000,2686.11,1357.414201
2026-09-26T00:55:07.069Z,FIL,0.2979,1420,1.043,1357.414201
2026-09-26T00:55:07.069Z,TRX,-0.0744,457.8,0.33751,1357.414201
2026-09-26T00:55:07.069Z,BNB,-0.2927,1050000,775.8,1357.414201
2026-09-26T00:55:07.069Z,WLD,-0.0635,671.9,0.4953,1357.414201
2026-09-26T00:55:07.069Z,FLOW,-0.5332,41.95,0.03107,1357.414201
2026-09-26T00:55:07.069Z,LINK,-0.1626,19000,14.02,1357.414201
2026-09-26T00:55:07.069Z,DOGE,-0.4689,133.2,0.09859,1357.414201
2026-09-26T00:55:07.069Z,SUI,-0.2151,1596,1.1783,1357.414201
2026-09-26T00:55:07.069Z,XLM,-0.0414,297.3,0.21911,1357.414201
2026-09-26T00:55:07.069Z,BCH,-0.2659,460700,340.3,1357.414201
2026-09-26T00:55:07.069Z,AVAX,0.3035,14420,10.591,1357.414201
2026-09-26T00:55:07.069Z,ETC,2.3209,13160,9.475,1357.414201
2026-09-26T00:55:07.069Z,AAVE,-3.2991,204600,155.87,1357.414201
2026-09-26T00:55:07.069Z,ADA,0.2111,350,0.2573,1357.414201
2026-09-26T00:55:07.069Z,HYPE,0.9853,125800,91.772,1357.414201
2026-09-26T00:55:07.069Z,SEI,-0.4255,101.9,0.07539,1357.414201
2026-09-26T00:55:07.069Z,HBAR,0.4478,129.3,0.09483,1357.414201
2026-09-26T00:55:07.069Z,ARB,1.4586,308,0.22364,1357.414201
2026-09-26T00:55:07.069Z,JTO,0.6825,780.1,0.5708,1357.414201
2026-09-26T00:55:07.069Z,ONDO,-0.2019,740.6,0.5467,1357.414201
2026-09-26T00:55:07.069Z,QTUM,1.8803,1433,1.0362,1357.414201
2026-09-26T00:55:07.069Z,PYTH,-0.2397,99.26,0.0733,1357.414201
2026-09-26T00:55:07.069Z,APT,0.5829,1175,0.8606,1357.414201
2026-09-26T00:55:07.069Z,UNI,-3.0888,12580,9.563,1357.414201
2026-09-26T00:55:07.069Z,TIA,0.8756,672.6,0.4912,1357.414201
2026-09-26T00:55:07.069Z,ALGO,0.0262,157.8,0.11622,1357.414201
2026-09-26T00:55:07.069Z,NEAR,-0.5785,6625,4.909,1357.414201
2026-09-26T00:55:07.069Z,ZIL,-5.0801,4.9,0.003803,1357.414201
2026-09-26T00:55:07.069Z,SUSHI,-3.3053,347.3,0.2646,1357.414201
2026-09-26T00:55:07.069Z,PENDLE,0.1577,3422,2.517,1357.414201
2026-09-26T00:55:07.069Z,XTZ,0.0552,446.7,0.3289,1357.414201
2026-09-26T00:55:07.069Z,W,-1.3141,16.45,0.01228,1357.414201
2026-09-26T00:55:07.069Z,AR,-6.7182,5855,4.624,1357.414201
2026-09-26T00:55:07.069Z,SHIB,-0.8486,0.008,5.944e-06,1357.414201
2026-09-26T00:55:07.069Z,CELO,0.2625,132.6,0.09743,1357.414201
2026-09-26T00:55:07.069Z,STX,0.2554,444.6,0.3267,1357.414201
2026-09-26T00:55:07.069Z,JUP,1.6131,464,0.3364,1357.414201
2026-09-26T00:55:07.069Z,PEPE,-1.1148,0.006,4.47e-06,1357.414201
2026-09-26T00:55:07.069Z,DYDX,2.0402,186.2,0.13443,1357.414201
2026-09-26T00:55:07.069Z,KITE,-4.6508,175,0.13521,1357.414201
2026-09-26T00:55:07.069Z,CRV,-2.0047,467.3,0.3513,1357.414201
2026-09-26T00:55:07.069Z,ENJ,1.7435,40.88,0.0296,1357.414201
2026-09-26T00:55:07.069Z,ATOM,-0.1078,2438,1.798,1357.414201
2026-09-26T00:55:07.069Z,ICP,3.0535,4426,3.164,1357.414201
2026-09-26T00:55:07.069Z,SPACE,0.5886,6.954,0.005093,1357.414201
2026-09-26T00:55:07.069Z,DOT,0.691,1653,1.2094,1357.414201
2026-09-26T00:55:07.069Z,ETHFI,0.8212,972.5,0.7106,1357.414201
2026-09-26T00:55:07.069Z,CC,-0.2492,177.5,0.13109,1357.414201
2026-09-26T00:55:07.069Z,SYRUP,-1.2862,296.8,0.2215,1357.414201
2026-09-26T00:55:07.069Z,TAO,-3.1645,410900,312.6,1357.414201
2026-09-26T00:55:07.069Z,GRAM,-0.8432,1953,1.451,1357.414201
2026-09-26T00:55:07.069Z,RAY,2.9135,2860,2.0473,1357.414201
2026-09-26T00:55:07.069Z,RENDER,0.9843,2636,1.923,1357.414201
2026-09-26T00:55:07.069Z,GRASS,-0.1189,700,0.5163,1357.414201
2026-09-26T00:55:07.069Z,MINA,1.924,194.4,0.14051,1357.414201
2026-09-26T00:55:07.069Z,POL,0.3543,157.8,0.11584,1357.414201
2026-09-26T00:55:07.069Z,ENA,1.978,369.1,0.26664,1357.414201
2026-09-26T00:55:07.069Z,SAND,-1.1811,60.55,0.04514,1357.414201
2026-09-26T00:55:07.069Z,AERO,1.75,1153,0.8348,1357.414201
2026-09-26T00:55:07.069Z,KGEN,-1.2723,223,0.1664,1357.414201
2026-09-26T00:55:07.069Z,LIT,-0.6683,6480,4.8059,1357.414201
2026-09-26T00:55:07.069Z,MANA,-3.8676,120,0.09196,1357.414201
2026-09-26T00:55:07.069Z,BAND,-5.797,284.9,0.2228,1357.414201
2026-09-26T00:55:07.069Z,APE,-0.6409,208.7,0.15474,1357.414201
2026-09-26T00:55:07.069Z,GMT,0.9662,12.11,0.008836,1357.414201
2026-09-26T00:55:07.069Z,VIRTUAL,-0.9658,1062,0.79,1357.414201
2026-09-26T00:55:07.069Z,LPT,-2.0772,2261,1.701,1357.414201
2026-09-26T00:55:07.069Z,DATA,0.3048,308.8,0.2268,1357.414201
2026-09-26T00:55:07.069Z,THETA,-5.2866,302,0.2349,1357.414201
2026-09-26T00:55:07.069Z,GRT,-6.8056,35.13,0.02777,1357.414201
2026-09-26T00:55:07.069Z,LAYER,-1.7924,106.9,0.08019,1357.414201
2026-09-26T00:55:07.069Z,NMR,0.2259,13130,9.651,1357.414201
2026-09-26T00:55:07.069Z,EIGEN,-8.9316,321.9,0.2604,1357.414201
2026-09-26T00:55:07.069Z,BAT,0.2835,125.1,0.0919,1357.414201
2026-09-26T00:55:07.069Z,SPK,-4.1266,30.7,0.02359,1357.414201
2026-09-26T00:55:07.069Z,PUMP,-6.8137,5.276,0.004171,1357.414201
2026-09-26T00:55:07.069Z,KMNO,0.6638,56.57,0.0414,1357.414201
2026-09-26T00:55:07.069Z,CHZ,0.6153,22.74,0.01665,1357.414201
2026-09-26T00:55:07.069Z,PENGU,0.5843,14.16,0.010371,1357.414201
2026-09-26T00:55:07.069Z,OP,1.4573,199.9,0.14515,1357.414201
2026-09-26T00:55:07.069Z,UMA,-0.0328,558.8,0.4118,1357.414201
2026-09-26T00:55:07.069Z,ZRO,0.9874,2204,1.6078,1357.414201
2026-09-26T00:55:07.069Z,S,1.3679,56.03,0.04072,1357.414201
2026-09-26T00:55:07.069Z,IMX,-0.9981,216.9,0.1614,1357.414201
2026-09-26T00:55:07.069Z,A,-3.6263,133.2,0.10182,1357.414201
2026-09-26T00:55:07.069Z,ATH,-5.2316,8.04,0.00625,1357.414201
2026-09-26T00:55:07.069Z,COMP,1.196,33050,24.06,1357.414201
2026-09-26T00:55:07.069Z,CVX,-4.7643,2654,2.053,1357.414201
2026-09-26T00:55:07.069Z,AXS,-6.0261,1550,1.2151,1357.414201
2026-09-26T00:55:07.069Z,WCT,-0.2996,58.83,0.04347,1357.414201
2026-09-26T00:55:07.069Z,ME,0.7041,106.2,0.07769,1357.414201
2026-09-26T00:55:07.069Z,ASTER,0.5084,1004,0.7359,1357.414201
2026-09-26T00:55:07.069Z,GMX,1.3543,11210,8.148,1357.414201
2026-09-26T00:55:07.069Z,MORPHO,3.3701,3810,2.7153,1357.414201
2026-09-26T00:55:07.069Z,MON,-1.7179,35.02,0.02625,1357.414201
2026-09-26T00:55:07.069Z,1INCH,-1.975,136.6,0.10266,1357.414201
2026-09-26T00:55:07.069Z,SKY,-1.2205,103.5,0.07719,1357.414201
2026-09-26T00:55:07.069Z,YGG,-2.2468,36.53,0.02753,1357.414201
2026-09-26T00:55:07.069Z,BIO,1.2393,45.02,0.03276,1357.414201
2026-09-26T00:55:07.069Z,MOVE,-4.8692,12.54,0.009711,1357.414201
2026-09-26T00:55:07.069Z,GALA,-10.3273,2.628,0.002159,1357.414201
2026-09-26T00:55:07.069Z,ZK,-1.1202,17.14,0.01277,1357.414201
2026-09-26T00:55:07.069Z,ENS,-0.483,9610,7.114,1357.414201
2026-09-26T00:55:07.069Z,INJ,2.1748,11040,7.96,1357.414201
2026-09-26T00:55:07.069Z,KAITO,-0.4714,478.8,0.3544,1357.414201
2026-09-26T00:55:07.069Z,LDO,-1.4709,650,0.486,1357.414201
2026-09-26T00:55:07.069Z,BLUR,-0.4314,28.18,0.02085,1357.414201
2026-09-26T00:55:07.069Z,AUCTION,-1.5837,5170,3.87,1357.414201
2026-09-26T00:55:07.069Z,ZETA,-1.1135,74.35,0.05539,1357.414201
2026-09-26T00:55:07.069Z,WIF,-4.4351,325.6,0.251,1357.414201
2026-09-26T00:55:07.069Z,KSM,-0.5353,6370,4.718,1357.414201
2026-09-26T01:00:06.962Z,BTC,-0.0098,113830000,83866.2,1357.414201
2026-09-26T01:00:06.962Z,XRP,0.0019,2121,1.5625,1357.414201
2026-09-26T01:00:06.962Z,SOL,-0.0958,164700,121.45,1357.414201
2026-09-26T01:00:06.962Z,ETH,0.0175,3646000,2685.52,1357.414201
2026-09-26T01:00:06.962Z,FIL,0.4809,1420,1.0411,1357.414201
2026-09-26T01:00:06.962Z,TRX,-0.027,457.8,0.33735,1357.414201
2026-09-26T01:00:06.962Z,BNB,-0.2669,1050000,775.6,1357.414201
2026-09-26T01:00:06.962Z,WLD,0.1803,668.1,0.4913,1357.414201
2026-09-26T01:00:06.962Z,FLOW,-0.3728,41.95,0.03102,1357.414201
2026-09-26T01:00:06.962Z,LINK,-0.3403,19000,14.045,1357.414201
2026-09-26T01:00:06.962Z,DOGE,-0.3476,133.2,0.09847,1357.414201
2026-09-26T01:00:06.962Z,SUI,0.0457,1598,1.1767,1357.414201
2026-09-26T01:00:06.962Z,XLM,-0.0003,297.3,0.21902,1357.414201
2026-09-26T01:00:06.962Z,BCH,-0.1485,460700,339.9,1357.414201
2026-09-26T01:00:06.962Z,AVAX,0.4077,14420,10.58,1357.414201
2026-09-26T01:00:06.962Z,ETC,2.6568,13160,9.444,1357.414201
2026-09-26T01:00:06.962Z,AAVE,-3.0378,204600,155.45,1357.414201
2026-09-26T01:00:06.962Z,ADA,0.3671,350,0.2569,1357.414201
2026-09-26T01:00:06.962Z,HYPE,1.1142,125800,91.655,1357.414201
2026-09-26T01:00:06.962Z,SEI,0.4451,102.9,0.07547,1357.414201
2026-09-26T01:00:06.962Z,HBAR,0.5963,129.3,0.09469,1357.414201
2026-09-26T01:00:06.962Z,ARB,1.554,308,0.22343,1357.414201
2026-09-26T01:00:06.962Z,JTO,0.7708,780.1,0.5703,1357.414201
2026-09-26T01:00:06.962Z,ONDO,0.1603,742.2,0.5459,1357.414201
2026-09-26T01:00:06.962Z,QTUM,1.9098,1433,1.0359,1357.414201
2026-09-26T01:00:06.962Z,PYTH,0.1429,99.26,0.07302,1357.414201
2026-09-26T01:00:06.962Z,APT,0.9936,1175,0.8571,1357.414201
2026-09-26T01:00:06.962Z,UNI,-2.8653,12580,9.541,1357.414201
2026-09-26T01:00:06.962Z,TIA,1.102,672.6,0.4901,1357.414201
2026-09-26T01:00:06.962Z,ALGO,0.1468,157.8,0.11608,1357.414201
2026-09-26T01:00:06.962Z,NEAR,-0.2534,6625,4.893,1357.414201
2026-09-26T01:00:06.962Z,ZIL,-4.679,4.9,0.003787,1357.414201
2026-09-26T01:00:06.962Z,SUSHI,-3.2322,347.3,0.2644,1357.414201
2026-09-26T01:00:06.962Z,PENDLE,0.2772,3422,2.514,1357.414201
2026-09-26T01:00:06.962Z,XTZ,0.1161,446.7,0.3287,1357.414201
2026-09-26T01:00:06.962Z,W,-1.0805,16.45,0.012251,1357.414201
2026-09-26T01:00:06.962Z,AR,-6.5971,5855,4.618,1357.414201
2026-09-26T01:00:06.962Z,SHIB,-0.7818,0.008,5.94e-06,1357.414201
2026-09-26T01:00:06.962Z,CELO,-0.1781,132.6,0.09786,1357.414201
2026-09-26T01:00:06.962Z,STX,-0.081,444.6,0.3278,1357.414201
2026-09-26T01:00:06.962Z,JUP,1.8553,464,0.3356,1357.414201
2026-09-26T01:00:06.962Z,PEPE,-1.0041,0.006,4.465e-06,1357.414201
2026-09-26T01:00:06.962Z,DYDX,2.3829,186.2,0.13398,1357.414201
2026-09-26T01:00:06.962Z,KITE,-4.5449,175,0.13506,1357.414201
2026-09-26T01:00:06.962Z,CRV,-2.0605,467.3,0.3515,1357.414201
2026-09-26T01:00:06.962Z,ENJ,2.0193,40.88,0.02952,1357.414201
2026-09-26T01:00:06.962Z,ATOM,0.1708,2438,1.793,1357.414201
2026-09-26T01:00:06.962Z,ICP,3.282,4426,3.157,1357.414201
2026-09-26T01:00:06.962Z,SPACE,0.6479,6.954,0.00509,1357.414201
2026-09-26T01:00:06.962Z,DOT,0.1115,1653,1.2164,1357.414201
2026-09-26T01:00:06.962Z,ETHFI,0.7929,972.5,0.7108,1357.414201
2026-09-26T01:00:06.962Z,CC,-0.112,177.5,0.13091,1357.414201
2026-09-26T01:00:06.962Z,SYRUP,-1.0629,296.8,0.221,1357.414201
2026-09-26T01:00:06.962Z,TAO,-3.2264,410900,312.8,1357.414201
2026-09-26T01:00:06.962Z,GRAM,-0.7064,1953,1.449,1357.414201
2026-09-26T01:00:06.962Z,RAY,3.0947,2860,2.0437,1357.414201
2026-09-26T01:00:06.962Z,RENDER,1.1421,2636,1.92,1357.414201
2026-09-26T01:00:06.962Z,GRASS,-0.1575,700,0.5165,1357.414201
2026-09-26T01:00:06.962Z,MINA,2.449,194.4,0.13979,1357.414201
2026-09-26T01:00:06.962Z,POL,0.7108,157.8,0.11543,1357.414201
2026-09-26T01:00:06.962Z,ENA,1.3848,369.1,0.2682,1357.414201
2026-09-26T01:00:06.962Z,SAND,-0.9397,60.55,0.04503,1357.414201
2026-09-26T01:00:06.962Z,AERO,2.66,1153,0.8274,1357.414201
2026-09-26T01:00:06.962Z,KGEN,-1.2723,223,0.1664,1357.414201
2026-09-26T01:00:06.962Z,LIT,-0.6745,6480,4.8062,1357.414201
2026-09-26T01:00:06.962Z,MANA,-3.5214,120,0.09163,1357.414201
2026-09-26T01:00:06.962Z,BAND,-5.5426,284.9,0.2222,1357.414201
2026-09-26T01:00:06.962Z,APE,-0.5252,208.7,0.15456,1357.414201
2026-09-26T01:00:06.962Z,GMT,1.2412,12.11,0.008812,1357.414201
2026-09-26T01:00:06.962Z,VIRTUAL,-0.7397,1062,0.7882,1357.414201
2026-09-26T01:00:06.962Z,LPT,-1.9619,2261,1.699,1357.414201
2026-09-26T01:00:06.962Z,DATA,0.2165,308.8,0.227,1357.414201
2026-09-26T01:00:06.962Z,THETA,-5.0035,302,0.2342,1357.414201
2026-09-26T01:00:06.962Z,GRT,-7.1066,35.13,0.02786,1357.414201
2026-09-26T01:00:06.962Z,LAYER,-1.6821,106.9,0.0801,1357.414201
2026-09-26T01:00:06.962Z,NMR,0.1533,13130,9.658,1357.414201
2026-09-26T01:00:06.962Z,EIGEN,-8.7564,321.9,0.2599,1357.414201
2026-09-26T01:00:06.962Z,BAT,0.557,125.1,0.09165,1357.414201
2026-09-26T01:00:06.962Z,SPK,-3.7185,30.7,0.02349,1357.414201
2026-09-26T01:00:06.962Z,PUMP,-6.3421,5.276,0.00415,1357.414201
2026-09-26T01:00:06.962Z,KMNO,0.7612,56.57,0.04136,1357.414201
2026-09-26T01:00:06.962Z,CHZ,0.8576,22.74,0.01661,1357.414201
2026-09-26T01:00:06.962Z,PENGU,0.4971,14.16,0.01038,1357.414201
2026-09-26T01:00:06.962Z,OP,1.5343,199.9,0.14504,1357.414201
2026-09-26T01:00:06.962Z,UMA,-0.0085,558.8,0.4117,1357.414201
2026-09-26T01:00:06.962Z,ZRO,0.8369,2204,1.6102,1357.414201
2026-09-26T01:00:06.962Z,S,1.6675,56.03,0.0406,1357.414201
2026-09-26T01:00:06.962Z,IMX,-0.5483,216.9,0.16067,1357.414201
2026-09-26T01:00:06.962Z,A,-3.1793,133.2,0.10135,1357.414201
2026-09-26T01:00:06.962Z,ATH,-5.1709,8.04,0.006246,1357.414201
2026-09-26T01:00:06.962Z,COMP,1.4068,33050,24.01,1357.414201
2026-09-26T01:00:06.962Z,CVX,-4.7643,2654,2.053,1357.414201
2026-09-26T01:00:06.962Z,AXS,-5.2306,1550,1.2049,1357.414201
2026-09-26T01:00:06.962Z,WCT,-0.1848,58.83,0.04342,1357.414201
2026-09-26T01:00:06.962Z,ME,0.7689,106.2,0.07764,1357.414201
2026-09-26T01:00:06.962Z,ASTER,0.8373,1004,0.7335,1357.414201
2026-09-26T01:00:06.962Z,GMX,1.5537,11210,8.132,1357.414201
2026-09-26T01:00:06.962Z,MORPHO,3.218,3810,2.7193,1357.414201
2026-09-26T01:00:06.962Z,MON,-1.5679,35.02,0.02621,1357.414201
2026-09-26T01:00:06.962Z,1INCH,-1.774,136.6,0.10245,1357.414201
2026-09-26T01:00:06.962Z,SKY,-1.5775,103.5,0.07747,1357.414201
2026-09-26T01:00:06.962Z,YGG,-2.1045,36.53,0.02749,1357.414201
2026-09-26T01:00:06.962Z,BIO,1.6115,45.02,0.03264,1357.414201
2026-09-26T01:00:06.962Z,MOVE,-4.6138,12.54,0.009685,1357.414201
2026-09-26T01:00:06.962Z,GALA,-10.0356,2.628,0.002152,1357.414201
2026-09-26T01:00:06.962Z,ZK,-0.489,17.14,0.012689,1357.414201
2026-09-26T01:00:06.962Z,ENS,-0.427,9610,7.11,1357.414201
2026-09-26T01:00:06.962Z,INJ,2.3161,11040,7.949,1357.414201
2026-09-26T01:00:06.962Z,KAITO,-0.3307,478.8,0.3539,1357.414201
2026-09-26T01:00:06.962Z,LDO,-1.5519,650,0.4864,1357.414201
2026-09-26T01:00:06.962Z,BLUR,-0.24,28.18,0.02081,1357.414201
2026-09-26T01:00:06.962Z,AUCTION,-1.4308,5170,3.864,1357.414201
2026-09-26T01:00:06.962Z,ZETA,-1.2205,74.35,0.05545,1357.414201
2026-09-26T01:00:06.962Z,WIF,-4.0912,325.6,0.2501,1357.414201
2026-09-26T01:00:06.962Z,KSM,-0.324,6370,4.708,1357.414201
2026-09-26T01:05:06.974Z,BTC,0.0043,113859000,83875.7,1357.414201
2026-09-26T01:05:06.974Z,XRP,-0.0509,2123,1.5648,1357.414201
2026-09-26T01:05:06.974Z,SOL,0.0809,165100,121.53,1357.414201
2026-09-26T01:05:06.974Z,ETH,-0.0206,3647000,2687.28,1357.414201
2026-09-26T01:05:06.974Z,FIL,0.0102,1420,1.046,1357.414201
2026-09-26T01:05:06.974Z,TRX,-0.0181,457.8,0.33732,1357.414201
2026-09-26T01:05:06.974Z,BNB,-0.2927,1050000,775.8,1357.414201
2026-09-26T01:05:06.974Z,WLD,-0.0872,669.3,0.4935,1357.414201
2026-09-26T01:05:06.974Z,FLOW,-0.7249,41.95,0.03113,1357.414201
2026-09-26T01:05:06.974Z,LINK,0.2602,19090,14.027,1357.414201
2026-09-26T01:05:06.974Z,DOGE,-0.4487,133.2,0.09857,1357.414201
2026-09-26T01:05:06.974Z,SUI,-0.0339,1597,1.1769,1357.414201
2026-09-26T01:05:06.974Z,XLM,0.2889,298.5,0.21927,1357.414201
2026-09-26T01:05:06.974Z,BCH,-0.3829,460700,340.7,1357.414201
2026-09-26T01:05:06.974Z,AVAX,-0.1585,14420,10.64,1357.414201
2026-09-26T01:05:06.974Z,ETC,2.5916,13160,9.45,1357.414201
2026-09-26T01:05:06.974Z,AAVE,-3.1935,204600,155.7,1357.414201
2026-09-26T01:05:06.974Z,ADA,0.1413,350.3,0.2577,1357.414201
2026-09-26T01:05:06.974Z,HYPE,1.0822,125800,91.684,1357.414201
2026-09-26T01:05:06.974Z,SEI,0.2061,102.9,0.07565,1357.414201
2026-09-26T01:05:06.974Z,HBAR,0.6814,129.3,0.09461,1357.414201
2026-09-26T01:05:06.974Z,ARB,1.5767,308,0.22338,1357.414201
2026-09-26T01:05:06.974Z,JTO,1.6081,780.1,0.5656,1357.414201
2026-09-26T01:05:06.974Z,ONDO,0.1076,739.5,0.5442,1357.414201
2026-09-26T01:05:06.974Z,QTUM,1.6449,1433,1.0386,1357.414201
2026-09-26T01:05:06.974Z,PYTH,0.1429,99.26,0.07302,1357.414201
2026-09-26T01:05:06.974Z,APT,0.782,1175,0.8589,1357.414201
2026-09-26T01:05:06.974Z,UNI,-3.1131,12590,9.573,1357.414201
2026-09-26T01:05:06.974Z,TIA,0.9784,672.6,0.4907,1357.414201
2026-09-26T01:05:06.974Z,ALGO,-0.0254,157.8,0.11628,1357.414201
2026-09-26T01:05:06.974Z,NEAR,-0.3552,6625,4.898,1357.414201
2026-09-26T01:05:06.974Z,ZIL,-5.0051,4.9,0.0038,1357.414201
2026-09-26T01:05:06.974Z,SUSHI,-3.1104,348,0.2646,1357.414201
2026-09-26T01:05:06.974Z,PENDLE,0.1179,3422,2.518,1357.414201
2026-09-26T01:05:06.974Z,XTZ,0.0856,446.7,0.3288,1357.414201
2026-09-26T01:05:06.974Z,W,-0.9025,16.45,0.012229,1357.414201
2026-09-26T01:05:06.974Z,AR,-6.6173,5855,4.619,1357.414201
2026-09-26T01:05:06.974Z,SHIB,-0.8986,0.008,5.947e-06,1357.414201
2026-09-26T01:05:06.974Z,CELO,-0.4466,133,0.09842,1357.414201
2026-09-26T01:05:06.974Z,STX,-0.5965,444.6,0.3295,1357.414201
2026-09-26T01:05:06.974Z,JUP,2.0987,464,0.3348,1357.414201
2026-09-26T01:05:06.974Z,PEPE,-1.0705,0.006,4.468e-06,1357.414201
2026-09-26T01:05:06.974Z,DYDX,2.1465,186.2,0.13429,1357.414201
2026-09-26T01:05:06.974Z,KITE,-4.2116,175,0.13459,1357.414201
2026-09-26T01:05:06.974Z,CRV,-1.9489,467.3,0.3511,1357.414201
2026-09-26T01:05:06.974Z,ENJ,1.8123,40.88,0.02958,1357.414201
2026-09-26T01:05:06.974Z,ATOM,-0.0522,2438,1.797,1357.414201
2026-09-26T01:05:06.974Z,ICP,3.1513,4426,3.161,1357.414201
2026-09-26T01:05:06.974Z,SPACE,0.5294,6.954,0.005096,1357.414201
2026-09-26T01:05:06.974Z,DOT,-0.2575,1653,1.2209,1357.414201
2026-09-26T01:05:06.974Z,ETHFI,0.8922,972.5,0.7101,1357.414201
2026-09-26T01:05:06.974Z,CC,-0.477,177.5,0.13139,1357.414201
2026-09-26T01:05:06.974Z,SYRUP,-0.9733,296.8,0.2208,1357.414201
2026-09-26T01:05:06.974Z,TAO,-3.1954,410900,312.7,1357.414201
2026-09-26T01:05:06.974Z,GRAM,-0.8432,1953,1.451,1357.414201
2026-09-26T01:05:06.974Z,RAY,2.6577,2860,2.0524,1357.414201
2026-09-26T01:05:06.974Z,RENDER,0.9843,2636,1.923,1357.414201
2026-09-26T01:05:06.974Z,GRASS,-0.0608,700,0.516,1357.414201
2026-09-26T01:05:06.974Z,MINA,2.113,194.4,0.14025,1357.414201
2026-09-26T01:05:06.974Z,POL,0.121,157.8,0.11611,1357.414201
2026-09-26T01:05:06.974Z,ENA,2.208,369.1,0.26604,1357.414201
2026-09-26T01:05:06.974Z,SAND,-1.0056,60.55,0.04506,1357.414201
2026-09-26T01:05:06.974Z,AERO,2.5237,1153,0.8285,1357.414201
2026-09-26T01:05:06.974Z,KGEN,-0.9747,223,0.1659,1357.414201
2026-09-26T01:05:06.974Z,LIT,-0.6207,6480,4.8036,1357.414201
2026-09-26T01:05:06.974Z,MANA,-3.4898,120,0.0916,1357.414201
2026-09-26T01:05:06.974Z,BAND,-5.67,284.9,0.2225,1357.414201
2026-09-26T01:05:06.974Z,APE,-0.5831,208.7,0.15465,1357.414201
2026-09-26T01:05:06.974Z,GMT,1.2067,12.11,0.008815,1357.414201
2026-09-26T01:05:06.974Z,VIRTUAL,-0.5504,1062,0.7867,1357.414201
2026-09-26T01:05:06.974Z,LPT,-2.1922,2261,1.703,1357.414201
2026-09-26T01:05:06.974Z,DATA,0.1723,308.8,0.2271,1357.414201
2026-09-26T01:05:06.974Z,THETA,-5.044,302,0.2343,1357.414201
2026-09-26T01:05:06.974Z,GRT,-7.4058,35.13,0.02795,1357.414201
2026-09-26T01:05:06.974Z,LAYER,-1.4853,106.9,0.07994,1357.414201
2026-09-26T01:05:06.974Z,NMR,-0.002,13130,9.673,1357.414201
2026-09-26T01:05:06.974Z,EIGEN,-8.8966,321.9,0.2603,1357.414201
2026-09-26T01:05:06.974Z,BAT,0.4474,125.1,0.09175,1357.414201
2026-09-26T01:05:06.974Z,SPK,-3.8004,30.7,0.02351,1357.414201
2026-09-26T01:05:06.974Z,PUMP,-6.7466,5.276,0.004168,1357.414201
2026-09-26T01:05:06.974Z,KMNO,0.9565,56.57,0.04128,1357.414201
2026-09-26T01:05:06.974Z,CHZ,0.6757,22.74,0.01664,1357.414201
2026-09-26T01:05:06.974Z,PENGU,1.1304,14.16,0.010315,1357.414201
2026-09-26T01:05:06.974Z,OP,1.7096,199.9,0.14479,1357.414201
2026-09-26T01:05:06.974Z,UMA,-0.0328,558.8,0.4118,1357.414201
2026-09-26T01:05:06.974Z,ZRO,0.8557,2204,1.6099,1357.414201
2026-09-26T01:05:06.974Z,S,1.4426,56.03,0.04069,1357.414201
2026-09-26T01:05:06.974Z,IMX,-0.3809,216.9,0.1604,1357.414201
2026-09-26T01:05:06.974Z,A,-3.2366,133.2,0.10141,1357.414201
2026-09-26T01:05:06.974Z,ATH,-5.2012,8.04,0.006248,1357.414201
2026-09-26T01:05:06.974Z,COMP,1.0281,33050,24.1,1357.414201
2026-09-26T01:05:06.974Z,CVX,-4.9957,2654,2.058,1357.414201
2026-09-26T01:05:06.974Z,AXS,-3.3373,1550,1.1813,1357.414201
2026-09-26T01:05:06.974Z,WCT,0.0456,58.83,0.04332,1357.414201
2026-09-26T01:05:06.974Z,ME,0.8339,106.2,0.07759,1357.414201
2026-09-26T01:05:06.974Z,ASTER,0.8098,1004,0.7337,1357.414201
2026-09-26T01:05:06.974Z,GMX,1.5412,11210,8.133,1357.414201
2026-09-26T01:05:06.974Z,MORPHO,3.1573,3810,2.7209,1357.414201
2026-09-26T01:05:06.974Z,MON,-1.7179,35.02,0.02625,1357.414201
2026-09-26T01:05:06.974Z,1INCH,-1.8219,136.6,0.1025,1357.414201
2026-09-26T01:05:06.974Z,SKY,-0.3569,105,0.07763,1357.414201
2026-09-26T01:05:06.974Z,YGG,-2.1757,36.53,0.02751,1357.414201
2026-09-26T01:05:06.974Z,BIO,1.6738,45.02,0.03262,1357.414201
2026-09-26T01:05:06.974Z,MOVE,-5.0842,12.54,0.009733,1357.414201
2026-09-26T01:05:06.974Z,GALA,-10.0356,2.628,0.002152,1357.414201
2026-09-26T01:05:06.974Z,ZK,-0.6691,17.14,0.012712,1357.414201
2026-09-26T01:05:06.974Z,ENS,-0.469,9610,7.113,1357.414201
2026-09-26T01:05:06.974Z,INJ,2.1106,11040,7.965,1357.414201
2026-09-26T01:05:06.974Z,KAITO,-0.4994,478.8,0.3545,1357.414201
2026-09-26T01:05:06.974Z,LDO,-1.227,650,0.4848,1357.414201
2026-09-26T01:05:06.974Z,BLUR,-0.3836,28.18,0.02084,1357.414201
2026-09-26T01:05:06.974Z,AUCTION,-1.6091,5170,3.871,1357.414201
2026-09-26T01:05:06.974Z,ZETA,-0.6831,74.35,0.05515,1357.414201
2026-09-26T01:05:06.974Z,WIF,-3.9376,325.6,0.2497,1357.414201
2026-09-26T01:05:06.974Z,KSM,-0.4931,6370,4.716,1357.414201
2026-09-26T01:10:06.913Z,BTC,-0.0417,113810000,83878.2,1357.414201
2026-09-26T01:10:06.913Z,XRP,-0.0526,2125,1.5663,1357.414201
2026-09-26T01:10:06.913Z,SOL,0.1498,165200,121.52,1357.414201
2026-09-26T01:10:06.913Z,ETH,-0.0477,3646000,2687.27,1357.414201
2026-09-26T01:10:06.913Z,FIL,-0.2568,1420,1.0488,1357.414201
2026-09-26T01:10:06.913Z,TRX,-0.0211,457.8,0.33733,1357.414201
2026-09-26T01:10:06.913Z,BNB,-0.2412,1050000,775.4,1357.414201
2026-09-26T01:10:06.913Z,WLD,-0.1506,666.3,0.4916,1357.414201
2026-09-26T01:10:06.913Z,FLOW,-0.5011,41.95,0.03106,1357.414201
2026-09-26T01:10:06.913Z,LINK,0.6549,19090,13.972,1357.414201
2026-09-26T01:10:06.913Z,DOGE,-0.5092,133.2,0.09863,1357.414201
2026-09-26T01:10:06.913Z,SUI,-0.0795,1596,1.1767,1357.414201
2026-09-26T01:10:06.913Z,XLM,0.1701,298.5,0.21953,1357.414201
2026-09-26T01:10:06.913Z,BCH,-0.6163,460700,341.5,1357.414201
2026-09-26T01:10:06.913Z,AVAX,-0.0551,14420,10.629,1357.414201
2026-09-26T01:10:06.913Z,ETC,2.4398,13160,9.464,1357.414201
2026-09-26T01:10:06.913Z,AAVE,-2.8566,204600,155.16,1357.414201
2026-09-26T01:10:06.913Z,ADA,0.0249,350.3,0.258,1357.414201
2026-09-26T01:10:06.913Z,HYPE,1.1528,125800,91.62,1357.414201
2026-09-26T01:10:06.913Z,SEI,-0.5433,102.9,0.07622,1357.414201
2026-09-26T01:10:06.913Z,HBAR,0.7239,129.3,0.09457,1357.414201
2026-09-26T01:10:06.913Z,ARB,1.5358,308,0.22347,1357.414201
2026-09-26T01:10:06.913Z,JTO,1.5543,780.1,0.5659,1357.414201
2026-09-26T01:10:06.913Z,ONDO,-0.1622,737.1,0.5439,1357.414201
2026-09-26T01:10:06.913Z,QTUM,1.7919,1433,1.0371,1357.414201
2026-09-26T01:10:06.913Z,PYTH,0.2665,99.26,0.07293,1357.414201
2026-09-26T01:10:06.913Z,APT,0.7702,1175,0.859,1357.414201
2026-09-26T01:10:06.913Z,UNI,-2.9305,12590,9.555,1357.414201
2026-09-26T01:10:06.913Z,TIA,0.999,672.6,0.4906,1357.414201
2026-09-26T01:10:06.913Z,ALGO,0.1555,157.8,0.11607,1357.414201
2026-09-26T01:10:06.913Z,NEAR,-0.619,6625,4.911,1357.414201
2026-09-26T01:10:06.913Z,ZIL,-4.9301,4.9,0.003797,1357.414201
2026-09-26T01:10:06.913Z,SUSHI,-3.1836,348,0.2648,1357.414201
2026-09-26T01:10:06.913Z,PENDLE,0.1577,3422,2.517,1357.414201
2026-09-26T01:10:06.913Z,XTZ,0.1161,446.7,0.3287,1357.414201
2026-09-26T01:10:06.913Z,W,-0.9025,16.45,0.012229,1357.414201
2026-09-26T01:10:06.913Z,AR,-6.5971,5855,4.618,1357.414201
2026-09-26T01:10:06.913Z,SHIB,-0.8486,0.008,5.944e-06,1357.414201
2026-09-26T01:10:06.913Z,CELO,0.1899,134,0.09853,1357.414201
2026-09-26T01:10:06.913Z,STX,-0.5663,444.6,0.3294,1357.414201
2026-09-26T01:10:06.913Z,JUP,2.1597,464,0.3346,1357.414201
2026-09-26T01:10:06.913Z,PEPE,-1.1369,0.006,4.471e-06,1357.414201
2026-09-26T01:10:06.913Z,DYDX,2.1617,186.2,0.13427,1357.414201
2026-09-26T01:10:06.913Z,KITE,-4.4105,175,0.13487,1357.414201
2026-09-26T01:10:06.913Z,CRV,-1.6407,467.3,0.35,1357.414201
2026-09-26T01:10:06.913Z,ENJ,1.9502,40.88,0.02954,1357.414201
2026-09-26T01:10:06.913Z,ATOM,0.1149,2438,1.794,1357.414201
2026-09-26T01:10:06.913Z,ICP,3.086,4426,3.163,1357.414201
2026-09-26T01:10:06.913Z,SPACE,0.7468,6.954,0.005085,1357.414201
2026-09-26T01:10:06.913Z,DOT,-0.4064,1670,1.2353,1357.414201
2026-09-26T01:10:06.913Z,ETHFI,1.0488,972.5,0.709,1357.414201
2026-09-26T01:10:06.913Z,CC,0.0561,177.5,0.13069,1357.414201
2026-09-26T01:10:06.913Z,SYRUP,-0.9284,296.8,0.2207,1357.414201
2026-09-26T01:10:06.913Z,TAO,-2.8849,410900,311.7,1357.414201
2026-09-26T01:10:06.913Z,GRAM,-0.4315,1953,1.445,1357.414201
2026-09-26T01:10:06.913Z,RAY,2.3485,2860,2.0586,1357.414201
2026-09-26T01:10:06.913Z,RENDER,1.0368,2636,1.922,1357.414201
2026-09-26T01:10:06.913Z,GRASS,0.6414,700,0.5124,1357.414201
2026-09-26T01:10:06.913Z,MINA,2.4124,194.4,0.13984,1357.414201
2026-09-26T01:10:06.913Z,POL,0.0434,157.8,0.1162,1357.414201
2026-09-26T01:10:06.913Z,ENA,2.4815,369.1,0.26533,1357.414201
2026-09-26T01:10:06.913Z,SAND,-0.8956,60.55,0.04501,1357.414201
2026-09-26T01:10:06.913Z,AERO,1.9087,1153,0.8335,1357.414201
2026-09-26T01:10:06.913Z,KGEN,-0.9747,223,0.1659,1357.414201
2026-09-26T01:10:06.913Z,LIT,-0.5379,6480,4.7996,1357.414201
2026-09-26T01:10:06.913Z,MANA,-3.3632,120,0.09148,1357.414201
2026-09-26T01:10:06.913Z,BAND,-5.67,284.9,0.2225,1357.414201
2026-09-26T01:10:06.913Z,APE,-0.7308,208.7,0.15488,1357.414201
2026-09-26T01:10:06.913Z,GMT,1.2297,12.11,0.008813,1357.414201
2026-09-26T01:10:06.913Z,VIRTUAL,-0.0422,1062,0.7827,1357.414201
2026-09-26T01:10:06.913Z,LPT,-2.1347,2261,1.702,1357.414201
2026-09-26T01:10:06.913Z,DATA,0.3934,308.8,0.2266,1357.414201
2026-09-26T01:10:06.913Z,THETA,-4.9223,302,0.234,1357.414201
2026-09-26T01:10:06.913Z,GRT,-7.472,35.13,0.02797,1357.414201
2026-09-26T01:10:06.913Z,LAYER,-1.2134,106.9,0.07972,1357.414201
2026-09-26T01:10:06.913Z,NMR,-0.0434,13130,9.677,1357.414201
2026-09-26T01:10:06.913Z,EIGEN,-8.6158,321.9,0.2595,1357.414201
2026-09-26T01:10:06.913Z,BAT,0.2835,125.1,0.0919,1357.414201
2026-09-26T01:10:06.913Z,SPK,-3.5954,30.7,0.02346,1357.414201
2026-09-26T01:10:06.913Z,PUMP,-6.657,5.276,0.004164,1357.414201
2026-09-26T01:10:06.913Z,KMNO,1.2262,56.57,0.04117,1357.414201
2026-09-26T01:10:06.913Z,CHZ,0.7969,22.74,0.01662,1357.414201
2026-09-26T01:10:06.913Z,PENGU,1.1794,14.16,0.01031,1357.414201
2026-09-26T01:10:06.913Z,OP,1.7307,199.9,0.14476,1357.414201
2026-09-26T01:10:06.913Z,UMA,0.0644,558.8,0.4114,1357.414201
2026-09-26T01:10:06.913Z,ZRO,0.6556,2204,1.6131,1357.414201
2026-09-26T01:10:06.913Z,S,1.3181,56.03,0.04074,1357.414201
2026-09-26T01:10:06.913Z,IMX,-0.3498,216.9,0.16035,1357.414201
2026-09-26T01:10:06.913Z,A,-3.2462,133.2,0.10142,1357.414201
2026-09-26T01:10:06.913Z,ATH,-5.0036,8.04,0.006235,1357.414201
2026-09-26T01:10:06.913Z,COMP,1.449,33050,24,1357.414201
2026-09-26T01:10:06.913Z,CVX,-4.8107,2654,2.054,1357.414201
2026-09-26T01:10:06.913Z,AXS,-2.9264,1550,1.1763,1357.414201
2026-09-26T01:10:06.913Z,WCT,-0.0697,58.83,0.04337,1357.414201
2026-09-26T01:10:06.913Z,ME,0.8079,106.2,0.07761,1357.414201
2026-09-26T01:10:06.913Z,ASTER,1.0577,1004,0.7319,1357.414201
2026-09-26T01:10:06.913Z,GMX,1.3667,11210,8.147,1357.414201
2026-09-26T01:10:06.913Z,MORPHO,3.6219,3810,2.7087,1357.414201
2026-09-26T01:10:06.913Z,MON,-1.6804,35.02,0.02624,1357.414201
2026-09-26T01:10:06.913Z,1INCH,-1.7548,136.6,0.10243,1357.414201
2026-09-26T01:10:06.913Z,SKY,-0.6257,105,0.07784,1357.414201
2026-09-26T01:10:06.913Z,YGG,-2.1401,36.53,0.0275,1357.414201
2026-09-26T01:10:06.913Z,BIO,1.5182,45.02,0.03267,1357.414201
2026-09-26T01:10:06.913Z,MOVE,-5.0061,12.54,0.009725,1357.414201
2026-09-26T01:10:06.913Z,GALA,-9.9938,2.628,0.002151,1357.414201
2026-09-26T01:10:06.913Z,ZK,-0.536,17.14,0.012695,1357.414201
2026-09-26T01:10:06.913Z,ENS,-0.441,9610,7.111,1357.414201
2026-09-26T01:10:06.913Z,INJ,2.7038,11040,7.919,1357.414201
2026-09-26T01:10:06.913Z,KAITO,-0.4747,480,0.3553,1357.414201
2026-09-26T01:10:06.913Z,LDO,-1.3084,650,0.4852,1357.414201
2026-09-26T01:10:06.913Z,BLUR,-0.2879,28.18,0.02082,1357.414201
2026-09-26T01:10:06.913Z,AUCTION,-1.812,5170,3.879,1357.414201
2026-09-26T01:10:06.913Z,ZETA,-0.7551,74.35,0.05519,1357.414201
2026-09-26T01:10:06.913Z,WIF,-4.0145,325.6,0.2499,1357.414201
2026-09-26T01:10:06.913Z,KSM,-0.5353,6370,4.718,1357.414201
2026-09-26T01:15:06.941Z,BTC,-0.0385,113846000,83902.1,1357.414201
2026-09-26T01:15:06.941Z,XRP,-0.1291,2125,1.5675,1357.414201
2026-09-26T01:15:06.941Z,SOL,0.0263,165200,121.67,1357.414201
2026-09-26T01:15:06.941Z,ETH,-0.1078,3645000,2688.15,1357.414201
2026-09-26T01:15:06.941Z,FIL,-0.1235,1420,1.0474,1357.414201
2026-09-26T01:15:06.941Z,TRX,-0.0688,457.5,0.33727,1357.414201
2026-09-26T01:15:06.941Z,BNB,-0.2541,1050000,775.5,1357.414201
2026-09-26T01:15:06.941Z,WLD,-0.1466,664.7,0.4904,1357.414201
2026-09-26T01:15:06.941Z,FLOW,-0.2442,41.95,0.03098,1357.414201
2026-09-26T01:15:06.941Z,LINK,0.6333,19090,13.975,1357.414201
2026-09-26T01:15:06.941Z,DOGE,-0.0712,133.8,0.09864,1357.414201
2026-09-26T01:15:06.941Z,SUI,-0.0571,1595,1.1757,1357.414201
2026-09-26T01:15:06.941Z,XLM,-0.0135,297.6,0.21927,1357.414201
2026-09-26T01:15:06.941Z,BCH,-0.4414,460700,340.9,1357.414201
2026-09-26T01:15:06.941Z,AVAX,-0.1209,14420,10.636,1357.414201
2026-09-26T01:15:06.941Z,ETC,2.4182,13160,9.466,1357.414201
2026-09-26T01:15:06.941Z,AAVE,-2.6432,204600,154.82,1357.414201
2026-09-26T01:15:06.941Z,ADA,-0.0139,350.3,0.2581,1357.414201
2026-09-26T01:15:06.941Z,HYPE,1.0976,125800,91.67,1357.414201
2026-09-26T01:15:06.941Z,SEI,-0.0014,103.8,0.07647,1357.414201
2026-09-26T01:15:06.941Z,HBAR,0.8306,129.3,0.09447,1357.414201
2026-09-26T01:15:06.941Z,ARB,1.4904,308,0.22357,1357.414201
2026-09-26T01:15:06.941Z,JTO,1.3751,780.1,0.5669,1357.414201
2026-09-26T01:15:06.941Z,ONDO,0.0313,738.8,0.5441,1357.414201
2026-09-26T01:15:06.941Z,QTUM,1.7526,1433,1.0375,1357.414201
2026-09-26T01:15:06.941Z,PYTH,0.349,99.26,0.07287,1357.414201
2026-09-26T01:15:06.941Z,APT,0.9112,1175,0.8578,1357.414201
2026-09-26T01:15:06.941Z,UNI,-2.8695,12590,9.549,1357.414201
2026-09-26T01:15:06.941Z,TIA,1.1226,672.6,0.49,1357.414201
2026-09-26T01:15:06.941Z,ALGO,0.4063,157.8,0.11578,1357.414201
2026-09-26T01:15:06.941Z,NEAR,-0.5785,6625,4.909,1357.414201
2026-09-26T01:15:06.941Z,ZIL,-4.905,4.9,0.003796,1357.414201
2026-09-26T01:15:06.941Z,SUSHI,-3.2932,348,0.2651,1357.414201
2026-09-26T01:15:06.941Z,PENDLE,0.3171,3422,2.513,1357.414201
2026-09-26T01:15:06.941Z,XTZ,0.177,446.7,0.3285,1357.414201
2026-09-26T01:15:06.941Z,W,-0.7158,16.45,0.012206,1357.414201
2026-09-26T01:15:06.941Z,AR,-6.2112,5855,4.599,1357.414201
2026-09-26T01:15:06.941Z,SHIB,-0.715,0.008,5.936e-06,1357.414201
2026-09-26T01:15:06.941Z,CELO,-0.647,134,0.09936,1357.414201
2026-09-26T01:15:06.941Z,STX,-0.7772,444.6,0.3301,1357.414201
2026-09-26T01:15:06.941Z,JUP,2.1597,464,0.3346,1357.414201
2026-09-26T01:15:06.941Z,PEPE,-1.0484,0.006,4.467e-06,1357.414201
2026-09-26T01:15:06.941Z,DYDX,2.0553,186.2,0.13441,1357.414201
2026-09-26T01:15:06.941Z,KITE,-4.3679,175,0.13481,1357.414201
2026-09-26T01:15:06.941Z,CRV,-1.725,467.3,0.3503,1357.414201
2026-09-26T01:15:06.941Z,ENJ,1.9157,40.88,0.02955,1357.414201
2026-09-26T01:15:06.941Z,ATOM,0.2267,2438,1.792,1357.414201
2026-09-26T01:15:06.941Z,ICP,2.9884,4426,3.166,1357.414201
2026-09-26T01:15:06.941Z,SPACE,0.9056,6.954,0.005077,1357.414201
2026-09-26T01:15:06.941Z,DOT,-0.3663,1675,1.2385,1357.414201
2026-09-26T01:15:06.941Z,ETHFI,0.9491,972.5,0.7097,1357.414201
2026-09-26T01:15:06.941Z,CC,-0.7338,177.5,0.13173,1357.414201
2026-09-26T01:15:06.941Z,SYRUP,-0.7485,296.8,0.2203,1357.414201
2026-09-26T01:15:06.941Z,TAO,-3.0963,410400,312,1357.414201
2026-09-26T01:15:06.941Z,GRAM,-0.5003,1953,1.446,1357.414201
2026-09-26T01:15:06.941Z,RAY,2.463,2860,2.0563,1357.414201
2026-09-26T01:15:06.941Z,RENDER,0.9843,2636,1.923,1357.414201
2026-09-26T01:15:06.941Z,GRASS,0.5041,700,0.5131,1357.414201
2026-09-26T01:15:06.941Z,MINA,2.2223,194.4,0.1401,1357.414201
2026-09-26T01:15:06.941Z,POL,0.0606,157.8,0.11618,1357.414201
2026-09-26T01:15:06.941Z,ENA,0.789,363.1,0.2654,1357.414201
2026-09-26T01:15:06.941Z,SAND,-0.9177,60.55,0.04502,1357.414201
2026-09-26T01:15:06.941Z,AERO,1.8232,1153,0.8342,1357.414201
2026-09-26T01:15:06.941Z,KGEN,-0.8552,223,0.1657,1357.414201
2026-09-26T01:15:06.941Z,LIT,-0.7715,6480,4.8109,1357.414201
2026-09-26T01:15:06.941Z,MANA,-3.3315,120,0.09145,1357.414201
2026-09-26T01:15:06.941Z,BAND,-5.5426,284.9,0.2222,1357.414201
2026-09-26T01:15:06.941Z,APE,-0.6987,208.7,0.15483,1357.414201
2026-09-26T01:15:06.941Z,GMT,1.2067,12.11,0.008815,1357.414201
2026-09-26T01:15:06.941Z,VIRTUAL,-0.1952,1062,0.7839,1357.414201
2026-09-26T01:15:06.941Z,LPT,-2.3642,2261,1.706,1357.414201
2026-09-26T01:15:06.941Z,DATA,0.1282,308.8,0.2272,1357.414201
2026-09-26T01:15:06.941Z,THETA,-4.9629,302,0.2341,1357.414201
2026-09-26T01:15:06.941Z,GRT,-7.0065,35.13,0.02783,1357.414201
2026-09-26T01:15:06.941Z,LAYER,-1.3372,106.9,0.07982,1357.414201
2026-09-26T01:15:06.941Z,NMR,0.0083,13130,9.672,1357.414201
2026-09-26T01:15:06.941Z,EIGEN,-8.5453,321.9,0.2593,1357.414201
2026-09-26T01:15:06.941Z,BAT,0.4803,125.1,0.09172,1357.414201
2026-09-26T01:15:06.941Z,SPK,-3.8413,30.7,0.02352,1357.414201
2026-09-26T01:15:06.941Z,PUMP,-6.9698,5.276,0.004178,1357.414201
2026-09-26T01:15:06.941Z,KMNO,1.2016,56.57,0.04118,1357.414201
2026-09-26T01:15:06.941Z,CHZ,0.2047,22.62,0.01663,1357.414201
2026-09-26T01:15:06.941Z,PENGU,1.4451,14.16,0.010283,1357.414201
2026-09-26T01:15:06.941Z,OP,2.1045,199.9,0.14423,1357.414201
2026-09-26T01:15:06.941Z,UMA,0.1618,558.8,0.411,1357.414201
2026-09-26T01:15:06.941Z,ZRO,0.5496,2204,1.6148,1357.414201
2026-09-26T01:15:06.941Z,S,1.2188,56.03,0.04078,1357.414201
2026-09-26T01:15:06.941Z,IMX,-0.244,216.9,0.16018,1357.414201
2026-09-26T01:15:06.941Z,A,-3.2748,133.2,0.10145,1357.414201
2026-09-26T01:15:06.941Z,ATH,-5.1557,8.04,0.006245,1357.414201
2026-09-26T01:15:06.941Z,COMP,1.5336,33050,23.98,1357.414201
2026-09-26T01:15:06.941Z,CVX,-4.8107,2654,2.054,1357.414201
2026-09-26T01:15:06.941Z,AXS,-2.9346,1550,1.1764,1357.414201
2026-09-26T01:15:06.941Z,WCT,-0.0236,58.83,0.04335,1357.414201
2026-09-26T01:15:06.941Z,ME,0.8079,106.2,0.07761,1357.414201
2026-09-26T01:15:06.941Z,ASTER,0.8786,1004,0.7332,1357.414201
2026-09-26T01:15:06.941Z,GMX,1.4165,11210,8.143,1357.414201
2026-09-26T01:15:06.941Z,MORPHO,3.6564,3810,2.7078,1357.414201
2026-09-26T01:15:06.941Z,MON,-1.8674,35.02,0.02629,1357.414201
2026-09-26T01:15:06.941Z,1INCH,-1.8315,136.6,0.10251,1357.414201
2026-09-26T01:15:06.941Z,SKY,-0.2856,105.4,0.07787,1357.414201
2026-09-26T01:15:06.941Z,YGG,-2.0689,36.53,0.02748,1357.414201
2026-09-26T01:15:06.941Z,BIO,1.5493,45.02,0.03266,1357.414201
2026-09-26T01:15:06.941Z,MOVE,-5.055,12.54,0.00973,1357.414201
2026-09-26T01:15:06.941Z,GALA,-9.8681,2.628,0.002148,1357.414201
2026-09-26T01:15:06.941Z,ZK,-0.4184,17.14,0.01268,1357.414201
2026-09-26T01:15:06.941Z,ENS,-0.385,9610,7.107,1357.414201
2026-09-26T01:15:06.941Z,INJ,2.8726,11040,7.906,1357.414201
2026-09-26T01:15:06.941Z,KAITO,-0.8097,480,0.3565,1357.414201
2026-09-26T01:15:06.941Z,LDO,-1.0637,650,0.484,1357.414201
2026-09-26T01:15:06.941Z,BLUR,-0.3358,28.18,0.02083,1357.414201
2026-09-26T01:15:06.941Z,AUCTION,-1.8879,5170,3.882,1357.414201
2026-09-26T01:15:06.941Z,ZETA,-1.0777,74.35,0.05537,1357.414201
2026-09-26T01:15:06.941Z,WIF,-4.1679,325.6,0.2503,1357.414201
2026-09-26T01:15:06.941Z,KSM,-1.4336,6370,4.761,1357.414201
2026-09-26T01:20:06.952Z,BTC,-0.0458,113847000,83908.9,1357.414201
2026-09-26T01:20:06.952Z,XRP,-0.1505,2132,1.573,1357.414201
2026-09-26T01:20:06.952Z,SOL,-0.1379,165200,121.87,1357.414201
2026-09-26T01:20:06.952Z,ETH,-0.0924,3647000,2689.21,1357.414201
2026-09-26T01:20:06.952Z,FIL,-0.5224,1420,1.0516,1357.414201
2026-09-26T01:20:06.952Z,TRX,-0.0718,457.5,0.33728,1357.414201
2026-09-26T01:20:06.952Z,BNB,-0.2798,1050000,775.7,1357.414201
2026-09-26T01:20:06.952Z,WLD,-0.4092,668.9,0.4948,1357.414201
2026-09-26T01:20:06.952Z,FLOW,-0.5011,41.95,0.03106,1357.414201
2026-09-26T01:20:06.952Z,LINK,0.2453,19030,13.985,1357.414201
2026-09-26T01:20:06.952Z,DOGE,-0.4044,133.8,0.09897,1357.414201
2026-09-26T01:20:06.952Z,SUI,-0.3054,1602,1.1838,1357.414201
2026-09-26T01:20:06.952Z,XLM,-0.4358,297.6,0.2202,1357.414201
2026-09-26T01:20:06.952Z,BCH,-0.7326,460700,341.9,1357.414201
2026-09-26T01:20:06.952Z,AVAX,-0.8203,14420,10.711,1357.414201
2026-09-26T01:20:06.952Z,ETC,2.2561,13160,9.481,1357.414201
2026-09-26T01:20:06.952Z,AAVE,-3.0814,204600,155.52,1357.414201
2026-09-26T01:20:06.952Z,ADA,-0.0586,351.5,0.2591,1357.414201
2026-09-26T01:20:06.952Z,HYPE,-0.2058,124300,91.76,1357.414201
2026-09-26T01:20:06.952Z,SEI,-0.3922,103.8,0.07677,1357.414201
2026-09-26T01:20:06.952Z,HBAR,0.8092,129.3,0.09449,1357.414201
2026-09-26T01:20:06.952Z,ARB,0.971,308,0.22472,1357.414201
2026-09-26T01:20:06.952Z,JTO,1.0898,780.1,0.5685,1357.414201
2026-09-26T01:20:06.952Z,ONDO,-0.1522,738.8,0.5451,1357.414201
2026-09-26T01:20:06.952Z,QTUM,1.4983,1433,1.0401,1357.414201
2026-09-26T01:20:06.952Z,PYTH,-0.0488,99.26,0.07316,1357.414201
2026-09-26T01:20:06.952Z,APT,0.4428,1175,0.8618,1357.414201
2026-09-26T01:20:06.952Z,UNI,-3.5463,12590,9.616,1357.414201
2026-09-26T01:20:06.952Z,TIA,0.8551,672.6,0.4913,1357.414201
2026-09-26T01:20:06.952Z,ALGO,0.2159,157.8,0.116,1357.414201
2026-09-26T01:20:06.952Z,NEAR,-0.8612,6625,4.923,1357.414201
2026-09-26T01:20:06.952Z,ZIL,-4.9801,4.9,0.003799,1357.414201
2026-09-26T01:20:06.952Z,SUSHI,-3.4389,348,0.2655,1357.414201
2026-09-26T01:20:06.952Z,PENDLE,0.1179,3422,2.518,1357.414201
2026-09-26T01:20:06.952Z,XTZ,0.1161,446.7,0.3287,1357.414201
2026-09-26T01:20:06.952Z,W,-1.0158,16.45,0.012243,1357.414201
2026-09-26T01:20:06.952Z,AR,-6.5566,5855,4.616,1357.414201
2026-09-26T01:20:06.952Z,SHIB,-1.0816,0.008,0.000005958,1357.414201
2026-09-26T01:20:06.952Z,CELO,-0.0232,134,0.09874,1357.414201
2026-09-26T01:20:06.952Z,STX,-0.2981,448.1,0.3311,1357.414201
2026-09-26T01:20:06.952Z,JUP,2.0073,464,0.3351,1357.414201
2026-09-26T01:20:06.952Z,PEPE,-1.4455,0.006,0.000004485,1357.414201
2026-09-26T01:20:06.952Z,DYDX,1.8205,186.2,0.13472,1357.414201
2026-09-26T01:20:06.952Z,KITE,-4.2258,175,0.13461,1357.414201
2026-09-26T01:20:06.952Z,CRV,-1.893,467.3,0.3509,1357.414201
2026-09-26T01:20:06.952Z,ENJ,1.7092,40.88,0.02961,1357.414201
2026-09-26T01:20:06.952Z,ATOM,-0.2742,2438,1.801,1357.414201
2026-09-26T01:20:06.952Z,ICP,2.7288,4426,3.174,1357.414201
2026-09-26T01:20:06.952Z,SPACE,0.7468,6.954,0.005085,1357.414201
2026-09-26T01:20:06.952Z,DOT,-1.1009,1675,1.2477,1357.414201
2026-09-26T01:20:06.952Z,ETHFI,0.722,972.5,0.7113,1357.414201
2026-09-26T01:20:06.952Z,CC,-1.1148,178,0.13261,1357.414201
2026-09-26T01:20:06.952Z,SYRUP,-0.8385,296.8,0.2205,1357.414201
2026-09-26T01:20:06.952Z,TAO,-3.4367,410400,313.1,1357.414201
2026-09-26T01:20:06.952Z,GRAM,-0.5691,1953,1.447,1357.414201
2026-09-26T01:20:06.952Z,RAY,2.0264,2860,2.0651,1357.414201
2026-09-26T01:20:06.952Z,RENDER,0.827,2636,1.926,1357.414201
2026-09-26T01:20:06.952Z,GRASS,0.4453,700,0.5134,1357.414201
2026-09-26T01:20:06.952Z,MINA,1.8588,194.4,0.1406,1357.414201
2026-09-26T01:20:06.952Z,POL,-0.2656,157.8,0.11656,1357.414201
2026-09-26T01:20:06.952Z,ENA,-9.551,327.2,0.2665,1357.414201
2026-09-26T01:20:06.952Z,SAND,-1.3559,60.55,0.04522,1357.414201
2026-09-26T01:20:06.952Z,AERO,1.3494,1153,0.8381,1357.414201
2026-09-26T01:20:06.952Z,KGEN,-0.8552,223,0.1657,1357.414201
2026-09-26T01:20:06.952Z,LIT,-0.7633,6480,4.8105,1357.414201
2026-09-26T01:20:06.952Z,MANA,-3.721,120,0.09182,1357.414201
2026-09-26T01:20:06.952Z,BAND,-5.797,284.9,0.2228,1357.414201
2026-09-26T01:20:06.952Z,APE,-0.8268,208.7,0.15503,1357.414201
2026-09-26T01:20:06.952Z,GMT,0.9891,12.11,0.008834,1357.414201
2026-09-26T01:20:06.952Z,VIRTUAL,-0.5251,1062,0.7865,1357.414201
2026-09-26T01:20:06.952Z,LPT,-2.4214,2261,1.707,1357.414201
2026-09-26T01:20:06.952Z,DATA,0.3048,308.8,0.2268,1357.414201
2026-09-26T01:20:06.952Z,THETA,-5.2462,302,0.2348,1357.414201
2026-09-26T01:20:06.952Z,GRT,-7.2066,35.13,0.02789,1357.414201
2026-09-26T01:20:06.952Z,LAYER,-1.3619,106.9,0.07984,1357.414201
2026-09-26T01:20:06.952Z,NMR,-0.0434,13130,9.677,1357.414201
2026-09-26T01:20:06.952Z,EIGEN,-8.51,321.9,0.2592,1357.414201
2026-09-26T01:20:06.952Z,BAT,0.1201,125.1,0.09205,1357.414201
2026-09-26T01:20:06.952Z,SPK,-3.923,30.7,0.02354,1357.414201
2026-09-26T01:20:06.952Z,PUMP,-7.1476,5.276,0.004186,1357.414201
2026-09-26T01:20:06.952Z,KMNO,-0.0137,56.61,0.04171,1357.414201
2026-09-26T01:20:06.952Z,CHZ,0.0968,22.65,0.01667,1357.414201
2026-09-26T01:20:06.952Z,PENGU,1.5241,14.16,0.010275,1357.414201
2026-09-26T01:20:06.952Z,OP,1.6745,199.9,0.14484,1357.414201
2026-09-26T01:20:06.952Z,UMA,0.0158,558.8,0.4116,1357.414201
2026-09-26T01:20:06.952Z,ZRO,0.693,2204,1.6125,1357.414201
2026-09-26T01:20:06.952Z,S,0.9465,56.03,0.04089,1357.414201
2026-09-26T01:20:06.952Z,IMX,-0.7521,216.9,0.161,1357.414201
2026-09-26T01:20:06.952Z,A,-3.4461,133.2,0.10163,1357.414201
2026-09-26T01:20:06.952Z,ATH,-4.9579,8.04,0.006232,1357.414201
2026-09-26T01:20:06.952Z,COMP,1.4068,33050,24.01,1357.414201
2026-09-26T01:20:06.952Z,CVX,-4.9957,2654,2.058,1357.414201
2026-09-26T01:20:06.952Z,AXS,-3.4272,1550,1.1824,1357.414201
2026-09-26T01:20:06.952Z,WCT,-0.2767,58.83,0.04346,1357.414201
2026-09-26T01:20:06.952Z,ME,0.7689,106.2,0.07764,1357.414201
2026-09-26T01:20:06.952Z,ASTER,0.7412,1004,0.7342,1357.414201
2026-09-26T01:20:06.952Z,GMX,1.2921,11210,8.153,1357.414201
2026-09-26T01:20:06.952Z,MORPHO,3.6066,3810,2.7091,1357.414201
2026-09-26T01:20:06.952Z,MON,-2.0909,35.02,0.02635,1357.414201
2026-09-26T01:20:06.952Z,1INCH,-1.9081,136.6,0.10259,1357.414201
2026-09-26T01:20:06.952Z,SKY,-0.3112,105.4,0.07789,1357.414201
2026-09-26T01:20:06.952Z,YGG,-2.3886,36.53,0.02757,1357.414201
2026-09-26T01:20:06.952Z,BIO,1.2084,45.02,0.03277,1357.414201
2026-09-26T01:20:06.952Z,MOVE,-5.0842,12.54,0.009733,1357.414201
2026-09-26T01:20:06.952Z,GALA,-10.3688,2.628,0.00216,1357.414201
2026-09-26T01:20:06.952Z,ZK,-0.6691,17.14,0.012712,1357.414201
2026-09-26T01:20:06.952Z,ENS,-0.525,9610,7.117,1357.414201
2026-09-26T01:20:06.952Z,INJ,2.9638,11040,7.899,1357.414201
2026-09-26T01:20:06.952Z,KAITO,-0.6037,484.1,0.3588,1357.414201
2026-09-26T01:20:06.952Z,LDO,-1.4506,650,0.4859,1357.414201
2026-09-26T01:20:06.952Z,BLUR,-0.5744,28.18,0.02088,1357.414201
2026-09-26T01:20:06.952Z,AUCTION,-2.0141,5170,3.887,1357.414201
2026-09-26T01:20:06.952Z,ZETA,-0.1581,74.35,0.05486,1357.414201
2026-09-26T01:20:06.952Z,WIF,-4.2444,325.6,0.2505,1357.414201
2026-09-26T01:20:06.952Z,KSM,-1.5163,6370,4.765,1357.414201
2026-09-26T01:25:07.096Z,BTC,-0.1615,113719000,83911.7,1357.414201
2026-09-26T01:25:07.096Z,XRP,-0.1577,2129,1.5709,1357.414201
2026-09-26T01:25:07.096Z,SOL,0.0898,165400,121.74,1357.414201
2026-09-26T01:25:07.096Z,ETH,-0.04,3647000,2687.8,1357.414201
2026-09-26T01:25:07.096Z,FIL,-0.2378,1420,1.0486,1357.414201
2026-09-26T01:25:07.096Z,TRX,-0.0836,457.5,0.33732,1357.414201
2026-09-26T01:25:07.096Z,BNB,-0.2541,1050000,775.5,1357.414201
2026-09-26T01:25:07.096Z,WLD,0.6002,670.9,0.4913,1357.414201
2026-09-26T01:25:07.096Z,FLOW,-0.5332,41.95,0.03107,1357.414201
2026-09-26T01:25:07.096Z,LINK,0.2955,19030,13.978,1357.414201
2026-09-26T01:25:07.096Z,DOGE,-0.4044,133.8,0.09897,1357.414201
2026-09-26T01:25:07.096Z,SUI,-0.0838,1600,1.1797,1357.414201
2026-09-26T01:25:07.096Z,XLM,-0.1166,298.5,0.22016,1357.414201
2026-09-26T01:25:07.096Z,BCH,-1.1086,460700,343.2,1357.414201
2026-09-26T01:25:07.096Z,AVAX,-1.4002,14420,10.774,1357.414201
2026-09-26T01:25:07.096Z,ETC,2.0839,13160,9.497,1357.414201
2026-09-26T01:25:07.096Z,AAVE,-2.5614,204600,154.69,1357.414201
2026-09-26T01:25:07.096Z,ADA,-0.2209,351.2,0.2593,1357.414201
2026-09-26T01:25:07.096Z,HYPE,-0.2243,124300,91.777,1357.414201
2026-09-26T01:25:07.096Z,SEI,0.3529,103.8,0.0762,1357.414201
2026-09-26T01:25:07.096Z,HBAR,-0.2336,127.8,0.09437,1357.414201
2026-09-26T01:25:07.096Z,ARB,0.998,308,0.22466,1357.414201
2026-09-26T01:25:07.096Z,JTO,1.1254,780.1,0.5683,1357.414201
2026-09-26T01:25:07.096Z,ONDO,-0.2094,737.7,0.5446,1357.414201
2026-09-26T01:25:07.096Z,QTUM,1.5666,1433,1.0394,1357.414201
2026-09-26T01:25:07.096Z,PYTH,0.3352,99.26,0.07288,1357.414201
2026-09-26T01:25:07.096Z,APT,0.5245,1175,0.8611,1357.414201
2026-09-26T01:25:07.096Z,UNI,-3.0827,12590,9.57,1357.414201
2026-09-26T01:25:07.096Z,TIA,0.8961,672.6,0.4911,1357.414201
2026-09-26T01:25:07.096Z,ALGO,0.3457,157.8,0.11585,1357.414201
2026-09-26T01:25:07.096Z,NEAR,-0.9015,6625,4.925,1357.414201
2026-09-26T01:25:07.096Z,ZIL,-4.905,4.9,0.003796,1357.414201
2026-09-26T01:25:07.096Z,SUSHI,-3.4389,348,0.2655,1357.414201
2026-09-26T01:25:07.096Z,PENDLE,0.1577,3422,2.517,1357.414201
2026-09-26T01:25:07.096Z,XTZ,0.1161,446.7,0.3287,1357.414201
2026-09-26T01:25:07.096Z,W,-0.9106,16.45,0.01223,1357.414201
2026-09-26T01:25:07.096Z,AR,-6.313,5855,4.604,1357.414201
2026-09-26T01:25:07.096Z,SHIB,-1.0151,0.008,0.000005954,1357.414201
2026-09-26T01:25:07.096Z,CELO,-0.1849,134,0.0989,1357.414201
2026-09-26T01:25:07.096Z,STX,-0.1661,449.1,0.3314,1357.414201
2026-09-26T01:25:07.096Z,JUP,2.0987,464,0.3348,1357.414201
2026-09-26T01:25:07.096Z,PEPE,-1.3355,0.006,0.00000448,1357.414201
2026-09-26T01:25:07.096Z,DYDX,1.7752,186.2,0.13478,1357.414201
2026-09-26T01:25:07.096Z,KITE,-4.3537,175,0.13479,1357.414201
2026-09-26T01:25:07.096Z,CRV,-1.865,467.3,0.3508,1357.414201
2026-09-26T01:25:07.096Z,ENJ,1.7779,40.88,0.02959,1357.414201
2026-09-26T01:25:07.096Z,ATOM,-0.1633,2438,1.799,1357.414201
2026-09-26T01:25:07.096Z,ICP,2.4061,4426,3.184,1357.414201
2026-09-26T01:25:07.096Z,SPACE,0.6676,6.954,0.005089,1357.414201
2026-09-26T01:25:07.096Z,DOT,0.0311,1692,1.2461,1357.414201
2026-09-26T01:25:07.096Z,ETHFI,0.6654,972.5,0.7117,1357.414201
2026-09-26T01:25:07.096Z,CC,-0.1662,178,0.13135,1357.414201
2026-09-26T01:25:07.096Z,SYRUP,-0.6583,296.8,0.2201,1357.414201
2026-09-26T01:25:07.096Z,TAO,-3.3441,410400,312.8,1357.414201
2026-09-26T01:25:07.096Z,GRAM,-0.5003,1953,1.446,1357.414201
2026-09-26T01:25:07.096Z,RAY,2.3187,2860,2.0592,1357.414201
2026-09-26T01:25:07.096Z,RENDER,0.7224,2636,1.928,1357.414201
2026-09-26T01:25:07.096Z,GRASS,0.5433,700,0.5129,1357.414201
2026-09-26T01:25:07.096Z,MINA,1.9168,194.4,0.14052,1357.414201
2026-09-26T01:25:07.096Z,POL,0.0262,157.8,0.11622,1357.414201
2026-09-26T01:25:07.096Z,ENA,-9.2206,327.2,0.26553,1357.414201
2026-09-26T01:25:07.096Z,SAND,-1.1153,60.55,0.04511,1357.414201
2026-09-26T01:25:07.096Z,AERO,1.3978,1153,0.8377,1357.414201
2026-09-26T01:25:07.096Z,KGEN,-0.915,223,0.1658,1357.414201
2026-09-26T01:25:07.096Z,LIT,-0.821,6480,4.8133,1357.414201
2026-09-26T01:25:07.096Z,MANA,-3.9094,120,0.092,1357.414201
2026-09-26T01:25:07.096Z,BAND,-5.8815,284.9,0.223,1357.414201
2026-09-26T01:25:07.096Z,APE,-0.9737,208.7,0.15526,1357.414201
2026-09-26T01:25:07.096Z,GMT,0.9891,12.11,0.008834,1357.414201
2026-09-26T01:25:07.096Z,VIRTUAL,-0.2969,1062,0.7847,1357.414201
2026-09-26T01:25:07.096Z,LPT,-2.4214,2261,1.707,1357.414201
2026-09-26T01:25:07.096Z,DATA,0.1282,308.8,0.2272,1357.414201
2026-09-26T01:25:07.096Z,THETA,-5.125,302,0.2345,1357.414201
2026-09-26T01:25:07.096Z,GRT,-7.3063,35.13,0.02792,1357.414201
2026-09-26T01:25:07.096Z,LAYER,-1.2753,106.9,0.07977,1357.414201
2026-09-26T01:25:07.096Z,NMR,-0.3318,13130,9.705,1357.414201
2026-09-26T01:25:07.096Z,EIGEN,-8.404,321.9,0.2589,1357.414201
2026-09-26T01:25:07.096Z,BAT,0.3927,125.1,0.0918,1357.414201
2026-09-26T01:25:07.096Z,SPK,-4.1672,30.7,0.0236,1357.414201
2026-09-26T01:25:07.096Z,PUMP,-7.081,5.276,0.004183,1357.414201
2026-09-26T01:25:07.096Z,KMNO,0.2989,56.61,0.04158,1357.414201
2026-09-26T01:25:07.096Z,CHZ,0.0368,22.65,0.01668,1357.414201
2026-09-26T01:25:07.096Z,PENGU,1.8512,14.16,0.010242,1357.414201
2026-09-26T01:25:07.096Z,OP,2.0125,199.9,0.14436,1357.414201
2026-09-26T01:25:07.096Z,UMA,-0.057,558.8,0.4119,1357.414201
2026-09-26T01:25:07.096Z,ZRO,0.6993,2204,1.6124,1357.414201
2026-09-26T01:25:07.096Z,S,1.0206,56.03,0.04086,1357.414201
2026-09-26T01:25:07.096Z,IMX,-0.6472,216.9,0.16083,1357.414201
2026-09-26T01:25:07.096Z,A,-3.6641,133.2,0.10186,1357.414201
2026-09-26T01:25:07.096Z,ATH,-5.0949,8.04,0.006241,1357.414201
2026-09-26T01:25:07.096Z,COMP,1.5336,33050,23.98,1357.414201
2026-09-26T01:25:07.096Z,CVX,-4.9957,2654,2.058,1357.414201
2026-09-26T01:25:07.096Z,AXS,-3.3127,1550,1.181,1357.414201
2026-09-26T01:25:07.096Z,WCT,-0.5284,58.83,0.04357,1357.414201
2026-09-26T01:25:07.096Z,ME,0.5617,106.2,0.0778,1357.414201
2026-09-26T01:25:07.096Z,ASTER,0.7549,1004,0.7341,1357.414201
2026-09-26T01:25:07.096Z,GMX,1.2549,11210,8.156,1357.414201
2026-09-26T01:25:07.096Z,MORPHO,3.5837,3810,2.7097,1357.414201
2026-09-26T01:25:07.096Z,MON,-1.8674,35.02,0.02629,1357.414201
2026-09-26T01:25:07.096Z,1INCH,-1.975,136.6,0.10266,1357.414201
2026-09-26T01:25:07.096Z,SKY,-0.2728,105.4,0.07786,1357.414201
2026-09-26T01:25:07.096Z,YGG,-2.2823,36.53,0.02754,1357.414201
2026-09-26T01:25:07.096Z,BIO,1.3941,45.02,0.03271,1357.414201
2026-09-26T01:25:07.096Z,MOVE,-4.7318,12.54,0.009697,1357.414201
2026-09-26T01:25:07.096Z,GALA,-10.4103,2.628,0.002161,1357.414201
2026-09-26T01:25:07.096Z,ZK,-0.6378,17.14,0.012708,1357.414201
2026-09-26T01:25:07.096Z,ENS,-0.5669,9610,7.12,1357.414201
2026-09-26T01:25:07.096Z,INJ,2.9638,11040,7.899,1357.414201
2026-09-26T01:25:07.096Z,KAITO,-0.465,484.1,0.3583,1357.414201
2026-09-26T01:25:07.096Z,LDO,-1.3287,650,0.4853,1357.414201
2026-09-26T01:25:07.096Z,BLUR,-0.5268,28.18,0.02087,1357.414201
2026-09-26T01:25:07.096Z,AUCTION,-2.0393,5170,3.888,1357.414201
2026-09-26T01:25:07.096Z,ZETA,-0.3216,74.35,0.05495,1357.414201
2026-09-26T01:25:07.096Z,WIF,-4.0145,325.6,0.2499,1357.414201
2026-09-26T01:25:07.096Z,KSM,-1.6196,6370,4.77,1357.414201
2026-09-26T01:30:06.946Z,BTC,-0.1571,113719000,83908,1357.414201
2026-09-26T01:30:06.946Z,XRP,-0.1155,2128,1.5695,1357.414201
2026-09-26T01:30:06.946Z,SOL,-0.1092,164800,121.54,1357.414201
2026-09-26T01:30:06.946Z,ETH,-0.1599,3642000,2687.34,1357.414201
2026-09-26T01:30:06.946Z,FIL,-0.1616,1420,1.0478,1357.414201
2026-09-26T01:30:06.946Z,TRX,-0.0747,457.5,0.33729,1357.414201
2026-09-26T01:30:06.946Z,BNB,-0.2026,1050000,775.1,1357.414201
2026-09-26T01:30:06.946Z,WLD,-0.3313,660.9,0.4885,1357.414201
2026-09-26T01:30:06.946Z,FLOW,-0.2764,41.95,0.03099,1357.414201
2026-09-26T01:30:06.946Z,LINK,-0.4295,18810,13.917,1357.414201
2026-09-26T01:30:06.946Z,DOGE,-0.1281,133.9,0.09877,1357.414201
2026-09-26T01:30:06.946Z,SUI,-0.2177,1590,1.1739,1357.414201
2026-09-26T01:30:06.946Z,XLM,-0.053,298.5,0.22002,1357.414201
2026-09-26T01:30:06.946Z,BCH,-1.0221,460700,342.9,1357.414201
2026-09-26T01:30:06.946Z,AVAX,-0.9959,14420,10.73,1357.414201
2026-09-26T01:30:06.946Z,ETC,2.2777,13160,9.479,1357.414201
2026-09-26T01:30:06.946Z,AAVE,-2.3594,204600,154.37,1357.414201
2026-09-26T01:30:06.946Z,ADA,0.1734,351.5,0.2585,1357.414201
2026-09-26T01:30:06.946Z,HYPE,-0.171,124300,91.728,1357.414201
2026-09-26T01:30:06.946Z,SEI,0.5112,103.8,0.07608,1357.414201
2026-09-26T01:30:06.946Z,HBAR,-0.1701,127.8,0.09431,1357.414201
2026-09-26T01:30:06.946Z,ARB,1.3679,308,0.22384,1357.414201
2026-09-26T01:30:06.946Z,JTO,1.1432,780.1,0.5682,1357.414201
2026-09-26T01:30:06.946Z,ONDO,-0.0791,736.9,0.5433,1357.414201
2026-09-26T01:30:06.946Z,QTUM,1.5178,1433,1.0399,1357.414201
2026-09-26T01:30:06.946Z,PYTH,0.4041,99.26,0.07283,1357.414201
2026-09-26T01:30:06.946Z,APT,0.8172,1175,0.8586,1357.414201
2026-09-26T01:30:06.946Z,UNI,-2.7575,12590,9.538,1357.414201
2026-09-26T01:30:06.946Z,TIA,0.9578,672.6,0.4908,1357.414201
2026-09-26T01:30:06.946Z,ALGO,0.0788,157,0.11557,1357.414201
2026-09-26T01:30:06.946Z,NEAR,-1.022,6625,4.931,1357.414201
2026-09-26T01:30:06.946Z,ZIL,-4.9551,4.9,0.003798,1357.414201
2026-09-26T01:30:06.946Z,SUSHI,-3.147,348,0.2647,1357.414201
2026-09-26T01:30:06.946Z,PENDLE,0.1975,3422,2.516,1357.414201
2026-09-26T01:30:06.946Z,XTZ,0.2686,446.7,0.3282,1357.414201
2026-09-26T01:30:06.946Z,W,-0.7565,16.45,0.012211,1357.414201
2026-09-26T01:30:06.946Z,AR,-6.2316,5855,4.6,1357.414201
2026-09-26T01:30:06.946Z,SHIB,-1.0816,0.008,0.000005958,1357.414201
2026-09-26T01:30:06.946Z,CELO,-0.2152,134,0.09893,1357.414201
2026-09-26T01:30:06.946Z,STX,-0.1359,449.1,0.3313,1357.414201
2026-09-26T01:30:06.946Z,JUP,2.0682,464,0.3349,1357.414201
2026-09-26T01:30:06.946Z,PEPE,-1.2694,0.006,0.000004477,1357.414201
2026-09-26T01:30:06.946Z,DYDX,2.0326,186.2,0.13444,1357.414201
2026-09-26T01:30:06.946Z,KITE,-4.5237,175,0.13503,1357.414201
2026-09-26T01:30:06.946Z,CRV,-1.781,467.3,0.3505,1357.414201
2026-09-26T01:30:06.946Z,ENJ,1.9502,40.88,0.02954,1357.414201
2026-09-26T01:30:06.946Z,ATOM,0.0034,2438,1.796,1357.414201
2026-09-26T01:30:06.946Z,ICP,2.6964,4426,3.175,1357.414201
2026-09-26T01:30:06.946Z,SPACE,0.7072,6.954,0.005087,1357.414201
2026-09-26T01:30:06.946Z,DOT,0.8648,1692,1.2358,1357.414201
2026-09-26T01:30:06.946Z,ETHFI,0.8212,972.5,0.7106,1357.414201
2026-09-26T01:30:06.946Z,CC,-1.07,178,0.13255,1357.414201
2026-09-26T01:30:06.946Z,SYRUP,-0.5227,296.8,0.2198,1357.414201
2026-09-26T01:30:06.946Z,TAO,-3.4059,410400,313,1357.414201
2026-09-26T01:30:06.946Z,GRAM,-0.4315,1953,1.445,1357.414201
2026-09-26T01:30:06.946Z,RAY,2.6227,2860,2.0531,1357.414201
2026-09-26T01:30:06.946Z,RENDER,1.0894,2636,1.921,1357.414201
2026-09-26T01:30:06.946Z,GRASS,-12.2688,610.8,0.5129,1357.414201
2026-09-26T01:30:06.946Z,MINA,2.2296,194.4,0.14009,1357.414201
2026-09-26T01:30:06.946Z,POL,-0.0856,157.8,0.11635,1357.414201
2026-09-26T01:30:06.946Z,ENA,-8.9497,327.2,0.26474,1357.414201
2026-09-26T01:30:06.946Z,SAND,-0.8956,60.55,0.04501,1357.414201
2026-09-26T01:30:06.946Z,AERO,1.604,1153,0.836,1357.414201
2026-09-26T01:30:06.946Z,KGEN,-0.915,223,0.1658,1357.414201
2026-09-26T01:30:06.946Z,LIT,-1.0328,6480,4.8236,1357.414201
2026-09-26T01:30:06.946Z,MANA,-3.5635,120,0.09167,1357.414201
2026-09-26T01:30:06.946Z,BAND,-5.7123,284.9,0.2226,1357.414201
2026-09-26T01:30:06.946Z,APE,-0.6281,208.7,0.15472,1357.414201
2026-09-26T01:30:06.946Z,GMT,1.0348,12.11,0.00883,1357.414201
2026-09-26T01:30:06.946Z,VIRTUAL,-0.0805,1062,0.783,1357.414201
2026-09-26T01:30:06.946Z,LPT,-2.0772,2261,1.701,1357.414201
2026-09-26T01:30:06.946Z,DATA,0.2606,308.8,0.2269,1357.414201
2026-09-26T01:30:06.946Z,THETA,-4.6779,302,0.2334,1357.414201
2026-09-26T01:30:06.946Z,GRT,-7.2066,35.13,0.02789,1357.414201
2026-09-26T01:30:06.946Z,LAYER,-1.2382,106.9,0.07974,1357.414201
2026-09-26T01:30:06.946Z,NMR,-0.1672,13130,9.689,1357.414201
2026-09-26T01:30:06.946Z,EIGEN,-8.2623,321.9,0.2585,1357.414201
2026-09-26T01:30:06.946Z,BAT,0.6449,125.1,0.09157,1357.414201
2026-09-26T01:30:06.946Z,SPK,-4.0453,30.7,0.02357,1357.414201
2026-09-26T01:30:06.946Z,PUMP,-6.8137,5.276,0.004171,1357.414201
2026-09-26T01:30:06.946Z,KMNO,-0.1645,56.24,0.0415,1357.414201
2026-09-26T01:30:06.946Z,CHZ,0.3979,22.65,0.01662,1357.414201
2026-09-26T01:30:06.946Z,PENGU,2.1404,14.16,0.010213,1357.414201
2026-09-26T01:30:06.946Z,OP,2.3102,199.9,0.14394,1357.414201
2026-09-26T01:30:06.946Z,UMA,-0.057,558.8,0.4119,1357.414201
2026-09-26T01:30:06.946Z,ZRO,0.7618,2204,1.6114,1357.414201
2026-09-26T01:30:06.946Z,S,1.1444,56.03,0.04081,1357.414201
2026-09-26T01:30:06.946Z,IMX,-0.3809,216.9,0.1604,1357.414201
2026-09-26T01:30:06.946Z,A,-3.2938,133.2,0.10147,1357.414201
2026-09-26T01:30:06.946Z,ATH,-4.8663,8.04,0.006226,1357.414201
2026-09-26T01:30:06.946Z,COMP,1.576,33050,23.97,1357.414201
2026-09-26T01:30:06.946Z,CVX,-4.8107,2654,2.054,1357.414201
2026-09-26T01:30:06.946Z,AXS,-2.9924,1550,1.1771,1357.414201
2026-09-26T01:30:06.946Z,WCT,-0.2078,58.83,0.04343,1357.414201
2026-09-26T01:30:06.946Z,ME,0.8469,106.2,0.07758,1357.414201
2026-09-26T01:30:06.946Z,ASTER,0.7549,1004,0.7341,1357.414201
2026-09-26T01:30:06.946Z,GMX,1.2673,11210,8.155,1357.414201
2026-09-26T01:30:06.946Z,MORPHO,3.6181,3810,2.7088,1357.414201
2026-09-26T01:30:06.946Z,MON,-1.5303,35.02,0.0262,1357.414201
2026-09-26T01:30:06.946Z,1INCH,-1.8794,136.6,0.10256,1357.414201
2026-09-26T01:30:06.946Z,SKY,-0.2471,105.4,0.07784,1357.414201
2026-09-26T01:30:06.946Z,YGG,-2.1045,36.53,0.02749,1357.414201
2026-09-26T01:30:06.946Z,BIO,1.8925,45.02,0.03255,1357.414201
2026-09-26T01:30:06.946Z,MOVE,-4.4856,12.54,0.009672,1357.414201
2026-09-26T01:30:06.946Z,GALA,-10.2441,2.628,0.002157,1357.414201
2026-09-26T01:30:06.946Z,ZK,-0.4341,17.14,0.012682,1357.414201
2026-09-26T01:30:06.946Z,ENS,-0.427,9610,7.11,1357.414201
2026-09-26T01:30:06.946Z,INJ,2.3548,11040,7.946,1357.414201
2026-09-26T01:30:06.946Z,KAITO,-0.742,484.1,0.3593,1357.414201
2026-09-26T01:30:06.946Z,LDO,-1.2677,650,0.485,1357.414201
2026-09-26T01:30:06.946Z,BLUR,-0.4314,28.18,0.02085,1357.414201
2026-09-26T01:30:06.946Z,AUCTION,-1.812,5170,3.879,1357.414201
2026-09-26T01:30:06.946Z,ZETA,-0.3398,74.35,0.05496,1357.414201
2026-09-26T01:30:06.946Z,WIF,-4.0145,325.6,0.2499,1357.414201
2026-09-26T01:30:06.946Z,KSM,-1.7226,6370,4.775,1357.414201
2026-09-26T01:35:06.992Z,BTC,-0.1878,113721000,83935.3,1357.414201
2026-09-26T01:35:06.992Z,XRP,-0.1909,2131,1.5729,1357.414201
2026-09-26T01:35:06.992Z,SOL,-0.2405,164800,121.7,1357.414201
2026-09-26T01:35:06.992Z,ETH,-0.2115,3642000,2688.73,1357.414201
2026-09-26T01:35:06.992Z,FIL,-0.1983,1423,1.0504,1357.414201
2026-09-26T01:35:06.992Z,TRX,-0.1014,457.5,0.33738,1357.414201
2026-09-26T01:35:06.992Z,BNB,-0.2541,1050000,775.5,1357.414201
2026-09-26T01:35:06.992Z,WLD,-0.649,662.3,0.4911,1357.414201
2026-09-26T01:35:06.992Z,FLOW,0.4368,42.4,0.0311,1357.414201
2026-09-26T01:35:06.992Z,LINK,-0.7291,18810,13.959,1357.414201
2026-09-26T01:35:06.992Z,DOGE,-0.34,133.9,0.09898,1357.414201
2026-09-26T01:35:06.992Z,SUI,-0.2913,1596,1.1792,1357.414201
2026-09-26T01:35:06.992Z,XLM,-0.3871,298.3,0.22061,1357.414201
2026-09-26T01:35:06.992Z,BCH,-1.2237,460700,343.6,1357.414201
2026-09-26T01:35:06.992Z,AVAX,0.315,14630,10.744,1357.414201
2026-09-26T01:35:06.992Z,ETC,2.0301,13160,9.502,1357.414201
2026-09-26T01:35:06.992Z,AAVE,-2.7375,204600,154.97,1357.414201
2026-09-26T01:35:06.992Z,ADA,-0.1742,351.5,0.2594,1357.414201
2026-09-26T01:35:06.992Z,HYPE,-0.3795,124300,91.92,1357.414201
2026-09-26T01:35:06.992Z,SEI,-0.47,103.8,0.07683,1357.414201
2026-09-26T01:35:06.992Z,HBAR,-0.3813,127.8,0.09451,1357.414201
2026-09-26T01:35:06.992Z,ARB,0.9755,308,0.22471,1357.414201
2026-09-26T01:35:06.992Z,JTO,1.0543,780.1,0.5687,1357.414201
2026-09-26T01:35:06.992Z,ONDO,-0.312,736.4,0.5442,1357.414201
2026-09-26T01:35:06.992Z,QTUM,1.2646,1433,1.0425,1357.414201
2026-09-26T01:35:06.992Z,PYTH,-0.1034,99.26,0.0732,1357.414201
2026-09-26T01:35:06.992Z,APT,0.4079,1175,0.8621,1357.414201
2026-09-26T01:35:06.992Z,UNI,-2.9508,12590,9.557,1357.414201
2026-09-26T01:35:06.992Z,TIA,0.3851,672.6,0.4936,1357.414201
2026-09-26T01:35:06.992Z,ALGO,-0.12,157,0.1158,1357.414201
2026-09-26T01:35:06.992Z,NEAR,-0.5226,6730,4.984,1357.414201
2026-09-26T01:35:06.992Z,ZIL,-5.5025,4.9,0.00382,1357.414201
2026-09-26T01:35:06.992Z,SUSHI,-3.1104,348,0.2646,1357.414201
2026-09-26T01:35:06.992Z,PENDLE,0.1577,3422,2.517,1357.414201
2026-09-26T01:35:06.992Z,XTZ,-0.036,446.7,0.3292,1357.414201
2026-09-26T01:35:06.992Z,W,-1.3302,16.45,0.012282,1357.414201
2026-09-26T01:35:06.992Z,AR,-6.2927,5855,4.603,1357.414201
2026-09-26T01:35:06.992Z,SHIB,-1.363,0.008,0.000005975,1357.414201
2026-09-26T01:35:06.992Z,CELO,-0.597,134,0.09931,1357.414201
2026-09-26T01:35:06.992Z,STX,-0.1058,449.1,0.3312,1357.414201
2026-09-26T01:35:06.992Z,JUP,1.7643,464,0.3359,1357.414201
2026-09-26T01:35:06.992Z,PEPE,-1.5772,0.006,0.000004491,1357.414201
2026-09-26T01:35:06.992Z,DYDX,1.647,186.2,0.13495,1357.414201
2026-09-26T01:35:06.992Z,KITE,-4.7495,175,0.13535,1357.414201
2026-09-26T01:35:06.992Z,CRV,-1.9768,467.3,0.3512,1357.414201
2026-09-26T01:35:06.992Z,ENJ,1.572,40.88,0.02965,1357.414201
2026-09-26T01:35:06.992Z,ATOM,-0.2742,2438,1.801,1357.414201
2026-09-26T01:35:06.992Z,ICP,2.4383,4426,3.183,1357.414201
2026-09-26T01:35:06.992Z,SPACE,0.4899,6.954,0.005098,1357.414201
2026-09-26T01:35:06.992Z,DOT,0.9874,1692,1.2343,1357.414201
2026-09-26T01:35:06.992Z,ETHFI,0.5383,972.5,0.7126,1357.414201
2026-09-26T01:35:06.992Z,CC,-2.7285,178,0.13481,1357.414201
2026-09-26T01:35:06.992Z,SYRUP,-0.6583,296.8,0.2201,1357.414201
2026-09-26T01:35:06.992Z,TAO,-3.836,410400,314.4,1357.414201
2026-09-26T01:35:06.992Z,GRAM,-0.6378,1953,1.448,1357.414201
2026-09-26T01:35:06.992Z,RAY,2.6127,2860,2.0533,1357.414201
2026-09-26T01:35:06.992Z,RENDER,0.5138,2636,1.932,1357.414201
2026-09-26T01:35:06.992Z,GRASS,-12.7113,610.8,0.5155,1357.414201
2026-09-26T01:35:06.992Z,MINA,2.1057,194.4,0.14026,1357.414201
2026-09-26T01:35:06.992Z,POL,-0.1799,157.8,0.11646,1357.414201
2026-09-26T01:35:06.992Z,ENA,-9.323,327.2,0.26583,1357.414201
2026-09-26T01:35:06.992Z,SAND,-1.2248,60.55,0.04516,1357.414201
2026-09-26T01:35:06.992Z,AERO,1.3615,1153,0.838,1357.414201
2026-09-26T01:35:06.992Z,KGEN,-0.915,223,0.1658,1357.414201
2026-09-26T01:35:06.992Z,LIT,-1.307,6480,4.837,1357.414201
2026-09-26T01:35:06.992Z,MANA,-3.6895,120,0.09179,1357.414201
2026-09-26T01:35:06.992Z,BAND,-6.2598,284.9,0.2239,1357.414201
2026-09-26T01:35:06.992Z,APE,-0.8396,208.7,0.15505,1357.414201
2026-09-26T01:35:06.992Z,GMT,0.5565,12.11,0.008872,1357.414201
2026-09-26T01:35:06.992Z,VIRTUAL,-0.3604,1062,0.7852,1357.414201
2026-09-26T01:35:06.992Z,LPT,-2.4214,2261,1.707,1357.414201
2026-09-26T01:35:06.992Z,DATA,-0.0038,308.8,0.2275,1357.414201
2026-09-26T01:35:06.992Z,THETA,-5.044,302,0.2343,1357.414201
2026-09-26T01:35:06.992Z,GRT,-7.8016,35.13,0.02807,1357.414201
2026-09-26T01:35:06.992Z,LAYER,-1.3124,106.9,0.0798,1357.414201
2026-09-26T01:35:06.992Z,NMR,-0.4036,13130,9.712,1357.414201
2026-09-26T01:35:06.992Z,EIGEN,-8.4747,321.9,0.2591,1357.414201
2026-09-26T01:35:06.992Z,BAT,0.3599,125.1,0.09183,1357.414201
2026-09-26T01:35:06.992Z,SPK,-4.3294,30.7,0.02364,1357.414201
2026-09-26T01:35:06.992Z,PUMP,-7.2362,5.276,0.00419,1357.414201
2026-09-26T01:35:06.992Z,KMNO,-0.1405,56.24,0.04149,1357.414201
2026-09-26T01:35:06.992Z,CHZ,-0.0231,22.65,0.01669,1357.414201
2026-09-26T01:35:06.992Z,PENGU,1.6032,14.16,0.010267,1357.414201
2026-09-26T01:35:06.992Z,OP,1.8151,199.9,0.14464,1357.414201
2026-09-26T01:35:06.992Z,UMA,-0.1055,558.8,0.4121,1357.414201
2026-09-26T01:35:06.992Z,ZRO,0.165,2204,1.621,1357.414201
2026-09-26T01:35:06.992Z,S,0.8971,56.03,0.04091,1357.414201
2026-09-26T01:35:06.992Z,IMX,-0.6904,216.9,0.1609,1357.414201
2026-09-26T01:35:06.992Z,A,-3.522,133.2,0.10171,1357.414201
2026-09-26T01:35:06.992Z,ATH,-5.277,8.04,0.006253,1357.414201
2026-09-26T01:35:06.992Z,COMP,1.196,33050,24.06,1357.414201
2026-09-26T01:35:06.992Z,CVX,-4.9495,2654,2.057,1357.414201
2026-09-26T01:35:06.992Z,AXS,-3.4843,1550,1.1831,1357.414201
2026-09-26T01:35:06.992Z,WCT,-0.2078,58.83,0.04343,1357.414201
2026-09-26T01:35:06.992Z,ME,0.5488,106.2,0.07781,1357.414201
2026-09-26T01:35:06.992Z,ASTER,0.8098,1004,0.7337,1357.414201
2026-09-26T01:35:06.992Z,GMX,1.5412,11210,8.133,1357.414201
2026-09-26T01:35:06.992Z,MORPHO,3.4005,3810,2.7145,1357.414201
2026-09-26T01:35:06.992Z,MON,-1.7553,35.02,0.02626,1357.414201
2026-09-26T01:35:06.992Z,1INCH,-2.0417,136.6,0.10273,1357.414201
2026-09-26T01:35:06.992Z,SKY,-0.4773,105.4,0.07802,1357.414201
2026-09-26T01:35:06.992Z,YGG,-2.4947,36.53,0.0276,1357.414201
2026-09-26T01:35:06.992Z,BIO,1.6427,45.02,0.03263,1357.414201
2026-09-26T01:35:06.992Z,MOVE,-4.663,12.54,0.00969,1357.414201
2026-09-26T01:35:06.992Z,GALA,-10.2857,2.628,0.002158,1357.414201
2026-09-26T01:35:06.992Z,ZK,-0.9185,17.14,0.012744,1357.414201
2026-09-26T01:35:06.992Z,ENS,-0.6785,9610,7.128,1357.414201
2026-09-26T01:35:06.992Z,INJ,1.9442,11040,7.978,1357.414201
2026-09-26T01:35:06.992Z,KAITO,-0.6591,484.1,0.359,1357.414201
2026-09-26T01:35:06.992Z,LDO,-1.3897,650,0.4856,1357.414201
2026-09-26T01:35:06.992Z,BLUR,-0.5744,28.18,0.02088,1357.414201
2026-09-26T01:35:06.992Z,AUCTION,-2.0141,5170,3.887,1357.414201
2026-09-26T01:35:06.992Z,ZETA,-0.249,74.35,0.05491,1357.414201
2026-09-26T01:35:06.992Z,WIF,-4.397,325.6,0.2509,1357.414201
2026-09-26T01:35:06.992Z,KSM,-1.5783,6370,4.768,1357.414201
2026-09-26T01:40:06.963Z,BTC,-0.2307,113780000,84015,1357.414201
2026-09-26T01:40:06.963Z,XRP,-0.1725,2136,1.5763,1357.414201
2026-09-26T01:40:06.963Z,SOL,-0.2801,165100,121.97,1357.414201
2026-09-26T01:40:06.963Z,ETH,-0.1955,3647000,2691.99,1357.414201
2026-09-26T01:40:06.963Z,FIL,-0.2078,1423,1.0505,1357.414201
2026-09-26T01:40:06.963Z,TRX,-0.1192,457.5,0.33744,1357.414201
2026-09-26T01:40:06.963Z,BNB,-0.3569,1050000,776.3,1357.414201
2026-09-26T01:40:06.963Z,WLD,-0.4203,664.5,0.4916,1357.414201
2026-09-26T01:40:06.963Z,FLOW,0.2435,42.4,0.03116,1357.414201
2026-09-26T01:40:06.963Z,LINK,-0.8143,18810,13.971,1357.414201
2026-09-26T01:40:06.963Z,DOGE,-0.1519,134.6,0.09931,1357.414201
2026-09-26T01:40:06.963Z,SUI,-0.1873,1602,1.1824,1357.414201
2026-09-26T01:40:06.963Z,XLM,-0.1154,299.9,0.22119,1357.414201
2026-09-26T01:40:06.963Z,BCH,-1.2812,460700,343.8,1357.414201
2026-09-26T01:40:06.963Z,AVAX,-0.408,14630,10.822,1357.414201
2026-09-26T01:40:06.963Z,ETC,1.6024,13160,9.542,1357.414201
2026-09-26T01:40:06.963Z,AAVE,-0.9602,208500,155.09,1357.414201
2026-09-26T01:40:06.963Z,ADA,-0.426,352.1,0.2605,1357.414201
2026-09-26T01:40:06.963Z,HYPE,0.4733,125600,92.093,1357.414201
2026-09-26T01:40:06.963Z,SEI,-0.2753,103.8,0.07668,1357.414201
2026-09-26T01:40:06.963Z,HBAR,-0.8012,127.8,0.09491,1357.414201
2026-09-26T01:40:06.963Z,ARB,0.6396,308,0.22546,1357.414201
2026-09-26T01:40:06.963Z,JTO,1.1432,780.1,0.5682,1357.414201
2026-09-26T01:40:06.963Z,ONDO,-0.5313,736.4,0.5454,1357.414201
2026-09-26T01:40:06.963Z,QTUM,0.9547,1433,1.0457,1357.414201
2026-09-26T01:40:06.963Z,PYTH,-0.2805,99.26,0.07333,1357.414201
2026-09-26T01:40:06.963Z,APT,0.2335,1175,0.8636,1357.414201
2026-09-26T01:40:06.963Z,UNI,-3.2243,12590,9.584,1357.414201
2026-09-26T01:40:06.963Z,TIA,0.2024,672.6,0.4945,1357.414201
2026-09-26T01:40:06.963Z,ALGO,-0.275,157,0.11598,1357.414201
2026-09-26T01:40:06.963Z,NEAR,-0.4886,6735,4.986,1357.414201
2026-09-26T01:40:06.963Z,ZIL,-5.3786,4.9,0.003815,1357.414201
2026-09-26T01:40:06.963Z,SUSHI,-3.2567,348,0.265,1357.414201
2026-09-26T01:40:06.963Z,PENDLE,-0.0805,3422,2.523,1357.414201
2026-09-26T01:40:06.963Z,XTZ,-0.127,446.7,0.3295,1357.414201
2026-09-26T01:40:06.963Z,W,-1.2498,16.45,0.012272,1357.414201
2026-09-26T01:40:06.963Z,AR,-6.4755,5855,4.612,1357.414201
2026-09-26T01:40:06.963Z,SHIB,-1.7249,0.008,0.000005997,1357.414201
2026-09-26T01:40:06.963Z,CELO,-0.7469,134,0.09946,1357.414201
2026-09-26T01:40:06.963Z,STX,-0.3165,449.1,0.3319,1357.414201
2026-09-26T01:40:06.963Z,JUP,0.6852,464,0.3395,1357.414201
2026-09-26T01:40:06.963Z,PEPE,-2.0135,0.006,0.000004511,1357.414201
2026-09-26T01:40:06.963Z,DYDX,1.414,186.2,0.13526,1357.414201
2026-09-26T01:40:06.963Z,KITE,-4.876,175,0.13553,1357.414201
2026-09-26T01:40:06.963Z,CRV,-2.366,467.3,0.3526,1357.414201
2026-09-26T01:40:06.963Z,ENJ,1.401,40.88,0.0297,1357.414201
2026-09-26T01:40:06.963Z,ATOM,-0.7152,2438,1.809,1357.414201
2026-09-26T01:40:06.963Z,ICP,2.0855,4426,3.194,1357.414201
2026-09-26T01:40:06.963Z,SPACE,0.3915,6.954,0.005103,1357.414201
2026-09-26T01:40:06.963Z,DOT,-0.1751,1669,1.2317,1357.414201
2026-09-26T01:40:06.963Z,ETHFI,0.1588,972.5,0.7153,1357.414201
2026-09-26T01:40:06.963Z,CC,-2.678,178,0.13474,1357.414201
2026-09-26T01:40:06.963Z,SYRUP,-1.1076,296.8,0.2211,1357.414201
2026-09-26T01:40:06.963Z,TAO,-4.4137,410400,316.3,1357.414201
2026-09-26T01:40:06.963Z,GRAM,-0.8432,1953,1.451,1357.414201
2026-09-26T01:40:06.963Z,RAY,2.2939,2860,2.0597,1357.414201
2026-09-26T01:40:06.963Z,RENDER,0.2544,2636,1.937,1357.414201
2026-09-26T01:40:06.963Z,GRASS,-12.6266,610.8,0.515,1357.414201
2026-09-26T01:40:06.963Z,MINA,1.9458,194.4,0.14048,1357.414201
2026-09-26T01:40:06.963Z,POL,-0.5046,157.8,0.11684,1357.414201
2026-09-26T01:40:06.963Z,ENA,-9.7373,327.2,0.26705,1357.414201
2026-09-26T01:40:06.963Z,SAND,-1.1373,60.55,0.04512,1357.414201
2026-09-26T01:40:06.963Z,AERO,0.5694,1153,0.8446,1357.414201
2026-09-26T01:40:06.963Z,KGEN,-1.0344,223,0.166,1357.414201
2026-09-26T01:40:06.963Z,LIT,-1.6344,6480,4.8531,1357.414201
2026-09-26T01:40:06.963Z,MANA,-3.8048,120,0.0919,1357.414201
2026-09-26T01:40:06.963Z,BAND,-6.2179,284.9,0.2238,1357.414201
2026-09-26T01:40:06.963Z,APE,-1.0438,208.7,0.15537,1357.414201
2026-09-26T01:40:06.963Z,GMT,0.4886,12.11,0.008878,1357.414201
2026-09-26T01:40:06.963Z,VIRTUAL,-0.6893,1062,0.7878,1357.414201
2026-09-26T01:40:06.963Z,LPT,-2.6495,2261,1.711,1357.414201
2026-09-26T01:40:06.963Z,DATA,-0.2668,308.8,0.2281,1357.414201
2026-09-26T01:40:06.963Z,THETA,-5.2462,302,0.2348,1357.414201
2026-09-26T01:40:06.963Z,GRT,-8.0636,35.13,0.02815,1357.414201
2026-09-26T01:40:06.963Z,LAYER,-1.5099,106.9,0.07996,1357.414201
2026-09-26T01:40:06.963Z,NMR,-0.4446,13130,9.716,1357.414201
2026-09-26T01:40:06.963Z,EIGEN,-8.6158,321.9,0.2595,1357.414201
2026-09-26T01:40:06.963Z,BAT,0.229,125.1,0.09195,1357.414201
2026-09-26T01:40:06.963Z,SPK,-4.491,30.7,0.02368,1357.414201
2026-09-26T01:40:06.963Z,PUMP,-7.655,5.276,0.004209,1357.414201
2026-09-26T01:40:06.963Z,KMNO,-0.1886,56.24,0.04151,1357.414201
2026-09-26T01:40:06.963Z,CHZ,-0.2622,22.65,0.01673,1357.414201
2026-09-26T01:40:06.963Z,PENGU,1.0814,14.16,0.01032,1357.414201
2026-09-26T01:40:06.963Z,OP,1.5063,199.9,0.14508,1357.414201
2026-09-26T01:40:06.963Z,UMA,-0.3474,558.8,0.4131,1357.414201
2026-09-26T01:40:06.963Z,ZRO,0.4625,2204,1.6162,1357.414201
2026-09-26T01:40:06.963Z,S,0.7248,56.03,0.04098,1357.414201
2026-09-26T01:40:06.963Z,IMX,-0.8875,216.9,0.16122,1357.414201
2026-09-26T01:40:06.963Z,A,-3.6546,133.2,0.10185,1357.414201
2026-09-26T01:40:06.963Z,ATH,-5.6242,8.04,0.006276,1357.414201
2026-09-26T01:40:06.963Z,COMP,0.9862,33050,24.11,1357.414201
2026-09-26T01:40:06.963Z,CVX,-5.134,2654,2.061,1357.414201
2026-09-26T01:40:06.963Z,AXS,-3.6228,1550,1.1848,1357.414201
2026-09-26T01:40:06.963Z,WCT,-0.3913,58.83,0.04351,1357.414201
2026-09-26T01:40:06.963Z,ME,0.2011,106.2,0.07808,1357.414201
2026-09-26T01:40:06.963Z,ASTER,0.6452,1004,0.7349,1357.414201
2026-09-26T01:40:06.963Z,GMX,1.2921,11210,8.153,1357.414201
2026-09-26T01:40:06.963Z,MORPHO,3.1876,3810,2.7201,1357.414201
2026-09-26T01:40:06.963Z,MON,-2.0165,35.02,0.02633,1357.414201
2026-09-26T01:40:06.963Z,1INCH,-2.2131,136.6,0.10291,1357.414201
2026-09-26T01:40:06.963Z,SKY,-0.4568,105.8,0.0783,1357.414201
2026-09-26T01:40:06.963Z,YGG,-2.7062,36.53,0.02766,1357.414201
2026-09-26T01:40:06.963Z,BIO,1.4561,45.02,0.03269,1357.414201
2026-09-26T01:40:06.963Z,MOVE,-4.9573,12.54,0.00972,1357.414201
2026-09-26T01:40:06.963Z,GALA,-10.6171,2.628,0.002166,1357.414201
2026-09-26T01:40:06.963Z,ZK,-1.066,17.14,0.012763,1357.414201
2026-09-26T01:40:06.963Z,ENS,-1.1362,9610,7.161,1357.414201
2026-09-26T01:40:06.963Z,INJ,2.1876,11040,7.959,1357.414201
2026-09-26T01:40:06.963Z,KAITO,-0.9075,484.1,0.3599,1357.414201
2026-09-26T01:40:06.963Z,LDO,-2.4146,650,0.4907,1357.414201
2026-09-26T01:40:06.963Z,BLUR,-0.7645,28.18,0.02092,1357.414201
2026-09-26T01:40:06.963Z,AUCTION,-2.0897,5170,3.89,1357.414201
2026-09-26T01:40:06.963Z,ZETA,-1.0241,74.35,0.05534,1357.414201
2026-09-26T01:40:06.963Z,WIF,-4.8898,325.6,0.2522,1357.414201
2026-09-26T01:40:06.963Z,KSM,-1.5163,6370,4.765,1357.414201
2026-09-26T01:45:06.987Z,BTC,-0.1783,113829000,84007,1357.414201
2026-09-26T01:45:06.987Z,XRP,-0.2446,2135,1.5767,1357.414201
2026-09-26T01:45:06.987Z,SOL,-0.2606,165200,122.02,1357.414201
2026-09-26T01:45:06.987Z,ETH,-0.1649,3649000,2692.64,1357.414201
2026-09-26T01:45:06.987Z,FIL,-0.2078,1423,1.0505,1357.414201
2026-09-26T01:45:06.987Z,TRX,-0.1073,457.5,0.3374,1357.414201
2026-09-26T01:45:06.987Z,BNB,-0.3312,1050000,776.1,1357.414201
2026-09-26T01:45:06.987Z,WLD,-0.1926,664.8,0.4907,1357.414201
2026-09-26T01:45:06.987Z,FLOW,0.5015,42.4,0.03108,1357.414201
2026-09-26T01:45:06.987Z,LINK,-0.8995,18810,13.983,1357.414201
2026-09-26T01:45:06.987Z,DOGE,-0.2261,134.5,0.09931,1357.414201
2026-09-26T01:45:06.987Z,SUI,-0.0659,1603,1.1817,1357.414201
2026-09-26T01:45:06.987Z,XLM,-0.3378,299.3,0.22124,1357.414201
2026-09-26T01:45:06.987Z,BCH,-0.9643,460700,342.7,1357.414201
2026-09-26T01:45:06.987Z,AVAX,-1.0208,14630,10.889,1357.414201
2026-09-26T01:45:06.987Z,ETC,1.6237,13160,9.54,1357.414201
2026-09-26T01:45:06.987Z,AAVE,-1.1514,208500,155.39,1357.414201
2026-09-26T01:45:06.987Z,ADA,-0.2581,353.1,0.2608,1357.414201
2026-09-26T01:45:06.987Z,HYPE,-0.2329,124900,92.228,1357.414201
2026-09-26T01:45:06.987Z,SEI,-0.4441,103.8,0.07681,1357.414201
2026-09-26T01:45:06.987Z,HBAR,-0.8012,127.8,0.09491,1357.414201
2026-09-26T01:45:06.987Z,ARB,0.9261,308,0.22482,1357.414201
2026-09-26T01:45:06.987Z,JTO,0.6825,780.1,0.5708,1357.414201
2026-09-26T01:45:06.987Z,ONDO,-0.2516,738.2,0.5452,1357.414201
2026-09-26T01:45:06.987Z,QTUM,1.061,1433,1.0446,1357.414201
2026-09-26T01:45:06.987Z,PYTH,-0.2397,99.26,0.0733,1357.414201
2026-09-26T01:45:06.987Z,APT,0.2683,1175,0.8633,1357.414201
2026-09-26T01:45:06.987Z,UNI,-3.3553,12590,9.597,1357.414201
2026-09-26T01:45:06.987Z,TIA,0.2024,672.6,0.4945,1357.414201
2026-09-26T01:45:06.987Z,ALGO,-0.3265,157,0.11604,1357.414201
2026-09-26T01:45:06.987Z,NEAR,0.0734,6735,4.958,1357.414201
2026-09-26T01:45:06.987Z,ZIL,-5.2296,4.9,0.003809,1357.414201
2026-09-26T01:45:06.987Z,SUSHI,-3.0371,348,0.2644,1357.414201
2026-09-26T01:45:06.987Z,PENDLE,-0.1201,3422,2.524,1357.414201
2026-09-26T01:45:06.987Z,XTZ,-0.0663,446.7,0.3293,1357.414201
2026-09-26T01:45:06.987Z,W,-1.1047,16.45,0.012254,1357.414201
2026-09-26T01:45:06.987Z,AR,-6.3334,5855,4.605,1357.414201
2026-09-26T01:45:06.987Z,SHIB,-1.8068,0.008,0.000006002,1357.414201
2026-09-26T01:45:06.987Z,CELO,-0.687,134,0.0994,1357.414201
2026-09-26T01:45:06.987Z,STX,-0.2864,449.1,0.3318,1357.414201
2026-09-26T01:45:06.987Z,JUP,0.9231,464,0.3387,1357.414201
2026-09-26T01:45:06.987Z,PEPE,-2.0135,0.006,0.000004511,1357.414201
2026-09-26T01:45:06.987Z,DYDX,1.5041,186.2,0.13514,1357.414201
2026-09-26T01:45:06.987Z,KITE,-5.121,175,0.13588,1357.414201
2026-09-26T01:45:06.987Z,CRV,-2.3383,467.3,0.3525,1357.414201
2026-09-26T01:45:06.987Z,ENJ,1.7779,40.88,0.02959,1357.414201
2026-09-26T01:45:06.987Z,ATOM,-0.5503,2438,1.806,1357.414201
2026-09-26T01:45:06.987Z,ICP,2.2456,4426,3.189,1357.414201
2026-09-26T01:45:06.987Z,SPACE,0.5294,6.954,0.005096,1357.414201
2026-09-26T01:45:06.987Z,DOT,-0.167,1669,1.2316,1357.414201
2026-09-26T01:45:06.987Z,ETHFI,-0.0648,972.5,0.7169,1357.414201
2026-09-26T01:45:06.987Z,CC,-2.2135,178,0.1341,1357.414201
2026-09-26T01:45:06.987Z,SYRUP,-1.1076,296.8,0.2211,1357.414201
2026-09-26T01:45:06.987Z,TAO,-4.5645,410400,316.8,1357.414201
2026-09-26T01:45:06.987Z,GRAM,-0.7748,1953,1.45,1357.414201
2026-09-26T01:45:06.987Z,RAY,2.9436,2860,2.0467,1357.414201
2026-09-26T01:45:06.987Z,RENDER,0.3062,2636,1.936,1357.414201
2026-09-26T01:45:06.987Z,GRASS,-12.4395,610.8,0.5139,1357.414201
2026-09-26T01:45:06.987Z,MINA,1.8009,194.4,0.14068,1357.414201
2026-09-26T01:45:06.987Z,POL,-1.4326,157.8,0.11794,1357.414201
2026-09-26T01:45:06.987Z,ENA,-9.7913,327.2,0.26721,1357.414201
2026-09-26T01:45:06.987Z,SAND,-1.1153,60.55,0.04511,1357.414201
2026-09-26T01:45:06.987Z,AERO,0.5694,1153,0.8446,1357.414201
2026-09-26T01:45:06.987Z,KGEN,-1.568,223,0.1669,1357.414201
2026-09-26T01:45:06.987Z,LIT,-1.9616,6480,4.8693,1357.414201
2026-09-26T01:45:06.987Z,MANA,-3.721,120,0.09182,1357.414201
2026-09-26T01:45:06.987Z,BAND,-6.176,284.9,0.2237,1357.414201
2026-09-26T01:45:06.987Z,APE,-0.9418,208.7,0.15521,1357.414201
2026-09-26T01:45:06.987Z,GMT,0.7496,12.11,0.008855,1357.414201
2026-09-26T01:45:06.987Z,VIRTUAL,-0.601,1062,0.7871,1357.414201
2026-09-26T01:45:06.987Z,LPT,-2.5356,2261,1.709,1357.414201
2026-09-26T01:45:06.987Z,DATA,0.2165,308.8,0.227,1357.414201
2026-09-26T01:45:06.987Z,THETA,-5.2462,302,0.2348,1357.414201
2026-09-26T01:45:06.987Z,GRT,-8.0636,35.13,0.02815,1357.414201
2026-09-26T01:45:06.987Z,LAYER,-1.4483,106.9,0.07991,1357.414201
2026-09-26T01:45:06.987Z,NMR,-0.5163,13130,9.723,1357.414201
2026-09-26T01:45:06.987Z,EIGEN,-8.6158,321.9,0.2595,1357.414201
2026-09-26T01:45:06.987Z,BAT,0.3381,125.1,0.09185,1357.414201
2026-09-26T01:45:06.987Z,SPK,-4.5716,30.7,0.0237,1357.414201
2026-09-26T01:45:06.987Z,PUMP,-8.1569,5.276,0.004232,1357.414201
2026-09-26T01:45:06.987Z,KMNO,-0.0441,56.24,0.04145,1357.414201
2026-09-26T01:45:06.987Z,CHZ,-0.1428,22.65,0.01671,1357.414201
2026-09-26T01:45:06.987Z,PENGU,-0.3329,13.97,0.010326,1357.414201
2026-09-26T01:45:06.987Z,OP,1.6183,199.9,0.14492,1357.414201
2026-09-26T01:45:06.987Z,UMA,-0.3474,558.8,0.4131,1357.414201
2026-09-26T01:45:06.987Z,ZRO,0.9058,2204,1.6091,1357.414201
2026-09-26T01:45:06.987Z,S,0.9218,56.03,0.0409,1357.414201
2026-09-26T01:45:06.987Z,IMX,-0.8014,216.9,0.16108,1357.414201
2026-09-26T01:45:06.987Z,A,-3.5884,133.2,0.10178,1357.414201
2026-09-26T01:45:06.987Z,ATH,-5.5188,8.04,0.006269,1357.414201
2026-09-26T01:45:06.987Z,COMP,0.8607,33050,24.14,1357.414201
2026-09-26T01:45:06.987Z,CVX,-5.4094,2654,2.067,1357.414201
2026-09-26T01:45:06.987Z,AXS,-3.2881,1550,1.1807,1357.414201
2026-09-26T01:45:06.987Z,WCT,-0.3684,58.83,0.0435,1357.414201
2026-09-26T01:45:06.987Z,ME,0.0089,106.2,0.07823,1357.414201
2026-09-26T01:45:06.987Z,ASTER,0.6589,1004,0.7348,1357.414201
2026-09-26T01:45:06.987Z,GMX,0.9208,11210,8.183,1357.414201
2026-09-26T01:45:06.987Z,MORPHO,3.1118,3810,2.7221,1357.414201
2026-09-26T01:45:06.987Z,MON,-2.0909,35.02,0.02635,1357.414201
2026-09-26T01:45:06.987Z,1INCH,-2.1941,136.6,0.10289,1357.414201
2026-09-26T01:45:06.987Z,SKY,-0.3295,105.8,0.0782,1357.414201
2026-09-26T01:45:06.987Z,YGG,-2.7414,36.53,0.02767,1357.414201
2026-09-26T01:45:06.987Z,BIO,1.6115,45.02,0.03264,1357.414201
2026-09-26T01:45:06.987Z,MOVE,-4.8202,12.54,0.009706,1357.414201
2026-09-26T01:45:06.987Z,GALA,-10.6995,2.628,0.002168,1357.414201
2026-09-26T01:45:06.987Z,ZK,-0.9651,17.14,0.01275,1357.414201
2026-09-26T01:45:06.987Z,ENS,-1.0948,9610,7.158,1357.414201
2026-09-26T01:45:06.987Z,INJ,2.1748,11040,7.96,1357.414201
2026-09-26T01:45:06.987Z,KAITO,-0.7696,484.1,0.3594,1357.414201
2026-09-26T01:45:06.987Z,LDO,-3.2623,650,0.495,1357.414201
2026-09-26T01:45:06.987Z,BLUR,-0.6696,28.18,0.0209,1357.414201
2026-09-26T01:45:06.987Z,AUCTION,-1.8626,5170,3.881,1357.414201
2026-09-26T01:45:06.987Z,ZETA,-1.345,74.35,0.05552,1357.414201
2026-09-26T01:45:06.987Z,WIF,-4.6251,325.6,0.2515,1357.414201
2026-09-26T01:45:06.987Z,KSM,-1.2677,6370,4.753,1357.414201
2026-09-26T01:50:06.830Z,BTC,-0.1861,113804000,83995.1,1357.414201
2026-09-26T01:50:06.830Z,XRP,-0.1876,2135,1.5758,1357.414201
2026-09-26T01:50:06.830Z,SOL,-0.2034,165200,121.95,1357.414201
2026-09-26T01:50:06.830Z,ETH,-0.1519,3648000,2691.55,1357.414201
2026-09-26T01:50:06.830Z,FIL,-0.1127,1423,1.0495,1357.414201
2026-09-26T01:50:06.830Z,TRX,-0.168,457.1,0.33731,1357.414201
2026-09-26T01:50:06.830Z,BNB,-0.3184,1050000,776,1357.414201
2026-09-26T01:50:06.830Z,WLD,-0.2728,662.1,0.4891,1357.414201
2026-09-26T01:50:06.830Z,FLOW,0.3401,42.4,0.03113,1357.414201
2026-09-26T01:50:06.830Z,LINK,-0.8072,18810,13.97,1357.414201
2026-09-26T01:50:06.830Z,DOGE,0.1001,134.6,0.09906,1357.414201
2026-09-26T01:50:06.830Z,SUI,-0.2276,1600,1.1814,1357.414201
2026-09-26T01:50:06.830Z,XLM,-0.1887,300.1,0.2215,1357.414201
2026-09-26T01:50:06.830Z,BCH,-0.8486,460700,342.3,1357.414201
2026-09-26T01:50:06.830Z,AVAX,-0.793,14630,10.864,1357.414201
2026-09-26T01:50:06.830Z,ETC,1.709,13160,9.532,1357.414201
2026-09-26T01:50:06.830Z,AAVE,-0.6624,209100,155.07,1357.414201
2026-09-26T01:50:06.830Z,ADA,-0.0821,356.3,0.2627,1357.414201
2026-09-26T01:50:06.830Z,HYPE,-0.3496,124900,92.336,1357.414201
2026-09-26T01:50:06.830Z,SEI,0.2608,103.8,0.07627,1357.414201
2026-09-26T01:50:06.830Z,HBAR,-0.0211,128.9,0.09498,1357.414201
2026-09-26T01:50:06.830Z,ARB,0.998,308,0.22466,1357.414201
2026-09-26T01:50:06.830Z,JTO,1.5722,780.1,0.5658,1357.414201
2026-09-26T01:50:06.830Z,ONDO,0.0604,738.2,0.5435,1357.414201
2026-09-26T01:50:06.830Z,QTUM,1.0417,1433,1.0448,1357.414201
2026-09-26T01:50:06.830Z,PYTH,-0.0897,99.26,0.07319,1357.414201
2026-09-26T01:50:06.830Z,APT,0.4895,1175,0.8614,1357.414201
2026-09-26T01:50:06.830Z,UNI,-3.3251,12590,9.594,1357.414201
2026-09-26T01:50:06.830Z,TIA,0.3648,672.6,0.4937,1357.414201
2026-09-26T01:50:06.830Z,ALGO,-0.5408,157,0.11629,1357.414201
2026-09-26T01:50:06.830Z,NEAR,0.4652,6730,4.935,1357.414201
2026-09-26T01:50:06.830Z,ZIL,-5.1549,4.9,0.003806,1357.414201
2026-09-26T01:50:06.830Z,SUSHI,-2.9637,348,0.2642,1357.414201
2026-09-26T01:50:06.830Z,PENDLE,-0.0805,3422,2.523,1357.414201
2026-09-26T01:50:06.830Z,XTZ,-0.036,446.7,0.3292,1357.414201
2026-09-26T01:50:06.830Z,W,-0.9916,16.45,0.01224,1357.414201
2026-09-26T01:50:06.830Z,AR,-6.0887,5855,4.593,1357.414201
2026-09-26T01:50:06.830Z,SHIB,-1.9048,0.008,0.000006008,1357.414201
2026-09-26T01:50:06.830Z,CELO,-0.3763,134,0.09909,1357.414201
2026-09-26T01:50:06.830Z,STX,-0.3765,449.1,0.3321,1357.414201
2026-09-26T01:50:06.830Z,JUP,1.2219,464,0.3377,1357.414201
2026-09-26T01:50:06.830Z,PEPE,-1.774,0.006,0.0000045,1357.414201
2026-09-26T01:50:06.830Z,DYDX,1.5717,186.2,0.13505,1357.414201
2026-09-26T01:50:06.830Z,KITE,-5.3786,175,0.13625,1357.414201
2026-09-26T01:50:06.830Z,CRV,-2.0883,467.3,0.3516,1357.414201
2026-09-26T01:50:06.830Z,ENJ,1.9847,40.88,0.02953,1357.414201
2026-09-26T01:50:06.830Z,ATOM,-1.0434,2438,1.815,1357.414201
2026-09-26T01:50:06.830Z,ICP,2.2776,4426,3.188,1357.414201
2026-09-26T01:50:06.830Z,SPACE,0.6874,6.954,0.005088,1357.414201
2026-09-26T01:50:06.830Z,DOT,-0.0371,1669,1.23,1357.414201
2026-09-26T01:50:06.830Z,ETHFI,0.2148,972.5,0.7149,1357.414201
2026-09-26T01:50:06.830Z,CC,-2.1697,178,0.13404,1357.414201
2026-09-26T01:50:06.830Z,SYRUP,-0.9733,296.8,0.2208,1357.414201
2026-09-26T01:50:06.830Z,TAO,-4.0801,410400,315.2,1357.414201
2026-09-26T01:50:06.830Z,GRAM,-0.8432,1953,1.451,1357.414201
2026-09-26T01:50:06.830Z,RAY,3.7445,2860,2.0309,1357.414201
2026-09-26T01:50:06.830Z,RENDER,0.4618,2636,1.933,1357.414201
2026-09-26T01:50:06.830Z,GRASS,-12.2688,610.8,0.5129,1357.414201
2026-09-26T01:50:06.830Z,MINA,1.4691,194.4,0.14114,1357.414201
2026-09-26T01:50:06.830Z,POL,-0.0584,160,0.11794,1357.414201
2026-09-26T01:50:06.830Z,ENA,-9.5883,327.2,0.26661,1357.414201
2026-09-26T01:50:06.830Z,SAND,-1.2248,60.55,0.04516,1357.414201
2026-09-26T01:50:06.830Z,AERO,0.2134,1153,0.8476,1357.414201
2026-09-26T01:50:06.830Z,KGEN,-1.627,223,0.167,1357.414201
2026-09-26T01:50:06.830Z,LIT,-2.2807,6480,4.8852,1357.414201
2026-09-26T01:50:06.830Z,MANA,-3.679,120,0.09178,1357.414201
2026-09-26T01:50:06.830Z,BAND,-6.092,284.9,0.2235,1357.414201
2026-09-26T01:50:06.830Z,APE,-0.9354,208.7,0.1552,1357.414201
2026-09-26T01:50:06.830Z,GMT,0.6586,12.11,0.008863,1357.414201
2026-09-26T01:50:06.830Z,VIRTUAL,-0.6388,1062,0.7874,1357.414201
2026-09-26T01:50:06.830Z,LPT,-2.3642,2261,1.706,1357.414201
2026-09-26T01:50:06.830Z,DATA,0.482,308.8,0.2264,1357.414201
2026-09-26T01:50:06.830Z,THETA,-5.3671,302,0.2351,1357.414201
2026-09-26T01:50:06.830Z,GRT,-8.1615,35.13,0.02818,1357.414201
2026-09-26T01:50:06.830Z,LAYER,-1.4976,106.9,0.07995,1357.414201
2026-09-26T01:50:06.830Z,NMR,-0.4344,13130,9.715,1357.414201
2026-09-26T01:50:06.830Z,EIGEN,-8.4394,321.9,0.259,1357.414201
2026-09-26T01:50:06.830Z,BAT,0.3927,125.1,0.0918,1357.414201
2026-09-26T01:50:06.830Z,SPK,-4.6118,30.7,0.02371,1357.414201
2026-09-26T01:50:06.830Z,PUMP,-8.8247,5.276,0.004263,1357.414201
2026-09-26T01:50:06.830Z,KMNO,-0.0441,56.24,0.04145,1357.414201
2026-09-26T01:50:06.830Z,CHZ,-0.3218,22.65,0.01674,1357.414201
2026-09-26T01:50:06.830Z,PENGU,0.0255,13.97,0.010289,1357.414201
2026-09-26T01:50:06.830Z,OP,2.0762,199.9,0.14427,1357.414201
2026-09-26T01:50:06.830Z,UMA,-0.2749,558.8,0.4128,1357.414201
2026-09-26T01:50:06.830Z,ZRO,1.1384,2204,1.6054,1357.414201
2026-09-26T01:50:06.830Z,S,0.9959,56.03,0.04087,1357.414201
2026-09-26T01:50:06.830Z,IMX,-0.8752,216.9,0.1612,1357.414201
2026-09-26T01:50:06.830Z,A,-3.56,133.2,0.10175,1357.414201
2026-09-26T01:50:06.830Z,ATH,-5.564,8.04,0.006272,1357.414201
2026-09-26T01:50:06.830Z,COMP,1.0281,33050,24.1,1357.414201
2026-09-26T01:50:06.830Z,CVX,-5.3636,2654,2.066,1357.414201
2026-09-26T01:50:06.830Z,AXS,-3.1651,1550,1.1792,1357.414201
2026-09-26T01:50:06.830Z,WCT,-0.3455,58.83,0.04349,1357.414201
2026-09-26T01:50:06.830Z,ME,0.0089,106.2,0.07823,1357.414201
2026-09-26T01:50:06.830Z,ASTER,0.8786,1004,0.7332,1357.414201
2026-09-26T01:50:06.830Z,GMX,1.2549,11210,8.156,1357.414201
2026-09-26T01:50:06.830Z,MORPHO,3.3548,3810,2.7157,1357.414201
2026-09-26T01:50:06.830Z,MON,-2.0165,35.02,0.02633,1357.414201
2026-09-26T01:50:06.830Z,1INCH,-2.2416,136.6,0.10294,1357.414201
2026-09-26T01:50:06.830Z,SKY,-0.5965,105.8,0.07841,1357.414201
2026-09-26T01:50:06.830Z,YGG,-2.5653,36.53,0.02762,1357.414201
2026-09-26T01:50:06.830Z,BIO,1.705,45.02,0.03261,1357.414201
2026-09-26T01:50:06.830Z,MOVE,-4.8398,12.54,0.009708,1357.414201
2026-09-26T01:50:06.830Z,GALA,-10.5345,2.628,0.002164,1357.414201
2026-09-26T01:50:06.830Z,ZK,-0.9651,17.14,0.01275,1357.414201
2026-09-26T01:50:06.830Z,ENS,-1.15,9610,7.162,1357.414201
2026-09-26T01:50:06.830Z,INJ,2.4192,11040,7.941,1357.414201
2026-09-26T01:50:06.830Z,KAITO,-0.8524,484.1,0.3597,1357.414201
2026-09-26T01:50:06.830Z,LDO,-2.335,650,0.4903,1357.414201
2026-09-26T01:50:06.830Z,BLUR,-0.5744,28.18,0.02088,1357.414201
2026-09-26T01:50:06.830Z,AUCTION,-2.0393,5170,3.888,1357.414201
2026-09-26T01:50:06.830Z,ZETA,-0.9525,74.35,0.0553,1357.414201
2026-09-26T01:50:06.830Z,WIF,-4.397,325.6,0.2509,1357.414201
2026-09-26T01:50:06.830Z,KSM,-1.1637,6370,4.748,1357.414201
2026-09-26T01:55:07.026Z,BTC,-0.1728,113888000,84045.9,1357.414201
2026-09-26T01:55:07.026Z,XRP,-0.2018,2137,1.5775,1357.414201
2026-09-26T01:55:07.026Z,SOL,-0.3096,165200,122.08,1357.414201
2026-09-26T01:55:07.026Z,ETH,-0.2349,3648000,2693.79,1357.414201
2026-09-26T01:55:07.026Z,FIL,0.0493,1423,1.0478,1357.414201
2026-09-26T01:55:07.026Z,TRX,-0.168,457.1,0.33731,1357.414201
2026-09-26T01:55:07.026Z,BNB,-0.3312,1050000,776.1,1357.414201
2026-09-26T01:55:07.026Z,WLD,-0.3348,662.5,0.4897,1357.414201
2026-09-26T01:55:07.026Z,FLOW,0.1792,42.4,0.03118,1357.414201
2026-09-26T01:55:07.026Z,LINK,-1.0056,18810,13.998,1357.414201
2026-09-26T01:55:07.026Z,DOGE,-0.3483,134.2,0.09921,1357.414201
2026-09-26T01:55:07.026Z,SUI,-0.1515,1600,1.1805,1357.414201
2026-09-26T01:55:07.026Z,XLM,-0.2136,299.7,0.22126,1357.414201
2026-09-26T01:55:07.026Z,BCH,-0.8196,460700,342.2,1357.414201
2026-09-26T01:55:07.026Z,AVAX,-0.0146,14700,10.831,1357.414201
2026-09-26T01:55:07.026Z,ETC,1.677,13160,9.535,1357.414201
2026-09-26T01:55:07.026Z,AAVE,-0.6175,209100,155,1357.414201
2026-09-26T01:55:07.026Z,ADA,-0.1644,355.6,0.2624,1357.414201
2026-09-26T01:55:07.026Z,HYPE,-0.2805,124900,92.272,1357.414201
2026-09-26T01:55:07.026Z,SEI,0.2477,103.8,0.07628,1357.414201
2026-09-26T01:55:07.026Z,HBAR,-0.0632,128.9,0.09502,1357.414201
2026-09-26T01:55:07.026Z,ARB,0.8095,308,0.22508,1357.414201
2026-09-26T01:55:07.026Z,JTO,1.0365,780.1,0.5688,1357.414201
2026-09-26T01:55:07.026Z,ONDO,-0.2516,738.2,0.5452,1357.414201
2026-09-26T01:55:07.026Z,QTUM,1.2646,1433,1.0425,1357.414201
2026-09-26T01:55:07.026Z,PYTH,-0.0897,99.26,0.07319,1357.414201
2026-09-26T01:55:07.026Z,APT,0.5712,1175,0.8607,1357.414201
2026-09-26T01:55:07.026Z,UNI,-3.2041,12590,9.582,1357.414201
2026-09-26T01:55:07.026Z,TIA,0.4462,672.6,0.4933,1357.414201
2026-09-26T01:55:07.026Z,ALGO,-0.5066,157,0.11625,1357.414201
2026-09-26T01:55:07.026Z,NEAR,0.1405,6730,4.951,1357.414201
2026-09-26T01:55:07.026Z,ZIL,-5.0551,4.9,0.003802,1357.414201
2026-09-26T01:55:07.026Z,SUSHI,-3.0005,348,0.2643,1357.414201
2026-09-26T01:55:07.026Z,PENDLE,-0.2386,3422,2.527,1357.414201
2026-09-26T01:55:07.026Z,XTZ,-0.1573,446.7,0.3296,1357.414201
2026-09-26T01:55:07.026Z,W,-0.9835,16.45,0.012239,1357.414201
2026-09-26T01:55:07.026Z,AR,-6.1908,5855,4.598,1357.414201
2026-09-26T01:55:07.026Z,SHIB,-1.8885,0.008,0.000006007,1357.414201
2026-09-26T01:55:07.026Z,CELO,-0.8964,134,0.09961,1357.414201
2026-09-26T01:55:07.026Z,STX,-0.3465,449.1,0.332,1357.414201
2026-09-26T01:55:07.026Z,JUP,0.804,464,0.3391,1357.414201
2026-09-26T01:55:07.026Z,PEPE,-1.7522,0.006,0.000004499,1357.414201
2026-09-26T01:55:07.026Z,DYDX,1.5266,186.2,0.13511,1357.414201
2026-09-26T01:55:07.026Z,KITE,-5.337,175,0.13619,1357.414201
2026-09-26T01:55:07.026Z,CRV,-2.4213,467.3,0.3528,1357.414201
2026-09-26T01:55:07.026Z,ENJ,1.8123,40.88,0.02958,1357.414201
2026-09-26T01:55:07.026Z,ATOM,-0.9889,2438,1.814,1357.414201
2026-09-26T01:55:07.026Z,ICP,2.4061,4426,3.184,1357.414201
2026-09-26T01:55:07.026Z,SPACE,0.8063,6.954,0.005082,1357.414201
2026-09-26T01:55:07.026Z,DOT,-0.1751,1669,1.2317,1357.414201
2026-09-26T01:55:07.026Z,ETHFI,-0.0369,972.5,0.7167,1357.414201
2026-09-26T01:55:07.026Z,CC,-2.2864,178,0.1342,1357.414201
2026-09-26T01:55:07.026Z,SYRUP,-1.0629,296.8,0.221,1357.414201
2026-09-26T01:55:07.026Z,TAO,-4.2623,410400,315.8,1357.414201
2026-09-26T01:55:07.026Z,GRAM,-0.7748,1953,1.45,1357.414201
2026-09-26T01:55:07.026Z,RAY,3.6221,2860,2.0333,1357.414201
2026-09-26T01:55:07.026Z,RENDER,0.358,2636,1.935,1357.414201
2026-09-26T01:55:07.026Z,GRASS,-12.5417,610.8,0.5145,1357.414201
2026-09-26T01:55:07.026Z,MINA,1.6708,194.4,0.14086,1357.414201
2026-09-26T01:55:07.026Z,POL,-0.143,160,0.11804,1357.414201
2026-09-26T01:55:07.026Z,ENA,-9.7373,327.2,0.26705,1357.414201
2026-09-26T01:55:07.026Z,SAND,-1.4431,60.55,0.04526,1357.414201
2026-09-26T01:55:07.026Z,AERO,0.2253,1153,0.8475,1357.414201
2026-09-26T01:55:07.026Z,KGEN,-1.568,223,0.1669,1357.414201
2026-09-26T01:55:07.026Z,LIT,0.0478,6645,4.893,1357.414201
2026-09-26T01:55:07.026Z,MANA,-3.7105,120,0.09181,1357.414201
2026-09-26T01:55:07.026Z,BAND,-6.05,284.9,0.2234,1357.414201
2026-09-26T01:55:07.026Z,APE,-0.8907,208.7,0.15513,1357.414201
2026-09-26T01:55:07.026Z,GMT,0.8407,12.11,0.008847,1357.414201
2026-09-26T01:55:07.026Z,VIRTUAL,-0.7523,1062,0.7883,1357.414201
2026-09-26T01:55:07.026Z,LPT,-2.4214,2261,1.707,1357.414201
2026-09-26T01:55:07.026Z,DATA,0.6599,308.8,0.226,1357.414201
2026-09-26T01:55:07.026Z,THETA,-5.2462,302,0.2348,1357.414201
2026-09-26T01:55:07.026Z,GRT,-7.8673,35.13,0.02809,1357.414201
2026-09-26T01:55:07.026Z,LAYER,-1.6206,106.9,0.08005,1357.414201
2026-09-26T01:55:07.026Z,NMR,-0.2187,13130,9.694,1357.414201
2026-09-26T01:55:07.026Z,EIGEN,-8.5805,321.9,0.2594,1357.414201
2026-09-26T01:55:07.026Z,BAT,0.4912,125.1,0.09171,1357.414201
2026-09-26T01:55:07.026Z,SPK,-4.6118,30.7,0.02371,1357.414201
2026-09-26T01:55:07.026Z,PUMP,-8.6962,5.276,0.004257,1357.414201
2026-09-26T01:55:07.026Z,KMNO,-0.0441,56.24,0.04145,1357.414201
2026-09-26T01:55:07.026Z,CHZ,-0.2025,22.65,0.01672,1357.414201
2026-09-26T01:55:07.026Z,PENGU,-0.0328,13.97,0.010295,1357.414201
2026-09-26T01:55:07.026Z,OP,1.9419,199.9,0.14446,1357.414201
2026-09-26T01:55:07.026Z,UMA,-0.3956,558.8,0.4133,1357.414201
2026-09-26T01:55:07.026Z,ZRO,1.2961,2204,1.6029,1357.414201
2026-09-26T01:55:07.026Z,S,1.1444,56.03,0.04081,1357.414201
2026-09-26T01:55:07.026Z,IMX,-0.6225,216.9,0.16079,1357.414201
2026-09-26T01:55:07.026Z,A,-3.5505,133.2,0.10174,1357.414201
2026-09-26T01:55:07.026Z,ATH,-5.4887,8.04,0.006267,1357.414201
2026-09-26T01:55:07.026Z,COMP,0.9443,33050,24.12,1357.414201
2026-09-26T01:55:07.026Z,CVX,-5.18,2654,2.062,1357.414201
2026-09-26T01:55:07.026Z,AXS,-3.0088,1550,1.1773,1357.414201
2026-09-26T01:55:07.026Z,WCT,-0.6652,58.83,0.04363,1357.414201
2026-09-26T01:55:07.026Z,ME,-0.0166,106.2,0.07825,1357.414201
2026-09-26T01:55:07.026Z,ASTER,0.6589,1004,0.7348,1357.414201
2026-09-26T01:55:07.026Z,GMX,1.2549,11210,8.156,1357.414201
2026-09-26T01:55:07.026Z,MORPHO,3.431,3810,2.7137,1357.414201
2026-09-26T01:55:07.026Z,MON,-2.128,35.02,0.02636,1357.414201
2026-09-26T01:55:07.026Z,1INCH,-2.1465,136.6,0.10284,1357.414201
2026-09-26T01:55:07.026Z,SKY,-0.074,105.8,0.078,1357.414201
2026-09-26T01:55:07.026Z,YGG,-2.424,36.53,0.02758,1357.414201
2026-09-26T01:55:07.026Z,BIO,1.8299,45.02,0.03257,1357.414201
2026-09-26T01:55:07.026Z,MOVE,-4.8594,12.54,0.00971,1357.414201
2026-09-26T01:55:07.026Z,GALA,-10.5758,2.628,0.002165,1357.414201
2026-09-26T01:55:07.026Z,ZK,-0.9573,17.14,0.012749,1357.414201
2026-09-26T01:55:07.026Z,ENS,-1.1362,9610,7.161,1357.414201
2026-09-26T01:55:07.026Z,INJ,2.3548,11040,7.946,1357.414201
2026-09-26T01:55:07.026Z,KAITO,-0.7696,484.1,0.3594,1357.414201
2026-09-26T01:55:07.026Z,LDO,-2.8699,650,0.493,1357.414201
2026-09-26T01:55:07.026Z,BLUR,-0.5268,28.18,0.02087,1357.414201
2026-09-26T01:55:07.026Z,AUCTION,-1.9889,5170,3.886,1357.414201
2026-09-26T01:55:07.026Z,ZETA,-0.3035,74.35,0.05494,1357.414201
2026-09-26T01:55:07.026Z,WIF,-4.4351,325.6,0.251,1357.414201
2026-09-26T01:55:07.026Z,KSM,-1.1845,6370,4.749,1357.414201
2026-09-26T02:00:06.972Z,BTC,-0.1558,113899000,84039.7,1357.414201
2026-09-26T02:00:06.972Z,XRP,-0.194,2135,1.5759,1357.414201
2026-09-26T02:00:06.972Z,SOL,-0.2606,165200,122.02,1357.414201
2026-09-26T02:00:06.972Z,ETH,-0.1389,3648000,2691.2,1357.414201
2026-09-26T02:00:06.972Z,FIL,0.5966,1423,1.0421,1357.414201
2026-09-26T02:00:06.972Z,TRX,-0.1473,457.1,0.33724,1357.414201
2026-09-26T02:00:06.972Z,BNB,-0.2669,1050000,775.6,1357.414201
2026-09-26T02:00:06.972Z,WLD,-0.3765,660.6,0.4885,1357.414201
2026-09-26T02:00:06.972Z,FLOW,0.4046,42.4,0.03111,1357.414201
2026-09-26T02:00:06.972Z,LINK,-0.5652,18810,13.936,1357.414201
2026-09-26T02:00:06.972Z,DOGE,-0.1873,134.2,0.09905,1357.414201
2026-09-26T02:00:06.972Z,SUI,-0.143,1600,1.1804,1357.414201
2026-09-26T02:00:06.972Z,XLM,-0.2949,300.2,0.22181,1357.414201
2026-09-26T02:00:06.972Z,BCH,-0.6454,460700,341.6,1357.414201
2026-09-26T02:00:06.972Z,AVAX,0.2074,14700,10.807,1357.414201
2026-09-26T02:00:06.972Z,ETC,1.7838,13160,9.525,1357.414201
2026-09-26T02:00:06.972Z,AAVE,-0.4248,209100,154.7,1357.414201
2026-09-26T02:00:06.972Z,ADA,-0.1725,355.3,0.2622,1357.414201
2026-09-26T02:00:06.972Z,HYPE,-0.1431,124900,92.145,1357.414201
2026-09-26T02:00:06.972Z,SEI,-0.3181,102.7,0.0759,1357.414201
2026-09-26T02:00:06.972Z,HBAR,0.0632,128.9,0.0949,1357.414201
2026-09-26T02:00:06.972Z,ARB,1.0429,308,0.22456,1357.414201
2026-09-26T02:00:06.972Z,JTO,1.4467,780.1,0.5665,1357.414201
2026-09-26T02:00:06.972Z,ONDO,-0.3854,734.1,0.5429,1357.414201
2026-09-26T02:00:06.972Z,QTUM,1.3132,1433,1.042,1357.414201
2026-09-26T02:00:06.972Z,PYTH,0.0333,99.26,0.0731,1357.414201
2026-09-26T02:00:06.972Z,APT,0.7233,1175,0.8594,1357.414201
2026-09-26T02:00:06.972Z,UNI,-2.839,12590,9.546,1357.414201
2026-09-26T02:00:06.972Z,TIA,0.7935,672.6,0.4916,1357.414201
2026-09-26T02:00:06.972Z,ALGO,-0.1544,157,0.11584,1357.414201
2026-09-26T02:00:06.972Z,NEAR,0.4245,6730,4.937,1357.414201
2026-09-26T02:00:06.972Z,ZIL,-4.905,4.9,0.003796,1357.414201
2026-09-26T02:00:06.972Z,SUSHI,-2.706,348,0.2635,1357.414201
2026-09-26T02:00:06.972Z,PENDLE,-0.0805,3422,2.523,1357.414201
2026-09-26T02:00:06.972Z,XTZ,-0.0056,446.7,0.3291,1357.414201
2026-09-26T02:00:06.972Z,W,-0.7971,16.45,0.012216,1357.414201
2026-09-26T02:00:06.972Z,AR,-5.9453,5855,4.586,1357.414201
2026-09-26T02:00:06.972Z,SHIB,-1.6921,0.008,0.000005995,1357.414201
2026-09-26T02:00:06.972Z,CELO,-0.4868,134,0.0992,1357.414201
2026-09-26T02:00:06.972Z,STX,0.2879,449.1,0.3299,1357.414201
2026-09-26T02:00:06.972Z,JUP,1.162,464,0.3379,1357.414201
2026-09-26T02:00:06.972Z,PEPE,-1.5553,0.006,0.00000449,1357.414201
2026-09-26T02:00:06.972Z,DYDX,1.6319,186.2,0.13497,1357.414201
2026-09-26T02:00:06.972Z,KITE,-5.3509,175,0.13621,1357.414201
2026-09-26T02:00:06.972Z,CRV,-2.0326,467.3,0.3514,1357.414201
2026-09-26T02:00:06.972Z,ENJ,1.9157,40.88,0.02955,1357.414201
2026-09-26T02:00:06.972Z,ATOM,-0.8796,2438,1.812,1357.414201
2026-09-26T02:00:06.972Z,ICP,2.7288,4426,3.174,1357.414201
2026-09-26T02:00:06.972Z,SPACE,0.9652,6.954,0.005074,1357.414201
2026-09-26T02:00:06.972Z,DOT,0.2155,1669,1.2269,1357.414201
2026-09-26T02:00:06.972Z,ETHFI,0.2008,972.5,0.715,1357.414201
2026-09-26T02:00:06.972Z,CC,-2.3519,178,0.13429,1357.414201
2026-09-26T02:00:06.972Z,SYRUP,-0.9733,296.8,0.2208,1357.414201
2026-09-26T02:00:06.972Z,TAO,-4.1409,410400,315.4,1357.414201
2026-09-26T02:00:06.972Z,GRAM,-0.5003,1953,1.446,1357.414201
2026-09-26T02:00:06.972Z,RAY,4.9956,2860,2.0067,1357.414201
2026-09-26T02:00:06.972Z,RENDER,0.358,2636,1.935,1357.414201
2026-09-26T02:00:06.972Z,GRASS,-12.9982,610.8,0.5172,1357.414201
2026-09-26T02:00:06.972Z,MINA,0.3139,192.5,0.14137,1357.414201
2026-09-26T02:00:06.972Z,POL,-0.016,160,0.11789,1357.414201
2026-09-26T02:00:06.972Z,ENA,-9.398,327.2,0.26605,1357.414201
2026-09-26T02:00:06.972Z,SAND,-1.5083,60.55,0.04529,1357.414201
2026-09-26T02:00:06.972Z,AERO,-0.6307,1153,0.8548,1357.414201
2026-09-26T02:00:06.972Z,KGEN,-1.627,223,0.167,1357.414201
2026-09-26T02:00:06.972Z,LIT,0.302,6645,4.8806,1357.414201
2026-09-26T02:00:06.972Z,MANA,-3.6055,120,0.09171,1357.414201
2026-09-26T02:00:06.972Z,BAND,-5.8815,284.9,0.223,1357.414201
2026-09-26T02:00:06.972Z,APE,-0.7564,208.7,0.15492,1357.414201
2026-09-26T02:00:06.972Z,GMT,0.9776,12.11,0.008835,1357.414201
2026-09-26T02:00:06.972Z,VIRTUAL,-0.4998,1062,0.7863,1357.414201
2026-09-26T02:00:06.972Z,LPT,-2.3069,2261,1.705,1357.414201
2026-09-26T02:00:06.972Z,DATA,0.6154,308.8,0.2261,1357.414201
2026-09-26T02:00:06.972Z,THETA,-5.0035,302,0.2342,1357.414201
2026-09-26T02:00:06.972Z,GRT,1.7141,38.88,0.02816,1357.414201
2026-09-26T02:00:06.972Z,LAYER,-1.436,106.9,0.0799,1357.414201
2026-09-26T02:00:06.972Z,NMR,-0.6491,13130,9.736,1357.414201
2026-09-26T02:00:06.972Z,EIGEN,-8.4394,321.9,0.259,1357.414201
2026-09-26T02:00:06.972Z,BAT,0.5241,125.1,0.09168,1357.414201
2026-09-26T02:00:06.972Z,SPK,-4.7324,30.7,0.02374,1357.414201
2026-09-26T02:00:06.972Z,PUMP,-8.6318,5.276,0.004254,1357.414201
2026-09-26T02:00:06.972Z,KMNO,-0.1405,56.24,0.04149,1357.414201
2026-09-26T02:00:06.972Z,CHZ,0.0368,22.65,0.01668,1357.414201
2026-09-26T02:00:06.972Z,PENGU,0.1911,13.97,0.010272,1357.414201
2026-09-26T02:00:06.972Z,OP,2.3173,199.9,0.14393,1357.414201
2026-09-26T02:00:06.972Z,UMA,-0.3956,558.8,0.4133,1357.414201
2026-09-26T02:00:06.972Z,ZRO,1.3024,2204,1.6028,1357.414201
2026-09-26T02:00:06.972Z,S,1.3928,56.03,0.04071,1357.414201
2026-09-26T02:00:06.972Z,IMX,-0.2627,216.9,0.16021,1357.414201
2026-09-26T02:00:06.972Z,A,0.053,138,0.10161,1357.414201
2026-09-26T02:00:06.972Z,ATH,-5.3225,8.04,0.006256,1357.414201
2026-09-26T02:00:06.972Z,COMP,0.9862,33050,24.11,1357.414201
2026-09-26T02:00:06.972Z,CVX,-4.9957,2654,2.058,1357.414201
2026-09-26T02:00:06.972Z,AXS,-2.8686,1550,1.1756,1357.414201
2026-09-26T02:00:06.972Z,WCT,-0.5969,58.83,0.0436,1357.414201
2026-09-26T02:00:06.972Z,ME,0.3296,106.2,0.07798,1357.414201
2026-09-26T02:00:06.972Z,ASTER,0.8648,1004,0.7333,1357.414201
2026-09-26T02:00:06.972Z,GMX,1.3046,11210,8.152,1357.414201
2026-09-26T02:00:06.972Z,MORPHO,3.6602,3810,2.7077,1357.414201
2026-09-26T02:00:06.972Z,MON,-1.942,35.02,0.02631,1357.414201
2026-09-26T02:00:06.972Z,1INCH,-1.9845,136.6,0.10267,1357.414201
2026-09-26T02:00:06.972Z,SKY,0.0286,105.8,0.07792,1357.414201
2026-09-26T02:00:06.972Z,YGG,-2.3532,36.53,0.02756,1357.414201
2026-09-26T02:00:06.972Z,BIO,2.0178,45.02,0.03251,1357.414201
2026-09-26T02:00:06.972Z,MOVE,-4.7613,12.54,0.0097,1357.414201
2026-09-26T02:00:06.972Z,GALA,-10.2857,2.628,0.002158,1357.414201
2026-09-26T02:00:06.972Z,ZK,-0.7783,17.14,0.012726,1357.414201
2026-09-26T02:00:06.972Z,ENS,-0.9009,9610,7.144,1357.414201
2026-09-26T02:00:06.972Z,INJ,2.8206,11040,7.91,1357.414201
2026-09-26T02:00:06.972Z,KAITO,-0.6037,484.1,0.3588,1357.414201
2026-09-26T02:00:06.972Z,LDO,-2.1554,650,0.4894,1357.414201
2026-09-26T02:00:06.972Z,BLUR,-0.4791,28.18,0.02086,1357.414201
2026-09-26T02:00:06.972Z,AUCTION,-1.9384,5170,3.884,1357.414201
2026-09-26T02:00:06.972Z,ZETA,-0.0123,74.35,0.05478,1357.414201
2026-09-26T02:00:06.972Z,WIF,-3.8991,325.6,0.2496,1357.414201
2026-09-26T02:00:06.972Z,KSM,-0.9342,6370,4.737,1357.414201
2026-09-26T02:05:06.767Z,BTC,-0.2022,113804000,84008.7,1357.414201
2026-09-26T02:05:06.767Z,XRP,-0.2519,2132,1.5746,1357.414201
2026-09-26T02:05:06.767Z,SOL,-0.1531,165500,122.11,1357.414201
2026-09-26T02:05:06.767Z,ETH,-0.1895,3645000,2690.35,1357.414201
2026-09-26T02:05:06.767Z,FIL,0.0013,1412,1.0402,1357.414201
2026-09-26T02:05:06.767Z,TRX,-0.1473,457.1,0.33724,1357.414201
2026-09-26T02:05:06.767Z,BNB,-0.2155,1050000,775.2,1357.414201
2026-09-26T02:05:06.767Z,WLD,-0.2861,661.2,0.4885,1357.414201
2026-09-26T02:05:06.767Z,FLOW,0.6634,42.4,0.03103,1357.414201
2026-09-26T02:05:06.767Z,LINK,-0.6935,18810,13.954,1357.414201
2026-09-26T02:05:06.767Z,DOGE,-0.4848,133.8,0.09905,1357.414201
2026-09-26T02:05:06.767Z,SUI,-0.2132,1594,1.1768,1357.414201
2026-09-26T02:05:06.767Z,XLM,-0.1238,300.2,0.22143,1357.414201
2026-09-26T02:05:06.767Z,BCH,-0.8775,460700,342.4,1357.414201
2026-09-26T02:05:06.767Z,AVAX,0.6495,14840,10.862,1357.414201
2026-09-26T02:05:06.767Z,ETC,1.7304,13160,9.53,1357.414201
2026-09-26T02:05:06.767Z,AAVE,-0.4119,209100,154.68,1357.414201
2026-09-26T02:05:06.767Z,ADA,-0.7259,353.6,0.2624,1357.414201
2026-09-26T02:05:06.767Z,HYPE,-0.2513,124900,92.245,1357.414201
2026-09-26T02:05:06.767Z,SEI,-0.7456,102.3,0.07593,1357.414201
2026-09-26T02:05:06.767Z,HBAR,-0.0316,128.9,0.09499,1357.414201
2026-09-26T02:05:06.767Z,ARB,1.4677,308,0.22362,1357.414201
2026-09-26T02:05:06.767Z,JTO,1.4109,780.1,0.5667,1357.414201
2026-09-26T02:05:06.767Z,ONDO,-0.4851,733.5,0.543,1357.414201
2026-09-26T02:05:06.767Z,QTUM,1.2743,1433,1.0424,1357.414201
2026-09-26T02:05:06.767Z,PYTH,0.1566,99.26,0.07301,1357.414201
2026-09-26T02:05:06.767Z,APT,0.7351,1175,0.8593,1357.414201
2026-09-26T02:05:06.767Z,UNI,-2.7065,12590,9.533,1357.414201
2026-09-26T02:05:06.767Z,TIA,0.6502,672.6,0.4923,1357.414201
2026-09-26T02:05:06.767Z,ALGO,-0.2406,157,0.11594,1357.414201
2026-09-26T02:05:06.767Z,NEAR,-0.0146,6630,4.885,1357.414201
2026-09-26T02:05:06.767Z,ZIL,-4.8549,4.9,0.003794,1357.414201
2026-09-26T02:05:06.767Z,SUSHI,-2.7429,348,0.2636,1357.414201
2026-09-26T02:05:06.767Z,PENDLE,-0.1991,3422,2.526,1357.414201
2026-09-26T02:05:06.767Z,XTZ,0.2381,446.7,0.3283,1357.414201
2026-09-26T02:05:06.767Z,W,-0.789,16.45,0.012215,1357.414201
2026-09-26T02:05:06.767Z,AR,-5.6573,5855,4.572,1357.414201
2026-09-26T02:05:06.767Z,SHIB,-1.61,0.008,0.00000599,1357.414201
2026-09-26T02:05:06.767Z,CELO,-0.5166,134.5,0.0996,1357.414201
2026-09-26T02:05:06.767Z,STX,-0.1661,449.1,0.3314,1357.414201
2026-09-26T02:05:06.767Z,JUP,1.3119,464,0.3374,1357.414201
2026-09-26T02:05:06.767Z,PEPE,-1.774,0.006,0.0000045,1357.414201
2026-09-26T02:05:06.767Z,DYDX,1.7299,186.2,0.13484,1357.414201
2026-09-26T02:05:06.767Z,KITE,-5.697,175,0.13671,1357.414201
2026-09-26T02:05:06.767Z,CRV,-2.0883,467.3,0.3516,1357.414201
2026-09-26T02:05:06.767Z,ENJ,1.7779,40.88,0.02959,1357.414201
2026-09-26T02:05:06.767Z,ATOM,-0.9343,2438,1.813,1357.414201
2026-09-26T02:05:06.767Z,ICP,2.6641,4426,3.176,1357.414201
2026-09-26T02:05:06.767Z,SPACE,0.8063,6.954,0.005082,1357.414201
2026-09-26T02:05:06.767Z,DOT,0.24,1669,1.2266,1357.414201
2026-09-26T02:05:06.767Z,ETHFI,0.2288,972.5,0.7148,1357.414201
2026-09-26T02:05:06.767Z,CC,-2.7213,178,0.1348,1357.414201
2026-09-26T02:05:06.767Z,SYRUP,-0.7034,296.8,0.2202,1357.414201
2026-09-26T02:05:06.767Z,TAO,-3.9582,410400,314.8,1357.414201
2026-09-26T02:05:06.767Z,GRAM,-0.5003,1953,1.446,1357.414201
2026-09-26T02:05:06.767Z,RAY,5.3474,2860,2,1357.414201
2026-09-26T02:05:06.767Z,RENDER,0.5138,2636,1.932,1357.414201
2026-09-26T02:05:06.767Z,GRASS,-13.1158,610.8,0.5179,1357.414201
2026-09-26T02:05:06.767Z,MINA,0.4276,192.5,0.14121,1357.414201
2026-09-26T02:05:06.767Z,POL,0.1624,160,0.11768,1357.414201
2026-09-26T02:05:06.767Z,ENA,-9.3333,327.2,0.26586,1357.414201
2026-09-26T02:05:06.767Z,SAND,-2.0275,60.55,0.04553,1357.414201
2026-09-26T02:05:06.767Z,AERO,-1.4264,1153,0.8617,1357.414201
2026-09-26T02:05:06.767Z,KGEN,-1.2723,223,0.1664,1357.414201
2026-09-26T02:05:06.767Z,LIT,0.1706,6645,4.887,1357.414201
2026-09-26T02:05:06.767Z,MANA,-3.6265,120,0.09173,1357.414201
2026-09-26T02:05:06.767Z,BAND,-6.0079,284.9,0.2233,1357.414201
2026-09-26T02:05:06.767Z,APE,-0.7756,208.7,0.15495,1357.414201
2026-09-26T02:05:06.767Z,GMT,0.8635,12.11,0.008845,1357.414201
2026-09-26T02:05:06.767Z,VIRTUAL,-0.5378,1062,0.7866,1357.414201
2026-09-26T02:05:06.767Z,LPT,-2.2496,2261,1.704,1357.414201
2026-09-26T02:05:06.767Z,DATA,0.482,308.8,0.2264,1357.414201
2026-09-26T02:05:06.767Z,THETA,-4.9629,302,0.2341,1357.414201
2026-09-26T02:05:06.767Z,GRT,1.6419,38.88,0.02818,1357.414201
2026-09-26T02:05:06.767Z,LAYER,-1.2506,106.9,0.07975,1357.414201
2026-09-26T02:05:06.767Z,NMR,-0.7612,13130,9.747,1357.414201
2026-09-26T02:05:06.767Z,EIGEN,-8.4394,321.9,0.259,1357.414201
2026-09-26T02:05:06.767Z,BAT,0.557,125.1,0.09165,1357.414201
2026-09-26T02:05:06.767Z,SPK,-5.5283,30.7,0.02394,1357.414201
2026-09-26T02:05:06.767Z,PUMP,-9.2081,5.276,0.004281,1357.414201
2026-09-26T02:05:06.767Z,KMNO,-0.2607,56.24,0.04154,1357.414201
2026-09-26T02:05:06.767Z,CHZ,-0.083,22.65,0.0167,1357.414201
2026-09-26T02:05:06.767Z,PENGU,0.2399,13.97,0.010267,1357.414201
2026-09-26T02:05:06.767Z,OP,2.1611,199.9,0.14415,1357.414201
2026-09-26T02:05:06.767Z,UMA,-0.0813,558.8,0.412,1357.414201
2026-09-26T02:05:06.767Z,ZRO,1.9576,2204,1.5925,1357.414201
2026-09-26T02:05:06.767Z,S,1.6175,56.03,0.04062,1357.414201
2026-09-26T02:05:06.767Z,IMX,-0.2814,216.9,0.16024,1357.414201
2026-09-26T02:05:06.767Z,A,-0.0453,138,0.10171,1357.414201
2026-09-26T02:05:06.767Z,ATH,-5.3678,8.04,0.006259,1357.414201
2026-09-26T02:05:06.767Z,COMP,0.9862,33050,24.11,1357.414201
2026-09-26T02:05:06.767Z,CVX,-5.0419,2654,2.059,1357.414201
2026-09-26T02:05:06.767Z,AXS,-3.0088,1550,1.1773,1357.414201
2026-09-26T02:05:06.767Z,WCT,-0.688,58.83,0.04364,1357.414201
2026-09-26T02:05:06.767Z,ME,0.5229,106.2,0.07783,1357.414201
2026-09-26T02:05:06.767Z,ASTER,0.7961,1004,0.7338,1357.414201
2026-09-26T02:05:06.767Z,GMX,1.4165,11210,8.143,1357.414201
2026-09-26T02:05:06.767Z,MORPHO,3.4958,3810,2.712,1357.414201
2026-09-26T02:05:06.767Z,MON,-1.9047,35.02,0.0263,1357.414201
2026-09-26T02:05:06.767Z,1INCH,-2.0036,136.6,0.10269,1357.414201
2026-09-26T02:05:06.767Z,SKY,0.2087,105.8,0.07778,1357.414201
2026-09-26T02:05:06.767Z,YGG,-2.6358,36.53,0.02764,1357.414201
2026-09-26T02:05:06.767Z,BIO,1.8612,45.02,0.03256,1357.414201
2026-09-26T02:05:06.767Z,MOVE,-4.7417,12.54,0.009698,1357.414201
2026-09-26T02:05:06.767Z,GALA,-10.6171,2.628,0.002166,1357.414201
2026-09-26T02:05:06.767Z,ZK,-0.7939,17.14,0.012728,1357.414201
2026-09-26T02:05:06.767Z,ENS,-1.0948,9610,7.158,1357.414201
2026-09-26T02:05:06.767Z,INJ,2.8336,11040,7.909,1357.414201
2026-09-26T02:05:06.767Z,KAITO,-0.8248,484.1,0.3596,1357.414201
2026-09-26T02:05:06.767Z,LDO,-1.4506,650,0.4859,1357.414201
2026-09-26T02:05:06.767Z,BLUR,-0.5744,28.18,0.02088,1357.414201
2026-09-26T02:05:06.767Z,AUCTION,-1.8879,5170,3.882,1357.414201
2026-09-26T02:05:06.767Z,ZETA,0.4093,74.35,0.05455,1357.414201
2026-09-26T02:05:06.767Z,WIF,-3.8991,325.6,0.2496,1357.414201
2026-09-26T02:05:06.767Z,KSM,-0.9969,6370,4.74,1357.414201
2026-09-26T02:10:06.992Z,BTC,-0.15,113849000,83998,1357.414201
2026-09-26T02:10:06.992Z,XRP,-0.1529,2131,1.5723,1357.414201
2026-09-26T02:10:06.992Z,SOL,-0.0713,165500,122.01,1357.414201
2026-09-26T02:10:06.992Z,ETH,-0.1351,3647000,2690.36,1357.414201
2026-09-26T02:10:06.992Z,FIL,0.0975,1412,1.0392,1357.414201
2026-09-26T02:10:06.992Z,TRX,-0.1207,457.1,0.33715,1357.414201
2026-09-26T02:10:06.992Z,BNB,-0.2412,1050000,775.4,1357.414201
2026-09-26T02:10:06.992Z,WLD,-0.3242,660,0.4878,1357.414201
2026-09-26T02:10:06.992Z,FLOW,0.6959,42.4,0.03102,1357.414201
2026-09-26T02:10:06.992Z,LINK,-0.6223,18810,13.944,1357.414201
2026-09-26T02:10:06.992Z,DOGE,-0.1003,134.1,0.09889,1357.414201
2026-09-26T02:10:06.992Z,SUI,-0.176,1595,1.1771,1357.414201
2026-09-26T02:10:06.992Z,XLM,0.1385,300.2,0.22085,1357.414201
2026-09-26T02:10:06.992Z,BCH,-0.9354,460700,342.6,1357.414201
2026-09-26T02:10:06.992Z,AVAX,0.2526,14840,10.905,1357.414201
2026-09-26T02:10:06.992Z,ETC,1.8051,13160,9.523,1357.414201
2026-09-26T02:10:06.992Z,AAVE,-0.3346,209100,154.56,1357.414201
2026-09-26T02:10:06.992Z,ADA,-0.1544,355.5,0.2623,1357.414201
2026-09-26T02:10:06.992Z,HYPE,-0.5424,124900,92.515,1357.414201
2026-09-26T02:10:06.992Z,SEI,0.2979,102.3,0.07514,1357.414201
2026-09-26T02:10:06.992Z,HBAR,0.2639,128.9,0.09471,1357.414201
2026-09-26T02:10:06.992Z,ARB,1.5949,308,0.22334,1357.414201
2026-09-26T02:10:06.992Z,JTO,1.393,780.1,0.5668,1357.414201
2026-09-26T02:10:06.992Z,ONDO,-0.7228,733.5,0.5443,1357.414201
2026-09-26T02:10:06.992Z,QTUM,1.4495,1433,1.0406,1357.414201
2026-09-26T02:10:06.992Z,PYTH,-1.1299,99.26,0.07396,1357.414201
2026-09-26T02:10:06.992Z,APT,0.3606,1166,0.8559,1357.414201
2026-09-26T02:10:06.992Z,UNI,-2.6044,12590,9.523,1357.414201
2026-09-26T02:10:06.992Z,TIA,1.0196,672.6,0.4905,1357.414201
2026-09-26T02:10:06.992Z,ALGO,-0.2578,157,0.11596,1357.414201
2026-09-26T02:10:06.992Z,NEAR,-0.2392,6630,4.896,1357.414201
2026-09-26T02:10:06.992Z,ZIL,-4.7796,4.9,0.003791,1357.414201
2026-09-26T02:10:06.992Z,SUSHI,-2.6321,348,0.2633,1357.414201
2026-09-26T02:10:06.992Z,PENDLE,-0.1201,3422,2.524,1357.414201
2026-09-26T02:10:06.992Z,XTZ,0.2992,446.7,0.3281,1357.414201
2026-09-26T02:10:06.992Z,W,-0.7402,16.45,0.012209,1357.414201
2026-09-26T02:10:06.992Z,AR,-5.616,5855,4.57,1357.414201
2026-09-26T02:10:06.992Z,SHIB,-1.5443,0.008,0.000005986,1357.414201
2026-09-26T02:10:06.992Z,CELO,0.3905,134.5,0.0987,1357.414201
2026-09-26T02:10:06.992Z,STX,0.1361,449.1,0.3304,1357.414201
2026-09-26T02:10:06.992Z,JUP,1.2819,464,0.3375,1357.414201
2026-09-26T02:10:06.992Z,PEPE,-1.6429,0.006,0.000004494,1357.414201
2026-09-26T02:10:06.992Z,DYDX,1.8734,186.2,0.13465,1357.414201
2026-09-26T02:10:06.992Z,KITE,-5.628,175,0.13661,1357.414201
2026-09-26T02:10:06.992Z,CRV,-2.0047,467.3,0.3513,1357.414201
2026-09-26T02:10:06.992Z,ENJ,1.8467,40.88,0.02957,1357.414201
2026-09-26T02:10:06.992Z,ATOM,-1.0979,2438,1.816,1357.414201
2026-09-26T02:10:06.992Z,ICP,2.6964,4426,3.175,1357.414201
2026-09-26T02:10:06.992Z,SPACE,0.9056,6.954,0.005077,1357.414201
2026-09-26T02:10:06.992Z,DOT,0.7245,1669,1.2207,1357.414201
2026-09-26T02:10:06.992Z,ETHFI,0.623,972.5,0.712,1357.414201
2026-09-26T02:10:06.992Z,CC,-2.8942,178,0.13504,1357.414201
2026-09-26T02:10:06.992Z,SYRUP,-0.7034,296.8,0.2202,1357.414201
2026-09-26T02:10:06.992Z,TAO,-4.2926,410400,315.9,1357.414201
2026-09-26T02:10:06.992Z,GRAM,-0.6378,1953,1.448,1357.414201
2026-09-26T02:10:06.992Z,RAY,4.7503,2860,2.0114,1357.414201
2026-09-26T02:10:06.992Z,RENDER,0.7224,2636,1.928,1357.414201
2026-09-26T02:10:06.992Z,GRASS,-12.9477,610.8,0.5169,1357.414201
2026-09-26T02:10:06.992Z,MINA,0.1863,192.5,0.14155,1357.414201
2026-09-26T02:10:06.992Z,POL,0.4784,160,0.11731,1357.414201
2026-09-26T02:10:06.992Z,ENA,-8.7705,327.2,0.26422,1357.414201
2026-09-26T02:10:06.992Z,SAND,-1.8551,60.55,0.04545,1357.414201
2026-09-26T02:10:06.992Z,AERO,-0.9204,1153,0.8573,1357.414201
2026-09-26T02:10:06.992Z,KGEN,-1.568,223,0.1669,1357.414201
2026-09-26T02:10:06.992Z,LIT,0.0232,6645,4.8942,1357.414201
2026-09-26T02:10:06.992Z,MANA,-3.416,120,0.09153,1357.414201
2026-09-26T02:10:06.992Z,BAND,-5.8392,284.9,0.2229,1357.414201
2026-09-26T02:10:06.992Z,APE,-0.75,208.7,0.15491,1357.414201
2026-09-26T02:10:06.992Z,GMT,0.9205,12.11,0.00884,1357.414201
2026-09-26T02:10:06.992Z,VIRTUAL,-0.5378,1062,0.7866,1357.414201
2026-09-26T02:10:06.992Z,LPT,-2.1347,2261,1.702,1357.414201
2026-09-26T02:10:06.992Z,DATA,-0.5285,308.8,0.2287,1357.414201
2026-09-26T02:10:06.992Z,THETA,-4.7595,302,0.2336,1357.414201
2026-09-26T02:10:06.992Z,GRT,2.0039,38.88,0.02808,1357.414201
2026-09-26T02:10:06.992Z,LAYER,-1.4236,106.9,0.07989,1357.414201
2026-09-26T02:10:06.992Z,NMR,-1.5791,13130,9.828,1357.414201
2026-09-26T02:10:06.992Z,EIGEN,-8.2268,321.9,0.2584,1357.414201
2026-09-26T02:10:06.992Z,BAT,0.777,125.1,0.09145,1357.414201
2026-09-26T02:10:06.992Z,SPK,-5.2512,30.7,0.02387,1357.414201
2026-09-26T02:10:06.992Z,PUMP,-9.483,5.276,0.004294,1357.414201
2026-09-26T02:10:06.992Z,KMNO,-0.2847,56.24,0.04155,1357.414201
2026-09-26T02:10:06.992Z,CHZ,0.0368,22.65,0.01668,1357.414201
2026-09-26T02:10:06.992Z,PENGU,0.2106,13.97,0.01027,1357.414201
2026-09-26T02:10:06.992Z,OP,2.4312,199.9,0.14377,1357.414201
2026-09-26T02:10:06.992Z,UMA,-0.0085,558.8,0.4117,1357.414201
2026-09-26T02:10:06.992Z,ZRO,1.8809,2204,1.5937,1357.414201
2026-09-26T02:10:06.992Z,S,1.5924,56.03,0.04063,1357.414201
2026-09-26T02:10:06.992Z,IMX,-0.4119,216.9,0.16045,1357.414201
2026-09-26T02:10:06.992Z,A,0.122,138,0.10154,1357.414201
2026-09-26T02:10:06.992Z,ATH,-5.2316,8.04,0.00625,1357.414201
2026-09-26T02:10:06.992Z,COMP,0.9862,33050,24.11,1357.414201
2026-09-26T02:10:06.992Z,CVX,-5.0419,2654,2.059,1357.414201
2026-09-26T02:10:06.992Z,AXS,-2.8107,1550,1.1749,1357.414201
2026-09-26T02:10:06.992Z,WCT,-0.5969,58.83,0.0436,1357.414201
2026-09-26T02:10:06.992Z,ME,0.2267,106.2,0.07806,1357.414201
2026-09-26T02:10:06.992Z,ASTER,0.7412,1004,0.7342,1357.414201
2026-09-26T02:10:06.992Z,GMX,1.2301,11210,8.158,1357.414201
2026-09-26T02:10:06.992Z,MORPHO,3.6105,3810,2.709,1357.414201
2026-09-26T02:10:06.992Z,MON,-1.9793,35.02,0.02632,1357.414201
2026-09-26T02:10:06.992Z,1INCH,-1.9463,136.6,0.10263,1357.414201
2026-09-26T02:10:06.992Z,SKY,0.1314,105.8,0.07784,1357.414201
2026-09-26T02:10:06.992Z,YGG,-2.5653,36.53,0.02762,1357.414201
2026-09-26T02:10:06.992Z,BIO,1.8299,45.02,0.03257,1357.414201
2026-09-26T02:10:06.992Z,MOVE,-4.663,12.54,0.00969,1357.414201
2026-09-26T02:10:06.992Z,GALA,-10.2025,2.628,0.002156,1357.414201
2026-09-26T02:10:06.992Z,ZK,-1.1744,17.14,0.012777,1357.414201
2026-09-26T02:10:06.992Z,ENS,-1.1224,9610,7.16,1357.414201
2026-09-26T02:10:06.992Z,INJ,3.2645,11040,7.876,1357.414201
2026-09-26T02:10:06.992Z,KAITO,-0.3537,484.1,0.3579,1357.414201
2026-09-26T02:10:06.992Z,LDO,-1.3897,650,0.4856,1357.414201
2026-09-26T02:10:06.992Z,BLUR,-0.5744,28.18,0.02088,1357.414201
2026-09-26T02:10:06.992Z,AUCTION,-1.7107,5170,3.875,1357.414201
2026-09-26T02:10:06.992Z,ZETA,1.095,74.35,0.05418,1357.414201
2026-09-26T02:10:06.992Z,WIF,-3.5513,325.6,0.2487,1357.414201
2026-09-26T02:10:06.992Z,KSM,-1.0804,6370,4.744,1357.414201
2026-09-26T02:15:07.026Z,BTC,-0.2306,113882000,84090.2,1357.414201
2026-09-26T02:15:07.026Z,XRP,-0.1139,2134,1.5739,1357.414201
2026-09-26T02:15:07.026Z,SOL,-0.3831,165200,122.17,1357.414201
2026-09-26T02:15:07.026Z,ETH,-0.2149,3649000,2693.99,1357.414201
2026-09-26T02:15:07.026Z,FIL,-0.114,1412,1.0414,1357.414201
2026-09-26T02:15:07.026Z,TRX,-0.1295,457.1,0.33718,1357.414201
2026-09-26T02:15:07.026Z,BNB,-0.3569,1050000,776.3,1357.414201
2026-09-26T02:15:07.026Z,WLD,-0.3145,662.5,0.4896,1357.414201
2026-09-26T02:15:07.026Z,FLOW,0.8259,42.4,0.03098,1357.414201
2026-09-26T02:15:07.026Z,LINK,-0.608,18810,13.942,1357.414201
2026-09-26T02:15:07.026Z,DOGE,-0.5009,133.9,0.09914,1357.414201
2026-09-26T02:15:07.026Z,SUI,-0.1239,1606,1.1846,1357.414201
2026-09-26T02:15:07.026Z,XLM,-0.1537,300.3,0.22157,1357.414201
2026-09-26T02:15:07.026Z,BCH,-0.9354,460700,342.6,1357.414201
2026-09-26T02:15:07.026Z,AVAX,0.1883,14840,10.912,1357.414201
2026-09-26T02:15:07.026Z,ETC,1.5492,13160,9.547,1357.414201
2026-09-26T02:15:07.026Z,AAVE,-0.5469,209100,154.89,1357.414201
2026-09-26T02:15:07.026Z,ADA,-0.4103,355.4,0.2629,1357.414201
2026-09-26T02:15:07.026Z,HYPE,-0.5155,124900,92.49,1357.414201
2026-09-26T02:15:07.026Z,SEI,-0.1009,102.3,0.07544,1357.414201
2026-09-26T02:15:07.026Z,HBAR,0.1687,128.9,0.0948,1357.414201
2026-09-26T02:15:07.026Z,ARB,1.4722,308,0.22361,1357.414201
2026-09-26T02:15:07.026Z,JTO,1.3037,780.1,0.5673,1357.414201
2026-09-26T02:15:07.026Z,ONDO,-0.1967,738.2,0.5449,1357.414201
2026-09-26T02:15:07.026Z,QTUM,1.1579,1433,1.0436,1357.414201
2026-09-26T02:15:07.026Z,PYTH,-1.965,99.26,0.07459,1357.414201
2026-09-26T02:15:07.026Z,APT,-0.0133,1166,0.8591,1357.414201
2026-09-26T02:15:07.026Z,UNI,-2.8492,12590,9.547,1357.414201
2026-09-26T02:15:07.026Z,TIA,0.5073,672.6,0.493,1357.414201
2026-09-26T02:15:07.026Z,ALGO,-0.5579,157,0.11631,1357.414201
2026-09-26T02:15:07.026Z,NEAR,-0.1373,6630,4.891,1357.414201
2026-09-26T02:15:07.026Z,ZIL,-4.9551,4.9,0.003798,1357.414201
2026-09-26T02:15:07.026Z,SUSHI,-3.0005,348,0.2643,1357.414201
2026-09-26T02:15:07.026Z,PENDLE,-0.1991,3422,2.526,1357.414201
2026-09-26T02:15:07.026Z,XTZ,0.2075,446.7,0.3284,1357.414201
2026-09-26T02:15:07.026Z,W,-1.137,16.45,0.012258,1357.414201
2026-09-26T02:15:07.026Z,AR,-5.8632,5855,4.582,1357.414201
2026-09-26T02:15:07.026Z,SHIB,-1.774,0.008,0.000006,1357.414201
2026-09-26T02:15:07.026Z,CELO,-0.5466,134.5,0.09963,1357.414201
2026-09-26T02:15:07.026Z,STX,0.0755,449.1,0.3306,1357.414201
2026-09-26T02:15:07.026Z,JUP,0.8635,464,0.3389,1357.414201
2026-09-26T02:15:07.026Z,PEPE,-1.9701,0.006,0.000004509,1357.414201
2026-09-26T02:15:07.026Z,DYDX,1.5567,186.2,0.13507,1357.414201
2026-09-26T02:15:07.026Z,KITE,-5.8623,175,0.13695,1357.414201
2026-09-26T02:15:07.026Z,CRV,-2.3106,467.3,0.3524,1357.414201
2026-09-26T02:15:07.026Z,ENJ,1.7092,40.88,0.02961,1357.414201
2026-09-26T02:15:07.026Z,ATOM,-0.3152,2460,1.818,1357.414201
2026-09-26T02:15:07.026Z,ICP,1.9578,4426,3.198,1357.414201
2026-09-26T02:15:07.026Z,SPACE,0.9851,6.954,0.005073,1357.414201
2026-09-26T02:15:07.026Z,DOT,0.5926,1669,1.2223,1357.414201
2026-09-26T02:15:07.026Z,ETHFI,0.1588,972.5,0.7153,1357.414201
2026-09-26T02:15:07.026Z,CC,-3.0163,178,0.13521,1357.414201
2026-09-26T02:15:07.026Z,SYRUP,-0.9733,296.8,0.2208,1357.414201
2026-09-26T02:15:07.026Z,TAO,-4.3229,410400,316,1357.414201
2026-09-26T02:15:07.026Z,GRAM,-0.7748,1953,1.45,1357.414201
2026-09-26T02:15:07.026Z,RAY,4.5528,2860,2.0152,1357.414201
2026-09-26T02:15:07.026Z,RENDER,0.4618,2636,1.933,1357.414201
2026-09-26T02:15:07.026Z,GRASS,-13.4667,610.8,0.52,1357.414201
2026-09-26T02:15:07.026Z,MINA,-0.0819,192.5,0.14193,1357.414201
2026-09-26T02:15:07.026Z,POL,0.1454,160,0.1177,1357.414201
2026-09-26T02:15:07.026Z,ENA,-9.6595,327.2,0.26682,1357.414201
2026-09-26T02:15:07.026Z,SAND,-2.006,60.55,0.04552,1357.414201
2026-09-26T02:15:07.026Z,AERO,-1.4035,1153,0.8615,1357.414201
2026-09-26T02:15:07.026Z,KGEN,-1.568,223,0.1669,1357.414201
2026-09-26T02:15:07.026Z,LIT,0.378,6645,4.8769,1357.414201
2026-09-26T02:15:07.026Z,MANA,-3.658,120,0.09176,1357.414201
2026-09-26T02:15:07.026Z,BAND,-6.092,284.9,0.2235,1357.414201
2026-09-26T02:15:07.026Z,APE,-1.0502,208.7,0.15538,1357.414201
2026-09-26T02:15:07.026Z,GMT,0.7041,12.11,0.008859,1357.414201
2026-09-26T02:15:07.026Z,VIRTUAL,-0.8529,1062,0.7891,1357.414201
2026-09-26T02:15:07.026Z,LPT,-2.4214,2261,1.707,1357.414201
2026-09-26T02:15:07.026Z,DATA,-1.0907,308.8,0.23,1357.414201
2026-09-26T02:15:07.026Z,THETA,-5.0845,302,0.2344,1357.414201
2026-09-26T02:15:07.026Z,GRT,1.4979,38.88,0.02822,1357.414201
2026-09-26T02:15:07.026Z,LAYER,-1.4976,106.9,0.07995,1357.414201
2026-09-26T02:15:07.026Z,NMR,-1.519,13130,9.822,1357.414201
2026-09-26T02:15:07.026Z,EIGEN,-8.7915,321.9,0.26,1357.414201
2026-09-26T02:15:07.026Z,BAT,0.5351,125.1,0.09167,1357.414201
2026-09-26T02:15:07.026Z,SPK,-5.9213,30.7,0.02404,1357.414201
2026-09-26T02:15:07.026Z,PUMP,-9.7771,5.276,0.004308,1357.414201
2026-09-26T02:15:07.026Z,KMNO,-0.4524,56.24,0.04162,1357.414201
2026-09-26T02:15:07.026Z,CHZ,-0.1428,22.65,0.01671,1357.414201
2026-09-26T02:15:07.026Z,PENGU,-0.1685,13.97,0.010309,1357.414201
2026-09-26T02:15:07.026Z,OP,1.5343,199.9,0.14504,1357.414201
2026-09-26T02:15:07.026Z,UMA,-0.0813,558.8,0.412,1357.414201
2026-09-26T02:15:07.026Z,ZRO,1.353,2204,1.602,1357.414201
2026-09-26T02:15:07.026Z,S,1.2436,56.03,0.04077,1357.414201
2026-09-26T02:15:07.026Z,IMX,-0.573,216.9,0.16071,1357.414201
2026-09-26T02:15:07.026Z,A,-0.1239,138,0.10179,1357.414201
2026-09-26T02:15:07.026Z,ATH,-5.4736,8.04,0.006266,1357.414201
2026-09-26T02:15:07.026Z,COMP,0.7355,33050,24.17,1357.414201
2026-09-26T02:15:07.026Z,CVX,-5.134,2654,2.061,1357.414201
2026-09-26T02:15:07.026Z,AXS,-3.1076,1550,1.1785,1357.414201
2026-09-26T02:15:07.026Z,WCT,-0.8017,58.83,0.04369,1357.414201
2026-09-26T02:15:07.026Z,ME,-0.0422,106.2,0.07827,1357.414201
2026-09-26T02:15:07.026Z,ASTER,0.5905,1004,0.7353,1357.414201
2026-09-26T02:15:07.026Z,GMX,1.0566,11210,8.172,1357.414201
2026-09-26T02:15:07.026Z,MORPHO,3.2636,3810,2.7181,1357.414201
2026-09-26T02:15:07.026Z,MON,-2.5716,35.02,0.02648,1357.414201
2026-09-26T02:15:07.026Z,1INCH,-2.1751,136.6,0.10287,1357.414201
2026-09-26T02:15:07.026Z,SKY,-0.3295,105.8,0.0782,1357.414201
2026-09-26T02:15:07.026Z,YGG,-2.6006,36.53,0.02763,1357.414201
2026-09-26T02:15:07.026Z,BIO,1.4251,45.02,0.0327,1357.414201
2026-09-26T02:15:07.026Z,MOVE,-4.5842,12.54,0.009682,1357.414201
2026-09-26T02:15:07.026Z,GALA,-10.5758,2.628,0.002165,1357.414201
2026-09-26T02:15:07.026Z,ZK,-1.4674,17.14,0.012815,1357.414201
2026-09-26T02:15:07.026Z,ENS,-1.4664,9610,7.185,1357.414201
2026-09-26T02:15:07.026Z,INJ,3.0943,11040,7.889,1357.414201
2026-09-26T02:15:07.026Z,KAITO,-0.5483,484.1,0.3586,1357.414201
2026-09-26T02:15:07.026Z,LDO,-1.8143,650,0.4877,1357.414201
2026-09-26T02:15:07.026Z,BLUR,-0.9539,28.18,0.02096,1357.414201
2026-09-26T02:15:07.026Z,AUCTION,-1.9132,5170,3.883,1357.414201
2026-09-26T02:15:07.026Z,ZETA,1.526,74.35,0.05395,1357.414201
2026-09-26T02:15:07.026Z,WIF,-4.0529,325.6,0.25,1357.414201
2026-09-26T02:15:07.026Z,KSM,-1.1221,6370,4.746,1357.414201
2026-09-26T02:20:06.943Z,BTC,-0.1637,113958000,84089.9,1357.414201
2026-09-26T02:20:06.943Z,XRP,-0.1338,2131,1.572,1357.414201
2026-09-26T02:20:06.943Z,SOL,-0.1122,165500,122.06,1357.414201
2026-09-26T02:20:06.943Z,ETH,-0.1551,3651000,2693.85,1357.414201
2026-09-26T02:20:06.943Z,FIL,-0.018,1412,1.0404,1357.414201
2026-09-26T02:20:06.943Z,TRX,-0.1532,457.1,0.33726,1357.414201
2026-09-26T02:20:06.943Z,BNB,-0.3697,1050000,776.4,1357.414201
2026-09-26T02:20:06.943Z,WLD,-0.0696,662.5,0.4884,1357.414201
2026-09-26T02:20:06.943Z,FLOW,0.891,42.4,0.03096,1357.414201
2026-09-26T02:20:06.943Z,LINK,-0.5295,18810,13.931,1357.414201
2026-09-26T02:20:06.943Z,DOGE,-0.5109,133.9,0.09915,1357.414201
2026-09-26T02:20:06.943Z,SUI,-0.1018,1597,1.1777,1357.414201
2026-09-26T02:20:06.943Z,XLM,-0.0566,299.9,0.22106,1357.414201
2026-09-26T02:20:06.943Z,BCH,-1.0221,460700,342.9,1357.414201
2026-09-26T02:20:06.943Z,AVAX,0.0783,14840,10.924,1357.414201
2026-09-26T02:20:06.943Z,ETC,1.8158,13160,9.522,1357.414201
2026-09-26T02:20:06.943Z,AAVE,-0.5084,209100,154.83,1357.414201
2026-09-26T02:20:06.943Z,ADA,-0.2965,355.4,0.2626,1357.414201
2026-09-26T02:20:06.943Z,HYPE,-0.3475,124900,92.334,1357.414201
2026-09-26T02:20:06.943Z,SEI,0.6462,102.3,0.07488,1357.414201
2026-09-26T02:20:06.943Z,HBAR,0.0316,128.9,0.09493,1357.414201
2026-09-26T02:20:06.943Z,ARB,1.5267,308,0.22349,1357.414201
2026-09-26T02:20:06.943Z,JTO,1.3751,780.1,0.5669,1357.414201
2026-09-26T02:20:06.943Z,ONDO,-0.1255,737.1,0.5437,1357.414201
2026-09-26T02:20:06.943Z,QTUM,1.1094,1433,1.0441,1357.414201
2026-09-26T02:20:06.943Z,PYTH,-1.33,99.26,0.07411,1357.414201
2026-09-26T02:20:06.943Z,APT,-0.0133,1166,0.8591,1357.414201
2026-09-26T02:20:06.943Z,UNI,-2.8695,12590,9.549,1357.414201
2026-09-26T02:20:06.943Z,TIA,0.5481,672.6,0.4928,1357.414201
2026-09-26T02:20:06.943Z,ALGO,-0.5836,157,0.11634,1357.414201
2026-09-26T02:20:06.943Z,NEAR,-0.5642,6630,4.912,1357.414201
2026-09-26T02:20:06.943Z,ZIL,-5.0301,4.9,0.003801,1357.414201
2026-09-26T02:20:06.943Z,SUSHI,-2.8534,348,0.2639,1357.414201
2026-09-26T02:20:06.943Z,PENDLE,-0.0805,3422,2.523,1357.414201
2026-09-26T02:20:06.943Z,XTZ,0.177,446.7,0.3285,1357.414201
2026-09-26T02:20:06.943Z,W,-1.0805,16.45,0.012251,1357.414201
2026-09-26T02:20:06.943Z,AR,-5.7604,5855,4.577,1357.414201
2026-09-26T02:20:06.943Z,SHIB,-1.7577,0.008,0.000005999,1357.414201
2026-09-26T02:20:06.943Z,CELO,-1.1616,134.5,0.10025,1357.414201
2026-09-26T02:20:06.943Z,STX,0.1967,449.1,0.3302,1357.414201
2026-09-26T02:20:06.943Z,JUP,1.1022,464,0.3381,1357.414201
2026-09-26T02:20:06.943Z,PEPE,-1.7958,0.006,0.000004501,1357.414201
2026-09-26T02:20:06.943Z,DYDX,1.6696,186.2,0.13492,1357.414201
2026-09-26T02:20:06.943Z,KITE,-6.1843,175,0.13742,1357.414201
2026-09-26T02:20:06.943Z,CRV,-2.0605,467.3,0.3515,1357.414201
2026-09-26T02:20:06.943Z,ENJ,1.6405,40.88,0.02963,1357.414201
2026-09-26T02:20:06.943Z,ATOM,0.0149,2460,1.812,1357.414201
2026-09-26T02:20:06.943Z,ICP,2.3418,4426,3.186,1357.414201
2026-09-26T02:20:06.943Z,SPACE,1.0848,6.954,0.005068,1357.414201
2026-09-26T02:20:06.943Z,DOT,0.7245,1669,1.2207,1357.414201
2026-09-26T02:20:06.943Z,ETHFI,0.2569,972.5,0.7146,1357.414201
2026-09-26T02:20:06.943Z,CC,-2.5406,178,0.13455,1357.414201
2026-09-26T02:20:06.943Z,SYRUP,-0.8835,296.8,0.2206,1357.414201
2026-09-26T02:20:06.943Z,TAO,2.8386,440700,315.7,1357.414201
2026-09-26T02:20:06.943Z,GRAM,-0.6378,1953,1.448,1357.414201
2026-09-26T02:20:06.943Z,RAY,4.6254,2860,2.0138,1357.414201
2026-09-26T02:20:06.943Z,RENDER,0.5138,2636,1.932,1357.414201
2026-09-26T02:20:06.943Z,GRASS,-13.7817,610.8,0.5219,1357.414201
2026-09-26T02:20:06.943Z,MINA,0.3139,192.5,0.14137,1357.414201
2026-09-26T02:20:06.943Z,POL,0.1029,160,0.11775,1357.414201
2026-09-26T02:20:06.943Z,ENA,-9.3469,327.2,0.2659,1357.414201
2026-09-26T02:20:06.943Z,SAND,-2.1779,60.55,0.0456,1357.414201
2026-09-26T02:20:06.943Z,AERO,-1.7683,1153,0.8647,1357.414201
2026-09-26T02:20:06.943Z,KGEN,-1.7447,223,0.1672,1357.414201
2026-09-26T02:20:06.943Z,LIT,0.3334,6640,4.8754,1357.414201
2026-09-26T02:20:06.943Z,MANA,-3.5845,120,0.09169,1357.414201
2026-09-26T02:20:06.943Z,BAND,-6.092,284.9,0.2235,1357.414201
2026-09-26T02:20:06.943Z,APE,-1.1266,208.7,0.1555,1357.414201
2026-09-26T02:20:06.943Z,GMT,0.6586,12.11,0.008863,1357.414201
2026-09-26T02:20:06.943Z,VIRTUAL,-0.6514,1062,0.7875,1357.414201
2026-09-26T02:20:06.943Z,LPT,-2.5356,2261,1.709,1357.414201
2026-09-26T02:20:06.943Z,DATA,-0.9184,308.8,0.2296,1357.414201
2026-09-26T02:20:06.943Z,THETA,-4.9629,302,0.2341,1357.414201
2026-09-26T02:20:06.943Z,GRT,0.9256,38.88,0.02838,1357.414201
2026-09-26T02:20:06.943Z,LAYER,-1.5961,106.9,0.08003,1357.414201
2026-09-26T02:20:06.943Z,NMR,-1.519,13130,9.822,1357.414201
2026-09-26T02:20:06.943Z,EIGEN,-8.6158,321.9,0.2595,1357.414201
2026-09-26T02:20:06.943Z,BAT,0.4037,125.1,0.09179,1357.414201
2026-09-26T02:20:06.943Z,SPK,-7.0808,30.7,0.02434,1357.414201
2026-09-26T02:20:06.943Z,PUMP,-9.5882,5.276,0.004299,1357.414201
2026-09-26T02:20:06.943Z,KMNO,-0.7386,56.24,0.04174,1357.414201
2026-09-26T02:20:06.943Z,CHZ,-0.2025,22.65,0.01672,1357.414201
2026-09-26T02:20:06.943Z,PENGU,-0.1201,13.97,0.010304,1357.414201
2026-09-26T02:20:06.943Z,OP,1.8784,199.9,0.14455,1357.414201
2026-09-26T02:20:06.943Z,UMA,-0.1298,558.8,0.4122,1357.414201
2026-09-26T02:20:06.943Z,ZRO,1.5495,2204,1.5989,1357.414201
2026-09-26T02:20:06.943Z,S,1.2933,56.03,0.04075,1357.414201
2026-09-26T02:20:06.943Z,IMX,-0.5668,216.9,0.1607,1357.414201
2026-09-26T02:20:06.943Z,A,-0.1337,138,0.1018,1357.414201
2026-09-26T02:20:06.943Z,ATH,-5.3527,8.04,0.006258,1357.414201
2026-09-26T02:20:06.943Z,COMP,6.836,34950,24.1,1357.414201
2026-09-26T02:20:06.943Z,CVX,-5.134,2654,2.061,1357.414201
2026-09-26T02:20:06.943Z,AXS,-3.198,1550,1.1796,1357.414201
2026-09-26T02:20:06.943Z,WCT,-0.8017,58.83,0.04369,1357.414201
2026-09-26T02:20:06.943Z,ME,0.0473,106.2,0.0782,1357.414201
2026-09-26T02:20:06.943Z,ASTER,0.5905,1004,0.7353,1357.414201
2026-09-26T02:20:06.943Z,GMX,0.9208,11210,8.183,1357.414201
2026-09-26T02:20:06.943Z,MORPHO,3.1876,3810,2.7201,1357.414201
2026-09-26T02:20:06.943Z,MON,-2.3133,35.02,0.02641,1357.414201
2026-09-26T02:20:06.943Z,1INCH,-2.2036,136.6,0.1029,1357.414201
2026-09-26T02:20:06.943Z,SKY,-0.5965,105.8,0.07841,1357.414201
2026-09-26T02:20:06.943Z,YGG,-2.7765,36.53,0.02768,1357.414201
2026-09-26T02:20:06.943Z,BIO,1.0542,45.02,0.03282,1357.414201
2026-09-26T02:20:06.943Z,MOVE,-4.663,12.54,0.00969,1357.414201
2026-09-26T02:20:06.943Z,GALA,-10.4517,2.628,0.002162,1357.414201
2026-09-26T02:20:06.943Z,ZK,-1.2825,17.14,0.012791,1357.414201
2026-09-26T02:20:06.943Z,ENS,-1.3978,9610,7.18,1357.414201
2026-09-26T02:20:06.943Z,INJ,3.1335,11040,7.886,1357.414201
2026-09-26T02:20:06.943Z,KAITO,-0.935,484.1,0.36,1357.414201
2026-09-26T02:20:06.943Z,LDO,-1.5923,650,0.4866,1357.414201
2026-09-26T02:20:06.943Z,BLUR,-1.5644,28.18,0.02109,1357.414201
2026-09-26T02:20:06.943Z,AUCTION,-1.6599,5170,3.873,1357.414201
2026-09-26T02:20:06.943Z,ZETA,0.7602,74.35,0.05436,1357.414201
2026-09-26T02:20:06.943Z,WIF,-3.822,325.6,0.2494,1357.414201
2026-09-26T02:20:06.943Z,KSM,-1.2677,6370,4.753,1357.414201
2026-09-26T02:25:07.079Z,BTC,-0.0641,113950000,84000.2,1357.414201
2026-09-26T02:25:07.079Z,XRP,-0.0964,2128,1.5692,1357.414201
2026-09-26T02:25:07.079Z,SOL,-0.0036,165300,121.78,1357.414201
2026-09-26T02:25:07.079Z,ETH,-0.0709,3651000,2691.58,1357.414201
2026-09-26T02:25:07.079Z,FIL,0.0397,1412,1.0398,1357.414201
2026-09-26T02:25:07.079Z,TRX,-0.1503,457.1,0.33725,1357.414201
2026-09-26T02:25:07.079Z,BNB,-0.2412,1050000,775.4,1357.414201
2026-09-26T02:25:07.079Z,WLD,-0.0491,662.5,0.4883,1357.414201
2026-09-26T02:25:07.079Z,FLOW,0.9236,42.4,0.03095,1357.414201
2026-09-26T02:25:07.079Z,LINK,-0.8072,18810,13.97,1357.414201
2026-09-26T02:25:07.079Z,DOGE,-0.209,133.9,0.09885,1357.414201
2026-09-26T02:25:07.079Z,SUI,-0.0169,1597,1.1767,1357.414201
2026-09-26T02:25:07.079Z,XLM,0.2154,299.9,0.22046,1357.414201
2026-09-26T02:25:07.079Z,BCH,-0.6454,460700,341.6,1357.414201
2026-09-26T02:25:07.079Z,AVAX,0.2343,14840,10.907,1357.414201
2026-09-26T02:25:07.079Z,ETC,2.0301,13160,9.502,1357.414201
2026-09-26T02:25:07.079Z,AAVE,-0.5276,209100,154.86,1357.414201
2026-09-26T02:25:07.079Z,ADA,0.0846,355.4,0.2616,1357.414201
2026-09-26T02:25:07.079Z,HYPE,-0.2264,124900,92.222,1357.414201
2026-09-26T02:25:07.079Z,SEI,-0.0859,101.8,0.07506,1357.414201
2026-09-26T02:25:07.079Z,HBAR,-0.0211,128.9,0.09498,1357.414201
2026-09-26T02:25:07.079Z,ARB,1.6905,308,0.22313,1357.414201
2026-09-26T02:25:07.079Z,JTO,1.5184,780.1,0.5661,1357.414201
2026-09-26T02:25:07.079Z,ONDO,-0.2121,734.7,0.5424,1357.414201
2026-09-26T02:25:07.079Z,QTUM,1.2258,1433,1.0429,1357.414201
2026-09-26T02:25:07.079Z,PYTH,-0.9424,99.26,0.07382,1357.414201
2026-09-26T02:25:07.079Z,APT,0.15,1166,0.8577,1357.414201
2026-09-26T02:25:07.079Z,UNI,-2.8492,12590,9.547,1357.414201
2026-09-26T02:25:07.079Z,TIA,0.7525,672.6,0.4918,1357.414201
2026-09-26T02:25:07.079Z,ALGO,-0.9497,157,0.11677,1357.414201
2026-09-26T02:25:07.079Z,NEAR,-0.3207,6630,4.9,1357.414201
2026-09-26T02:25:07.079Z,ZIL,-5.1549,4.9,0.003806,1357.414201
2026-09-26T02:25:07.079Z,SUSHI,-2.8534,348,0.2639,1357.414201
2026-09-26T02:25:07.079Z,PENDLE,-0.0409,3422,2.522,1357.414201
2026-09-26T02:25:07.079Z,XTZ,0.0856,446.7,0.3288,1357.414201
2026-09-26T02:25:07.079Z,W,-1.1128,16.45,0.012255,1357.414201
2026-09-26T02:25:07.079Z,AR,-5.7192,5855,4.575,1357.414201
2026-09-26T02:25:07.079Z,SHIB,-1.5114,0.008,0.000005984,1357.414201
2026-09-26T02:25:07.079Z,CELO,-0.1864,135.8,0.10023,1357.414201
2026-09-26T02:25:07.079Z,STX,0.1967,449.1,0.3302,1357.414201
2026-09-26T02:25:07.079Z,JUP,1.2819,464,0.3375,1357.414201
2026-09-26T02:25:07.079Z,PEPE,-1.5553,0.006,0.00000449,1357.414201
2026-09-26T02:25:07.079Z,DYDX,1.8281,186.2,0.13471,1357.414201
2026-09-26T02:25:07.079Z,KITE,-6.2047,175,0.13745,1357.414201
2026-09-26T02:25:07.079Z,CRV,-1.865,467.3,0.3508,1357.414201
2026-09-26T02:25:07.079Z,ENJ,1.572,40.88,0.02965,1357.414201
2026-09-26T02:25:07.079Z,ATOM,0.2361,2460,1.808,1357.414201
2026-09-26T02:25:07.079Z,ICP,2.5995,4426,3.178,1357.414201
2026-09-26T02:25:07.079Z,SPACE,1.1446,6.954,0.005065,1357.414201
2026-09-26T02:25:07.079Z,DOT,0.7988,1669,1.2198,1357.414201
2026-09-26T02:25:07.079Z,ETHFI,0.3833,972.5,0.7137,1357.414201
2026-09-26T02:25:07.079Z,CC,-2.7069,178,0.13478,1357.414201
2026-09-26T02:25:07.079Z,SYRUP,-0.6132,296.8,0.22,1357.414201
2026-09-26T02:25:07.079Z,TAO,3.0671,440700,315,1357.414201
2026-09-26T02:25:07.079Z,GRAM,-0.6378,1953,1.448,1357.414201
2026-09-26T02:25:07.079Z,RAY,4.7815,2860,2.0108,1357.414201
2026-09-26T02:25:07.079Z,RENDER,0.7747,2636,1.927,1357.414201
2026-09-26T02:25:07.079Z,GRASS,-13.1494,610.8,0.5181,1357.414201
2026-09-26T02:25:07.079Z,MINA,0.7128,192.5,0.14081,1357.414201
2026-09-26T02:25:07.079Z,POL,0.2732,160,0.11755,1357.414201
2026-09-26T02:25:07.079Z,ENA,-9.9968,327.2,0.26782,1357.414201
2026-09-26T02:25:07.079Z,SAND,-2.0705,60.55,0.04555,1357.414201
2026-09-26T02:25:07.079Z,AERO,-2.7914,1153,0.8738,1357.414201
2026-09-26T02:25:07.079Z,KGEN,-1.7447,223,0.1672,1357.414201
2026-09-26T02:25:07.079Z,LIT,0.5582,6640,4.8645,1357.414201
2026-09-26T02:25:07.079Z,MANA,-3.5214,120,0.09163,1357.414201
2026-09-26T02:25:07.079Z,BAND,-6.092,284.9,0.2235,1357.414201
2026-09-26T02:25:07.079Z,APE,-0.6602,208.7,0.15477,1357.414201
2026-09-26T02:25:07.079Z,GMT,0.5792,12.11,0.00887,1357.414201
2026-09-26T02:25:07.079Z,VIRTUAL,-0.2842,1062,0.7846,1357.414201
2026-09-26T02:25:07.079Z,LPT,-2.7064,2261,1.712,1357.414201
2026-09-26T02:25:07.079Z,DATA,-1.1766,308.8,0.2302,1357.414201
2026-09-26T02:25:07.079Z,THETA,-5.1655,302,0.2346,1357.414201
2026-09-26T02:25:07.079Z,GRT,1.1752,38.88,0.02831,1357.414201
2026-09-26T02:25:07.079Z,LAYER,-1.5345,106.9,0.07998,1357.414201
2026-09-26T02:25:07.079Z,NMR,-2.0674,13130,9.877,1357.414201
2026-09-26T02:25:07.079Z,EIGEN,-8.4747,321.9,0.2591,1357.414201
2026-09-26T02:25:07.079Z,BAT,0.568,125.1,0.09164,1357.414201
2026-09-26T02:25:07.079Z,SPK,-6.6204,30.7,0.02422,1357.414201
2026-09-26T02:25:07.079Z,PUMP,-9.0594,5.276,0.004274,1357.414201
2026-09-26T02:25:07.079Z,KMNO,-0.8336,56.24,0.04178,1357.414201
2026-09-26T02:25:07.079Z,CHZ,-0.083,22.65,0.0167,1357.414201
2026-09-26T02:25:07.079Z,PENGU,0.1131,13.97,0.01028,1357.414201
2026-09-26T02:25:07.079Z,OP,2.0196,199.9,0.14435,1357.414201
2026-09-26T02:25:07.079Z,UMA,-0.1298,558.8,0.4122,1357.414201
2026-09-26T02:25:07.079Z,ZRO,1.9256,2204,1.593,1357.414201
2026-09-26T02:25:07.079Z,S,1.2933,56.03,0.04075,1357.414201
2026-09-26T02:25:07.079Z,IMX,-0.5111,216.9,0.16061,1357.414201
2026-09-26T02:25:07.079Z,A,-0.2513,138,0.10192,1357.414201
2026-09-26T02:25:07.079Z,ATH,-5.4283,8.04,0.006263,1357.414201
2026-09-26T02:25:07.079Z,COMP,6.219,34950,24.24,1357.414201
2026-09-26T02:25:07.079Z,CVX,-4.857,2654,2.055,1357.414201
2026-09-26T02:25:07.079Z,AXS,-3.0582,1550,1.1779,1357.414201
2026-09-26T02:25:07.079Z,WCT,-0.8244,58.83,0.0437,1357.414201
2026-09-26T02:25:07.079Z,ME,0.2011,106.2,0.07808,1357.414201
2026-09-26T02:25:07.079Z,ASTER,0.7961,1004,0.7338,1357.414201
2026-09-26T02:25:07.079Z,GMX,0.8838,11210,8.186,1357.414201
2026-09-26T02:25:07.079Z,MORPHO,3.3472,3810,2.7159,1357.414201
2026-09-26T02:25:07.079Z,MON,-1.8674,35.02,0.02629,1357.414201
2026-09-26T02:25:07.079Z,1INCH,-2.1656,136.6,0.10286,1357.414201
2026-09-26T02:25:07.079Z,SKY,-0.3805,105.8,0.07824,1357.414201
2026-09-26T02:25:07.079Z,YGG,-2.7414,36.53,0.02767,1357.414201
2026-09-26T02:25:07.079Z,BIO,0.9312,45.02,0.03286,1357.414201
2026-09-26T02:25:07.079Z,MOVE,-4.4362,12.54,0.009667,1357.414201
2026-09-26T02:25:07.079Z,GALA,-10.2857,2.628,0.002158,1357.414201
2026-09-26T02:25:07.079Z,ZK,-1.0427,17.14,0.01276,1357.414201
2026-09-26T02:25:07.079Z,ENS,-1.219,9610,7.167,1357.414201
2026-09-26T02:25:07.079Z,INJ,3.501,11040,7.858,1357.414201
2026-09-26T02:25:07.079Z,KAITO,-0.8799,484.1,0.3598,1357.414201
2026-09-26T02:25:07.079Z,LDO,-1.8546,650,0.4879,1357.414201
2026-09-26T02:25:07.079Z,BLUR,-1.2836,28.18,0.02103,1357.414201
2026-09-26T02:25:07.079Z,AUCTION,-1.6345,5170,3.872,1357.414201
2026-09-26T02:25:07.079Z,ZETA,1.151,74.35,0.05415,1357.414201
2026-09-26T02:25:07.079Z,WIF,-3.6288,325.6,0.2489,1357.414201
2026-09-26T02:25:07.079Z,KSM,-0.9551,6370,4.738,1357.414201
2026-09-26T02:30:06.992Z,BTC,-0.0508,113940000,83981.7,1357.414201
2026-09-26T02:30:06.992Z,XRP,-0.0686,2129,1.5695,1357.414201
2026-09-26T02:30:06.992Z,SOL,0.0315,165100,121.59,1357.414201
2026-09-26T02:30:06.992Z,ETH,-0.0512,3651000,2691.05,1357.414201
2026-09-26T02:30:06.992Z,FIL,0.0134,1410,1.0386,1357.414201
2026-09-26T02:30:06.992Z,TRX,-0.1444,457.1,0.33723,1357.414201
2026-09-26T02:30:06.992Z,BNB,-0.2284,1050000,775.3,1357.414201
2026-09-26T02:30:06.992Z,WLD,-0.145,662,0.4884,1357.414201
2026-09-26T02:30:06.992Z,FLOW,1.0215,42.4,0.03092,1357.414201
2026-09-26T02:30:06.992Z,LINK,-0.8498,18810,13.976,1357.414201
2026-09-26T02:30:06.992Z,DOGE,-0.0776,133.9,0.09872,1357.414201
2026-09-26T02:30:06.992Z,SUI,-0.1336,1595,1.1766,1357.414201
2026-09-26T02:30:06.992Z,XLM,-0.3801,299.2,0.22126,1357.414201
2026-09-26T02:30:06.992Z,BCH,-0.3537,460700,340.6,1357.414201
2026-09-26T02:30:06.992Z,AVAX,0.2618,14840,10.904,1357.414201
2026-09-26T02:30:06.992Z,ETC,2.0516,13160,9.5,1357.414201
2026-09-26T02:30:06.992Z,AAVE,-0.5598,209100,154.91,1357.414201
2026-09-26T02:30:06.992Z,ADA,-0.0785,353.6,0.2607,1357.414201
2026-09-26T02:30:06.992Z,HYPE,-0.0128,124900,92.025,1357.414201
2026-09-26T02:30:06.992Z,SEI,0.2212,101.8,0.07483,1357.414201
2026-09-26T02:30:06.992Z,HBAR,-0.0316,128.9,0.09499,1357.414201
2026-09-26T02:30:06.992Z,ARB,1.4949,308,0.22356,1357.414201
2026-09-26T02:30:06.992Z,JTO,1.3037,780.1,0.5673,1357.414201
2026-09-26T02:30:06.992Z,ONDO,0.0898,735.7,0.5415,1357.414201
2026-09-26T02:30:06.992Z,QTUM,1.1288,1433,1.0439,1357.414201
2026-09-26T02:30:06.992Z,PYTH,-0.9826,99.26,0.07385,1357.414201
2026-09-26T02:30:06.992Z,APT,0.3137,1166,0.8563,1357.414201
2026-09-26T02:30:06.992Z,UNI,-3.2646,12590,9.588,1357.414201
2026-09-26T02:30:06.992Z,TIA,0.8551,672.6,0.4913,1357.414201
2026-09-26T02:30:06.992Z,ALGO,-0.5168,157.2,0.11641,1357.414201
2026-09-26T02:30:06.992Z,NEAR,0.0468,6630,4.882,1357.414201
2026-09-26T02:30:06.992Z,ZIL,-5.2296,4.9,0.003809,1357.414201
2026-09-26T02:30:06.992Z,SUSHI,-2.9637,348,0.2642,1357.414201
2026-09-26T02:30:06.992Z,PENDLE,-0.0409,3422,2.522,1357.414201
2026-09-26T02:30:06.992Z,XTZ,0.1161,446.7,0.3287,1357.414201
2026-09-26T02:30:06.992Z,W,-0.9025,16.45,0.012229,1357.414201
2026-09-26T02:30:06.992Z,AR,-5.8427,5855,4.581,1357.414201
2026-09-26T02:30:06.992Z,SHIB,-1.462,0.008,5.981e-06,1357.414201
2026-09-26T02:30:06.992Z,CELO,-0.1266,135.8,0.10017,1357.414201
2026-09-26T02:30:06.992Z,STX,0.2879,449.1,0.3299,1357.414201
2026-09-26T02:30:06.992Z,JUP,1.5225,464,0.3367,1357.414201
2026-09-26T02:30:06.992Z,PEPE,-1.4675,0.006,4.486e-06,1357.414201
2026-09-26T02:30:06.992Z,DYDX,1.8432,186.2,0.13469,1357.414201
2026-09-26T02:30:06.992Z,KITE,-6.4362,175,0.13779,1357.414201
2026-09-26T02:30:06.992Z,CRV,-1.9768,467.3,0.3512,1357.414201
2026-09-26T02:30:06.992Z,ENJ,1.7092,40.88,0.02961,1357.414201
2026-09-26T02:30:06.992Z,ATOM,0.2361,2460,1.808,1357.414201
2026-09-26T02:30:06.992Z,ICP,2.6964,4426,3.175,1357.414201
2026-09-26T02:30:06.992Z,SPACE,1.1247,6.954,0.005066,1357.414201
2026-09-26T02:30:06.992Z,DOT,0.8236,1669,1.2195,1357.414201
2026-09-26T02:30:06.992Z,ETHFI,0.2569,972.5,0.7146,1357.414201
2026-09-26T02:30:06.992Z,CC,-1.9063,178,0.13368,1357.414201
2026-09-26T02:30:06.992Z,SYRUP,-0.6583,296.8,0.2201,1357.414201
2026-09-26T02:30:06.992Z,TAO,3.0671,440700,315,1357.414201
2026-09-26T02:30:06.992Z,GRAM,-0.6378,1953,1.448,1357.414201
2026-09-26T02:30:06.992Z,RAY,5.6379,2860,1.9945,1357.414201
2026-09-26T02:30:06.992Z,RENDER,0.7747,2636,1.927,1357.414201
2026-09-26T02:30:06.992Z,GRASS,-13.45,610.8,0.5199,1357.414201
2026-09-26T02:30:06.992Z,MINA,0.8776,192.5,0.14058,1357.414201
2026-09-26T02:30:06.992Z,POL,0.1454,160,0.1177,1357.414201
2026-09-26T02:30:06.992Z,ENA,0.1987,363,0.26689,1357.414201
2026-09-26T02:30:06.992Z,SAND,-1.8551,60.55,0.04545,1357.414201
2026-09-26T02:30:06.992Z,AERO,-4.0974,1153,0.8857,1357.414201
2026-09-26T02:30:06.992Z,KGEN,-1.8034,223,0.1673,1357.414201
2026-09-26T02:30:06.992Z,LIT,0.9046,6640,4.8478,1357.414201
2026-09-26T02:30:06.992Z,MANA,-3.4581,120,0.09157,1357.414201
2026-09-26T02:30:06.992Z,BAND,-6.0079,284.9,0.2233,1357.414201
2026-09-26T02:30:06.992Z,APE,-0.5831,208.7,0.15465,1357.414201
2026-09-26T02:30:06.992Z,GMT,0.6132,12.11,0.008867,1357.414201
2026-09-26T02:30:06.992Z,VIRTUAL,-0.2079,1062,0.784,1357.414201
2026-09-26T02:30:06.992Z,LPT,-2.6495,2261,1.711,1357.414201
2026-09-26T02:30:06.992Z,DATA,-0.7022,308.8,0.2291,1357.414201
2026-09-26T02:30:06.992Z,THETA,-4.8816,302,0.2339,1357.414201
2026-09-26T02:30:06.992Z,GRT,0.9256,38.88,0.02838,1357.414201
2026-09-26T02:30:06.992Z,LAYER,-1.5468,106.9,0.07999,1357.414201
2026-09-26T02:30:06.992Z,NMR,-1.9383,13130,9.864,1357.414201
2026-09-26T02:30:06.992Z,EIGEN,-8.51,321.9,0.2592,1357.414201
2026-09-26T02:30:06.992Z,BAT,0.59,125.1,0.09162,1357.414201
2026-09-26T02:30:06.992Z,SPK,-6.2333,30.7,0.02412,1357.414201
2026-09-26T02:30:06.992Z,PUMP,-9.1444,5.276,0.004278,1357.414201
2026-09-26T02:30:06.992Z,KMNO,-0.9521,56.24,0.04183,1357.414201
2026-09-26T02:30:06.992Z,CHZ,-0.0231,22.65,0.01669,1357.414201
2026-09-26T02:30:06.992Z,PENGU,0.2106,13.97,0.01027,1357.414201
2026-09-26T02:30:06.992Z,OP,2.2179,199.9,0.14407,1357.414201
2026-09-26T02:30:06.992Z,UMA,-0.0813,558.8,0.412,1357.414201
2026-09-26T02:30:06.992Z,ZRO,1.9448,2204,1.5927,1357.414201
2026-09-26T02:30:06.992Z,S,1.3679,56.03,0.04072,1357.414201
2026-09-26T02:30:06.992Z,IMX,-0.2565,216.9,0.1602,1357.414201
2026-09-26T02:30:06.992Z,A,-0.3686,138,0.10204,1357.414201
2026-09-26T02:30:06.992Z,ATH,-5.5037,8.04,0.006268,1357.414201
2026-09-26T02:30:06.992Z,COMP,6.4385,34950,24.19,1357.414201
2026-09-26T02:30:06.992Z,CVX,-4.857,2654,2.055,1357.414201
2026-09-26T02:30:06.992Z,AXS,-3.0665,1550,1.178,1357.414201
2026-09-26T02:30:06.992Z,WCT,-0.6197,58.83,0.04361,1357.414201
2026-09-26T02:30:06.992Z,ME,0.3939,106.2,0.07793,1357.414201
2026-09-26T02:30:06.992Z,ASTER,0.851,1004,0.7334,1357.414201
2026-09-26T02:30:06.992Z,GMX,0.8099,11210,8.192,1357.414201
2026-09-26T02:30:06.992Z,MORPHO,3.3244,3810,2.7165,1357.414201
2026-09-26T02:30:06.992Z,MON,-1.9793,35.02,0.02632,1357.414201
2026-09-26T02:30:06.992Z,1INCH,-2.1085,136.6,0.1028,1357.414201
2026-09-26T02:30:06.992Z,SKY,-0.355,105.8,0.07822,1357.414201
2026-09-26T02:30:06.992Z,YGG,-2.5653,36.53,0.02762,1357.414201
2026-09-26T02:30:06.992Z,BIO,1.1467,45.02,0.03279,1357.414201
2026-09-26T02:30:06.992Z,MOVE,-4.3669,12.54,0.00966,1357.414201
2026-09-26T02:30:06.992Z,GALA,-10.1608,2.628,0.002155,1357.414201
2026-09-26T02:30:06.992Z,ZK,-1.3982,17.14,0.012806,1357.414201
2026-09-26T02:30:06.992Z,ENS,-1.1362,9610,7.161,1357.414201
2026-09-26T02:30:06.992Z,INJ,3.5274,11040,7.856,1357.414201
2026-09-26T02:30:06.992Z,KAITO,-0.7972,484.1,0.3595,1357.414201
2026-09-26T02:30:06.992Z,LDO,-2.1953,650,0.4896,1357.414201
2026-09-26T02:30:06.992Z,BLUR,-1.3774,28.18,0.02105,1357.414201
2026-09-26T02:30:06.992Z,AUCTION,-1.5582,5170,3.869,1357.414201
2026-09-26T02:30:06.992Z,ZETA,1.7712,74.35,0.05382,1357.414201
2026-09-26T02:30:06.992Z,WIF,-3.4737,325.6,0.2485,1357.414201
2026-09-26T02:30:06.992Z,KSM,-0.9969,6370,4.74,1357.414201
2026-09-26T02:35:06.771Z,BTC,-0.0974,113920000,84006.1,1357.414201
2026-09-26T02:35:06.771Z,XRP,-0.1601,2128,1.5702,1357.414201
2026-09-26T02:35:06.771Z,SOL,-0.2374,164900,121.77,1357.414201
2026-09-26T02:35:06.771Z,ETH,-0.1427,3650000,2692.78,1357.414201
2026-09-26T02:35:06.771Z,FIL,-0.4848,1410,1.0438,1357.414201
2026-09-26T02:35:06.771Z,TRX,-0.1444,457.1,0.33723,1357.414201
2026-09-26T02:35:06.771Z,BNB,-0.2155,1050000,775.2,1357.414201
2026-09-26T02:35:06.771Z,WLD,-0.1658,660.1,0.4871,1357.414201
2026-09-26T02:35:06.771Z,FLOW,0.6792,42.27,0.03093,1357.414201
2026-09-26T02:35:06.771Z,LINK,-1.1962,18810,14.025,1357.414201
2026-09-26T02:35:06.771Z,DOGE,-0.0978,133.9,0.09874,1357.414201
2026-09-26T02:35:06.771Z,SUI,-0.4298,1595,1.1801,1357.414201
2026-09-26T02:35:06.771Z,XLM,-0.1075,300.1,0.22132,1357.414201
2026-09-26T02:35:06.771Z,BCH,-0.4414,460700,340.9,1357.414201
2026-09-26T02:35:06.771Z,AVAX,-0.0864,14840,10.942,1357.414201
2026-09-26T02:35:06.771Z,ETC,1.9229,13160,9.512,1357.414201
2026-09-26T02:35:06.771Z,AAVE,-0.835,209100,155.34,1357.414201
2026-09-26T02:35:06.771Z,ADA,-0.2398,353.3,0.2609,1357.414201
2026-09-26T02:35:06.771Z,HYPE,-0.2048,124900,92.202,1357.414201
2026-09-26T02:35:06.771Z,SEI,-0.688,101.2,0.07507,1357.414201
2026-09-26T02:35:06.771Z,HBAR,0.0889,129.3,0.09517,1357.414201
2026-09-26T02:35:06.771Z,ARB,1.3498,308,0.22388,1357.414201
2026-09-26T02:35:06.771Z,JTO,0.9478,780.1,0.5693,1357.414201
2026-09-26T02:35:06.771Z,ONDO,-0.0501,734.4,0.5413,1357.414201
2026-09-26T02:35:06.771Z,QTUM,1.2938,1433,1.0422,1357.414201
2026-09-26T02:35:06.771Z,PYTH,-1.0094,99.26,0.07387,1357.414201
2026-09-26T02:35:06.771Z,APT,-0.1527,1166,0.8603,1357.414201
2026-09-26T02:35:06.771Z,UNI,-3.8263,12590,9.644,1357.414201
2026-09-26T02:35:06.771Z,TIA,0.7525,672.6,0.4918,1357.414201
2026-09-26T02:35:06.771Z,ALGO,-1.6071,157.2,0.1177,1357.414201
2026-09-26T02:35:06.771Z,NEAR,-0.3207,6630,4.9,1357.414201
2026-09-26T02:35:06.771Z,ZIL,-5.2793,4.9,0.003811,1357.414201
2026-09-26T02:35:06.771Z,SUSHI,-3.0371,348,0.2644,1357.414201
2026-09-26T02:35:06.771Z,PENDLE,-0.2781,3422,2.528,1357.414201
2026-09-26T02:35:06.771Z,XTZ,-0.6396,446.7,0.3312,1357.414201
2026-09-26T02:35:06.771Z,W,-0.9754,16.45,0.012238,1357.414201
2026-09-26T02:35:06.771Z,AR,-5.9043,5855,4.584,1357.414201
2026-09-26T02:35:06.771Z,SHIB,-1.6265,0.008,0.000005991,1357.414201
2026-09-26T02:35:06.771Z,CELO,-0.1466,135.8,0.10019,1357.414201
2026-09-26T02:35:06.771Z,STX,0.3791,449.1,0.3296,1357.414201
2026-09-26T02:35:06.771Z,JUP,1.3119,464,0.3374,1357.414201
2026-09-26T02:35:06.771Z,PEPE,-1.621,0.006,0.000004493,1357.414201
2026-09-26T02:35:06.771Z,DYDX,1.8432,186.2,0.13469,1357.414201
2026-09-26T02:35:06.771Z,KITE,-6.409,175,0.13775,1357.414201
2026-09-26T02:35:06.771Z,CRV,-2.144,467.3,0.3518,1357.414201
2026-09-26T02:35:06.771Z,ENJ,1.6748,40.88,0.02962,1357.414201
2026-09-26T02:35:06.771Z,ATOM,0.3471,2460,1.806,1357.414201
2026-09-26T02:35:06.771Z,ICP,2.7288,4426,3.174,1357.414201
2026-09-26T02:35:06.771Z,SPACE,0.9254,6.954,0.005076,1357.414201
2026-09-26T02:35:06.771Z,DOT,0.5515,1669,1.2228,1357.414201
2026-09-26T02:35:06.771Z,ETHFI,-0.0787,972.5,0.717,1357.414201
2026-09-26T02:35:06.771Z,CC,-1.3973,178,0.13299,1357.414201
2026-09-26T02:35:06.771Z,SYRUP,-0.7935,296.8,0.2204,1357.414201
2026-09-26T02:35:06.771Z,TAO,-4.239,410500,315.8,1357.414201
2026-09-26T02:35:06.771Z,GRAM,-0.6378,1953,1.448,1357.414201
2026-09-26T02:35:06.771Z,RAY,5.5426,2860,1.9963,1357.414201
2026-09-26T02:35:06.771Z,RENDER,0.7224,2636,1.928,1357.414201
2026-09-26T02:35:06.771Z,GRASS,-13.7487,610.8,0.5217,1357.414201
2026-09-26T02:35:06.771Z,MINA,0.8202,192.5,0.14066,1357.414201
2026-09-26T02:35:06.771Z,POL,0.0095,160,0.11786,1357.414201
2026-09-26T02:35:06.771Z,ENA,0.4961,363,0.2661,1357.414201
2026-09-26T02:35:06.771Z,SAND,-1.7037,60.55,0.04538,1357.414201
2026-09-26T02:35:06.771Z,AERO,-1.5087,1188,0.8886,1357.414201
2026-09-26T02:35:06.771Z,KGEN,-1.6859,223,0.1671,1357.414201
2026-09-26T02:35:06.771Z,LIT,0.8069,6640,4.8525,1357.414201
2026-09-26T02:35:06.771Z,MANA,-3.4371,120,0.09155,1357.414201
2026-09-26T02:35:06.771Z,BAND,-5.9658,284.9,0.2232,1357.414201
2026-09-26T02:35:06.771Z,APE,-0.6795,208.7,0.1548,1357.414201
2026-09-26T02:35:06.771Z,GMT,0.5792,12.11,0.00887,1357.414201
2026-09-26T02:35:06.771Z,VIRTUAL,-0.5378,1062,0.7866,1357.414201
2026-09-26T02:35:06.771Z,LPT,-2.8766,2261,1.715,1357.414201
2026-09-26T02:35:06.771Z,DATA,-0.0038,308.8,0.2275,1357.414201
2026-09-26T02:35:06.771Z,THETA,-5.0035,302,0.2342,1357.414201
2026-09-26T02:35:06.771Z,GRT,1.0324,38.88,0.02835,1357.414201
2026-09-26T02:35:06.771Z,LAYER,-1.5099,106.9,0.07996,1357.414201
2026-09-26T02:35:06.771Z,NMR,-1.6792,13130,9.838,1357.414201
2026-09-26T02:35:06.771Z,EIGEN,-8.6862,321.9,0.2597,1357.414201
2026-09-26T02:35:06.771Z,BAT,0.557,125.1,0.09165,1357.414201
2026-09-26T02:35:06.771Z,SPK,-6.8895,30.7,0.02429,1357.414201
2026-09-26T02:35:06.771Z,PUMP,-9.5462,5.276,0.004297,1357.414201
2026-09-26T02:35:06.771Z,KMNO,-0.7148,56.24,0.04173,1357.414201
2026-09-26T02:35:06.771Z,CHZ,-0.083,22.65,0.0167,1357.414201
2026-09-26T02:35:06.771Z,PENGU,0.1813,13.97,0.010273,1357.414201
2026-09-26T02:35:06.771Z,OP,1.6324,199.9,0.1449,1357.414201
2026-09-26T02:35:06.771Z,UMA,-0.057,558.8,0.4119,1357.414201
2026-09-26T02:35:06.771Z,ZRO,1.7022,2204,1.5965,1357.414201
2026-09-26T02:35:06.771Z,S,0.9959,56.03,0.04087,1357.414201
2026-09-26T02:35:06.771Z,IMX,-0.4491,216.9,0.16051,1357.414201
2026-09-26T02:35:06.771Z,A,-0.3002,138,0.10197,1357.414201
2026-09-26T02:35:06.771Z,ATH,-5.4283,8.04,0.006263,1357.414201
2026-09-26T02:35:06.771Z,COMP,6.4385,34950,24.19,1357.414201
2026-09-26T02:35:06.771Z,CVX,-4.7179,2654,2.052,1357.414201
2026-09-26T02:35:06.771Z,AXS,-3.1487,1550,1.179,1357.414201
2026-09-26T02:35:06.771Z,WCT,-0.6425,58.83,0.04362,1357.414201
2026-09-26T02:35:06.771Z,ME,0.4971,106.2,0.07785,1357.414201
2026-09-26T02:35:06.771Z,ASTER,0.7686,1004,0.734,1357.414201
2026-09-26T02:35:06.771Z,GMX,1.0814,11210,8.17,1357.414201
2026-09-26T02:35:06.771Z,MORPHO,3.1611,3810,2.7208,1357.414201
2026-09-26T02:35:06.771Z,MON,-2.0537,35.02,0.02634,1357.414201
2026-09-26T02:35:06.771Z,1INCH,-2.1465,136.6,0.10284,1357.414201
2026-09-26T02:35:06.771Z,SKY,-0.355,105.8,0.07822,1357.414201
2026-09-26T02:35:06.771Z,YGG,-2.53,36.53,0.02761,1357.414201
2026-09-26T02:35:06.771Z,BIO,1.2702,45.02,0.03275,1357.414201
2026-09-26T02:35:06.771Z,MOVE,-4.3273,12.54,0.009656,1357.414201
2026-09-26T02:35:06.771Z,GALA,-10.3273,2.628,0.002159,1357.414201
2026-09-26T02:35:06.771Z,ZK,-1.4136,17.14,0.012808,1357.414201
2026-09-26T02:35:06.771Z,ENS,-1.2741,9610,7.171,1357.414201
2026-09-26T02:35:06.771Z,INJ,3.4484,11040,7.862,1357.414201
2026-09-26T02:35:06.771Z,KAITO,-0.4928,484.1,0.3584,1357.414201
2026-09-26T02:35:06.771Z,LDO,-2.2752,650,0.49,1357.414201
2026-09-26T02:35:06.771Z,BLUR,-1.3305,28.18,0.02104,1357.414201
2026-09-26T02:35:06.771Z,AUCTION,-1.6091,5170,3.871,1357.414201
2026-09-26T02:35:06.771Z,ZETA,1.6201,74.35,0.0539,1357.414201
2026-09-26T02:35:06.771Z,WIF,-3.7449,325.6,0.2492,1357.414201
2026-09-26T02:35:06.771Z,KSM,-0.976,6370,4.739,1357.414201
2026-09-26T02:40:07.180Z,BTC,-0.0639,113928000,83983.8,1357.414201
2026-09-26T02:40:07.180Z,XRP,-0.0549,2124,1.5656,1357.414201
2026-09-26T02:40:07.180Z,SOL,-0.0897,164900,121.59,1357.414201
2026-09-26T02:40:07.180Z,ETH,-0.0415,3651000,2690.79,1357.414201
2026-09-26T02:40:07.180Z,FIL,-0.1884,1410,1.0407,1357.414201
2026-09-26T02:40:07.180Z,TRX,-0.1503,457.1,0.33725,1357.414201
2026-09-26T02:40:07.180Z,BNB,-0.1511,1050000,774.7,1357.414201
2026-09-26T02:40:07.180Z,WLD,0.5567,660.1,0.4836,1357.414201
2026-09-26T02:40:07.180Z,FLOW,-0.2098,41.68,0.03077,1357.414201
2026-09-26T02:40:07.180Z,LINK,-1.0127,18810,13.999,1357.414201
2026-09-26T02:40:07.180Z,DOGE,-0.0585,133.6,0.09848,1357.414201
2026-09-26T02:40:07.180Z,SUI,-0.1784,1589,1.1727,1357.414201
2026-09-26T02:40:07.180Z,XLM,0.0124,299.7,0.22076,1357.414201
2026-09-26T02:40:07.180Z,BCH,-0.2365,460700,340.2,1357.414201
2026-09-26T02:40:07.180Z,AVAX,0.733,14840,10.853,1357.414201
2026-09-26T02:40:07.180Z,ETC,2.0946,13160,9.496,1357.414201
2026-09-26T02:40:07.180Z,AAVE,-0.4569,209100,154.75,1357.414201
2026-09-26T02:40:07.180Z,ADA,-0.1476,352,0.2597,1357.414201
2026-09-26T02:40:07.180Z,HYPE,-0.0791,124900,92.086,1357.414201
2026-09-26T02:40:07.180Z,SEI,-0.4868,100.5,0.0744,1357.414201
2026-09-26T02:40:07.180Z,HBAR,0.5114,129.3,0.09477,1357.414201
2026-09-26T02:40:07.180Z,ARB,1.6677,308,0.22318,1357.414201
2026-09-26T02:40:07.180Z,JTO,1.161,780.1,0.5681,1357.414201
2026-09-26T02:40:07.180Z,ONDO,-0.2139,731.3,0.5399,1357.414201
2026-09-26T02:40:07.180Z,QTUM,1.6938,1433,1.0381,1357.414201
2026-09-26T02:40:07.180Z,PYTH,-0.7137,99.26,0.07365,1357.414201
2026-09-26T02:40:07.180Z,APT,0.302,1166,0.8564,1357.414201
2026-09-26T02:40:07.180Z,UNI,-3.5563,12590,9.617,1357.414201
2026-09-26T02:40:07.180Z,TIA,1.0608,672.6,0.4903,1357.414201
2026-09-26T02:40:07.180Z,ALGO,-1.2884,157.2,0.11732,1357.414201
2026-09-26T02:40:07.180Z,NEAR,-0.4426,6630,4.906,1357.414201
2026-09-26T02:40:07.180Z,ZIL,-5.0051,4.9,0.0038,1357.414201
2026-09-26T02:40:07.180Z,SUSHI,-2.8166,348,0.2638,1357.414201
2026-09-26T02:40:07.180Z,PENDLE,-0.1201,3422,2.524,1357.414201
2026-09-26T02:40:07.180Z,XTZ,-0.7595,446.7,0.3316,1357.414201
2026-09-26T02:40:07.180Z,W,-0.7727,16.45,0.012213,1357.414201
2026-09-26T02:40:07.180Z,AR,-5.8427,5855,4.581,1357.414201
2026-09-26T02:40:07.180Z,SHIB,-1.2639,0.008,0.000005969,1357.414201
2026-09-26T02:40:07.180Z,CELO,-0.1466,135.8,0.10019,1357.414201
2026-09-26T02:40:07.180Z,STX,0.654,449.1,0.3287,1357.414201
2026-09-26T02:40:07.180Z,JUP,0.9529,464,0.3386,1357.414201
2026-09-26T02:40:07.180Z,PEPE,-1.159,0.006,0.000004472,1357.414201
2026-09-26T02:40:07.180Z,DYDX,2.1465,186.2,0.13429,1357.414201
2026-09-26T02:40:07.180Z,KITE,-6.5244,175,0.13792,1357.414201
2026-09-26T02:40:07.180Z,CRV,-1.865,467.3,0.3508,1357.414201
2026-09-26T02:40:07.180Z,ENJ,1.9847,40.88,0.02953,1357.414201
2026-09-26T02:40:07.180Z,ATOM,0.4584,2460,1.804,1357.414201
2026-09-26T02:40:07.180Z,ICP,3.086,4426,3.163,1357.414201
2026-09-26T02:40:07.180Z,SPACE,1.0648,6.954,0.005069,1357.414201
2026-09-26T02:40:07.180Z,DOT,0.6997,1669,1.221,1357.414201
2026-09-26T02:40:07.180Z,ETHFI,0.1028,972.5,0.7157,1357.414201
2026-09-26T02:40:07.180Z,CC,-0.9729,178,0.13242,1357.414201
2026-09-26T02:40:07.180Z,SYRUP,-0.6583,296.8,0.2201,1357.414201
2026-09-26T02:40:07.180Z,TAO,-4.239,410500,315.8,1357.414201
2026-09-26T02:40:07.180Z,GRAM,-0.5691,1953,1.447,1357.414201
2026-09-26T02:40:07.180Z,RAY,5.8236,2860,1.991,1357.414201
2026-09-26T02:40:07.180Z,RENDER,1.0368,2636,1.922,1357.414201
2026-09-26T02:40:07.180Z,GRASS,-12.9477,610.8,0.5169,1357.414201
2026-09-26T02:40:07.180Z,MINA,0.9638,192.5,0.14046,1357.414201
2026-09-26T02:40:07.180Z,POL,0.2221,160,0.11761,1357.414201
2026-09-26T02:40:07.180Z,ENA,0.4508,363,0.26622,1357.414201
2026-09-26T02:40:07.180Z,SAND,-1.3341,60.55,0.04521,1357.414201
2026-09-26T02:40:07.180Z,AERO,-0.6666,1196,0.887,1357.414201
2026-09-26T02:40:07.180Z,KGEN,-1.8034,223,0.1673,1357.414201
2026-09-26T02:40:07.180Z,LIT,0.9213,6640,4.847,1357.414201
2026-09-26T02:40:07.180Z,MANA,-3.2574,120,0.09138,1357.414201
2026-09-26T02:40:07.180Z,BAND,-5.797,284.9,0.2228,1357.414201
2026-09-26T02:40:07.180Z,APE,-0.596,208.7,0.15467,1357.414201
2026-09-26T02:40:07.180Z,GMT,0.8065,12.11,0.00885,1357.414201
2026-09-26T02:40:07.180Z,VIRTUAL,-0.0932,1062,0.7831,1357.414201
2026-09-26T02:40:07.180Z,LPT,-2.6495,2261,1.711,1357.414201
2026-09-26T02:40:07.180Z,DATA,-0.2231,308.8,0.228,1357.414201
2026-09-26T02:40:07.180Z,THETA,-4.5552,302,0.2331,1357.414201
2026-09-26T02:40:07.180Z,GRT,1.4619,38.88,0.02823,1357.414201
2026-09-26T02:40:07.180Z,LAYER,-1.3124,106.9,0.0798,1357.414201
2026-09-26T02:40:07.180Z,NMR,-1.3684,13130,9.807,1357.414201
2026-09-26T02:40:07.180Z,EIGEN,-8.2268,321.9,0.2584,1357.414201
2026-09-26T02:40:07.180Z,BAT,0.8541,125.1,0.09138,1357.414201
2026-09-26T02:40:07.180Z,SPK,-6.8895,30.7,0.02429,1357.414201
2026-09-26T02:40:07.180Z,PUMP,-9.2717,5.276,0.004284,1357.414201
2026-09-26T02:40:07.180Z,KMNO,-0.7624,56.24,0.04175,1357.414201
2026-09-26T02:40:07.180Z,CHZ,0.217,22.65,0.01665,1357.414201
2026-09-26T02:40:07.180Z,PENGU,0.6221,13.97,0.010228,1357.414201
2026-09-26T02:40:07.180Z,OP,1.8432,199.9,0.1446,1357.414201
2026-09-26T02:40:07.180Z,UMA,0.0401,558.8,0.4115,1357.414201
2026-09-26T02:40:07.180Z,ZRO,1.7022,2204,1.5965,1357.414201
2026-09-26T02:40:07.180Z,S,1.343,56.03,0.04073,1357.414201
2026-09-26T02:40:07.180Z,IMX,-0.1817,216.9,0.16008,1357.414201
2026-09-26T02:40:07.180Z,A,0.2504,138,0.10141,1357.414201
2026-09-26T02:40:07.180Z,ATH,-5.2012,8.04,0.006248,1357.414201
2026-09-26T02:40:07.180Z,COMP,6.3946,34950,24.2,1357.414201
2026-09-26T02:40:07.180Z,CVX,-4.9495,2654,2.057,1357.414201
2026-09-26T02:40:07.180Z,AXS,-3.0006,1550,1.1772,1357.414201
2026-09-26T02:40:07.180Z,WCT,-0.3225,58.83,0.04348,1357.414201
2026-09-26T02:40:07.180Z,ME,0.6781,106.2,0.07771,1357.414201
2026-09-26T02:40:07.180Z,ASTER,1.0715,1004,0.7318,1357.414201
2026-09-26T02:40:07.180Z,GMX,1.2053,11210,8.16,1357.414201
2026-09-26T02:40:07.180Z,MORPHO,3.4424,3810,2.7134,1357.414201
2026-09-26T02:40:07.180Z,MON,-2.0165,35.02,0.02633,1357.414201
2026-09-26T02:40:07.180Z,1INCH,-2.2226,136.6,0.10292,1357.414201
2026-09-26T02:40:07.180Z,SKY,0.1443,105.8,0.07783,1357.414201
2026-09-26T02:40:07.180Z,YGG,-2.424,36.53,0.02758,1357.414201
2026-09-26T02:40:07.180Z,BIO,1.6427,45.02,0.03263,1357.414201
2026-09-26T02:40:07.180Z,MOVE,-4.079,12.54,0.009631,1357.414201
2026-09-26T02:40:07.180Z,GALA,-10.2857,2.628,0.002158,1357.414201
2026-09-26T02:40:07.180Z,ZK,-0.9806,17.14,0.012752,1357.414201
2026-09-26T02:40:07.180Z,ENS,-0.8732,9610,7.142,1357.414201
2026-09-26T02:40:07.180Z,INJ,3.7254,11040,7.841,1357.414201
2026-09-26T02:40:07.180Z,KAITO,-0.0185,484.1,0.3567,1357.414201
2026-09-26T02:40:07.180Z,LDO,-1.5114,650,0.4862,1357.414201
2026-09-26T02:40:07.180Z,BLUR,-1.0483,28.18,0.02098,1357.414201
2026-09-26T02:40:07.180Z,AUCTION,-1.5582,5170,3.869,1357.414201
2026-09-26T02:40:07.180Z,ZETA,2.3799,74.35,0.0535,1357.414201
2026-09-26T02:40:07.180Z,WIF,-3.357,325.6,0.2482,1357.414201
2026-09-26T02:40:07.180Z,KSM,-0.6826,6370,4.725,1357.414201
2026-09-26T02:45:07.096Z,BTC,-0.0929,113882000,83974.3,1357.414201
2026-09-26T02:45:07.096Z,XRP,-0.0166,2124,1.565,1357.414201
2026-09-26T02:45:07.096Z,SOL,-0.0897,164900,121.59,1357.414201
2026-09-26T02:45:07.096Z,ETH,-0.0533,3650000,2690.37,1357.414201
2026-09-26T02:45:07.096Z,FIL,-0.2842,1410,1.0417,1357.414201
2026-09-26T02:45:07.096Z,TRX,-0.1144,457.4,0.33735,1357.414201
2026-09-26T02:45:07.096Z,BNB,-0.1769,1050000,774.9,1357.414201
2026-09-26T02:45:07.096Z,WLD,0.4321,660.1,0.4842,1357.414201
2026-09-26T02:45:07.096Z,FLOW,-0.2422,41.68,0.03078,1357.414201
2026-09-26T02:45:07.096Z,LINK,-0.3218,18990,14.035,1357.414201
2026-09-26T02:45:07.096Z,DOGE,-0.1801,133.6,0.0986,1357.414201
2026-09-26T02:45:07.096Z,SUI,0.0194,1595,1.1748,1357.414201
2026-09-26T02:45:07.096Z,XLM,0.1849,299.7,0.22038,1357.414201
2026-09-26T02:45:07.096Z,BCH,-0.0897,460700,339.7,1357.414201
2026-09-26T02:45:07.096Z,AVAX,1.0402,14840,10.82,1357.414201
2026-09-26T02:45:07.096Z,ETC,2.0409,13160,9.501,1357.414201
2026-09-26T02:45:07.096Z,AAVE,-0.2313,209100,154.4,1357.414201
2026-09-26T02:45:07.096Z,ADA,-0.2629,352,0.26,1357.414201
2026-09-26T02:45:07.096Z,HYPE,-0.1235,124900,92.127,1357.414201
2026-09-26T02:45:07.096Z,SEI,-0.1917,100.5,0.07418,1357.414201
2026-09-26T02:45:07.096Z,HBAR,0.6069,129.3,0.09468,1357.414201
2026-09-26T02:45:07.096Z,ARB,1.768,308,0.22296,1357.414201
2026-09-26T02:45:07.096Z,JTO,1.001,780.1,0.569,1357.414201
2026-09-26T02:45:07.096Z,ONDO,-0.3247,731.3,0.5405,1357.414201
2026-09-26T02:45:07.096Z,QTUM,1.6057,1433,1.039,1357.414201
2026-09-26T02:45:07.096Z,PYTH,-0.7407,99.26,0.07367,1357.414201
2026-09-26T02:45:07.096Z,APT,0.2903,1166,0.8565,1357.414201
2026-09-26T02:45:07.096Z,UNI,-3.5363,12590,9.615,1357.414201
2026-09-26T02:45:07.096Z,TIA,1.0402,672.6,0.4904,1357.414201
2026-09-26T02:45:07.096Z,ALGO,-1.3725,157.2,0.11742,1357.414201
2026-09-26T02:45:07.096Z,NEAR,-0.3207,6630,4.9,1357.414201
2026-09-26T02:45:07.096Z,ZIL,-5.0301,4.9,0.003801,1357.414201
2026-09-26T02:45:07.096Z,SUSHI,-2.9637,348,0.2642,1357.414201
2026-09-26T02:45:07.096Z,PENDLE,-0.0012,3422,2.521,1357.414201
2026-09-26T02:45:07.096Z,XTZ,-0.5195,446.7,0.3308,1357.414201
2026-09-26T02:45:07.096Z,W,-0.9916,16.45,0.01224,1357.414201
2026-09-26T02:45:07.096Z,AR,-5.6779,5855,4.573,1357.414201
2026-09-26T02:45:07.096Z,SHIB,-1.2308,0.008,0.000005967,1357.414201
2026-09-26T02:45:07.096Z,CELO,0.1934,135.8,0.09985,1357.414201
2026-09-26T02:45:07.096Z,STX,0.7153,449.1,0.3285,1357.414201
2026-09-26T02:45:07.096Z,JUP,1.2219,464,0.3377,1357.414201
2026-09-26T02:45:07.096Z,PEPE,-1.159,0.006,0.000004472,1357.414201
2026-09-26T02:45:07.096Z,DYDX,2.0477,186.2,0.13442,1357.414201
2026-09-26T02:45:07.096Z,KITE,-6.7003,175,0.13818,1357.414201
2026-09-26T02:45:07.096Z,CRV,-1.781,467.3,0.3505,1357.414201
2026-09-26T02:45:07.096Z,ENJ,1.9502,40.88,0.02954,1357.414201
2026-09-26T02:45:07.096Z,ATOM,0.1807,2460,1.809,1357.414201
2026-09-26T02:45:07.096Z,ICP,3.1839,4426,3.16,1357.414201
2026-09-26T02:45:07.096Z,SPACE,1.025,6.954,0.005071,1357.414201
2026-09-26T02:45:07.096Z,DOT,0.8567,1669,1.2191,1357.414201
2026-09-26T02:45:07.096Z,ETHFI,0.1168,972.5,0.7156,1357.414201
2026-09-26T02:45:07.096Z,CC,-1.2265,178,0.13276,1357.414201
2026-09-26T02:45:07.096Z,SYRUP,-0.7034,296.8,0.2202,1357.414201
2026-09-26T02:45:07.096Z,TAO,-4.0263,410500,315.1,1357.414201
2026-09-26T02:45:07.096Z,GRAM,-0.5691,1953,1.447,1357.414201
2026-09-26T02:45:07.096Z,RAY,5.9566,2860,1.9885,1357.414201
2026-09-26T02:45:07.096Z,RENDER,1.0368,2636,1.922,1357.414201
2026-09-26T02:45:07.096Z,GRASS,-13.3667,610.8,0.5194,1357.414201
2026-09-26T02:45:07.096Z,MINA,1.1655,192.5,0.14018,1357.414201
2026-09-26T02:45:07.096Z,POL,0.1795,160,0.11766,1357.414201
2026-09-26T02:45:07.096Z,ENA,0.4207,363,0.2663,1357.414201
2026-09-26T02:45:07.096Z,SAND,-1.2904,60.55,0.04519,1357.414201
2026-09-26T02:45:07.096Z,AERO,-0.4871,1196,0.8854,1357.414201
2026-09-26T02:45:07.096Z,KGEN,-1.8034,223,0.1673,1357.414201
2026-09-26T02:45:07.096Z,LIT,0.9942,6640,4.8435,1357.414201
2026-09-26T02:45:07.096Z,MANA,-3.2362,120,0.09136,1357.414201
2026-09-26T02:45:07.096Z,BAND,-5.8392,284.9,0.2229,1357.414201
2026-09-26T02:45:07.096Z,APE,-0.6024,208.7,0.15468,1357.414201
2026-09-26T02:45:07.096Z,GMT,0.7723,12.11,0.008853,1357.414201
2026-09-26T02:45:07.096Z,VIRTUAL,-0.0932,1062,0.7831,1357.414201
2026-09-26T02:45:07.096Z,LPT,-2.7064,2261,1.712,1357.414201
2026-09-26T02:45:07.096Z,DATA,-0.3978,308.8,0.2284,1357.414201
2026-09-26T02:45:07.096Z,THETA,-4.4732,302,0.2329,1357.414201
2026-09-26T02:45:07.096Z,GRT,2.1494,38.88,0.02804,1357.414201
2026-09-26T02:45:07.096Z,LAYER,-1.436,106.9,0.0799,1357.414201
2026-09-26T02:45:07.096Z,NMR,-1.2375,13130,9.794,1357.414201
2026-09-26T02:45:07.096Z,EIGEN,-8.4394,321.9,0.259,1357.414201
2026-09-26T02:45:07.096Z,BAT,0.8321,125.1,0.0914,1357.414201
2026-09-26T02:45:07.096Z,SPK,-6.6204,30.7,0.02422,1357.414201
2026-09-26T02:45:07.096Z,PUMP,-10.4011,5.276,0.004338,1357.414201
2026-09-26T02:45:07.096Z,KMNO,0.7494,56.96,0.04165,1357.414201
2026-09-26T02:45:07.096Z,CHZ,0.217,22.65,0.01665,1357.414201
2026-09-26T02:45:07.096Z,PENGU,0.5926,13.97,0.010231,1357.414201
2026-09-26T02:45:07.096Z,OP,1.7799,199.9,0.14469,1357.414201
2026-09-26T02:45:07.096Z,UMA,0.0401,558.8,0.4115,1357.414201
2026-09-26T02:45:07.096Z,ZRO,2.3303,2204,1.5867,1357.414201
2026-09-26T02:45:07.096Z,S,1.3679,56.03,0.04072,1357.414201
2026-09-26T02:45:07.096Z,IMX,-0.1256,216.9,0.15999,1357.414201
2026-09-26T02:45:07.096Z,A,-0.2415,138,0.10191,1357.414201
2026-09-26T02:45:07.096Z,ATH,-5.2164,8.04,0.006249,1357.414201
2026-09-26T02:45:07.096Z,COMP,6.1752,34950,24.25,1357.414201
2026-09-26T02:45:07.096Z,CVX,-4.857,2654,2.055,1357.414201
2026-09-26T02:45:07.096Z,AXS,-2.7611,1550,1.1743,1357.414201
2026-09-26T02:45:07.096Z,WCT,-0.3913,58.83,0.04351,1357.414201
2026-09-26T02:45:07.096Z,ME,0.6781,106.2,0.07771,1357.414201
2026-09-26T02:45:07.096Z,ASTER,0.9474,1004,0.7327,1357.414201
2026-09-26T02:45:07.096Z,GMX,1.1309,11210,8.166,1357.414201
2026-09-26T02:45:07.096Z,MORPHO,3.5035,3810,2.7118,1357.414201
2026-09-26T02:45:07.096Z,MON,-1.9793,35.02,0.02632,1357.414201
2026-09-26T02:45:07.096Z,1INCH,-2.1941,136.6,0.10289,1357.414201
2026-09-26T02:45:07.096Z,SKY,0.7007,105.8,0.0774,1357.414201
2026-09-26T02:45:07.096Z,YGG,-2.4594,36.53,0.02759,1357.414201
2026-09-26T02:45:07.096Z,BIO,1.705,45.02,0.03261,1357.414201
2026-09-26T02:45:07.096Z,MOVE,-4.0391,12.54,0.009627,1357.414201
2026-09-26T02:45:07.096Z,GALA,-10.2441,2.628,0.002157,1357.414201
2026-09-26T02:45:07.096Z,ZK,-0.9884,17.14,0.012753,1357.414201
2026-09-26T02:45:07.096Z,ENS,-0.9009,9610,7.144,1357.414201
2026-09-26T02:45:07.096Z,INJ,3.7651,11040,7.838,1357.414201
2026-09-26T02:45:07.096Z,KAITO,-0.1585,484.1,0.3572,1357.414201
2026-09-26T02:45:07.096Z,LDO,-1.4709,650,0.486,1357.414201
2026-09-26T02:45:07.096Z,BLUR,-1.1426,28.18,0.021,1357.414201
2026-09-26T02:45:07.096Z,AUCTION,-1.5328,5170,3.868,1357.414201
2026-09-26T02:45:07.096Z,ZETA,1.9796,74.35,0.05371,1357.414201
2026-09-26T02:45:07.096Z,WIF,-3.3181,325.6,0.2481,1357.414201
2026-09-26T02:45:07.096Z,KSM,-0.7456,6370,4.728,1357.414201
2026-09-26T02:50:07.016Z,BTC,-0.0703,113955000,84009.1,1357.414201
2026-09-26T02:50:07.016Z,XRP,-0.0375,2126,1.5668,1357.414201
2026-09-26T02:50:07.016Z,SOL,-0.1964,164900,121.72,1357.414201
2026-09-26T02:50:07.016Z,ETH,-0.1352,3648000,2691.1,1357.414201
2026-09-26T02:50:07.016Z,FIL,-0.3894,1410,1.0428,1357.414201
2026-09-26T02:50:07.016Z,TRX,-0.1144,457.4,0.33735,1357.414201
2026-09-26T02:50:07.016Z,BNB,-0.1769,1050000,774.9,1357.414201
2026-09-26T02:50:07.016Z,WLD,0.4114,660.1,0.4843,1357.414201
2026-09-26T02:50:07.016Z,FLOW,-0.4686,41.68,0.03085,1357.414201
2026-09-26T02:50:07.016Z,LINK,-0.5768,18990,14.071,1357.414201
2026-09-26T02:50:07.016Z,DOGE,-0.2408,133.6,0.09866,1357.414201
2026-09-26T02:50:07.016Z,SUI,0.0907,1596,1.1747,1357.414201
2026-09-26T02:50:07.016Z,XLM,0.0668,299.7,0.22064,1357.414201
2026-09-26T02:50:07.016Z,BCH,-0.0603,460700,339.6,1357.414201
2026-09-26T02:50:07.016Z,AVAX,0.8761,14820,10.823,1357.414201
2026-09-26T02:50:07.016Z,ETC,2.0516,13160,9.5,1357.414201
2026-09-26T02:50:07.016Z,AAVE,-0.4119,209100,154.68,1357.414201
2026-09-26T02:50:07.016Z,ADA,-0.1476,352,0.2597,1357.414201
2026-09-26T02:50:07.016Z,HYPE,0.204,125500,92.267,1357.414201
2026-09-26T02:50:07.016Z,SEI,-0.2051,100.5,0.07419,1357.414201
2026-09-26T02:50:07.016Z,HBAR,0.5326,129.3,0.09475,1357.414201
2026-09-26T02:50:07.016Z,ARB,1.6495,308,0.22322,1357.414201
2026-09-26T02:50:07.016Z,JTO,0.6825,780.1,0.5708,1357.414201
2026-09-26T02:50:07.016Z,ONDO,-0.4168,731.3,0.541,1357.414201
2026-09-26T02:50:07.016Z,QTUM,1.6742,1433,1.0383,1357.414201
2026-09-26T02:50:07.016Z,PYTH,-0.6868,99.26,0.07363,1357.414201
2026-09-26T02:50:07.016Z,APT,0.2552,1166,0.8568,1357.414201
2026-09-26T02:50:07.016Z,UNI,-3.7365,12590,9.635,1357.414201
2026-09-26T02:50:07.016Z,TIA,1.0814,672.6,0.4902,1357.414201
2026-09-26T02:50:07.016Z,ALGO,1.0395,162.8,0.1187,1357.414201
2026-09-26T02:50:07.016Z,NEAR,-0.5237,6630,4.91,1357.414201
2026-09-26T02:50:07.016Z,ZIL,-5.2047,4.9,0.003808,1357.414201
2026-09-26T02:50:07.016Z,SUSHI,-2.9637,348,0.2642,1357.414201
2026-09-26T02:50:07.016Z,PENDLE,-0.0409,3422,2.522,1357.414201
2026-09-26T02:50:07.016Z,XTZ,-0.2783,446.7,0.33,1357.414201
2026-09-26T02:50:07.016Z,W,-0.9106,16.45,0.01223,1357.414201
2026-09-26T02:50:07.016Z,AR,-5.9453,5855,4.586,1357.414201
2026-09-26T02:50:07.016Z,SHIB,-1.2804,0.008,0.00000597,1357.414201
2026-09-26T02:50:07.016Z,CELO,0.7991,135.8,0.09925,1357.414201
2026-09-26T02:50:07.016Z,STX,0.838,449.1,0.3281,1357.414201
2026-09-26T02:50:07.016Z,JUP,0.7743,464,0.3392,1357.414201
2026-09-26T02:50:07.016Z,PEPE,-1.4015,0.006,0.000004483,1357.414201
2026-09-26T02:50:07.016Z,DYDX,2.0629,186.2,0.1344,1357.414201
2026-09-26T02:50:07.016Z,KITE,-6.4837,175,0.13786,1357.414201
2026-09-26T02:50:07.016Z,CRV,-1.865,467.3,0.3508,1357.414201
2026-09-26T02:50:07.016Z,ENJ,1.9847,40.88,0.02953,1357.414201
2026-09-26T02:50:07.016Z,ATOM,0.1254,2460,1.81,1357.414201
2026-09-26T02:50:07.016Z,ICP,3.086,4426,3.163,1357.414201
2026-09-26T02:50:07.016Z,SPACE,0.9056,6.954,0.005077,1357.414201
2026-09-26T02:50:07.016Z,DOT,0.7988,1669,1.2198,1357.414201
2026-09-26T02:50:07.016Z,ETHFI,0.1028,972.5,0.7157,1357.414201
2026-09-26T02:50:07.016Z,CC,-1.7593,178,0.13348,1357.414201
2026-09-26T02:50:07.016Z,SYRUP,-0.6583,296.8,0.2201,1357.414201
2026-09-26T02:50:07.016Z,TAO,-4.1783,410500,315.6,1357.414201
2026-09-26T02:50:07.016Z,GRAM,-0.5691,1953,1.447,1357.414201
2026-09-26T02:50:07.016Z,RAY,5.9193,2860,1.9892,1357.414201
2026-09-26T02:50:07.016Z,RENDER,1.0894,2636,1.921,1357.414201
2026-09-26T02:50:07.016Z,GRASS,-12.5076,610.8,0.5143,1357.414201
2026-09-26T02:50:07.016Z,MINA,1.115,192.5,0.14025,1357.414201
2026-09-26T02:50:07.016Z,POL,-0.2698,160,0.11819,1357.414201
2026-09-26T02:50:07.016Z,ENA,0.4357,363,0.26626,1357.414201
2026-09-26T02:50:07.016Z,SAND,-1.3122,60.55,0.0452,1357.414201
2026-09-26T02:50:07.016Z,AERO,-1.323,1196,0.8929,1357.414201
2026-09-26T02:50:07.016Z,KGEN,-1.9206,223,0.1675,1357.414201
2026-09-26T02:50:07.016Z,LIT,0.8984,6640,4.8481,1357.414201
2026-09-26T02:50:07.016Z,MANA,-3.215,120,0.09134,1357.414201
2026-09-26T02:50:07.016Z,BAND,-5.8815,284.9,0.223,1357.414201
2026-09-26T02:50:07.016Z,APE,-0.6345,208.7,0.15473,1357.414201
2026-09-26T02:50:07.016Z,GMT,0.6586,12.11,0.008863,1357.414201
2026-09-26T02:50:07.016Z,VIRTUAL,-0.157,1062,0.7836,1357.414201
2026-09-26T02:50:07.016Z,LPT,-2.8199,2261,1.714,1357.414201
2026-09-26T02:50:07.016Z,DATA,-0.485,308.8,0.2286,1357.414201
2026-09-26T02:50:07.016Z,THETA,-4.5961,302,0.2332,1357.414201
2026-09-26T02:50:07.016Z,GRT,1.9313,38.88,0.0281,1357.414201
2026-09-26T02:50:07.016Z,LAYER,-1.5838,106.9,0.08002,1357.414201
2026-09-26T02:50:07.016Z,NMR,-1.3885,13130,9.809,1357.414201
2026-09-26T02:50:07.016Z,EIGEN,-8.4394,321.9,0.259,1357.414201
2026-09-26T02:50:07.016Z,BAT,0.6999,125.1,0.09152,1357.414201
2026-09-26T02:50:07.016Z,SPK,-6.8128,30.7,0.02427,1357.414201
2026-09-26T02:50:07.016Z,PUMP,-10.4217,5.276,0.004339,1357.414201
2026-09-26T02:50:07.016Z,KMNO,0.822,56.96,0.04162,1357.414201
2026-09-26T02:50:07.016Z,CHZ,0.0968,22.65,0.01667,1357.414201
2026-09-26T02:50:07.016Z,PENGU,0.4845,13.97,0.010242,1357.414201
2026-09-26T02:50:07.016Z,OP,1.9702,199.9,0.14442,1357.414201
2026-09-26T02:50:07.016Z,UMA,-0.0085,558.8,0.4117,1357.414201
2026-09-26T02:50:07.016Z,ZRO,1.7851,2204,1.5952,1357.414201
2026-09-26T02:50:07.016Z,S,1.1691,56.03,0.0408,1357.414201
2026-09-26T02:50:07.016Z,IMX,-0.244,216.9,0.16018,1357.414201
2026-09-26T02:50:07.016Z,A,-0.6315,138,0.10231,1357.414201
2026-09-26T02:50:07.016Z,ATH,-5.1709,8.04,0.006246,1357.414201
2026-09-26T02:50:07.016Z,COMP,6.044,34950,24.28,1357.414201
2026-09-26T02:50:07.016Z,CVX,-4.8107,2654,2.054,1357.414201
2026-09-26T02:50:07.016Z,AXS,-2.7362,1550,1.174,1357.414201
2026-09-26T02:50:07.016Z,WCT,-0.4142,58.83,0.04352,1357.414201
2026-09-26T02:50:07.016Z,ME,0.6781,106.2,0.07771,1357.414201
2026-09-26T02:50:07.016Z,ASTER,0.8648,1004,0.7333,1357.414201
2026-09-26T02:50:07.016Z,GMX,0.9085,11210,8.184,1357.414201
2026-09-26T02:50:07.016Z,MORPHO,3.4806,3810,2.7124,1357.414201
2026-09-26T02:50:07.016Z,MON,-2.1651,35.02,0.02637,1357.414201
2026-09-26T02:50:07.016Z,1INCH,-2.2036,136.6,0.1029,1357.414201
2026-09-26T02:50:07.016Z,SKY,0.2345,105.8,0.07776,1357.414201
2026-09-26T02:50:07.016Z,YGG,-2.3532,36.53,0.02756,1357.414201
2026-09-26T02:50:07.016Z,BIO,1.6427,45.02,0.03263,1357.414201
2026-09-26T02:50:07.016Z,MOVE,-4.2083,12.54,0.009644,1357.414201
2026-09-26T02:50:07.016Z,GALA,-10.1608,2.628,0.002155,1357.414201
2026-09-26T02:50:07.016Z,ZK,-1.4982,17.14,0.012819,1357.414201
2026-09-26T02:50:07.016Z,ENS,-0.9425,9610,7.147,1357.414201
2026-09-26T02:50:07.016Z,INJ,3.3301,11040,7.871,1357.414201
2026-09-26T02:50:07.016Z,KAITO,0.0937,484.1,0.3563,1357.414201
2026-09-26T02:50:07.016Z,LDO,-1.4506,650,0.4859,1357.414201
2026-09-26T02:50:07.016Z,BLUR,-1.1426,28.18,0.021,1357.414201
2026-09-26T02:50:07.016Z,AUCTION,-1.4818,5170,3.866,1357.414201
2026-09-26T02:50:07.016Z,ZETA,1.8658,74.35,0.05377,1357.414201
2026-09-26T02:50:07.016Z,WIF,-3.5513,325.6,0.2487,1357.414201
2026-09-26T02:50:07.016Z,KSM,-0.7666,6370,4.729,1357.414201
2026-09-26T02:55:06.783Z,BTC,-0.0446,113953000,83986,1357.414201
2026-09-26T02:55:06.783Z,XRP,0.0816,2125,1.5642,1357.414201
2026-09-26T02:55:06.783Z,SOL,-0.0568,164900,121.55,1357.414201
2026-09-26T02:55:06.783Z,ETH,-0.0713,3648000,2689.38,1357.414201
2026-09-26T02:55:06.783Z,FIL,0.1388,1410,1.0373,1357.414201
2026-09-26T02:55:06.783Z,TRX,-0.0847,457.4,0.33725,1357.414201
2026-09-26T02:55:06.783Z,BNB,-0.1382,1050000,774.6,1357.414201
2026-09-26T02:55:06.783Z,WLD,-0.3528,654.4,0.4838,1357.414201
2026-09-26T02:55:06.783Z,FLOW,-0.1449,41.68,0.03075,1357.414201
2026-09-26T02:55:06.783Z,LINK,0.1404,19040,14.007,1357.414201
2026-09-26T02:55:06.783Z,DOGE,0.0025,133.6,0.09842,1357.414201
2026-09-26T02:55:06.783Z,SUI,-0.1658,1585,1.1696,1357.414201
2026-09-26T02:55:06.783Z,XLM,0.4675,299.7,0.21976,1357.414201
2026-09-26T02:55:06.783Z,BCH,0.2053,460700,338.7,1357.414201
2026-09-26T02:55:06.783Z,AVAX,1.2597,14820,10.782,1357.414201
2026-09-26T02:55:06.783Z,ETC,2.3101,13160,9.476,1357.414201
2026-09-26T02:55:06.783Z,AAVE,-0.1278,209100,154.24,1357.414201
2026-09-26T02:55:06.783Z,ADA,0.1018,352.2,0.2592,1357.414201
2026-09-26T02:55:06.783Z,HYPE,0.1224,125300,92.195,1357.414201
2026-09-26T02:55:06.783Z,SEI,-0.1041,100.1,0.07382,1357.414201
2026-09-26T02:55:06.783Z,HBAR,-0.0166,128.2,0.09446,1357.414201
2026-09-26T02:55:06.783Z,ARB,1.9372,308,0.22259,1357.414201
2026-09-26T02:55:06.783Z,JTO,0.9478,780.1,0.5693,1357.414201
2026-09-26T02:55:06.783Z,ONDO,-0.177,731.3,0.5397,1357.414201
2026-09-26T02:55:06.783Z,QTUM,2.0773,1433,1.0342,1357.414201
2026-09-26T02:55:06.783Z,PYTH,-0.2805,99.26,0.07333,1357.414201
2026-09-26T02:55:06.783Z,APT,0.4897,1166,0.8548,1357.414201
2026-09-26T02:55:06.783Z,UNI,-3.2747,12590,9.589,1357.414201
2026-09-26T02:55:06.783Z,TIA,1.5579,672.6,0.4879,1357.414201
2026-09-26T02:55:06.783Z,ALGO,-0.3138,160.2,0.11839,1357.414201
2026-09-26T02:55:06.783Z,NEAR,0.1084,6630,4.879,1357.414201
2026-09-26T02:55:06.783Z,ZIL,-4.7545,4.9,0.00379,1357.414201
2026-09-26T02:55:06.783Z,SUSHI,-2.521,348,0.263,1357.414201
2026-09-26T02:55:06.783Z,PENDLE,0.1577,3422,2.517,1357.414201
2026-09-26T02:55:06.783Z,XTZ,0.0552,446.7,0.3289,1357.414201
2026-09-26T02:55:06.783Z,W,-0.7483,16.45,0.01221,1357.414201
2026-09-26T02:55:06.783Z,AR,-5.5126,5855,4.565,1357.414201
2026-09-26T02:55:06.783Z,SHIB,-1.1148,0.008,0.00000596,1357.414201
2026-09-26T02:55:06.783Z,CELO,1.0231,135.8,0.09903,1357.414201
2026-09-26T02:55:06.783Z,STX,0.0478,443,0.3262,1357.414201
2026-09-26T02:55:06.783Z,JUP,1.162,464,0.3379,1357.414201
2026-09-26T02:55:06.783Z,PEPE,-0.9819,0.006,0.000004464,1357.414201
2026-09-26T02:55:06.783Z,DYDX,2.4976,186.2,0.13383,1357.414201
2026-09-26T02:55:06.783Z,KITE,1.3423,189.7,0.1379,1357.414201
2026-09-26T02:55:06.783Z,CRV,-1.6688,467.3,0.3501,1357.414201
2026-09-26T02:55:06.783Z,ENJ,2.366,40.88,0.02942,1357.414201
2026-09-26T02:55:06.783Z,ATOM,0.4027,2460,1.805,1357.414201
2026-09-26T02:55:06.783Z,ICP,3.5772,4426,3.148,1357.414201
2026-09-26T02:55:06.783Z,SPACE,1.2446,6.954,0.00506,1357.414201
2026-09-26T02:55:06.783Z,DOT,0.2599,1653,1.2146,1357.414201
2026-09-26T02:55:06.783Z,ETHFI,0.3552,972.5,0.7139,1357.414201
2026-09-26T02:55:06.783Z,CC,-1.7446,178,0.13346,1357.414201
2026-09-26T02:55:06.783Z,SYRUP,-0.568,296.8,0.2199,1357.414201
2026-09-26T02:55:06.783Z,TAO,-3.8432,410500,314.5,1357.414201
2026-09-26T02:55:06.783Z,GRAM,-0.5691,1953,1.447,1357.414201
2026-09-26T02:55:06.783Z,RAY,5.8661,2860,1.9902,1357.414201
2026-09-26T02:55:06.783Z,RENDER,1.4591,2636,1.914,1357.414201
2026-09-26T02:55:06.783Z,GRASS,-12.4395,610.8,0.5139,1357.414201
2026-09-26T02:55:06.783Z,MINA,1.31,192.5,0.13998,1357.414201
2026-09-26T02:55:06.783Z,POL,-0.016,160,0.11789,1357.414201
2026-09-26T02:55:06.783Z,ENA,0.6436,363,0.26571,1357.414201
2026-09-26T02:55:06.783Z,SAND,-0.8736,60.55,0.045,1357.414201
2026-09-26T02:55:06.783Z,AERO,-1.334,1196,0.893,1357.414201
2026-09-26T02:55:06.783Z,KGEN,-1.9206,223,0.1675,1357.414201
2026-09-26T02:55:06.783Z,LIT,0.7736,6640,4.8541,1357.414201
2026-09-26T02:55:06.783Z,MANA,-2.7893,120,0.09094,1357.414201
2026-09-26T02:55:06.783Z,BAND,-5.6275,284.9,0.2224,1357.414201
2026-09-26T02:55:06.783Z,APE,-0.4286,208.7,0.15441,1357.414201
2026-09-26T02:55:06.783Z,GMT,1.0119,12.11,0.008832,1357.414201
2026-09-26T02:55:06.783Z,VIRTUAL,0.1626,1062,0.7811,1357.414201
2026-09-26T02:55:06.783Z,LPT,-2.4214,2261,1.707,1357.414201
2026-09-26T02:55:06.783Z,DATA,0.0842,308.8,0.2273,1357.414201
2026-09-26T02:55:06.783Z,THETA,-4.144,302,0.2321,1357.414201
2026-09-26T02:55:06.783Z,GRT,2.4051,38.88,0.02797,1357.414201
2026-09-26T02:55:06.783Z,LAYER,-1.139,106.9,0.07966,1357.414201
2026-09-26T02:55:06.783Z,NMR,-1.0151,13130,9.772,1357.414201
2026-09-26T02:55:06.783Z,EIGEN,-8.0845,321.9,0.258,1357.414201
2026-09-26T02:55:06.783Z,BAT,1.0754,125.1,0.09118,1357.414201
2026-09-26T02:55:06.783Z,SPK,-6.6204,30.7,0.02422,1357.414201
2026-09-26T02:55:06.783Z,PUMP,-10.3391,5.276,0.004335,1357.414201
2026-09-26T02:55:06.783Z,KMNO,-1.9036,55.5,0.04168,1357.414201
2026-09-26T02:55:06.783Z,CHZ,0.3979,22.65,0.01662,1357.414201
2026-09-26T02:55:06.783Z,PENGU,0.7896,13.97,0.010211,1357.414201
2026-09-26T02:55:06.783Z,OP,2.1753,199.9,0.14413,1357.414201
2026-09-26T02:55:06.783Z,UMA,0.235,558.8,0.4107,1357.414201
2026-09-26T02:55:06.783Z,ZRO,3.0905,2204,1.575,1357.414201
2026-09-26T02:55:06.783Z,S,1.4676,56.03,0.04068,1357.414201
2026-09-26T02:55:06.783Z,IMX,0.1938,216.9,0.15948,1357.414201
2026-09-26T02:55:06.783Z,A,-0.3881,138,0.10206,1357.414201
2026-09-26T02:55:06.783Z,ATH,-4.8968,8.04,0.006228,1357.414201
2026-09-26T02:55:06.783Z,COMP,6.3067,34950,24.22,1357.414201
2026-09-26T02:55:06.783Z,CVX,-4.7643,2654,2.053,1357.414201
2026-09-26T02:55:06.783Z,AXS,-2.4704,1550,1.1708,1357.414201
2026-09-26T02:55:06.783Z,WCT,-0.1158,58.83,0.04339,1357.414201
2026-09-26T02:55:06.783Z,ME,0.9249,106.2,0.07752,1357.414201
2026-09-26T02:55:06.783Z,ASTER,1.0715,1004,0.7318,1357.414201
2026-09-26T02:55:06.783Z,GMX,1.0814,11210,8.17,1357.414201
2026-09-26T02:55:06.783Z,MORPHO,3.7829,3810,2.7045,1357.414201
2026-09-26T02:55:06.783Z,MON,-1.7553,35.02,0.02626,1357.414201
2026-09-26T02:55:06.783Z,1INCH,-2.0513,136.6,0.10274,1357.414201
2026-09-26T02:55:06.783Z,SKY,0.4541,105.8,0.07759,1357.414201
2026-09-26T02:55:06.783Z,YGG,-2.1045,36.53,0.02749,1357.414201
2026-09-26T02:55:06.783Z,BIO,1.8612,45.02,0.03256,1357.414201
2026-09-26T02:55:06.783Z,MOVE,-3.8694,12.54,0.00961,1357.414201
2026-09-26T02:55:06.783Z,GALA,-9.8261,2.628,0.002147,1357.414201
2026-09-26T02:55:06.783Z,ZK,-1.2517,17.14,0.012787,1357.414201
2026-09-26T02:55:06.783Z,ENS,-0.6088,9610,7.123,1357.414201
2026-09-26T02:55:06.783Z,INJ,3.7784,11040,7.837,1357.414201
2026-09-26T02:55:06.783Z,KAITO,0.2626,484.1,0.3557,1357.414201
2026-09-26T02:55:06.783Z,LDO,-1.2881,650,0.4851,1357.414201
2026-09-26T02:55:06.783Z,BLUR,-0.7171,28.18,0.02091,1357.414201
2026-09-26T02:55:06.783Z,AUCTION,-1.021,5170,3.848,1357.414201
2026-09-26T02:55:06.783Z,ZETA,1.9227,74.35,0.05374,1357.414201
2026-09-26T02:55:06.783Z,WIF,-3.162,325.6,0.2477,1357.414201
2026-09-26T02:55:06.783Z,KSM,-0.5142,6370,4.717,1357.414201
2026-09-26T03:00:07.007Z,BTC,-0.0256,113953000,83970.1,1357.414201
2026-09-26T03:00:07.007Z,XRP,-0.0277,2122,1.5637,1357.414201
2026-09-26T03:00:07.007Z,SOL,-0.0074,164900,121.49,1357.414201
2026-09-26T03:00:07.007Z,ETH,-0.0631,3648000,2689.16,1357.414201
2026-09-26T03:00:07.007Z,FIL,0.2064,1410,1.0366,1357.414201
2026-09-26T03:00:07.007Z,TRX,-0.0847,457.4,0.33725,1357.414201
2026-09-26T03:00:07.007Z,BNB,-0.1511,1050000,774.7,1357.414201
2026-09-26T03:00:07.007Z,WLD,-0.1319,656.8,0.4845,1357.414201
2026-09-26T03:00:07.007Z,FLOW,-0.3394,41.68,0.03081,1357.414201
2026-09-26T03:00:07.007Z,LINK,0.2191,19040,13.996,1357.414201
2026-09-26T03:00:07.007Z,DOGE,0.0533,133.6,0.09837,1357.414201
2026-09-26T03:00:07.007Z,SUI,0.0753,1591,1.1712,1357.414201
2026-09-26T03:00:07.007Z,XLM,0.4492,299.7,0.2198,1357.414201
2026-09-26T03:00:07.007Z,BCH,0.1166,460700,339,1357.414201
2026-09-26T03:00:07.007Z,AVAX,1.2221,14820,10.786,1357.414201
2026-09-26T03:00:07.007Z,ETC,2.3425,13160,9.473,1357.414201
2026-09-26T03:00:07.007Z,AAVE,-0.1796,209100,154.32,1357.414201
2026-09-26T03:00:07.007Z,ADA,0.0777,351.3,0.2586,1357.414201
2026-09-26T03:00:07.007Z,HYPE,0.1333,125300,92.185,1357.414201
2026-09-26T03:00:07.007Z,SEI,0.0857,100.1,0.07368,1357.414201
2026-09-26T03:00:07.007Z,HBAR,-0.059,128.2,0.0945,1357.414201
2026-09-26T03:00:07.007Z,ARB,1.9372,308,0.22259,1357.414201
2026-09-26T03:00:07.007Z,JTO,0.9123,780.1,0.5695,1357.414201
2026-09-26T03:00:07.007Z,ONDO,-0.1633,731.4,0.5397,1357.414201
2026-09-26T03:00:07.007Z,QTUM,2.0872,1433,1.0341,1357.414201
2026-09-26T03:00:07.007Z,PYTH,-0.7946,99.26,0.07371,1357.414201
2026-09-26T03:00:07.007Z,APT,0.431,1166,0.8553,1357.414201
2026-09-26T03:00:07.007Z,UNI,-3.2545,12590,9.587,1357.414201
2026-09-26T03:00:07.007Z,TIA,1.4539,672.6,0.4884,1357.414201
2026-09-26T03:00:07.007Z,ALGO,-0.2042,160.2,0.11826,1357.414201
2026-09-26T03:00:07.007Z,NEAR,0.1084,6630,4.879,1357.414201
2026-09-26T03:00:07.007Z,ZIL,-4.8549,4.9,0.003794,1357.414201
2026-09-26T03:00:07.007Z,SUSHI,-2.8166,348,0.2638,1357.414201
2026-09-26T03:00:07.007Z,PENDLE,0.1577,3422,2.517,1357.414201
2026-09-26T03:00:07.007Z,XTZ,0.0856,446.7,0.3288,1357.414201
2026-09-26T03:00:07.007Z,W,-0.8377,16.45,0.012221,1357.414201
2026-09-26T03:00:07.007Z,AR,-5.6367,5855,4.571,1357.414201
2026-09-26T03:00:07.007Z,SHIB,-1.0816,0.008,0.000005958,1357.414201
2026-09-26T03:00:07.007Z,CELO,1.1048,135.8,0.09895,1357.414201
2026-09-26T03:00:07.007Z,STX,0.0478,443,0.3262,1357.414201
2026-09-26T03:00:07.007Z,JUP,1.162,464,0.3379,1357.414201
2026-09-26T03:00:07.007Z,PEPE,-0.9375,0.006,0.000004462,1357.414201
2026-09-26T03:00:07.007Z,DYDX,2.4058,186.2,0.13395,1357.414201
2026-09-26T03:00:07.007Z,KITE,1.1223,189.7,0.1382,1357.414201
2026-09-26T03:00:07.007Z,CRV,-1.725,467.3,0.3503,1357.414201
2026-09-26T03:00:07.007Z,ENJ,2.4008,40.88,0.02941,1357.414201
2026-09-26T03:00:07.007Z,ATOM,0.4027,2460,1.805,1357.414201
2026-09-26T03:00:07.007Z,ICP,3.6431,4426,3.146,1357.414201
2026-09-26T03:00:07.007Z,SPACE,1.1646,6.954,0.005064,1357.414201
2026-09-26T03:00:07.007Z,DOT,0.1856,1653,1.2155,1357.414201
2026-09-26T03:00:07.007Z,ETHFI,0.3411,972.5,0.714,1357.414201
2026-09-26T03:00:07.007Z,CC,-2.1478,178,0.13401,1357.414201
2026-09-26T03:00:07.007Z,SYRUP,-0.568,296.8,0.2199,1357.414201
2026-09-26T03:00:07.007Z,TAO,-3.8737,410500,314.6,1357.414201
2026-09-26T03:00:07.007Z,GRAM,0.5833,1977,1.448,1357.414201
2026-09-26T03:00:07.007Z,RAY,5.8395,2860,1.9907,1357.414201
2026-09-26T03:00:07.007Z,RENDER,1.1948,2636,1.919,1357.414201
2026-09-26T03:00:07.007Z,GRASS,-10.6842,610.8,0.5038,1357.414201
2026-09-26T03:00:07.007Z,MINA,1.0069,192.5,0.1404,1357.414201
2026-09-26T03:00:07.007Z,POL,-0.0838,160,0.11797,1357.414201
2026-09-26T03:00:07.007Z,ENA,0.5679,363,0.26591,1357.414201
2026-09-26T03:00:07.007Z,SAND,-0.9397,60.55,0.04503,1357.414201
2026-09-26T03:00:07.007Z,AERO,-1.7083,1196,0.8964,1357.414201
2026-09-26T03:00:07.007Z,KGEN,-1.9792,223,0.1676,1357.414201
2026-09-26T03:00:07.007Z,LIT,0.5665,6640,4.8641,1357.414201
2026-09-26T03:00:07.007Z,MANA,-2.8854,120,0.09103,1357.414201
2026-09-26T03:00:07.007Z,BAND,-5.6275,284.9,0.2224,1357.414201
2026-09-26T03:00:07.007Z,APE,-0.4221,208.7,0.1544,1357.414201
2026-09-26T03:00:07.007Z,GMT,1.1953,12.11,0.008816,1357.414201
2026-09-26T03:00:07.007Z,VIRTUAL,0.2011,1062,0.7808,1357.414201
2026-09-26T03:00:07.007Z,LPT,-2.5926,2261,1.71,1357.414201
2026-09-26T03:00:07.007Z,DATA,0.2165,308.8,0.227,1357.414201
2026-09-26T03:00:07.007Z,THETA,-4.1027,302,0.232,1357.414201
2026-09-26T03:00:07.007Z,GRT,2.2953,38.88,0.028,1357.414201
2026-09-26T03:00:07.007Z,LAYER,-1.3742,106.9,0.07985,1357.414201
2026-09-26T03:00:07.007Z,NMR,-1.0354,13130,9.774,1357.414201
2026-09-26T03:00:07.007Z,EIGEN,-8.2623,321.9,0.2585,1357.414201
2026-09-26T03:00:07.007Z,BAT,1.02,125.1,0.09123,1357.414201
2026-09-26T03:00:07.007Z,SPK,-6.7744,30.7,0.02426,1357.414201
2026-09-26T03:00:07.007Z,PUMP,-10.0486,5.276,0.004321,1357.414201
2026-09-26T03:00:07.007Z,KMNO,-2.3021,55.5,0.04185,1357.414201
2026-09-26T03:00:07.007Z,CHZ,0.3376,22.65,0.01663,1357.414201
2026-09-26T03:00:07.007Z,PENGU,0.6713,13.97,0.010223,1357.414201
2026-09-26T03:00:07.007Z,OP,2.3315,199.9,0.14391,1357.414201
2026-09-26T03:00:07.007Z,UMA,0.1375,558.8,0.4111,1357.414201
2026-09-26T03:00:07.007Z,ZRO,3.1625,2204,1.5739,1357.414201
2026-09-26T03:00:07.007Z,S,1.4426,56.03,0.04069,1357.414201
2026-09-26T03:00:07.007Z,IMX,-0.2004,216.9,0.16011,1357.414201
2026-09-26T03:00:07.007Z,A,-0.2709,138,0.10194,1357.414201
2026-09-26T03:00:07.007Z,ATH,-4.8051,8.04,0.006222,1357.414201
2026-09-26T03:00:07.007Z,COMP,6.3506,34950,24.21,1357.414201
2026-09-26T03:00:07.007Z,CVX,-4.8107,2654,2.054,1357.414201
2026-09-26T03:00:07.007Z,AXS,-2.7362,1550,1.174,1357.414201
2026-09-26T03:00:07.007Z,WCT,-1.1411,58.83,0.04384,1357.414201
2026-09-26T03:00:07.007Z,ME,0.977,106.2,0.07748,1357.414201
2026-09-26T03:00:07.007Z,ASTER,1.0163,1004,0.7322,1357.414201
2026-09-26T03:00:07.007Z,GMX,1.0319,11210,8.174,1357.414201
2026-09-26T03:00:07.007Z,MORPHO,3.3967,3810,2.7146,1357.414201
2026-09-26T03:00:07.007Z,MON,-1.8301,35.02,0.02628,1357.414201
2026-09-26T03:00:07.007Z,1INCH,-2.0894,136.6,0.10278,1357.414201
2026-09-26T03:00:07.007Z,SKY,0.3377,105.8,0.07768,1357.414201
2026-09-26T03:00:07.007Z,YGG,-2.2468,36.53,0.02753,1357.414201
2026-09-26T03:00:07.007Z,BIO,1.6427,45.02,0.03263,1357.414201
2026-09-26T03:00:07.007Z,MOVE,-3.8694,12.54,0.00961,1357.414201
2026-09-26T03:00:07.007Z,GALA,-9.9938,2.628,0.002151,1357.414201
2026-09-26T03:00:07.007Z,ZK,-1.3751,17.14,0.012803,1357.414201
2026-09-26T03:00:07.007Z,ENS,-0.6506,9610,7.126,1357.414201
2026-09-26T03:00:07.007Z,INJ,3.9641,11040,7.823,1357.414201
2026-09-26T03:00:07.007Z,KAITO,-0.1305,484.1,0.3571,1357.414201
2026-09-26T03:00:07.007Z,LDO,-1.5923,650,0.4866,1357.414201
2026-09-26T03:00:07.007Z,BLUR,-0.7645,28.18,0.02092,1357.414201
2026-09-26T03:00:07.007Z,AUCTION,-1.2263,5170,3.856,1357.414201
2026-09-26T03:00:07.007Z,ZETA,1.809,74.35,0.0538,1357.414201
2026-09-26T03:00:07.007Z,WIF,-3.2401,325.6,0.2479,1357.414201
2026-09-26T03:00:07.007Z,KSM,-0.6195,6370,4.722,1357.414201
2026-09-26T03:05:07.010Z,BTC,-0.0746,113878000,83956,1357.414201
2026-09-26T03:05:07.010Z,XRP,-0.0604,2119,1.562,1357.414201
2026-09-26T03:05:07.010Z,SOL,-0.1123,164700,121.47,1357.414201
2026-09-26T03:05:07.010Z,ETH,-0.0456,3648000,2688.69,1357.414201
2026-09-26T03:05:07.010Z,FIL,0.2741,1410,1.0359,1357.414201
2026-09-26T03:05:07.010Z,TRX,-0.0847,457.4,0.33725,1357.414201
2026-09-26T03:05:07.010Z,BNB,-0.1511,1050000,774.7,1357.414201
2026-09-26T03:05:07.010Z,WLD,-0.2724,657.5,0.4857,1357.414201
2026-09-26T03:05:07.010Z,FLOW,-0.404,41.68,0.03083,1357.414201
2026-09-26T03:05:07.010Z,LINK,0.0723,18970,13.965,1357.414201
2026-09-26T03:05:07.010Z,DOGE,-0.0889,133.6,0.09851,1357.414201
2026-09-26T03:05:07.010Z,SUI,-0.0186,1591,1.1723,1357.414201
2026-09-26T03:05:07.010Z,XLM,0.3762,299.7,0.21996,1357.414201
2026-09-26T03:05:07.010Z,BCH,0.0281,460700,339.3,1357.414201
2026-09-26T03:05:07.010Z,AVAX,1.4384,14820,10.763,1357.414201
2026-09-26T03:05:07.010Z,ETC,2.3641,13160,9.471,1357.414201
2026-09-26T03:05:07.010Z,AAVE,-0.1343,209100,154.25,1357.414201
2026-09-26T03:05:07.010Z,ADA,-0.0648,350.8,0.2586,1357.414201
2026-09-26T03:05:07.010Z,HYPE,0.1735,125300,92.148,1357.414201
2026-09-26T03:05:07.010Z,SEI,-0.07,99.89,0.07364,1357.414201
2026-09-26T03:05:07.010Z,HBAR,-0.1224,128.2,0.09456,1357.414201
2026-09-26T03:05:07.010Z,ARB,1.9006,308,0.22267,1357.414201
2026-09-26T03:05:07.010Z,JTO,0.1735,780.1,0.5737,1357.414201
2026-09-26T03:05:07.010Z,ONDO,-0.2373,731.4,0.5401,1357.414201
2026-09-26T03:05:07.010Z,QTUM,2.1366,1433,1.0336,1357.414201
2026-09-26T03:05:07.010Z,PYTH,-0.9692,99.26,0.07384,1357.414201
2026-09-26T03:05:07.010Z,APT,0.4662,1166,0.855,1357.414201
2026-09-26T03:05:07.010Z,UNI,-3.4057,12590,9.602,1357.414201
2026-09-26T03:05:07.010Z,TIA,1.5163,672.6,0.4881,1357.414201
2026-09-26T03:05:07.010Z,ALGO,0.2877,160.2,0.11768,1357.414201
2026-09-26T03:05:07.010Z,NEAR,-0.1781,6630,4.893,1357.414201
2026-09-26T03:05:07.010Z,ZIL,-4.8549,4.9,0.003794,1357.414201
2026-09-26T03:05:07.010Z,SUSHI,-2.6321,348,0.2633,1357.414201
2026-09-26T03:05:07.010Z,PENDLE,0.1577,3422,2.517,1357.414201
2026-09-26T03:05:07.010Z,XTZ,0.2686,446.7,0.3282,1357.414201
2026-09-26T03:05:07.010Z,W,-1.0482,16.45,0.012247,1357.414201
2026-09-26T03:05:07.010Z,AR,-5.6986,5855,4.574,1357.414201
2026-09-26T03:05:07.010Z,SHIB,-1.0484,0.008,0.000005956,1357.414201
2026-09-26T03:05:07.010Z,CELO,1.4019,135.8,0.09866,1357.414201
2026-09-26T03:05:07.010Z,STX,-0.0748,443,0.3266,1357.414201
2026-09-26T03:05:07.010Z,JUP,1.2219,464,0.3377,1357.414201
2026-09-26T03:05:07.010Z,PEPE,-1.0041,0.006,0.000004465,1357.414201
2026-09-26T03:05:07.010Z,DYDX,2.3676,186.2,0.134,1357.414201
2026-09-26T03:05:07.010Z,KITE,0.3022,189.7,0.13933,1357.414201
2026-09-26T03:05:07.010Z,CRV,-2.0605,467.3,0.3515,1357.414201
2026-09-26T03:05:07.010Z,ENJ,2.366,40.88,0.02942,1357.414201
2026-09-26T03:05:07.010Z,ATOM,0.4027,2460,1.805,1357.414201
2026-09-26T03:05:07.010Z,ICP,3.6101,4426,3.147,1357.414201
2026-09-26T03:05:07.010Z,SPACE,1.1047,6.954,0.005067,1357.414201
2026-09-26T03:05:07.010Z,DOT,0.1527,1653,1.2159,1357.414201
2026-09-26T03:05:07.010Z,ETHFI,0.496,972.5,0.7129,1357.414201
2026-09-26T03:05:07.010Z,CC,-1.8255,178,0.13357,1357.414201
2026-09-26T03:05:07.010Z,SYRUP,-0.6132,296.8,0.22,1357.414201
2026-09-26T03:05:07.010Z,TAO,-3.4441,410500,313.2,1357.414201
2026-09-26T03:05:07.010Z,GRAM,0.5833,1977,1.448,1357.414201
2026-09-26T03:05:07.010Z,RAY,5.5955,2860,1.9953,1357.414201
2026-09-26T03:05:07.010Z,RENDER,1.1421,2636,1.92,1357.414201
2026-09-26T03:05:07.010Z,GRASS,-9.9333,610.8,0.4996,1357.414201
2026-09-26T03:05:07.010Z,MINA,1.151,192.5,0.1402,1357.414201
2026-09-26T03:05:07.010Z,POL,-0.413,160,0.11836,1357.414201
2026-09-26T03:05:07.010Z,ENA,0.3152,363,0.26658,1357.414201
2026-09-26T03:05:07.010Z,SAND,-0.9397,60.55,0.04503,1357.414201
2026-09-26T03:05:07.010Z,AERO,-1.7412,1196,0.8967,1357.414201
2026-09-26T03:05:07.010Z,KGEN,-1.9792,223,0.1676,1357.414201
2026-09-26T03:05:07.010Z,LIT,1.0359,6640,4.8415,1357.414201
2026-09-26T03:05:07.010Z,MANA,-3.1408,120,0.09127,1357.414201
2026-09-26T03:05:07.010Z,BAND,-5.6275,284.9,0.2224,1357.414201
2026-09-26T03:05:07.010Z,APE,-0.4286,208.7,0.15441,1357.414201
2026-09-26T03:05:07.010Z,GMT,1.2642,12.11,0.00881,1357.414201
2026-09-26T03:05:07.010Z,VIRTUAL,0.1882,1062,0.7809,1357.414201
2026-09-26T03:05:07.010Z,LPT,-2.5356,2261,1.709,1357.414201
2026-09-26T03:05:07.010Z,DATA,0.2165,308.8,0.227,1357.414201
2026-09-26T03:05:07.010Z,THETA,-4.3911,302,0.2327,1357.414201
2026-09-26T03:05:07.010Z,GRT,2.2588,38.88,0.02801,1357.414201
2026-09-26T03:05:07.010Z,LAYER,-1.3001,106.9,0.07979,1357.414201
2026-09-26T03:05:07.010Z,NMR,-1.005,13130,9.771,1357.414201
2026-09-26T03:05:07.010Z,EIGEN,-8.2268,321.9,0.2584,1357.414201
2026-09-26T03:05:07.010Z,BAT,0.9868,125.1,0.09126,1357.414201
2026-09-26T03:05:07.010Z,SPK,-5.9995,30.7,0.02406,1357.414201
2026-09-26T03:05:07.010Z,PUMP,-9.8817,5.276,0.004313,1357.414201
2026-09-26T03:05:07.010Z,KMNO,-2.4653,55.5,0.04192,1357.414201
2026-09-26T03:05:07.010Z,CHZ,0.3979,22.65,0.01662,1357.414201
2026-09-26T03:05:07.010Z,PENGU,0.5238,13.97,0.010238,1357.414201
2026-09-26T03:05:07.010Z,OP,2.5667,199.9,0.14358,1357.414201
2026-09-26T03:05:07.010Z,UMA,0.1862,558.8,0.4109,1357.414201
2026-09-26T03:05:07.010Z,ZRO,3.1429,2204,1.5742,1357.414201
2026-09-26T03:05:07.010Z,S,1.4177,56.03,0.0407,1357.414201
2026-09-26T03:05:07.010Z,IMX,-0.1942,216.9,0.1601,1357.414201
2026-09-26T03:05:07.010Z,A,-0.4369,138,0.10211,1357.414201
2026-09-26T03:05:07.010Z,ATH,-4.7439,8.04,0.006218,1357.414201
2026-09-26T03:05:07.010Z,COMP,6.219,34950,24.24,1357.414201
2026-09-26T03:05:07.010Z,CVX,-4.9957,2654,2.058,1357.414201
2026-09-26T03:05:07.010Z,AXS,-2.7031,1550,1.1736,1357.414201
2026-09-26T03:05:07.010Z,WCT,-0.8244,58.83,0.0437,1357.414201
2026-09-26T03:05:07.010Z,ME,0.951,106.2,0.0775,1357.414201
2026-09-26T03:05:07.010Z,ASTER,1.0577,1004,0.7319,1357.414201
2026-09-26T03:05:07.010Z,GMX,1.0566,11210,8.172,1357.414201
2026-09-26T03:05:07.010Z,MORPHO,3.4043,3810,2.7144,1357.414201
2026-09-26T03:05:07.010Z,MON,-1.7553,35.02,0.02626,1357.414201
2026-09-26T03:05:07.010Z,1INCH,-2.137,136.6,0.10283,1357.414201
2026-09-26T03:05:07.010Z,SKY,0.2731,105.8,0.07773,1357.414201
2026-09-26T03:05:07.010Z,YGG,-2.0333,36.53,0.02747,1357.414201
2026-09-26T03:05:07.010Z,BIO,1.9865,45.02,0.03252,1357.414201
2026-09-26T03:05:07.010Z,MOVE,-3.7692,12.54,0.0096,1357.414201
2026-09-26T03:05:07.010Z,GALA,-9.7841,2.628,0.002146,1357.414201
2026-09-26T03:05:07.010Z,ZK,-1.3134,17.14,0.012795,1357.414201
2026-09-26T03:05:07.010Z,ENS,-0.6646,9610,7.127,1357.414201
2026-09-26T03:05:07.010Z,INJ,3.7651,11040,7.838,1357.414201
2026-09-26T03:05:07.010Z,KAITO,-0.0465,484.1,0.3568,1357.414201
2026-09-26T03:05:07.010Z,LDO,-1.5114,650,0.4862,1357.414201
2026-09-26T03:05:07.010Z,BLUR,-0.7645,28.18,0.02092,1357.414201
2026-09-26T03:05:07.010Z,AUCTION,-1.252,5170,3.857,1357.414201
2026-09-26T03:05:07.010Z,ZETA,1.5825,74.35,0.05392,1357.414201
2026-09-26T03:05:07.010Z,WIF,-3.4737,325.6,0.2485,1357.414201
2026-09-26T03:05:07.010Z,KSM,-0.9342,6370,4.737,1357.414201
2026-09-26T03:10:06.964Z,BTC,-0.009,113947000,83951.7,1357.414201
2026-09-26T03:10:06.964Z,XRP,-0.0948,2118,1.5618,1357.414201
2026-09-26T03:10:06.964Z,SOL,-0.0577,164600,121.33,1357.414201
2026-09-26T03:10:06.964Z,ETH,0.0186,3649000,2687.7,1357.414201
2026-09-26T03:10:06.964Z,FIL,0.3807,1410,1.0348,1357.414201
2026-09-26T03:10:06.964Z,TRX,-0.0729,457.4,0.33721,1357.414201
2026-09-26T03:10:06.964Z,BNB,-0.164,1050000,774.8,1357.414201
2026-09-26T03:10:06.964Z,WLD,0.1454,657.4,0.4836,1357.414201
2026-09-26T03:10:06.964Z,FLOW,-0.307,41.68,0.0308,1357.414201
2026-09-26T03:10:06.964Z,LINK,0.1369,18970,13.956,1357.414201
2026-09-26T03:10:06.964Z,DOGE,-0.0077,133.6,0.09843,1357.414201
2026-09-26T03:10:06.964Z,SUI,0.1437,1591,1.1704,1357.414201
2026-09-26T03:10:06.964Z,XLM,0.4173,299.7,0.21987,1357.414201
2026-09-26T03:10:06.964Z,BCH,0.2053,460700,338.7,1357.414201
2026-09-26T03:10:06.964Z,AVAX,1.5516,14820,10.751,1357.414201
2026-09-26T03:10:06.964Z,ETC,2.5156,13160,9.457,1357.414201
2026-09-26T03:10:06.964Z,AAVE,0.1189,209100,153.86,1357.414201
2026-09-26T03:10:06.964Z,ADA,-0.0261,350.8,0.2585,1357.414201
2026-09-26T03:10:06.964Z,HYPE,0.2344,125300,92.092,1357.414201
2026-09-26T03:10:06.964Z,SEI,-0.07,99.89,0.07364,1357.414201
2026-09-26T03:10:06.964Z,HBAR,-0.1118,128.2,0.09455,1357.414201
2026-09-26T03:10:06.964Z,ARB,0.3875,302.5,0.22199,1357.414201
2026-09-26T03:10:06.964Z,JTO,0.8592,780.1,0.5698,1357.414201
2026-09-26T03:10:06.964Z,ONDO,-0.1263,731.4,0.5395,1357.414201
2026-09-26T03:10:06.964Z,QTUM,-0.0547,1399,1.0312,1357.414201
2026-09-26T03:10:06.964Z,PYTH,-0.484,99.26,0.07348,1357.414201
2026-09-26T03:10:06.964Z,APT,0.7608,1166,0.8525,1357.414201
2026-09-26T03:10:06.964Z,UNI,-2.9,12590,9.552,1357.414201
2026-09-26T03:10:06.964Z,TIA,1.7038,672.6,0.4872,1357.414201
2026-09-26T03:10:06.964Z,ALGO,0.1685,160.2,0.11782,1357.414201
2026-09-26T03:10:06.964Z,NEAR,-0.1373,6630,4.891,1357.414201
2026-09-26T03:10:06.964Z,ZIL,-4.8047,4.9,0.003792,1357.414201
2026-09-26T03:10:06.964Z,SUSHI,-2.4468,348,0.2628,1357.414201
2026-09-26T03:10:06.964Z,PENDLE,0.397,3422,2.511,1357.414201
2026-09-26T03:10:06.964Z,XTZ,0.5136,446.7,0.3274,1357.414201
2026-09-26T03:10:06.964Z,W,-0.9106,16.45,0.01223,1357.414201
2026-09-26T03:10:06.964Z,AR,-5.5333,5855,4.566,1357.414201
2026-09-26T03:10:06.964Z,SHIB,-0.8653,0.008,0.000005945,1357.414201
2026-09-26T03:10:06.964Z,CELO,1.577,135.8,0.09849,1357.414201
2026-09-26T03:10:06.964Z,STX,-0.197,443,0.327,1357.414201
2026-09-26T03:10:06.964Z,JUP,1.5829,464,0.3365,1357.414201
2026-09-26T03:10:06.964Z,PEPE,-0.8708,0.006,0.000004459,1357.414201
2026-09-26T03:10:06.964Z,DYDX,2.5436,186.2,0.13377,1357.414201
2026-09-26T03:10:06.964Z,KITE,0.6779,189.7,0.13881,1357.414201
2026-09-26T03:10:06.964Z,CRV,0.791,479.4,0.3504,1357.414201
2026-09-26T03:10:06.964Z,ENJ,2.4705,40.88,0.02939,1357.414201
2026-09-26T03:10:06.964Z,ATOM,0.5141,2460,1.803,1357.414201
2026-09-26T03:10:06.964Z,ICP,3.709,4426,3.144,1357.414201
2026-09-26T03:10:06.964Z,SPACE,1.1646,6.954,0.005064,1357.414201
2026-09-26T03:10:06.964Z,DOT,0.359,1653,1.2134,1357.414201
2026-09-26T03:10:06.964Z,ETHFI,0.7362,972.5,0.7112,1357.414201
2026-09-26T03:10:06.964Z,CC,-1.4862,178,0.13311,1357.414201
2026-09-26T03:10:06.964Z,SYRUP,-0.568,296.8,0.2199,1357.414201
2026-09-26T03:10:06.964Z,TAO,-3.3206,410500,312.8,1357.414201
2026-09-26T03:10:06.964Z,GRAM,0.5833,1977,1.448,1357.414201
2026-09-26T03:10:06.964Z,RAY,5.6432,2860,1.9944,1357.414201
2026-09-26T03:10:06.964Z,RENDER,1.1948,2636,1.919,1357.414201
2026-09-26T03:10:06.964Z,GRASS,-9.7527,610.8,0.4986,1357.414201
2026-09-26T03:10:06.964Z,MINA,1.3607,192.5,0.13991,1357.414201
2026-09-26T03:10:06.964Z,POL,-0.0346,161.3,0.11887,1357.414201
2026-09-26T03:10:06.964Z,ENA,0.9133,363,0.265,1357.414201
2026-09-26T03:10:06.964Z,SAND,-0.8516,60.55,0.04499,1357.414201
2026-09-26T03:10:06.964Z,AERO,-1.2013,1196,0.8918,1357.414201
2026-09-26T03:10:06.964Z,KGEN,-1.8034,223,0.1673,1357.414201
2026-09-26T03:10:06.964Z,LIT,1.2534,6640,4.8311,1357.414201
2026-09-26T03:10:06.964Z,MANA,-3.0877,120,0.09122,1357.414201
2026-09-26T03:10:06.964Z,BAND,-5.5426,284.9,0.2222,1357.414201
2026-09-26T03:10:06.964Z,APE,-0.2607,208.7,0.15415,1357.414201
2026-09-26T03:10:06.964Z,GMT,1.3217,12.11,0.008805,1357.414201
2026-09-26T03:10:06.964Z,VIRTUAL,0.381,1062,0.7794,1357.414201
2026-09-26T03:10:06.964Z,LPT,-2.5926,2261,1.71,1357.414201
2026-09-26T03:10:06.964Z,DATA,0.2165,308.8,0.227,1357.414201
2026-09-26T03:10:06.964Z,THETA,-4.2265,302,0.2323,1357.414201
2026-09-26T03:10:06.964Z,GRT,2.4783,38.88,0.02795,1357.414201
2026-09-26T03:10:06.964Z,LAYER,-1.0769,106.9,0.07961,1357.414201
2026-09-26T03:10:06.964Z,NMR,-1.0556,13130,9.776,1357.414201
2026-09-26T03:10:06.964Z,EIGEN,-7.9417,321.9,0.2576,1357.414201
2026-09-26T03:10:06.964Z,BAT,1.1419,125.1,0.09112,1357.414201
2026-09-26T03:10:06.964Z,SPK,-5.4493,30.7,0.02392,1357.414201
2026-09-26T03:10:06.964Z,PUMP,-10.0277,5.276,0.00432,1357.414201
2026-09-26T03:10:06.964Z,KMNO,-2.9745,55.5,0.04214,1357.414201
2026-09-26T03:10:06.964Z,CHZ,0.3979,22.65,0.01662,1357.414201
2026-09-26T03:10:06.964Z,PENGU,0.7304,13.97,0.010217,1357.414201
2026-09-26T03:10:06.964Z,OP,2.882,199.9,0.14314,1357.414201
2026-09-26T03:10:06.964Z,UMA,0.1618,558.8,0.411,1357.414201
2026-09-26T03:10:06.964Z,ZRO,2.901,2204,1.5779,1357.414201
2026-09-26T03:10:06.964Z,S,1.4676,56.03,0.04068,1357.414201
2026-09-26T03:10:06.964Z,IMX,0.0245,216.9,0.15975,1357.414201
2026-09-26T03:10:06.964Z,A,-0.2415,138,0.10191,1357.414201
2026-09-26T03:10:06.964Z,ATH,-4.2975,8.04,0.006189,1357.414201
2026-09-26T03:10:06.964Z,COMP,6.7032,34950,24.13,1357.414201
2026-09-26T03:10:06.964Z,CVX,-4.9957,2654,2.058,1357.414201
2026-09-26T03:10:06.964Z,AXS,-2.4537,1550,1.1706,1357.414201
2026-09-26T03:10:06.964Z,WCT,-0.5513,58.83,0.04358,1357.414201
2026-09-26T03:10:06.964Z,ME,0.977,106.2,0.07748,1357.414201
2026-09-26T03:10:06.964Z,ASTER,1.0025,1004,0.7323,1357.414201
2026-09-26T03:10:06.964Z,GMX,1.0566,11210,8.172,1357.414201
2026-09-26T03:10:06.964Z,MORPHO,3.5722,3810,2.71,1357.414201
2026-09-26T03:10:06.964Z,MON,-1.7927,35.02,0.02627,1357.414201
2026-09-26T03:10:06.964Z,1INCH,-2.0608,136.6,0.10275,1357.414201
2026-09-26T03:10:06.964Z,SKY,0.5448,105.8,0.07752,1357.414201
2026-09-26T03:10:06.964Z,YGG,-1.9619,36.53,0.02745,1357.414201
2026-09-26T03:10:06.964Z,BIO,2.1435,45.02,0.03247,1357.414201
2026-09-26T03:10:06.964Z,MOVE,-3.518,12.54,0.009575,1357.414201
2026-09-26T03:10:06.964Z,GALA,-9.4041,2.628,0.002137,1357.414201
2026-09-26T03:10:06.964Z,ZK,-1.1512,17.14,0.012774,1357.414201
2026-09-26T03:10:06.964Z,ENS,-0.5669,9610,7.12,1357.414201
2026-09-26T03:10:06.964Z,INJ,3.9641,11040,7.823,1357.414201
2026-09-26T03:10:06.964Z,KAITO,0.1218,484.1,0.3562,1357.414201
2026-09-26T03:10:06.964Z,LDO,-0.9614,650,0.4835,1357.414201
2026-09-26T03:10:06.964Z,BLUR,-0.7645,28.18,0.02092,1357.414201
2026-09-26T03:10:06.964Z,AUCTION,-1.1751,5170,3.854,1357.414201
2026-09-26T03:10:06.964Z,ZETA,1.0577,74.35,0.0542,1357.414201
2026-09-26T03:10:06.964Z,WIF,-3.162,325.6,0.2477,1357.414201
2026-09-26T03:10:06.964Z,KSM,-1.1845,6370,4.749,1357.414201
2026-09-26T03:15:06.940Z,BTC,0.0093,113911000,83909.8,1357.414201
2026-09-26T03:15:06.940Z,XRP,0.0286,2116,1.5584,1357.414201
2026-09-26T03:15:06.940Z,SOL,-0.0492,163800,120.73,1357.414201
2026-09-26T03:15:06.940Z,ETH,0.033,3647000,2685.84,1357.414201
2026-09-26T03:15:06.940Z,FIL,0.5654,1410,1.0329,1357.414201
2026-09-26T03:15:06.940Z,TRX,-0.0521,457.4,0.33714,1357.414201
2026-09-26T03:15:06.940Z,BNB,-0.1124,1050000,774.4,1357.414201
2026-09-26T03:15:06.940Z,WLD,-0.1454,654,0.4825,1357.414201
2026-09-26T03:15:06.940Z,FLOW,0.0177,41.68,0.0307,1357.414201
2026-09-26T03:15:06.940Z,LINK,0.2374,18970,13.942,1357.414201
2026-09-26T03:15:06.940Z,DOGE,0.0181,133.2,0.09811,1357.414201
2026-09-26T03:15:06.940Z,SUI,-0.1946,1584,1.1692,1357.414201
2026-09-26T03:15:06.940Z,XLM,-0.1861,297.1,0.21928,1357.414201
2026-09-26T03:15:06.940Z,BCH,0.2941,460700,338.4,1357.414201
2026-09-26T03:15:06.940Z,AVAX,0.521,14600,10.7,1357.414201
2026-09-26T03:15:06.940Z,ETC,2.6568,13160,9.444,1357.414201
2026-09-26T03:15:06.940Z,AAVE,0.1905,209100,153.75,1357.414201
2026-09-26T03:15:06.940Z,ADA,-0.1547,349.4,0.2578,1357.414201
2026-09-26T03:15:06.940Z,HYPE,0.3194,125300,92.014,1357.414201
2026-09-26T03:15:06.940Z,SEI,-0.0837,99.7,0.07351,1357.414201
2026-09-26T03:15:06.940Z,HBAR,0.0257,128.2,0.09442,1357.414201
2026-09-26T03:15:06.940Z,ARB,0.5551,302.5,0.22162,1357.414201
2026-09-26T03:15:06.940Z,JTO,0.8592,780.1,0.5698,1357.414201
2026-09-26T03:15:06.940Z,ONDO,-0.2298,730.1,0.5391,1357.414201
2026-09-26T03:15:06.940Z,QTUM,0.1785,1399,1.0288,1357.414201
2026-09-26T03:15:06.940Z,PYTH,-0.1716,99.26,0.07325,1357.414201
2026-09-26T03:15:06.940Z,APT,1.0572,1166,0.85,1357.414201
2026-09-26T03:15:06.940Z,UNI,-3.032,12590,9.565,1357.414201
2026-09-26T03:15:06.940Z,TIA,2.0599,672.6,0.4855,1357.414201
2026-09-26T03:15:06.940Z,ALGO,0.126,160.2,0.11787,1357.414201
2026-09-26T03:15:06.940Z,NEAR,-0.5507,6585,4.878,1357.414201
2026-09-26T03:15:06.940Z,ZIL,-4.6287,4.9,0.003785,1357.414201
2026-09-26T03:15:06.940Z,SUSHI,-2.2608,348,0.2623,1357.414201
2026-09-26T03:15:06.940Z,PENDLE,0.7179,3422,2.503,1357.414201
2026-09-26T03:15:06.940Z,XTZ,0.5136,446.7,0.3274,1357.414201
2026-09-26T03:15:06.940Z,W,-0.6425,16.45,0.012197,1357.414201
2026-09-26T03:15:06.940Z,AR,-5.076,5855,4.544,1357.414201
2026-09-26T03:15:06.940Z,SHIB,-0.6145,0.008,0.00000593,1357.414201
2026-09-26T03:15:06.940Z,CELO,1.0333,135.8,0.09902,1357.414201
2026-09-26T03:15:06.940Z,STX,-0.4709,443,0.3279,1357.414201
2026-09-26T03:15:06.940Z,JUP,1.5225,464,0.3367,1357.414201
2026-09-26T03:15:06.940Z,PEPE,-0.6034,0.006,0.000004447,1357.414201
2026-09-26T03:15:06.940Z,DYDX,2.9283,186.2,0.13327,1357.414201
2026-09-26T03:15:06.940Z,KITE,0.6634,189.7,0.13883,1357.414201
2026-09-26T03:15:06.940Z,CRV,0.8485,479.4,0.3502,1357.414201
2026-09-26T03:15:06.940Z,ENJ,2.5752,40.88,0.02936,1357.414201
2026-09-26T03:15:06.940Z,ATOM,0.7376,2460,1.799,1357.414201
2026-09-26T03:15:06.940Z,ICP,3.9404,4426,3.137,1357.414201
2026-09-26T03:15:06.940Z,SPACE,-0.5813,6.807,0.005044,1357.414201
2026-09-26T03:15:06.940Z,DOT,0.2646,1646,1.2094,1357.414201
2026-09-26T03:15:06.940Z,ETHFI,0.9064,972.5,0.71,1357.414201
2026-09-26T03:15:06.940Z,CC,-1.0252,178,0.13249,1357.414201
2026-09-26T03:15:06.940Z,SYRUP,-0.2504,296.8,0.2192,1357.414201
2026-09-26T03:15:06.940Z,TAO,-3.1348,410500,312.2,1357.414201
2026-09-26T03:15:06.940Z,GRAM,1.0018,1977,1.442,1357.414201
2026-09-26T03:15:06.940Z,RAY,5.9034,2860,1.9895,1357.414201
2026-09-26T03:15:06.940Z,RENDER,1.3532,2636,1.916,1357.414201
2026-09-26T03:15:06.940Z,GRASS,-9.8972,610.8,0.4994,1357.414201
2026-09-26T03:15:06.940Z,MINA,1.0141,192.5,0.14039,1357.414201
2026-09-26T03:15:06.940Z,POL,0.1592,161.3,0.11864,1357.414201
2026-09-26T03:15:06.940Z,ENA,0.4848,363,0.26613,1357.414201
2026-09-26T03:15:06.940Z,SAND,-0.5643,60.55,0.04486,1357.414201
2026-09-26T03:15:06.940Z,AERO,-0.9458,1196,0.8895,1357.414201
2026-09-26T03:15:06.940Z,KGEN,-1.7447,223,0.1672,1357.414201
2026-09-26T03:15:06.940Z,LIT,1.2115,6640,4.8331,1357.414201
2026-09-26T03:15:06.940Z,MANA,-2.8961,120,0.09104,1357.414201
2026-09-26T03:15:06.940Z,BAND,-5.4575,284.9,0.222,1357.414201
2026-09-26T03:15:06.940Z,APE,-0.1246,208.7,0.15394,1357.414201
2026-09-26T03:15:06.940Z,GMT,1.6218,12.11,0.008779,1357.414201
2026-09-26T03:15:06.940Z,VIRTUAL,0.4971,1062,0.7785,1357.414201
2026-09-26T03:15:06.940Z,LPT,-2.3069,2261,1.705,1357.414201
2026-09-26T03:15:06.940Z,DATA,-0.1355,308.8,0.2278,1357.414201
2026-09-26T03:15:06.940Z,THETA,-4.3089,302,0.2325,1357.414201
2026-09-26T03:15:06.940Z,GRT,2.8463,38.88,0.02785,1357.414201
2026-09-26T03:15:06.940Z,LAYER,-0.9276,106.9,0.07949,1357.414201
2026-09-26T03:15:06.940Z,NMR,-0.8731,13130,9.758,1357.414201
2026-09-26T03:15:06.940Z,EIGEN,-8.2268,321.9,0.2584,1357.414201
2026-09-26T03:15:06.940Z,BAT,1.0754,125.1,0.09118,1357.414201
2026-09-26T03:15:06.940Z,SPK,-5.2512,30.7,0.02387,1357.414201
2026-09-26T03:15:06.940Z,PUMP,-9.9861,5.276,0.004318,1357.414201
2026-09-26T03:15:06.940Z,KMNO,-2.6974,55.5,0.04202,1357.414201
2026-09-26T03:15:06.940Z,CHZ,0.7009,22.65,0.01657,1357.414201
2026-09-26T03:15:06.940Z,PENGU,0.8093,13.97,0.010209,1357.414201
2026-09-26T03:15:06.940Z,OP,3.3296,199.9,0.14252,1357.414201
2026-09-26T03:15:06.940Z,UMA,0.3327,558.8,0.4103,1357.414201
2026-09-26T03:15:06.940Z,ZRO,2.7968,2204,1.5795,1357.414201
2026-09-26T03:15:06.940Z,S,1.8431,56.03,0.04053,1357.414201
2026-09-26T03:15:06.940Z,IMX,0.4647,216.9,0.15905,1357.414201
2026-09-26T03:15:06.940Z,A,0.1319,138,0.10153,1357.414201
2026-09-26T03:15:06.940Z,ATH,-3.9561,8.04,0.006167,1357.414201
2026-09-26T03:15:06.940Z,COMP,6.8804,34950,24.09,1357.414201
2026-09-26T03:15:06.940Z,CVX,-4.625,2654,2.05,1357.414201
2026-09-26T03:15:06.940Z,AXS,-2.4287,1550,1.1703,1357.414201
2026-09-26T03:15:06.940Z,WCT,-0.5056,58.83,0.04356,1357.414201
2026-09-26T03:15:06.940Z,ME,1.1991,106.2,0.07731,1357.414201
2026-09-26T03:15:06.940Z,ASTER,1.0992,1004,0.7316,1357.414201
2026-09-26T03:15:06.940Z,GMX,1.3294,11210,8.15,1357.414201
2026-09-26T03:15:06.940Z,MORPHO,3.7867,3810,2.7044,1357.414201
2026-09-26T03:15:06.940Z,MON,-1.3798,35.02,0.02616,1357.414201
2026-09-26T03:15:06.940Z,1INCH,-1.8411,136.6,0.10252,1357.414201
2026-09-26T03:15:06.940Z,SKY,0.5967,105.8,0.07748,1357.414201
2026-09-26T03:15:06.940Z,YGG,-1.9976,36.53,0.02746,1357.414201
2026-09-26T03:15:06.940Z,BIO,2.3326,45.02,0.03241,1357.414201
2026-09-26T03:15:06.940Z,MOVE,-3.3868,12.54,0.009562,1357.414201
2026-09-26T03:15:06.940Z,GALA,-9.4041,2.628,0.002137,1357.414201
2026-09-26T03:15:06.940Z,ZK,-0.8407,17.14,0.012734,1357.414201
2026-09-26T03:15:06.940Z,ENS,-0.1743,9610,7.092,1357.414201
2026-09-26T03:15:06.940Z,INJ,4.0439,11040,7.817,1357.414201
2026-09-26T03:15:06.940Z,KAITO,0.4603,484.1,0.355,1357.414201
2026-09-26T03:15:06.940Z,LDO,-0.8999,650,0.4832,1357.414201
2026-09-26T03:15:06.940Z,BLUR,-0.4314,28.18,0.02085,1357.414201
2026-09-26T03:15:06.940Z,AUCTION,-0.9953,5170,3.847,1357.414201
2026-09-26T03:15:06.940Z,ZETA,1.5072,74.35,0.05396,1357.414201
2026-09-26T03:15:06.940Z,WIF,-2.8482,325.6,0.2469,1357.414201
2026-09-26T03:15:06.940Z,KSM,-0.5563,6370,4.719,1357.414201
2026-09-26T03:20:07.196Z,BTC,0.0389,113918000,83890.2,1357.414201
2026-09-26T03:20:07.196Z,XRP,0.0526,2118,1.5595,1357.414201
2026-09-26T03:20:07.196Z,SOL,0.0088,163800,120.66,1357.414201
2026-09-26T03:20:07.196Z,ETH,-0.0317,3646000,2686.84,1357.414201
2026-09-26T03:20:07.196Z,FIL,0.6628,1410,1.0319,1357.414201
2026-09-26T03:20:07.196Z,TRX,-0.0847,457.4,0.33725,1357.414201
2026-09-26T03:20:07.196Z,BNB,-0.0866,1050000,774.2,1357.414201
2026-09-26T03:20:07.196Z,WLD,-0.068,654.1,0.4822,1357.414201
2026-09-26T03:20:07.196Z,FLOW,-0.4363,41.68,0.03084,1357.414201
2026-09-26T03:20:07.196Z,LINK,0.1943,18970,13.948,1357.414201
2026-09-26T03:20:07.196Z,DOGE,0.0181,133.2,0.09811,1357.414201
2026-09-26T03:20:07.196Z,SUI,-0.029,1585,1.168,1357.414201
2026-09-26T03:20:07.196Z,XLM,-0.1952,297.1,0.2193,1357.414201
2026-09-26T03:20:07.196Z,BCH,0.2053,460700,338.7,1357.414201
2026-09-26T03:20:07.196Z,AVAX,0.6621,14600,10.685,1357.414201
2026-09-26T03:20:07.196Z,ETC,2.6024,13160,9.449,1357.414201
2026-09-26T03:20:07.196Z,AAVE,0.321,209100,153.55,1357.414201
2026-09-26T03:20:07.196Z,ADA,0.1951,349.4,0.2569,1357.414201
2026-09-26T03:20:07.196Z,HYPE,0.2736,125300,92.056,1357.414201
2026-09-26T03:20:07.196Z,SEI,0.2983,99.7,0.07323,1357.414201
2026-09-26T03:20:07.196Z,HBAR,0.0999,128.2,0.09435,1357.414201
2026-09-26T03:20:07.196Z,ARB,0.7597,302.5,0.22117,1357.414201
2026-09-26T03:20:07.196Z,JTO,0.7531,780.1,0.5704,1357.414201
2026-09-26T03:20:07.196Z,ONDO,-0.0034,730.4,0.5381,1357.414201
2026-09-26T03:20:07.196Z,QTUM,0.354,1399,1.027,1357.414201
2026-09-26T03:20:07.196Z,PYTH,-0.1852,99.26,0.07326,1357.414201
2026-09-26T03:20:07.196Z,APT,1.1881,1166,0.8489,1357.414201
2026-09-26T03:20:07.196Z,UNI,-2.7269,12590,9.535,1357.414201
2026-09-26T03:20:07.196Z,TIA,2.0179,672.6,0.4857,1357.414201
2026-09-26T03:20:07.196Z,ALGO,0.3559,160.2,0.1176,1357.414201
2026-09-26T03:20:07.196Z,NEAR,-0.326,6585,4.867,1357.414201
2026-09-26T03:20:07.196Z,ZIL,-4.5278,4.9,0.003781,1357.414201
2026-09-26T03:20:07.196Z,SUSHI,-2.2981,348,0.2624,1357.414201
2026-09-26T03:20:07.196Z,PENDLE,0.7179,3422,2.503,1357.414201
2026-09-26T03:20:07.196Z,XTZ,0.6058,446.7,0.3271,1357.414201
2026-09-26T03:20:07.196Z,W,-0.4466,16.45,0.012173,1357.414201
2026-09-26T03:20:07.196Z,AR,-5.2011,5855,4.55,1357.414201
2026-09-26T03:20:07.196Z,SHIB,-0.581,0.008,0.000005928,1357.414201
2026-09-26T03:20:07.196Z,CELO,1.115,135.8,0.09894,1357.414201
2026-09-26T03:20:07.196Z,STX,-0.1359,443,0.3268,1357.414201
2026-09-26T03:20:07.196Z,JUP,2.0377,464,0.335,1357.414201
2026-09-26T03:20:07.196Z,PEPE,-0.6704,0.006,0.00000445,1357.414201
2026-09-26T03:20:07.196Z,DYDX,3.1218,186.2,0.13302,1357.414201
2026-09-26T03:20:07.196Z,KITE,0.6272,189.7,0.13888,1357.414201
2026-09-26T03:20:07.196Z,CRV,1.1084,479.4,0.3493,1357.414201
2026-09-26T03:20:07.196Z,ENJ,2.7152,40.88,0.02932,1357.414201
2026-09-26T03:20:07.196Z,ATOM,0.9059,2460,1.796,1357.414201
2026-09-26T03:20:07.196Z,ICP,3.9073,4426,3.138,1357.414201
2026-09-26T03:20:07.196Z,SPACE,-0.719,6.807,0.005051,1357.414201
2026-09-26T03:20:07.196Z,DOT,0.4306,1646,1.2074,1357.414201
2026-09-26T03:20:07.196Z,ETHFI,0.9207,972.5,0.7099,1357.414201
2026-09-26T03:20:07.196Z,CC,-0.5146,178,0.13181,1357.414201
2026-09-26T03:20:07.196Z,SYRUP,-0.4321,296.8,0.2196,1357.414201
2026-09-26T03:20:07.196Z,TAO,-3.1348,410500,312.2,1357.414201
2026-09-26T03:20:07.196Z,GRAM,0.9318,1977,1.443,1357.414201
2026-09-26T03:20:07.196Z,RAY,5.9673,2860,1.9883,1357.414201
2026-09-26T03:20:07.196Z,RENDER,1.5122,2636,1.913,1357.414201
2026-09-26T03:20:07.196Z,GRASS,-9.8431,610.8,0.4991,1357.414201
2026-09-26T03:20:07.196Z,MINA,1.0573,192.5,0.14033,1357.414201
2026-09-26T03:20:07.196Z,POL,0.0917,161.3,0.11872,1357.414201
2026-09-26T03:20:07.196Z,ENA,0.746,363,0.26544,1357.414201
2026-09-26T03:20:07.196Z,SAND,-0.5199,60.55,0.04484,1357.414201
2026-09-26T03:20:07.196Z,AERO,-0.4984,1196,0.8855,1357.414201
2026-09-26T03:20:07.196Z,KGEN,-1.7447,223,0.1672,1357.414201
2026-09-26T03:20:07.196Z,LIT,0.8318,6640,4.8513,1357.414201
2026-09-26T03:20:07.196Z,MANA,-2.8,120,0.09095,1357.414201
2026-09-26T03:20:07.196Z,BAND,-5.4149,284.9,0.2219,1357.414201
2026-09-26T03:20:07.196Z,APE,-0.1894,208.7,0.15404,1357.414201
2026-09-26T03:20:07.196Z,GMT,1.7492,12.11,0.008768,1357.414201
2026-09-26T03:20:07.196Z,VIRTUAL,0.6781,1062,0.7771,1357.414201
2026-09-26T03:20:07.196Z,LPT,-2.4785,2261,1.708,1357.414201
2026-09-26T03:20:07.196Z,DATA,0.0402,308.8,0.2274,1357.414201
2026-09-26T03:20:07.196Z,THETA,-4.0613,302,0.2319,1357.414201
2026-09-26T03:20:07.196Z,GRT,3.0313,38.88,0.0278,1357.414201
2026-09-26T03:20:07.196Z,LAYER,-1.052,106.9,0.07959,1357.414201
2026-09-26T03:20:07.196Z,NMR,-0.9137,13130,9.762,1357.414201
2026-09-26T03:20:07.196Z,EIGEN,-8.1912,321.9,0.2583,1357.414201
2026-09-26T03:20:07.196Z,BAT,1.2308,125.1,0.09104,1357.414201
2026-09-26T03:20:07.196Z,SPK,-5.0523,30.7,0.02382,1357.414201
2026-09-26T03:20:07.196Z,PUMP,-9.8608,5.276,0.004312,1357.414201
2026-09-26T03:20:07.196Z,KMNO,-2.5118,55.5,0.04194,1357.414201
2026-09-26T03:20:07.196Z,CHZ,1.0057,22.65,0.01652,1357.414201
2026-09-26T03:20:07.196Z,PENGU,0.9676,13.97,0.010193,1357.414201
2026-09-26T03:20:07.196Z,OP,3.2861,199.9,0.14258,1357.414201
2026-09-26T03:20:07.196Z,UMA,0.4306,558.8,0.4099,1357.414201
2026-09-26T03:20:07.196Z,ZRO,3.0447,2204,1.5757,1357.414201
2026-09-26T03:20:07.196Z,S,1.818,56.03,0.04054,1357.414201
2026-09-26T03:20:07.196Z,IMX,0.5849,216.9,0.15886,1357.414201
2026-09-26T03:20:07.196Z,A,0.1319,138,0.10153,1357.414201
2026-09-26T03:20:07.196Z,ATH,-3.8782,8.04,0.006162,1357.414201
2026-09-26T03:20:07.196Z,COMP,6.836,34950,24.1,1357.414201
2026-09-26T03:20:07.196Z,CVX,-4.7179,2654,2.052,1357.414201
2026-09-26T03:20:07.196Z,AXS,-2.4287,1550,1.1703,1357.414201
2026-09-26T03:20:07.196Z,WCT,-0.5741,58.83,0.04359,1357.414201
2026-09-26T03:20:07.196Z,ME,1.3433,106.2,0.0772,1357.414201
2026-09-26T03:20:07.196Z,ASTER,1.0025,1004,0.7323,1357.414201
2026-09-26T03:20:07.196Z,GMX,1.2425,11210,8.157,1357.414201
2026-09-26T03:20:07.196Z,MORPHO,3.7062,3810,2.7065,1357.414201
2026-09-26T03:20:07.196Z,MON,-1.3421,35.02,0.02615,1357.414201
2026-09-26T03:20:07.196Z,1INCH,-1.8411,136.6,0.10252,1357.414201
2026-09-26T03:20:07.196Z,SKY,0.7527,105.8,0.07736,1357.414201
2026-09-26T03:20:07.196Z,YGG,-1.8188,36.53,0.02741,1357.414201
2026-09-26T03:20:07.196Z,BIO,2.3642,45.02,0.0324,1357.414201
2026-09-26T03:20:07.196Z,MOVE,-3.3464,12.54,0.009558,1357.414201
2026-09-26T03:20:07.196Z,GALA,-9.3617,2.628,0.002136,1357.414201
2026-09-26T03:20:07.196Z,ZK,-0.7627,17.14,0.012724,1357.414201
2026-09-26T03:20:07.196Z,ENS,-0.2306,9610,7.096,1357.414201
2026-09-26T03:20:07.196Z,INJ,4.0572,11040,7.816,1357.414201
2026-09-26T03:20:07.196Z,KAITO,0.5452,484.1,0.3547,1357.414201
2026-09-26T03:20:07.196Z,LDO,-0.8999,650,0.4832,1357.414201
2026-09-26T03:20:07.196Z,BLUR,-0.7645,28.18,0.02092,1357.414201
2026-09-26T03:20:07.196Z,AUCTION,-0.9695,5170,3.846,1357.414201
2026-09-26T03:20:07.196Z,ZETA,1.9606,74.35,0.05372,1357.414201
2026-09-26T03:20:07.196Z,WIF,-2.73,325.6,0.2466,1357.414201
2026-09-26T03:20:07.196Z,KSM,-0.5142,6370,4.717,1357.414201
2026-09-26T03:25:06.999Z,BTC,-0.0006,113918000,83923.3,1357.414201
2026-09-26T03:25:06.999Z,XRP,0.0461,2118,1.5596,1357.414201
2026-09-26T03:25:06.999Z,SOL,-0.0243,163800,120.7,1357.414201
2026-09-26T03:25:06.999Z,ETH,0.0305,3649000,2687.38,1357.414201
2026-09-26T03:25:06.999Z,FIL,0.6433,1410,1.0321,1357.414201
2026-09-26T03:25:06.999Z,TRX,-0.1025,457.4,0.33731,1357.414201
2026-09-26T03:25:06.999Z,BNB,-0.1253,1050000,774.5,1357.414201
2026-09-26T03:25:06.999Z,WLD,-0.2011,653.5,0.4824,1357.414201
2026-09-26T03:25:06.999Z,FLOW,-0.9182,41.68,0.03099,1357.414201
2026-09-26T03:25:06.999Z,LINK,0.1512,18970,13.954,1357.414201
2026-09-26T03:25:06.999Z,DOGE,0.0589,133.2,0.09807,1357.414201
2026-09-26T03:25:06.999Z,SUI,-0.1209,1583,1.1676,1357.414201
2026-09-26T03:25:06.999Z,XLM,-0.1086,297.1,0.21911,1357.414201
2026-09-26T03:25:06.999Z,BCH,0.2941,460700,338.4,1357.414201
2026-09-26T03:25:06.999Z,AVAX,0.1353,14510,10.675,1357.414201
2026-09-26T03:25:06.999Z,ETC,2.6676,13160,9.443,1357.414201
2026-09-26T03:25:06.999Z,AAVE,0.1384,209100,153.83,1357.414201
2026-09-26T03:25:06.999Z,ADA,0.1561,349.4,0.257,1357.414201
2026-09-26T03:25:06.999Z,HYPE,0.1365,125300,92.182,1357.414201
2026-09-26T03:25:06.999Z,SEI,0.3225,99.37,0.07297,1357.414201
2026-09-26T03:25:06.999Z,HBAR,0.1318,128.2,0.09432,1357.414201
2026-09-26T03:25:06.999Z,ARB,0.7733,302.5,0.22114,1357.414201
2026-09-26T03:25:06.999Z,JTO,0.4888,780.1,0.5719,1357.414201
2026-09-26T03:25:06.999Z,ONDO,0.1269,730.4,0.5374,1357.414201
2026-09-26T03:25:06.999Z,QTUM,0.354,1399,1.027,1357.414201
2026-09-26T03:25:06.999Z,PYTH,-0.0488,99.26,0.07316,1357.414201
2026-09-26T03:25:06.999Z,APT,1.2717,1166,0.8482,1357.414201
2026-09-26T03:25:06.999Z,UNI,-2.7881,12590,9.541,1357.414201
2026-09-26T03:25:06.999Z,TIA,1.892,672.6,0.4863,1357.414201
2026-09-26T03:25:06.999Z,ALGO,0.5268,160.2,0.1174,1357.414201
2026-09-26T03:25:06.999Z,NEAR,-0.164,6635,4.896,1357.414201
2026-09-26T03:25:06.999Z,ZIL,-4.7042,4.9,0.003788,1357.414201
2026-09-26T03:25:06.999Z,SUSHI,-2.2236,348,0.2622,1357.414201
2026-09-26T03:25:06.999Z,PENDLE,0.7179,3422,2.503,1357.414201
2026-09-26T03:25:06.999Z,XTZ,0.8216,446.7,0.3264,1357.414201
2026-09-26T03:25:06.999Z,W,-0.5529,16.45,0.012186,1357.414201
2026-09-26T03:25:06.999Z,AR,-5.0133,5855,4.541,1357.414201
2026-09-26T03:25:06.999Z,SHIB,-0.581,0.008,0.000005928,1357.414201
2026-09-26T03:25:06.999Z,CELO,1.1661,135.8,0.09889,1357.414201
2026-09-26T03:25:06.999Z,STX,-0.2275,443,0.3271,1357.414201
2026-09-26T03:25:06.999Z,JUP,2.2514,464,0.3343,1357.414201
2026-09-26T03:25:06.999Z,PEPE,-0.6927,0.006,0.000004451,1357.414201
2026-09-26T03:25:06.999Z,DYDX,3.0056,186.2,0.13317,1357.414201
2026-09-26T03:25:06.999Z,KITE,0.4608,189.7,0.13911,1357.414201
2026-09-26T03:25:06.999Z,CRV,1.0505,479.4,0.3495,1357.414201
2026-09-26T03:25:06.999Z,ENJ,2.6801,40.88,0.02933,1357.414201
2026-09-26T03:25:06.999Z,ATOM,0.7376,2460,1.799,1357.414201
2026-09-26T03:25:06.999Z,ICP,3.9736,4426,3.136,1357.414201
2026-09-26T03:25:06.999Z,SPACE,-0.778,6.807,0.005054,1357.414201
2026-09-26T03:25:06.999Z,DOT,0.3309,1646,1.2086,1357.414201
2026-09-26T03:25:06.999Z,ETHFI,0.8212,972.5,0.7106,1357.414201
2026-09-26T03:25:06.999Z,CC,-1.538,178,0.13318,1357.414201
2026-09-26T03:25:06.999Z,SYRUP,-0.6132,296.8,0.22,1357.414201
2026-09-26T03:25:06.999Z,TAO,-3.1658,410500,312.3,1357.414201
2026-09-26T03:25:06.999Z,GRAM,1.0018,1977,1.442,1357.414201
2026-09-26T03:25:06.999Z,RAY,5.9993,2860,1.9877,1357.414201
2026-09-26T03:25:06.999Z,RENDER,1.1948,2636,1.919,1357.414201
2026-09-26T03:25:06.999Z,GRASS,-10.0413,610.8,0.5002,1357.414201
2026-09-26T03:25:06.999Z,MINA,1.1943,192.5,0.14014,1357.414201
2026-09-26T03:25:06.999Z,POL,0.2352,161.3,0.11855,1357.414201
2026-09-26T03:25:06.999Z,ENA,0.9704,363,0.26485,1357.414201
2026-09-26T03:25:06.999Z,SAND,-0.4533,60.55,0.04481,1357.414201
2026-09-26T03:25:06.999Z,AERO,-1.1126,1196,0.891,1357.414201
2026-09-26T03:25:06.999Z,KGEN,-1.7447,223,0.1672,1357.414201
2026-09-26T03:25:06.999Z,LIT,1.1027,6640,4.8383,1357.414201
2026-09-26T03:25:06.999Z,MANA,-2.7252,120,0.09088,1357.414201
2026-09-26T03:25:06.999Z,BAND,-5.4575,284.9,0.222,1357.414201
2026-09-26T03:25:06.999Z,APE,-0.144,208.7,0.15397,1357.414201
2026-09-26T03:25:06.999Z,GMT,1.6102,12.11,0.00878,1357.414201
2026-09-26T03:25:06.999Z,VIRTUAL,0.8469,1062,0.7758,1357.414201
2026-09-26T03:25:06.999Z,LPT,-2.8199,2261,1.714,1357.414201
2026-09-26T03:25:06.999Z,DATA,-0.485,308.8,0.2286,1357.414201
2026-09-26T03:25:06.999Z,THETA,-4.2677,302,0.2324,1357.414201
2026-09-26T03:25:06.999Z,GRT,3.1426,38.88,0.02777,1357.414201
2026-09-26T03:25:06.999Z,LAYER,-1.0023,106.9,0.07955,1357.414201
2026-09-26T03:25:06.999Z,NMR,-0.8934,13130,9.76,1357.414201
2026-09-26T03:25:06.999Z,EIGEN,-8.4747,321.9,0.2591,1357.414201
2026-09-26T03:25:06.999Z,BAT,1.2197,125.1,0.09105,1357.414201
2026-09-26T03:25:06.999Z,SPK,-5.0922,30.7,0.02383,1357.414201
2026-09-26T03:25:06.999Z,PUMP,-9.6513,5.276,0.004302,1357.414201
2026-09-26T03:25:06.999Z,KMNO,-3.0205,55.5,0.04216,1357.414201
2026-09-26T03:25:06.999Z,CHZ,1.0057,22.65,0.01652,1357.414201
2026-09-26T03:25:06.999Z,PENGU,0.9676,13.97,0.010193,1357.414201
2026-09-26T03:25:06.999Z,OP,3.6933,199.9,0.14202,1357.414201
2026-09-26T03:25:06.999Z,UMA,0.4306,558.8,0.4099,1357.414201
2026-09-26T03:25:06.999Z,ZRO,3.012,2204,1.5762,1357.414201
2026-09-26T03:25:06.999Z,S,1.7678,56.03,0.04056,1357.414201
2026-09-26T03:25:06.999Z,IMX,0.6419,216.9,0.15877,1357.414201
2026-09-26T03:25:06.999Z,A,-0.0355,138,0.1017,1357.414201
2026-09-26T03:25:06.999Z,ATH,-3.7376,8.04,0.006153,1357.414201
2026-09-26T03:25:06.999Z,COMP,6.4385,34950,24.19,1357.414201
2026-09-26T03:25:06.999Z,CVX,-4.7179,2654,2.052,1357.414201
2026-09-26T03:25:06.999Z,AXS,-2.4537,1550,1.1706,1357.414201
2026-09-26T03:25:06.999Z,WCT,-0.3684,58.83,0.0435,1357.414201
2026-09-26T03:25:06.999Z,ME,1.2645,106.2,0.07726,1357.414201
2026-09-26T03:25:06.999Z,ASTER,0.9474,1004,0.7327,1357.414201
2026-09-26T03:25:06.999Z,GMX,1.1929,11210,8.161,1357.414201
2026-09-26T03:25:06.999Z,MORPHO,3.5837,3810,2.7097,1357.414201
2026-09-26T03:25:06.999Z,MON,-1.2665,35.02,0.02613,1357.414201
2026-09-26T03:25:06.999Z,1INCH,-1.8507,136.6,0.10253,1357.414201
2026-09-26T03:25:06.999Z,SKY,1.0401,105.8,0.07714,1357.414201
2026-09-26T03:25:06.999Z,YGG,-1.7112,36.53,0.02738,1357.414201
2026-09-26T03:25:06.999Z,BIO,2.4907,45.02,0.03236,1357.414201
2026-09-26T03:25:06.999Z,MOVE,-3.3464,12.54,0.009558,1357.414201
2026-09-26T03:25:06.999Z,GALA,-9.3617,2.628,0.002136,1357.414201
2026-09-26T03:25:06.999Z,ZK,-0.6847,17.14,0.012714,1357.414201
2026-09-26T03:25:06.999Z,ENS,-0.2868,9610,7.1,1357.414201
2026-09-26T03:25:06.999Z,INJ,4.4313,11040,7.788,1357.414201
2026-09-26T03:25:06.999Z,KAITO,0.432,484.1,0.3551,1357.414201
2026-09-26T03:25:06.999Z,LDO,-0.9819,650,0.4836,1357.414201
2026-09-26T03:25:06.999Z,BLUR,-0.7171,28.18,0.02091,1357.414201
2026-09-26T03:25:06.999Z,AUCTION,-0.9953,5170,3.847,1357.414201
2026-09-26T03:25:06.999Z,ZETA,2.1889,74.35,0.0536,1357.414201
2026-09-26T03:25:06.999Z,WIF,-2.6905,325.6,0.2465,1357.414201
2026-09-26T03:25:06.999Z,KSM,-0.5142,6370,4.717,1357.414201
2026-09-26T03:30:06.983Z,BTC,-0.0743,113918000,83985.2,1357.414201
2026-09-26T03:30:06.983Z,XRP,0.0188,2120,1.5615,1357.414201
2026-09-26T03:30:06.983Z,SOL,-0.0679,164000,120.9,1357.414201
2026-09-26T03:30:06.983Z,ETH,-0.0075,3649000,2688.4,1357.414201
2026-09-26T03:30:06.983Z,FIL,0.4098,1410,1.0345,1357.414201
2026-09-26T03:30:06.983Z,TRX,-0.1025,457.4,0.33731,1357.414201
2026-09-26T03:30:06.983Z,BNB,-0.1769,1050000,774.9,1357.414201
2026-09-26T03:30:06.983Z,WLD,-0.1779,654.6,0.4831,1357.414201
2026-09-26T03:30:06.983Z,FLOW,-0.9502,41.68,0.031,1357.414201
2026-09-26T03:30:06.983Z,LINK,-0.2464,18980,14.017,1357.414201
2026-09-26T03:30:06.983Z,DOGE,-0.0023,133.2,0.09813,1357.414201
2026-09-26T03:30:06.983Z,SUI,-0.0344,1586,1.1688,1357.414201
2026-09-26T03:30:06.983Z,XLM,0.0532,298.6,0.21986,1357.414201
2026-09-26T03:30:06.983Z,BCH,0.0871,460700,339.1,1357.414201
2026-09-26T03:30:06.983Z,AVAX,-0.0485,14520,10.702,1357.414201
2026-09-26T03:30:06.983Z,ETC,2.2885,13160,9.478,1357.414201
2026-09-26T03:30:06.983Z,AAVE,-0.1666,209100,154.3,1357.414201
2026-09-26T03:30:06.983Z,ADA,-0.0486,349.5,0.2576,1357.414201
2026-09-26T03:30:06.983Z,HYPE,0.0031,125300,92.305,1357.414201
2026-09-26T03:30:06.983Z,SEI,0.3088,99.37,0.07298,1357.414201
2026-09-26T03:30:06.983Z,HBAR,-0.4656,127.8,0.09459,1357.414201
2026-09-26T03:30:06.983Z,ARB,0.4825,302.5,0.22178,1357.414201
2026-09-26T03:30:06.983Z,JTO,0.3309,780.1,0.5728,1357.414201
2026-09-26T03:30:06.983Z,ONDO,-0.0776,730.4,0.5385,1357.414201
2026-09-26T03:30:06.983Z,QTUM,0.1395,1399,1.0292,1357.414201
2026-09-26T03:30:06.983Z,PYTH,-0.6058,99.26,0.07357,1357.414201
2026-09-26T03:30:06.983Z,APT,0.9384,1166,0.851,1357.414201
2026-09-26T03:30:06.983Z,UNI,-3.2041,12590,9.582,1357.414201
2026-09-26T03:30:06.983Z,TIA,1.5371,672.6,0.488,1357.414201
2026-09-26T03:30:06.983Z,ALGO,0.2536,160.2,0.11772,1357.414201
2026-09-26T03:30:06.983Z,NEAR,-0.3472,6635,4.905,1357.414201
2026-09-26T03:30:06.983Z,ZIL,-4.7796,4.9,0.003791,1357.414201
2026-09-26T03:30:06.983Z,SUSHI,-2.7429,348,0.2636,1357.414201
2026-09-26T03:30:06.983Z,PENDLE,0.437,3422,2.51,1357.414201
2026-09-26T03:30:06.983Z,XTZ,0.7598,446.7,0.3266,1357.414201
2026-09-26T03:30:06.983Z,W,-0.9754,16.45,0.012238,1357.414201
2026-09-26T03:30:06.983Z,AR,-5.222,5855,4.551,1357.414201
2026-09-26T03:30:06.983Z,SHIB,-0.9319,0.008,0.000005949,1357.414201
2026-09-26T03:30:06.983Z,CELO,1.0843,135.8,0.09897,1357.414201
2026-09-26T03:30:06.983Z,STX,-0.8037,443,0.329,1357.414201
2026-09-26T03:30:06.983Z,JUP,1.8553,464,0.3356,1357.414201
2026-09-26T03:30:06.983Z,PEPE,-0.9375,0.006,0.000004462,1357.414201
2026-09-26T03:30:06.983Z,DYDX,2.651,186.2,0.13363,1357.414201
2026-09-26T03:30:06.983Z,KITE,0.5041,189.7,0.13905,1357.414201
2026-09-26T03:30:06.983Z,CRV,0.59,479.4,0.3511,1357.414201
2026-09-26T03:30:06.983Z,ENJ,2.4008,40.88,0.02941,1357.414201
2026-09-26T03:30:06.983Z,ATOM,0.3471,2460,1.806,1357.414201
2026-09-26T03:30:06.983Z,ICP,3.709,4426,3.144,1357.414201
2026-09-26T03:30:06.983Z,SPACE,-1.1106,6.807,0.005071,1357.414201
2026-09-26T03:30:06.983Z,DOT,0.0742,1646,1.2117,1357.414201
2026-09-26T03:30:06.983Z,ETHFI,0.6371,972.5,0.7119,1357.414201
2026-09-26T03:30:06.983Z,CC,-1.8696,178,0.13363,1357.414201
2026-09-26T03:30:06.983Z,SYRUP,-0.7485,296.8,0.2203,1357.414201
2026-09-26T03:30:06.983Z,TAO,-3.4749,410500,313.3,1357.414201
2026-09-26T03:30:06.983Z,GRAM,0.7921,1977,1.445,1357.414201
2026-09-26T03:30:06.983Z,RAY,5.379,2860,1.9994,1357.414201
2026-09-26T03:30:06.983Z,RENDER,0.827,2636,1.926,1357.414201
2026-09-26T03:30:06.983Z,GRASS,-10.1671,610.8,0.5009,1357.414201
2026-09-26T03:30:06.983Z,MINA,1.1294,192.5,0.14023,1357.414201
2026-09-26T03:30:06.983Z,POL,0.3199,161.3,0.11845,1357.414201
2026-09-26T03:30:06.983Z,ENA,-6.7178,337.5,0.26654,1357.414201
2026-09-26T03:30:06.983Z,SAND,-0.6307,60.55,0.04489,1357.414201
2026-09-26T03:30:06.983Z,AERO,-1.6205,1196,0.8956,1357.414201
2026-09-26T03:30:06.983Z,KGEN,-1.568,223,0.1669,1357.414201
2026-09-26T03:30:06.983Z,LIT,0.9879,6640,4.8438,1357.414201
2026-09-26T03:30:06.983Z,MANA,-2.9494,120,0.09109,1357.414201
2026-09-26T03:30:06.983Z,BAND,-5.6275,284.9,0.2224,1357.414201
2026-09-26T03:30:06.983Z,APE,-0.2995,208.7,0.15421,1357.414201
2026-09-26T03:30:06.983Z,GMT,1.5177,12.11,0.008788,1357.414201
2026-09-26T03:30:06.983Z,VIRTUAL,0.6005,1062,0.7777,1357.414201
2026-09-26T03:30:06.983Z,LPT,-3.3836,2261,1.724,1357.414201
2026-09-26T03:30:06.983Z,DATA,-0.5285,308.8,0.2287,1357.414201
2026-09-26T03:30:06.983Z,THETA,-4.5961,302,0.2332,1357.414201
2026-09-26T03:30:06.983Z,GRT,3.4032,38.88,0.0277,1357.414201
2026-09-26T03:30:06.983Z,LAYER,-1.1142,106.9,0.07964,1357.414201
2026-09-26T03:30:06.983Z,NMR,-1.0354,13130,9.774,1357.414201
2026-09-26T03:30:06.983Z,EIGEN,-8.7915,321.9,0.26,1357.414201
2026-09-26T03:30:06.983Z,BAT,0.9757,125.1,0.09127,1357.414201
2026-09-26T03:30:06.983Z,SPK,-5.0922,30.7,0.02383,1357.414201
2026-09-26T03:30:06.983Z,PUMP,-10.2355,5.276,0.00433,1357.414201
2026-09-26T03:30:06.983Z,KMNO,-3.2957,55.5,0.04228,1357.414201
2026-09-26T03:30:06.983Z,CHZ,0.7009,22.65,0.01657,1357.414201
2026-09-26T03:30:06.983Z,PENGU,0.4551,13.97,0.010245,1357.414201
2026-09-26T03:30:06.983Z,OP,3.1631,199.9,0.14275,1357.414201
2026-09-26T03:30:06.983Z,UMA,0.2838,558.8,0.4105,1357.414201
2026-09-26T03:30:06.983Z,ZRO,3.3793,2204,1.5706,1357.414201
2026-09-26T03:30:06.983Z,S,1.4925,56.03,0.04067,1357.414201
2026-09-26T03:30:06.983Z,IMX,0.2252,216.9,0.15943,1357.414201
2026-09-26T03:30:06.983Z,A,-0.3784,138,0.10205,1357.414201
2026-09-26T03:30:06.983Z,ATH,-3.6906,8.04,0.00615,1357.414201
2026-09-26T03:30:06.983Z,COMP,6.4385,34950,24.19,1357.414201
2026-09-26T03:30:06.983Z,CVX,-4.7179,2654,2.052,1357.414201
2026-09-26T03:30:06.983Z,AXS,-2.6284,1550,1.1727,1357.414201
2026-09-26T03:30:06.983Z,WCT,-0.5284,58.83,0.04357,1357.414201
2026-09-26T03:30:06.983Z,ME,1.0814,106.2,0.0774,1357.414201
2026-09-26T03:30:06.983Z,ASTER,0.7137,1004,0.7344,1357.414201
2026-09-26T03:30:06.983Z,GMX,1.0319,11210,8.174,1357.414201
2026-09-26T03:30:06.983Z,MORPHO,3.4005,3810,2.7145,1357.414201
2026-09-26T03:30:06.983Z,MON,-1.643,35.02,0.02623,1357.414201
2026-09-26T03:30:06.983Z,1INCH,-2.0227,136.6,0.10271,1357.414201
2026-09-26T03:30:06.983Z,SKY,0.5577,105.8,0.07751,1357.414201
2026-09-26T03:30:06.983Z,YGG,-1.9619,36.53,0.02745,1357.414201
2026-09-26T03:30:06.983Z,BIO,2.0806,45.02,0.03249,1357.414201
2026-09-26T03:30:06.983Z,MOVE,-3.8794,12.54,0.009611,1357.414201
2026-09-26T03:30:06.983Z,GALA,-10.1608,2.628,0.002155,1357.414201
2026-09-26T03:30:06.983Z,ZK,-1.0194,17.14,0.012757,1357.414201
2026-09-26T03:30:06.983Z,ENS,-0.483,9610,7.114,1357.414201
2026-09-26T03:30:06.983Z,INJ,4.2974,11040,7.798,1357.414201
2026-09-26T03:30:06.983Z,KAITO,0.1218,484.1,0.3562,1357.414201
2026-09-26T03:30:06.983Z,LDO,-1.3287,650,0.4853,1357.414201
2026-09-26T03:30:06.983Z,BLUR,-1.0011,28.18,0.02097,1357.414201
2026-09-26T03:30:06.983Z,AUCTION,-1.1238,5170,3.852,1357.414201
2026-09-26T03:30:06.983Z,ZETA,2.2461,74.35,0.05357,1357.414201
2026-09-26T03:30:06.983Z,WIF,-2.9661,325.6,0.2472,1357.414201
2026-09-26T03:30:06.983Z,KSM,-0.5353,6370,4.718,1357.414201
2026-09-26T03:35:06.973Z,BTC,-0.0085,113960000,83960.9,1357.414201
2026-09-26T03:35:06.973Z,XRP,-0.0028,2119,1.5611,1357.414201
2026-09-26T03:35:06.973Z,SOL,0.1007,164100,120.77,1357.414201
2026-09-26T03:35:06.973Z,ETH,0.0041,3649000,2688.09,1357.414201
2026-09-26T03:35:06.973Z,FIL,0.4098,1410,1.0345,1357.414201
2026-09-26T03:35:06.973Z,TRX,-0.1055,457.4,0.33732,1357.414201
2026-09-26T03:35:06.973Z,BNB,-0.1769,1050000,774.9,1357.414201
2026-09-26T03:35:06.973Z,WLD,0.0706,654.6,0.4819,1357.414201
2026-09-26T03:35:06.973Z,FLOW,-1.3955,41.68,0.03114,1357.414201
2026-09-26T03:35:06.973Z,LINK,0.1073,19050,14.019,1357.414201
2026-09-26T03:35:06.973Z,DOGE,0.0487,133.2,0.09808,1357.414201
2026-09-26T03:35:06.973Z,SUI,0.192,1590,1.1691,1357.414201
2026-09-26T03:35:06.973Z,XLM,0.2585,298.6,0.21941,1357.414201
2026-09-26T03:35:06.973Z,BCH,0.2645,460700,338.5,1357.414201
2026-09-26T03:35:06.973Z,AVAX,0.2137,14520,10.674,1357.414201
2026-09-26T03:35:06.973Z,ETC,2.559,13160,9.453,1357.414201
2026-09-26T03:35:06.973Z,AAVE,-0.063,209100,154.14,1357.414201
2026-09-26T03:35:06.973Z,ADA,0.1458,349.5,0.2571,1357.414201
2026-09-26T03:35:06.973Z,HYPE,0.1148,125300,92.202,1357.414201
2026-09-26T03:35:06.973Z,SEI,0.5292,99.37,0.07282,1357.414201
2026-09-26T03:35:06.973Z,HBAR,-0.3392,127.8,0.09447,1357.414201
2026-09-26T03:35:06.973Z,ARB,0.5687,302.5,0.22159,1357.414201
2026-09-26T03:35:06.973Z,JTO,0.5944,780.1,0.5713,1357.414201
2026-09-26T03:35:06.973Z,ONDO,-0.0591,730.4,0.5384,1357.414201
2026-09-26T03:35:06.973Z,QTUM,0.2564,1399,1.028,1357.414201
2026-09-26T03:35:06.973Z,PYTH,-0.5517,99.26,0.07353,1357.414201
2026-09-26T03:35:06.973Z,APT,1.081,1166,0.8498,1357.414201
2026-09-26T03:35:06.973Z,UNI,-3.4057,12590,9.602,1357.414201
2026-09-26T03:35:06.973Z,TIA,1.7874,672.6,0.4868,1357.414201
2026-09-26T03:35:06.973Z,ALGO,0.211,160.2,0.11777,1357.414201
2026-09-26T03:35:06.973Z,NEAR,-0.2659,6635,4.901,1357.414201
2026-09-26T03:35:06.973Z,ZIL,-4.88,4.9,0.003795,1357.414201
2026-09-26T03:35:06.973Z,SUSHI,-2.669,348,0.2634,1357.414201
2026-09-26T03:35:06.973Z,PENDLE,0.2374,3422,2.515,1357.414201
2026-09-26T03:35:06.973Z,XTZ,0.1878,444.3,0.3267,1357.414201
2026-09-26T03:35:06.973Z,W,-0.6833,16.45,0.012202,1357.414201
2026-09-26T03:35:06.973Z,AR,-5.4298,5855,4.561,1357.414201
2026-09-26T03:35:06.973Z,SHIB,-0.6983,0.008,0.000005935,1357.414201
2026-09-26T03:35:06.973Z,CELO,1.1763,135.8,0.09888,1357.414201
2026-09-26T03:35:06.973Z,STX,-0.5013,443,0.328,1357.414201
2026-09-26T03:35:06.973Z,JUP,1.7038,464,0.3361,1357.414201
2026-09-26T03:35:06.973Z,PEPE,-0.7596,0.006,0.000004454,1357.414201
2026-09-26T03:35:06.973Z,DYDX,2.8666,186.2,0.13335,1357.414201
2026-09-26T03:35:06.973Z,KITE,0.2015,189.7,0.13947,1357.414201
2026-09-26T03:35:06.973Z,CRV,0.8773,479.4,0.3501,1357.414201
2026-09-26T03:35:06.973Z,ENJ,2.4008,40.88,0.02941,1357.414201
2026-09-26T03:35:06.973Z,ATOM,0.2361,2460,1.808,1357.414201
2026-09-26T03:35:06.973Z,ICP,3.9073,4426,3.138,1357.414201
2026-09-26T03:35:06.973Z,SPACE,-0.876,6.807,0.005059,1357.414201
2026-09-26T03:35:06.973Z,DOT,0.099,1646,1.2114,1357.414201
2026-09-26T03:35:06.973Z,ETHFI,0.5101,972.5,0.7128,1357.414201
2026-09-26T03:35:06.973Z,CC,-2.0455,178,0.13387,1357.414201
2026-09-26T03:35:06.973Z,SYRUP,-0.6132,296.8,0.22,1357.414201
2026-09-26T03:35:06.973Z,TAO,-3.4441,410500,313.2,1357.414201
2026-09-26T03:35:06.973Z,GRAM,0.7921,1977,1.445,1357.414201
2026-09-26T03:35:06.973Z,RAY,5.3842,2860,1.9993,1357.414201
2026-09-26T03:35:06.973Z,RENDER,1.0894,2636,1.921,1357.414201
2026-09-26T03:35:06.973Z,GRASS,-10.0773,610.8,0.5004,1357.414201
2026-09-26T03:35:06.973Z,MINA,1.5349,192.5,0.13967,1357.414201
2026-09-26T03:35:06.973Z,POL,0.3368,161.3,0.11843,1357.414201
2026-09-26T03:35:06.973Z,ENA,-7.1116,337.5,0.26767,1357.414201
2026-09-26T03:35:06.973Z,SAND,-0.5421,60.55,0.04485,1357.414201
2026-09-26T03:35:06.973Z,AERO,-1.4003,1196,0.8936,1357.414201
2026-09-26T03:35:06.973Z,KGEN,-1.568,223,0.1669,1357.414201
2026-09-26T03:35:06.973Z,LIT,1.2346,6640,4.832,1357.414201
2026-09-26T03:35:06.973Z,MANA,-2.8534,120,0.091,1357.414201
2026-09-26T03:35:06.973Z,BAND,-5.4575,284.9,0.222,1357.414201
2026-09-26T03:35:06.973Z,APE,-0.2348,208.7,0.15411,1357.414201
2026-09-26T03:35:06.973Z,GMT,1.587,12.11,0.008782,1357.414201
2026-09-26T03:35:06.973Z,VIRTUAL,0.8079,1062,0.7761,1357.414201
2026-09-26T03:35:06.973Z,LPT,-3.2152,2261,1.721,1357.414201
2026-09-26T03:35:06.973Z,DATA,-0.7888,308.8,0.2293,1357.414201
2026-09-26T03:35:06.973Z,THETA,-4.4732,302,0.2329,1357.414201
2026-09-26T03:35:06.973Z,GRT,3.4032,38.88,0.0277,1357.414201
2026-09-26T03:35:06.973Z,LAYER,-1.1142,106.9,0.07964,1357.414201
2026-09-26T03:35:06.973Z,NMR,-1.005,13130,9.771,1357.414201
2026-09-26T03:35:06.973Z,EIGEN,-8.8616,321.9,0.2602,1357.414201
2026-09-26T03:35:06.973Z,BAT,0.9425,125.1,0.0913,1357.414201
2026-09-26T03:35:06.973Z,SPK,-4.6118,30.7,0.02371,1357.414201
2026-09-26T03:35:06.973Z,PUMP,-9.9235,5.276,0.004315,1357.414201
2026-09-26T03:35:06.973Z,KMNO,-3.0435,55.5,0.04217,1357.414201
2026-09-26T03:35:06.973Z,CHZ,0.7617,22.65,0.01656,1357.414201
2026-09-26T03:35:06.973Z,PENGU,0.7501,13.97,0.010215,1357.414201
2026-09-26T03:35:06.973Z,OP,3.0836,199.9,0.14286,1357.414201
2026-09-26T03:35:06.973Z,UMA,0.3083,558.8,0.4104,1357.414201
2026-09-26T03:35:06.973Z,ZRO,3.4913,2204,1.5689,1357.414201
2026-09-26T03:35:06.973Z,S,1.5425,56.03,0.04065,1357.414201
2026-09-26T03:35:06.973Z,IMX,0.37,216.9,0.1592,1357.414201
2026-09-26T03:35:06.973Z,A,-0.1827,138,0.10185,1357.414201
2026-09-26T03:35:06.973Z,ATH,-3.5023,8.04,0.006138,1357.414201
2026-09-26T03:35:06.973Z,COMP,6.5266,34950,24.17,1357.414201
2026-09-26T03:35:06.973Z,CVX,-4.7179,2654,2.052,1357.414201
2026-09-26T03:35:06.973Z,AXS,-2.5286,1550,1.1715,1357.414201
2026-09-26T03:35:06.973Z,WCT,-0.3684,58.83,0.0435,1357.414201
2026-09-26T03:35:06.973Z,ME,1.2514,106.2,0.07727,1357.414201
2026-09-26T03:35:06.973Z,ASTER,0.9336,1004,0.7328,1357.414201
2026-09-26T03:35:06.973Z,GMX,1.0814,11210,8.17,1357.414201
2026-09-26T03:35:06.973Z,MORPHO,3.6028,3810,2.7092,1357.414201
2026-09-26T03:35:06.973Z,MON,-1.3798,35.02,0.02616,1357.414201
2026-09-26T03:35:06.973Z,1INCH,-2.0227,136.6,0.10271,1357.414201
2026-09-26T03:35:06.973Z,SKY,1.027,105.8,0.07715,1357.414201
2026-09-26T03:35:06.973Z,YGG,-1.8546,36.53,0.02742,1357.414201
2026-09-26T03:35:06.973Z,BIO,2.238,45.02,0.03244,1357.414201
2026-09-26T03:35:06.973Z,MOVE,-3.9693,12.54,0.00962,1357.414201
2026-09-26T03:35:06.973Z,GALA,-9.9519,2.628,0.00215,1357.414201
2026-09-26T03:35:06.973Z,ZK,-0.9729,17.14,0.012751,1357.414201
2026-09-26T03:35:06.973Z,ENS,-0.2587,9610,7.098,1357.414201
2026-09-26T03:35:06.973Z,INJ,4.3777,11040,7.792,1357.414201
2026-09-26T03:35:06.973Z,KAITO,0.2062,484.1,0.3559,1357.414201
2026-09-26T03:35:06.973Z,LDO,-1.5316,650,0.4863,1357.414201
2026-09-26T03:35:06.973Z,BLUR,-0.7645,28.18,0.02092,1357.414201
2026-09-26T03:35:06.973Z,AUCTION,-1.0724,5170,3.85,1357.414201
2026-09-26T03:35:06.973Z,ZETA,2.0176,74.35,0.05369,1357.414201
2026-09-26T03:35:06.973Z,WIF,-2.9268,325.6,0.2471,1357.414201
2026-09-26T03:35:06.973Z,KSM,-0.4297,6370,4.713,1357.414201
2026-09-26T03:40:06.994Z,BTC,0.026,113998000,83959.9,1357.414201
2026-09-26T03:40:06.994Z,XRP,0.0485,2119,1.5603,1357.414201
2026-09-26T03:40:06.994Z,SOL,0.0924,164100,120.78,1357.414201
2026-09-26T03:40:06.994Z,ETH,-0.0008,3649000,2688.22,1357.414201
2026-09-26T03:40:06.994Z,FIL,0.2838,1410,1.0358,1357.414201
2026-09-26T03:40:06.994Z,TRX,-0.0966,457.4,0.33729,1357.414201
2026-09-26T03:40:06.994Z,BNB,-0.164,1050000,774.8,1357.414201
2026-09-26T03:40:06.994Z,WLD,0.0291,654.6,0.4821,1357.414201
2026-09-26T03:40:06.994Z,FLOW,-1.0778,41.68,0.03104,1357.414201
2026-09-26T03:40:06.994Z,LINK,-0.3123,19050,14.078,1357.414201
2026-09-26T03:40:06.994Z,DOGE,-0.0329,133.2,0.09816,1357.414201
2026-09-26T03:40:06.994Z,SUI,0.0434,1589,1.1701,1357.414201
2026-09-26T03:40:06.994Z,XLM,0.052,297.7,0.2192,1357.414201
2026-09-26T03:40:06.994Z,BCH,0.5914,460700,337.4,1357.414201
2026-09-26T03:40:06.994Z,AVAX,0.2888,14520,10.666,1357.414201
2026-09-26T03:40:06.994Z,ETC,2.7003,13160,9.44,1357.414201
2026-09-26T03:40:06.994Z,AAVE,-0.0435,209100,154.11,1357.414201
2026-09-26T03:40:06.994Z,ADA,0.1069,349.5,0.2572,1357.414201
2026-09-26T03:40:06.994Z,HYPE,0.0996,125300,92.216,1357.414201
2026-09-26T03:40:06.994Z,SEI,-0.1025,98.61,0.07272,1357.414201
2026-09-26T03:40:06.994Z,HBAR,-0.3708,127.8,0.0945,1357.414201
2026-09-26T03:40:06.994Z,ARB,0.4644,302.5,0.22182,1357.414201
2026-09-26T03:40:06.994Z,JTO,-0.2265,780.1,0.576,1357.414201
2026-09-26T03:40:06.994Z,ONDO,0.0064,730.2,0.5379,1357.414201
2026-09-26T03:40:06.994Z,QTUM,0.3638,1399,1.0269,1357.414201
2026-09-26T03:40:06.994Z,PYTH,-0.0897,99.26,0.07319,1357.414201
2026-09-26T03:40:06.994Z,APT,1.1286,1166,0.8494,1357.414201
2026-09-26T03:40:06.994Z,UNI,-3.4459,12590,9.606,1357.414201
2026-09-26T03:40:06.994Z,TIA,1.7247,672.6,0.4871,1357.414201
2026-09-26T03:40:06.994Z,ALGO,0.1855,160.2,0.1178,1357.414201
2026-09-26T03:40:06.994Z,NEAR,-0.1436,6635,4.895,1357.414201
2026-09-26T03:40:06.994Z,ZIL,-5.0051,4.9,0.0038,1357.414201
2026-09-26T03:40:06.994Z,SUSHI,-2.8166,348,0.2638,1357.414201
2026-09-26T03:40:06.994Z,PENDLE,-0.0012,3422,2.521,1357.414201
2026-09-26T03:40:06.994Z,XTZ,0.1878,444.3,0.3267,1357.414201
2026-09-26T03:40:06.994Z,W,-0.8458,16.45,0.012222,1357.414201
2026-09-26T03:40:06.994Z,AR,-5.3883,5855,4.559,1357.414201
2026-09-26T03:40:06.994Z,SHIB,-0.7484,0.008,0.000005938,1357.414201
2026-09-26T03:40:06.994Z,CELO,1.1456,135.8,0.09891,1357.414201
2026-09-26T03:40:06.994Z,STX,-0.1665,443,0.3269,1357.414201
2026-09-26T03:40:06.994Z,JUP,1.0125,464,0.3384,1357.414201
2026-09-26T03:40:06.994Z,PEPE,-0.7818,0.006,0.000004455,1357.414201
2026-09-26T03:40:06.994Z,DYDX,2.7433,186.2,0.13351,1357.414201
2026-09-26T03:40:06.994Z,KITE,0.5041,189.7,0.13905,1357.414201
2026-09-26T03:40:06.994Z,CRV,0.8773,479.4,0.3501,1357.414201
2026-09-26T03:40:06.994Z,ENJ,2.366,40.88,0.02942,1357.414201
2026-09-26T03:40:06.994Z,ATOM,0.1254,2460,1.81,1357.414201
2026-09-26T03:40:06.994Z,ICP,3.8742,4426,3.139,1357.414201
2026-09-26T03:40:06.994Z,SPACE,-0.6797,6.807,0.005049,1357.414201
2026-09-26T03:40:06.994Z,DOT,0.066,1646,1.2118,1357.414201
2026-09-26T03:40:06.994Z,ETHFI,0.3552,972.5,0.7139,1357.414201
2026-09-26T03:40:06.994Z,CC,-2.1697,178,0.13404,1357.414201
2026-09-26T03:40:06.994Z,SYRUP,-0.7034,296.8,0.2202,1357.414201
2026-09-26T03:40:06.994Z,TAO,-3.5365,410500,313.5,1357.414201
2026-09-26T03:40:06.994Z,GRAM,0.7224,1977,1.446,1357.414201
2026-09-26T03:40:06.994Z,RAY,5.3526,2860,1.9999,1357.414201
2026-09-26T03:40:06.994Z,RENDER,0.9843,2636,1.923,1357.414201
2026-09-26T03:40:06.994Z,GRASS,-10.185,610.8,0.501,1357.414201
2026-09-26T03:40:06.994Z,MINA,1.4042,192.5,0.13985,1357.414201
2026-09-26T03:40:06.994Z,POL,0.2521,161.3,0.11853,1357.414201
2026-09-26T03:40:06.994Z,ENA,-7.1948,337.5,0.26791,1357.414201
2026-09-26T03:40:06.994Z,SAND,-0.6307,60.55,0.04489,1357.414201
2026-09-26T03:40:06.994Z,AERO,-1.8943,1196,0.8981,1357.414201
2026-09-26T03:40:06.994Z,KGEN,-1.568,223,0.1669,1357.414201
2026-09-26T03:40:06.994Z,LIT,1.2744,6640,4.8301,1357.414201
2026-09-26T03:40:06.994Z,MANA,-2.9068,120,0.09105,1357.414201
2026-09-26T03:40:06.994Z,BAND,-5.5851,284.9,0.2223,1357.414201
2026-09-26T03:40:06.994Z,APE,-0.293,208.7,0.1542,1357.414201
2026-09-26T03:40:06.994Z,GMT,1.4484,12.11,0.008794,1357.414201
2026-09-26T03:40:06.994Z,VIRTUAL,0.743,1062,0.7766,1357.414201
2026-09-26T03:40:06.994Z,LPT,-3.1026,2261,1.719,1357.414201
2026-09-26T03:40:06.994Z,DATA,-0.832,308.8,0.2294,1357.414201
2026-09-26T03:40:06.994Z,THETA,-4.35,302,0.2326,1357.414201
2026-09-26T03:40:06.994Z,GRT,3.1426,38.88,0.02777,1357.414201
2026-09-26T03:40:06.994Z,LAYER,-1.0023,106.9,0.07955,1357.414201
2026-09-26T03:40:06.994Z,NMR,-0.9036,13130,9.761,1357.414201
2026-09-26T03:40:06.994Z,EIGEN,-9.2105,321.9,0.2612,1357.414201
2026-09-26T03:40:06.994Z,BAT,0.8762,125.1,0.09136,1357.414201
2026-09-26T03:40:06.994Z,SPK,-4.7324,30.7,0.02374,1357.414201
2026-09-26T03:40:06.994Z,PUMP,-9.7771,5.276,0.004308,1357.414201
2026-09-26T03:40:06.994Z,KMNO,-3.4784,55.5,0.04236,1357.414201
2026-09-26T03:40:06.994Z,CHZ,0.5795,22.65,0.01659,1357.414201
2026-09-26T03:40:06.994Z,PENGU,0.8587,13.97,0.010204,1357.414201
2026-09-26T03:40:06.994Z,OP,3.0476,199.9,0.14291,1357.414201
2026-09-26T03:40:06.994Z,UMA,0.1131,558.8,0.4112,1357.414201
2026-09-26T03:40:06.994Z,ZRO,3.4254,2204,1.5699,1357.414201
2026-09-26T03:40:06.994Z,S,1.343,56.03,0.04073,1357.414201
2026-09-26T03:40:06.994Z,IMX,0.3196,216.9,0.15928,1357.414201
2026-09-26T03:40:06.994Z,A,-0.5538,138,0.10223,1357.414201
2026-09-26T03:40:06.994Z,ATH,-3.4394,8.04,0.006134,1357.414201
2026-09-26T03:40:06.994Z,COMP,6.5266,34950,24.17,1357.414201
2026-09-26T03:40:06.994Z,CVX,-4.7179,2654,2.052,1357.414201
2026-09-26T03:40:06.994Z,AXS,-2.512,1550,1.1713,1357.414201
2026-09-26T03:40:06.994Z,WCT,-0.4828,58.83,0.04355,1357.414201
2026-09-26T03:40:06.994Z,ME,1.1206,106.2,0.07737,1357.414201
2026-09-26T03:40:06.994Z,ASTER,0.8648,1004,0.7333,1357.414201
2026-09-26T03:40:06.994Z,GMX,1.0319,11210,8.174,1357.414201
2026-09-26T03:40:06.994Z,MORPHO,3.6793,3810,2.7072,1357.414201
2026-09-26T03:40:06.994Z,MON,-1.3043,35.02,0.02614,1357.414201
2026-09-26T03:40:06.994Z,1INCH,-2.0131,136.6,0.1027,1357.414201
2026-09-26T03:40:06.994Z,SKY,0.7527,105.8,0.07736,1357.414201
2026-09-26T03:40:06.994Z,YGG,-1.9619,36.53,0.02745,1357.414201
2026-09-26T03:40:06.994Z,BIO,2.1435,45.02,0.03247,1357.414201
2026-09-26T03:40:06.994Z,MOVE,-3.9094,12.54,0.009614,1357.414201
2026-09-26T03:40:06.994Z,GALA,-9.8261,2.628,0.002147,1357.414201
2026-09-26T03:40:06.994Z,ZK,-0.9884,17.14,0.012753,1357.414201
2026-09-26T03:40:06.994Z,ENS,-0.357,9610,7.105,1357.414201
2026-09-26T03:40:06.994Z,INJ,4.5118,11040,7.782,1357.414201
2026-09-26T03:40:06.994Z,KAITO,0.319,484.1,0.3555,1357.414201
2026-09-26T03:40:06.994Z,LDO,-1.1454,650,0.4844,1357.414201
2026-09-26T03:40:06.994Z,BLUR,-0.6696,28.18,0.0209,1357.414201
2026-09-26T03:40:06.994Z,AUCTION,-1.0981,5170,3.851,1357.414201
2026-09-26T03:40:06.994Z,ZETA,2.0366,74.35,0.05368,1357.414201
2026-09-26T03:40:06.994Z,WIF,-2.8482,325.6,0.2469,1357.414201
2026-09-26T03:40:06.994Z,KSM,-0.472,6370,4.715,1357.414201
2026-09-26T03:45:07.305Z,BTC,0.0509,113961000,83911.8,1357.414201
2026-09-26T03:45:07.305Z,XRP,0.1057,2116,1.5572,1357.414201
2026-09-26T03:45:07.305Z,SOL,0.0005,163800,120.67,1357.414201
2026-09-26T03:45:07.305Z,ETH,0.0243,3648000,2686.81,1357.414201
2026-09-26T03:45:07.305Z,FIL,0.5848,1410,1.0327,1357.414201
2026-09-26T03:45:07.305Z,TRX,-0.0759,457.4,0.33722,1357.414201
2026-09-26T03:45:07.305Z,BNB,-0.0995,1050000,774.3,1357.414201
2026-09-26T03:45:07.305Z,WLD,0.027,653.5,0.4813,1357.414201
2026-09-26T03:45:07.305Z,FLOW,-0.5331,41.68,0.03087,1357.414201
2026-09-26T03:45:07.305Z,LINK,0.093,19050,14.021,1357.414201
2026-09-26T03:45:07.305Z,DOGE,-0.0033,132.9,0.09791,1357.414201
2026-09-26T03:45:07.305Z,SUI,-0.0002,1586,1.1684,1357.414201
2026-09-26T03:45:07.305Z,XLM,-0.8911,294.1,0.21861,1357.414201
2026-09-26T03:45:07.305Z,BCH,0.8305,460700,336.6,1357.414201
2026-09-26T03:45:07.305Z,AVAX,0.386,14500,10.641,1357.414201
2026-09-26T03:45:07.305Z,ETC,2.9074,13160,9.421,1357.414201
2026-09-26T03:45:07.305Z,AAVE,0.3079,209100,153.57,1357.414201
2026-09-26T03:45:07.305Z,ADA,0.2628,349.5,0.2568,1357.414201
2026-09-26T03:45:07.305Z,HYPE,0.2888,125300,92.042,1357.414201
2026-09-26T03:45:07.305Z,SEI,-0.0613,98.61,0.07269,1357.414201
2026-09-26T03:45:07.305Z,HBAR,-0.1489,127.8,0.09429,1357.414201
2026-09-26T03:45:07.305Z,ARB,0.2634,301.5,0.22153,1357.414201
2026-09-26T03:45:07.305Z,JTO,0.0515,780.1,0.5744,1357.414201
2026-09-26T03:45:07.305Z,ONDO,-0.0924,728.8,0.5374,1357.414201
2026-09-26T03:45:07.305Z,QTUM,0.4714,1399,1.0258,1357.414201
2026-09-26T03:45:07.305Z,PYTH,0.3903,99.26,0.07284,1357.414201
2026-09-26T03:45:07.305Z,APT,1.3075,1166,0.8479,1357.414201
2026-09-26T03:45:07.305Z,UNI,-2.961,12590,9.558,1357.414201
2026-09-26T03:45:07.305Z,TIA,1.892,672.6,0.4863,1357.414201
2026-09-26T03:45:07.305Z,ALGO,0.484,160.2,0.11745,1357.414201
2026-09-26T03:45:07.305Z,NEAR,0.4309,6635,4.867,1357.414201
2026-09-26T03:45:07.305Z,ZIL,-5.0051,4.9,0.0038,1357.414201
2026-09-26T03:45:07.305Z,SUSHI,-2.3353,348,0.2625,1357.414201
2026-09-26T03:45:07.305Z,PENDLE,0.3571,3422,2.512,1357.414201
2026-09-26T03:45:07.305Z,XTZ,0.1878,444.3,0.3267,1357.414201
2026-09-26T03:45:07.305Z,W,-0.5936,16.45,0.012191,1357.414201
2026-09-26T03:45:07.305Z,AR,-4.9923,5855,4.54,1357.414201
2026-09-26T03:45:07.305Z,SHIB,-0.5474,0.008,0.000005926,1357.414201
2026-09-26T03:45:07.305Z,CELO,1.2685,135.8,0.09879,1357.414201
2026-09-26T03:45:07.305Z,STX,0.1091,443,0.326,1357.414201
2026-09-26T03:45:07.305Z,JUP,1.2519,464,0.3376,1357.414201
2026-09-26T03:45:07.305Z,PEPE,-0.6257,0.006,0.000004448,1357.414201
2026-09-26T03:45:07.305Z,DYDX,3.0443,186.2,0.13312,1357.414201
2026-09-26T03:45:07.305Z,KITE,0.6562,189.7,0.13884,1357.414201
2026-09-26T03:45:07.305Z,CRV,1.1373,479.4,0.3492,1357.414201
2026-09-26T03:45:07.305Z,ENJ,2.5054,40.88,0.02938,1357.414201
2026-09-26T03:45:07.305Z,ATOM,0.4027,2460,1.805,1357.414201
2026-09-26T03:45:07.305Z,ICP,3.9073,4426,3.138,1357.414201
2026-09-26T03:45:07.305Z,SPACE,-0.5418,6.807,0.005042,1357.414201
2026-09-26T03:45:07.305Z,DOT,0.2231,1646,1.2099,1357.414201
2026-09-26T03:45:07.305Z,ETHFI,0.4819,972.5,0.713,1357.414201
2026-09-26T03:45:07.305Z,CC,-2.5333,178,0.13454,1357.414201
2026-09-26T03:45:07.305Z,SYRUP,-0.568,296.8,0.2199,1357.414201
2026-09-26T03:45:07.305Z,TAO,-3.1968,410500,312.4,1357.414201
2026-09-26T03:45:07.305Z,GRAM,0.8619,1977,1.444,1357.414201
2026-09-26T03:45:07.305Z,RAY,5.3948,2860,1.9991,1357.414201
2026-09-26T03:45:07.305Z,RENDER,1.0894,2636,1.921,1357.414201
2026-09-26T03:45:07.305Z,GRASS,-9.9693,610.8,0.4998,1357.414201
2026-09-26T03:45:07.305Z,MINA,1.7242,192.5,0.13941,1357.414201
2026-09-26T03:45:07.305Z,POL,0.2437,161.3,0.11854,1357.414201
2026-09-26T03:45:07.305Z,ENA,-6.7877,337.5,0.26674,1357.414201
2026-09-26T03:45:07.305Z,SAND,-0.4089,60.55,0.04479,1357.414201
2026-09-26T03:45:07.305Z,AERO,-1.3561,1196,0.8932,1357.414201
2026-09-26T03:45:07.305Z,KGEN,-1.568,223,0.1669,1357.414201
2026-09-26T03:45:07.305Z,LIT,1.5941,6640,4.8149,1357.414201
2026-09-26T03:45:07.305Z,MANA,-2.6609,120,0.09082,1357.414201
2026-09-26T03:45:07.305Z,BAND,-5.4149,284.9,0.2219,1357.414201
2026-09-26T03:45:07.305Z,APE,-0.1181,208.7,0.15393,1357.414201
2026-09-26T03:45:07.305Z,GMT,1.7144,12.11,0.008771,1357.414201
2026-09-26T03:45:07.305Z,VIRTUAL,0.964,1062,0.7749,1357.414201
2026-09-26T03:45:07.305Z,LPT,-2.9332,2261,1.716,1357.414201
2026-09-26T03:45:07.305Z,DATA,-0.2231,308.8,0.228,1357.414201
2026-09-26T03:45:07.305Z,THETA,-4.0199,302,0.2318,1357.414201
2026-09-26T03:45:07.305Z,GRT,3.4779,38.88,0.02768,1357.414201
2026-09-26T03:45:07.305Z,LAYER,-0.9026,106.9,0.07947,1357.414201
2026-09-26T03:45:07.305Z,NMR,-0.9644,13130,9.767,1357.414201
2026-09-26T03:45:07.305Z,EIGEN,-9.4878,321.9,0.262,1357.414201
2026-09-26T03:45:07.305Z,BAT,0.9868,125.1,0.09126,1357.414201
2026-09-26T03:45:07.305Z,SPK,-5.132,30.7,0.02384,1357.414201
2026-09-26T03:45:07.305Z,PUMP,-9.9652,5.276,0.004317,1357.414201
2026-09-26T03:45:07.305Z,KMNO,-4.2021,55.5,0.04268,1357.414201
2026-09-26T03:45:07.305Z,CHZ,0.8226,22.65,0.01655,1357.414201
2026-09-26T03:45:07.305Z,PENGU,1.1065,13.97,0.010179,1357.414201
2026-09-26T03:45:07.305Z,OP,3.1486,199.9,0.14277,1357.414201
2026-09-26T03:45:07.305Z,UMA,0.2594,558.8,0.4106,1357.414201
2026-09-26T03:45:07.305Z,ZRO,3.5639,2204,1.5678,1357.414201
2026-09-26T03:45:07.305Z,S,1.5175,56.03,0.04066,1357.414201
2026-09-26T03:45:07.305Z,IMX,0.5279,216.9,0.15895,1357.414201
2026-09-26T03:45:07.305Z,A,-0.6898,138,0.10237,1357.414201
2026-09-26T03:45:07.305Z,ATH,-3.3449,8.04,0.006128,1357.414201
2026-09-26T03:45:07.305Z,COMP,6.9248,34950,24.08,1357.414201
2026-09-26T03:45:07.305Z,CVX,-4.5318,2654,2.048,1357.414201
2026-09-26T03:45:07.305Z,AXS,-2.3703,1550,1.1696,1357.414201
2026-09-26T03:45:07.305Z,WCT,-0.1618,58.83,0.04341,1357.414201
2026-09-26T03:45:07.305Z,ME,1.2121,106.2,0.0773,1357.414201
2026-09-26T03:45:07.305Z,ASTER,1.0854,1004,0.7317,1357.414201
2026-09-26T03:45:07.305Z,GMX,1.2053,11210,8.16,1357.414201
2026-09-26T03:45:07.305Z,MORPHO,3.6947,3810,2.7068,1357.414201
2026-09-26T03:45:07.305Z,MON,-1.2665,35.02,0.02613,1357.414201
2026-09-26T03:45:07.305Z,1INCH,-2.0608,136.6,0.10275,1357.414201
2026-09-26T03:45:07.305Z,SKY,0.7918,105.8,0.07733,1357.414201
2026-09-26T03:45:07.305Z,YGG,-1.8188,36.53,0.02741,1357.414201
2026-09-26T03:45:07.305Z,BIO,2.4591,45.02,0.03237,1357.414201
2026-09-26T03:45:07.305Z,MOVE,-3.7692,12.54,0.0096,1357.414201
2026-09-26T03:45:07.305Z,GALA,-9.6156,2.628,0.002142,1357.414201
2026-09-26T03:45:07.305Z,ZK,-0.9573,17.14,0.012749,1357.414201
2026-09-26T03:45:07.305Z,ENS,-0.1462,9610,7.09,1357.414201
2026-09-26T03:45:07.305Z,INJ,4.8216,11040,7.759,1357.414201
2026-09-26T03:45:07.305Z,KAITO,-0.081,480,0.3539,1357.414201
2026-09-26T03:45:07.305Z,LDO,-0.7561,650,0.4825,1357.414201
2026-09-26T03:45:07.305Z,BLUR,-0.3358,28.18,0.02083,1357.414201
2026-09-26T03:45:07.305Z,AUCTION,-0.9438,5170,3.845,1357.414201
2026-09-26T03:45:07.305Z,ZETA,2.2652,74.35,0.05356,1357.414201
2026-09-26T03:45:07.305Z,WIF,-2.6905,325.6,0.2465,1357.414201
2026-09-26T03:45:07.305Z,KSM,-0.324,6370,4.708,1357.414201
2026-09-26T03:50:06.970Z,BTC,0.0764,113988000,83910.3,1357.414201
2026-09-26T03:50:06.970Z,XRP,0.0158,2116,1.5586,1357.414201
2026-09-26T03:50:06.970Z,SOL,0.0005,163800,120.67,1357.414201
2026-09-26T03:50:06.970Z,ETH,0.0625,3649000,2686.52,1357.414201
2026-09-26T03:50:06.970Z,FIL,0.507,1410,1.0335,1357.414201
2026-09-26T03:50:06.970Z,TRX,-0.0759,457.4,0.33722,1357.414201
2026-09-26T03:50:06.970Z,BNB,-0.0479,1050000,773.9,1357.414201
2026-09-26T03:50:06.970Z,WLD,-0.0768,653.5,0.4818,1357.414201
2026-09-26T03:50:06.970Z,FLOW,-0.404,41.68,0.03083,1357.414201
2026-09-26T03:50:06.970Z,LINK,-0.0852,19050,14.046,1357.414201
2026-09-26T03:50:06.970Z,DOGE,-0.1296,132.8,0.09796,1357.414201
2026-09-26T03:50:06.970Z,SUI,-0.0182,1583,1.1664,1357.414201
2026-09-26T03:50:06.970Z,XLM,-0.0373,297,0.21888,1357.414201
2026-09-26T03:50:06.970Z,BCH,0.7407,460700,336.9,1357.414201
2026-09-26T03:50:06.970Z,AVAX,0.2541,14500,10.655,1357.414201
2026-09-26T03:50:06.970Z,ETC,2.8965,13160,9.422,1357.414201
2026-09-26T03:50:06.970Z,AAVE,-0.0435,209100,154.11,1357.414201
2026-09-26T03:50:06.970Z,ADA,0.1893,348.7,0.2564,1357.414201
2026-09-26T03:50:06.970Z,HYPE,0.4504,125300,91.894,1357.414201
2026-09-26T03:50:06.970Z,SEI,-0.1162,98.61,0.07273,1357.414201
2026-09-26T03:50:06.970Z,HBAR,-0.0641,127.8,0.09421,1357.414201
2026-09-26T03:50:06.970Z,ARB,0.0061,301.5,0.2221,1357.414201
2026-09-26T03:50:06.970Z,JTO,-0.5012,784.3,0.5807,1357.414201
2026-09-26T03:50:06.970Z,ONDO,-0.278,728.8,0.5384,1357.414201
2026-09-26T03:50:06.970Z,QTUM,0.5302,1399,1.0252,1357.414201
2026-09-26T03:50:06.970Z,PYTH,0.4041,99.26,0.07283,1357.414201
2026-09-26T03:50:06.970Z,APT,1.2955,1166,0.848,1357.414201
2026-09-26T03:50:06.970Z,UNI,-2.839,12590,9.546,1357.414201
2026-09-26T03:50:06.970Z,TIA,1.8292,672.6,0.4866,1357.414201
2026-09-26T03:50:06.970Z,ALGO,0.5782,160.2,0.11734,1357.414201
2026-09-26T03:50:06.970Z,NEAR,0.369,6635,4.87,1357.414201
2026-09-26T03:50:06.970Z,ZIL,-4.9301,4.9,0.003797,1357.414201
2026-09-26T03:50:06.970Z,SUSHI,-2.4839,348,0.2629,1357.414201
2026-09-26T03:50:06.970Z,PENDLE,0.1975,3422,2.516,1357.414201
2026-09-26T03:50:06.970Z,XTZ,0.3106,444.3,0.3263,1357.414201
2026-09-26T03:50:06.970Z,W,-0.7483,16.45,0.01221,1357.414201
2026-09-26T03:50:06.970Z,AR,-5.0342,5855,4.542,1357.414201
2026-09-26T03:50:06.970Z,SHIB,-0.581,0.008,0.000005928,1357.414201
2026-09-26T03:50:06.970Z,CELO,1.1968,135.8,0.09886,1357.414201
2026-09-26T03:50:06.970Z,STX,0.2937,443,0.3254,1357.414201
2026-09-26T03:50:06.970Z,JUP,0.7446,464,0.3393,1357.414201
2026-09-26T03:50:06.970Z,PEPE,-0.648,0.006,0.000004449,1357.414201
2026-09-26T03:50:06.970Z,DYDX,2.9515,186.2,0.13324,1357.414201
2026-09-26T03:50:06.970Z,KITE,0.5765,189.7,0.13895,1357.414201
2026-09-26T03:50:06.970Z,CRV,1.1663,479.4,0.3491,1357.414201
2026-09-26T03:50:06.970Z,ENJ,2.5403,40.88,0.02937,1357.414201
2026-09-26T03:50:06.970Z,ATOM,0.1807,2460,1.809,1357.414201
2026-09-26T03:50:06.970Z,ICP,3.775,4426,3.142,1357.414201
2026-09-26T03:50:06.970Z,SPACE,-0.4629,6.807,0.005038,1357.414201
2026-09-26T03:50:06.970Z,DOT,0.0495,1646,1.212,1357.414201
2026-09-26T03:50:06.970Z,ETHFI,0.4396,972.5,0.7133,1357.414201
2026-09-26T03:50:06.970Z,CC,-1.3083,178,0.13287,1357.414201
2026-09-26T03:50:06.970Z,SYRUP,-0.568,296.8,0.2199,1357.414201
2026-09-26T03:50:06.970Z,TAO,-3.1968,410500,312.4,1357.414201
2026-09-26T03:50:06.970Z,GRAM,0.7224,1977,1.446,1357.414201
2026-09-26T03:50:06.970Z,RAY,5.7492,2860,1.9924,1357.414201
2026-09-26T03:50:06.970Z,RENDER,1.1421,2636,1.92,1357.414201
2026-09-26T03:50:06.970Z,GRASS,-9.9693,610.8,0.4998,1357.414201
2026-09-26T03:50:06.970Z,MINA,2.1566,192.5,0.13882,1357.414201
2026-09-26T03:50:06.970Z,POL,0.1508,161.3,0.11865,1357.414201
2026-09-26T03:50:06.970Z,ENA,-7.1428,337.5,0.26776,1357.414201
2026-09-26T03:50:06.970Z,SAND,-0.4089,60.55,0.04479,1357.414201
2026-09-26T03:50:06.970Z,AERO,-0.7673,1196,0.8879,1357.414201
2026-09-26T03:50:06.970Z,KGEN,-1.568,223,0.1669,1357.414201
2026-09-26T03:50:06.970Z,LIT,1.3835,6640,4.8249,1357.414201
2026-09-26T03:50:06.970Z,MANA,-2.6502,120,0.09081,1357.414201
2026-09-26T03:50:06.970Z,BAND,-5.3722,284.9,0.2218,1357.414201
2026-09-26T03:50:06.970Z,APE,-0.2218,208.7,0.15409,1357.414201
2026-09-26T03:50:06.970Z,GMT,1.6218,12.11,0.008779,1357.414201
2026-09-26T03:50:06.970Z,VIRTUAL,0.8989,1062,0.7754,1357.414201
2026-09-26T03:50:06.970Z,LPT,-2.7064,2261,1.712,1357.414201
2026-09-26T03:50:06.970Z,DATA,0.0842,308.8,0.2273,1357.414201
2026-09-26T03:50:06.970Z,THETA,-3.9785,302,0.2317,1357.414201
2026-09-26T03:50:06.970Z,GRT,3.2914,38.88,0.02773,1357.414201
2026-09-26T03:50:06.970Z,LAYER,-0.7903,106.9,0.07938,1357.414201
2026-09-26T03:50:06.970Z,NMR,-0.9036,13130,9.761,1357.414201
2026-09-26T03:50:06.970Z,EIGEN,-9.5223,321.9,0.2621,1357.414201
2026-09-26T03:50:06.970Z,BAT,1.0421,125.1,0.09121,1357.414201
2026-09-26T03:50:06.970Z,SPK,-4.9726,30.7,0.0238,1357.414201
2026-09-26T03:50:06.970Z,PUMP,-10.2355,5.276,0.00433,1357.414201
2026-09-26T03:50:06.970Z,KMNO,-4.2245,55.5,0.04269,1357.414201
2026-09-26T03:50:06.970Z,CHZ,0.7617,22.65,0.01656,1357.414201
2026-09-26T03:50:06.970Z,PENGU,1.3354,13.97,0.010156,1357.414201
2026-09-26T03:50:06.970Z,OP,2.9899,199.9,0.14299,1357.414201
2026-09-26T03:50:06.970Z,UMA,0.4306,558.8,0.4099,1357.414201
2026-09-26T03:50:06.970Z,ZRO,3.3135,2204,1.5716,1357.414201
2026-09-26T03:50:06.970Z,S,1.4426,56.03,0.04069,1357.414201
2026-09-26T03:50:06.970Z,IMX,0.6292,216.9,0.15879,1357.414201
2026-09-26T03:50:06.970Z,A,-0.6801,138,0.10236,1357.414201
2026-09-26T03:50:06.970Z,ATH,-3.2343,8.04,0.006121,1357.414201
2026-09-26T03:50:06.970Z,COMP,6.8804,34950,24.09,1357.414201
2026-09-26T03:50:06.970Z,CVX,-4.4852,2654,2.047,1357.414201
2026-09-26T03:50:06.970Z,AXS,-2.3369,1550,1.1692,1357.414201
2026-09-26T03:50:06.970Z,WCT,-0.1618,58.83,0.04341,1357.414201
2026-09-26T03:50:06.970Z,ME,1.3433,106.2,0.0772,1357.414201
2026-09-26T03:50:06.970Z,ASTER,1.0577,1004,0.7319,1357.414201
2026-09-26T03:50:06.970Z,GMX,1.1061,11210,8.168,1357.414201
2026-09-26T03:50:06.970Z,MORPHO,3.6372,3810,2.7083,1357.414201
2026-09-26T03:50:06.970Z,MON,-1.1909,35.02,0.02611,1357.414201
2026-09-26T03:50:06.970Z,1INCH,-2.0227,136.6,0.10271,1357.414201
2026-09-26T03:50:06.970Z,SKY,0.7918,105.8,0.07733,1357.414201
2026-09-26T03:50:06.970Z,YGG,-1.783,36.53,0.0274,1357.414201
2026-09-26T03:50:06.970Z,BIO,2.3958,45.02,0.03239,1357.414201
2026-09-26T03:50:06.970Z,MOVE,-3.7291,12.54,0.009596,1357.414201
2026-09-26T03:50:06.970Z,GALA,-9.6156,2.628,0.002142,1357.414201
2026-09-26T03:50:06.970Z,ZK,-0.9029,17.14,0.012742,1357.414201
2026-09-26T03:50:06.970Z,ENS,-0.1462,9610,7.09,1357.414201
2026-09-26T03:50:06.970Z,INJ,4.7811,11040,7.762,1357.414201
2026-09-26T03:50:06.970Z,KAITO,-0.2782,480,0.3546,1357.414201
2026-09-26T03:50:06.970Z,LDO,-0.7973,650,0.4827,1357.414201
2026-09-26T03:50:06.970Z,BLUR,-0.2879,28.18,0.02082,1357.414201
2026-09-26T03:50:06.970Z,AUCTION,-0.918,5170,3.844,1357.414201
2026-09-26T03:50:06.970Z,ZETA,2.1318,74.35,0.05363,1357.414201
2026-09-26T03:50:06.970Z,WIF,-2.73,325.6,0.2466,1357.414201
2026-09-26T03:50:06.970Z,KSM,-0.324,6370,4.708,1357.414201
2026-09-26T03:55:06.944Z,BTC,0.0767,113988000,83910,1357.414201
2026-09-26T03:55:06.944Z,XRP,0.0672,2116,1.5578,1357.414201
2026-09-26T03:55:06.944Z,SOL,0.0668,163800,120.59,1357.414201
2026-09-26T03:55:06.944Z,ETH,0.0347,3648000,2686.53,1357.414201
2026-09-26T03:55:06.944Z,FIL,0.5848,1410,1.0327,1357.414201
2026-09-26T03:55:06.944Z,TRX,-0.1232,457.4,0.33738,1357.414201
2026-09-26T03:55:06.944Z,BNB,-0.0608,1050000,774,1357.414201
2026-09-26T03:55:06.944Z,WLD,-0.0276,652.6,0.4809,1357.414201
2026-09-26T03:55:06.944Z,FLOW,-0.3717,41.68,0.03082,1357.414201
2026-09-26T03:55:06.944Z,LINK,0.0216,19050,14.031,1357.414201
2026-09-26T03:55:06.944Z,DOGE,0.058,132.9,0.09785,1357.414201
2026-09-26T03:55:06.944Z,SUI,0.027,1581,1.1644,1357.414201
2026-09-26T03:55:06.944Z,XLM,0.0175,297,0.21876,1357.414201
2026-09-26T03:55:06.944Z,BCH,0.7108,460700,337,1357.414201
2026-09-26T03:55:06.944Z,AVAX,0.4647,14510,10.64,1357.414201
2026-09-26T03:55:06.944Z,ETC,2.9402,13160,9.418,1357.414201
2026-09-26T03:55:06.944Z,AAVE,-0.0825,209100,154.17,1357.414201
2026-09-26T03:55:06.944Z,ADA,0.5029,348.7,0.2556,1357.414201
2026-09-26T03:55:06.944Z,HYPE,0.5018,125300,91.847,1357.414201
2026-09-26T03:55:06.944Z,SEI,0.1316,98.61,0.07255,1357.414201
2026-09-26T03:55:06.944Z,HBAR,0.0421,127.8,0.09411,1357.414201
2026-09-26T03:55:06.944Z,ARB,0.3798,302,0.22164,1357.414201
2026-09-26T03:55:06.944Z,JTO,0.1716,784.3,0.5768,1357.414201
2026-09-26T03:55:06.944Z,ONDO,-0.2224,728.8,0.5381,1357.414201
2026-09-26T03:55:06.944Z,QTUM,0.6481,1399,1.024,1357.414201
2026-09-26T03:55:06.944Z,PYTH,0.639,99.26,0.07266,1357.414201
2026-09-26T03:55:06.944Z,APT,1.3912,1166,0.8472,1357.414201
2026-09-26T03:55:06.944Z,UNI,-2.7575,12590,9.538,1357.414201
2026-09-26T03:55:06.944Z,TIA,1.9759,672.6,0.4859,1357.414201
2026-09-26T03:55:06.944Z,ALGO,0.6984,160.2,0.1172,1357.414201
2026-09-26T03:55:06.944Z,NEAR,0.2044,6635,4.878,1357.414201
2026-09-26T03:55:06.944Z,ZIL,-4.8047,4.9,0.003792,1357.414201
2026-09-26T03:55:06.944Z,SUSHI,-2.3725,348,0.2626,1357.414201
2026-09-26T03:55:06.944Z,PENDLE,0.1975,3422,2.516,1357.414201
2026-09-26T03:55:06.944Z,XTZ,0.4337,444.3,0.3259,1357.414201
2026-09-26T03:55:06.944Z,W,-0.9673,16.45,0.012237,1357.414201
2026-09-26T03:55:06.944Z,AR,-5.076,5855,4.544,1357.414201
2026-09-26T03:55:06.944Z,SHIB,-0.3962,0.008,0.000005917,1357.414201
2026-09-26T03:55:06.944Z,CELO,1.5254,135.8,0.09854,1357.414201
2026-09-26T03:55:06.944Z,STX,0.6339,443,0.3243,1357.414201
2026-09-26T03:55:06.944Z,JUP,1.162,464,0.3379,1357.414201
2026-09-26T03:55:06.944Z,PEPE,-0.581,0.006,0.000004446,1357.414201
2026-09-26T03:55:06.944Z,DYDX,2.9592,186.2,0.13323,1357.414201
2026-09-26T03:55:06.944Z,KITE,0.8596,189.7,0.13856,1357.414201
2026-09-26T03:55:06.944Z,CRV,1.4569,479.4,0.3481,1357.414201
2026-09-26T03:55:06.944Z,ENJ,2.6451,40.88,0.02934,1357.414201
2026-09-26T03:55:06.944Z,ATOM,0.5141,2460,1.803,1357.414201
2026-09-26T03:55:06.944Z,ICP,3.9073,4426,3.138,1357.414201
2026-09-26T03:55:06.944Z,SPACE,-0.4826,6.807,0.005039,1357.414201
2026-09-26T03:55:06.944Z,DOT,0.0412,1646,1.2121,1357.414201
2026-09-26T03:55:06.944Z,ETHFI,0.623,972.5,0.712,1357.414201
2026-09-26T03:55:06.944Z,CC,-1.3009,178,0.13286,1357.414201
2026-09-26T03:55:06.944Z,SYRUP,-0.5227,296.8,0.2198,1357.414201
2026-09-26T03:55:06.944Z,TAO,-3.0105,410500,311.8,1357.414201
2026-09-26T03:55:06.944Z,GRAM,0.7921,1977,1.445,1357.414201
2026-09-26T03:55:06.944Z,RAY,5.6962,2860,1.9934,1357.414201
2026-09-26T03:55:06.944Z,RENDER,1.1948,2636,1.919,1357.414201
2026-09-26T03:55:06.944Z,GRASS,-9.825,610.8,0.499,1357.414201
2026-09-26T03:55:06.944Z,MINA,2.0023,192.5,0.13903,1357.414201
2026-09-26T03:55:06.944Z,POL,0.3368,161.3,0.11843,1357.414201
2026-09-26T03:55:06.944Z,ENA,-7.2155,337.5,0.26797,1357.414201
2026-09-26T03:55:06.944Z,SAND,-0.2753,60.55,0.04473,1357.414201
2026-09-26T03:55:06.944Z,AERO,-0.0355,1196,0.8814,1357.414201
2026-09-26T03:55:06.944Z,KGEN,-1.2723,223,0.1664,1357.414201
2026-09-26T03:55:06.944Z,LIT,1.4866,6640,4.82,1357.414201
2026-09-26T03:55:06.944Z,MANA,-2.618,120,0.09078,1357.414201
2026-09-26T03:55:06.944Z,BAND,-5.2868,284.9,0.2216,1357.414201
2026-09-26T03:55:06.944Z,APE,-0.0597,208.7,0.15384,1357.414201
2026-09-26T03:55:06.944Z,GMT,1.6449,12.11,0.008777,1357.414201
2026-09-26T03:55:06.944Z,VIRTUAL,1.0683,1062,0.7741,1357.414201
2026-09-26T03:55:06.944Z,LPT,-2.8766,2261,1.715,1357.414201
2026-09-26T03:55:06.944Z,DATA,0.1282,308.8,0.2272,1357.414201
2026-09-26T03:55:06.944Z,THETA,-3.6041,302,0.2308,1357.414201
2026-09-26T03:55:06.944Z,GRT,3.5153,38.88,0.02767,1357.414201
2026-09-26T03:55:06.944Z,LAYER,-0.8402,106.9,0.07942,1357.414201
2026-09-26T03:55:06.944Z,NMR,-0.8019,13130,9.751,1357.414201
2026-09-26T03:55:06.944Z,EIGEN,-9.2105,321.9,0.2612,1357.414201
2026-09-26T03:55:06.944Z,BAT,1.1419,125.1,0.09112,1357.414201
2026-09-26T03:55:06.944Z,SPK,-4.9326,30.7,0.02379,1357.414201
2026-09-26T03:55:06.944Z,PUMP,-10.1317,5.276,0.004325,1357.414201
2026-09-26T03:55:06.944Z,KMNO,-4.4706,55.5,0.0428,1357.414201
2026-09-26T03:55:06.944Z,CHZ,0.7009,22.65,0.01657,1357.414201
2026-09-26T03:55:06.944Z,PENGU,1.7361,13.97,0.010116,1357.414201
2026-09-26T03:55:06.944Z,OP,0.4818,194.8,0.14282,1357.414201
2026-09-26T03:55:06.944Z,UMA,0.4306,558.8,0.4099,1357.414201
2026-09-26T03:55:06.944Z,ZRO,3.2741,2204,1.5722,1357.414201
2026-09-26T03:55:06.944Z,S,1.5175,56.03,0.04066,1357.414201
2026-09-26T03:55:06.944Z,IMX,0.5406,216.9,0.15893,1357.414201
2026-09-26T03:55:06.944Z,A,-0.4564,138,0.10213,1357.414201
2026-09-26T03:55:06.944Z,ATH,-2.933,8.04,0.006102,1357.414201
2026-09-26T03:55:06.944Z,COMP,7.2365,34950,24.01,1357.414201
2026-09-26T03:55:06.944Z,CVX,-4.4385,2654,2.046,1357.414201
2026-09-26T03:55:06.944Z,AXS,-2.3786,1550,1.1697,1357.414201
2026-09-26T03:55:06.944Z,WCT,-0.0236,58.83,0.04335,1357.414201
2026-09-26T03:55:06.944Z,ME,1.4484,106.2,0.07712,1357.414201
2026-09-26T03:55:06.944Z,ASTER,1.196,1004,0.7309,1357.414201
2026-09-26T03:55:06.944Z,GMX,0.8715,11210,8.187,1357.414201
2026-09-26T03:55:06.944Z,MORPHO,3.7023,3810,2.7066,1357.414201
2026-09-26T03:55:06.944Z,MON,-1.3421,35.02,0.02615,1357.414201
2026-09-26T03:55:06.944Z,1INCH,-1.9559,136.6,0.10264,1357.414201
2026-09-26T03:55:06.944Z,SKY,0.6227,105.8,0.07746,1357.414201
2026-09-26T03:55:06.944Z,YGG,-1.5674,36.53,0.02734,1357.414201
2026-09-26T03:55:06.944Z,BIO,2.4591,45.02,0.03237,1357.414201
2026-09-26T03:55:06.944Z,MOVE,-3.7592,12.54,0.009599,1357.414201
2026-09-26T03:55:06.944Z,GALA,-9.742,2.628,0.002145,1357.414201
2026-09-26T03:55:06.944Z,ZK,-0.8095,17.14,0.01273,1357.414201
2026-09-26T03:55:06.944Z,ENS,-0.1039,9610,7.087,1357.414201
2026-09-26T03:55:06.944Z,INJ,4.8892,11040,7.754,1357.414201
2026-09-26T03:55:06.944Z,KAITO,-0.0245,480,0.3537,1357.414201
2026-09-26T03:55:06.944Z,LDO,-0.6738,650,0.4821,1357.414201
2026-09-26T03:55:06.944Z,BLUR,-0.2879,28.18,0.02082,1357.414201
2026-09-26T03:55:06.944Z,AUCTION,-0.9695,5170,3.846,1357.414201
2026-09-26T03:55:06.944Z,ZETA,2.4182,74.35,0.05348,1357.414201
2026-09-26T03:55:06.944Z,WIF,-2.7694,325.6,0.2467,1357.414201
2026-09-26T03:55:06.944Z,KSM,-0.3028,6370,4.707,1357.414201
2026-09-26T04:00:06.846Z,BTC,0.0515,113952000,83904.6,1357.414201
2026-09-26T04:00:06.846Z,XRP,0.0672,2116,1.5578,1357.414201
2026-09-26T04:00:06.846Z,SOL,0.0751,163800,120.58,1357.414201
2026-09-26T04:00:06.846Z,ETH,0.0314,3648000,2686.62,1357.414201
2026-09-26T04:00:06.846Z,FIL,0.4195,1410,1.0344,1357.414201
2026-09-26T04:00:06.846Z,TRX,-0.0877,457.4,0.33726,1357.414201
2026-09-26T04:00:06.846Z,BNB,-0.0479,1050000,773.9,1357.414201
2026-09-26T04:00:06.846Z,WLD,-0.2459,652.8,0.4821,1357.414201
2026-09-26T04:00:06.846Z,FLOW,-0.4686,41.68,0.03085,1357.414201
2026-09-26T04:00:06.846Z,LINK,0.1001,19050,14.02,1357.414201
2026-09-26T04:00:06.846Z,DOGE,-0.0135,132.9,0.09792,1357.414201
2026-09-26T04:00:06.846Z,SUI,0.0255,1586,1.1681,1357.414201
2026-09-26T04:00:06.846Z,XLM,-1.3139,293.1,0.2188,1357.414201
2026-09-26T04:00:06.846Z,BCH,0.651,460700,337.2,1357.414201
2026-09-26T04:00:06.846Z,AVAX,0.6634,14510,10.619,1357.414201
2026-09-26T04:00:06.846Z,ETC,2.9183,13160,9.42,1357.414201
2026-09-26T04:00:06.846Z,AAVE,-0.2313,209100,154.4,1357.414201
2026-09-26T04:00:06.846Z,ADA,0.3459,348.7,0.256,1357.414201
2026-09-26T04:00:06.846Z,HYPE,0.5258,125300,91.825,1357.414201
2026-09-26T04:00:06.846Z,SEI,-0.4993,98.61,0.07301,1357.414201
2026-09-26T04:00:06.846Z,HBAR,-0.0853,127.8,0.09423,1357.414201
2026-09-26T04:00:06.846Z,ARB,0.19,302,0.22206,1357.414201
2026-09-26T04:00:06.846Z,JTO,0.189,784.3,0.5767,1357.414201
2026-09-26T04:00:06.846Z,ONDO,-0.5182,728.8,0.5397,1357.414201
2026-09-26T04:00:06.846Z,QTUM,0.491,1399,1.0256,1357.414201
2026-09-26T04:00:06.846Z,PYTH,0.4869,99.26,0.07277,1357.414201
2026-09-26T04:00:06.846Z,APT,1.2478,1166,0.8484,1357.414201
2026-09-26T04:00:06.846Z,UNI,-2.839,12590,9.546,1357.414201
2026-09-26T04:00:06.846Z,TIA,1.7874,672.6,0.4868,1357.414201
2026-09-26T04:00:06.846Z,ALGO,0.6984,160.2,0.1172,1357.414201
2026-09-26T04:00:06.846Z,NEAR,0.2661,6635,4.875,1357.414201
2026-09-26T04:00:06.846Z,ZIL,-4.8549,4.9,0.003794,1357.414201
2026-09-26T04:00:06.846Z,SUSHI,-2.4468,348,0.2628,1357.414201
2026-09-26T04:00:06.846Z,PENDLE,0.2772,3422,2.514,1357.414201
2026-09-26T04:00:06.846Z,XTZ,0.4029,444.3,0.326,1357.414201
2026-09-26T04:00:06.846Z,W,-1.0966,16.45,0.012253,1357.414201
2026-09-26T04:00:06.846Z,AR,-5.0342,5855,4.542,1357.414201
2026-09-26T04:00:06.846Z,SHIB,-0.4298,0.008,0.000005919,1357.414201
2026-09-26T04:00:06.846Z,CELO,1.33,135.8,0.09873,1357.414201
2026-09-26T04:00:06.846Z,STX,0.2142,440.2,0.3236,1357.414201
2026-09-26T04:00:06.846Z,JUP,1.0424,464,0.3383,1357.414201
2026-09-26T04:00:06.846Z,PEPE,-0.7373,0.006,0.000004453,1357.414201
2026-09-26T04:00:06.846Z,DYDX,2.9438,186.2,0.13325,1357.414201
2026-09-26T04:00:06.846Z,KITE,0.3742,189.7,0.13923,1357.414201
2026-09-26T04:00:06.846Z,CRV,1.0216,479.4,0.3496,1357.414201
2026-09-26T04:00:06.846Z,ENJ,2.5054,40.88,0.02938,1357.414201
2026-09-26T04:00:06.846Z,ATOM,0.3471,2460,1.806,1357.414201
2026-09-26T04:00:06.846Z,ICP,3.775,4426,3.142,1357.414201
2026-09-26T04:00:06.846Z,SPACE,-0.719,6.807,0.005051,1357.414201
2026-09-26T04:00:06.846Z,DOT,-0.1893,1646,1.2149,1357.414201
2026-09-26T04:00:06.846Z,ETHFI,0.496,972.5,0.7129,1357.414201
2026-09-26T04:00:06.846Z,CC,-0.9056,178,0.13233,1357.414201
2026-09-26T04:00:06.846Z,SYRUP,-0.5227,296.8,0.2198,1357.414201
2026-09-26T04:00:06.846Z,TAO,-2.9483,410500,311.6,1357.414201
2026-09-26T04:00:06.846Z,GRAM,0.5833,1977,1.448,1357.414201
2026-09-26T04:00:06.846Z,RAY,5.7545,2860,1.9923,1357.414201
2026-09-26T04:00:06.846Z,RENDER,0.5665,2621,1.92,1357.414201
2026-09-26T04:00:06.846Z,GRASS,-9.7889,610.8,0.4988,1357.414201
2026-09-26T04:00:06.846Z,MINA,2.039,192.5,0.13898,1357.414201
2026-09-26T04:00:06.846Z,POL,-0.1459,161.5,0.11915,1357.414201
2026-09-26T04:00:06.846Z,ENA,-8.253,337.5,0.271,1357.414201
2026-09-26T04:00:06.846Z,SAND,-0.3198,60.55,0.04475,1357.414201
2026-09-26T04:00:06.846Z,AERO,-0.3859,1196,0.8845,1357.414201
2026-09-26T04:00:06.846Z,KGEN,-1.3908,223,0.1666,1357.414201
2026-09-26T04:00:06.846Z,LIT,1.6828,6640,4.8107,1357.414201
2026-09-26T04:00:06.846Z,MANA,-2.5965,120,0.09076,1357.414201
2026-09-26T04:00:06.846Z,BAND,-5.3722,284.9,0.2218,1357.414201
2026-09-26T04:00:06.846Z,APE,-0.0207,208.7,0.15378,1357.414201
2026-09-26T04:00:06.846Z,GMT,1.6333,12.11,0.008778,1357.414201
2026-09-26T04:00:06.846Z,VIRTUAL,0.8729,1062,0.7756,1357.414201
2026-09-26T04:00:06.846Z,LPT,-2.9897,2261,1.717,1357.414201
2026-09-26T04:00:06.846Z,DATA,0.0842,308.8,0.2273,1357.414201
2026-09-26T04:00:06.846Z,THETA,-4.1027,302,0.232,1357.414201
2026-09-26T04:00:06.846Z,GRT,3.3659,38.88,0.02771,1357.414201
2026-09-26T04:00:06.846Z,LAYER,-0.8902,106.9,0.07946,1357.414201
2026-09-26T04:00:06.846Z,NMR,-0.8426,13130,9.755,1357.414201
2026-09-26T04:00:06.846Z,EIGEN,-9.6602,321.9,0.2625,1357.414201
2026-09-26T04:00:06.846Z,BAT,1.031,125.1,0.09122,1357.414201
2026-09-26T04:00:06.846Z,SPK,-4.8526,30.7,0.02377,1357.414201
2026-09-26T04:00:06.846Z,PUMP,-10.7303,5.276,0.004354,1357.414201
2026-09-26T04:00:06.846Z,KMNO,-4.493,55.5,0.04281,1357.414201
2026-09-26T04:00:06.846Z,CHZ,0.4584,22.65,0.01661,1357.414201
2026-09-26T04:00:06.846Z,PENGU,1.4753,13.97,0.010142,1357.414201
2026-09-26T04:00:06.846Z,OP,0.3062,194.8,0.14307,1357.414201
2026-09-26T04:00:06.846Z,UMA,0.4061,558.8,0.41,1357.414201
2026-09-26T04:00:06.846Z,ZRO,3.2675,2204,1.5723,1357.414201
2026-09-26T04:00:06.846Z,S,1.4426,56.03,0.04069,1357.414201
2026-09-26T04:00:06.846Z,IMX,0.4837,216.9,0.15902,1357.414201
2026-09-26T04:00:06.846Z,A,-0.4954,138,0.10217,1357.414201
2026-09-26T04:00:06.846Z,ATH,-3.2343,8.04,0.006121,1357.414201
2026-09-26T04:00:06.846Z,COMP,7.1027,34950,24.04,1357.414201
2026-09-26T04:00:06.846Z,CVX,-4.5784,2654,2.049,1357.414201
2026-09-26T04:00:06.846Z,AXS,-2.5536,1550,1.1718,1357.414201
2026-09-26T04:00:06.846Z,WCT,0.0456,58.83,0.04332,1357.414201
2026-09-26T04:00:06.846Z,ME,1.3433,106.2,0.0772,1357.414201
2026-09-26T04:00:06.846Z,ASTER,1.2376,1004,0.7306,1357.414201
2026-09-26T04:00:06.846Z,GMX,1.0814,11210,8.17,1357.414201
2026-09-26T04:00:06.846Z,MORPHO,3.7598,3810,2.7051,1357.414201
2026-09-26T04:00:06.846Z,MON,-1.4551,35.02,0.02618,1357.414201
2026-09-26T04:00:06.846Z,1INCH,-2.0036,136.6,0.10269,1357.414201
2026-09-26T04:00:06.846Z,SKY,0.3635,105.8,0.07766,1357.414201
2026-09-26T04:00:06.846Z,YGG,-1.7471,36.53,0.02739,1357.414201
2026-09-26T04:00:06.846Z,BIO,2.3642,45.02,0.0324,1357.414201
2026-09-26T04:00:06.846Z,MOVE,-3.8694,12.54,0.00961,1357.414201
2026-09-26T04:00:06.846Z,GALA,-9.8261,2.628,0.002147,1357.414201
2026-09-26T04:00:06.846Z,ZK,-0.8485,17.14,0.012735,1357.414201
2026-09-26T04:00:06.846Z,ENS,-0.0616,9610,7.084,1357.414201
2026-09-26T04:00:06.846Z,INJ,4.5925,11040,7.776,1357.414201
2026-09-26T04:00:06.846Z,KAITO,-0.2501,480,0.3545,1357.414201
2026-09-26T04:00:06.846Z,LDO,-0.8589,650,0.483,1357.414201
2026-09-26T04:00:06.846Z,BLUR,-0.3358,28.18,0.02083,1357.414201
2026-09-26T04:00:06.846Z,AUCTION,-0.9953,5170,3.847,1357.414201
2026-09-26T04:00:06.846Z,ZETA,2.208,74.35,0.05359,1357.414201
2026-09-26T04:00:06.846Z,WIF,-3.0445,325.6,0.2474,1357.414201
2026-09-26T04:00:06.846Z,KSM,-0.4086,6370,4.712,1357.414201
2026-09-26T04:05:06.754Z,BTC,0.0338,114000000,83954.8,1357.414201
2026-09-26T04:05:06.754Z,XRP,0.1191,2119,1.5592,1357.414201
2026-09-26T04:05:06.754Z,SOL,-0.0657,163800,120.75,1357.414201
2026-09-26T04:05:06.754Z,ETH,0.0548,3651000,2688.2,1357.414201
2026-09-26T04:05:06.754Z,FIL,-0.0347,1410,1.0391,1357.414201
2026-09-26T04:05:06.754Z,TRX,-0.0847,457.4,0.33725,1357.414201
2026-09-26T04:05:06.754Z,BNB,-0.035,1050000,773.8,1357.414201
2026-09-26T04:05:06.754Z,WLD,-0.317,654.5,0.4837,1357.414201
2026-09-26T04:05:06.754Z,FLOW,-1.046,41.68,0.03103,1357.414201
2026-09-26T04:05:06.754Z,LINK,-0.291,19050,14.075,1357.414201
2026-09-26T04:05:06.754Z,DOGE,-0.1461,132.9,0.09805,1357.414201
2026-09-26T04:05:06.754Z,SUI,0.1729,1595,1.173,1357.414201
2026-09-26T04:05:06.754Z,XLM,-0.05,297.6,0.21935,1357.414201
2026-09-26T04:05:06.754Z,BCH,0.5318,460700,337.6,1357.414201
2026-09-26T04:05:06.754Z,AVAX,0.2198,14510,10.666,1357.414201
2026-09-26T04:05:06.754Z,ETC,2.7003,13160,9.44,1357.414201
2026-09-26T04:05:06.754Z,AAVE,-0.6752,209100,155.09,1357.414201
2026-09-26T04:05:06.754Z,ADA,0.1893,348.7,0.2564,1357.414201
2026-09-26T04:05:06.754Z,HYPE,0.1963,125100,91.98,1357.414201
2026-09-26T04:05:06.754Z,SEI,-1.4442,98.61,0.07371,1357.414201
2026-09-26T04:05:06.754Z,HBAR,-0.3497,127.8,0.09448,1357.414201
2026-09-26T04:05:06.754Z,ARB,-0.4511,302,0.22349,1357.414201
2026-09-26T04:05:06.754Z,JTO,-0.0537,784.3,0.5781,1357.414201
2026-09-26T04:05:06.754Z,ONDO,-0.2387,736.4,0.5438,1357.414201
2026-09-26T04:05:06.754Z,QTUM,0.0229,1399,1.0304,1357.414201
2026-09-26T04:05:06.754Z,PYTH,-0.2397,99.26,0.0733,1357.414201
2026-09-26T04:05:06.754Z,APT,0.6664,1166,0.8533,1357.414201
2026-09-26T04:05:06.754Z,UNI,-3.3352,12590,9.595,1357.414201
2026-09-26T04:05:06.754Z,TIA,1.4747,672.6,0.4883,1357.414201
2026-09-26T04:05:06.754Z,ALGO,0.836,160.2,0.11704,1357.414201
2026-09-26T04:05:06.754Z,NEAR,0.2455,6635,4.876,1357.414201
2026-09-26T04:05:06.754Z,ZIL,-5.0301,4.9,0.003801,1357.414201
2026-09-26T04:05:06.754Z,SUSHI,-2.8534,348,0.2639,1357.414201
2026-09-26T04:05:06.754Z,PENDLE,-0.1991,3422,2.526,1357.414201
2026-09-26T04:05:06.754Z,XTZ,0.1571,444.3,0.3268,1357.414201
2026-09-26T04:05:06.754Z,W,-1.5386,16.45,0.012308,1357.414201
2026-09-26T04:05:06.754Z,AR,-5.326,5855,4.556,1357.414201
2026-09-26T04:05:06.754Z,SHIB,-0.648,0.008,0.000005932,1357.414201
2026-09-26T04:05:06.754Z,CELO,1.6079,135.8,0.09846,1357.414201
2026-09-26T04:05:06.754Z,STX,-0.3708,440.2,0.3255,1357.414201
2026-09-26T04:05:06.754Z,JUP,0.3012,464,0.3408,1357.414201
2026-09-26T04:05:06.754Z,PEPE,-0.8931,0.006,0.00000446,1357.414201
2026-09-26T04:05:06.754Z,DYDX,2.5129,186.2,0.13381,1357.414201
2026-09-26T04:05:06.754Z,KITE,0.1871,189.7,0.13949,1357.414201
2026-09-26T04:05:06.754Z,CRV,0.9061,479.4,0.35,1357.414201
2026-09-26T04:05:06.754Z,ENJ,2.0538,40.88,0.02951,1357.414201
2026-09-26T04:05:06.754Z,ATOM,0.1661,2461,1.81,1357.414201
2026-09-26T04:05:06.754Z,ICP,3.6101,4426,3.147,1357.414201
2026-09-26T04:05:06.754Z,SPACE,-0.7387,6.807,0.005052,1357.414201
2026-09-26T04:05:06.754Z,DOT,-0.3943,1646,1.2174,1357.414201
2026-09-26T04:05:06.754Z,ETHFI,0.0329,972.5,0.7162,1357.414201
2026-09-26T04:05:06.754Z,CC,-0.8156,178,0.13221,1357.414201
2026-09-26T04:05:06.754Z,SYRUP,-0.7034,296.8,0.2202,1357.414201
2026-09-26T04:05:06.754Z,TAO,-3.1658,410500,312.3,1357.414201
2026-09-26T04:05:06.754Z,GRAM,0.3062,1977,1.452,1357.414201
2026-09-26T04:05:06.754Z,RAY,5.3421,2860,2.0001,1357.414201
2026-09-26T04:05:06.754Z,RENDER,0.2012,2621,1.927,1357.414201
2026-09-26T04:05:06.754Z,GRASS,-9.5531,610.8,0.4975,1357.414201
2026-09-26T04:05:06.754Z,MINA,1.7023,192.5,0.13944,1357.414201
2026-09-26T04:05:06.754Z,POL,-0.4133,161.5,0.11947,1357.414201
2026-09-26T04:05:06.754Z,ENA,-9.1978,337.5,0.27382,1357.414201
2026-09-26T04:05:06.754Z,SAND,-0.6528,60.55,0.0449,1357.414201
2026-09-26T04:05:06.754Z,AERO,-0.1827,1196,0.8827,1357.414201
2026-09-26T04:05:06.754Z,KGEN,-1.568,223,0.1669,1357.414201
2026-09-26T04:05:06.754Z,LIT,1.4403,6640,4.8222,1357.414201
2026-09-26T04:05:06.754Z,MANA,-2.992,120,0.09113,1357.414201
2026-09-26T04:05:06.754Z,BAND,-5.5851,284.9,0.2223,1357.414201
2026-09-26T04:05:06.754Z,APE,-0.5767,208.7,0.15464,1357.414201
2026-09-26T04:05:06.754Z,GMT,1.3447,12.11,0.008803,1357.414201
2026-09-26T04:05:06.754Z,VIRTUAL,0.6522,1062,0.7773,1357.414201
2026-09-26T04:05:06.754Z,LPT,-3.4955,2261,1.726,1357.414201
2026-09-26T04:05:06.754Z,DATA,0.3048,308.8,0.2268,1357.414201
2026-09-26T04:05:06.754Z,THETA,-4.6779,302,0.2334,1357.414201
2026-09-26T04:05:06.754Z,GRT,3.2541,38.88,0.02774,1357.414201
2026-09-26T04:05:06.754Z,LAYER,-1.0769,106.9,0.07961,1357.414201
2026-09-26T04:05:06.754Z,NMR,-0.8019,13130,9.751,1357.414201
2026-09-26T04:05:06.754Z,EIGEN,-9.5568,321.9,0.2622,1357.414201
2026-09-26T04:05:06.754Z,BAT,0.788,125.1,0.09144,1357.414201
2026-09-26T04:05:06.754Z,SPK,-5.7645,30.7,0.024,1357.414201
2026-09-26T04:05:06.754Z,PUMP,-11.4018,5.276,0.004387,1357.414201
2026-09-26T04:05:06.754Z,KMNO,-4.5376,55.5,0.04283,1357.414201
2026-09-26T04:05:06.754Z,CHZ,0.217,22.65,0.01665,1357.414201
2026-09-26T04:05:06.754Z,PENGU,1.3554,13.97,0.010154,1357.414201
2026-09-26T04:05:06.754Z,OP,0.1243,194.8,0.14333,1357.414201
2026-09-26T04:05:06.754Z,UMA,0.3816,558.8,0.4101,1357.414201
2026-09-26T04:05:06.754Z,ZRO,3.307,2204,1.5717,1357.414201
2026-09-26T04:05:06.754Z,S,1.1691,56.03,0.0408,1357.414201
2026-09-26T04:05:06.754Z,IMX,0.1813,216.9,0.1595,1357.414201
2026-09-26T04:05:06.754Z,A,0.5923,140,0.10253,1357.414201
2026-09-26T04:05:06.754Z,ATH,-3.5495,8.04,0.006141,1357.414201
2026-09-26T04:05:06.754Z,COMP,7.0581,34950,24.05,1357.414201
2026-09-26T04:05:06.754Z,CVX,-4.5784,2654,2.049,1357.414201
2026-09-26T04:05:06.754Z,AXS,-3.239,1550,1.1801,1357.414201
2026-09-26T04:05:06.754Z,WCT,-0.5056,58.83,0.04356,1357.414201
2026-09-26T04:05:06.754Z,ME,1.0161,106.2,0.07745,1357.414201
2026-09-26T04:05:06.754Z,ASTER,1.2099,1004,0.7308,1357.414201
2026-09-26T04:05:06.754Z,GMX,0.9578,11210,8.18,1357.414201
2026-09-26T04:05:06.754Z,MORPHO,3.6564,3810,2.7078,1357.414201
2026-09-26T04:05:06.754Z,MON,-1.7553,35.02,0.02626,1357.414201
2026-09-26T04:05:06.754Z,1INCH,-2.156,136.6,0.10285,1357.414201
2026-09-26T04:05:06.754Z,SKY,0.9485,105.8,0.07721,1357.414201
2026-09-26T04:05:06.754Z,YGG,-2.1757,36.53,0.02751,1357.414201
2026-09-26T04:05:06.754Z,BIO,1.7362,45.02,0.0326,1357.414201
2026-09-26T04:05:06.754Z,MOVE,-4.2579,12.54,0.009649,1357.414201
2026-09-26T04:05:06.754Z,GALA,-10.2441,2.628,0.002157,1357.414201
2026-09-26T04:05:06.754Z,ZK,-1.4982,17.14,0.012819,1357.414201
2026-09-26T04:05:06.754Z,ENS,-0.385,9610,7.107,1357.414201
2026-09-26T04:05:06.754Z,INJ,4.7002,11040,7.768,1357.414201
2026-09-26T04:05:06.754Z,KAITO,-0.6425,480,0.3559,1357.414201
2026-09-26T04:05:06.754Z,LDO,-1.2881,650,0.4851,1357.414201
2026-09-26T04:05:06.754Z,BLUR,-0.622,28.18,0.02089,1357.414201
2026-09-26T04:05:06.754Z,AUCTION,-1.1238,5170,3.852,1357.414201
2026-09-26T04:05:06.754Z,ZETA,2.2652,74.35,0.05356,1357.414201
2026-09-26T04:05:06.754Z,WIF,-3.4737,325.6,0.2485,1357.414201
2026-09-26T04:05:06.754Z,KSM,-0.5353,6370,4.718,1357.414201
2026-09-26T04:10:07.016Z,BTC,-0.0144,113964000,83968.8,1357.414201
2026-09-26T04:10:07.016Z,XRP,0.0228,2119,1.5607,1357.414201
2026-09-26T04:10:07.016Z,SOL,0.0179,164100,120.87,1357.414201
2026-09-26T04:10:07.016Z,ETH,0.0198,3651000,2689.14,1357.414201
2026-09-26T04:10:07.016Z,FIL,-0.418,1410,1.0431,1357.414201
2026-09-26T04:10:07.016Z,TRX,-0.0818,457.4,0.33724,1357.414201
2026-09-26T04:10:07.016Z,BNB,-0.0995,1050000,774.3,1357.414201
2026-09-26T04:10:07.016Z,WLD,-0.6456,654.5,0.4853,1357.414201
2026-09-26T04:10:07.016Z,FLOW,-1.6482,41.68,0.03122,1357.414201
2026-09-26T04:10:07.016Z,LINK,-0.5313,19050,14.109,1357.414201
2026-09-26T04:10:07.016Z,DOGE,-0.1384,133.1,0.09819,1357.414201
2026-09-26T04:10:07.016Z,SUI,0.1473,1595,1.1733,1357.414201
2026-09-26T04:10:07.016Z,XLM,-0.0545,297.6,0.21936,1357.414201
2026-09-26T04:10:07.016Z,BCH,0.4128,460700,338,1357.414201
2026-09-26T04:10:07.016Z,AVAX,0.2292,14510,10.665,1357.414201
2026-09-26T04:10:07.016Z,ETC,2.6024,13160,9.449,1357.414201
2026-09-26T04:10:07.016Z,AAVE,-0.5533,209100,154.9,1357.414201
2026-09-26T04:10:07.016Z,ADA,-0.0446,348.7,0.257,1357.414201
2026-09-26T04:10:07.016Z,HYPE,0.0755,125100,92.091,1357.414201
2026-09-26T04:10:07.016Z,SEI,-1.0549,98.61,0.07342,1357.414201
2026-09-26T04:10:07.016Z,HBAR,-0.3919,127.8,0.09452,1357.414201
2026-09-26T04:10:07.016Z,ARB,-0.8548,302,0.2244,1357.414201
2026-09-26T04:10:07.016Z,JTO,-0.2893,788,0.5822,1357.414201
2026-09-26T04:10:07.016Z,ONDO,-0.0886,739,0.5449,1357.414201
2026-09-26T04:10:07.016Z,QTUM,-0.2385,1399,1.0331,1357.414201
2026-09-26T04:10:07.016Z,PYTH,-0.7003,99.26,0.07364,1357.414201
2026-09-26T04:10:07.016Z,APT,0.5015,1166,0.8547,1357.414201
2026-09-26T04:10:07.016Z,UNI,-3.4459,12590,9.606,1357.414201
2026-09-26T04:10:07.016Z,TIA,1.2053,672.6,0.4896,1357.414201
2026-09-26T04:10:07.016Z,ALGO,0.8274,160.2,0.11705,1357.414201
2026-09-26T04:10:07.016Z,NEAR,-0.2659,6635,4.901,1357.414201
2026-09-26T04:10:07.016Z,ZIL,-5.2545,4.9,0.00381,1357.414201
2026-09-26T04:10:07.016Z,SUSHI,-3.3296,348,0.2652,1357.414201
2026-09-26T04:10:07.016Z,PENDLE,-0.1596,3422,2.525,1357.414201
2026-09-26T04:10:07.016Z,XTZ,0.0347,444.3,0.3272,1357.414201
2026-09-26T04:10:07.016Z,W,-2.1349,16.45,0.012383,1357.414201
2026-09-26T04:10:07.016Z,AR,-5.6367,5855,4.571,1357.414201
2026-09-26T04:10:07.016Z,SHIB,-0.882,0.008,0.000005946,1357.414201
2026-09-26T04:10:07.016Z,CELO,1.4225,135.8,0.09864,1357.414201
2026-09-26T04:10:07.016Z,STX,-0.7671,440.2,0.3268,1357.414201
2026-09-26T04:10:07.016Z,JUP,0.037,464,0.3417,1357.414201
2026-09-26T04:10:07.016Z,PEPE,-1.1148,0.006,0.00000447,1357.414201
2026-09-26T04:10:07.016Z,DYDX,2.1313,186.2,0.13431,1357.414201
2026-09-26T04:10:07.016Z,KITE,0.101,189.7,0.13961,1357.414201
2026-09-26T04:10:07.016Z,CRV,0.6187,479.4,0.351,1357.414201
2026-09-26T04:10:07.016Z,ENJ,1.8123,40.88,0.02958,1357.414201
2026-09-26T04:10:07.016Z,ATOM,0.0003,2461,1.813,1357.414201
2026-09-26T04:10:07.016Z,ICP,3.2492,4426,3.158,1357.414201
2026-09-26T04:10:07.016Z,SPACE,-1.0716,6.807,0.005069,1357.414201
2026-09-26T04:10:07.016Z,DOT,-0.574,1646,1.2196,1357.414201
2026-09-26T04:10:07.016Z,ETHFI,-0.0229,972.5,0.7166,1357.414201
2026-09-26T04:10:07.016Z,CC,0.2766,178,0.13077,1357.414201
2026-09-26T04:10:07.016Z,SYRUP,-0.6583,296.8,0.2201,1357.414201
2026-09-26T04:10:07.016Z,TAO,-3.3206,410500,312.8,1357.414201
2026-09-26T04:10:07.016Z,GRAM,0.0994,1977,1.455,1357.414201
2026-09-26T04:10:07.016Z,RAY,5.2316,2860,2.0022,1357.414201
2026-09-26T04:10:07.016Z,RENDER,0.0973,2621,1.929,1357.414201
2026-09-26T04:10:07.016Z,GRASS,-10.1671,610.8,0.5009,1357.414201
2026-09-26T04:10:07.016Z,MINA,1.4477,192.5,0.13979,1357.414201
2026-09-26T04:10:07.016Z,POL,-0.613,161.5,0.11971,1357.414201
2026-09-26T04:10:07.016Z,ENA,-9.1149,337.5,0.27357,1357.414201
2026-09-26T04:10:07.016Z,SAND,-0.8736,60.55,0.045,1357.414201
2026-09-26T04:10:07.016Z,AERO,-0.8901,1196,0.889,1357.414201
2026-09-26T04:10:07.016Z,KGEN,-1.862,223,0.1674,1357.414201
2026-09-26T04:10:07.016Z,LIT,0.9775,6640,4.8443,1357.414201
2026-09-26T04:10:07.016Z,MANA,-3.215,120,0.09134,1357.414201
2026-09-26T04:10:07.016Z,BAND,-5.7547,284.9,0.2227,1357.414201
2026-09-26T04:10:07.016Z,APE,-0.8332,208.7,0.15504,1357.414201
2026-09-26T04:10:07.016Z,GMT,1.1953,12.11,0.008816,1357.414201
2026-09-26T04:10:07.016Z,VIRTUAL,0.4197,1062,0.7791,1357.414201
2026-09-26T04:10:07.016Z,LPT,-4.1067,2261,1.737,1357.414201
2026-09-26T04:10:07.016Z,DATA,0.2165,308.8,0.227,1357.414201
2026-09-26T04:10:07.016Z,THETA,-4.7187,302,0.2335,1357.414201
2026-09-26T04:10:07.016Z,GRT,3.4779,38.88,0.02768,1357.414201
2026-09-26T04:10:07.016Z,LAYER,-1.2753,106.9,0.07977,1357.414201
2026-09-26T04:10:07.016Z,NMR,-0.8223,13130,9.753,1357.414201
2026-09-26T04:10:07.016Z,EIGEN,-9.5913,321.9,0.2623,1357.414201
2026-09-26T04:10:07.016Z,BAT,0.4146,125.1,0.09178,1357.414201
2026-09-26T04:10:07.016Z,SPK,-6.2721,30.7,0.02413,1357.414201
2026-09-26T04:10:07.016Z,PUMP,-11.5027,5.276,0.004392,1357.414201
2026-09-26T04:10:07.016Z,KMNO,-4.6711,55.5,0.04289,1357.414201
2026-09-26T04:10:07.016Z,CHZ,0.0368,22.65,0.01668,1357.414201
2026-09-26T04:10:07.016Z,PENGU,1.1561,13.97,0.010174,1357.414201
2026-09-26T04:10:07.016Z,OP,-0.2723,194.8,0.1439,1357.414201
2026-09-26T04:10:07.016Z,UMA,0.1618,558.8,0.411,1357.414201
2026-09-26T04:10:07.016Z,ZRO,3.1036,2204,1.5748,1357.414201
2026-09-26T04:10:07.016Z,S,0.6756,56.03,0.041,1357.414201
2026-09-26T04:10:07.016Z,IMX,-0.0819,216.9,0.15992,1357.414201
2026-09-26T04:10:07.016Z,A,0.416,140,0.10271,1357.414201
2026-09-26T04:10:07.016Z,ATH,-3.5809,8.04,0.006143,1357.414201
2026-09-26T04:10:07.016Z,COMP,6.8804,34950,24.09,1357.414201
2026-09-26T04:10:07.016Z,CVX,-4.9033,2654,2.056,1357.414201
2026-09-26T04:10:07.016Z,AXS,-3.2308,1550,1.18,1357.414201
2026-09-26T04:10:07.016Z,WCT,-0.9151,58.83,0.04374,1357.414201
2026-09-26T04:10:07.016Z,ME,0.6652,106.2,0.07772,1357.414201
2026-09-26T04:10:07.016Z,ASTER,1.196,1004,0.7309,1357.414201
2026-09-26T04:10:07.016Z,GMX,0.8715,11210,8.187,1357.414201
2026-09-26T04:10:07.016Z,MORPHO,3.4158,3810,2.7141,1357.414201
2026-09-26T04:10:07.016Z,MON,-2.3133,35.02,0.02641,1357.414201
2026-09-26T04:10:07.016Z,1INCH,-2.3649,136.6,0.10307,1357.414201
2026-09-26T04:10:07.016Z,SKY,0.5967,105.8,0.07748,1357.414201
2026-09-26T04:10:07.016Z,YGG,-2.6006,36.53,0.02763,1357.414201
2026-09-26T04:10:07.016Z,BIO,1.6738,45.02,0.03262,1357.414201
2026-09-26T04:10:07.016Z,MOVE,-5.0159,12.54,0.009726,1357.414201
2026-09-26T04:10:07.016Z,GALA,-10.6583,2.628,0.002167,1357.414201
2026-09-26T04:10:07.016Z,ZK,-1.621,17.14,0.012835,1357.414201
2026-09-26T04:10:07.016Z,ENS,-0.539,9610,7.118,1357.414201
2026-09-26T04:10:07.016Z,INJ,4.6328,11040,7.773,1357.414201
2026-09-26T04:10:07.016Z,KAITO,-1.0041,480,0.3572,1357.414201
2026-09-26T04:10:07.016Z,LDO,-1.4303,650,0.4858,1357.414201
2026-09-26T04:10:07.016Z,BLUR,-0.8119,28.18,0.02093,1357.414201
2026-09-26T04:10:07.016Z,AUCTION,-1.3031,5170,3.859,1357.414201
2026-09-26T04:10:07.016Z,ZETA,2.0176,74.35,0.05369,1357.414201
2026-09-26T04:10:07.016Z,WIF,-3.7449,325.6,0.2492,1357.414201
2026-09-26T04:10:07.016Z,KSM,-0.7666,6370,4.729,1357.414201
2026-09-26T04:15:06.943Z,BTC,-0.0173,113942000,83955,1357.414201
2026-09-26T04:15:06.943Z,XRP,0.0269,2118,1.5599,1357.414201
2026-09-26T04:15:06.943Z,SOL,0.1422,164100,120.72,1357.414201
2026-09-26T04:15:06.943Z,ETH,-0.036,3648000,2688.43,1357.414201
2026-09-26T04:15:06.943Z,FIL,-0.7605,1410,1.0467,1357.414201
2026-09-26T04:15:06.943Z,TRX,-0.0818,457.4,0.33724,1357.414201
2026-09-26T04:15:06.943Z,BNB,-0.0608,1050000,774,1357.414201
2026-09-26T04:15:06.943Z,WLD,-0.1716,658.3,0.4858,1357.414201
2026-09-26T04:15:06.943Z,FLOW,-1.4272,41.68,0.03115,1357.414201
2026-09-26T04:15:06.943Z,LINK,0.0714,19160,14.105,1357.414201
2026-09-26T04:15:06.943Z,DOGE,-0.1079,133.1,0.09816,1357.414201
2026-09-26T04:15:06.943Z,SUI,-0.1017,1589,1.1718,1357.414201
2026-09-26T04:15:06.943Z,XLM,-0.0824,297.3,0.2192,1357.414201
2026-09-26T04:15:06.943Z,BCH,0.4425,460700,337.9,1357.414201
2026-09-26T04:15:06.943Z,AVAX,0.248,14510,10.663,1357.414201
2026-09-26T04:15:06.943Z,ETC,2.5482,13160,9.454,1357.414201
2026-09-26T04:15:06.943Z,AAVE,-0.1537,209100,154.28,1357.414201
2026-09-26T04:15:06.943Z,ADA,-0.0057,348.7,0.2569,1357.414201
2026-09-26T04:15:06.943Z,HYPE,-0.0364,124800,91.973,1357.414201
2026-09-26T04:15:06.943Z,SEI,-1.6044,98.61,0.07383,1357.414201
2026-09-26T04:15:06.943Z,HBAR,-0.3286,127.8,0.09446,1357.414201
2026-09-26T04:15:06.943Z,ARB,-0.7708,302,0.22421,1357.414201
2026-09-26T04:15:06.943Z,JTO,-0.1006,788,0.5811,1357.414201
2026-09-26T04:15:06.943Z,ONDO,-0.235,739,0.5457,1357.414201
2026-09-26T04:15:06.943Z,QTUM,-0.3061,1399,1.0338,1357.414201
2026-09-26T04:15:06.943Z,PYTH,-0.7542,99.26,0.07368,1357.414201
2026-09-26T04:15:06.943Z,APT,-0.0947,1166,0.8598,1357.414201
2026-09-26T04:15:06.943Z,UNI,-3.6765,12590,9.629,1357.414201
2026-09-26T04:15:06.943Z,TIA,1.1846,672.6,0.4897,1357.414201
2026-09-26T04:15:06.943Z,ALGO,1.0173,160.2,0.11683,1357.414201
2026-09-26T04:15:06.943Z,NEAR,-0.1232,6635,4.894,1357.414201
2026-09-26T04:15:06.943Z,ZIL,-5.0051,4.9,0.0038,1357.414201
2026-09-26T04:15:06.943Z,SUSHI,-3.4752,348,0.2656,1357.414201
2026-09-26T04:15:06.943Z,PENDLE,-0.1201,3422,2.524,1357.414201
2026-09-26T04:15:06.943Z,XTZ,0.1878,444.3,0.3267,1357.414201
2026-09-26T04:15:06.943Z,W,-1.7939,16.45,0.01234,1357.414201
2026-09-26T04:15:06.943Z,AR,-5.3052,5855,4.555,1357.414201
2026-09-26T04:15:06.943Z,SHIB,-0.7818,0.008,0.00000594,1357.414201
2026-09-26T04:15:06.943Z,CELO,1.4328,135.8,0.09863,1357.414201
2026-09-26T04:15:06.943Z,STX,-0.7671,440.2,0.3268,1357.414201
2026-09-26T04:15:06.943Z,JUP,0.213,464,0.3411,1357.414201
2026-09-26T04:15:06.943Z,PEPE,-1.1369,0.006,0.000004471,1357.414201
2026-09-26T04:15:06.943Z,DYDX,2.1617,186.2,0.13427,1357.414201
2026-09-26T04:15:06.943Z,KITE,0.5475,189.7,0.13899,1357.414201
2026-09-26T04:15:06.943Z,CRV,0.4184,479.4,0.3517,1357.414201
2026-09-26T04:15:06.943Z,ENJ,1.9502,40.88,0.02954,1357.414201
2026-09-26T04:15:06.943Z,ATOM,-0.0548,2461,1.814,1357.414201
2026-09-26T04:15:06.943Z,ICP,2.9884,4426,3.166,1357.414201
2026-09-26T04:15:06.943Z,SPACE,-0.9935,6.807,0.005065,1357.414201
2026-09-26T04:15:06.943Z,DOT,-0.9395,1646,1.2241,1357.414201
2026-09-26T04:15:06.943Z,ETHFI,0.0609,972.5,0.716,1357.414201
2026-09-26T04:15:06.943Z,CC,-0.371,178,0.13162,1357.414201
2026-09-26T04:15:06.943Z,SYRUP,-0.568,296.8,0.2199,1357.414201
2026-09-26T04:15:06.943Z,TAO,-3.2278,410500,312.5,1357.414201
2026-09-26T04:15:06.943Z,GRAM,-0.5839,1977,1.465,1357.414201
2026-09-26T04:15:06.943Z,RAY,5.4475,2860,1.9981,1357.414201
2026-09-26T04:15:06.943Z,RENDER,0.1492,2621,1.928,1357.414201
2026-09-26T04:15:06.943Z,GRASS,-10.6842,610.8,0.5038,1357.414201
2026-09-26T04:15:06.943Z,MINA,1.455,192.5,0.13978,1357.414201
2026-09-26T04:15:06.943Z,POL,-0.3132,161.5,0.11935,1357.414201
2026-09-26T04:15:06.943Z,ENA,-10.2532,337.5,0.27704,1357.414201
2026-09-26T04:15:06.943Z,SAND,-1.0495,60.55,0.04508,1357.414201
2026-09-26T04:15:06.943Z,AERO,-1.7083,1196,0.8964,1357.414201
2026-09-26T04:15:06.943Z,KGEN,-1.8034,223,0.1673,1357.414201
2026-09-26T04:15:06.943Z,LIT,1.1487,6640,4.8361,1357.414201
2026-09-26T04:15:06.943Z,MANA,-3.0877,120,0.09122,1357.414201
2026-09-26T04:15:06.943Z,BAND,-5.797,284.9,0.2228,1357.414201
2026-09-26T04:15:06.943Z,APE,-0.7436,208.7,0.1549,1357.414201
2026-09-26T04:15:06.943Z,GMT,1.2067,12.11,0.008815,1357.414201
2026-09-26T04:15:06.943Z,VIRTUAL,0.381,1062,0.7794,1357.414201
2026-09-26T04:15:06.943Z,LPT,-4.272,2261,1.74,1357.414201
2026-09-26T04:15:06.943Z,DATA,0.3491,308.8,0.2267,1357.414201
2026-09-26T04:15:06.943Z,THETA,-4.7187,302,0.2335,1357.414201
2026-09-26T04:15:06.943Z,GRT,2.9572,38.88,0.02782,1357.414201
2026-09-26T04:15:06.943Z,LAYER,-1.201,106.9,0.07971,1357.414201
2026-09-26T04:15:06.943Z,NMR,-0.9137,13130,9.762,1357.414201
2026-09-26T04:15:06.943Z,EIGEN,-9.2453,321.9,0.2613,1357.414201
2026-09-26T04:15:06.943Z,BAT,0.4693,125.1,0.09173,1357.414201
2026-09-26T04:15:06.943Z,SPK,-7.1952,30.7,0.02437,1357.414201
2026-09-26T04:15:06.943Z,PUMP,-11.3816,5.276,0.004386,1357.414201
2026-09-26T04:15:06.943Z,KMNO,-4.7599,55.5,0.04293,1357.414201
2026-09-26T04:15:06.943Z,CHZ,0.217,22.65,0.01665,1357.414201
2026-09-26T04:15:06.943Z,PENGU,1.1263,13.97,0.010177,1357.414201
2026-09-26T04:15:06.943Z,OP,-0.3831,194.8,0.14406,1357.414201
2026-09-26T04:15:06.943Z,UMA,0.2106,558.8,0.4108,1357.414201
2026-09-26T04:15:06.943Z,ZRO,3.5441,2204,1.5681,1357.414201
2026-09-26T04:15:06.943Z,S,0.8478,56.03,0.04093,1357.414201
2026-09-26T04:15:06.943Z,IMX,-0.0256,216.9,0.15983,1357.414201
2026-09-26T04:15:06.943Z,A,0.1624,140,0.10297,1357.414201
2026-09-26T04:15:06.943Z,ATH,-3.6906,8.04,0.00615,1357.414201
2026-09-26T04:15:06.943Z,COMP,7.0136,34950,24.06,1357.414201
2026-09-26T04:15:06.943Z,CVX,-4.7179,2654,2.052,1357.414201
2026-09-26T04:15:06.943Z,AXS,-3.2308,1550,1.18,1357.414201
2026-09-26T04:15:06.943Z,WCT,-1.5677,58.83,0.04403,1357.414201
2026-09-26T04:15:06.943Z,ME,0.8859,106.2,0.07755,1357.414201
2026-09-26T04:15:06.943Z,ASTER,1.196,1004,0.7309,1357.414201
2026-09-26T04:15:06.943Z,GMX,0.8715,11210,8.187,1357.414201
2026-09-26T04:15:06.943Z,MORPHO,3.3815,3810,2.715,1357.414201
2026-09-26T04:15:06.943Z,MON,-2.0165,35.02,0.02633,1357.414201
2026-09-26T04:15:06.943Z,1INCH,-2.3838,136.6,0.10309,1357.414201
2026-09-26T04:15:06.943Z,SKY,0.5837,105.8,0.07749,1357.414201
2026-09-26T04:15:06.943Z,YGG,-2.6358,36.53,0.02764,1357.414201
2026-09-26T04:15:06.943Z,BIO,1.7674,45.02,0.03259,1357.414201
2026-09-26T04:15:06.943Z,MOVE,-4.9084,12.54,0.009715,1357.414201
2026-09-26T04:15:06.943Z,GALA,-10.6583,2.628,0.002167,1357.414201
2026-09-26T04:15:06.943Z,ZK,-1.4905,17.14,0.012818,1357.414201
2026-09-26T04:15:06.943Z,ENS,-0.371,9610,7.106,1357.414201
2026-09-26T04:15:06.943Z,INJ,4.5253,11040,7.781,1357.414201
2026-09-26T04:15:06.943Z,KAITO,-0.7818,480,0.3564,1357.414201
2026-09-26T04:15:06.943Z,LDO,-1.2473,650,0.4849,1357.414201
2026-09-26T04:15:06.943Z,BLUR,-0.5744,28.18,0.02088,1357.414201
2026-09-26T04:15:06.943Z,AUCTION,-1.4053,5170,3.863,1357.414201
2026-09-26T04:15:06.943Z,ZETA,2.3417,74.35,0.05352,1357.414201
2026-09-26T04:15:06.943Z,WIF,-3.5513,325.6,0.2487,1357.414201
2026-09-26T04:15:06.943Z,KSM,-0.7036,6370,4.726,1357.414201
2026-09-26T04:20:07.303Z,BTC,-0.0144,114000000,83995.3,1357.414201
2026-09-26T04:20:07.303Z,XRP,-0.0868,2116,1.5602,1357.414201
2026-09-26T04:20:07.303Z,SOL,0.1007,164100,120.77,1357.414201
2026-09-26T04:20:07.303Z,ETH,-0.1024,3647000,2689.48,1357.414201
2026-09-26T04:20:07.303Z,FIL,-0.77,1410,1.0468,1357.414201
2026-09-26T04:20:07.303Z,TRX,-0.1025,457.4,0.33731,1357.414201
2026-09-26T04:20:07.303Z,BNB,-0.1511,1050000,774.7,1357.414201
2026-09-26T04:20:07.303Z,WLD,-0.1726,658.7,0.4861,1357.414201
2026-09-26T04:20:07.303Z,FLOW,-1.4272,41.68,0.03115,1357.414201
2026-09-26T04:20:07.303Z,LINK,-0.0449,19230,14.173,1357.414201
2026-09-26T04:20:07.303Z,DOGE,-0.08,133.3,0.09828,1357.414201
2026-09-26T04:20:07.303Z,SUI,0.0845,1594,1.1733,1357.414201
2026-09-26T04:20:07.303Z,XLM,-0.1097,297.3,0.21926,1357.414201
2026-09-26T04:20:07.303Z,BCH,0.4128,460700,338,1357.414201
2026-09-26T04:20:07.303Z,AVAX,0.1634,14510,10.672,1357.414201
2026-09-26T04:20:07.303Z,ETC,2.4831,13160,9.46,1357.414201
2026-09-26T04:20:07.303Z,AAVE,-0.5341,209100,154.87,1357.414201
2026-09-26T04:20:07.303Z,ADA,-0.1223,348.7,0.2572,1357.414201
2026-09-26T04:20:07.303Z,HYPE,-0.1179,124800,92.048,1357.414201
2026-09-26T04:20:07.303Z,SEI,-1.7109,98.61,0.07391,1357.414201
2026-09-26T04:20:07.303Z,HBAR,-0.3919,127.8,0.09452,1357.414201
2026-09-26T04:20:07.303Z,ARB,0.0498,305,0.22458,1357.414201
2026-09-26T04:20:07.303Z,JTO,0.3658,788,0.5784,1357.414201
2026-09-26T04:20:07.303Z,ONDO,-0.1854,741.4,0.5472,1357.414201
2026-09-26T04:20:07.303Z,QTUM,-0.2192,1399,1.0329,1357.414201
2026-09-26T04:20:07.303Z,PYTH,-1.17,99.26,0.07399,1357.414201
2026-09-26T04:20:07.303Z,APT,-0.0249,1166,0.8592,1357.414201
2026-09-26T04:20:07.303Z,UNI,-3.8164,12590,9.643,1357.414201
2026-09-26T04:20:07.303Z,TIA,1.2673,672.6,0.4893,1357.414201
2026-09-26T04:20:07.303Z,ALGO,1.1385,160.2,0.11669,1357.414201
2026-09-26T04:20:07.303Z,NEAR,-0.1028,6635,4.893,1357.414201
2026-09-26T04:20:07.303Z,ZIL,-5.0551,4.9,0.003802,1357.414201
2026-09-26T04:20:07.303Z,SUSHI,-3.1836,348,0.2648,1357.414201
2026-09-26T04:20:07.303Z,PENDLE,-0.4356,3422,2.532,1357.414201
2026-09-26T04:20:07.303Z,XTZ,0.1878,444.3,0.3267,1357.414201
2026-09-26T04:20:07.303Z,W,-1.5226,16.45,0.012306,1357.414201
2026-09-26T04:20:07.303Z,AR,-5.3052,5855,4.555,1357.414201
2026-09-26T04:20:07.303Z,SHIB,0.4584,0.0081,0.00000594,1357.414201
2026-09-26T04:20:07.303Z,CELO,1.6079,135.8,0.09846,1357.414201
2026-09-26T04:20:07.303Z,STX,-1.0698,440.2,0.3278,1357.414201
2026-09-26T04:20:07.303Z,JUP,-0.8049,464,0.3446,1357.414201
2026-09-26T04:20:07.303Z,PEPE,-1.2032,0.006,0.000004474,1357.414201
2026-09-26T04:20:07.303Z,DYDX,2.1009,186.2,0.13435,1357.414201
2026-09-26T04:20:07.303Z,KITE,0.4536,189.7,0.13912,1357.414201
2026-09-26T04:20:07.303Z,CRV,0.4184,479.4,0.3517,1357.414201
2026-09-26T04:20:07.303Z,ENJ,1.9157,40.88,0.02955,1357.414201
2026-09-26T04:20:07.303Z,ATOM,0.0003,2461,1.813,1357.414201
2026-09-26T04:20:07.303Z,ICP,3.282,4426,3.157,1357.414201
2026-09-26T04:20:07.303Z,SPACE,-1.2275,6.807,0.005077,1357.414201
2026-09-26T04:20:07.303Z,DOT,-1.1091,1646,1.2262,1357.414201
2026-09-26T04:20:07.303Z,ETHFI,-0.0926,972.5,0.7171,1357.414201
2026-09-26T04:20:07.303Z,CC,0.5765,178,0.13038,1357.414201
2026-09-26T04:20:07.303Z,SYRUP,-0.7935,296.8,0.2204,1357.414201
2026-09-26T04:20:07.303Z,TAO,-3.2587,410500,312.6,1357.414201
2026-09-26T04:20:07.303Z,GRAM,-0.6517,1977,1.466,1357.414201
2026-09-26T04:20:07.303Z,RAY,5.379,2860,1.9994,1357.414201
2026-09-26T04:20:07.303Z,RENDER,0.1492,2621,1.928,1357.414201
2026-09-26T04:20:07.303Z,GRASS,-10.3639,610.8,0.502,1357.414201
2026-09-26T04:20:07.303Z,MINA,1.4695,192.5,0.13976,1357.414201
2026-09-26T04:20:07.303Z,POL,-0.0788,161.5,0.11907,1357.414201
2026-09-26T04:20:07.303Z,ENA,0.4693,375,0.27497,1357.414201
2026-09-26T04:20:07.303Z,SAND,-1.0495,60.55,0.04508,1357.414201
2026-09-26T04:20:07.303Z,AERO,-1.5325,1196,0.8948,1357.414201
2026-09-26T04:20:07.303Z,KGEN,-1.862,223,0.1674,1357.414201
2026-09-26T04:20:07.303Z,LIT,1.2807,6640,4.8298,1357.414201
2026-09-26T04:20:07.303Z,MANA,-3.1726,120,0.0913,1357.414201
2026-09-26T04:20:07.303Z,BAND,-5.8815,284.9,0.223,1357.414201
2026-09-26T04:20:07.303Z,APE,-0.8716,208.7,0.1551,1357.414201
2026-09-26T04:20:07.303Z,GMT,1.0348,12.11,0.00883,1357.414201
2026-09-26T04:20:07.303Z,VIRTUAL,0.2396,1062,0.7805,1357.414201
2026-09-26T04:20:07.303Z,LPT,-4.1067,2261,1.737,1357.414201
2026-09-26T04:20:07.303Z,DATA,0.2165,308.8,0.227,1357.414201
2026-09-26T04:20:07.303Z,THETA,-4.4732,302,0.2329,1357.414201
2026-09-26T04:20:07.303Z,GRT,3.2541,38.88,0.02774,1357.414201
2026-09-26T04:20:07.303Z,LAYER,-1.1762,106.9,0.07969,1357.414201
2026-09-26T04:20:07.303Z,NMR,-0.9543,13130,9.766,1357.414201
2026-09-26T04:20:07.303Z,EIGEN,-9.28,321.9,0.2614,1357.414201
2026-09-26T04:20:07.303Z,BAT,0.3053,125.1,0.09188,1357.414201
2026-09-26T04:20:07.303Z,SPK,-6.6204,30.7,0.02422,1357.414201
2026-09-26T04:20:07.303Z,PUMP,-11.4422,5.276,0.004389,1357.414201
2026-09-26T04:20:07.303Z,KMNO,-4.426,55.5,0.04278,1357.414201
2026-09-26T04:20:07.303Z,CHZ,0.0968,22.65,0.01667,1357.414201
2026-09-26T04:20:07.303Z,PENGU,1.0469,13.97,0.010185,1357.414201
2026-09-26T04:20:07.303Z,OP,-0.8374,194.8,0.14472,1357.414201
2026-09-26T04:20:07.303Z,UMA,0.1862,558.8,0.4109,1357.414201
2026-09-26T04:20:07.303Z,ZRO,3.6102,2204,1.5671,1357.414201
2026-09-26T04:20:07.303Z,S,0.4063,56.03,0.04111,1357.414201
2026-09-26T04:20:07.303Z,IMX,-0.3001,216.9,0.16027,1357.414201
2026-09-26T04:20:07.303Z,A,-0.0414,140,0.10318,1357.414201
2026-09-26T04:20:07.303Z,ATH,-3.9094,8.04,0.006164,1357.414201
2026-09-26T04:20:07.303Z,COMP,6.7917,34950,24.11,1357.414201
2026-09-26T04:20:07.303Z,CVX,-5.088,2654,2.06,1357.414201
2026-09-26T04:20:07.303Z,AXS,-3.2636,1550,1.1804,1357.414201
2026-09-26T04:20:07.303Z,WCT,-1.0056,58.83,0.04378,1357.414201
2026-09-26T04:20:07.303Z,ME,0.6264,106.2,0.07775,1357.414201
2026-09-26T04:20:07.303Z,ASTER,1.0163,1004,0.7322,1357.414201
2026-09-26T04:20:07.303Z,GMX,0.6502,11210,8.205,1357.414201
2026-09-26T04:20:07.303Z,MORPHO,3.3586,3810,2.7156,1357.414201
2026-09-26T04:20:07.303Z,MON,-1.8301,35.02,0.02628,1357.414201
2026-09-26T04:20:07.303Z,1INCH,-2.4501,136.6,0.10316,1357.414201
2026-09-26T04:20:07.303Z,SKY,0.1443,105.8,0.07783,1357.414201
2026-09-26T04:20:07.303Z,YGG,-2.671,36.53,0.02765,1357.414201
2026-09-26T04:20:07.303Z,BIO,1.5493,45.02,0.03266,1357.414201
2026-09-26T04:20:07.303Z,MOVE,-4.9084,12.54,0.009715,1357.414201
2026-09-26T04:20:07.303Z,GALA,-10.5345,2.628,0.002164,1357.414201
2026-09-26T04:20:07.303Z,ZK,-1.4597,17.14,0.012814,1357.414201
2026-09-26T04:20:07.303Z,ENS,-0.525,9610,7.117,1357.414201
2026-09-26T04:20:07.303Z,INJ,4.4313,11040,7.788,1357.414201
2026-09-26T04:20:07.303Z,KAITO,-0.6704,480,0.356,1357.414201
2026-09-26T04:20:07.303Z,LDO,-1.7337,650,0.4873,1357.414201
2026-09-26T04:20:07.303Z,BLUR,-0.6696,28.18,0.0209,1357.414201
2026-09-26T04:20:07.303Z,AUCTION,-1.5582,5170,3.869,1357.414201
2026-09-26T04:20:07.303Z,ZETA,2.208,74.35,0.05359,1357.414201
2026-09-26T04:20:07.303Z,WIF,-3.7449,325.6,0.2492,1357.414201
2026-09-26T04:20:07.303Z,KSM,-0.7036,6370,4.726,1357.414201
2026-09-26T04:25:06.964Z,BTC,0.0671,113942000,83884.2,1357.414201
2026-09-26T04:25:06.964Z,XRP,0.0578,2112,1.555,1357.414201
2026-09-26T04:25:06.964Z,SOL,0.2248,163800,120.4,1357.414201
2026-09-26T04:25:06.964Z,ETH,0.0913,3648000,2685.01,1357.414201
2026-09-26T04:25:06.964Z,FIL,-0.2171,1410,1.041,1357.414201
2026-09-26T04:25:06.964Z,TRX,-0.0521,457.4,0.33714,1357.414201
2026-09-26T04:25:06.964Z,BNB,-0.022,1050000,773.7,1357.414201
2026-09-26T04:25:06.964Z,WLD,-0.0113,656.1,0.4834,1357.414201
2026-09-26T04:25:06.964Z,FLOW,-1.5536,41.68,0.03119,1357.414201
2026-09-26T04:25:06.964Z,LINK,0.285,19190,14.097,1357.414201
2026-09-26T04:25:06.964Z,DOGE,0.0784,132.9,0.09783,1357.414201
2026-09-26T04:25:06.964Z,SUI,0.1966,1583,1.1639,1357.414201
2026-09-26T04:25:06.964Z,XLM,0.3202,297,0.2181,1357.414201
2026-09-26T04:25:06.964Z,BCH,2.5556,469000,336.9,1357.414201
2026-09-26T04:25:06.964Z,AVAX,0.9599,14550,10.617,1357.414201
2026-09-26T04:25:06.964Z,ETC,2.8637,13160,9.425,1357.414201
2026-09-26T04:25:06.964Z,AAVE,0.1059,209100,153.88,1357.414201
2026-09-26T04:25:06.964Z,ADA,0.3459,348.7,0.256,1357.414201
2026-09-26T04:25:06.964Z,HYPE,0.0804,124700,91.792,1357.414201
2026-09-26T04:25:06.964Z,SEI,-1.1357,98.61,0.07348,1357.414201
2026-09-26T04:25:06.964Z,HBAR,-0.0508,127.6,0.09405,1357.414201
2026-09-26T04:25:06.964Z,ARB,0.5034,304.5,0.2232,1357.414201
2026-09-26T04:25:06.964Z,JTO,0.6442,788,0.5768,1357.414201
2026-09-26T04:25:06.964Z,ONDO,0.7816,742.7,0.5429,1357.414201
2026-09-26T04:25:06.964Z,QTUM,0.0132,1399,1.0305,1357.414201
2026-09-26T04:25:06.964Z,PYTH,-0.6193,99.26,0.07358,1357.414201
2026-09-26T04:25:06.964Z,APT,0.2786,1166,0.8566,1357.414201
2026-09-26T04:25:06.964Z,UNI,0.7413,13110,9.587,1357.414201
2026-09-26T04:25:06.964Z,TIA,1.9759,672.6,0.4859,1357.414201
2026-09-26T04:25:06.964Z,ALGO,1.434,160.2,0.11635,1357.414201
2026-09-26T04:25:06.964Z,NEAR,0.3072,6635,4.873,1357.414201
2026-09-26T04:25:06.964Z,ZIL,-4.8047,4.9,0.003792,1357.414201
2026-09-26T04:25:06.964Z,SUSHI,-2.8166,348,0.2638,1357.414201
2026-09-26T04:25:06.964Z,PENDLE,-0.0805,3422,2.523,1357.414201
2026-09-26T04:25:06.964Z,XTZ,0.4646,444.3,0.3258,1357.414201
2026-09-26T04:25:06.964Z,W,-1.1853,16.45,0.012264,1357.414201
2026-09-26T04:25:06.964Z,AR,-4.7826,5855,4.53,1357.414201
2026-09-26T04:25:06.964Z,SHIB,-0.2444,0.008,0.000005908,1357.414201
2026-09-26T04:25:06.964Z,CELO,2.2413,135.8,0.09785,1357.414201
2026-09-26T04:25:06.964Z,STX,-0.5846,440.2,0.3262,1357.414201
2026-09-26T04:25:06.964Z,JUP,-0.5741,464,0.3438,1357.414201
2026-09-26T04:25:06.964Z,PEPE,-0.6927,0.006,0.000004451,1357.414201
2026-09-26T04:25:06.964Z,DYDX,2.6741,186.2,0.1336,1357.414201
2026-09-26T04:25:06.964Z,KITE,0.6997,189.7,0.13878,1357.414201
2026-09-26T04:25:06.964Z,CRV,1.0216,479.4,0.3496,1357.414201
2026-09-26T04:25:06.964Z,ENJ,2.1577,40.88,0.02948,1357.414201
2026-09-26T04:25:06.964Z,ATOM,0.4435,2461,1.805,1357.414201
2026-09-26T04:25:06.964Z,ICP,3.6101,4426,3.147,1357.414201
2026-09-26T04:25:06.964Z,SPACE,-0.7976,6.807,0.005055,1357.414201
2026-09-26T04:25:06.964Z,DOT,-0.753,1646,1.2218,1357.414201
2026-09-26T04:25:06.964Z,ETHFI,0.6089,972.5,0.7121,1357.414201
2026-09-26T04:25:06.964Z,CC,0.2382,178,0.13082,1357.414201
2026-09-26T04:25:06.964Z,SYRUP,-0.3414,296.8,0.2194,1357.414201
2026-09-26T04:25:06.964Z,TAO,-2.7297,410500,310.9,1357.414201
2026-09-26T04:25:06.964Z,GRAM,-0.1751,1977,1.459,1357.414201
2026-09-26T04:25:06.964Z,RAY,5.7068,2860,1.9932,1357.414201
2026-09-26T04:25:06.964Z,RENDER,0.2532,2621,1.926,1357.414201
2026-09-26T04:25:06.964Z,GRASS,-10.4174,610.8,0.5023,1357.414201
2026-09-26T04:25:06.964Z,MINA,1.8265,192.5,0.13927,1357.414201
2026-09-26T04:25:06.964Z,POL,0.5121,161.5,0.11837,1357.414201
2026-09-26T04:25:06.964Z,ENA,1.488,375,0.27221,1357.414201
2026-09-26T04:25:06.964Z,SAND,-0.5643,60.55,0.04486,1357.414201
2026-09-26T04:25:06.964Z,AERO,-2.2642,1183,0.8917,1357.414201
2026-09-26T04:25:06.964Z,KGEN,-1.1535,223,0.1662,1357.414201
2026-09-26T04:25:06.964Z,LIT,1.5287,6640,4.818,1357.414201
2026-09-26T04:25:06.964Z,MANA,-2.8641,120,0.09101,1357.414201
2026-09-26T04:25:06.964Z,BAND,-5.6275,284.9,0.2224,1357.414201
2026-09-26T04:25:06.964Z,APE,-0.3576,208.7,0.1543,1357.414201
2026-09-26T04:25:06.964Z,GMT,1.46,12.11,0.008793,1357.414201
2026-09-26T04:25:06.964Z,VIRTUAL,0.73,1062,0.7767,1357.414201
2026-09-26T04:25:06.964Z,LPT,-3.7187,2261,1.73,1357.414201
2026-09-26T04:25:06.964Z,DATA,0.3048,308.8,0.2268,1357.414201
2026-09-26T04:25:06.964Z,THETA,-4.2677,302,0.2324,1357.414201
2026-09-26T04:25:06.964Z,GRT,3.6277,38.88,0.02764,1357.414201
2026-09-26T04:25:06.964Z,LAYER,-1.052,106.9,0.07959,1357.414201
2026-09-26T04:25:06.964Z,NMR,-0.5674,13130,9.728,1357.414201
2026-09-26T04:25:06.964Z,EIGEN,-8.7564,321.9,0.2599,1357.414201
2026-09-26T04:25:06.964Z,BAT,0.568,125.1,0.09164,1357.414201
2026-09-26T04:25:06.964Z,SPK,-6.5819,30.7,0.02421,1357.414201
2026-09-26T04:25:06.964Z,PUMP,-10.9349,5.276,0.004364,1357.414201
2026-09-26T04:25:06.964Z,KMNO,-3.9319,55.5,0.04256,1357.414201
2026-09-26T04:25:06.964Z,CHZ,0.7009,22.65,0.01657,1357.414201
2026-09-26T04:25:06.964Z,PENGU,1.716,13.97,0.010118,1357.414201
2026-09-26T04:25:06.964Z,OP,-0.2584,194.8,0.14388,1357.414201
2026-09-26T04:25:06.964Z,UMA,0.235,558.8,0.4107,1357.414201
2026-09-26T04:25:06.964Z,ZRO,3.7492,2204,1.565,1357.414201
2026-09-26T04:25:06.964Z,S,1.1444,56.03,0.04081,1357.414201
2026-09-26T04:25:06.964Z,IMX,0.0558,216.9,0.1597,1357.414201
2026-09-26T04:25:06.964Z,A,0.4062,140,0.10272,1357.414201
2026-09-26T04:25:06.964Z,ATH,-3.4709,8.04,0.006136,1357.414201
2026-09-26T04:25:06.964Z,COMP,6.4385,34950,24.19,1357.414201
2026-09-26T04:25:06.964Z,CVX,-4.857,2654,2.055,1357.414201
2026-09-26T04:25:06.964Z,AXS,-2.8024,1550,1.1748,1357.414201
2026-09-26T04:25:06.964Z,WCT,-0.7335,58.83,0.04366,1357.414201
2026-09-26T04:25:06.964Z,ME,0.951,106.2,0.0775,1357.414201
2026-09-26T04:25:06.964Z,ASTER,1.2791,1004,0.7303,1357.414201
2026-09-26T04:25:06.964Z,GMX,0.8222,11210,8.191,1357.414201
2026-09-26T04:25:06.964Z,MORPHO,3.733,3810,2.7058,1357.414201
2026-09-26T04:25:06.964Z,MON,-1.1909,35.02,0.02611,1357.414201
2026-09-26T04:25:06.964Z,1INCH,-2.0894,136.6,0.10278,1357.414201
2026-09-26T04:25:06.964Z,SKY,-0.3932,105.8,0.07825,1357.414201
2026-09-26T04:25:06.964Z,YGG,-2.3177,36.53,0.02755,1357.414201
2026-09-26T04:25:06.964Z,BIO,1.9238,45.02,0.03254,1357.414201
2026-09-26T04:25:06.964Z,MOVE,-4.4164,12.54,0.009665,1357.414201
2026-09-26T04:25:06.964Z,GALA,-10.2025,2.628,0.002156,1357.414201
2026-09-26T04:25:06.964Z,ZK,-1.3288,17.14,0.012797,1357.414201
2026-09-26T04:25:06.964Z,ENS,-0.1039,9610,7.087,1357.414201
2026-09-26T04:25:06.964Z,INJ,4.8622,11040,7.756,1357.414201
2026-09-26T04:25:06.964Z,KAITO,-0.1092,480,0.354,1357.414201
2026-09-26T04:25:06.964Z,LDO,-1.1658,650,0.4845,1357.414201
2026-09-26T04:25:06.964Z,BLUR,-0.4791,28.18,0.02086,1357.414201
2026-09-26T04:25:06.964Z,AUCTION,-1.2775,5170,3.858,1357.414201
2026-09-26T04:25:06.964Z,ZETA,2.1318,74.35,0.05363,1357.414201
2026-09-26T04:25:06.964Z,WIF,-3.0445,325.6,0.2474,1357.414201
2026-09-26T04:25:06.964Z,KSM,-0.5142,6370,4.717,1357.414201
2026-09-26T04:30:07.121Z,BTC,0.1396,113938000,83820.5,1357.414201
2026-09-26T04:30:07.121Z,XRP,0.1951,2110,1.5514,1357.414201
2026-09-26T04:30:07.121Z,SOL,0.2356,163600,120.24,1357.414201
2026-09-26T04:30:07.121Z,ETH,0.1402,3648000,2683.7,1357.414201
2026-09-26T04:30:07.121Z,FIL,-0.1404,1410,1.0402,1357.414201
2026-09-26T04:30:07.121Z,TRX,0.0739,457.8,0.33701,1357.414201
2026-09-26T04:30:07.121Z,BNB,0.0944,1050000,772.8,1357.414201
2026-09-26T04:30:07.121Z,WLD,-0.0003,654,0.4818,1357.414201
2026-09-26T04:30:07.121Z,FLOW,-1.1415,41.68,0.03106,1357.414201
2026-09-26T04:30:07.121Z,LINK,0.1913,19100,14.044,1357.414201
2026-09-26T04:30:07.121Z,DOGE,0.2937,132.9,0.09762,1357.414201
2026-09-26T04:30:07.121Z,SUI,0.2194,1582,1.1629,1357.414201
2026-09-26T04:30:07.121Z,XLM,0.1783,295.9,0.2176,1357.414201
2026-09-26T04:30:07.121Z,BCH,2.5252,469000,337,1357.414201
2026-09-26T04:30:07.121Z,AVAX,0.8153,14510,10.603,1357.414201
2026-09-26T04:30:07.121Z,ETC,2.8965,13160,9.422,1357.414201
2026-09-26T04:30:07.121Z,AAVE,0.1905,209100,153.75,1357.414201
2026-09-26T04:30:07.121Z,ADA,0.1986,347.1,0.2552,1357.414201
2026-09-26T04:30:07.121Z,HYPE,0.1983,124700,91.684,1357.414201
2026-09-26T04:30:07.121Z,SEI,-1.2969,98.61,0.0736,1357.414201
2026-09-26T04:30:07.121Z,HBAR,0.1302,127.6,0.09388,1357.414201
2026-09-26T04:30:07.121Z,ARB,0.8332,304.5,0.22247,1357.414201
2026-09-26T04:30:07.121Z,JTO,0.7664,788,0.5761,1357.414201
2026-09-26T04:30:07.121Z,ONDO,0.1306,736,0.5415,1357.414201
2026-09-26T04:30:07.121Z,QTUM,-0.045,1399,1.0311,1357.414201
2026-09-26T04:30:07.121Z,PYTH,-0.484,99.26,0.07348,1357.414201
2026-09-26T04:30:07.121Z,APT,0.302,1166,0.8564,1357.414201
2026-09-26T04:30:07.121Z,UNI,0.7728,13110,9.584,1357.414201
2026-09-26T04:30:07.121Z,TIA,2.2073,672.6,0.4848,1357.414201
2026-09-26T04:30:07.121Z,ALGO,0.2505,157.8,0.11596,1357.414201
2026-09-26T04:30:07.121Z,NEAR,0.1839,6635,4.879,1357.414201
2026-09-26T04:30:07.121Z,ZIL,-4.3253,4.9,0.003773,1357.414201
2026-09-26T04:30:07.121Z,SUSHI,-2.7429,348,0.2636,1357.414201
2026-09-26T04:30:07.121Z,PENDLE,-0.1201,3422,2.524,1357.414201
2026-09-26T04:30:07.121Z,XTZ,0.4646,444.3,0.3258,1357.414201
2026-09-26T04:30:07.121Z,W,-1.1853,16.45,0.012264,1357.414201
2026-09-26T04:30:07.121Z,AR,-4.6352,5855,4.523,1357.414201
2026-09-26T04:30:07.121Z,SHIB,-0.1092,0.008,0.0000059,1357.414201
2026-09-26T04:30:07.121Z,CELO,2.3878,135.8,0.09771,1357.414201
2026-09-26T04:30:07.121Z,STX,-0.2482,440.2,0.3251,1357.414201
2026-09-26T04:30:07.121Z,JUP,-0.7184,464,0.3443,1357.414201
2026-09-26T04:30:07.121Z,PEPE,-0.6034,0.006,0.000004447,1357.414201
2026-09-26T04:30:07.121Z,DYDX,2.828,186.2,0.1334,1357.414201
2026-09-26T04:30:07.121Z,KITE,1.2762,189.7,0.13799,1357.414201
2026-09-26T04:30:07.121Z,CRV,1.3114,479.4,0.3486,1357.414201
2026-09-26T04:30:07.121Z,ENJ,2.5403,40.88,0.02937,1357.414201
2026-09-26T04:30:07.121Z,ATOM,0.2769,2461,1.808,1357.414201
2026-09-26T04:30:07.121Z,ICP,3.775,4426,3.142,1357.414201
2026-09-26T04:30:07.121Z,SPACE,-0.6994,6.807,0.00505,1357.414201
2026-09-26T04:30:07.121Z,DOT,-0.4189,1646,1.2177,1357.414201
2026-09-26T04:30:07.121Z,ETHFI,0.722,972.5,0.7113,1357.414201
2026-09-26T04:30:07.121Z,CC,0.2459,178,0.13081,1357.414201
2026-09-26T04:30:07.121Z,SYRUP,-0.2504,296.8,0.2192,1357.414201
2026-09-26T04:30:07.121Z,TAO,-2.7297,410500,310.9,1357.414201
2026-09-26T04:30:07.121Z,GRAM,0.0306,1977,1.456,1357.414201
2026-09-26T04:30:07.121Z,RAY,5.6856,2860,1.9936,1357.414201
2026-09-26T04:30:07.121Z,RENDER,0.4619,2621,1.922,1357.414201
2026-09-26T04:30:07.121Z,GRASS,-10.2387,610.8,0.5013,1357.414201
2026-09-26T04:30:07.121Z,MINA,1.8704,192.5,0.13921,1357.414201
2026-09-26T04:30:07.121Z,POL,0.9642,161.5,0.11784,1357.414201
2026-09-26T04:30:07.121Z,ENA,2.4098,375,0.26976,1357.414201
2026-09-26T04:30:07.121Z,SAND,-0.4755,60.55,0.04482,1357.414201
2026-09-26T04:30:07.121Z,AERO,-1.6687,1183,0.8863,1357.414201
2026-09-26T04:30:07.121Z,KGEN,-1.2129,223,0.1663,1357.414201
2026-09-26T04:30:07.121Z,LIT,1.5456,6640,4.8172,1357.414201
2026-09-26T04:30:07.121Z,MANA,-2.618,120,0.09078,1357.414201
2026-09-26T04:30:07.121Z,BAND,-5.5001,284.9,0.2221,1357.414201
2026-09-26T04:30:07.121Z,APE,-0.2153,208.7,0.15408,1357.414201
2026-09-26T04:30:07.121Z,GMT,1.6913,12.11,0.008773,1357.414201
2026-09-26T04:30:07.121Z,VIRTUAL,0.8729,1062,0.7756,1357.414201
2026-09-26T04:30:07.121Z,LPT,-3.4396,2261,1.725,1357.414201
2026-09-26T04:30:07.121Z,DATA,0.3491,308.8,0.2267,1357.414201
2026-09-26T04:30:07.121Z,THETA,-4.1853,302,0.2322,1357.414201
2026-09-26T04:30:07.121Z,GRT,3.6652,38.88,0.02763,1357.414201
2026-09-26T04:30:07.121Z,LAYER,-1.6452,106.9,0.08007,1357.414201
2026-09-26T04:30:07.121Z,NMR,-0.6185,13130,9.733,1357.414201
2026-09-26T04:30:07.121Z,EIGEN,-8.51,321.9,0.2592,1357.414201
2026-09-26T04:30:07.121Z,BAT,0.6339,125.1,0.09158,1357.414201
2026-09-26T04:30:07.121Z,SPK,-6.5046,30.7,0.02419,1357.414201
2026-09-26T04:30:07.121Z,PUMP,-10.2355,5.276,0.00433,1357.414201
2026-09-26T04:30:07.121Z,KMNO,-4.1122,55.5,0.04264,1357.414201
2026-09-26T04:30:07.121Z,CHZ,0.8835,22.65,0.01654,1357.414201
2026-09-26T04:30:07.121Z,PENGU,1.9579,13.97,0.010094,1357.414201
2026-09-26T04:30:07.121Z,OP,-0.3416,194.8,0.144,1357.414201
2026-09-26T04:30:07.121Z,UMA,0.3572,558.8,0.4102,1357.414201
2026-09-26T04:30:07.121Z,ZRO,3.8753,2204,1.5631,1357.414201
2026-09-26T04:30:07.121Z,S,1.2684,56.03,0.04076,1357.414201
2026-09-26T04:30:07.121Z,IMX,0.2378,216.9,0.15941,1357.414201
2026-09-26T04:30:07.121Z,A,0.5727,140,0.10255,1357.414201
2026-09-26T04:30:07.121Z,ATH,-3.3606,8.04,0.006129,1357.414201
2026-09-26T04:30:07.121Z,COMP,6.7032,34950,24.13,1357.414201
2026-09-26T04:30:07.121Z,CVX,-4.625,2654,2.05,1357.414201
2026-09-26T04:30:07.121Z,AXS,-2.7113,1550,1.1737,1357.414201
2026-09-26T04:30:07.121Z,WCT,-0.6425,58.83,0.04362,1357.414201
2026-09-26T04:30:07.121Z,ME,1.1598,106.2,0.07734,1357.414201
2026-09-26T04:30:07.121Z,ASTER,1.4319,1004,0.7292,1357.414201
2026-09-26T04:30:07.121Z,GMX,0.9578,11210,8.18,1357.414201
2026-09-26T04:30:07.121Z,MORPHO,3.9019,3810,2.7014,1357.414201
2026-09-26T04:30:07.121Z,MON,-0.6583,35.02,0.02597,1357.414201
2026-09-26T04:30:07.121Z,1INCH,-2.1085,136.6,0.1028,1357.414201
2026-09-26T04:30:07.121Z,SKY,-0.6978,105.8,0.07849,1357.414201
2026-09-26T04:30:07.121Z,YGG,-1.9976,36.53,0.02746,1357.414201
2026-09-26T04:30:07.121Z,BIO,2.1435,45.02,0.03247,1357.414201
2026-09-26T04:30:07.121Z,MOVE,-4.0591,12.54,0.009629,1357.414201
2026-09-26T04:30:07.121Z,GALA,-10.0356,2.628,0.002152,1357.414201
2026-09-26T04:30:07.121Z,ZK,-1.1357,17.14,0.012772,1357.414201
2026-09-26T04:30:07.121Z,ENS,0.0231,9610,7.078,1357.414201
2026-09-26T04:30:07.121Z,INJ,4.8622,11040,7.756,1357.414201
2026-09-26T04:30:07.121Z,KAITO,0.0321,480,0.3535,1357.414201
2026-09-26T04:30:07.121Z,LDO,-1.2881,650,0.4851,1357.414201
2026-09-26T04:30:07.121Z,BLUR,-0.3836,28.18,0.02084,1357.414201
2026-09-26T04:30:07.121Z,AUCTION,-1.1238,5170,3.852,1357.414201
2026-09-26T04:30:07.121Z,ZETA,2.2652,74.35,0.05356,1357.414201
2026-09-26T04:30:07.121Z,WIF,-2.7694,325.6,0.2467,1357.414201
2026-09-26T04:30:07.121Z,KSM,-0.2392,6370,4.704,1357.414201
2026-09-26T04:35:06.994Z,BTC,0.1552,113996000,83850.1,1357.414201
2026-09-26T04:35:06.994Z,XRP,0.1158,2112,1.5541,1357.414201
2026-09-26T04:35:06.994Z,SOL,0.1885,163700,120.37,1357.414201
2026-09-26T04:35:06.994Z,ETH,0.1503,3650000,2684.9,1357.414201
2026-09-26T04:35:06.994Z,FIL,-0.3033,1410,1.0419,1357.414201
2026-09-26T04:35:06.994Z,TRX,0.087,458.2,0.33726,1357.414201
2026-09-26T04:35:06.994Z,BNB,0.0556,1050000,773.1,1357.414201
2026-09-26T04:35:06.994Z,WLD,-0.0102,655.7,0.4831,1357.414201
2026-09-26T04:35:06.994Z,FLOW,-0.9502,41.68,0.031,1357.414201
2026-09-26T04:35:06.994Z,LINK,-0.5873,19100,14.154,1357.414201
2026-09-26T04:35:06.994Z,DOGE,0.0301,132.7,0.09773,1357.414201
2026-09-26T04:35:06.994Z,SUI,0.0559,1582,1.1648,1357.414201
2026-09-26T04:35:06.994Z,XLM,-0.0239,295.9,0.21804,1357.414201
2026-09-26T04:35:06.994Z,BCH,0.2413,457600,336.3,1357.414201
2026-09-26T04:35:06.994Z,AVAX,0.2155,14440,10.615,1357.414201
2026-09-26T04:35:06.994Z,ETC,0.4334,12800,9.389,1357.414201
2026-09-26T04:35:06.994Z,AAVE,-0.0371,209100,154.1,1357.414201
2026-09-26T04:35:06.994Z,ADA,0.0809,347.1,0.2555,1357.414201
2026-09-26T04:35:06.994Z,HYPE,0.0685,124700,91.803,1357.414201
2026-09-26T04:35:06.994Z,SEI,-1.7242,98.61,0.07392,1357.414201
2026-09-26T04:35:06.994Z,HBAR,0.0556,127.6,0.09395,1357.414201
2026-09-26T04:35:06.994Z,ARB,0.9557,304.5,0.2222,1357.414201
2026-09-26T04:35:06.994Z,JTO,1.0119,788,0.5747,1357.414201
2026-09-26T04:35:06.994Z,ONDO,-0.1092,736,0.5428,1357.414201
2026-09-26T04:35:06.994Z,QTUM,-0.1515,1399,1.0322,1357.414201
2026-09-26T04:35:06.994Z,PYTH,-0.484,99.26,0.07348,1357.414201
2026-09-26T04:35:06.994Z,APT,0.302,1166,0.8564,1357.414201
2026-09-26T04:35:06.994Z,UNI,0.6888,13110,9.592,1357.414201
2026-09-26T04:35:06.994Z,TIA,2.2495,672.6,0.4846,1357.414201
2026-09-26T04:35:06.994Z,ALGO,0.2505,157.8,0.11596,1357.414201
2026-09-26T04:35:06.994Z,NEAR,-0.164,6635,4.896,1357.414201
2026-09-26T04:35:06.994Z,ZIL,-4.452,4.9,0.003778,1357.414201
2026-09-26T04:35:06.994Z,SUSHI,-2.3725,348,0.2626,1357.414201
2026-09-26T04:35:06.994Z,PENDLE,-0.3963,3422,2.531,1357.414201
2026-09-26T04:35:06.994Z,XTZ,0.6499,444.3,0.3252,1357.414201
2026-09-26T04:35:06.994Z,W,-1.1289,16.45,0.012257,1357.414201
2026-09-26T04:35:06.994Z,AR,-4.6563,5855,4.524,1357.414201
2026-09-26T04:35:06.994Z,SHIB,-0.143,0.008,0.000005902,1357.414201
2026-09-26T04:35:06.994Z,CELO,0.166,133.9,0.09848,1357.414201
2026-09-26T04:35:06.994Z,STX,-0.2482,440.2,0.3251,1357.414201
2026-09-26T04:35:06.994Z,JUP,-0.8049,464,0.3446,1357.414201
2026-09-26T04:35:06.994Z,PEPE,-0.715,0.006,0.000004452,1357.414201
2026-09-26T04:35:06.994Z,DYDX,2.6895,186.2,0.13358,1357.414201
2026-09-26T04:35:06.994Z,KITE,0.9033,189.7,0.1385,1357.414201
2026-09-26T04:35:06.994Z,CRV,1.2243,479.4,0.3489,1357.414201
2026-09-26T04:35:06.994Z,ENJ,2.5054,40.88,0.02938,1357.414201
2026-09-26T04:35:06.994Z,ATOM,0.3879,2461,1.806,1357.414201
2026-09-26T04:35:06.994Z,ICP,3.775,4426,3.142,1357.414201
2026-09-26T04:35:06.994Z,SPACE,-0.66,6.807,0.005048,1357.414201
2026-09-26T04:35:06.994Z,DOT,-0.4924,1646,1.2186,1357.414201
2026-09-26T04:35:06.994Z,ETHFI,0.5947,972.5,0.7122,1357.414201
2026-09-26T04:35:06.994Z,CC,-0.2042,178,0.1314,1357.414201
2026-09-26T04:35:06.994Z,SYRUP,-0.1594,296.8,0.219,1357.414201
2026-09-26T04:35:06.994Z,TAO,-2.7297,410500,310.9,1357.414201
2026-09-26T04:35:06.994Z,GRAM,-3.593,1908,1.458,1357.414201
2026-09-26T04:35:06.994Z,RAY,5.5426,2860,1.9963,1357.414201
2026-09-26T04:35:06.994Z,RENDER,0.4096,2621,1.923,1357.414201
2026-09-26T04:35:06.994Z,GRASS,-9.7527,610.8,0.4986,1357.414201
2026-09-26T04:35:06.994Z,MINA,1.929,192.5,0.13913,1357.414201
2026-09-26T04:35:06.994Z,POL,-0.0284,161.5,0.11901,1357.414201
2026-09-26T04:35:06.994Z,ENA,1.1129,375,0.27322,1357.414201
2026-09-26T04:35:06.994Z,SAND,-0.4533,60.55,0.04481,1357.414201
2026-09-26T04:35:06.994Z,AERO,-2.0005,1183,0.8893,1357.414201
2026-09-26T04:35:06.994Z,KGEN,-1.2129,223,0.1663,1357.414201
2026-09-26T04:35:06.994Z,LIT,1.1404,6640,4.8365,1357.414201
2026-09-26T04:35:06.994Z,MANA,-2.693,120,0.09085,1357.414201
2026-09-26T04:35:06.994Z,BAND,-5.4575,284.9,0.222,1357.414201
2026-09-26T04:35:06.994Z,APE,-0.1246,208.7,0.15394,1357.414201
2026-09-26T04:35:06.994Z,GMT,1.6218,12.11,0.008779,1357.414201
2026-09-26T04:35:06.994Z,VIRTUAL,0.743,1062,0.7766,1357.414201
2026-09-26T04:35:06.994Z,LPT,-3.1026,2261,1.719,1357.414201
2026-09-26T04:35:06.994Z,DATA,0.3048,308.8,0.2268,1357.414201
2026-09-26T04:35:06.994Z,THETA,-4.144,302,0.2321,1357.414201
2026-09-26T04:35:06.994Z,GRT,3.7779,38.88,0.0276,1357.414201
2026-09-26T04:35:06.994Z,LAYER,-1.7066,106.9,0.08012,1357.414201
2026-09-26T04:35:06.994Z,NMR,-0.5674,13130,9.728,1357.414201
2026-09-26T04:35:06.994Z,EIGEN,-8.3686,321.9,0.2588,1357.414201
2026-09-26T04:35:06.994Z,BAT,0.4803,125.1,0.09172,1357.414201
2026-09-26T04:35:06.994Z,SPK,-6.5819,30.7,0.02421,1357.414201
2026-09-26T04:35:06.994Z,PUMP,-10.0694,5.276,0.004322,1357.414201
2026-09-26T04:35:06.994Z,KMNO,-4.4706,55.5,0.0428,1357.414201
2026-09-26T04:35:06.994Z,CHZ,0.8226,22.65,0.01655,1357.414201
2026-09-26T04:35:06.994Z,PENGU,1.8771,13.97,0.010102,1357.414201
2026-09-26T04:35:06.994Z,OP,-0.5763,194.8,0.14434,1357.414201
2026-09-26T04:35:06.994Z,UMA,0.4061,558.8,0.41,1357.414201
2026-09-26T04:35:06.994Z,ZRO,3.4452,2204,1.5696,1357.414201
2026-09-26T04:35:06.994Z,S,1.1939,56.03,0.04079,1357.414201
2026-09-26T04:35:06.994Z,IMX,0.1373,216.9,0.15957,1357.414201
2026-09-26T04:35:06.994Z,A,0.8579,140,0.10226,1357.414201
2026-09-26T04:35:06.994Z,ATH,-3.4237,8.04,0.006133,1357.414201
2026-09-26T04:35:06.994Z,COMP,6.7917,34950,24.11,1357.414201
2026-09-26T04:35:06.994Z,CVX,-4.7179,2654,2.052,1357.414201
2026-09-26T04:35:06.994Z,AXS,-2.7113,1550,1.1737,1357.414201
2026-09-26T04:35:06.994Z,WCT,-0.3913,58.83,0.04351,1357.414201
2026-09-26T04:35:06.994Z,ME,1.0944,106.2,0.07739,1357.414201
2026-09-26T04:35:06.994Z,ASTER,1.3763,1004,0.7296,1357.414201
2026-09-26T04:35:06.994Z,GMX,0.7607,11210,8.196,1357.414201
2026-09-26T04:35:06.994Z,MORPHO,3.8981,3810,2.7015,1357.414201
2026-09-26T04:35:06.994Z,MON,-0.9633,35.02,0.02605,1357.414201
2026-09-26T04:35:06.994Z,1INCH,-2.0894,136.6,0.10278,1357.414201
2026-09-26T04:35:06.994Z,SKY,-0.9124,105.8,0.07866,1357.414201
2026-09-26T04:35:06.994Z,YGG,-2.0689,36.53,0.02748,1357.414201
2026-09-26T04:35:06.994Z,BIO,2.2065,45.02,0.03245,1357.414201
2026-09-26T04:35:06.994Z,MOVE,-4.069,12.54,0.00963,1357.414201
2026-09-26T04:35:06.994Z,GALA,-10.0356,2.628,0.002152,1357.414201
2026-09-26T04:35:06.994Z,ZK,-1.2903,17.14,0.012792,1357.414201
2026-09-26T04:35:06.994Z,ENS,0.0231,9610,7.078,1357.414201
2026-09-26T04:35:06.994Z,INJ,4.8892,11040,7.754,1357.414201
2026-09-26T04:35:06.994Z,KAITO,-0.3906,480,0.355,1357.414201
2026-09-26T04:35:06.994Z,LDO,-1.7337,650,0.4873,1357.414201
2026-09-26T04:35:06.994Z,BLUR,-0.4791,28.18,0.02086,1357.414201
2026-09-26T04:35:06.994Z,AUCTION,-1.252,5170,3.857,1357.414201
2026-09-26T04:35:06.994Z,ZETA,2.208,74.35,0.05359,1357.414201
2026-09-26T04:35:06.994Z,WIF,-3.0053,325.6,0.2473,1357.414201
2026-09-26T04:35:06.994Z,KSM,-0.2816,6370,4.706,1357.414201
2026-09-26T04:40:06.911Z,BTC,0.0983,113990000,83893.4,1357.414201
2026-09-26T04:40:06.911Z,XRP,0.0233,2111,1.5548,1357.414201
2026-09-26T04:40:06.911Z,SOL,0.1303,163700,120.44,1357.414201
2026-09-26T04:40:06.911Z,ETH,0.0129,3647000,2686.38,1357.414201
2026-09-26T04:40:06.911Z,FIL,-0.4276,1410,1.0432,1357.414201
2026-09-26T04:40:06.911Z,TRX,0.103,458.3,0.33728,1357.414201
2026-09-26T04:40:06.911Z,BNB,0.0556,1050000,773.1,1357.414201
2026-09-26T04:40:06.911Z,WLD,-0.0614,655.5,0.4832,1357.414201
2026-09-26T04:40:06.911Z,FLOW,-0.9502,41.68,0.031,1357.414201
2026-09-26T04:40:06.911Z,LINK,-0.157,19100,14.093,1357.414201
2026-09-26T04:40:06.911Z,DOGE,0.085,132.8,0.09775,1357.414201
2026-09-26T04:40:06.911Z,SUI,-0.1327,1582,1.167,1357.414201
2026-09-26T04:40:06.911Z,XLM,-0.068,296,0.21821,1357.414201
2026-09-26T04:40:06.911Z,BCH,0.3906,457600,335.8,1357.414201
2026-09-26T04:40:06.911Z,AVAX,-0.0645,14420,10.63,1357.414201
2026-09-26T04:40:06.911Z,ETC,0.3266,12800,9.399,1357.414201
2026-09-26T04:40:06.911Z,AAVE,-0.2894,209100,154.49,1357.414201
2026-09-26T04:40:06.911Z,ADA,0.0026,347.1,0.2557,1357.414201
2026-09-26T04:40:06.911Z,HYPE,0.0038,124800,91.936,1357.414201
2026-09-26T04:40:06.911Z,SEI,-1.7242,98.61,0.07392,1357.414201
2026-09-26T04:40:06.911Z,HBAR,0.0237,127.6,0.09398,1357.414201
2026-09-26T04:40:06.911Z,ARB,0.8151,304.5,0.22251,1357.414201
2026-09-26T04:40:06.911Z,JTO,0.0085,778,0.5731,1357.414201
2026-09-26T04:40:06.911Z,ONDO,-0.1845,741,0.5469,1357.414201
2026-09-26T04:40:06.911Z,QTUM,-0.0934,1399,1.0316,1357.414201
2026-09-26T04:40:06.911Z,PYTH,-0.8215,99.26,0.07373,1357.414201
2026-09-26T04:40:06.911Z,APT,0.2435,1166,0.8569,1357.414201
2026-09-26T04:40:06.911Z,UNI,0.3749,13110,9.622,1357.414201
2026-09-26T04:40:06.911Z,TIA,2.1441,672.6,0.4851,1357.414201
2026-09-26T04:40:06.911Z,ALGO,0.2937,157.8,0.11591,1357.414201
2026-09-26T04:40:06.911Z,NEAR,-0.5297,6635,4.914,1357.414201
2026-09-26T04:40:06.911Z,ZIL,-4.4267,4.9,0.003777,1357.414201
2026-09-26T04:40:06.911Z,SUSHI,-2.4468,348,0.2628,1357.414201
2026-09-26T04:40:06.911Z,PENDLE,-0.4356,3422,2.532,1357.414201
2026-09-26T04:40:06.911Z,XTZ,0.7739,444.3,0.3248,1357.414201
2026-09-26T04:40:06.911Z,W,-1.0239,16.45,0.012244,1357.414201
2026-09-26T04:40:06.911Z,AR,-4.7195,5855,4.527,1357.414201
2026-09-26T04:40:06.911Z,SHIB,-0.1769,0.008,0.000005904,1357.414201
2026-09-26T04:40:06.911Z,CELO,-0.0371,133.9,0.09868,1357.414201
2026-09-26T04:40:06.911Z,STX,-0.6119,439,0.3254,1357.414201
2026-09-26T04:40:06.911Z,JUP,-1.2062,464,0.346,1357.414201
2026-09-26T04:40:06.911Z,PEPE,-0.8264,0.006,0.000004457,1357.414201
2026-09-26T04:40:06.911Z,DYDX,2.7433,186.2,0.13351,1357.414201
2026-09-26T04:40:06.911Z,KITE,1.3349,189.7,0.13791,1357.414201
2026-09-26T04:40:06.911Z,CRV,1.1373,479.4,0.3492,1357.414201
2026-09-26T04:40:06.911Z,ENJ,2.6102,40.88,0.02935,1357.414201
2026-09-26T04:40:06.911Z,ATOM,0.4435,2461,1.805,1357.414201
2026-09-26T04:40:06.911Z,ICP,3.5443,4426,3.149,1357.414201
2026-09-26T04:40:06.911Z,SPACE,-0.6403,6.807,0.005047,1357.414201
2026-09-26T04:40:06.911Z,DOT,-0.5087,1646,1.2188,1357.414201
2026-09-26T04:40:06.911Z,ETHFI,0.3271,972.5,0.7141,1357.414201
2026-09-26T04:40:06.911Z,CC,-0.3861,178,0.13164,1357.414201
2026-09-26T04:40:06.911Z,SYRUP,-0.2049,296.8,0.2191,1357.414201
2026-09-26T04:40:06.911Z,TAO,-2.6984,410500,310.8,1357.414201
2026-09-26T04:40:06.911Z,GRAM,-3.4606,1908,1.456,1357.414201
2026-09-26T04:40:06.911Z,RAY,5.2316,2860,2.0022,1357.414201
2026-09-26T04:40:06.911Z,RENDER,0.2012,2621,1.927,1357.414201
2026-09-26T04:40:06.911Z,GRASS,-10.5599,610.8,0.5031,1357.414201
2026-09-26T04:40:06.911Z,MINA,1.8631,192.5,0.13922,1357.414201
2026-09-26T04:40:06.911Z,POL,0.3341,161.5,0.11858,1357.414201
2026-09-26T04:40:06.911Z,ENA,0.0835,375,0.27603,1357.414201
2026-09-26T04:40:06.911Z,SAND,-0.4755,60.55,0.04482,1357.414201
2026-09-26T04:40:06.911Z,AERO,-1.5473,1187,0.8882,1357.414201
2026-09-26T04:40:06.911Z,KGEN,-1.094,223,0.1661,1357.414201
2026-09-26T04:40:06.911Z,LIT,0.8609,6640,4.8499,1357.414201
2026-09-26T04:40:06.911Z,MANA,-2.7037,120,0.09086,1357.414201
2026-09-26T04:40:06.911Z,BAND,-5.3722,284.9,0.2218,1357.414201
2026-09-26T04:40:06.911Z,APE,-0.0337,208.7,0.1538,1357.414201
2026-09-26T04:40:06.911Z,GMT,1.6333,12.11,0.008778,1357.414201
2026-09-26T04:40:06.911Z,VIRTUAL,0.6911,1062,0.777,1357.414201
2026-09-26T04:40:06.911Z,LPT,-2.9897,2261,1.717,1357.414201
2026-09-26T04:40:06.911Z,DATA,0.3491,308.8,0.2267,1357.414201
2026-09-26T04:40:06.911Z,THETA,-4.1027,302,0.232,1357.414201
2026-09-26T04:40:06.911Z,GRT,-0.2669,37.5,0.0277,1357.414201
2026-09-26T04:40:06.911Z,LAYER,-1.6329,106.9,0.08006,1357.414201
2026-09-26T04:40:06.911Z,NMR,-0.3009,13130,9.702,1357.414201
2026-09-26T04:40:06.911Z,EIGEN,-8.8616,321.9,0.2602,1357.414201
2026-09-26T04:40:06.911Z,BAT,0.6009,125.1,0.09161,1357.414201
2026-09-26T04:40:06.911Z,SPK,-6.3498,30.7,0.02415,1357.414201
2026-09-26T04:40:06.911Z,PUMP,-11.3007,5.276,0.004382,1357.414201
2026-09-26T04:40:06.911Z,KMNO,-4.3142,55.5,0.04273,1357.414201
2026-09-26T04:40:06.911Z,CHZ,1.0057,22.65,0.01652,1357.414201
2026-09-26T04:40:06.911Z,PENGU,1.7864,13.97,0.010111,1357.414201
2026-09-26T04:40:06.911Z,OP,-0.7825,194.8,0.14464,1357.414201
2026-09-26T04:40:06.911Z,UMA,0.5533,558.8,0.4094,1357.414201
2026-09-26T04:40:06.911Z,ZRO,-0.6362,2125,1.5755,1357.414201
2026-09-26T04:40:06.911Z,S,1.2933,56.03,0.04075,1357.414201
2026-09-26T04:40:06.911Z,IMX,0.2819,216.9,0.15934,1357.414201
2026-09-26T04:40:06.911Z,A,1.0555,140,0.10206,1357.414201
2026-09-26T04:40:06.911Z,ATH,-3.6123,8.04,0.006145,1357.414201
2026-09-26T04:40:06.911Z,COMP,6.9248,34950,24.08,1357.414201
2026-09-26T04:40:06.911Z,CVX,-4.5784,2654,2.049,1357.414201
2026-09-26T04:40:06.911Z,AXS,-2.7776,1550,1.1745,1357.414201
2026-09-26T04:40:06.911Z,WCT,-0.1158,58.83,0.04339,1357.414201
2026-09-26T04:40:06.911Z,ME,1.1991,106.2,0.07731,1357.414201
2026-09-26T04:40:06.911Z,ASTER,1.3485,1004,0.7298,1357.414201
2026-09-26T04:40:06.911Z,GMX,0.8469,11210,8.189,1357.414201
2026-09-26T04:40:06.911Z,MORPHO,3.6411,3810,2.7082,1357.414201
2026-09-26T04:40:06.911Z,MON,-1.0393,35.02,0.02607,1357.414201
2026-09-26T04:40:06.911Z,1INCH,-1.8602,136.6,0.10254,1357.414201
2026-09-26T04:40:06.911Z,SKY,-0.9628,105.8,0.0787,1357.414201
2026-09-26T04:40:06.911Z,YGG,-1.6753,36.53,0.02737,1357.414201
2026-09-26T04:40:06.911Z,BIO,2.3011,45.02,0.03242,1357.414201
2026-09-26T04:40:06.911Z,MOVE,-4.1188,12.54,0.009635,1357.414201
2026-09-26T04:40:06.911Z,GALA,-9.9519,2.628,0.00215,1357.414201
2026-09-26T04:40:06.911Z,ZK,-1.2671,17.14,0.012789,1357.414201
2026-09-26T04:40:06.911Z,ENS,0.0231,9610,7.078,1357.414201
2026-09-26T04:40:06.911Z,INJ,4.6867,11040,7.769,1357.414201
2026-09-26T04:40:06.911Z,KAITO,-0.4747,480,0.3553,1357.414201
2026-09-26T04:40:06.911Z,LDO,-2.4742,650,0.491,1357.414201
2026-09-26T04:40:06.911Z,BLUR,-0.3358,28.18,0.02083,1357.414201
2026-09-26T04:40:06.911Z,AUCTION,-1.2775,5170,3.858,1357.414201
2026-09-26T04:40:06.911Z,ZETA,1.828,74.35,0.05379,1357.414201
2026-09-26T04:40:06.911Z,WIF,-2.0548,325.6,0.2449,1357.414201
2026-09-26T04:40:06.911Z,KSM,-0.1331,6370,4.699,1357.414201
2026-09-26T04:45:06.977Z,BTC,0.036,113996000,83950,1357.414201
2026-09-26T04:45:06.977Z,XRP,0.1204,2114,1.5555,1357.414201
2026-09-26T04:45:06.977Z,SOL,0.125,163800,120.52,1357.414201
2026-09-26T04:45:06.977Z,ETH,-0.0314,3647000,2687.57,1357.414201
2026-09-26T04:45:06.977Z,FIL,-0.8647,1410,1.0478,1357.414201
2026-09-26T04:45:06.977Z,TRX,0.0555,458.3,0.33744,1357.414201
2026-09-26T04:45:06.977Z,BNB,0.0038,1050000,773.5,1357.414201
2026-09-26T04:45:06.977Z,WLD,-0.4856,656.5,0.486,1357.414201
2026-09-26T04:45:06.977Z,FLOW,-1.3955,41.68,0.03114,1357.414201
2026-09-26T04:45:06.977Z,LINK,-0.2561,19100,14.107,1357.414201
2026-09-26T04:45:06.977Z,DOGE,-0.0582,132.8,0.09789,1357.414201
2026-09-26T04:45:06.977Z,SUI,0.1713,1586,1.1664,1357.414201
2026-09-26T04:45:06.977Z,XLM,-0.012,296.6,0.21853,1357.414201
2026-09-26T04:45:06.977Z,BCH,0.1817,457600,336.5,1357.414201
2026-09-26T04:45:06.977Z,AVAX,-0.2241,14420,10.647,1357.414201
2026-09-26T04:45:06.977Z,ETC,0.0604,12800,9.424,1357.414201
2026-09-26T04:45:06.977Z,AAVE,-0.4955,209100,154.81,1357.414201
2026-09-26T04:45:06.977Z,ADA,-0.2315,347.1,0.2563,1357.414201
2026-09-26T04:45:06.977Z,HYPE,-0.1233,124800,92.053,1357.414201
2026-09-26T04:45:06.977Z,SEI,-2.1742,98.61,0.07426,1357.414201
2026-09-26T04:45:06.977Z,HBAR,-0.7302,126.8,0.0941,1357.414201
2026-09-26T04:45:06.977Z,ARB,0.4134,304.5,0.2234,1357.414201
2026-09-26T04:45:06.977Z,JTO,-0.3913,778,0.5754,1357.414201
2026-09-26T04:45:06.977Z,ONDO,-0.1297,741,0.5466,1357.414201
2026-09-26T04:45:06.977Z,QTUM,-0.2868,1399,1.0336,1357.414201
2026-09-26T04:45:06.977Z,PYTH,-0.8753,99.26,0.07377,1357.414201
2026-09-26T04:45:06.977Z,APT,0.01,1166,0.8589,1357.414201
2026-09-26T04:45:06.977Z,UNI,0.3853,13110,9.621,1357.414201
2026-09-26T04:45:06.977Z,TIA,1.8501,672.6,0.4865,1357.414201
2026-09-26T04:45:06.977Z,ALGO,-0.0598,157.8,0.11632,1357.414201
2026-09-26T04:45:06.977Z,NEAR,-0.4487,6635,4.91,1357.414201
2026-09-26T04:45:06.977Z,ZIL,-4.553,4.9,0.003782,1357.414201
2026-09-26T04:45:06.977Z,SUSHI,-3.0005,348,0.2643,1357.414201
2026-09-26T04:45:06.977Z,PENDLE,-0.9442,3422,2.545,1357.414201
2026-09-26T04:45:06.977Z,XTZ,0.6809,444.3,0.3251,1357.414201
2026-09-26T04:45:06.977Z,W,-1.3944,16.45,0.01229,1357.414201
2026-09-26T04:45:06.977Z,AR,-5.0133,5855,4.541,1357.414201
2026-09-26T04:45:06.977Z,SHIB,-0.3456,0.008,0.000005914,1357.414201
2026-09-26T04:45:06.977Z,CELO,-0.6412,133.9,0.09928,1357.414201
2026-09-26T04:45:06.977Z,STX,-0.9164,439,0.3264,1357.414201
2026-09-26T04:45:06.977Z,JUP,-1.1205,464,0.3457,1357.414201
2026-09-26T04:45:06.977Z,PEPE,-1.0705,0.006,0.000004468,1357.414201
2026-09-26T04:45:06.977Z,DYDX,2.467,186.2,0.13387,1357.414201
2026-09-26T04:45:06.977Z,KITE,1.3202,189.7,0.13793,1357.414201
2026-09-26T04:45:06.977Z,CRV,0.8197,479.4,0.3503,1357.414201
2026-09-26T04:45:06.977Z,ENJ,2.366,40.88,0.02942,1357.414201
2026-09-26T04:45:06.977Z,ATOM,-0.0548,2461,1.814,1357.414201
2026-09-26T04:45:06.977Z,ICP,3.2492,4426,3.158,1357.414201
2026-09-26T04:45:06.977Z,SPACE,-0.6797,6.807,0.005049,1357.414201
2026-09-26T04:45:06.977Z,DOT,-1.3425,1646,1.2291,1357.414201
2026-09-26T04:45:06.977Z,ETHFI,-0.3428,972.5,0.7189,1357.414201
2026-09-26T04:45:06.977Z,CC,-0.4995,178,0.13179,1357.414201
2026-09-26T04:45:06.977Z,SYRUP,-0.3414,296.8,0.2194,1357.414201
2026-09-26T04:45:06.977Z,TAO,-3.1968,410500,312.4,1357.414201
2026-09-26T04:45:06.977Z,GRAM,-3.4606,1908,1.456,1357.414201
2026-09-26T04:45:06.977Z,RAY,5.3263,2860,2.0004,1357.414201
2026-09-26T04:45:06.977Z,RENDER,-0.1615,2621,1.934,1357.414201
2026-09-26T04:45:06.977Z,GRASS,-10.5599,610.8,0.5031,1357.414201
2026-09-26T04:45:06.977Z,MINA,1.8119,192.5,0.13929,1357.414201
2026-09-26T04:45:06.977Z,POL,0.258,161.5,0.11867,1357.414201
2026-09-26T04:45:06.977Z,ENA,-0.3497,375,0.27723,1357.414201
2026-09-26T04:45:06.977Z,SAND,-0.675,60.55,0.04491,1357.414201
2026-09-26T04:45:06.977Z,AERO,-1.5916,1187,0.8886,1357.414201
2026-09-26T04:45:06.977Z,KGEN,-1.3316,223,0.1665,1357.414201
2026-09-26T04:45:06.977Z,LIT,0.6596,6640,4.8596,1357.414201
2026-09-26T04:45:06.977Z,MANA,-2.8321,120,0.09098,1357.414201
2026-09-26T04:45:06.977Z,BAND,-5.5001,284.9,0.2221,1357.414201
2026-09-26T04:45:06.977Z,APE,-0.293,208.7,0.1542,1357.414201
2026-09-26T04:45:06.977Z,GMT,1.46,12.11,0.008793,1357.414201
2026-09-26T04:45:06.977Z,VIRTUAL,0.3038,1062,0.78,1357.414201
2026-09-26T04:45:06.977Z,LPT,-3.4955,2261,1.726,1357.414201
2026-09-26T04:45:06.977Z,DATA,0.3491,308.8,0.2267,1357.414201
2026-09-26T04:45:06.977Z,THETA,-4.1853,302,0.2322,1357.414201
2026-09-26T04:45:06.977Z,GRT,-1.0882,37.5,0.02793,1357.414201
2026-09-26T04:45:06.977Z,LAYER,-1.8536,106.9,0.08024,1357.414201
2026-09-26T04:45:06.977Z,NMR,-0.3318,13130,9.705,1357.414201
2026-09-26T04:45:06.977Z,EIGEN,-9.4186,321.9,0.2618,1357.414201
2026-09-26T04:45:06.977Z,BAT,0.4693,125.1,0.09173,1357.414201
2026-09-26T04:45:06.977Z,SPK,-6.311,30.7,0.02414,1357.414201
2026-09-26T04:45:06.977Z,PUMP,-11.5832,5.276,0.004396,1357.414201
2026-09-26T04:45:06.977Z,KMNO,-3.7963,55.5,0.0425,1357.414201
2026-09-26T04:45:06.977Z,CHZ,0.5795,22.65,0.01659,1357.414201
2026-09-26T04:45:06.977Z,PENGU,1.4553,13.97,0.010144,1357.414201
2026-09-26T04:45:06.977Z,OP,-1.0766,194.8,0.14507,1357.414201
2026-09-26T04:45:06.977Z,UMA,0.5042,558.8,0.4096,1357.414201
2026-09-26T04:45:06.977Z,ZRO,-0.6362,2125,1.5755,1357.414201
2026-09-26T04:45:06.977Z,S,0.9712,56.03,0.04088,1357.414201
2026-09-26T04:45:06.977Z,IMX,0.0245,216.9,0.15975,1357.414201
2026-09-26T04:45:06.977Z,A,0.848,140,0.10227,1357.414201
2026-09-26T04:45:06.977Z,ATH,-4.2511,8.04,0.006186,1357.414201
2026-09-26T04:45:06.977Z,COMP,6.7917,34950,24.11,1357.414201
2026-09-26T04:45:06.977Z,CVX,-4.5784,2654,2.049,1357.414201
2026-09-26T04:45:06.977Z,AXS,-2.9924,1550,1.1771,1357.414201
2026-09-26T04:45:06.977Z,WCT,-0.2767,58.83,0.04346,1357.414201
2026-09-26T04:45:06.977Z,ME,0.9379,106.2,0.07751,1357.414201
2026-09-26T04:45:06.977Z,ASTER,1.2376,1004,0.7306,1357.414201
2026-09-26T04:45:06.977Z,GMX,0.7116,11210,8.2,1357.414201
2026-09-26T04:45:06.977Z,MORPHO,3.4005,3810,2.7145,1357.414201
2026-09-26T04:45:06.977Z,MON,-1.3798,35.02,0.02616,1357.414201
2026-09-26T04:45:06.977Z,1INCH,-2.0131,136.6,0.1027,1357.414201
2026-09-26T04:45:06.977Z,SKY,-1.3014,105.8,0.07897,1357.414201
2026-09-26T04:45:06.977Z,YGG,-1.8188,36.53,0.02741,1357.414201
2026-09-26T04:45:06.977Z,BIO,2.1121,45.02,0.03248,1357.414201
2026-09-26T04:45:06.977Z,MOVE,-4.2182,12.54,0.009645,1357.414201
2026-09-26T04:45:06.977Z,GALA,-10.4517,2.628,0.002162,1357.414201
2026-09-26T04:45:06.977Z,ZK,-1.6822,17.14,0.012843,1357.414201
2026-09-26T04:45:06.977Z,ENS,-0.0616,9610,7.084,1357.414201
2026-09-26T04:45:06.977Z,INJ,4.2974,11040,7.798,1357.414201
2026-09-26T04:45:06.977Z,KAITO,-0.4747,480,0.3553,1357.414201
2026-09-26T04:45:06.977Z,LDO,-2.8107,650,0.4927,1357.414201
2026-09-26T04:45:06.977Z,BLUR,-0.5744,28.18,0.02088,1357.414201
2026-09-26T04:45:06.977Z,AUCTION,-1.4563,5170,3.865,1357.414201
2026-09-26T04:45:06.977Z,ZETA,1.1323,74.35,0.05416,1357.414201
2026-09-26T04:45:06.977Z,WIF,-2.572,325.6,0.2462,1357.414201
2026-09-26T04:45:06.977Z,KSM,-0.2816,6370,4.706,1357.414201
2026-09-26T04:50:06.991Z,BTC,0.0343,114002000,83955.9,1357.414201
2026-09-26T04:50:06.991Z,XRP,0.0216,2113,1.5563,1357.414201
2026-09-26T04:50:06.991Z,SOL,0.0668,163800,120.59,1357.414201
2026-09-26T04:50:06.991Z,ETH,0.0306,3651000,2688.85,1357.414201
2026-09-26T04:50:06.991Z,FIL,-0.0877,1422,1.0485,1357.414201
2026-09-26T04:50:06.991Z,TRX,0.0496,458.3,0.33746,1357.414201
2026-09-26T04:50:06.991Z,BNB,0.0038,1050000,773.5,1357.414201
2026-09-26T04:50:06.991Z,WLD,-0.1403,658.1,0.4855,1357.414201
2026-09-26T04:50:06.991Z,FLOW,-1.1734,41.68,0.03107,1357.414201
2026-09-26T04:50:06.991Z,LINK,-0.2561,19100,14.107,1357.414201
2026-09-26T04:50:06.991Z,DOGE,-0.15,132.8,0.09798,1357.414201
2026-09-26T04:50:06.991Z,SUI,0.1713,1586,1.1664,1357.414201
2026-09-26T04:50:06.991Z,XLM,-0.0241,296.7,0.21863,1357.414201
2026-09-26T04:50:06.991Z,BCH,0.0925,457600,336.8,1357.414201
2026-09-26T04:50:06.991Z,AVAX,-0.3738,14420,10.663,1357.414201
2026-09-26T04:50:06.991Z,ETC,-0.1198,12800,9.441,1357.414201
2026-09-26T04:50:06.991Z,AAVE,-0.4698,209100,154.77,1357.414201
2026-09-26T04:50:06.991Z,ADA,0.2468,348.9,0.2564,1357.414201
2026-09-26T04:50:06.991Z,HYPE,0.0483,125100,92.116,1357.414201
2026-09-26T04:50:06.991Z,SEI,0.1063,100.8,0.07418,1357.414201
2026-09-26T04:50:06.991Z,HBAR,-0.8461,126.8,0.09421,1357.414201
2026-09-26T04:50:06.991Z,ARB,0.1534,304.5,0.22398,1357.414201
2026-09-26T04:50:06.991Z,JTO,-0.8736,778,0.5782,1357.414201
2026-09-26T04:50:06.991Z,ONDO,0.0533,741,0.5456,1357.414201
2026-09-26T04:50:06.991Z,QTUM,-0.4409,1399,1.0352,1357.414201
2026-09-26T04:50:06.991Z,PYTH,-0.9424,99.26,0.07382,1357.414201
2026-09-26T04:50:06.991Z,APT,0.0566,1166,0.8585,1357.414201
2026-09-26T04:50:06.991Z,UNI,0.1147,13110,9.647,1357.414201
2026-09-26T04:50:06.991Z,TIA,1.5995,672.6,0.4877,1357.414201
2026-09-26T04:50:06.991Z,ALGO,-0.1799,157.8,0.11646,1357.414201
2026-09-26T04:50:06.991Z,NEAR,-0.6308,6635,4.919,1357.414201
2026-09-26T04:50:06.991Z,ZIL,-4.679,4.9,0.003787,1357.414201
2026-09-26T04:50:06.991Z,SUSHI,-3.3296,348,0.2652,1357.414201
2026-09-26T04:50:06.991Z,PENDLE,-0.8663,3422,2.543,1357.414201
2026-09-26T04:50:06.991Z,XTZ,0.4029,444.3,0.326,1357.414201
2026-09-26T04:50:06.991Z,W,-1.3462,16.45,0.012284,1357.414201
2026-09-26T04:50:06.991Z,AR,-5.1595,5855,4.548,1357.414201
2026-09-26T04:50:06.991Z,SHIB,-0.413,0.008,0.000005918,1357.414201
2026-09-26T04:50:06.991Z,CELO,-0.2493,133.9,0.09889,1357.414201
2026-09-26T04:50:06.991Z,STX,-0.8556,439,0.3262,1357.414201
2026-09-26T04:50:06.991Z,JUP,-0.2958,469.9,0.3472,1357.414201
2026-09-26T04:50:06.991Z,PEPE,-1.2032,0.006,0.000004474,1357.414201
2026-09-26T04:50:06.991Z,DYDX,2.2913,186.2,0.1341,1357.414201
2026-09-26T04:50:06.991Z,KITE,1.5854,189.7,0.13757,1357.414201
2026-09-26T04:50:06.991Z,CRV,0.5614,479.4,0.3512,1357.414201
2026-09-26T04:50:06.991Z,ENJ,2.0538,40.88,0.02951,1357.414201
2026-09-26T04:50:06.991Z,ATOM,-0.1099,2461,1.815,1357.414201
2026-09-26T04:50:06.991Z,ICP,2.826,4426,3.171,1357.414201
2026-09-26T04:50:06.991Z,SPACE,-0.8956,6.807,0.00506,1357.414201
2026-09-26T04:50:06.991Z,DOT,-1.0688,1646,1.2257,1357.414201
2026-09-26T04:50:06.991Z,ETHFI,-0.5227,972.5,0.7202,1357.414201
2026-09-26T04:50:06.991Z,CC,-0.5222,178,0.13182,1357.414201
2026-09-26T04:50:06.991Z,SYRUP,-0.2959,296.8,0.2193,1357.414201
2026-09-26T04:50:06.991Z,TAO,-3.6287,410500,313.8,1357.414201
2026-09-26T04:50:06.991Z,GRAM,-3.4606,1908,1.456,1357.414201
2026-09-26T04:50:06.991Z,RAY,5.1686,2860,2.0034,1357.414201
2026-09-26T04:50:06.991Z,RENDER,-0.3675,2621,1.938,1357.414201
2026-09-26T04:50:06.991Z,GRASS,-11.1427,610.8,0.5064,1357.414201
2026-09-26T04:50:06.991Z,MINA,1.7461,192.5,0.13938,1357.414201
2026-09-26T04:50:06.991Z,POL,0.3172,161.5,0.1186,1357.414201
2026-09-26T04:50:06.991Z,ENA,-0.7685,375,0.2784,1357.414201
2026-09-26T04:50:06.991Z,SAND,-0.8736,60.55,0.045,1357.414201
2026-09-26T04:50:06.991Z,AERO,-1.8126,1187,0.8906,1357.414201
2026-09-26T04:50:06.991Z,KGEN,-1.3316,223,0.1665,1357.414201
2026-09-26T04:50:06.991Z,LIT,0.1588,6640,4.8839,1357.414201
2026-09-26T04:50:06.991Z,MANA,-2.9068,120,0.09105,1357.414201
2026-09-26T04:50:06.991Z,BAND,-5.67,284.9,0.2225,1357.414201
2026-09-26T04:50:06.991Z,APE,-0.5317,208.7,0.15457,1357.414201
2026-09-26T04:50:06.991Z,GMT,1.2642,12.11,0.00881,1357.414201
2026-09-26T04:50:06.991Z,VIRTUAL,0.0729,1062,0.7818,1357.414201
2026-09-26T04:50:06.991Z,LPT,-3.5514,2261,1.727,1357.414201
2026-09-26T04:50:06.991Z,DATA,0.5265,308.8,0.2263,1357.414201
2026-09-26T04:50:06.991Z,THETA,-4.35,302,0.2326,1357.414201
2026-09-26T04:50:06.991Z,GRT,-1.0528,37.5,0.02792,1357.414201
2026-09-26T04:50:06.991Z,LAYER,-1.9147,106.9,0.08029,1357.414201
2026-09-26T04:50:06.991Z,NMR,-0.3318,13130,9.705,1357.414201
2026-09-26T04:50:06.991Z,EIGEN,-9.6602,321.9,0.2625,1357.414201
2026-09-26T04:50:06.991Z,BAT,0.3927,125.1,0.0918,1357.414201
2026-09-26T04:50:06.991Z,SPK,-6.4273,30.7,0.02417,1357.414201
2026-09-26T04:50:06.991Z,PUMP,-12.8715,5.276,0.004461,1357.414201
2026-09-26T04:50:06.991Z,KMNO,-3.9319,55.5,0.04256,1357.414201
2026-09-26T04:50:06.991Z,CHZ,0.5795,22.65,0.01659,1357.414201
2026-09-26T04:50:06.991Z,PENGU,1.0767,13.97,0.010182,1357.414201
2026-09-26T04:50:06.991Z,OP,-1.8278,194.8,0.14618,1357.414201
2026-09-26T04:50:06.991Z,UMA,0.4551,558.8,0.4098,1357.414201
2026-09-26T04:50:06.991Z,ZRO,-0.5731,2125,1.5745,1357.414201
2026-09-26T04:50:06.991Z,S,0.8478,56.03,0.04093,1357.414201
2026-09-26T04:50:06.991Z,IMX,-0.1942,216.9,0.1601,1357.414201
2026-09-26T04:50:06.991Z,A,0.8382,140,0.10228,1357.414201
2026-09-26T04:50:06.991Z,ATH,-4.4056,8.04,0.006196,1357.414201
2026-09-26T04:50:06.991Z,COMP,6.836,34950,24.1,1357.414201
2026-09-26T04:50:06.991Z,CVX,-4.8107,2654,2.054,1357.414201
2026-09-26T04:50:06.991Z,AXS,-3.1651,1550,1.1792,1357.414201
2026-09-26T04:50:06.991Z,WCT,-0.5056,58.83,0.04356,1357.414201
2026-09-26T04:50:06.991Z,ME,0.8209,106.2,0.0776,1357.414201
2026-09-26T04:50:06.991Z,ASTER,1.1545,1004,0.7312,1357.414201
2026-09-26T04:50:06.991Z,GMX,0.6257,11210,8.207,1357.414201
2026-09-26T04:50:06.991Z,MORPHO,3.4539,3810,2.7131,1357.414201
2026-09-26T04:50:06.991Z,MON,-2.2022,35.02,0.02638,1357.414201
2026-09-26T04:50:06.991Z,1INCH,-2.0799,136.6,0.10277,1357.414201
2026-09-26T04:50:06.991Z,SKY,-1.2388,105.8,0.07892,1357.414201
2026-09-26T04:50:06.991Z,YGG,-1.9619,36.53,0.02745,1357.414201
2026-09-26T04:50:06.991Z,BIO,1.8925,45.02,0.03255,1357.414201
2026-09-26T04:50:06.991Z,MOVE,-4.2678,12.54,0.00965,1357.414201
2026-09-26T04:50:06.991Z,GALA,-10.4517,2.628,0.002162,1357.414201
2026-09-26T04:50:06.991Z,ZK,-1.8122,17.14,0.01286,1357.414201
2026-09-26T04:50:06.991Z,ENS,-0.1884,9610,7.093,1357.414201
2026-09-26T04:50:06.991Z,INJ,4.0838,11040,7.814,1357.414201
2026-09-26T04:50:06.991Z,KAITO,-0.8097,480,0.3565,1357.414201
2026-09-26T04:50:06.991Z,LDO,-3.1253,650,0.4943,1357.414201
2026-09-26T04:50:06.991Z,BLUR,-0.622,28.18,0.02089,1357.414201
2026-09-26T04:50:06.991Z,AUCTION,-1.5837,5170,3.87,1357.414201
2026-09-26T04:50:06.991Z,ZETA,0.6122,74.35,0.05444,1357.414201
2026-09-26T04:50:06.991Z,WIF,-2.572,325.6,0.2462,1357.414201
2026-09-26T04:50:06.991Z,KSM,-0.3028,6370,4.707,1357.414201
2026-09-26T04:55:06.942Z,BTC,0.0389,114002000,83952,1357.414201
2026-09-26T04:55:06.942Z,XRP,0.0602,2113,1.5557,1357.414201
2026-09-26T04:55:06.942Z,SOL,0.1362,163900,120.58,1357.414201
2026-09-26T04:55:06.942Z,ETH,0.047,3651000,2688.41,1357.414201
2026-09-26T04:55:06.942Z,FIL,0.1032,1422,1.0465,1357.414201
2026-09-26T04:55:06.942Z,TRX,0.2142,459,0.33742,1357.414201
2026-09-26T04:55:06.942Z,BNB,-0.0091,1050000,773.6,1357.414201
2026-09-26T04:55:06.942Z,WLD,0.3327,660.4,0.4849,1357.414201
2026-09-26T04:55:06.942Z,FLOW,-1.1415,41.68,0.03106,1357.414201
2026-09-26T04:55:06.942Z,LINK,-0.1092,19200,14.16,1357.414201
2026-09-26T04:55:06.942Z,DOGE,-0.1398,132.8,0.09797,1357.414201
2026-09-26T04:55:06.942Z,SUI,0.3434,1586,1.1644,1357.414201
2026-09-26T04:55:06.942Z,XLM,0.0491,296.7,0.21847,1357.414201
2026-09-26T04:55:06.942Z,BCH,0.1222,457600,336.7,1357.414201
2026-09-26T04:55:06.942Z,AVAX,-0.3177,14420,10.657,1357.414201
2026-09-26T04:55:06.942Z,ETC,0.1135,12800,9.419,1357.414201
2026-09-26T04:55:06.942Z,AAVE,-0.3732,209100,154.62,1357.414201
2026-09-26T04:55:06.942Z,ADA,0.2859,348.9,0.2563,1357.414201
2026-09-26T04:55:06.942Z,HYPE,0.0581,125100,92.107,1357.414201
2026-09-26T04:55:06.942Z,SEI,0.6217,100.8,0.0738,1357.414201
2026-09-26T04:55:06.942Z,HBAR,-0.7934,126.8,0.09416,1357.414201
2026-09-26T04:55:06.942Z,ARB,0.4629,304.5,0.22329,1357.414201
2026-09-26T04:55:06.942Z,JTO,-0.5813,778,0.5765,1357.414201
2026-09-26T04:55:06.942Z,ONDO,0.0533,741,0.5456,1357.414201
2026-09-26T04:55:06.942Z,QTUM,-0.3061,1399,1.0338,1357.414201
2026-09-26T04:55:06.942Z,PYTH,-0.9558,99.26,0.07383,1357.414201
2026-09-26T04:55:06.942Z,APT,0.3723,1166,0.8558,1357.414201
2026-09-26T04:55:06.942Z,UNI,0.1147,13110,9.647,1357.414201
2026-09-26T04:55:06.942Z,TIA,1.7456,672.6,0.487,1357.414201
2026-09-26T04:55:06.942Z,ALGO,0.0176,157.8,0.11623,1357.414201
2026-09-26T04:55:06.942Z,NEAR,-0.1232,6635,4.894,1357.414201
2026-09-26T04:55:06.942Z,ZIL,-4.679,4.9,0.003787,1357.414201
2026-09-26T04:55:06.942Z,SUSHI,-3.0371,348,0.2644,1357.414201
2026-09-26T04:55:06.942Z,PENDLE,-1.1772,3422,2.551,1357.414201
2026-09-26T04:55:06.942Z,XTZ,0.5263,444.3,0.3256,1357.414201
2026-09-26T04:55:06.942Z,W,-1.1773,16.45,0.012263,1357.414201
2026-09-26T04:55:06.942Z,AR,-4.9714,5855,4.539,1357.414201
2026-09-26T04:55:06.942Z,SHIB,-0.3962,0.008,0.000005917,1357.414201
2026-09-26T04:55:06.942Z,CELO,-0.2493,133.9,0.09889,1357.414201
2026-09-26T04:55:06.942Z,STX,-1.0376,439,0.3268,1357.414201
2026-09-26T04:55:06.942Z,JUP,0.1948,469.9,0.3455,1357.414201
2026-09-26T04:55:06.942Z,PEPE,-1.159,0.006,0.000004472,1357.414201
2026-09-26T04:55:06.942Z,DYDX,2.1617,186.2,0.13427,1357.414201
2026-09-26T04:55:06.942Z,KITE,1.4085,189.7,0.13781,1357.414201
2026-09-26T04:55:06.942Z,CRV,0.1905,479.4,0.3525,1357.414201
2026-09-26T04:55:06.942Z,ENJ,2.123,40.88,0.02949,1357.414201
2026-09-26T04:55:06.942Z,ATOM,-0.1649,2461,1.816,1357.414201
2026-09-26T04:55:06.942Z,ICP,2.7611,4426,3.173,1357.414201
2026-09-26T04:55:06.942Z,SPACE,-0.8564,6.807,0.005058,1357.414201
2026-09-26T04:55:06.942Z,DOT,-0.9476,1646,1.2242,1357.414201
2026-09-26T04:55:06.942Z,ETHFI,-0.7569,972.5,0.7219,1357.414201
2026-09-26T04:55:06.942Z,CC,-0.2346,178,0.13144,1357.414201
2026-09-26T04:55:06.942Z,SYRUP,-0.5227,296.8,0.2198,1357.414201
2026-09-26T04:55:06.942Z,TAO,-3.5672,410500,313.6,1357.414201
2026-09-26T04:55:06.942Z,GRAM,-3.5269,1908,1.457,1357.414201
2026-09-26T04:55:06.942Z,RAY,5.4634,2860,1.9978,1357.414201
2026-09-26T04:55:06.942Z,RENDER,-0.1098,2621,1.933,1357.414201
2026-09-26T04:55:06.942Z,GRASS,-11.1603,610.8,0.5065,1357.414201
2026-09-26T04:55:06.942Z,MINA,1.6222,192.5,0.13955,1357.414201
2026-09-26T04:55:06.942Z,POL,0.6312,161.5,0.11823,1357.414201
2026-09-26T04:55:06.942Z,ENA,-0.6614,375,0.2781,1357.414201
2026-09-26T04:55:06.942Z,SAND,-0.8956,60.55,0.04501,1357.414201
2026-09-26T04:55:06.942Z,AERO,-2.0217,1187,0.8925,1357.414201
2026-09-26T04:55:06.942Z,KGEN,-1.3316,223,0.1665,1357.414201
2026-09-26T04:55:06.942Z,LIT,0.042,6640,4.8896,1357.414201
2026-09-26T04:55:06.942Z,MANA,-2.9068,120,0.09105,1357.414201
2026-09-26T04:55:06.942Z,BAND,-5.67,284.9,0.2225,1357.414201
2026-09-26T04:55:06.942Z,APE,-0.3447,208.7,0.15428,1357.414201
2026-09-26T04:55:06.942Z,GMT,1.2642,12.11,0.00881,1357.414201
2026-09-26T04:55:06.942Z,VIRTUAL,0.2653,1062,0.7803,1357.414201
2026-09-26T04:55:06.942Z,LPT,-3.2714,2261,1.722,1357.414201
2026-09-26T04:55:06.942Z,DATA,0.3491,308.8,0.2267,1357.414201
2026-09-26T04:55:06.942Z,THETA,-4.35,302,0.2326,1357.414201
2026-09-26T04:55:06.942Z,GRT,-0.9108,37.5,0.02788,1357.414201
2026-09-26T04:55:06.942Z,LAYER,-1.9269,106.9,0.0803,1357.414201
2026-09-26T04:55:06.942Z,NMR,-0.3318,13130,9.705,1357.414201
2026-09-26T04:55:06.942Z,EIGEN,-9.6257,321.9,0.2624,1357.414201
2026-09-26T04:55:06.942Z,BAT,0.3927,125.1,0.0918,1357.414201
2026-09-26T04:55:06.942Z,SPK,-6.8128,30.7,0.02427,1357.414201
2026-09-26T04:55:06.942Z,PUMP,-12.8324,5.276,0.004459,1357.414201
2026-09-26T04:55:06.942Z,KMNO,-4.2469,55.5,0.0427,1357.414201
2026-09-26T04:55:06.942Z,CHZ,0.6402,22.65,0.01658,1357.414201
2026-09-26T04:55:06.942Z,PENGU,1.1959,13.97,0.01017,1357.414201
2026-09-26T04:55:06.942Z,OP,-1.1992,194.8,0.14525,1357.414201
2026-09-26T04:55:06.942Z,UMA,0.4551,558.8,0.4098,1357.414201
2026-09-26T04:55:06.942Z,ZRO,-0.3199,2125,1.5705,1357.414201
2026-09-26T04:55:06.942Z,S,0.9218,56.03,0.0409,1357.414201
2026-09-26T04:55:06.942Z,IMX,-0.1443,216.9,0.16002,1357.414201
2026-09-26T04:55:06.942Z,A,0.8184,140,0.1023,1357.414201
2026-09-26T04:55:06.942Z,ATH,-4.2047,8.04,0.006183,1357.414201
2026-09-26T04:55:06.942Z,COMP,6.9248,34950,24.08,1357.414201
2026-09-26T04:55:06.942Z,CVX,-4.8107,2654,2.054,1357.414201
2026-09-26T04:55:06.942Z,AXS,-2.9676,1550,1.1768,1357.414201
2026-09-26T04:55:06.942Z,WCT,-0.5284,58.83,0.04357,1357.414201
2026-09-26T04:55:06.942Z,ME,0.8339,106.2,0.07759,1357.414201
2026-09-26T04:55:06.942Z,ASTER,1.2791,1004,0.7303,1357.414201
2026-09-26T04:55:06.942Z,GMX,0.6257,11210,8.207,1357.414201
2026-09-26T04:55:06.942Z,MORPHO,3.3929,3810,2.7147,1357.414201
2026-09-26T04:55:06.942Z,MON,-1.8674,35.02,0.02629,1357.414201
2026-09-26T04:55:06.942Z,1INCH,-2.0894,136.6,0.10278,1357.414201
2026-09-26T04:55:06.942Z,SKY,-1.4137,105.8,0.07906,1357.414201
2026-09-26T04:55:06.942Z,YGG,-1.9619,36.53,0.02745,1357.414201
2026-09-26T04:55:06.942Z,BIO,2.0178,45.02,0.03251,1357.414201
2026-09-26T04:55:06.942Z,MOVE,-4.1288,12.54,0.009636,1357.414201
2026-09-26T04:55:06.942Z,GALA,-10.3688,2.628,0.00216,1357.414201
2026-09-26T04:55:06.942Z,ZK,-1.7587,17.14,0.012853,1357.414201
2026-09-26T04:55:06.942Z,ENS,-0.0475,9610,7.083,1357.414201
2026-09-26T04:55:06.942Z,INJ,4.1505,11040,7.809,1357.414201
2026-09-26T04:55:06.942Z,KAITO,-0.8375,480,0.3566,1357.414201
2026-09-26T04:55:06.942Z,LDO,-2.9683,650,0.4935,1357.414201
2026-09-26T04:55:06.942Z,BLUR,-0.5268,28.18,0.02087,1357.414201
2026-09-26T04:55:06.942Z,AUCTION,-1.6345,5170,3.872,1357.414201
2026-09-26T04:55:06.942Z,ZETA,0.6861,74.35,0.0544,1357.414201
2026-09-26T04:55:06.942Z,WIF,-2.3737,325.6,0.2457,1357.414201
2026-09-26T04:55:06.942Z,KSM,-0.3875,6370,4.711,1357.414201
2026-09-26T05:00:06.996Z,BTC,0.0388,114002000,83952.1,1357.414201
2026-09-26T05:00:06.996Z,XRP,0.0152,2113,1.5564,1357.414201
2026-09-26T05:00:06.996Z,SOL,0.1196,163900,120.6,1357.414201
2026-09-26T05:00:06.996Z,ETH,0.0481,3651000,2688.38,1357.414201
2026-09-26T05:00:06.996Z,FIL,0.0841,1422,1.0467,1357.414201
2026-09-26T05:00:06.996Z,TRX,0.2083,459,0.33744,1357.414201
2026-09-26T05:00:06.996Z,BNB,-0.035,1050000,773.8,1357.414201
2026-09-26T05:00:06.996Z,WLD,0.4667,657.6,0.4822,1357.414201
2026-09-26T05:00:06.996Z,FLOW,-1.2369,41.68,0.03109,1357.414201
2026-09-26T05:00:06.996Z,LINK,0.025,19200,14.141,1357.414201
2026-09-26T05:00:06.996Z,DOGE,-0.1601,132.8,0.09799,1357.414201
2026-09-26T05:00:06.996Z,SUI,0.3434,1586,1.1644,1357.414201
2026-09-26T05:00:06.996Z,XLM,0.1107,297.1,0.21863,1357.414201
2026-09-26T05:00:06.996Z,BCH,0.1222,457600,336.7,1357.414201
2026-09-26T05:00:06.996Z,AVAX,-0.3364,14420,10.659,1357.414201
2026-09-26T05:00:06.996Z,ETC,0.1242,12800,9.418,1357.414201
2026-09-26T05:00:06.996Z,AAVE,-0.2248,209100,154.39,1357.414201
2026-09-26T05:00:06.996Z,ADA,0.2859,348.9,0.2563,1357.414201
2026-09-26T05:00:06.996Z,HYPE,0.0798,125100,92.087,1357.414201
2026-09-26T05:00:06.996Z,SEI,0.7719,100.8,0.07369,1357.414201
2026-09-26T05:00:06.996Z,HBAR,-0.7196,126.8,0.09409,1357.414201
2026-09-26T05:00:06.996Z,ARB,0.598,304.5,0.22299,1357.414201
2026-09-26T05:00:06.996Z,JTO,-0.5641,778,0.5764,1357.414201
2026-09-26T05:00:06.996Z,ONDO,0.09,741,0.5454,1357.414201
2026-09-26T05:00:06.996Z,QTUM,-0.3639,1399,1.0344,1357.414201
2026-09-26T05:00:06.996Z,PYTH,-0.7676,99.26,0.07369,1357.414201
2026-09-26T05:00:06.996Z,APT,0.5603,1166,0.8542,1357.414201
2026-09-26T05:00:06.996Z,UNI,0.0111,13110,9.657,1357.414201
2026-09-26T05:00:06.996Z,TIA,1.8083,672.6,0.4867,1357.414201
2026-09-26T05:00:06.996Z,ALGO,0.0348,157.8,0.11621,1357.414201
2026-09-26T05:00:06.996Z,NEAR,0.0403,6635,4.886,1357.414201
2026-09-26T05:00:06.996Z,ZIL,-4.7042,4.9,0.003788,1357.414201
2026-09-26T05:00:06.996Z,SUSHI,-2.8166,348,0.2638,1357.414201
2026-09-26T05:00:06.996Z,PENDLE,-0.9831,3422,2.546,1357.414201
2026-09-26T05:00:06.996Z,XTZ,0.3721,444.3,0.3261,1357.414201
2026-09-26T05:00:06.996Z,W,-0.9916,16.45,0.01224,1357.414201
2026-09-26T05:00:06.996Z,AR,-4.9923,5855,4.54,1357.414201
2026-09-26T05:00:06.996Z,SHIB,-0.3793,0.008,0.000005916,1357.414201
2026-09-26T05:00:06.996Z,CELO,0.2372,133.9,0.09841,1357.414201
2026-09-26T05:00:06.996Z,STX,-0.8556,439,0.3262,1357.414201
2026-09-26T05:00:06.996Z,JUP,0.1368,469.9,0.3457,1357.414201
2026-09-26T05:00:06.996Z,PEPE,-1.4015,0.006,0.000004483,1357.414201
2026-09-26T05:00:06.996Z,DYDX,2.3141,186.2,0.13407,1357.414201
2026-09-26T05:00:06.996Z,KITE,1.6371,189.7,0.1375,1357.414201
2026-09-26T05:00:06.996Z,CRV,0.3043,479.4,0.3521,1357.414201
2026-09-26T05:00:06.996Z,ENJ,2.0193,40.88,0.02952,1357.414201
2026-09-26T05:00:06.996Z,ATOM,-0.2198,2461,1.817,1357.414201
2026-09-26T05:00:06.996Z,ICP,2.9233,4426,3.168,1357.414201
2026-09-26T05:00:06.996Z,SPACE,-0.8368,6.807,0.005057,1357.414201
2026-09-26T05:00:06.996Z,DOT,-1.1736,1646,1.227,1357.414201
2026-09-26T05:00:06.996Z,ETHFI,-0.6468,972.5,0.7211,1357.414201
2026-09-26T05:00:06.996Z,CC,-0.0216,178,0.13116,1357.414201
2026-09-26T05:00:06.996Z,SYRUP,-0.4321,296.8,0.2196,1357.414201
2026-09-26T05:00:06.996Z,TAO,-3.2278,410500,312.5,1357.414201
2026-09-26T05:00:06.996Z,GRAM,-3.5269,1908,1.457,1357.414201
2026-09-26T05:00:06.996Z,RAY,5.4845,2860,1.9974,1357.414201
2026-09-26T05:00:06.996Z,RENDER,-0.2131,2621,1.935,1357.414201
2026-09-26T05:00:06.996Z,GRASS,-11.3179,610.8,0.5074,1357.414201
2026-09-26T05:00:06.996Z,MINA,1.6003,192.5,0.13958,1357.414201
2026-09-26T05:00:06.996Z,POL,0.5631,161.5,0.11831,1357.414201
2026-09-26T05:00:06.996Z,ENA,-1.0599,375,0.27922,1357.414201
2026-09-26T05:00:06.996Z,SAND,-0.7634,60.55,0.04495,1357.414201
2026-09-26T05:00:06.996Z,AERO,-2.4697,1187,0.8966,1357.414201
2026-09-26T05:00:06.996Z,KGEN,-1.3316,223,0.1665,1357.414201
2026-09-26T05:00:06.996Z,LIT,0.0502,6640,4.8892,1357.414201
2026-09-26T05:00:06.996Z,MANA,-2.8214,120,0.09097,1357.414201
2026-09-26T05:00:06.996Z,BAND,-5.67,284.9,0.2225,1357.414201
2026-09-26T05:00:06.996Z,APE,-0.4286,208.7,0.15441,1357.414201
2026-09-26T05:00:06.996Z,GMT,1.2757,12.11,0.008809,1357.414201
2026-09-26T05:00:06.996Z,VIRTUAL,0.4326,1062,0.779,1357.414201
2026-09-26T05:00:06.996Z,LPT,-3.1589,2261,1.72,1357.414201
2026-09-26T05:00:06.996Z,DATA,0.2165,308.8,0.227,1357.414201
2026-09-26T05:00:06.996Z,THETA,-4.35,302,0.2326,1357.414201
2026-09-26T05:00:06.996Z,GRT,-0.8041,37.5,0.02785,1357.414201
2026-09-26T05:00:06.996Z,LAYER,-2.207,106.9,0.08053,1357.414201
2026-09-26T05:00:06.996Z,NMR,-0.3112,13130,9.703,1357.414201
2026-09-26T05:00:06.996Z,EIGEN,-9.28,321.9,0.2614,1357.414201
2026-09-26T05:00:06.996Z,BAT,0.2399,125.1,0.09194,1357.414201
2026-09-26T05:00:06.996Z,SPK,-6.7744,30.7,0.02426,1357.414201
2026-09-26T05:00:06.996Z,PUMP,-13.3571,5.276,0.004486,1357.414201
2026-09-26T05:00:06.996Z,KMNO,-4.3813,55.5,0.04276,1357.414201
2026-09-26T05:00:06.996Z,CHZ,0.6402,22.65,0.01658,1357.414201
2026-09-26T05:00:06.996Z,PENGU,1.2258,13.97,0.010167,1357.414201
2026-09-26T05:00:06.996Z,OP,-1.0971,194.8,0.1451,1357.414201
2026-09-26T05:00:06.996Z,UMA,0.4551,558.8,0.4098,1357.414201
2026-09-26T05:00:06.996Z,ZRO,-0.3262,2125,1.5706,1357.414201
2026-09-26T05:00:06.996Z,S,0.9218,56.03,0.0409,1357.414201
2026-09-26T05:00:06.996Z,IMX,-0.0881,216.9,0.15993,1357.414201
2026-09-26T05:00:06.996Z,A,1.0456,140,0.10207,1357.414201
2026-09-26T05:00:06.996Z,ATH,-4.2047,8.04,0.006183,1357.414201
2026-09-26T05:00:06.996Z,COMP,7.0136,34950,24.06,1357.414201
2026-09-26T05:00:06.996Z,CVX,-4.8107,2654,2.054,1357.414201
2026-09-26T05:00:06.996Z,AXS,-3.5332,1550,1.1837,1357.414201
2026-09-26T05:00:06.996Z,WCT,-0.5284,58.83,0.04357,1357.414201
2026-09-26T05:00:06.996Z,ME,0.6781,106.2,0.07771,1357.414201
2026-09-26T05:00:06.996Z,ASTER,1.3346,1004,0.7299,1357.414201
2026-09-26T05:00:06.996Z,GMX,0.6502,11210,8.205,1357.414201
2026-09-26T05:00:06.996Z,MORPHO,3.4539,3810,2.7131,1357.414201
2026-09-26T05:00:06.996Z,MON,-2.5347,35.02,0.02647,1357.414201
2026-09-26T05:00:06.996Z,1INCH,-2.0894,136.6,0.10278,1357.414201
2026-09-26T05:00:06.996Z,SKY,-1.2013,105.8,0.07889,1357.414201
2026-09-26T05:00:06.996Z,YGG,-1.8904,36.53,0.02743,1357.414201
2026-09-26T05:00:06.996Z,BIO,2.0492,45.02,0.0325,1357.414201
2026-09-26T05:00:06.996Z,MOVE,-4.0092,12.54,0.009624,1357.414201
2026-09-26T05:00:06.996Z,GALA,-10.0356,2.628,0.002152,1357.414201
2026-09-26T05:00:06.996Z,ZK,-1.3134,17.14,0.012795,1357.414201
2026-09-26T05:00:06.996Z,ENS,-0.0334,9610,7.082,1357.414201
2026-09-26T05:00:06.996Z,INJ,4.1238,11040,7.811,1357.414201
2026-09-26T05:00:06.996Z,KAITO,-0.754,480,0.3563,1357.414201
2026-09-26T05:00:06.996Z,LDO,-2.6526,650,0.4919,1357.414201
2026-09-26T05:00:06.996Z,BLUR,-0.5744,28.18,0.02088,1357.414201
2026-09-26T05:00:06.996Z,AUCTION,-1.5328,5170,3.868,1357.414201
2026-09-26T05:00:06.996Z,ZETA,1.2071,74.35,0.05412,1357.414201
2026-09-26T05:00:06.996Z,WIF,-2.2942,325.6,0.2455,1357.414201
2026-09-26T05:00:06.996Z,KSM,-0.3663,6370,4.71,1357.414201
2026-09-26T05:05:06.780Z,BTC,0.0267,114000000,83960.8,1357.414201
2026-09-26T05:05:06.780Z,XRP,0.0643,2112,1.5549,1357.414201
2026-09-26T05:05:06.780Z,SOL,0.1445,163900,120.57,1357.414201
2026-09-26T05:05:06.780Z,ETH,0.0803,3652000,2688.25,1357.414201
2026-09-26T05:05:06.780Z,FIL,0.1223,1422,1.0463,1357.414201
2026-09-26T05:05:06.780Z,TRX,0.2172,459,0.33741,1357.414201
2026-09-26T05:05:06.780Z,BNB,-0.0091,1050000,773.6,1357.414201
2026-09-26T05:05:06.780Z,WLD,-0.0679,656,0.4836,1357.414201
2026-09-26T05:05:06.780Z,FLOW,-0.9502,41.68,0.031,1357.414201
2026-09-26T05:05:06.780Z,LINK,0.2093,19200,14.115,1357.414201
2026-09-26T05:05:06.780Z,DOGE,-0.0173,132.8,0.09785,1357.414201
2026-09-26T05:05:06.780Z,SUI,-0.0068,1573,1.1589,1357.414201
2026-09-26T05:05:06.780Z,XLM,0.262,297.1,0.2183,1357.414201
2026-09-26T05:05:06.780Z,BCH,0.152,457600,336.6,1357.414201
2026-09-26T05:05:06.780Z,AVAX,-0.0457,14420,10.628,1357.414201
2026-09-26T05:05:06.780Z,ETC,0.2626,12800,9.405,1357.414201
2026-09-26T05:05:06.780Z,AAVE,-0.1472,209100,154.27,1357.414201
2026-09-26T05:05:06.780Z,ADA,0.5606,348.9,0.2556,1357.414201
2026-09-26T05:05:06.780Z,HYPE,0.2431,125100,91.937,1357.414201
2026-09-26T05:05:06.780Z,SEI,0.7719,100.8,0.07369,1357.414201
2026-09-26T05:05:06.780Z,HBAR,-0.5717,126.8,0.09395,1357.414201
2026-09-26T05:05:06.780Z,ARB,0.8286,304.5,0.22248,1357.414201
2026-09-26T05:05:06.780Z,JTO,-0.5123,778,0.5761,1357.414201
2026-09-26T05:05:06.780Z,ONDO,0.2739,741,0.5444,1357.414201
2026-09-26T05:05:06.780Z,QTUM,-0.1709,1399,1.0324,1357.414201
2026-09-26T05:05:06.780Z,PYTH,-1.1165,99.26,0.07395,1357.414201
2026-09-26T05:05:06.780Z,APT,0.8318,1166,0.8519,1357.414201
2026-09-26T05:05:06.780Z,UNI,0.0421,13110,9.654,1357.414201
2026-09-26T05:05:06.780Z,TIA,2.0179,672.6,0.4857,1357.414201
2026-09-26T05:05:06.780Z,ALGO,0.2678,157.8,0.11594,1357.414201
2026-09-26T05:05:06.780Z,NEAR,-0.0655,6590,4.858,1357.414201
2026-09-26T05:05:06.780Z,ZIL,-4.6035,4.9,0.003784,1357.414201
2026-09-26T05:05:06.780Z,SUSHI,-2.558,348,0.2631,1357.414201
2026-09-26T05:05:06.780Z,PENDLE,-0.6319,3422,2.537,1357.414201
2026-09-26T05:05:06.780Z,XTZ,0.1878,444.3,0.3267,1357.414201
2026-09-26T05:05:06.780Z,W,-0.6099,16.45,0.012193,1357.414201
2026-09-26T05:05:06.780Z,AR,-4.8666,5855,4.534,1357.414201
2026-09-26T05:05:06.780Z,SHIB,-0.1938,0.008,0.000005905,1357.414201
2026-09-26T05:05:06.780Z,CELO,-0.0269,133.9,0.09867,1357.414201
2026-09-26T05:05:06.780Z,STX,-1.0376,439,0.3268,1357.414201
2026-09-26T05:05:06.780Z,JUP,-0.209,467.6,0.3452,1357.414201
2026-09-26T05:05:06.780Z,PEPE,-1.159,0.006,0.000004472,1357.414201
2026-09-26T05:05:06.780Z,DYDX,2.5973,186.2,0.1337,1357.414201
2026-09-26T05:05:06.780Z,KITE,1.9411,189.7,0.13709,1357.414201
2026-09-26T05:05:06.780Z,CRV,0.6187,479.4,0.351,1357.414201
2026-09-26T05:05:06.780Z,ENJ,2.123,40.88,0.02949,1357.414201
2026-09-26T05:05:06.780Z,ATOM,0.2214,2461,1.809,1357.414201
2026-09-26T05:05:06.780Z,ICP,3.0535,4426,3.164,1357.414201
2026-09-26T05:05:06.780Z,SPACE,-0.66,6.807,0.005048,1357.414201
2026-09-26T05:05:06.780Z,DOT,-0.8585,1646,1.2231,1357.414201
2026-09-26T05:05:06.780Z,ETHFI,-0.3289,972.5,0.7188,1357.414201
2026-09-26T05:05:06.780Z,CC,0.2306,178,0.13083,1357.414201
2026-09-26T05:05:06.780Z,SYRUP,-0.3868,296.8,0.2195,1357.414201
2026-09-26T05:05:06.780Z,TAO,-3.1037,410500,312.1,1357.414201
2026-09-26T05:05:06.780Z,GRAM,-3.5269,1908,1.457,1357.414201
2026-09-26T05:05:06.780Z,RAY,5.5162,2860,1.9968,1357.414201
2026-09-26T05:05:06.780Z,RENDER,0.5142,2621,1.921,1357.414201
2026-09-26T05:05:06.780Z,GRASS,-11.4749,610.8,0.5083,1357.414201
2026-09-26T05:05:06.780Z,MINA,1.7315,192.5,0.1394,1357.414201
2026-09-26T05:05:06.780Z,POL,0.7249,161.5,0.11812,1357.414201
2026-09-26T05:05:06.780Z,ENA,0.1153,379.4,0.27918,1357.414201
2026-09-26T05:05:06.780Z,SAND,-0.5643,60.55,0.04486,1357.414201
2026-09-26T05:05:06.780Z,AERO,-1.8897,1187,0.8913,1357.414201
2026-09-26T05:05:06.780Z,KGEN,-1.3316,223,0.1665,1357.414201
2026-09-26T05:05:06.780Z,LIT,0.5685,6640,4.864,1357.414201
2026-09-26T05:05:06.780Z,MANA,-2.6823,120,0.09084,1357.414201
2026-09-26T05:05:06.780Z,BAND,-5.5426,284.9,0.2222,1357.414201
2026-09-26T05:05:06.780Z,APE,-0.2671,208.7,0.15416,1357.414201
2026-09-26T05:05:06.780Z,GMT,1.4946,12.11,0.00879,1357.414201
2026-09-26T05:05:06.780Z,VIRTUAL,0.7041,1062,0.7769,1357.414201
2026-09-26T05:05:06.780Z,LPT,-2.8766,2261,1.715,1357.414201
2026-09-26T05:05:06.780Z,DATA,0.1723,308.8,0.2271,1357.414201
2026-09-26T05:05:06.780Z,THETA,-4.1027,302,0.232,1357.414201
2026-09-26T05:05:06.780Z,GRT,-0.4108,37.5,0.02774,1357.414201
2026-09-26T05:05:06.780Z,LAYER,-1.8781,106.9,0.08026,1357.414201
2026-09-26T05:05:06.780Z,NMR,-0.3728,13130,9.709,1357.414201
2026-09-26T05:05:06.780Z,EIGEN,-9.1758,321.9,0.2611,1357.414201
2026-09-26T05:05:06.780Z,BAT,0.3162,125.1,0.09187,1357.414201
2026-09-26T05:05:06.780Z,SPK,-7.0808,30.7,0.02434,1357.414201
2026-09-26T05:05:06.780Z,PUMP,-13.0275,5.276,0.004469,1357.414201
2026-09-26T05:05:06.780Z,KMNO,-4.6489,55.5,0.04288,1357.414201
2026-09-26T05:05:06.780Z,CHZ,0.9446,22.65,0.01653,1357.414201
2026-09-26T05:05:06.780Z,PENGU,1.5454,13.97,0.010135,1357.414201
2026-09-26T05:05:06.780Z,OP,-0.8579,194.8,0.14475,1357.414201
2026-09-26T05:05:06.780Z,UMA,0.5778,558.8,0.4093,1357.414201
2026-09-26T05:05:06.780Z,ZRO,-0.3833,2125,1.5715,1357.414201
2026-09-26T05:05:06.780Z,S,1.2188,56.03,0.04078,1357.414201
2026-09-26T05:05:06.780Z,IMX,0.1373,216.9,0.15957,1357.414201
2026-09-26T05:05:06.780Z,A,1.3335,140,0.10178,1357.414201
2026-09-26T05:05:06.780Z,ATH,-3.8001,8.04,0.006157,1357.414201
2026-09-26T05:05:06.780Z,COMP,7.1919,34950,24.02,1357.414201
2026-09-26T05:05:06.780Z,CVX,-4.8107,2654,2.054,1357.414201
2026-09-26T05:05:06.780Z,AXS,-3.3618,1550,1.1816,1357.414201
2026-09-26T05:05:06.780Z,WCT,-0.4599,58.83,0.04354,1357.414201
2026-09-26T05:05:06.780Z,ME,1.2383,106.2,0.07728,1357.414201
2026-09-26T05:05:06.780Z,ASTER,1.4319,1004,0.7292,1357.414201
2026-09-26T05:05:06.780Z,GMX,0.6747,11210,8.203,1357.414201
2026-09-26T05:05:06.780Z,MORPHO,3.6028,3810,2.7092,1357.414201
2026-09-26T05:05:06.780Z,MON,-2.128,35.02,0.02636,1357.414201
2026-09-26T05:05:06.780Z,1INCH,-1.9176,136.6,0.1026,1357.414201
2026-09-26T05:05:06.780Z,SKY,-0.8998,105.8,0.07865,1357.414201
2026-09-26T05:05:06.780Z,YGG,-1.8188,36.53,0.02741,1357.414201
2026-09-26T05:05:06.780Z,BIO,2.2695,45.02,0.03243,1357.414201
2026-09-26T05:05:06.780Z,MOVE,-3.7692,12.54,0.0096,1357.414201
2026-09-26T05:05:06.780Z,GALA,-9.9519,2.628,0.00215,1357.414201
2026-09-26T05:05:06.780Z,ZK,-1.3057,17.14,0.012794,1357.414201
2026-09-26T05:05:06.780Z,ENS,0.193,9610,7.066,1357.414201
2026-09-26T05:05:06.780Z,INJ,4.6732,11040,7.77,1357.414201
2026-09-26T05:05:06.780Z,KAITO,-0.6704,480,0.356,1357.414201
2026-09-26T05:05:06.780Z,LDO,-2.5139,650,0.4912,1357.414201
2026-09-26T05:05:06.780Z,BLUR,-0.2879,28.18,0.02082,1357.414201
2026-09-26T05:05:06.780Z,AUCTION,-1.5073,5170,3.867,1357.414201
2026-09-26T05:05:06.780Z,ZETA,1.3944,74.35,0.05402,1357.414201
2026-09-26T05:05:06.780Z,WIF,-2.1347,325.6,0.2451,1357.414201
2026-09-26T05:05:06.780Z,KSM,-0.0906,6370,4.697,1357.414201
2026-09-26T05:10:06.971Z,BTC,0.074,114057000,83963.1,1357.414201
2026-09-26T05:10:06.971Z,XRP,0.1093,2112,1.5542,1357.414201
2026-09-26T05:10:06.971Z,SOL,0.0864,163900,120.64,1357.414201
2026-09-26T05:10:06.971Z,ETH,0.0166,3650000,2688.49,1357.414201
2026-09-26T05:10:06.971Z,FIL,-0.3823,1422,1.0516,1357.414201
2026-09-26T05:10:06.971Z,TRX,0.2232,459,0.33739,1357.414201
2026-09-26T05:10:06.971Z,BNB,0.0038,1050000,773.5,1357.414201
2026-09-26T05:10:06.971Z,WLD,-0.0833,654,0.4822,1357.414201
2026-09-26T05:10:06.971Z,FLOW,-0.9821,41.68,0.03101,1357.414201
2026-09-26T05:10:06.971Z,LINK,0.238,19230,14.133,1357.414201
2026-09-26T05:10:06.971Z,DOGE,-0.0275,132.8,0.09786,1357.414201
2026-09-26T05:10:06.971Z,SUI,-0.1877,1573,1.161,1357.414201
2026-09-26T05:10:06.971Z,XLM,0.207,297.1,0.21842,1357.414201
2026-09-26T05:10:06.971Z,BCH,0.0925,457600,336.8,1357.414201
2026-09-26T05:10:06.971Z,AVAX,0.3106,14500,10.649,1357.414201
2026-09-26T05:10:06.971Z,ETC,0.2626,12800,9.405,1357.414201
2026-09-26T05:10:06.971Z,AAVE,-0.0565,209100,154.13,1357.414201
2026-09-26T05:10:06.971Z,ADA,0.5606,348.9,0.2556,1357.414201
2026-09-26T05:10:06.971Z,HYPE,0.2464,125100,91.934,1357.414201
2026-09-26T05:10:06.971Z,SEI,0.1333,100.8,0.07416,1357.414201
2026-09-26T05:10:06.971Z,HBAR,-0.6668,126.8,0.09404,1357.414201
2026-09-26T05:10:06.971Z,ARB,0.5304,304.5,0.22314,1357.414201
2026-09-26T05:10:06.971Z,JTO,-0.6847,778,0.5771,1357.414201
2026-09-26T05:10:06.971Z,ONDO,0.3291,741,0.5441,1357.414201
2026-09-26T05:10:06.971Z,QTUM,-0.2964,1399,1.0337,1357.414201
2026-09-26T05:10:06.971Z,PYTH,-0.8887,99.26,0.07378,1357.414201
2026-09-26T05:10:06.971Z,APT,0.8318,1166,0.8519,1357.414201
2026-09-26T05:10:06.971Z,UNI,-0.2884,13110,9.686,1357.414201
2026-09-26T05:10:06.971Z,TIA,1.8711,672.6,0.4864,1357.414201
2026-09-26T05:10:06.971Z,ALGO,0.0262,157.8,0.11622,1357.414201
2026-09-26T05:10:06.971Z,NEAR,0.2111,6630,4.874,1357.414201
2026-09-26T05:10:06.971Z,ZIL,-4.679,4.9,0.003787,1357.414201
2026-09-26T05:10:06.971Z,SUSHI,-2.8902,348,0.264,1357.414201
2026-09-26T05:10:06.971Z,PENDLE,-0.7492,3422,2.54,1357.414201
2026-09-26T05:10:06.971Z,XTZ,0.8981,444.3,0.3244,1357.414201
2026-09-26T05:10:06.971Z,W,-0.7727,16.45,0.012213,1357.414201
2026-09-26T05:10:06.971Z,AR,-4.9923,5855,4.54,1357.414201
2026-09-26T05:10:06.971Z,SHIB,0.883,0.0081,0.000005915,1357.414201
2026-09-26T05:10:06.971Z,CELO,-0.1989,133.9,0.09884,1357.414201
2026-09-26T05:10:06.971Z,STX,-0.9467,439,0.3265,1357.414201
2026-09-26T05:10:06.971Z,JUP,-0.4397,467.6,0.346,1357.414201
2026-09-26T05:10:06.971Z,PEPE,-1.4675,0.006,0.000004486,1357.414201
2026-09-26T05:10:06.971Z,DYDX,2.3523,186.2,0.13402,1357.414201
2026-09-26T05:10:06.971Z,KITE,1.2028,189.7,0.13809,1357.414201
2026-09-26T05:10:06.971Z,CRV,0.5614,479.4,0.3512,1357.414201
2026-09-26T05:10:06.971Z,ENJ,1.9157,40.88,0.02955,1357.414201
2026-09-26T05:10:06.971Z,ATOM,0.0555,2461,1.812,1357.414201
2026-09-26T05:10:06.971Z,ICP,2.3418,4426,3.186,1357.414201
2026-09-26T05:10:06.971Z,SPACE,-0.7583,6.807,0.005053,1357.414201
2026-09-26T05:10:06.971Z,DOT,-1.4307,1646,1.2302,1357.414201
2026-09-26T05:10:06.971Z,ETHFI,-0.3705,972.5,0.7191,1357.414201
2026-09-26T05:10:06.971Z,CC,-0.0673,178,0.13122,1357.414201
2026-09-26T05:10:06.971Z,SYRUP,-0.5227,296.8,0.2198,1357.414201
2026-09-26T05:10:06.971Z,TAO,-3.1658,410500,312.3,1357.414201
2026-09-26T05:10:06.971Z,GRAM,-3.5269,1908,1.457,1357.414201
2026-09-26T05:10:06.971Z,RAY,5.4686,2860,1.9977,1357.414201
2026-09-26T05:10:06.971Z,RENDER,0.5665,2621,1.92,1357.414201
2026-09-26T05:10:06.971Z,GRASS,-11.2829,610.8,0.5072,1357.414201
2026-09-26T05:10:06.971Z,MINA,1.7388,192.5,0.13939,1357.414201
2026-09-26T05:10:06.971Z,POL,0.6993,161.5,0.11815,1357.414201
2026-09-26T05:10:06.971Z,ENA,0.7058,379.3,0.27747,1357.414201
2026-09-26T05:10:06.971Z,SAND,-0.675,60.55,0.04491,1357.414201
2026-09-26T05:10:06.971Z,AERO,-2.8381,1187,0.9,1357.414201
2026-09-26T05:10:06.971Z,KGEN,-1.3316,223,0.1665,1357.414201
2026-09-26T05:10:06.971Z,LIT,0.3601,6640,4.8741,1357.414201
2026-09-26T05:10:06.971Z,MANA,-2.8961,120,0.09104,1357.414201
2026-09-26T05:10:06.971Z,BAND,-5.5426,284.9,0.2222,1357.414201
2026-09-26T05:10:06.971Z,APE,-0.6024,208.7,0.15468,1357.414201
2026-09-26T05:10:06.971Z,GMT,1.3217,12.11,0.008805,1357.414201
2026-09-26T05:10:06.971Z,VIRTUAL,0.6393,1062,0.7774,1357.414201
2026-09-26T05:10:06.971Z,LPT,-2.9897,2261,1.717,1357.414201
2026-09-26T05:10:06.971Z,DATA,0.2606,308.8,0.2269,1357.414201
2026-09-26T05:10:06.971Z,THETA,-4.1853,302,0.2322,1357.414201
2026-09-26T05:10:06.971Z,GRT,-0.5183,37.5,0.02777,1357.414201
2026-09-26T05:10:06.971Z,LAYER,-1.9636,106.9,0.08033,1357.414201
2026-09-26T05:10:06.971Z,NMR,-0.4651,13130,9.718,1357.414201
2026-09-26T05:10:06.971Z,EIGEN,-8.9666,321.9,0.2605,1357.414201
2026-09-26T05:10:06.971Z,BAT,0.0983,125.1,0.09207,1357.414201
2026-09-26T05:10:06.971Z,SPK,-8.398,30.7,0.02469,1357.414201
2026-09-26T05:10:06.971Z,PUMP,-13.8754,5.276,0.004513,1357.414201
2026-09-26T05:10:06.971Z,KMNO,-4.5376,55.5,0.04283,1357.414201
2026-09-26T05:10:06.971Z,CHZ,0.7617,22.65,0.01656,1357.414201
2026-09-26T05:10:06.971Z,PENGU,1.4353,13.97,0.010146,1357.414201
2026-09-26T05:10:06.971Z,OP,-0.9264,194.8,0.14485,1357.414201
2026-09-26T05:10:06.971Z,UMA,0.4551,558.8,0.4098,1357.414201
2026-09-26T05:10:06.971Z,ZRO,-0.453,2125,1.5726,1357.414201
2026-09-26T05:10:06.971Z,S,0.9465,56.03,0.04089,1357.414201
2026-09-26T05:10:06.971Z,IMX,0.0558,216.9,0.1597,1357.414201
2026-09-26T05:10:06.971Z,A,1.0555,140,0.10206,1357.414201
2026-09-26T05:10:06.971Z,ATH,-3.925,8.04,0.006165,1357.414201
2026-09-26T05:10:06.971Z,COMP,7.2812,34950,24,1357.414201
2026-09-26T05:10:06.971Z,CVX,-4.8107,2654,2.054,1357.414201
2026-09-26T05:10:06.971Z,AXS,-3.4272,1550,1.1824,1357.414201
2026-09-26T05:10:06.971Z,WCT,-0.4599,58.83,0.04354,1357.414201
2026-09-26T05:10:06.971Z,ME,1.0944,106.2,0.07739,1357.414201
2026-09-26T05:10:06.971Z,ASTER,1.2653,1004,0.7304,1357.414201
2026-09-26T05:10:06.971Z,GMX,0.6134,11210,8.208,1357.414201
2026-09-26T05:10:06.971Z,MORPHO,3.5264,3810,2.7112,1357.414201
2026-09-26T05:10:06.971Z,MON,-2.2763,35.02,0.0264,1357.414201
2026-09-26T05:10:06.971Z,1INCH,-2.0703,136.6,0.10276,1357.414201
2026-09-26T05:10:06.971Z,SKY,-1.1512,105.8,0.07885,1357.414201
2026-09-26T05:10:06.971Z,YGG,-1.8546,36.53,0.02742,1357.414201
2026-09-26T05:10:06.971Z,BIO,2.0178,45.02,0.03251,1357.414201
2026-09-26T05:10:06.971Z,MOVE,-3.9793,12.54,0.009621,1357.414201
2026-09-26T05:10:06.971Z,GALA,-10.2025,2.628,0.002156,1357.414201
2026-09-26T05:10:06.971Z,ZK,-1.352,17.14,0.0128,1357.414201
2026-09-26T05:10:06.971Z,ENS,-0.0334,9610,7.082,1357.414201
2026-09-26T05:10:06.971Z,INJ,4.6463,11040,7.772,1357.414201
2026-09-26T05:10:06.971Z,KAITO,-0.6145,480,0.3558,1357.414201
2026-09-26T05:10:06.971Z,LDO,-2.8304,650,0.4928,1357.414201
2026-09-26T05:10:06.971Z,BLUR,-0.3836,28.18,0.02084,1357.414201
2026-09-26T05:10:06.971Z,AUCTION,-1.5582,5170,3.869,1357.414201
2026-09-26T05:10:06.971Z,ZETA,1.0018,74.35,0.05423,1357.414201
2026-09-26T05:10:06.971Z,WIF,-2.6115,325.6,0.2463,1357.414201
2026-09-26T05:10:06.971Z,KSM,-0.2816,6370,4.706,1357.414201
2026-09-26T05:15:07.025Z,BTC,0.0652,114000000,83928.5,1357.414201
2026-09-26T05:15:07.025Z,XRP,0.2015,2110,1.5513,1357.414201
2026-09-26T05:15:07.025Z,SOL,0.2414,163800,120.38,1357.414201
2026-09-26T05:15:07.025Z,ETH,0.1575,3652000,2686.18,1357.414201
2026-09-26T05:15:07.025Z,FIL,0.6425,1441,1.0548,1357.414201
2026-09-26T05:15:07.025Z,TRX,0.2232,459,0.33739,1357.414201
2026-09-26T05:15:07.025Z,BNB,0.0426,1050000,773.2,1357.414201
2026-09-26T05:15:07.025Z,WLD,0.0732,651.9,0.4799,1357.414201
2026-09-26T05:15:07.025Z,FLOW,-0.9821,41.68,0.03101,1357.414201
2026-09-26T05:15:07.025Z,LINK,0.6153,19230,14.08,1357.414201
2026-09-26T05:15:07.025Z,DOGE,0.2455,132.7,0.09752,1357.414201
2026-09-26T05:15:07.025Z,SUI,0.0882,1573,1.1578,1357.414201
2026-09-26T05:15:07.025Z,XLM,0.4922,297.1,0.2178,1357.414201
2026-09-26T05:15:07.025Z,BCH,0.301,457600,336.1,1357.414201
2026-09-26T05:15:07.025Z,AVAX,0.5183,14500,10.627,1357.414201
2026-09-26T05:15:07.025Z,ETC,0.38,12800,9.394,1357.414201
2026-09-26T05:15:07.025Z,AAVE,0.0084,209100,154.03,1357.414201
2026-09-26T05:15:07.025Z,ADA,0.1512,346.8,0.2551,1357.414201
2026-09-26T05:15:07.025Z,HYPE,0.3807,125100,91.811,1357.414201
2026-09-26T05:15:07.025Z,SEI,0.3498,100.8,0.074,1357.414201
2026-09-26T05:15:07.025Z,HBAR,-0.4763,126.8,0.09386,1357.414201
2026-09-26T05:15:07.025Z,ARB,0.8286,304.5,0.22248,1357.414201
2026-09-26T05:15:07.025Z,JTO,-0.5468,778,0.5763,1357.414201
2026-09-26T05:15:07.025Z,ONDO,0.6622,741,0.5423,1357.414201
2026-09-26T05:15:07.025Z,QTUM,-0.2288,1399,1.033,1357.414201
2026-09-26T05:15:07.025Z,PYTH,-0.7003,99.26,0.07364,1357.414201
2026-09-26T05:15:07.025Z,APT,0.9978,1166,0.8505,1357.414201
2026-09-26T05:15:07.025Z,UNI,0.2602,13110,9.633,1357.414201
2026-09-26T05:15:07.025Z,TIA,2.1441,672.6,0.4851,1357.414201
2026-09-26T05:25:06.904Z,1INCH,-2.0322,136.6,0.10272,1357.414201
2026-09-26T05:25:06.904Z,SKY,-0.8998,105.8,0.07865,1357.414201
2026-09-26T05:25:06.904Z,YGG,-1.7471,36.53,0.02739,1357.414201
2026-09-26T05:25:06.904Z,BIO,2.2695,45.02,0.03243,1357.414201
2026-09-26T05:25:06.904Z,MOVE,-3.9593,12.54,0.009619,1357.414201
2026-09-26T05:25:06.904Z,GALA,-10.2441,2.628,0.002157,1357.414201
2026-09-26T05:25:06.904Z,ZK,-1.2748,17.14,0.01279,1357.414201
2026-09-26T05:25:06.904Z,ENS,0.009,9610,7.079,1357.414201
2026-09-26T05:25:06.904Z,INJ,4.8487,11040,7.757,1357.414201
2026-09-26T05:25:06.904Z,KAITO,-0.5307,480,0.3555,1357.414201
2026-09-26T05:25:06.904Z,LDO,-2.9092,650,0.4932,1357.414201
2026-09-26T05:25:06.904Z,BLUR,-0.2879,28.18,0.02082,1357.414201
2026-09-26T05:25:06.904Z,AUCTION,-1.3798,5170,3.862,1357.414201
2026-09-26T05:25:06.904Z,ZETA,1.6579,74.35,0.05388,1357.414201
2026-09-26T05:25:06.904Z,WIF,-1.9347,325.6,0.2446,1357.414201
2026-09-26T05:25:06.904Z,KSM,-0.218,6370,4.703,1357.414201
2026-09-26T05:30:06.967Z,BTC,0.1283,114026000,83894.7,1357.414201
2026-09-26T05:30:06.967Z,XRP,0.1324,2108,1.5509,1357.414201
2026-09-26T05:30:06.967Z,SOL,0.2581,163800,120.36,1357.414201
2026-09-26T05:30:06.967Z,ETH,0.15,3652000,2686.38,1357.414201
2026-09-26T05:30:06.967Z,FIL,0.1387,1424,1.0476,1357.414201
2026-09-26T05:30:06.967Z,TRX,0.1089,458.3,0.33726,1357.414201
2026-09-26T05:30:06.967Z,BNB,0.1074,1050000,772.7,1357.414201
2026-09-26T05:30:06.967Z,WLD,0.036,650.3,0.4789,1357.414201
2026-09-26T05:30:06.967Z,FLOW,-1.046,41.68,0.03103,1357.414201
2026-09-26T05:30:06.967Z,LINK,0.9739,19230,14.03,1357.414201
2026-09-26T05:30:06.967Z,DOGE,0.2316,132.6,0.09746,1357.414201
2026-09-26T05:30:06.967Z,SUI,0.1956,1577,1.1595,1357.414201
2026-09-26T05:30:06.967Z,XLM,0.1109,296,0.21782,1357.414201
2026-09-26T05:30:06.967Z,BCH,0.5403,457600,335.3,1357.414201
2026-09-26T05:30:06.967Z,AVAX,-0.0318,14460,10.656,1357.414201
2026-09-26T05:30:06.967Z,ETC,0.3586,12800,9.396,1357.414201
2026-09-26T05:30:06.967Z,AAVE,0.0214,209100,154.01,1357.414201
2026-09-26T05:30:06.967Z,ADA,0.1847,346.1,0.2545,1357.414201
2026-09-26T05:30:06.967Z,HYPE,0.171,124700,91.709,1357.414201
2026-09-26T05:30:06.967Z,SEI,0.5128,100.8,0.07388,1357.414201
2026-09-26T05:30:06.967Z,HBAR,-0.2425,126.8,0.09364,1357.414201
2026-09-26T05:30:06.967Z,ARB,0.6883,304.5,0.22279,1357.414201
2026-09-26T05:30:06.967Z,JTO,0.3763,778,0.571,1357.414201
2026-09-26T05:30:06.967Z,ONDO,0.6065,741,0.5426,1357.414201
2026-09-26T05:30:06.967Z,QTUM,-0.2288,1399,1.033,1357.414201
2026-09-26T05:30:06.967Z,PYTH,-0.117,99.26,0.07321,1357.414201
2026-09-26T05:30:06.967Z,APT,1.6672,1166,0.8449,1357.414201
2026-09-26T05:30:06.967Z,UNI,-0.3089,13110,9.688,1357.414201
2026-09-26T05:30:06.967Z,TIA,1.5995,672.6,0.4877,1357.414201
2026-09-26T05:30:06.967Z,ALGO,0.5627,157.8,0.1156,1357.414201
2026-09-26T05:30:06.967Z,NEAR,-0.1781,6630,4.893,1357.414201
2026-09-26T05:30:06.967Z,ZIL,-4.376,4.9,0.003775,1357.414201
2026-09-26T05:30:06.967Z,SUSHI,-2.6321,348,0.2633,1357.414201
2026-09-26T05:30:06.967Z,PENDLE,-0.9053,3422,2.544,1357.414201
2026-09-26T05:30:06.967Z,XTZ,1.6502,444.3,0.322,1357.414201
2026-09-26T05:30:06.967Z,W,-0.9997,16.45,0.012241,1357.414201
2026-09-26T05:30:06.967Z,AR,-4.3816,5855,4.511,1357.414201
2026-09-26T05:30:06.967Z,SHIB,1.294,0.0081,0.000005891,1357.414201
2026-09-26T05:30:06.967Z,CELO,0.1253,133.9,0.09852,1357.414201
2026-09-26T05:30:06.967Z,STX,-0.6729,439,0.3256,1357.414201
2026-09-26T05:30:06.967Z,JUP,-0.6694,467.6,0.3468,1357.414201
2026-09-26T05:30:06.967Z,PEPE,-1.0927,0.006,0.000004469,1357.414201
2026-09-26T05:30:06.967Z,DYDX,2.3065,186.2,0.13408,1357.414201
2026-09-26T05:30:06.967Z,KITE,1.6519,189.7,0.13748,1357.414201
2026-09-26T05:30:06.967Z,CRV,1.0216,479.4,0.3496,1357.414201
2026-09-26T05:30:06.967Z,ENJ,1.2305,40.88,0.02975,1357.414201
2026-09-26T05:30:06.967Z,ATOM,0.0555,2461,1.812,1357.414201
2026-09-26T05:30:06.967Z,ICP,2.9558,4426,3.167,1357.414201
2026-09-26T05:30:06.967Z,SPACE,-0.4629,6.807,0.005038,1357.414201
2026-09-26T05:30:06.967Z,DOT,-0.6094,1650,1.223,1357.414201
2026-09-26T05:30:06.967Z,ETHFI,-0.495,972.5,0.72,1357.414201
2026-09-26T05:30:06.967Z,CC,-0.748,178,0.13212,1357.414201
2026-09-26T05:30:06.967Z,SYRUP,-0.3868,296.8,0.2195,1357.414201
2026-09-26T05:30:06.967Z,TAO,-2.6358,410500,310.6,1357.414201
2026-09-26T05:30:06.967Z,GRAM,0.3062,1977,1.452,1357.414201
2026-09-26T05:30:06.967Z,RAY,5.9087,2860,1.9894,1357.414201
2026-09-26T05:30:06.967Z,RENDER,1.3052,2621,1.906,1357.414201
2026-09-26T05:30:06.967Z,GRASS,-12.8803,610.8,0.5165,1357.414201
2026-09-26T05:30:06.967Z,MINA,1.7753,192.5,0.13934,1357.414201
2026-09-26T05:30:06.967Z,POL,0.9214,161.5,0.11789,1357.414201
2026-09-26T05:30:06.967Z,ENA,2.2274,379.3,0.27334,1357.414201
2026-09-26T05:30:06.967Z,SAND,-0.2753,60.55,0.04473,1357.414201
2026-09-26T05:30:06.967Z,AERO,-1.8016,1187,0.8905,1357.414201
2026-09-26T05:30:06.967Z,KGEN,-1.094,223,0.1661,1357.414201
2026-09-26T05:30:06.967Z,LIT,0.4715,6640,4.8687,1357.414201
2026-09-26T05:30:06.967Z,MANA,-2.8641,120,0.09101,1357.414201
2026-09-26T05:30:06.967Z,BAND,-5.4575,284.9,0.222,1357.414201
2026-09-26T05:30:06.967Z,APE,-0.0986,208.7,0.1539,1357.414201
2026-09-26T05:30:06.967Z,GMT,1.5755,12.11,0.008783,1357.414201
2026-09-26T05:30:06.967Z,VIRTUAL,1.1206,1062,0.7737,1357.414201
2026-09-26T05:30:06.967Z,LPT,-3.1589,2261,1.72,1357.414201
2026-09-26T05:30:06.967Z,DATA,0.4377,308.8,0.2265,1357.414201
2026-09-26T05:30:06.967Z,THETA,-3.7708,302,0.2312,1357.414201
2026-09-26T05:30:06.967Z,GRT,-0.0505,37.5,0.02764,1357.414201
2026-09-26T05:30:06.967Z,LAYER,-1.8046,106.9,0.0802,1357.414201
2026-09-26T05:30:06.967Z,NMR,-0.1878,13130,9.691,1357.414201
2026-09-26T05:30:06.967Z,EIGEN,-8.6862,321.9,0.2597,1357.414201
2026-09-26T05:30:06.967Z,BAT,0.4474,125.1,0.09175,1357.414201
2026-09-26T05:30:06.967Z,SPK,-6.8512,30.7,0.02428,1357.414201
2026-09-26T05:30:06.967Z,PUMP,-14.463,5.276,0.004544,1357.414201
2026-09-26T05:30:06.967Z,KMNO,-4.2021,55.5,0.04268,1357.414201
2026-09-26T05:30:06.967Z,CHZ,1.1894,22.65,0.01649,1357.414201
2026-09-26T05:30:06.967Z,PENGU,1.9276,13.97,0.010097,1357.414201
2026-09-26T05:30:06.967Z,OP,-0.2862,194.8,0.14392,1357.414201
2026-09-26T05:30:06.967Z,UMA,0.6762,558.8,0.4089,1357.414201
2026-09-26T05:30:06.967Z,ZRO,-1.1007,2125,1.5829,1357.414201
2026-09-26T05:30:06.967Z,S,1.3181,56.03,0.04074,1357.414201
2026-09-26T05:30:06.967Z,IMX,0.1499,216.9,0.15955,1357.414201
2026-09-26T05:30:06.967Z,A,1.3933,140,0.10172,1357.414201
2026-09-26T05:30:06.967Z,ATH,-6.0583,8.04,0.006305,1357.414201
2026-09-26T05:30:06.967Z,COMP,7.9559,34950,23.85,1357.414201
2026-09-26T05:30:06.967Z,CVX,-4.625,2654,2.05,1357.414201
2026-09-26T05:30:06.967Z,AXS,-2.9676,1550,1.1768,1357.414201
2026-09-26T05:30:06.967Z,WCT,-0.4599,58.83,0.04354,1357.414201
2026-09-26T05:30:06.967Z,ME,1.3826,106.2,0.07717,1357.414201
2026-09-26T05:30:06.967Z,ASTER,1.3624,1004,0.7297,1357.414201
2026-09-26T05:30:06.967Z,GMX,0.7976,11210,8.193,1357.414201
2026-09-26T05:30:06.967Z,MORPHO,3.6525,3810,2.7079,1357.414201
2026-09-26T05:30:06.967Z,MON,-1.8301,35.02,0.02628,1357.414201
2026-09-26T05:30:06.967Z,1INCH,-1.9559,136.6,0.10264,1357.414201
2026-09-26T05:30:06.967Z,SKY,-1.0131,105.8,0.07874,1357.414201
2026-09-26T05:30:06.967Z,YGG,-1.6394,36.53,0.02736,1357.414201
2026-09-26T05:30:06.967Z,BIO,2.4591,45.02,0.03237,1357.414201
2026-09-26T05:30:06.967Z,MOVE,-3.8193,12.54,0.009605,1357.414201
2026-09-26T05:30:06.967Z,GALA,-9.9519,2.628,0.00215,1357.414201
2026-09-26T05:30:06.967Z,ZK,-0.9573,17.14,0.012749,1357.414201
2026-09-26T05:30:06.967Z,ENS,0.108,9610,7.072,1357.414201
2026-09-26T05:30:06.967Z,INJ,5.3103,11040,7.723,1357.414201
2026-09-26T05:30:06.967Z,KAITO,-1.418,480,0.3587,1357.414201
2026-09-26T05:30:06.967Z,LDO,-2.6526,650,0.4919,1357.414201
2026-09-26T05:30:06.967Z,BLUR,-0.096,28.18,0.02078,1357.414201
2026-09-26T05:30:06.967Z,AUCTION,-1.2007,5170,3.855,1357.414201
2026-09-26T05:30:06.967Z,ZETA,1.4132,74.35,0.05401,1357.414201
2026-09-26T05:30:06.967Z,WIF,-1.8544,325.6,0.2444,1357.414201
2026-09-26T05:30:06.967Z,KSM,0.144,6370,4.686,1357.414201
2026-09-26T05:35:07.004Z,BTC,0.1449,113988000,83852.9,1357.414201
2026-09-26T05:35:07.004Z,XRP,0.2164,2108,1.5496,1357.414201
2026-09-26T05:35:07.004Z,SOL,0.2997,163800,120.31,1357.414201
2026-09-26T05:35:07.004Z,ETH,0.1671,3650000,2684.45,1357.414201
2026-09-26T05:35:07.004Z,FIL,-0.021,1422,1.0478,1357.414201
2026-09-26T05:35:07.004Z,TRX,0.1119,458.3,0.33725,1357.414201
2026-09-26T05:35:07.004Z,BNB,0.1333,1050000,772.5,1357.414201
2026-09-26T05:35:07.004Z,WLD,0.0714,648.9,0.4777,1357.414201
2026-09-26T05:35:07.004Z,FLOW,-0.7581,41.68,0.03094,1357.414201
2026-09-26T05:35:07.004Z,LINK,1.2626,19230,13.99,1357.414201
2026-09-26T05:35:07.004Z,DOGE,0.1384,132.3,0.09733,1357.414201
2026-09-26T05:35:07.004Z,SUI,0.0363,1573,1.1584,1357.414201
2026-09-26T05:35:07.004Z,XLM,0.2214,296,0.21758,1357.414201
2026-09-26T05:35:07.004Z,BCH,0.4504,457600,335.6,1357.414201
2026-09-26T05:35:07.004Z,AVAX,0.3984,14450,10.603,1357.414201
2026-09-26T05:35:07.004Z,ETC,0.38,12800,9.394,1357.414201
2026-09-26T05:35:07.004Z,AAVE,0.1449,209100,153.82,1357.414201
2026-09-26T05:35:07.004Z,ADA,0.1847,346.1,0.2545,1357.414201
2026-09-26T05:35:07.004Z,HYPE,-0.0457,124300,91.613,1357.414201
2026-09-26T05:35:07.004Z,SEI,0.7173,100.8,0.07373,1357.414201
2026-09-26T05:35:07.004Z,HBAR,-0.1679,126.8,0.09357,1357.414201
2026-09-26T05:35:07.004Z,ARB,0.4388,303.5,0.22261,1357.414201
2026-09-26T05:35:07.004Z,JTO,-0.0613,778,0.5735,1357.414201
2026-09-26T05:35:07.004Z,ONDO,0.5694,741,0.5428,1357.414201
2026-09-26T05:35:07.004Z,QTUM,-0.2675,1399,1.0334,1357.414201
2026-09-26T05:35:07.004Z,PYTH,-0.2941,99.26,0.07334,1357.414201
2026-09-26T05:35:07.004Z,APT,1.7033,1166,0.8446,1357.414201
2026-09-26T05:35:07.004Z,UNI,0.0111,13110,9.657,1357.414201
2026-09-26T05:35:07.004Z,TIA,1.7247,672.6,0.4871,1357.414201
2026-09-26T05:35:07.004Z,ALGO,0.7806,157.8,0.11535,1357.414201
2026-09-26T05:35:07.004Z,NEAR,-0.2189,6630,4.895,1357.414201
2026-09-26T05:35:07.004Z,ZIL,-4.4014,4.9,0.003776,1357.414201
2026-09-26T05:35:07.004Z,SUSHI,-2.558,348,0.2631,1357.414201
2026-09-26T05:35:07.004Z,PENDLE,-0.6319,3422,2.537,1357.414201
2026-09-26T05:35:07.004Z,XTZ,1.6186,444.3,0.3221,1357.414201
2026-09-26T05:35:07.004Z,W,-1.3302,16.45,0.012282,1357.414201
2026-09-26T05:35:07.004Z,AR,-4.2117,5855,4.503,1357.414201
2026-09-26T05:35:07.004Z,SHIB,1.3284,0.0081,0.000005889,1357.414201
2026-09-26T05:35:07.004Z,CELO,0.1761,133.9,0.09847,1357.414201
2026-09-26T05:35:07.004Z,STX,-0.7339,439,0.3258,1357.414201
2026-09-26T05:35:07.004Z,JUP,-0.411,467.6,0.3459,1357.414201
2026-09-26T05:35:07.004Z,PEPE,-1.0484,0.006,0.000004467,1357.414201
2026-09-26T05:35:07.004Z,DYDX,2.4058,186.2,0.13395,1357.414201
2026-09-26T05:35:07.004Z,KITE,2.0378,189.7,0.13696,1357.414201
2026-09-26T05:35:07.004Z,CRV,1.1953,479.4,0.349,1357.414201
2026-09-26T05:35:07.004Z,ENJ,1.3668,40.88,0.02971,1357.414201
2026-09-26T05:35:07.004Z,ATOM,0.2214,2461,1.809,1357.414201
2026-09-26T05:35:07.004Z,ICP,2.7935,4426,3.172,1357.414201
2026-09-26T05:35:07.004Z,SPACE,-0.3442,6.807,0.005032,1357.414201
2026-09-26T05:35:07.004Z,DOT,-0.6176,1650,1.2231,1357.414201
2026-09-26T05:35:07.004Z,ETHFI,-0.7157,972.5,0.7216,1357.414201
2026-09-26T05:35:07.004Z,CC,-1.8182,178,0.13356,1357.414201
2026-09-26T05:35:07.004Z,SYRUP,-0.3414,296.8,0.2194,1357.414201
2026-09-26T05:35:07.004Z,TAO,-2.4788,410500,310.1,1357.414201
2026-09-26T05:35:07.004Z,GRAM,0.5138,1977,1.449,1357.414201
2026-09-26T05:35:07.004Z,RAY,5.6856,2860,1.9936,1357.414201
2026-09-26T05:35:07.004Z,RENDER,1.3584,2621,1.905,1357.414201
2026-09-26T05:35:07.004Z,GRASS,-12.8128,610.8,0.5161,1357.414201
2026-09-26T05:35:07.004Z,MINA,1.9143,192.5,0.13915,1357.414201
2026-09-26T05:35:07.004Z,POL,0.8273,161.5,0.118,1357.414201
2026-09-26T05:35:07.004Z,ENA,2.5726,379.3,0.27242,1357.414201
2026-09-26T05:35:07.004Z,SAND,-0.253,60.55,0.04472,1357.414201
2026-09-26T05:35:07.004Z,AERO,-2.3717,1187,0.8957,1357.414201
2026-09-26T05:35:07.004Z,KGEN,-1.094,223,0.1661,1357.414201
2026-09-26T05:35:07.004Z,LIT,0.699,6640,4.8577,1357.414201
2026-09-26T05:35:07.004Z,MANA,-2.7893,120,0.09094,1357.414201
2026-09-26T05:35:07.004Z,BAND,-5.4575,284.9,0.222,1357.414201
2026-09-26T05:35:07.004Z,APE,-0.0142,208.7,0.15377,1357.414201
2026-09-26T05:35:07.004Z,GMT,1.587,12.11,0.008782,1357.414201
2026-09-26T05:35:07.004Z,VIRTUAL,1.2252,1062,0.7729,1357.414201
2026-09-26T05:35:07.004Z,LPT,-3.0462,2261,1.718,1357.414201
2026-09-26T05:35:07.004Z,DATA,0.4377,308.8,0.2265,1357.414201
2026-09-26T05:35:07.004Z,THETA,-3.6041,302,0.2308,1357.414201
2026-09-26T05:35:07.004Z,GRT,-0.6257,37.5,0.0278,1357.414201
2026-09-26T05:35:07.004Z,LAYER,-2.0367,106.9,0.08039,1357.414201
2026-09-26T05:35:07.004Z,NMR,-0.1362,13130,9.686,1357.414201
2026-09-26T05:35:07.004Z,EIGEN,-8.51,321.9,0.2592,1357.414201
2026-09-26T05:35:07.004Z,BAT,0.4365,125.1,0.09176,1357.414201
2026-09-26T05:35:07.004Z,SPK,-8.0255,30.7,0.02459,1357.414201
2026-09-26T05:35:07.004Z,PUMP,-14.3688,5.276,0.004539,1357.414201
2026-09-26T05:35:07.004Z,KMNO,-5.2455,55.5,0.04315,1357.414201
2026-09-26T05:35:07.004Z,CHZ,1.1894,22.65,0.01649,1357.414201
2026-09-26T05:35:07.004Z,PENGU,1.9377,13.97,0.010096,1357.414201
2026-09-26T05:35:07.004Z,OP,-0.0152,194.8,0.14353,1357.414201
2026-09-26T05:35:07.004Z,UMA,0.7255,558.8,0.4087,1357.414201
2026-09-26T05:35:07.004Z,ZRO,-0.9004,2125,1.5797,1357.414201
2026-09-26T05:35:07.004Z,S,0.9959,56.03,0.04087,1357.414201
2026-09-26T05:35:07.004Z,IMX,-0.4305,216.9,0.16048,1357.414201
2026-09-26T05:35:07.004Z,A,1.4631,140,0.10165,1357.414201
2026-09-26T05:35:07.004Z,ATH,-7.2353,8.04,0.006385,1357.414201
2026-09-26T05:35:07.004Z,COMP,8.0012,34950,23.84,1357.414201
2026-09-26T05:35:07.004Z,CVX,-4.5318,2654,2.048,1357.414201
2026-09-26T05:35:07.004Z,AXS,-3.1076,1550,1.1785,1357.414201
2026-09-26T05:35:07.004Z,WCT,-0.3913,58.83,0.04351,1357.414201
2026-09-26T05:35:07.004Z,ME,1.5801,106.2,0.07702,1357.414201
2026-09-26T05:35:07.004Z,ASTER,1.4458,1004,0.7291,1357.414201
2026-09-26T05:35:07.004Z,GMX,0.8469,11210,8.189,1357.414201
2026-09-26T05:35:07.004Z,MORPHO,3.7253,3810,2.706,1357.414201
2026-09-26T05:35:07.004Z,MON,-1.7553,35.02,0.02626,1357.414201
2026-09-26T05:35:07.004Z,1INCH,-1.8028,136.6,0.10248,1357.414201
2026-09-26T05:35:07.004Z,SKY,-1.1386,105.8,0.07884,1357.414201
2026-09-26T05:35:07.004Z,YGG,-1.5314,36.53,0.02733,1357.414201
2026-09-26T05:35:07.004Z,BIO,2.5224,45.02,0.03235,1357.414201
2026-09-26T05:35:07.004Z,MOVE,-3.6588,12.54,0.009589,1357.414201
2026-09-26T05:35:07.004Z,GALA,-9.6999,2.628,0.002144,1357.414201
2026-09-26T05:35:07.004Z,ZK,-1.1976,17.14,0.01278,1357.414201
2026-09-26T05:35:07.004Z,ENS,0.1363,9610,7.07,1357.414201
2026-09-26T05:35:07.004Z,INJ,5.1605,11040,7.734,1357.414201
2026-09-26T05:35:07.004Z,KAITO,-1.4455,480,0.3588,1357.414201
2026-09-26T05:35:07.004Z,LDO,-2.8699,650,0.493,1357.414201
2026-09-26T05:35:07.004Z,BLUR,-0.096,28.18,0.02078,1357.414201
2026-09-26T05:35:07.004Z,AUCTION,-1.0981,5170,3.851,1357.414201
2026-09-26T05:35:07.004Z,ZETA,1.639,74.35,0.05389,1357.414201
2026-09-26T05:35:07.004Z,WIF,-1.6532,325.6,0.2439,1357.414201
2026-09-26T05:35:07.004Z,KSM,0.1226,6370,4.687,1357.414201
2026-09-26T05:40:06.976Z,BTC,0.1368,114060000,83912.6,1357.414201
2026-09-26T05:40:06.976Z,XRP,0.1821,2110,1.5516,1357.414201
2026-09-26T05:40:06.976Z,SOL,0.0834,163800,120.57,1357.414201
2026-09-26T05:40:06.976Z,ETH,0.1403,3652000,2686.64,1357.414201
2026-09-26T05:40:06.976Z,FIL,-0.5808,1422,1.0537,1357.414201
2026-09-26T05:40:06.976Z,TRX,0.0881,458.3,0.33733,1357.414201
2026-09-26T05:40:06.976Z,BNB,0.0685,1050000,773,1357.414201
2026-09-26T05:40:06.976Z,WLD,0.1603,650.7,0.4786,1357.414201
2026-09-26T05:40:06.976Z,FLOW,-0.8542,41.68,0.03097,1357.414201
2026-09-26T05:40:06.976Z,LINK,0.0275,19100,14.067,1357.414201
2026-09-26T05:40:06.976Z,DOGE,-0.1284,132.3,0.09759,1357.414201
2026-09-26T05:40:06.976Z,SUI,0.1179,1577,1.1604,1357.414201
2026-09-26T05:40:06.976Z,XLM,-0.0634,296,0.2182,1357.414201
2026-09-26T05:40:06.976Z,BCH,0.3308,457600,336,1357.414201
2026-09-26T05:40:06.976Z,AVAX,-0.1478,14450,10.661,1357.414201
2026-09-26T05:40:06.976Z,ETC,0.0923,12800,9.421,1357.414201
2026-09-26T05:40:06.976Z,AAVE,-0.0695,209100,154.15,1357.414201
2026-09-26T05:40:06.976Z,ADA,-0.1292,346.1,0.2553,1357.414201
2026-09-26T05:40:06.976Z,HYPE,-0.2167,124300,91.77,1357.414201
2026-09-26T05:40:06.976Z,SEI,0.5264,100.8,0.07387,1357.414201
2026-09-26T05:40:06.976Z,HBAR,-0.3808,126.8,0.09377,1357.414201
2026-09-26T05:40:06.976Z,ARB,0.0792,303.5,0.22341,1357.414201
2026-09-26T05:40:06.976Z,JTO,-0.362,776.2,0.5739,1357.414201
2026-09-26T05:40:06.976Z,ONDO,-0.0181,738.3,0.544,1357.414201
2026-09-26T05:40:06.976Z,QTUM,-0.6807,1399,1.0377,1357.414201
2026-09-26T05:40:06.976Z,PYTH,-0.9021,99.26,0.07379,1357.414201
2026-09-26T05:40:06.976Z,APT,1.583,1166,0.8456,1357.414201
2026-09-26T05:40:06.976Z,UNI,-0.6167,13110,9.718,1357.414201
2026-09-26T05:40:06.976Z,TIA,1.4331,672.6,0.4885,1357.414201
2026-09-26T05:40:06.976Z,ALGO,0.4323,157.8,0.11575,1357.414201
2026-09-26T05:40:06.976Z,NEAR,-0.6047,6630,4.914,1357.414201
2026-09-26T05:40:06.976Z,ZIL,-4.5278,4.9,0.003781,1357.414201
2026-09-26T05:40:06.976Z,SUSHI,-2.8534,348,0.2639,1357.414201
2026-09-26T05:40:06.976Z,PENDLE,-0.7101,3422,2.539,1357.414201
2026-09-26T05:40:06.976Z,XTZ,1.3982,444.3,0.3228,1357.414201
2026-09-26T05:40:06.976Z,W,-1.8098,16.45,0.012342,1357.414201
2026-09-26T05:40:06.976Z,AR,-4.5086,5855,4.517,1357.414201
2026-09-26T05:40:06.976Z,SHIB,1.0538,0.0081,0.000005905,1357.414201
2026-09-26T05:40:06.976Z,CELO,-0.1989,133.9,0.09884,1357.414201
2026-09-26T05:40:06.976Z,STX,-1.0073,439,0.3267,1357.414201
2026-09-26T05:40:06.976Z,JUP,-1.1823,467.6,0.3486,1357.414201
2026-09-26T05:40:06.976Z,PEPE,-1.2253,0.006,0.000004475,1357.414201
2026-09-26T05:40:06.976Z,DYDX,1.9491,186.2,0.13455,1357.414201
2026-09-26T05:40:06.976Z,KITE,1.6223,189.7,0.13752,1357.414201
2026-09-26T05:40:06.976Z,CRV,0.791,479.4,0.3504,1357.414201
2026-09-26T05:40:06.976Z,ENJ,0.9252,40.88,0.02984,1357.414201
2026-09-26T05:40:06.976Z,ATOM,0.0555,2461,1.812,1357.414201
2026-09-26T05:40:06.976Z,ICP,2.5027,4426,3.181,1357.414201
2026-09-26T05:40:06.976Z,SPACE,-0.6403,6.807,0.005047,1357.414201
2026-09-26T05:40:06.976Z,DOT,-0.9415,1650,1.2271,1357.414201
2026-09-26T05:40:06.976Z,ETHFI,-0.9353,972.5,0.7232,1357.414201
2026-09-26T05:40:06.976Z,CC,-1.4862,178,0.13311,1357.414201
2026-09-26T05:40:06.976Z,SYRUP,-0.568,296.8,0.2199,1357.414201
2026-09-26T05:40:06.976Z,TAO,-2.4788,410500,310.1,1357.414201
2026-09-26T05:40:06.976Z,GRAM,0.3753,1977,1.451,1357.414201
2026-09-26T05:40:06.976Z,RAY,5.1528,2860,2.0037,1357.414201
2026-09-26T05:40:06.976Z,RENDER,1.146,2621,1.909,1357.414201
2026-09-26T05:40:06.976Z,GRASS,-13.6328,610.8,0.521,1357.414201
2026-09-26T05:40:06.976Z,MINA,1.6805,192.5,0.13947,1357.414201
2026-09-26T05:40:06.976Z,POL,0.4697,161.5,0.11842,1357.414201
2026-09-26T05:40:06.976Z,ENA,2.5726,379.3,0.27242,1357.414201
2026-09-26T05:40:06.976Z,SAND,-0.6971,60.55,0.04492,1357.414201
2026-09-26T05:40:06.976Z,AERO,-2.7733,1187,0.8994,1357.414201
2026-09-26T05:40:06.976Z,KGEN,-1.862,223,0.1674,1357.414201
2026-09-26T05:40:06.976Z,LIT,0.6513,6640,4.86,1357.414201
2026-09-26T05:40:06.976Z,MANA,-3.2044,120,0.09133,1357.414201
2026-09-26T05:40:06.976Z,BAND,-5.6275,284.9,0.2224,1357.414201
2026-09-26T05:40:06.976Z,APE,-0.2865,208.7,0.15419,1357.414201
2026-09-26T05:40:06.976Z,GMT,1.1264,12.11,0.008822,1357.414201
2026-09-26T05:40:06.976Z,VIRTUAL,0.8859,1062,0.7755,1357.414201
2026-09-26T05:40:06.976Z,LPT,-3.2714,2261,1.722,1357.414201
2026-09-26T05:40:06.976Z,DATA,0.0402,308.8,0.2274,1357.414201
2026-09-26T05:40:06.976Z,THETA,-4.1027,302,0.232,1357.414201
2026-09-26T05:40:06.976Z,GRT,-0.5183,37.5,0.02777,1357.414201
2026-09-26T05:40:06.976Z,LAYER,-2.6423,106.9,0.08089,1357.414201
2026-09-26T05:40:06.976Z,NMR,-0.2187,13130,9.694,1357.414201
2026-09-26T05:40:06.976Z,EIGEN,-8.6862,321.9,0.2597,1357.414201
2026-09-26T05:40:06.976Z,BAT,0.044,125.1,0.09212,1357.414201
2026-09-26T05:40:06.976Z,SPK,-7.9506,30.7,0.02457,1357.414201
2026-09-26T05:40:06.976Z,PUMP,-14.4065,5.276,0.004541,1357.414201
2026-09-26T05:40:06.976Z,KMNO,-6.202,55.5,0.04359,1357.414201
2026-09-26T05:40:06.976Z,CHZ,0.8835,22.65,0.01654,1357.414201
2026-09-26T05:40:06.976Z,PENGU,1.5654,13.97,0.010133,1357.414201
2026-09-26T05:40:06.976Z,OP,-0.2584,194.8,0.14388,1357.414201
2026-09-26T05:40:06.976Z,UMA,0.4306,558.8,0.4099,1357.414201
2026-09-26T05:40:06.976Z,ZRO,-1.2816,2125,1.5858,1357.414201
2026-09-26T05:40:06.976Z,S,0.9712,56.03,0.04088,1357.414201
2026-09-26T05:40:06.976Z,IMX,-0.7151,216.9,0.16094,1357.414201
2026-09-26T05:40:06.976Z,A,0.9566,140,0.10216,1357.414201
2026-09-26T05:40:06.976Z,ATH,-2.0382,8.654,0.006508,1357.414201
2026-09-26T05:40:06.976Z,COMP,7.4155,34950,23.97,1357.414201
2026-09-26T05:40:06.976Z,CVX,-4.625,2654,2.05,1357.414201
2026-09-26T05:40:06.976Z,AXS,-3.5169,1550,1.1835,1357.414201
2026-09-26T05:40:06.976Z,WCT,-0.5969,58.83,0.0436,1357.414201
2026-09-26T05:40:06.976Z,ME,0.8599,106.2,0.07757,1357.414201
2026-09-26T05:40:06.976Z,ASTER,1.2237,1004,0.7307,1357.414201
2026-09-26T05:40:06.976Z,GMX,0.8345,11210,8.19,1357.414201
2026-09-26T05:40:06.976Z,MORPHO,3.4501,3810,2.7132,1357.414201
2026-09-26T05:40:06.976Z,MON,-2.0165,35.02,0.02633,1357.414201
2026-09-26T05:40:06.976Z,1INCH,-2.0513,136.6,0.10274,1357.414201
2026-09-26T05:40:06.976Z,SKY,-1.476,105.8,0.07911,1357.414201
2026-09-26T05:40:06.976Z,YGG,-1.9619,36.53,0.02745,1357.414201
2026-09-26T05:40:06.976Z,BIO,1.8612,45.02,0.03256,1357.414201
2026-09-26T05:40:06.976Z,MOVE,-4.079,12.54,0.009631,1357.414201
2026-09-26T05:40:06.976Z,GALA,-10.2441,2.628,0.002157,1357.414201
2026-09-26T05:40:06.976Z,ZK,-1.8656,17.14,0.012867,1357.414201
2026-09-26T05:40:06.976Z,ENS,-0.118,9610,7.088,1357.414201
2026-09-26T05:40:06.976Z,INJ,4.7002,11040,7.768,1357.414201
2026-09-26T05:40:06.976Z,KAITO,-1.6648,480,0.3596,1357.414201
2026-09-26T05:40:06.976Z,LDO,-2.8501,650,0.4929,1357.414201
2026-09-26T05:40:06.976Z,BLUR,-0.2879,28.18,0.02082,1357.414201
2026-09-26T05:40:06.976Z,AUCTION,-1.3287,5170,3.86,1357.414201
2026-09-26T05:40:06.976Z,ZETA,0.8901,74.35,0.05429,1357.414201
2026-09-26T05:40:06.976Z,WIF,-1.8544,325.6,0.2444,1357.414201
2026-09-26T05:40:06.976Z,KSM,-0.2604,6370,4.705,1357.414201
2026-09-26T05:45:07.110Z,BTC,0.134,114080000,83929.7,1357.414201
2026-09-26T05:45:07.110Z,XRP,0.1673,2112,1.5533,1357.414201
2026-09-26T05:45:07.110Z,SOL,0.1279,163900,120.59,1357.414201
2026-09-26T05:45:07.110Z,ETH,0.2035,3655000,2687.15,1357.414201
2026-09-26T05:45:07.110Z,FIL,0.259,1440,1.0581,1357.414201
2026-09-26T05:45:07.110Z,TRX,0.0822,458.3,0.33735,1357.414201
2026-09-26T05:45:07.110Z,BNB,0.0556,1050000,773.1,1357.414201
2026-09-26T05:45:07.110Z,WLD,-0.0858,651,0.48,1357.414201
2026-09-26T05:45:07.110Z,FLOW,-0.9502,41.68,0.031,1357.414201
2026-09-26T05:45:07.110Z,LINK,-0.0222,19100,14.074,1357.414201
2026-09-26T05:45:07.110Z,DOGE,-0.2102,132.3,0.09767,1357.414201
2026-09-26T05:45:07.110Z,SUI,0.1382,1578,1.1609,1357.414201
2026-09-26T05:45:07.110Z,XLM,0.1851,296.6,0.2181,1357.414201
2026-09-26T05:45:07.110Z,BCH,0.2711,457600,336.2,1357.414201
2026-09-26T05:45:07.110Z,AVAX,-0.2975,14450,10.677,1357.414201
2026-09-26T05:45:07.110Z,ETC,0.0074,12800,9.429,1357.414201
2026-09-26T05:45:07.110Z,AAVE,-0.05,209100,154.12,1357.414201
2026-09-26T05:45:07.110Z,ADA,-0.2074,346.1,0.2555,1357.414201
2026-09-26T05:45:07.110Z,HYPE,-0.2677,124300,91.817,1357.414201
2026-09-26T05:45:07.110Z,SEI,0.5264,100.8,0.07387,1357.414201
2026-09-26T05:45:07.110Z,HBAR,-0.4021,126.8,0.09379,1357.414201
2026-09-26T05:45:07.110Z,ARB,-0.0193,303.5,0.22363,1357.414201
2026-09-26T05:45:07.110Z,JTO,-0.7597,776.2,0.5762,1357.414201
2026-09-26T05:45:07.110Z,ONDO,0.0187,738.3,0.5438,1357.414201
2026-09-26T05:45:07.110Z,QTUM,-0.7381,1399,1.0383,1357.414201
2026-09-26T05:45:07.110Z,PYTH,-0.8349,99.26,0.07374,1357.414201
2026-09-26T05:45:07.110Z,APT,1.535,1166,0.846,1357.414201
2026-09-26T05:45:07.110Z,UNI,-0.422,13110,9.699,1357.414201
2026-09-26T05:45:07.110Z,TIA,1.3294,672.6,0.489,1357.414201
2026-09-26T05:45:07.110Z,ALGO,0.5888,157.8,0.11557,1357.414201
2026-09-26T05:45:07.110Z,NEAR,0.0635,6680,4.918,1357.414201
2026-09-26T05:45:07.110Z,ZIL,-4.7042,4.9,0.003788,1357.414201
2026-09-26T05:45:07.110Z,SUSHI,-2.9637,348,0.2642,1357.414201
2026-09-26T05:45:07.110Z,PENDLE,-0.7492,3422,2.54,1357.414201
2026-09-26T05:45:07.110Z,XTZ,1.1163,444.3,0.3237,1357.414201
2026-09-26T05:45:07.110Z,W,-1.8417,16.45,0.012346,1357.414201
2026-09-26T05:45:07.110Z,AR,-4.4874,5855,4.516,1357.414201
2026-09-26T05:45:07.110Z,SHIB,1.0881,0.0081,0.000005903,1357.414201
2026-09-26T05:45:07.110Z,CELO,-0.1281,133.9,0.09877,1357.414201
2026-09-26T05:45:07.110Z,STX,-1.3094,439,0.3277,1357.414201
2026-09-26T05:45:07.110Z,JUP,-1.2106,467.6,0.3487,1357.414201
2026-09-26T05:45:07.110Z,PEPE,-1.2473,0.006,0.000004476,1357.414201
2026-09-26T05:45:07.110Z,DYDX,1.7978,186.2,0.13475,1357.414201
2026-09-26T05:45:07.110Z,KITE,1.889,189.7,0.13716,1357.414201
2026-09-26T05:45:07.110Z,CRV,0.7622,479.4,0.3505,1357.414201
2026-09-26T05:45:07.110Z,ENJ,0.9252,40.88,0.02984,1357.414201
2026-09-26T05:45:07.110Z,ATOM,-0.1099,2461,1.815,1357.414201
2026-09-26T05:45:07.110Z,ICP,2.2135,4426,3.19,1357.414201
2026-09-26T05:45:07.110Z,SPACE,-0.7976,6.807,0.005055,1357.414201
2026-09-26T05:45:07.110Z,DOT,-0.0046,1669,1.2296,1357.414201
2026-09-26T05:45:07.110Z,ETHFI,-1.2358,972.5,0.7254,1357.414201
2026-09-26T05:45:07.110Z,CC,-1.7519,178,0.13347,1357.414201
2026-09-26T05:45:07.110Z,SYRUP,-0.6583,296.8,0.2201,1357.414201
2026-09-26T05:45:07.110Z,TAO,-2.7923,410500,311.1,1357.414201
2026-09-26T05:45:07.110Z,GRAM,0.1682,1977,1.454,1357.414201
2026-09-26T05:45:07.110Z,RAY,5.0689,2860,2.0053,1357.414201
2026-09-26T05:45:07.110Z,RENDER,0.9345,2621,1.913,1357.414201
2026-09-26T05:45:07.110Z,GRASS,-13.4334,610.8,0.5198,1357.414201
2026-09-26T05:45:07.110Z,MINA,1.6003,192.5,0.13958,1357.414201
2026-09-26T05:45:07.110Z,POL,-0.02,161.5,0.119,1357.414201
2026-09-26T05:45:07.110Z,ENA,2.8747,379.3,0.27162,1357.414201
2026-09-26T05:45:07.110Z,SAND,-0.7413,60.55,0.04494,1357.414201
2026-09-26T05:45:07.110Z,AERO,-2.5566,1187,0.8974,1357.414201
2026-09-26T05:45:07.110Z,KGEN,-1.862,223,0.1674,1357.414201
2026-09-26T05:45:07.110Z,LIT,0.2676,6640,4.8786,1357.414201
2026-09-26T05:45:07.110Z,MANA,-3.4581,120,0.09157,1357.414201
2026-09-26T05:45:07.110Z,BAND,-5.7123,284.9,0.2226,1357.414201
2026-09-26T05:45:07.110Z,APE,-0.4157,208.7,0.15439,1357.414201
2026-09-26T05:45:07.110Z,GMT,1.0234,12.11,0.008831,1357.414201
2026-09-26T05:45:07.110Z,VIRTUAL,0.8209,1062,0.776,1357.414201
2026-09-26T05:45:07.110Z,LPT,-3.663,2261,1.729,1357.414201
2026-09-26T05:45:07.110Z,DATA,0.1282,308.8,0.2272,1357.414201
2026-09-26T05:45:07.110Z,THETA,-4.1853,302,0.2322,1357.414201
2026-09-26T05:45:07.110Z,GRT,-0.6971,37.5,0.02782,1357.414201
2026-09-26T05:45:07.110Z,LAYER,-2.7264,106.9,0.08096,1357.414201
2026-09-26T05:45:07.110Z,NMR,-0.4651,13130,9.718,1357.414201
2026-09-26T05:45:07.110Z,EIGEN,-8.5453,321.9,0.2593,1357.414201
2026-09-26T05:45:07.110Z,BAT,-0.0428,125.1,0.0922,1357.414201
2026-09-26T05:45:07.110Z,SPK,-7.8381,30.7,0.02454,1357.414201
2026-09-26T05:45:07.110Z,PUMP,-14.8005,5.276,0.004562,1357.414201
2026-09-26T05:45:07.110Z,KMNO,-4.426,55.5,0.04278,1357.414201
2026-09-26T05:45:07.110Z,CHZ,0.7009,22.65,0.01657,1357.414201
2026-09-26T05:45:07.110Z,PENGU,1.2358,13.97,0.010166,1357.414201
2026-09-26T05:45:07.110Z,OP,-0.1474,194.8,0.14372,1357.414201
2026-09-26T05:45:07.110Z,UMA,0.3083,558.8,0.4104,1357.414201
2026-09-26T05:45:07.110Z,ZRO,-1.5052,2125,1.5894,1357.414201
2026-09-26T05:45:07.110Z,S,0.553,56.03,0.04105,1357.414201
2026-09-26T05:45:07.110Z,IMX,-1.2489,216.9,0.16181,1357.414201
2026-09-26T05:45:07.110Z,A,0.8283,140,0.10229,1357.414201
2026-09-26T05:45:07.110Z,ATH,-2.0758,8.652,0.006509,1357.414201
2026-09-26T05:45:07.110Z,COMP,7.4155,34950,23.97,1357.414201
2026-09-26T05:45:07.110Z,CVX,-4.857,2654,2.055,1357.414201
2026-09-26T05:45:07.110Z,AXS,-3.4843,1550,1.1831,1357.414201
2026-09-26T05:45:07.110Z,WCT,-1.0734,58.83,0.04381,1357.414201
2026-09-26T05:45:07.110Z,ME,0.6781,106.2,0.07771,1357.414201
2026-09-26T05:45:07.110Z,ASTER,1.1822,1004,0.731,1357.414201
2026-09-26T05:45:07.110Z,GMX,0.6012,11210,8.209,1357.414201
2026-09-26T05:45:07.110Z,MORPHO,3.074,3810,2.7231,1357.414201
2026-09-26T05:45:07.110Z,MON,-2.1651,35.02,0.02637,1357.414201
2026-09-26T05:45:07.110Z,1INCH,-2.2131,136.6,0.10291,1357.414201
2026-09-26T05:45:07.110Z,SKY,-1.6004,105.8,0.07921,1357.414201
2026-09-26T05:45:07.110Z,YGG,-2.1045,36.53,0.02749,1357.414201
2026-09-26T05:45:07.110Z,BIO,1.8299,45.02,0.03257,1357.414201
2026-09-26T05:45:07.110Z,MOVE,-4.1685,12.54,0.00964,1357.414201
2026-09-26T05:45:07.110Z,GALA,-10.3688,2.628,0.00216,1357.414201
2026-09-26T05:45:07.110Z,ZK,-1.7587,17.14,0.012853,1357.414201
2026-09-26T05:45:07.110Z,ENS,-0.1321,9610,7.089,1357.414201
2026-09-26T05:45:07.110Z,INJ,4.2172,11040,7.804,1357.414201
2026-09-26T05:45:07.110Z,KAITO,-1.8286,480,0.3602,1357.414201
2026-09-26T05:45:07.110Z,LDO,-2.4742,650,0.491,1357.414201
2026-09-26T05:45:07.110Z,BLUR,-0.4791,28.18,0.02086,1357.414201
2026-09-26T05:45:07.110Z,AUCTION,-1.4563,5170,3.865,1357.414201
2026-09-26T05:45:07.110Z,ZETA,0.853,74.35,0.05431,1357.414201
2026-09-26T05:45:07.110Z,WIF,-2.0948,325.6,0.245,1357.414201
2026-09-26T05:45:07.110Z,KSM,-0.5142,6370,4.717,1357.414201
2026-09-26T05:50:06.562Z,BTC,0.1364,114100000,83942.4,1357.414201
2026-09-26T05:50:06.562Z,XRP,0.178,2111,1.5524,1357.414201
2026-09-26T05:50:06.562Z,SOL,0.1113,163900,120.61,1357.414201
2026-09-26T05:50:06.562Z,ETH,0.2151,3655000,2686.84,1357.414201
2026-09-26T05:50:06.562Z,FIL,0.1421,1439,1.0586,1357.414201
2026-09-26T05:50:06.562Z,TRX,0.1237,458.3,0.33721,1357.414201
2026-09-26T05:50:06.562Z,BNB,0.0815,1050000,772.9,1357.414201
2026-09-26T05:50:06.562Z,WLD,0.0205,652.1,0.4803,1357.414201
2026-09-26T05:50:06.562Z,FLOW,-0.8542,41.68,0.03097,1357.414201
2026-09-26T05:50:06.562Z,LINK,-0.0435,19100,14.077,1357.414201
2026-09-26T05:50:06.562Z,DOGE,-0.2306,132.3,0.09769,1357.414201
2026-09-26T05:50:06.562Z,SUI,0.1438,1577,1.1601,1357.414201
2026-09-26T05:50:06.562Z,XLM,0.2632,296.6,0.21793,1357.414201
2026-09-26T05:50:06.562Z,BCH,0.3308,457600,336,1357.414201
2026-09-26T05:50:06.562Z,AVAX,-0.101,14450,10.656,1357.414201
2026-09-26T05:50:06.562Z,ETC,0.2199,12800,9.409,1357.414201
2026-09-26T05:50:06.562Z,AAVE,-0.0695,209100,154.15,1357.414201
2026-09-26T05:50:06.562Z,ADA,0.322,347.8,0.2554,1357.414201
2026-09-26T05:50:06.562Z,HYPE,-0.2319,124300,91.784,1357.414201
2026-09-26T05:50:06.562Z,SEI,0.8677,100.8,0.07362,1357.414201
2026-09-26T05:50:06.562Z,HBAR,-0.317,126.8,0.09371,1357.414201
2026-09-26T05:50:06.562Z,ARB,0.115,303.5,0.22333,1357.414201
2026-09-26T05:50:06.562Z,JTO,-0.4661,776.2,0.5745,1357.414201
2026-09-26T05:50:06.562Z,ONDO,0.3139,738.3,0.5422,1357.414201
2026-09-26T05:50:06.562Z,QTUM,-0.7764,1399,1.0387,1357.414201
2026-09-26T05:50:06.562Z,PYTH,-0.6058,99.26,0.07357,1357.414201
2026-09-26T05:50:06.562Z,APT,1.535,1166,0.846,1357.414201
2026-09-26T05:50:06.562Z,UNI,-0.2884,13110,9.686,1357.414201
2026-09-26T05:50:06.562Z,TIA,1.4331,672.6,0.4885,1357.414201
2026-09-26T05:50:06.562Z,ALGO,0.7457,157.8,0.11539,1357.414201
2026-09-26T05:50:06.562Z,NEAR,0.5336,6680,4.895,1357.414201
2026-09-26T05:50:06.562Z,ZIL,-4.6287,4.9,0.003785,1357.414201
2026-09-26T05:50:06.562Z,SUSHI,-2.7798,348,0.2637,1357.414201
2026-09-26T05:50:06.562Z,PENDLE,-0.4749,3422,2.533,1357.414201
2026-09-26T05:50:06.562Z,XTZ,1.1788,444.3,0.3235,1357.414201
2026-09-26T05:50:06.562Z,W,-1.6425,16.45,0.012321,1357.414201
2026-09-26T05:50:06.562Z,AR,-3.9985,5855,4.493,1357.414201
2026-09-26T05:50:06.562Z,SHIB,1.1395,0.0081,0.0000059,1357.414201
2026-09-26T05:50:06.562Z,CELO,-0.1989,133.9,0.09884,1357.414201
2026-09-26T05:50:06.562Z,STX,-1.4297,439,0.3281,1357.414201
2026-09-26T05:50:06.562Z,JUP,-0.7267,467.6,0.347,1357.414201
2026-09-26T05:50:06.562Z,PEPE,-1.1811,0.006,0.000004473,1357.414201
2026-09-26T05:50:06.562Z,DYDX,1.9037,186.2,0.13461,1357.414201
2026-09-26T05:50:06.562Z,KITE,1.8074,189.7,0.13727,1357.414201
2026-09-26T05:50:06.562Z,CRV,0.6187,479.4,0.351,1357.414201
2026-09-26T05:50:06.562Z,ENJ,1.0268,40.88,0.02981,1357.414201
2026-09-26T05:50:06.562Z,ATOM,0.1108,2461,1.811,1357.414201
2026-09-26T05:50:06.562Z,ICP,2.1495,4426,3.192,1357.414201
2026-09-26T05:50:06.562Z,SPACE,-0.9348,6.807,0.005062,1357.414201
2026-09-26T05:50:06.562Z,DOT,-0.2965,1669,1.2332,1357.414201
2026-09-26T05:50:06.562Z,ETHFI,-1.3853,972.5,0.7265,1357.414201
2026-09-26T05:50:06.562Z,CC,-1.5824,178,0.13324,1357.414201
2026-09-26T05:50:06.562Z,SYRUP,-0.6132,296.8,0.22,1357.414201
2026-09-26T05:50:06.562Z,TAO,-2.7297,410500,310.9,1357.414201
2026-09-26T05:50:06.562Z,GRAM,0.1682,1977,1.454,1357.414201
2026-09-26T05:50:06.562Z,RAY,5.1161,2860,2.0044,1357.414201
2026-09-26T05:50:06.562Z,RENDER,1.0401,2621,1.911,1357.414201
2026-09-26T05:50:06.562Z,GRASS,-13.3167,610.8,0.5191,1357.414201
2026-09-26T05:50:06.562Z,MINA,1.455,192.5,0.13978,1357.414201
2026-09-26T05:50:06.562Z,POL,0.3511,161.5,0.11856,1357.414201
2026-09-26T05:50:06.562Z,ENA,3.492,379.3,0.27,1357.414201
2026-09-26T05:50:06.562Z,SAND,-0.675,60.55,0.04491,1357.414201
2026-09-26T05:50:06.562Z,AERO,-2.0655,1187,0.8929,1357.414201
2026-09-26T05:50:06.562Z,KGEN,-1.862,223,0.1674,1357.414201
2026-09-26T05:50:06.562Z,LIT,0.2593,6640,4.879,1357.414201
2026-09-26T05:50:06.562Z,MANA,-3.342,120,0.09146,1357.414201
2026-09-26T05:50:06.562Z,BAND,-5.6275,284.9,0.2224,1357.414201
2026-09-26T05:50:06.562Z,APE,-0.2024,208.7,0.15406,1357.414201
2026-09-26T05:50:06.562Z,GMT,1.1494,12.11,0.00882,1357.414201
2026-09-26T05:50:06.562Z,VIRTUAL,0.8469,1062,0.7758,1357.414201
2026-09-26T05:50:06.562Z,LPT,-3.3275,2261,1.723,1357.414201
2026-09-26T05:50:06.562Z,DATA,-0.1793,308.8,0.2279,1357.414201
2026-09-26T05:50:06.562Z,THETA,-4.1027,302,0.232,1357.414201
2026-09-26T05:50:06.562Z,GRT,-0.3389,37.5,0.02772,1357.414201
2026-09-26T05:50:06.562Z,LAYER,-2.8105,106.9,0.08103,1357.414201
2026-09-26T05:50:06.562Z,NMR,-0.4036,13130,9.712,1357.414201
2026-09-26T05:50:06.562Z,EIGEN,-8.3332,321.9,0.2587,1357.414201
2026-09-26T05:50:06.562Z,BAT,-0.0428,125.1,0.0922,1357.414201
2026-09-26T05:50:06.562Z,SPK,-7.8381,30.7,0.02454,1357.414201
2026-09-26T05:50:06.562Z,PUMP,-14.5758,5.276,0.00455,1357.414201
2026-09-26T05:50:06.562Z,KMNO,-4.7599,55.5,0.04293,1357.414201
2026-09-26T05:50:06.562Z,CHZ,0.8226,22.65,0.01655,1357.414201
2026-09-26T05:50:06.562Z,PENGU,1.2258,13.97,0.010167,1357.414201
2026-09-26T05:50:06.562Z,OP,-0.0848,194.8,0.14363,1357.414201
2026-09-26T05:50:06.562Z,UMA,0.3083,558.8,0.4104,1357.414201
2026-09-26T05:50:06.562Z,ZRO,-2.0475,2125,1.5982,1357.414201
2026-09-26T05:50:06.562Z,S,0.8478,56.03,0.04093,1357.414201
2026-09-26T05:50:06.562Z,IMX,-1.4803,216.9,0.16219,1357.414201
2026-09-26T05:50:06.562Z,A,1.0753,140,0.10204,1357.414201
2026-09-26T05:50:06.562Z,ATH,-1.9101,8.652,0.006498,1357.414201
2026-09-26T05:50:06.562Z,COMP,7.5501,34950,23.94,1357.414201
2026-09-26T05:50:06.562Z,CVX,-4.8107,2654,2.054,1357.414201
2026-09-26T05:50:06.562Z,AXS,-3.3045,1550,1.1809,1357.414201
2026-09-26T05:50:06.562Z,WCT,-0.7335,58.83,0.04366,1357.414201
2026-09-26T05:50:06.562Z,ME,0.8209,106.2,0.0776,1357.414201
2026-09-26T05:50:06.562Z,ASTER,1.2376,1004,0.7306,1357.414201
2026-09-26T05:50:06.562Z,GMX,0.3933,11210,8.226,1357.414201
2026-09-26T05:50:06.562Z,MORPHO,2.8926,3810,2.7279,1357.414201
2026-09-26T05:50:06.562Z,MON,-2.0537,35.02,0.02634,1357.414201
2026-09-26T05:50:06.562Z,1INCH,-2.2226,136.6,0.10292,1357.414201
2026-09-26T05:50:06.562Z,SKY,-1.5134,105.8,0.07914,1357.414201
2026-09-26T05:50:06.562Z,YGG,-1.9976,36.53,0.02746,1357.414201
2026-09-26T05:50:06.562Z,BIO,2.0492,45.02,0.0325,1357.414201
2026-09-26T05:50:06.562Z,MOVE,-4.1586,12.54,0.009639,1357.414201
2026-09-26T05:50:06.562Z,GALA,-10.1608,2.628,0.002155,1357.414201
2026-09-26T05:50:06.562Z,ZK,-1.5519,17.14,0.012826,1357.414201
2026-09-26T05:50:06.562Z,ENS,-0.1039,9610,7.087,1357.414201
2026-09-26T05:50:06.562Z,INJ,4.1371,11040,7.81,1357.414201
2026-09-26T05:50:06.562Z,KAITO,-1.61,480,0.3594,1357.414201
2026-09-26T05:50:06.562Z,LDO,-2.4543,650,0.4909,1357.414201
2026-09-26T05:50:06.562Z,BLUR,-0.3358,28.18,0.02083,1357.414201
2026-09-26T05:50:06.562Z,AUCTION,-1.3287,5170,3.86,1357.414201
2026-09-26T05:50:06.562Z,ZETA,1.039,74.35,0.05421,1357.414201
2026-09-26T05:50:06.562Z,WIF,-1.9747,325.6,0.2447,1357.414201
2026-09-26T05:50:06.562Z,KSM,-0.4509,6370,4.714,1357.414201
2026-09-26T05:55:07.159Z,BTC,0.1704,114046000,83874.2,1357.414201
2026-09-26T05:55:07.159Z,XRP,0.1882,2107,1.5493,1357.414201
2026-09-26T05:55:07.159Z,SOL,0.1665,163800,120.47,1357.414201
2026-09-26T05:55:07.159Z,ETH,0.222,3652000,2684.45,1357.414201
2026-09-26T05:55:07.159Z,FIL,0.2995,1435,1.054,1357.414201
2026-09-26T05:55:07.159Z,TRX,0.1802,458.3,0.33702,1357.414201
2026-09-26T05:55:07.159Z,BNB,0.1462,1050000,772.4,1357.414201
2026-09-26T05:55:07.159Z,WLD,0.2077,650.6,0.4783,1357.414201
2026-09-26T05:55:07.159Z,FLOW,-0.5975,41.68,0.03089,1357.414201
2026-09-26T05:55:07.159Z,LINK,0.2484,19100,14.036,1357.414201
2026-09-26T05:55:07.159Z,DOGE,0.087,132.3,0.09738,1357.414201
2026-09-26T05:55:07.159Z,SUI,0.1339,1571,1.1558,1357.414201
2026-09-26T05:55:07.159Z,XLM,0.4199,296.6,0.21759,1357.414201
2026-09-26T05:55:07.159Z,BCH,0.3607,457600,335.9,1357.414201
2026-09-26T05:55:07.159Z,AVAX,0.1245,14450,10.632,1357.414201
2026-09-26T05:55:07.159Z,ETC,0.3693,12800,9.395,1357.414201
2026-09-26T05:55:07.159Z,AAVE,0.2035,209100,153.73,1357.414201
2026-09-26T05:55:07.159Z,ADA,0.5583,347.8,0.2548,1357.414201
2026-09-26T05:55:07.159Z,HYPE,-0.11,124300,91.672,1357.414201
2026-09-26T05:55:07.159Z,SEI,1.4013,100.7,0.07316,1357.414201
2026-09-26T05:55:07.159Z,HBAR,-0.1145,126.8,0.09352,1357.414201
2026-09-26T05:55:07.159Z,ARB,0.502,303.5,0.22247,1357.414201
2026-09-26T05:55:07.159Z,JTO,-0.2925,776.2,0.5735,1357.414201
2026-09-26T05:55:07.159Z,ONDO,0.1704,736.7,0.5418,1357.414201
2026-09-26T05:55:07.159Z,QTUM,-0.6041,1399,1.0369,1357.414201
2026-09-26T05:55:07.159Z,PYTH,-0.2261,99.26,0.07329,1357.414201
2026-09-26T05:55:07.159Z,APT,1.8239,1166,0.8436,1357.414201
2026-09-26T05:55:07.159Z,UNI,-0.6065,13110,9.717,1357.414201
2026-09-26T05:55:07.159Z,TIA,0.4281,664.3,0.4873,1357.414201
2026-09-26T05:55:07.159Z,ALGO,1.0434,157.8,0.11505,1357.414201
2026-09-26T05:55:07.159Z,NEAR,0.5747,6680,4.893,1357.414201
2026-09-26T05:55:07.159Z,ZIL,-4.4014,4.9,0.003776,1357.414201
2026-09-26T05:55:07.159Z,SUSHI,-2.8902,348,0.264,1357.414201
2026-09-26T05:55:07.159Z,PENDLE,-0.2781,3422,2.528,1357.414201
2026-09-26T05:55:07.159Z,XTZ,1.3355,444.3,0.323,1357.414201
2026-09-26T05:55:07.159Z,W,-1.7302,16.45,0.012332,1357.414201
2026-09-26T05:55:07.159Z,AR,-3.9771,5855,4.492,1357.414201
2026-09-26T05:55:07.159Z,SHIB,1.2424,0.0081,0.000005894,1357.414201
2026-09-26T05:55:07.159Z,CELO,-0.1383,133.9,0.09878,1357.414201
2026-09-26T05:55:07.159Z,STX,-1.4297,439,0.3281,1357.414201
2026-09-26T05:55:07.159Z,JUP,-0.209,467.6,0.3452,1357.414201
2026-09-26T05:55:07.159Z,PEPE,-0.8486,0.006,0.000004458,1357.414201
2026-09-26T05:55:07.159Z,DYDX,2.1694,186.2,0.13426,1357.414201
2026-09-26T05:55:07.159Z,KITE,1.7481,189.7,0.13735,1357.414201
2026-09-26T05:55:07.159Z,CRV,0.7622,479.4,0.3505,1357.414201
2026-09-26T05:55:07.159Z,ENJ,1.2305,40.88,0.02975,1357.414201
2026-09-26T05:55:07.159Z,ATOM,0.2769,2461,1.808,1357.414201
2026-09-26T05:55:07.159Z,ICP,2.4061,4426,3.184,1357.414201
2026-09-26T05:55:07.159Z,SPACE,-0.6403,6.807,0.005047,1357.414201
2026-09-26T05:55:07.159Z,DOT,0.3463,1669,1.2253,1357.414201
2026-09-26T05:55:07.159Z,ETHFI,-0.9216,972.5,0.7231,1357.414201
2026-09-26T05:55:07.159Z,CC,-1.427,178,0.13303,1357.414201
2026-09-26T05:55:07.159Z,SYRUP,-0.4321,296.8,0.2196,1357.414201
2026-09-26T05:55:07.159Z,TAO,-2.4788,410500,310.1,1357.414201
2026-09-26T05:55:07.159Z,GRAM,0.3753,1977,1.451,1357.414201
2026-09-26T05:55:07.159Z,RAY,5.3421,2860,2.0001,1357.414201
2026-09-26T05:55:07.159Z,RENDER,1.199,2621,1.908,1357.414201
2026-09-26T05:55:07.159Z,GRASS,-13.1996,610.8,0.5184,1357.414201
2026-09-26T05:55:07.159Z,MINA,1.7753,192.5,0.13934,1357.414201
2026-09-26T05:55:07.159Z,POL,0.3595,161.5,0.11855,1357.414201
2026-09-26T05:55:07.159Z,ENA,3.6225,379.3,0.26966,1357.414201
2026-09-26T05:55:07.159Z,SAND,-0.4755,60.55,0.04482,1357.414201
2026-09-26T05:55:07.159Z,AERO,-1.7906,1187,0.8904,1357.414201
2026-09-26T05:55:07.159Z,KGEN,-1.509,223,0.1668,1357.414201
2026-09-26T05:55:07.159Z,LIT,0.3251,6640,4.8758,1357.414201
2026-09-26T05:55:07.159Z,MANA,-3.1726,120,0.0913,1357.414201
2026-09-26T05:55:07.159Z,BAND,-5.5426,284.9,0.2222,1357.414201
2026-09-26T05:55:07.159Z,APE,-0.0272,208.7,0.15379,1357.414201
2026-09-26T05:55:07.159Z,GMT,1.2642,12.11,0.00881,1357.414201
2026-09-26T05:55:07.159Z,VIRTUAL,1.1598,1062,0.7734,1357.414201
2026-09-26T05:55:07.159Z,LPT,-3.1026,2261,1.719,1357.414201
2026-09-26T05:55:07.159Z,DATA,-0.0477,308.8,0.2276,1357.414201
2026-09-26T05:55:07.159Z,THETA,-3.854,302,0.2314,1357.414201
2026-09-26T05:55:07.159Z,GRT,-0.1227,37.5,0.02766,1357.414201
2026-09-26T05:55:07.159Z,LAYER,-2.9542,106.9,0.08115,1357.414201
2026-09-26T05:55:07.159Z,NMR,-0.3215,13130,9.704,1357.414201
2026-09-26T05:55:07.159Z,EIGEN,-8.1201,321.9,0.2581,1357.414201
2026-09-26T05:55:07.159Z,BAT,0.1963,125.1,0.09198,1357.414201
2026-09-26T05:55:07.159Z,SPK,-8.398,30.7,0.02469,1357.414201
2026-09-26T05:55:07.159Z,PUMP,-14.0658,5.276,0.004523,1357.414201
2026-09-26T05:55:07.159Z,KMNO,-4.6711,55.5,0.04289,1357.414201
2026-09-26T05:55:07.159Z,CHZ,1.1894,22.65,0.01649,1357.414201
2026-09-26T05:55:07.159Z,PENGU,1.6557,13.97,0.010124,1357.414201
2026-09-26T05:55:07.159Z,OP,0.0894,194.8,0.14338,1357.414201
2026-09-26T05:55:07.159Z,UMA,0.3816,558.8,0.4101,1357.414201
2026-09-26T05:55:07.159Z,ZRO,-1.4804,2125,1.589,1357.414201
2026-09-26T05:55:07.159Z,S,1.1444,56.03,0.04081,1357.414201
2026-09-26T05:55:07.159Z,IMX,-1.2672,216.9,0.16184,1357.414201
2026-09-26T05:55:07.159Z,A,0.1354,138.1,0.1016,1357.414201
2026-09-26T05:55:07.159Z,ATH,-2.0307,8.652,0.006506,1357.414201
2026-09-26T05:55:07.159Z,COMP,7.8655,34950,23.87,1357.414201
2026-09-26T05:55:07.159Z,CVX,-4.7643,2654,2.053,1357.414201
2026-09-26T05:55:07.159Z,AXS,-3.3618,1550,1.1816,1357.414201
2026-09-26T05:55:07.159Z,WCT,-0.6197,58.83,0.04361,1357.414201
2026-09-26T05:55:07.159Z,ME,1.0814,106.2,0.0774,1357.414201
2026-09-26T05:55:07.159Z,ASTER,1.4598,1004,0.729,1357.414201
2026-09-26T05:55:07.159Z,GMX,0.5522,11210,8.213,1357.414201
2026-09-26T05:55:07.159Z,MORPHO,3.0967,3810,2.7225,1357.414201
2026-09-26T05:55:07.159Z,MON,-1.8674,35.02,0.02629,1357.414201
2026-09-26T05:55:07.159Z,1INCH,-1.975,136.6,0.10266,1357.414201
2026-09-26T05:55:07.159Z,SKY,-1.4885,105.8,0.07912,1357.414201
2026-09-26T05:55:07.159Z,YGG,-1.8188,36.53,0.02741,1357.414201
2026-09-26T05:55:07.159Z,BIO,2.3011,45.02,0.03242,1357.414201
2026-09-26T05:55:07.159Z,MOVE,-3.8694,12.54,0.00961,1357.414201
2026-09-26T05:55:07.159Z,GALA,-9.9938,2.628,0.002151,1357.414201
2026-09-26T05:55:07.159Z,ZK,-1.644,17.14,0.012838,1357.414201
2026-09-26T05:55:07.159Z,ENS,0.2781,9610,7.06,1357.414201
2026-09-26T05:55:07.159Z,INJ,4.3777,11040,7.792,1357.414201
2026-09-26T05:55:07.159Z,KAITO,-1.5827,480,0.3593,1357.414201
2026-09-26T05:55:07.159Z,LDO,-2.0753,650,0.489,1357.414201
2026-09-26T05:55:07.159Z,BLUR,0.0003,28.18,0.02076,1357.414201
2026-09-26T05:55:07.159Z,AUCTION,-1.252,5170,3.857,1357.414201
2026-09-26T05:55:07.159Z,ZETA,1.151,74.35,0.05415,1357.414201
2026-09-26T05:55:07.159Z,WIF,-1.6532,325.6,0.2439,1357.414201
2026-09-26T05:55:07.159Z,KSM,-0.1118,6370,4.698,1357.414201
2026-09-26T06:00:07.045Z,BTC,0.1602,114053000,83887.9,1357.414201
2026-09-26T06:00:07.045Z,XRP,0.1688,2107,1.5496,1357.414201
2026-09-26T06:00:07.045Z,SOL,0.1915,163800,120.44,1357.414201
2026-09-26T06:00:07.045Z,ETH,0.2026,3652000,2684.97,1357.414201
2026-09-26T06:00:07.045Z,FIL,0.1285,1435,1.0558,1357.414201
2026-09-26T06:00:07.045Z,TRX,0.2895,458.8,0.33702,1357.414201
2026-09-26T06:00:07.045Z,BNB,0.1462,1050000,772.4,1357.414201
2026-09-26T06:00:07.045Z,WLD,0.2479,649.5,0.4773,1357.414201
2026-09-26T06:00:07.045Z,FLOW,-0.5331,41.68,0.03087,1357.414201
2026-09-26T06:00:07.045Z,LINK,0.3987,19100,14.015,1357.414201
2026-09-26T06:00:07.045Z,DOGE,0.0562,132.3,0.09741,1357.414201
2026-09-26T06:00:07.045Z,SUI,0.1512,1571,1.1556,1357.414201
2026-09-26T06:00:07.045Z,XLM,0.4476,296.6,0.21753,1357.414201
2026-09-26T06:00:07.045Z,BCH,0.3607,457600,335.9,1357.414201
2026-09-26T06:00:07.045Z,AVAX,0.1905,14450,10.625,1357.414201
2026-09-26T06:00:07.045Z,ETC,0.3372,12800,9.398,1357.414201
2026-09-26T06:00:07.045Z,AAVE,0.3145,209100,153.56,1357.414201
2026-09-26T06:00:07.045Z,ADA,0.5977,347.8,0.2547,1357.414201
2026-09-26T06:00:07.045Z,HYPE,-0.1351,124300,91.695,1357.414201
2026-09-26T06:00:07.045Z,SEI,0.062,99.37,0.07316,1357.414201
2026-09-26T06:00:07.045Z,HBAR,-0.1252,126.8,0.09353,1357.414201
2026-09-26T06:00:07.045Z,ARB,0.2362,303.5,0.22306,1357.414201
2026-09-26T06:00:07.045Z,JTO,-0.1183,776.2,0.5725,1357.414201
2026-09-26T06:00:07.045Z,ONDO,-0.2047,733.4,0.5414,1357.414201
2026-09-26T06:00:07.045Z,QTUM,-0.8909,1399,1.0399,1357.414201
2026-09-26T06:00:07.045Z,PYTH,-0.4163,99.26,0.07343,1357.414201
2026-09-26T06:00:07.045Z,APT,1.8359,1166,0.8435,1357.414201
2026-09-26T06:00:07.045Z,UNI,-0.7393,13110,9.73,1357.414201
2026-09-26T06:00:07.045Z,TIA,0.4488,664.3,0.4872,1357.414201
2026-09-26T06:00:07.045Z,ALGO,0.9732,157.8,0.11513,1357.414201
2026-09-26T06:00:07.045Z,NEAR,0.5953,6680,4.892,1357.414201
2026-09-26T06:00:07.045Z,ZIL,-4.4014,4.9,0.003776,1357.414201
2026-09-26T06:00:07.045Z,SUSHI,-2.8166,348,0.2638,1357.414201
2026-09-26T06:00:07.045Z,PENDLE,-0.2386,3422,2.527,1357.414201
2026-09-26T06:00:07.045Z,XTZ,1.3668,444.3,0.3229,1357.414201
2026-09-26T06:00:07.045Z,W,-1.6345,16.45,0.01232,1357.414201
2026-09-26T06:00:07.045Z,AR,-3.9771,5855,4.492,1357.414201
2026-09-26T06:00:07.045Z,SHIB,1.2596,0.0081,0.000005893,1357.414201
2026-09-26T06:00:07.045Z,CELO,0.2168,133.9,0.09843,1357.414201
2026-09-26T06:00:07.045Z,STX,-1.3094,439,0.3277,1357.414201
2026-09-26T06:00:07.045Z,JUP,-0.2957,467.6,0.3455,1357.414201
2026-09-26T06:00:07.045Z,PEPE,-0.8931,0.006,0.00000446,1357.414201
2026-09-26T06:00:07.045Z,DYDX,2.1617,186.2,0.13427,1357.414201
2026-09-26T06:00:07.045Z,KITE,1.8371,189.7,0.13723,1357.414201
2026-09-26T06:00:07.045Z,CRV,0.8773,479.4,0.3501,1357.414201
2026-09-26T06:00:07.045Z,ENJ,0.8576,40.88,0.02986,1357.414201
2026-09-26T06:00:07.045Z,ATOM,0.3324,2461,1.807,1357.414201
2026-09-26T06:00:07.045Z,ICP,2.4061,4426,3.184,1357.414201
2026-09-26T06:00:07.045Z,SPACE,-0.601,6.807,0.005045,1357.414201
2026-09-26T06:00:07.045Z,DOT,0.3627,1669,1.2251,1357.414201
2026-09-26T06:00:07.045Z,ETHFI,-0.3151,972.5,0.7187,1357.414201
2026-09-26T06:00:07.045Z,CC,0.7029,181.6,0.13285,1357.414201
2026-09-26T06:00:07.045Z,SYRUP,-0.7034,296.8,0.2202,1357.414201
2026-09-26T06:00:07.045Z,TAO,-2.3213,410500,309.6,1357.414201
2026-09-26T06:00:07.045Z,GRAM,0.5138,1977,1.449,1357.414201
2026-09-26T06:00:07.045Z,RAY,5.4634,2860,1.9978,1357.414201
2026-09-26T06:00:07.045Z,RENDER,1.146,2621,1.909,1357.414201
2026-09-26T06:00:07.045Z,GRASS,-13.5166,610.8,0.5203,1357.414201
2026-09-26T06:00:07.045Z,MINA,1.8338,192.5,0.13926,1357.414201
2026-09-26T06:00:07.045Z,POL,0.2834,161.5,0.11864,1357.414201
2026-09-26T06:00:07.045Z,ENA,3.8304,379.3,0.26912,1357.414201
2026-09-26T06:00:07.045Z,SAND,-0.4977,60.55,0.04483,1357.414201
2026-09-26T06:00:07.045Z,AERO,-2.4479,1187,0.8964,1357.414201
2026-09-26T06:00:07.045Z,KGEN,-1.3908,223,0.1666,1357.414201
2026-09-26T06:00:07.045Z,LIT,0.457,6640,4.8694,1357.414201
2026-09-26T06:00:07.045Z,MANA,-3.1514,120,0.09128,1357.414201
2026-09-26T06:00:07.045Z,BAND,-5.5426,284.9,0.2222,1357.414201
2026-09-26T06:00:07.045Z,APE,0.0118,208.7,0.15373,1357.414201
2026-09-26T06:00:07.045Z,GMT,1.2757,12.11,0.008809,1357.414201
2026-09-26T06:00:07.045Z,VIRTUAL,1.2645,1062,0.7726,1357.414201
2026-09-26T06:00:07.045Z,LPT,-3.0462,2261,1.718,1357.414201
2026-09-26T06:00:07.045Z,DATA,0.0402,308.8,0.2274,1357.414201
2026-09-26T06:00:07.045Z,THETA,-3.8955,302,0.2315,1357.414201
2026-09-26T06:00:07.045Z,GRT,-0.1227,37.5,0.02766,1357.414201
2026-09-26T06:00:07.045Z,LAYER,-3.371,106.9,0.0815,1357.414201
2026-09-26T06:00:07.045Z,NMR,-0.3215,13130,9.704,1357.414201
2026-09-26T06:00:07.045Z,EIGEN,-8.0132,321.9,0.2578,1357.414201
2026-09-26T06:00:07.045Z,BAT,0.2181,125.1,0.09196,1357.414201
2026-09-26T06:00:07.045Z,SPK,-8.7675,30.7,0.02479,1357.414201
2026-09-26T06:00:07.045Z,PUMP,-14.2743,5.276,0.004534,1357.414201
2026-09-26T06:00:07.045Z,KMNO,-4.3365,55.5,0.04274,1357.414201
2026-09-26T06:00:07.045Z,CHZ,1.1281,22.65,0.0165,1357.414201
2026-09-26T06:00:07.045Z,PENGU,1.6357,13.97,0.010126,1357.414201
2026-09-26T06:00:07.045Z,OP,0.2992,194.8,0.14308,1357.414201
2026-09-26T06:00:07.045Z,UMA,0.3816,558.8,0.4101,1357.414201
2026-09-26T06:00:07.045Z,ZRO,-1.4866,2125,1.5891,1357.414201
2026-09-26T06:00:07.045Z,S,1.1444,56.03,0.04081,1357.414201
2026-09-26T06:00:07.045Z,IMX,-1.0103,216.9,0.16142,1357.414201
2026-09-26T06:00:07.045Z,A,0.2143,138.1,0.10152,1357.414201
2026-09-26T06:00:07.045Z,ATH,-1.9855,8.652,0.006503,1357.414201
2026-09-26T06:00:07.045Z,COMP,7.9559,34950,23.85,1357.414201
2026-09-26T06:00:07.045Z,CVX,-4.4852,2654,2.047,1357.414201
2026-09-26T06:00:07.045Z,AXS,-3.4762,1550,1.183,1357.414201
2026-09-26T06:00:07.045Z,WCT,-0.4599,58.83,0.04354,1357.414201
2026-09-26T06:00:07.045Z,ME,1.1467,106.2,0.07735,1357.414201
2026-09-26T06:00:07.045Z,ASTER,1.4319,1004,0.7292,1357.414201
2026-09-26T06:00:07.045Z,GMX,0.6134,11210,8.208,1357.414201
2026-09-26T06:00:07.045Z,MORPHO,3.0323,3810,2.7242,1357.414201
2026-09-26T06:00:07.045Z,MON,-1.9793,35.02,0.02632,1357.414201
2026-09-26T06:00:07.045Z,1INCH,-1.9559,136.6,0.10264,1357.414201
2026-09-26T06:00:07.045Z,SKY,-1.2388,105.8,0.07892,1357.414201
2026-09-26T06:00:07.045Z,YGG,-1.8546,36.53,0.02742,1357.414201
2026-09-26T06:00:07.045Z,BIO,2.3011,45.02,0.03242,1357.414201
2026-09-26T06:00:07.045Z,MOVE,-3.7993,12.54,0.009603,1357.414201
2026-09-26T06:00:07.045Z,GALA,-9.9938,2.628,0.002151,1357.414201
2026-09-26T06:00:07.045Z,ZK,-1.5596,17.14,0.012827,1357.414201
2026-09-26T06:00:07.045Z,ENS,0.2639,9610,7.061,1357.414201
2026-09-26T06:00:07.045Z,INJ,4.4045,11040,7.79,1357.414201
2026-09-26T06:00:07.045Z,KAITO,-1.473,480,0.3589,1357.414201
2026-09-26T06:00:07.045Z,LDO,-2.1354,650,0.4893,1357.414201
2026-09-26T06:00:07.045Z,BLUR,-0.0479,28.18,0.02077,1357.414201
2026-09-26T06:00:07.045Z,AUCTION,-1.2007,5170,3.855,1357.414201
2026-09-26T06:00:07.045Z,ZETA,1.0577,74.35,0.0542,1357.414201
2026-09-26T06:00:07.045Z,WIF,-1.774,325.6,0.2442,1357.414201
2026-09-26T06:00:07.045Z,KSM,-0.1331,6370,4.699,1357.414201
2026-09-26T06:05:06.962Z,BTC,0.1516,114049000,83892.1,1357.414201
2026-09-26T06:05:06.962Z,XRP,0.2597,2110,1.5504,1357.414201
2026-09-26T06:05:06.962Z,SOL,0.0382,163400,120.33,1357.414201
2026-09-26T06:05:06.962Z,ETH,0.2201,3652000,2684.5,1357.414201
2026-09-26T06:05:06.962Z,FIL,0.4171,1436,1.0535,1357.414201
2026-09-26T06:05:06.962Z,TRX,0.2865,458.8,0.33703,1357.414201
2026-09-26T06:05:06.962Z,BNB,0.1852,1050000,772.1,1357.414201
2026-09-26T06:05:06.962Z,WLD,0.0395,649.1,0.478,1357.414201
2026-09-26T06:05:06.962Z,FLOW,-0.307,41.68,0.0308,1357.414201
2026-09-26T06:05:06.962Z,LINK,0.5781,19100,13.99,1357.414201
2026-09-26T06:05:06.962Z,DOGE,0.0048,132.3,0.09746,1357.414201
2026-09-26T06:05:06.962Z,SUI,-0.066,1568,1.1559,1357.414201
2026-09-26T06:05:06.962Z,XLM,0.4061,296.6,0.21762,1357.414201
2026-09-26T06:05:06.962Z,BCH,-0.0855,457600,337.4,1357.414201
2026-09-26T06:05:06.962Z,AVAX,0.3416,14450,10.609,1357.414201
2026-09-26T06:05:06.962Z,ETC,0.38,12800,9.394,1357.414201
2026-09-26T06:05:06.962Z,AAVE,0.4912,209100,153.29,1357.414201
2026-09-26T06:05:06.962Z,ADA,0.2715,346.4,0.2545,1357.414201
2026-09-26T06:05:06.962Z,HYPE,-0.0795,124300,91.644,1357.414201
2026-09-26T06:05:06.962Z,SEI,1.1124,99.37,0.0724,1357.414201
2026-09-26T06:05:06.962Z,HBAR,0.0138,126.8,0.0934,1357.414201
2026-09-26T06:05:06.962Z,ARB,0.7375,303.5,0.22195,1357.414201
2026-09-26T06:05:06.962Z,JTO,0.0214,776.2,0.5717,1357.414201
2026-09-26T06:05:06.962Z,ONDO,0.2292,735.5,0.5406,1357.414201
2026-09-26T06:05:06.962Z,QTUM,-1.1285,1399,1.0424,1357.414201
2026-09-26T06:05:06.962Z,PYTH,-0.4163,99.26,0.07343,1357.414201
2026-09-26T06:05:06.962Z,APT,1.9447,1166,0.8426,1357.414201
2026-09-26T06:05:06.962Z,UNI,-0.7801,13110,9.734,1357.414201
2026-09-26T06:05:06.962Z,TIA,0.6968,664.3,0.486,1357.414201
2026-09-26T06:05:06.962Z,ALGO,1.1049,157.8,0.11498,1357.414201
2026-09-26T06:05:06.962Z,NEAR,0.3696,6680,4.903,1357.414201
2026-09-26T06:05:06.962Z,ZIL,-4.5025,4.9,0.00378,1357.414201
2026-09-26T06:05:06.962Z,SUSHI,-2.521,348,0.263,1357.414201
2026-09-26T06:05:06.962Z,PENDLE,-0.1991,3422,2.526,1357.414201
2026-09-26T06:05:06.962Z,XTZ,1.2414,444.3,0.3233,1357.414201
2026-09-26T06:05:06.962Z,W,-1.3061,16.45,0.012279,1357.414201
2026-09-26T06:05:06.962Z,AR,-3.6123,5855,4.475,1357.414201
2026-09-26T06:05:06.962Z,SHIB,1.294,0.0081,0.000005891,1357.414201
2026-09-26T06:05:06.962Z,CELO,0.0643,133.9,0.09858,1357.414201
2026-09-26T06:05:06.962Z,STX,-0.886,439,0.3263,1357.414201
2026-09-26T06:05:06.962Z,JUP,-0.526,467.6,0.3463,1357.414201
2026-09-26T06:05:06.962Z,PEPE,-0.8264,0.006,0.000004457,1357.414201
2026-09-26T06:05:06.962Z,DYDX,2.1389,186.2,0.1343,1357.414201
2026-09-26T06:05:06.962Z,KITE,1.889,189.7,0.13716,1357.414201
2026-09-26T06:05:06.962Z,CRV,1.0794,479.4,0.3494,1357.414201
2026-09-26T06:05:06.962Z,ENJ,1.3668,40.88,0.02971,1357.414201
2026-09-26T06:05:06.962Z,ATOM,0.3324,2461,1.807,1357.414201
2026-09-26T06:05:06.962Z,ICP,2.3097,4426,3.187,1357.414201
2026-09-26T06:05:06.962Z,SPACE,-0.4233,6.807,0.005036,1357.414201
2026-09-26T06:05:06.962Z,DOT,0.741,1669,1.2205,1357.414201
2026-09-26T06:05:06.962Z,ETHFI,-0.1066,972.5,0.7172,1357.414201
2026-09-26T06:05:06.962Z,CC,0.5817,181.6,0.13301,1357.414201
2026-09-26T06:05:06.962Z,SYRUP,-0.8835,296.8,0.2206,1357.414201
2026-09-26T06:05:06.962Z,TAO,-2.2898,410500,309.5,1357.414201
2026-09-26T06:05:06.962Z,GRAM,0.6528,1977,1.447,1357.414201
2026-09-26T06:05:06.962Z,RAY,5.6379,2860,1.9945,1357.414201
2026-09-26T06:05:06.962Z,RENDER,1.146,2621,1.909,1357.414201
2026-09-26T06:05:06.962Z,GRASS,-13.6162,610.8,0.5209,1357.414201
2026-09-26T06:05:06.962Z,MINA,1.7169,192.5,0.13942,1357.414201
2026-09-26T06:05:06.962Z,POL,0.4527,161.5,0.11844,1357.414201
2026-09-26T06:05:06.962Z,ENA,4.1322,379.3,0.26834,1357.414201
2026-09-26T06:05:06.962Z,SAND,-0.4311,60.55,0.0448,1357.414201
2026-09-26T06:05:06.962Z,AERO,-2.0765,1187,0.893,1357.414201
2026-09-26T06:05:06.962Z,KGEN,-1.3908,223,0.1666,1357.414201
2026-09-26T06:05:06.962Z,LIT,0.784,6640,4.8536,1357.414201
2026-09-26T06:05:06.962Z,MANA,-3.0452,120,0.09118,1357.414201
2026-09-26T06:05:06.962Z,BAND,-5.5851,284.9,0.2223,1357.414201
2026-09-26T06:05:06.962Z,APE,0.0053,208.7,0.15374,1357.414201
2026-09-26T06:05:06.962Z,GMT,1.2872,12.11,0.008808,1357.414201
2026-09-26T06:05:06.962Z,VIRTUAL,1.2383,1062,0.7728,1357.414201
2026-09-26T06:05:06.962Z,LPT,-2.9332,2261,1.716,1357.414201
2026-09-26T06:05:06.962Z,DATA,0.0842,308.8,0.2273,1357.414201
2026-09-26T06:05:06.962Z,THETA,-3.854,302,0.2314,1357.414201
2026-09-26T06:05:06.962Z,GRT,0.0944,37.5,0.0276,1357.414201
2026-09-26T06:05:06.962Z,LAYER,-2.6182,106.9,0.08087,1357.414201
2026-09-26T06:05:06.962Z,NMR,-0.0227,13130,9.675,1357.414201
2026-09-26T06:05:06.962Z,EIGEN,-8.1201,321.9,0.2581,1357.414201
2026-09-26T06:05:06.962Z,BAT,0.3053,125.1,0.09188,1357.414201
2026-09-26T06:05:06.962Z,SPK,-8.4351,30.7,0.0247,1357.414201
2026-09-26T06:05:06.962Z,PUMP,-14.5382,5.276,0.004548,1357.414201
2026-09-26T06:05:06.962Z,KMNO,-4.3813,55.5,0.04276,1357.414201
2026-09-26T06:05:06.962Z,CHZ,1.2508,22.65,0.01648,1357.414201
2026-09-26T06:05:06.962Z,PENGU,1.5654,13.97,0.010133,1357.414201
2026-09-26T06:05:06.962Z,OP,0.4889,194.8,0.14281,1357.414201
2026-09-26T06:05:06.962Z,UMA,0.3572,558.8,0.4102,1357.414201
2026-09-26T06:05:06.962Z,ZRO,-1.4432,2125,1.5884,1357.414201
2026-09-26T06:05:06.962Z,S,1.1939,56.03,0.04079,1357.414201
2026-09-26T06:05:06.962Z,IMX,-0.8629,216.9,0.16118,1357.414201
2026-09-26T06:05:06.962Z,A,0.2736,138.1,0.10146,1357.414201
2026-09-26T06:05:06.962Z,ATH,-2.5996,8.652,0.006544,1357.414201
2026-09-26T06:05:06.962Z,COMP,8.2737,34950,23.78,1357.414201
2026-09-26T06:05:06.962Z,CVX,-4.4852,2654,2.047,1357.414201
2026-09-26T06:05:06.962Z,AXS,-3.5251,1550,1.1836,1357.414201
2026-09-26T06:05:06.962Z,WCT,-0.4142,58.83,0.04352,1357.414201
2026-09-26T06:05:06.962Z,ME,1.0031,106.2,0.07746,1357.414201
2026-09-26T06:05:06.962Z,ASTER,1.4598,1004,0.729,1357.414201
2026-09-26T06:05:06.962Z,GMX,0.6257,11210,8.207,1357.414201
2026-09-26T06:05:06.962Z,MORPHO,3.4729,3810,2.7126,1357.414201
2026-09-26T06:05:06.962Z,MON,-2.128,35.02,0.02636,1357.414201
2026-09-26T06:05:06.962Z,1INCH,-1.8507,136.6,0.10253,1357.414201
2026-09-26T06:05:06.962Z,SKY,-1.1386,105.8,0.07884,1357.414201
2026-09-26T06:05:06.962Z,YGG,-1.6753,36.53,0.02737,1357.414201
2026-09-26T06:05:06.962Z,BIO,2.5224,45.02,0.03235,1357.414201
2026-09-26T06:05:06.962Z,MOVE,-3.7492,12.54,0.009598,1357.414201
2026-09-26T06:05:06.962Z,GALA,-9.6156,2.628,0.002142,1357.414201
2026-09-26T06:05:06.962Z,ZK,-1.4828,17.14,0.012817,1357.414201
2026-09-26T06:05:06.962Z,ENS,0.0938,9610,7.073,1357.414201
2026-09-26T06:05:06.962Z,INJ,4.7272,11040,7.766,1357.414201
2026-09-26T06:05:06.962Z,KAITO,-1.418,480,0.3587,1357.414201
2026-09-26T06:05:06.962Z,LDO,-1.955,650,0.4884,1357.414201
2026-09-26T06:05:06.962Z,BLUR,-0.192,28.18,0.0208,1357.414201
2026-09-26T06:05:06.962Z,AUCTION,-1.252,5170,3.857,1357.414201
2026-09-26T06:05:06.962Z,ZETA,1.6767,74.35,0.05387,1357.414201
2026-09-26T06:05:06.962Z,WIF,-1.774,325.6,0.2442,1357.414201
2026-09-26T06:05:06.962Z,KSM,-0.0267,6370,4.694,1357.414201
2026-09-26T06:10:06.931Z,BTC,0.1898,114100000,83897.6,1357.414201
2026-09-26T06:10:06.931Z,XRP,0.0374,2106,1.5509,1357.414201
2026-09-26T06:10:06.931Z,SOL,0.1802,163700,120.38,1357.414201
2026-09-26T06:10:06.931Z,ETH,0.1709,3652000,2685.82,1357.414201
2026-09-26T06:10:06.931Z,FIL,-0.1174,1435,1.0584,1357.414201
2026-09-26T06:10:06.931Z,TRX,0.2895,458.8,0.33702,1357.414201
2026-09-26T06:10:06.931Z,BNB,0.1852,1050000,772.1,1357.414201
2026-09-26T06:10:06.931Z,WLD,-0.2046,648.6,0.4788,1357.414201
2026-09-26T06:10:06.931Z,FLOW,-0.4686,41.68,0.03085,1357.414201
2026-09-26T06:10:06.931Z,LINK,0.2913,19100,14.03,1357.414201
2026-09-26T06:10:06.931Z,DOGE,-0.0426,132.4,0.09758,1357.414201
2026-09-26T06:10:06.931Z,SUI,0.0875,1570,1.1556,1357.414201
2026-09-26T06:10:06.931Z,XLM,0.3323,296.6,0.21778,1357.414201
2026-09-26T06:10:06.931Z,BCH,-0.1743,457600,337.7,1357.414201
2026-09-26T06:10:06.931Z,AVAX,0.0963,14450,10.635,1357.414201
2026-09-26T06:10:06.931Z,ETC,0.2519,12800,9.406,1357.414201
2026-09-26T06:10:06.931Z,AAVE,0.1384,209100,153.83,1357.414201
2026-09-26T06:10:06.931Z,ADA,0.1535,346.4,0.2548,1357.414201
2026-09-26T06:10:06.931Z,HYPE,-0.0969,124300,91.66,1357.414201
2026-09-26T06:10:06.931Z,SEI,1.1543,99.37,0.07237,1357.414201
2026-09-26T06:10:06.931Z,HBAR,-0.1252,126.8,0.09353,1357.414201
2026-09-26T06:10:06.931Z,ARB,0.2407,303.5,0.22305,1357.414201
2026-09-26T06:10:06.931Z,JTO,-0.7425,776.2,0.5761,1357.414201
2026-09-26T06:10:06.931Z,ONDO,-0.3423,735.5,0.5437,1357.414201
2026-09-26T06:10:06.931Z,QTUM,-1.0716,1399,1.0418,1357.414201
2026-09-26T06:10:06.931Z,PYTH,-0.5382,99.26,0.07352,1357.414201
2026-09-26T06:10:06.931Z,APT,1.8843,1166,0.8431,1357.414201
2026-09-26T06:10:06.931Z,UNI,-0.5034,13260,9.818,1357.414201
2026-09-26T06:10:06.931Z,TIA,0.4488,664.3,0.4872,1357.414201
2026-09-26T06:10:06.931Z,ALGO,0.982,157.8,0.11512,1357.414201
2026-09-26T06:10:06.931Z,NEAR,0.2878,6680,4.907,1357.414201
2026-09-26T06:10:06.931Z,ZIL,-4.6287,4.9,0.003785,1357.414201
2026-09-26T06:10:06.931Z,SUSHI,-3.0738,348,0.2645,1357.414201
2026-09-26T06:10:06.931Z,PENDLE,-0.2386,3422,2.527,1357.414201
2026-09-26T06:10:06.931Z,XTZ,1.3355,444.3,0.323,1357.414201
2026-09-26T06:10:06.931Z,W,-1.8337,16.45,0.012345,1357.414201
2026-09-26T06:10:06.931Z,AR,-3.9771,5855,4.492,1357.414201
2026-09-26T06:10:06.931Z,SHIB,1.1738,0.0081,0.000005898,1357.414201
2026-09-26T06:10:06.931Z,CELO,-0.0067,133.9,0.09865,1357.414201
2026-09-26T06:10:06.931Z,STX,-1.1888,439,0.3273,1357.414201
2026-09-26T06:10:06.931Z,JUP,-1.1256,467.6,0.3484,1357.414201
2026-09-26T06:10:06.931Z,PEPE,-0.9153,0.006,0.000004461,1357.414201
2026-09-26T06:10:06.931Z,DYDX,1.9416,186.2,0.13456,1357.414201
2026-09-26T06:10:06.931Z,KITE,2.9549,189.7,0.13574,1357.414201
2026-09-26T06:10:06.931Z,CRV,0.8197,479.4,0.3503,1357.414201
2026-09-26T06:10:06.931Z,ENJ,1.1965,40.88,0.02976,1357.414201
2026-09-26T06:10:06.931Z,ATOM,0.2769,2461,1.808,1357.414201
2026-09-26T06:10:06.931Z,ICP,2.1175,4426,3.193,1357.414201
2026-09-26T06:10:06.931Z,SPACE,-0.364,6.807,0.005033,1357.414201
2026-09-26T06:10:06.931Z,DOT,0.1257,1669,1.228,1357.414201
2026-09-26T06:10:06.931Z,ETHFI,-0.3012,972.5,0.7186,1357.414201
2026-09-26T06:10:06.931Z,CC,0.3403,181.6,0.13333,1357.414201
2026-09-26T06:10:06.931Z,SYRUP,-1.6415,296.8,0.2223,1357.414201
2026-09-26T06:10:06.931Z,TAO,-2.6044,410500,310.5,1357.414201
2026-09-26T06:10:06.931Z,GRAM,0.5833,1977,1.448,1357.414201
2026-09-26T06:10:06.931Z,RAY,5.6856,2860,1.9936,1357.414201
2026-09-26T06:10:06.931Z,RENDER,1.093,2621,1.91,1357.414201
2026-09-26T06:10:06.931Z,GRASS,-14.2582,610.8,0.5248,1357.414201
2026-09-26T06:10:06.931Z,MINA,1.6222,192.5,0.13955,1357.414201
2026-09-26T06:10:06.931Z,POL,0.2243,161.5,0.11871,1357.414201
2026-09-26T06:10:06.931Z,ENA,4.1244,379.3,0.26836,1357.414201
2026-09-26T06:10:06.931Z,SAND,-0.5199,60.55,0.04484,1357.414201
2026-09-26T06:10:06.931Z,AERO,-2.2844,1187,0.8949,1357.414201
2026-09-26T06:10:06.931Z,KGEN,-1.568,223,0.1669,1357.414201
2026-09-26T06:10:06.931Z,LIT,0.5954,6640,4.8627,1357.414201
2026-09-26T06:10:06.931Z,MANA,-3.2786,120,0.0914,1357.414201
2026-09-26T06:10:06.931Z,BAND,-5.6275,284.9,0.2224,1357.414201
2026-09-26T06:10:06.931Z,APE,-0.293,208.7,0.1542,1357.414201
2026-09-26T06:10:06.931Z,GMT,1.1608,12.11,0.008819,1357.414201
2026-09-26T06:10:06.931Z,VIRTUAL,0.9379,1062,0.7751,1357.414201
2026-09-26T06:10:06.931Z,LPT,-3.3836,2261,1.724,1357.414201
2026-09-26T06:10:06.931Z,DATA,0.0842,308.8,0.2273,1357.414201
2026-09-26T06:10:06.931Z,THETA,-3.937,302,0.2316,1357.414201
2026-09-26T06:10:06.931Z,GRT,-0.0505,37.5,0.02764,1357.414201
2026-09-26T06:10:06.931Z,LAYER,-2.8824,106.9,0.08109,1357.414201
2026-09-26T06:10:06.931Z,NMR,-0.1569,13130,9.688,1357.414201
2026-09-26T06:10:06.931Z,EIGEN,-8.51,321.9,0.2592,1357.414201
2026-09-26T06:10:06.931Z,BAT,0.229,125.1,0.09195,1357.414201
2026-09-26T06:10:06.931Z,SPK,-8.2121,30.7,0.02464,1357.414201
2026-09-26T06:10:06.931Z,PUMP,-14.9124,5.276,0.004568,1357.414201
2026-09-26T06:10:06.931Z,KMNO,-4.5598,55.5,0.04284,1357.414201
2026-09-26T06:10:06.931Z,CHZ,0.9446,22.65,0.01653,1357.414201
2026-09-26T06:10:06.931Z,PENGU,1.3255,13.97,0.010157,1357.414201
2026-09-26T06:10:06.931Z,OP,0.3343,194.8,0.14303,1357.414201
2026-09-26T06:10:06.931Z,UMA,0.1375,558.8,0.4111,1357.414201
2026-09-26T06:10:06.931Z,ZRO,-1.8941,2125,1.5957,1357.414201
2026-09-26T06:10:06.931Z,S,1.0948,56.03,0.04083,1357.414201
2026-09-26T06:10:06.931Z,IMX,-1.0961,216.9,0.16156,1357.414201
2026-09-26T06:10:06.931Z,A,-0.0221,138.1,0.10176,1357.414201
2026-09-26T06:10:06.931Z,ATH,-2.4804,8.652,0.006536,1357.414201
2026-09-26T06:10:06.931Z,COMP,7.9559,34950,23.85,1357.414201
2026-09-26T06:10:06.931Z,CVX,-4.5318,2654,2.048,1357.414201
2026-09-26T06:10:06.931Z,AXS,-3.4517,1550,1.1827,1357.414201
2026-09-26T06:10:06.931Z,WCT,-0.6425,58.83,0.04362,1357.414201
2026-09-26T06:10:06.931Z,ME,1.0031,106.2,0.07746,1357.414201
2026-09-26T06:10:06.931Z,ASTER,1.5294,1004,0.7285,1357.414201
2026-09-26T06:10:06.931Z,GMX,0.5399,11210,8.214,1357.414201
2026-09-26T06:10:06.931Z,MORPHO,3.3168,3810,2.7167,1357.414201
2026-09-26T06:10:06.931Z,MON,-2.2763,35.02,0.0264,1357.414201
2026-09-26T06:10:06.931Z,1INCH,-2.1275,136.6,0.10282,1357.414201
2026-09-26T06:10:06.931Z,SKY,-1.2513,105.8,0.07893,1357.414201
2026-09-26T06:10:06.931Z,YGG,-1.8904,36.53,0.02743,1357.414201
2026-09-26T06:10:06.931Z,BIO,2.3642,45.02,0.0324,1357.414201
2026-09-26T06:10:06.931Z,MOVE,-3.9094,12.54,0.009614,1357.414201
2026-09-26T06:10:06.931Z,GALA,-9.9519,2.628,0.00215,1357.414201
2026-09-26T06:10:06.931Z,ZK,-1.5826,17.14,0.01283,1357.414201
2026-09-26T06:10:06.931Z,ENS,0.0231,9610,7.078,1357.414201
2026-09-26T06:10:06.931Z,INJ,4.2439,11040,7.802,1357.414201
2026-09-26T06:10:06.931Z,KAITO,-1.6648,480,0.3596,1357.414201
2026-09-26T06:10:06.931Z,LDO,-2.4742,650,0.491,1357.414201
2026-09-26T06:10:06.931Z,BLUR,-0.192,28.18,0.0208,1357.414201
2026-09-26T06:10:06.931Z,AUCTION,-1.3798,5170,3.862,1357.414201
2026-09-26T06:10:06.931Z,ZETA,1.3569,74.35,0.05404,1357.414201
2026-09-26T06:10:06.931Z,WIF,-1.8945,325.6,0.2445,1357.414201
2026-09-26T06:10:06.931Z,KSM,-0.0267,6370,4.694,1357.414201
2026-09-26T06:15:07.122Z,BTC,0.2323,114100000,83862.1,1357.414201
2026-09-26T06:15:07.122Z,XRP,0.2422,2108,1.5492,1357.414201
2026-09-26T06:15:07.122Z,SOL,0.2885,163700,120.25,1357.414201
2026-09-26T06:15:07.122Z,ETH,0.2508,3652000,2683.68,1357.414201
2026-09-26T06:15:07.122Z,FIL,0.5724,1443,1.057,1357.414201
2026-09-26T06:15:07.122Z,TRX,0.3192,458.8,0.33692,1357.414201
2026-09-26T06:15:07.122Z,BNB,0.2371,1050000,771.7,1357.414201
2026-09-26T06:15:07.122Z,WLD,-0.1629,648.6,0.4786,1357.414201
2026-09-26T06:15:07.122Z,FLOW,-0.6939,41.68,0.03092,1357.414201
2026-09-26T06:15:07.122Z,LINK,0.4417,19100,14.009,1357.414201
2026-09-26T06:15:07.122Z,DOGE,0.1524,132.4,0.09739,1357.414201
2026-09-26T06:15:07.122Z,SUI,0.1946,1571,1.1551,1357.414201
2026-09-26T06:15:07.122Z,XLM,0.4938,296.6,0.21743,1357.414201
2026-09-26T06:15:07.122Z,BCH,-0.0855,457600,337.4,1357.414201
2026-09-26T06:15:07.122Z,AVAX,0.2754,14450,10.616,1357.414201
2026-09-26T06:15:07.122Z,ETC,0.3479,12800,9.397,1357.414201
2026-09-26T06:15:07.122Z,AAVE,0.0733,209100,153.93,1357.414201
2026-09-26T06:15:07.122Z,ADA,0.3504,346.4,0.2543,1357.414201
2026-09-26T06:15:07.122Z,HYPE,0.0526,124300,91.523,1357.414201
2026-09-26T06:15:07.122Z,SEI,0.0916,98,0.07213,1357.414201
2026-09-26T06:15:07.122Z,HBAR,0.0352,126.8,0.09338,1357.414201
2026-09-26T06:15:07.122Z,ARB,0.7284,303.5,0.22197,1357.414201
2026-09-26T06:15:07.122Z,JTO,-0.639,776.2,0.5755,1357.414201
2026-09-26T06:15:07.122Z,ONDO,-0.3789,735.5,0.5439,1357.414201
2026-09-26T06:15:07.122Z,QTUM,-0.805,1399,1.039,1357.414201
2026-09-26T06:15:07.122Z,PYTH,-0.5517,99.26,0.07353,1357.414201
2026-09-26T06:15:07.122Z,APT,2.0901,1166,0.8414,1357.414201
2026-09-26T06:15:07.122Z,UNI,0.1802,13260,9.751,1357.414201
2026-09-26T06:15:07.122Z,TIA,0.6968,664.3,0.486,1357.414201
2026-09-26T06:15:07.122Z,ALGO,1.1489,157.8,0.11493,1357.414201
2026-09-26T06:15:07.122Z,NEAR,0.5953,6680,4.892,1357.414201
2026-09-26T06:15:07.122Z,ZIL,-4.6287,4.9,0.003785,1357.414201
2026-09-26T06:15:07.122Z,SUSHI,-2.706,348,0.2635,1357.414201
2026-09-26T06:15:07.122Z,PENDLE,-0.2781,3422,2.528,1357.414201
2026-09-26T06:15:07.122Z,XTZ,1.2414,444.3,0.3233,1357.414201
2026-09-26T06:15:07.122Z,W,-1.9766,16.45,0.012363,1357.414201
2026-09-26T06:15:07.122Z,AR,-3.8915,5855,4.488,1357.414201
2026-09-26T06:15:07.122Z,SHIB,1.2768,0.0081,0.000005892,1357.414201
2026-09-26T06:15:07.122Z,CELO,-0.0371,133.9,0.09868,1357.414201
2026-09-26T06:15:07.122Z,STX,-1.0982,439,0.327,1357.414201
2026-09-26T06:15:07.122Z,JUP,-0.8124,467.6,0.3473,1357.414201
2026-09-26T06:15:07.122Z,PEPE,-0.8264,0.006,0.000004457,1357.414201
2026-09-26T06:15:07.122Z,DYDX,1.6922,186.2,0.13489,1357.414201
2026-09-26T06:15:07.122Z,KITE,2.8488,189.7,0.13588,1357.414201
2026-09-26T06:15:07.122Z,CRV,1.0505,479.4,0.3495,1357.414201
2026-09-26T06:15:07.122Z,ENJ,1.401,40.88,0.0297,1357.414201
2026-09-26T06:15:07.122Z,ATOM,0.4435,2461,1.805,1357.414201
2026-09-26T06:15:07.122Z,ICP,2.1815,4426,3.191,1357.414201
2026-09-26T06:15:07.122Z,SPACE,-0.2649,6.807,0.005028,1357.414201
2026-09-26T06:15:07.122Z,DOT,0.5515,1669,1.2228,1357.414201
2026-09-26T06:15:07.122Z,ETHFI,-0.3012,972.5,0.7186,1357.414201
2026-09-26T06:15:07.122Z,CC,-0.4511,181.6,0.13439,1357.414201
2026-09-26T06:15:07.122Z,SYRUP,-1.5085,296.8,0.222,1357.414201
2026-09-26T06:15:07.122Z,TAO,-2.4788,410500,310.1,1357.414201
2026-09-26T06:15:07.122Z,GRAM,0.6528,1977,1.447,1357.414201
2026-09-26T06:15:07.122Z,RAY,5.93,2860,1.989,1357.414201
2026-09-26T06:15:07.122Z,RENDER,1.199,2621,1.908,1357.414201
2026-09-26T06:15:07.122Z,GRASS,-14.1273,610.8,0.524,1357.414201
2026-09-26T06:15:07.122Z,MINA,1.7315,192.5,0.1394,1357.414201
2026-09-26T06:15:07.122Z,POL,0.1146,161.5,0.11884,1357.414201
2026-09-26T06:15:07.122Z,ENA,-1.603,356.7,0.26706,1357.414201
2026-09-26T06:15:07.122Z,SAND,-0.5643,60.55,0.04486,1357.414201
2026-09-26T06:15:07.122Z,AERO,-2.4697,1187,0.8966,1357.414201
2026-09-26T06:15:07.122Z,KGEN,-1.8034,223,0.1673,1357.414201
2026-09-26T06:15:07.122Z,LIT,0.5561,6640,4.8646,1357.414201
2026-09-26T06:15:07.122Z,MANA,-3.1726,120,0.0913,1357.414201
2026-09-26T06:15:07.122Z,BAND,-5.67,284.9,0.2225,1357.414201
2026-09-26T06:15:07.122Z,APE,-0.0986,208.7,0.1539,1357.414201
2026-09-26T06:15:07.122Z,GMT,1.3677,12.11,0.008801,1357.414201
2026-09-26T06:15:07.122Z,VIRTUAL,1.1075,1062,0.7738,1357.414201
2026-09-26T06:15:07.122Z,LPT,-3.2152,2261,1.721,1357.414201
2026-09-26T06:15:07.122Z,DATA,0.1723,308.8,0.2271,1357.414201
2026-09-26T06:15:07.122Z,THETA,-3.8955,302,0.2315,1357.414201
2026-09-26T06:15:07.122Z,GRT,0.0944,37.5,0.0276,1357.414201
2026-09-26T06:15:07.122Z,LAYER,-2.8345,106.9,0.08105,1357.414201
2026-09-26T06:15:07.122Z,NMR,-0.0744,13130,9.68,1357.414201
2026-09-26T06:15:07.122Z,EIGEN,-8.4394,321.9,0.259,1357.414201
2026-09-26T06:15:07.122Z,BAT,0.1745,125.1,0.092,1357.414201
2026-09-26T06:15:07.122Z,SPK,-8.0255,30.7,0.02459,1357.414201
2026-09-26T06:15:07.122Z,PUMP,-14.7818,5.276,0.004561,1357.414201
2026-09-26T06:15:07.122Z,KMNO,-4.7155,55.5,0.04291,1357.414201
2026-09-26T06:15:07.122Z,CHZ,1.3739,22.65,0.01646,1357.414201
2026-09-26T06:15:07.122Z,PENGU,0.3956,13.82,0.010141,1357.414201
2026-09-26T06:15:07.122Z,OP,0.7075,194.8,0.1425,1357.414201
2026-09-26T06:15:07.122Z,UMA,0.0888,558.8,0.4113,1357.414201
2026-09-26T06:15:07.122Z,ZRO,-1.5176,2125,1.5896,1357.414201
2026-09-26T06:15:07.122Z,S,1.0701,56.03,0.04084,1357.414201
2026-09-26T06:15:07.122Z,IMX,-0.8383,216.9,0.16114,1357.414201
2026-09-26T06:15:07.122Z,A,0.5511,138.1,0.10118,1357.414201
2026-09-26T06:15:07.122Z,ATH,-1.5312,8.652,0.006473,1357.414201
2026-09-26T06:15:07.122Z,COMP,8.0919,34950,23.82,1357.414201
2026-09-26T06:15:07.122Z,CVX,-4.4852,2654,2.047,1357.414201
2026-09-26T06:15:07.122Z,AXS,-3.5414,1550,1.1838,1357.414201
2026-09-26T06:15:07.122Z,WCT,-0.3684,58.83,0.0435,1357.414201
2026-09-26T06:15:07.122Z,ME,0.977,106.2,0.07748,1357.414201
2026-09-26T06:15:07.122Z,ASTER,1.6969,1004,0.7273,1357.414201
2026-09-26T06:15:07.122Z,GMX,0.5399,11210,8.214,1357.414201
2026-09-26T06:15:07.122Z,MORPHO,3.3282,3810,2.7164,1357.414201
2026-09-26T06:15:07.122Z,MON,-2.128,35.02,0.02636,1357.414201
2026-09-26T06:15:07.122Z,1INCH,-2.0131,136.6,0.1027,1357.414201
2026-09-26T06:15:07.122Z,SKY,-1.2263,105.8,0.07891,1357.414201
2026-09-26T06:15:07.122Z,YGG,-1.8188,36.53,0.02741,1357.414201
2026-09-26T06:15:07.122Z,BIO,2.5858,45.02,0.03233,1357.414201
2026-09-26T06:15:07.122Z,MOVE,-3.8093,12.54,0.009604,1357.414201
2026-09-26T06:15:07.122Z,GALA,-9.8681,2.628,0.002148,1357.414201
2026-09-26T06:15:07.122Z,ZK,-1.3365,17.14,0.012798,1357.414201
2026-09-26T06:15:07.122Z,ENS,0.2214,9610,7.064,1357.414201
2026-09-26T06:15:07.122Z,INJ,4.4179,11040,7.789,1357.414201
2026-09-26T06:15:07.122Z,KAITO,-1.7467,480,0.3599,1357.414201
2026-09-26T06:15:07.122Z,LDO,-2.2951,650,0.4901,1357.414201
2026-09-26T06:15:07.122Z,BLUR,-0.192,28.18,0.0208,1357.414201
2026-09-26T06:15:07.122Z,AUCTION,-1.2775,5170,3.858,1357.414201
2026-09-26T06:15:07.122Z,ZETA,1.4695,74.35,0.05398,1357.414201
2026-09-26T06:15:07.122Z,WIF,-1.7338,325.6,0.2441,1357.414201
2026-09-26T06:15:07.122Z,KSM,-0.0906,6370,4.697,1357.414201
2026-09-26T06:20:07.172Z,BTC,0.1613,114038000,83875.9,1357.414201
2026-09-26T06:20:07.172Z,XRP,0.2011,2107,1.5491,1357.414201
2026-09-26T06:20:07.172Z,SOL,0.0744,163500,120.36,1357.414201
2026-09-26T06:20:07.172Z,ETH,0.2015,3652000,2685,1357.414201
2026-09-26T06:20:07.172Z,FIL,0.2377,1445,1.062,1357.414201
2026-09-26T06:20:07.172Z,TRX,0.3222,458.8,0.33691,1357.414201
2026-09-26T06:20:07.172Z,BNB,0.2241,1050000,771.8,1357.414201
2026-09-26T06:20:07.172Z,WLD,-0.2463,648.6,0.479,1357.414201
2026-09-26T06:20:07.172Z,FLOW,-1.2687,41.68,0.0311,1357.414201
2026-09-26T06:20:07.172Z,LINK,0.2913,19100,14.03,1357.414201
2026-09-26T06:20:07.172Z,DOGE,0.0254,132.3,0.09744,1357.414201
2026-09-26T06:20:07.172Z,SUI,0.0788,1570,1.1557,1357.414201
2026-09-26T06:20:07.172Z,XLM,0.1599,295.9,0.21764,1357.414201
2026-09-26T06:20:07.172Z,BCH,-0.1151,457600,337.5,1357.414201
2026-09-26T06:20:07.172Z,AVAX,0.266,14450,10.617,1357.414201
2026-09-26T06:20:07.172Z,ETC,0.2306,12800,9.408,1357.414201
2026-09-26T06:20:07.172Z,AAVE,-0.063,209100,154.14,1357.414201
2026-09-26T06:20:07.172Z,ADA,0.2715,346.4,0.2545,1357.414201
2026-09-26T06:20:07.172Z,HYPE,0.0811,124300,91.497,1357.414201
2026-09-26T06:20:07.172Z,SEI,0.05,98,0.07216,1357.414201
2026-09-26T06:20:07.172Z,HBAR,-0.1679,126.8,0.09357,1357.414201
2026-09-26T06:20:07.172Z,ARB,0.6513,303.5,0.22214,1357.414201
2026-09-26T06:20:07.172Z,JTO,-0.8114,776.2,0.5765,1357.414201
2026-09-26T06:20:07.172Z,ONDO,-0.0306,737.8,0.5437,1357.414201
2026-09-26T06:20:07.172Z,QTUM,-1.0621,1399,1.0417,1357.414201
2026-09-26T06:20:07.172Z,PYTH,-0.7137,99.26,0.07365,1357.414201
2026-09-26T06:20:07.172Z,APT,1.9205,1166,0.8428,1357.414201
2026-09-26T06:20:07.172Z,UNI,0.314,13260,9.738,1357.414201
2026-09-26T06:20:07.172Z,TIA,0.5107,664.3,0.4869,1357.414201
2026-09-26T06:20:07.172Z,ALGO,0.982,157.8,0.11512,1357.414201
2026-09-26T06:20:07.172Z,NEAR,0.2673,6680,4.908,1357.414201
2026-09-26T06:20:07.172Z,ZIL,-4.7042,4.9,0.003788,1357.414201
2026-09-26T06:20:07.172Z,SUSHI,-3.0371,348,0.2644,1357.414201
2026-09-26T06:20:07.172Z,PENDLE,-0.3569,3422,2.53,1357.414201
2026-09-26T06:20:07.172Z,XTZ,1.1788,444.3,0.3235,1357.414201
2026-09-26T06:20:07.172Z,W,-2.1112,16.45,0.01238,1357.414201
2026-09-26T06:20:07.172Z,AR,-4.0839,5855,4.497,1357.414201
2026-09-26T06:20:07.172Z,SHIB,1.2081,0.0081,0.000005896,1357.414201
2026-09-26T06:20:07.172Z,CELO,-0.2796,133.9,0.09892,1357.414201
2026-09-26T06:20:07.172Z,STX,-1.1888,439,0.3273,1357.414201
2026-09-26T06:20:07.172Z,JUP,-1.0404,467.6,0.3481,1357.414201
2026-09-26T06:20:07.172Z,PEPE,-0.9819,0.006,0.000004464,1357.414201
2026-09-26T06:20:07.172Z,DYDX,1.5416,186.2,0.13509,1357.414201
2026-09-26T06:20:07.172Z,KITE,2.5846,189.7,0.13623,1357.414201
2026-09-26T06:20:07.172Z,CRV,0.9638,479.4,0.3498,1357.414201
2026-09-26T06:20:07.172Z,ENJ,1.1625,40.88,0.02977,1357.414201
2026-09-26T06:20:07.172Z,ATOM,0.0003,2461,1.813,1357.414201
2026-09-26T06:20:07.172Z,ICP,2.0216,4426,3.196,1357.414201
2026-09-26T06:20:07.172Z,SPACE,-0.6403,6.807,0.005047,1357.414201
2026-09-26T06:20:07.172Z,DOT,0.2645,1669,1.2263,1357.414201
2026-09-26T06:20:07.172Z,ETHFI,-0.7707,972.5,0.722,1357.414201
2026-09-26T06:20:07.172Z,CC,-0.4955,181.6,0.13445,1357.414201
2026-09-26T06:20:07.172Z,SYRUP,-1.1076,296.8,0.2211,1357.414201
2026-09-26T06:20:07.172Z,TAO,-2.6671,410500,310.7,1357.414201
2026-09-26T06:20:07.172Z,GRAM,0.5833,1977,1.448,1357.414201
2026-09-26T06:20:07.172Z,RAY,5.898,2860,1.9896,1357.414201
2026-09-26T06:20:07.172Z,RENDER,0.8818,2621,1.914,1357.414201
2026-09-26T06:20:07.172Z,GRASS,-14.3724,610.8,0.5255,1357.414201
2026-09-26T06:20:07.172Z,MINA,1.6003,192.5,0.13958,1357.414201
2026-09-26T06:20:07.172Z,POL,-0.0704,161.5,0.11906,1357.414201
2026-09-26T06:20:07.172Z,ENA,-1.8529,356.7,0.26774,1357.414201
2026-09-26T06:20:07.172Z,SAND,-0.8075,60.55,0.04497,1357.414201
2026-09-26T06:20:07.172Z,AERO,-3.5135,1187,0.9063,1357.414201
2026-09-26T06:20:07.172Z,KGEN,-2.0376,223,0.1677,1357.414201
2026-09-26T06:20:07.172Z,LIT,0.3704,6640,4.8736,1357.414201
2026-09-26T06:20:07.172Z,MANA,-3.4792,120,0.09159,1357.414201
2026-09-26T06:20:07.172Z,BAND,-6.092,284.9,0.2235,1357.414201
2026-09-26T06:20:07.172Z,APE,-0.4866,208.7,0.1545,1357.414201
2026-09-26T06:20:07.172Z,GMT,0.8749,12.11,0.008844,1357.414201
2026-09-26T06:20:07.172Z,VIRTUAL,0.7949,1062,0.7762,1357.414201
2026-09-26T06:20:07.172Z,LPT,-3.5514,2261,1.727,1357.414201
2026-09-26T06:20:07.172Z,DATA,0.4377,308.8,0.2265,1357.414201
2026-09-26T06:20:07.172Z,THETA,-4.2677,302,0.2324,1357.414201
2026-09-26T06:20:07.172Z,GRT,-0.1949,37.5,0.02768,1357.414201
2026-09-26T06:20:07.172Z,LAYER,-2.9542,106.9,0.08115,1357.414201
2026-09-26T06:20:07.172Z,NMR,-0.2495,13130,9.697,1357.414201
2026-09-26T06:20:07.172Z,EIGEN,-8.8966,321.9,0.2603,1357.414201
2026-09-26T06:20:07.172Z,BAT,-0.1944,125.1,0.09234,1357.414201
2026-09-26T06:20:07.172Z,SPK,-7.9881,30.7,0.02458,1357.414201
2026-09-26T06:20:07.172Z,PUMP,-14.8938,5.276,0.004567,1357.414201
2026-09-26T06:20:07.172Z,KMNO,-4.8264,55.5,0.04296,1357.414201
2026-09-26T06:20:07.172Z,CHZ,1.0057,22.65,0.01652,1357.414201
2026-09-26T06:20:07.172Z,PENGU,0.2572,13.82,0.010155,1357.414201
2026-09-26T06:20:07.172Z,OP,0.4607,194.8,0.14285,1357.414201
2026-09-26T06:20:07.172Z,UMA,-0.2024,558.8,0.4125,1357.414201
2026-09-26T06:20:07.172Z,ZRO,-1.5733,2125,1.5905,1357.414201
2026-09-26T06:20:07.172Z,S,0.8971,56.03,0.04091,1357.414201
2026-09-26T06:20:07.172Z,IMX,-1.0471,216.9,0.16148,1357.414201
2026-09-26T06:20:07.172Z,A,0.3329,138.1,0.1014,1357.414201
2026-09-26T06:20:07.172Z,ATH,-0.8419,8.652,0.006428,1357.414201
2026-09-26T06:20:07.172Z,COMP,8.0465,34950,23.83,1357.414201
2026-09-26T06:20:07.172Z,CVX,-4.6715,2654,2.051,1357.414201
2026-09-26T06:20:07.172Z,AXS,-3.7203,1550,1.186,1357.414201
2026-09-26T06:20:07.172Z,WCT,-0.688,58.83,0.04364,1357.414201
2026-09-26T06:20:07.172Z,ME,0.6522,106.2,0.07773,1357.414201
2026-09-26T06:20:07.172Z,ASTER,1.4876,1004,0.7288,1357.414201
2026-09-26T06:20:07.172Z,GMX,0.4421,11210,8.222,1357.414201
2026-09-26T06:20:07.172Z,MORPHO,3.2142,3810,2.7194,1357.414201
2026-09-26T06:20:07.172Z,MON,-1.9047,35.02,0.0263,1357.414201
2026-09-26T06:20:07.172Z,1INCH,-2.0799,136.6,0.10277,1357.414201
2026-09-26T06:20:07.172Z,SKY,-1.8977,105.8,0.07945,1357.414201
2026-09-26T06:20:07.172Z,YGG,-2.3886,36.53,0.02757,1357.414201
2026-09-26T06:20:07.172Z,BIO,2.3642,45.02,0.0324,1357.414201
2026-09-26T06:20:07.172Z,MOVE,-4.6138,12.54,0.009685,1357.414201
2026-09-26T06:20:07.172Z,GALA,-10.1191,2.628,0.002154,1357.414201
2026-09-26T06:20:07.172Z,ZK,-1.9038,17.14,0.012872,1357.414201
2026-09-26T06:20:07.172Z,ENS,0.1505,9610,7.069,1357.414201
2026-09-26T06:20:07.172Z,INJ,4.3375,11040,7.795,1357.414201
2026-09-26T06:20:07.172Z,KAITO,-2.6663,480,0.3633,1357.414201
2026-09-26T06:20:07.172Z,LDO,-2.5932,650,0.4916,1357.414201
2026-09-26T06:20:07.172Z,BLUR,-0.622,28.18,0.02089,1357.414201
2026-09-26T06:20:07.172Z,AUCTION,-1.736,5170,3.876,1357.414201
2026-09-26T06:20:07.172Z,ZETA,1.432,74.35,0.054,1357.414201
2026-09-26T06:20:07.172Z,WIF,-1.9347,325.6,0.2446,1357.414201
2026-09-26T06:20:07.172Z,KSM,-0.6195,6370,4.722,1357.414201
2026-09-26T06:25:06.960Z,BTC,0.1513,114038000,83884.3,1357.414201
2026-09-26T06:25:06.960Z,XRP,0.2011,2107,1.5491,1357.414201
2026-09-26T06:25:06.960Z,SOL,0.116,163500,120.31,1357.414201
2026-09-26T06:25:06.960Z,ETH,0.2336,3652000,2684.14,1357.414201
2026-09-26T06:25:06.960Z,FIL,0.6357,1445,1.0578,1357.414201
2026-09-26T06:25:06.960Z,TRX,0.1592,458,0.33687,1357.414201
2026-09-26T06:25:06.960Z,BNB,0.2241,1050000,771.8,1357.414201
2026-09-26T06:25:06.960Z,WLD,-0.3919,648.6,0.4797,1357.414201
2026-09-26T06:25:06.960Z,FLOW,-1.2687,41.68,0.0311,1357.414201
2026-09-26T06:25:06.960Z,LINK,0.3414,19100,14.023,1357.414201
2026-09-26T06:25:06.960Z,DOGE,0.0562,132.3,0.09741,1357.414201
2026-09-26T06:25:06.960Z,SUI,0.0269,1570,1.1563,1357.414201
2026-09-26T06:25:06.960Z,XLM,0.1445,295.8,0.2176,1357.414201
2026-09-26T06:25:06.960Z,BCH,-0.2629,457600,338,1357.414201
2026-09-26T06:25:06.960Z,AVAX,0.4363,14450,10.599,1357.414201
2026-09-26T06:25:06.960Z,ETC,0.2199,12800,9.409,1357.414201
2026-09-26T06:25:06.960Z,AAVE,0.0928,209100,153.9,1357.414201
2026-09-26T06:25:06.960Z,ADA,0.3899,346.4,0.2542,1357.414201
2026-09-26T06:25:06.960Z,HYPE,-0.0009,124300,91.572,1357.414201
2026-09-26T06:25:06.960Z,SEI,0.0745,97.63,0.07187,1357.414201
2026-09-26T06:25:06.960Z,HBAR,-0.1572,126.8,0.09356,1357.414201
2026-09-26T06:25:06.960Z,ARB,0.5203,302.6,0.22177,1357.414201
2026-09-26T06:25:06.960Z,JTO,-0.7942,776.2,0.5764,1357.414201
2026-09-26T06:25:06.960Z,ONDO,-0.0566,741,0.5462,1357.414201
2026-09-26T06:25:06.960Z,QTUM,-0.8432,1399,1.0394,1357.414201
2026-09-26T06:25:06.960Z,PYTH,-0.7272,99.26,0.07366,1357.414201
2026-09-26T06:25:06.960Z,APT,1.6071,1166,0.8454,1357.414201
2026-09-26T06:25:06.960Z,UNI,0.4584,13260,9.724,1357.414201
2026-09-26T06:25:06.960Z,TIA,0.614,664.3,0.4864,1357.414201
2026-09-26T06:25:06.960Z,ALGO,1.1049,157.8,0.11498,1357.414201
2026-09-26T06:25:06.960Z,NEAR,-0.1256,6685,4.931,1357.414201
2026-09-26T06:25:06.960Z,ZIL,-4.5278,4.9,0.003781,1357.414201
2026-09-26T06:25:06.960Z,SUSHI,-2.7798,348,0.2637,1357.414201
2026-09-26T06:25:06.960Z,PENDLE,-0.2386,3422,2.527,1357.414201
2026-09-26T06:25:06.960Z,XTZ,1.3355,444.3,0.323,1357.414201
2026-09-26T06:25:06.960Z,W,-1.8576,16.45,0.012348,1357.414201
2026-09-26T06:25:06.960Z,AR,-3.9771,5855,4.492,1357.414201
2026-09-26T06:25:06.960Z,SHIB,1.2252,0.0081,0.000005895,1357.414201
2026-09-26T06:25:06.960Z,CELO,0.1965,133.9,0.09845,1357.414201
2026-09-26T06:25:06.960Z,STX,-1.1586,439,0.3272,1357.414201
2026-09-26T06:25:06.960Z,JUP,0.0314,472.8,0.3482,1357.414201
2026-09-26T06:25:06.960Z,PEPE,-1.0705,0.006,0.000004468,1357.414201
2026-09-26T06:25:06.960Z,DYDX,1.8281,186.2,0.13471,1357.414201
2026-09-26T06:25:06.960Z,KITE,2.8261,189.7,0.13591,1357.414201
2026-09-26T06:25:06.960Z,CRV,1.1953,479.4,0.349,1357.414201
2026-09-26T06:25:06.960Z,ENJ,1.3668,40.88,0.02971,1357.414201
2026-09-26T06:25:06.960Z,ATOM,0.1108,2461,1.811,1357.414201
2026-09-26T06:25:06.960Z,ICP,1.9578,4426,3.198,1357.414201
2026-09-26T06:25:06.960Z,SPACE,-0.6403,6.807,0.005047,1357.414201
2026-09-26T06:25:06.960Z,DOT,0.6997,1669,1.221,1357.414201
2026-09-26T06:25:06.960Z,ETHFI,-0.7157,972.5,0.7216,1357.414201
2026-09-26T06:25:06.960Z,CC,-1.0109,181.6,0.13515,1357.414201
2026-09-26T06:25:06.960Z,SYRUP,-1.197,296.8,0.2213,1357.414201
2026-09-26T06:25:06.960Z,TAO,-2.6984,410500,310.8,1357.414201
2026-09-26T06:25:06.960Z,GRAM,0.5138,1977,1.449,1357.414201
2026-09-26T06:25:06.960Z,RAY,6.1541,2860,1.9848,1357.414201
2026-09-26T06:25:06.960Z,RENDER,0.9345,2621,1.913,1357.414201
2026-09-26T06:25:06.960Z,GRASS,-14.2908,610.8,0.525,1357.414201
2026-09-26T06:25:06.960Z,MINA,1.6659,192.5,0.13949,1357.414201
2026-09-26T06:25:06.960Z,POL,-0.0872,161.5,0.11908,1357.414201
2026-09-26T06:25:06.960Z,ENA,-1.5477,356.7,0.26691,1357.414201
2026-09-26T06:25:06.960Z,SAND,-0.6528,60.55,0.0449,1357.414201
2026-09-26T06:25:06.960Z,AERO,-3.118,1187,0.9026,1357.414201
2026-09-26T06:25:06.960Z,KGEN,-2.0376,223,0.1677,1357.414201
2026-09-26T06:25:06.960Z,LIT,0.4055,6640,4.8719,1357.414201
2026-09-26T06:25:06.960Z,MANA,-3.2892,120,0.09141,1357.414201
2026-09-26T06:25:06.960Z,BAND,-5.9658,284.9,0.2232,1357.414201
2026-09-26T06:25:06.960Z,APE,-0.2283,208.7,0.1541,1357.414201
2026-09-26T06:25:06.960Z,GMT,0.9434,12.11,0.008838,1357.414201
2026-09-26T06:25:06.960Z,VIRTUAL,0.8599,1062,0.7757,1357.414201
2026-09-26T06:25:06.960Z,LPT,-3.663,2261,1.729,1357.414201
2026-09-26T06:25:06.960Z,DATA,0.3934,308.8,0.2266,1357.414201
2026-09-26T06:25:06.960Z,THETA,-4.0199,302,0.2318,1357.414201
2026-09-26T06:25:06.960Z,GRT,-0.1949,37.5,0.02768,1357.414201
2026-09-26T06:25:06.960Z,LAYER,-3.1571,106.9,0.08132,1357.414201
2026-09-26T06:25:06.960Z,NMR,-0.2392,13130,9.696,1357.414201
2026-09-26T06:25:06.960Z,EIGEN,-9.4186,321.9,0.2618,1357.414201
2026-09-26T06:25:06.960Z,BAT,-0.1619,125.1,0.09231,1357.414201
2026-09-26T06:25:06.960Z,SPK,-8.3238,30.7,0.02467,1357.414201
2026-09-26T06:25:06.960Z,PUMP,-15.2648,5.276,0.004587,1357.414201
2026-09-26T06:25:06.960Z,KMNO,-4.8929,55.5,0.04299,1357.414201
2026-09-26T06:25:06.960Z,CHZ,1.2508,22.65,0.01648,1357.414201
2026-09-26T06:25:06.960Z,PENGU,0.2375,13.82,0.010157,1357.414201
2026-09-26T06:25:06.960Z,OP,0.5734,194.8,0.14269,1357.414201
2026-09-26T06:25:06.960Z,UMA,-0.3232,558.8,0.413,1357.414201
2026-09-26T06:25:06.960Z,ZRO,-1.8264,2125,1.5946,1357.414201
2026-09-26T06:25:06.960Z,S,0.9465,56.03,0.04089,1357.414201
2026-09-26T06:25:06.960Z,IMX,-0.8137,216.9,0.1611,1357.414201
2026-09-26T06:25:06.960Z,A,0.561,138.1,0.10117,1357.414201
2026-09-26T06:25:06.960Z,ATH,-1.6831,8.652,0.006483,1357.414201
2026-09-26T06:25:06.960Z,COMP,8.0919,34950,23.82,1357.414201
2026-09-26T06:25:06.960Z,CVX,-4.5318,2654,2.048,1357.414201
2026-09-26T06:25:06.960Z,AXS,-3.4843,1550,1.1831,1357.414201
2026-09-26T06:25:06.960Z,WCT,-0.688,58.83,0.04364,1357.414201
2026-09-26T06:25:06.960Z,ME,0.6134,106.2,0.07776,1357.414201
2026-09-26T06:25:06.960Z,ASTER,1.4319,1004,0.7292,1357.414201
2026-09-26T06:25:06.960Z,GMX,0.491,11210,8.218,1357.414201
2026-09-26T06:25:06.960Z,MORPHO,3.3663,3810,2.7154,1357.414201
2026-09-26T06:25:06.960Z,MON,-1.8301,35.02,0.02628,1357.414201
2026-09-26T06:25:06.960Z,1INCH,-2.118,136.6,0.10281,1357.414201
2026-09-26T06:25:06.960Z,SKY,-1.7121,105.8,0.0793,1357.414201
2026-09-26T06:25:06.960Z,YGG,-2.2113,36.53,0.02752,1357.414201
2026-09-26T06:25:06.960Z,BIO,2.3326,45.02,0.03241,1357.414201
2026-09-26T06:25:06.960Z,MOVE,-4.3174,12.54,0.009655,1357.414201
2026-09-26T06:25:06.960Z,GALA,-10.1191,2.628,0.002154,1357.414201
2026-09-26T06:25:06.960Z,ZK,-1.8199,17.14,0.012861,1357.414201
2026-09-26T06:25:06.960Z,ENS,0.2072,9610,7.065,1357.414201
2026-09-26T06:25:06.960Z,INJ,4.2707,11040,7.8,1357.414201
2026-09-26T06:25:06.960Z,KAITO,-1.9375,480,0.3606,1357.414201
2026-09-26T06:25:06.960Z,LDO,-2.791,650,0.4926,1357.414201
2026-09-26T06:25:06.960Z,BLUR,-0.24,28.18,0.02081,1357.414201
2026-09-26T06:25:06.960Z,AUCTION,-1.5328,5170,3.868,1357.414201
2026-09-26T06:25:06.960Z,ZETA,2.3417,74.35,0.05352,1357.414201
2026-09-26T06:25:06.960Z,WIF,-1.9347,325.6,0.2446,1357.414201
2026-09-26T06:25:06.960Z,KSM,-0.4086,6370,4.712,1357.414201
2026-09-26T06:30:07.077Z,BTC,0.1786,114100000,83907,1357.414201
2026-09-26T06:30:07.077Z,XRP,0.125,2102,1.5466,1357.414201
2026-09-26T06:30:07.077Z,SOL,0.1577,163500,120.26,1357.414201
2026-09-26T06:30:07.077Z,ETH,0.1632,3649000,2683.82,1357.414201
2026-09-26T06:30:07.077Z,FIL,0.3132,1445,1.0612,1357.414201
2026-09-26T06:30:07.077Z,TRX,0.1592,458,0.33687,1357.414201
2026-09-26T06:30:07.077Z,BNB,0.2371,1050000,771.7,1357.414201
2026-09-26T06:30:07.077Z,WLD,0.0689,651.6,0.4797,1357.414201
2026-09-26T06:30:07.077Z,FLOW,-1.3955,41.68,0.03114,1357.414201
2026-09-26T06:30:07.077Z,LINK,0.5421,19100,13.995,1357.414201
2026-09-26T06:30:07.077Z,DOGE,0.1487,132.3,0.09732,1357.414201
2026-09-26T06:30:07.077Z,SUI,0.351,1571,1.1533,1357.414201
2026-09-26T06:30:07.077Z,XLM,0.2873,295.8,0.21729,1357.414201
2026-09-26T06:30:07.077Z,BCH,-0.2629,457600,338,1357.414201
2026-09-26T06:30:07.077Z,AVAX,0.6166,14450,10.58,1357.414201
2026-09-26T06:30:07.077Z,ETC,0.2946,12800,9.402,1357.414201
2026-09-26T06:30:07.077Z,AAVE,0.1254,209100,153.85,1357.414201
2026-09-26T06:30:07.077Z,ADA,0.5085,346.4,0.2539,1357.414201
2026-09-26T06:30:07.077Z,HYPE,-0.014,124300,91.584,1357.414201
2026-09-26T06:30:07.077Z,SEI,-0.1062,97.63,0.072,1357.414201
2026-09-26T06:30:07.077Z,HBAR,-0.1038,126.8,0.09351,1357.414201
2026-09-26T06:30:07.077Z,ARB,0.6232,302.5,0.22147,1357.414201
2026-09-26T06:30:07.077Z,JTO,-1.0517,776.2,0.5779,1357.414201
2026-09-26T06:30:07.077Z,ONDO,0.09,741,0.5454,1357.414201
2026-09-26T06:30:07.077Z,QTUM,-1.0526,1399,1.0416,1357.414201
2026-09-26T06:30:07.077Z,PYTH,-0.6463,99.26,0.0736,1357.414201
2026-09-26T06:30:07.077Z,APT,0.6924,1154,0.8443,1357.414201
2026-09-26T06:30:07.077Z,UNI,0.4687,13260,9.723,1357.414201
2026-09-26T06:30:07.077Z,TIA,0.6761,664.3,0.4861,1357.414201
2026-09-26T06:30:07.077Z,ALGO,1.1313,157.8,0.11495,1357.414201
2026-09-26T06:30:07.077Z,NEAR,0.4584,6720,4.928,1357.414201
2026-09-26T06:30:07.077Z,ZIL,-4.4773,4.9,0.003779,1357.414201
2026-09-26T06:30:07.077Z,SUSHI,-2.7798,348,0.2637,1357.414201
2026-09-26T06:30:07.077Z,PENDLE,-0.0805,3422,2.523,1357.414201
2026-09-26T06:30:07.077Z,XTZ,1.2414,444.3,0.3233,1357.414201
2026-09-26T06:30:07.077Z,W,-1.77,16.45,0.012337,1357.414201
2026-09-26T06:30:07.077Z,AR,-3.9129,5855,4.489,1357.414201
2026-09-26T06:30:07.077Z,SHIB,1.2424,0.0081,0.000005894,1357.414201
2026-09-26T06:30:07.077Z,CELO,0.105,133.9,0.09854,1357.414201
2026-09-26T06:30:07.077Z,STX,-1.0982,439,0.327,1357.414201
2026-09-26T06:30:07.077Z,JUP,0.2041,472.8,0.3476,1357.414201
2026-09-26T06:30:07.077Z,PEPE,-0.9597,0.006,0.000004463,1357.414201
2026-09-26T06:30:07.077Z,DYDX,1.7752,186.2,0.13478,1357.414201
2026-09-26T06:30:07.077Z,KITE,2.9322,189.7,0.13577,1357.414201
2026-09-26T06:30:07.077Z,CRV,1.1953,479.4,0.349,1357.414201
2026-09-26T06:30:07.077Z,ENJ,1.1965,40.88,0.02976,1357.414201
2026-09-26T06:30:07.077Z,ATOM,0.1108,2461,1.811,1357.414201
2026-09-26T06:30:07.077Z,ICP,1.7034,4426,3.206,1357.414201
2026-09-26T06:30:07.077Z,SPACE,-0.66,6.807,0.005048,1357.414201
2026-09-26T06:30:07.077Z,DOT,0.8732,1669,1.2189,1357.414201
2026-09-26T06:30:07.077Z,ETHFI,-0.3428,972.5,0.7189,1357.414201
2026-09-26T06:30:07.077Z,CC,-0.776,181.6,0.13483,1357.414201
2026-09-26T06:30:07.077Z,SYRUP,-1.4197,296.8,0.2218,1357.414201
2026-09-26T06:30:07.077Z,TAO,-2.4159,410500,309.9,1357.414201
2026-09-26T06:30:07.077Z,GRAM,0.5138,1977,1.449,1357.414201
2026-09-26T06:30:07.077Z,RAY,6.1541,2860,1.9848,1357.414201
2026-09-26T06:30:07.077Z,RENDER,1.0401,2621,1.911,1357.414201
2026-09-26T06:30:07.077Z,GRASS,-14.0945,610.8,0.5238,1357.414201
2026-09-26T06:30:07.077Z,MINA,1.8777,192.5,0.1392,1357.414201
2026-09-26T06:30:07.077Z,POL,-0.0368,161.5,0.11902,1357.414201
2026-09-26T06:30:07.077Z,ENA,-1.7428,356.7,0.26744,1357.414201
2026-09-26T06:30:07.077Z,SAND,-0.8075,60.55,0.04497,1357.414201
2026-09-26T06:30:07.077Z,AERO,-3.118,1187,0.9026,1357.414201
2026-09-26T06:30:07.077Z,KGEN,-1.9792,223,0.1676,1357.414201
2026-09-26T06:30:07.077Z,LIT,0.5913,6640,4.8629,1357.414201
2026-09-26T06:30:07.077Z,MANA,-3.4687,120,0.09158,1357.414201
2026-09-26T06:30:07.077Z,BAND,-6.4269,284.9,0.2243,1357.414201
2026-09-26T06:30:07.077Z,APE,-0.4544,208.7,0.15445,1357.414201
2026-09-26T06:30:07.077Z,GMT,0.7496,12.11,0.008855,1357.414201
2026-09-26T06:30:07.077Z,VIRTUAL,0.8339,1062,0.7759,1357.414201
2026-09-26T06:30:07.077Z,LPT,-3.5514,2261,1.727,1357.414201
2026-09-26T06:30:07.077Z,DATA,0.3048,308.8,0.2268,1357.414201
2026-09-26T06:30:07.077Z,THETA,-4.0613,302,0.2319,1357.414201
2026-09-26T06:30:07.077Z,GRT,-0.1949,37.5,0.02768,1357.414201
2026-09-26T06:30:07.077Z,LAYER,-3.4302,106.9,0.08155,1357.414201
2026-09-26T06:30:07.077Z,NMR,-0.0744,13130,9.68,1357.414201
2026-09-26T06:30:07.077Z,EIGEN,-9.3494,321.9,0.2616,1357.414201
2026-09-26T06:30:07.077Z,BAT,-0.828,125.1,0.09293,1357.414201
2026-09-26T06:30:07.077Z,SPK,-7.6876,30.7,0.0245,1357.414201
2026-09-26T06:30:07.077Z,PUMP,-15.3202,5.276,0.00459,1357.414201
2026-09-26T06:30:07.077Z,KMNO,-4.7599,55.5,0.04293,1357.414201
2026-09-26T06:30:07.077Z,CHZ,1.1281,22.65,0.0165,1357.414201
2026-09-26T06:30:07.077Z,PENGU,0.5245,13.82,0.010128,1357.414201
2026-09-26T06:30:07.077Z,OP,0.7287,194.8,0.14247,1357.414201
2026-09-26T06:30:07.077Z,UMA,-0.66,558.8,0.4144,1357.414201
2026-09-26T06:30:07.077Z,ZRO,-1.9248,2125,1.5962,1357.414201
2026-09-26T06:30:07.077Z,S,0.8971,56.03,0.04091,1357.414201
2026-09-26T06:30:07.077Z,IMX,-0.8875,216.9,0.16122,1357.414201
2026-09-26T06:30:07.077Z,A,0.3032,138.1,0.10143,1357.414201
2026-09-26T06:30:07.077Z,ATH,-1.8043,8.652,0.006491,1357.414201
2026-09-26T06:30:07.077Z,COMP,7.8655,34950,23.87,1357.414201
2026-09-26T06:30:07.077Z,CVX,-4.8107,2654,2.054,1357.414201
2026-09-26T06:30:07.077Z,AXS,-3.4762,1550,1.183,1357.414201
2026-09-26T06:30:07.077Z,WCT,-0.8244,58.83,0.0437,1357.414201
2026-09-26T06:30:07.077Z,ME,0.2011,106.2,0.07808,1357.414201
2026-09-26T06:30:07.077Z,ASTER,1.3624,1004,0.7297,1357.414201
2026-09-26T06:30:07.077Z,GMX,0.491,11210,8.218,1357.414201
2026-09-26T06:30:07.077Z,MORPHO,3.4005,3810,2.7145,1357.414201
2026-09-26T06:30:07.077Z,MON,-1.7553,35.02,0.02626,1357.414201
2026-09-26T06:30:07.077Z,1INCH,-2.1751,136.6,0.10287,1357.414201
2026-09-26T06:30:07.077Z,SKY,-1.4137,105.8,0.07906,1357.414201
2026-09-26T06:30:07.077Z,YGG,-2.7414,36.53,0.02767,1357.414201
2026-09-26T06:30:07.077Z,BIO,2.238,45.02,0.03244,1357.414201
2026-09-26T06:30:07.077Z,MOVE,-4.5152,12.54,0.009675,1357.414201
2026-09-26T06:30:07.077Z,GALA,-10.3273,2.628,0.002159,1357.414201
2026-09-26T06:30:07.077Z,ZK,-1.7282,17.14,0.012849,1357.414201
2026-09-26T06:30:07.077Z,ENS,0.2924,9610,7.059,1357.414201
2026-09-26T06:30:07.077Z,INJ,4.284,11040,7.799,1357.414201
2026-09-26T06:30:07.077Z,KAITO,-1.9103,480,0.3605,1357.414201
2026-09-26T06:30:07.077Z,LDO,-2.9879,650,0.4936,1357.414201
2026-09-26T06:30:07.077Z,BLUR,-0.5744,28.18,0.02088,1357.414201
2026-09-26T06:30:07.077Z,AUCTION,-1.6345,5170,3.872,1357.414201
2026-09-26T06:30:07.077Z,ZETA,2.3608,74.35,0.05351,1357.414201
2026-09-26T06:30:07.077Z,WIF,-1.8142,325.6,0.2443,1357.414201
2026-09-26T06:30:07.077Z,KSM,-0.5353,6370,4.718,1357.414201
2026-09-26T06:35:07.073Z,BTC,0.2317,114117000,83875.1,1357.414201
2026-09-26T06:35:07.073Z,XRP,0.2786,2104,1.5457,1357.414201
2026-09-26T06:35:07.073Z,SOL,0.1743,163500,120.24,1357.414201
2026-09-26T06:35:07.073Z,ETH,0.2762,3652000,2683,1357.414201
2026-09-26T06:35:07.073Z,FIL,0.0775,1445,1.0637,1357.414201
2026-09-26T06:35:07.073Z,TRX,0.1592,458,0.33687,1357.414201
2026-09-26T06:35:07.073Z,BNB,0.2241,1050000,771.8,1357.414201
2026-09-26T06:35:07.073Z,WLD,0.5937,655.7,0.4802,1357.414201
2026-09-26T06:35:07.073Z,FLOW,-1.4588,41.68,0.03116,1357.414201
2026-09-26T06:35:07.073Z,LINK,0.7293,19100,13.969,1357.414201
2026-09-26T06:35:07.073Z,DOGE,0.159,132.3,0.09731,1357.414201
2026-09-26T06:35:07.073Z,SUI,0.531,1573,1.1527,1357.414201
2026-09-26T06:35:07.073Z,XLM,0.2919,295.8,0.21728,1357.414201
2026-09-26T06:35:07.073Z,BCH,-0.3513,457600,338.3,1357.414201
2026-09-26T06:35:07.073Z,AVAX,0.6166,14450,10.58,1357.414201
2026-09-26T06:35:07.073Z,ETC,0.3693,12800,9.395,1357.414201
2026-09-26T06:35:07.073Z,AAVE,0.1189,209100,153.86,1357.414201
2026-09-26T06:35:07.073Z,ADA,0.5085,346.4,0.2539,1357.414201
2026-09-26T06:35:07.073Z,HYPE,0.0767,124300,91.501,1357.414201
2026-09-26T06:35:07.073Z,SEI,-0.7815,97.63,0.07249,1357.414201
2026-09-26T06:35:07.073Z,HBAR,-0.1786,126.8,0.09358,1357.414201
2026-09-26T06:35:07.073Z,ARB,0.5869,302.5,0.22155,1357.414201
2026-09-26T06:35:07.073Z,JTO,-0.0542,792.3,0.584,1357.414201
2026-09-26T06:35:07.073Z,ONDO,-0.02,741,0.546,1357.414201
2026-09-26T06:35:07.073Z,QTUM,-1.2612,1399,1.0438,1357.414201
2026-09-26T06:35:07.073Z,PYTH,-0.5923,99.26,0.07356,1357.414201
2026-09-26T06:35:07.073Z,APT,0.6805,1154,0.8444,1357.414201
2026-09-26T06:35:07.073Z,UNI,0.7589,13260,9.695,1357.414201
2026-09-26T06:35:07.073Z,TIA,0.552,664.3,0.4867,1357.414201
2026-09-26T06:35:07.073Z,ALGO,1.1841,157.8,0.11489,1357.414201
2026-09-26T06:35:07.073Z,NEAR,0.7574,6740,4.928,1357.414201
2026-09-26T06:35:07.073Z,ZIL,-4.553,4.9,0.003782,1357.414201
2026-09-26T06:35:07.073Z,SUSHI,-2.8166,348,0.2638,1357.414201
2026-09-26T06:35:07.073Z,PENDLE,0.0385,3422,2.52,1357.414201
2026-09-26T06:35:07.073Z,XTZ,1.2727,444.3,0.3232,1357.414201
2026-09-26T06:35:07.073Z,W,-1.778,16.45,0.012338,1357.414201
2026-09-26T06:35:07.073Z,AR,-3.9771,5855,4.492,1357.414201
2026-09-26T06:35:07.073Z,SHIB,1.1395,0.0081,0.0000059,1357.414201
2026-09-26T06:35:07.073Z,CELO,0.0441,133.9,0.0986,1357.414201
2026-09-26T06:35:07.073Z,STX,0.2271,449.1,0.3301,1357.414201
2026-09-26T06:35:07.073Z,JUP,0.5835,475,0.3479,1357.414201
2026-09-26T06:35:07.073Z,PEPE,-0.9597,0.006,0.000004463,1357.414201
2026-09-26T06:35:07.073Z,DYDX,1.7903,186.2,0.13476,1357.414201
2026-09-26T06:35:07.073Z,KITE,2.864,189.7,0.13586,1357.414201
2026-09-26T06:35:07.073Z,CRV,1.3405,479.4,0.3485,1357.414201
2026-09-26T06:35:07.073Z,ENJ,1.1965,40.88,0.02976,1357.414201
2026-09-26T06:35:07.073Z,ATOM,0.2214,2461,1.809,1357.414201
2026-09-26T06:35:07.073Z,ICP,2.0536,4426,3.195,1357.414201
2026-09-26T06:35:07.073Z,SPACE,-0.7583,6.807,0.005053,1357.414201
2026-09-26T06:35:07.073Z,DOT,0.535,1669,1.223,1357.414201
2026-09-26T06:35:07.073Z,ETHFI,-0.1762,972.5,0.7177,1357.414201
2026-09-26T06:35:07.073Z,CC,-1.4774,181.6,0.13579,1357.414201
2026-09-26T06:35:07.073Z,SYRUP,-1.197,296.8,0.2213,1357.414201
2026-09-26T06:35:07.073Z,TAO,-2.3844,410500,309.8,1357.414201
2026-09-26T06:35:07.073Z,GRAM,0.5138,1977,1.449,1357.414201
2026-09-26T06:35:07.073Z,RAY,6.1862,2860,1.9842,1357.414201
2026-09-26T06:35:07.073Z,RENDER,0.9873,2621,1.912,1357.414201
2026-09-26T06:35:07.073Z,GRASS,-13.8313,610.8,0.5222,1357.414201
2026-09-26T06:35:07.073Z,MINA,1.885,192.5,0.13919,1357.414201
2026-09-26T06:35:07.073Z,POL,0.1821,161.5,0.11876,1357.414201
2026-09-26T06:35:07.073Z,ENA,-1.1551,356.7,0.26585,1357.414201
2026-09-26T06:35:07.073Z,SAND,-0.8516,60.55,0.04499,1357.414201
2026-09-26T06:35:07.073Z,AERO,-2.7409,1187,0.8991,1357.414201
2026-09-26T06:35:07.073Z,KGEN,-1.862,223,0.1674,1357.414201
2026-09-26T06:35:07.073Z,LIT,0.583,6640,4.8633,1357.414201
2026-09-26T06:35:07.073Z,MANA,-3.4054,120,0.09152,1357.414201
2026-09-26T06:35:07.073Z,BAND,-6.2179,284.9,0.2238,1357.414201
2026-09-26T06:35:07.073Z,APE,-0.4092,208.7,0.15438,1357.414201
2026-09-26T06:35:07.073Z,GMT,0.8521,12.11,0.008846,1357.414201
2026-09-26T06:35:07.073Z,VIRTUAL,0.6652,1062,0.7772,1357.414201
2026-09-26T06:35:07.073Z,LPT,-3.7187,2261,1.73,1357.414201
2026-09-26T06:35:07.073Z,DATA,0.4377,308.8,0.2265,1357.414201
2026-09-26T06:35:07.073Z,THETA,-3.9785,302,0.2317,1357.414201
2026-09-26T06:35:07.073Z,GRT,-0.3389,37.5,0.02772,1357.414201
2026-09-26T06:35:07.073Z,LAYER,-3.1332,106.9,0.0813,1357.414201
2026-09-26T06:35:07.073Z,NMR,-0.4446,13130,9.716,1357.414201
2026-09-26T06:35:07.073Z,EIGEN,-9.2105,321.9,0.2612,1357.414201
2026-09-26T06:35:07.073Z,BAT,-0.4639,125.1,0.09259,1357.414201
2026-09-26T06:35:07.073Z,SPK,-7.461,30.7,0.02444,1357.414201
2026-09-26T06:35:07.073Z,PUMP,-15.024,5.276,0.004574,1357.414201
2026-09-26T06:35:07.073Z,KMNO,-5.1576,55.5,0.04311,1357.414201
2026-09-26T06:35:07.073Z,CHZ,0.9446,22.65,0.01653,1357.414201
2026-09-26T06:35:07.073Z,PENGU,0.3857,13.82,0.010142,1357.414201
2026-09-26T06:35:07.073Z,OP,0.3975,194.8,0.14294,1357.414201
2026-09-26T06:35:07.073Z,UMA,-0.564,558.8,0.414,1357.414201
2026-09-26T06:35:07.073Z,ZRO,-1.6352,2125,1.5915,1357.414201
2026-09-26T06:35:07.073Z,S,0.7986,56.03,0.04095,1357.414201
2026-09-26T06:35:07.073Z,IMX,-1.3221,216.9,0.16193,1357.414201
2026-09-26T06:35:07.073Z,A,0.422,138.1,0.10131,1357.414201
2026-09-26T06:35:07.073Z,ATH,-1.4399,8.652,0.006467,1357.414201
2026-09-26T06:35:07.073Z,COMP,7.8655,34950,23.87,1357.414201
2026-09-26T06:35:07.073Z,CVX,-5.088,2654,2.06,1357.414201
2026-09-26T06:35:07.073Z,AXS,-3.5414,1550,1.1838,1357.414201
2026-09-26T06:35:07.073Z,WCT,-0.847,58.83,0.04371,1357.414201
2026-09-26T06:35:07.073Z,ME,0.2524,106.2,0.07804,1357.414201
2026-09-26T06:35:07.073Z,ASTER,1.3624,1004,0.7297,1357.414201
2026-09-26T06:35:07.073Z,GMX,0.381,11210,8.227,1357.414201
2026-09-26T06:35:07.073Z,MORPHO,3.294,3810,2.7173,1357.414201
2026-09-26T06:35:07.073Z,MON,-1.8301,35.02,0.02628,1357.414201
2026-09-26T06:35:07.073Z,1INCH,-2.2131,136.6,0.10291,1357.414201
2026-09-26T06:35:07.073Z,SKY,-1.4636,105.8,0.0791,1357.414201
2026-09-26T06:35:07.073Z,YGG,-2.671,36.53,0.02765,1357.414201
2026-09-26T06:35:07.073Z,BIO,2.0806,45.02,0.03249,1357.414201
2026-09-26T06:35:07.073Z,MOVE,-4.8888,12.54,0.009713,1357.414201
2026-09-26T06:35:07.073Z,GALA,-10.4103,2.628,0.002161,1357.414201
2026-09-26T06:35:07.073Z,ZK,-1.8351,17.14,0.012863,1357.414201
2026-09-26T06:35:07.073Z,ENS,0.3066,9610,7.058,1357.414201
2026-09-26T06:35:07.073Z,INJ,4.3241,11040,7.796,1357.414201
2026-09-26T06:35:07.073Z,KAITO,-2.2087,480,0.3616,1357.414201
2026-09-26T06:35:07.073Z,LDO,-2.6526,650,0.4919,1357.414201
2026-09-26T06:35:07.073Z,BLUR,-0.2879,28.18,0.02082,1357.414201
2026-09-26T06:35:07.073Z,AUCTION,-1.6345,5170,3.872,1357.414201
2026-09-26T06:35:07.073Z,ZETA,1.6579,74.35,0.05388,1357.414201
2026-09-26T06:35:07.073Z,WIF,-1.9747,325.6,0.2447,1357.414201
2026-09-26T06:35:07.073Z,KSM,-0.8295,6370,4.732,1357.414201
2026-09-26T06:40:06.953Z,BTC,0.1992,114112000,83898.6,1357.414201
2026-09-26T06:40:06.953Z,XRP,0.1513,2105,1.5484,1357.414201
2026-09-26T06:40:06.953Z,SOL,0.0412,163500,120.4,1357.414201
2026-09-26T06:40:06.953Z,ETH,0.1544,3650000,2684.79,1357.414201
2026-09-26T06:40:06.953Z,FIL,-0.0953,1460,1.0766,1357.414201
2026-09-26T06:40:06.953Z,TRX,0.1562,458,0.33688,1357.414201
2026-09-26T06:40:06.953Z,BNB,0.1981,1050000,772,1357.414201
2026-09-26T06:40:06.953Z,WLD,0.0269,655.4,0.4827,1357.414201
2026-09-26T06:40:06.953Z,FLOW,-1.8682,41.68,0.03129,1357.414201
2026-09-26T06:40:06.953Z,LINK,0.5278,19100,13.997,1357.414201
2026-09-26T06:40:06.953Z,DOGE,-0.0157,132.3,0.09748,1357.414201
2026-09-26T06:40:06.953Z,SUI,-0.04,1568,1.1556,1357.414201
2026-09-26T06:40:06.953Z,XLM,0.126,295.8,0.21764,1357.414201
2026-09-26T06:40:06.953Z,BCH,-0.645,457600,339.3,1357.414201
2026-09-26T06:40:06.953Z,AVAX,0.3132,14450,10.612,1357.414201
2026-09-26T06:40:06.953Z,ETC,0.1561,12800,9.415,1357.414201
2026-09-26T06:40:06.953Z,AAVE,-0.0435,209100,154.11,1357.414201
2026-09-26T06:40:06.953Z,ADA,0.1535,346.4,0.2548,1357.414201
2026-09-26T06:40:06.953Z,HYPE,-0.0424,124300,91.61,1357.414201
2026-09-26T06:40:06.953Z,SEI,0.6992,99.21,0.07258,1357.414201
2026-09-26T06:40:06.953Z,HBAR,-0.5081,126.8,0.09389,1357.414201
2026-09-26T06:40:06.953Z,ARB,0.392,302.5,0.22198,1357.414201
2026-09-26T06:40:06.953Z,JTO,0.41,792.3,0.5813,1357.414201
2026-09-26T06:40:06.953Z,ONDO,0.191,742.7,0.5461,1357.414201
2026-09-26T06:40:06.953Z,QTUM,-1.2895,1399,1.0441,1357.414201
2026-09-26T06:40:06.953Z,PYTH,-0.6463,99.26,0.0736,1357.414201
2026-09-26T06:40:06.953Z,APT,0.3596,1154,0.8471,1357.414201
2026-09-26T06:40:06.953Z,UNI,0.3552,13260,9.734,1357.414201
2026-09-26T06:40:06.953Z,TIA,0.2225,664.3,0.4883,1357.414201
2026-09-26T06:40:06.953Z,ALGO,0.8943,157.8,0.11522,1357.414201
2026-09-26T06:40:06.953Z,NEAR,0.5737,6740,4.937,1357.414201
2026-09-26T06:40:06.953Z,ZIL,-4.7042,4.9,0.003788,1357.414201
2026-09-26T06:40:06.953Z,SUSHI,-3.147,348,0.2647,1357.414201
2026-09-26T06:40:06.953Z,PENDLE,0.0782,3422,2.519,1357.414201
2026-09-26T06:40:06.953Z,XTZ,1.1163,444.3,0.3237,1357.414201
2026-09-26T06:40:06.953Z,W,-2.0954,16.45,0.012378,1357.414201
2026-09-26T06:40:06.953Z,AR,-4.4663,5855,4.515,1357.414201
2026-09-26T06:40:06.953Z,SHIB,0.9512,0.0081,0.000005911,1357.414201
2026-09-26T06:40:06.953Z,CELO,0.3188,133.9,0.09833,1357.414201
2026-09-26T06:40:06.953Z,STX,0.4401,449.1,0.3294,1357.414201
2026-09-26T06:40:06.953Z,JUP,0.2665,475,0.349,1357.414201
2026-09-26T06:40:06.953Z,PEPE,-1.0484,0.006,0.000004467,1357.414201
2026-09-26T06:40:06.953Z,DYDX,1.3541,186.2,0.13534,1357.414201
2026-09-26T06:40:06.953Z,KITE,2.3067,189.7,0.1366,1357.414201
2026-09-26T06:40:06.953Z,CRV,1.0216,479.4,0.3496,1357.414201
2026-09-26T06:40:06.953Z,ENJ,1.0946,40.88,0.02979,1357.414201
2026-09-26T06:40:06.953Z,ATOM,0.1108,2461,1.811,1357.414201
2026-09-26T06:40:06.953Z,ICP,1.545,4426,3.211,1357.414201
2026-09-26T06:40:06.953Z,SPACE,-1.1301,6.807,0.005072,1357.414201
2026-09-26T06:40:06.953Z,DOT,0.0931,1669,1.2284,1357.414201
2026-09-26T06:40:06.953Z,ETHFI,-0.6468,972.5,0.7211,1357.414201
2026-09-26T06:40:06.953Z,CC,-2.0114,181.6,0.13653,1357.414201
2026-09-26T06:40:06.953Z,SYRUP,-1.4197,296.8,0.2218,1357.414201
2026-09-26T06:40:06.953Z,TAO,-2.5417,410500,310.3,1357.414201
2026-09-26T06:40:06.953Z,GRAM,0.4445,1977,1.45,1357.414201
2026-09-26T06:40:06.953Z,RAY,5.9566,2860,1.9885,1357.414201
2026-09-26T06:40:06.953Z,RENDER,0.8291,2621,1.915,1357.414201
2026-09-26T06:40:06.953Z,GRASS,-13.45,610.8,0.5199,1357.414201
2026-09-26T06:40:06.953Z,MINA,1.8411,192.5,0.13925,1357.414201
2026-09-26T06:40:06.953Z,POL,-0.171,161.5,0.11918,1357.414201
2026-09-26T06:40:06.953Z,ENA,-1.5514,356.7,0.26692,1357.414201
2026-09-26T06:40:06.953Z,SAND,-1.4213,60.55,0.04525,1357.414201
2026-09-26T06:40:06.953Z,AERO,-3.2681,1187,0.904,1357.414201
2026-09-26T06:40:06.953Z,KGEN,-1.6859,223,0.1671,1357.414201
2026-09-26T06:40:06.953Z,LIT,0.1526,6640,4.8842,1357.414201
2026-09-26T06:40:06.953Z,MANA,-3.7629,120,0.09186,1357.414201
2026-09-26T06:40:06.953Z,BAND,-6.3016,284.9,0.224,1357.414201
2026-09-26T06:40:06.953Z,APE,-0.7564,208.7,0.15492,1357.414201
2026-09-26T06:40:06.953Z,GMT,0.5339,12.11,0.008874,1357.414201
2026-09-26T06:40:06.953Z,VIRTUAL,0.2653,1062,0.7803,1357.414201
2026-09-26T06:40:06.953Z,LPT,-4.217,2261,1.739,1357.414201
2026-09-26T06:40:06.953Z,DATA,0.4377,308.8,0.2265,1357.414201
2026-09-26T06:40:06.953Z,THETA,-4.35,302,0.2326,1357.414201
2026-09-26T06:40:06.953Z,GRT,-0.5183,37.5,0.02777,1357.414201
2026-09-26T06:40:06.953Z,LAYER,-3.4894,106.9,0.0816,1357.414201
2026-09-26T06:40:06.953Z,NMR,-0.4036,13130,9.712,1357.414201
2026-09-26T06:40:06.953Z,EIGEN,-9.7633,321.9,0.2628,1357.414201
2026-09-26T06:40:06.953Z,BAT,-0.7105,125.1,0.09282,1357.414201
2026-09-26T06:40:06.953Z,SPK,-6.8895,30.7,0.02429,1357.414201
2026-09-26T06:40:06.953Z,PUMP,-15.3202,5.276,0.00459,1357.414201
2026-09-26T06:40:06.953Z,KMNO,-4.8929,55.5,0.04299,1357.414201
2026-09-26T06:40:06.953Z,CHZ,0.8226,22.65,0.01655,1357.414201
2026-09-26T06:40:06.953Z,PENGU,0.1094,13.82,0.01017,1357.414201
2026-09-26T06:40:06.953Z,OP,-0.0918,194.8,0.14364,1357.414201
2026-09-26T06:40:06.953Z,UMA,-0.6839,558.8,0.4145,1357.414201
2026-09-26T06:40:06.953Z,ZRO,-1.7031,2125,1.5926,1357.414201
2026-09-26T06:40:06.953Z,S,0.602,56.03,0.04103,1357.414201
2026-09-26T06:40:06.953Z,IMX,-1.7831,216.9,0.16269,1357.414201
2026-09-26T06:40:06.953Z,A,0.1748,138.1,0.10156,1357.414201
2026-09-26T06:40:06.953Z,ATH,-1.6679,8.652,0.006482,1357.414201
2026-09-26T06:40:06.953Z,COMP,7.685,34950,23.91,1357.414201
2026-09-26T06:40:06.953Z,CVX,-5.088,2654,2.06,1357.414201
2026-09-26T06:40:06.953Z,AXS,-3.7852,1550,1.1868,1357.414201
2026-09-26T06:40:06.953Z,WCT,-1.0959,58.83,0.04382,1357.414201
2026-09-26T06:40:06.953Z,ME,-0.0549,106.2,0.07828,1357.414201
2026-09-26T06:40:06.953Z,ASTER,1.3624,1004,0.7297,1357.414201
2026-09-26T06:40:06.953Z,GMX,0.4177,11210,8.224,1357.414201
2026-09-26T06:40:06.953Z,MORPHO,3.074,3810,2.7231,1357.414201
2026-09-26T06:40:06.953Z,MON,-1.8674,35.02,0.02629,1357.414201
2026-09-26T06:40:06.953Z,1INCH,-2.4406,136.6,0.10315,1357.414201
2026-09-26T06:40:06.953Z,SKY,-1.8235,105.8,0.07939,1357.414201
2026-09-26T06:40:06.953Z,YGG,-2.8467,36.53,0.0277,1357.414201
2026-09-26T06:40:06.953Z,BIO,1.705,45.02,0.03261,1357.414201
2026-09-26T06:40:06.953Z,MOVE,-5.5983,12.54,0.009786,1357.414201
2026-09-26T06:40:06.953Z,GALA,-11.0687,2.628,0.002177,1357.414201
2026-09-26T06:40:06.953Z,ZK,-1.9114,17.14,0.012873,1357.414201
2026-09-26T06:40:06.953Z,ENS,0.0938,9610,7.073,1357.414201
2026-09-26T06:40:06.953Z,INJ,4.1238,11040,7.811,1357.414201
2026-09-26T06:40:06.953Z,KAITO,-2.3167,480,0.362,1357.414201
2026-09-26T06:40:06.953Z,LDO,-3.4184,650,0.4958,1357.414201
2026-09-26T06:40:06.953Z,BLUR,-0.5744,28.18,0.02088,1357.414201
2026-09-26T06:40:06.953Z,AUCTION,-1.7107,5170,3.875,1357.414201
2026-09-26T06:40:06.953Z,ZETA,1.039,74.35,0.05421,1357.414201
2026-09-26T06:40:06.953Z,WIF,-2.3737,325.6,0.2457,1357.414201
2026-09-26T06:40:06.953Z,KSM,-0.8924,6370,4.735,1357.414201
2026-09-26T06:45:07.012Z,BTC,0.2252,114117000,83880.5,1357.414201
2026-09-26T06:45:07.012Z,XRP,0.1859,2106,1.5486,1357.414201
2026-09-26T06:45:07.012Z,SOL,0.0412,163500,120.4,1357.414201
2026-09-26T06:45:07.012Z,ETH,0.2595,3653000,2684.18,1357.414201
2026-09-26T06:45:07.012Z,FIL,0.2631,1470,1.0801,1357.414201
2026-09-26T06:45:07.012Z,TRX,0.1632,458.1,0.33693,1357.414201
2026-09-26T06:45:07.012Z,BNB,0.1852,1050000,772.1,1357.414201
2026-09-26T06:45:07.012Z,WLD,0.1385,654.5,0.4815,1357.414201
2026-09-26T06:45:07.012Z,FLOW,-1.4904,41.68,0.03117,1357.414201
2026-09-26T06:45:07.012Z,LINK,0.5493,19100,13.994,1357.414201
2026-09-26T06:45:07.012Z,DOGE,-0.0874,132.3,0.09755,1357.414201
2026-09-26T06:45:07.012Z,SUI,0.0781,1567,1.1535,1357.414201
2026-09-26T06:45:07.012Z,XLM,0.2384,296.2,0.21769,1357.414201
2026-09-26T06:45:07.012Z,BCH,-0.4396,457600,338.6,1357.414201
2026-09-26T06:45:07.012Z,AVAX,0.2849,14450,10.615,1357.414201
2026-09-26T06:45:07.012Z,ETC,0.0604,12800,9.424,1357.414201
2026-09-26T06:45:07.012Z,AAVE,-0.0565,209100,154.13,1357.414201
2026-09-26T06:45:07.012Z,ADA,0.2715,346.4,0.2545,1357.414201
2026-09-26T06:45:07.012Z,HYPE,-0.2025,124300,91.757,1357.414201
2026-09-26T06:45:07.012Z,SEI,0.5201,99.17,0.07268,1357.414201
2026-09-26T06:45:07.012Z,HBAR,-0.4869,126.8,0.09387,1357.414201
2026-09-26T06:45:07.012Z,ARB,0.4237,302.5,0.22191,1357.414201
2026-09-26T06:45:07.012Z,JTO,0.6004,792.3,0.5802,1357.414201
2026-09-26T06:45:07.012Z,ONDO,0.1177,742.7,0.5465,1357.414201
2026-09-26T06:45:07.012Z,QTUM,-1.1001,1399,1.0421,1357.414201
2026-09-26T06:45:07.012Z,PYTH,-0.5517,99.26,0.07353,1357.414201
2026-09-26T06:45:07.012Z,APT,0.4307,1154,0.8465,1357.414201
2026-09-26T06:45:07.012Z,UNI,-0.0157,13230,9.748,1357.414201
2026-09-26T06:45:07.012Z,TIA,0.2225,664.3,0.4883,1357.414201
2026-09-26T06:45:07.012Z,ALGO,1.0786,157.8,0.11501,1357.414201
2026-09-26T06:45:07.012Z,NEAR,0.4719,6740,4.942,1357.414201
2026-09-26T06:45:07.012Z,ZIL,-4.7294,4.9,0.003789,1357.414201
2026-09-26T06:45:07.012Z,SUSHI,-3.1104,348,0.2646,1357.414201
2026-09-26T06:45:07.012Z,PENDLE,-0.1991,3422,2.526,1357.414201
2026-09-26T06:45:07.012Z,XTZ,0.867,444.3,0.3245,1357.414201
2026-09-26T06:45:07.012Z,W,-1.9211,16.45,0.012356,1357.414201
2026-09-26T06:45:07.012Z,AR,-4.7405,5855,4.528,1357.414201
2026-09-26T06:45:07.012Z,SHIB,0.9,0.0081,0.000005914,1357.414201
2026-09-26T06:45:07.012Z,CELO,0.4311,133.9,0.09822,1357.414201
2026-09-26T06:45:07.012Z,STX,0.3671,450,0.3303,1357.414201
2026-09-26T06:45:07.012Z,JUP,-0.4466,475,0.3515,1357.414201
2026-09-26T06:45:07.012Z,PEPE,-1.2473,0.006,0.000004476,1357.414201
2026-09-26T06:45:07.012Z,DYDX,1.4215,186.2,0.13525,1357.414201
2026-09-26T06:45:07.012Z,KITE,2.3292,189.7,0.13657,1357.414201
2026-09-26T06:45:07.012Z,CRV,1.0505,479.4,0.3495,1357.414201
2026-09-26T06:45:07.012Z,ENJ,1.1286,40.88,0.02978,1357.414201
2026-09-26T06:45:07.012Z,ATOM,-0.2585,2479,1.831,1357.414201
2026-09-26T06:45:07.012Z,ICP,1.545,4426,3.211,1357.414201
2026-09-26T06:45:07.012Z,SPACE,-1.1885,6.807,0.005075,1357.414201
2026-09-26T06:45:07.012Z,DOT,0.0768,1669,1.2286,1357.414201
2026-09-26T06:45:07.012Z,ETHFI,-0.495,972.5,0.72,1357.414201
2026-09-26T06:45:07.012Z,CC,-2.4971,181.6,0.13721,1357.414201
2026-09-26T06:45:07.012Z,SYRUP,-1.3753,296.8,0.2217,1357.414201
2026-09-26T06:45:07.012Z,TAO,-2.5102,410500,310.2,1357.414201
2026-09-26T06:45:07.012Z,GRAM,0.5138,1977,1.449,1357.414201
2026-09-26T06:45:07.012Z,RAY,6.2773,2860,1.9825,1357.414201
2026-09-26T06:45:07.012Z,RENDER,0.7239,2621,1.917,1357.414201
2026-09-26T06:45:07.012Z,GRASS,-13.4667,610.8,0.52,1357.414201
2026-09-26T06:45:07.012Z,MINA,1.8484,192.5,0.13924,1357.414201
2026-09-26T06:45:07.012Z,POL,-0.1794,161.5,0.11919,1357.414201
2026-09-26T06:45:07.012Z,ENA,-1.3856,357.1,0.26677,1357.414201
2026-09-26T06:45:07.012Z,SAND,-1.1373,60.55,0.04512,1357.414201
2026-09-26T06:45:07.012Z,AERO,-3.726,1187,0.9083,1357.414201
2026-09-26T06:45:07.012Z,KGEN,-1.6859,223,0.1671,1357.414201
2026-09-26T06:45:07.012Z,LIT,0.1895,6640,4.8824,1357.414201
2026-09-26T06:45:07.012Z,MANA,-3.5108,120,0.09162,1357.414201
2026-09-26T06:45:07.012Z,BAND,-6.2179,284.9,0.2238,1357.414201
2026-09-26T06:45:07.012Z,APE,-0.6602,208.7,0.15477,1357.414201
2026-09-26T06:45:07.012Z,GMT,0.7382,12.11,0.008856,1357.414201
2026-09-26T06:45:07.012Z,VIRTUAL,0.3553,1062,0.7796,1357.414201
2026-09-26T06:45:07.012Z,LPT,-4.7101,2261,1.748,1357.414201
2026-09-26T06:45:07.012Z,DATA,0.4377,308.8,0.2265,1357.414201
2026-09-26T06:45:07.012Z,THETA,-4.35,302,0.2326,1357.414201
2026-09-26T06:45:07.012Z,GRT,-0.3029,37.5,0.02771,1357.414201
2026-09-26T06:45:07.012Z,LAYER,-3.0736,106.9,0.08125,1357.414201
2026-09-26T06:45:07.012Z,NMR,-0.4856,13130,9.72,1357.414201
2026-09-26T06:45:07.012Z,EIGEN,-10.0713,321.9,0.2637,1357.414201
2026-09-26T06:45:07.012Z,BAT,-0.4746,125.1,0.0926,1357.414201
2026-09-26T06:45:07.012Z,SPK,-7.0426,30.7,0.02433,1357.414201
2026-09-26T06:45:07.012Z,PUMP,-15.2648,5.276,0.004587,1357.414201
2026-09-26T06:45:07.012Z,KMNO,-5.2455,55.5,0.04315,1357.414201
2026-09-26T06:45:07.012Z,CHZ,0.8226,22.65,0.01655,1357.414201
2026-09-26T06:45:07.012Z,PENGU,0.2572,13.82,0.010155,1357.414201
2026-09-26T06:45:07.012Z,OP,0.0057,194.8,0.1435,1357.414201
2026-09-26T06:45:07.012Z,UMA,-0.6839,558.8,0.4145,1357.414201
2026-09-26T06:45:07.012Z,ZRO,-1.7648,2125,1.5936,1357.414201
2026-09-26T06:45:07.012Z,S,0.6265,56.03,0.04102,1357.414201
2026-09-26T06:45:07.012Z,IMX,-1.3648,216.9,0.162,1357.414201
2026-09-26T06:45:07.012Z,A,0.234,138.1,0.1015,1357.414201
2026-09-26T06:45:07.012Z,ATH,-1.516,8.652,0.006472,1357.414201
2026-09-26T06:45:07.012Z,COMP,7.5501,34950,23.94,1357.414201
2026-09-26T06:45:07.012Z,CVX,-5.134,2654,2.061,1357.414201
2026-09-26T06:45:07.012Z,AXS,-3.6309,1550,1.1849,1357.414201
2026-09-26T06:45:07.012Z,WCT,-1.1185,58.83,0.04383,1357.414201
2026-09-26T06:45:07.012Z,ME,0.5617,106.2,0.0778,1357.414201
2026-09-26T06:45:07.012Z,ASTER,1.293,1004,0.7302,1357.414201
2026-09-26T06:45:07.012Z,GMX,0.4421,11210,8.222,1357.414201
2026-09-26T06:45:07.012Z,MORPHO,3.2028,3810,2.7197,1357.414201
2026-09-26T06:45:07.012Z,MON,-2.0537,35.02,0.02634,1357.414201
2026-09-26T06:45:07.012Z,1INCH,-2.4879,136.6,0.1032,1357.414201
2026-09-26T06:45:07.012Z,SKY,-1.2889,105.8,0.07896,1357.414201
2026-09-26T06:45:07.012Z,YGG,-2.8116,36.53,0.02769,1357.414201
2026-09-26T06:45:07.012Z,BIO,1.7987,45.02,0.03258,1357.414201
2026-09-26T06:45:07.012Z,MOVE,-5.1232,12.54,0.009737,1357.414201
2026-09-26T06:45:07.012Z,GALA,-11.0279,2.628,0.002176,1357.414201
2026-09-26T06:45:07.012Z,ZK,-1.7435,17.14,0.012851,1357.414201
2026-09-26T06:45:07.012Z,ENS,0.1505,9610,7.069,1357.414201
2026-09-26T06:45:07.012Z,INJ,4.1772,11040,7.807,1357.414201
2026-09-26T06:45:07.012Z,KAITO,-2.3437,480,0.3621,1357.414201
2026-09-26T06:45:07.012Z,LDO,-3.7291,650,0.4974,1357.414201
2026-09-26T06:45:07.012Z,BLUR,-0.4791,28.18,0.02086,1357.414201
2026-09-26T06:45:07.012Z,AUCTION,-1.6091,5170,3.871,1357.414201
2026-09-26T06:45:07.012Z,ZETA,1.8848,74.35,0.05376,1357.414201
2026-09-26T06:45:07.012Z,WIF,-2.4531,325.6,0.2459,1357.414201
2026-09-26T06:45:07.012Z,KSM,-0.8924,6370,4.735,1357.414201
2026-09-26T06:50:06.950Z,BTC,0.184,114101000,83903.2,1357.414201
2026-09-26T06:50:06.950Z,XRP,0.143,2107,1.55,1357.414201
2026-09-26T06:50:06.950Z,SOL,0.0578,163500,120.38,1357.414201
2026-09-26T06:50:06.950Z,ETH,0.149,3651000,2685.67,1357.414201
2026-09-26T06:50:06.950Z,FIL,0.663,1476,1.0802,1357.414201
2026-09-26T06:50:06.950Z,TRX,0.1454,458.1,0.33699,1357.414201
2026-09-26T06:50:06.950Z,BNB,0.1852,1050000,772.1,1357.414201
2026-09-26T06:50:06.950Z,WLD,-0.0298,653.4,0.4815,1357.414201
2026-09-26T06:50:06.950Z,FLOW,-1.046,41.68,0.03103,1357.414201
2026-09-26T06:50:06.950Z,LINK,0.3914,19070,13.994,1357.414201
2026-09-26T06:50:06.950Z,DOGE,-0.0874,132.3,0.09755,1357.414201
2026-09-26T06:50:06.950Z,SUI,0.1072,1568,1.1539,1357.414201
2026-09-26T06:50:06.950Z,XLM,0.266,296.2,0.21763,1357.414201
2026-09-26T06:50:06.950Z,BCH,-0.3513,457600,338.3,1357.414201
2026-09-26T06:50:06.950Z,AVAX,-1.3578,14220,10.62,1357.414201
2026-09-26T06:50:06.950Z,ETC,-0.088,12800,9.438,1357.414201
2026-09-26T06:50:06.950Z,AAVE,-0.186,209100,154.33,1357.414201
2026-09-26T06:50:06.950Z,ADA,0.2715,346.4,0.2545,1357.414201
2026-09-26T06:50:06.950Z,HYPE,-0.1525,124300,91.711,1357.414201
2026-09-26T06:50:06.950Z,SEI,0.8114,99.17,0.07247,1357.414201
2026-09-26T06:50:06.950Z,HBAR,-0.3808,126.8,0.09377,1357.414201
2026-09-26T06:50:06.950Z,ARB,0.4056,302.5,0.22195,1357.414201
2026-09-26T06:50:06.950Z,JTO,0.9134,792.3,0.5784,1357.414201
2026-09-26T06:50:06.950Z,ONDO,0.3443,743.7,0.546,1357.414201
2026-09-26T06:50:06.950Z,QTUM,-1.1191,1399,1.0423,1357.414201
2026-09-26T06:50:06.950Z,PYTH,-0.6193,99.26,0.07358,1357.414201
2026-09-26T06:50:06.950Z,APT,0.4782,1154,0.8461,1357.414201
2026-09-26T06:50:06.950Z,UNI,0.1693,13230,9.73,1357.414201
2026-09-26T06:50:06.950Z,TIA,0.079,664.3,0.489,1357.414201
2026-09-26T06:50:06.950Z,ALGO,1.0346,157.8,0.11506,1357.414201
2026-09-26T06:50:06.950Z,NEAR,0.6283,6730,4.927,1357.414201
2026-09-26T06:50:06.950Z,ZIL,-4.5783,4.9,0.003783,1357.414201
2026-09-26T06:50:06.950Z,SUSHI,-3.0371,348,0.2644,1357.414201
2026-09-26T06:50:06.950Z,PENDLE,-0.0805,3422,2.523,1357.414201
2026-09-26T06:50:06.950Z,XTZ,0.867,444.3,0.3245,1357.414201
2026-09-26T06:50:06.950Z,W,-1.8893,16.45,0.012352,1357.414201
2026-09-26T06:50:06.950Z,AR,-4.8876,5855,4.535,1357.414201
2026-09-26T06:50:06.950Z,SHIB,1.0709,0.0081,0.000005904,1357.414201
2026-09-26T06:50:06.950Z,CELO,0.1863,133.9,0.09846,1357.414201
2026-09-26T06:50:06.950Z,STX,0.428,450,0.3301,1357.414201
2026-09-26T06:50:06.950Z,JUP,-0.2196,475,0.3507,1357.414201
2026-09-26T06:50:06.950Z,PEPE,-1.1811,0.006,0.000004473,1357.414201
2026-09-26T06:50:06.950Z,DYDX,1.4665,186.2,0.13519,1357.414201
2026-09-26T06:50:06.950Z,KITE,2.7959,189.7,0.13595,1357.414201
2026-09-26T06:50:06.950Z,CRV,1.0505,479.4,0.3495,1357.414201
2026-09-26T06:50:06.950Z,ENJ,1.0946,40.88,0.02979,1357.414201
2026-09-26T06:50:06.950Z,ATOM,0.1792,2479,1.823,1357.414201
2026-09-26T06:50:06.950Z,ICP,1.6083,4426,3.209,1357.414201
2026-09-26T06:50:06.950Z,SPACE,-1.2858,6.807,0.00508,1357.414201
2026-09-26T06:50:06.950Z,DOT,-0.1021,1669,1.2308,1357.414201
2026-09-26T06:50:06.950Z,ETHFI,-0.4812,972.5,0.7199,1357.414201
2026-09-26T06:50:06.950Z,CC,-2.5042,181.6,0.13722,1357.414201
2026-09-26T06:50:06.950Z,SYRUP,-1.4642,296.8,0.2219,1357.414201
2026-09-26T06:50:06.950Z,TAO,-2.6671,410500,310.7,1357.414201
2026-09-26T06:50:06.950Z,GRAM,0.4445,1977,1.45,1357.414201
2026-09-26T06:50:06.950Z,RAY,6.5406,2860,1.9776,1357.414201
2026-09-26T06:50:06.950Z,RENDER,0.5665,2621,1.92,1357.414201
2026-09-26T06:50:06.950Z,GRASS,-13.8642,610.8,0.5224,1357.414201
2026-09-26T06:50:06.950Z,MINA,1.907,192.5,0.13916,1357.414201
2026-09-26T06:50:06.950Z,POL,-0.3048,161.5,0.11934,1357.414201
2026-09-26T06:50:06.950Z,ENA,-1.5885,357.1,0.26732,1357.414201
2026-09-26T06:50:06.950Z,SAND,-0.9836,60.55,0.04505,1357.414201
2026-09-26T06:50:06.950Z,AERO,-3.8107,1187,0.9091,1357.414201
2026-09-26T06:50:06.950Z,KGEN,-1.568,223,0.1669,1357.414201
2026-09-26T06:50:06.950Z,LIT,0.1567,6640,4.884,1357.414201
2026-09-26T06:50:06.950Z,MANA,-3.5108,120,0.09162,1357.414201
2026-09-26T06:50:06.950Z,BAND,-6.2179,284.9,0.2238,1357.414201
2026-09-26T06:50:06.950Z,APE,-0.551,208.7,0.1546,1357.414201
2026-09-26T06:50:06.950Z,GMT,0.9548,12.11,0.008837,1357.414201
2026-09-26T06:50:06.950Z,VIRTUAL,0.381,1062,0.7794,1357.414201
2026-09-26T06:50:06.950Z,LPT,-4.601,2261,1.746,1357.414201
2026-09-26T06:50:06.950Z,DATA,0.3934,308.8,0.2266,1357.414201
2026-09-26T06:50:06.950Z,THETA,-4.1853,302,0.2322,1357.414201
2026-09-26T06:50:06.950Z,GRT,-0.2669,37.5,0.0277,1357.414201
2026-09-26T06:50:06.950Z,LAYER,-3.5603,106.9,0.08166,1357.414201
2026-09-26T06:50:06.950Z,NMR,-0.3933,13130,9.711,1357.414201
2026-09-26T06:50:06.950Z,EIGEN,-10.1054,321.9,0.2638,1357.414201
2026-09-26T06:50:06.950Z,BAT,-0.367,125.1,0.0925,1357.414201
2026-09-26T06:50:06.950Z,SPK,-6.9279,30.7,0.0243,1357.414201
2026-09-26T06:50:06.950Z,PUMP,-15.0426,5.276,0.004575,1357.414201
2026-09-26T06:50:06.950Z,KMNO,-5.5083,55.5,0.04327,1357.414201
2026-09-26T06:50:06.950Z,CHZ,0.9446,22.65,0.01653,1357.414201
2026-09-26T06:50:06.950Z,PENGU,0.4254,13.82,0.010138,1357.414201
2026-09-26T06:50:06.950Z,OP,0.0894,194.8,0.14338,1357.414201
2026-09-26T06:50:06.950Z,UMA,-0.4438,558.8,0.4135,1357.414201
2026-09-26T06:50:06.950Z,ZRO,-2.0782,2125,1.5987,1357.414201
2026-09-26T06:50:06.950Z,S,0.553,56.03,0.04105,1357.414201
2026-09-26T06:50:06.950Z,IMX,-1.2794,216.9,0.16186,1357.414201
2026-09-26T06:50:06.950Z,A,0.2637,138.1,0.10147,1357.414201
2026-09-26T06:50:06.950Z,ATH,-1.1188,8.652,0.006446,1357.414201
2026-09-26T06:50:06.950Z,COMP,7.5501,34950,23.94,1357.414201
2026-09-26T06:50:06.950Z,CVX,-5.226,2654,2.063,1357.414201
2026-09-26T06:50:06.950Z,AXS,-3.4435,1550,1.1826,1357.414201
2026-09-26T06:50:06.950Z,WCT,-1.2312,58.83,0.04388,1357.414201
2026-09-26T06:50:06.950Z,ME,0.4713,106.2,0.07787,1357.414201
2026-09-26T06:50:06.950Z,ASTER,1.2653,1004,0.7304,1357.414201
2026-09-26T06:50:06.950Z,GMX,0.3079,11210,8.233,1357.414201
2026-09-26T06:50:06.950Z,MORPHO,3.3472,3810,2.7159,1357.414201
2026-09-26T06:50:06.950Z,MON,-2.0537,35.02,0.02634,1357.414201
2026-09-26T06:50:06.950Z,1INCH,-2.4595,136.6,0.10317,1357.414201
2026-09-26T06:50:06.950Z,SKY,-1.3264,105.8,0.07899,1357.414201
2026-09-26T06:50:06.950Z,YGG,-2.7062,36.53,0.02766,1357.414201
2026-09-26T06:50:06.950Z,BIO,1.8612,45.02,0.03256,1357.414201
2026-09-26T06:50:06.950Z,MOVE,-5.1135,12.54,0.009736,1357.414201
2026-09-26T06:50:06.950Z,GALA,-10.905,2.628,0.002173,1357.414201
2026-09-26T06:50:06.950Z,ZK,-1.6822,17.14,0.012843,1357.414201
2026-09-26T06:50:06.950Z,ENS,0.1646,9610,7.068,1357.414201
2026-09-26T06:50:06.950Z,INJ,4.1371,11040,7.81,1357.414201
2026-09-26T06:50:06.950Z,KAITO,-2.5858,480,0.363,1357.414201
2026-09-26T06:50:06.950Z,LDO,-3.4962,650,0.4962,1357.414201
2026-09-26T06:50:06.950Z,BLUR,-0.3836,28.18,0.02084,1357.414201
2026-09-26T06:50:06.950Z,AUCTION,-1.5582,5170,3.869,1357.414201
2026-09-26T06:50:06.950Z,ZETA,1.9606,74.35,0.05372,1357.414201
2026-09-26T06:50:06.950Z,WIF,-2.3737,325.6,0.2457,1357.414201
2026-09-26T06:50:06.950Z,KSM,-0.8086,6370,4.731,1357.414201
2026-09-26T06:55:07.747Z,BTC,0.2037,114100000,83886,1357.414201
2026-09-26T06:55:07.747Z,XRP,0.1601,2106,1.549,1357.414201
2026-09-26T06:55:07.747Z,SOL,0.141,163500,120.28,1357.414201
2026-09-26T06:55:07.747Z,ETH,0.2302,3652000,2684.23,1357.414201
2026-09-26T06:55:07.747Z,FIL,0.3379,1476,1.0837,1357.414201
2026-09-26T06:55:07.747Z,TRX,0.1454,458.1,0.33699,1357.414201
2026-09-26T06:55:07.747Z,BNB,0.2111,1050000,771.9,1357.414201
2026-09-26T06:55:07.747Z,WLD,0.1004,653.3,0.4808,1357.414201
2026-09-26T06:55:07.747Z,FLOW,-0.192,42.27,0.0312,1357.414201
2026-09-26T06:55:07.747Z,LINK,0.3555,19070,13.999,1357.414201
2026-09-26T06:55:07.747Z,DOGE,0.0907,132.4,0.09745,1357.414201
2026-09-26T06:55:07.747Z,SUI,0.3597,1571,1.1532,1357.414201
2026-09-26T06:55:07.747Z,XLM,0.3214,296.2,0.21751,1357.414201
2026-09-26T06:55:07.747Z,BCH,-0.0262,457600,337.2,1357.414201
2026-09-26T06:55:07.747Z,AVAX,-1.209,14220,10.604,1357.414201
2026-09-26T06:55:07.747Z,ETC,-0.0351,12800,9.433,1357.414201
2026-09-26T06:55:07.747Z,AAVE,0.0668,209100,153.94,1357.414201
2026-09-26T06:55:07.747Z,ADA,0.3899,346.4,0.2542,1357.414201
2026-09-26T06:55:07.747Z,HYPE,-0.1111,124300,91.673,1357.414201
2026-09-26T06:55:07.747Z,SEI,0.1392,98.4,0.07239,1357.414201
2026-09-26T06:55:07.747Z,HBAR,-0.4127,126.8,0.0938,1357.414201
2026-09-26T06:55:07.747Z,ARB,0.6777,302.5,0.22135,1357.414201
2026-09-26T06:55:07.747Z,JTO,1.0182,792.3,0.5778,1357.414201
2026-09-26T06:55:07.747Z,ONDO,0.1981,741.8,0.5454,1357.414201
2026-09-26T06:55:07.747Z,QTUM,-0.9575,1399,1.0406,1357.414201
2026-09-26T06:55:07.747Z,PYTH,-0.4569,99.26,0.07346,1357.414201
2026-09-26T06:55:07.747Z,APT,0.6566,1154,0.8446,1357.414201
2026-09-26T06:55:07.747Z,UNI,0.386,13230,9.709,1357.414201
2026-09-26T06:55:07.747Z,TIA,0.2225,664.3,0.4883,1357.414201
2026-09-26T06:55:07.747Z,ALGO,0.9381,157.8,0.11517,1357.414201
2026-09-26T06:55:07.747Z,NEAR,0.6692,6730,4.925,1357.414201
2026-09-26T06:55:07.747Z,ZIL,-4.376,4.9,0.003775,1357.414201
2026-09-26T06:55:07.747Z,SUSHI,-2.9637,348,0.2642,1357.414201
2026-09-26T06:55:07.747Z,PENDLE,-0.1201,3422,2.524,1357.414201
2026-09-26T06:55:07.747Z,XTZ,0.7739,444.3,0.3248,1357.414201
2026-09-26T06:55:07.747Z,W,-1.9846,16.45,0.012364,1357.414201
2026-09-26T06:55:07.747Z,AR,-4.9086,5855,4.536,1357.414201
2026-09-26T06:55:07.747Z,SHIB,1.0881,0.0081,0.000005903,1357.414201
2026-09-26T06:55:07.747Z,CELO,0.1863,133.9,0.09846,1357.414201
2026-09-26T06:55:07.747Z,STX,0.3975,450,0.3302,1357.414201
2026-09-26T06:55:07.747Z,JUP,0.1517,475,0.3494,1357.414201
2026-09-26T06:55:07.747Z,PEPE,-0.9819,0.006,0.000004464,1357.414201
2026-09-26T06:55:07.747Z,DYDX,0.7585,186.2,0.13614,1357.414201
2026-09-26T06:55:07.747Z,KITE,2.9473,189.7,0.13575,1357.414201
2026-09-26T06:55:07.747Z,CRV,1.2243,479.4,0.3489,1357.414201
2026-09-26T06:55:07.747Z,ENJ,0.2533,40.88,0.03004,1357.414201
2026-09-26T06:55:07.747Z,ATOM,-0.5843,2479,1.837,1357.414201
2026-09-26T06:55:07.747Z,ICP,1.8305,4426,3.202,1357.414201
2026-09-26T06:55:07.747Z,SPACE,-1.1885,6.807,0.005075,1357.414201
2026-09-26T06:55:07.747Z,DOT,-0.1751,1669,1.2317,1357.414201
2026-09-26T06:55:07.747Z,ETHFI,-0.3012,972.5,0.7186,1357.414201
2026-09-26T06:55:07.747Z,CC,-2.7169,181.6,0.13752,1357.414201
2026-09-26T06:55:07.747Z,SYRUP,-1.4642,296.8,0.2219,1357.414201
2026-09-26T06:55:07.747Z,TAO,-2.5731,410500,310.4,1357.414201
2026-09-26T06:55:07.747Z,GRAM,0.3753,1977,1.451,1357.414201
2026-09-26T06:55:07.747Z,RAY,6.4599,2860,1.9791,1357.414201
2026-09-26T06:55:07.747Z,RENDER,0.5665,2621,1.92,1357.414201
2026-09-26T06:55:07.747Z,GRASS,-13.5664,610.8,0.5206,1357.414201
2026-09-26T06:55:07.747Z,MINA,2.1345,192.5,0.13885,1357.414201
2026-09-26T06:55:07.747Z,POL,-0.2129,161.5,0.11923,1357.414201
2026-09-26T06:55:07.747Z,ENA,-1.2301,357.1,0.26635,1357.414201
2026-09-26T06:55:07.747Z,SAND,-1.1153,60.55,0.04511,1357.414201
2026-09-26T06:55:07.747Z,AERO,-3.5455,1187,0.9066,1357.414201
2026-09-26T06:55:07.747Z,KGEN,-1.627,223,0.167,1357.414201
2026-09-26T06:55:07.747Z,LIT,0.5355,6640,4.8656,1357.414201
2026-09-26T06:55:07.747Z,MANA,-3.5003,120,0.09161,1357.414201
2026-09-26T06:55:07.747Z,BAND,-6.134,284.9,0.2236,1357.414201
2026-09-26T06:55:07.747Z,APE,-0.8076,208.7,0.155,1357.414201
2026-09-26T06:55:07.747Z,GMT,0.8065,12.11,0.00885,1357.414201
2026-09-26T06:55:07.747Z,VIRTUAL,0.5358,1062,0.7782,1357.414201
2026-09-26T06:55:07.747Z,LPT,-4.3819,2261,1.742,1357.414201
2026-09-26T06:55:07.747Z,DATA,0.3934,308.8,0.2266,1357.414201
2026-09-26T06:55:07.747Z,THETA,-4.2677,302,0.2324,1357.414201
2026-09-26T06:55:07.747Z,GRT,-0.2309,37.5,0.02769,1357.414201
2026-09-26T06:55:07.747Z,LAYER,-3.5485,106.9,0.08165,1357.414201
2026-09-26T06:55:07.747Z,NMR,-0.5776,13130,9.729,1357.414201
2026-09-26T06:55:07.747Z,EIGEN,-10.6136,321.9,0.2653,1357.414201
2026-09-26T06:55:07.747Z,BAT,-0.4531,125.1,0.09258,1357.414201
2026-09-26T06:55:07.747Z,SPK,-7.3852,30.7,0.02442,1357.414201
2026-09-26T06:55:07.747Z,PUMP,-14.7631,5.276,0.00456,1357.414201
2026-09-26T06:55:07.747Z,KMNO,-5.4864,55.5,0.04326,1357.414201
2026-09-26T06:55:07.747Z,CHZ,0.8835,22.65,0.01654,1357.414201
2026-09-26T06:55:07.747Z,PENGU,0.6935,13.82,0.010111,1357.414201
2026-09-26T06:55:07.747Z,OP,0.1103,194.8,0.14335,1357.414201
2026-09-26T06:55:07.747Z,UMA,-0.66,558.8,0.4144,1357.414201
2026-09-26T06:55:07.747Z,ZRO,-2.0782,2125,1.5987,1357.414201
2026-09-26T06:55:07.747Z,S,0.6265,56.03,0.04102,1357.414201
2026-09-26T06:55:07.747Z,IMX,-1.1573,216.9,0.16166,1357.414201
2026-09-26T06:55:07.747Z,A,0.3824,138.1,0.10135,1357.414201
2026-09-26T06:55:07.747Z,ATH,-0.9498,8.652,0.006435,1357.414201
2026-09-26T06:55:07.747Z,COMP,7.685,34950,23.91,1357.414201
2026-09-26T06:55:07.747Z,CVX,-5.0419,2654,2.059,1357.414201
2026-09-26T06:55:07.747Z,AXS,-3.6635,1550,1.1853,1357.414201
2026-09-26T06:55:07.747Z,WCT,-1.0508,58.83,0.0438,1357.414201
2026-09-26T06:55:07.747Z,ME,0.4971,106.2,0.07785,1357.414201
2026-09-26T06:55:07.747Z,ASTER,1.1683,1004,0.7311,1357.414201
2026-09-26T06:55:07.747Z,GMX,0.3079,11210,8.233,1357.414201
2026-09-26T06:55:07.747Z,MORPHO,3.412,3810,2.7142,1357.414201
2026-09-26T06:55:07.747Z,MON,-2.0165,35.02,0.02633,1357.414201
2026-09-26T06:55:07.747Z,1INCH,-2.469,136.6,0.10318,1357.414201
2026-09-26T06:55:07.747Z,SKY,-1.2263,105.8,0.07891,1357.414201
2026-09-26T06:55:07.747Z,YGG,-2.9168,36.53,0.02772,1357.414201
2026-09-26T06:55:07.747Z,BIO,1.8925,45.02,0.03255,1357.414201
2026-09-26T06:55:07.747Z,MOVE,-5.1037,12.54,0.009735,1357.414201
2026-09-26T06:55:07.747Z,GALA,-10.7407,2.628,0.002169,1357.414201
2026-09-26T06:55:07.747Z,ZK,-2.0483,17.14,0.012891,1357.414201
2026-09-26T06:55:07.747Z,ENS,0.2924,9610,7.059,1357.414201
2026-09-26T06:55:07.747Z,INJ,3.9375,11040,7.825,1357.414201
2026-09-26T06:55:07.747Z,KAITO,-2.4783,480,0.3626,1357.414201
2026-09-26T06:55:07.747Z,LDO,-3.6903,650,0.4972,1357.414201
2026-09-26T06:55:07.747Z,BLUR,-0.3836,28.18,0.02084,1357.414201
2026-09-26T06:55:07.747Z,AUCTION,-1.6599,5170,3.873,1357.414201
2026-09-26T06:55:07.747Z,ZETA,1.9417,74.35,0.05373,1357.414201
2026-09-26T06:55:07.747Z,WIF,-2.2942,325.6,0.2455,1357.414201
2026-09-26T06:55:07.747Z,KSM,-0.8086,6370,4.731,1357.414201
2026-09-26T07:00:06.944Z,BTC,0.2067,114090000,83876.1,1357.414201
2026-09-26T07:00:06.944Z,XRP,0.1989,2106,1.5484,1357.414201
2026-09-26T07:00:06.944Z,SOL,0.2856,163600,120.18,1357.414201
2026-09-26T07:00:06.944Z,ETH,0.2086,3652000,2684.81,1357.414201
2026-09-26T07:00:06.944Z,FIL,0.2259,1470,1.0805,1357.414201
2026-09-26T07:00:06.944Z,TRX,0.1543,458.1,0.33696,1357.414201
2026-09-26T07:00:06.944Z,BNB,0.2501,1050000,771.6,1357.414201
2026-09-26T07:00:06.944Z,WLD,0.1488,652.8,0.4802,1357.414201
2026-09-26T07:00:06.944Z,FLOW,-0.5427,42.27,0.03131,1357.414201
2026-09-26T07:00:06.944Z,LINK,0.4201,19070,13.99,1357.414201
2026-09-26T07:00:06.944Z,DOGE,0.1215,132.4,0.09742,1357.414201
2026-09-26T07:00:06.944Z,SUI,0.1705,1566,1.1517,1357.414201
2026-09-26T07:00:06.944Z,XLM,0.4368,296.2,0.21726,1357.414201
2026-09-26T07:00:06.944Z,BCH,0.0034,457600,337.1,1357.414201
2026-09-26T07:00:06.944Z,AVAX,-1.209,14220,10.604,1357.414201
2026-09-26T07:00:06.944Z,ETC,0.071,12800,9.423,1357.414201
2026-09-26T07:00:06.944Z,AAVE,0.0863,209100,153.91,1357.414201
2026-09-26T07:00:06.944Z,ADA,0.4689,346.4,0.254,1357.414201
2026-09-26T07:00:06.944Z,HYPE,-0.1242,124300,91.685,1357.414201
2026-09-26T07:00:06.944Z,SEI,0.5972,98.14,0.07187,1357.414201
2026-09-26T07:00:06.944Z,HBAR,-0.3489,126.8,0.09374,1357.414201
2026-09-26T07:00:06.944Z,ARB,0.6914,302.5,0.22132,1357.414201
2026-09-26T07:00:06.944Z,JTO,0.9658,792.3,0.5781,1357.414201
2026-09-26T07:00:06.944Z,ONDO,0.0041,742.4,0.5469,1357.414201
2026-09-26T07:00:06.944Z,QTUM,-1.0431,1399,1.0415,1357.414201
2026-09-26T07:00:06.944Z,PYTH,-0.3891,99.26,0.07341,1357.414201
2026-09-26T07:00:06.944Z,APT,0.6968,1152,0.8428,1357.414201
2026-09-26T07:00:06.944Z,UNI,0.4687,13230,9.701,1357.414201
2026-09-26T07:00:06.944Z,TIA,0.4075,664.3,0.4874,1357.414201
2026-09-26T07:00:06.944Z,ALGO,1.0961,157.8,0.11499,1357.414201
2026-09-26T07:00:06.944Z,NEAR,0.5875,6730,4.929,1357.414201
2026-09-26T07:00:06.944Z,ZIL,-4.4267,4.9,0.003777,1357.414201
2026-09-26T07:00:06.944Z,SUSHI,-2.8902,348,0.264,1357.414201
2026-09-26T07:00:06.944Z,PENDLE,-0.5142,3422,2.534,1357.414201
2026-09-26T07:00:06.944Z,XTZ,0.836,444.3,0.3246,1357.414201
2026-09-26T07:00:06.944Z,W,-2.0638,16.45,0.012374,1357.414201
2026-09-26T07:00:06.944Z,AR,-4.9295,5855,4.537,1357.414201
2026-09-26T07:00:06.944Z,SHIB,1.1566,0.0081,0.000005899,1357.414201
2026-09-26T07:00:06.944Z,CELO,0.0441,133.9,0.0986,1357.414201
2026-09-26T07:00:06.944Z,STX,0.5498,450,0.3297,1357.414201
2026-09-26T07:00:06.944Z,JUP,0.2952,475,0.3489,1357.414201
2026-09-26T07:00:06.944Z,PEPE,-0.7818,0.006,0.000004455,1357.414201
2026-09-26T07:00:06.944Z,DYDX,0.7585,186.2,0.13614,1357.414201
2026-09-26T07:00:06.944Z,KITE,3.412,189.7,0.13514,1357.414201
2026-09-26T07:00:06.944Z,CRV,1.2533,479.4,0.3488,1357.414201
2026-09-26T07:00:06.944Z,ENJ,0.2533,40.88,0.03004,1357.414201
2026-09-26T07:00:06.944Z,ATOM,0.0146,2479,1.826,1357.414201
2026-09-26T07:00:06.944Z,ICP,2.0536,4426,3.195,1357.414201
2026-09-26T07:00:06.944Z,SPACE,-1.1106,6.807,0.005071,1357.414201
2026-09-26T07:00:06.944Z,DOT,0.1176,1669,1.2281,1357.414201
2026-09-26T07:00:06.944Z,ETHFI,-0.4397,972.5,0.7196,1357.414201
2026-09-26T07:00:06.944Z,CC,-2.3904,181.6,0.13706,1357.414201
2026-09-26T07:00:06.944Z,SYRUP,-1.4197,296.8,0.2218,1357.414201
2026-09-26T07:00:06.944Z,TAO,-2.4788,410500,310.1,1357.414201
2026-09-26T07:00:06.944Z,GRAM,0.5138,1977,1.449,1357.414201
2026-09-26T07:00:06.944Z,RAY,6.5622,2860,1.9772,1357.414201
2026-09-26T07:00:06.944Z,RENDER,0.4096,2621,1.923,1357.414201
2026-09-26T07:00:06.944Z,GRASS,-13.45,610.8,0.5199,1357.414201
2026-09-26T07:00:06.944Z,MINA,2.245,192.5,0.1387,1357.414201
2026-09-26T07:00:06.944Z,POL,-0.0284,161.5,0.11901,1357.414201
2026-09-26T07:00:06.944Z,ENA,-1.1818,357.1,0.26622,1357.414201
2026-09-26T07:00:06.944Z,SAND,-0.9177,60.55,0.04502,1357.414201
2026-09-26T07:00:06.944Z,AERO,-3.6624,1187,0.9077,1357.414201
2026-09-26T07:00:06.944Z,KGEN,-1.8034,223,0.1673,1357.414201
2026-09-26T07:00:06.944Z,LIT,0.4467,6640,4.8699,1357.414201
2026-09-26T07:00:06.944Z,MANA,-3.4687,120,0.09158,1357.414201
2026-09-26T07:00:06.944Z,BAND,-6.2179,284.9,0.2238,1357.414201
2026-09-26T07:00:06.944Z,APE,-0.8524,208.7,0.15507,1357.414201
2026-09-26T07:00:06.944Z,GMT,1.4205,12.17,0.00884,1357.414201
2026-09-26T07:00:06.944Z,VIRTUAL,0.6522,1062,0.7773,1357.414201
2026-09-26T07:00:06.944Z,LPT,-4.6556,2261,1.747,1357.414201
2026-09-26T07:00:06.944Z,DATA,0.482,308.8,0.2264,1357.414201
2026-09-26T07:00:06.944Z,THETA,-4.144,302,0.2321,1357.414201
2026-09-26T07:00:06.944Z,GRT,-0.0866,37.5,0.02765,1357.414201
2026-09-26T07:00:06.944Z,LAYER,-3.371,106.9,0.0815,1357.414201
2026-09-26T07:00:06.944Z,NMR,-0.5367,13130,9.725,1357.414201
2026-09-26T07:00:06.944Z,EIGEN,-10.9493,321.9,0.2663,1357.414201
2026-09-26T07:00:06.944Z,BAT,-0.7853,125.1,0.09289,1357.414201
2026-09-26T07:00:06.944Z,SPK,-6.466,30.7,0.02418,1357.414201
2026-09-26T07:00:06.944Z,PUMP,-14.6508,5.276,0.004554,1357.414201
2026-09-26T07:00:06.944Z,KMNO,-5.4209,55.5,0.04323,1357.414201
2026-09-26T07:00:06.944Z,CHZ,0.4543,22.54,0.01653,1357.414201
2026-09-26T07:00:06.944Z,PENGU,0.8132,13.82,0.010099,1357.414201
2026-09-26T07:00:06.944Z,OP,0.4467,194.8,0.14287,1357.414201
2026-09-26T07:00:06.944Z,UMA,-0.8275,558.8,0.4151,1357.414201
2026-09-26T07:00:06.944Z,ZRO,-2.0598,2125,1.5984,1357.414201
2026-09-26T07:00:06.944Z,S,0.8478,56.03,0.04093,1357.414201
2026-09-26T07:00:06.944Z,IMX,-1.2733,216.9,0.16185,1357.414201
2026-09-26T07:00:06.944Z,A,0.3725,138.1,0.10136,1357.414201
2026-09-26T07:00:06.944Z,ATH,-0.7647,8.652,0.006423,1357.414201
2026-09-26T07:00:06.944Z,COMP,7.7752,34950,23.89,1357.414201
2026-09-26T07:00:06.944Z,CVX,-5.134,2654,2.061,1357.414201
2026-09-26T07:00:06.944Z,AXS,-3.6391,1550,1.185,1357.414201
2026-09-26T07:00:06.944Z,WCT,-0.983,58.83,0.04377,1357.414201
2026-09-26T07:00:06.944Z,ME,0.2653,106.2,0.07803,1357.414201
2026-09-26T07:00:06.944Z,ASTER,1.1545,1004,0.7312,1357.414201
2026-09-26T07:00:06.944Z,GMX,0.4421,11210,8.222,1357.414201
2026-09-26T07:00:06.944Z,MORPHO,3.4882,3810,2.7122,1357.414201
2026-09-26T07:00:06.944Z,MON,-2.0537,35.02,0.02634,1357.414201
2026-09-26T07:00:06.944Z,1INCH,-2.3744,136.6,0.10308,1357.414201
2026-09-26T07:00:06.944Z,SKY,-0.9879,105.8,0.07872,1357.414201
2026-09-26T07:00:06.944Z,YGG,-3.1265,36.53,0.02778,1357.414201
2026-09-26T07:00:06.944Z,BIO,2.0492,45.02,0.0325,1357.414201
2026-09-26T07:00:06.944Z,MOVE,-4.9768,12.54,0.009722,1357.414201
2026-09-26T07:00:06.944Z,GALA,-10.6171,2.628,0.002166,1357.414201
2026-09-26T07:00:06.944Z,ZK,-2.0635,17.14,0.012893,1357.414201
2026-09-26T07:00:06.944Z,ENS,0.3777,9610,7.053,1357.414201
2026-09-26T07:00:06.944Z,INJ,3.8711,11040,7.83,1357.414201
2026-09-26T07:00:06.944Z,KAITO,-2.8,480,0.3638,1357.414201
2026-09-26T07:00:06.944Z,LDO,-3.3989,650,0.4957,1357.414201
2026-09-26T07:00:06.944Z,BLUR,-0.192,28.18,0.0208,1357.414201
2026-09-26T07:00:06.944Z,AUCTION,-1.7614,5170,3.877,1357.414201
2026-09-26T07:00:06.944Z,ZETA,1.8658,74.35,0.05377,1357.414201
2026-09-26T07:00:06.944Z,WIF,-2.2145,325.6,0.2453,1357.414201
2026-09-26T07:00:06.944Z,KSM,-0.7036,6370,4.726,1357.414201
2026-09-26T07:05:06.980Z,BTC,0.1573,114135000,83950.6,1357.414201
2026-09-26T07:05:06.980Z,XRP,0.1821,2110,1.5516,1357.414201
2026-09-26T07:05:06.980Z,SOL,0.144,163600,120.35,1357.414201
2026-09-26T07:05:06.980Z,ETH,0.1767,3655000,2687.87,1357.414201
2026-09-26T07:05:06.980Z,FIL,-0.2138,1471,1.086,1357.414201
2026-09-26T07:05:06.980Z,TRX,0.1483,458.1,0.33698,1357.414201
2026-09-26T07:05:06.980Z,BNB,0.1333,1050000,772.5,1357.414201
2026-09-26T07:05:06.980Z,WLD,-0.0801,652.8,0.4813,1357.414201
2026-09-26T07:05:06.980Z,FLOW,-0.5427,42.27,0.03131,1357.414201
2026-09-26T07:05:06.980Z,LINK,0.0197,19070,14.046,1357.414201
2026-09-26T07:05:06.980Z,DOGE,0.0813,132.7,0.09768,1357.414201
2026-09-26T07:05:06.980Z,SUI,0.1599,1571,1.1555,1357.414201
2026-09-26T07:05:06.980Z,XLM,-0.0081,295.2,0.21749,1357.414201
2026-09-26T07:05:06.980Z,BCH,-0.3218,457600,338.2,1357.414201
2026-09-26T07:05:06.980Z,AVAX,-0.0165,14450,10.647,1357.414201
2026-09-26T07:05:06.980Z,ETC,-0.0032,12800,9.43,1357.414201
2026-09-26T07:05:06.980Z,AAVE,-0.1925,209100,154.34,1357.414201
2026-09-26T07:05:06.980Z,ADA,0.2715,346.4,0.2545,1357.414201
2026-09-26T07:05:06.980Z,HYPE,-0.2677,124300,91.817,1357.414201
2026-09-26T07:05:06.980Z,SEI,-0.1943,98.14,0.07244,1357.414201
2026-09-26T07:05:06.980Z,HBAR,-0.5505,126.8,0.09393,1357.414201
2026-09-26T07:05:06.980Z,ARB,0.4282,302.5,0.2219,1357.414201
2026-09-26T07:05:06.980Z,JTO,0.896,792.3,0.5785,1357.414201
2026-09-26T07:05:06.980Z,ONDO,-0.3785,742.4,0.549,1357.414201
2026-09-26T07:05:06.980Z,QTUM,-1.45,1399,1.0458,1357.414201
2026-09-26T07:05:06.980Z,PYTH,-0.7137,99.26,0.07365,1357.414201
2026-09-26T07:05:06.980Z,APT,0.5536,1152,0.844,1357.414201
2026-09-26T07:05:06.980Z,UNI,-0.1181,13230,9.758,1357.414201
2026-09-26T07:05:06.980Z,TIA,0.243,664.3,0.4882,1357.414201
2026-09-26T07:05:06.980Z,ALGO,0.9206,157.8,0.11519,1357.414201
2026-09-26T07:05:06.980Z,NEAR,0.4448,6730,4.936,1357.414201
2026-09-26T07:05:06.980Z,ZIL,-4.679,4.9,0.003787,1357.414201
2026-09-26T07:05:06.980Z,SUSHI,-3.3661,348,0.2653,1357.414201
2026-09-26T07:05:06.980Z,PENDLE,-1.1384,3422,2.55,1357.414201
2026-09-26T07:05:06.980Z,XTZ,0.6499,444.3,0.3252,1357.414201
2026-09-26T07:05:06.980Z,W,-2.5285,16.45,0.012433,1357.414201
2026-09-26T07:05:06.980Z,AR,-5.0551,5855,4.543,1357.414201
2026-09-26T07:05:06.980Z,SHIB,0.9171,0.0081,0.000005913,1357.414201
2026-09-26T07:05:06.980Z,CELO,-0.0776,133.9,0.09872,1357.414201
2026-09-26T07:05:06.980Z,STX,0.6108,450,0.3295,1357.414201
2026-09-26T07:05:06.980Z,JUP,-0.3332,475,0.3511,1357.414201
2026-09-26T07:05:06.980Z,PEPE,-1.0262,0.006,0.000004466,1357.414201
2026-09-26T07:05:06.980Z,DYDX,0.1772,186.2,0.13693,1357.414201
2026-09-26T07:05:06.980Z,KITE,3.458,189.7,0.13508,1357.414201
2026-09-26T07:05:06.980Z,CRV,0.7622,479.4,0.3505,1357.414201
2026-09-26T07:05:06.980Z,ENJ,0.3535,40.88,0.03001,1357.414201
2026-09-26T07:05:06.980Z,ATOM,0.3443,2479,1.82,1357.414201
2026-09-26T07:05:06.980Z,ICP,1.167,4426,3.223,1357.414201
2026-09-26T07:05:06.980Z,SPACE,-1.2858,6.807,0.00508,1357.414201
2026-09-26T07:05:06.980Z,DOT,-0.0208,1669,1.2298,1357.414201
2026-09-26T07:05:06.980Z,ETHFI,-1.1949,972.5,0.7251,1357.414201
2026-09-26T07:05:06.980Z,CC,0.4972,188.5,0.13818,1357.414201
2026-09-26T07:05:06.980Z,SYRUP,-1.6857,296.8,0.2224,1357.414201
2026-09-26T07:05:06.980Z,TAO,-2.7923,410500,311.1,1357.414201
2026-09-26T07:05:06.980Z,GRAM,0.3753,1977,1.451,1357.414201
2026-09-26T07:05:06.980Z,RAY,6.1007,2860,1.9858,1357.414201
2026-09-26T07:05:06.980Z,RENDER,0.0454,2621,1.93,1357.414201
2026-09-26T07:05:06.980Z,GRASS,-13.6825,610.8,0.5213,1357.414201
2026-09-26T07:05:06.980Z,MINA,1.9949,192.5,0.13904,1357.414201
2026-09-26T07:05:06.980Z,POL,0.2665,161.5,0.11866,1357.414201
2026-09-26T07:05:06.980Z,ENA,-1.4373,357.1,0.26691,1357.414201
2026-09-26T07:05:06.980Z,SAND,-1.1153,60.55,0.04511,1357.414201
2026-09-26T07:05:06.980Z,AERO,-4.3996,1187,0.9147,1357.414201
2026-09-26T07:05:06.980Z,KGEN,-1.6859,223,0.1671,1357.414201
2026-09-26T07:05:06.980Z,LIT,-0.264,6640,4.9046,1357.414201
2026-09-26T07:05:06.980Z,MANA,-3.637,120,0.09174,1357.414201
2026-09-26T07:05:06.980Z,BAND,-6.3852,284.9,0.2242,1357.414201
2026-09-26T07:05:06.980Z,APE,-1.0311,208.7,0.15535,1357.414201
2026-09-26T07:05:06.980Z,GMT,1.0775,12.17,0.00887,1357.414201
2026-09-26T07:05:06.980Z,VIRTUAL,-0.0166,1062,0.7825,1357.414201
2026-09-26T07:05:06.980Z,LPT,-4.4916,2261,1.744,1357.414201
2026-09-26T07:05:06.980Z,DATA,0.7045,308.8,0.2259,1357.414201
2026-09-26T07:05:06.980Z,THETA,-4.3089,302,0.2325,1357.414201
2026-09-26T07:05:06.980Z,GRT,-0.3389,37.5,0.02772,1357.414201
2026-09-26T07:05:06.980Z,LAYER,-3.4657,106.9,0.08158,1357.414201
2026-09-26T07:05:06.980Z,NMR,-0.5572,13130,9.727,1357.414201
2026-09-26T07:05:06.980Z,EIGEN,-11.0828,321.9,0.2667,1357.414201
2026-09-26T07:05:06.980Z,BAT,-1.2636,125.1,0.09334,1357.414201
2026-09-26T07:05:06.980Z,SPK,-7.0044,30.7,0.02432,1357.414201
2026-09-26T07:05:06.980Z,PUMP,-15.024,5.276,0.004574,1357.414201
2026-09-26T07:05:06.980Z,KMNO,-5.4427,55.5,0.04324,1357.414201
2026-09-26T07:05:06.980Z,CHZ,0.2118,22.54,0.01657,1357.414201
2026-09-26T07:05:06.980Z,PENGU,0.3462,13.82,0.010146,1357.414201
2026-09-26T07:05:06.980Z,OP,0.1592,194.8,0.14328,1357.414201
2026-09-26T07:05:06.980Z,UMA,-1.0421,558.8,0.416,1357.414201
2026-09-26T07:05:06.980Z,ZRO,-2.3835,2125,1.6037,1357.414201
2026-09-26T07:05:06.980Z,S,0.553,56.03,0.04105,1357.414201
2026-09-26T07:05:06.980Z,IMX,-1.5713,216.9,0.16234,1357.414201
2026-09-26T07:05:06.980Z,A,0.1354,138.1,0.1016,1357.414201
2026-09-26T07:05:06.980Z,ATH,-0.7956,8.652,0.006425,1357.414201
2026-09-26T07:05:06.980Z,COMP,7.4603,34950,23.96,1357.414201
2026-09-26T07:05:06.980Z,CVX,-5.18,2654,2.062,1357.414201
2026-09-26T07:05:06.980Z,AXS,-3.6391,1550,1.185,1357.414201
2026-09-26T07:05:06.980Z,WCT,-1.2987,58.83,0.04391,1357.414201
2026-09-26T07:05:06.980Z,ME,0.1113,106.2,0.07815,1357.414201
2026-09-26T07:05:06.980Z,ASTER,0.975,1004,0.7325,1357.414201
2026-09-26T07:05:06.980Z,GMX,0.3323,11210,8.231,1357.414201
2026-09-26T07:05:06.980Z,MORPHO,3.074,3810,2.7231,1357.414201
2026-09-26T07:05:06.980Z,MON,-2.7185,35.02,0.02652,1357.414201
2026-09-26T07:05:06.980Z,1INCH,-2.6011,136.6,0.10332,1357.414201
2026-09-26T07:05:06.980Z,SKY,-1.4262,105.8,0.07907,1357.414201
2026-09-26T07:05:06.980Z,YGG,-3.37,36.53,0.02785,1357.414201
2026-09-26T07:05:06.980Z,BIO,1.7987,45.02,0.03258,1357.414201
2026-09-26T07:05:06.980Z,MOVE,-5.2303,12.54,0.009748,1357.414201
2026-09-26T07:05:06.980Z,GALA,-10.8229,2.628,0.002171,1357.414201
2026-09-26T07:05:06.980Z,ZK,-2.4946,17.14,0.01295,1357.414201
2026-09-26T07:05:06.980Z,ENS,0.2924,9610,7.059,1357.414201
2026-09-26T07:05:06.980Z,INJ,3.5801,11040,7.852,1357.414201
2026-09-26T07:05:06.980Z,KAITO,-3.2786,480,0.3656,1357.414201
2026-09-26T07:05:06.980Z,LDO,-3.5157,650,0.4963,1357.414201
2026-09-26T07:05:06.980Z,BLUR,-0.5744,28.18,0.02088,1357.414201
2026-09-26T07:05:06.980Z,AUCTION,-1.8626,5170,3.881,1357.414201
2026-09-26T07:05:06.980Z,ZETA,1.2071,74.35,0.05412,1357.414201
2026-09-26T07:05:06.980Z,WIF,-2.6115,325.6,0.2463,1357.414201
2026-09-26T07:05:06.980Z,KSM,-0.1842,6425,4.742,1357.414201
2026-09-26T07:10:06.782Z,BTC,0.1863,114185000,83963.1,1357.414201
2026-09-26T07:10:06.782Z,XRP,0.2209,2110,1.551,1357.414201
2026-09-26T07:10:06.782Z,SOL,0.2581,163800,120.36,1357.414201
2026-09-26T07:10:06.782Z,ETH,0.1842,3655000,2687.67,1357.414201
2026-09-26T07:10:06.782Z,FIL,0.3686,1474,1.0819,1357.414201
2026-09-26T07:10:06.782Z,TRX,0.1038,458.1,0.33713,1357.414201
2026-09-26T07:10:06.782Z,BNB,0.1462,1050000,772.4,1357.414201
2026-09-26T07:10:06.782Z,WLD,-0.1755,655.7,0.4839,1357.414201
2026-09-26T07:10:06.782Z,FLOW,-1.1112,42.27,0.03149,1357.414201
2026-09-26T07:10:06.782Z,LINK,-0.1154,19070,14.065,1357.414201
2026-09-26T07:10:06.782Z,DOGE,0.0608,132.7,0.0977,1357.414201
2026-09-26T07:10:06.782Z,SUI,0.2414,1575,1.1575,1357.414201
2026-09-26T07:10:06.782Z,XLM,-0.0127,295.2,0.2175,1357.414201
2026-09-26T07:10:06.782Z,BCH,-0.1743,457600,337.7,1357.414201
2026-09-26T07:10:06.782Z,AVAX,-0.2601,14450,10.673,1357.414201
2026-09-26T07:10:06.782Z,ETC,0.0286,12800,9.427,1357.414201
2026-09-26T07:10:06.782Z,AAVE,-0.341,209100,154.57,1357.414201
2026-09-26T07:10:06.782Z,ADA,0.1142,346.4,0.2549,1357.414201
2026-09-26T07:10:06.782Z,HYPE,-0.2656,124300,91.815,1357.414201
2026-09-26T07:10:06.782Z,SEI,-0.1668,98.14,0.07242,1357.414201
2026-09-26T07:10:06.782Z,HBAR,-0.6034,126.8,0.09398,1357.414201
2026-09-26T07:10:06.782Z,ARB,0.4101,302.5,0.22194,1357.414201
2026-09-26T07:10:06.782Z,JTO,0.3582,792.3,0.5816,1357.414201
2026-09-26T07:10:06.782Z,ONDO,0.0354,748.2,0.551,1357.414201
2026-09-26T07:10:06.782Z,QTUM,-1.4688,1399,1.046,1357.414201
2026-09-26T07:10:06.782Z,PYTH,-0.7946,99.26,0.07371,1357.414201
2026-09-26T07:10:06.782Z,APT,0.5179,1152,0.8443,1357.414201
2026-09-26T07:10:06.782Z,UNI,-0.0977,13230,9.756,1357.414201
2026-09-26T07:10:06.782Z,TIA,0.1609,664.3,0.4886,1357.414201
2026-09-26T07:10:06.782Z,ALGO,0.6846,157.8,0.11546,1357.414201
2026-09-26T07:10:06.782Z,NEAR,0.5467,6730,4.931,1357.414201
2026-09-26T07:10:06.782Z,ZIL,-4.679,4.9,0.003787,1357.414201
2026-09-26T07:10:06.782Z,SUSHI,-3.3661,348,0.2653,1357.414201
2026-09-26T07:10:06.782Z,PENDLE,-1.0997,3422,2.549,1357.414201
2026-09-26T07:10:06.782Z,XTZ,0.619,444.3,0.3253,1357.414201
2026-09-26T07:10:06.782Z,W,-2.4343,16.45,0.012421,1357.414201
2026-09-26T07:10:06.782Z,AR,-5.1595,5855,4.548,1357.414201
2026-09-26T07:10:06.782Z,SHIB,0.9,0.0081,0.000005914,1357.414201
2026-09-26T07:10:06.782Z,CELO,-0.1686,133.9,0.09881,1357.414201
2026-09-26T07:10:06.782Z,STX,0.0642,450,0.3313,1357.414201
2026-09-26T07:10:06.782Z,JUP,-0.1341,475,0.3504,1357.414201
2026-09-26T07:10:06.782Z,PEPE,-0.9375,0.006,0.000004462,1357.414201
2026-09-26T07:10:06.782Z,DYDX,0.618,186.2,0.13633,1357.414201
2026-09-26T07:10:06.782Z,KITE,3.0536,189.7,0.13561,1357.414201
2026-09-26T07:10:06.782Z,CRV,0.8485,479.4,0.3502,1357.414201
2026-09-26T07:10:06.782Z,ENJ,0.2867,40.88,0.03003,1357.414201
2026-09-26T07:10:06.782Z,ATOM,0.2892,2479,1.821,1357.414201
2026-09-26T07:10:06.782Z,ICP,0.854,4426,3.233,1357.414201
2026-09-26T07:10:06.782Z,SPACE,-1.3829,6.807,0.005085,1357.414201
2026-09-26T07:10:06.782Z,DOT,0.1025,1675,1.2327,1357.414201
2026-09-26T07:10:06.782Z,ETHFI,-0.8668,972.5,0.7227,1357.414201
2026-09-26T07:10:06.782Z,CC,0.1348,188.5,0.13868,1357.414201
2026-09-26T07:10:06.782Z,SYRUP,-1.6857,296.8,0.2224,1357.414201
2026-09-26T07:10:06.782Z,TAO,-3.0416,410500,311.9,1357.414201
2026-09-26T07:10:06.782Z,GRAM,0.3062,1977,1.452,1357.414201
2026-09-26T07:10:06.782Z,RAY,6.5514,2860,1.9774,1357.414201
2026-09-26T07:10:06.782Z,RENDER,-0.1615,2621,1.934,1357.414201
2026-09-26T07:10:06.782Z,GRASS,-13.35,610.8,0.5193,1357.414201
2026-09-26T07:10:06.782Z,MINA,1.9876,192.5,0.13905,1357.414201
2026-09-26T07:10:06.782Z,POL,0.1821,161.5,0.11876,1357.414201
2026-09-26T07:10:06.782Z,ENA,-1.9041,357.1,0.26818,1357.414201
2026-09-26T07:10:06.782Z,SAND,-1.1811,60.55,0.04514,1357.414201
2026-09-26T07:10:06.782Z,AERO,-4.4623,1187,0.9153,1357.414201
2026-09-26T07:10:06.782Z,KGEN,-1.6859,223,0.1671,1357.414201
2026-09-26T07:10:06.782Z,LIT,-0.4244,6640,4.9125,1357.414201
2026-09-26T07:10:06.782Z,MANA,-3.5529,120,0.09166,1357.414201
2026-09-26T07:10:06.782Z,BAND,-6.4269,284.9,0.2243,1357.414201
2026-09-26T07:10:06.782Z,APE,-1.1266,208.7,0.1555,1357.414201
2026-09-26T07:10:06.782Z,GMT,1.0775,12.17,0.00887,1357.414201
2026-09-26T07:10:06.782Z,VIRTUAL,0.0345,1062,0.7821,1357.414201
2026-09-26T07:10:06.782Z,LPT,-4.6556,2261,1.747,1357.414201
2026-09-26T07:10:06.782Z,DATA,0.7491,308.8,0.2258,1357.414201
2026-09-26T07:10:06.782Z,THETA,-4.3911,302,0.2327,1357.414201
2026-09-26T07:10:06.782Z,GRT,-0.4825,37.5,0.02776,1357.414201
2026-09-26T07:10:06.782Z,LAYER,-3.5603,106.9,0.08166,1357.414201
2026-09-26T07:10:06.782Z,NMR,-0.8731,13130,9.758,1357.414201
2026-09-26T07:10:06.782Z,EIGEN,-10.003,321.9,0.2635,1357.414201
2026-09-26T07:10:06.782Z,BAT,-1.5274,125.1,0.09359,1357.414201
2026-09-26T07:10:06.782Z,SPK,-7.9881,30.7,0.02458,1357.414201
2026-09-26T07:10:06.782Z,PUMP,-14.6133,5.276,0.004552,1357.414201
2026-09-26T07:10:06.782Z,KMNO,-5.9647,55.5,0.04348,1357.414201
2026-09-26T07:10:06.782Z,CHZ,0.2723,22.54,0.01656,1357.414201
2026-09-26T07:10:06.782Z,PENGU,0.1882,13.82,0.010162,1357.414201
2026-09-26T07:10:06.782Z,OP,-0.0987,194.8,0.14365,1357.414201
2026-09-26T07:10:06.782Z,UMA,-0.8036,558.8,0.415,1357.414201
2026-09-26T07:10:06.782Z,ZRO,-2.5233,2125,1.606,1357.414201
2026-09-26T07:10:06.782Z,S,0.6265,56.03,0.04102,1357.414201
2026-09-26T07:10:06.782Z,IMX,-1.9097,216.9,0.1629,1357.414201
2026-09-26T07:10:06.782Z,A,0.165,138.1,0.10157,1357.414201
2026-09-26T07:10:06.782Z,ATH,-0.9344,8.652,0.006434,1357.414201
2026-09-26T07:10:06.782Z,COMP,7.64,34950,23.92,1357.414201
2026-09-26T07:10:06.782Z,CVX,-5.3636,2654,2.066,1357.414201
2026-09-26T07:10:06.782Z,AXS,-3.8095,1550,1.1871,1357.414201
2026-09-26T07:10:06.782Z,WCT,-1.2987,58.83,0.04391,1357.414201
2026-09-26T07:10:06.782Z,ME,0.0729,106.2,0.07818,1357.414201
2026-09-26T07:10:06.782Z,ASTER,0.9199,1004,0.7329,1357.414201
2026-09-26T07:10:06.782Z,GMX,0.3079,11210,8.233,1357.414201
2026-09-26T07:10:06.782Z,MORPHO,2.6856,3810,2.7334,1357.414201
2026-09-26T07:10:06.782Z,MON,-2.7185,35.02,0.02652,1357.414201
2026-09-26T07:10:06.782Z,1INCH,-2.5445,136.6,0.10326,1357.414201
2026-09-26T07:10:06.782Z,SKY,-1.873,105.8,0.07943,1357.414201
2026-09-26T07:10:06.782Z,YGG,-3.6468,36.53,0.02793,1357.414201
2026-09-26T07:10:06.782Z,BIO,1.705,45.02,0.03261,1357.414201
2026-09-26T07:10:06.782Z,MOVE,-5.492,12.54,0.009775,1357.414201
2026-09-26T07:10:06.782Z,GALA,-10.946,2.628,0.002174,1357.414201
2026-09-26T07:10:06.782Z,ZK,-2.6149,17.14,0.012966,1357.414201
2026-09-26T07:10:06.782Z,ENS,-0.1884,9610,7.093,1357.414201
2026-09-26T07:10:06.782Z,INJ,3.2514,11040,7.877,1357.414201
2026-09-26T07:10:06.782Z,KAITO,-3.7262,480,0.3673,1357.414201
2026-09-26T07:10:06.782Z,LDO,-3.4768,650,0.4961,1357.414201
2026-09-26T07:10:06.782Z,BLUR,-0.622,28.18,0.02089,1357.414201
2026-09-26T07:10:06.782Z,AUCTION,-1.9384,5170,3.884,1357.414201
2026-09-26T07:10:06.782Z,ZETA,1.3944,74.35,0.05402,1357.414201
2026-09-26T07:10:06.782Z,WIF,-2.73,325.6,0.2466,1357.414201
2026-09-26T07:10:06.782Z,KSM,-0.121,6425,4.739,1357.414201
2026-09-26T07:15:07.068Z,BTC,0.1816,114199000,83977.3,1357.414201
2026-09-26T07:15:07.068Z,XRP,0.1973,2111,1.5521,1357.414201
2026-09-26T07:15:07.068Z,SOL,0.1695,163900,120.54,1357.414201
2026-09-26T07:15:07.068Z,ETH,0.1311,3656000,2689.83,1357.414201
2026-09-26T07:15:07.068Z,FIL,0.1188,1474,1.0846,1357.414201
2026-09-26T07:15:07.068Z,TRX,0.1127,458.1,0.3371,1357.414201
2026-09-26T07:15:07.068Z,BNB,0.0815,1050000,772.9,1357.414201
2026-09-26T07:15:07.068Z,WLD,-0.0309,655.7,0.4832,1357.414201
2026-09-26T07:15:07.068Z,FLOW,-0.9224,42.27,0.03143,1357.414201
2026-09-26T07:15:07.068Z,LINK,-0.2147,19070,14.079,1357.414201
2026-09-26T07:15:07.068Z,DOGE,0.0608,132.7,0.0977,1357.414201
2026-09-26T07:15:07.068Z,SUI,0.2821,1577,1.1585,1357.414201
2026-09-26T07:15:07.068Z,XLM,0.2246,296.2,0.21772,1357.414201
2026-09-26T07:15:07.068Z,BCH,-0.3807,457600,338.4,1357.414201
2026-09-26T07:15:07.068Z,AVAX,-0.2227,14450,10.669,1357.414201
2026-09-26T07:15:07.068Z,ETC,0.0604,12800,9.424,1357.414201
2026-09-26T07:15:07.068Z,AAVE,-0.2507,209100,154.43,1357.414201
2026-09-26T07:15:07.068Z,ADA,0.0357,346.4,0.2551,1357.414201
2026-09-26T07:15:07.068Z,HYPE,-0.3101,124300,91.856,1357.414201
2026-09-26T07:15:07.068Z,SEI,-0.3182,98.14,0.07253,1357.414201
2026-09-26T07:15:07.068Z,HBAR,-0.688,126.8,0.09406,1357.414201
2026-09-26T07:15:07.068Z,ARB,0.5384,302.6,0.22173,1357.414201
2026-09-26T07:15:07.068Z,JTO,0.5137,792.3,0.5807,1357.414201
2026-09-26T07:15:07.068Z,ONDO,0.1787,749,0.5508,1357.414201
2026-09-26T07:15:07.068Z,QTUM,-1.5535,1399,1.0469,1357.414201
2026-09-26T07:15:07.068Z,PYTH,-0.9155,99.26,0.0738,1357.414201
2026-09-26T07:15:07.068Z,APT,0.3515,1152,0.8457,1357.414201
2026-09-26T07:15:07.068Z,UNI,-0.1693,13230,9.763,1357.414201
2026-09-26T07:15:07.068Z,TIA,0.0177,664.3,0.4893,1357.414201
2026-09-26T07:15:07.068Z,ALGO,0.6933,157.8,0.11545,1357.414201
2026-09-26T07:15:07.068Z,NEAR,0.262,6730,4.945,1357.414201
2026-09-26T07:15:07.068Z,ZIL,-4.6539,4.9,0.003786,1357.414201
2026-09-26T07:15:07.068Z,SUSHI,-3.3296,348,0.2652,1357.414201
2026-09-26T07:15:07.068Z,PENDLE,-1.1384,3422,2.55,1357.414201
2026-09-26T07:15:07.068Z,XTZ,0.4954,444.3,0.3257,1357.414201
2026-09-26T07:15:07.068Z,W,-2.552,16.45,0.012436,1357.414201
2026-09-26T07:15:07.068Z,AR,-5.8632,5855,4.582,1357.414201
2026-09-26T07:15:07.068Z,SHIB,0.8489,0.0081,0.000005917,1357.414201
2026-09-26T07:15:07.068Z,CELO,-0.3098,133.9,0.09895,1357.414201
2026-09-26T07:15:07.068Z,STX,-0.0565,450,0.3317,1357.414201
2026-09-26T07:15:07.068Z,JUP,-0.475,475,0.3516,1357.414201
2026-09-26T07:15:07.068Z,PEPE,-0.9375,0.006,0.000004462,1357.414201
2026-09-26T07:15:07.068Z,DYDX,0.6328,186.2,0.13631,1357.414201
2026-09-26T07:15:07.068Z,KITE,3.0992,189.7,0.13555,1357.414201
2026-09-26T07:15:07.068Z,CRV,0.8773,479.4,0.3501,1357.414201
2026-09-26T07:15:07.068Z,ENJ,0.0202,40.88,0.03011,1357.414201
2026-09-26T07:15:07.068Z,ATOM,-0.0948,2479,1.828,1357.414201
2026-09-26T07:15:07.068Z,ICP,0.6983,4426,3.238,1357.414201
2026-09-26T07:15:07.068Z,SPACE,-1.5764,6.807,0.005095,1357.414201
2026-09-26T07:15:07.068Z,DOT,0.2082,1675,1.2314,1357.414201
2026-09-26T07:15:07.068Z,ETHFI,-0.9627,972.5,0.7234,1357.414201
2026-09-26T07:15:07.068Z,CC,0.2722,188.5,0.13849,1357.414201
2026-09-26T07:15:07.068Z,SYRUP,-1.774,296.8,0.2226,1357.414201
2026-09-26T07:15:07.068Z,TAO,-3.1037,410500,312.1,1357.414201
2026-09-26T07:15:07.068Z,GRAM,0.3062,1977,1.452,1357.414201
2026-09-26T07:15:07.068Z,RAY,6.2505,2860,1.983,1357.414201
2026-09-26T07:15:07.068Z,RENDER,-0.675,2621,1.944,1357.414201
2026-09-26T07:15:07.068Z,GRASS,-13.6162,610.8,0.5209,1357.414201
2026-09-26T07:15:07.068Z,MINA,1.6659,192.5,0.13949,1357.414201
2026-09-26T07:15:07.068Z,POL,-0.0536,161.5,0.11904,1357.414201
2026-09-26T07:15:07.068Z,ENA,-2.0522,359.1,0.27009,1357.414201
2026-09-26T07:15:07.068Z,SAND,-1.3122,60.55,0.0452,1357.414201
2026-09-26T07:15:07.068Z,AERO,-4.0113,1187,0.911,1357.414201
2026-09-26T07:15:07.068Z,KGEN,-1.6859,223,0.1671,1357.414201
2026-09-26T07:15:07.068Z,LIT,-0.6367,6640,4.923,1357.414201
2026-09-26T07:15:07.068Z,MANA,-3.6055,120,0.09171,1357.414201
2026-09-26T07:15:07.068Z,BAND,-6.5103,284.9,0.2245,1357.414201
2026-09-26T07:15:07.068Z,APE,-1.1266,208.7,0.1555,1357.414201
2026-09-26T07:15:07.068Z,GMT,0.9523,12.17,0.008881,1357.414201
2026-09-26T07:15:07.068Z,VIRTUAL,-0.0549,1062,0.7828,1357.414201
2026-09-26T07:15:07.068Z,LPT,-4.819,2261,1.75,1357.414201
2026-09-26T07:15:07.068Z,DATA,0.482,308.8,0.2264,1357.414201
2026-09-26T07:15:07.068Z,THETA,-4.2677,302,0.2324,1357.414201
2026-09-26T07:15:07.068Z,GRT,-0.9108,37.5,0.02788,1357.414201
2026-09-26T07:15:07.068Z,LAYER,-3.5721,106.9,0.08167,1357.414201
2026-09-26T07:15:07.068Z,NMR,-0.9442,13130,9.765,1357.414201
2026-09-26T07:15:07.068Z,EIGEN,-9.7976,321.9,0.2629,1357.414201
2026-09-26T07:15:07.068Z,BAT,-1.5379,125.1,0.0936,1357.414201
2026-09-26T07:15:07.068Z,SPK,-7.6122,30.7,0.02448,1357.414201
2026-09-26T07:15:07.068Z,PUMP,-14.6696,5.276,0.004555,1357.414201
2026-09-26T07:15:07.068Z,KMNO,-6.288,55.5,0.04363,1357.414201
2026-09-26T07:15:07.068Z,CHZ,0.091,22.54,0.01659,1357.414201
2026-09-26T07:15:07.068Z,PENGU,0.2572,13.82,0.010155,1357.414201
2026-09-26T07:15:07.068Z,OP,-0.4453,194.8,0.14415,1357.414201
2026-09-26T07:15:07.068Z,UMA,-1.0658,558.8,0.4161,1357.414201
2026-09-26T07:15:07.068Z,ZRO,-3.294,2125,1.6188,1357.414201
2026-09-26T07:15:07.068Z,S,0.5775,56.03,0.04104,1357.414201
2026-09-26T07:15:07.068Z,IMX,-2.132,216.9,0.16327,1357.414201
2026-09-26T07:15:07.068Z,A,-0.0613,138.1,0.1018,1357.414201
2026-09-26T07:15:07.068Z,ATH,-0.8881,8.652,0.006431,1357.414201
2026-09-26T07:15:07.068Z,COMP,7.5052,34950,23.95,1357.414201
2026-09-26T07:15:07.068Z,CVX,-5.4551,2654,2.068,1357.414201
2026-09-26T07:15:07.068Z,AXS,-3.5332,1550,1.1837,1357.414201
2026-09-26T07:15:07.068Z,WCT,-2.1676,58.83,0.0443,1357.414201
2026-09-26T07:15:07.068Z,ME,0.3939,106.2,0.07793,1357.414201
2026-09-26T07:15:07.068Z,ASTER,0.7686,1004,0.734,1357.414201
2026-09-26T07:15:07.068Z,GMX,0.2227,11210,8.24,1357.414201
2026-09-26T07:15:07.068Z,MORPHO,2.4569,3810,2.7395,1357.414201
2026-09-26T07:15:07.068Z,MON,-2.8284,35.02,0.02655,1357.414201
2026-09-26T07:15:07.068Z,1INCH,-2.4879,136.6,0.1032,1357.414201
2026-09-26T07:15:07.068Z,SKY,-0.9221,107,0.07956,1357.414201
2026-09-26T07:15:07.068Z,YGG,-3.5777,36.53,0.02791,1357.414201
2026-09-26T07:15:07.068Z,BIO,1.6115,45.02,0.03264,1357.414201
2026-09-26T07:15:07.068Z,MOVE,-5.4534,12.54,0.009771,1357.414201
2026-09-26T07:15:07.068Z,GALA,-10.8229,2.628,0.002171,1357.414201
2026-09-26T07:15:07.068Z,ZK,-2.8622,17.14,0.012999,1357.414201
2026-09-26T07:15:07.068Z,ENS,-0.2728,9610,7.099,1357.414201
2026-09-26T07:15:07.068Z,INJ,3.1074,11040,7.888,1357.414201
2026-09-26T07:15:07.068Z,KAITO,-3.4371,480,0.3662,1357.414201
2026-09-26T07:15:07.068Z,LDO,-3.6322,650,0.4969,1357.414201
2026-09-26T07:15:07.068Z,BLUR,-0.6696,28.18,0.0209,1357.414201
2026-09-26T07:15:07.068Z,AUCTION,-2.0141,5170,3.887,1357.414201
2026-09-26T07:15:07.068Z,ZETA,1.095,74.35,0.05418,1357.414201
2026-09-26T07:15:07.068Z,WIF,-2.73,325.6,0.2466,1357.414201
2026-09-26T07:15:07.068Z,KSM,-0.2473,6425,4.745,1357.414201
2026-09-26T07:20:07.135Z,BTC,0.1479,114168000,83982.8,1357.414201
2026-09-26T07:20:07.135Z,XRP,0.1973,2111,1.5521,1357.414201
2026-09-26T07:20:07.135Z,SOL,0.1778,163900,120.53,1357.414201
2026-09-26T07:20:07.135Z,ETH,0.173,3657000,2689.44,1357.414201
2026-09-26T07:20:07.135Z,FIL,0.3469,1473,1.0814,1357.414201
2026-09-26T07:20:07.135Z,TRX,0.1365,458.1,0.33702,1357.414201
2026-09-26T07:20:07.135Z,BNB,0.0685,1050000,773,1357.414201
2026-09-26T07:20:07.135Z,WLD,0.1917,655.8,0.4822,1357.414201
2026-09-26T07:20:07.135Z,FLOW,-1.393,42.27,0.03158,1357.414201
2026-09-26T07:20:07.135Z,LINK,-0.2147,19070,14.079,1357.414201
2026-09-26T07:20:07.135Z,DOGE,0.0915,132.7,0.09767,1357.414201
2026-09-26T07:20:07.135Z,SUI,0.3224,1576,1.1573,1357.414201
2026-09-26T07:20:07.135Z,XLM,0.2676,296.3,0.2177,1357.414201
2026-09-26T07:20:07.135Z,BCH,-0.3218,457600,338.2,1357.414201
2026-09-26T07:20:07.135Z,AVAX,-0.3628,14450,10.684,1357.414201
2026-09-26T07:20:07.135Z,ETC,0.1135,12800,9.419,1357.414201
2026-09-26T07:20:07.135Z,AAVE,-0.1537,209100,154.28,1357.414201
2026-09-26T07:20:07.135Z,ADA,-0.0035,346.4,0.2552,1357.414201
2026-09-26T07:20:07.135Z,HYPE,-0.1971,124300,91.752,1357.414201
2026-09-26T07:20:07.135Z,SEI,0.0958,98.14,0.07223,1357.414201
2026-09-26T07:20:07.135Z,HBAR,-0.6774,126.8,0.09405,1357.414201
2026-09-26T07:20:07.135Z,ARB,0.6383,302.6,0.22151,1357.414201
2026-09-26T07:20:07.135Z,JTO,0.3065,792.3,0.5819,1357.414201
2026-09-26T07:20:07.135Z,ONDO,0.4303,748.7,0.5492,1357.414201
2026-09-26T07:20:07.135Z,QTUM,-1.5441,1399,1.0468,1357.414201
2026-09-26T07:20:07.135Z,PYTH,-1.5691,99.26,0.07429,1357.414201
2026-09-26T07:20:07.135Z,APT,0.3871,1152,0.8454,1357.414201
2026-09-26T07:20:07.135Z,UNI,-0.1693,13230,9.763,1357.414201
2026-09-26T07:20:07.135Z,TIA,0.0585,664.3,0.4891,1357.414201
2026-09-26T07:20:07.135Z,ALGO,0.6584,157.8,0.11549,1357.414201
2026-09-26T07:20:07.135Z,NEAR,0.4652,6730,4.935,1357.414201
2026-09-26T07:20:07.135Z,ZIL,-4.679,4.9,0.003787,1357.414201
2026-09-26T07:20:07.135Z,SUSHI,-3.147,348,0.2647,1357.414201
2026-09-26T07:20:07.135Z,PENDLE,-1.4091,3422,2.557,1357.414201
2026-09-26T07:20:07.135Z,XTZ,0.4646,444.3,0.3258,1357.414201
2026-09-26T07:20:07.135Z,W,-2.6694,16.45,0.012451,1357.414201
2026-09-26T07:20:07.135Z,AR,-5.7809,5855,4.578,1357.414201
2026-09-26T07:20:07.135Z,SHIB,0.7978,0.0081,0.00000592,1357.414201
2026-09-26T07:20:07.135Z,CELO,0.3086,133.9,0.09834,1357.414201
2026-09-26T07:20:07.135Z,STX,-0.2061,451.9,0.3336,1357.414201
2026-09-26T07:20:07.135Z,JUP,0.0944,475,0.3496,1357.414201
2026-09-26T07:20:07.135Z,PEPE,-0.8931,0.006,0.00000446,1357.414201
2026-09-26T07:20:07.135Z,DYDX,0.8103,186.2,0.13607,1357.414201
2026-09-26T07:20:07.135Z,KITE,3.2516,189.7,0.13535,1357.414201
2026-09-26T07:20:07.135Z,CRV,0.791,479.4,0.3504,1357.414201
2026-09-26T07:20:07.135Z,ENJ,-0.7707,40.88,0.03035,1357.414201
2026-09-26T07:20:07.135Z,ATOM,-0.313,2479,1.832,1357.414201
2026-09-26T07:20:07.135Z,ICP,0.854,4426,3.233,1357.414201
2026-09-26T07:20:07.135Z,SPACE,-1.7692,6.807,0.005105,1357.414201
2026-09-26T07:20:07.135Z,DOT,0.0457,1675,1.2334,1357.414201
2026-09-26T07:20:07.135Z,ETHFI,-0.8393,972.5,0.7225,1357.414201
2026-09-26T07:20:07.135Z,CC,0.041,188.5,0.13881,1357.414201
2026-09-26T07:20:07.135Z,SYRUP,-1.8181,296.8,0.2227,1357.414201
2026-09-26T07:20:07.135Z,TAO,-3.2278,410500,312.5,1357.414201
2026-09-26T07:20:07.135Z,GRAM,0.5138,1977,1.449,1357.414201
2026-09-26T07:20:07.135Z,RAY,6.1862,2860,1.9842,1357.414201
2026-09-26T07:20:07.135Z,RENDER,-0.2131,2621,1.935,1357.414201
2026-09-26T07:20:07.135Z,GRASS,-14.1273,610.8,0.524,1357.414201
2026-09-26T07:20:07.135Z,MINA,1.768,192.5,0.13935,1357.414201
2026-09-26T07:20:07.135Z,POL,-0.1123,161.5,0.11911,1357.414201
2026-09-26T07:20:07.135Z,ENA,-1.7138,359.1,0.26916,1357.414201
2026-09-26T07:20:07.135Z,SAND,-1.0715,60.55,0.04509,1357.414201
2026-09-26T07:20:07.135Z,AERO,-3.6411,1187,0.9075,1357.414201
2026-09-26T07:20:07.135Z,KGEN,-1.6859,223,0.1671,1357.414201
2026-09-26T07:20:07.135Z,LIT,0.0236,6640,4.8905,1357.414201
2026-09-26T07:20:07.135Z,MANA,-3.5529,120,0.09166,1357.414201
2026-09-26T07:20:07.135Z,BAND,-6.5519,284.9,0.2246,1357.414201
2026-09-26T07:20:07.135Z,APE,-1.0884,208.7,0.15544,1357.414201
2026-09-26T07:20:07.135Z,GMT,0.9296,12.17,0.008883,1357.414201
2026-09-26T07:20:07.135Z,VIRTUAL,-0.0549,1062,0.7828,1357.414201
2026-09-26T07:20:07.135Z,LPT,-4.819,2261,1.75,1357.414201
2026-09-26T07:20:07.135Z,DATA,0.3048,308.8,0.2268,1357.414201
2026-09-26T07:20:07.135Z,THETA,-4.2677,302,0.2324,1357.414201
2026-09-26T07:20:07.135Z,GRT,-0.9464,37.5,0.02789,1357.414201
2026-09-26T07:20:07.135Z,LAYER,-3.6429,106.9,0.08173,1357.414201
2026-09-26T07:20:07.135Z,NMR,-0.8223,13130,9.753,1357.414201
2026-09-26T07:20:07.135Z,EIGEN,-9.5913,321.9,0.2623,1357.414201
2026-09-26T07:20:07.135Z,BAT,-1.3693,125.1,0.09344,1357.414201
2026-09-26T07:20:07.135Z,SPK,-8.1376,30.7,0.02462,1357.414201
2026-09-26T07:20:07.135Z,PUMP,-15.4492,5.276,0.004597,1357.414201
2026-09-26T07:20:07.135Z,KMNO,-6.2235,55.5,0.0436,1357.414201
2026-09-26T07:20:07.135Z,CHZ,0.1514,22.54,0.01658,1357.414201
2026-09-26T07:20:07.135Z,PENGU,0.2178,13.82,0.010159,1357.414201
2026-09-26T07:20:07.135Z,OP,-0.4522,194.8,0.14416,1357.414201
2026-09-26T07:20:07.135Z,UMA,-1.0658,558.8,0.4161,1357.414201
2026-09-26T07:20:07.135Z,ZRO,-4.6546,2125,1.6419,1357.414201
2026-09-26T07:20:07.135Z,S,0.7494,56.03,0.04097,1357.414201
2026-09-26T07:20:07.135Z,IMX,-2.054,216.9,0.16314,1357.414201
2026-09-26T07:20:07.135Z,A,-0.1398,138.1,0.10188,1357.414201
2026-09-26T07:20:07.135Z,ATH,-0.7801,8.652,0.006424,1357.414201
2026-09-26T07:20:07.135Z,COMP,7.5052,34950,23.95,1357.414201
2026-09-26T07:20:07.135Z,CVX,-5.3178,2654,2.065,1357.414201
2026-09-26T07:20:07.135Z,AXS,-3.3782,1550,1.1818,1357.414201
2026-09-26T07:20:07.135Z,WCT,-2.1455,58.83,0.04429,1357.414201
2026-09-26T07:20:07.135Z,ME,0.4197,106.2,0.07791,1357.414201
2026-09-26T07:20:07.135Z,ASTER,0.8098,1004,0.7337,1357.414201
2026-09-26T07:20:07.135Z,GMX,0.2227,11210,8.24,1357.414201
2026-09-26T07:20:07.135Z,MORPHO,2.5842,3810,2.7361,1357.414201
2026-09-26T07:20:07.135Z,MON,-2.9016,35.02,0.02657,1357.414201
2026-09-26T07:20:07.135Z,1INCH,-2.5162,136.6,0.10323,1357.414201
2026-09-26T07:20:07.135Z,SKY,-0.8972,107,0.07954,1357.414201
2026-09-26T07:20:07.135Z,YGG,-3.4047,36.53,0.02786,1357.414201
2026-09-26T07:20:07.135Z,BIO,1.6738,45.02,0.03262,1357.414201
2026-09-26T07:20:07.135Z,MOVE,-5.5307,12.54,0.009779,1357.414201
2026-09-26T07:20:07.135Z,GALA,-10.905,2.628,0.002173,1357.414201
2026-09-26T07:20:07.135Z,ZK,-2.7424,17.14,0.012983,1357.414201
2026-09-26T07:20:07.135Z,ENS,-0.2728,9610,7.099,1357.414201
2026-09-26T07:20:07.135Z,INJ,3.3301,11040,7.871,1357.414201
2026-09-26T07:20:07.135Z,KAITO,-3.4634,480,0.3663,1357.414201
2026-09-26T07:20:07.135Z,LDO,-3.7871,650,0.4977,1357.414201
2026-09-26T07:20:07.135Z,BLUR,-0.6696,28.18,0.0209,1357.414201
2026-09-26T07:20:07.135Z,AUCTION,-1.9132,5170,3.883,1357.414201
2026-09-26T07:20:07.135Z,ZETA,0.4645,74.35,0.05452,1357.414201
2026-09-26T07:20:07.135Z,WIF,-2.8875,325.6,0.247,1357.414201
2026-09-26T07:20:07.135Z,KSM,-0.121,6425,4.739,1357.414201
2026-09-26T07:25:06.972Z,BTC,0.2261,114244000,83973.1,1357.414201
2026-09-26T07:25:06.972Z,XRP,0.2361,2111,1.5515,1357.414201
2026-09-26T07:25:06.972Z,SOL,0.3167,164100,120.51,1357.414201
2026-09-26T07:25:06.972Z,ETH,0.1872,3657000,2689.06,1357.414201
2026-09-26T07:25:06.972Z,FIL,0.7195,1473,1.0774,1357.414201
2026-09-26T07:25:06.972Z,TRX,0.1394,458.1,0.33701,1357.414201
2026-09-26T07:25:06.972Z,BNB,0.0944,1050000,772.8,1357.414201
2026-09-26T07:25:06.972Z,WLD,-0.0461,655.6,0.4832,1357.414201
2026-09-26T07:25:06.972Z,FLOW,-1.2397,42.51,0.03171,1357.414201
2026-09-26T07:25:06.972Z,LINK,-0.328,19070,14.095,1357.414201
2026-09-26T07:25:06.972Z,DOGE,0.1531,132.7,0.09761,1357.414201
2026-09-26T07:25:06.972Z,SUI,0.4178,1576,1.1562,1357.414201
2026-09-26T07:25:06.972Z,XLM,0.3137,296.3,0.2176,1357.414201
2026-09-26T07:25:06.972Z,BCH,-0.2924,457600,338.1,1357.414201
2026-09-26T07:25:06.972Z,AVAX,-0.5118,14450,10.7,1357.414201
2026-09-26T07:25:06.972Z,ETC,0.1561,12800,9.415,1357.414201
2026-09-26T07:25:06.972Z,AAVE,-0.1472,209100,154.27,1357.414201
2026-09-26T07:25:06.972Z,ADA,0.0749,346.4,0.255,1357.414201
2026-09-26T07:25:06.972Z,HYPE,-0.1111,124300,91.673,1357.414201
2026-09-26T07:25:06.972Z,SEI,0.1374,98.14,0.0722,1357.414201
2026-09-26T07:25:06.972Z,HBAR,-0.6457,126.8,0.09402,1357.414201
2026-09-26T07:25:06.972Z,ARB,0.8112,302.6,0.22113,1357.414201
2026-09-26T07:25:06.972Z,JTO,0.6177,792.3,0.5801,1357.414201
2026-09-26T07:25:06.972Z,ONDO,0.5219,748.7,0.5487,1357.414201
2026-09-26T07:25:06.972Z,QTUM,-1.6287,1399,1.0477,1357.414201
2026-09-26T07:25:06.972Z,PYTH,-1.5426,99.26,0.07427,1357.414201
2026-09-26T07:25:06.972Z,APT,0.5298,1152,0.8442,1357.414201
2026-09-26T07:25:06.972Z,UNI,0.0767,13230,9.739,1357.414201
2026-09-26T07:25:06.972Z,TIA,0.0177,664.3,0.4893,1357.414201
2026-09-26T07:25:06.972Z,ALGO,0.7894,157.8,0.11534,1357.414201
2026-09-26T07:25:06.972Z,NEAR,0.4855,6730,4.934,1357.414201
2026-09-26T07:25:06.972Z,ZIL,-4.7042,4.9,0.003788,1357.414201
2026-09-26T07:25:06.972Z,SUSHI,-3.1836,348,0.2648,1357.414201
2026-09-26T07:25:06.972Z,PENDLE,-1.6783,3422,2.564,1357.414201
2026-09-26T07:25:06.972Z,XTZ,0.2799,444.3,0.3264,1357.414201
2026-09-26T07:25:06.972Z,W,-2.646,16.45,0.012448,1357.414201
2026-09-26T07:25:06.972Z,AR,-5.8015,5855,4.579,1357.414201
2026-09-26T07:25:06.972Z,SHIB,0.7127,0.0081,0.000005925,1357.414201
2026-09-26T07:25:06.972Z,CELO,0.1355,133.9,0.09851,1357.414201
2026-09-26T07:25:06.972Z,STX,0.1498,472,0.3472,1357.414201
2026-09-26T07:25:06.972Z,JUP,0.324,475,0.3488,1357.414201
2026-09-26T07:25:06.972Z,PEPE,-0.8041,0.006,0.000004456,1357.414201
2026-09-26T07:25:06.972Z,DYDX,0.8548,186.2,0.13601,1357.414201
2026-09-26T07:25:06.972Z,KITE,3.1449,189.7,0.13549,1357.414201
2026-09-26T07:25:06.972Z,CRV,0.935,479.4,0.3499,1357.414201
2026-09-26T07:25:06.972Z,ENJ,-0.4756,40.88,0.03026,1357.414201
2026-09-26T07:25:06.972Z,ATOM,-0.2585,2479,1.831,1357.414201
2026-09-26T07:25:06.972Z,ICP,1.1042,4426,3.225,1357.414201
2026-09-26T07:25:06.972Z,SPACE,-1.8461,6.807,0.005109,1357.414201
2026-09-26T07:25:06.972Z,DOT,-0.0191,1675,1.2342,1357.414201
2026-09-26T07:25:06.972Z,ETHFI,-0.7019,972.5,0.7215,1357.414201
2026-09-26T07:25:06.972Z,CC,0.2939,188.5,0.13846,1357.414201
2026-09-26T07:25:06.972Z,SYRUP,-1.8622,296.8,0.2228,1357.414201
2026-09-26T07:25:06.972Z,TAO,-3.0727,410500,312,1357.414201
2026-09-26T07:25:06.972Z,GRAM,0.5138,1977,1.449,1357.414201
2026-09-26T07:25:06.972Z,RAY,6.09,2860,1.986,1357.414201
2026-09-26T07:25:06.972Z,RENDER,-0.2646,2621,1.936,1357.414201
2026-09-26T07:25:06.972Z,GRASS,-14.2582,610.8,0.5248,1357.414201
2026-09-26T07:25:06.972Z,MINA,2.1345,192.5,0.13885,1357.414201
2026-09-26T07:25:06.972Z,POL,-0.238,161.5,0.11926,1357.414201
2026-09-26T07:25:06.972Z,ENA,-2.016,359.1,0.26999,1357.414201
2026-09-26T07:25:06.972Z,SAND,-0.9836,60.55,0.04505,1357.414201
2026-09-26T07:25:06.972Z,AERO,-2.2189,1187,0.8943,1357.414201
2026-09-26T07:25:06.972Z,KGEN,-2.0376,223,0.1677,1357.414201
2026-09-26T07:25:06.972Z,LIT,0.0809,6640,4.8877,1357.414201
2026-09-26T07:25:06.972Z,MANA,-3.4792,120,0.09159,1357.414201
2026-09-26T07:25:06.972Z,BAND,-6.5103,284.9,0.2245,1357.414201
2026-09-26T07:25:06.972Z,APE,-1.152,208.7,0.15554,1357.414201
2026-09-26T07:25:06.972Z,GMT,1.1573,12.17,0.008863,1357.414201
2026-09-26T07:25:06.972Z,VIRTUAL,0.0345,1062,0.7821,1357.414201
2026-09-26T07:25:06.972Z,LPT,-4.7646,2261,1.749,1357.414201
2026-09-26T07:25:06.972Z,DATA,0.3934,308.8,0.2266,1357.414201
2026-09-26T07:25:06.972Z,THETA,-4.3089,302,0.2325,1357.414201
2026-09-26T07:25:06.972Z,GRT,-0.9464,37.5,0.02789,1357.414201
2026-09-26T07:25:06.972Z,LAYER,-3.4894,106.9,0.0816,1357.414201
2026-09-26T07:25:06.972Z,NMR,-0.7409,13130,9.745,1357.414201
2026-09-26T07:25:06.972Z,EIGEN,-9.4878,321.9,0.262,1357.414201
2026-09-26T07:25:06.972Z,BAT,-1.3482,125.1,0.09342,1357.414201
2026-09-26T07:25:06.972Z,SPK,-8.2494,30.7,0.02465,1357.414201
2026-09-26T07:25:06.972Z,PUMP,-15.4124,5.276,0.004595,1357.414201
2026-09-26T07:25:06.972Z,KMNO,-5.9647,55.5,0.04348,1357.414201
2026-09-26T07:25:06.972Z,CHZ,0.2118,22.54,0.01657,1357.414201
2026-09-26T07:25:06.972Z,PENGU,0.2671,13.82,0.010154,1357.414201
2026-09-26T07:25:06.972Z,OP,-0.4798,194.8,0.1442,1357.414201
2026-09-26T07:25:06.972Z,UMA,-1.0421,558.8,0.416,1357.414201
2026-09-26T07:25:06.972Z,ZRO,-3.1924,2125,1.6171,1357.414201
2026-09-26T07:25:06.972Z,S,0.6511,56.03,0.04101,1357.414201
2026-09-26T07:25:06.972Z,IMX,-2.072,216.9,0.16317,1357.414201
2026-09-26T07:25:06.972Z,A,-0.0515,138.1,0.10179,1357.414201
2026-09-26T07:25:06.972Z,ATH,-0.5324,8.652,0.006408,1357.414201
2026-09-26T07:25:06.972Z,COMP,7.5501,34950,23.94,1357.414201
2026-09-26T07:25:06.972Z,CVX,-5.5008,2654,2.069,1357.414201
2026-09-26T07:25:06.972Z,AXS,-3.37,1550,1.1817,1357.414201
2026-09-26T07:25:06.972Z,WCT,-1.9241,58.83,0.04419,1357.414201
2026-09-26T07:25:06.972Z,ME,0.1754,106.2,0.0781,1357.414201
2026-09-26T07:25:06.972Z,ASTER,0.7823,1004,0.7339,1357.414201
2026-09-26T07:25:06.972Z,GMX,0.2957,11210,8.234,1357.414201
2026-09-26T07:25:06.972Z,MORPHO,2.6518,3810,2.7343,1357.414201
2026-09-26T07:25:06.972Z,MON,-3.2294,35.02,0.02666,1357.414201
2026-09-26T07:25:06.972Z,1INCH,-2.4595,136.6,0.10317,1357.414201
2026-09-26T07:25:06.972Z,SKY,-0.4215,107,0.07916,1357.414201
2026-09-26T07:25:06.972Z,YGG,-3.6122,36.53,0.02792,1357.414201
2026-09-26T07:25:06.972Z,BIO,1.8299,45.02,0.03257,1357.414201
2026-09-26T07:25:06.972Z,MOVE,-5.1816,12.54,0.009743,1357.414201
2026-09-26T07:25:06.972Z,GALA,-10.8229,2.628,0.002171,1357.414201
2026-09-26T07:25:06.972Z,ZK,-2.4946,17.14,0.01295,1357.414201
2026-09-26T07:25:06.972Z,ENS,-0.2587,9610,7.098,1357.414201
2026-09-26T07:25:06.972Z,INJ,3.2252,11040,7.879,1357.414201
2026-09-26T07:25:06.972Z,KAITO,-3.305,480,0.3657,1357.414201
2026-09-26T07:25:06.972Z,LDO,-3.4379,650,0.4959,1357.414201
2026-09-26T07:25:06.972Z,BLUR,-0.3358,28.18,0.02083,1357.414201
2026-09-26T07:25:06.972Z,AUCTION,-1.8626,5170,3.881,1357.414201
2026-09-26T07:25:06.972Z,ZETA,0.853,74.35,0.05431,1357.414201
2026-09-26T07:25:06.972Z,WIF,-2.9268,325.6,0.2471,1357.414201
2026-09-26T07:25:06.972Z,KSM,-0.0367,6425,4.735,1357.414201
2026-09-26T07:30:07.171Z,BTC,0.2231,114238000,83971.2,1357.414201
2026-09-26T07:30:07.171Z,XRP,0.2532,2110,1.5505,1357.414201
2026-09-26T07:30:07.171Z,SOL,0.325,164100,120.5,1357.414201
2026-09-26T07:30:07.171Z,ETH,0.1875,3657000,2689.05,1357.414201
2026-09-26T07:30:07.171Z,FIL,0.3098,1473,1.0818,1357.414201
2026-09-26T07:30:07.171Z,TRX,0.187,458.1,0.33685,1357.414201
2026-09-26T07:30:07.171Z,BNB,0.1074,1050000,772.7,1357.414201
2026-09-26T07:30:07.171Z,WLD,0.0247,656.2,0.4833,1357.414201
2026-09-26T07:30:07.171Z,FLOW,-1.333,42.51,0.03174,1357.414201
2026-09-26T07:30:07.171Z,LINK,-0.158,19070,14.071,1357.414201
2026-09-26T07:30:07.171Z,DOGE,0.1531,132.7,0.09761,1357.414201
2026-09-26T07:30:07.171Z,SUI,0.2012,1576,1.1587,1357.414201
2026-09-26T07:30:07.171Z,XLM,0.2815,296.3,0.21767,1357.414201
2026-09-26T07:30:07.171Z,BCH,-0.2333,457600,337.9,1357.414201
2026-09-26T07:30:07.171Z,AVAX,0.5868,14600,10.693,1357.414201
2026-09-26T07:30:07.171Z,ETC,0.0286,12800,9.427,1357.414201
2026-09-26T07:30:07.171Z,AAVE,-0.1084,209100,154.21,1357.414201
2026-09-26T07:30:07.171Z,ADA,-0.0035,346.4,0.2552,1357.414201
2026-09-26T07:30:07.171Z,HYPE,0.0133,124300,91.559,1357.414201
2026-09-26T07:30:07.171Z,SEI,0.0543,98.14,0.07226,1357.414201
2026-09-26T07:30:07.171Z,HBAR,-0.6774,126.8,0.09405,1357.414201
2026-09-26T07:30:07.171Z,ARB,0.8158,302.6,0.22112,1357.414201
2026-09-26T07:30:07.171Z,JTO,0.3755,792.3,0.5815,1357.414201
2026-09-26T07:30:07.171Z,ONDO,0.7054,748.7,0.5477,1357.414201
2026-09-26T07:30:07.171Z,QTUM,-2.1424,1399,1.0532,1357.414201
2026-09-26T07:30:07.171Z,PYTH,-1.6485,99.26,0.07435,1357.414201
2026-09-26T07:30:07.171Z,APT,0.5417,1152,0.8441,1357.414201
2026-09-26T07:30:07.171Z,UNI,0.0562,13230,9.741,1357.414201
2026-09-26T07:30:07.171Z,TIA,0.0177,664.3,0.4893,1357.414201
2026-09-26T07:30:07.171Z,ALGO,0.2851,157.8,0.11592,1357.414201
2026-09-26T07:30:07.171Z,NEAR,0.2469,6680,4.909,1357.414201
2026-09-26T07:30:07.171Z,ZIL,-5.0551,4.9,0.003802,1357.414201
2026-09-26T07:30:07.171Z,SUSHI,-3.3661,348,0.2653,1357.414201
2026-09-26T07:30:07.171Z,PENDLE,-1.4091,3422,2.557,1357.414201
2026-09-26T07:30:07.171Z,XTZ,0.1878,444.3,0.3267,1357.414201
2026-09-26T07:30:07.171Z,W,-3.4218,16.45,0.012548,1357.414201
2026-09-26T07:30:07.171Z,AR,-6.1704,5855,4.597,1357.414201
2026-09-26T07:30:07.171Z,SHIB,0.7297,0.0081,0.000005924,1357.414201
2026-09-26T07:30:07.171Z,CELO,-0.0067,133.9,0.09865,1357.414201
2026-09-26T07:30:07.171Z,STX,0.8344,472.9,0.3455,1357.414201
2026-09-26T07:30:07.171Z,JUP,0.4103,475,0.3485,1357.414201
2026-09-26T07:30:07.171Z,PEPE,-0.9153,0.006,0.000004461,1357.414201
2026-09-26T07:30:07.171Z,DYDX,0.6033,186.2,0.13635,1357.414201
2026-09-26T07:30:07.171Z,KITE,3.2363,189.7,0.13537,1357.414201
2026-09-26T07:30:07.171Z,CRV,0.676,479.4,0.3508,1357.414201
2026-09-26T07:30:07.171Z,ENJ,-1.1615,40.88,0.03047,1357.414201
2026-09-26T07:30:07.171Z,ATOM,-0.0402,2479,1.827,1357.414201
2026-09-26T07:30:07.171Z,ICP,1.0103,4426,3.228,1357.414201
2026-09-26T07:30:07.171Z,SPACE,-1.8461,6.807,0.005109,1357.414201
2026-09-26T07:30:07.171Z,DOT,0.1431,1675,1.2322,1357.414201
2026-09-26T07:30:07.171Z,ETHFI,-0.5779,972.5,0.7206,1357.414201
2026-09-26T07:30:07.171Z,CC,0.6647,188.5,0.13795,1357.414201
2026-09-26T07:30:07.171Z,SYRUP,-1.8622,296.8,0.2228,1357.414201
2026-09-26T07:30:07.171Z,TAO,-2.9794,410500,311.7,1357.414201
2026-09-26T07:30:07.171Z,GRAM,0.7224,1977,1.446,1357.414201
2026-09-26T07:30:07.171Z,RAY,6.1274,2860,1.9853,1357.414201
2026-09-26T07:30:07.171Z,RENDER,-0.8281,2621,1.947,1357.414201
2026-09-26T07:30:07.171Z,GRASS,-14.6647,610.8,0.5273,1357.414201
2026-09-26T07:30:07.171Z,MINA,1.9436,192.5,0.13911,1357.414201
2026-09-26T07:30:07.171Z,POL,-0.1123,161.5,0.11911,1357.414201
2026-09-26T07:30:07.171Z,ENA,-2.2152,359.1,0.27054,1357.414201
2026-09-26T07:30:07.171Z,SAND,-1.3122,60.55,0.0452,1357.414201
2026-09-26T07:30:07.171Z,AERO,-1.3029,1187,0.886,1357.414201
2026-09-26T07:30:07.171Z,KGEN,-2.0376,223,0.1677,1357.414201
2026-09-26T07:30:07.171Z,LIT,-0.0296,6640,4.8931,1357.414201
2026-09-26T07:30:07.171Z,MANA,-3.8257,120,0.09192,1357.414201
2026-09-26T07:30:07.171Z,BAND,-6.8423,284.9,0.2253,1357.414201
2026-09-26T07:30:07.171Z,APE,-1.4182,208.7,0.15596,1357.414201
2026-09-26T07:30:07.171Z,GMT,0.8728,12.17,0.008888,1357.414201
2026-09-26T07:30:07.171Z,VIRTUAL,-0.0422,1062,0.7827,1357.414201
2026-09-26T07:30:07.171Z,LPT,-5.2522,2261,1.758,1357.414201
2026-09-26T07:30:07.171Z,DATA,0.0842,308.8,0.2273,1357.414201
2026-09-26T07:30:07.171Z,THETA,-4.5961,302,0.2332,1357.414201
2026-09-26T07:30:07.171Z,GRT,-1.3003,37.5,0.02799,1357.414201
2026-09-26T07:30:07.171Z,LAYER,-3.7136,106.9,0.08179,1357.414201
2026-09-26T07:30:07.171Z,NMR,-0.8121,13130,9.752,1357.414201
2026-09-26T07:30:07.171Z,EIGEN,-9.5223,321.9,0.2621,1357.414201
2026-09-26T07:30:07.171Z,BAT,-1.8943,125.1,0.09394,1357.414201
2026-09-26T07:30:07.171Z,SPK,-7.7253,30.7,0.02451,1357.414201
2026-09-26T07:30:07.171Z,PUMP,-15.6144,5.276,0.004606,1357.414201
2026-09-26T07:30:07.171Z,KMNO,-5.6827,55.5,0.04335,1357.414201
2026-09-26T07:30:07.171Z,CHZ,-0.1497,22.54,0.01663,1357.414201
2026-09-26T07:30:07.171Z,PENGU,0.2967,13.82,0.010151,1357.414201
2026-09-26T07:30:07.171Z,OP,-0.4936,194.8,0.14422,1357.414201
2026-09-26T07:30:07.171Z,UMA,-1.2083,558.8,0.4167,1357.414201
2026-09-26T07:30:07.171Z,ZRO,-3.0605,2125,1.6149,1357.414201
2026-09-26T07:30:07.171Z,S,0.6511,56.03,0.04101,1357.414201
2026-09-26T07:30:07.171Z,IMX,0.4059,226.3,0.16604,1357.414201
2026-09-26T07:30:07.171Z,A,-0.2769,138.1,0.10202,1357.414201
2026-09-26T07:30:07.171Z,ATH,-0.6874,8.652,0.006418,1357.414201
2026-09-26T07:30:07.171Z,COMP,7.0581,34950,24.05,1357.414201
2026-09-26T07:30:07.171Z,CVX,-5.6376,2654,2.072,1357.414201
2026-09-26T07:30:07.171Z,AXS,-3.8257,1550,1.1873,1357.414201
2026-09-26T07:30:07.171Z,WCT,-2.0792,58.83,0.04426,1357.414201
2026-09-26T07:30:07.171Z,ME,-0.1442,106.2,0.07835,1357.414201
2026-09-26T07:30:07.171Z,ASTER,0.7137,1004,0.7344,1357.414201
2026-09-26T07:30:07.171Z,GMX,0.1498,11210,8.246,1357.414201
2026-09-26T07:30:07.171Z,MORPHO,2.5692,3810,2.7365,1357.414201
2026-09-26T07:30:07.171Z,MON,-3.2294,35.02,0.02666,1357.414201
2026-09-26T07:30:07.171Z,1INCH,-2.5823,136.6,0.1033,1357.414201
2026-09-26T07:30:07.171Z,SKY,-0.2829,107,0.07905,1357.414201
2026-09-26T07:30:07.171Z,YGG,-4.2978,36.53,0.02812,1357.414201
2026-09-26T07:30:07.171Z,BIO,1.7987,45.02,0.03258,1357.414201
2026-09-26T07:30:07.171Z,MOVE,-5.2983,12.54,0.009755,1357.414201
2026-09-26T07:30:07.171Z,GALA,-10.9869,2.628,0.002175,1357.414201
2026-09-26T07:30:07.171Z,ZK,-2.7349,17.14,0.012982,1357.414201
2026-09-26T07:30:07.171Z,ENS,-0.2306,9610,7.096,1357.414201
2026-09-26T07:30:07.171Z,INJ,3.1205,11040,7.887,1357.414201
2026-09-26T07:30:07.171Z,KAITO,-3.595,480,0.3668,1357.414201
2026-09-26T07:30:07.171Z,LDO,-3.2623,650,0.495,1357.414201
2026-09-26T07:30:07.171Z,BLUR,-1.2836,28.18,0.02103,1357.414201
2026-09-26T07:30:07.171Z,AUCTION,-2.1651,5170,3.893,1357.414201
2026-09-26T07:30:07.171Z,ZETA,0.4303,74.72,0.05481,1357.414201
2026-09-26T07:30:07.171Z,WIF,-3.0445,325.6,0.2474,1357.414201
2026-09-26T07:30:07.171Z,KSM,-0.4152,6425,4.753,1357.414201
2026-09-26T07:35:07.252Z,BTC,0.2222,114237000,83971.2,1357.414201
2026-09-26T07:35:07.252Z,XRP,0.2532,2110,1.5505,1357.414201
2026-09-26T07:35:07.252Z,SOL,0.3833,164100,120.43,1357.414201
2026-09-26T07:35:07.252Z,ETH,0.2755,3659000,2688.16,1357.414201
2026-09-26T07:35:07.252Z,FIL,1.1325,1473,1.073,1357.414201
2026-09-26T07:35:07.252Z,TRX,0.1721,458.1,0.3369,1357.414201
2026-09-26T07:35:07.252Z,BNB,0.1203,1050000,772.6,1357.414201
2026-09-26T07:35:07.252Z,WLD,0.1075,656.2,0.4829,1357.414201
2026-09-26T07:35:07.252Z,FLOW,-0.8959,42.51,0.0316,1357.414201
2026-09-26T07:35:07.252Z,LINK,-0.0514,19070,14.056,1357.414201
2026-09-26T07:35:07.252Z,DOGE,0.1428,132.7,0.09762,1357.414201
2026-09-26T07:35:07.252Z,SUI,0.3286,1581,1.1609,1357.414201
2026-09-26T07:35:07.252Z,XLM,0.2707,296.2,0.21762,1357.414201
2026-09-26T07:35:07.252Z,BCH,-0.1447,457600,337.6,1357.414201
2026-09-26T07:35:07.252Z,AVAX,0.4553,14600,10.707,1357.414201
2026-09-26T07:35:07.252Z,ETC,0.2732,12800,9.404,1357.414201
2026-09-26T07:35:07.252Z,AAVE,0.0149,209100,154.02,1357.414201
2026-09-26T07:35:07.252Z,ADA,-0.0035,346.4,0.2552,1357.414201
2026-09-26T07:35:07.252Z,HYPE,-0.1067,124300,91.669,1357.414201
2026-09-26T07:35:07.252Z,SEI,-0.4143,98.14,0.0726,1357.414201
2026-09-26T07:35:07.252Z,HBAR,-0.8671,126.8,0.09423,1357.414201
2026-09-26T07:35:07.252Z,ARB,0.9756,302.6,0.22077,1357.414201
2026-09-26T07:35:07.252Z,JTO,0.6871,792.3,0.5797,1357.414201
2026-09-26T07:35:07.252Z,ONDO,0.7974,748.7,0.5472,1357.414201
2026-09-26T07:35:07.252Z,QTUM,-2.068,1399,1.0524,1357.414201
2026-09-26T07:35:07.252Z,PYTH,-1.6088,99.26,0.07432,1357.414201
2026-09-26T07:35:07.252Z,APT,0.5417,1152,0.8441,1357.414201
2026-09-26T07:35:07.252Z,UNI,0.2827,13230,9.719,1357.414201
2026-09-26T07:35:07.252Z,TIA,0.0177,664.3,0.4893,1357.414201
2026-09-26T07:35:07.252Z,ALGO,0.4237,157.8,0.11576,1357.414201
2026-09-26T07:35:07.252Z,NEAR,0.3901,6680,4.902,1357.414201
2026-09-26T07:35:07.252Z,ZIL,-4.7796,4.9,0.003791,1357.414201
2026-09-26T07:35:07.252Z,SUSHI,-3.2567,348,0.265,1357.414201
2026-09-26T07:35:07.252Z,PENDLE,-1.3705,3422,2.556,1357.414201
2026-09-26T07:35:07.252Z,XTZ,0.2799,444.3,0.3264,1357.414201
2026-09-26T07:35:07.252Z,W,-3.1285,16.45,0.01251,1357.414201
2026-09-26T07:35:07.252Z,AR,-5.9248,5855,4.585,1357.414201
2026-09-26T07:35:07.252Z,SHIB,0.7978,0.0081,0.00000592,1357.414201
2026-09-26T07:35:07.252Z,CELO,0.0339,133.9,0.09861,1357.414201
2026-09-26T07:35:07.252Z,STX,1.5694,472.9,0.343,1357.414201
2026-09-26T07:35:07.252Z,JUP,0.8153,475,0.3471,1357.414201
2026-09-26T07:35:07.252Z,PEPE,-0.8486,0.006,0.000004458,1357.414201
2026-09-26T07:35:07.252Z,DYDX,0.6845,186.2,0.13624,1357.414201
2026-09-26T07:35:07.252Z,KITE,3.3738,189.7,0.13519,1357.414201
2026-09-26T07:35:07.252Z,CRV,0.8485,479.4,0.3502,1357.414201
2026-09-26T07:35:07.252Z,ENJ,-1.3234,40.88,0.03052,1357.414201
2026-09-26T07:35:07.252Z,ATOM,-0.0402,2479,1.827,1357.414201
2026-09-26T07:35:07.252Z,ICP,1.1042,4426,3.225,1357.414201
2026-09-26T07:35:07.252Z,SPACE,-1.7115,6.807,0.005102,1357.414201
2026-09-26T07:35:07.252Z,DOT,0.5184,1675,1.2276,1357.414201
2026-09-26T07:35:07.252Z,ETHFI,-0.4397,972.5,0.7196,1357.414201
2026-09-26T07:35:07.252Z,CC,0.9574,188.5,0.13755,1357.414201
2026-09-26T07:35:07.252Z,SYRUP,-1.8622,296.8,0.2228,1357.414201
2026-09-26T07:35:07.252Z,TAO,-3.1037,410500,312.1,1357.414201
2026-09-26T07:35:07.252Z,GRAM,0.5833,1977,1.448,1357.414201
2026-09-26T07:35:07.252Z,RAY,6.1862,2860,1.9842,1357.414201
2026-09-26T07:35:07.252Z,RENDER,-0.5215,2621,1.941,1357.414201
2026-09-26T07:35:07.252Z,GRASS,-14.7939,610.8,0.5281,1357.414201
2026-09-26T07:35:07.252Z,MINA,1.5931,192.5,0.13959,1357.414201
2026-09-26T07:35:07.252Z,POL,0.0435,162.2,0.11944,1357.414201
2026-09-26T07:35:07.252Z,ENA,-2.5023,359.7,0.27179,1357.414201
2026-09-26T07:35:07.252Z,SAND,-1.1811,60.55,0.04514,1357.414201
2026-09-26T07:35:07.252Z,AERO,-1.9447,1187,0.8918,1357.414201
2026-09-26T07:35:07.252Z,KGEN,-2.0376,223,0.1677,1357.414201
2026-09-26T07:35:07.252Z,LIT,-0.0806,6640,4.8956,1357.414201
2026-09-26T07:35:07.252Z,MANA,-3.721,120,0.09182,1357.414201
2026-09-26T07:35:07.252Z,BAND,-6.8836,284.9,0.2254,1357.414201
2026-09-26T07:35:07.252Z,APE,-1.0438,208.7,0.15537,1357.414201
2026-09-26T07:35:07.252Z,GMT,1.0547,12.17,0.008872,1357.414201
2026-09-26T07:35:07.252Z,VIRTUAL,-0.0166,1062,0.7825,1357.414201
2026-09-26T07:35:07.252Z,LPT,-5.5209,2261,1.763,1357.414201
2026-09-26T07:35:07.252Z,DATA,0.2165,308.8,0.227,1357.414201
2026-09-26T07:35:07.252Z,THETA,-4.3089,302,0.2325,1357.414201
2026-09-26T07:35:07.252Z,GRT,-1.4411,37.5,0.02803,1357.414201
2026-09-26T07:35:07.252Z,LAYER,-3.7136,106.9,0.08179,1357.414201
2026-09-26T07:35:07.252Z,NMR,-0.7816,13130,9.749,1357.414201
2026-09-26T07:35:07.252Z,EIGEN,-9.4186,321.9,0.2618,1357.414201
2026-09-26T07:35:07.252Z,BAT,-1.7478,125.1,0.0938,1357.414201
2026-09-26T07:35:07.252Z,SPK,-7.6122,30.7,0.02448,1357.414201
2026-09-26T07:35:07.252Z,PUMP,-15.0797,5.276,0.004577,1357.414201
2026-09-26T07:35:07.252Z,KMNO,-6.1804,55.5,0.04358,1357.414201
2026-09-26T07:35:07.252Z,CHZ,-0.1497,22.54,0.01663,1357.414201
2026-09-26T07:35:07.252Z,PENGU,0.2671,13.82,0.010154,1357.414201
2026-09-26T07:35:07.252Z,OP,-0.4522,194.8,0.14416,1357.414201
2026-09-26T07:35:07.252Z,UMA,-1.492,558.8,0.4179,1357.414201
2026-09-26T07:35:07.252Z,ZRO,-2.8198,2125,1.6109,1357.414201
2026-09-26T07:35:07.252Z,S,0.553,56.03,0.04105,1357.414201
2026-09-26T07:35:07.252Z,IMX,0.7762,226.3,0.16543,1357.414201
2026-09-26T07:35:07.252Z,A,-0.3159,138.1,0.10206,1357.414201
2026-09-26T07:35:07.252Z,ATH,-0.299,8.652,0.006393,1357.414201
2026-09-26T07:35:07.252Z,COMP,7.3259,34950,23.99,1357.414201
2026-09-26T07:35:07.252Z,CVX,-5.3636,2654,2.066,1357.414201
2026-09-26T07:35:07.252Z,AXS,-3.8419,1550,1.1875,1357.414201
2026-09-26T07:35:07.252Z,WCT,-2.3219,58.83,0.04437,1357.414201
2026-09-26T07:35:07.252Z,ME,0.1369,106.2,0.07813,1357.414201
2026-09-26T07:35:07.252Z,ASTER,0.6589,1004,0.7348,1357.414201
2026-09-26T07:35:07.252Z,GMX,0.1255,11210,8.248,1357.414201
2026-09-26T07:35:07.252Z,MORPHO,2.4981,3810,2.7384,1357.414201
2026-09-26T07:35:07.252Z,MON,-3.1567,35.02,0.02664,1357.414201
2026-09-26T07:35:07.252Z,1INCH,-2.5445,136.6,0.10326,1357.414201
2026-09-26T07:35:07.252Z,SKY,-0.2451,107,0.07902,1357.414201
2026-09-26T07:35:07.252Z,YGG,-3.922,36.53,0.02801,1357.414201
2026-09-26T07:35:07.252Z,BIO,1.8925,45.02,0.03255,1357.414201
2026-09-26T07:35:07.252Z,MOVE,-5.094,12.54,0.009734,1357.414201
2026-09-26T07:35:07.252Z,GALA,-10.946,2.628,0.002174,1357.414201
2026-09-26T07:35:07.252Z,ZK,-2.8397,17.14,0.012996,1357.414201
2026-09-26T07:35:07.252Z,ENS,-0.0475,9610,7.083,1357.414201
2026-09-26T07:35:07.252Z,INJ,3.2776,11040,7.875,1357.414201
2026-09-26T07:35:07.252Z,KAITO,-3.6475,480,0.367,1357.414201
2026-09-26T07:35:07.252Z,LDO,-3.0861,650,0.4941,1357.414201
2026-09-26T07:35:07.252Z,BLUR,-0.7171,28.18,0.02091,1357.414201
2026-09-26T07:35:07.252Z,AUCTION,-2.0897,5170,3.89,1357.414201
2026-09-26T07:35:07.252Z,ZETA,0.0651,74.72,0.05501,1357.414201
2026-09-26T07:35:07.252Z,WIF,-2.8088,325.6,0.2468,1357.414201
2026-09-26T07:35:07.252Z,KSM,-0.3104,6425,4.748,1357.414201
2026-09-26T07:40:07.162Z,BTC,0.2359,114293000,84000.9,1357.414201
2026-09-26T07:40:07.162Z,XRP,0.2296,2111,1.5516,1357.414201
2026-09-26T07:40:07.162Z,SOL,0.2389,164000,120.53,1357.414201
2026-09-26T07:40:07.162Z,ETH,0.2526,3660000,2689.51,1357.414201
2026-09-26T07:40:07.162Z,FIL,0.1472,1463,1.0762,1357.414201
2026-09-26T07:40:07.162Z,TRX,0.1721,458.1,0.3369,1357.414201
2026-09-26T07:40:07.162Z,BNB,0.0815,1050000,772.9,1357.414201
2026-09-26T07:40:07.162Z,WLD,0.1442,657.8,0.4839,1357.414201
2026-09-26T07:40:07.162Z,FLOW,-1.4973,42.72,0.03195,1357.414201
2026-09-26T07:40:07.162Z,LINK,0.3728,19200,14.092,1357.414201
2026-09-26T07:40:07.162Z,DOGE,0.0199,132.7,0.09774,1357.414201
2026-09-26T07:40:07.162Z,SUI,0.2711,1582,1.1623,1357.414201
2026-09-26T07:40:07.162Z,XLM,0.1372,296.2,0.21791,1357.414201
2026-09-26T07:40:07.162Z,BCH,-0.1743,457600,337.7,1357.414201
2026-09-26T07:40:07.162Z,AVAX,0.474,14600,10.705,1357.414201
2026-09-26T07:40:07.162Z,ETC,0.188,12800,9.412,1357.414201
2026-09-26T07:40:07.162Z,AAVE,-0.0825,209100,154.17,1357.414201
2026-09-26T07:40:07.162Z,ADA,-0.0818,346.4,0.2554,1357.414201
2026-09-26T07:40:07.162Z,HYPE,-0.1655,124300,91.723,1357.414201
2026-09-26T07:40:07.162Z,SEI,-0.2494,98.14,0.07248,1357.414201
2026-09-26T07:40:07.162Z,HBAR,-0.8671,126.8,0.09423,1357.414201
2026-09-26T07:40:07.162Z,ARB,0.8067,302.6,0.22114,1357.414201
2026-09-26T07:40:07.162Z,JTO,0.7045,792.3,0.5796,1357.414201
2026-09-26T07:40:07.162Z,ONDO,0.4229,746.6,0.5477,1357.414201
2026-09-26T07:40:07.162Z,QTUM,-2.1331,1399,1.0531,1357.414201
2026-09-26T07:40:07.162Z,PYTH,-1.7806,99.26,0.07445,1357.414201
2026-09-26T07:40:07.162Z,APT,0.4584,1152,0.8448,1357.414201
2026-09-26T07:40:07.162Z,UNI,0.4825,13240,9.707,1357.414201
2026-09-26T07:40:07.162Z,TIA,-0.0028,664.3,0.4894,1357.414201
2026-09-26T07:40:07.162Z,ALGO,0.2678,157.8,0.11594,1357.414201
2026-09-26T07:40:07.162Z,NEAR,0.6776,6680,4.888,1357.414201
2026-09-26T07:40:07.162Z,ZIL,-4.8298,4.9,0.003793,1357.414201
2026-09-26T07:40:07.162Z,SUSHI,-3.2567,348,0.265,1357.414201
2026-09-26T07:40:07.162Z,PENDLE,-1.4861,3422,2.559,1357.414201
2026-09-26T07:40:07.162Z,XTZ,0.4337,444.3,0.3259,1357.414201
2026-09-26T07:40:07.162Z,W,-3.2754,16.45,0.012529,1357.414201
2026-09-26T07:40:07.162Z,AR,-5.9453,5855,4.586,1357.414201
2026-09-26T07:40:07.162Z,SHIB,0.6787,0.0081,0.000005927,1357.414201
2026-09-26T07:40:07.162Z,CELO,0.2067,133.9,0.09844,1357.414201
2026-09-26T07:40:07.162Z,STX,1.1859,472.9,0.3443,1357.414201
2026-09-26T07:40:07.162Z,JUP,0.8153,475,0.3471,1357.414201
2026-09-26T07:40:07.162Z,PEPE,-0.9375,0.006,0.000004462,1357.414201
2026-09-26T07:40:07.162Z,DYDX,0.8251,186.2,0.13605,1357.414201
2026-09-26T07:40:07.162Z,KITE,3.4197,189.7,0.13513,1357.414201
2026-09-26T07:40:07.162Z,CRV,0.9061,479.4,0.35,1357.414201
2026-09-26T07:40:07.162Z,ENJ,-1.5814,40.88,0.0306,1357.414201
2026-09-26T07:40:07.162Z,ATOM,0.0694,2479,1.825,1357.414201
2026-09-26T07:40:07.162Z,ICP,1.3556,4426,3.217,1357.414201
2026-09-26T07:40:07.162Z,SPACE,-1.7307,6.807,0.005103,1357.414201
2026-09-26T07:40:07.162Z,DOT,0.2947,1671,1.2274,1357.414201
2026-09-26T07:40:07.162Z,ETHFI,-0.2457,972.5,0.7182,1357.414201
2026-09-26T07:40:07.162Z,CC,0.8695,188.5,0.13767,1357.414201
2026-09-26T07:40:07.162Z,SYRUP,-1.9062,296.8,0.2229,1357.414201
2026-09-26T07:40:07.162Z,TAO,-3.3206,410500,312.8,1357.414201
2026-09-26T07:40:07.162Z,GRAM,0.4445,1977,1.45,1357.414201
2026-09-26T07:40:07.162Z,RAY,5.9673,2860,1.9883,1357.414201
2026-09-26T07:40:07.162Z,RENDER,-0.879,2621,1.948,1357.414201
2026-09-26T07:40:07.162Z,GRASS,-15.9243,610.8,0.5352,1357.414201
2026-09-26T07:40:07.162Z,MINA,1.6732,192.5,0.13948,1357.414201
2026-09-26T07:40:07.162Z,POL,0.1609,162.2,0.1193,1357.414201
2026-09-26T07:40:07.162Z,ENA,-2.6527,359.7,0.27221,1357.414201
2026-09-26T07:40:07.162Z,SAND,-1.1153,60.55,0.04511,1357.414201
2026-09-26T07:40:07.162Z,AERO,-1.4252,1187,0.8871,1357.414201
2026-09-26T07:40:07.162Z,KGEN,-2.0376,223,0.1677,1357.414201
2026-09-26T07:40:07.162Z,LIT,-0.2924,6640,4.906,1357.414201
2026-09-26T07:40:07.162Z,MANA,-3.721,120,0.09182,1357.414201
2026-09-26T07:40:07.162Z,BAND,-6.7181,284.9,0.225,1357.414201
2026-09-26T07:40:07.162Z,APE,-1.1393,208.7,0.15552,1357.414201
2026-09-26T07:40:07.162Z,GMT,1.1573,12.17,0.008863,1357.414201
2026-09-26T07:40:07.162Z,VIRTUAL,-0.0038,1062,0.7824,1357.414201
2026-09-26T07:40:07.162Z,LPT,-5.306,2261,1.759,1357.414201
2026-09-26T07:40:07.162Z,DATA,0.2606,308.8,0.2269,1357.414201
2026-09-26T07:40:07.162Z,THETA,-4.2677,302,0.2324,1357.414201
2026-09-26T07:40:07.162Z,GRT,-1.4411,37.5,0.02803,1357.414201
2026-09-26T07:40:07.162Z,LAYER,-3.3354,106.9,0.08147,1357.414201
2026-09-26T07:40:07.162Z,NMR,-0.7714,13130,9.748,1357.414201
2026-09-26T07:40:07.162Z,EIGEN,-9.5568,321.9,0.2622,1357.414201
2026-09-26T07:40:07.162Z,BAT,-1.8107,125.1,0.09386,1357.414201
2026-09-26T07:40:07.162Z,SPK,-7.7253,30.7,0.02451,1357.414201
2026-09-26T07:40:07.162Z,PUMP,-15.1353,5.276,0.00458,1357.414201
2026-09-26T07:40:07.162Z,KMNO,-6.6943,55.5,0.04382,1357.414201
2026-09-26T07:40:07.162Z,CHZ,-0.1497,22.54,0.01663,1357.414201
2026-09-26T07:40:07.162Z,PENGU,0.0995,13.82,0.010171,1357.414201
2026-09-26T07:40:07.162Z,OP,-0.4384,194.8,0.14414,1357.414201
2026-09-26T07:40:07.162Z,UMA,-1.4212,558.8,0.4176,1357.414201
2026-09-26T07:40:07.162Z,ZRO,-2.9102,2125,1.6124,1357.414201
2026-09-26T07:40:07.162Z,S,0.5775,56.03,0.04104,1357.414201
2026-09-26T07:40:07.162Z,IMX,0.2791,226.3,0.16625,1357.414201
2026-09-26T07:40:07.162Z,A,-0.2475,138.1,0.10199,1357.414201
2026-09-26T07:40:07.162Z,ATH,-0.6409,8.652,0.006415,1357.414201
2026-09-26T07:40:07.162Z,COMP,7.4155,34950,23.97,1357.414201
2026-09-26T07:40:07.162Z,CVX,-5.3178,2654,2.065,1357.414201
2026-09-26T07:40:07.162Z,AXS,-3.8905,1550,1.1881,1357.414201
2026-09-26T07:40:07.162Z,WCT,-2.0349,58.83,0.04424,1357.414201
2026-09-26T07:40:07.162Z,ME,-0.6136,106.2,0.07872,1357.414201
2026-09-26T07:40:07.162Z,ASTER,0.6452,1004,0.7349,1357.414201
2026-09-26T07:40:07.162Z,GMX,0.1255,11210,8.248,1357.414201
2026-09-26T07:40:07.162Z,MORPHO,2.3971,3810,2.7411,1357.414201
2026-09-26T07:40:07.162Z,MON,-2.9016,35.02,0.02657,1357.414201
2026-09-26T07:40:07.162Z,1INCH,-2.6671,136.6,0.10339,1357.414201
2026-09-26T07:40:07.162Z,SKY,-0.5346,107,0.07925,1357.414201
2026-09-26T07:40:07.162Z,YGG,-3.6812,36.53,0.02794,1357.414201
2026-09-26T07:40:07.162Z,BIO,1.9238,45.02,0.03254,1357.414201
2026-09-26T07:40:07.162Z,MOVE,-4.9964,12.54,0.009724,1357.414201
2026-09-26T07:40:07.162Z,GALA,-10.7818,2.628,0.00217,1357.414201
2026-09-26T07:40:07.162Z,ZK,-2.8696,17.14,0.013,1357.414201
2026-09-26T07:40:07.162Z,ENS,0.0373,9610,7.077,1357.414201
2026-09-26T07:40:07.162Z,INJ,3.5274,11040,7.856,1357.414201
2026-09-26T07:40:07.162Z,KAITO,-3.7786,480,0.3675,1357.414201
2026-09-26T07:40:07.162Z,LDO,-3.2818,650,0.4951,1357.414201
2026-09-26T07:40:07.162Z,BLUR,-0.6696,28.18,0.0209,1357.414201
2026-09-26T07:40:07.162Z,AUCTION,-1.9637,5170,3.885,1357.414201
2026-09-26T07:40:07.162Z,ZETA,0.047,74.72,0.05502,1357.414201
2026-09-26T07:40:07.162Z,WIF,-2.7694,325.6,0.2467,1357.414201
2026-09-26T07:40:07.162Z,KSM,-0.2683,6425,4.746,1357.414201
2026-09-26T07:45:06.970Z,BTC,0.2247,114300000,84015.4,1357.414201
2026-09-26T07:45:06.970Z,XRP,0.2425,2111,1.5514,1357.414201
2026-09-26T07:45:06.970Z,SOL,0.2834,164100,120.55,1357.414201
2026-09-26T07:45:06.970Z,ETH,0.2861,3660000,2688.61,1357.414201
2026-09-26T07:45:06.970Z,FIL,0.2311,1463,1.0753,1357.414201
2026-09-26T07:45:06.970Z,TRX,0.1454,458.1,0.33699,1357.414201
2026-09-26T07:45:06.970Z,BNB,0.0815,1050000,772.9,1357.414201
2026-09-26T07:45:06.970Z,WLD,0.3308,657.8,0.483,1357.414201
2026-09-26T07:45:06.970Z,FLOW,-1.4356,42.72,0.03193,1357.414201
2026-09-26T07:45:06.970Z,LINK,0.5012,19200,14.074,1357.414201
2026-09-26T07:45:06.970Z,DOGE,0.0506,132.7,0.09771,1357.414201
2026-09-26T07:45:06.970Z,SUI,0.369,1583,1.1619,1357.414201
2026-09-26T07:45:06.970Z,XLM,0.2816,296.6,0.21789,1357.414201
2026-09-26T07:45:06.970Z,BCH,-0.2629,457600,338,1357.414201
2026-09-26T07:45:06.970Z,AVAX,0.3707,14570,10.694,1357.414201
2026-09-26T07:45:06.970Z,ETC,0.188,12800,9.412,1357.414201
2026-09-26T07:45:06.970Z,AAVE,0.1124,209100,153.87,1357.414201
2026-09-26T07:45:06.970Z,ADA,-0.16,346.4,0.2556,1357.414201
2026-09-26T07:45:06.970Z,HYPE,-0.1786,124300,91.735,1357.414201
2026-09-26T07:45:06.970Z,SEI,-0.7288,98.14,0.07283,1357.414201
2026-09-26T07:45:06.970Z,HBAR,-0.8882,126.8,0.09425,1357.414201
2026-09-26T07:45:06.970Z,ARB,0.5539,301.5,0.22089,1357.414201
2026-09-26T07:45:06.970Z,JTO,0.4446,792.3,0.5811,1357.414201
2026-09-26T07:45:06.970Z,ONDO,0.1122,746.6,0.5494,1357.414201
2026-09-26T07:45:06.970Z,QTUM,0.9968,1441,1.0511,1357.414201
2026-09-26T07:45:06.970Z,PYTH,-1.8202,99.26,0.07448,1357.414201
2026-09-26T07:45:06.970Z,APT,0.3277,1152,0.8459,1357.414201
2026-09-26T07:45:06.970Z,UNI,0.6173,13240,9.694,1357.414201
2026-09-26T07:45:06.970Z,TIA,-0.2677,664.3,0.4907,1357.414201
2026-09-26T07:45:06.970Z,ALGO,0.4584,157.8,0.11572,1357.414201
2026-09-26T07:45:06.970Z,NEAR,0.6776,6680,4.888,1357.414201
2026-09-26T07:45:06.970Z,ZIL,-4.7042,4.9,0.003788,1357.414201
2026-09-26T07:45:06.970Z,SUSHI,-3.1836,348,0.2648,1357.414201
2026-09-26T07:45:06.970Z,PENDLE,-1.7549,3422,2.566,1357.414201
2026-09-26T07:45:06.970Z,XTZ,0.4029,444.3,0.326,1357.414201
2026-09-26T07:45:06.970Z,W,-3.0975,16.45,0.012506,1357.414201
2026-09-26T07:45:06.970Z,AR,-6.0477,5855,4.591,1357.414201
2026-09-26T07:45:06.970Z,SHIB,0.5939,0.0081,0.000005932,1357.414201
2026-09-26T07:45:06.970Z,CELO,0.4004,133.9,0.09825,1357.414201
2026-09-26T07:45:06.970Z,STX,1.0978,472.9,0.3446,1357.414201
2026-09-26T07:45:06.970Z,JUP,0.8444,475,0.347,1357.414201
2026-09-26T07:45:06.970Z,PEPE,-0.9375,0.006,0.000004462,1357.414201
2026-09-26T07:45:06.970Z,DYDX,0.9513,186.2,0.13588,1357.414201
2026-09-26T07:45:06.970Z,KITE,3.3126,189.7,0.13527,1357.414201
2026-09-26T07:45:06.970Z,CRV,0.8773,479.4,0.3501,1357.414201
2026-09-26T07:45:06.970Z,ENJ,-1.0868,41.26,0.03073,1357.414201
2026-09-26T07:45:06.970Z,ATOM,0.0694,2479,1.825,1357.414201
2026-09-26T07:45:06.970Z,ICP,1.2612,4426,3.22,1357.414201
2026-09-26T07:45:06.970Z,SPACE,-1.6729,6.807,0.0051,1357.414201
2026-09-26T07:45:06.970Z,DOT,0.2539,1671,1.2279,1357.414201
2026-09-26T07:45:06.970Z,ETHFI,-0.1205,972.5,0.7173,1357.414201
2026-09-26T07:45:06.970Z,CC,0.4972,188.5,0.13818,1357.414201
2026-09-26T07:45:06.970Z,SYRUP,-1.9062,296.8,0.2229,1357.414201
2026-09-26T07:45:06.970Z,TAO,-3.4441,410500,313.2,1357.414201
2026-09-26T07:45:06.970Z,GRAM,0.5138,1977,1.449,1357.414201
2026-09-26T07:45:06.970Z,RAY,6.1167,2860,1.9855,1357.414201
2026-09-26T07:45:06.970Z,RENDER,-0.9807,2621,1.95,1357.414201
2026-09-26T07:45:06.970Z,GRASS,-15.3868,610.8,0.5318,1357.414201
2026-09-26T07:45:06.970Z,MINA,1.5785,192.5,0.13961,1357.414201
2026-09-26T07:45:06.970Z,POL,0.464,162.2,0.11894,1357.414201
2026-09-26T07:45:06.970Z,ENA,-3.1968,359.7,0.27374,1357.414201
2026-09-26T07:45:06.970Z,SAND,-1.2467,60.55,0.04517,1357.414201
2026-09-26T07:45:06.970Z,AERO,-1.6691,1187,0.8893,1357.414201
2026-09-26T07:45:06.970Z,KGEN,-2.5027,223,0.1685,1357.414201
2026-09-26T07:45:06.970Z,LIT,-0.266,6640,4.9047,1357.414201
2026-09-26T07:45:06.970Z,MANA,-3.595,120,0.0917,1357.414201
2026-09-26T07:45:06.970Z,BAND,-6.7181,284.9,0.225,1357.414201
2026-09-26T07:45:06.970Z,APE,-0.9546,208.7,0.15523,1357.414201
2026-09-26T07:45:06.970Z,GMT,1.2487,12.17,0.008855,1357.414201
2026-09-26T07:45:06.970Z,VIRTUAL,-0.0038,1062,0.7824,1357.414201
2026-09-26T07:45:06.970Z,LPT,-5.3598,2261,1.76,1357.414201
2026-09-26T07:45:06.970Z,DATA,0.3491,308.8,0.2267,1357.414201
2026-09-26T07:45:06.970Z,THETA,-4.3911,302,0.2327,1357.414201
2026-09-26T07:45:06.970Z,GRT,-1.7216,37.5,0.02811,1357.414201
2026-09-26T07:45:06.970Z,LAYER,-3.3472,106.9,0.08148,1357.414201
2026-09-26T07:45:06.970Z,NMR,-0.6695,13130,9.738,1357.414201
2026-09-26T07:45:06.970Z,EIGEN,-9.7976,321.9,0.2629,1357.414201
2026-09-26T07:45:06.970Z,BAT,-1.7478,125.1,0.0938,1357.414201
2026-09-26T07:45:06.970Z,SPK,-7.5745,30.7,0.02447,1357.414201
2026-09-26T07:45:06.970Z,PUMP,-15.1909,5.276,0.004583,1357.414201
2026-09-26T07:45:06.970Z,KMNO,-6.7156,55.5,0.04383,1357.414201
2026-09-26T07:45:06.970Z,CHZ,0.091,22.54,0.01659,1357.414201
2026-09-26T07:45:06.970Z,PENGU,0.1586,13.82,0.010165,1357.414201
2026-09-26T07:45:06.970Z,OP,-0.7619,194.8,0.14461,1357.414201
2026-09-26T07:45:06.970Z,UMA,-1.5626,558.8,0.4182,1357.414201
2026-09-26T07:45:06.970Z,ZRO,-3.2223,2125,1.6176,1357.414201
2026-09-26T07:45:06.970Z,S,0.5775,56.03,0.04104,1357.414201
2026-09-26T07:45:06.970Z,IMX,-0.1174,226.3,0.16691,1357.414201
2026-09-26T07:45:06.970Z,A,-0.179,138.1,0.10192,1357.414201
2026-09-26T07:45:06.970Z,ATH,-0.5479,8.652,0.006409,1357.414201
2026-09-26T07:45:06.970Z,COMP,7.5052,34950,23.95,1357.414201
2026-09-26T07:45:06.970Z,CVX,-5.2719,2654,2.064,1357.414201
2026-09-26T07:45:06.970Z,AXS,-3.8095,1550,1.1871,1357.414201
2026-09-26T07:45:06.970Z,WCT,-1.8797,58.83,0.04417,1357.414201
2026-09-26T07:45:06.970Z,ME,-0.4238,106.2,0.07857,1357.414201
2026-09-26T07:45:06.970Z,ASTER,0.6315,1004,0.735,1357.414201
2026-09-26T07:45:06.970Z,GMX,0.1133,11210,8.249,1357.414201
2026-09-26T07:45:06.970Z,MORPHO,2.2367,3810,2.7454,1357.414201
2026-09-26T07:45:06.970Z,MON,-2.7552,35.02,0.02653,1357.414201
2026-09-26T07:45:06.970Z,1INCH,-2.6953,136.6,0.10342,1357.414201
2026-09-26T07:45:06.970Z,SKY,-0.5848,107,0.07929,1357.414201
2026-09-26T07:45:06.970Z,YGG,-3.4393,36.53,0.02787,1357.414201
2026-09-26T07:45:06.970Z,BIO,1.8612,45.02,0.03256,1357.414201
2026-09-26T07:45:06.970Z,MOVE,-5.055,12.54,0.00973,1357.414201
2026-09-26T07:45:06.970Z,GALA,-11.1503,2.628,0.002179,1357.414201
2026-09-26T07:45:06.970Z,ZK,-2.7649,17.14,0.012986,1357.414201
2026-09-26T07:45:06.970Z,ENS,0.0373,9610,7.077,1357.414201
2026-09-26T07:45:06.970Z,INJ,3.7387,11040,7.84,1357.414201
2026-09-26T07:45:06.970Z,KAITO,-4.0658,480,0.3686,1357.414201
2026-09-26T07:45:06.970Z,LDO,-3.0665,650,0.494,1357.414201
2026-09-26T07:45:06.970Z,BLUR,-0.3358,28.18,0.02083,1357.414201
2026-09-26T07:45:06.970Z,AUCTION,-1.9384,5170,3.884,1357.414201
2026-09-26T07:45:06.970Z,ZETA,0.0288,74.72,0.05503,1357.414201
2026-09-26T07:45:06.970Z,WIF,-2.73,325.6,0.2466,1357.414201
2026-09-26T07:45:06.970Z,KSM,-0.2053,6425,4.743,1357.414201
2026-09-26T07:50:06.989Z,BTC,0.2816,114397000,84039,1357.414201
2026-09-26T07:50:06.989Z,XRP,0.288,2114,1.5529,1357.414201
2026-09-26T07:50:06.989Z,SOL,0.2003,164100,120.65,1357.414201
2026-09-26T07:50:06.989Z,ETH,0.2405,3659000,2689.1,1357.414201
2026-09-26T07:50:06.989Z,FIL,0.3711,1463,1.0738,1357.414201
2026-09-26T07:50:06.989Z,TRX,0.1216,458.1,0.33707,1357.414201
2026-09-26T07:50:06.989Z,BNB,0.0685,1050000,773,1357.414201
2026-09-26T07:50:06.989Z,WLD,0.2588,657.6,0.4832,1357.414201
2026-09-26T07:50:06.989Z,FLOW,-1.9576,42.72,0.0321,1357.414201
2026-09-26T07:50:06.989Z,LINK,0.5584,19200,14.066,1357.414201
2026-09-26T07:50:06.989Z,DOGE,-0.0824,132.7,0.09784,1357.414201
2026-09-26T07:50:06.989Z,SUI,0.4152,1584,1.1621,1357.414201
2026-09-26T07:50:06.989Z,XLM,0.1713,296.6,0.21813,1357.414201
2026-09-26T07:50:06.989Z,BCH,-0.1151,457600,337.5,1357.414201
2026-09-26T07:50:06.989Z,AVAX,0.3426,14570,10.697,1357.414201
2026-09-26T07:50:06.989Z,ETC,0.0498,12800,9.425,1357.414201
2026-09-26T07:50:06.989Z,AAVE,-0.0825,209100,154.17,1357.414201
2026-09-26T07:50:06.989Z,ADA,-0.277,346.4,0.2559,1357.414201
2026-09-26T07:50:06.989Z,HYPE,-0.3296,124300,91.874,1357.414201
2026-09-26T07:50:06.989Z,SEI,0.5054,99.21,0.07272,1357.414201
2026-09-26T07:50:06.989Z,HBAR,-1.0352,126.8,0.09439,1357.414201
2026-09-26T07:50:06.989Z,ARB,0.5311,301.5,0.22094,1357.414201
2026-09-26T07:50:06.989Z,JTO,0.1516,792.3,0.5828,1357.414201
2026-09-26T07:50:06.989Z,ONDO,0.323,747.9,0.5492,1357.414201
2026-09-26T07:50:06.989Z,QTUM,1.2472,1441,1.0485,1357.414201
2026-09-26T07:50:06.989Z,PYTH,-2.0438,99.26,0.07465,1357.414201
2026-09-26T07:50:06.989Z,APT,0.2922,1152,0.8462,1357.414201
2026-09-26T07:50:06.989Z,UNI,0.5862,13240,9.697,1357.414201
2026-09-26T07:50:06.989Z,TIA,0.0995,664.3,0.4889,1357.414201
2026-09-26T07:50:06.989Z,ALGO,0.4237,157.8,0.11576,1357.414201
2026-09-26T07:50:06.989Z,NEAR,0.3484,6635,4.871,1357.414201
2026-09-26T07:50:06.989Z,ZIL,-4.9301,4.9,0.003797,1357.414201
2026-09-26T07:50:06.989Z,SUSHI,-3.2567,348,0.265,1357.414201
2026-09-26T07:50:06.989Z,PENDLE,-1.2933,3422,2.554,1357.414201
2026-09-26T07:50:06.989Z,XTZ,0.2185,444.3,0.3266,1357.414201
2026-09-26T07:50:06.989Z,W,-3.2908,16.45,0.012531,1357.414201
2026-09-26T07:50:06.989Z,AR,-6.0477,5855,4.591,1357.414201
2026-09-26T07:50:06.989Z,SHIB,0.543,0.0081,0.000005935,1357.414201
2026-09-26T07:50:06.989Z,CELO,0.1355,133.9,0.09851,1357.414201
2026-09-26T07:50:06.989Z,STX,1.0685,472.9,0.3447,1357.414201
2026-09-26T07:50:06.989Z,JUP,0.8153,475,0.3471,1357.414201
2026-09-26T07:50:06.989Z,PEPE,-1.0041,0.006,0.000004465,1357.414201
2026-09-26T07:50:06.989Z,DYDX,0.8622,186.2,0.136,1357.414201
2026-09-26T07:50:06.989Z,KITE,3.2363,189.7,0.13537,1357.414201
2026-09-26T07:50:06.989Z,CRV,0.5614,479.4,0.3512,1357.414201
2026-09-26T07:50:06.989Z,ENJ,-1.2475,41.26,0.03078,1357.414201
2026-09-26T07:50:06.989Z,ATOM,-0.0948,2479,1.828,1357.414201
2026-09-26T07:50:06.989Z,ICP,1.4503,4426,3.214,1357.414201
2026-09-26T07:50:06.989Z,SPACE,-1.7115,6.807,0.005102,1357.414201
2026-09-26T07:50:06.989Z,DOT,0.4174,1671,1.2259,1357.414201
2026-09-26T07:50:06.989Z,ETHFI,-0.0926,972.5,0.7171,1357.414201
2026-09-26T07:50:06.989Z,CC,0.4681,188.5,0.13822,1357.414201
2026-09-26T07:50:06.989Z,SYRUP,-1.9502,296.8,0.223,1357.414201
2026-09-26T07:50:06.989Z,TAO,-3.782,410500,314.3,1357.414201
2026-09-26T07:50:06.989Z,GRAM,0.5138,1977,1.449,1357.414201
2026-09-26T07:50:06.989Z,RAY,6.0579,2860,1.9866,1357.414201
2026-09-26T07:50:06.989Z,RENDER,-0.9807,2621,1.95,1357.414201
2026-09-26T07:50:06.989Z,GRASS,-14.9228,610.8,0.5289,1357.414201
2026-09-26T07:50:06.989Z,MINA,1.4767,192.5,0.13975,1357.414201
2026-09-26T07:50:06.989Z,POL,0.2533,162.2,0.11919,1357.414201
2026-09-26T07:50:06.989Z,ENA,-3.6893,359.7,0.27514,1357.414201
2026-09-26T07:50:06.989Z,SAND,-1.3559,60.55,0.04522,1357.414201
2026-09-26T07:50:06.989Z,AERO,-0.7878,1187,0.8814,1357.414201
2026-09-26T07:50:06.989Z,KGEN,-2.5027,223,0.1685,1357.414201
2026-09-26T07:50:06.989Z,LIT,-0.3026,6640,4.9065,1357.414201
2026-09-26T07:50:06.989Z,MANA,-3.6895,120,0.09179,1357.414201
2026-09-26T07:50:06.989Z,BAND,-6.7181,284.9,0.225,1357.414201
2026-09-26T07:50:06.989Z,APE,-1.082,208.7,0.15543,1357.414201
2026-09-26T07:50:06.989Z,GMT,1.1916,12.17,0.00886,1357.414201
2026-09-26T07:50:06.989Z,VIRTUAL,-0.0038,1062,0.7824,1357.414201
2026-09-26T07:50:06.989Z,LPT,-5.6814,2261,1.766,1357.414201
2026-09-26T07:50:06.989Z,DATA,0.5709,308.8,0.2262,1357.414201
2026-09-26T07:50:06.989Z,THETA,-4.4322,302,0.2328,1357.414201
2026-09-26T07:50:06.989Z,GRT,-1.8613,37.5,0.02815,1357.414201
2026-09-26T07:50:06.989Z,LAYER,-3.3947,106.9,0.08152,1357.414201
2026-09-26T07:50:06.989Z,NMR,-0.6593,13130,9.737,1357.414201
2026-09-26T07:50:06.989Z,EIGEN,-9.9688,321.9,0.2634,1357.414201
2026-09-26T07:50:06.989Z,BAT,-1.8838,125.1,0.09393,1357.414201
2026-09-26T07:50:06.989Z,SPK,-7.2713,30.7,0.02439,1357.414201
2026-09-26T07:50:06.989Z,PUMP,-15.5043,5.276,0.0046,1357.414201
2026-09-26T07:50:06.989Z,KMNO,-7.1393,55.5,0.04403,1357.414201
2026-09-26T07:50:06.989Z,CHZ,0.0307,22.54,0.0166,1357.414201
2026-09-26T07:50:06.989Z,PENGU,-0.2633,13.82,0.010208,1357.414201
2026-09-26T07:50:06.989Z,OP,-0.7276,194.8,0.14456,1357.414201
2026-09-26T07:50:06.989Z,UMA,-1.6332,558.8,0.4185,1357.414201
2026-09-26T07:50:06.989Z,ZRO,-3.3955,2125,1.6205,1357.414201
2026-09-26T07:50:06.989Z,S,0.4063,56.03,0.04111,1357.414201
2026-09-26T07:50:06.989Z,IMX,0.3516,226.3,0.16613,1357.414201
2026-09-26T07:50:06.989Z,A,-0.3062,138.1,0.10205,1357.414201
2026-09-26T07:50:06.989Z,ATH,-0.5169,8.652,0.006407,1357.414201
2026-09-26T07:50:06.989Z,COMP,7.5501,34950,23.94,1357.414201
2026-09-26T07:50:06.989Z,CVX,-5.3636,2654,2.066,1357.414201
2026-09-26T07:50:06.989Z,AXS,-3.5251,1550,1.1836,1357.414201
2026-09-26T07:50:06.989Z,WCT,-1.9241,58.83,0.04419,1357.414201
2026-09-26T07:50:06.989Z,ME,-0.2969,106.2,0.07847,1357.414201
2026-09-26T07:50:06.989Z,ASTER,0.4811,1004,0.7361,1357.414201
2026-09-26T07:50:06.989Z,GMX,0.1012,11210,8.25,1357.414201
2026-09-26T07:50:06.989Z,MORPHO,2.3523,3810,2.7423,1357.414201
2026-09-26T07:50:06.989Z,MON,-2.865,35.02,0.02656,1357.414201
2026-09-26T07:50:06.989Z,1INCH,-2.6765,136.6,0.1034,1357.414201
2026-09-26T07:50:06.989Z,SKY,-0.7475,107,0.07942,1357.414201
2026-09-26T07:50:06.989Z,YGG,-3.474,36.53,0.02788,1357.414201
2026-09-26T07:50:06.989Z,BIO,1.7362,45.02,0.0326,1357.414201
2026-09-26T07:50:06.989Z,MOVE,-5.0061,12.54,0.009725,1357.414201
2026-09-26T07:50:06.989Z,GALA,-11.2318,2.628,0.002181,1357.414201
2026-09-26T07:50:06.989Z,ZK,-2.6675,17.14,0.012973,1357.414201
2026-09-26T07:50:06.989Z,ENS,-0.1462,9610,7.09,1357.414201
2026-09-26T07:50:06.989Z,INJ,3.8711,11040,7.83,1357.414201
2026-09-26T07:50:06.989Z,KAITO,-4.1698,480,0.369,1357.414201
2026-09-26T07:50:06.989Z,LDO,-3.574,650,0.4966,1357.414201
2026-09-26T07:50:06.989Z,BLUR,-0.4314,28.18,0.02085,1357.414201
2026-09-26T07:50:06.989Z,AUCTION,-1.9637,5170,3.885,1357.414201
2026-09-26T07:50:06.989Z,ZETA,-0.0439,74.72,0.05507,1357.414201
2026-09-26T07:50:06.989Z,WIF,-3.0053,325.6,0.2473,1357.414201
2026-09-26T07:50:06.989Z,KSM,-0.2053,6425,4.743,1357.414201
2026-09-26T07:55:06.987Z,BTC,0.1831,114317000,84062.8,1357.414201
2026-09-26T07:55:06.987Z,XRP,0.2513,2112,1.552,1357.414201
2026-09-26T07:55:06.987Z,SOL,0.2198,164200,120.7,1357.414201
2026-09-26T07:55:06.987Z,ETH,0.2455,3660000,2689.7,1357.414201
2026-09-26T07:55:06.987Z,FIL,-0.1497,1463,1.0794,1357.414201
2026-09-26T07:55:06.987Z,TRX,0.1394,458.1,0.33701,1357.414201
2026-09-26T07:55:06.987Z,BNB,0.0426,1050000,773.2,1357.414201
2026-09-26T07:55:06.987Z,WLD,0.1345,657.6,0.4838,1357.414201
2026-09-26T07:55:06.987Z,FLOW,-1.9339,42.93,0.03225,1357.414201
2026-09-26T07:55:06.987Z,LINK,0.2228,19140,14.069,1357.414201
2026-09-26T07:55:06.987Z,DOGE,0.0171,132.9,0.09789,1357.414201
2026-09-26T07:55:06.987Z,SUI,0.1991,1581,1.1624,1357.414201
2026-09-26T07:55:06.987Z,XLM,0.2586,296.6,0.21794,1357.414201
2026-09-26T07:55:06.987Z,BCH,-0.2038,457600,337.8,1357.414201
2026-09-26T07:55:06.987Z,AVAX,0.3426,14570,10.697,1357.414201
2026-09-26T07:55:06.987Z,ETC,0.018,12800,9.428,1357.414201
2026-09-26T07:55:06.987Z,AAVE,-0.1213,209100,154.23,1357.414201
2026-09-26T07:55:06.987Z,ADA,-0.316,346.4,0.256,1357.414201
2026-09-26T07:55:06.987Z,HYPE,-0.3784,124300,91.919,1357.414201
2026-09-26T07:55:06.987Z,SEI,0.5745,99.21,0.07267,1357.414201
2026-09-26T07:55:06.987Z,HBAR,-0.9617,126.8,0.09432,1357.414201
2026-09-26T07:55:06.987Z,ARB,0.319,301,0.22104,1357.414201
2026-09-26T07:55:06.987Z,JTO,0.3145,792.5,0.582,1357.414201
2026-09-26T07:55:06.987Z,ONDO,0.3779,747.9,0.5489,1357.414201
2026-09-26T07:55:06.987Z,QTUM,0.968,1441,1.0514,1357.414201
2026-09-26T07:55:06.987Z,PYTH,-2.3577,99.26,0.07489,1357.414201
2026-09-26T07:55:06.987Z,APT,0.1029,1152,0.8478,1357.414201
2026-09-26T07:55:06.987Z,UNI,0.5136,13240,9.704,1357.414201
2026-09-26T07:55:06.987Z,TIA,0.0381,664.3,0.4892,1357.414201
2026-09-26T07:55:06.987Z,ALGO,0.3543,157.8,0.11584,1357.414201
2026-09-26T07:55:06.987Z,NEAR,-0.0707,6610,4.873,1357.414201
2026-09-26T07:55:06.987Z,ZIL,-4.9801,4.9,0.003799,1357.414201
2026-09-26T07:55:06.987Z,SUSHI,-3.2932,348,0.2651,1357.414201
2026-09-26T07:55:06.987Z,PENDLE,-1.3705,3422,2.556,1357.414201
2026-09-26T07:55:06.987Z,XTZ,0.0041,444.3,0.3273,1357.414201
2026-09-26T07:55:06.987Z,W,-3.6139,16.45,0.012573,1357.414201
2026-09-26T07:55:06.987Z,AR,-6.1091,5855,4.594,1357.414201
2026-09-26T07:55:06.987Z,SHIB,0.5939,0.0081,0.000005932,1357.414201
2026-09-26T07:55:06.987Z,CELO,0.0339,133.9,0.09861,1357.414201
2026-09-26T07:55:06.987Z,STX,0.7761,472.9,0.3457,1357.414201
2026-09-26T07:55:06.987Z,JUP,1.0774,475,0.3462,1357.414201
2026-09-26T07:55:06.987Z,PEPE,-0.9819,0.006,0.000004464,1357.414201
2026-09-26T07:55:06.987Z,DYDX,0.7659,186.2,0.13613,1357.414201
2026-09-26T07:55:06.987Z,KITE,3.6344,189.7,0.13485,1357.414201
2026-09-26T07:55:06.987Z,CRV,0.447,479.4,0.3516,1357.414201
2026-09-26T07:55:06.987Z,ENJ,-1.3756,41.26,0.03082,1357.414201
2026-09-26T07:55:06.987Z,ATOM,-0.3674,2479,1.833,1357.414201
2026-09-26T07:55:06.987Z,ICP,1.4503,4426,3.214,1357.414201
2026-09-26T07:55:06.987Z,SPACE,-1.7692,6.807,0.005105,1357.414201
2026-09-26T07:55:06.987Z,DOT,0.311,1671,1.2272,1357.414201
2026-09-26T07:55:06.987Z,ETHFI,-0.2873,972.5,0.7185,1357.414201
2026-09-26T07:55:06.987Z,CC,0.9648,188.5,0.13754,1357.414201
2026-09-26T07:55:06.987Z,SYRUP,-1.9502,296.8,0.223,1357.414201
2026-09-26T07:55:06.987Z,TAO,-3.6901,410500,314,1357.414201
2026-09-26T07:55:06.987Z,GRAM,0.4445,1977,1.45,1357.414201
2026-09-26T07:55:06.987Z,RAY,5.9886,2860,1.9879,1357.414201
2026-09-26T07:55:06.987Z,RENDER,-1.3348,2621,1.957,1357.414201
2026-09-26T07:55:06.987Z,GRASS,-15.2274,610.8,0.5308,1357.414201
2026-09-26T07:55:06.987Z,MINA,1.4767,192.5,0.13975,1357.414201
2026-09-26T07:55:06.987Z,POL,0.1105,162.2,0.11936,1357.414201
2026-09-26T07:55:06.987Z,ENA,-2.9095,359.7,0.27293,1357.414201
2026-09-26T07:55:06.987Z,SAND,-1.5953,60.55,0.04533,1357.414201
2026-09-26T07:55:06.987Z,AERO,-0.6638,1187,0.8803,1357.414201
2026-09-26T07:55:06.987Z,KGEN,-2.5027,223,0.1685,1357.414201
2026-09-26T07:55:06.987Z,LIT,-0.3432,6640,4.9085,1357.414201
2026-09-26T07:55:06.987Z,MANA,-3.9407,120,0.09203,1357.414201
2026-09-26T07:55:06.987Z,BAND,-6.8009,284.9,0.2252,1357.414201
2026-09-26T07:55:06.987Z,APE,-1.1456,208.7,0.15553,1357.414201
2026-09-26T07:55:06.987Z,GMT,1.2144,12.17,0.008858,1357.414201
2026-09-26T07:55:06.987Z,VIRTUAL,-0.0677,1062,0.7829,1357.414201
2026-09-26T07:55:06.987Z,LPT,-5.7881,2261,1.768,1357.414201
2026-09-26T07:55:06.987Z,DATA,0.7045,308.8,0.2259,1357.414201
2026-09-26T07:55:06.987Z,THETA,-4.4732,302,0.2329,1357.414201
2026-09-26T07:55:06.987Z,GRT,-2.1394,37.5,0.02823,1357.414201
2026-09-26T07:55:06.987Z,LAYER,-3.4065,106.9,0.08153,1357.414201
2026-09-26T07:55:06.987Z,NMR,-0.6185,13130,9.733,1357.414201
2026-09-26T07:55:06.987Z,EIGEN,-10.2754,321.9,0.2643,1357.414201
2026-09-26T07:55:06.987Z,BAT,-1.9777,125.1,0.09402,1357.414201
2026-09-26T07:55:06.987Z,SPK,-7.7253,30.7,0.02451,1357.414201
2026-09-26T07:55:06.987Z,PUMP,-15.4676,5.276,0.004598,1357.414201
2026-09-26T07:55:06.987Z,KMNO,-7.3707,55.5,0.04414,1357.414201
2026-09-26T07:55:06.987Z,CHZ,-0.0295,22.54,0.01661,1357.414201
2026-09-26T07:55:06.987Z,PENGU,-0.6526,13.82,0.010248,1357.414201
2026-09-26T07:55:06.987Z,OP,-0.9469,194.8,0.14488,1357.414201
2026-09-26T07:55:06.987Z,UMA,-1.4684,558.8,0.4178,1357.414201
2026-09-26T07:55:06.987Z,ZRO,-3.8641,2125,1.6284,1357.414201
2026-09-26T07:55:06.987Z,S,0.3818,56.03,0.04112,1357.414201
2026-09-26T07:55:06.987Z,IMX,-0.0635,226.3,0.16682,1357.414201
2026-09-26T07:55:06.987Z,A,-0.3843,138.1,0.10213,1357.414201
2026-09-26T07:55:06.987Z,ATH,-0.5169,8.652,0.006407,1357.414201
2026-09-26T07:55:06.987Z,COMP,7.5052,34950,23.95,1357.414201
2026-09-26T07:55:06.987Z,CVX,-5.3636,2654,2.066,1357.414201
2026-09-26T07:55:06.987Z,AXS,-3.468,1550,1.1829,1357.414201
2026-09-26T07:55:06.987Z,WCT,-1.9906,58.83,0.04422,1357.414201
2026-09-26T07:55:06.987Z,ME,-0.2842,106.2,0.07846,1357.414201
2026-09-26T07:55:06.987Z,ASTER,0.4266,1004,0.7365,1357.414201
2026-09-26T07:55:06.987Z,GMX,0.0527,11210,8.254,1357.414201
2026-09-26T07:55:06.987Z,MORPHO,2.2926,3810,2.7439,1357.414201
2026-09-26T07:55:06.987Z,MON,-3.0111,35.02,0.0266,1357.414201
2026-09-26T07:55:06.987Z,1INCH,-2.6859,136.6,0.10341,1357.414201
2026-09-26T07:55:06.987Z,SKY,-1.0465,107,0.07966,1357.414201
2026-09-26T07:55:06.987Z,YGG,-3.5086,36.53,0.02789,1357.414201
2026-09-26T07:55:06.987Z,BIO,1.8299,45.02,0.03257,1357.414201
2026-09-26T07:55:06.987Z,MOVE,-5.1524,12.54,0.00974,1357.414201
2026-09-26T07:55:06.987Z,GALA,-11.637,2.628,0.002191,1357.414201
2026-09-26T07:55:06.987Z,ZK,-2.9667,17.14,0.013013,1357.414201
2026-09-26T07:55:06.987Z,ENS,-0.1602,9610,7.091,1357.414201
2026-09-26T07:55:06.987Z,INJ,3.5537,11040,7.854,1357.414201
2026-09-26T07:55:06.987Z,KAITO,-4.1178,480,0.3688,1357.414201
2026-09-26T07:55:06.987Z,LDO,-3.5934,650,0.4967,1357.414201
2026-09-26T07:55:06.987Z,BLUR,-0.5268,28.18,0.02087,1357.414201
2026-09-26T07:55:06.987Z,AUCTION,-1.9384,5170,3.884,1357.414201
2026-09-26T07:55:06.987Z,ZETA,-0.3876,74.72,0.05526,1357.414201
2026-09-26T07:55:06.987Z,WIF,-3.0053,325.6,0.2473,1357.414201
2026-09-26T07:55:06.987Z,KSM,-0.2263,6425,4.744,1357.414201
2026-09-26T08:00:07.150Z,BTC,0.2477,114412000,84078.5,1357.414201
2026-09-26T08:00:07.150Z,XRP,0.2513,2112,1.552,1357.414201
2026-09-26T08:00:07.150Z,SOL,0.2198,164200,120.7,1357.414201
2026-09-26T08:00:07.150Z,ETH,0.2703,3661000,2689.77,1357.414201
2026-09-26T08:00:07.150Z,FIL,0.2497,1463,1.0751,1357.414201
2026-09-26T08:00:07.150Z,TRX,0.2129,458.3,0.33691,1357.414201
2026-09-26T08:00:07.150Z,BNB,0.0685,1050000,773,1357.414201
2026-09-26T08:00:07.150Z,WLD,0.3003,657.6,0.483,1357.414201
2026-09-26T08:00:07.150Z,FLOW,-1.3528,42.93,0.03206,1357.414201
2026-09-26T08:00:07.150Z,LINK,0.1943,19140,14.073,1357.414201
2026-09-26T08:00:07.150Z,DOGE,0.0069,132.9,0.0979,1357.414201
2026-09-26T08:00:07.150Z,SUI,0.3575,1582,1.1613,1357.414201
2026-09-26T08:00:07.150Z,XLM,0.3185,296.6,0.21781,1357.414201
2026-09-26T08:00:07.150Z,BCH,-0.0559,457600,337.3,1357.414201
2026-09-26T08:00:07.150Z,AVAX,0.4083,14570,10.69,1357.414201
2026-09-26T08:00:07.150Z,ETC,0.1454,12800,9.416,1357.414201
2026-09-26T08:00:07.150Z,AAVE,-0.0435,209100,154.11,1357.414201
2026-09-26T08:00:07.150Z,ADA,-0.1209,346.4,0.2555,1357.414201
2026-09-26T08:00:07.150Z,HYPE,-0.3155,124300,91.861,1357.414201
2026-09-26T08:00:07.150Z,SEI,0.5883,99.21,0.07266,1357.414201
2026-09-26T08:00:07.150Z,HBAR,-0.8671,126.8,0.09423,1357.414201
2026-09-26T08:00:07.150Z,ARB,0.6587,301.5,0.22066,1357.414201
2026-09-26T08:00:07.150Z,JTO,0.5413,793.2,0.5812,1357.414201
2026-09-26T08:00:07.150Z,ONDO,0.5244,747.9,0.5481,1357.414201
2026-09-26T08:00:07.150Z,QTUM,1.4504,1441,1.0464,1357.414201
2026-09-26T08:00:07.150Z,PYTH,-1.886,99.26,0.07453,1357.414201
2026-09-26T08:00:07.150Z,APT,0.4584,1152,0.8448,1357.414201
2026-09-26T08:00:07.150Z,UNI,0.4929,13240,9.706,1357.414201
2026-09-26T08:00:07.150Z,TIA,0.202,664.3,0.4884,1357.414201
2026-09-26T08:00:07.150Z,ALGO,0.6497,157.8,0.1155,1357.414201
2026-09-26T08:00:07.150Z,NEAR,0.2584,6610,4.857,1357.414201
2026-09-26T08:00:07.150Z,ZIL,-4.88,4.9,0.003795,1357.414201
2026-09-26T08:00:07.150Z,SUSHI,-3.1104,348,0.2646,1357.414201
2026-09-26T08:00:07.150Z,PENDLE,-1.2546,3422,2.553,1357.414201
2026-09-26T08:00:07.150Z,XTZ,0.0653,444.3,0.3271,1357.414201
2026-09-26T08:00:07.150Z,W,-3.8357,16.45,0.012602,1357.414201
2026-09-26T08:00:07.150Z,AR,-5.8837,5855,4.583,1357.414201
2026-09-26T08:00:07.150Z,SHIB,0.6787,0.0081,0.000005927,1357.414201
2026-09-26T08:00:07.150Z,CELO,0.227,133.9,0.09842,1357.414201
2026-09-26T08:00:07.150Z,STX,0.7178,472.9,0.3459,1357.414201
2026-09-26T08:00:07.150Z,JUP,1.429,475,0.345,1357.414201
2026-09-26T08:00:07.150Z,PEPE,-0.8041,0.006,0.000004456,1357.414201
2026-09-26T08:00:07.150Z,DYDX,0.9364,186.2,0.1359,1357.414201
2026-09-26T08:00:07.150Z,KITE,3.6882,189.7,0.13478,1357.414201
2026-09-26T08:00:07.150Z,CRV,0.6473,479.4,0.3509,1357.414201
2026-09-26T08:00:07.150Z,ENJ,-1.4076,41.26,0.03083,1357.414201
2026-09-26T08:00:07.150Z,ATOM,-0.204,2479,1.83,1357.414201
2026-09-26T08:00:07.150Z,ICP,1.7034,4426,3.206,1357.414201
2026-09-26T08:00:07.150Z,SPACE,-1.615,6.807,0.005097,1357.414201
2026-09-26T08:00:07.150Z,DOT,0.8369,1671,1.2208,1357.414201
2026-09-26T08:00:07.150Z,ETHFI,-0.0648,972.5,0.7169,1357.414201
2026-09-26T08:00:07.150Z,CC,0.3972,186.5,0.13685,1357.414201
2026-09-26T08:00:07.150Z,SYRUP,-1.8622,296.8,0.2228,1357.414201
2026-09-26T08:00:07.150Z,TAO,-3.6287,410500,313.8,1357.414201
2026-09-26T08:00:07.150Z,GRAM,0.4445,1977,1.45,1357.414201
2026-09-26T08:00:07.150Z,RAY,5.9087,2860,1.9894,1357.414201
2026-09-26T08:00:07.150Z,RENDER,-1.1328,2621,1.953,1357.414201
2026-09-26T08:00:07.150Z,GRASS,-15.4662,610.8,0.5323,1357.414201
2026-09-26T08:00:07.150Z,MINA,1.4259,192.5,0.13982,1357.414201
2026-09-26T08:00:07.150Z,POL,0.4809,162.2,0.11892,1357.414201
2026-09-26T08:00:07.150Z,ENA,-2.6169,359.7,0.27211,1357.414201
2026-09-26T08:00:07.150Z,SAND,-1.5735,60.55,0.04532,1357.414201
2026-09-26T08:00:07.150Z,AERO,-0.2944,1186,0.8763,1357.414201
2026-09-26T08:00:07.150Z,KGEN,-2.7912,223,0.169,1357.414201
2026-09-26T08:00:07.150Z,LIT,0.0461,6640,4.8894,1357.414201
2026-09-26T08:00:07.150Z,MANA,-3.7629,120,0.09186,1357.414201
2026-09-26T08:00:07.150Z,BAND,-6.6351,284.9,0.2248,1357.414201
2026-09-26T08:00:07.150Z,APE,-0.9801,208.7,0.15527,1357.414201
2026-09-26T08:00:07.150Z,GMT,1.432,12.17,0.008839,1357.414201
2026-09-26T08:00:07.150Z,VIRTUAL,0.2011,1062,0.7808,1357.414201
2026-09-26T08:00:07.150Z,LPT,-5.7881,2261,1.768,1357.414201
2026-09-26T08:00:07.150Z,DATA,0.5709,308.8,0.2262,1357.414201
2026-09-26T08:00:07.150Z,THETA,-4.1853,302,0.2322,1357.414201
2026-09-26T08:00:07.150Z,GRT,-1.7216,37.5,0.02811,1357.414201
2026-09-26T08:00:07.150Z,LAYER,-3.276,106.9,0.08142,1357.414201
2026-09-26T08:00:07.150Z,NMR,-0.5572,13130,9.727,1357.414201
2026-09-26T08:00:07.150Z,EIGEN,-9.8319,321.9,0.263,1357.414201
2026-09-26T08:00:07.150Z,BAT,-1.6745,125.1,0.09373,1357.414201
2026-09-26T08:00:07.150Z,SPK,-7.6122,30.7,0.02448,1357.414201
2026-09-26T08:00:07.150Z,PUMP,-14.9682,5.276,0.004571,1357.414201
2026-09-26T08:00:07.150Z,KMNO,-7.076,55.5,0.044,1357.414201
2026-09-26T08:00:07.150Z,CHZ,0.1514,22.54,0.01658,1357.414201
2026-09-26T08:00:07.150Z,PENGU,-0.4778,13.82,0.01023,1357.414201
2026-09-26T08:00:07.150Z,OP,-0.3969,194.8,0.14408,1357.414201
2026-09-26T08:00:07.150Z,UMA,-1.4212,558.8,0.4176,1357.414201
2026-09-26T08:00:07.150Z,ZRO,-3.7814,2125,1.627,1357.414201
2026-09-26T08:00:07.150Z,S,0.5775,56.03,0.04104,1357.414201
2026-09-26T08:00:07.150Z,IMX,0.6059,226.3,0.16571,1357.414201
2026-09-26T08:00:07.150Z,A,-0.2769,138.1,0.10202,1357.414201
2026-09-26T08:00:07.150Z,ATH,-0.2522,8.652,0.00639,1357.414201
2026-09-26T08:00:07.150Z,COMP,7.64,34950,23.92,1357.414201
2026-09-26T08:00:07.150Z,CVX,-5.2719,2654,2.064,1357.414201
2026-09-26T08:00:07.150Z,AXS,-3.3618,1550,1.1816,1357.414201
2026-09-26T08:00:07.150Z,WCT,-3.0647,58.83,0.04471,1357.414201
2026-09-26T08:00:07.150Z,ME,-0.0294,106.2,0.07826,1357.414201
2026-09-26T08:00:07.150Z,ASTER,0.5358,1004,0.7357,1357.414201
2026-09-26T08:00:07.150Z,GMX,0.0648,11210,8.253,1357.414201
2026-09-26T08:00:07.150Z,MORPHO,2.5468,3810,2.7371,1357.414201
2026-09-26T08:00:07.150Z,MON,-3.0111,35.02,0.0266,1357.414201
2026-09-26T08:00:07.150Z,1INCH,-2.5917,136.6,0.10331,1357.414201
2026-09-26T08:00:07.150Z,SKY,-0.5848,107,0.07929,1357.414201
2026-09-26T08:00:07.150Z,YGG,-3.3353,36.53,0.02784,1357.414201
2026-09-26T08:00:07.150Z,BIO,1.9551,45.02,0.03253,1357.414201
2026-09-26T08:00:07.150Z,MOVE,-4.9181,12.54,0.009716,1357.414201
2026-09-26T08:00:07.150Z,GALA,-11.3538,2.628,0.002184,1357.414201
2026-09-26T08:00:07.150Z,ZK,-2.6074,17.14,0.012965,1357.414201
2026-09-26T08:00:07.150Z,ENS,-0.0475,9610,7.083,1357.414201
2026-09-26T08:00:07.150Z,INJ,3.7784,11040,7.837,1357.414201
2026-09-26T08:00:07.150Z,KAITO,-3.8571,480,0.3678,1357.414201
2026-09-26T08:00:07.150Z,LDO,-3.4379,650,0.4959,1357.414201
2026-09-26T08:00:07.150Z,BLUR,-0.5268,28.18,0.02087,1357.414201
2026-09-26T08:00:07.150Z,AUCTION,-1.9132,5170,3.883,1357.414201
2026-09-26T08:00:07.150Z,ZETA,-0.5316,74.72,0.05534,1357.414201
2026-09-26T08:00:07.150Z,WIF,-2.73,325.6,0.2466,1357.414201
2026-09-26T08:00:07.150Z,KSM,-0.1421,6425,4.74,1357.414201
2026-09-26T08:05:06.885Z,BTC,0.3049,114406000,84026.1,1357.414201
2026-09-26T08:05:06.885Z,XRP,0.359,2111,1.5496,1357.414201
2026-09-26T08:05:06.885Z,SOL,0.3195,164200,120.58,1357.414201
2026-09-26T08:05:06.885Z,ETH,0.3352,3661000,2688.03,1357.414201
2026-09-26T08:05:06.885Z,FIL,0.4178,1463,1.0733,1357.414201
2026-09-26T08:05:06.885Z,TRX,0.2426,458.3,0.33681,1357.414201
2026-09-26T08:05:06.885Z,BNB,0.1203,1050000,772.6,1357.414201
2026-09-26T08:05:06.885Z,WLD,0.5559,656,0.4806,1357.414201
2026-09-26T08:05:06.885Z,FLOW,-1.075,42.93,0.03197,1357.414201
2026-09-26T08:05:06.885Z,LINK,0.7733,19200,14.036,1357.414201
2026-09-26T08:05:06.885Z,DOGE,0.3795,133,0.09761,1357.414201
2026-09-26T08:05:06.885Z,SUI,0.4294,1577,1.1568,1357.414201
2026-09-26T08:05:06.885Z,XLM,0.3736,296,0.21725,1357.414201
2026-09-26T08:05:06.885Z,BCH,0.0331,457600,337,1357.414201
2026-09-26T08:05:06.885Z,AVAX,0.757,14570,10.653,1357.414201
2026-09-26T08:05:06.885Z,ETC,0.2732,12800,9.404,1357.414201
2026-09-26T08:05:06.885Z,AAVE,0.0473,209100,153.97,1357.414201
2026-09-26T08:05:06.885Z,ADA,0.2715,346.4,0.2545,1357.414201
2026-09-26T08:05:06.885Z,HYPE,0.235,125000,91.871,1357.414201
2026-09-26T08:05:06.885Z,SEI,1.0473,99.21,0.07233,1357.414201
2026-09-26T08:05:06.885Z,HBAR,-0.6351,126.8,0.09401,1357.414201
2026-09-26T08:05:06.885Z,ARB,0.6496,301.5,0.22068,1357.414201
2026-09-26T08:05:06.885Z,JTO,0.6453,793.2,0.5806,1357.414201
2026-09-26T08:05:06.885Z,ONDO,0.3343,742.4,0.5451,1357.414201
2026-09-26T08:05:06.885Z,QTUM,1.7324,1441,1.0435,1357.414201
2026-09-26T08:05:06.885Z,PYTH,-2.0175,99.26,0.07463,1357.414201
2026-09-26T08:05:06.885Z,APT,0.6371,1152,0.8433,1357.414201
2026-09-26T08:05:06.885Z,UNI,0.6484,13240,9.691,1357.414201
2026-09-26T08:05:06.885Z,TIA,0.4488,664.3,0.4872,1357.414201
2026-09-26T08:05:06.885Z,ALGO,0.8856,157.8,0.11523,1357.414201
2026-09-26T08:05:06.885Z,NEAR,0.6106,6610,4.84,1357.414201
2026-09-26T08:05:06.885Z,ZIL,-4.9551,4.9,0.003798,1357.414201
2026-09-26T08:05:06.885Z,SUSHI,-2.8534,348,0.2639,1357.414201
2026-09-26T08:05:06.885Z,PENDLE,-1.4861,3422,2.559,1357.414201
2026-09-26T08:05:06.885Z,XTZ,0.2185,444.3,0.3266,1357.414201
2026-09-26T08:05:06.885Z,W,-3.4987,16.45,0.012558,1357.414201
2026-09-26T08:05:06.885Z,AR,-5.616,5855,4.57,1357.414201
2026-09-26T08:05:06.885Z,SHIB,1.0881,0.0081,0.000005903,1357.414201
2026-09-26T08:05:06.885Z,CELO,0.4516,133.9,0.0982,1357.414201
2026-09-26T08:05:06.885Z,STX,0.283,472.9,0.3474,1357.414201
2026-09-26T08:05:06.885Z,JUP,-0.2543,468.2,0.3458,1357.414201
2026-09-26T08:05:06.885Z,PEPE,-0.4466,0.006,0.00000444,1357.414201
2026-09-26T08:05:06.885Z,DYDX,1.1224,186.2,0.13565,1357.414201
2026-09-26T08:05:06.885Z,KITE,3.7806,189.7,0.13466,1357.414201
2026-09-26T08:05:06.885Z,CRV,1.1373,479.4,0.3492,1357.414201
2026-09-26T08:05:06.885Z,ENJ,-1.0868,41.26,0.03073,1357.414201
2026-09-26T08:05:06.885Z,ATOM,-0.3674,2479,1.833,1357.414201
2026-09-26T08:05:06.885Z,ICP,1.8941,4426,3.2,1357.414201
2026-09-26T08:05:06.885Z,SPACE,-1.615,6.807,0.005097,1357.414201
2026-09-26T08:05:06.885Z,DOT,1.1684,1671,1.2168,1357.414201
2026-09-26T08:05:06.885Z,ETHFI,0.2709,972.5,0.7145,1357.414201
2026-09-26T08:05:06.885Z,CC,0.6473,186.5,0.13651,1357.414201
2026-09-26T08:05:06.885Z,SYRUP,-1.6857,296.8,0.2224,1357.414201
2026-09-26T08:05:06.885Z,TAO,-3.5672,410500,313.6,1357.414201
2026-09-26T08:05:06.885Z,GRAM,0.5138,1977,1.449,1357.414201
2026-09-26T08:05:06.885Z,RAY,6.1969,2860,1.984,1357.414201
2026-09-26T08:05:06.885Z,RENDER,-1.0314,2621,1.951,1357.414201
2026-09-26T08:05:06.885Z,GRASS,-14.6485,610.8,0.5272,1357.414201
2026-09-26T08:05:06.885Z,MINA,1.3679,192.5,0.1399,1357.414201
2026-09-26T08:05:06.885Z,POL,0.8456,162.2,0.11849,1357.414201
2026-09-26T08:05:06.885Z,ENA,-2.7491,359.7,0.27248,1357.414201
2026-09-26T08:05:06.885Z,SAND,-1.5518,60.55,0.04531,1357.414201
2026-09-26T08:05:06.885Z,AERO,-0.7249,1186,0.8801,1357.414201
2026-09-26T08:05:06.885Z,KGEN,-2.5027,223,0.1685,1357.414201
2026-09-26T08:05:06.885Z,LIT,-0.0091,6640,4.8921,1357.414201
2026-09-26T08:05:06.885Z,MANA,-3.7629,120,0.09186,1357.414201
2026-09-26T08:05:06.885Z,BAND,-6.7181,284.9,0.225,1357.414201
2026-09-26T08:05:06.885Z,APE,-0.8843,208.7,0.15512,1357.414201
2026-09-26T08:05:06.885Z,GMT,1.5699,12.17,0.008827,1357.414201
2026-09-26T08:05:06.885Z,VIRTUAL,0.4326,1062,0.779,1357.414201
2026-09-26T08:05:06.885Z,LPT,-5.8945,2261,1.77,1357.414201
2026-09-26T08:05:06.885Z,DATA,0.5709,308.8,0.2262,1357.414201
2026-09-26T08:05:06.885Z,THETA,-4.1027,302,0.232,1357.414201
2026-09-26T08:05:06.885Z,GRT,-1.5816,37.5,0.02807,1357.414201
2026-09-26T08:05:06.885Z,LAYER,-3.2998,106.9,0.08144,1357.414201
2026-09-26T08:05:06.885Z,NMR,-0.5674,13130,9.728,1357.414201
2026-09-26T08:05:06.885Z,EIGEN,-9.8662,321.9,0.2631,1357.414201
2026-09-26T08:05:06.885Z,BAT,-1.5905,125.1,0.09365,1357.414201
2026-09-26T08:05:06.885Z,SPK,-6.8895,30.7,0.02429,1357.414201
2026-09-26T08:05:06.885Z,PUMP,-14.8565,5.276,0.004565,1357.414201
2026-09-26T08:05:06.885Z,KMNO,0.5727,60,0.04395,1357.414201
2026-09-26T08:05:06.885Z,CHZ,0.2723,22.54,0.01656,1357.414201
2026-09-26T08:05:06.885Z,PENGU,0.1094,13.82,0.01017,1357.414201
2026-09-26T08:05:06.885Z,OP,-0.3069,194.8,0.14395,1357.414201
2026-09-26T08:05:06.885Z,UMA,-1.3976,558.8,0.4175,1357.414201
2026-09-26T08:05:06.885Z,ZRO,-2.8137,2125,1.6108,1357.414201
2026-09-26T08:05:06.885Z,S,0.7986,56.03,0.04095,1357.414201
2026-09-26T08:05:06.885Z,IMX,0.5028,226.3,0.16588,1357.414201
2026-09-26T08:05:06.885Z,A,-0.3745,138.1,0.10212,1357.414201
2026-09-26T08:05:06.885Z,ATH,-0.4392,8.652,0.006402,1357.414201
2026-09-26T08:05:06.885Z,COMP,7.7752,34950,23.89,1357.414201
2026-09-26T08:05:06.885Z,CVX,-4.9957,2654,2.058,1357.414201
2026-09-26T08:05:06.885Z,AXS,-3.1076,1550,1.1785,1357.414201
2026-09-26T08:05:06.885Z,WCT,-2.5635,58.83,0.04448,1357.414201
2026-09-26T08:05:06.885Z,ME,-0.0166,106.2,0.07825,1357.414201
2026-09-26T08:05:06.885Z,ASTER,0.5494,1004,0.7356,1357.414201
2026-09-26T08:05:06.885Z,GMX,0.1376,11210,8.247,1357.414201
2026-09-26T08:05:06.885Z,MORPHO,2.7231,3810,2.7324,1357.414201
2026-09-26T08:05:06.885Z,MON,-2.6818,35.02,0.02651,1357.414201
2026-09-26T08:05:06.885Z,1INCH,-2.469,136.6,0.10318,1357.414201
2026-09-26T08:05:06.885Z,SKY,-0.4466,107,0.07918,1357.414201
2026-09-26T08:05:06.885Z,YGG,-3.9562,36.53,0.02802,1357.414201
2026-09-26T08:05:06.885Z,BIO,2.238,45.02,0.03244,1357.414201
2026-09-26T08:05:06.885Z,MOVE,-4.7809,12.54,0.009702,1357.414201
2026-09-26T08:05:06.885Z,GALA,-11.1096,2.628,0.002178,1357.414201
2026-09-26T08:05:06.885Z,ZK,-2.5322,17.14,0.012955,1357.414201
2026-09-26T08:05:06.885Z,ENS,0.193,9610,7.066,1357.414201
2026-09-26T08:05:06.885Z,INJ,4.0173,11040,7.819,1357.414201
2026-09-26T08:05:06.885Z,KAITO,-3.7,480,0.3672,1357.414201
2026-09-26T08:05:06.885Z,LDO,-3.7484,650,0.4975,1357.414201
2026-09-26T08:05:06.885Z,BLUR,-0.4791,28.18,0.02086,1357.414201
2026-09-26T08:05:06.885Z,AUCTION,-1.8879,5170,3.882,1357.414201
2026-09-26T08:05:06.885Z,ZETA,0.3022,74.72,0.05488,1357.414201
2026-09-26T08:05:06.885Z,WIF,-2.73,325.6,0.2466,1357.414201
2026-09-26T08:05:06.885Z,KSM,-0.0367,6425,4.735,1357.414201
2026-09-26T08:10:06.738Z,BTC,0.2683,114375000,84034,1357.414201
2026-09-26T08:10:06.738Z,XRP,0.305,2110,1.5497,1357.414201
2026-09-26T08:10:06.738Z,SOL,0.3362,164200,120.56,1357.414201
2026-09-26T08:10:06.738Z,ETH,0.2869,3660000,2688.59,1357.414201
2026-09-26T08:10:06.738Z,FIL,-0.2882,1463,1.0809,1357.414201
2026-09-26T08:10:06.738Z,TRX,0.2456,458.3,0.3368,1357.414201
2026-09-26T08:10:06.738Z,BNB,0.1333,1050000,772.5,1357.414201
2026-09-26T08:10:06.738Z,WLD,0.7446,656,0.4797,1357.414201
2026-09-26T08:10:06.738Z,FLOW,-0.1308,43.15,0.03183,1357.414201
2026-09-26T08:10:06.738Z,LINK,0.7805,19200,14.035,1357.414201
2026-09-26T08:10:06.738Z,DOGE,0.2902,132.8,0.09755,1357.414201
2026-09-26T08:10:06.738Z,SUI,0.3311,1576,1.1572,1357.414201
2026-09-26T08:10:06.738Z,XLM,0.298,295.6,0.21712,1357.414201
2026-09-26T08:10:06.738Z,BCH,0.0925,457600,336.8,1357.414201
2026-09-26T08:10:06.738Z,AVAX,0.587,14570,10.671,1357.414201
2026-09-26T08:10:06.738Z,ETC,0.2839,12800,9.403,1357.414201
2026-09-26T08:10:06.738Z,AAVE,-0.0176,209100,154.07,1357.414201
2026-09-26T08:10:06.738Z,ADA,0.3504,346.4,0.2543,1357.414201
2026-09-26T08:10:06.738Z,HYPE,0.366,125000,91.751,1357.414201
2026-09-26T08:10:06.738Z,SEI,0.727,99.21,0.07256,1357.414201
2026-09-26T08:10:06.738Z,HBAR,-0.825,126.8,0.09419,1357.414201
2026-09-26T08:10:06.738Z,ARB,0.4084,301.5,0.22121,1357.414201
2026-09-26T08:10:06.738Z,JTO,0.145,793.2,0.5835,1357.414201
2026-09-26T08:10:06.738Z,ONDO,0.3464,741.4,0.5443,1357.414201
2026-09-26T08:10:06.738Z,QTUM,1.5475,1441,1.0454,1357.414201
2026-09-26T08:10:06.738Z,PYTH,-2.0438,99.26,0.07465,1357.414201
2026-09-26T08:10:06.738Z,APT,0.5774,1152,0.8438,1357.414201
2026-09-26T08:10:06.738Z,UNI,0.7212,13240,9.684,1357.414201
2026-09-26T08:10:06.738Z,TIA,0.3869,664.3,0.4875,1357.414201
2026-09-26T08:10:06.738Z,ALGO,0.9644,157.8,0.11514,1357.414201
2026-09-26T08:10:06.738Z,NEAR,0.106,6585,4.846,1357.414201
2026-09-26T08:10:06.738Z,ZIL,-4.9551,4.9,0.003798,1357.414201
2026-09-26T08:10:06.738Z,SUSHI,-3.0005,348,0.2643,1357.414201
2026-09-26T08:10:06.738Z,PENDLE,-1.7549,3422,2.566,1357.414201
2026-09-26T08:10:06.738Z,XTZ,0.1878,444.3,0.3267,1357.414201
2026-09-26T08:10:06.738Z,W,-3.4757,16.45,0.012555,1357.414201
2026-09-26T08:10:06.738Z,AR,-5.7192,5855,4.575,1357.414201
2026-09-26T08:10:06.738Z,SHIB,1.0196,0.0081,5.907e-06,1357.414201
2026-09-26T08:10:06.738Z,CELO,0.2882,133.9,0.09836,1357.414201
2026-09-26T08:10:06.738Z,STX,0.1676,472.9,0.3478,1357.414201
2026-09-26T08:10:06.738Z,JUP,-0.052,468.2,0.3451,1357.414201
2026-09-26T08:10:06.738Z,PEPE,-0.581,0.006,4.446e-06,1357.414201
2026-09-26T08:10:06.738Z,DYDX,1.0554,186.2,0.13574,1357.414201
2026-09-26T08:10:06.738Z,KITE,3.6959,189.7,0.13477,1357.414201
2026-09-26T08:10:06.738Z,CRV,1.1663,479.4,0.3491,1357.414201
2026-09-26T08:10:06.738Z,ENJ,-1.9483,41.26,0.031,1357.414201
2026-09-26T08:10:06.738Z,ATOM,-0.1495,2479,1.829,1357.414201
2026-09-26T08:10:06.738Z,ICP,1.6083,4426,3.209,1357.414201
2026-09-26T08:10:06.738Z,SPACE,-1.5378,6.807,0.005093,1357.414201
2026-09-26T08:10:06.738Z,DOT,0.5322,1671,1.2245,1357.414201
2026-09-26T08:10:06.738Z,ETHFI,0.2148,972.5,0.7149,1357.414201
2026-09-26T08:10:06.738Z,CC,-0.0119,186.5,0.13741,1357.414201
2026-09-26T08:10:06.738Z,SYRUP,-1.9062,296.8,0.2229,1357.414201
2026-09-26T08:10:06.738Z,TAO,-3.3824,410500,313,1357.414201
2026-09-26T08:10:06.738Z,GRAM,0.4445,1977,1.45,1357.414201
2026-09-26T08:10:06.738Z,RAY,5.9886,2860,1.9879,1357.414201
2026-09-26T08:10:06.738Z,RENDER,-0.9807,2621,1.95,1357.414201
2026-09-26T08:10:06.738Z,GRASS,-14.5188,610.8,0.5264,1357.414201
2026-09-26T08:10:06.738Z,MINA,1.1078,192.5,0.14026,1357.414201
2026-09-26T08:10:06.738Z,POL,1.0331,162.2,0.11827,1357.414201
2026-09-26T08:10:06.738Z,ENA,-4.1561,359.7,0.27648,1357.414201
2026-09-26T08:10:06.738Z,SAND,-1.3559,60.55,0.04522,1357.414201
2026-09-26T08:10:06.738Z,AERO,-1.4305,1186,0.8864,1357.414201
2026-09-26T08:10:06.738Z,KGEN,-2.2707,223,0.1681,1357.414201
2026-09-26T08:10:06.738Z,LIT,0.0072,6640,4.8913,1357.414201
2026-09-26T08:10:06.738Z,MANA,-3.7105,120,0.09181,1357.414201
2026-09-26T08:10:06.738Z,BAND,-6.7595,284.9,0.2251,1357.414201
2026-09-26T08:10:06.738Z,APE,-1.0629,208.7,0.1554,1357.414201
2026-09-26T08:10:06.738Z,GMT,1.5814,12.17,0.008826,1357.414201
2026-09-26T08:10:06.738Z,VIRTUAL,0.4068,1062,0.7792,1357.414201
2026-09-26T08:10:06.738Z,LPT,-6.2652,2261,1.777,1357.414201
2026-09-26T08:10:06.738Z,DATA,0.6154,308.8,0.2261,1357.414201
2026-09-26T08:10:06.738Z,THETA,-4.3089,302,0.2325,1357.414201
2026-09-26T08:10:06.738Z,GRT,-1.4059,37.5,0.02802,1357.414201
2026-09-26T08:10:06.738Z,LAYER,-3.5248,106.9,0.08163,1357.414201
2026-09-26T08:10:06.738Z,NMR,-0.5674,13130,9.728,1357.414201
2026-09-26T08:10:06.738Z,EIGEN,-9.8319,321.9,0.263,1357.414201
2026-09-26T08:10:06.738Z,BAT,-1.58,125.1,0.09364,1357.414201
2026-09-26T08:10:06.738Z,SPK,-6.466,30.7,0.02418,1357.414201
2026-09-26T08:10:06.738Z,PUMP,-14.5946,5.276,0.004551,1357.414201
2026-09-26T08:10:06.738Z,KMNO,0.825,60,0.04384,1357.414201
2026-09-26T08:10:06.738Z,CHZ,0.3329,22.54,0.01655,1357.414201
2026-09-26T08:10:06.738Z,PENGU,0.1389,13.82,0.010167,1357.414201
2026-09-26T08:10:06.738Z,OP,-0.4453,194.8,0.14415,1357.414201
2026-09-26T08:10:06.738Z,UMA,-1.4684,558.8,0.4178,1357.414201
2026-09-26T08:10:06.738Z,ZRO,-2.4625,2125,1.605,1357.414201
2026-09-26T08:10:06.738Z,S,0.5285,56.03,0.04106,1357.414201
2026-09-26T08:10:06.738Z,IMX,0.4786,226.3,0.16592,1357.414201
2026-09-26T08:10:06.738Z,A,-0.5304,138.1,0.10228,1357.414201
2026-09-26T08:10:06.738Z,ATH,-0.5169,8.652,0.006407,1357.414201
2026-09-26T08:10:06.738Z,COMP,7.8203,34950,23.88,1357.414201
2026-09-26T08:10:06.738Z,CVX,-4.9495,2654,2.057,1357.414201
2026-09-26T08:10:06.738Z,AXS,-3.2554,1550,1.1803,1357.414201
2026-09-26T08:10:06.738Z,WCT,-2.1676,58.83,0.0443,1357.414201
2026-09-26T08:10:06.738Z,ME,0.0089,106.2,0.07823,1357.414201
2026-09-26T08:10:06.738Z,ASTER,0.5221,1004,0.7358,1357.414201
2026-09-26T08:10:06.738Z,GMX,0.1376,11210,8.247,1357.414201
2026-09-26T08:10:06.738Z,MORPHO,2.3001,3810,2.7437,1357.414201
2026-09-26T08:10:06.738Z,MON,-2.6818,35.02,0.02651,1357.414201
2026-09-26T08:10:06.738Z,1INCH,-2.5257,136.6,0.10324,1357.414201
2026-09-26T08:10:06.738Z,SKY,-0.3712,107,0.07912,1357.414201
2026-09-26T08:10:06.738Z,YGG,-3.7501,36.53,0.02796,1357.414201
2026-09-26T08:10:06.738Z,BIO,2.3011,45.02,0.03242,1357.414201
2026-09-26T08:10:06.738Z,MOVE,-4.9084,12.54,0.009715,1357.414201
2026-09-26T08:10:06.738Z,GALA,-11.3943,2.628,0.002185,1357.414201
2026-09-26T08:10:06.738Z,ZK,-2.7125,17.14,0.012979,1357.414201
2026-09-26T08:10:06.738Z,ENS,0.1505,9610,7.069,1357.414201
2026-09-26T08:10:06.738Z,INJ,4.0572,11040,7.816,1357.414201
2026-09-26T08:10:06.738Z,KAITO,-3.7,480,0.3672,1357.414201
2026-09-26T08:10:06.738Z,LDO,-3.4379,650,0.4959,1357.414201
2026-09-26T08:10:06.738Z,BLUR,-0.6696,28.18,0.0209,1357.414201
2026-09-26T08:10:06.738Z,AUCTION,-1.8879,5170,3.882,1357.414201
2026-09-26T08:10:06.738Z,ZETA,0.5036,74.72,0.05477,1357.414201
2026-09-26T08:10:06.738Z,WIF,-2.9661,325.6,0.2472,1357.414201
2026-09-26T08:10:06.738Z,KSM,0.1113,6425,4.728,1357.414201
2026-09-26T08:15:06.935Z,BTC,0.2634,114370000,84034.4,1357.414201
2026-09-26T08:15:06.935Z,XRP,0.3222,2109,1.5487,1357.414201
2026-09-26T08:15:06.935Z,SOL,0.4195,164200,120.46,1357.414201
2026-09-26T08:15:06.935Z,ETH,0.285,3660000,2688.64,1357.414201
2026-09-26T08:15:06.935Z,FIL,0.3936,1479,1.0853,1357.414201
2026-09-26T08:15:06.935Z,TRX,0.2188,458.3,0.33689,1357.414201
2026-09-26T08:15:06.935Z,BNB,0.0944,1050000,772.8,1357.414201
2026-09-26T08:15:06.935Z,WLD,0.2809,652.3,0.4792,1357.414201
2026-09-26T08:15:06.935Z,FLOW,-0.1621,43.15,0.03184,1357.414201
2026-09-26T08:15:06.935Z,LINK,0.7805,19200,14.035,1357.414201
2026-09-26T08:15:06.935Z,DOGE,0.2799,132.8,0.09756,1357.414201
2026-09-26T08:15:06.935Z,SUI,0.3021,1575,1.1568,1357.414201
2026-09-26T08:15:06.935Z,XLM,0.3335,295.8,0.21719,1357.414201
2026-09-26T08:15:06.935Z,BCH,0.152,457600,336.6,1357.414201
2026-09-26T08:15:06.935Z,AVAX,0.4929,14570,10.681,1357.414201
2026-09-26T08:15:06.935Z,ETC,0.2839,12800,9.403,1357.414201
2026-09-26T08:15:06.935Z,AAVE,0.0214,209100,154.01,1357.414201
2026-09-26T08:15:06.935Z,ADA,0.311,346.4,0.2544,1357.414201
2026-09-26T08:15:06.935Z,HYPE,0.366,125000,91.751,1357.414201
2026-09-26T08:15:06.935Z,SEI,1.1872,99.21,0.07223,1357.414201
2026-09-26T08:15:06.935Z,HBAR,-0.7196,126.8,0.09409,1357.414201
2026-09-26T08:15:06.935Z,ARB,0.5266,301.5,0.22095,1357.414201
2026-09-26T08:15:06.935Z,JTO,-0.1575,778.2,0.5742,1357.414201
2026-09-26T08:15:06.935Z,ONDO,0.4018,741.4,0.544,1357.414201
2026-09-26T08:15:06.935Z,QTUM,1.6252,1441,1.0446,1357.414201
2026-09-26T08:15:06.935Z,PYTH,-2.0306,99.26,0.07464,1357.414201
2026-09-26T08:15:06.935Z,APT,0.5298,1152,0.8442,1357.414201
2026-09-26T08:15:06.935Z,UNI,0.7836,13240,9.678,1357.414201
2026-09-26T08:15:06.935Z,TIA,0.4488,664.3,0.4872,1357.414201
2026-09-26T08:15:06.935Z,ALGO,0.9557,157.8,0.11515,1357.414201
2026-09-26T08:15:06.935Z,NEAR,0.2715,6585,4.838,1357.414201
2026-09-26T08:15:06.935Z,ZIL,-4.905,4.9,0.003796,1357.414201
2026-09-26T08:15:06.935Z,SUSHI,-2.8534,348,0.2639,1357.414201
2026-09-26T08:15:06.935Z,PENDLE,-1.6783,3422,2.564,1357.414201
2026-09-26T08:15:06.935Z,XTZ,0.1878,444.3,0.3267,1357.414201
2026-09-26T08:15:06.935Z,W,-3.5448,16.45,0.012564,1357.414201
2026-09-26T08:15:06.935Z,AR,-5.4919,5855,4.564,1357.414201
2026-09-26T08:15:06.935Z,SHIB,1.0538,0.0081,5.905e-06,1357.414201
2026-09-26T08:15:06.935Z,CELO,0.2576,133.9,0.09839,1357.414201
2026-09-26T08:15:06.935Z,STX,0.283,472.9,0.3474,1357.414201
2026-09-26T08:15:06.935Z,JUP,0.1221,468.2,0.3445,1357.414201
2026-09-26T08:15:06.935Z,PEPE,-0.4915,0.006,4.442e-06,1357.414201
2026-09-26T08:15:06.935Z,DYDX,1.0479,186.2,0.13575,1357.414201
2026-09-26T08:15:06.935Z,KITE,4.0743,189.7,0.13428,1357.414201
2026-09-26T08:15:06.935Z,CRV,1.3114,479.4,0.3486,1357.414201
2026-09-26T08:15:06.935Z,ENJ,-1.9483,41.26,0.031,1357.414201
2026-09-26T08:15:06.935Z,ATOM,-0.0402,2479,1.827,1357.414201
2026-09-26T08:15:06.935Z,ICP,1.64,4426,3.208,1357.414201
2026-09-26T08:15:06.935Z,SPACE,-1.6536,6.807,0.005099,1357.414201
2026-09-26T08:15:06.935Z,DOT,0.7049,1671,1.2224,1357.414201
2026-09-26T08:15:06.935Z,ETHFI,0.2288,972.5,0.7148,1357.414201
2026-09-26T08:15:06.935Z,CC,-0.9419,186.5,0.1387,1357.414201
2026-09-26T08:15:06.935Z,SYRUP,-1.9502,296.8,0.223,1357.414201
2026-09-26T08:15:06.935Z,TAO,-3.1968,410500,312.4,1357.414201
2026-09-26T08:15:06.935Z,GRAM,0.3062,1977,1.452,1357.414201
2026-09-26T08:15:06.935Z,RAY,6.5999,2860,1.9765,1357.414201
2026-09-26T08:15:06.935Z,RENDER,-1.1834,2621,1.954,1357.414201
2026-09-26T08:15:06.935Z,GRASS,-15.0994,610.8,0.53,1357.414201
2026-09-26T08:15:06.935Z,MINA,0.6128,192.5,0.14095,1357.414201
2026-09-26T08:15:06.935Z,POL,0.8966,162.2,0.11843,1357.414201
2026-09-26T08:15:06.935Z,ENA,-4.0833,359.7,0.27627,1357.414201
2026-09-26T08:15:06.935Z,SAND,-1.3122,60.55,0.0452,1357.414201
2026-09-26T08:15:06.935Z,AERO,-1.4861,1186,0.8869,1357.414201
2026-09-26T08:15:06.935Z,KGEN,-2.2707,223,0.1681,1357.414201
2026-09-26T08:15:06.935Z,LIT,-0.1398,6640,4.8985,1357.414201
2026-09-26T08:15:06.935Z,MANA,-3.5424,120,0.09165,1357.414201
2026-09-26T08:15:06.935Z,BAND,-6.7595,284.9,0.2251,1357.414201
2026-09-26T08:15:06.935Z,APE,-0.9928,208.7,0.15529,1357.414201
2026-09-26T08:15:06.935Z,GMT,1.5699,12.17,0.008827,1357.414201
2026-09-26T08:15:06.935Z,VIRTUAL,0.4584,1062,0.7788,1357.414201
2026-09-26T08:15:06.935Z,LPT,-6.5282,2261,1.782,1357.414201
2026-09-26T08:15:06.935Z,DATA,0.6154,308.8,0.2261,1357.414201
2026-09-26T08:15:06.935Z,THETA,-4.1027,302,0.232,1357.414201
2026-09-26T08:15:06.935Z,GRT,-1.8613,37.5,0.02815,1357.414201
2026-09-26T08:15:06.935Z,LAYER,-3.5367,106.9,0.08164,1357.414201
2026-09-26T08:15:06.935Z,NMR,-0.2804,13130,9.7,1357.414201
2026-09-26T08:15:06.935Z,EIGEN,-9.9688,321.9,0.2634,1357.414201
2026-09-26T08:15:06.935Z,BAT,-1.7164,125.1,0.09377,1357.414201
2026-09-26T08:15:06.935Z,SPK,-7.0044,30.7,0.02432,1357.414201
2026-09-26T08:15:06.935Z,PUMP,-14.3121,5.276,0.004536,1357.414201
2026-09-26T08:15:06.935Z,KMNO,0.2306,60,0.0441,1357.414201
2026-09-26T08:15:06.935Z,CHZ,0.3329,22.54,0.01655,1357.414201
2026-09-26T08:15:06.935Z,PENGU,0.465,13.82,0.010134,1357.414201
2026-09-26T08:15:06.935Z,OP,-0.5694,194.8,0.14433,1357.414201
2026-09-26T08:15:06.935Z,UMA,-1.4684,558.8,0.4178,1357.414201
2026-09-26T08:15:06.935Z,ZRO,-1.9432,2125,1.5965,1357.414201
2026-09-26T08:15:06.935Z,S,0.602,56.03,0.04103,1357.414201
2026-09-26T08:15:06.935Z,IMX,0.5089,226.3,0.16587,1357.414201
2026-09-26T08:15:06.935Z,A,-0.4233,138.1,0.10217,1357.414201
2026-09-26T08:15:06.935Z,ATH,-0.3614,8.652,0.006397,1357.414201
2026-09-26T08:15:06.935Z,COMP,8.0012,34950,23.84,1357.414201
2026-09-26T08:15:06.935Z,CVX,-4.9033,2654,2.056,1357.414201
2026-09-26T08:15:06.935Z,AXS,-3.0006,1550,1.1772,1357.414201
2026-09-26T08:15:06.935Z,WCT,-2.1897,58.83,0.04431,1357.414201
2026-09-26T08:15:06.935Z,ME,-0.6136,106.2,0.07872,1357.414201
2026-09-26T08:15:06.935Z,ASTER,0.6041,1004,0.7352,1357.414201
2026-09-26T08:15:06.935Z,GMX,0.4665,11210,8.22,1357.414201
2026-09-26T08:15:06.935Z,MORPHO,2.2591,3810,2.7448,1357.414201
2026-09-26T08:15:06.935Z,MON,-2.461,35.02,0.02645,1357.414201
2026-09-26T08:15:06.935Z,1INCH,-2.3554,136.6,0.10306,1357.414201
2026-09-26T08:15:06.935Z,SKY,-0.6975,107,0.07938,1357.414201
2026-09-26T08:15:06.935Z,YGG,-3.8533,36.53,0.02799,1357.414201
2026-09-26T08:15:06.935Z,BIO,2.3642,45.02,0.0324,1357.414201
2026-09-26T08:15:06.935Z,MOVE,-4.7024,12.54,0.009694,1357.414201
2026-09-26T08:15:06.935Z,GALA,-11.9985,2.628,0.0022,1357.414201
2026-09-26T08:15:06.935Z,ZK,-2.4645,17.14,0.012946,1357.414201
2026-09-26T08:15:06.935Z,ENS,0.2214,9610,7.064,1357.414201
2026-09-26T08:15:06.935Z,INJ,3.9375,11040,7.825,1357.414201
2026-09-26T08:15:06.935Z,KAITO,-3.4634,480,0.3663,1357.414201
2026-09-26T08:15:06.935Z,LDO,-3.3014,650,0.4952,1357.414201
2026-09-26T08:15:06.935Z,BLUR,-1.0011,28.18,0.02097,1357.414201
2026-09-26T08:15:06.935Z,AUCTION,-1.812,5170,3.879,1357.414201
2026-09-26T08:15:06.935Z,ZETA,0.8535,74.72,0.05458,1357.414201
2026-09-26T08:15:06.935Z,WIF,-2.73,325.6,0.2466,1357.414201
2026-09-26T08:15:06.935Z,KSM,0.1537,6425,4.726,1357.414201
2026-09-26T08:20:06.974Z,BTC,0.3012,114390000,84017.5,1357.414201
2026-09-26T08:20:06.974Z,XRP,0.3047,2107,1.5475,1357.414201
2026-09-26T08:20:06.974Z,SOL,0.3026,163900,120.38,1357.414201
2026-09-26T08:20:06.974Z,ETH,0.2902,3660000,2688.5,1357.414201
2026-09-26T08:20:06.974Z,FIL,0.4615,1474,1.0809,1357.414201
2026-09-26T08:20:06.974Z,TRX,0.2188,458.3,0.33689,1357.414201
2026-09-26T08:20:06.974Z,BNB,0.0815,1050000,772.9,1357.414201
2026-09-26T08:20:06.974Z,WLD,0.478,651.4,0.4776,1357.414201
2026-09-26T08:20:06.974Z,FLOW,-0.4123,43.15,0.03192,1357.414201
2026-09-26T08:20:06.974Z,LINK,0.9243,19200,14.015,1357.414201
2026-09-26T08:20:06.974Z,DOGE,0.3931,132.8,0.09745,1357.414201
2026-09-26T08:20:06.974Z,SUI,0.1772,1571,1.1553,1357.414201
2026-09-26T08:20:06.974Z,XLM,0.3225,295.4,0.21692,1357.414201
2026-09-26T08:20:06.974Z,BCH,0.2413,457600,336.3,1357.414201
2026-09-26T08:20:06.974Z,AVAX,0.4929,14570,10.681,1357.414201
2026-09-26T08:20:06.974Z,ETC,0.3586,12800,9.396,1357.414201
2026-09-26T08:20:06.974Z,AAVE,0.0019,209100,154.04,1357.414201
2026-09-26T08:20:06.974Z,ADA,0.4294,346.4,0.2541,1357.414201
2026-09-26T08:20:06.974Z,HYPE,0.4043,125000,91.716,1357.414201
2026-09-26T08:20:06.974Z,SEI,1.44,99.21,0.07205,1357.414201
2026-09-26T08:20:06.974Z,HBAR,-0.6351,126.8,0.09401,1357.414201
2026-09-26T08:20:06.974Z,ARB,0.6861,301.5,0.2206,1357.414201
2026-09-26T08:20:06.974Z,JTO,0.1786,778.1,0.5722,1357.414201
2026-09-26T08:20:06.974Z,ONDO,0.4559,740.3,0.5429,1357.414201
2026-09-26T08:20:06.974Z,QTUM,1.7226,1441,1.0436,1357.414201
2026-09-26T08:20:06.974Z,PYTH,-1.886,99.26,0.07453,1357.414201
2026-09-26T08:20:06.974Z,APT,0.7207,1152,0.8426,1357.414201
2026-09-26T08:20:06.974Z,UNI,1.1914,13240,9.639,1357.414201
2026-09-26T08:20:06.974Z,TIA,0.552,664.3,0.4867,1357.414201
2026-09-26T08:20:06.974Z,ALGO,1.0522,157.8,0.11504,1357.414201
2026-09-26T08:20:06.974Z,NEAR,0.0845,6570,4.836,1357.414201
2026-09-26T08:20:06.974Z,ZIL,-4.9551,4.9,0.003798,1357.414201
2026-09-26T08:20:06.974Z,SUSHI,-2.5951,348,0.2632,1357.414201
2026-09-26T08:20:06.974Z,PENDLE,-1.5246,3422,2.56,1357.414201
2026-09-26T08:20:06.974Z,XTZ,0.2799,444.3,0.3264,1357.414201
2026-09-26T08:20:06.974Z,W,-3.6522,16.45,0.012578,1357.414201
2026-09-26T08:20:06.974Z,AR,-5.6779,5855,4.573,1357.414201
2026-09-26T08:20:06.974Z,SHIB,1.294,0.0081,5.891e-06,1357.414201
2026-09-26T08:20:06.974Z,CELO,0.3698,133.9,0.09828,1357.414201
2026-09-26T08:20:06.974Z,STX,-0.0912,471,0.3473,1357.414201
2026-09-26T08:20:06.974Z,JUP,-0.052,468.2,0.3451,1357.414201
2026-09-26T08:20:06.974Z,PEPE,-0.3793,0.006,4.437e-06,1357.414201
2026-09-26T08:20:06.974Z,DYDX,1.2418,186.2,0.13549,1357.414201
2026-09-26T08:20:06.974Z,KITE,-3.3708,176.3,0.13441,1357.414201
2026-09-26T08:20:06.974Z,CRV,1.4861,479.4,0.348,1357.414201
2026-09-26T08:20:06.974Z,ENJ,-1.4396,41.26,0.03084,1357.414201
2026-09-26T08:20:06.974Z,ATOM,0.2892,2479,1.821,1357.414201
2026-09-26T08:20:06.974Z,ICP,1.7987,4426,3.203,1357.414201
2026-09-26T08:20:06.974Z,SPACE,-1.4604,6.807,0.005089,1357.414201
2026-09-26T08:20:06.974Z,DOT,1.0107,1671,1.2187,1357.414201
2026-09-26T08:20:06.974Z,ETHFI,0.4678,972.5,0.7131,1357.414201
2026-09-26T08:20:06.974Z,CC,-0.4539,186.5,0.13802,1357.414201
2026-09-26T08:20:06.974Z,SYRUP,-1.8181,296.8,0.2227,1357.414201
2026-09-26T08:20:06.974Z,TAO,-3.0416,410500,311.9,1357.414201
2026-09-26T08:20:06.974Z,GRAM,-0.1066,1977,1.458,1357.414201
2026-09-26T08:20:06.974Z,RAY,6.7025,2860,1.9746,1357.414201
2026-09-26T08:20:06.974Z,RENDER,-1.1834,2621,1.954,1357.414201
2026-09-26T08:20:06.974Z,GRASS,-14.5999,610.8,0.5269,1357.414201
2026-09-26T08:20:06.974Z,MINA,0.5985,192.5,0.14097,1357.414201
2026-09-26T08:20:06.974Z,POL,1.0759,162.2,0.11822,1357.414201
2026-09-26T08:20:06.974Z,ENA,-4.305,359.7,0.27691,1357.414201
2026-09-26T08:20:06.974Z,SAND,-1.1592,60.55,0.04513,1357.414201
2026-09-26T08:20:06.974Z,AERO,-1.3036,1189,0.8875,1357.414201
2026-09-26T08:20:06.974Z,KGEN,-2.4448,223,0.1684,1357.414201
2026-09-26T08:20:06.974Z,LIT,-0.1296,6640,4.898,1357.414201
2026-09-26T08:20:06.974Z,MANA,-3.4687,120,0.09158,1357.414201
2026-09-26T08:20:06.974Z,BAND,-6.7595,284.9,0.2251,1357.414201
2026-09-26T08:20:06.974Z,APE,-0.9227,208.7,0.15518,1357.414201
2026-09-26T08:20:06.974Z,GMT,1.6851,12.17,0.008817,1357.414201
2026-09-26T08:20:06.974Z,VIRTUAL,0.6911,1062,0.777,1357.414201
2026-09-26T08:20:06.974Z,LPT,-6.2124,2261,1.776,1357.414201
2026-09-26T08:20:06.974Z,DATA,0.5709,308.8,0.2262,1357.414201
2026-09-26T08:20:06.974Z,THETA,-3.9785,302,0.2317,1357.414201
2026-09-26T08:20:06.974Z,GRT,-1.6516,37.5,0.02809,1357.414201
2026-09-26T08:20:06.974Z,LAYER,-3.3472,106.9,0.08148,1357.414201
2026-09-26T08:20:06.974Z,NMR,-0.3933,13130,9.711,1357.414201
2026-09-26T08:20:06.974Z,EIGEN,-10.0713,321.9,0.2637,1357.414201
2026-09-26T08:20:06.974Z,BAT,-1.7164,125.1,0.09377,1357.414201
2026-09-26T08:20:06.974Z,SPK,-6.6204,30.7,0.02422,1357.414201
2026-09-26T08:20:06.974Z,PUMP,-14.2554,5.276,0.004533,1357.414201
2026-09-26T08:20:06.974Z,KMNO,0.7074,59.93,0.04384,1357.414201
2026-09-26T08:20:06.974Z,CHZ,0.4543,22.54,0.01653,1357.414201
2026-09-26T08:20:06.974Z,PENGU,0.7433,13.82,0.010106,1357.414201
2026-09-26T08:20:06.974Z,OP,-0.2584,194.8,0.14388,1357.414201
2026-09-26T08:20:06.974Z,UMA,-1.2794,558.8,0.417,1357.414201
2026-09-26T08:20:06.974Z,ZRO,-1.3314,2125,1.5866,1357.414201
2026-09-26T08:20:06.974Z,S,0.553,56.03,0.04105,1357.414201
2026-09-26T08:20:06.974Z,IMX,-0.1174,226.3,0.16691,1357.414201
2026-09-26T08:20:06.974Z,A,-0.1888,138.1,0.10193,1357.414201
2026-09-26T08:20:06.974Z,ATH,-0.3458,8.652,0.006396,1357.414201
2026-09-26T08:20:06.974Z,COMP,7.9107,34950,23.86,1357.414201
2026-09-26T08:20:06.974Z,CVX,-4.9033,2654,2.056,1357.414201
2026-09-26T08:20:06.974Z,AXS,-2.9841,1550,1.177,1357.414201
2026-09-26T08:20:06.974Z,WCT,-1.813,58.83,0.04414,1357.414201
2026-09-26T08:20:06.974Z,ME,-0.7019,106.2,0.07879,1357.414201
2026-09-26T08:20:06.974Z,ASTER,0.8373,1004,0.7335,1357.414201
2026-09-26T08:20:06.974Z,GMX,0.3933,11210,8.226,1357.414201
2026-09-26T08:20:06.974Z,MORPHO,2.8624,3810,2.7287,1357.414201
2026-09-26T08:20:06.974Z,MON,-2.3503,35.02,0.02642,1357.414201
2026-09-26T08:20:06.974Z,1INCH,-2.308,136.6,0.10301,1357.414201
2026-09-26T08:20:06.974Z,SKY,-0.5597,107,0.07927,1357.414201
2026-09-26T08:20:06.974Z,YGG,-3.5777,36.53,0.02791,1357.414201
2026-09-26T08:20:06.974Z,BIO,2.4591,45.02,0.03237,1357.414201
2026-09-26T08:20:06.974Z,MOVE,-4.5941,12.54,0.009683,1357.414201
2026-09-26T08:20:06.974Z,GALA,-11.5562,2.628,0.002189,1357.414201
2026-09-26T08:20:06.974Z,ZK,-2.2606,17.14,0.012919,1357.414201
2026-09-26T08:20:06.974Z,ENS,0.3777,9610,7.053,1357.414201
2026-09-26T08:20:06.974Z,INJ,3.9907,11040,7.821,1357.414201
2026-09-26T08:20:06.974Z,KAITO,-3.305,480,0.3657,1357.414201
2026-09-26T08:20:06.974Z,LDO,-3.0076,650,0.4937,1357.414201
2026-09-26T08:20:06.974Z,BLUR,-0.9066,28.18,0.02095,1357.414201
2026-09-26T08:20:06.974Z,AUCTION,-1.6853,5170,3.874,1357.414201
2026-09-26T08:20:06.974Z,ZETA,1.2058,74.72,0.05439,1357.414201
2026-09-26T08:20:06.974Z,WIF,-2.651,325.6,0.2464,1357.414201
2026-09-26T08:20:06.974Z,KSM,0.281,6425,4.72,1357.414201
2026-09-26T08:25:06.781Z,BTC,0.2948,114370000,84008.1,1357.414201
2026-09-26T08:25:06.781Z,XRP,0.3242,2107,1.5472,1357.414201
2026-09-26T08:25:06.781Z,SOL,0.3526,163900,120.32,1357.414201
2026-09-26T08:25:06.781Z,ETH,0.3414,3660000,2687.13,1357.414201
2026-09-26T08:25:06.781Z,FIL,0.331,1468,1.0779,1357.414201
2026-09-26T08:25:06.781Z,TRX,0.2456,458.3,0.3368,1357.414201
2026-09-26T08:25:06.781Z,BNB,0.1074,1050000,772.7,1357.414201
2026-09-26T08:25:06.781Z,WLD,0.6677,651.4,0.4767,1357.414201
2026-09-26T08:25:06.781Z,FLOW,-0.4123,43.15,0.03192,1357.414201
2026-09-26T08:25:06.781Z,LINK,0.3891,19090,14.009,1357.414201
2026-09-26T08:25:06.781Z,DOGE,0.4343,132.8,0.09741,1357.414201
2026-09-26T08:25:06.781Z,SUI,0.4555,1574,1.1543,1357.414201
2026-09-26T08:25:06.781Z,XLM,0.284,295.3,0.21693,1357.414201
2026-09-26T08:25:06.781Z,BCH,0.3607,457600,335.9,1357.414201
2026-09-26T08:25:06.781Z,AVAX,0.6436,14570,10.665,1357.414201
2026-09-26T08:25:06.781Z,ETC,0.4013,12800,9.392,1357.414201
2026-09-26T08:25:06.781Z,AAVE,-0.0565,209100,154.13,1357.414201
2026-09-26T08:25:06.781Z,ADA,0.4294,346.4,0.2541,1357.414201
2026-09-26T08:25:06.781Z,HYPE,0.4821,125000,91.645,1357.414201
2026-09-26T08:25:06.781Z,SEI,1.2853,99.21,0.07216,1357.414201
2026-09-26T08:25:06.781Z,HBAR,-0.6351,126.8,0.09401,1357.414201
2026-09-26T08:25:06.781Z,ARB,0.746,300.9,0.22003,1357.414201
2026-09-26T08:25:06.781Z,JTO,-0.0659,778.1,0.5736,1357.414201
2026-09-26T08:25:06.781Z,ONDO,0.2344,740.3,0.5441,1357.414201
2026-09-26T08:25:06.781Z,QTUM,1.7519,1441,1.0433,1357.414201
2026-09-26T08:25:06.781Z,PYTH,-1.9387,99.26,0.07457,1357.414201
2026-09-26T08:25:06.781Z,APT,0.6848,1152,0.8429,1357.414201
2026-09-26T08:25:06.781Z,UNI,1.4968,13240,9.61,1357.414201
2026-09-26T08:25:06.781Z,TIA,0.842,664.3,0.4853,1357.414201
2026-09-26T08:25:06.781Z,ALGO,1.0786,157.8,0.11501,1357.414201
2026-09-26T08:25:06.781Z,NEAR,-0.1221,6570,4.846,1357.414201
2026-09-26T08:25:06.781Z,ZIL,-4.5783,4.9,0.003783,1357.414201
2026-09-26T08:25:06.781Z,SUSHI,-2.4468,348,0.2628,1357.414201
2026-09-26T08:25:06.781Z,PENDLE,-1.6399,3422,2.563,1357.414201
2026-09-26T08:25:06.781Z,XTZ,0.2492,444.3,0.3265,1357.414201
2026-09-26T08:25:06.781Z,W,-3.4603,16.45,0.012553,1357.414201
2026-09-26T08:25:06.781Z,AR,-5.6986,5855,4.574,1357.414201
2026-09-26T08:25:06.781Z,SHIB,1.3112,0.0081,5.89e-06,1357.414201
2026-09-26T08:25:06.781Z,CELO,0.8521,133.9,0.09781,1357.414201
2026-09-26T08:25:06.781Z,STX,-0.0698,473,0.3487,1357.414201
2026-09-26T08:25:06.781Z,JUP,0.2676,468.2,0.344,1357.414201
2026-09-26T08:25:06.781Z,PEPE,-0.2219,0.006,4.43e-06,1357.414201
2026-09-26T08:25:06.781Z,DYDX,1.384,186.2,0.1353,1357.414201
2026-09-26T08:25:06.781Z,KITE,-3.378,176.3,0.13442,1357.414201
2026-09-26T08:25:06.781Z,CRV,1.6321,479.4,0.3475,1357.414201
2026-09-26T08:25:06.781Z,ENJ,-1.7264,41.26,0.03093,1357.414201
2026-09-26T08:25:06.781Z,ATOM,0.2342,2479,1.822,1357.414201
2026-09-26T08:25:06.781Z,ICP,2.1175,4426,3.193,1357.414201
2026-09-26T08:25:06.781Z,SPACE,-1.4216,6.807,0.005087,1357.414201
2026-09-26T08:25:06.781Z,DOT,1.1351,1671,1.2172,1357.414201
2026-09-26T08:25:06.781Z,ETHFI,0.6796,972.5,0.7116,1357.414201
2026-09-26T08:25:06.781Z,CC,0.7137,186.5,0.13642,1357.414201
2026-09-26T08:25:06.781Z,SYRUP,-1.6857,296.8,0.2224,1357.414201
2026-09-26T08:25:06.781Z,TAO,-2.8235,410500,311.2,1357.414201
2026-09-26T08:25:06.781Z,GRAM,0.0994,1977,1.455,1357.414201
2026-09-26T08:25:06.781Z,RAY,7.0277,2860,1.9686,1357.414201
2026-09-26T08:25:06.781Z,RENDER,-1.1834,2621,1.954,1357.414201
2026-09-26T08:25:06.781Z,GRASS,-14.4538,610.8,0.526,1357.414201
2026-09-26T08:25:06.781Z,MINA,0.6699,192.5,0.14087,1357.414201
2026-09-26T08:25:06.781Z,POL,0.6417,162.2,0.11873,1357.414201
2026-09-26T08:25:06.781Z,ENA,-3.6403,359.7,0.275,1357.414201
2026-09-26T08:25:06.781Z,SAND,-1.2685,60.55,0.04518,1357.414201
2026-09-26T08:25:06.781Z,AERO,-1.3259,1189,0.8877,1357.414201
2026-09-26T08:25:06.781Z,KGEN,-2.2707,223,0.1681,1357.414201
2026-09-26T08:25:06.781Z,LIT,-0.0071,6640,4.892,1357.414201
2026-09-26T08:25:06.781Z,MANA,-3.4054,120,0.09152,1357.414201
2026-09-26T08:25:06.781Z,BAND,-6.6351,284.9,0.2248,1357.414201
2026-09-26T08:25:06.781Z,APE,-0.8076,208.7,0.155,1357.414201
2026-09-26T08:25:06.781Z,GMT,1.7775,12.17,0.008809,1357.414201
2026-09-26T08:25:06.781Z,VIRTUAL,0.8209,1062,0.776,1357.414201
2026-09-26T08:25:06.781Z,LPT,-5.8945,2261,1.77,1357.414201
2026-09-26T08:25:06.781Z,DATA,0.7045,308.8,0.2259,1357.414201
2026-09-26T08:25:06.781Z,THETA,-3.8124,302,0.2313,1357.414201
2026-09-26T08:25:06.781Z,GRT,-1.3707,37.5,0.02801,1357.414201
2026-09-26T08:25:06.781Z,LAYER,-3.0139,106.9,0.0812,1357.414201
2026-09-26T08:25:06.781Z,NMR,-0.2495,13130,9.697,1357.414201
2026-09-26T08:25:06.781Z,EIGEN,-9.8319,321.9,0.263,1357.414201
2026-09-26T08:25:06.781Z,BAT,-1.7164,125.1,0.09377,1357.414201
2026-09-26T08:25:06.781Z,SPK,-1.0057,32.64,0.02429,1357.414201
2026-09-26T08:25:06.781Z,PUMP,-14.0468,5.276,0.004522,1357.414201
2026-09-26T08:25:06.781Z,KMNO,1.4712,59.93,0.04351,1357.414201
2026-09-26T08:25:06.781Z,CHZ,0.576,22.54,0.01651,1357.414201
2026-09-26T08:25:06.781Z,PENGU,1.1537,13.82,0.010065,1357.414201
2026-09-26T08:25:06.781Z,OP,-0.0083,194.8,0.14352,1357.414201
2026-09-26T08:25:06.781Z,UMA,-1.4212,558.8,0.4176,1357.414201
2026-09-26T08:25:06.781Z,ZRO,-1.1507,2125,1.5837,1357.414201
2026-09-26T08:25:06.781Z,S,0.7986,56.03,0.04095,1357.414201
2026-09-26T08:25:06.781Z,IMX,0.0684,226.3,0.1666,1357.414201
2026-09-26T08:25:06.781Z,A,-0.0613,138.1,0.1018,1357.414201
2026-09-26T08:25:06.781Z,ATH,-0.2366,8.652,0.006389,1357.414201
2026-09-26T08:25:06.781Z,COMP,8.0012,34950,23.84,1357.414201
2026-09-26T08:25:06.781Z,CVX,-4.7643,2654,2.053,1357.414201
2026-09-26T08:25:06.781Z,AXS,-3.0335,1550,1.1776,1357.414201
2026-09-26T08:25:06.781Z,WCT,-1.5229,58.83,0.04401,1357.414201
2026-09-26T08:25:06.781Z,ME,-0.7774,106.2,0.07885,1357.414201
2026-09-26T08:25:06.781Z,ASTER,0.9336,1004,0.7328,1357.414201
2026-09-26T08:25:06.781Z,GMX,0.3933,11210,8.226,1357.414201
2026-09-26T08:25:06.781Z,MORPHO,3.1839,3810,2.7202,1357.414201
2026-09-26T08:25:06.781Z,MON,-2.2393,35.02,0.02639,1357.414201
2026-09-26T08:25:06.781Z,1INCH,-2.2796,136.6,0.10298,1357.414201
2026-09-26T08:25:06.781Z,SKY,-0.6224,107,0.07932,1357.414201
2026-09-26T08:25:06.781Z,YGG,-3.7157,36.53,0.02795,1357.414201
2026-09-26T08:25:06.781Z,BIO,2.4907,45.02,0.03236,1357.414201
2026-09-26T08:25:06.781Z,MOVE,-4.5251,12.54,0.009676,1357.414201
2026-09-26T08:25:06.781Z,GALA,-11.3943,2.628,0.002185,1357.414201
2026-09-26T08:25:06.781Z,ZK,-2.0179,17.14,0.012887,1357.414201
2026-09-26T08:25:06.781Z,ENS,0.2924,9610,7.059,1357.414201
2026-09-26T08:25:06.781Z,INJ,4.3911,11040,7.791,1357.414201
2026-09-26T08:25:06.781Z,KAITO,-3.0665,480,0.3648,1357.414201
2026-09-26T08:25:06.781Z,LDO,-2.5338,650,0.4913,1357.414201
2026-09-26T08:25:06.781Z,BLUR,-0.7645,28.18,0.02092,1357.414201
2026-09-26T08:25:06.781Z,AUCTION,-1.6091,5170,3.871,1357.414201
2026-09-26T08:25:06.781Z,ZETA,1.1686,74.72,0.05441,1357.414201
2026-09-26T08:25:06.781Z,WIF,-2.4928,325.6,0.246,1357.414201
2026-09-26T08:25:06.781Z,KSM,0.3874,6425,4.715,1357.414201
2026-09-26T08:30:06.953Z,BTC,0.2523,114402000,84067.3,1357.414201
2026-09-26T08:30:06.953Z,XRP,0.2487,2108,1.5491,1357.414201
2026-09-26T08:30:06.953Z,SOL,0.1778,163900,120.53,1357.414201
2026-09-26T08:30:06.953Z,ETH,0.2431,3659000,2689.03,1357.414201
2026-09-26T08:30:06.953Z,FIL,0.1545,1468,1.0798,1357.414201
2026-09-26T08:30:06.953Z,TRX,0.2785,458.6,0.33691,1357.414201
2026-09-26T08:30:06.953Z,BNB,0.0685,1050000,773,1357.414201
2026-09-26T08:30:06.953Z,WLD,0.1008,651.4,0.4794,1357.414201
2026-09-26T08:30:06.953Z,FLOW,-0.5992,43.15,0.03198,1357.414201
2026-09-26T08:30:06.953Z,LINK,-0.2262,19080,14.088,1357.414201
2026-09-26T08:30:06.953Z,DOGE,0.0366,132.6,0.09765,1357.414201
2026-09-26T08:30:06.953Z,SUI,0.0332,1572,1.1577,1357.414201
2026-09-26T08:30:06.953Z,XLM,0.1948,295.5,0.21727,1357.414201
2026-09-26T08:30:06.953Z,BCH,0.301,457600,336.1,1357.414201
2026-09-26T08:30:06.953Z,AVAX,0.1574,14520,10.68,1357.414201
2026-09-26T08:30:06.953Z,ETC,0.188,12800,9.412,1357.414201
2026-09-26T08:30:06.953Z,AAVE,-1.0325,209100,155.65,1357.414201
2026-09-26T08:30:06.953Z,ADA,0.0749,346.4,0.255,1357.414201
2026-09-26T08:30:06.953Z,HYPE,0.3836,125000,91.735,1357.414201
2026-09-26T08:30:06.953Z,SEI,1.454,99.21,0.07204,1357.414201
2026-09-26T08:30:06.953Z,HBAR,-0.7724,126.8,0.09414,1357.414201
2026-09-26T08:30:06.953Z,ARB,0.6134,300.9,0.22032,1357.414201
2026-09-26T08:30:06.953Z,JTO,-0.1355,778.1,0.574,1357.414201
2026-09-26T08:30:06.953Z,ONDO,0.2094,742.7,0.546,1357.414201
2026-09-26T08:30:06.953Z,QTUM,1.4989,1441,1.0459,1357.414201
2026-09-26T08:30:06.953Z,PYTH,-2.0044,99.26,0.07462,1357.414201
2026-09-26T08:30:06.953Z,APT,0.4227,1152,0.8451,1357.414201
2026-09-26T08:30:06.953Z,UNI,1.3386,13240,9.625,1357.414201
2026-09-26T08:30:06.953Z,TIA,0.5313,664.3,0.4868,1357.414201
2026-09-26T08:30:06.953Z,ALGO,0.7544,157.8,0.11538,1357.414201
2026-09-26T08:30:06.953Z,NEAR,-0.4303,6570,4.861,1357.414201
2026-09-26T08:30:06.953Z,ZIL,-4.7796,4.9,0.003791,1357.414201
2026-09-26T08:30:06.953Z,SUSHI,-2.521,348,0.263,1357.414201
2026-09-26T08:30:06.953Z,PENDLE,-1.8314,3422,2.568,1357.414201
2026-09-26T08:30:06.953Z,XTZ,0.2185,444.3,0.3266,1357.414201
2026-09-26T08:30:06.953Z,W,-4.193,16.45,0.012649,1357.414201
2026-09-26T08:30:06.953Z,AR,-5.7398,5855,4.576,1357.414201
2026-09-26T08:30:06.953Z,SHIB,1.1738,0.0081,5.898e-06,1357.414201
2026-09-26T08:30:06.953Z,CELO,0.6874,133.9,0.09797,1357.414201
2026-09-26T08:30:06.953Z,STX,-0.5712,476.7,0.3532,1357.414201
2026-09-26T08:30:06.953Z,JUP,-0.1966,468.2,0.3456,1357.414201
2026-09-26T08:30:06.953Z,PEPE,-0.4018,0.006,4.438e-06,1357.414201
2026-09-26T08:30:06.953Z,DYDX,1.1001,186.2,0.13568,1357.414201
2026-09-26T08:30:06.953Z,KITE,-3.679,176.3,0.13484,1357.414201
2026-09-26T08:30:06.953Z,CRV,1.2243,479.4,0.3489,1357.414201
2026-09-26T08:30:06.953Z,ENJ,-2.1692,41.26,0.03107,1357.414201
2026-09-26T08:30:06.953Z,ATOM,0.3443,2479,1.82,1357.414201
2026-09-26T08:30:06.953Z,ICP,1.9578,4426,3.198,1357.414201
2026-09-26T08:30:06.953Z,SPACE,-1.8077,6.807,0.005107,1357.414201
2026-09-26T08:30:06.953Z,DOT,0.9527,1671,1.2194,1357.414201
2026-09-26T08:30:06.953Z,ETHFI,0.3833,972.5,0.7137,1357.414201
2026-09-26T08:30:06.953Z,CC,-0.189,186.4,0.13758,1357.414201
2026-09-26T08:30:06.953Z,SYRUP,-1.7299,296.8,0.2225,1357.414201
2026-09-26T08:30:06.953Z,TAO,-3.0416,410500,311.9,1357.414201
2026-09-26T08:30:06.953Z,GRAM,0.0994,1977,1.455,1357.414201
2026-09-26T08:30:06.953Z,RAY,6.5999,2860,1.9765,1357.414201
2026-09-26T08:30:06.953Z,RENDER,-1.1328,2621,1.953,1357.414201
2026-09-26T08:30:06.953Z,GRASS,-14.5675,610.8,0.5267,1357.414201
2026-09-26T08:30:06.953Z,MINA,0.7057,192.5,0.14082,1357.414201
2026-09-26T08:30:06.953Z,POL,0.5993,162.2,0.11878,1357.414201
2026-09-26T08:30:06.953Z,ENA,-4.0798,359.7,0.27626,1357.414201
2026-09-26T08:30:06.953Z,SAND,-1.6603,60.55,0.04536,1357.414201
2026-09-26T08:30:06.953Z,AERO,-1.4147,1189,0.8885,1357.414201
2026-09-26T08:30:06.953Z,KGEN,-2.2707,223,0.1681,1357.414201
2026-09-26T08:30:06.953Z,LIT,-0.1296,6640,4.898,1357.414201
2026-09-26T08:30:06.953Z,MANA,-3.5003,120,0.09161,1357.414201
2026-09-26T08:30:06.953Z,BAND,-6.8009,284.9,0.2252,1357.414201
2026-09-26T08:30:06.953Z,APE,-1.0438,208.7,0.15537,1357.414201
2026-09-26T08:30:06.953Z,GMT,1.5354,12.17,0.00883,1357.414201
2026-09-26T08:30:06.953Z,VIRTUAL,0.5229,1062,0.7783,1357.414201
2026-09-26T08:30:06.953Z,LPT,-6.1596,2261,1.775,1357.414201
2026-09-26T08:30:06.953Z,DATA,0.6154,308.8,0.2261,1357.414201
2026-09-26T08:30:06.953Z,THETA,-4.1027,302,0.232,1357.414201
2026-09-26T08:30:06.953Z,GRT,-1.4763,37.5,0.02804,1357.414201
2026-09-26T08:30:06.953Z,LAYER,-3.0259,106.9,0.08121,1357.414201
2026-09-26T08:30:06.953Z,NMR,-0.3933,13130,9.711,1357.414201
2026-09-26T08:30:06.953Z,EIGEN,-10.003,321.9,0.2635,1357.414201
2026-09-26T08:30:06.953Z,BAT,-1.8838,125.1,0.09393,1357.414201
2026-09-26T08:30:06.953Z,SPK,-1.4923,32.64,0.02441,1357.414201
2026-09-26T08:30:06.953Z,PUMP,-14.3688,5.276,0.004539,1357.414201
2026-09-26T08:30:06.953Z,KMNO,1.2385,59.93,0.04361,1357.414201
2026-09-26T08:30:06.953Z,CHZ,0.2723,22.54,0.01656,1357.414201
2026-09-26T08:30:06.953Z,PENGU,0.9131,13.82,0.010089,1357.414201
2026-09-26T08:30:06.953Z,OP,-0.2099,194.8,0.14381,1357.414201
2026-09-26T08:30:06.953Z,UMA,-1.3976,558.8,0.4175,1357.414201
2026-09-26T08:30:06.953Z,ZRO,-1.1007,2125,1.5829,1357.414201
2026-09-26T08:30:06.953Z,S,0.553,56.03,0.04105,1357.414201
2026-09-26T08:30:06.953Z,IMX,-0.582,226.3,0.16769,1357.414201
2026-09-26T08:30:06.953Z,A,-0.3355,138.1,0.10208,1357.414201
2026-09-26T08:30:06.953Z,ATH,-0.3302,8.652,0.006395,1357.414201
2026-09-26T08:30:06.953Z,COMP,7.9559,34950,23.85,1357.414201
2026-09-26T08:30:06.953Z,CVX,-4.857,2654,2.055,1357.414201
2026-09-26T08:30:06.953Z,AXS,-3.3045,1550,1.1809,1357.414201
2026-09-26T08:30:06.953Z,WCT,-1.9241,58.83,0.04419,1357.414201
2026-09-26T08:30:06.953Z,ME,0.3864,107.8,0.07911,1357.414201
2026-09-26T08:30:06.953Z,ASTER,0.8098,1004,0.7337,1357.414201
2026-09-26T08:30:06.953Z,GMX,0.5644,11210,8.212,1357.414201
2026-09-26T08:30:06.953Z,MORPHO,2.8361,3810,2.7294,1357.414201
2026-09-26T08:30:06.953Z,MON,-2.4979,35.02,0.02646,1357.414201
2026-09-26T08:30:06.953Z,1INCH,-2.4122,136.6,0.10312,1357.414201
2026-09-26T08:30:06.953Z,SKY,-1.0714,107,0.07968,1357.414201
2026-09-26T08:30:06.953Z,YGG,-4.0247,36.53,0.02804,1357.414201
2026-09-26T08:30:06.953Z,BIO,2.1121,45.02,0.03248,1357.414201
2026-09-26T08:30:06.953Z,MOVE,-4.7908,12.54,0.009703,1357.414201
2026-09-26T08:30:06.953Z,GALA,-12.2378,2.628,0.002206,1357.414201
2026-09-26T08:30:06.953Z,ZK,-2.2379,17.14,0.012916,1357.414201
2026-09-26T08:30:06.953Z,ENS,0.0231,9610,7.078,1357.414201
2026-09-26T08:30:06.953Z,INJ,3.911,11040,7.827,1357.414201
2026-09-26T08:30:06.953Z,KAITO,-3.305,480,0.3657,1357.414201
2026-09-26T08:30:06.953Z,LDO,-2.6329,650,0.4918,1357.414201
2026-09-26T08:30:06.953Z,BLUR,-0.9066,28.18,0.02095,1357.414201
2026-09-26T08:30:06.953Z,AUCTION,-1.7614,5170,3.877,1357.414201
2026-09-26T08:30:06.953Z,ZETA,1.1686,74.72,0.05441,1357.414201
2026-09-26T08:30:06.953Z,WIF,-2.8088,325.6,0.2468,1357.414201
2026-09-26T08:30:06.953Z,KSM,0.0267,6425,4.732,1357.414201
2026-09-26T08:35:06.949Z,BTC,0.2566,114639000,84237.8,1357.414201
2026-09-26T08:35:06.949Z,XRP,0.258,2115,1.5541,1357.414201
2026-09-26T08:35:06.949Z,SOL,0.2119,164500,120.93,1357.414201
2026-09-26T08:35:06.949Z,ETH,0.1845,3666000,2695.75,1357.414201
2026-09-26T08:35:06.949Z,FIL,0.2301,1477,1.0856,1357.414201
2026-09-26T08:35:06.949Z,TRX,0.2725,458.6,0.33693,1357.414201
2026-09-26T08:35:06.949Z,BNB,-0.0608,1050000,774,1357.414201
2026-09-26T08:35:06.949Z,WLD,-0.2322,651.4,0.481,1357.414201
2026-09-26T08:35:06.949Z,FLOW,-0.8781,43.15,0.03207,1357.414201
2026-09-26T08:35:06.949Z,LINK,0.025,19200,14.141,1357.414201
2026-09-26T08:35:06.949Z,DOGE,-0.341,132.6,0.09802,1357.414201
2026-09-26T08:35:06.949Z,SUI,0.3083,1580,1.1604,1357.414201
2026-09-26T08:35:06.949Z,XLM,0.0975,296.3,0.21807,1357.414201
2026-09-26T08:35:06.949Z,BCH,0.0331,457600,337,1357.414201
2026-09-26T08:35:06.949Z,AVAX,0.2175,14560,10.703,1357.414201
2026-09-26T08:35:06.949Z,ETC,-0.1726,12800,9.446,1357.414201
2026-09-26T08:35:06.949Z,AAVE,-0.5598,209100,154.91,1357.414201
2026-09-26T08:35:06.949Z,ADA,-0.1638,347.2,0.2562,1357.414201
2026-09-26T08:35:06.949Z,HYPE,0.1924,125000,91.91,1357.414201
2026-09-26T08:35:06.949Z,SEI,0.8521,99.21,0.07247,1357.414201
2026-09-26T08:35:06.949Z,HBAR,-1.0352,126.8,0.09439,1357.414201
2026-09-26T08:35:06.949Z,ARB,0.2222,300.9,0.22118,1357.414201
2026-09-26T08:35:06.949Z,JTO,-0.8781,778.1,0.5783,1357.414201
2026-09-26T08:35:06.949Z,ONDO,0.0994,742.7,0.5466,1357.414201
2026-09-26T08:35:06.949Z,QTUM,1.2472,1441,1.0485,1357.414201
2026-09-26T08:35:06.949Z,PYTH,-2.3577,99.26,0.07489,1357.414201
2026-09-26T08:35:06.949Z,APT,0.2211,1152,0.8468,1357.414201
2026-09-26T08:35:06.949Z,UNI,1.1809,13240,9.64,1357.414201
2026-09-26T08:35:06.949Z,TIA,0.12,664.3,0.4888,1357.414201
2026-09-26T08:35:06.949Z,ALGO,0.3977,157.8,0.11579,1357.414201
2026-09-26T08:35:06.949Z,NEAR,0.7336,6655,4.867,1357.414201
2026-09-26T08:35:06.949Z,ZIL,-5.105,4.9,0.003804,1357.414201
2026-09-26T08:35:06.949Z,SUSHI,-2.9637,348,0.2642,1357.414201
2026-09-26T08:35:06.949Z,PENDLE,-2.2122,3422,2.578,1357.414201
2026-09-26T08:35:06.949Z,XTZ,-0.3308,444.3,0.3284,1357.414201
2026-09-26T08:35:06.949Z,W,-4.5927,16.45,0.012702,1357.414201
2026-09-26T08:35:06.949Z,AR,-6.6173,5855,4.619,1357.414201
2026-09-26T08:35:06.949Z,SHIB,0.8489,0.0081,5.917e-06,1357.414201
2026-09-26T08:35:06.949Z,CELO,0.5437,133.9,0.09811,1357.414201
2026-09-26T08:35:06.949Z,STX,-0.4303,476.7,0.3527,1357.414201
2026-09-26T08:35:06.949Z,JUP,-0.6279,468.2,0.3471,1357.414201
2026-09-26T08:35:06.949Z,PEPE,-0.8264,0.006,4.457e-06,1357.414201
2026-09-26T08:35:06.949Z,DYDX,0.8622,186.2,0.136,1357.414201
2026-09-26T08:35:06.949Z,KITE,-3.9709,176.3,0.13525,1357.414201
2026-09-26T08:35:06.949Z,CRV,0.9061,479.4,0.35,1357.414201
2026-09-26T08:35:06.949Z,ENJ,-2.9191,41.26,0.03131,1357.414201
2026-09-26T08:35:06.949Z,ATOM,-0.0402,2479,1.827,1357.414201
2026-09-26T08:35:06.949Z,ICP,1.7987,4426,3.203,1357.414201
2026-09-26T08:35:06.949Z,SPACE,-2.0187,6.807,0.005118,1357.414201
2026-09-26T08:35:06.949Z,DOT,0.6802,1671,1.2227,1357.414201
2026-09-26T08:35:06.949Z,ETHFI,0.0329,972.5,0.7162,1357.414201
2026-09-26T08:35:06.949Z,CC,0.0364,186.4,0.13727,1357.414201
2026-09-26T08:35:06.949Z,SYRUP,-1.9502,296.8,0.223,1357.414201
2026-09-26T08:35:06.949Z,TAO,-3.7514,410500,314.2,1357.414201
2026-09-26T08:35:06.949Z,GRAM,-0.038,1977,1.457,1357.414201
2026-09-26T08:35:06.949Z,RAY,6.1702,2860,1.9845,1357.414201
2026-09-26T08:35:06.949Z,RENDER,-0.9807,2621,1.95,1357.414201
2026-09-26T08:35:06.949Z,GRASS,-14.8584,610.8,0.5285,1357.414201
2026-09-26T08:35:06.949Z,MINA,0.5629,192.5,0.14102,1357.414201
2026-09-26T08:35:06.949Z,POL,-0.082,162.2,0.11959,1357.414201
2026-09-26T08:35:06.949Z,ENA,-3.2258,364.4,0.2774,1357.414201
2026-09-26T08:35:06.949Z,SAND,-2.006,60.55,0.04552,1357.414201
2026-09-26T08:35:06.949Z,AERO,-1.8786,1189,0.8927,1357.414201
2026-09-26T08:35:06.949Z,KGEN,-2.2707,223,0.1681,1357.414201
2026-09-26T08:35:06.949Z,LIT,-0.154,6640,4.8992,1357.414201
2026-09-26T08:35:06.949Z,MANA,-3.679,120,0.09178,1357.414201
2026-09-26T08:35:06.949Z,BAND,-6.9249,284.9,0.2255,1357.414201
2026-09-26T08:35:06.949Z,APE,-1.3423,208.7,0.15584,1357.414201
2026-09-26T08:35:06.949Z,GMT,1.3059,12.17,0.00885,1357.414201
2026-09-26T08:35:06.949Z,VIRTUAL,0.1498,1062,0.7812,1357.414201
2026-09-26T08:35:06.949Z,LPT,-6.1596,2261,1.775,1357.414201
2026-09-26T08:35:06.949Z,DATA,0.3491,308.8,0.2267,1357.414201
2026-09-26T08:35:06.949Z,THETA,-4.2265,302,0.2323,1357.414201
2026-09-26T08:35:06.949Z,GRT,-1.6166,37.5,0.02808,1357.414201
2026-09-26T08:35:06.949Z,LAYER,-3.0856,106.9,0.08126,1357.414201
2026-09-26T08:35:06.949Z,NMR,-0.5367,13130,9.725,1357.414201
2026-09-26T08:35:06.949Z,EIGEN,-10.2075,321.9,0.2641,1357.414201
2026-09-26T08:35:06.949Z,BAT,-1.7688,125.1,0.09382,1357.414201
2026-09-26T08:35:06.949Z,SPK,-2.0142,32.64,0.02454,1357.414201
2026-09-26T08:35:06.949Z,PUMP,-14.5382,5.276,0.004548,1357.414201
2026-09-26T08:35:06.949Z,KMNO,0.7074,59.93,0.04384,1357.414201
2026-09-26T08:35:06.949Z,CHZ,-0.1497,22.54,0.01663,1357.414201
2026-09-26T08:35:06.949Z,PENGU,0.2276,13.82,0.010158,1357.414201
2026-09-26T08:35:06.949Z,OP,-0.4936,194.8,0.14422,1357.414201
2026-09-26T08:35:06.949Z,UMA,-1.303,558.8,0.4171,1357.414201
2026-09-26T08:35:06.949Z,ZRO,-1.1569,2125,1.5838,1357.414201
2026-09-26T08:35:06.949Z,S,0.333,56.03,0.04114,1357.414201
2026-09-26T08:35:06.949Z,IMX,-0.2429,226.3,0.16712,1357.414201
2026-09-26T08:35:06.949Z,A,-0.5595,138.1,0.10231,1357.414201
2026-09-26T08:35:06.949Z,ATH,-0.7492,8.652,0.006422,1357.414201
2026-09-26T08:35:06.949Z,COMP,7.7301,34950,23.9,1357.414201
2026-09-26T08:35:06.949Z,CVX,-5.3636,2654,2.066,1357.414201
2026-09-26T08:35:06.949Z,AXS,-3.7852,1550,1.1868,1357.414201
2026-09-26T08:35:06.949Z,WCT,-1.8797,58.83,0.04417,1357.414201
2026-09-26T08:35:06.949Z,ME,0.3991,107.8,0.0791,1357.414201
2026-09-26T08:35:06.949Z,ASTER,0.7686,1004,0.734,1357.414201
2026-09-26T08:35:06.949Z,GMX,0.381,11210,8.227,1357.414201
2026-09-26T08:35:06.949Z,MORPHO,-2.4483,3617,2.7315,1357.414201
2026-09-26T08:35:06.949Z,MON,-3.1567,35.02,0.02664,1357.414201
2026-09-26T08:35:06.949Z,1INCH,-2.6859,136.6,0.10341,1357.414201
2026-09-26T08:35:06.949Z,SKY,-1.2572,107,0.07983,1357.414201
2026-09-26T08:35:06.949Z,YGG,-3.8533,36.53,0.02799,1357.414201
2026-09-26T08:35:06.949Z,BIO,1.7362,45.02,0.0326,1357.414201
2026-09-26T08:35:06.949Z,MOVE,-5.1037,12.54,0.009735,1357.414201
2026-09-26T08:35:06.949Z,GALA,-11.7578,2.628,0.002194,1357.414201
2026-09-26T08:35:06.949Z,ZK,-2.4192,17.14,0.01294,1357.414201
2026-09-26T08:35:06.949Z,ENS,-0.371,9610,7.106,1357.414201
2026-09-26T08:35:06.949Z,INJ,3.501,11040,7.858,1357.414201
2026-09-26T08:35:06.949Z,KAITO,-3.1461,480,0.3651,1357.414201
2026-09-26T08:35:06.949Z,LDO,-2.712,650,0.4922,1357.414201
2026-09-26T08:35:06.949Z,BLUR,-1.0955,28.18,0.02099,1357.414201
2026-09-26T08:35:06.949Z,AUCTION,-2.0897,5170,3.89,1357.414201
2026-09-26T08:35:06.949Z,ZETA,0.4486,74.72,0.0548,1357.414201
2026-09-26T08:35:06.949Z,WIF,-3.3181,325.6,0.2481,1357.414201
2026-09-26T08:35:06.949Z,KSM,-0.0367,6425,4.735,1357.414201
2026-09-26T08:40:06.954Z,BTC,0.2406,114660000,84266.7,1357.414201
2026-09-26T08:40:06.954Z,XRP,0.2602,2116,1.5548,1357.414201
2026-09-26T08:40:06.954Z,SOL,0.2786,164800,121.07,1357.414201
2026-09-26T08:40:06.954Z,ETH,0.3011,3669000,2694.82,1357.414201
2026-09-26T08:40:06.954Z,FIL,0.2945,1474,1.0827,1357.414201
2026-09-26T08:40:06.954Z,TRX,0.2426,458.3,0.33681,1357.414201
2026-09-26T08:40:06.954Z,BNB,-0.0479,1050000,773.9,1357.414201
2026-09-26T08:40:06.954Z,WLD,0.2893,657.8,0.4832,1357.414201
2026-09-26T08:40:06.954Z,FLOW,-0.5992,43.15,0.03198,1357.414201
2026-09-26T08:40:06.954Z,LINK,0.5673,19300,14.138,1357.414201
2026-09-26T08:40:06.954Z,DOGE,-0.3918,132.6,0.09807,1357.414201
2026-09-26T08:40:06.954Z,SUI,0.3721,1587,1.1648,1357.414201
2026-09-26T08:40:06.954Z,XLM,0.2804,297.1,0.21826,1357.414201
2026-09-26T08:40:06.954Z,BCH,-0.0559,457600,337.3,1357.414201
2026-09-26T08:40:06.954Z,AVAX,0.1052,14560,10.715,1357.414201
2026-09-26T08:40:06.954Z,ETC,-0.2782,12800,9.456,1357.414201
2026-09-26T08:40:06.954Z,AAVE,-0.6047,209100,154.98,1357.414201
2026-09-26T08:40:06.954Z,ADA,0.2939,349.2,0.2565,1357.414201
2026-09-26T08:40:06.954Z,HYPE,0.0487,125000,92.042,1357.414201
2026-09-26T08:40:06.954Z,SEI,0.8521,99.21,0.07247,1357.414201
2026-09-26T08:40:06.954Z,HBAR,-1.1713,126.8,0.09452,1357.414201
2026-09-26T08:40:06.954Z,ARB,-0.0444,300.9,0.22177,1357.414201
2026-09-26T08:40:06.954Z,JTO,-1.2707,778.1,0.5806,1357.414201
2026-09-26T08:40:06.954Z,ONDO,0.0135,746,0.5495,1357.414201
2026-09-26T08:40:06.954Z,QTUM,1.2279,1441,1.0487,1357.414201
2026-09-26T08:40:06.954Z,PYTH,-2.3316,99.26,0.07487,1357.414201
2026-09-26T08:40:06.954Z,APT,0.0675,1152,0.8481,1357.414201
2026-09-26T08:40:06.954Z,UNI,0.7836,13240,9.678,1357.414201
2026-09-26T08:40:06.954Z,TIA,-0.0028,664.3,0.4894,1357.414201
2026-09-26T08:40:06.954Z,ALGO,0.121,157.8,0.11611,1357.414201
2026-09-26T08:40:06.954Z,NEAR,0.4035,6655,4.883,1357.414201
2026-09-26T08:40:06.954Z,ZIL,-5.0801,4.9,0.003803,1357.414201
2026-09-26T08:40:06.954Z,SUSHI,-3.3661,348,0.2653,1357.414201
2026-09-26T08:40:06.954Z,PENDLE,-2.4015,3422,2.583,1357.414201
2026-09-26T08:40:06.954Z,XTZ,-0.3308,444.3,0.3284,1357.414201
2026-09-26T08:40:06.954Z,W,-4.5552,16.45,0.012697,1357.414201
2026-09-26T08:40:06.954Z,AR,-6.9195,5855,4.634,1357.414201
2026-09-26T08:40:06.954Z,SHIB,0.7978,0.0081,5.92e-06,1357.414201
2026-09-26T08:40:06.954Z,CELO,0.4413,133.9,0.09821,1357.414201
2026-09-26T08:40:06.954Z,STX,0.6579,481.5,0.3524,1357.414201
2026-09-26T08:40:06.954Z,JUP,-0.542,468.2,0.3468,1357.414201
2026-09-26T08:40:06.954Z,PEPE,-0.8708,0.006,4.459e-06,1357.414201
2026-09-26T08:40:06.954Z,DYDX,0.4192,186.2,0.1366,1357.414201
2026-09-26T08:40:06.954Z,KITE,-3.9851,176.3,0.13527,1357.414201
2026-09-26T08:40:06.954Z,CRV,0.59,479.4,0.3511,1357.414201
2026-09-26T08:40:06.954Z,ENJ,-3.81,41.26,0.0316,1357.414201
2026-09-26T08:40:06.954Z,ATOM,-0.313,2479,1.832,1357.414201
2026-09-26T08:40:06.954Z,ICP,1.7987,4426,3.203,1357.414201
2026-09-26T08:40:06.954Z,SPACE,-2.0952,6.807,0.005122,1357.414201
2026-09-26T08:40:06.954Z,DOT,0.672,1671,1.2228,1357.414201
2026-09-26T08:40:06.954Z,ETHFI,-0.2595,972.5,0.7183,1357.414201
2026-09-26T08:40:06.954Z,CC,0.4094,186.4,0.13676,1357.414201
2026-09-26T08:40:06.954Z,SYRUP,-2.257,296.8,0.2237,1357.414201
2026-09-26T08:40:06.954Z,TAO,-3.7514,410500,314.2,1357.414201
2026-09-26T08:40:06.954Z,GRAM,-0.1751,1977,1.459,1357.414201
2026-09-26T08:40:06.954Z,RAY,5.9619,2860,1.9884,1357.414201
2026-09-26T08:40:06.954Z,RENDER,-1.2844,2621,1.956,1357.414201
2026-09-26T08:40:06.954Z,GRASS,-15.8299,610.8,0.5346,1357.414201
2026-09-26T08:40:06.954Z,MINA,0.052,192.5,0.14174,1357.414201
2026-09-26T08:40:06.954Z,POL,0.2348,163,0.1198,1357.414201
2026-09-26T08:40:06.954Z,ENA,-3.1175,364.4,0.27709,1357.414201
2026-09-26T08:40:06.954Z,SAND,-2.049,60.55,0.04554,1357.414201
2026-09-26T08:40:06.954Z,AERO,-2.2945,1189,0.8965,1357.414201
2026-09-26T08:40:06.954Z,KGEN,-2.7336,223,0.1689,1357.414201
2026-09-26T08:40:06.954Z,LIT,-0.1805,6640,4.9005,1357.414201
2026-09-26T08:40:06.954Z,MANA,-3.9407,120,0.09203,1357.414201
2026-09-26T08:40:06.954Z,BAND,-6.9249,284.9,0.2255,1357.414201
2026-09-26T08:40:06.954Z,APE,-1.8524,208.7,0.15665,1357.414201
2026-09-26T08:40:06.954Z,GMT,1.2144,12.17,0.008858,1357.414201
2026-09-26T08:40:06.954Z,VIRTUAL,0.0729,1062,0.7818,1357.414201
2026-09-26T08:40:06.954Z,LPT,-6.3706,2261,1.779,1357.414201
2026-09-26T08:40:06.954Z,DATA,0.482,308.8,0.2264,1357.414201
2026-09-26T08:40:06.954Z,THETA,-4.4322,302,0.2328,1357.414201
2026-09-26T08:40:06.954Z,GRT,-1.4763,37.5,0.02804,1357.414201
2026-09-26T08:40:06.954Z,LAYER,-3.2522,106.9,0.0814,1357.414201
2026-09-26T08:40:06.954Z,NMR,-0.8121,13130,9.752,1357.414201
2026-09-26T08:40:06.954Z,EIGEN,-10.5799,321.9,0.2652,1357.414201
2026-09-26T08:40:06.954Z,BAT,-1.936,125.1,0.09398,1357.414201
2026-09-26T08:40:06.954Z,SPK,-1.8141,32.64,0.02449,1357.414201
2026-09-26T08:40:06.954Z,PUMP,-15.394,5.276,0.004594,1357.414201
2026-09-26T08:40:06.954Z,KMNO,0.4096,59.93,0.04397,1357.414201
2026-09-26T08:40:06.954Z,CHZ,-0.2097,22.54,0.01664,1357.414201
2026-09-26T08:40:06.954Z,PENGU,0.0405,13.82,0.010177,1357.414201
2026-09-26T08:40:06.954Z,OP,-0.5143,194.8,0.14425,1357.414201
2026-09-26T08:40:06.954Z,UMA,-1.3976,558.8,0.4175,1357.414201
2026-09-26T08:40:06.954Z,ZRO,-1.1881,2125,1.5843,1357.414201
2026-09-26T08:40:06.954Z,S,-0.0799,56.03,0.04131,1357.414201
2026-09-26T08:40:06.954Z,IMX,-0.4692,226.3,0.1675,1357.414201
2026-09-26T08:40:06.954Z,A,-0.6081,138.1,0.10236,1357.414201
2026-09-26T08:40:06.954Z,ATH,-1.1494,8.652,0.006448,1357.414201
2026-09-26T08:40:06.954Z,COMP,7.5052,34950,23.95,1357.414201
2026-09-26T08:40:06.954Z,CVX,-5.4094,2654,2.067,1357.414201
2026-09-26T08:40:06.954Z,AXS,-3.7933,1550,1.1869,1357.414201
2026-09-26T08:40:06.954Z,WCT,-2.1234,58.83,0.04428,1357.414201
2026-09-26T08:40:06.954Z,ME,0.1838,107.8,0.07927,1357.414201
2026-09-26T08:40:06.954Z,ASTER,0.7549,1004,0.7341,1357.414201
2026-09-26T08:40:06.954Z,GMX,0.1741,11210,8.244,1357.414201
2026-09-26T08:40:06.954Z,MORPHO,-2.7545,3617,2.7401,1357.414201
2026-09-26T08:40:06.954Z,MON,-3.3743,35.02,0.0267,1357.414201
2026-09-26T08:40:06.954Z,1INCH,-2.7893,136.6,0.10352,1357.414201
2026-09-26T08:40:06.954Z,SKY,-1.1582,107,0.07975,1357.414201
2026-09-26T08:40:06.954Z,YGG,-4.1615,36.53,0.02808,1357.414201
2026-09-26T08:40:06.954Z,BIO,1.4871,45.02,0.03268,1357.414201
2026-09-26T08:40:06.954Z,MOVE,-5.2983,12.54,0.009755,1357.414201
2026-09-26T08:40:06.954Z,GALA,-11.9584,2.628,0.002199,1357.414201
2026-09-26T08:40:06.954Z,ZK,-2.4871,17.14,0.012949,1357.414201
2026-09-26T08:40:06.954Z,ENS,-0.7203,9610,7.131,1357.414201
2026-09-26T08:40:06.954Z,INJ,3.5142,11040,7.857,1357.414201
2026-09-26T08:40:06.954Z,KAITO,-3.9876,480,0.3683,1357.414201
2026-09-26T08:40:06.954Z,LDO,-2.8107,650,0.4927,1357.414201
2026-09-26T08:40:06.954Z,BLUR,-1.0011,28.18,0.02097,1357.414201
2026-09-26T08:40:06.954Z,AUCTION,-2.2404,5170,3.896,1357.414201
2026-09-26T08:40:06.954Z,ZETA,0.3387,74.72,0.05486,1357.414201
2026-09-26T08:40:06.954Z,WIF,-3.7449,325.6,0.2492,1357.414201
2026-09-26T08:40:06.954Z,KSM,-0.2263,6425,4.744,1357.414201
2026-09-26T08:45:07.217Z,BTC,0.2414,114615000,84232.9,1357.414201
2026-09-26T08:45:07.217Z,XRP,0.2299,2114,1.5538,1357.414201
2026-09-26T08:45:07.217Z,SOL,0.3781,164800,120.95,1357.414201
2026-09-26T08:45:07.217Z,ETH,0.2317,3664000,2693.01,1357.414201
2026-09-26T08:45:07.217Z,FIL,0.4987,1474,1.0805,1357.414201
2026-09-26T08:45:07.217Z,TRX,0.2545,458.3,0.33677,1357.414201
2026-09-26T08:45:07.217Z,BNB,-0.035,1050000,773.8,1357.414201
2026-09-26T08:45:07.217Z,WLD,0.1856,654.4,0.4812,1357.414201
2026-09-26T08:45:07.217Z,FLOW,-1.094,43.15,0.03214,1357.414201
2026-09-26T08:45:07.217Z,LINK,0.7955,19300,14.106,1357.414201
2026-09-26T08:45:07.217Z,DOGE,-0.2902,132.6,0.09797,1357.414201
2026-09-26T08:45:07.217Z,SUI,0.5016,1587,1.1633,1357.414201
2026-09-26T08:45:07.217Z,XLM,0.3126,297.1,0.21819,1357.414201
2026-09-26T08:45:07.217Z,BCH,0.0628,457600,336.9,1357.414201
2026-09-26T08:45:07.217Z,AVAX,0.2081,14560,10.704,1357.414201
2026-09-26T08:45:07.217Z,ETC,-0.2571,12800,9.454,1357.414201
2026-09-26T08:45:07.217Z,AAVE,-0.3475,209100,154.58,1357.414201
2026-09-26T08:45:07.217Z,ADA,0.4505,349.2,0.2561,1357.414201
2026-09-26T08:45:07.217Z,HYPE,0.1728,125000,91.928,1357.414201
2026-09-26T08:45:07.217Z,SEI,0.7686,99.21,0.07253,1357.414201
2026-09-26T08:45:07.217Z,HBAR,-1.0247,126.8,0.09438,1357.414201
2026-09-26T08:45:07.217Z,ARB,0.2131,300.9,0.2212,1357.414201
2026-09-26T08:45:07.217Z,JTO,-1.2537,778.1,0.5805,1357.414201
2026-09-26T08:45:07.217Z,ONDO,0.1964,747.5,0.5496,1357.414201
2026-09-26T08:45:07.217Z,QTUM,1.1893,1441,1.0491,1357.414201
2026-09-26T08:45:07.217Z,PYTH,-2.7085,99.26,0.07516,1357.414201
2026-09-26T08:45:07.217Z,APT,0.1502,1152,0.8474,1357.414201
2026-09-26T08:45:07.217Z,UNI,0.8461,13240,9.672,1357.414201
2026-09-26T08:45:07.217Z,TIA,0.0995,664.3,0.4889,1357.414201
2026-09-26T08:45:07.217Z,ALGO,0.2851,157.8,0.11592,1357.414201
2026-09-26T08:45:07.217Z,NEAR,0.5477,6655,4.876,1357.414201
2026-09-26T08:45:07.217Z,ZIL,-5.3042,4.9,0.003812,1357.414201
2026-09-26T08:45:07.217Z,SUSHI,-3.1104,348,0.2646,1357.414201
2026-09-26T08:45:07.217Z,PENDLE,-2.288,3422,2.58,1357.414201
2026-09-26T08:45:07.217Z,XTZ,-0.3308,444.3,0.3284,1357.414201
2026-09-26T08:45:07.217Z,W,-4.6228,16.45,0.012706,1357.414201
2026-09-26T08:45:07.217Z,AR,-6.9195,5855,4.634,1357.414201
2026-09-26T08:45:07.217Z,SHIB,0.9171,0.0081,5.913e-06,1357.414201
2026-09-26T08:45:07.217Z,CELO,0.3596,133.9,0.09829,1357.414201
2026-09-26T08:45:07.217Z,STX,0.4299,481.5,0.3532,1357.414201
2026-09-26T08:45:07.217Z,JUP,-0.1677,468.2,0.3455,1357.414201
2026-09-26T08:45:07.217Z,PEPE,-0.8486,0.006,4.458e-06,1357.414201
2026-09-26T08:45:07.217Z,DYDX,0.4633,186.2,0.13654,1357.414201
2026-09-26T08:45:07.217Z,KITE,-4.2541,176.3,0.13565,1357.414201
2026-09-26T08:45:07.217Z,CRV,0.8773,479.4,0.3501,1357.414201
2026-09-26T08:45:07.217Z,ENJ,-4.2041,41.26,0.03173,1357.414201
2026-09-26T08:45:07.217Z,ATOM,-0.1495,2479,1.829,1357.414201
2026-09-26T08:45:07.217Z,ICP,1.926,4426,3.199,1357.414201
2026-09-26T08:45:07.217Z,SPACE,-2.286,6.807,0.005132,1357.414201
2026-09-26T08:45:07.217Z,DOT,0.5404,1671,1.2244,1357.414201
2026-09-26T08:45:07.217Z,ETHFI,-0.0369,972.5,0.7167,1357.414201
2026-09-26T08:45:07.217Z,CC,0.2701,186.4,0.13695,1357.414201
2026-09-26T08:45:07.217Z,SYRUP,-2.1696,296.8,0.2235,1357.414201
2026-09-26T08:45:07.217Z,TAO,-3.6287,410500,313.8,1357.414201
2026-09-26T08:45:07.217Z,GRAM,-3.628,1906,1.457,1357.414201
2026-09-26T08:45:07.217Z,RAY,6.2558,2860,1.9829,1357.414201
2026-09-26T08:45:07.217Z,RENDER,-1.2844,2621,1.956,1357.414201
2026-09-26T08:45:07.217Z,GRASS,-15.4504,610.8,0.5322,1357.414201
2026-09-26T08:45:07.217Z,MINA,0.045,192.5,0.14175,1357.414201
2026-09-26T08:45:07.217Z,POL,0.436,163,0.11956,1357.414201
2026-09-26T08:45:07.217Z,ENA,-3.2433,364.4,0.27745,1357.414201
2026-09-26T08:45:07.217Z,SAND,-2.3706,60.55,0.04569,1357.414201
2026-09-26T08:45:07.217Z,AERO,-2.6528,1189,0.8998,1357.414201
2026-09-26T08:45:07.217Z,KGEN,-2.4448,223,0.1684,1357.414201
2026-09-26T08:45:07.217Z,LIT,-0.0398,6640,4.8936,1357.414201
2026-09-26T08:45:07.217Z,MANA,-3.9407,120,0.09203,1357.414201
2026-09-26T08:45:07.217Z,BAND,-6.8423,284.9,0.2253,1357.414201
2026-09-26T08:45:07.217Z,APE,-1.8336,208.7,0.15662,1357.414201
2026-09-26T08:45:07.217Z,GMT,1.203,12.17,0.008859,1357.414201
2026-09-26T08:45:07.217Z,VIRTUAL,0.1498,1062,0.7812,1357.414201
2026-09-26T08:45:07.217Z,LPT,-6.3179,2261,1.778,1357.414201
2026-09-26T08:45:07.217Z,DATA,0.3491,308.8,0.2267,1357.414201
2026-09-26T08:45:07.217Z,THETA,-4.4322,302,0.2328,1357.414201
2026-09-26T08:45:07.217Z,GRT,-1.4411,37.5,0.02803,1357.414201
2026-09-26T08:45:07.217Z,LAYER,-3.6547,106.9,0.08174,1357.414201
2026-09-26T08:45:07.217Z,NMR,-0.6287,13130,9.734,1357.414201
2026-09-26T08:45:07.217Z,EIGEN,-10.7482,321.9,0.2657,1357.414201
2026-09-26T08:45:07.217Z,BAT,-1.7374,125.1,0.09379,1357.414201
2026-09-26T08:45:07.217Z,SPK,-1.573,32.64,0.02443,1357.414201
2026-09-26T08:45:07.217Z,PUMP,-14.7818,5.276,0.004561,1357.414201
2026-09-26T08:45:07.217Z,KMNO,0.9838,59.93,0.04372,1357.414201
2026-09-26T08:45:07.217Z,CHZ,-0.2697,22.54,0.01665,1357.414201
2026-09-26T08:45:07.217Z,PENGU,0.277,13.82,0.010153,1357.414201
2026-09-26T08:45:07.217Z,OP,-0.3416,194.8,0.144,1357.414201
2026-09-26T08:45:07.217Z,UMA,-1.3503,558.8,0.4173,1357.414201
2026-09-26T08:45:07.217Z,ZRO,-0.9631,2125,1.5807,1357.414201
2026-09-26T08:45:07.217Z,S,-0.1765,56.03,0.04135,1357.414201
2026-09-26T08:45:07.217Z,IMX,-0.6294,226.3,0.16777,1357.414201
2026-09-26T08:45:07.217Z,A,-0.4135,138.1,0.10216,1357.414201
2026-09-26T08:45:07.217Z,ATH,-1.2719,8.652,0.006456,1357.414201
2026-09-26T08:45:07.217Z,COMP,7.2812,34950,24,1357.414201
2026-09-26T08:45:07.217Z,CVX,-5.3636,2654,2.066,1357.414201
2026-09-26T08:45:07.217Z,AXS,-3.8095,1550,1.1871,1357.414201
2026-09-26T08:45:07.217Z,WCT,-1.9684,58.83,0.04421,1357.414201
2026-09-26T08:45:07.217Z,ME,0.4118,107.8,0.07909,1357.414201
2026-09-26T08:45:07.217Z,ASTER,0.8098,1004,0.7337,1357.414201
2026-09-26T08:45:07.217Z,GMX,0.3079,11210,8.233,1357.414201
2026-09-26T08:45:07.217Z,MORPHO,-2.5197,3617,2.7335,1357.414201
2026-09-26T08:45:07.217Z,MON,-3.1567,35.02,0.02664,1357.414201
2026-09-26T08:45:07.217Z,1INCH,-2.7517,136.6,0.10348,1357.414201
2026-09-26T08:45:07.217Z,SKY,-1.0838,107,0.07969,1357.414201
2026-09-26T08:45:07.217Z,YGG,-4.4337,36.53,0.02816,1357.414201
2026-09-26T08:45:07.217Z,BIO,1.6115,45.02,0.03264,1357.414201
2026-09-26T08:45:07.217Z,MOVE,-5.1719,12.54,0.009742,1357.414201
2026-09-26T08:45:07.217Z,GALA,-12.1582,2.628,0.002204,1357.414201
2026-09-26T08:45:07.217Z,ZK,-2.2833,17.14,0.012922,1357.414201
2026-09-26T08:45:07.217Z,ENS,-0.441,9610,7.111,1357.414201
2026-09-26T08:45:07.217Z,INJ,3.8579,11040,7.831,1357.414201
2026-09-26T08:45:07.217Z,KAITO,-3.7524,480,0.3674,1357.414201
2026-09-26T08:45:07.217Z,LDO,-2.4941,650,0.4911,1357.414201
2026-09-26T08:45:07.217Z,BLUR,-1.7508,28.18,0.02113,1357.414201
2026-09-26T08:45:07.217Z,AUCTION,-2.14,5170,3.892,1357.414201
2026-09-26T08:45:07.217Z,ZETA,0.412,74.72,0.05482,1357.414201
2026-09-26T08:45:07.217Z,WIF,-3.7835,325.6,0.2493,1357.414201
2026-09-26T08:45:07.217Z,KSM,-0.1421,6425,4.74,1357.414201
2026-09-26T08:50:06.976Z,BTC,0.2531,114554000,84178.3,1357.414201
2026-09-26T08:50:06.976Z,XRP,0.2706,2112,1.5517,1357.414201
2026-09-26T08:50:06.976Z,SOL,0.3696,164500,120.74,1357.414201
2026-09-26T08:50:06.976Z,ETH,0.2697,3662000,2690.52,1357.414201
2026-09-26T08:50:06.976Z,FIL,0.3593,1474,1.082,1357.414201
2026-09-26T08:50:06.976Z,TRX,0.2346,458.1,0.33669,1357.414201
2026-09-26T08:50:06.976Z,BNB,0.0556,1050000,773.1,1357.414201
2026-09-26T08:50:06.976Z,WLD,0.2009,654.5,0.4812,1357.414201
2026-09-26T08:50:06.976Z,FLOW,-0.8781,43.15,0.03207,1357.414201
2026-09-26T08:50:06.976Z,LINK,0.9529,19300,14.084,1357.414201
2026-09-26T08:50:06.976Z,DOGE,0.4242,133.4,0.09786,1357.414201
2026-09-26T08:50:06.976Z,SUI,0.2602,1587,1.1661,1357.414201
2026-09-26T08:50:06.976Z,XLM,0.3723,296.8,0.21784,1357.414201
2026-09-26T08:50:06.976Z,BCH,0.301,457600,336.1,1357.414201
2026-09-26T08:50:06.976Z,AVAX,0.2643,14560,10.698,1357.414201
2026-09-26T08:50:06.976Z,ETC,-0.1303,12800,9.442,1357.414201
2026-09-26T08:50:06.976Z,AAVE,-0.341,209100,154.57,1357.414201
2026-09-26T08:50:06.976Z,ADA,0.1755,347.7,0.2557,1357.414201
2026-09-26T08:50:06.976Z,HYPE,0.2906,125000,91.82,1357.414201
2026-09-26T08:50:06.976Z,SEI,0.6853,99.21,0.07259,1357.414201
2026-09-26T08:50:06.976Z,HBAR,-1.0037,126.8,0.09436,1357.414201
2026-09-26T08:50:06.976Z,ARB,0.2403,300.9,0.22114,1357.414201
2026-09-26T08:50:06.976Z,JTO,-1.2026,778.1,0.5802,1357.414201
2026-09-26T08:50:06.976Z,ONDO,0.4523,747.5,0.5482,1357.414201
2026-09-26T08:50:06.976Z,QTUM,1.1508,1441,1.0495,1357.414201
2026-09-26T08:50:06.976Z,PYTH,-2.5659,99.26,0.07505,1357.414201
2026-09-26T08:50:06.976Z,APT,0.1147,1152,0.8477,1357.414201
2026-09-26T08:50:06.976Z,UNI,0.9087,13240,9.666,1357.414201
2026-09-26T08:50:06.976Z,TIA,0.1814,664.3,0.4885,1357.414201
2026-09-26T08:50:06.976Z,ALGO,0.5366,157.8,0.11563,1357.414201
2026-09-26T08:50:06.976Z,NEAR,0.5889,6655,4.874,1357.414201
2026-09-26T08:50:06.976Z,ZIL,-5.1798,4.9,0.003807,1357.414201
2026-09-26T08:50:06.976Z,SUSHI,-2.927,348,0.2641,1357.414201
2026-09-26T08:50:06.976Z,PENDLE,-1.9078,3422,2.57,1357.414201
2026-09-26T08:50:06.976Z,XTZ,-0.6032,444.3,0.3293,1357.414201
2026-09-26T08:50:06.976Z,W,-4.8026,16.45,0.01273,1357.414201
2026-09-26T08:50:06.976Z,AR,-7.1,5855,4.643,1357.414201
2026-09-26T08:50:06.976Z,SHIB,1.0709,0.0081,5.904e-06,1357.414201
2026-09-26T08:50:06.976Z,CELO,0.4618,133.9,0.09819,1357.414201
2026-09-26T08:50:06.976Z,STX,0.8583,481.5,0.3517,1357.414201
2026-09-26T08:50:06.976Z,JUP,-0.2832,468.2,0.3459,1357.414201
2026-09-26T08:50:06.976Z,PEPE,-0.6927,0.006,4.451e-06,1357.414201
2026-09-26T08:50:06.976Z,DYDX,0.0383,186.2,0.13712,1357.414201
2026-09-26T08:50:06.976Z,KITE,-4.388,176.3,0.13584,1357.414201
2026-09-26T08:50:06.976Z,CRV,0.9927,479.4,0.3497,1357.414201
2026-09-26T08:50:06.976Z,ENJ,-4.2946,41.26,0.03176,1357.414201
2026-09-26T08:50:06.976Z,ATOM,-0.0948,2479,1.828,1357.414201
2026-09-26T08:50:06.976Z,ICP,2.1175,4426,3.193,1357.414201
2026-09-26T08:50:06.976Z,SPACE,-2.0187,6.807,0.005118,1357.414201
2026-09-26T08:50:06.976Z,DOT,0.4666,1671,1.2253,1357.414201
2026-09-26T08:50:06.976Z,ETHFI,-0.2734,972.5,0.7184,1357.414201
2026-09-26T08:50:06.976Z,CC,0.4241,186.4,0.13674,1357.414201
2026-09-26T08:50:06.976Z,SYRUP,-2.1258,296.8,0.2234,1357.414201
2026-09-26T08:50:06.976Z,TAO,-3.4132,410500,313.1,1357.414201
2026-09-26T08:50:06.976Z,GRAM,-3.5618,1906,1.456,1357.414201
2026-09-26T08:50:06.976Z,RAY,6.4868,2860,1.9786,1357.414201
2026-09-26T08:50:06.976Z,RENDER,-1.5863,2621,1.962,1357.414201
2026-09-26T08:50:06.976Z,GRASS,-14.8906,610.8,0.5287,1357.414201
2026-09-26T08:50:06.976Z,MINA,0.3565,192.5,0.14131,1357.414201
2026-09-26T08:50:06.976Z,POL,0.4948,163,0.11949,1357.414201
2026-09-26T08:50:06.976Z,ENA,-3.7187,364.4,0.27882,1357.414201
2026-09-26T08:50:06.976Z,SAND,-2.2851,60.55,0.04565,1357.414201
2026-09-26T08:50:06.976Z,AERO,-3.3296,1189,0.9061,1357.414201
2026-09-26T08:50:06.976Z,KGEN,-2.0376,223,0.1677,1357.414201
2026-09-26T08:50:06.976Z,LIT,-0.0193,6640,4.8926,1357.414201
2026-09-26T08:50:06.976Z,MANA,-3.8885,120,0.09198,1357.414201
2026-09-26T08:50:06.976Z,BAND,-6.8423,284.9,0.2253,1357.414201
2026-09-26T08:50:06.976Z,APE,-1.7709,208.7,0.15652,1357.414201
2026-09-26T08:50:06.976Z,GMT,1.1916,12.17,0.00886,1357.414201
2026-09-26T08:50:06.976Z,VIRTUAL,0.1241,1062,0.7814,1357.414201
2026-09-26T08:50:06.976Z,LPT,-6.2124,2261,1.776,1357.414201
2026-09-26T08:50:06.976Z,DATA,0.482,308.8,0.2264,1357.414201
2026-09-26T08:50:06.976Z,THETA,-4.35,302,0.2326,1357.414201
2026-09-26T08:50:06.976Z,GRT,-1.1944,37.5,0.02796,1357.414201
2026-09-26T08:50:06.976Z,LAYER,-3.5485,106.9,0.08165,1357.414201
2026-09-26T08:50:06.976Z,NMR,-0.8019,13130,9.751,1357.414201
2026-09-26T08:50:06.976Z,EIGEN,-10.6136,321.9,0.2653,1357.414201
2026-09-26T08:50:06.976Z,BAT,-1.8107,125.1,0.09386,1357.414201
2026-09-26T08:50:06.976Z,SPK,-1.573,32.64,0.02443,1357.414201
2026-09-26T08:50:06.976Z,PUMP,-14.6133,5.276,0.004552,1357.414201
2026-09-26T08:50:06.976Z,KMNO,0.8684,59.93,0.04377,1357.414201
2026-09-26T08:50:06.976Z,CHZ,-0.2697,22.54,0.01665,1357.414201
2026-09-26T08:50:06.976Z,PENGU,0.604,13.82,0.01012,1357.414201
2026-09-26T08:50:06.976Z,OP,-0.2723,194.8,0.1439,1357.414201
2026-09-26T08:50:06.976Z,UMA,-1.3503,558.8,0.4173,1357.414201
2026-09-26T08:50:06.976Z,ZRO,-0.7936,2125,1.578,1357.414201
2026-09-26T08:50:06.976Z,S,-0.3452,56.03,0.04142,1357.414201
2026-09-26T08:50:06.976Z,IMX,-0.795,226.3,0.16805,1357.414201
2026-09-26T08:50:06.976Z,A,-0.1986,138.1,0.10194,1357.414201
2026-09-26T08:50:06.976Z,ATH,-0.8727,8.652,0.00643,1357.414201
2026-09-26T08:50:06.976Z,COMP,7.3707,34950,23.98,1357.414201
2026-09-26T08:50:06.976Z,CVX,-5.088,2654,2.06,1357.414201
2026-09-26T08:50:06.976Z,AXS,-4.044,1550,1.19,1357.414201
2026-09-26T08:50:06.976Z,WCT,-2.057,58.83,0.04425,1357.414201
2026-09-26T08:50:06.976Z,ME,0.2723,107.8,0.0792,1357.414201
2026-09-26T08:50:06.976Z,ASTER,0.8373,1004,0.7335,1357.414201
2026-09-26T08:50:06.976Z,GMX,0.3079,11210,8.233,1357.414201
2026-09-26T08:50:06.976Z,MORPHO,-2.4018,3617,2.7302,1357.414201
2026-09-26T08:50:06.976Z,MON,-3.084,35.02,0.02662,1357.414201
2026-09-26T08:50:06.976Z,1INCH,-2.7235,136.6,0.10345,1357.414201
2026-09-26T08:50:06.976Z,SKY,-0.9221,107,0.07956,1357.414201
2026-09-26T08:50:06.976Z,YGG,-4.5016,36.53,0.02818,1357.414201
2026-09-26T08:50:06.976Z,BIO,1.8925,45.02,0.03255,1357.414201
2026-09-26T08:50:06.976Z,MOVE,-5.3371,12.54,0.009759,1357.414201
2026-09-26T08:50:06.976Z,GALA,-12.1582,2.628,0.002204,1357.414201
2026-09-26T08:50:06.976Z,ZK,-2.3136,17.14,0.012926,1357.414201
2026-09-26T08:50:06.976Z,ENS,-0.3429,9610,7.104,1357.414201
2026-09-26T08:50:06.976Z,INJ,4.0572,11040,7.816,1357.414201
2026-09-26T08:50:06.976Z,KAITO,-4.789,480,0.3714,1357.414201
2026-09-26T08:50:06.976Z,LDO,-2.5139,650,0.4912,1357.414201
2026-09-26T08:50:06.976Z,BLUR,-2.1214,28.18,0.02121,1357.414201
2026-09-26T08:50:06.976Z,AUCTION,-2.14,5170,3.892,1357.414201
2026-09-26T08:50:06.976Z,ZETA,0.2656,74.72,0.0549,1357.414201
2026-09-26T08:50:06.976Z,WIF,-4.0912,325.6,0.2501,1357.414201
2026-09-26T08:50:06.976Z,KSM,-0.1421,6425,4.74,1357.414201
2026-09-26T08:55:06.960Z,BTC,0.2143,114504000,84174.1,1357.414201
2026-09-26T08:55:06.960Z,XRP,0.2251,2109,1.5502,1357.414201
2026-09-26T08:55:06.960Z,SOL,0.3141,164300,120.66,1357.414201
2026-09-26T08:55:06.960Z,ETH,0.2472,3661000,2690.39,1357.414201
2026-09-26T08:55:06.960Z,FIL,0.5266,1474,1.0802,1357.414201
2026-09-26T08:55:06.960Z,TRX,0.2316,458.1,0.3367,1357.414201
2026-09-26T08:55:06.960Z,BNB,0.0556,1050000,773.1,1357.414201
2026-09-26T08:55:06.960Z,WLD,0.326,654.5,0.4806,1357.414201
2026-09-26T08:55:06.960Z,FLOW,-0.9399,43.15,0.03209,1357.414201
2026-09-26T08:55:06.960Z,LINK,1.0031,19300,14.077,1357.414201
2026-09-26T08:55:06.960Z,DOGE,0.4652,133.4,0.09782,1357.414201
2026-09-26T08:55:06.960Z,SUI,0.2715,1585,1.1645,1357.414201
2026-09-26T08:55:06.960Z,XLM,0.4138,296.8,0.21775,1357.414201
2026-09-26T08:55:06.960Z,BCH,0.2711,457600,336.2,1357.414201
2026-09-26T08:55:06.960Z,AVAX,0.3112,14560,10.693,1357.414201
2026-09-26T08:55:06.960Z,ETC,-0.0986,12800,9.439,1357.414201
2026-09-26T08:55:06.960Z,AAVE,-0.2184,209100,154.38,1357.414201
2026-09-26T08:55:06.960Z,ADA,0.2539,347.7,0.2555,1357.414201
2026-09-26T08:55:06.960Z,HYPE,0.2994,125000,91.812,1357.414201
2026-09-26T08:55:06.960Z,SEI,0.9078,99.21,0.07243,1357.414201
2026-09-26T08:55:06.960Z,HBAR,0.5471,128.8,0.09437,1357.414201
2026-09-26T08:55:06.960Z,ARB,0.2675,300.9,0.22108,1357.414201
2026-09-26T08:55:06.960Z,JTO,-1.2537,778.1,0.5805,1357.414201
2026-09-26T08:55:06.960Z,ONDO,0.2395,745.1,0.5476,1357.414201
2026-09-26T08:55:06.960Z,QTUM,1.1893,1441,1.0491,1357.414201
2026-09-26T08:55:06.960Z,PYTH,-2.2925,99.26,0.07484,1357.414201
2026-09-26T08:55:06.960Z,APT,0.2685,1152,0.8464,1357.414201
2026-09-26T08:55:06.960Z,UNI,0.9401,13240,9.663,1357.414201
2026-09-26T08:55:06.960Z,TIA,0.243,664.3,0.4882,1357.414201
2026-09-26T08:55:06.960Z,ALGO,0.2764,157.8,0.11593,1357.414201
2026-09-26T08:55:06.960Z,NEAR,0.6922,6655,4.869,1357.414201
2026-09-26T08:55:06.960Z,ZIL,-5.2047,4.9,0.003808,1357.414201
2026-09-26T08:55:06.960Z,SUSHI,-2.558,348,0.2631,1357.414201
2026-09-26T08:55:06.960Z,PENDLE,-1.5631,3422,2.561,1357.414201
2026-09-26T08:55:06.960Z,XTZ,-0.3612,444.3,0.3285,1357.414201
2026-09-26T08:55:06.960Z,W,-4.7652,16.45,0.012725,1357.414201
2026-09-26T08:55:06.960Z,AR,-7.08,5855,4.642,1357.414201
2026-09-26T08:55:06.960Z,SHIB,1.1052,0.0081,5.902e-06,1357.414201
2026-09-26T08:55:06.960Z,CELO,0.5232,133.9,0.09813,1357.414201
2026-09-26T08:55:06.960Z,STX,1.1459,481.5,0.3507,1357.414201
2026-09-26T08:55:06.960Z,JUP,0.064,468.2,0.3447,1357.414201
2026-09-26T08:55:06.960Z,PEPE,-0.5363,0.006,4.444e-06,1357.414201
2026-09-26T08:55:06.960Z,DYDX,0.3824,186.2,0.13665,1357.414201
2026-09-26T08:55:06.960Z,KITE,-4.5637,176.3,0.13609,1357.414201
2026-09-26T08:55:06.960Z,CRV,1.1663,479.4,0.3491,1357.414201
2026-09-26T08:55:06.960Z,ENJ,-4.1437,41.26,0.03171,1357.414201
2026-09-26T08:55:06.960Z,ATOM,-0.1495,2479,1.829,1357.414201
2026-09-26T08:55:06.960Z,ICP,2.1495,4426,3.192,1357.414201
2026-09-26T08:55:06.960Z,SPACE,-1.9613,6.807,0.005115,1357.414201
2026-09-26T08:55:06.960Z,DOT,0.4502,1671,1.2255,1357.414201
2026-09-26T08:55:06.960Z,ETHFI,-0.2179,972.5,0.718,1357.414201
2026-09-26T08:55:06.960Z,CC,0.9112,186.4,0.13608,1357.414201
2026-09-26T08:55:06.960Z,SYRUP,-1.9942,296.8,0.2231,1357.414201
2026-09-26T08:55:06.960Z,TAO,-3.2897,410500,312.7,1357.414201
2026-09-26T08:55:06.960Z,GRAM,-3.628,1906,1.457,1357.414201
2026-09-26T08:55:06.960Z,RAY,6.6323,2860,1.9759,1357.414201
2026-09-26T08:55:06.960Z,RENDER,-1.6865,2621,1.964,1357.414201
2026-09-26T08:55:06.960Z,GRASS,-14.5025,610.8,0.5263,1357.414201
2026-09-26T08:55:06.960Z,MINA,0.5272,192.5,0.14107,1357.414201
2026-09-26T08:55:06.960Z,POL,0.1345,163,0.11992,1357.414201
2026-09-26T08:55:06.960Z,ENA,0.5198,379.5,0.27813,1357.414201
2026-09-26T08:55:06.960Z,SAND,-2.092,60.55,0.04556,1357.414201
2026-09-26T08:55:06.960Z,AERO,-2.9655,1189,0.9027,1357.414201
2026-09-26T08:55:06.960Z,KGEN,-2.0376,223,0.1677,1357.414201
2026-09-26T08:55:06.960Z,LIT,0.04,6640,4.8897,1357.414201
2026-09-26T08:55:06.960Z,MANA,-3.8885,120,0.09198,1357.414201
2026-09-26T08:55:06.960Z,BAND,-6.6766,284.9,0.2249,1357.414201
2026-09-26T08:55:06.960Z,APE,-1.6641,208.7,0.15635,1357.414201
2026-09-26T08:55:06.960Z,GMT,1.2487,12.17,0.008855,1357.414201
2026-09-26T08:55:06.960Z,VIRTUAL,0.2267,1062,0.7806,1357.414201
2026-09-26T08:55:06.960Z,LPT,-5.8945,2261,1.77,1357.414201
2026-09-26T08:55:06.960Z,DATA,0.5709,308.8,0.2262,1357.414201
2026-09-26T08:55:06.960Z,THETA,-4.35,302,0.2326,1357.414201
2026-09-26T08:55:06.960Z,GRT,-1.2297,37.5,0.02797,1357.414201
2026-09-26T08:55:06.960Z,LAYER,-3.6311,106.9,0.08172,1357.414201
2026-09-26T08:55:06.960Z,NMR,-0.8019,13130,9.751,1357.414201
2026-09-26T08:55:06.960Z,EIGEN,-10.3772,321.9,0.2646,1357.414201
2026-09-26T08:55:06.960Z,BAT,-1.643,125.1,0.0937,1357.414201
2026-09-26T08:55:06.960Z,SPK,-1.4923,32.64,0.02441,1357.414201
2026-09-26T08:55:06.960Z,PUMP,-14.3876,5.276,0.00454,1357.414201
2026-09-26T08:55:06.960Z,KMNO,0.6615,59.93,0.04386,1357.414201
2026-09-26T08:55:06.960Z,CHZ,-0.2097,22.54,0.01664,1357.414201
2026-09-26T08:55:06.960Z,PENGU,0.9131,13.82,0.010089,1357.414201
2026-09-26T08:55:06.960Z,OP,-0.0361,194.8,0.14356,1357.414201
2026-09-26T08:55:06.960Z,UMA,-1.2794,558.8,0.417,1357.414201
2026-09-26T08:55:06.960Z,ZRO,-0.8753,2125,1.5793,1357.414201
2026-09-26T08:55:06.960Z,S,-0.5134,56.03,0.04149,1357.414201
2026-09-26T08:55:06.960Z,IMX,-0.5524,226.3,0.16764,1357.414201
2026-09-26T08:55:06.960Z,A,-0.2769,138.1,0.10202,1357.414201
2026-09-26T08:55:06.960Z,ATH,-0.7956,8.652,0.006425,1357.414201
2026-09-26T08:55:06.960Z,COMP,7.4603,34950,23.96,1357.414201
2026-09-26T08:55:06.960Z,CVX,-5.18,2654,2.062,1357.414201
2026-09-26T08:55:06.960Z,AXS,-0.4698,1628,1.205,1357.414201
2026-09-26T08:55:06.960Z,WCT,-1.7907,58.83,0.04413,1357.414201
2026-09-26T08:55:06.960Z,ME,0.3484,107.8,0.07914,1357.414201
2026-09-26T08:55:06.960Z,ASTER,1.0854,1004,0.7317,1357.414201
2026-09-26T08:55:06.960Z,GMX,0.3079,11210,8.233,1357.414201
2026-09-26T08:55:06.960Z,MORPHO,-2.4911,3617,2.7327,1357.414201
2026-09-26T08:55:06.960Z,MON,-2.9746,35.02,0.02659,1357.414201
2026-09-26T08:55:06.960Z,1INCH,-2.6011,136.6,0.10332,1357.414201
2026-09-26T08:55:06.960Z,SKY,-0.8972,107,0.07954,1357.414201
2026-09-26T08:55:06.960Z,YGG,-4.5354,36.53,0.02819,1357.414201
2026-09-26T08:55:06.960Z,BIO,1.7987,45.02,0.03258,1357.414201
2026-09-26T08:55:06.960Z,MOVE,-5.2303,12.54,0.009748,1357.414201
2026-09-26T08:55:06.960Z,GALA,-11.8783,2.628,0.002197,1357.414201
2026-09-26T08:55:06.960Z,ZK,-2.1167,17.14,0.0129,1357.414201
2026-09-26T08:55:06.960Z,ENS,-0.469,9610,7.113,1357.414201
2026-09-26T08:55:06.960Z,INJ,3.911,11040,7.827,1357.414201
2026-09-26T08:55:06.960Z,KAITO,-4.4029,480,0.3699,1357.414201
2026-09-26T08:55:06.960Z,LDO,-2.5139,650,0.4912,1357.414201
2026-09-26T08:55:06.960Z,BLUR,-2.1214,28.18,0.02121,1357.414201
2026-09-26T08:55:06.960Z,AUCTION,-2.1902,5170,3.894,1357.414201
2026-09-26T08:55:06.960Z,ZETA,0.4853,74.72,0.05478,1357.414201
2026-09-26T08:55:06.960Z,WIF,-4.0912,325.6,0.2501,1357.414201
2026-09-26T08:55:06.960Z,KSM,-0.0789,6425,4.737,1357.414201
2026-09-26T09:00:07.439Z,BTC,0.2034,114478000,84164.2,1357.414201
2026-09-26T09:00:07.439Z,XRP,0.173,2106,1.5488,1357.414201
2026-09-26T09:00:07.439Z,SOL,0.2613,164200,120.65,1357.414201
2026-09-26T09:00:07.439Z,ETH,0.2803,3661000,2689.5,1357.414201
2026-09-26T09:00:07.439Z,FIL,0.2574,1474,1.0831,1357.414201
2026-09-26T09:00:07.439Z,TRX,0.2267,458.2,0.33679,1357.414201
2026-09-26T09:00:07.439Z,BNB,0.0815,1050000,772.9,1357.414201
2026-09-26T09:00:07.439Z,WLD,0.0579,651.8,0.4799,1357.414201
2026-09-26T09:00:07.439Z,FLOW,-1.094,43.15,0.03214,1357.414201
2026-09-26T09:00:07.439Z,LINK,-0.1536,19060,14.063,1357.414201
2026-09-26T09:00:07.439Z,DOGE,0.246,133,0.09774,1357.414201
2026-09-26T09:00:07.439Z,SUI,0.3835,1585,1.1632,1357.414201
2026-09-26T09:00:07.439Z,XLM,0.5153,296.8,0.21753,1357.414201
2026-09-26T09:00:07.439Z,BCH,0.2711,457600,336.2,1357.414201
2026-09-26T09:00:07.439Z,AVAX,0.4898,14560,10.674,1357.414201
2026-09-26T09:00:07.439Z,ETC,-0.0351,12800,9.433,1357.414201
2026-09-26T09:00:07.439Z,AAVE,-0.1666,209100,154.3,1357.414201
2026-09-26T09:00:07.439Z,ADA,0.4899,347.7,0.2549,1357.414201
2026-09-26T09:00:07.439Z,HYPE,0.2841,125000,91.826,1357.414201
2026-09-26T09:00:07.439Z,SEI,0.5468,99.21,0.07269,1357.414201
2026-09-26T09:00:07.439Z,HBAR,0.6004,128.8,0.09432,1357.414201
2026-09-26T09:00:07.439Z,ARB,0.372,300.9,0.22085,1357.414201
2026-09-26T09:00:07.439Z,JTO,-0.8094,778.1,0.5779,1357.414201
2026-09-26T09:00:07.439Z,ONDO,0.4412,745.1,0.5465,1357.414201
2026-09-26T09:00:07.439Z,QTUM,0.9776,1441,1.0513,1357.414201
2026-09-26T09:00:07.439Z,PYTH,-2.3838,99.26,0.07491,1357.414201
2026-09-26T09:00:07.439Z,APT,0.4465,1152,0.8449,1357.414201
2026-09-26T09:00:07.439Z,UNI,0.8879,13240,9.668,1357.414201
2026-09-26T09:00:07.439Z,TIA,0.3869,664.3,0.4875,1357.414201
2026-09-26T09:00:07.439Z,ALGO,0.6323,157.8,0.11552,1357.414201
2026-09-26T09:00:07.439Z,NEAR,1.4003,6655,4.835,1357.414201
2026-09-26T09:00:07.439Z,ZIL,-5.2545,4.9,0.00381,1357.414201
2026-09-26T09:00:07.439Z,SUSHI,-2.558,348,0.2631,1357.414201
2026-09-26T09:00:07.439Z,PENDLE,-1.3319,3422,2.555,1357.414201
2026-09-26T09:00:07.439Z,XTZ,-0.3308,444.3,0.3284,1357.414201
2026-09-26T09:00:07.439Z,W,-4.9072,16.45,0.012744,1357.414201
2026-09-26T09:00:07.439Z,AR,-6.5971,5855,4.618,1357.414201
2026-09-26T09:00:07.439Z,SHIB,1.1909,0.0081,5.897e-06,1357.414201
2026-09-26T09:00:07.439Z,CELO,0.5745,133.9,0.09808,1357.414201
2026-09-26T09:00:07.439Z,STX,1.117,481.5,0.3508,1357.414201
2026-09-26T09:00:07.439Z,JUP,0.7361,468.2,0.3424,1357.414201
2026-09-26T09:00:07.439Z,PEPE,-0.3119,0.006,4.434e-06,1357.414201
2026-09-26T09:00:07.439Z,DYDX,0.5369,186.2,0.13644,1357.414201
2026-09-26T09:00:07.439Z,KITE,-4.5707,176.3,0.1361,1357.414201
2026-09-26T09:00:07.439Z,CRV,1.1663,479.4,0.3491,1357.414201
2026-09-26T09:00:07.439Z,ENJ,-1.5293,42.92,0.03211,1357.414201
2026-09-26T09:00:07.439Z,ATOM,0.0146,2479,1.826,1357.414201
2026-09-26T09:00:07.439Z,ICP,2.2776,4426,3.188,1357.414201
2026-09-26T09:00:07.439Z,SPACE,-1.9804,6.807,0.005116,1357.414201
2026-09-26T09:00:07.439Z,DOT,0.8287,1671,1.2209,1357.414201
2026-09-26T09:00:07.439Z,ETHFI,-0.1066,972.5,0.7172,1357.414201
2026-09-26T09:00:07.439Z,CC,0.2638,185,0.13593,1357.414201
2026-09-26T09:00:07.439Z,SYRUP,-2.1696,296.8,0.2235,1357.414201
2026-09-26T09:00:07.439Z,TAO,-3.2587,410500,312.6,1357.414201
2026-09-26T09:00:07.439Z,GRAM,-3.4955,1906,1.455,1357.414201
2026-09-26T09:00:07.439Z,RAY,6.6863,2860,1.9749,1357.414201
2026-09-26T09:00:07.439Z,RENDER,-2.8245,2621,1.987,1357.414201
2026-09-26T09:00:07.439Z,GRASS,-13.9631,610.8,0.523,1357.414201
2026-09-26T09:00:07.439Z,MINA,0.3849,192.5,0.14127,1357.414201
2026-09-26T09:00:07.439Z,POL,0.3353,163,0.11968,1357.414201
2026-09-26T09:00:07.439Z,ENA,0.5306,379.5,0.2781,1357.414201
2026-09-26T09:00:07.439Z,SAND,-2.4773,60.55,0.04574,1357.414201
2026-09-26T09:00:07.439Z,AERO,-2.7393,1189,0.9006,1357.414201
2026-09-26T09:00:07.439Z,KGEN,-2.0376,223,0.1677,1357.414201
2026-09-26T09:00:07.439Z,LIT,0.321,6640,4.876,1357.414201
2026-09-26T09:00:07.439Z,MANA,-4.0866,120,0.09217,1357.414201
2026-09-26T09:00:07.439Z,BAND,-6.6766,284.9,0.2249,1357.414201
2026-09-26T09:00:07.439Z,APE,-1.3739,208.7,0.15589,1357.414201
2026-09-26T09:00:07.439Z,GMT,1.3059,12.17,0.00885,1357.414201
2026-09-26T09:00:07.439Z,VIRTUAL,0.3553,1062,0.7796,1357.414201
2026-09-26T09:00:07.439Z,LPT,-5.5744,2261,1.764,1357.414201
2026-09-26T09:00:07.439Z,DATA,0.7937,308.8,0.2257,1357.414201
2026-09-26T09:00:07.439Z,THETA,-4.5552,302,0.2331,1357.414201
2026-09-26T09:00:07.439Z,GRT,-1.2297,37.5,0.02797,1357.414201
2026-09-26T09:00:07.439Z,LAYER,-3.5957,106.9,0.08169,1357.414201
2026-09-26T09:00:07.439Z,NMR,-0.7409,13130,9.745,1357.414201
2026-09-26T09:00:07.439Z,EIGEN,-9.9347,321.9,0.2633,1357.414201
2026-09-26T09:00:07.439Z,BAT,-1.58,125.1,0.09364,1357.414201
2026-09-26T09:00:07.439Z,SPK,-1.2496,32.64,0.02435,1357.414201
2026-09-26T09:00:07.439Z,PUMP,-14.2554,5.276,0.004533,1357.414201
2026-09-26T09:00:07.439Z,KMNO,1.0763,59.93,0.04368,1357.414201
2026-09-26T09:00:07.439Z,CHZ,0.2118,22.54,0.01657,1357.414201
2026-09-26T09:00:07.439Z,PENGU,0.9631,13.82,0.010084,1357.414201
2026-09-26T09:00:07.439Z,OP,0.2432,194.8,0.14316,1357.414201
2026-09-26T09:00:07.439Z,UMA,0.9447,571.8,0.4173,1357.414201
2026-09-26T09:00:07.439Z,ZRO,-0.7118,2125,1.5767,1357.414201
2026-09-26T09:00:07.439Z,S,-0.3212,56.03,0.04141,1357.414201
2026-09-26T09:00:07.439Z,IMX,-0.2847,226.3,0.16719,1357.414201
2026-09-26T09:00:07.439Z,A,-0.2377,138.1,0.10198,1357.414201
2026-09-26T09:00:07.439Z,ATH,-1.4246,8.652,0.006466,1357.414201
2026-09-26T09:00:07.439Z,COMP,7.595,34950,23.93,1357.414201
2026-09-26T09:00:07.439Z,CVX,-5.18,2654,2.062,1357.414201
2026-09-26T09:00:07.439Z,AXS,-1.0201,1628,1.2117,1357.414201
2026-09-26T09:00:07.439Z,WCT,-2.0349,58.83,0.04424,1357.414201
2026-09-26T09:00:07.439Z,ME,0.0576,107.8,0.07937,1357.414201
2026-09-26T09:00:07.439Z,ASTER,1.0301,1004,0.7321,1357.414201
2026-09-26T09:00:07.439Z,GMX,0.3079,11210,8.233,1357.414201
2026-09-26T09:00:07.439Z,MORPHO,-2.3339,3617,2.7283,1357.414201
2026-09-26T09:00:07.439Z,MON,-2.8284,35.02,0.02655,1357.414201
2026-09-26T09:00:07.439Z,1INCH,-2.5634,136.6,0.10328,1357.414201
2026-09-26T09:00:07.439Z,SKY,-0.8099,107,0.07947,1357.414201
2026-09-26T09:00:07.439Z,YGG,-4.1615,36.53,0.02808,1357.414201
2026-09-26T09:00:07.439Z,BIO,1.8612,45.02,0.03256,1357.414201
2026-09-26T09:00:07.439Z,MOVE,-5.1232,12.54,0.009737,1357.414201
2026-09-26T09:00:07.439Z,GALA,-12.0784,2.628,0.002202,1357.414201
2026-09-26T09:00:07.439Z,ZK,-1.9114,17.14,0.012873,1357.414201
2026-09-26T09:00:07.439Z,ENS,-0.2728,9610,7.099,1357.414201
2026-09-26T09:00:07.439Z,INJ,4.1638,11040,7.808,1357.414201
2026-09-26T09:00:07.439Z,KAITO,-4.3253,480,0.3696,1357.414201
2026-09-26T09:00:07.439Z,LDO,-2.4146,650,0.4907,1357.414201
2026-09-26T09:00:07.439Z,BLUR,-2.5349,28.18,0.0213,1357.414201
2026-09-26T09:00:07.439Z,AUCTION,-2.1902,5170,3.894,1357.414201
2026-09-26T09:00:07.439Z,ZETA,0.5036,74.72,0.05477,1357.414201
2026-09-26T09:00:07.439Z,WIF,-3.5513,325.6,0.2487,1357.414201
2026-09-26T09:00:07.439Z,KSM,0.0902,6425,4.729,1357.414201
2026-09-26T09:05:07.183Z,BTC,0.2165,114490000,84162,1357.414201
2026-09-26T09:05:07.183Z,XRP,0.2073,2104,1.5468,1357.414201
2026-09-26T09:05:07.183Z,SOL,0.3611,164200,120.53,1357.414201
2026-09-26T09:05:07.183Z,ETH,0.2142,3658000,2689.07,1357.414201
2026-09-26T09:05:07.183Z,FIL,0.5545,1474,1.0799,1357.414201
2026-09-26T09:05:07.183Z,TRX,0.2922,458.2,0.33657,1357.414201
2026-09-26T09:05:07.183Z,BNB,0.0944,1050000,772.8,1357.414201
2026-09-26T09:05:07.183Z,WLD,0.204,651.8,0.4792,1357.414201
2026-09-26T09:05:07.183Z,FLOW,-0.6613,43.15,0.032,1357.414201
2026-09-26T09:05:07.183Z,LINK,-0.1749,19060,14.066,1357.414201
2026-09-26T09:05:07.183Z,DOGE,0.2388,132.8,0.0976,1357.414201
2026-09-26T09:05:07.183Z,SUI,0.2133,1580,1.1615,1357.414201
2026-09-26T09:05:07.183Z,XLM,0.6912,296.8,0.21715,1357.414201
2026-09-26T09:05:07.183Z,BCH,0.301,457600,336.1,1357.414201
2026-09-26T09:05:07.183Z,AVAX,0.6878,14560,10.653,1357.414201
2026-09-26T09:05:07.183Z,ETC,0.0286,12800,9.427,1357.414201
2026-09-26T09:05:07.183Z,AAVE,-0.1602,209100,154.29,1357.414201
2026-09-26T09:05:07.183Z,ADA,0.1268,345.9,0.2545,1357.414201
2026-09-26T09:05:07.183Z,HYPE,0.4164,125000,91.705,1357.414201
2026-09-26T09:05:07.183Z,SEI,0.6576,99.21,0.07261,1357.414201
2026-09-26T09:05:07.183Z,HBAR,0.7285,128.8,0.0942,1357.414201
2026-09-26T09:05:07.183Z,ARB,0.65,300.9,0.22024,1357.414201
2026-09-26T09:05:07.183Z,JTO,-0.7064,778.1,0.5773,1357.414201
2026-09-26T09:05:07.183Z,ONDO,0.2056,742.4,0.5458,1357.414201
2026-09-26T09:05:07.183Z,QTUM,1.1411,1441,1.0496,1357.414201
2026-09-26T09:05:07.183Z,PYTH,-3.1722,99.26,0.07552,1357.414201
2026-09-26T09:05:07.183Z,APT,0.6371,1152,0.8433,1357.414201
2026-09-26T09:05:07.183Z,UNI,0.8983,13240,9.667,1357.414201
2026-09-26T09:05:07.183Z,TIA,0.5107,664.3,0.4869,1357.414201
2026-09-26T09:05:07.183Z,ALGO,0.737,157.8,0.1154,1357.414201
2026-09-26T09:05:07.183Z,NEAR,0.1259,6570,4.834,1357.414201
2026-09-26T09:05:07.183Z,ZIL,-4.88,4.9,0.003795,1357.414201
2026-09-26T09:05:07.183Z,SUSHI,-2.4097,348,0.2627,1357.414201
2026-09-26T09:05:07.183Z,PENDLE,-0.5142,3422,2.534,1357.414201
2026-09-26T09:05:07.183Z,XTZ,-0.0875,444.3,0.3276,1357.414201
2026-09-26T09:05:07.183Z,W,-4.6903,16.45,0.012715,1357.414201
2026-09-26T09:05:07.183Z,AR,-5.9248,5855,4.585,1357.414201
2026-09-26T09:05:07.183Z,SHIB,1.2768,0.0081,5.892e-06,1357.414201
2026-09-26T09:05:07.183Z,CELO,1.2247,133.9,0.09745,1357.414201
2026-09-26T09:05:07.183Z,STX,0.8583,481.5,0.3517,1357.414201
2026-09-26T09:05:07.183Z,JUP,0.795,468.2,0.3422,1357.414201
2026-09-26T09:05:07.183Z,PEPE,-0.1994,0.006,4.429e-06,1357.414201
2026-09-26T09:05:07.183Z,DYDX,0.8919,186.2,0.13596,1357.414201
2026-09-26T09:05:07.183Z,KITE,-4.1764,176.3,0.13554,1357.414201
2026-09-26T09:05:07.183Z,CRV,1.2823,479.4,0.3487,1357.414201
2026-09-26T09:05:07.183Z,ENJ,-0.1927,42.92,0.03168,1357.414201
2026-09-26T09:05:07.183Z,ATOM,0.2342,2479,1.822,1357.414201
2026-09-26T09:05:07.183Z,ICP,2.4383,4426,3.183,1357.414201
2026-09-26T09:05:07.183Z,SPACE,-2.5897,6.807,0.005148,1357.414201
2026-09-26T09:05:07.183Z,DOT,0.2104,1653,1.2152,1357.414201
2026-09-26T09:05:07.183Z,ETHFI,-0.3289,972.5,0.7188,1357.414201
2026-09-26T09:05:07.183Z,CC,0.2785,185,0.13591,1357.414201
2026-09-26T09:05:07.183Z,SYRUP,-2.0381,296.8,0.2232,1357.414201
2026-09-26T09:05:07.183Z,TAO,-3.1968,410500,312.4,1357.414201
2026-09-26T09:05:07.183Z,GRAM,-3.5618,1906,1.456,1357.414201
2026-09-26T09:05:07.183Z,RAY,7.2838,2860,1.9639,1357.414201
2026-09-26T09:05:07.183Z,RENDER,-2.971,2621,1.99,1357.414201
2026-09-26T09:05:07.183Z,GRASS,-14.5188,610.8,0.5264,1357.414201
2026-09-26T09:05:07.183Z,MINA,0.6557,192.5,0.14089,1357.414201
2026-09-26T09:05:07.183Z,POL,0.436,163,0.11956,1357.414201
2026-09-26T09:05:07.183Z,ENA,0.192,379.5,0.27904,1357.414201
2026-09-26T09:05:07.183Z,SAND,-2.1779,60.55,0.0456,1357.414201
2026-09-26T09:05:07.183Z,AERO,-2.5336,1189,0.8987,1357.414201
2026-09-26T09:05:07.183Z,KGEN,-2.0376,223,0.1677,1357.414201
2026-09-26T09:05:07.183Z,LIT,0.614,6640,4.8618,1357.414201
2026-09-26T09:05:07.183Z,MANA,-3.8989,120,0.09199,1357.414201
2026-09-26T09:05:07.183Z,BAND,-6.5519,284.9,0.2246,1357.414201
2026-09-26T09:05:07.183Z,APE,-1.1456,208.7,0.15553,1357.414201
2026-09-26T09:05:07.183Z,GMT,1.7313,12.17,0.008813,1357.414201
2026-09-26T09:05:07.183Z,VIRTUAL,0.4713,1062,0.7787,1357.414201
2026-09-26T09:05:07.183Z,LPT,-5.5744,2261,1.764,1357.414201
2026-09-26T09:05:07.183Z,DATA,0.6599,308.8,0.226,1357.414201
2026-09-26T09:05:07.183Z,THETA,-4.2265,302,0.2323,1357.414201
2026-09-26T09:05:07.183Z,GRT,-0.9464,37.5,0.02789,1357.414201
2026-09-26T09:05:07.183Z,LAYER,-3.2879,106.9,0.08143,1357.414201
2026-09-26T09:05:07.183Z,NMR,-0.4753,13130,9.719,1357.414201
2026-09-26T09:05:07.183Z,EIGEN,-9.8662,321.9,0.2631,1357.414201
2026-09-26T09:05:07.183Z,BAT,-1.4221,125.1,0.09349,1357.414201
2026-09-26T09:05:07.183Z,SPK,-0.473,32.64,0.02416,1357.414201
2026-09-26T09:05:07.183Z,PUMP,-14.331,5.276,0.004537,1357.414201
2026-09-26T09:05:07.183Z,KMNO,0.8915,59.93,0.04376,1357.414201
2026-09-26T09:05:07.183Z,CHZ,0.4543,22.54,0.01653,1357.414201
2026-09-26T09:05:07.183Z,PENGU,1.1537,13.82,0.010065,1357.414201
2026-09-26T09:05:07.183Z,OP,0.3905,194.8,0.14295,1357.414201
2026-09-26T09:05:07.183Z,UMA,1.1143,571.8,0.4166,1357.414201
2026-09-26T09:05:07.183Z,ZRO,-0.3452,2125,1.5709,1357.414201
2026-09-26T09:05:07.183Z,S,-0.0799,56.03,0.04131,1357.414201
2026-09-26T09:05:07.183Z,IMX,0.2068,226.3,0.16637,1357.414201
2026-09-26T09:05:07.183Z,A,-0.0024,138.1,0.10174,1357.414201
2026-09-26T09:05:07.183Z,ATH,-1.3331,8.652,0.00646,1357.414201
2026-09-26T09:05:07.183Z,COMP,7.685,34950,23.91,1357.414201
2026-09-26T09:05:07.183Z,CVX,-4.9033,2654,2.056,1357.414201
2026-09-26T09:05:07.183Z,AXS,-0.0551,1628,1.2,1357.414201
2026-09-26T09:05:07.183Z,WCT,-1.813,58.83,0.04414,1357.414201
2026-09-26T09:05:07.183Z,ME,0.1585,107.8,0.07929,1357.414201
2026-09-26T09:05:07.183Z,ASTER,1.113,1004,0.7315,1357.414201
2026-09-26T09:05:07.183Z,GMX,0.4788,11210,8.219,1357.414201
2026-09-26T09:05:07.183Z,MORPHO,-2.316,3617,2.7278,1357.414201
2026-09-26T09:05:07.183Z,MON,-2.6451,35.02,0.0265,1357.414201
2026-09-26T09:05:07.183Z,1INCH,-2.2511,136.6,0.10295,1357.414201
2026-09-26T09:05:07.183Z,SKY,-0.8099,107,0.07947,1357.414201
2026-09-26T09:05:07.183Z,YGG,-3.7501,36.53,0.02796,1357.414201
2026-09-26T09:05:07.183Z,BIO,2.0178,45.02,0.03251,1357.414201
2026-09-26T09:05:07.183Z,MOVE,-4.9377,12.54,0.009718,1357.414201
2026-09-26T09:05:07.183Z,GALA,-11.7176,2.628,0.002193,1357.414201
2026-09-26T09:05:07.183Z,ZK,-1.5059,17.14,0.01282,1357.414201
2026-09-26T09:05:07.183Z,ENS,-0.2306,9610,7.096,1357.414201
2026-09-26T09:05:07.183Z,INJ,4.3777,11040,7.792,1357.414201
2026-09-26T09:05:07.183Z,KAITO,-4.0918,480,0.3687,1357.414201
2026-09-26T09:05:07.183Z,LDO,-2.5338,650,0.4913,1357.414201
2026-09-26T09:05:07.183Z,BLUR,-1.4242,28.18,0.02106,1357.414201
2026-09-26T09:05:07.183Z,AUCTION,-2.0393,5170,3.888,1357.414201
2026-09-26T09:05:07.183Z,ZETA,0.138,74.72,0.05497,1357.414201
2026-09-26T09:05:07.183Z,WIF,-3.0837,325.6,0.2475,1357.414201
2026-09-26T09:05:07.183Z,KSM,0.3023,6425,4.719,1357.414201
2026-09-26T09:10:06.787Z,BTC,0.2314,114448000,84118.6,1357.414201
2026-09-26T09:10:06.787Z,XRP,0.1943,2104,1.547,1357.414201
2026-09-26T09:10:06.787Z,SOL,0.2751,164100,120.56,1357.414201
2026-09-26T09:10:06.787Z,ETH,0.1618,3655000,2688.27,1357.414201
2026-09-26T09:10:06.787Z,FIL,0.3872,1474,1.0817,1357.414201
2026-09-26T09:10:06.787Z,TRX,0.2595,458.2,0.33668,1357.414201
2026-09-26T09:10:06.787Z,BNB,0.0944,1050000,772.8,1357.414201
2026-09-26T09:10:06.787Z,WLD,0.0787,651.8,0.4798,1357.414201
2026-09-26T09:10:06.787Z,FLOW,-0.4435,43.15,0.03193,1357.414201
2026-09-26T09:10:06.787Z,LINK,-0.4015,19060,14.098,1357.414201
2026-09-26T09:10:06.787Z,DOGE,0.1633,132.7,0.0976,1357.414201
2026-09-26T09:10:06.787Z,SUI,0.2456,1585,1.1648,1357.414201
2026-09-26T09:10:06.787Z,XLM,0.352,295.8,0.21715,1357.414201
2026-09-26T09:10:06.787Z,BCH,0.301,457600,336.1,1357.414201
2026-09-26T09:10:06.787Z,AVAX,0.5463,14560,10.668,1357.414201
2026-09-26T09:10:06.787Z,ETC,-0.0456,12800,9.434,1357.414201
2026-09-26T09:10:06.787Z,AAVE,-0.5084,209100,154.83,1357.414201
2026-09-26T09:10:06.787Z,ADA,0.0089,345.9,0.2548,1357.414201
2026-09-26T09:10:06.787Z,HYPE,0.4361,125000,91.687,1357.414201
2026-09-26T09:10:06.787Z,SEI,0.7131,99.21,0.07257,1357.414201
2026-09-26T09:10:06.787Z,HBAR,0.7713,128.8,0.09416,1357.414201
2026-09-26T09:10:06.787Z,ARB,0.5723,300.9,0.22041,1357.414201
2026-09-26T09:10:06.787Z,JTO,-0.7064,778.1,0.5773,1357.414201
2026-09-26T09:10:06.787Z,ONDO,0.1689,742.4,0.546,1357.414201
2026-09-26T09:10:06.787Z,QTUM,1.1508,1441,1.0495,1357.414201
2026-09-26T09:10:06.787Z,PYTH,-3.1466,99.26,0.0755,1357.414201
2026-09-26T09:10:06.787Z,APT,0.3633,1152,0.8456,1357.414201
2026-09-26T09:10:06.787Z,UNI,0.69,13240,9.687,1357.414201
2026-09-26T09:10:06.787Z,TIA,0.3664,664.3,0.4876,1357.414201
2026-09-26T09:10:06.787Z,ALGO,0.6062,157.8,0.11555,1357.414201
2026-09-26T09:10:06.787Z,NEAR,-1.0208,6570,4.89,1357.414201
2026-09-26T09:10:06.787Z,ZIL,-5.4282,4.9,0.003817,1357.414201
2026-09-26T09:10:06.787Z,SUSHI,-2.521,348,0.263,1357.414201
2026-09-26T09:10:06.787Z,PENDLE,-0.2386,3422,2.527,1357.414201
2026-09-26T09:10:06.787Z,XTZ,0.0347,444.3,0.3272,1357.414201
2026-09-26T09:10:06.787Z,W,-4.4197,16.45,0.012679,1357.414201
2026-09-26T09:10:06.787Z,AR,-6.3537,5855,4.606,1357.414201
2026-09-26T09:10:06.787Z,SHIB,1.3284,0.0081,5.889e-06,1357.414201
2026-09-26T09:10:06.787Z,CELO,0.9553,133.9,0.09771,1357.414201
2026-09-26T09:10:06.787Z,STX,0.4299,481.5,0.3532,1357.414201
2026-09-26T09:10:06.787Z,JUP,0.7067,468.2,0.3425,1357.414201
2026-09-26T09:10:06.787Z,PEPE,-0.1769,0.006,4.428e-06,1357.414201
2026-09-26T09:10:06.787Z,DYDX,0.8399,186.2,0.13603,1357.414201
2026-09-26T09:10:06.787Z,KITE,-4.2682,176.3,0.13567,1357.414201
2026-09-26T09:10:06.787Z,CRV,1.1084,479.4,0.3493,1357.414201
2026-09-26T09:10:06.787Z,ENJ,0.6973,42.92,0.0314,1357.414201
2026-09-26T09:10:06.787Z,ATOM,0.0146,2479,1.826,1357.414201
2026-09-26T09:10:06.787Z,ICP,2.374,4426,3.185,1357.414201
2026-09-26T09:10:06.787Z,SPACE,-2.8727,6.807,0.005163,1357.414201
2026-09-26T09:10:06.787Z,DOT,0.128,1653,1.2162,1357.414201
2026-09-26T09:10:06.787Z,ETHFI,-0.2179,972.5,0.718,1357.414201
2026-09-26T09:10:06.787Z,CC,0.6562,185,0.1354,1357.414201
2026-09-26T09:10:06.787Z,SYRUP,-1.8622,296.8,0.2228,1357.414201
2026-09-26T09:10:06.787Z,TAO,-4.4508,410500,316.5,1357.414201
2026-09-26T09:10:06.787Z,GRAM,-3.3627,1906,1.453,1357.414201
2026-09-26T09:10:06.787Z,RAY,6.6485,2860,1.9756,1357.414201
2026-09-26T09:10:06.787Z,RENDER,-3.6007,2621,2.003,1357.414201
2026-09-26T09:10:06.787Z,GRASS,-13.9137,610.8,0.5227,1357.414201
2026-09-26T09:10:06.787Z,MINA,0.8059,192.5,0.14068,1357.414201
2026-09-26T09:10:06.787Z,POL,0.3269,163,0.11969,1357.414201
2026-09-26T09:10:06.787Z,ENA,-0.0557,380,0.2801,1357.414201
2026-09-26T09:10:06.787Z,SAND,-2.1135,60.55,0.04557,1357.414201
2026-09-26T09:10:06.787Z,AERO,-2.6852,1189,0.9001,1357.414201
2026-09-26T09:10:06.787Z,KGEN,-2.0376,223,0.1677,1357.414201
2026-09-26T09:10:06.787Z,LIT,1.0798,6640,4.8394,1357.414201
2026-09-26T09:10:06.787Z,MANA,-3.8571,120,0.09195,1357.414201
2026-09-26T09:10:06.787Z,BAND,-6.6351,284.9,0.2248,1357.414201
2026-09-26T09:10:06.787Z,APE,-1.0566,208.7,0.15539,1357.414201
2026-09-26T09:10:06.787Z,GMT,1.6505,12.17,0.00882,1357.414201
2026-09-26T09:10:06.787Z,VIRTUAL,0.2139,1062,0.7807,1357.414201
2026-09-26T09:10:06.787Z,LPT,-5.9477,2261,1.771,1357.414201
2026-09-26T09:10:06.787Z,DATA,0.6154,308.8,0.2261,1357.414201
2026-09-26T09:10:06.787Z,THETA,-4.1027,302,0.232,1357.414201
2026-09-26T09:10:06.787Z,GRT,-1.3355,37.5,0.028,1357.414201
2026-09-26T09:10:06.787Z,LAYER,-3.2998,106.9,0.08144,1357.414201
2026-09-26T09:10:06.787Z,NMR,-0.5674,13130,9.728,1357.414201
2026-09-26T09:10:06.787Z,EIGEN,-9.9688,321.9,0.2634,1357.414201
2026-09-26T09:10:06.787Z,BAT,-1.4958,125.1,0.09356,1357.414201
2026-09-26T09:10:06.787Z,SPK,-1.0464,32.64,0.0243,1357.414201
2026-09-26T09:10:06.787Z,PUMP,-14.331,5.276,0.004537,1357.414201
2026-09-26T09:10:06.787Z,KMNO,-0.3608,59.93,0.04431,1357.414201
2026-09-26T09:10:06.787Z,CHZ,0.3329,22.54,0.01655,1357.414201
2026-09-26T09:10:06.787Z,PENGU,0.9731,13.82,0.010083,1357.414201
2026-09-26T09:10:06.787Z,OP,0.0615,194.8,0.14342,1357.414201
2026-09-26T09:10:06.787Z,UMA,0.8963,571.8,0.4175,1357.414201
2026-09-26T09:10:06.787Z,ZRO,0.0304,2125,1.565,1357.414201
2026-09-26T09:10:06.787Z,S,-0.1282,56.03,0.04133,1357.414201
2026-09-26T09:10:06.787Z,IMX,-0.225,226.3,0.16709,1357.414201
2026-09-26T09:10:06.787Z,A,-1.1969,138.1,0.10297,1357.414201
2026-09-26T09:10:06.787Z,ATH,-1.4246,8.652,0.006466,1357.414201
2026-09-26T09:10:06.787Z,COMP,7.685,34950,23.91,1357.414201
2026-09-26T09:10:06.787Z,CVX,-4.9495,2654,2.057,1357.414201
2026-09-26T09:10:06.787Z,AXS,-0.2131,1628,1.2019,1357.414201
2026-09-26T09:10:06.787Z,WCT,-1.6124,58.83,0.04405,1357.414201
2026-09-26T09:10:06.787Z,ME,0.1585,107.8,0.07929,1357.414201
2026-09-26T09:10:06.787Z,ASTER,1.0439,1004,0.732,1357.414201
2026-09-26T09:10:06.787Z,GMX,0.4665,11210,8.22,1357.414201
2026-09-26T09:10:06.787Z,MORPHO,-2.4626,3617,2.7319,1357.414201
2026-09-26T09:10:06.787Z,MON,-2.7552,35.02,0.02653,1357.414201
2026-09-26T09:10:06.787Z,1INCH,-2.4312,136.6,0.10314,1357.414201
2026-09-26T09:10:06.787Z,SKY,-0.9221,107,0.07956,1357.414201
2026-09-26T09:10:06.787Z,YGG,-4.059,36.53,0.02805,1357.414201
2026-09-26T09:10:06.787Z,BIO,1.9551,45.02,0.03253,1357.414201
2026-09-26T09:10:06.787Z,MOVE,-5.1524,12.54,0.00974,1357.414201
2026-09-26T09:10:06.787Z,GALA,-11.7176,2.628,0.002193,1357.414201
2026-09-26T09:10:06.787Z,ZK,-1.7893,17.14,0.012857,1357.414201
2026-09-26T09:10:06.787Z,ENS,-0.3289,9610,7.103,1357.414201
2026-09-26T09:10:06.787Z,INJ,4.2172,11040,7.804,1357.414201
2026-09-26T09:10:06.787Z,KAITO,-4.0918,480,0.3687,1357.414201
2026-09-26T09:10:06.787Z,LDO,-2.5932,650,0.4916,1357.414201
2026-09-26T09:10:06.787Z,BLUR,-1.3305,28.18,0.02104,1357.414201
2026-09-26T09:10:06.787Z,AUCTION,-2.0141,5170,3.887,1357.414201
2026-09-26T09:10:06.787Z,ZETA,0.1744,74.72,0.05495,1357.414201
2026-09-26T09:10:06.787Z,WIF,-3.2791,325.6,0.248,1357.414201
2026-09-26T09:10:06.787Z,KSM,0.3448,6425,4.717,1357.414201
2026-09-26T09:15:06.850Z,BTC,0.2772,114293000,83966.3,1357.414201
2026-09-26T09:15:06.850Z,XRP,0.3344,2097,1.5397,1357.414201
2026-09-26T09:15:06.850Z,SOL,0.4389,163700,120.07,1357.414201
2026-09-26T09:15:06.850Z,ETH,0.3235,3651000,2681,1357.414201
2026-09-26T09:15:06.850Z,FIL,0.225,1464,1.0761,1357.414201
2026-09-26T09:15:06.850Z,TRX,0.2893,458.2,0.33658,1357.414201
2026-09-26T09:15:06.850Z,BNB,0.3151,1050000,771.1,1357.414201
2026-09-26T09:15:06.850Z,WLD,0.2226,649.2,0.4772,1357.414201
2026-09-26T09:15:06.850Z,FLOW,-0.1308,43.15,0.03183,1357.414201
2026-09-26T09:15:06.850Z,LINK,0.1302,19000,13.979,1357.414201
2026-09-26T09:15:06.850Z,DOGE,0.41,132.1,0.09692,1357.414201
2026-09-26T09:15:06.850Z,SUI,0.2267,1573,1.1562,1357.414201
2026-09-26T09:15:06.850Z,XLM,0.2322,294.1,0.21616,1357.414201
2026-09-26T09:15:06.850Z,BCH,0.5403,457600,335.3,1357.414201
2026-09-26T09:15:06.850Z,AVAX,0.8072,14450,10.56,1357.414201
2026-09-26T09:15:06.850Z,ETC,0.5405,12800,9.379,1357.414201
2026-09-26T09:15:06.850Z,AAVE,0.2818,209100,153.61,1357.414201
2026-09-26T09:15:06.850Z,ADA,0.1067,344.2,0.2533,1357.414201
2026-09-26T09:15:06.850Z,HYPE,0.7173,125000,91.431,1357.414201
2026-09-26T09:15:06.850Z,SEI,1.1592,99.21,0.07225,1357.414201
2026-09-26T09:15:06.850Z,HBAR,0.7877,128,0.09356,1357.414201
2026-09-26T09:15:06.850Z,ARB,0.75,299.9,0.21929,1357.414201
2026-09-26T09:15:06.850Z,JTO,0.0737,778.1,0.5728,1357.414201
2026-09-26T09:15:06.850Z,ONDO,0.3266,740.3,0.5436,1357.414201
2026-09-26T09:15:06.850Z,QTUM,1.7129,1441,1.0437,1357.414201
2026-09-26T09:15:06.850Z,PYTH,-2.5529,99.26,0.07504,1357.414201
2026-09-26T09:15:06.850Z,APT,0.1716,1143,0.8406,1357.414201
2026-09-26T09:15:06.850Z,UNI,1.3807,13240,9.621,1357.414201
2026-09-26T09:15:06.850Z,TIA,0.9252,664.3,0.4849,1357.414201
2026-09-26T09:15:06.850Z,ALGO,0.9118,157.8,0.1152,1357.414201
2026-09-26T09:15:06.850Z,NEAR,-0.8383,6570,4.881,1357.414201
2026-09-26T09:15:06.850Z,ZIL,-4.9551,4.9,0.003798,1357.414201
2026-09-26T09:15:06.850Z,SUSHI,-1.7364,348,0.2609,1357.414201
2026-09-26T09:15:06.850Z,PENDLE,0.9599,3422,2.497,1357.414201
2026-09-26T09:15:06.850Z,XTZ,0.5571,444.3,0.3255,1357.414201
2026-09-26T09:15:06.850Z,W,-3.7211,16.45,0.012587,1357.414201
2026-09-26T09:15:06.850Z,AR,-5.5333,5855,4.566,1357.414201
2026-09-26T09:15:06.850Z,SHIB,0.5898,0.008,5.859e-06,1357.414201
2026-09-26T09:15:06.850Z,CELO,1.6,133.9,0.09709,1357.414201
2026-09-26T09:15:06.850Z,STX,1.5513,481.5,0.3493,1357.414201
2026-09-26T09:15:06.850Z,JUP,1.328,468.2,0.3404,1357.414201
2026-09-26T09:15:06.850Z,PEPE,0.4127,0.006,4.402e-06,1357.414201
2026-09-26T09:15:06.850Z,DYDX,1.6244,186.2,0.13498,1357.414201
2026-09-26T09:15:06.850Z,KITE,-3.8786,176.3,0.13512,1357.414201
2026-09-26T09:15:06.850Z,CRV,2.0727,479.4,0.346,1357.414201
2026-09-26T09:15:06.850Z,ENJ,0.9867,42.92,0.03131,1357.414201
2026-09-26T09:15:06.850Z,ATOM,0.6762,2479,1.814,1357.414201
2026-09-26T09:15:06.850Z,ICP,3.2492,4426,3.158,1357.414201
2026-09-26T09:15:06.850Z,SPACE,-2.7031,6.807,0.005154,1357.414201
2026-09-26T09:15:06.850Z,DOT,0.766,1653,1.2085,1357.414201
2026-09-26T09:15:06.850Z,ETHFI,-0.1344,972.5,0.7174,1357.414201
2026-09-26T09:15:06.850Z,CC,0.7753,185,0.13524,1357.414201
2026-09-26T09:15:06.850Z,SYRUP,-1.1523,296.8,0.2212,1357.414201
2026-09-26T09:15:06.850Z,TAO,-3.9043,410500,314.7,1357.414201
2026-09-26T09:15:06.850Z,GRAM,-3.0959,1906,1.449,1357.414201
2026-09-26T09:15:06.850Z,RAY,6.9788,2860,1.9695,1357.414201
2026-09-26T09:15:06.850Z,RENDER,-2.6285,2621,1.983,1357.414201
2026-09-26T09:15:06.850Z,GRASS,-13.5332,610.8,0.5204,1357.414201
2026-09-26T09:15:06.850Z,MINA,1.3679,192.5,0.1399,1357.414201
2026-09-26T09:15:06.850Z,POL,0.968,163,0.11893,1357.414201
2026-09-26T09:15:06.850Z,ENA,1.0482,380,0.27704,1357.414201
2026-09-26T09:15:06.850Z,SAND,-1.2685,60.55,0.04518,1357.414201
2026-09-26T09:15:06.850Z,AERO,-2.229,1189,0.8959,1357.414201
2026-09-26T09:15:06.850Z,KGEN,-1.3908,223,0.1666,1357.414201
2026-09-26T09:15:06.850Z,LIT,1.5582,6640,4.8166,1357.414201
2026-09-26T09:15:06.850Z,MANA,-3.0877,120,0.09122,1357.414201
2026-09-26T09:15:06.850Z,BAND,-6.092,284.9,0.2235,1357.414201
2026-09-26T09:15:06.850Z,APE,-0.7628,208.7,0.15493,1357.414201
2026-09-26T09:15:06.850Z,GMT,0.5847,11.94,0.008745,1357.414201
2026-09-26T09:15:06.850Z,VIRTUAL,1.0031,1062,0.7746,1357.414201
2026-09-26T09:15:06.850Z,LPT,-5.306,2261,1.759,1357.414201
2026-09-26T09:15:06.850Z,DATA,1.1073,308.8,0.225,1357.414201
2026-09-26T09:15:06.850Z,THETA,-3.6458,302,0.2309,1357.414201
2026-09-26T09:15:06.850Z,GRT,-0.5899,37.5,0.02779,1357.414201
2026-09-26T09:15:06.850Z,LAYER,-3.2285,106.9,0.08138,1357.414201
2026-09-26T09:15:06.850Z,NMR,-0.1362,13130,9.686,1357.414201
2026-09-26T09:15:06.850Z,EIGEN,-9.7289,321.9,0.2627,1357.414201
2026-09-26T09:15:06.850Z,BAT,-1.1047,125.1,0.09319,1357.414201
2026-09-26T09:15:06.850Z,SPK,-0.5142,32.64,0.02417,1357.414201
2026-09-26T09:15:06.850Z,PUMP,-13.415,5.276,0.004489,1357.414201
2026-09-26T09:15:06.850Z,KMNO,-0.3383,59.93,0.0443,1357.414201
2026-09-26T09:15:06.850Z,CHZ,0.8815,22.54,0.01646,1357.414201
2026-09-26T09:15:06.850Z,PENGU,1.8723,13.82,0.009994,1357.414201
2026-09-26T09:15:06.850Z,OP,0.7853,194.8,0.14239,1357.414201
2026-09-26T09:15:06.850Z,UMA,1.4064,571.8,0.4154,1357.414201
2026-09-26T09:15:06.850Z,ZRO,0.3704,2125,1.5597,1357.414201
2026-09-26T09:15:06.850Z,S,0.6756,56.03,0.041,1357.414201
2026-09-26T09:15:06.850Z,IMX,0.0084,226.3,0.1667,1357.414201
2026-09-26T09:15:06.850Z,A,-0.433,138.1,0.10218,1357.414201
2026-09-26T09:15:06.850Z,ATH,-0.9805,8.652,0.006437,1357.414201
2026-09-26T09:15:06.850Z,COMP,8.1827,34950,23.8,1357.414201
2026-09-26T09:15:06.850Z,CVX,-4.5318,2654,2.048,1357.414201
2026-09-26T09:15:06.850Z,AXS,0.0951,1628,1.1982,1357.414201
2026-09-26T09:15:06.850Z,WCT,-0.8924,58.83,0.04373,1357.414201
2026-09-26T09:15:06.850Z,ME,0.6919,107.8,0.07887,1357.414201
2026-09-26T09:15:06.850Z,ASTER,1.4319,1004,0.7292,1357.414201
2026-09-26T09:15:06.850Z,GMX,0.9085,11210,8.184,1357.414201
2026-09-26T09:15:06.850Z,MORPHO,-1.7469,3617,2.712,1357.414201
2026-09-26T09:15:06.850Z,MON,-2.2022,35.02,0.02638,1357.414201
2026-09-26T09:15:06.850Z,1INCH,-1.8985,136.6,0.10258,1357.414201
2026-09-26T09:15:06.850Z,SKY,-0.4718,107,0.0792,1357.414201
2026-09-26T09:15:06.850Z,YGG,-3.474,36.53,0.02788,1357.414201
2026-09-26T09:15:06.850Z,BIO,2.3642,45.02,0.0324,1357.414201
2026-09-26T09:15:06.850Z,MOVE,-4.3867,12.54,0.009662,1357.414201
2026-09-26T09:15:06.850Z,GALA,-11.0687,2.628,0.002177,1357.414201
2026-09-26T09:15:06.850Z,ZK,-1.0427,17.14,0.01276,1357.414201
2026-09-26T09:15:06.850Z,ENS,0.0655,9610,7.075,1357.414201
2026-09-26T09:15:06.850Z,INJ,4.579,11040,7.777,1357.414201
2026-09-26T09:15:06.850Z,KAITO,-3.2256,480,0.3654,1357.414201
2026-09-26T09:15:06.850Z,LDO,-2.1754,650,0.4895,1357.414201
2026-09-26T09:15:06.850Z,BLUR,-0.9539,28.18,0.02096,1357.414201
2026-09-26T09:15:06.850Z,AUCTION,-1.5328,5170,3.868,1357.414201
2026-09-26T09:15:06.850Z,ZETA,0.1744,74.72,0.05495,1357.414201
2026-09-26T09:15:06.850Z,WIF,-2.3339,325.6,0.2456,1357.414201
2026-09-26T09:15:06.850Z,KSM,1.0086,6425,4.686,1357.414201
2026-09-26T09:20:06.949Z,BTC,0.3213,114351000,83972,1357.414201
2026-09-26T09:20:06.949Z,XRP,0.3432,2098,1.5403,1357.414201
2026-09-26T09:20:06.949Z,SOL,0.1851,163300,120.08,1357.414201
2026-09-26T09:20:06.949Z,ETH,0.2134,3650000,2683.21,1357.414201
2026-09-26T09:20:06.949Z,FIL,0.5239,1464,1.0729,1357.414201
2026-09-26T09:20:06.949Z,TRX,0.1401,457.6,0.33664,1357.414201
2026-09-26T09:20:06.949Z,BNB,0.3802,1050000,770.6,1357.414201
2026-09-26T09:20:06.949Z,WLD,-0.1698,647.2,0.4776,1357.414201
2026-09-26T09:20:06.949Z,FLOW,-0.4435,43.15,0.03193,1357.414201
2026-09-26T09:20:06.949Z,LINK,0.0086,19000,13.996,1357.414201
2026-09-26T09:20:06.949Z,DOGE,0.2858,132.1,0.09704,1357.414201
2026-09-26T09:20:06.949Z,SUI,0.308,1577,1.1582,1357.414201
2026-09-26T09:20:06.949Z,XLM,0.1505,294.2,0.21641,1357.414201
2026-09-26T09:20:06.949Z,BCH,0.3607,457600,335.9,1357.414201
2026-09-26T09:20:06.949Z,AVAX,0.9506,14450,10.545,1357.414201
2026-09-26T09:20:06.949Z,ETC,0.5191,12800,9.381,1357.414201
2026-09-26T09:20:06.949Z,AAVE,0.4912,209100,153.29,1357.414201
2026-09-26T09:20:06.949Z,ADA,-0.0511,344.2,0.2537,1357.414201
2026-09-26T09:20:06.949Z,HYPE,0.6425,125000,91.499,1357.414201
2026-09-26T09:20:06.949Z,SEI,0.9635,99.21,0.07239,1357.414201
2026-09-26T09:20:06.949Z,HBAR,0.7984,128,0.09355,1357.414201
2026-09-26T09:20:06.949Z,ARB,0.6662,299.5,0.21918,1357.414201
2026-09-26T09:20:06.949Z,JTO,0.1962,778.1,0.5721,1357.414201
2026-09-26T09:20:06.949Z,ONDO,0.1423,740.3,0.5446,1357.414201
2026-09-26T09:20:06.949Z,QTUM,1.8007,1441,1.0428,1357.414201
2026-09-26T09:20:06.949Z,PYTH,-2.6437,99.26,0.07511,1357.414201
2026-09-26T09:20:06.949Z,APT,0.1239,1143,0.841,1357.414201
2026-09-26T09:20:06.949Z,UNI,1.2019,13240,9.638,1357.414201
2026-09-26T09:20:06.949Z,TIA,0.7797,664.3,0.4856,1357.414201
2026-09-26T09:20:06.949Z,ALGO,1.1049,157.8,0.11498,1357.414201
2026-09-26T09:20:06.949Z,NEAR,-0.8586,6570,4.882,1357.414201
2026-09-26T09:20:06.949Z,ZIL,-4.9551,4.9,0.003798,1357.414201
2026-09-26T09:20:06.949Z,SUSHI,-1.8492,348,0.2612,1357.414201
2026-09-26T09:20:06.949Z,PENDLE,0.5974,3422,2.506,1357.414201
2026-09-26T09:20:06.949Z,XTZ,0.588,444.3,0.3254,1357.414201
2026-09-26T09:20:06.949Z,W,-3.6445,16.45,0.012577,1357.414201
2026-09-26T09:20:06.949Z,AR,-5.5333,5855,4.566,1357.414201
2026-09-26T09:20:06.949Z,SHIB,-0.8368,0.0079,5.869e-06,1357.414201
2026-09-26T09:20:06.949Z,CELO,1.5686,133.9,0.09712,1357.414201
2026-09-26T09:20:06.949Z,STX,0.6425,472,0.3455,1357.414201
2026-09-26T09:20:06.949Z,JUP,1.5966,468.2,0.3395,1357.414201
2026-09-26T09:20:06.949Z,PEPE,0.2761,0.006,4.408e-06,1357.414201
2026-09-26T09:20:06.949Z,DYDX,1.3765,186.2,0.13531,1357.414201
2026-09-26T09:20:06.949Z,KITE,-3.7717,176.3,0.13497,1357.414201
2026-09-26T09:20:06.949Z,CRV,1.8372,479.4,0.3468,1357.414201
2026-09-26T09:20:06.949Z,ENJ,0.7936,42.92,0.03137,1357.414201
2026-09-26T09:20:06.949Z,ATOM,0.4547,2479,1.818,1357.414201
2026-09-26T09:20:06.949Z,ICP,3.2492,4426,3.158,1357.414201
2026-09-26T09:20:06.949Z,SPACE,0.0871,7.009,0.005159,1357.414201
2026-09-26T09:20:06.949Z,DOT,0.3779,1645,1.2073,1357.414201
2026-09-26T09:20:06.949Z,ETHFI,-0.2318,972.5,0.7181,1357.414201
2026-09-26T09:20:06.949Z,CC,0.9096,185,0.13506,1357.414201
2026-09-26T09:20:06.949Z,SYRUP,-0.9733,296.8,0.2208,1357.414201
2026-09-26T09:20:06.949Z,TAO,-4.3904,410500,316.3,1357.414201
2026-09-26T09:20:06.949Z,GRAM,-3.029,1906,1.448,1357.414201
2026-09-26T09:20:06.949Z,RAY,7.2347,2860,1.9648,1357.414201
2026-09-26T09:20:06.949Z,RENDER,-2.8734,2621,1.988,1357.414201
2026-09-26T09:20:06.949Z,GRASS,-12.9982,610.8,0.5172,1357.414201
2026-09-26T09:20:06.949Z,MINA,1.339,192.5,0.13994,1357.414201
2026-09-26T09:20:06.949Z,POL,1.2233,163,0.11863,1357.414201
2026-09-26T09:20:06.949Z,ENA,1.3335,380,0.27626,1357.414201
2026-09-26T09:20:06.949Z,SAND,-1.4866,60.55,0.04528,1357.414201
2026-09-26T09:20:06.949Z,AERO,-2.4359,1189,0.8978,1357.414201
2026-09-26T09:20:06.949Z,KGEN,-1.3908,223,0.1666,1357.414201
2026-09-26T09:20:06.949Z,LIT,1.9541,6640,4.7979,1357.414201
2026-09-26T09:20:06.949Z,MANA,-3.162,120,0.09129,1357.414201
2026-09-26T09:20:06.949Z,BAND,-6.134,284.9,0.2236,1357.414201
2026-09-26T09:20:06.949Z,APE,-1.0693,208.7,0.15541,1357.414201
2026-09-26T09:20:06.949Z,GMT,0.5043,11.94,0.008752,1357.414201
2026-09-26T09:20:06.949Z,VIRTUAL,0.9249,1062,0.7752,1357.414201
2026-09-26T09:20:06.949Z,LPT,-5.6814,2261,1.766,1357.414201
2026-09-26T09:20:06.949Z,DATA,0.9278,308.8,0.2254,1357.414201
2026-09-26T09:20:06.949Z,THETA,-3.6458,302,0.2309,1357.414201
2026-09-26T09:20:06.949Z,GRT,-0.6614,37.5,0.02781,1357.414201
2026-09-26T09:20:06.949Z,LAYER,-3.3354,106.9,0.08147,1357.414201
2026-09-26T09:20:06.949Z,NMR,-0.1878,13130,9.691,1357.414201
2026-09-26T09:20:06.949Z,EIGEN,-9.3494,321.9,0.2616,1357.414201
2026-09-26T09:20:06.949Z,BAT,-1.2213,125.1,0.0933,1357.414201
2026-09-26T09:20:06.949Z,SPK,-0.5142,32.64,0.02417,1357.414201
2026-09-26T09:20:06.949Z,PUMP,-13.3184,5.276,0.004484,1357.414201
2026-09-26T09:20:06.949Z,KMNO,-0.0224,59.93,0.04416,1357.414201
2026-09-26T09:20:06.949Z,CHZ,0.8203,22.54,0.01647,1357.414201
2026-09-26T09:20:06.949Z,PENGU,1.7909,13.82,0.010002,1357.414201
2026-09-26T09:20:06.949Z,OP,0.7499,194.8,0.14244,1357.414201
2026-09-26T09:20:06.949Z,UMA,1.2358,571.8,0.4161,1357.414201
2026-09-26T09:20:06.949Z,ZRO,0.6867,2125,1.5548,1357.414201
2026-09-26T09:20:06.949Z,S,0.7002,56.03,0.04099,1357.414201
2026-09-26T09:20:06.949Z,IMX,0.1887,226.3,0.1664,1357.414201
2026-09-26T09:20:06.949Z,A,-0.9468,138.1,0.10271,1357.414201
2026-09-26T09:20:06.949Z,ATH,-1.4703,8.652,0.006469,1357.414201
2026-09-26T09:20:06.949Z,COMP,8.0919,34950,23.82,1357.414201
2026-09-26T09:20:06.949Z,CVX,-4.4852,2654,2.047,1357.414201
2026-09-26T09:20:06.949Z,AXS,-0.1965,1628,1.2017,1357.414201
2026-09-26T09:20:06.949Z,WCT,-0.847,58.83,0.04371,1357.414201
2026-09-26T09:20:06.949Z,ME,0.5135,107.8,0.07901,1357.414201
2026-09-26T09:20:06.949Z,ASTER,1.293,1004,0.7302,1357.414201
2026-09-26T09:20:06.949Z,GMX,0.8222,11210,8.191,1357.414201
2026-09-26T09:20:06.949Z,MORPHO,-1.5945,3617,2.7078,1357.414201
2026-09-26T09:20:06.949Z,MON,-2.0909,35.02,0.02635,1357.414201
2026-09-26T09:20:06.949Z,1INCH,-1.975,136.6,0.10266,1357.414201
2026-09-26T09:20:06.949Z,SKY,-0.1187,107,0.07892,1357.414201
2026-09-26T09:20:06.949Z,YGG,-3.6812,36.53,0.02794,1357.414201
2026-09-26T09:20:06.949Z,BIO,1.9238,45.02,0.03254,1357.414201
2026-09-26T09:20:06.949Z,MOVE,-4.4461,12.54,0.009668,1357.414201
2026-09-26T09:20:06.949Z,GALA,-11.0687,2.628,0.002177,1357.414201
2026-09-26T09:20:06.949Z,ZK,-1.4059,17.14,0.012807,1357.414201
2026-09-26T09:20:06.949Z,ENS,-0.0334,9610,7.082,1357.414201
2026-09-26T09:20:06.949Z,INJ,4.7406,11040,7.765,1357.414201
2026-09-26T09:20:06.949Z,KAITO,-3.093,480,0.3649,1357.414201
2026-09-26T09:20:06.949Z,LDO,-2.2552,650,0.4899,1357.414201
2026-09-26T09:20:06.949Z,BLUR,-1.3305,28.18,0.02104,1357.414201
2026-09-26T09:20:06.949Z,AUCTION,-1.6091,5170,3.871,1357.414201
2026-09-26T09:20:06.949Z,ZETA,0.1926,74.72,0.05494,1357.414201
2026-09-26T09:20:06.949Z,WIF,-2.2145,325.6,0.2453,1357.414201
2026-09-26T09:20:06.949Z,KSM,0.9871,6425,4.687,1357.414201
2026-09-26T09:25:07.092Z,BTC,0.3437,114351000,83953.2,1357.414201
2026-09-26T09:25:07.092Z,XRP,0.4083,2095,1.5371,1357.414201
2026-09-26T09:25:07.092Z,SOL,0.2937,163300,119.95,1357.414201
2026-09-26T09:25:07.092Z,ETH,0.3766,3653000,2681.05,1357.414201
2026-09-26T09:25:07.092Z,FIL,0.5276,1453,1.0648,1357.414201
2026-09-26T09:25:07.092Z,TRX,0.1282,457.6,0.33668,1357.414201
2026-09-26T09:25:07.092Z,BNB,0.4323,1050000,770.2,1357.414201
2026-09-26T09:25:07.092Z,WLD,0.412,649.2,0.4763,1357.414201
2026-09-26T09:25:07.092Z,FLOW,-0.3187,43.15,0.03189,1357.414201
2026-09-26T09:25:07.092Z,LINK,0.1875,19000,13.971,1357.414201
2026-09-26T09:25:07.092Z,DOGE,0.4204,132.1,0.09691,1357.414201
2026-09-26T09:25:07.092Z,SUI,0.6901,1580,1.156,1357.414201
2026-09-26T09:25:07.092Z,XLM,0.3638,294.2,0.21595,1357.414201
2026-09-26T09:25:07.092Z,BCH,0.4803,457600,335.5,1357.414201
2026-09-26T09:25:07.092Z,AVAX,1.1713,14450,10.522,1357.414201
2026-09-26T09:25:07.092Z,ETC,0.7446,12800,9.36,1357.414201
2026-09-26T09:25:07.092Z,AAVE,0.7014,209100,152.97,1357.414201
2026-09-26T09:25:07.092Z,ADA,0.1463,344.2,0.2532,1357.414201
2026-09-26T09:25:07.092Z,HYPE,0.7625,125000,91.39,1357.414201
2026-09-26T09:25:07.092Z,SEI,1.4963,99.21,0.07201,1357.414201
2026-09-26T09:25:07.092Z,HBAR,0.9387,128,0.09342,1357.414201
2026-09-26T09:25:07.092Z,ARB,0.7368,297.7,0.21771,1357.414201
2026-09-26T09:25:07.092Z,JTO,0.5477,778.1,0.5701,1357.414201
2026-09-26T09:25:07.092Z,ONDO,0.1607,740.3,0.5445,1357.414201
2026-09-26T09:25:07.092Z,QTUM,1.8397,1441,1.0424,1357.414201
2026-09-26T09:25:07.092Z,PYTH,-2.3707,99.26,0.0749,1357.414201
2026-09-26T09:25:07.092Z,APT,0.4344,1143,0.8384,1357.414201
2026-09-26T09:25:07.092Z,UNI,1.3491,13240,9.624,1357.414201
2026-09-26T09:25:07.092Z,TIA,0.9252,664.3,0.4849,1357.414201
2026-09-26T09:25:07.092Z,ALGO,1.6175,157.8,0.1144,1357.414201
2026-09-26T09:25:07.092Z,NEAR,-0.4712,6570,4.863,1357.414201
2026-09-26T09:25:07.092Z,ZIL,-4.905,4.9,0.003796,1357.414201
2026-09-26T09:25:07.092Z,SUSHI,-1.5477,348,0.2604,1357.414201
2026-09-26T09:25:07.092Z,PENDLE,0.9599,3422,2.497,1357.414201
2026-09-26T09:25:07.092Z,XTZ,0.4337,444.3,0.3259,1357.414201
2026-09-26T09:25:07.092Z,W,-3.6598,16.45,0.012579,1357.414201
2026-09-26T09:25:07.092Z,AR,-5.554,5855,4.567,1357.414201
2026-09-26T09:25:07.092Z,SHIB,2.0213,0.0081,5.849e-06,1357.414201
2026-09-26T09:25:07.092Z,CELO,1.485,133.9,0.0972,1357.414201
2026-09-26T09:25:07.092Z,STX,0.6134,472,0.3456,1357.414201
2026-09-26T09:25:07.092Z,JUP,1.8968,468.2,0.3385,1357.414201
2026-09-26T09:25:07.092Z,PEPE,0.5041,0.006,4.398e-06,1357.414201
2026-09-26T09:25:07.092Z,DYDX,1.6093,186.2,0.135,1357.414201
2026-09-26T09:25:07.092Z,KITE,-4.0277,176.3,0.13533,1357.414201
2026-09-26T09:25:07.092Z,CRV,2.0137,479.4,0.3462,1357.414201
2026-09-26T09:25:07.092Z,ENJ,0.5372,42.92,0.03145,1357.414201
2026-09-26T09:25:07.092Z,ATOM,0.6207,2479,1.815,1357.414201
2026-09-26T09:25:07.092Z,ICP,3.4458,4426,3.152,1357.414201
2026-09-26T09:25:07.092Z,SPACE,0.3205,7.009,0.005147,1357.414201
2026-09-26T09:25:07.092Z,DOT,0.7033,1645,1.2034,1357.414201
2026-09-26T09:25:07.092Z,ETHFI,0.3552,972.5,0.7139,1357.414201
2026-09-26T09:25:07.092Z,CC,0.9096,185,0.13506,1357.414201
2026-09-26T09:25:07.092Z,SYRUP,-0.9284,296.8,0.2207,1357.414201
2026-09-26T09:25:07.092Z,TAO,-4.0871,410500,315.3,1357.414201
2026-09-26T09:25:07.092Z,GRAM,-3.029,1906,1.448,1357.414201
2026-09-26T09:25:07.092Z,RAY,7.4151,2860,1.9615,1357.414201
2026-09-26T09:25:07.092Z,RENDER,-2.5794,2621,1.982,1357.414201
2026-09-26T09:25:07.092Z,GRASS,-12.9477,610.8,0.5169,1357.414201
2026-09-26T09:25:07.092Z,MINA,1.5567,192.5,0.13964,1357.414201
2026-09-26T09:25:07.092Z,POL,1.4543,163,0.11836,1357.414201
2026-09-26T09:25:07.092Z,ENA,1.909,380,0.2747,1357.414201
2026-09-26T09:25:07.092Z,SAND,-1.4213,60.55,0.04525,1357.414201
2026-09-26T09:25:07.092Z,AERO,-2.7501,1189,0.9007,1357.414201
2026-09-26T09:25:07.092Z,KGEN,-1.0344,223,0.166,1357.414201
2026-09-26T09:25:07.092Z,LIT,2.0349,6640,4.7941,1357.414201
2026-09-26T09:25:07.092Z,MANA,-3.1408,120,0.09127,1357.414201
2026-09-26T09:25:07.092Z,BAND,-5.9658,284.9,0.2232,1357.414201
2026-09-26T09:25:07.092Z,APE,-1.0438,208.7,0.15537,1357.414201
2026-09-26T09:25:07.092Z,GMT,0.6538,11.94,0.008739,1357.414201
2026-09-26T09:25:07.092Z,VIRTUAL,1.1729,1062,0.7733,1357.414201
2026-09-26T09:25:07.092Z,LPT,-5.7347,2261,1.767,1357.414201
2026-09-26T09:25:07.092Z,DATA,0.8831,308.8,0.2255,1357.414201
2026-09-26T09:25:07.092Z,THETA,-3.7708,302,0.2312,1357.414201
2026-09-26T09:25:07.092Z,GRT,-0.3389,37.5,0.02772,1357.414201
2026-09-26T09:25:07.092Z,LAYER,-3.9953,106.9,0.08203,1357.414201
2026-09-26T09:25:07.092Z,NMR,-0.3318,13130,9.705,1357.414201
2026-09-26T09:25:07.092Z,EIGEN,-9.0364,321.9,0.2607,1357.414201
2026-09-26T09:25:07.092Z,BAT,-1.2107,125.1,0.09329,1357.414201
2026-09-26T09:25:07.092Z,SPK,-0.1838,32.64,0.02409,1357.414201
2026-09-26T09:25:07.092Z,PUMP,-13.2991,5.276,0.004483,1357.414201
2026-09-26T09:25:07.092Z,KMNO,-0.0224,59.93,0.04416,1357.414201
2026-09-26T09:25:07.092Z,CHZ,0.8815,22.54,0.01646,1357.414201
2026-09-26T09:25:07.092Z,PENGU,1.9948,13.82,0.009982,1357.414201
2026-09-26T09:25:07.092Z,OP,1.2475,194.8,0.14174,1357.414201
2026-09-26T09:25:07.092Z,UMA,1.4308,571.8,0.4153,1357.414201
2026-09-26T09:25:07.092Z,ZRO,0.8943,2125,1.5516,1357.414201
2026-09-26T09:25:07.092Z,S,0.9465,56.03,0.04089,1357.414201
2026-09-26T09:25:07.092Z,IMX,0.3214,226.3,0.16618,1357.414201
2026-09-26T09:25:07.092Z,A,-1.0239,138.1,0.10279,1357.414201
2026-09-26T09:25:07.092Z,ATH,-2.0909,8.652,0.00651,1357.414201
2026-09-26T09:25:07.092Z,COMP,8.2282,34950,23.79,1357.414201
2026-09-26T09:25:07.092Z,CVX,-4.5784,2654,2.049,1357.414201
2026-09-26T09:25:07.092Z,AXS,-0.3209,1628,1.2032,1357.414201
2026-09-26T09:25:07.092Z,WCT,-0.8924,58.83,0.04373,1357.414201
2026-09-26T09:25:07.092Z,ME,0.4499,107.8,0.07906,1357.414201
2026-09-26T09:25:07.092Z,ASTER,1.293,1004,0.7302,1357.414201
2026-09-26T09:25:07.092Z,GMX,0.8222,11210,8.191,1357.414201
2026-09-26T09:25:07.092Z,MORPHO,-1.248,3617,2.6983,1357.414201
2026-09-26T09:25:07.092Z,MON,-1.7179,35.02,0.02625,1357.414201
2026-09-26T09:25:07.092Z,1INCH,-1.8985,136.6,0.10258,1357.414201
2026-09-26T09:25:07.092Z,SKY,-0.1566,107,0.07895,1357.414201
2026-09-26T09:25:07.092Z,YGG,-3.922,36.53,0.02801,1357.414201
2026-09-26T09:25:07.092Z,BIO,2.2695,45.02,0.03243,1357.414201
2026-09-26T09:25:07.092Z,MOVE,-4.2381,12.54,0.009647,1357.414201
2026-09-26T09:25:07.092Z,GALA,-10.7407,2.628,0.002169,1357.414201
2026-09-26T09:25:07.092Z,ZK,-1.2053,17.14,0.012781,1357.414201
2026-09-26T09:25:07.092Z,ENS,0.0231,9610,7.078,1357.414201
2026-09-26T09:25:07.092Z,INJ,4.9434,11040,7.75,1357.414201
2026-09-26T09:25:07.092Z,KAITO,-2.6395,480,0.3632,1357.414201
2026-09-26T09:25:07.092Z,LDO,-1.774,650,0.4875,1357.414201
2026-09-26T09:25:07.092Z,BLUR,-1.6577,28.18,0.02111,1357.414201
2026-09-26T09:25:07.092Z,AUCTION,-1.5328,5170,3.868,1357.414201
2026-09-26T09:25:07.092Z,ZETA,0.2839,74.72,0.05489,1357.414201
2026-09-26T09:25:07.092Z,WIF,-1.8945,325.6,0.2445,1357.414201
2026-09-26T09:25:07.092Z,KSM,1.0949,6425,4.682,1357.414201
2026-09-26T09:30:06.961Z,BTC,0.3283,114384000,83990.4,1357.414201
2026-09-26T09:30:06.961Z,XRP,0.3822,2095,1.5375,1357.414201
2026-09-26T09:30:06.961Z,SOL,0.3188,163300,119.92,1357.414201
2026-09-26T09:30:06.961Z,ETH,0.3919,3653000,2680.64,1357.414201
2026-09-26T09:30:06.961Z,FIL,0.5868,1460,1.0693,1357.414201
2026-09-26T09:30:06.961Z,TRX,0.1371,457.6,0.33665,1357.414201
2026-09-26T09:30:06.961Z,BNB,0.4323,1050000,770.2,1357.414201
2026-09-26T09:30:06.961Z,WLD,0.308,648.8,0.4765,1357.414201
2026-09-26T09:30:06.961Z,FLOW,-0.1621,43.15,0.03184,1357.414201
2026-09-26T09:30:06.961Z,LINK,0.0586,19000,13.989,1357.414201
2026-09-26T09:30:06.961Z,DOGE,0.3582,132.1,0.09697,1357.414201
2026-09-26T09:30:06.961Z,SUI,0.3281,1575,1.1565,1357.414201
2026-09-26T09:30:06.961Z,XLM,0.3081,294.2,0.21607,1357.414201
2026-09-26T09:30:06.961Z,BCH,0.3607,457600,335.9,1357.414201
2026-09-26T09:30:06.961Z,AVAX,1.1232,14450,10.527,1357.414201
2026-09-26T09:30:06.961Z,ETC,0.6478,12800,9.369,1357.414201
2026-09-26T09:30:06.961Z,AAVE,0.7409,209100,152.91,1357.414201
2026-09-26T09:30:06.961Z,ADA,0.3685,345.1,0.2533,1357.414201
2026-09-26T09:30:06.961Z,HYPE,0.7008,125000,91.446,1357.414201
2026-09-26T09:30:06.961Z,SEI,1.454,99.21,0.07204,1357.414201
2026-09-26T09:30:06.961Z,HBAR,0.9603,128,0.0934,1357.414201
2026-09-26T09:30:06.961Z,ARB,0.6536,297.7,0.21789,1357.414201
2026-09-26T09:30:06.961Z,JTO,0.0737,778.1,0.5728,1357.414201
2026-09-26T09:30:06.961Z,ONDO,0.1527,741.6,0.5455,1357.414201
2026-09-26T09:30:06.961Z,QTUM,1.8104,1441,1.0427,1357.414201
2026-09-26T09:30:06.961Z,PYTH,-2.6048,99.26,0.07508,1357.414201
2026-09-26T09:30:06.961Z,APT,0.2193,1143,0.8402,1357.414201
2026-09-26T09:30:06.961Z,UNI,1.444,13240,9.615,1357.414201
2026-09-26T09:30:06.961Z,TIA,1.0085,664.3,0.4845,1357.414201
2026-09-26T09:30:06.961Z,ALGO,0.8856,157.8,0.11523,1357.414201
2026-09-26T09:30:06.961Z,NEAR,-0.225,6570,4.851,1357.414201
2026-09-26T09:30:06.961Z,ZIL,-4.905,4.9,0.003796,1357.414201
2026-09-26T09:30:06.961Z,SUSHI,-1.5477,348,0.2604,1357.414201
2026-09-26T09:30:06.961Z,PENDLE,0.7582,3422,2.502,1357.414201
2026-09-26T09:30:06.961Z,XTZ,0.4029,444.3,0.326,1357.414201
2026-09-26T09:30:06.961Z,W,-3.3833,16.45,0.012543,1357.414201
2026-09-26T09:30:06.961Z,AR,-5.2636,5855,4.553,1357.414201
2026-09-26T09:30:06.961Z,SHIB,1.8994,0.0081,5.856e-06,1357.414201
2026-09-26T09:30:06.961Z,CELO,1.4433,133.9,0.09724,1357.414201
2026-09-26T09:30:06.961Z,STX,1.0814,472,0.344,1357.414201
2026-09-26T09:30:06.961Z,JUP,1.7765,468.2,0.3389,1357.414201
2026-09-26T09:30:06.961Z,PEPE,0.4584,0.006,4.4e-06,1357.414201
2026-09-26T09:30:06.961Z,DYDX,1.5717,186.2,0.13505,1357.414201
2026-09-26T09:30:06.961Z,KITE,-3.5932,176.3,0.13472,1357.414201
2026-09-26T09:30:06.961Z,CRV,2.1908,479.4,0.3456,1357.414201
2026-09-26T09:30:06.961Z,ENJ,0.5372,42.92,0.03145,1357.414201
2026-09-26T09:30:06.961Z,ATOM,0.51,2479,1.817,1357.414201
2026-09-26T09:30:06.961Z,ICP,3.5115,4426,3.15,1357.414201
2026-09-26T09:30:06.961Z,SPACE,0.2231,7.009,0.005152,1357.414201
2026-09-26T09:30:06.961Z,DOT,0.8709,1645,1.2014,1357.414201
2026-09-26T09:30:06.961Z,ETHFI,0.299,972.5,0.7143,1357.414201
2026-09-26T09:30:06.961Z,CC,1.1568,185,0.13473,1357.414201
2026-09-26T09:30:06.961Z,SYRUP,-0.7485,296.8,0.2203,1357.414201
2026-09-26T09:30:06.961Z,TAO,-3.9043,410500,314.7,1357.414201
2026-09-26T09:30:06.961Z,GRAM,-2.962,1906,1.447,1357.414201
2026-09-26T09:30:06.961Z,RAY,7.4754,2860,1.9604,1357.414201
2026-09-26T09:30:06.961Z,RENDER,-2.5794,2621,1.982,1357.414201
2026-09-26T09:30:06.961Z,GRASS,-13.2164,610.8,0.5185,1357.414201
2026-09-26T09:30:06.961Z,MINA,1.7315,192.5,0.1394,1357.414201
2026-09-26T09:30:06.961Z,POL,1.3601,163,0.11847,1357.414201
2026-09-26T09:30:06.961Z,ENA,1.5136,380,0.27577,1357.414201
2026-09-26T09:30:06.961Z,SAND,-1.3995,60.55,0.04524,1357.414201
2026-09-26T09:30:06.961Z,AERO,-3.0729,1189,0.9037,1357.414201
2026-09-26T09:30:06.961Z,KGEN,-1.094,223,0.1661,1357.414201
2026-09-26T09:30:06.961Z,LIT,1.9753,6640,4.7969,1357.414201
2026-09-26T09:30:06.961Z,MANA,-3.0027,120,0.09114,1357.414201
2026-09-26T09:30:06.961Z,BAND,-6.05,284.9,0.2234,1357.414201
2026-09-26T09:30:06.961Z,APE,-0.9227,208.7,0.15518,1357.414201
2026-09-26T09:30:06.961Z,GMT,0.6768,11.94,0.008737,1357.414201
2026-09-26T09:30:06.961Z,VIRTUAL,1.1206,1062,0.7737,1357.414201
2026-09-26T09:30:06.961Z,LPT,-5.5209,2261,1.763,1357.414201
2026-09-26T09:30:06.961Z,DATA,1.0175,308.8,0.2252,1357.414201
2026-09-26T09:30:06.961Z,THETA,-3.854,302,0.2314,1357.414201
2026-09-26T09:30:06.961Z,GRT,-0.3389,37.5,0.02772,1357.414201
2026-09-26T09:30:06.961Z,LAYER,-3.7489,106.9,0.08182,1357.414201
2026-09-26T09:30:06.961Z,NMR,-0.2187,13130,9.694,1357.414201
2026-09-26T09:30:06.961Z,EIGEN,-8.7915,321.9,0.26,1357.414201
2026-09-26T09:30:06.961Z,BAT,-1.643,125.1,0.0937,1357.414201
2026-09-26T09:30:06.961Z,SPK,-0.1424,32.64,0.02408,1357.414201
2026-09-26T09:30:06.961Z,PUMP,-13.241,5.276,0.00448,1357.414201
2026-09-26T09:30:06.961Z,KMNO,0.0456,59.93,0.04413,1357.414201
2026-09-26T09:30:06.961Z,CHZ,0.7591,22.54,0.01648,1357.414201
2026-09-26T09:30:06.961Z,PENGU,1.9642,13.82,0.009985,1357.414201
2026-09-26T09:30:06.961Z,OP,1.3261,194.8,0.14163,1357.414201
2026-09-26T09:30:06.961Z,UMA,1.4308,571.8,0.4153,1357.414201
2026-09-26T09:30:06.961Z,ZRO,1.018,2125,1.5497,1357.414201
2026-09-26T09:30:06.961Z,S,0.9712,56.03,0.04088,1357.414201
2026-09-26T09:30:06.961Z,IMX,0.0805,226.3,0.16658,1357.414201
2026-09-26T09:30:06.961Z,A,-0.8889,138.1,0.10265,1357.414201
2026-09-26T09:30:06.961Z,ATH,-1.8345,8.652,0.006493,1357.414201
2026-09-26T09:30:06.961Z,COMP,8.5476,34950,23.72,1357.414201
2026-09-26T09:30:06.961Z,CVX,-4.5784,2654,2.049,1357.414201
2026-09-26T09:30:06.961Z,AXS,-0.0967,1628,1.2005,1357.414201
2026-09-26T09:30:06.961Z,WCT,-0.847,58.83,0.04371,1357.414201
2026-09-26T09:30:06.961Z,ME,0.4118,107.8,0.07909,1357.414201
2026-09-26T09:30:06.961Z,ASTER,1.2514,1004,0.7305,1357.414201
2026-09-26T09:30:06.961Z,GMX,0.773,11210,8.195,1357.414201
2026-09-26T09:30:06.961Z,MORPHO,-1.2407,3617,2.6981,1357.414201
2026-09-26T09:30:06.961Z,MON,-1.7553,35.02,0.02626,1357.414201
2026-09-26T09:30:06.961Z,1INCH,-1.8698,136.6,0.10255,1357.414201
2026-09-26T09:30:06.961Z,SKY,0.4925,107,0.07844,1357.414201
2026-09-26T09:30:06.961Z,YGG,-3.6468,36.53,0.02793,1357.414201
2026-09-26T09:30:06.961Z,BIO,2.3958,45.02,0.03239,1357.414201
2026-09-26T09:30:06.961Z,MOVE,-4.3273,12.54,0.009656,1357.414201
2026-09-26T09:30:06.961Z,GALA,-10.0356,2.628,0.002152,1357.414201
2026-09-26T09:30:06.961Z,ZK,-1.066,17.14,0.012763,1357.414201
2026-09-26T09:30:06.961Z,ENS,0.1646,9610,7.068,1357.414201
2026-09-26T09:30:06.961Z,INJ,4.8757,11040,7.755,1357.414201
2026-09-26T09:30:06.961Z,KAITO,-2.7466,480,0.3636,1357.414201
2026-09-26T09:30:06.961Z,LDO,-2.0353,650,0.4888,1357.414201
2026-09-26T09:30:06.961Z,BLUR,-1.4242,28.18,0.02106,1357.414201
2026-09-26T09:30:06.961Z,AUCTION,-1.4563,5170,3.865,1357.414201
2026-09-26T09:30:06.961Z,ZETA,0.1015,74.72,0.05499,1357.414201
2026-09-26T09:30:06.961Z,WIF,-1.8945,325.6,0.2445,1357.414201
2026-09-26T09:30:06.961Z,KSM,1.1597,6425,4.679,1357.414201
2026-09-26T09:35:07.483Z,BTC,0.3207,114397000,84006.3,1357.414201
2026-09-26T09:35:07.483Z,XRP,0.3562,2098,1.5401,1357.414201
2026-09-26T09:35:07.483Z,SOL,0.2602,163300,119.99,1357.414201
2026-09-26T09:35:07.483Z,ETH,0.3269,3651000,2680.91,1357.414201
2026-09-26T09:35:07.483Z,FIL,-0.021,1460,1.0758,1357.414201
2026-09-26T09:35:07.483Z,TRX,0.1163,457.6,0.33672,1357.414201
2026-09-26T09:35:07.483Z,BNB,0.4323,1050000,770.2,1357.414201
2026-09-26T09:35:07.483Z,WLD,0.077,648.8,0.4776,1357.414201
2026-09-26T09:35:07.483Z,FLOW,-0.3811,43.15,0.03191,1357.414201
2026-09-26T09:35:07.483Z,LINK,-0.0914,19000,14.01,1357.414201
2026-09-26T09:35:07.483Z,DOGE,0.2755,132.1,0.09705,1357.414201
2026-09-26T09:35:07.483Z,SUI,0.0858,1575,1.1593,1357.414201
2026-09-26T09:35:07.483Z,XLM,0.2651,294.7,0.21653,1357.414201
2026-09-26T09:35:07.483Z,BCH,0.152,457600,336.6,1357.414201
2026-09-26T09:35:07.483Z,AVAX,-0.6845,14220,10.548,1357.414201
2026-09-26T09:35:07.483Z,ETC,0.412,12800,9.391,1357.414201
2026-09-26T09:35:07.483Z,AAVE,0.4912,209100,153.29,1357.414201
2026-09-26T09:35:07.483Z,ADA,0.0919,345.1,0.254,1357.414201
2026-09-26T09:35:07.483Z,HYPE,0.5546,125000,91.579,1357.414201
2026-09-26T09:35:07.483Z,SEI,-0.2032,98.05,0.07238,1357.414201
2026-09-26T09:35:07.483Z,HBAR,0.7661,128,0.09358,1357.414201
2026-09-26T09:35:07.483Z,ARB,0.2608,297.6,0.21867,1357.414201
2026-09-26T09:35:07.483Z,JTO,-0.4477,778.1,0.5758,1357.414201
2026-09-26T09:35:07.483Z,ONDO,-0.0672,741.6,0.5467,1357.414201
2026-09-26T09:35:07.483Z,QTUM,1.9375,1441,1.0414,1357.414201
2026-09-26T09:35:07.483Z,PYTH,-2.4619,99.26,0.07497,1357.414201
2026-09-26T09:35:07.483Z,APT,-0.0425,1143,0.8424,1357.414201
2026-09-26T09:35:07.483Z,UNI,1.4229,13240,9.617,1357.414201
2026-09-26T09:35:07.483Z,TIA,0.2117,661.1,0.486,1357.414201
2026-09-26T09:35:07.483Z,ALGO,0.6149,157.8,0.11554,1357.414201
2026-09-26T09:35:07.483Z,NEAR,-0.0602,6570,4.843,1357.414201
2026-09-26T09:35:07.483Z,ZIL,-5.0301,4.9,0.003801,1357.414201
2026-09-26T09:35:07.483Z,SUSHI,-1.8868,348,0.2613,1357.414201
2026-09-26T09:35:07.483Z,PENDLE,0.3571,3422,2.512,1357.414201
2026-09-26T09:35:07.483Z,XTZ,0.4954,444.3,0.3257,1357.414201
2026-09-26T09:35:07.483Z,W,-2.9889,16.45,0.012492,1357.414201
2026-09-26T09:35:07.483Z,AR,-5.4712,5855,4.563,1357.414201
2026-09-26T09:35:07.483Z,SHIB,1.6737,0.0081,5.869e-06,1357.414201
2026-09-26T09:35:07.483Z,CELO,1.4537,133.9,0.09723,1357.414201
2026-09-26T09:35:07.483Z,STX,0.3374,467.3,0.3431,1357.414201
2026-09-26T09:35:07.483Z,JUP,1.5667,468.2,0.3396,1357.414201
2026-09-26T09:35:07.483Z,PEPE,0.2306,0.006,4.41e-06,1357.414201
2026-09-26T09:35:07.483Z,DYDX,1.474,186.2,0.13518,1357.414201
2026-09-26T09:35:07.483Z,KITE,-3.9567,176.3,0.13523,1357.414201
2026-09-26T09:35:07.483Z,CRV,2.0137,479.4,0.3462,1357.414201
2026-09-26T09:35:07.483Z,ENJ,0.7936,42.92,0.03137,1357.414201
2026-09-26T09:35:07.483Z,ATOM,0.4547,2479,1.818,1357.414201
2026-09-26T09:35:07.483Z,ICP,3.086,4426,3.163,1357.414201
2026-09-26T09:35:07.483Z,SPACE,0.4375,7.009,0.005141,1357.414201
2026-09-26T09:35:07.483Z,DOT,0.2776,1639,1.2041,1357.414201
2026-09-26T09:35:07.483Z,ETHFI,0.5806,972.5,0.7123,1357.414201
2026-09-26T09:35:07.483Z,CC,1.1718,185,0.13471,1357.414201
2026-09-26T09:35:07.483Z,SYRUP,-0.9284,296.8,0.2207,1357.414201
2026-09-26T09:35:07.483Z,TAO,-3.6901,410500,314,1357.414201
2026-09-26T09:35:07.483Z,GRAM,0.2596,1972,1.449,1357.414201
2026-09-26T09:35:07.483Z,RAY,7.3057,2860,1.9635,1357.414201
2026-09-26T09:35:07.483Z,RENDER,-2.9222,2621,1.989,1357.414201
2026-09-26T09:35:07.483Z,GRASS,-13.3834,610.8,0.5195,1357.414201
2026-09-26T09:35:07.483Z,MINA,1.929,192.5,0.13913,1357.414201
2026-09-26T09:35:07.483Z,POL,1.3429,163,0.11849,1357.414201
2026-09-26T09:35:07.483Z,ENA,0.0658,380,0.27976,1357.414201
2026-09-26T09:35:07.483Z,SAND,-1.4648,60.55,0.04527,1357.414201
2026-09-26T09:35:07.483Z,AERO,-3.3723,1189,0.9065,1357.414201
2026-09-26T09:35:07.483Z,KGEN,-1.094,223,0.1661,1357.414201
2026-09-26T09:35:07.483Z,LIT,1.7166,6640,4.8091,1357.414201
2026-09-26T09:35:07.483Z,MANA,-2.9707,120,0.09111,1357.414201
2026-09-26T09:35:07.483Z,BAND,-6.092,284.9,0.2235,1357.414201
2026-09-26T09:35:07.483Z,APE,-1.012,208.7,0.15532,1357.414201
2026-09-26T09:35:07.483Z,GMT,0.4813,11.94,0.008754,1357.414201
2026-09-26T09:35:07.483Z,VIRTUAL,0.7559,1062,0.7765,1357.414201
2026-09-26T09:35:07.483Z,LPT,-5.7347,2261,1.767,1357.414201
2026-09-26T09:35:07.483Z,DATA,0.8831,308.8,0.2255,1357.414201
2026-09-26T09:35:07.483Z,THETA,-4.0199,302,0.2318,1357.414201
2026-09-26T09:35:07.483Z,GRT,-0.5542,37.5,0.02778,1357.414201
2026-09-26T09:35:07.483Z,LAYER,-3.7253,106.9,0.0818,1357.414201
2026-09-26T09:35:07.483Z,NMR,-0.3112,13130,9.703,1357.414201
2026-09-26T09:35:07.483Z,EIGEN,-9.0713,321.9,0.2608,1357.414201
2026-09-26T09:35:07.483Z,BAT,-1.643,125.1,0.0937,1357.414201
2026-09-26T09:35:07.483Z,SPK,-0.3906,32.64,0.02414,1357.414201
2026-09-26T09:35:07.483Z,PUMP,-13.2217,5.276,0.004479,1357.414201
2026-09-26T09:35:07.483Z,KMNO,-0.2933,59.93,0.04428,1357.414201
2026-09-26T09:35:07.483Z,CHZ,0.637,22.54,0.0165,1357.414201
2026-09-26T09:35:07.483Z,PENGU,1.5472,13.82,0.010026,1357.414201
2026-09-26T09:35:07.483Z,OP,0.764,194.8,0.14242,1357.414201
2026-09-26T09:35:07.483Z,UMA,1.1871,571.8,0.4163,1357.414201
2026-09-26T09:35:07.483Z,ZRO,0.5961,2125,1.5562,1357.414201
2026-09-26T09:35:07.483Z,S,0.9959,56.03,0.04087,1357.414201
2026-09-26T09:35:07.483Z,IMX,-0.2668,226.3,0.16716,1357.414201
2026-09-26T09:35:07.483Z,A,-0.7148,138.1,0.10247,1357.414201
2026-09-26T09:35:07.483Z,ATH,-2.2111,8.652,0.006518,1357.414201
2026-09-26T09:35:07.483Z,COMP,8.4105,34950,23.75,1357.414201
2026-09-26T09:35:07.483Z,CVX,-4.7643,2654,2.053,1357.414201
2026-09-26T09:35:07.483Z,AXS,0.2573,1632,1.1992,1357.414201
2026-09-26T09:35:07.483Z,WCT,-0.9151,58.83,0.04374,1357.414201
2026-09-26T09:35:07.483Z,ME,0.5135,107.8,0.07901,1357.414201
2026-09-26T09:35:07.483Z,ASTER,1.2376,1004,0.7306,1357.414201
2026-09-26T09:35:07.483Z,GMX,0.7607,11210,8.196,1357.414201
2026-09-26T09:35:07.483Z,MORPHO,-1.1491,3617,2.6956,1357.414201
2026-09-26T09:35:07.483Z,MON,-1.9047,35.02,0.0263,1357.414201
2026-09-26T09:35:07.483Z,1INCH,-1.6781,136.6,0.10235,1357.414201
2026-09-26T09:35:07.483Z,SKY,0.3901,107,0.07852,1357.414201
2026-09-26T09:35:07.483Z,YGG,-3.7501,36.53,0.02796,1357.414201
2026-09-26T09:35:07.483Z,BIO,2.238,45.02,0.03244,1357.414201
2026-09-26T09:35:07.483Z,MOVE,-4.4757,12.54,0.009671,1357.414201
2026-09-26T09:35:07.483Z,GALA,-10.7407,2.628,0.002169,1357.414201
2026-09-26T09:35:07.483Z,ZK,-1.1357,17.14,0.012772,1357.414201
2026-09-26T09:35:07.483Z,ENS,-0.0051,9610,7.08,1357.414201
2026-09-26T09:35:07.483Z,INJ,4.7541,11040,7.764,1357.414201
2026-09-26T09:35:07.483Z,KAITO,-3.4634,480,0.3663,1357.414201
2026-09-26T09:35:07.483Z,LDO,-2.3947,650,0.4906,1357.414201
2026-09-26T09:35:07.483Z,BLUR,-1.5644,28.18,0.02109,1357.414201
2026-09-26T09:35:07.483Z,AUCTION,-1.4308,5170,3.864,1357.414201
2026-09-26T09:35:07.483Z,ZETA,0.4303,74.72,0.05481,1357.414201
2026-09-26T09:35:07.483Z,WIF,-2.0948,325.6,0.245,1357.414201
2026-09-26T09:35:07.483Z,KSM,1.0302,6425,4.685,1357.414201
2026-09-26T09:40:07.178Z,BTC,0.3492,114397000,83982.4,1357.414201
2026-09-26T09:40:07.178Z,XRP,0.3649,2099,1.5407,1357.414201
2026-09-26T09:40:07.178Z,SOL,0.302,163300,119.94,1357.414201
2026-09-26T09:40:07.178Z,ETH,0.3701,3652000,2680.49,1357.414201
2026-09-26T09:40:07.178Z,FIL,0.3278,1467,1.0772,1357.414201
2026-09-26T09:40:07.178Z,TRX,0.1193,457.6,0.33671,1357.414201
2026-09-26T09:40:07.178Z,BNB,0.4584,1050000,770,1357.414201
2026-09-26T09:40:07.178Z,WLD,0.1399,648.8,0.4773,1357.414201
2026-09-26T09:40:07.178Z,FLOW,-0.537,43.15,0.03196,1357.414201
2026-09-26T09:40:07.178Z,LINK,-0.2196,19000,14.028,1357.414201
2026-09-26T09:40:07.178Z,DOGE,0.3065,132.1,0.09702,1357.414201
2026-09-26T09:40:07.178Z,SUI,0.444,1582,1.1603,1357.414201
2026-09-26T09:40:07.178Z,XLM,0.2017,294.5,0.21652,1357.414201
2026-09-26T09:40:07.178Z,BCH,0.2413,457600,336.3,1357.414201
2026-09-26T09:40:07.178Z,AVAX,-0.6374,14220,10.543,1357.414201
2026-09-26T09:40:07.178Z,ETC,0.5191,12800,9.381,1357.414201
2026-09-26T09:40:07.178Z,AAVE,0.7277,209100,152.93,1357.414201
2026-09-26T09:40:07.178Z,ADA,0.4109,346.2,0.254,1357.414201
2026-09-26T09:40:07.178Z,HYPE,0.5864,125000,91.55,1357.414201
2026-09-26T09:40:07.178Z,SEI,0.5185,98.8,0.07241,1357.414201
2026-09-26T09:40:07.178Z,HBAR,0.7123,128,0.09363,1357.414201
2026-09-26T09:40:07.178Z,ARB,0.6285,298.5,0.21853,1357.414201
2026-09-26T09:40:07.178Z,JTO,-0.603,778.1,0.5767,1357.414201
2026-09-26T09:40:07.178Z,ONDO,0.2262,741.6,0.5451,1357.414201
2026-09-26T09:40:07.178Z,QTUM,1.8886,1441,1.0419,1357.414201
2026-09-26T09:40:07.178Z,PYTH,-2.5269,99.26,0.07502,1357.414201
2026-09-26T09:40:07.178Z,APT,0.0288,1143,0.8418,1357.414201
2026-09-26T09:40:07.178Z,UNI,1.5813,13240,9.602,1357.414201
2026-09-26T09:40:07.178Z,TIA,0.4805,661.1,0.4847,1357.414201
2026-09-26T09:40:07.178Z,ALGO,0.6584,157.8,0.11549,1357.414201
2026-09-26T09:40:07.178Z,NEAR,0.5836,6570,4.812,1357.414201
2026-09-26T09:40:07.178Z,ZIL,-4.553,4.9,0.003782,1357.414201
2026-09-26T09:40:07.178Z,SUSHI,-1.661,348,0.2607,1357.414201
2026-09-26T09:40:07.178Z,PENDLE,0.3571,3422,2.512,1357.414201
2026-09-26T09:40:07.178Z,XTZ,0.3106,444.3,0.3263,1357.414201
2026-09-26T09:40:07.178Z,W,-3.113,16.45,0.012508,1357.414201
2026-09-26T09:40:07.178Z,AR,-5.3052,5855,4.555,1357.414201
2026-09-26T09:40:07.178Z,SHIB,1.6737,0.0081,5.869e-06,1357.414201
2026-09-26T09:40:07.178Z,CELO,1.7467,133.9,0.09695,1357.414201
2026-09-26T09:40:07.178Z,STX,-0.4816,462,0.342,1357.414201
2026-09-26T09:40:07.178Z,JUP,1.4472,468.2,0.34,1357.414201
2026-09-26T09:40:07.178Z,PEPE,0.3216,0.006,4.406e-06,1357.414201
2026-09-26T09:40:07.178Z,DYDX,1.5867,186.2,0.13503,1357.414201
2026-09-26T09:40:07.178Z,KITE,-3.8216,176.3,0.13504,1357.414201
2026-09-26T09:40:07.178Z,CRV,2.1908,479.4,0.3456,1357.414201
2026-09-26T09:40:07.178Z,ENJ,0.89,42.92,0.03134,1357.414201
2026-09-26T09:40:07.178Z,ATOM,0.51,2479,1.817,1357.414201
2026-09-26T09:40:07.178Z,ICP,3.0535,4426,3.164,1357.414201
2026-09-26T09:40:07.178Z,SPACE,0.5549,7.009,0.005135,1357.414201
2026-09-26T09:40:07.178Z,DOT,0.4946,1639,1.2015,1357.414201
2026-09-26T09:40:07.178Z,ETHFI,0.6513,972.5,0.7118,1357.414201
2026-09-26T09:40:07.178Z,CC,1.0443,185,0.13488,1357.414201
2026-09-26T09:40:07.178Z,SYRUP,-0.8835,296.8,0.2206,1357.414201
2026-09-26T09:40:07.178Z,TAO,-3.9958,410500,315,1357.414201
2026-09-26T09:40:07.178Z,GRAM,0.2596,1972,1.449,1357.414201
2026-09-26T09:40:07.178Z,RAY,7.3494,2860,1.9627,1357.414201
2026-09-26T09:40:07.178Z,RENDER,-3.1656,2621,1.994,1357.414201
2026-09-26T09:40:07.178Z,GRASS,-13.3834,610.8,0.5195,1357.414201
2026-09-26T09:40:07.178Z,MINA,1.5276,192.5,0.13968,1357.414201
2026-09-26T09:40:07.178Z,POL,1.2233,163,0.11863,1357.414201
2026-09-26T09:40:07.178Z,ENA,0.5727,380,0.27835,1357.414201
2026-09-26T09:40:07.178Z,SAND,-1.8767,60.55,0.04546,1357.414201
2026-09-26T09:40:07.178Z,AERO,-3.2014,1189,0.9049,1357.414201
2026-09-26T09:40:07.178Z,KGEN,-1.094,223,0.1661,1357.414201
2026-09-26T09:40:07.178Z,LIT,1.8479,6640,4.8029,1357.414201
2026-09-26T09:40:07.178Z,MANA,-3.2256,120,0.09135,1357.414201
2026-09-26T09:40:07.178Z,BAND,-6.092,284.9,0.2235,1357.414201
2026-09-26T09:40:07.178Z,APE,-0.7948,208.7,0.15498,1357.414201
2026-09-26T09:40:07.178Z,GMT,0.6078,11.94,0.008743,1357.414201
2026-09-26T09:40:07.178Z,VIRTUAL,0.8469,1062,0.7758,1357.414201
2026-09-26T09:40:07.178Z,LPT,-5.8413,2261,1.769,1357.414201
2026-09-26T09:40:07.178Z,DATA,0.8384,308.8,0.2256,1357.414201
2026-09-26T09:40:07.178Z,THETA,-3.854,302,0.2314,1357.414201
2026-09-26T09:40:07.178Z,GRT,-0.4825,37.5,0.02776,1357.414201
2026-09-26T09:40:07.178Z,LAYER,-3.7959,106.9,0.08186,1357.414201
2026-09-26T09:40:07.178Z,NMR,-0.1775,13130,9.69,1357.414201
2026-09-26T09:40:07.178Z,EIGEN,-8.9316,321.9,0.2604,1357.414201
2026-09-26T09:40:07.178Z,BAT,-1.5905,125.1,0.09365,1357.414201
2026-09-26T09:40:07.178Z,SPK,-0.308,32.64,0.02412,1357.414201
2026-09-26T09:40:07.178Z,PUMP,-13.2217,5.276,0.004479,1357.414201
2026-09-26T09:40:07.178Z,KMNO,-0.5628,59.93,0.0444,1357.414201
2026-09-26T09:40:07.178Z,CHZ,0.698,22.54,0.01649,1357.414201
2026-09-26T09:40:07.178Z,PENGU,1.8214,13.82,0.009999,1357.414201
2026-09-26T09:40:07.178Z,OP,0.8916,194.8,0.14224,1357.414201
2026-09-26T09:40:07.178Z,UMA,1.1871,571.8,0.4163,1357.414201
2026-09-26T09:40:07.178Z,ZRO,0.6673,2125,1.5551,1357.414201
2026-09-26T09:40:07.178Z,S,1.0206,56.03,0.04086,1357.414201
2026-09-26T09:40:07.178Z,IMX,-0.8068,226.3,0.16807,1357.414201
2026-09-26T09:40:07.178Z,A,-0.8792,138.1,0.10264,1357.414201
2026-09-26T09:40:07.178Z,ATH,-1.8799,8.652,0.006496,1357.414201
2026-09-26T09:40:07.178Z,COMP,8.3192,34950,23.77,1357.414201
2026-09-26T09:40:07.178Z,CVX,-4.7643,2654,2.053,1357.414201
2026-09-26T09:40:07.178Z,AXS,0.2239,1632,1.1996,1357.414201
2026-09-26T09:40:07.178Z,WCT,-1.0508,58.83,0.0438,1357.414201
2026-09-26T09:40:07.178Z,ME,0.4499,107.8,0.07906,1357.414201
2026-09-26T09:40:07.178Z,ASTER,1.293,1004,0.7302,1357.414201
2026-09-26T09:40:07.178Z,GMX,0.7853,11210,8.194,1357.414201
2026-09-26T09:40:07.178Z,MORPHO,-1.0977,3617,2.6942,1357.414201
2026-09-26T09:40:07.178Z,MON,-1.8301,35.02,0.02628,1357.414201
2026-09-26T09:40:07.178Z,1INCH,-1.5434,136.6,0.10221,1357.414201
2026-09-26T09:40:07.178Z,SKY,0.4413,107,0.07848,1357.414201
2026-09-26T09:40:07.178Z,YGG,-3.9905,36.53,0.02803,1357.414201
2026-09-26T09:40:07.178Z,BIO,2.0806,45.02,0.03249,1357.414201
2026-09-26T09:40:07.178Z,MOVE,-4.6138,12.54,0.009685,1357.414201
2026-09-26T09:40:07.178Z,GALA,-10.4931,2.628,0.002163,1357.414201
2026-09-26T09:40:07.178Z,ZK,-1.0427,17.14,0.01276,1357.414201
2026-09-26T09:40:07.178Z,ENS,0.1363,9610,7.07,1357.414201
2026-09-26T09:40:07.178Z,INJ,5.0247,11040,7.744,1357.414201
2026-09-26T09:40:07.178Z,KAITO,-3.4371,480,0.3662,1357.414201
2026-09-26T09:40:07.178Z,LDO,-2.5338,650,0.4913,1357.414201
2026-09-26T09:40:07.178Z,BLUR,-1.6577,28.18,0.02111,1357.414201
2026-09-26T09:40:07.178Z,AUCTION,-1.4563,5170,3.865,1357.414201
2026-09-26T09:40:07.178Z,ZETA,0.357,74.72,0.05485,1357.414201
2026-09-26T09:40:07.178Z,WIF,-2.0548,325.6,0.2449,1357.414201
2026-09-26T09:40:07.178Z,KSM,0.9871,6425,4.687,1357.414201
2026-09-26T09:45:06.955Z,BTC,0.3448,114397000,83986.1,1357.414201
2026-09-26T09:45:06.955Z,XRP,0.3975,2099,1.5402,1357.414201
2026-09-26T09:45:06.955Z,SOL,0.3355,163300,119.9,1357.414201
2026-09-26T09:45:06.955Z,ETH,0.3373,3651000,2680.63,1357.414201
2026-09-26T09:45:06.955Z,FIL,0.4864,1467,1.0755,1357.414201
2026-09-26T09:45:06.955Z,TRX,0.1579,457.6,0.33658,1357.414201
2026-09-26T09:45:06.955Z,BNB,0.3802,1050000,770.6,1357.414201
2026-09-26T09:45:06.955Z,WLD,0.2689,649.5,0.4772,1357.414201
2026-09-26T09:45:06.955Z,FLOW,-0.1308,43.15,0.03183,1357.414201
2026-09-26T09:45:06.955Z,LINK,0.0157,19000,13.995,1357.414201
2026-09-26T09:45:06.955Z,DOGE,0.2755,132.1,0.09705,1357.414201
2026-09-26T09:45:06.955Z,SUI,0.5046,1582,1.1596,1357.414201
2026-09-26T09:45:06.955Z,XLM,0.2063,294.5,0.21651,1357.414201
2026-09-26T09:45:06.955Z,BCH,0.0628,457600,336.9,1357.414201
2026-09-26T09:45:06.955Z,AVAX,-0.5053,14220,10.529,1357.414201
2026-09-26T09:45:06.955Z,ETC,0.412,12800,9.391,1357.414201
2026-09-26T09:45:06.955Z,AAVE,0.8398,209100,152.76,1357.414201
2026-09-26T09:45:06.955Z,ADA,0.4505,346.2,0.2539,1357.414201
2026-09-26T09:45:06.955Z,HYPE,0.5041,125000,91.625,1357.414201
2026-09-26T09:45:06.955Z,SEI,0.5741,98.8,0.07237,1357.414201
2026-09-26T09:45:06.955Z,HBAR,0.7984,128,0.09355,1357.414201
2026-09-26T09:45:06.955Z,ARB,0.5503,298.5,0.2187,1357.414201
2026-09-26T09:45:06.955Z,JTO,-0.8266,778.1,0.578,1357.414201
2026-09-26T09:45:06.955Z,ONDO,-0.0046,740.3,0.5454,1357.414201
2026-09-26T09:45:06.955Z,QTUM,1.8593,1441,1.0422,1357.414201
2026-09-26T09:45:06.955Z,PYTH,-2.3577,99.26,0.07489,1357.414201
2026-09-26T09:45:06.955Z,APT,-0.0662,1143,0.8426,1357.414201
2026-09-26T09:45:06.955Z,UNI,1.6025,13240,9.6,1357.414201
2026-09-26T09:45:06.955Z,TIA,0.5012,661.1,0.4846,1357.414201
2026-09-26T09:45:06.955Z,ALGO,0.6933,157.8,0.11545,1357.414201
2026-09-26T09:45:06.955Z,NEAR,0.1259,6570,4.834,1357.414201
2026-09-26T09:45:06.955Z,ZIL,-4.4773,4.9,0.003779,1357.414201
2026-09-26T09:45:06.955Z,SUSHI,-1.661,348,0.2607,1357.414201
2026-09-26T09:45:06.955Z,PENDLE,0.1975,3422,2.516,1357.414201
2026-09-26T09:45:06.955Z,XTZ,0.3721,444.3,0.3261,1357.414201
2026-09-26T09:45:06.955Z,W,-3.051,16.45,0.0125,1357.414201
2026-09-26T09:45:06.955Z,AR,-5.2636,5855,4.553,1357.414201
2026-09-26T09:45:06.955Z,SHIB,1.7257,0.0081,5.866e-06,1357.414201
2026-09-26T09:45:06.955Z,CELO,1.8202,133.9,0.09688,1357.414201
2026-09-26T09:45:06.955Z,STX,-0.5107,462,0.3421,1357.414201
2026-09-26T09:45:06.955Z,JUP,1.3876,468.2,0.3402,1357.414201
2026-09-26T09:45:06.955Z,PEPE,0.4127,0.006,4.402e-06,1357.414201
2026-09-26T09:45:06.955Z,DYDX,1.5792,186.2,0.13504,1357.414201
2026-09-26T09:45:06.955Z,KITE,-3.8786,176.3,0.13512,1357.414201
2026-09-26T09:45:06.955Z,CRV,2.1908,479.4,0.3456,1357.414201
2026-09-26T09:45:06.955Z,ENJ,2.0954,42.92,0.03097,1357.414201
2026-09-26T09:45:06.955Z,ATOM,0.51,2479,1.817,1357.414201
2026-09-26T09:45:06.955Z,ICP,2.7288,4426,3.174,1357.414201
2026-09-26T09:45:06.955Z,SPACE,0.4375,7.009,0.005141,1357.414201
2026-09-26T09:45:06.955Z,DOT,0.5532,1639,1.2008,1357.414201
2026-09-26T09:45:06.955Z,ETHFI,0.299,972.5,0.7143,1357.414201
2026-09-26T09:45:06.955Z,CC,0.7828,185,0.13523,1357.414201
2026-09-26T09:45:06.955Z,SYRUP,-0.8385,296.8,0.2205,1357.414201
2026-09-26T09:45:06.955Z,TAO,-3.9043,410500,314.7,1357.414201
2026-09-26T09:45:06.955Z,GRAM,0.2596,1972,1.449,1357.414201
2026-09-26T09:45:06.955Z,RAY,7.2674,2860,1.9642,1357.414201
2026-09-26T09:45:06.955Z,RENDER,-2.8245,2621,1.987,1357.414201
2026-09-26T09:45:06.955Z,GRASS,-13.8642,610.8,0.5224,1357.414201
2026-09-26T09:45:06.955Z,MINA,1.4405,192.5,0.1398,1357.414201
2026-09-26T09:45:06.955Z,POL,1.6518,163,0.11813,1357.414201
2026-09-26T09:45:06.955Z,ENA,0.9571,380,0.27729,1357.414201
2026-09-26T09:45:06.955Z,SAND,-1.9845,60.55,0.04551,1357.414201
2026-09-26T09:45:06.955Z,AERO,-2.9225,1189,0.9023,1357.414201
2026-09-26T09:45:06.955Z,KGEN,-1.3908,223,0.1666,1357.414201
2026-09-26T09:45:06.955Z,LIT,2.0796,6640,4.792,1357.414201
2026-09-26T09:45:06.955Z,MANA,-3.109,120,0.09124,1357.414201
2026-09-26T09:45:06.955Z,BAND,-6.176,284.9,0.2237,1357.414201
2026-09-26T09:45:06.955Z,APE,-0.6345,208.7,0.15473,1357.414201
2026-09-26T09:45:06.955Z,GMT,0.4928,11.94,0.008753,1357.414201
2026-09-26T09:45:06.955Z,VIRTUAL,0.951,1062,0.775,1357.414201
2026-09-26T09:45:06.955Z,LPT,-5.8413,2261,1.769,1357.414201
2026-09-26T09:45:06.955Z,DATA,1.0624,308.8,0.2251,1357.414201
2026-09-26T09:45:06.955Z,THETA,-3.7708,302,0.2312,1357.414201
2026-09-26T09:45:06.955Z,GRT,-0.4108,37.5,0.02774,1357.414201
2026-09-26T09:45:06.955Z,LAYER,-3.9836,106.9,0.08202,1357.414201
2026-09-26T09:45:06.955Z,NMR,-0.1775,13130,9.69,1357.414201
2026-09-26T09:45:06.955Z,EIGEN,-9.0015,321.9,0.2606,1357.414201
2026-09-26T09:45:06.955Z,BAT,-1.6325,125.1,0.09369,1357.414201
2026-09-26T09:45:06.955Z,SPK,-0.308,32.64,0.02412,1357.414201
2026-09-26T09:45:06.955Z,PUMP,-13.0858,5.276,0.004472,1357.414201
2026-09-26T09:45:06.955Z,KMNO,-0.4956,59.93,0.04437,1357.414201
2026-09-26T09:45:06.955Z,CHZ,0.637,22.54,0.0165,1357.414201
2026-09-26T09:45:06.955Z,PENGU,1.7298,13.82,0.010008,1357.414201
2026-09-26T09:45:06.955Z,OP,0.7216,194.8,0.14248,1357.414201
2026-09-26T09:45:06.955Z,UMA,1.1628,571.8,0.4164,1357.414201
2026-09-26T09:45:06.955Z,ZRO,0.5767,2125,1.5565,1357.414201
2026-09-26T09:45:06.955Z,S,1.1444,56.03,0.04081,1357.414201
2026-09-26T09:45:06.955Z,IMX,-0.5939,226.3,0.16771,1357.414201
2026-09-26T09:45:06.955Z,A,-0.9757,138.1,0.10274,1357.414201
2026-09-26T09:45:06.955Z,ATH,-1.8043,8.652,0.006491,1357.414201
2026-09-26T09:45:06.955Z,COMP,8.2737,34950,23.78,1357.414201
2026-09-26T09:45:06.955Z,CVX,-4.8107,2654,2.054,1357.414201
2026-09-26T09:45:06.955Z,AXS,0.1237,1632,1.2008,1357.414201
2026-09-26T09:45:06.955Z,WCT,-1.0959,58.83,0.04382,1357.414201
2026-09-26T09:45:06.955Z,ME,0.4499,107.8,0.07906,1357.414201
2026-09-26T09:45:06.955Z,ASTER,1.196,1004,0.7309,1357.414201
2026-09-26T09:45:06.955Z,GMX,0.7361,11210,8.198,1357.414201
2026-09-26T09:45:06.955Z,MORPHO,3.9019,3810,2.7014,1357.414201
2026-09-26T09:45:06.955Z,MON,-2.0909,35.02,0.02635,1357.414201
2026-09-26T09:45:06.955Z,1INCH,-1.5723,136.6,0.10224,1357.414201
2026-09-26T09:45:06.955Z,SKY,-0.144,107,0.07894,1357.414201
2026-09-26T09:45:06.955Z,YGG,-4.2297,36.53,0.0281,1357.414201
2026-09-26T09:45:06.955Z,BIO,2.1121,45.02,0.03248,1357.414201
2026-09-26T09:45:06.955Z,MOVE,-4.722,12.54,0.009696,1357.414201
2026-09-26T09:45:06.955Z,GALA,-10.3688,2.628,0.00216,1357.414201
2026-09-26T09:45:06.955Z,ZK,-1.0505,17.14,0.012761,1357.414201
2026-09-26T09:45:06.955Z,ENS,0.108,9610,7.072,1357.414201
2026-09-26T09:45:06.955Z,INJ,5.0111,11040,7.745,1357.414201
2026-09-26T09:45:06.955Z,KAITO,-3.2521,480,0.3655,1357.414201
2026-09-26T09:45:06.955Z,LDO,-2.335,650,0.4903,1357.414201
2026-09-26T09:45:06.955Z,BLUR,-2.1675,28.18,0.02122,1357.414201
2026-09-26T09:45:06.955Z,AUCTION,-1.5073,5170,3.867,1357.414201
2026-09-26T09:45:06.955Z,ZETA,0.3387,74.72,0.05486,1357.414201
2026-09-26T09:45:06.955Z,WIF,-2.0148,325.6,0.2448,1357.414201
2026-09-26T09:45:06.955Z,KSM,1.0086,6425,4.686,1357.414201
2026-09-26T09:50:06.785Z,BTC,0.3839,114443000,83987.1,1357.414201
2026-09-26T09:50:06.785Z,XRP,0.3714,2099,1.5406,1357.414201
2026-09-26T09:50:06.785Z,SOL,0.3271,163300,119.91,1357.414201
2026-09-26T09:50:06.785Z,ETH,0.3811,3653000,2680.93,1357.414201
2026-09-26T09:50:06.785Z,FIL,0.6267,1467,1.074,1357.414201
2026-09-26T09:50:06.785Z,TRX,0.0544,457.1,0.33656,1357.414201
2026-09-26T09:50:06.785Z,BNB,0.3671,1050000,770.7,1357.414201
2026-09-26T09:50:06.785Z,WLD,0.3264,649.6,0.477,1357.414201
2026-09-26T09:50:06.785Z,FLOW,-0.537,43.15,0.03196,1357.414201
2026-09-26T09:50:06.785Z,LINK,0.0658,19000,13.988,1357.414201
2026-09-26T09:50:06.785Z,DOGE,0.2239,132.1,0.0971,1357.414201
2026-09-26T09:50:06.785Z,SUI,0.3892,1584,1.1624,1357.414201
2026-09-26T09:50:06.785Z,XLM,0.2512,294.7,0.21656,1357.414201
2026-09-26T09:50:06.785Z,BCH,-0.0262,457600,337.2,1357.414201
2026-09-26T09:50:06.785Z,AVAX,-0.5997,14220,10.539,1357.414201
2026-09-26T09:50:06.785Z,ETC,0.3479,12800,9.397,1357.414201
2026-09-26T09:50:06.785Z,AAVE,0.7409,209100,152.91,1357.414201
2026-09-26T09:50:06.785Z,ADA,0.3714,346.2,0.2541,1357.414201
2026-09-26T09:50:06.785Z,HYPE,0.4767,125000,91.65,1357.414201
2026-09-26T09:50:06.785Z,SEI,0.4769,98.8,0.07244,1357.414201
2026-09-26T09:50:06.785Z,HBAR,0.7769,128,0.09357,1357.414201
2026-09-26T09:50:06.785Z,ARB,0.463,298.5,0.21889,1357.414201
2026-09-26T09:50:06.785Z,JTO,-1.3726,778.1,0.5812,1357.414201
2026-09-26T09:50:06.785Z,ONDO,-0.2836,740.4,0.547,1357.414201
2026-09-26T09:50:06.785Z,QTUM,1.7421,1441,1.0434,1357.414201
2026-09-26T09:50:06.785Z,PYTH,-2.4098,99.26,0.07493,1357.414201
2026-09-26T09:50:06.785Z,APT,-0.0899,1143,0.8428,1357.414201
2026-09-26T09:50:06.785Z,UNI,1.6978,13240,9.591,1357.414201
2026-09-26T09:50:06.785Z,TIA,0.5427,661.1,0.4844,1357.414201
2026-09-26T09:50:06.785Z,ALGO,0.6497,157.8,0.1155,1357.414201
2026-09-26T09:50:06.785Z,NEAR,0.2503,6570,4.828,1357.414201
2026-09-26T09:50:06.785Z,ZIL,-4.7545,4.9,0.00379,1357.414201
2026-09-26T09:50:06.785Z,SUSHI,-1.661,348,0.2607,1357.414201
2026-09-26T09:50:06.785Z,PENDLE,0.0782,3422,2.519,1357.414201
2026-09-26T09:50:06.785Z,XTZ,0.2799,444.3,0.3264,1357.414201
2026-09-26T09:50:06.785Z,W,-3.2058,16.45,0.01252,1357.414201
2026-09-26T09:50:06.785Z,AR,-5.3675,5855,4.558,1357.414201
2026-09-26T09:50:06.785Z,SHIB,1.691,0.0081,5.868e-06,1357.414201
2026-09-26T09:50:06.785Z,CELO,1.3807,133.9,0.0973,1357.414201
2026-09-26T09:50:06.785Z,STX,-0.5978,462,0.3424,1357.414201
2026-09-26T09:50:06.785Z,JUP,1.0608,468.2,0.3413,1357.414201
2026-09-26T09:50:06.785Z,PEPE,0.4584,0.006,4.4e-06,1357.414201
2026-09-26T09:50:06.785Z,DYDX,1.399,186.2,0.13528,1357.414201
2026-09-26T09:50:06.785Z,KITE,-3.8999,176.3,0.13515,1357.414201
2026-09-26T09:50:06.785Z,CRV,2.1317,479.4,0.3458,1357.414201
2026-09-26T09:50:06.785Z,ENJ,1.8651,42.92,0.03104,1357.414201
2026-09-26T09:50:06.785Z,ATOM,0.5653,2479,1.816,1357.414201
2026-09-26T09:50:06.785Z,ICP,2.8584,4426,3.17,1357.414201
2026-09-26T09:50:06.785Z,SPACE,0.2426,7.009,0.005151,1357.414201
2026-09-26T09:50:06.785Z,DOT,0.5281,1639,1.2011,1357.414201
2026-09-26T09:50:06.785Z,ETHFI,0.2709,972.5,0.7145,1357.414201
2026-09-26T09:50:06.785Z,CC,0.8424,185,0.13515,1357.414201
2026-09-26T09:50:06.785Z,SYRUP,-0.7485,296.8,0.2203,1357.414201
2026-09-26T09:50:06.785Z,TAO,-3.2587,410500,312.6,1357.414201
2026-09-26T09:50:06.785Z,GRAM,0.1905,1972,1.45,1357.414201
2026-09-26T09:50:06.785Z,RAY,7.2511,2860,1.9645,1357.414201
2026-09-26T09:50:06.785Z,RENDER,-3.4078,2621,1.999,1357.414201
2026-09-26T09:50:06.785Z,GRASS,-14.2908,610.8,0.525,1357.414201
2026-09-26T09:50:06.785Z,MINA,1.6149,192.5,0.13956,1357.414201
2026-09-26T09:50:06.785Z,POL,1.5143,163,0.11829,1357.414201
2026-09-26T09:50:06.785Z,ENA,1.2566,380,0.27647,1357.414201
2026-09-26T09:50:06.785Z,SAND,-2.092,60.55,0.04556,1357.414201
2026-09-26T09:50:06.785Z,AERO,-3.383,1189,0.9066,1357.414201
2026-09-26T09:50:06.785Z,KGEN,-1.3908,223,0.1666,1357.414201
2026-09-26T09:50:06.785Z,LIT,2.3487,6640,4.7794,1357.414201
2026-09-26T09:50:06.785Z,MANA,-3.1832,120,0.09131,1357.414201
2026-09-26T09:50:06.785Z,BAND,-6.6351,284.9,0.2248,1357.414201
2026-09-26T09:50:06.785Z,APE,-0.7436,208.7,0.1549,1357.414201
2026-09-26T09:50:06.785Z,GMT,0.2066,11.94,0.008778,1357.414201
2026-09-26T09:50:06.785Z,VIRTUAL,0.6781,1062,0.7771,1357.414201
2026-09-26T09:50:06.785Z,LPT,-5.8945,2261,1.77,1357.414201
2026-09-26T09:50:06.785Z,DATA,0.8831,308.8,0.2255,1357.414201
2026-09-26T09:50:06.785Z,THETA,-3.8124,302,0.2313,1357.414201
2026-09-26T09:50:06.785Z,GRT,-0.3748,37.5,0.02773,1357.414201
2026-09-26T09:50:06.785Z,LAYER,-4.1822,106.9,0.08219,1357.414201
2026-09-26T09:50:06.785Z,NMR,-0.342,13130,9.706,1357.414201
2026-09-26T09:50:06.785Z,EIGEN,-8.8616,321.9,0.2602,1357.414201
2026-09-26T09:50:06.785Z,BAT,-1.7478,125.1,0.0938,1357.414201
2026-09-26T09:50:06.785Z,SPK,-0.4318,32.64,0.02415,1357.414201
2026-09-26T09:50:06.785Z,PUMP,-13.0275,5.276,0.004469,1357.414201
2026-09-26T09:50:06.785Z,KMNO,-0.0676,59.93,0.04418,1357.414201
2026-09-26T09:50:06.785Z,CHZ,0.637,22.54,0.0165,1357.414201
2026-09-26T09:50:06.785Z,PENGU,1.6181,13.82,0.010019,1357.414201
2026-09-26T09:50:06.785Z,OP,0.4889,194.8,0.14281,1357.414201
2026-09-26T09:50:06.785Z,UMA,0.9931,571.8,0.4171,1357.414201
2026-09-26T09:50:06.785Z,ZRO,0.7774,2125,1.5534,1357.414201
2026-09-26T09:50:06.785Z,S,1.0701,56.03,0.04084,1357.414201
2026-09-26T09:50:06.785Z,IMX,0.5721,229.2,0.16789,1357.414201
2026-09-26T09:50:06.785Z,A,-0.8599,138.1,0.10262,1357.414201
2026-09-26T09:50:06.785Z,ATH,-2.0457,8.652,0.006507,1357.414201
2026-09-26T09:50:06.785Z,COMP,8.2282,34950,23.79,1357.414201
2026-09-26T09:50:06.785Z,CVX,-4.7643,2654,2.053,1357.414201
2026-09-26T09:50:06.785Z,AXS,0.1404,1632,1.2006,1357.414201
2026-09-26T09:50:06.785Z,WCT,-1.0959,58.83,0.04382,1357.414201
2026-09-26T09:50:06.785Z,ME,0.3357,107.8,0.07915,1357.414201
2026-09-26T09:50:06.785Z,ASTER,1.293,1004,0.7302,1357.414201
2026-09-26T09:50:06.785Z,GMX,0.6625,11210,8.204,1357.414201
2026-09-26T09:50:06.785Z,MORPHO,3.9597,3810,2.6999,1357.414201
2026-09-26T09:50:06.785Z,MON,-2.2393,35.02,0.02639,1357.414201
2026-09-26T09:50:06.785Z,1INCH,-1.5915,136.6,0.10226,1357.414201
2026-09-26T09:50:06.785Z,SKY,0.0842,107,0.07876,1357.414201
2026-09-26T09:50:06.785Z,YGG,-4.2297,36.53,0.0281,1357.414201
2026-09-26T09:50:06.785Z,BIO,1.9551,45.02,0.03253,1357.414201
2026-09-26T09:50:06.785Z,MOVE,-4.9377,12.54,0.009718,1357.414201
2026-09-26T09:50:06.785Z,GALA,-10.5345,2.628,0.002164,1357.414201
2026-09-26T09:50:06.785Z,ZK,-1.0737,17.14,0.012764,1357.414201
2026-09-26T09:50:06.785Z,ENS,0.009,9610,7.079,1357.414201
2026-09-26T09:50:06.785Z,INJ,4.6598,11040,7.771,1357.414201
2026-09-26T09:50:06.785Z,KAITO,-3.3315,480,0.3658,1357.414201
2026-09-26T09:50:06.785Z,LDO,-2.1754,650,0.4895,1357.414201
2026-09-26T09:50:06.785Z,BLUR,-1.9827,28.18,0.02118,1357.414201
2026-09-26T09:50:06.785Z,AUCTION,-1.6091,5170,3.871,1357.414201
2026-09-26T09:50:06.785Z,ZETA,0.3753,74.72,0.05484,1357.414201
2026-09-26T09:50:06.785Z,WIF,-2.0548,325.6,0.2449,1357.414201
2026-09-26T09:50:06.785Z,KSM,0.944,6425,4.689,1357.414201
2026-09-26T09:55:06.997Z,BTC,0.3439,114399000,83988.3,1357.414201
2026-09-26T09:55:06.997Z,XRP,0.3236,2098,1.5406,1357.414201
2026-09-26T09:55:06.997Z,SOL,0.302,163300,119.94,1357.414201
2026-09-26T09:55:06.997Z,ETH,0.3916,3653000,2680.65,1357.414201
2026-09-26T09:55:06.997Z,FIL,0.5706,1467,1.0746,1357.414201
2026-09-26T09:55:06.997Z,TRX,0.0485,457.1,0.33658,1357.414201
2026-09-26T09:55:06.997Z,BNB,0.3541,1050000,770.8,1357.414201
2026-09-26T09:55:06.997Z,WLD,0.3096,649.9,0.4773,1357.414201
2026-09-26T09:55:06.997Z,FLOW,-0.7853,43.15,0.03204,1357.414201
2026-09-26T09:55:06.997Z,LINK,-0.0557,19000,14.005,1357.414201
2026-09-26T09:55:06.997Z,DOGE,0.2239,132.1,0.0971,1357.414201
2026-09-26T09:55:06.997Z,SUI,0.4094,1585,1.1629,1357.414201
2026-09-26T09:55:06.997Z,XLM,0.2142,294.7,0.21664,1357.414201
2026-09-26T09:55:06.997Z,BCH,0.152,457600,336.6,1357.414201
2026-09-26T09:55:06.997Z,AVAX,-0.7409,14220,10.554,1357.414201
2026-09-26T09:55:06.997Z,ETC,0.3479,12800,9.397,1357.414201
2026-09-26T09:55:06.997Z,AAVE,1.1311,209100,152.32,1357.414201
2026-09-26T09:55:06.997Z,ADA,0.4505,346.2,0.2539,1357.414201
2026-09-26T09:55:06.997Z,HYPE,0.4065,125000,91.714,1357.414201
2026-09-26T09:55:06.997Z,SEI,0.4907,98.8,0.07243,1357.414201
2026-09-26T09:55:06.997Z,HBAR,0.7016,128,0.09364,1357.414201
2026-09-26T09:55:06.997Z,ARB,0.4217,298.5,0.21898,1357.414201
2026-09-26T09:55:06.997Z,JTO,-1.1004,778.1,0.5796,1357.414201
2026-09-26T09:55:06.997Z,ONDO,-0.3018,740.4,0.5471,1357.414201
2026-09-26T09:55:06.997Z,QTUM,1.5572,1441,1.0453,1357.414201
2026-09-26T09:55:06.997Z,PYTH,-2.5529,99.26,0.07504,1357.414201
2026-09-26T09:55:06.997Z,APT,-0.0543,1143,0.8425,1357.414201
2026-09-26T09:55:06.997Z,UNI,1.7615,13240,9.585,1357.414201
2026-09-26T09:55:06.997Z,TIA,0.6258,661.1,0.484,1357.414201
2026-09-26T09:55:06.997Z,ALGO,0.5801,157.8,0.11558,1357.414201
2026-09-26T09:55:06.997Z,NEAR,-0.225,6570,4.851,1357.414201
2026-09-26T09:55:06.997Z,ZIL,-4.9301,4.9,0.003797,1357.414201
2026-09-26T09:55:06.997Z,SUSHI,-1.9243,348,0.2614,1357.414201
2026-09-26T09:55:06.997Z,PENDLE,0.1975,3422,2.516,1357.414201
2026-09-26T09:55:06.997Z,XTZ,0.1878,444.3,0.3267,1357.414201
2026-09-26T09:55:06.997Z,W,-3.391,16.45,0.012544,1357.414201
2026-09-26T09:55:06.997Z,AR,-5.3883,5855,4.559,1357.414201
2026-09-26T09:55:06.997Z,SHIB,1.691,0.0081,5.868e-06,1357.414201
2026-09-26T09:55:06.997Z,CELO,1.1935,133.9,0.09748,1357.414201
2026-09-26T09:55:06.997Z,STX,-0.9162,462,0.3435,1357.414201
2026-09-26T09:55:06.997Z,JUP,0.3259,468.2,0.3438,1357.414201
2026-09-26T09:55:06.997Z,PEPE,0.5956,0.006,4.394e-06,1357.414201
2026-09-26T09:55:06.997Z,DYDX,1.2194,186.2,0.13552,1357.414201
2026-09-26T09:55:06.997Z,KITE,-3.5,176.3,0.13459,1357.414201
2026-09-26T09:55:06.997Z,CRV,2.0432,479.4,0.3461,1357.414201
2026-09-26T09:55:06.997Z,ENJ,1.7013,42.92,0.03109,1357.414201
2026-09-26T09:55:06.997Z,ATOM,0.4547,2479,1.818,1357.414201
2026-09-26T09:55:06.997Z,ICP,2.7935,4426,3.172,1357.414201
2026-09-26T09:55:06.997Z,SPACE,0.0483,7.009,0.005161,1357.414201
2026-09-26T09:55:06.997Z,DOT,0.361,1639,1.2031,1357.414201
2026-09-26T09:55:06.997Z,ETHFI,0.2429,972.5,0.7147,1357.414201
2026-09-26T09:55:06.997Z,CC,0.932,185,0.13503,1357.414201
2026-09-26T09:55:06.997Z,SYRUP,-0.2959,296.8,0.2193,1357.414201
2026-09-26T09:55:06.997Z,TAO,-3.3206,410500,312.8,1357.414201
2026-09-26T09:55:06.997Z,GRAM,0.2596,1972,1.449,1357.414201
2026-09-26T09:55:06.997Z,RAY,7.0984,2860,1.9673,1357.414201
2026-09-26T09:55:06.997Z,RENDER,-3.4078,2621,1.999,1357.414201
2026-09-26T09:55:06.997Z,GRASS,-14.47,610.8,0.5261,1357.414201
2026-09-26T09:55:06.997Z,MINA,1.6805,192.5,0.13947,1357.414201
2026-09-26T09:55:06.997Z,POL,1.6002,163,0.11819,1357.414201
2026-09-26T09:55:06.997Z,ENA,1.2456,380,0.2765,1357.414201
2026-09-26T09:55:06.997Z,SAND,-2.2422,60.55,0.04563,1357.414201
2026-09-26T09:55:06.997Z,AERO,-3.8179,1189,0.9107,1357.414201
2026-09-26T09:55:06.997Z,KGEN,-1.3316,223,0.1665,1357.414201
2026-09-26T09:55:06.997Z,LIT,2.353,6640,4.7792,1357.414201
2026-09-26T09:55:06.997Z,MANA,-3.3632,120,0.09148,1357.414201
2026-09-26T09:55:06.997Z,BAND,-6.8009,284.9,0.2252,1357.414201
2026-09-26T09:55:06.997Z,APE,-0.878,208.7,0.15511,1357.414201
2026-09-26T09:55:06.997Z,GMT,-0.0325,11.94,0.008799,1357.414201
2026-09-26T09:55:06.997Z,VIRTUAL,0.5746,1062,0.7779,1357.414201
2026-09-26T09:55:06.997Z,LPT,-6.0538,2261,1.773,1357.414201
2026-09-26T09:55:06.997Z,DATA,1.0624,308.8,0.2251,1357.414201
2026-09-26T09:55:06.997Z,THETA,-3.854,302,0.2314,1357.414201
2026-09-26T09:55:06.997Z,GRT,-0.6971,37.5,0.02782,1357.414201
2026-09-26T09:55:06.997Z,LAYER,-4.1355,106.9,0.08215,1357.414201
2026-09-26T09:55:06.997Z,NMR,-0.4958,13130,9.721,1357.414201
2026-09-26T09:55:06.997Z,EIGEN,-8.7915,321.9,0.26,1357.414201
2026-09-26T09:55:06.997Z,BAT,-2.1339,125.1,0.09417,1357.414201
2026-09-26T09:55:06.997Z,SPK,-0.5965,32.64,0.02419,1357.414201
2026-09-26T09:55:06.997Z,PUMP,-12.9496,5.276,0.004465,1357.414201
2026-09-26T09:55:06.997Z,KMNO,0.2956,59.93,0.04402,1357.414201
2026-09-26T09:55:06.997Z,CHZ,0.2118,22.54,0.01657,1357.414201
2026-09-26T09:55:06.997Z,PENGU,1.6689,13.82,0.010014,1357.414201
2026-09-26T09:55:06.997Z,OP,0.51,194.8,0.14278,1357.414201
2026-09-26T09:55:06.997Z,UMA,0.5831,571.8,0.4188,1357.414201
2026-09-26T09:55:06.997Z,ZRO,0.9008,2125,1.5515,1357.414201
2026-09-26T09:55:06.997Z,S,0.7002,56.03,0.04099,1357.414201
2026-09-26T09:55:06.997Z,IMX,0.5302,229.2,0.16796,1357.414201
2026-09-26T09:55:06.997Z,A,-0.7826,138.1,0.10254,1357.414201
2026-09-26T09:55:06.997Z,ATH,-2.3908,8.652,0.00653,1357.414201
2026-09-26T09:55:06.997Z,COMP,8.1373,34950,23.81,1357.414201
2026-09-26T09:55:06.997Z,CVX,-4.9033,2654,2.056,1357.414201
2026-09-26T09:55:06.997Z,AXS,0.1237,1632,1.2008,1357.414201
2026-09-26T09:55:06.997Z,WCT,-1.3436,58.83,0.04393,1357.414201
2026-09-26T09:55:06.997Z,ME,0.0324,107.8,0.07939,1357.414201
2026-09-26T09:55:06.997Z,ASTER,1.196,1004,0.7309,1357.414201
2026-09-26T09:55:06.997Z,GMX,0.5032,11210,8.217,1357.414201
2026-09-26T09:55:06.997Z,MORPHO,4.1526,3810,2.6949,1357.414201
2026-09-26T09:55:06.997Z,MON,-2.3133,35.02,0.02641,1357.414201
2026-09-26T09:55:06.997Z,1INCH,-1.7357,136.6,0.10241,1357.414201
2026-09-26T09:55:06.997Z,SKY,0.0969,107,0.07875,1357.414201
2026-09-26T09:55:06.997Z,YGG,-4.3998,36.53,0.02815,1357.414201
2026-09-26T09:55:06.997Z,BIO,1.8299,45.02,0.03257,1357.414201
2026-09-26T09:55:06.997Z,MOVE,-5.0452,12.54,0.009729,1357.414201
2026-09-26T09:55:06.997Z,GALA,-10.7407,2.628,0.002169,1357.414201
2026-09-26T09:55:06.997Z,ZK,-2.0787,17.14,0.012895,1357.414201
2026-09-26T09:55:06.997Z,ENS,0.2781,9610,7.06,1357.414201
2026-09-26T09:55:06.997Z,INJ,4.9028,11040,7.753,1357.414201
2026-09-26T09:55:06.997Z,KAITO,-3.8048,480,0.3676,1357.414201
2026-09-26T09:55:06.997Z,LDO,-2.4146,650,0.4907,1357.414201
2026-09-26T09:55:06.997Z,BLUR,-2.672,28.18,0.02133,1357.414201
2026-09-26T09:55:06.997Z,AUCTION,-1.812,5170,3.879,1357.414201
2026-09-26T09:55:06.997Z,ZETA,0.2839,74.72,0.05489,1357.414201
2026-09-26T09:55:06.997Z,WIF,-2.0948,325.6,0.245,1357.414201
2026-09-26T09:55:06.997Z,KSM,0.7077,6425,4.7,1357.414201
2026-09-26T10:00:06.815Z,BTC,0.3308,114378000,83983.9,1357.414201
2026-09-26T10:00:06.815Z,XRP,0.3519,2099,1.5409,1357.414201
2026-09-26T10:00:06.815Z,SOL,0.3271,163300,119.91,1357.414201
2026-09-26T10:00:06.815Z,ETH,0.3489,3653000,2681.79,1357.414201
2026-09-26T10:00:06.815Z,FIL,0.3774,1465,1.0752,1357.414201
2026-09-26T10:00:06.815Z,TRX,0.0455,457.1,0.33659,1357.414201
2026-09-26T10:00:06.815Z,BNB,0.3541,1050000,770.8,1357.414201
2026-09-26T10:00:06.815Z,WLD,0.2145,650.1,0.4779,1357.414201
2026-09-26T10:00:06.815Z,FLOW,-0.7853,43.15,0.03204,1357.414201
2026-09-26T10:00:06.815Z,LINK,-0.248,19000,14.032,1357.414201
2026-09-26T10:00:06.815Z,DOGE,0.2378,132.2,0.09716,1357.414201
2026-09-26T10:00:06.815Z,SUI,0.4555,1586,1.1631,1357.414201
2026-09-26T10:00:06.815Z,XLM,0.287,295.2,0.21685,1357.414201
2026-09-26T10:00:06.815Z,BCH,0.152,457600,336.6,1357.414201
2026-09-26T10:00:06.815Z,AVAX,-1.3021,14220,10.614,1357.414201
2026-09-26T10:00:06.815Z,ETC,0.3266,12800,9.399,1357.414201
2026-09-26T10:00:06.815Z,AAVE,1.1643,209100,152.27,1357.414201
2026-09-26T10:00:06.815Z,ADA,0.3714,346.2,0.2541,1357.414201
2026-09-26T10:00:06.815Z,HYPE,0.3595,125000,91.757,1357.414201
2026-09-26T10:00:06.815Z,SEI,0.3245,98.8,0.07255,1357.414201
2026-09-26T10:00:06.815Z,HBAR,0.6156,128,0.09372,1357.414201
2026-09-26T10:00:06.815Z,ARB,0.3529,298.5,0.21913,1357.414201
2026-09-26T10:00:06.815Z,JTO,0.4319,792.2,0.5811,1357.414201
2026-09-26T10:00:06.815Z,ONDO,-0.7372,740.4,0.5495,1357.414201
2026-09-26T10:00:06.815Z,QTUM,1.7324,1441,1.0435,1357.414201
2026-09-26T10:00:06.815Z,PYTH,-2.3838,99.26,0.07491,1357.414201
2026-09-26T10:00:06.815Z,APT,-0.1018,1143,0.8429,1357.414201
2026-09-26T10:00:06.815Z,UNI,1.6448,13240,9.596,1357.414201
2026-09-26T10:00:06.815Z,TIA,0.439,661.1,0.4849,1357.414201
2026-09-26T10:00:06.815Z,ALGO,0.6236,157.8,0.11553,1357.414201
2026-09-26T10:00:06.815Z,NEAR,-0.4712,6570,4.863,1357.414201
2026-09-26T10:00:06.815Z,ZIL,-4.8047,4.9,0.003792,1357.414201
2026-09-26T10:00:06.815Z,SUSHI,-1.8868,348,0.2613,1357.414201
2026-09-26T10:00:06.815Z,PENDLE,-0.0409,3422,2.522,1357.414201
2026-09-26T10:00:06.815Z,XTZ,0.2185,444.3,0.3266,1357.414201
2026-09-26T10:00:06.815Z,W,-3.4449,16.45,0.012551,1357.414201
2026-09-26T10:00:06.815Z,AR,-5.9453,5855,4.586,1357.414201
2026-09-26T10:00:06.815Z,SHIB,1.6217,0.0081,5.872e-06,1357.414201
2026-09-26T10:00:06.815Z,CELO,1.1831,133.9,0.09749,1357.414201
2026-09-26T10:00:06.815Z,STX,0.821,470.1,0.3435,1357.414201
2026-09-26T10:00:06.815Z,JUP,-0.1966,468.2,0.3456,1357.414201
2026-09-26T10:00:06.815Z,PEPE,0.6414,0.006,4.392e-06,1357.414201
2026-09-26T10:00:06.815Z,DYDX,1.2792,186.2,0.13544,1357.414201
2026-09-26T10:00:06.815Z,KITE,-3.5287,176.3,0.13463,1357.414201
2026-09-26T10:00:06.815Z,CRV,1.9548,479.4,0.3464,1357.414201
2026-09-26T10:00:06.815Z,ENJ,1.0513,42.92,0.03129,1357.414201
2026-09-26T10:00:06.815Z,ATOM,0.3443,2479,1.82,1357.414201
2026-09-26T10:00:06.815Z,ICP,2.7288,4426,3.174,1357.414201
2026-09-26T10:00:06.815Z,SPACE,0.0677,7.009,0.00516,1357.414201
2026-09-26T10:00:06.815Z,DOT,0.2859,1639,1.204,1357.414201
2026-09-26T10:00:06.815Z,ETHFI,0.1168,972.5,0.7156,1357.414201
2026-09-26T10:00:06.815Z,CC,0.8275,185,0.13517,1357.414201
2026-09-26T10:00:06.815Z,SYRUP,-0.2504,296.8,0.2192,1357.414201
2026-09-26T10:00:06.815Z,TAO,-3.3824,410500,313,1357.414201
2026-09-26T10:00:06.815Z,GRAM,0.1905,1972,1.45,1357.414201
2026-09-26T10:00:06.815Z,RAY,6.8269,2860,1.9723,1357.414201
2026-09-26T10:00:06.815Z,RENDER,-3.0684,2621,1.992,1357.414201
2026-09-26T10:00:06.815Z,GRASS,-14.4375,610.8,0.5259,1357.414201
2026-09-26T10:00:06.815Z,MINA,1.7461,192.5,0.13938,1357.414201
2026-09-26T10:00:06.815Z,POL,1.5315,163,0.11827,1357.414201
2026-09-26T10:00:06.815Z,ENA,0.5041,380,0.27854,1357.414201
2026-09-26T10:00:06.815Z,SAND,-2.049,60.55,0.04554,1357.414201
2026-09-26T10:00:06.815Z,AERO,-3.6062,1189,0.9087,1357.414201
2026-09-26T10:00:06.815Z,KGEN,-1.3316,223,0.1665,1357.414201
2026-09-26T10:00:06.815Z,LIT,2.4859,6640,4.773,1357.414201
2026-09-26T10:00:06.815Z,MANA,-3.2892,120,0.09141,1357.414201
2026-09-26T10:00:06.815Z,BAND,-6.8423,284.9,0.2253,1357.414201
2026-09-26T10:00:06.815Z,APE,-0.782,208.7,0.15496,1357.414201
2026-09-26T10:00:06.815Z,GMT,0.0698,11.94,0.00879,1357.414201
2026-09-26T10:00:06.815Z,VIRTUAL,0.4068,1062,0.7792,1357.414201
2026-09-26T10:00:06.815Z,LPT,-5.4673,2261,1.762,1357.414201
2026-09-26T10:00:06.815Z,DATA,0.9278,308.8,0.2254,1357.414201
2026-09-26T10:00:06.815Z,THETA,-3.7292,302,0.2311,1357.414201
2026-09-26T10:00:06.815Z,GRT,-0.8397,37.5,0.02786,1357.414201
2026-09-26T10:00:06.815Z,LAYER,-4.0304,106.9,0.08206,1357.414201
2026-09-26T10:00:06.815Z,NMR,-0.4958,13130,9.721,1357.414201
2026-09-26T10:00:06.815Z,EIGEN,-8.8616,321.9,0.2602,1357.414201
2026-09-26T10:00:06.815Z,BAT,-1.936,125.1,0.09398,1357.414201
2026-09-26T10:00:06.815Z,SPK,-0.4318,32.64,0.02415,1357.414201
2026-09-26T10:00:06.815Z,PUMP,-12.891,5.276,0.004462,1357.414201
2026-09-26T10:00:06.815Z,KMNO,0.0229,59.93,0.04414,1357.414201
2026-09-26T10:00:06.815Z,CHZ,0.3329,22.54,0.01655,1357.414201
2026-09-26T10:00:06.815Z,PENGU,1.5067,13.82,0.01003,1357.414201
2026-09-26T10:00:06.815Z,OP,0.1732,194.8,0.14326,1357.414201
2026-09-26T10:00:06.815Z,UMA,0.7033,571.8,0.4183,1357.414201
2026-09-26T10:00:06.815Z,ZRO,1.0572,2125,1.5491,1357.414201
2026-09-26T10:00:06.815Z,S,0.774,56.03,0.04096,1357.414201
2026-09-26T10:00:06.815Z,IMX,-0.1476,229.2,0.1691,1357.414201
2026-09-26T10:00:06.815Z,A,-0.8696,138.1,0.10263,1357.414201
2026-09-26T10:00:06.815Z,ATH,-2.763,8.652,0.006555,1357.414201
2026-09-26T10:00:06.815Z,COMP,8.2737,34950,23.78,1357.414201
2026-09-26T10:00:06.815Z,CVX,-4.9495,2654,2.057,1357.414201
2026-09-26T10:00:06.815Z,AXS,0.1488,1632,1.2005,1357.414201
2026-09-26T10:00:06.815Z,WCT,-1.1185,58.83,0.04383,1357.414201
2026-09-26T10:00:06.815Z,ME,0.1838,107.8,0.07927,1357.414201
2026-09-26T10:00:06.815Z,ASTER,1.1683,1004,0.7311,1357.414201
2026-09-26T10:00:06.815Z,GMX,0.5767,11210,8.211,1357.414201
2026-09-26T10:00:06.815Z,MORPHO,4.2686,3810,2.6919,1357.414201
2026-09-26T10:00:06.815Z,MON,-2.2393,35.02,0.02639,1357.414201
2026-09-26T10:00:06.815Z,1INCH,-1.6877,136.6,0.10236,1357.414201
2026-09-26T10:00:06.815Z,SKY,0.1605,107,0.0787,1357.414201
2026-09-26T10:00:06.815Z,YGG,-4.1956,36.53,0.02809,1357.414201
2026-09-26T10:00:06.815Z,BIO,1.7674,45.02,0.03259,1357.414201
2026-09-26T10:00:06.815Z,MOVE,-4.9084,12.54,0.009715,1357.414201
2026-09-26T10:00:06.815Z,GALA,-10.7407,2.628,0.002169,1357.414201
2026-09-26T10:00:06.815Z,ZK,-1.7969,17.14,0.012858,1357.414201
2026-09-26T10:00:06.815Z,ENS,0.2214,9610,7.064,1357.414201
2026-09-26T10:00:06.815Z,INJ,4.3108,11040,7.797,1357.414201
2026-09-26T10:00:06.815Z,KAITO,-3.4898,480,0.3664,1357.414201
2026-09-26T10:00:06.815Z,LDO,-2.5139,650,0.4912,1357.414201
2026-09-26T10:00:06.815Z,BLUR,-2.672,28.18,0.02133,1357.414201
2026-09-26T10:00:06.815Z,AUCTION,-1.7867,5170,3.878,1357.414201
2026-09-26T10:00:06.815Z,ZETA,0.4303,74.72,0.05481,1357.414201
2026-09-26T10:00:06.815Z,WIF,-2.0948,325.6,0.245,1357.414201
2026-09-26T10:00:06.815Z,KSM,0.7077,6425,4.7,1357.414201
2026-09-26T10:05:06.943Z,BTC,0.3295,114475000,84056.2,1357.414201
2026-09-26T10:05:06.943Z,XRP,0.3173,2101,1.5429,1357.414201
2026-09-26T10:05:06.943Z,SOL,0.294,163600,120.17,1357.414201
2026-09-26T10:05:06.943Z,ETH,0.3051,3655000,2684.43,1357.414201
2026-09-26T10:05:06.943Z,FIL,0.3009,1476,1.0841,1357.414201
2026-09-26T10:05:06.943Z,TRX,0.4833,459.1,0.33659,1357.414201
2026-09-26T10:05:06.943Z,BNB,0.2501,1050000,771.6,1357.414201
2026-09-26T10:05:06.943Z,WLD,0.3347,656.6,0.4821,1357.414201
2026-09-26T10:05:06.943Z,FLOW,-0.7234,43.15,0.03202,1357.414201
2026-09-26T10:05:06.943Z,LINK,-0.4466,19000,14.06,1357.414201
2026-09-26T10:05:06.943Z,DOGE,0.2419,132.6,0.09745,1357.414201
2026-09-26T10:05:06.943Z,SUI,0.3726,1596,1.1714,1357.414201
2026-09-26T10:05:06.943Z,XLM,0.1366,295.6,0.21747,1357.414201
2026-09-26T10:05:06.943Z,BCH,-0.1151,457600,337.5,1357.414201
2026-09-26T10:05:06.943Z,AVAX,-1.7372,14220,10.661,1357.414201
2026-09-26T10:05:06.943Z,ETC,-0.1938,12800,9.448,1357.414201
2026-09-26T10:05:06.943Z,AAVE,0.7804,209100,152.85,1357.414201
2026-09-26T10:05:06.943Z,ADA,-0.1395,346.2,0.2554,1357.414201
2026-09-26T10:05:06.943Z,HYPE,0.3081,125000,91.804,1357.414201
2026-09-26T10:05:06.943Z,SEI,0.2022,99.21,0.07294,1357.414201
2026-09-26T10:05:06.943Z,HBAR,0.2519,128,0.09406,1357.414201
2026-09-26T10:05:06.943Z,ARB,-0.1029,298.5,0.22013,1357.414201
2026-09-26T10:05:06.943Z,JTO,-0.1739,792.3,0.5847,1357.414201
2026-09-26T10:05:06.943Z,ONDO,0.1382,750.6,0.5522,1357.414201
2026-09-26T10:05:06.943Z,QTUM,1.402,1441,1.0469,1357.414201
2026-09-26T10:05:06.943Z,PYTH,-2.6826,99.26,0.07514,1357.414201
2026-09-26T10:05:06.943Z,APT,-0.7026,1143,0.848,1357.414201
2026-09-26T10:05:06.943Z,UNI,1.0551,13240,9.652,1357.414201
2026-09-26T10:05:06.943Z,TIA,-0.199,661.1,0.488,1357.414201
2026-09-26T10:05:06.943Z,ALGO,0.0348,157.8,0.11621,1357.414201
2026-09-26T10:05:06.943Z,NEAR,-0.7366,6570,4.876,1357.414201
2026-09-26T10:05:06.943Z,ZIL,-5.0551,4.9,0.003802,1357.414201
2026-09-26T10:05:06.943Z,SUSHI,-2.3725,348,0.2626,1357.414201
2026-09-26T10:05:06.943Z,PENDLE,-0.3175,3422,2.529,1357.414201
2026-09-26T10:05:06.943Z,XTZ,-0.4218,444.3,0.3287,1357.414201
2026-09-26T10:05:06.943Z,W,-3.7058,16.45,0.012585,1357.414201
2026-09-26T10:05:06.943Z,AR,-6.435,5855,4.61,1357.414201
2026-09-26T10:05:06.943Z,SHIB,1.1052,0.0081,5.902e-06,1357.414201
2026-09-26T10:05:06.943Z,CELO,1.0587,133.9,0.09761,1357.414201
2026-09-26T10:05:06.943Z,STX,0.3827,470.1,0.345,1357.414201
2026-09-26T10:05:06.943Z,JUP,-0.1099,468.2,0.3453,1357.414201
2026-09-26T10:05:06.943Z,PEPE,0.2533,0.006,4.409e-06,1357.414201
2026-09-26T10:05:06.943Z,DYDX,0.6845,186.2,0.13624,1357.414201
2026-09-26T10:05:06.943Z,KITE,-3.7717,176.3,0.13497,1357.414201
2026-09-26T10:05:06.943Z,CRV,1.5152,479.4,0.3479,1357.414201
2026-09-26T10:05:06.943Z,ENJ,1.1482,42.92,0.03126,1357.414201
2026-09-26T10:05:06.943Z,ATOM,-0.204,2479,1.83,1357.414201
2026-09-26T10:05:06.943Z,ICP,1.9897,4426,3.197,1357.414201
2026-09-26T10:05:06.943Z,SPACE,0.2426,7.009,0.005151,1357.414201
2026-09-26T10:05:06.943Z,DOT,-0.5074,1639,1.2136,1357.414201
2026-09-26T10:05:06.943Z,ETHFI,-0.2595,972.5,0.7183,1357.414201
2026-09-26T10:05:06.943Z,CC,0.8723,185,0.13511,1357.414201
2026-09-26T10:05:06.943Z,SYRUP,-0.7935,296.8,0.2204,1357.414201
2026-09-26T10:05:06.943Z,TAO,-4.1176,410500,315.4,1357.414201
2026-09-26T10:05:06.943Z,GRAM,-0.0164,1972,1.453,1357.414201
2026-09-26T10:05:06.943Z,RAY,6.1969,2860,1.984,1357.414201
2026-09-26T10:05:06.943Z,RENDER,-3.4078,2621,1.999,1357.414201
2026-09-26T10:05:06.943Z,GRASS,-13.7487,610.8,0.5217,1357.414201
2026-09-26T10:05:06.943Z,MINA,1.151,192.5,0.1402,1357.414201
2026-09-26T10:05:06.943Z,POL,1.2319,163,0.11862,1357.414201
2026-09-26T10:05:06.943Z,ENA,-0.02,380,0.28,1357.414201
2026-09-26T10:05:06.943Z,SAND,-2.1994,60.55,0.04561,1357.414201
2026-09-26T10:05:06.943Z,AERO,-3.4469,1189,0.9072,1357.414201
2026-09-26T10:05:06.943Z,KGEN,-1.568,223,0.1669,1357.414201
2026-09-26T10:05:06.943Z,LIT,2.3937,6640,4.7773,1357.414201
2026-09-26T10:05:06.943Z,MANA,-3.7839,120,0.09188,1357.414201
2026-09-26T10:05:06.943Z,BAND,-7.4992,284.9,0.2269,1357.414201
2026-09-26T10:05:06.943Z,APE,-1.4055,208.7,0.15594,1357.414201
2026-09-26T10:05:06.943Z,GMT,-0.4399,11.94,0.008835,1357.414201
2026-09-26T10:05:06.943Z,VIRTUAL,-0.0549,1062,0.7828,1357.414201
2026-09-26T10:05:06.943Z,LPT,-5.7347,2261,1.767,1357.414201
2026-09-26T10:05:06.943Z,DATA,0.7937,308.8,0.2257,1357.414201
2026-09-26T10:05:06.943Z,THETA,-4.0199,302,0.2318,1357.414201
2026-09-26T10:05:06.943Z,GRT,-0.8397,37.5,0.02786,1357.414201
2026-09-26T10:05:06.943Z,LAYER,-4.4148,106.9,0.08239,1357.414201
2026-09-26T10:05:06.943Z,NMR,-0.6593,13130,9.737,1357.414201
2026-09-26T10:05:06.943Z,EIGEN,-9.4878,321.9,0.262,1357.414201
2026-09-26T10:05:06.943Z,BAT,-2.1651,125.1,0.0942,1357.414201
2026-09-26T10:05:06.943Z,SPK,-1.0871,32.64,0.02431,1357.414201
2026-09-26T10:05:06.943Z,PUMP,-13.1635,5.276,0.004476,1357.414201
2026-09-26T10:05:06.943Z,KMNO,0.4096,59.93,0.04397,1357.414201
2026-09-26T10:05:06.943Z,CHZ,-0.0896,22.54,0.01662,1357.414201
2026-09-26T10:05:06.943Z,PENGU,1.0333,13.82,0.010077,1357.414201
2026-09-26T10:05:06.943Z,OP,-0.8785,194.8,0.14478,1357.414201
2026-09-26T10:05:06.943Z,UMA,0.6312,571.8,0.4186,1357.414201
2026-09-26T10:05:06.943Z,ZRO,0.8618,2125,1.5521,1357.414201
2026-09-26T10:05:06.943Z,S,0.2599,56.03,0.04117,1357.414201
2026-09-26T10:05:06.943Z,IMX,-0.4008,229.2,0.16953,1357.414201
2026-09-26T10:05:06.943Z,A,-1.5792,138.1,0.10337,1357.414201
2026-09-26T10:05:06.943Z,ATH,-2.4953,8.652,0.006537,1357.414201
2026-09-26T10:05:06.943Z,COMP,7.9107,34950,23.86,1357.414201
2026-09-26T10:05:06.943Z,CVX,-5.226,2654,2.063,1357.414201
2026-09-26T10:05:06.943Z,AXS,0.1154,1632,1.2009,1357.414201
2026-09-26T10:05:06.943Z,WCT,-1.4109,58.83,0.04396,1357.414201
2026-09-26T10:05:06.943Z,ME,-0.106,107.8,0.0795,1357.414201
2026-09-26T10:05:06.943Z,ASTER,1.0439,1004,0.732,1357.414201
2026-09-26T10:05:06.943Z,GMX,0.2592,11210,8.237,1357.414201
2026-09-26T10:05:06.943Z,MORPHO,3.9096,3810,2.7012,1357.414201
2026-09-26T10:05:06.943Z,MON,-2.6818,35.02,0.02651,1357.414201
2026-09-26T10:05:06.943Z,1INCH,-2.1465,136.6,0.10284,1357.414201
2026-09-26T10:05:06.943Z,SKY,-0.0807,107,0.07889,1357.414201
2026-09-26T10:05:06.943Z,YGG,-4.2978,36.53,0.02812,1357.414201
2026-09-26T10:05:06.943Z,BIO,1.0542,45.02,0.03282,1357.414201
2026-09-26T10:05:06.943Z,MOVE,-5.3371,12.54,0.009759,1357.414201
2026-09-26T10:05:06.943Z,GALA,-11.4754,2.628,0.002187,1357.414201
2026-09-26T10:05:06.943Z,ZK,-2.0635,17.14,0.012893,1357.414201
2026-09-26T10:05:06.943Z,ENS,-0.0898,9610,7.086,1357.414201
2026-09-26T10:05:06.943Z,INJ,4.0439,11040,7.817,1357.414201
2026-09-26T10:05:06.943Z,KAITO,-3.4107,480,0.3661,1357.414201
2026-09-26T10:05:06.943Z,LDO,-2.712,650,0.4922,1357.414201
2026-09-26T10:05:06.943Z,BLUR,-2.9904,28.18,0.0214,1357.414201
2026-09-26T10:05:06.943Z,AUCTION,-2.2906,5170,3.898,1357.414201
2026-09-26T10:05:06.943Z,ZETA,0.3387,74.72,0.05486,1357.414201
2026-09-26T10:05:06.943Z,WIF,-2.8875,325.6,0.247,1357.414201
2026-09-26T10:05:06.943Z,KSM,0.43,6425,4.713,1357.414201
2026-09-26T10:10:06.917Z,BTC,0.3208,114502000,84083.3,1357.414201
2026-09-26T10:10:06.917Z,XRP,0.2828,2103,1.5449,1357.414201
2026-09-26T10:10:06.917Z,SOL,0.3748,163800,120.22,1357.414201
2026-09-26T10:10:06.917Z,ETH,0.3852,3661000,2686.69,1357.414201
2026-09-26T10:10:06.917Z,FIL,0.4862,1476,1.0821,1357.414201
2026-09-26T10:10:06.917Z,TRX,0.4833,459.1,0.33659,1357.414201
2026-09-26T10:10:06.917Z,BNB,0.2111,1050000,771.9,1357.414201
2026-09-26T10:10:06.917Z,WLD,-0.0276,654.5,0.4823,1357.414201
2026-09-26T10:10:06.917Z,FLOW,-0.6303,43.15,0.03199,1357.414201
2026-09-26T10:10:06.917Z,LINK,-0.5103,19000,14.069,1357.414201
2026-09-26T10:10:06.917Z,DOGE,0.1391,132.6,0.09755,1357.414201
2026-09-26T10:10:06.917Z,SUI,0.5413,1598,1.1709,1357.414201
2026-09-26T10:10:06.917Z,XLM,0.0905,295.6,0.21757,1357.414201
2026-09-26T10:10:06.917Z,BCH,-0.1447,457600,337.6,1357.414201
2026-09-26T10:10:06.917Z,AVAX,-1.912,14220,10.68,1357.414201
2026-09-26T10:10:06.917Z,ETC,-0.2677,12800,9.455,1357.414201
2026-09-26T10:10:06.917Z,AAVE,0.4977,209100,153.28,1357.414201
2026-09-26T10:10:06.917Z,ADA,-0.1786,346.2,0.2555,1357.414201
2026-09-26T10:10:06.917Z,HYPE,0.3278,125000,91.786,1357.414201
2026-09-26T10:10:06.917Z,SEI,0.1304,99.37,0.07311,1357.414201
2026-09-26T10:10:06.917Z,HBAR,0.1135,128,0.09419,1357.414201
2026-09-26T10:10:06.917Z,ARB,-0.266,298.5,0.22049,1357.414201
2026-09-26T10:10:06.917Z,JTO,0.0829,792.3,0.5832,1357.414201
2026-09-26T10:10:06.917Z,ONDO,0.1436,752,0.5532,1357.414201
2026-09-26T10:10:06.917Z,QTUM,1.5669,1441,1.0452,1357.414201
2026-09-26T10:10:06.917Z,PYTH,-2.5399,99.26,0.07503,1357.414201
2026-09-26T10:10:06.917Z,APT,-0.8896,1143,0.8496,1357.414201
2026-09-26T10:10:06.917Z,UNI,1.0865,13240,9.649,1357.414201
2026-09-26T10:10:06.917Z,TIA,-0.1171,661.1,0.4876,1357.414201
2026-09-26T10:10:06.917Z,ALGO,0.0865,157.8,0.11615,1357.414201
2026-09-26T10:10:06.917Z,NEAR,-0.8383,6570,4.881,1357.414201
2026-09-26T10:10:06.917Z,ZIL,-5.0301,4.9,0.003801,1357.414201
2026-09-26T10:10:06.917Z,SUSHI,-2.4097,348,0.2627,1357.414201
2026-09-26T10:10:06.917Z,PENDLE,-0.4356,3422,2.532,1357.414201
2026-09-26T10:10:06.917Z,XTZ,-0.1789,444.3,0.3279,1357.414201
2026-09-26T10:10:06.917Z,W,-3.6139,16.45,0.012573,1357.414201
2026-09-26T10:10:06.917Z,AR,-6.2112,5855,4.599,1357.414201
2026-09-26T10:10:06.917Z,SHIB,1.1052,0.0081,5.902e-06,1357.414201
2026-09-26T10:10:06.917Z,CELO,1.0691,133.9,0.0976,1357.414201
2026-09-26T10:10:06.917Z,STX,0.4118,470.1,0.3449,1357.414201
2026-09-26T10:10:06.917Z,JUP,-0.2832,468.2,0.3459,1357.414201
2026-09-26T10:10:06.917Z,PEPE,0.1852,0.006,4.412e-06,1357.414201
2026-09-26T10:10:06.917Z,DYDX,0.8177,186.2,0.13606,1357.414201
2026-09-26T10:10:06.917Z,KITE,-3.843,176.3,0.13507,1357.414201
2026-09-26T10:10:06.917Z,CRV,1.4861,479.4,0.348,1357.414201
2026-09-26T10:10:06.917Z,ENJ,1.1159,42.92,0.03127,1357.414201
2026-09-26T10:10:06.917Z,ATOM,-0.204,2479,1.83,1357.414201
2026-09-26T10:10:06.917Z,ICP,1.926,4426,3.199,1357.414201
2026-09-26T10:10:06.917Z,SPACE,0.4375,7.009,0.005141,1357.414201
2026-09-26T10:10:06.917Z,DOT,-0.6547,1639,1.2154,1357.414201
2026-09-26T10:10:06.917Z,ETHFI,-0.2734,972.5,0.7184,1357.414201
2026-09-26T10:10:06.917Z,CC,0.4707,185,0.13565,1357.414201
2026-09-26T10:10:06.917Z,SYRUP,-0.8385,296.8,0.2205,1357.414201
2026-09-26T10:10:06.917Z,TAO,-4.481,410500,316.6,1357.414201
2026-09-26T10:10:06.917Z,GRAM,0.3289,1972,1.448,1357.414201
2026-09-26T10:10:06.917Z,RAY,5.9353,2860,1.9889,1357.414201
2026-09-26T10:10:06.917Z,RENDER,-4.032,2621,2.012,1357.414201
2026-09-26T10:10:06.917Z,GRASS,-13.583,610.8,0.5207,1357.414201
2026-09-26T10:10:06.917Z,MINA,0.8202,192.5,0.14066,1357.414201
2026-09-26T10:10:06.917Z,POL,0.9765,163,0.11892,1357.414201
2026-09-26T10:10:06.917Z,ENA,-0.0093,380,0.27997,1357.414201
2026-09-26T10:10:06.917Z,SAND,-2.0275,60.55,0.04553,1357.414201
2026-09-26T10:10:06.917Z,AERO,-3.9023,1189,0.9115,1357.414201
2026-09-26T10:10:06.917Z,KGEN,-1.094,223,0.1661,1357.414201
2026-09-26T10:10:06.917Z,LIT,2.2631,6640,4.7834,1357.414201
2026-09-26T10:10:06.917Z,MANA,-3.7315,120,0.09183,1357.414201
2026-09-26T10:10:06.917Z,BAND,-7.1308,284.9,0.226,1357.414201
2026-09-26T10:10:06.917Z,APE,-1.0566,208.7,0.15539,1357.414201
2026-09-26T10:10:06.917Z,GMT,-0.3384,11.94,0.008826,1357.414201
2026-09-26T10:10:06.917Z,VIRTUAL,-0.1442,1062,0.7835,1357.414201
2026-09-26T10:10:06.917Z,LPT,-5.4673,2261,1.762,1357.414201
2026-09-26T10:10:06.917Z,DATA,0.8831,308.8,0.2255,1357.414201
2026-09-26T10:10:06.917Z,THETA,-4.0613,302,0.2319,1357.414201
2026-09-26T10:10:06.917Z,GRT,-0.7328,37.5,0.02783,1357.414201
2026-09-26T10:10:06.917Z,LAYER,-4.0304,106.9,0.08206,1357.414201
2026-09-26T10:10:06.917Z,NMR,-0.6491,13130,9.736,1357.414201
2026-09-26T10:10:06.917Z,EIGEN,-9.4532,321.9,0.2619,1357.414201
2026-09-26T10:10:06.917Z,BAT,-2.1443,125.1,0.09418,1357.414201
2026-09-26T10:10:06.917Z,SPK,-1.2496,32.64,0.02435,1357.414201
2026-09-26T10:10:06.917Z,PUMP,-13.008,5.276,0.004468,1357.414201
2026-09-26T10:10:06.917Z,KMNO,0.4782,59.93,0.04394,1357.414201
2026-09-26T10:10:06.917Z,CHZ,0.0307,22.54,0.0166,1357.414201
2026-09-26T10:10:06.917Z,PENGU,0.9231,13.82,0.010088,1357.414201
2026-09-26T10:10:06.917Z,OP,-0.535,194.8,0.14428,1357.414201
2026-09-26T10:10:06.917Z,UMA,0.7756,571.8,0.418,1357.414201
2026-09-26T10:10:06.917Z,ZRO,0.732,2125,1.5541,1357.414201
2026-09-26T10:10:06.917Z,S,0.0897,56.03,0.04124,1357.414201
2026-09-26T10:10:06.917Z,IMX,0.1783,229.2,0.16855,1357.414201
2026-09-26T10:10:06.917Z,A,-1.0335,138.1,0.1028,1357.414201
2026-09-26T10:10:06.917Z,ATH,-2.151,8.652,0.006514,1357.414201
2026-09-26T10:10:06.917Z,COMP,7.8655,34950,23.87,1357.414201
2026-09-26T10:10:06.917Z,CVX,-5.2719,2654,2.064,1357.414201
2026-09-26T10:10:06.917Z,AXS,0.3578,1632,1.198,1357.414201
2026-09-26T10:10:06.917Z,WCT,-1.3436,58.83,0.04393,1357.414201
2026-09-26T10:10:06.917Z,ME,-0.0054,107.8,0.07942,1357.414201
2026-09-26T10:10:06.917Z,ASTER,0.9061,1004,0.733,1357.414201
2026-09-26T10:10:06.917Z,GMX,0.381,11210,8.227,1357.414201
2026-09-26T10:10:06.917Z,MORPHO,3.7598,3810,2.7051,1357.414201
2026-09-26T10:10:06.917Z,MON,-2.6083,35.02,0.02649,1357.414201
2026-09-26T10:10:06.917Z,1INCH,-2.0799,136.6,0.10277,1357.414201
2026-09-26T10:10:06.917Z,SKY,-0.2451,107,0.07902,1357.414201
2026-09-26T10:10:06.917Z,YGG,-4.0247,36.53,0.02804,1357.414201
2026-09-26T10:10:06.917Z,BIO,0.1063,44.72,0.03291,1357.414201
2026-09-26T10:10:06.917Z,MOVE,-5.2497,12.54,0.00975,1357.414201
2026-09-26T10:10:06.917Z,GALA,-11.5562,2.628,0.002189,1357.414201
2026-09-26T10:10:06.917Z,ZK,-2.0255,17.14,0.012888,1357.414201
2026-09-26T10:10:06.917Z,ENS,-0.1884,9610,7.093,1357.414201
2026-09-26T10:10:06.917Z,INJ,4.1772,11040,7.807,1357.414201
2026-09-26T10:10:06.917Z,KAITO,-3.595,480,0.3668,1357.414201
2026-09-26T10:10:06.917Z,LDO,-2.7712,650,0.4925,1357.414201
2026-09-26T10:10:06.917Z,BLUR,-2.7176,28.18,0.02134,1357.414201
2026-09-26T10:10:06.917Z,AUCTION,-2.1148,5170,3.891,1357.414201
2026-09-26T10:10:06.917Z,ZETA,0.3205,74.72,0.05487,1357.414201
2026-09-26T10:10:06.917Z,WIF,-2.73,325.6,0.2466,1357.414201
2026-09-26T10:10:06.917Z,KSM,0.4939,6425,4.71,1357.414201
2026-09-26T10:15:06.963Z,BTC,0.3431,114525000,84081.5,1357.414201
2026-09-26T10:15:06.963Z,XRP,0.2915,2104,1.5455,1357.414201
2026-09-26T10:15:06.963Z,SOL,0.2969,163700,120.24,1357.414201
2026-09-26T10:15:06.963Z,ETH,0.328,3658000,2686.02,1357.414201
2026-09-26T10:15:06.963Z,FIL,0.4491,1482,1.0869,1357.414201
2026-09-26T10:15:06.963Z,TRX,0.531,459.1,0.33643,1357.414201
2026-09-26T10:15:06.963Z,BNB,0.1981,1050000,772,1357.414201
2026-09-26T10:15:06.963Z,WLD,0.4306,657.5,0.4823,1357.414201
2026-09-26T10:15:06.963Z,FLOW,-1.0324,43.15,0.03212,1357.414201
2026-09-26T10:15:06.963Z,LINK,-0.5315,19000,14.072,1357.414201
2026-09-26T10:15:06.963Z,DOGE,0.1597,132.6,0.09753,1357.414201
2026-09-26T10:15:06.963Z,SUI,0.5757,1598,1.1705,1357.414201
2026-09-26T10:15:06.963Z,XLM,0.266,296.2,0.21763,1357.414201
2026-09-26T10:15:06.963Z,BCH,-0.0855,457600,337.4,1357.414201
2026-09-26T10:15:06.963Z,AVAX,-2.0037,14220,10.69,1357.414201
2026-09-26T10:15:06.963Z,ETC,-0.2782,12800,9.456,1357.414201
2026-09-26T10:15:06.963Z,AAVE,0.4125,209100,153.41,1357.414201
2026-09-26T10:15:06.963Z,ADA,-0.529,346.2,0.2564,1357.414201
2026-09-26T10:15:06.963Z,HYPE,0.3234,125000,91.79,1357.414201
2026-09-26T10:15:06.963Z,SEI,-0.0336,99.37,0.07323,1357.414201
2026-09-26T10:15:06.963Z,HBAR,-0.0032,128,0.0943,1357.414201
2026-09-26T10:15:06.963Z,ARB,-0.9444,298.5,0.222,1357.414201
2026-09-26T10:15:06.963Z,JTO,0.1687,792.3,0.5827,1357.414201
2026-09-26T10:15:06.963Z,ONDO,0.347,753.8,0.5534,1357.414201
2026-09-26T10:15:06.963Z,QTUM,1.1797,1441,1.0492,1357.414201
2026-09-26T10:15:06.963Z,PYTH,-2.7085,99.26,0.07516,1357.414201
2026-09-26T10:15:06.963Z,APT,-0.9362,1143,0.85,1357.414201
2026-09-26T10:15:06.963Z,UNI,0.9923,13240,9.658,1357.414201
2026-09-26T10:15:06.963Z,TIA,-0.3215,661.1,0.4886,1357.414201
2026-09-26T10:15:06.963Z,ALGO,-0.1371,157.8,0.11641,1357.414201
2026-09-26T10:15:06.963Z,NEAR,-0.1256,6685,4.931,1357.414201
2026-09-26T10:15:06.963Z,ZIL,-5.0301,4.9,0.003801,1357.414201
2026-09-26T10:15:06.963Z,SUSHI,-2.521,348,0.263,1357.414201
2026-09-26T10:15:06.963Z,PENDLE,-0.7101,3422,2.539,1357.414201
2026-09-26T10:15:06.963Z,XTZ,-0.0875,444.3,0.3276,1357.414201
2026-09-26T10:15:06.963Z,W,-3.7211,16.45,0.012587,1357.414201
2026-09-26T10:15:06.963Z,AR,-6.4755,5855,4.612,1357.414201
2026-09-26T10:15:06.963Z,SHIB,0.9854,0.0081,5.909e-06,1357.414201
2026-09-26T10:15:06.963Z,CELO,1.2454,133.9,0.09743,1357.414201
2026-09-26T10:15:06.963Z,STX,0.5868,470.1,0.3443,1357.414201
2026-09-26T10:15:06.963Z,JUP,-0.5993,468.2,0.347,1357.414201
2026-09-26T10:15:06.963Z,PEPE,0.1624,0.006,4.413e-06,1357.414201
2026-09-26T10:15:06.963Z,DYDX,0.8177,186.2,0.13606,1357.414201
2026-09-26T10:15:06.963Z,KITE,-4.0348,176.3,0.13534,1357.414201
2026-09-26T10:15:06.963Z,CRV,1.3986,479.4,0.3483,1357.414201
2026-09-26T10:15:06.963Z,ENJ,1.3428,42.92,0.0312,1357.414201
2026-09-26T10:15:06.963Z,ATOM,-0.4759,2479,1.835,1357.414201
2026-09-26T10:15:06.963Z,ICP,1.8305,4426,3.202,1357.414201
2026-09-26T10:15:06.963Z,SPACE,0.1065,7.009,0.005158,1357.414201
2026-09-26T10:15:06.963Z,DOT,-1.0617,1639,1.2204,1357.414201
2026-09-26T10:15:06.963Z,ETHFI,-0.3844,972.5,0.7192,1357.414201
2026-09-26T10:15:06.963Z,CC,-0.0231,185,0.13632,1357.414201
2026-09-26T10:15:06.963Z,SYRUP,-1.197,296.8,0.2213,1357.414201
2026-09-26T10:15:06.963Z,TAO,-4.8117,410500,317.7,1357.414201
2026-09-26T10:15:06.963Z,GRAM,0.1905,1972,1.45,1357.414201
2026-09-26T10:15:06.963Z,RAY,5.5479,2860,1.9962,1357.414201
2026-09-26T10:15:06.963Z,RENDER,-4.7421,2621,2.027,1357.414201
2026-09-26T10:15:06.963Z,GRASS,-14.1109,610.8,0.5239,1357.414201
2026-09-26T10:15:06.963Z,MINA,1.0501,192.5,0.14034,1357.414201
2026-09-26T10:15:06.963Z,POL,0.7478,163,0.11919,1357.414201
2026-09-26T10:15:06.963Z,ENA,-0.127,380,0.2803,1357.414201
2026-09-26T10:15:06.963Z,SAND,-1.8982,60.55,0.04547,1357.414201
2026-09-26T10:15:06.963Z,AERO,-3.2869,1189,0.9057,1357.414201
2026-09-26T10:15:06.963Z,KGEN,-0.6754,223,0.1654,1357.414201
2026-09-26T10:15:06.963Z,LIT,2.2033,6640,4.7862,1357.414201
2026-09-26T10:15:06.963Z,MANA,-3.7524,120,0.09185,1357.414201
2026-09-26T10:15:06.963Z,BAND,-7.4176,284.9,0.2267,1357.414201
2026-09-26T10:15:06.963Z,APE,-1.0502,208.7,0.15538,1357.414201
2026-09-26T10:15:06.963Z,GMT,-0.2366,11.94,0.008817,1357.414201
2026-09-26T10:15:06.963Z,VIRTUAL,-0.0361,1066,0.7856,1357.414201
2026-09-26T10:15:06.963Z,LPT,-5.7347,2261,1.767,1357.414201
2026-09-26T10:15:06.963Z,DATA,0.9726,308.8,0.2253,1357.414201
2026-09-26T10:15:06.963Z,THETA,-4.0613,302,0.2319,1357.414201
2026-09-26T10:15:06.963Z,GRT,-0.9464,37.5,0.02789,1357.414201
2026-09-26T10:15:06.963Z,LAYER,-3.7018,106.9,0.08178,1357.414201
2026-09-26T10:15:06.963Z,NMR,-0.6797,13130,9.739,1357.414201
2026-09-26T10:15:06.963Z,EIGEN,-9.6602,321.9,0.2625,1357.414201
2026-09-26T10:15:06.963Z,BAT,-2.1962,125.1,0.09423,1357.414201
2026-09-26T10:15:06.963Z,SPK,-1.1278,32.64,0.02432,1357.414201
2026-09-26T10:15:06.963Z,PUMP,-12.9301,5.276,0.004464,1357.414201
2026-09-26T10:15:06.963Z,KMNO,0.7994,59.93,0.0438,1357.414201
2026-09-26T10:15:06.963Z,CHZ,-0.0896,22.54,0.01662,1357.414201
2026-09-26T10:15:06.963Z,PENGU,0.7832,13.82,0.010102,1357.414201
2026-09-26T10:15:06.963Z,OP,-0.9947,194.8,0.14495,1357.414201
2026-09-26T10:15:06.963Z,UMA,0.7274,571.8,0.4182,1357.414201
2026-09-26T10:15:06.963Z,ZRO,0.5186,2125,1.5574,1357.414201
2026-09-26T10:15:06.963Z,S,0.1626,56.03,0.04121,1357.414201
2026-09-26T10:15:06.963Z,IMX,0.5421,229.2,0.16794,1357.414201
2026-09-26T10:15:06.963Z,A,-0.995,138.1,0.10276,1357.414201
2026-09-26T10:15:06.963Z,ATH,-1.9101,8.652,0.006498,1357.414201
2026-09-26T10:15:06.963Z,COMP,7.64,34950,23.92,1357.414201
2026-09-26T10:15:06.963Z,CVX,-5.2719,2654,2.064,1357.414201
2026-09-26T10:15:06.963Z,AXS,0.5676,1632,1.1955,1357.414201
2026-09-26T10:15:06.963Z,WCT,-1.1411,58.83,0.04384,1357.414201
2026-09-26T10:15:06.963Z,ME,-0.0306,107.8,0.07944,1357.414201
2026-09-26T10:15:06.963Z,ASTER,0.8923,1004,0.7331,1357.414201
2026-09-26T10:15:06.963Z,GMX,0.4665,11210,8.22,1357.414201
2026-09-26T10:15:06.963Z,MORPHO,3.6602,3810,2.7077,1357.414201
2026-09-26T10:15:06.963Z,MON,-2.461,35.02,0.02645,1357.414201
2026-09-26T10:15:06.963Z,1INCH,-2.0322,136.6,0.10272,1357.414201
2026-09-26T10:15:06.963Z,SKY,-0.522,107,0.07924,1357.414201
2026-09-26T10:15:06.963Z,YGG,-3.9905,36.53,0.02803,1357.414201
2026-09-26T10:15:06.963Z,BIO,-0.1061,44.72,0.03298,1357.414201
2026-09-26T10:15:06.963Z,MOVE,-5.2594,12.54,0.009751,1357.414201
2026-09-26T10:15:06.963Z,GALA,-11.5966,2.628,0.00219,1357.414201
2026-09-26T10:15:06.963Z,ZK,-1.8122,17.14,0.01286,1357.414201
2026-09-26T10:15:06.963Z,ENS,-0.1039,9610,7.087,1357.414201
2026-09-26T10:15:06.963Z,INJ,4.1772,11040,7.807,1357.414201
2026-09-26T10:15:06.963Z,KAITO,-3.2521,480,0.3655,1357.414201
2026-09-26T10:15:06.963Z,LDO,-2.4941,650,0.4911,1357.414201
2026-09-26T10:15:06.963Z,BLUR,-2.8542,28.18,0.02137,1357.414201
2026-09-26T10:15:06.963Z,AUCTION,-2.1148,5170,3.891,1357.414201
2026-09-26T10:15:06.963Z,ZETA,0.4303,74.72,0.05481,1357.414201
2026-09-26T10:15:06.963Z,WIF,-2.7694,325.6,0.2467,1357.414201
2026-09-26T10:15:06.963Z,KSM,0.3448,6425,4.717,1357.414201
2026-09-26T10:20:06.907Z,BTC,0.2858,114512000,84120,1357.414201
2026-09-26T10:20:06.907Z,XRP,0.2659,2107,1.5481,1357.414201
2026-09-26T10:20:06.907Z,SOL,0.2027,163900,120.5,1357.414201
2026-09-26T10:20:06.907Z,ETH,0.2886,3659000,2687.81,1357.414201
2026-09-26T10:20:06.907Z,FIL,0.403,1482,1.0874,1357.414201
2026-09-26T10:20:06.907Z,TRX,0.4654,458.8,0.33643,1357.414201
2026-09-26T10:20:06.907Z,BNB,0.1203,1050000,772.6,1357.414201
2026-09-26T10:20:06.907Z,WLD,0.0351,661.7,0.4873,1357.414201
2026-09-26T10:20:06.907Z,FLOW,-1.6144,43.15,0.03231,1357.414201
2026-09-26T10:20:06.907Z,LINK,-0.5669,19000,14.077,1357.414201
2026-09-26T10:20:06.907Z,DOGE,-0.1373,132.6,0.09782,1357.414201
2026-09-26T10:20:06.907Z,SUI,0.2661,1612,1.1844,1357.414201
2026-09-26T10:20:06.907Z,XLM,-0.0142,296.2,0.21824,1357.414201
2026-09-26T10:20:06.907Z,BCH,-0.1447,457600,337.6,1357.414201
2026-09-26T10:20:06.907Z,AVAX,-2.2962,14220,10.722,1357.414201
2026-09-26T10:20:06.907Z,ETC,-0.5516,12800,9.482,1357.414201
2026-09-26T10:20:06.907Z,AAVE,0.1579,209100,153.8,1357.414201
2026-09-26T10:20:06.907Z,ADA,0.2731,349.4,0.2567,1357.414201
2026-09-26T10:20:06.907Z,HYPE,0.2841,125000,91.826,1357.414201
2026-09-26T10:20:06.907Z,SEI,-0.428,99.37,0.07352,1357.414201
2026-09-26T10:20:06.907Z,HBAR,-0.2043,128,0.09449,1357.414201
2026-09-26T10:20:06.907Z,ARB,-1.3886,298.5,0.223,1357.414201
2026-09-26T10:20:06.907Z,JTO,0.1344,792.3,0.5829,1357.414201
2026-09-26T10:20:06.907Z,ONDO,0.2451,756.3,0.5558,1357.414201
2026-09-26T10:20:06.907Z,QTUM,1.0256,1441,1.0508,1357.414201
2026-09-26T10:20:06.907Z,PYTH,-2.8377,99.26,0.07526,1357.414201
2026-09-26T10:20:06.907Z,APT,-1.2383,1143,0.8526,1357.414201
2026-09-26T10:20:06.907Z,UNI,0.7212,13240,9.684,1357.414201
2026-09-26T10:20:06.907Z,TIA,-0.4641,661.1,0.4893,1357.414201
2026-09-26T10:20:06.907Z,ALGO,-0.3169,157.8,0.11662,1357.414201
2026-09-26T10:20:06.907Z,NEAR,0.2554,6735,4.949,1357.414201
2026-09-26T10:20:06.907Z,ZIL,-5.1549,4.9,0.003806,1357.414201
2026-09-26T10:20:06.907Z,SUSHI,-2.6321,348,0.2633,1357.414201
2026-09-26T10:20:06.907Z,PENDLE,-1.022,3422,2.547,1357.414201
2026-09-26T10:20:06.907Z,XTZ,-0.4521,444.3,0.3288,1357.414201
2026-09-26T10:20:06.907Z,W,-4.0185,16.45,0.012626,1357.414201
2026-09-26T10:20:06.907Z,AR,-6.4755,5855,4.612,1357.414201
2026-09-26T10:20:06.907Z,SHIB,0.6957,0.0081,5.926e-06,1357.414201
2026-09-26T10:20:06.907Z,CELO,0.7491,133.9,0.09791,1357.414201
2026-09-26T10:20:06.907Z,STX,0.6452,470.1,0.3441,1357.414201
2026-09-26T10:20:06.907Z,JUP,-1.5076,468.2,0.3502,1357.414201
2026-09-26T10:20:06.907Z,PEPE,-0.1543,0.006,4.427e-06,1357.414201
2026-09-26T10:20:06.907Z,DYDX,0.3677,186.2,0.13667,1357.414201
2026-09-26T10:20:06.907Z,KITE,-4.3246,176.3,0.13575,1357.414201
2026-09-26T10:20:06.907Z,CRV,1.2533,479.4,0.3488,1357.414201
2026-09-26T10:20:06.907Z,ENJ,1.6033,42.92,0.03112,1357.414201
2026-09-26T10:20:06.907Z,ATOM,-0.5302,2479,1.836,1357.414201
2026-09-26T10:20:06.907Z,ICP,1.8941,4426,3.2,1357.414201
2026-09-26T10:20:06.907Z,SPACE,-0.0098,7.009,0.005164,1357.414201
2026-09-26T10:20:06.907Z,DOT,-1.6019,1639,1.2271,1357.414201
2026-09-26T10:20:06.907Z,ETHFI,-0.5641,972.5,0.7205,1357.414201
2026-09-26T10:20:06.907Z,CC,0.7977,185,0.13521,1357.414201
2026-09-26T10:20:06.907Z,SYRUP,-1.0629,296.8,0.221,1357.414201
2026-09-26T10:20:06.907Z,TAO,-5.1104,410500,318.7,1357.414201
2026-09-26T10:20:06.907Z,GRAM,0.0525,1972,1.452,1357.414201
2026-09-26T10:20:06.907Z,RAY,5.0951,2860,2.0048,1357.414201
2026-09-26T10:20:06.907Z,RENDER,-4.2699,2621,2.017,1357.414201
2026-09-26T10:20:06.907Z,GRASS,-14.3561,610.8,0.5254,1357.414201
2026-09-26T10:20:06.907Z,MINA,1.0357,192.5,0.14036,1357.414201
2026-09-26T10:20:06.907Z,POL,1.0445,163,0.11884,1357.414201
2026-09-26T10:20:06.907Z,ENA,0.1302,380,0.27958,1357.414201
2026-09-26T10:20:06.907Z,SAND,-2.135,60.55,0.04558,1357.414201
2026-09-26T10:20:06.907Z,AERO,-2.7717,1189,0.9009,1357.414201
2026-09-26T10:20:06.907Z,KGEN,-0.8552,223,0.1657,1357.414201
2026-09-26T10:20:06.907Z,LIT,1.7886,6640,4.8057,1357.414201
2026-09-26T10:20:06.907Z,MANA,-3.8571,120,0.09195,1357.414201
2026-09-26T10:20:06.907Z,BAND,-7.4176,284.9,0.2267,1357.414201
2026-09-26T10:20:06.907Z,APE,-1.2155,208.7,0.15564,1357.414201
2026-09-26T10:20:06.907Z,GMT,-0.3384,11.94,0.008826,1357.414201
2026-09-26T10:20:06.907Z,VIRTUAL,-0.1885,1066,0.7868,1357.414201
2026-09-26T10:20:06.907Z,LPT,-5.6279,2261,1.765,1357.414201
2026-09-26T10:20:06.907Z,DATA,0.7937,308.8,0.2257,1357.414201
2026-09-26T10:20:06.907Z,THETA,-4.3089,302,0.2325,1357.414201
2026-09-26T10:20:06.907Z,GRT,-1.159,37.5,0.02795,1357.414201
2026-09-26T10:20:06.907Z,LAYER,-4.0187,106.9,0.08205,1357.414201
2026-09-26T10:20:06.907Z,NMR,-0.9036,13130,9.761,1357.414201
2026-09-26T10:20:06.907Z,EIGEN,-10.1735,321.9,0.264,1357.414201
2026-09-26T10:20:06.907Z,BAT,-2.1651,125.1,0.0942,1357.414201
2026-09-26T10:20:06.907Z,SPK,-1.0464,32.64,0.0243,1357.414201
2026-09-26T10:20:06.907Z,PUMP,-13.008,5.276,0.004468,1357.414201
2026-09-26T10:20:06.907Z,KMNO,0.7304,59.93,0.04383,1357.414201
2026-09-26T10:20:06.907Z,CHZ,-0.2697,22.54,0.01665,1357.414201
2026-09-26T10:20:06.907Z,PENGU,0.2572,13.82,0.010155,1357.414201
2026-09-26T10:20:06.907Z,OP,-0.9947,194.8,0.14495,1357.414201
2026-09-26T10:20:06.907Z,UMA,0.5351,571.8,0.419,1357.414201
2026-09-26T10:20:06.907Z,ZRO,0.6932,2125,1.5547,1357.414201
2026-09-26T10:20:06.907Z,S,-0.0072,56.03,0.04128,1357.414201
2026-09-26T10:20:06.907Z,IMX,0.1901,229.2,0.16853,1357.414201
2026-09-26T10:20:06.907Z,A,-1.2544,138.1,0.10303,1357.414201
2026-09-26T10:20:06.907Z,ATH,-2.3758,8.652,0.006529,1357.414201
2026-09-26T10:20:06.907Z,COMP,7.595,34950,23.93,1357.414201
2026-09-26T10:20:06.907Z,CVX,-5.5008,2654,2.069,1357.414201
2026-09-26T10:20:06.907Z,AXS,0.5676,1632,1.1955,1357.414201
2026-09-26T10:20:06.907Z,WCT,-1.3436,58.83,0.04393,1357.414201
2026-09-26T10:20:06.907Z,ME,0.108,107.8,0.07933,1357.414201
2026-09-26T10:20:06.907Z,ASTER,0.7686,1004,0.734,1357.414201
2026-09-26T10:20:06.907Z,GMX,0.2592,11210,8.237,1357.414201
2026-09-26T10:20:06.907Z,MORPHO,2.356,3810,2.7422,1357.414201
2026-09-26T10:20:06.907Z,MON,-2.865,35.02,0.02656,1357.414201
2026-09-26T10:20:06.907Z,1INCH,-2.2985,136.6,0.103,1357.414201
2026-09-26T10:20:06.907Z,SKY,-0.5597,107,0.07927,1357.414201
2026-09-26T10:20:06.907Z,YGG,-4.1273,36.53,0.02807,1357.414201
2026-09-26T10:20:06.907Z,BIO,-0.4382,44.72,0.03309,1357.414201
2026-09-26T10:20:06.907Z,MOVE,-5.463,12.54,0.009772,1357.414201
2026-09-26T10:20:06.907Z,GALA,-11.8382,2.628,0.002196,1357.414201
2026-09-26T10:20:06.907Z,ZK,-2.0255,17.14,0.012888,1357.414201
2026-09-26T10:20:06.907Z,ENS,-0.118,9610,7.088,1357.414201
2026-09-26T10:20:06.907Z,INJ,4.0306,11040,7.818,1357.414201
2026-09-26T10:20:06.907Z,KAITO,-3.1461,480,0.3651,1357.414201
2026-09-26T10:20:06.907Z,LDO,-2.4742,650,0.491,1357.414201
2026-09-26T10:20:06.907Z,BLUR,-3.081,28.18,0.02142,1357.414201
2026-09-26T10:20:06.907Z,AUCTION,-2.3407,5170,3.9,1357.414201
2026-09-26T10:20:06.907Z,ZETA,0.0288,74.72,0.05503,1357.414201
2026-09-26T10:20:06.907Z,WIF,-3.0053,325.6,0.2473,1357.414201
2026-09-26T10:20:06.907Z,KSM,0.0479,6425,4.731,1357.414201
2026-09-26T10:25:06.921Z,BTC,0.3105,114512000,84099.3,1357.414201
2026-09-26T10:25:06.921Z,XRP,0.3481,2109,1.5483,1357.414201
2026-09-26T10:25:06.921Z,SOL,0.3778,164200,120.51,1357.414201
2026-09-26T10:25:06.921Z,ETH,0.2897,3659000,2687.78,1357.414201
2026-09-26T10:25:06.921Z,FIL,0.237,1482,1.0892,1357.414201
2026-09-26T10:25:06.921Z,TRX,0.4683,458.8,0.33642,1357.414201
2026-09-26T10:25:06.921Z,BNB,0.0815,1050000,772.9,1357.414201
2026-09-26T10:25:06.921Z,WLD,0.4543,664.2,0.4871,1357.414201
2026-09-26T10:25:06.921Z,FLOW,-1.8877,43.15,0.0324,1357.414201
2026-09-26T10:25:06.921Z,LINK,-0.7924,19000,14.109,1357.414201
2026-09-26T10:25:06.921Z,DOGE,-0.2291,132.6,0.09791,1357.414201
2026-09-26T10:25:06.921Z,SUI,0.4584,1617,1.1858,1357.414201
2026-09-26T10:25:06.921Z,XLM,0.1856,297.2,0.21854,1357.414201
2026-09-26T10:25:06.921Z,BCH,-0.1743,457600,337.7,1357.414201
2026-09-26T10:25:06.921Z,AVAX,-2.3053,14220,10.723,1357.414201
2026-09-26T10:25:06.921Z,ETC,-0.834,12800,9.509,1357.414201
2026-09-26T10:25:06.921Z,AAVE,-0.076,209100,154.16,1357.414201
2026-09-26T10:25:06.921Z,ADA,0.2891,350,0.2571,1357.414201
2026-09-26T10:25:06.921Z,HYPE,0.342,125000,91.773,1357.414201
2026-09-26T10:25:06.921Z,SEI,-0.4009,99.37,0.0735,1357.414201
2026-09-26T10:25:06.921Z,HBAR,-0.3309,128,0.09461,1357.414201
2026-09-26T10:25:06.921Z,ARB,-1.9995,298.5,0.22439,1357.414201
2026-09-26T10:25:06.921Z,JTO,-0.2592,792.3,0.5852,1357.414201
2026-09-26T10:25:06.921Z,ONDO,0.4102,758.5,0.5565,1357.414201
2026-09-26T10:25:06.921Z,QTUM,0.968,1441,1.0514,1357.414201
2026-09-26T10:25:06.921Z,PYTH,-3.1722,99.26,0.07552,1357.414201
2026-09-26T10:25:06.921Z,APT,-1.6421,1143,0.8561,1357.414201
2026-09-26T10:25:06.921Z,UNI,0.3378,13240,9.721,1357.414201
2026-09-26T10:25:06.921Z,TIA,-0.6469,661.1,0.4902,1357.414201
2026-09-26T10:25:06.921Z,ALGO,-0.3511,157.8,0.11666,1357.414201
2026-09-26T10:25:06.921Z,NEAR,0.2959,6735,4.947,1357.414201
2026-09-26T10:25:06.921Z,ZIL,-5.2793,4.9,0.003811,1357.414201
2026-09-26T10:25:06.921Z,SUSHI,-2.9637,348,0.2642,1357.414201
2026-09-26T10:25:06.921Z,PENDLE,-1.4476,3422,2.558,1357.414201
2026-09-26T10:25:06.921Z,XTZ,-0.3308,444.3,0.3284,1357.414201
2026-09-26T10:25:06.921Z,W,-4.9966,16.45,0.012756,1357.414201
2026-09-26T10:25:06.921Z,AR,-6.5768,5855,4.617,1357.414201
2026-09-26T10:25:06.921Z,SHIB,0.5261,0.0081,5.936e-06,1357.414201
2026-09-26T10:25:06.921Z,CELO,0.8934,133.9,0.09777,1357.414201
2026-09-26T10:25:06.921Z,STX,0.5576,470.1,0.3444,1357.414201
2026-09-26T10:25:06.921Z,JUP,-1.3385,468.2,0.3496,1357.414201
2026-09-26T10:25:06.921Z,PEPE,-0.2444,0.006,4.431e-06,1357.414201
2026-09-26T10:25:06.921Z,DYDX,0.2943,186.2,0.13677,1357.414201
2026-09-26T10:25:06.921Z,KITE,-4.6408,176.3,0.1362,1357.414201
2026-09-26T10:25:06.921Z,CRV,0.5614,479.4,0.3512,1357.414201
2026-09-26T10:25:06.921Z,ENJ,1.6359,42.92,0.03111,1357.414201
2026-09-26T10:25:06.921Z,ATOM,-0.4217,2479,1.834,1357.414201
2026-09-26T10:25:06.921Z,ICP,1.64,4426,3.208,1357.414201
2026-09-26T10:25:06.921Z,SPACE,-0.2031,7.009,0.005174,1357.414201
2026-09-26T10:25:06.921Z,DOT,0.0782,1675,1.233,1357.414201
2026-09-26T10:25:06.921Z,ETHFI,-1.9521,972.5,0.7307,1357.414201
2026-09-26T10:25:06.921Z,CC,0.9694,185,0.13498,1357.414201
2026-09-26T10:25:06.921Z,SYRUP,-0.9284,296.8,0.2207,1357.414201
2026-09-26T10:25:06.921Z,TAO,-5.0508,410500,318.5,1357.414201
2026-09-26T10:25:06.921Z,GRAM,0.0525,1972,1.452,1357.414201
2026-09-26T10:25:06.921Z,RAY,4.9329,2860,2.0079,1357.414201
2026-09-26T10:25:06.921Z,RENDER,-3.6488,2621,2.004,1357.414201
2026-09-26T10:25:06.921Z,GRASS,-14.697,610.8,0.5275,1357.414201
2026-09-26T10:25:06.921Z,MINA,0.9566,192.5,0.14047,1357.414201
2026-09-26T10:25:06.921Z,POL,1.1637,163,0.1187,1357.414201
2026-09-26T10:25:06.921Z,ENA,-1.5564,380,0.28437,1357.414201
2026-09-26T10:25:06.921Z,SAND,-2.1779,60.55,0.0456,1357.414201
2026-09-26T10:25:06.921Z,AERO,-2.6528,1189,0.8998,1357.414201
2026-09-26T10:25:06.921Z,KGEN,-1.094,223,0.1661,1357.414201
2026-09-26T10:25:06.921Z,LIT,1.7103,6640,4.8094,1357.414201
2026-09-26T10:25:06.921Z,MANA,-4.0554,120,0.09214,1357.414201
2026-09-26T10:25:06.921Z,BAND,-7.6213,284.9,0.2272,1357.414201
2026-09-26T10:25:06.921Z,APE,-1.4055,208.7,0.15594,1357.414201
2026-09-26T10:25:06.921Z,GMT,-0.732,11.94,0.008861,1357.414201
2026-09-26T10:25:06.921Z,VIRTUAL,-0.3405,1066,0.788,1357.414201
2026-09-26T10:25:06.921Z,LPT,-5.6814,2261,1.766,1357.414201
2026-09-26T10:25:06.921Z,DATA,0.8384,308.8,0.2256,1357.414201
2026-09-26T10:25:06.921Z,THETA,-4.35,302,0.2326,1357.414201
2026-09-26T10:25:06.921Z,GRT,-1.4411,37.5,0.02803,1357.414201
2026-09-26T10:25:06.921Z,LAYER,-4.0421,106.9,0.08207,1357.414201
2026-09-26T10:25:06.921Z,NMR,-1.0759,13130,9.778,1357.414201
2026-09-26T10:25:06.921Z,EIGEN,-10.5799,321.9,0.2652,1357.414201
2026-09-26T10:25:06.921Z,BAT,-2.1754,125.1,0.09421,1357.414201
2026-09-26T10:25:06.921Z,SPK,-0.8833,32.64,0.02426,1357.414201
2026-09-26T10:25:06.921Z,PUMP,-12.9691,5.276,0.004466,1357.414201
2026-09-26T10:25:06.921Z,KMNO,0.8915,59.93,0.04376,1357.414201
2026-09-26T10:25:06.921Z,CHZ,-0.449,22.54,0.01668,1357.414201
2026-09-26T10:25:06.921Z,PENGU,0.0995,13.82,0.010171,1357.414201
2026-09-26T10:25:06.921Z,OP,-1.3486,194.8,0.14547,1357.414201
2026-09-26T10:25:06.921Z,UMA,0.4153,571.8,0.4195,1357.414201
2026-09-26T10:25:06.921Z,ZRO,0.4412,2125,1.5586,1357.414201
2026-09-26T10:25:06.921Z,S,-0.0799,56.03,0.04131,1357.414201
2026-09-26T10:25:06.921Z,IMX,0.4405,229.2,0.16811,1357.414201
2026-09-26T10:25:06.921Z,A,-0.9661,138.1,0.10273,1357.414201
2026-09-26T10:25:06.921Z,ATH,-2.3609,8.652,0.006528,1357.414201
2026-09-26T10:25:06.921Z,COMP,7.3707,34950,23.98,1357.414201
2026-09-26T10:25:06.921Z,CVX,-5.5008,2654,2.069,1357.414201
2026-09-26T10:25:06.921Z,AXS,0.5088,1632,1.1962,1357.414201
2026-09-26T10:25:06.921Z,WCT,-1.4109,58.83,0.04396,1357.414201
2026-09-26T10:25:06.921Z,ME,0.1712,107.8,0.07928,1357.414201
2026-09-26T10:25:06.921Z,ASTER,0.7412,1004,0.7342,1357.414201
2026-09-26T10:25:06.921Z,GMX,0.2592,11210,8.237,1357.414201
2026-09-26T10:25:06.921Z,MORPHO,1.9582,3810,2.7529,1357.414201
2026-09-26T10:25:06.921Z,MON,-3.0475,35.02,0.02661,1357.414201
2026-09-26T10:25:06.921Z,1INCH,-2.327,136.6,0.10303,1357.414201
2026-09-26T10:25:06.921Z,SKY,-0.5848,107,0.07929,1357.414201
2026-09-26T10:25:06.921Z,YGG,-4.0932,36.53,0.02806,1357.414201
2026-09-26T10:25:06.921Z,BIO,-0.8875,44.72,0.03324,1357.414201
2026-09-26T10:25:06.921Z,MOVE,-5.9155,12.54,0.009819,1357.414201
2026-09-26T10:25:06.921Z,GALA,-11.9584,2.628,0.002199,1357.414201
2026-09-26T10:25:06.921Z,ZK,-2.989,17.14,0.013016,1357.414201
2026-09-26T10:25:06.921Z,ENS,-0.3429,9610,7.104,1357.414201
2026-09-26T10:25:06.921Z,INJ,3.7387,11040,7.84,1357.414201
2026-09-26T10:25:06.921Z,KAITO,-3.0665,480,0.3648,1357.414201
2026-09-26T10:25:06.921Z,LDO,-3.2818,650,0.4951,1357.414201
2026-09-26T10:25:06.921Z,BLUR,-2.8542,28.18,0.02137,1357.414201
2026-09-26T10:25:06.921Z,AUCTION,-2.4408,5170,3.904,1357.414201
2026-09-26T10:25:06.921Z,ZETA,0.0833,74.72,0.055,1357.414201
2026-09-26T10:25:06.921Z,WIF,-3.2791,325.6,0.248,1357.414201
2026-09-26T10:25:06.921Z,KSM,-0.0155,6425,4.734,1357.414201
2026-09-26T10:30:07.207Z,BTC,0.2915,114498000,84104.9,1357.414201
2026-09-26T10:30:07.207Z,XRP,0.2746,2108,1.5487,1357.414201
2026-09-26T10:30:07.207Z,SOL,0.5029,164200,120.36,1357.414201
2026-09-26T10:30:07.207Z,ETH,0.3128,3659000,2687.16,1357.414201
2026-09-26T10:30:07.207Z,FIL,0.0441,1482,1.0913,1357.414201
2026-09-26T10:30:07.207Z,TRX,0.4534,458.8,0.33647,1357.414201
2026-09-26T10:30:07.207Z,BNB,0.0944,1050000,772.8,1357.414201
2026-09-26T10:30:07.207Z,WLD,0.4006,663.3,0.4867,1357.414201
2026-09-26T10:30:07.207Z,FLOW,-1.0017,43.58,0.03243,1357.414201
2026-09-26T10:30:07.207Z,LINK,-0.7502,19000,14.103,1357.414201
2026-09-26T10:30:07.207Z,DOGE,-0.3003,132.6,0.09798,1357.414201
2026-09-26T10:30:07.207Z,SUI,0.56,1620,1.1868,1357.414201
2026-09-26T10:30:07.207Z,XLM,0.1856,297.2,0.21854,1357.414201
2026-09-26T10:30:07.207Z,BCH,-0.2629,457600,338,1357.414201
2026-09-26T10:30:07.207Z,AVAX,-2.4236,14220,10.736,1357.414201
2026-09-26T10:30:07.207Z,ETC,-0.7923,12800,9.505,1357.414201
2026-09-26T10:30:07.207Z,AAVE,-0.1278,209100,154.24,1357.414201
2026-09-26T10:30:07.207Z,ADA,0.4062,350,0.2568,1357.414201
2026-09-26T10:30:07.207Z,HYPE,0.2786,125000,91.831,1357.414201
2026-09-26T10:30:07.207Z,SEI,-0.4821,99.37,0.07356,1357.414201
2026-09-26T10:30:07.207Z,HBAR,-0.3625,128,0.09464,1357.414201
2026-09-26T10:30:07.207Z,ARB,-1.7367,298.5,0.22379,1357.414201
2026-09-26T10:30:07.207Z,JTO,0.1516,792.3,0.5828,1357.414201
2026-09-26T10:30:07.207Z,ONDO,0.027,760.9,0.5604,1357.414201
2026-09-26T10:30:07.207Z,QTUM,0.9296,1441,1.0518,1357.414201
2026-09-26T10:30:07.207Z,PYTH,-2.7861,99.26,0.07522,1357.414201
2026-09-26T10:30:07.207Z,APT,-1.354,1143,0.8536,1357.414201
2026-09-26T10:30:07.207Z,UNI,0.4205,13240,9.713,1357.414201
2026-09-26T10:30:07.207Z,TIA,-0.6672,661.1,0.4903,1357.414201
2026-09-26T10:30:07.207Z,ALGO,-0.2827,157.8,0.11658,1357.414201
2026-09-26T10:30:07.207Z,NEAR,0.8054,6735,4.922,1357.414201
2026-09-26T10:30:07.207Z,ZIL,-5.3042,4.9,0.003812,1357.414201
2026-09-26T10:30:07.207Z,SUSHI,-2.9637,348,0.2642,1357.414201
2026-09-26T10:30:07.207Z,PENDLE,-1.2546,3422,2.553,1357.414201
2026-09-26T10:30:07.207Z,XTZ,-0.2397,444.3,0.3281,1357.414201
2026-09-26T10:30:07.207Z,W,-5.4562,16.45,0.012818,1357.414201
2026-09-26T10:30:07.207Z,AR,-6.6173,5855,4.619,1357.414201
2026-09-26T10:30:07.207Z,SHIB,0.5261,0.0081,5.936e-06,1357.414201
2026-09-26T10:30:07.207Z,CELO,0.7388,133.9,0.09792,1357.414201
2026-09-26T10:30:07.207Z,STX,0.821,470.1,0.3435,1357.414201
2026-09-26T10:30:07.207Z,JUP,-1.2538,468.2,0.3493,1357.414201
2026-09-26T10:30:07.207Z,PEPE,-0.2669,0.006,4.432e-06,1357.414201
2026-09-26T10:30:07.207Z,DYDX,-0.3758,186.2,0.13769,1357.414201
2026-09-26T10:30:07.207Z,KITE,-4.3317,176.3,0.13576,1357.414201
2026-09-26T10:30:07.207Z,CRV,0.6473,479.4,0.3509,1357.414201
2026-09-26T10:30:07.207Z,ENJ,1.7013,42.92,0.03109,1357.414201
2026-09-26T10:30:07.207Z,ATOM,-0.3674,2479,1.833,1357.414201
2026-09-26T10:30:07.207Z,ICP,1.545,4426,3.211,1357.414201
2026-09-26T10:30:07.207Z,SPACE,0.439,7.065,0.005182,1357.414201
2026-09-26T10:30:07.207Z,DOT,0.2489,1675,1.2309,1357.414201
2026-09-26T10:30:07.207Z,ETHFI,-1.4396,972.5,0.7269,1357.414201
2026-09-26T10:30:07.207Z,CC,1.458,185,0.13433,1357.414201
2026-09-26T10:30:07.207Z,SYRUP,-0.8385,296.8,0.2205,1357.414201
2026-09-26T10:30:07.207Z,TAO,-5.021,410500,318.4,1357.414201
2026-09-26T10:30:07.207Z,GRAM,-0.0164,1972,1.453,1357.414201
2026-09-26T10:30:07.207Z,RAY,5.2842,2860,2.0012,1357.414201
2026-09-26T10:30:07.207Z,RENDER,-3.8408,2621,2.008,1357.414201
2026-09-26T10:30:07.207Z,GRASS,-14.4538,610.8,0.526,1357.414201
2026-09-26T10:30:07.207Z,MINA,0.2217,192.5,0.1415,1357.414201
2026-09-26T10:30:07.207Z,POL,1.5315,163,0.11827,1357.414201
2026-09-26T10:30:07.207Z,ENA,-1.5564,380,0.28437,1357.414201
2026-09-26T10:30:07.207Z,SAND,-1.9845,60.55,0.04551,1357.414201
2026-09-26T10:30:07.207Z,AERO,-2.5987,1189,0.8993,1357.414201
2026-09-26T10:30:07.207Z,KGEN,-1.094,223,0.1661,1357.414201
2026-09-26T10:30:07.207Z,LIT,1.4466,6640,4.8219,1357.414201
2026-09-26T10:30:07.207Z,MANA,-4.1178,120,0.0922,1357.414201
2026-09-26T10:30:07.207Z,BAND,-7.7026,284.9,0.2274,1357.414201
2026-09-26T10:30:07.207Z,APE,-1.2916,208.7,0.15576,1357.414201
2026-09-26T10:30:07.207Z,GMT,-0.8439,11.94,0.008871,1357.414201
2026-09-26T10:30:07.207Z,VIRTUAL,-0.1344,1072,0.7908,1357.414201
2026-09-26T10:30:07.207Z,LPT,-5.7347,2261,1.767,1357.414201
2026-09-26T10:30:07.207Z,DATA,0.8831,308.8,0.2255,1357.414201
2026-09-26T10:30:07.207Z,THETA,-4.35,302,0.2326,1357.414201
2026-09-26T10:30:07.207Z,GRT,-1.6516,37.5,0.02809,1357.414201
2026-09-26T10:30:07.207Z,LAYER,-3.9953,106.9,0.08203,1357.414201
2026-09-26T10:30:07.207Z,NMR,-1.1567,13130,9.786,1357.414201
2026-09-26T10:30:07.207Z,EIGEN,-10.411,321.9,0.2647,1357.414201
2026-09-26T10:30:07.207Z,BAT,-2.3413,125.1,0.09437,1357.414201
2026-09-26T10:30:07.207Z,SPK,-1.0871,32.64,0.02431,1357.414201
2026-09-26T10:30:07.207Z,PUMP,-12.9496,5.276,0.004465,1357.414201
2026-09-26T10:30:07.207Z,KMNO,0.7994,59.93,0.0438,1357.414201
2026-09-26T10:30:07.207Z,CHZ,-0.6278,22.54,0.01671,1357.414201
2026-09-26T10:30:07.207Z,PENGU,0.1685,13.82,0.010164,1357.414201
2026-09-26T10:30:07.207Z,OP,-1.1924,194.8,0.14524,1357.414201
2026-09-26T10:30:07.207Z,UMA,0.4153,571.8,0.4195,1357.414201
2026-09-26T10:30:07.207Z,ZRO,0.4541,2125,1.5584,1357.414201
2026-09-26T10:30:07.207Z,S,-0.0315,56.03,0.04129,1357.414201
2026-09-26T10:30:07.207Z,IMX,0.692,229.2,0.16769,1357.414201
2026-09-26T10:30:07.207Z,A,-0.8213,138.1,0.10258,1357.414201
2026-09-26T10:30:07.207Z,ATH,-2.181,8.652,0.006516,1357.414201
2026-09-26T10:30:07.207Z,COMP,7.1919,34950,24.02,1357.414201
2026-09-26T10:30:07.207Z,CVX,-5.4551,2654,2.068,1357.414201
2026-09-26T10:30:07.207Z,AXS,0.5424,1632,1.1958,1357.414201
2026-09-26T10:30:07.207Z,WCT,-1.5229,58.83,0.04401,1357.414201
2026-09-26T10:30:07.207Z,ME,0.0828,107.8,0.07935,1357.414201
2026-09-26T10:30:07.207Z,ASTER,0.7823,1004,0.7339,1357.414201
2026-09-26T10:30:07.207Z,GMX,0.2592,11210,8.237,1357.414201
2026-09-26T10:30:07.207Z,MORPHO,2.315,3810,2.7433,1357.414201
2026-09-26T10:30:07.207Z,MON,-3.1203,35.02,0.02663,1357.414201
2026-09-26T10:30:07.207Z,1INCH,-2.3459,136.6,0.10305,1357.414201
2026-09-26T10:30:07.207Z,SKY,-0.2451,107,0.07902,1357.414201
2026-09-26T10:30:07.207Z,YGG,-4.1273,36.53,0.02807,1357.414201
2026-09-26T10:30:07.207Z,BIO,-1.1848,44.72,0.03334,1357.414201
2026-09-26T10:30:07.207Z,MOVE,-5.8292,12.54,0.00981,1357.414201
2026-09-26T10:30:07.207Z,GALA,-12.0384,2.628,0.002201,1357.414201
2026-09-26T10:30:07.207Z,ZK,-2.6375,17.14,0.012969,1357.414201
2026-09-26T10:30:07.207Z,ENS,-0.3149,9610,7.102,1357.414201
2026-09-26T10:30:07.207Z,INJ,3.6858,11040,7.844,1357.414201
2026-09-26T10:30:07.207Z,KAITO,-3.1991,480,0.3653,1357.414201
2026-09-26T10:30:07.207Z,LDO,-2.8107,650,0.4927,1357.414201
2026-09-26T10:30:07.207Z,BLUR,-2.8996,28.18,0.02138,1357.414201
2026-09-26T10:30:07.207Z,AUCTION,-2.5656,5170,3.909,1357.414201
2026-09-26T10:30:07.207Z,ZETA,0.2291,74.72,0.05492,1357.414201
2026-09-26T10:30:07.207Z,WIF,-3.2401,325.6,0.2479,1357.414201
2026-09-26T10:30:07.207Z,KSM,-0.0789,6425,4.737,1357.414201
2026-09-26T10:35:07.057Z,BTC,0.3377,114511000,84075.7,1357.414201
2026-09-26T10:35:07.057Z,XRP,0.3307,2107,1.5471,1357.414201
2026-09-26T10:35:07.057Z,SOL,0.3221,164000,120.43,1357.414201
2026-09-26T10:35:07.057Z,ETH,0.3403,3658000,2685.69,1357.414201
2026-09-26T10:35:07.057Z,FIL,0.2767,1480,1.0873,1357.414201
2026-09-26T10:35:07.057Z,TRX,0.4057,458.8,0.33663,1357.414201
2026-09-26T10:35:07.057Z,BNB,0.1203,1050000,772.6,1357.414201
2026-09-26T10:35:07.057Z,WLD,0.3486,665,0.4882,1357.414201
2026-09-26T10:35:07.057Z,FLOW,-0.7875,43.58,0.03236,1357.414201
2026-09-26T10:35:07.057Z,LINK,0.5367,19260,14.113,1357.414201
2026-09-26T10:35:07.057Z,DOGE,0.3012,133.4,0.09798,1357.414201
2026-09-26T10:35:07.057Z,SUI,0.2179,1610,1.1835,1357.414201
2026-09-26T10:35:07.057Z,XLM,0.3725,297.4,0.21828,1357.414201
2026-09-26T10:35:07.057Z,BCH,-0.2333,457600,337.9,1357.414201
2026-09-26T10:35:07.057Z,AVAX,-0.0107,14630,10.779,1357.414201
2026-09-26T10:35:07.057Z,ETC,-0.761,12800,9.502,1357.414201
2026-09-26T10:35:07.057Z,AAVE,-0.2248,209100,154.39,1357.414201
2026-09-26T10:35:07.057Z,ADA,0.4062,350,0.2568,1357.414201
2026-09-26T10:35:07.057Z,HYPE,0.3092,125000,91.803,1357.414201
2026-09-26T10:35:07.057Z,SEI,-0.455,99.37,0.07354,1357.414201
2026-09-26T10:35:07.057Z,HBAR,-0.2782,128,0.09456,1357.414201
2026-09-26T10:35:07.057Z,ARB,-0.008,305,0.22471,1357.414201
2026-09-26T10:35:07.057Z,JTO,0.4618,792.3,0.581,1357.414201
2026-09-26T10:35:07.057Z,ONDO,0.033,754.7,0.5558,1357.414201
2026-09-26T10:35:07.057Z,QTUM,0.8433,1441,1.0527,1357.414201
2026-09-26T10:35:07.057Z,PYTH,-2.9667,99.26,0.07536,1357.414201
2026-09-26T10:35:07.057Z,APT,-1.2615,1143,0.8528,1357.414201
2026-09-26T10:35:07.057Z,UNI,0.5343,13240,9.702,1357.414201
2026-09-26T10:35:07.057Z,TIA,-0.95,661.1,0.4917,1357.414201
2026-09-26T10:35:07.057Z,ALGO,-0.4194,157.8,0.11674,1357.414201
2026-09-26T10:35:07.057Z,NEAR,1.0929,6735,4.908,1357.414201
2026-09-26T10:35:07.057Z,ZIL,-5.3042,4.9,0.003812,1357.414201
2026-09-26T10:35:07.057Z,SUSHI,-2.9637,348,0.2642,1357.414201
2026-09-26T10:35:07.057Z,PENDLE,-1.4861,3422,2.559,1357.414201
2026-09-26T10:35:07.057Z,XTZ,-0.2701,444.3,0.3282,1357.414201
2026-09-26T10:35:07.057Z,W,-5.7136,16.45,0.012853,1357.414201
2026-09-26T10:35:07.057Z,AR,-6.6981,5855,4.623,1357.414201
2026-09-26T10:35:07.057Z,SHIB,0.4922,0.0081,5.938e-06,1357.414201
2026-09-26T10:35:07.057Z,CELO,1.0484,133.9,0.09762,1357.414201
2026-09-26T10:35:07.057Z,STX,0.9386,470.1,0.3431,1357.414201
2026-09-26T10:35:07.057Z,JUP,-1.3103,468.2,0.3495,1357.414201
2026-09-26T10:35:07.057Z,PEPE,-0.2219,0.006,4.43e-06,1357.414201
2026-09-26T10:35:07.057Z,DYDX,-0.5347,186.2,0.13791,1357.414201
2026-09-26T10:35:07.057Z,KITE,-4.3035,176.3,0.13572,1357.414201
2026-09-26T10:35:07.057Z,CRV,0.447,479.4,0.3516,1357.414201
2026-09-26T10:35:07.057Z,ENJ,1.4078,42.92,0.03118,1357.414201
2026-09-26T10:35:07.057Z,ATOM,-0.204,2479,1.83,1357.414201
2026-09-26T10:35:07.057Z,ICP,1.6717,4426,3.207,1357.414201
2026-09-26T10:35:07.057Z,SPACE,0.6332,7.065,0.005172,1357.414201
2026-09-26T10:35:07.057Z,DOT,0.1269,1675,1.2324,1357.414201
2026-09-26T10:35:07.057Z,ETHFI,-1.8984,972.5,0.7303,1357.414201
2026-09-26T10:35:07.057Z,CC,1.1118,185,0.13479,1357.414201
2026-09-26T10:35:07.057Z,SYRUP,-1.197,296.8,0.2213,1357.414201
2026-09-26T10:35:07.057Z,TAO,-5.2887,410500,319.3,1357.414201
2026-09-26T10:35:07.057Z,GRAM,0.0525,1972,1.452,1357.414201
2026-09-26T10:35:07.057Z,RAY,5.1371,2860,2.004,1357.414201
2026-09-26T10:35:07.057Z,RENDER,-3.5526,2621,2.002,1357.414201
2026-09-26T10:35:07.057Z,GRASS,-14.2418,610.8,0.5247,1357.414201
2026-09-26T10:35:07.057Z,MINA,-0.3627,192.5,0.14233,1357.414201
2026-09-26T10:35:07.057Z,POL,1.6346,163,0.11815,1357.414201
2026-09-26T10:35:07.057Z,ENA,-1.2578,380,0.28351,1357.414201
2026-09-26T10:35:07.057Z,SAND,-2.2636,60.55,0.04564,1357.414201
2026-09-26T10:35:07.057Z,AERO,-3.0729,1189,0.9037,1357.414201
2026-09-26T10:35:07.057Z,KGEN,-1.094,223,0.1661,1357.414201
2026-09-26T10:35:07.057Z,LIT,0.393,6560,4.8138,1357.414201
2026-09-26T10:35:07.057Z,MANA,-4.2217,120,0.0923,1357.414201
2026-09-26T10:35:07.057Z,BAND,-7.7431,284.9,0.2275,1357.414201
2026-09-26T10:35:07.057Z,APE,-1.3043,208.7,0.15578,1357.414201
2026-09-26T10:35:07.057Z,GMT,-0.9221,11.94,0.008878,1357.414201
2026-09-26T10:35:07.057Z,VIRTUAL,0.1315,1072,0.7887,1357.414201
2026-09-26T10:35:07.057Z,LPT,-5.7347,2261,1.767,1357.414201
2026-09-26T10:35:07.057Z,DATA,0.9278,308.8,0.2254,1357.414201
2026-09-26T10:35:07.057Z,THETA,-4.5142,302,0.233,1357.414201
2026-09-26T10:35:07.057Z,GRT,-1.2297,37.5,0.02797,1357.414201
2026-09-26T10:35:07.057Z,LAYER,-4.0888,106.9,0.08211,1357.414201
2026-09-26T10:35:07.057Z,NMR,-1.2173,13130,9.792,1357.414201
2026-09-26T10:35:07.057Z,EIGEN,-10.5462,321.9,0.2651,1357.414201
2026-09-26T10:35:07.057Z,BAT,-2.2481,125.1,0.09428,1357.414201
2026-09-26T10:35:07.057Z,SPK,-1.1278,32.64,0.02432,1357.414201
2026-09-26T10:35:07.057Z,PUMP,-13.0469,5.276,0.00447,1357.414201
2026-09-26T10:35:07.057Z,KMNO,1.4479,59.93,0.04352,1357.414201
2026-09-26T10:35:07.057Z,CHZ,-0.9833,22.54,0.01677,1357.414201
2026-09-26T10:35:07.057Z,PENGU,0.3758,13.82,0.010143,1357.414201
2026-09-26T10:35:07.057Z,OP,-1.6529,194.8,0.14592,1357.414201
2026-09-26T10:35:07.057Z,UMA,0.2957,571.8,0.42,1357.414201
2026-09-26T10:35:07.057Z,ZRO,0.2482,2125,1.5616,1357.414201
2026-09-26T10:35:07.057Z,S,-0.0557,56.03,0.0413,1357.414201
2026-09-26T10:35:07.057Z,IMX,0.5242,229.2,0.16797,1357.414201
2026-09-26T10:35:07.057Z,A,-0.8696,138.1,0.10263,1357.414201
2026-09-26T10:35:07.057Z,ATH,-1.9704,8.652,0.006502,1357.414201
2026-09-26T10:35:07.057Z,COMP,7.1027,34950,24.04,1357.414201
2026-09-26T10:35:07.057Z,CVX,-5.3636,2654,2.066,1357.414201
2026-09-26T10:35:07.057Z,AXS,0.6771,1632,1.1942,1357.414201
2026-09-26T10:35:07.057Z,WCT,-1.4782,58.83,0.04399,1357.414201
2026-09-26T10:35:07.057Z,ME,0.0702,107.8,0.07936,1357.414201
2026-09-26T10:35:07.057Z,ASTER,0.7961,1004,0.7338,1357.414201
2026-09-26T10:35:07.057Z,GMX,0.2957,11210,8.234,1357.414201
2026-09-26T10:35:07.057Z,MORPHO,2.442,3810,2.7399,1357.414201
2026-09-26T10:35:07.057Z,MON,-2.9746,35.02,0.02659,1357.414201
2026-09-26T10:35:07.057Z,1INCH,-2.4595,136.6,0.10317,1357.414201
2026-09-26T10:35:07.057Z,SKY,-0.1566,107,0.07895,1357.414201
2026-09-26T10:35:07.057Z,YGG,-4.1615,36.53,0.02808,1357.414201
2026-09-26T10:35:07.057Z,BIO,-0.4683,44.72,0.0331,1357.414201
2026-09-26T10:35:07.057Z,MOVE,-5.9347,12.54,0.009821,1357.414201
2026-09-26T10:35:07.057Z,GALA,-12.8305,2.628,0.002221,1357.414201
2026-09-26T10:35:07.057Z,ZK,-3.3159,17.14,0.01306,1357.414201
2026-09-26T10:35:07.057Z,ENS,-0.3289,9610,7.103,1357.414201
2026-09-26T10:35:07.057Z,INJ,3.8446,11040,7.832,1357.414201
2026-09-26T10:35:07.057Z,KAITO,-3.2786,480,0.3656,1357.414201
2026-09-26T10:35:07.057Z,LDO,-2.5536,650,0.4914,1357.414201
2026-09-26T10:35:07.057Z,BLUR,-2.9904,28.18,0.0214,1357.414201
2026-09-26T10:35:07.057Z,AUCTION,-2.5406,5170,3.908,1357.414201
2026-09-26T10:35:07.057Z,ZETA,-0.0983,74.72,0.0551,1357.414201
2026-09-26T10:35:07.057Z,WIF,-3.2401,325.6,0.2479,1357.414201
2026-09-26T10:35:07.057Z,KSM,-0.3314,6425,4.749,1357.414201
2026-09-26T10:40:06.979Z,BTC,0.288,114467000,84085.1,1357.414201
2026-09-26T10:40:06.979Z,XRP,0.2464,2107,1.5484,1357.414201
2026-09-26T10:40:06.979Z,SOL,0.2472,164000,120.52,1357.414201
2026-09-26T10:40:06.979Z,ETH,0.3213,3658000,2686.2,1357.414201
2026-09-26T10:40:06.979Z,FIL,0.1937,1480,1.0882,1357.414201
2026-09-26T10:40:06.979Z,TRX,0.4027,458.8,0.33664,1357.414201
2026-09-26T10:40:06.979Z,BNB,0.0944,1050000,772.8,1357.414201
2026-09-26T10:40:06.979Z,WLD,0.1324,661.8,0.4869,1357.414201
2026-09-26T10:40:06.979Z,FLOW,-1.1541,43.58,0.03248,1357.414201
2026-09-26T10:40:06.979Z,LINK,0.3376,19260,14.141,1357.414201
2026-09-26T10:40:06.979Z,DOGE,0.4139,133.4,0.09787,1357.414201
2026-09-26T10:40:06.979Z,SUI,0.3193,1607,1.1801,1357.414201
2026-09-26T10:40:06.979Z,XLM,0.3265,297.4,0.21838,1357.414201
2026-09-26T10:40:06.979Z,BCH,-0.2629,457600,338,1357.414201
2026-09-26T10:40:06.979Z,AVAX,0.2404,14630,10.752,1357.414201
2026-09-26T10:40:06.979Z,ETC,-0.8027,12800,9.506,1357.414201
2026-09-26T10:40:06.979Z,AAVE,-0.3797,209100,154.63,1357.414201
2026-09-26T10:40:06.979Z,ADA,0.4453,350,0.2567,1357.414201
2026-09-26T10:40:06.979Z,HYPE,0.2022,125000,91.901,1357.414201
2026-09-26T10:40:06.979Z,SEI,-0.2923,99.37,0.07342,1357.414201
2026-09-26T10:40:06.979Z,HBAR,-0.2254,128,0.09451,1357.414201
2026-09-26T10:40:06.979Z,ARB,0.2496,305.5,0.2245,1357.414201
2026-09-26T10:40:06.979Z,JTO,0.3755,792.3,0.5815,1357.414201
2026-09-26T10:40:06.979Z,ONDO,0.2856,754.7,0.5544,1357.414201
2026-09-26T10:40:06.979Z,QTUM,0.9008,1441,1.0521,1357.414201
2026-09-26T10:40:06.979Z,PYTH,-3.0824,99.26,0.07545,1357.414201
2026-09-26T10:40:06.979Z,APT,-1.1456,1143,0.8518,1357.414201
2026-09-26T10:40:06.979Z,UNI,0.2719,13200,9.698,1357.414201
2026-09-26T10:40:06.979Z,TIA,-0.9903,661.1,0.4919,1357.414201
2026-09-26T10:40:06.979Z,ALGO,-0.717,157.8,0.11709,1357.414201
2026-09-26T10:40:06.979Z,NEAR,1.1341,6735,4.906,1357.414201
2026-09-26T10:40:06.979Z,ZIL,-5.4034,4.9,0.003816,1357.414201
2026-09-26T10:40:06.979Z,SUSHI,-3.0738,348,0.2645,1357.414201
2026-09-26T10:40:06.979Z,PENDLE,-1.4091,3422,2.557,1357.414201
2026-09-26T10:40:06.979Z,XTZ,-0.0875,444.3,0.3276,1357.414201
2026-09-26T10:40:06.979Z,W,-5.4266,16.45,0.012814,1357.414201
2026-09-26T10:40:06.979Z,AR,-6.6173,5855,4.619,1357.414201
2026-09-26T10:40:06.979Z,SHIB,0.5939,0.0081,5.932e-06,1357.414201
2026-09-26T10:40:06.979Z,CELO,0.9553,133.9,0.09771,1357.414201
2026-09-26T10:40:06.979Z,STX,0.5868,470.1,0.3443,1357.414201
2026-09-26T10:40:06.979Z,JUP,-1.3385,468.2,0.3496,1357.414201
2026-09-26T10:40:06.979Z,PEPE,-0.2669,0.006,4.432e-06,1357.414201
2026-09-26T10:40:06.979Z,DYDX,-0.1219,186.2,0.13734,1357.414201
2026-09-26T10:40:06.979Z,KITE,-4.2471,176.3,0.13564,1357.414201
2026-09-26T10:40:06.979Z,CRV,0.5327,479.4,0.3513,1357.414201
2026-09-26T10:40:06.979Z,ENJ,1.7013,42.92,0.03109,1357.414201
2026-09-26T10:40:06.979Z,ATOM,-0.204,2479,1.83,1357.414201
2026-09-26T10:40:06.979Z,ICP,1.5767,4426,3.21,1357.414201
2026-09-26T10:40:06.979Z,SPACE,0.6332,7.065,0.005172,1357.414201
2026-09-26T10:40:06.979Z,DOT,0.0782,1675,1.233,1357.414201
2026-09-26T10:40:06.979Z,ETHFI,-2.3397,972.5,0.7336,1357.414201
2026-09-26T10:40:06.979Z,CC,1.4354,185,0.13436,1357.414201
2026-09-26T10:40:06.979Z,SYRUP,-0.9733,296.8,0.2208,1357.414201
2026-09-26T10:40:06.979Z,TAO,-5.2293,410500,319.1,1357.414201
2026-09-26T10:40:06.979Z,GRAM,0.0525,1972,1.452,1357.414201
2026-09-26T10:40:06.979Z,RAY,4.7138,2860,2.0121,1357.414201
2026-09-26T10:40:06.979Z,RENDER,-3.5526,2621,2.002,1357.414201
2026-09-26T10:40:06.979Z,GRASS,-14.2745,610.8,0.5249,1357.414201
2026-09-26T10:40:06.979Z,MINA,-0.5932,192.5,0.14266,1357.414201
2026-09-26T10:40:06.979Z,POL,1.6174,163,0.11817,1357.414201
2026-09-26T10:40:06.979Z,ENA,-1.2125,380,0.28338,1357.414201
2026-09-26T10:40:06.979Z,SAND,-2.092,60.55,0.04556,1357.414201
2026-09-26T10:40:06.979Z,AERO,-3.9129,1189,0.9116,1357.414201
2026-09-26T10:40:06.979Z,KGEN,-0.8552,223,0.1657,1357.414201
2026-09-26T10:40:06.979Z,LIT,0.3867,6560,4.8141,1357.414201
2026-09-26T10:40:06.979Z,MANA,-4.3253,120,0.0924,1357.414201
2026-09-26T10:40:06.979Z,BAND,-7.7026,284.9,0.2274,1357.414201
2026-09-26T10:40:06.979Z,APE,-1.3169,208.7,0.1558,1357.414201
2026-09-26T10:40:06.979Z,GMT,-0.8886,11.94,0.008875,1357.414201
2026-09-26T10:40:06.979Z,VIRTUAL,0.1061,1072,0.7889,1357.414201
2026-09-26T10:40:06.979Z,LPT,-5.8413,2261,1.769,1357.414201
2026-09-26T10:40:06.979Z,DATA,0.8384,308.8,0.2256,1357.414201
2026-09-26T10:40:06.979Z,THETA,-4.4732,302,0.2329,1357.414201
2026-09-26T10:40:06.979Z,GRT,-1.5114,37.5,0.02805,1357.414201
2026-09-26T10:40:06.979Z,LAYER,-3.9836,106.9,0.08202,1357.414201
2026-09-26T10:40:06.979Z,NMR,-1.2576,13130,9.796,1357.414201
2026-09-26T10:40:06.979Z,EIGEN,-10.5799,321.9,0.2652,1357.414201
2026-09-26T10:40:06.979Z,BAT,-2.8253,125.1,0.09484,1357.414201
2026-09-26T10:40:06.979Z,SPK,-1.0464,32.64,0.0243,1357.414201
2026-09-26T10:40:06.979Z,PUMP,-13.0469,5.276,0.00447,1357.414201
2026-09-26T10:40:06.979Z,KMNO,0.7534,59.93,0.04382,1357.414201
2026-09-26T10:40:06.979Z,CHZ,-0.6872,22.54,0.01672,1357.414201
2026-09-26T10:40:06.979Z,PENGU,0.5047,13.82,0.01013,1357.414201
2026-09-26T10:40:06.979Z,OP,-1.5787,194.8,0.14581,1357.414201
2026-09-26T10:40:06.979Z,UMA,0.2957,571.8,0.42,1357.414201
2026-09-26T10:40:06.979Z,ZRO,0.12,2125,1.5636,1357.414201
2026-09-26T10:40:06.979Z,S,-0.0799,56.03,0.04131,1357.414201
2026-09-26T10:40:06.979Z,IMX,0.698,229.2,0.16768,1357.414201
2026-09-26T10:40:06.979Z,A,-0.8985,138.1,0.10266,1357.414201
2026-09-26T10:40:06.979Z,ATH,-2.316,8.652,0.006525,1357.414201
2026-09-26T10:40:06.979Z,COMP,7.1027,34950,24.04,1357.414201
2026-09-26T10:40:06.979Z,CVX,-5.3178,2654,2.065,1357.414201
2026-09-26T10:40:06.979Z,AXS,0.6771,1632,1.1942,1357.414201
2026-09-26T10:40:06.979Z,WCT,-1.5677,58.83,0.04403,1357.414201
2026-09-26T10:40:06.979Z,ME,0.247,107.8,0.07922,1357.414201
2026-09-26T10:40:06.979Z,ASTER,0.9199,1004,0.7329,1357.414201
2026-09-26T10:40:06.979Z,GMX,0.3445,11210,8.23,1357.414201
2026-09-26T10:40:06.979Z,MORPHO,2.528,3810,2.7376,1357.414201
2026-09-26T10:40:06.979Z,MON,-3.0111,35.02,0.0266,1357.414201
2026-09-26T10:40:06.979Z,1INCH,-2.4217,136.6,0.10313,1357.414201
2026-09-26T10:40:06.979Z,SKY,-0.144,107,0.07894,1357.414201
2026-09-26T10:40:06.979Z,YGG,-4.2297,36.53,0.0281,1357.414201
2026-09-26T10:40:06.979Z,BIO,-0.4081,44.72,0.03308,1357.414201
2026-09-26T10:40:06.979Z,MOVE,-5.9347,12.54,0.009821,1357.414201
2026-09-26T10:40:06.979Z,GALA,-12.5549,2.628,0.002214,1357.414201
2026-09-26T10:40:06.979Z,ZK,-3.0858,17.14,0.013029,1357.414201
2026-09-26T10:40:06.979Z,ENS,-0.3008,9610,7.101,1357.414201
2026-09-26T10:40:06.979Z,INJ,3.5801,11040,7.852,1357.414201
2026-09-26T10:40:06.979Z,KAITO,-3.4634,480,0.3663,1357.414201
2026-09-26T10:40:06.979Z,LDO,-2.6131,650,0.4917,1357.414201
2026-09-26T10:40:06.979Z,BLUR,-2.8996,28.18,0.02138,1357.414201
2026-09-26T10:40:06.979Z,AUCTION,-2.6403,5170,3.912,1357.414201
2026-09-26T10:40:06.979Z,ZETA,0.047,74.72,0.05502,1357.414201
2026-09-26T10:40:06.979Z,WIF,-3.3181,325.6,0.2481,1357.414201
2026-09-26T10:40:06.979Z,KSM,-0.2894,6425,4.747,1357.414201
2026-09-26T10:45:06.960Z,BTC,0.2461,114460000,84115.1,1357.414201
2026-09-26T10:45:06.960Z,XRP,0.2141,2107,1.5489,1357.414201
2026-09-26T10:45:06.960Z,SOL,0.2389,164000,120.53,1357.414201
2026-09-26T10:45:06.960Z,ETH,0.2444,3656000,2686.79,1357.414201
2026-09-26T10:45:06.960Z,FIL,0.3505,1480,1.0865,1357.414201
2026-09-26T10:45:06.960Z,TRX,0.4116,458.8,0.33661,1357.414201
2026-09-26T10:45:06.960Z,BNB,0.0685,1050000,773,1357.414201
2026-09-26T10:45:06.960Z,WLD,0.1917,659.2,0.4847,1357.414201
2026-09-26T10:45:06.960Z,FLOW,-1.0627,43.58,0.03245,1357.414201
2026-09-26T10:45:06.960Z,LINK,0.4442,19260,14.126,1357.414201
2026-09-26T10:45:06.960Z,DOGE,0.4344,133.4,0.09785,1357.414201
2026-09-26T10:45:06.960Z,SUI,0.1805,1606,1.181,1357.414201
2026-09-26T10:45:06.960Z,XLM,0.3909,297.4,0.21824,1357.414201
2026-09-26T10:45:06.960Z,BCH,-0.2333,457600,337.9,1357.414201
2026-09-26T10:45:06.960Z,AVAX,0.3337,14630,10.742,1357.414201
2026-09-26T10:45:06.960Z,ETC,-0.8027,12800,9.506,1357.414201
2026-09-26T10:45:06.960Z,AAVE,-0.3346,209100,154.56,1357.414201
2026-09-26T10:45:06.960Z,ADA,0.4845,350,0.2566,1357.414201
2026-09-26T10:45:06.960Z,HYPE,0.1597,125000,91.94,1357.414201
2026-09-26T10:45:06.960Z,SEI,-0.3738,99.37,0.07348,1357.414201
2026-09-26T10:45:06.960Z,HBAR,-0.1409,128,0.09443,1357.414201
2026-09-26T10:45:06.960Z,ARB,0.5362,305.5,0.22386,1357.414201
2026-09-26T10:45:06.960Z,JTO,0.1687,792.3,0.5827,1357.414201
2026-09-26T10:45:06.960Z,ONDO,0.4487,754.7,0.5535,1357.414201
2026-09-26T10:45:06.960Z,QTUM,0.9776,1441,1.0513,1357.414201
2026-09-26T10:45:06.960Z,PYTH,-3.0824,99.26,0.07545,1357.414201
2026-09-26T10:45:06.960Z,APT,-1.041,1143,0.8509,1357.414201
2026-09-26T10:45:06.960Z,UNI,0.0965,13200,9.715,1357.414201
2026-09-26T10:45:06.960Z,TIA,-1.1711,661.1,0.4928,1357.414201
2026-09-26T10:45:06.960Z,ALGO,-0.6406,157.8,0.117,1357.414201
2026-09-26T10:45:06.960Z,NEAR,1.5481,6735,4.886,1357.414201
2026-09-26T10:45:06.960Z,ZIL,-5.7246,4.9,0.003829,1357.414201
2026-09-26T10:45:06.960Z,SUSHI,-3.0738,348,0.2645,1357.414201
2026-09-26T10:45:06.960Z,PENDLE,-1.4861,3422,2.559,1357.414201
2026-09-26T10:45:06.960Z,XTZ,-0.1789,444.3,0.3279,1357.414201
2026-09-26T10:45:06.960Z,W,-5.6549,16.45,0.012845,1357.414201
2026-09-26T10:45:06.960Z,AR,-6.7787,5855,4.627,1357.414201
2026-09-26T10:45:06.960Z,SHIB,0.6278,0.0081,5.93e-06,1357.414201
2026-09-26T10:45:06.960Z,CELO,0.9967,133.9,0.09767,1357.414201
2026-09-26T10:45:06.960Z,STX,0.8504,470.1,0.3434,1357.414201
2026-09-26T10:45:06.960Z,JUP,-1.2821,468.2,0.3494,1357.414201
2026-09-26T10:45:06.960Z,PEPE,-0.2444,0.006,4.431e-06,1357.414201
2026-09-26T10:45:06.960Z,DYDX,-0.2889,186.2,0.13757,1357.414201
2026-09-26T10:45:06.960Z,KITE,-4.0844,176.3,0.13541,1357.414201
2026-09-26T10:45:06.960Z,CRV,0.5327,479.4,0.3513,1357.414201
2026-09-26T10:45:06.960Z,ENJ,1.213,42.92,0.03124,1357.414201
2026-09-26T10:45:06.960Z,ATOM,-0.0948,2479,1.828,1357.414201
2026-09-26T10:45:06.960Z,ICP,1.7351,4426,3.205,1357.414201
2026-09-26T10:45:06.960Z,SPACE,0.4972,7.065,0.005179,1357.414201
2026-09-26T10:45:06.960Z,DOT,0.2733,1675,1.2306,1357.414201
2026-09-26T10:45:06.960Z,ETHFI,-2.1129,972.5,0.7319,1357.414201
2026-09-26T10:45:06.960Z,CC,1.2996,185,0.13454,1357.414201
2026-09-26T10:45:06.960Z,SYRUP,-0.6583,296.8,0.2201,1357.414201
2026-09-26T10:45:06.960Z,TAO,-5.021,410500,318.4,1357.414201
2026-09-26T10:45:06.960Z,GRAM,0.1905,1972,1.45,1357.414201
2026-09-26T10:45:06.960Z,RAY,4.3663,2860,2.0188,1357.414201
2026-09-26T10:45:06.960Z,RENDER,-3.4561,2621,2,1357.414201
2026-09-26T10:45:06.960Z,GRASS,-14.4212,610.8,0.5258,1357.414201
2026-09-26T10:45:06.960Z,MINA,-0.9265,192.5,0.14314,1357.414201
2026-09-26T10:45:06.960Z,POL,1.3173,163,0.11852,1357.414201
2026-09-26T10:45:06.960Z,ENA,-0.8872,380,0.28245,1357.414201
2026-09-26T10:45:06.960Z,SAND,-2.049,60.55,0.04554,1357.414201
2026-09-26T10:45:06.960Z,AERO,-3.9129,1189,0.9116,1357.414201
2026-09-26T10:45:06.960Z,KGEN,-0.6754,223,0.1654,1357.414201
2026-09-26T10:45:06.960Z,LIT,0.3847,6560,4.8142,1357.414201
2026-09-26T10:45:06.960Z,MANA,-4.3357,120,0.09241,1357.414201
2026-09-26T10:45:06.960Z,BAND,-7.7026,284.9,0.2274,1357.414201
2026-09-26T10:45:06.960Z,APE,-1.1964,208.7,0.15561,1357.414201
2026-09-26T10:45:06.960Z,GMT,-0.8216,11.94,0.008869,1357.414201
2026-09-26T10:45:06.960Z,VIRTUAL,0.2713,1072,0.7876,1357.414201
2026-09-26T10:45:06.960Z,LPT,-5.5209,2261,1.763,1357.414201
2026-09-26T10:45:06.960Z,DATA,0.8384,308.8,0.2256,1357.414201
2026-09-26T10:45:06.960Z,THETA,-4.4732,302,0.2329,1357.414201
2026-09-26T10:45:06.960Z,GRT,-1.4411,37.5,0.02803,1357.414201
2026-09-26T10:45:06.960Z,LAYER,-4.0654,106.9,0.08209,1357.414201
2026-09-26T10:45:06.960Z,NMR,-1.2879,13130,9.799,1357.414201
2026-09-26T10:45:06.960Z,EIGEN,-10.4786,321.9,0.2649,1357.414201
2026-09-26T10:45:06.960Z,BAT,-2.4653,125.1,0.09449,1357.414201
2026-09-26T10:45:06.960Z,SPK,-0.9241,32.64,0.02427,1357.414201
2026-09-26T10:45:06.960Z,PUMP,-13.0664,5.276,0.004471,1357.414201
2026-09-26T10:45:06.960Z,KMNO,-0.5852,59.93,0.04441,1357.414201
2026-09-26T10:45:06.960Z,CHZ,-0.8651,22.54,0.01675,1357.414201
2026-09-26T10:45:06.960Z,PENGU,0.594,13.82,0.010121,1357.414201
2026-09-26T10:45:06.960Z,OP,-1.5179,194.8,0.14572,1357.414201
2026-09-26T10:45:06.960Z,UMA,0.2003,571.8,0.4204,1357.414201
2026-09-26T10:45:06.960Z,ZRO,0.0177,2125,1.5652,1357.414201
2026-09-26T10:45:06.960Z,S,0.0412,56.03,0.04126,1357.414201
2026-09-26T10:45:06.960Z,IMX,1.0415,229.2,0.16711,1357.414201
2026-09-26T10:45:06.960Z,A,-0.8503,138.1,0.10261,1357.414201
2026-09-26T10:45:06.960Z,ATH,-2.3609,8.652,0.006528,1357.414201
2026-09-26T10:45:06.960Z,COMP,7.0581,34950,24.05,1357.414201
2026-09-26T10:45:06.960Z,CVX,-5.2719,2654,2.064,1357.414201
2026-09-26T10:45:06.960Z,AXS,0.8545,1632,1.1921,1357.414201
2026-09-26T10:45:06.960Z,WCT,-1.7239,58.83,0.0441,1357.414201
2026-09-26T10:45:06.960Z,ME,0.2091,107.8,0.07925,1357.414201
2026-09-26T10:45:06.960Z,ASTER,1.1407,1004,0.7313,1357.414201
2026-09-26T10:45:06.960Z,GMX,0.1619,11210,8.245,1357.414201
2026-09-26T10:45:06.960Z,MORPHO,2.5243,3810,2.7377,1357.414201
2026-09-26T10:45:06.960Z,MON,-2.2393,35.02,0.02639,1357.414201
2026-09-26T10:45:06.960Z,1INCH,-2.4217,136.6,0.10313,1357.414201
2026-09-26T10:45:06.960Z,SKY,-0.0427,107,0.07886,1357.414201
2026-09-26T10:45:06.960Z,YGG,-4.3658,36.53,0.02814,1357.414201
2026-09-26T10:45:06.960Z,BIO,-0.2272,44.72,0.03302,1357.414201
2026-09-26T10:45:06.960Z,MOVE,-5.9251,12.54,0.00982,1357.414201
2026-09-26T10:45:06.960Z,GALA,-12.9872,2.628,0.002225,1357.414201
2026-09-26T10:45:06.960Z,ZK,-3.2047,17.14,0.013045,1357.414201
2026-09-26T10:45:06.960Z,ENS,-0.1884,9610,7.093,1357.414201
2026-09-26T10:45:06.960Z,INJ,4.0838,11040,7.814,1357.414201
2026-09-26T10:45:06.960Z,KAITO,-3.4371,480,0.3662,1357.414201
2026-09-26T10:45:06.960Z,LDO,-2.6922,650,0.4921,1357.414201
2026-09-26T10:45:06.960Z,BLUR,-2.672,28.18,0.02133,1357.414201
2026-09-26T10:45:06.960Z,AUCTION,-2.5157,5170,3.907,1357.414201
2026-09-26T10:45:06.960Z,ZETA,0.2656,74.72,0.0549,1357.414201
2026-09-26T10:45:06.960Z,WIF,-3.2401,325.6,0.2479,1357.414201
2026-09-26T10:45:06.960Z,KSM,-0.3733,6425,4.751,1357.414201
2026-09-26T10:50:07.051Z,BTC,0.2504,114460000,84111.5,1357.414201
2026-09-26T10:50:07.051Z,XRP,0.2011,2107,1.5491,1357.414201
2026-09-26T10:50:07.051Z,SOL,0.2888,164000,120.47,1357.414201
2026-09-26T10:50:07.051Z,ETH,0.2891,3658000,2687.06,1357.414201
2026-09-26T10:50:07.051Z,FIL,0.1569,1480,1.0886,1357.414201
2026-09-26T10:50:07.051Z,TRX,0.4116,458.8,0.33661,1357.414201
2026-09-26T10:50:07.051Z,BNB,0.0426,1050000,773.2,1357.414201
2026-09-26T10:50:07.051Z,WLD,0.1662,660.8,0.486,1357.414201
2026-09-26T10:50:07.051Z,FLOW,-0.8488,43.58,0.03238,1357.414201
2026-09-26T10:50:07.051Z,LINK,0.4655,19260,14.123,1357.414201
2026-09-26T10:50:07.051Z,DOGE,0.4139,133.4,0.09787,1357.414201
2026-09-26T10:50:07.051Z,SUI,0.0111,1606,1.183,1357.414201
2026-09-26T10:50:07.051Z,XLM,0.3311,297.4,0.21837,1357.414201
2026-09-26T10:50:07.051Z,BCH,-0.2333,457600,337.9,1357.414201
2026-09-26T10:50:07.051Z,AVAX,0.0171,14630,10.776,1357.414201
2026-09-26T10:50:07.051Z,ETC,-0.5726,12800,9.484,1357.414201
2026-09-26T10:50:07.051Z,AAVE,-0.283,209100,154.48,1357.414201
2026-09-26T10:50:07.051Z,ADA,0.4453,350,0.2567,1357.414201
2026-09-26T10:50:07.051Z,HYPE,0.6547,125600,91.927,1357.414201
2026-09-26T10:50:07.051Z,SEI,-0.725,99.37,0.07374,1357.414201
2026-09-26T10:50:07.051Z,HBAR,-0.0986,128,0.09439,1357.414201
2026-09-26T10:50:07.051Z,ARB,0.3475,304.3,0.2234,1357.414201
2026-09-26T10:50:07.051Z,JTO,0.0143,792.3,0.5836,1357.414201
2026-09-26T10:50:07.051Z,ONDO,0.6852,754.7,0.5522,1357.414201
2026-09-26T10:50:07.051Z,QTUM,0.92,1441,1.0519,1357.414201
2026-09-26T10:50:07.051Z,PYTH,-3.1466,99.26,0.0755,1357.414201
2026-09-26T10:50:07.051Z,APT,-1.2962,1143,0.8531,1357.414201
2026-09-26T10:50:07.051Z,UNI,0.4376,13200,9.682,1357.414201
2026-09-26T10:50:07.051Z,TIA,-1.9865,661.1,0.4969,1357.414201
2026-09-26T10:50:07.051Z,ALGO,-0.6406,157.8,0.117,1357.414201
2026-09-26T10:50:07.051Z,NEAR,1.5897,6735,4.884,1357.414201
2026-09-26T10:50:07.051Z,ZIL,-5.9457,4.9,0.003838,1357.414201
2026-09-26T10:50:07.051Z,SUSHI,-3.147,348,0.2647,1357.414201
2026-09-26T10:50:07.051Z,PENDLE,-1.3705,3422,2.556,1357.414201
2026-09-26T10:50:07.051Z,XTZ,-0.1484,444.3,0.3278,1357.414201
2026-09-26T10:50:07.051Z,W,-5.6549,16.45,0.012845,1357.414201
2026-09-26T10:50:07.051Z,AR,-6.819,5855,4.629,1357.414201
2026-09-26T10:50:07.051Z,SHIB,0.5939,0.0081,5.932e-06,1357.414201
2026-09-26T10:50:07.051Z,CELO,1.0795,133.9,0.09759,1357.414201
2026-09-26T10:50:07.051Z,STX,0.9092,470.1,0.3432,1357.414201
2026-09-26T10:50:07.051Z,JUP,-1.2821,468.2,0.3494,1357.414201
2026-09-26T10:50:07.051Z,PEPE,-0.2894,0.006,4.433e-06,1357.414201
2026-09-26T10:50:07.051Z,DYDX,-0.6068,186.2,0.13801,1357.414201
2026-09-26T10:50:07.051Z,KITE,-4.1269,176.3,0.13547,1357.414201
2026-09-26T10:50:07.051Z,CRV,0.5041,479.4,0.3514,1357.414201
2026-09-26T10:50:07.051Z,ENJ,0.89,42.92,0.03134,1357.414201
2026-09-26T10:50:07.051Z,ATOM,-0.3674,2479,1.833,1357.414201
2026-09-26T10:50:07.051Z,ICP,1.545,4426,3.211,1357.414201
2026-09-26T10:50:07.051Z,SPACE,0.1298,7.065,0.005198,1357.414201
2026-09-26T10:50:07.051Z,DOT,0.0052,1675,1.2339,1357.414201
2026-09-26T10:50:07.051Z,ETHFI,-1.8984,972.5,0.7303,1357.414201
2026-09-26T10:50:07.051Z,CC,0.7828,185,0.13523,1357.414201
2026-09-26T10:50:07.051Z,SYRUP,-0.7034,296.8,0.2202,1357.414201
2026-09-26T10:50:07.051Z,TAO,-4.8716,410500,317.9,1357.414201
2026-09-26T10:50:07.051Z,GRAM,-0.0164,1972,1.453,1357.414201
2026-09-26T10:50:07.051Z,RAY,4.8545,2860,2.0094,1357.414201
2026-09-26T10:50:07.051Z,RENDER,-3.4561,2621,2,1357.414201
2026-09-26T10:50:07.051Z,GRASS,-14.3561,610.8,0.5254,1357.414201
2026-09-26T10:50:07.051Z,MINA,-0.9127,192.5,0.14312,1357.414201
2026-09-26T10:50:07.051Z,POL,1.036,163,0.11885,1357.414201
2026-09-26T10:50:07.051Z,ENA,1.522,392.2,0.2846,1357.414201
2026-09-26T10:50:07.051Z,SAND,-1.9845,60.55,0.04551,1357.414201
2026-09-26T10:50:07.051Z,AERO,-4.3327,1189,0.9156,1357.414201
2026-09-26T10:50:07.051Z,KGEN,-0.6754,223,0.1654,1357.414201
2026-09-26T10:50:07.051Z,LIT,0.6774,6560,4.8002,1357.414201
2026-09-26T10:50:07.051Z,MANA,-4.3046,120,0.09238,1357.414201
2026-09-26T10:50:07.051Z,BAND,-7.8242,284.9,0.2277,1357.414201
2026-09-26T10:50:07.051Z,APE,-1.3739,208.7,0.15589,1357.414201
2026-09-26T10:50:07.051Z,GMT,-0.8551,11.94,0.008872,1357.414201
2026-09-26T10:50:07.051Z,VIRTUAL,0.2077,1072,0.7881,1357.414201
2026-09-26T10:50:07.051Z,LPT,-5.6279,2261,1.765,1357.414201
2026-09-26T10:50:07.051Z,DATA,0.6154,308.8,0.2261,1357.414201
2026-09-26T10:50:07.051Z,THETA,-4.7187,302,0.2335,1357.414201
2026-09-26T10:50:07.051Z,GRT,-1.4763,37.5,0.02804,1357.414201
2026-09-26T10:50:07.051Z,LAYER,-4.6809,106.9,0.08262,1357.414201
2026-09-26T10:50:07.051Z,NMR,-1.2979,13130,9.8,1357.414201
2026-09-26T10:50:07.051Z,EIGEN,-11.0828,321.9,0.2667,1357.414201
2026-09-26T10:50:07.051Z,BAT,-2.6199,125.1,0.09464,1357.414201
2026-09-26T10:50:07.051Z,SPK,-1.1278,32.64,0.02432,1357.414201
2026-09-26T10:50:07.051Z,PUMP,-12.9885,5.276,0.004467,1357.414201
2026-09-26T10:50:07.051Z,KMNO,-0.9865,59.93,0.04459,1357.414201
2026-09-26T10:50:07.051Z,CHZ,-0.8651,22.54,0.01675,1357.414201
2026-09-26T10:50:07.051Z,PENGU,0.3857,13.82,0.010142,1357.414201
2026-09-26T10:50:07.051Z,OP,-2.1958,194.8,0.14673,1357.414201
2026-09-26T10:50:07.051Z,UMA,0.1051,571.8,0.4208,1357.414201
2026-09-26T10:50:07.051Z,ZRO,-0.0079,2125,1.5656,1357.414201
2026-09-26T10:50:07.051Z,S,0.017,56.03,0.04127,1357.414201
2026-09-26T10:50:07.051Z,IMX,1.0536,229.2,0.16709,1357.414201
2026-09-26T10:50:07.051Z,A,-0.8696,138.1,0.10263,1357.414201
2026-09-26T10:50:07.051Z,ATH,-2.4505,8.652,0.006534,1357.414201
2026-09-26T10:50:07.051Z,COMP,7.1027,34950,24.04,1357.414201
2026-09-26T10:50:07.051Z,CVX,-5.3178,2654,2.065,1357.414201
2026-09-26T10:50:07.051Z,AXS,0.7615,1632,1.1932,1357.414201
2026-09-26T10:50:07.051Z,WCT,-1.7685,58.83,0.04412,1357.414201
2026-09-26T10:50:07.051Z,ME,-0.018,107.8,0.07943,1357.414201
2026-09-26T10:50:07.051Z,ASTER,1.2791,1004,0.7303,1357.414201
2026-09-26T10:50:07.051Z,GMX,0.0648,11210,8.253,1357.414201
2026-09-26T10:50:07.051Z,MORPHO,2.7457,3810,2.7318,1357.414201
2026-09-26T10:50:07.051Z,MON,-2.7552,35.02,0.02653,1357.414201
2026-09-26T10:50:07.051Z,1INCH,-2.4217,136.6,0.10313,1357.414201
2026-09-26T10:50:07.051Z,SKY,-0.0807,107,0.07889,1357.414201
2026-09-26T10:50:07.051Z,YGG,-4.4337,36.53,0.02816,1357.414201
2026-09-26T10:50:07.051Z,BIO,-0.1667,44.72,0.033,1357.414201
2026-09-26T10:50:07.051Z,MOVE,-6.0877,12.54,0.009837,1357.414201
2026-09-26T10:50:07.051Z,GALA,-12.8698,2.628,0.002222,1357.414201
2026-09-26T10:50:07.051Z,ZK,-3.0114,17.14,0.013019,1357.414201
2026-09-26T10:50:07.051Z,ENS,-0.2306,9610,7.096,1357.414201
2026-09-26T10:50:07.051Z,INJ,3.8579,11040,7.831,1357.414201
2026-09-26T10:50:07.051Z,KAITO,-3.2521,480,0.3655,1357.414201
2026-09-26T10:50:07.051Z,LDO,-2.6329,650,0.4918,1357.414201
2026-09-26T10:50:07.051Z,BLUR,-2.7176,28.18,0.02134,1357.414201
2026-09-26T10:50:07.051Z,AUCTION,-2.5905,5170,3.91,1357.414201
2026-09-26T10:50:07.051Z,ZETA,0.1197,74.72,0.05498,1357.414201
2026-09-26T10:50:07.051Z,WIF,-3.5125,325.6,0.2486,1357.414201
2026-09-26T10:50:07.051Z,KSM,-0.2053,6425,4.743,1357.414201
2026-09-26T10:55:06.957Z,BTC,0.3205,114520000,84096.8,1357.414201
2026-09-26T10:55:06.957Z,XRP,0.3092,2109,1.5489,1357.414201
2026-09-26T10:55:06.957Z,SOL,0.2972,164000,120.46,1357.414201
2026-09-26T10:55:06.957Z,ETH,0.2948,3656000,2685.44,1357.414201
2026-09-26T10:55:06.957Z,FIL,-0.0123,1487,1.0956,1357.414201
2026-09-26T10:55:06.957Z,TRX,0.4116,458.8,0.33661,1357.414201
2026-09-26T10:55:06.957Z,BNB,0.0556,1050000,773.1,1357.414201
2026-09-26T10:55:06.957Z,WLD,0.2968,660.3,0.485,1357.414201
2026-09-26T10:55:06.957Z,FLOW,-1.1236,43.58,0.03247,1357.414201
2026-09-26T10:55:06.957Z,LINK,0.203,19260,14.16,1357.414201
2026-09-26T10:55:06.957Z,DOGE,0.3934,133.4,0.09789,1357.414201
2026-09-26T10:55:06.957Z,SUI,0.3257,1615,1.1859,1357.414201
2026-09-26T10:55:06.957Z,XLM,0.1751,297.4,0.21871,1357.414201
2026-09-26T10:55:06.957Z,BCH,-0.3807,457600,338.4,1357.414201
2026-09-26T10:55:06.957Z,AVAX,0.3524,14630,10.74,1357.414201
2026-09-26T10:55:06.957Z,ETC,0.0773,13010,9.577,1357.414201
2026-09-26T10:55:06.957Z,AAVE,-0.341,209100,154.57,1357.414201
2026-09-26T10:55:06.957Z,ADA,0.2891,350,0.2571,1357.414201
2026-09-26T10:55:06.957Z,HYPE,0.6525,125600,91.929,1357.414201
2026-09-26T10:55:06.957Z,SEI,-0.846,99.37,0.07383,1357.414201
2026-09-26T10:55:06.957Z,HBAR,-0.1303,128,0.09442,1357.414201
2026-09-26T10:55:06.957Z,ARB,0.3925,304.6,0.22352,1357.414201
2026-09-26T10:55:06.957Z,JTO,0.8437,792.3,0.5788,1357.414201
2026-09-26T10:55:06.957Z,ONDO,0.2133,754.7,0.5548,1357.414201
2026-09-26T10:55:06.957Z,QTUM,0.7476,1441,1.0537,1357.414201
2026-09-26T10:55:06.957Z,PYTH,-3.9733,99.26,0.07615,1357.414201
2026-09-26T10:55:06.957Z,APT,-1.5386,1143,0.8552,1357.414201
2026-09-26T10:55:06.957Z,UNI,0.3754,13200,9.688,1357.414201
2026-09-26T10:55:06.957Z,TIA,-2.0457,661.1,0.4972,1357.414201
2026-09-26T10:55:06.957Z,ALGO,-0.7085,157.8,0.11708,1357.414201
2026-09-26T10:55:06.957Z,NEAR,1.4235,6735,4.892,1357.414201
2026-09-26T10:55:06.957Z,ZIL,-5.7492,4.9,0.00383,1357.414201
2026-09-26T10:55:06.957Z,SUSHI,-3.2932,348,0.2651,1357.414201
2026-09-26T10:55:06.957Z,PENDLE,-1.6015,3422,2.562,1357.414201
2026-09-26T10:55:06.957Z,XTZ,-0.3308,444.3,0.3284,1357.414201
2026-09-26T10:55:06.957Z,W,-5.5593,16.45,0.012832,1357.414201
2026-09-26T10:55:06.957Z,AR,-7.0399,5855,4.64,1357.414201
2026-09-26T10:55:06.957Z,SHIB,0.543,0.0081,5.935e-06,1357.414201
2026-09-26T10:55:06.957Z,CELO,1.0277,133.9,0.09764,1357.414201
2026-09-26T10:55:06.957Z,STX,1.4412,470.1,0.3414,1357.414201
2026-09-26T10:55:06.957Z,JUP,-1.1689,468.2,0.349,1357.414201
2026-09-26T10:55:06.957Z,PEPE,-0.3119,0.006,4.434e-06,1357.414201
2026-09-26T10:55:06.957Z,DYDX,-0.7075,186.2,0.13815,1357.414201
2026-09-26T10:55:06.957Z,KITE,-4.1905,176.3,0.13556,1357.414201
2026-09-26T10:55:06.957Z,CRV,0.2474,479.4,0.3523,1357.414201
2026-09-26T10:55:06.957Z,ENJ,1.019,42.92,0.0313,1357.414201
2026-09-26T10:55:06.957Z,ATOM,-0.4759,2479,1.835,1357.414201
2026-09-26T10:55:06.957Z,ICP,1.0729,4426,3.226,1357.414201
2026-09-26T10:55:06.957Z,SPACE,0.0363,7.11,0.005236,1357.414201
2026-09-26T10:55:06.957Z,DOT,0.2877,1683,1.2363,1357.414201
2026-09-26T10:55:06.957Z,ETHFI,-1.7774,972.5,0.7294,1357.414201
2026-09-26T10:55:06.957Z,CC,0.4485,185,0.13568,1357.414201
2026-09-26T10:55:06.957Z,SYRUP,-0.6583,296.8,0.2201,1357.414201
2026-09-26T10:55:06.957Z,TAO,-5.2887,410500,319.3,1357.414201
2026-09-26T10:55:06.957Z,GRAM,-0.0164,1972,1.453,1357.414201
2026-09-26T10:55:06.957Z,RAY,5.1476,2860,2.0038,1357.414201
2026-09-26T10:55:06.957Z,RENDER,-3.6969,2621,2.005,1357.414201
2026-09-26T10:55:06.957Z,GRASS,-13.9137,610.8,0.5227,1357.414201
2026-09-26T10:55:06.957Z,MINA,-0.7463,192.5,0.14288,1357.414201
2026-09-26T10:55:06.957Z,POL,0.8747,163,0.11904,1357.414201
2026-09-26T10:55:06.957Z,ENA,1.9016,392.2,0.28354,1357.414201
2026-09-26T10:55:06.957Z,SAND,-2.1565,60.55,0.04559,1357.414201
2026-09-26T10:55:06.957Z,AERO,0.1271,1250,0.9197,1357.414201
2026-09-26T10:55:06.957Z,KGEN,-0.7953,223,0.1656,1357.414201
2026-09-26T10:55:06.957Z,LIT,0.5204,6560,4.8077,1357.414201
2026-09-26T10:55:06.957Z,MANA,-4.4391,120,0.09251,1357.414201
2026-09-26T10:55:06.957Z,BAND,-7.8646,284.9,0.2278,1357.414201
2026-09-26T10:55:06.957Z,APE,-1.5381,208.7,0.15615,1357.414201
2026-09-26T10:55:06.957Z,GMT,-1.0336,11.94,0.008888,1357.414201
2026-09-26T10:55:06.957Z,VIRTUAL,0.1823,1072,0.7883,1357.414201
2026-09-26T10:55:06.957Z,LPT,-5.8945,2261,1.77,1357.414201
2026-09-26T10:55:06.957Z,DATA,0.7491,308.8,0.2258,1357.414201
2026-09-26T10:55:06.957Z,THETA,-4.7187,302,0.2335,1357.414201
2026-09-26T10:55:06.957Z,GRT,-1.5465,37.5,0.02806,1357.414201
2026-09-26T10:55:06.957Z,LAYER,-4.5075,106.9,0.08247,1357.414201
2026-09-26T10:55:06.957Z,NMR,-1.4287,13130,9.813,1357.414201
2026-09-26T10:55:06.957Z,EIGEN,-11.415,321.9,0.2677,1357.414201
2026-09-26T10:55:06.957Z,BAT,-2.5787,125.1,0.0946,1357.414201
2026-09-26T10:55:06.957Z,SPK,-0.8424,32.64,0.02425,1357.414201
2026-09-26T10:55:06.957Z,PUMP,-13.008,5.276,0.004468,1357.414201
2026-09-26T10:55:06.957Z,KMNO,-1.3846,59.93,0.04477,1357.414201
2026-09-26T10:55:06.957Z,CHZ,-1.0423,22.54,0.01678,1357.414201
2026-09-26T10:55:06.957Z,PENGU,-0.0577,13.82,0.010187,1357.414201
2026-09-26T10:55:06.957Z,OP,-2.4617,194.8,0.14713,1357.414201
2026-09-26T10:55:06.957Z,UMA,0.1051,571.8,0.4208,1357.414201
2026-09-26T10:55:06.957Z,ZRO,-0.18,2125,1.5683,1357.414201
2026-09-26T10:55:06.957Z,S,-0.3933,56.03,0.04144,1357.414201
2026-09-26T10:55:06.957Z,IMX,0.626,229.2,0.1678,1357.414201
2026-09-26T10:55:06.957Z,A,-0.9468,138.1,0.10271,1357.414201
2026-09-26T10:55:06.957Z,ATH,-2.3908,8.652,0.00653,1357.414201
2026-09-26T10:55:06.957Z,COMP,6.8804,34950,24.09,1357.414201
2026-09-26T10:55:06.957Z,CVX,-5.3636,2654,2.066,1357.414201
2026-09-26T10:55:06.957Z,AXS,0.576,1632,1.1954,1357.414201
2026-09-26T10:55:06.957Z,WCT,-2.2999,58.83,0.04436,1357.414201
2026-09-26T10:55:06.957Z,ME,-0.1814,107.8,0.07956,1357.414201
2026-09-26T10:55:06.957Z,ASTER,1.293,1004,0.7302,1357.414201
2026-09-26T10:55:06.957Z,GMX,0.0648,11210,8.253,1357.414201
2026-09-26T10:55:06.957Z,MORPHO,2.7645,3810,2.7313,1357.414201
2026-09-26T10:55:06.957Z,MON,-2.7552,35.02,0.02653,1357.414201
2026-09-26T10:55:06.957Z,1INCH,-2.5351,136.6,0.10325,1357.414201
2026-09-26T10:55:06.957Z,SKY,-0.2451,107,0.07902,1357.414201
2026-09-26T10:55:06.957Z,YGG,-4.5016,36.53,0.02818,1357.414201
2026-09-26T10:55:06.957Z,BIO,-0.1061,44.72,0.03298,1357.414201
2026-09-26T10:55:06.957Z,MOVE,-6.0782,12.54,0.009836,1357.414201
2026-09-26T10:55:06.957Z,GALA,-13.0654,2.628,0.002227,1357.414201
2026-09-26T10:55:06.957Z,ZK,-3.2047,17.14,0.013045,1357.414201
2026-09-26T10:55:06.957Z,ENS,-0.511,9610,7.116,1357.414201
2026-09-26T10:55:06.957Z,INJ,3.9907,11040,7.821,1357.414201
2026-09-26T10:55:06.957Z,KAITO,-3.0665,480,0.3648,1357.414201
2026-09-26T10:55:06.957Z,LDO,-2.6329,650,0.4918,1357.414201
2026-09-26T10:55:06.957Z,BLUR,-2.9904,28.18,0.0214,1357.414201
2026-09-26T10:55:06.957Z,AUCTION,-2.6403,5170,3.912,1357.414201
2026-09-26T10:55:06.957Z,ZETA,0.0833,74.72,0.055,1357.414201
2026-09-26T10:55:06.957Z,WIF,-3.6288,325.6,0.2489,1357.414201
2026-09-26T10:55:06.957Z,KSM,-0.6243,6425,4.763,1357.414201
2026-09-26T11:00:06.981Z,BTC,0.2665,114510000,84134.7,1357.414201
2026-09-26T11:00:06.981Z,XRP,0.2684,2111,1.551,1357.414201
2026-09-26T11:00:06.981Z,SOL,0.2056,164000,120.57,1357.414201
2026-09-26T11:00:06.981Z,ETH,0.2672,3656000,2686.18,1357.414201
2026-09-26T11:00:06.981Z,FIL,0.581,1492,1.0928,1357.414201
2026-09-26T11:00:06.981Z,TRX,0.4086,458.8,0.33662,1357.414201
2026-09-26T11:00:06.981Z,BNB,-0.0091,1050000,773.6,1357.414201
2026-09-26T11:00:06.981Z,WLD,0.3317,662.3,0.4863,1357.414201
2026-09-26T11:00:06.981Z,FLOW,-0.7568,43.58,0.03235,1357.414201
2026-09-26T11:00:06.981Z,LINK,1.6808,19660,14.244,1357.414201
2026-09-26T11:00:06.981Z,DOGE,0.2296,133.4,0.09805,1357.414201
2026-09-26T11:00:06.981Z,SUI,0.464,1619,1.1872,1357.414201
2026-09-26T11:00:06.981Z,XLM,0.115,298.2,0.21943,1357.414201
2026-09-26T11:00:06.981Z,BCH,-0.6157,457600,339.2,1357.414201
2026-09-26T11:00:06.981Z,AVAX,0.11,14630,10.766,1357.414201
2026-09-26T11:00:06.981Z,ETC,-0.2768,13010,9.611,1357.414201
2026-09-26T11:00:06.981Z,AAVE,-0.3668,209100,154.61,1357.414201
2026-09-26T11:00:06.981Z,ADA,0.2477,350.4,0.2575,1357.414201
2026-09-26T11:00:06.981Z,HYPE,0.576,125600,91.999,1357.414201
2026-09-26T11:00:06.981Z,SEI,0.4132,101,0.0741,1357.414201
2026-09-26T11:00:06.981Z,HBAR,-0.2571,128,0.09454,1357.414201
2026-09-26T11:00:06.981Z,ARB,0.4689,304.6,0.22335,1357.414201
2026-09-26T11:00:06.981Z,JTO,0.0143,792.3,0.5836,1357.414201
2026-09-26T11:00:06.981Z,ONDO,0.2308,756.6,0.5561,1357.414201
2026-09-26T11:00:06.981Z,QTUM,0.7093,1441,1.0541,1357.414201
2026-09-26T11:00:06.981Z,PYTH,-3.8597,99.26,0.07606,1357.414201
2026-09-26T11:00:06.981Z,APT,-1.711,1143,0.8567,1357.414201
2026-09-26T11:00:06.981Z,UNI,0.5311,13200,9.673,1357.414201
2026-09-26T11:00:06.981Z,TIA,-2.1834,661.1,0.4979,1357.414201
2026-09-26T11:00:06.981Z,ALGO,-0.8694,157.8,0.11727,1357.414201
2026-09-26T11:00:06.981Z,NEAR,1.3614,6735,4.895,1357.414201
2026-09-26T11:00:06.981Z,ZIL,-5.9702,4.9,0.003839,1357.414201
2026-09-26T11:00:06.981Z,SUSHI,-3.3296,348,0.2652,1357.414201
2026-09-26T11:00:06.981Z,PENDLE,-1.6783,3422,2.564,1357.414201
2026-09-26T11:00:06.981Z,XTZ,-0.3612,444.3,0.3285,1357.414201
2026-09-26T11:00:06.981Z,W,-5.6843,16.45,0.012849,1357.414201
2026-09-26T11:00:06.981Z,AR,-7.14,5855,4.645,1357.414201
2026-09-26T11:00:06.981Z,SHIB,0.3064,0.0081,5.949e-06,1357.414201
2026-09-26T11:00:06.981Z,CELO,1.0173,133.9,0.09765,1357.414201
2026-09-26T11:00:06.981Z,STX,1.5602,470.1,0.341,1357.414201
2026-09-26T11:00:06.981Z,JUP,-1.2538,468.2,0.3493,1357.414201
2026-09-26T11:00:06.981Z,PEPE,-0.4915,0.006,4.442e-06,1357.414201
2026-09-26T11:00:06.981Z,DYDX,-0.851,186.2,0.13835,1357.414201
2026-09-26T11:00:06.981Z,KITE,-4.381,176.3,0.13583,1357.414201
2026-09-26T11:00:06.981Z,CRV,0.0769,479.4,0.3529,1357.414201
2026-09-26T11:00:06.981Z,ENJ,0.9223,42.92,0.03133,1357.414201
2026-09-26T11:00:06.981Z,ATOM,-0.5302,2479,1.836,1357.414201
2026-09-26T11:00:06.981Z,ICP,1.167,4426,3.223,1357.414201
2026-09-26T11:00:06.981Z,SPACE,-0.3789,7.117,0.005263,1357.414201
2026-09-26T11:00:06.981Z,DOT,0.3202,1683,1.2359,1357.414201
2026-09-26T11:00:06.981Z,ETHFI,-1.7774,972.5,0.7294,1357.414201
2026-09-26T11:00:06.981Z,CC,0.5226,185,0.13558,1357.414201
2026-09-26T11:00:06.981Z,SYRUP,-0.4321,296.8,0.2196,1357.414201
2026-09-26T11:00:06.981Z,TAO,-5.4663,410500,319.9,1357.414201
2026-09-26T11:00:06.981Z,GRAM,-5.4482,1870,1.457,1357.414201
2026-09-26T11:00:06.981Z,RAY,4.6202,2860,2.0139,1357.414201
2026-09-26T11:00:06.981Z,RENDER,-3.6007,2621,2.003,1357.414201
2026-09-26T11:00:06.981Z,GRASS,-14.3724,610.8,0.5255,1357.414201
2026-09-26T11:00:06.981Z,MINA,-1.0579,192.5,0.14333,1357.414201
2026-09-26T11:00:06.981Z,POL,0.985,163,0.11891,1357.414201
2026-09-26T11:00:06.981Z,ENA,1.7795,392.2,0.28388,1357.414201
2026-09-26T11:00:06.981Z,SAND,-2.3706,60.55,0.04569,1357.414201
2026-09-26T11:00:06.981Z,AERO,0.6084,1250,0.9153,1357.414201
2026-09-26T11:00:06.981Z,KGEN,-0.7953,223,0.1656,1357.414201
2026-09-26T11:00:06.981Z,LIT,0.2763,6560,4.8194,1357.414201
2026-09-26T11:00:06.981Z,MANA,-4.5217,120,0.09259,1357.414201
2026-09-26T11:00:06.981Z,BAND,-7.9455,284.9,0.228,1357.414201
2026-09-26T11:00:06.981Z,APE,-1.5948,208.7,0.15624,1357.414201
2026-09-26T11:00:06.981Z,GMT,-1.167,11.94,0.0089,1357.414201
2026-09-26T11:00:06.981Z,VIRTUAL,-0.0839,1072,0.7904,1357.414201
2026-09-26T11:00:06.981Z,LPT,-6.0538,2261,1.773,1357.414201
2026-09-26T11:00:06.981Z,DATA,0.8384,308.8,0.2256,1357.414201
2026-09-26T11:00:06.981Z,THETA,-4.8002,302,0.2337,1357.414201
2026-09-26T11:00:06.981Z,GRT,-1.4763,37.5,0.02804,1357.414201
2026-09-26T11:00:06.981Z,LAYER,-4.6116,106.9,0.08256,1357.414201
2026-09-26T11:00:06.981Z,NMR,-1.4588,13130,9.816,1357.414201
2026-09-26T11:00:06.981Z,EIGEN,-11.4811,321.9,0.2679,1357.414201
2026-09-26T11:00:06.981Z,BAT,-2.5787,125.1,0.0946,1357.414201
2026-09-26T11:00:06.981Z,SPK,-0.8424,32.64,0.02425,1357.414201
2026-09-26T11:00:06.981Z,PUMP,-13.1247,5.276,0.004474,1357.414201
2026-09-26T11:00:06.981Z,KMNO,-1.1196,59.93,0.04465,1357.414201
2026-09-26T11:00:06.981Z,CHZ,-1.1012,22.54,0.01679,1357.414201
2026-09-26T11:00:06.981Z,PENGU,-0.4096,13.82,0.010223,1357.414201
2026-09-26T11:00:06.981Z,OP,-2.7788,194.8,0.14761,1357.414201
2026-09-26T11:00:06.981Z,UMA,0.1051,571.8,0.4208,1357.414201
2026-09-26T11:00:06.981Z,ZRO,-0.415,2125,1.572,1357.414201
2026-09-26T11:00:06.981Z,S,-0.4894,56.03,0.04148,1357.414201
2026-09-26T11:00:06.981Z,IMX,0.8123,229.2,0.16749,1357.414201
2026-09-26T11:00:06.981Z,A,-0.9275,138.1,0.10269,1357.414201
2026-09-26T11:00:06.981Z,ATH,-2.2261,8.652,0.006519,1357.414201
2026-09-26T11:00:06.981Z,COMP,6.7032,34950,24.13,1357.414201
2026-09-26T11:00:06.981Z,CVX,-5.4551,2654,2.068,1357.414201
2026-09-26T11:00:06.981Z,AXS,0.6771,1632,1.1942,1357.414201
2026-09-26T11:00:06.981Z,WCT,-2.2779,58.83,0.04435,1357.414201
