checkedAt,coin,premium,korbitPrice,foreignPrice,usdKrwRate
2026-09-07T00:00:06.906Z,BTC,0.4571,108913000,80318.9,1349.83747
2026-09-07T00:00:06.906Z,ETH,1.0237,3428000,2513.83,1349.83747
2026-09-07T00:00:06.906Z,SOL,0.8135,144900,106.48,1349.83747
2026-09-07T00:00:06.906Z,BNB,-0.7176,1009000,752.9,1349.83747
2026-09-07T00:00:06.906Z,XRP,0.8708,1937,1.4226,1349.83747
2026-09-07T00:00:06.906Z,ADA,0.6004,303.5,0.2235,1349.83747
2026-09-07T00:00:06.906Z,AVAX,0.1527,10680,7.9,1349.83747
2026-09-07T00:00:06.906Z,DOT,-0.6573,1312,0.9784,1349.83747
2026-09-07T00:00:06.906Z,LINK,0.8976,18020,13.231,1349.83747
2026-09-07T00:00:06.906Z,POL,0.0633,132.8,0.09832,1349.83747
2026-09-07T00:00:06.906Z,DOGE,0.7998,123.6,0.09084,1349.83747
2026-09-07T00:00:06.906Z,TRX,0.9438,456.3,0.33488,1349.83747
2026-09-07T00:00:06.906Z,XLM,1.2184,255.7,0.18715,1349.83747
2026-09-07T00:00:06.906Z,SHIB,1.9614,0.0076,0.000005522,1349.83747
2026-09-07T00:00:06.906Z,BCH,1.1075,355800,260.7,1349.83747
2026-09-07T00:00:06.906Z,UNI,-0.437,9800,7.292,1349.83747
2026-09-07T00:00:06.906Z,AAVE,-0.9771,182800,136.76,1349.83747
2026-09-07T00:00:06.906Z,SUSHI,0.708,340.8,0.2507,1349.83747
2026-09-07T00:00:06.906Z,LDO,-13.65,485,0.4161,1349.83747
2026-09-07T00:00:06.906Z,ICP,1.7251,3750,2.731,1349.83747
2026-09-07T00:00:06.906Z,NEAR,1.769,3345,2.435,1349.83747
2026-09-07T00:00:06.906Z,HBAR,1.3241,111.4,0.08145,1349.83747
2026-09-07T00:00:06.906Z,XTZ,0.3477,325.9,0.2406,1349.83747
2026-09-07T00:00:06.906Z,DYDX,-10.049,149.2,0.12288,1349.83747
2026-09-07T00:00:06.906Z,ARB,0.3859,256.7,0.18944,1349.83747
2026-09-07T00:00:06.906Z,GMX,-4.7839,10160,7.905,1349.83747
2026-09-07T00:00:06.906Z,IMX,-1.3796,176,0.13221,1349.83747
2026-09-07T00:00:06.906Z,INJ,-9.6685,6460,5.298,1349.83747
2026-09-07T00:00:06.906Z,GRT,8.6122,28.75,0.01961,1349.83747
2026-09-07T00:00:06.906Z,SUI,0.8522,1105,0.8117,1349.83747
2026-09-07T00:00:06.906Z,HYPE,0.9101,119800,87.951,1349.83747
2026-09-07T00:05:06.889Z,BTC,0.8586,109309000,80290,1349.83747
2026-09-07T00:05:06.889Z,ETH,0.9132,3420000,2510.71,1349.83747
2026-09-07T00:05:06.889Z,SOL,0.9368,144900,106.35,1349.83747
2026-09-07T00:05:06.889Z,BNB,-0.8361,1009000,753.8,1349.83747
2026-09-07T00:05:06.889Z,XRP,0.9677,1936,1.4205,1349.83747
2026-09-07T00:05:06.889Z,ADA,1.2269,305.8,0.2238,1349.83747
2026-09-07T00:05:06.889Z,AVAX,0.2669,10680,7.891,1349.83747
2026-09-07T00:05:06.889Z,DOT,0.586,1331,0.9803,1349.83747
2026-09-07T00:05:06.889Z,LINK,0.9585,17990,13.201,1349.83747
2026-09-07T00:05:06.889Z,POL,0.1142,132.8,0.09827,1349.83747
2026-09-07T00:05:06.889Z,DOGE,1.0631,123.8,0.09075,1349.83747
2026-09-07T00:05:06.889Z,TRX,0.8133,456.2,0.33524,1349.83747
2026-09-07T00:05:06.889Z,XLM,1.0133,255.7,0.18753,1349.83747
2026-09-07T00:05:06.889Z,SHIB,2.0538,0.0076,0.000005517,1349.83747
2026-09-07T00:05:06.889Z,BCH,1.3797,355800,260,1349.83747
2026-09-07T00:05:06.889Z,UNI,0.1536,9800,7.249,1349.83747
2026-09-07T00:05:06.889Z,AAVE,-0.5773,182800,136.21,1349.83747
2026-09-07T00:05:06.889Z,SUSHI,0.0297,340.8,0.2524,1349.83747
2026-09-07T00:05:06.889Z,LDO,-13.5044,485,0.4154,1349.83747
2026-09-07T00:05:06.889Z,ICP,1.9491,3750,2.725,1349.83747
2026-09-07T00:05:06.889Z,NEAR,1.769,3345,2.435,1349.83747
2026-09-07T00:05:06.889Z,HBAR,1.3988,111.4,0.08139,1349.83747
2026-09-07T00:05:06.889Z,XTZ,0.3477,325.9,0.2406,1349.83747
2026-09-07T00:05:06.889Z,DYDX,-10.2243,149.2,0.12312,1349.83747
2026-09-07T00:05:06.889Z,ARB,0.6942,256.7,0.18886,1349.83747
2026-09-07T00:05:06.889Z,GMX,-5.3586,10160,7.953,1349.83747
2026-09-07T00:05:06.889Z,IMX,-1.7067,176,0.13265,1349.83747
2026-09-07T00:05:06.889Z,INJ,-10.3118,6460,5.336,1349.83747
2026-09-07T00:05:06.889Z,GRT,8.7787,28.75,0.01958,1349.83747
2026-09-07T00:05:06.889Z,SUI,1.0763,1105,0.8099,1349.83747
2026-09-07T00:05:06.889Z,HYPE,1.0249,119800,87.851,1349.83747
2026-09-07T00:10:06.887Z,BTC,0.9663,109477000,80327.6,1349.83747
2026-09-07T00:10:06.887Z,ETH,0.91,3425000,2514.46,1349.83747
2026-09-07T00:10:06.887Z,SOL,0.9021,145000,106.46,1349.83747
2026-09-07T00:10:06.887Z,BNB,-0.9675,1009000,754.8,1349.83747
2026-09-07T00:10:06.887Z,XRP,0.8661,1938,1.4234,1349.83747
2026-09-07T00:10:06.887Z,ADA,0.7489,304.9,0.2242,1349.83747
2026-09-07T00:10:06.887Z,AVAX,0.0134,10680,7.911,1349.83747
2026-09-07T00:10:06.887Z,DOT,0.0959,1331,0.9851,1349.83747
2026-09-07T00:10:06.887Z,LINK,0.7677,17990,13.226,1349.83747
2026-09-07T00:10:06.887Z,POL,-0.0079,132.8,0.09839,1349.83747
2026-09-07T00:10:06.887Z,DOGE,0.8298,123.8,0.09096,1349.83747
2026-09-07T00:10:06.887Z,TRX,1.5633,459.1,0.33488,1349.83747
2026-09-07T00:10:06.887Z,XLM,0.9184,256.1,0.188,1349.83747
2026-09-07T00:10:06.887Z,SHIB,1.8507,0.0076,0.000005528,1349.83747
2026-09-07T00:10:06.887Z,BCH,1.0687,355800,260.8,1349.83747
2026-09-07T00:10:06.887Z,UNI,0.2089,9800,7.245,1349.83747
2026-09-07T00:10:06.887Z,AAVE,-0.621,182800,136.27,1349.83747
2026-09-07T00:10:06.887Z,SUSHI,0.9899,340.8,0.25,1349.83747
2026-09-07T00:10:06.887Z,LDO,-13.5044,485,0.4154,1349.83747
2026-09-07T00:10:06.887Z,ICP,1.837,3750,2.728,1349.83747
2026-09-07T00:10:06.887Z,NEAR,2.0624,3345,2.428,1349.83747
2026-09-07T00:10:06.887Z,HBAR,1.2246,111.4,0.08153,1349.83747
2026-09-07T00:10:06.887Z,XTZ,0.2643,325.9,0.2408,1349.83747
2026-09-07T00:10:06.887Z,DYDX,-10.7102,149.2,0.12379,1349.83747
2026-09-07T00:10:06.887Z,ARB,0.6302,256.7,0.18898,1349.83747
2026-09-07T00:10:06.887Z,GMX,-5.4774,10160,7.963,1349.83747
2026-09-07T00:10:06.887Z,IMX,-1.9064,176,0.13292,1349.83747
2026-09-07T00:10:06.887Z,INJ,-10.7634,6460,5.363,1349.83747
2026-09-07T00:10:06.887Z,GRT,9.1689,28.75,0.01951,1349.83747
2026-09-07T00:10:06.887Z,SUI,0.6785,1105,0.8131,1349.83747
2026-09-07T00:10:06.887Z,HYPE,0.878,119800,87.979,1349.83747
2026-09-07T00:15:06.858Z,BTC,0.9651,109418000,80285.3,1349.83747
2026-09-07T00:15:06.858Z,ETH,0.9742,3427000,2514.33,1349.83747
2026-09-07T00:15:06.858Z,SOL,0.959,145000,106.4,1349.83747
2026-09-07T00:15:06.858Z,BNB,-0.9281,1009000,754.5,1349.83747
2026-09-07T00:15:06.858Z,XRP,0.9253,1939,1.4233,1349.83747
2026-09-07T00:15:06.858Z,ADA,1.1093,306.4,0.2245,1349.83747
2026-09-07T00:15:06.858Z,AVAX,0.0261,10680,7.91,1349.83747
2026-09-07T00:15:06.858Z,DOT,-0.5301,1331,0.9913,1349.83747
2026-09-07T00:15:06.858Z,LINK,0.4411,17990,13.269,1349.83747
2026-09-07T00:15:06.858Z,POL,0.1856,132.8,0.0982,1349.83747
2026-09-07T00:15:06.858Z,DOGE,0.8408,123.8,0.09095,1349.83747
2026-09-07T00:15:06.858Z,TRX,1.5572,459.1,0.3349,1349.83747
2026-09-07T00:15:06.858Z,XLM,0.8865,256.7,0.1885,1349.83747
2026-09-07T00:15:06.858Z,SHIB,1.7219,0.0076,0.000005535,1349.83747
2026-09-07T00:15:06.858Z,BCH,0.8753,355800,261.3,1349.83747
2026-09-07T00:15:06.858Z,UNI,0.3058,9800,7.238,1349.83747
2026-09-07T00:15:06.858Z,AAVE,-0.5627,182800,136.19,1349.83747
2026-09-07T00:15:06.858Z,SUSHI,1.4363,340.8,0.2489,1349.83747
2026-09-07T00:15:06.858Z,LDO,-13.5044,485,0.4154,1349.83747
2026-09-07T00:15:06.858Z,ICP,1.465,3750,2.738,1349.83747
2026-09-07T00:15:06.858Z,NEAR,2.4845,3345,2.418,1349.83747
2026-09-07T00:15:06.858Z,HBAR,1.1998,111.4,0.08155,1349.83747
2026-09-07T00:15:06.858Z,XTZ,0.4311,325.9,0.2404,1349.83747
2026-09-07T00:15:06.858Z,DYDX,-10.7102,149.2,0.12379,1349.83747
2026-09-07T00:15:06.858Z,ARB,0.1427,256.7,0.1899,1349.83747
2026-09-07T00:15:06.858Z,GMX,-5.5841,10160,7.972,1349.83747
2026-09-07T00:15:06.858Z,IMX,-2.1419,176,0.13324,1349.83747
2026-09-07T00:15:06.858Z,INJ,-11.2104,6460,5.39,1349.83747
2026-09-07T00:15:06.858Z,GRT,8.8899,28.75,0.01956,1349.83747
2026-09-07T00:15:06.858Z,SUI,1.0677,1112,0.8151,1349.83747
2026-09-07T00:15:06.858Z,HYPE,1.0138,119900,87.934,1349.83747
2026-09-07T00:20:06.888Z,BTC,0.9798,109109000,80046.9,1349.83747
2026-09-07T00:20:06.888Z,ETH,0.9061,3418000,2509.42,1349.83747
2026-09-07T00:20:06.888Z,SOL,0.8032,144300,106.05,1349.83747
2026-09-07T00:20:06.888Z,BNB,-0.5987,1009000,752,1349.83747
2026-09-07T00:20:06.888Z,XRP,0.8514,1932,1.4192,1349.83747
2026-09-07T00:20:06.888Z,ADA,0.8416,304.5,0.2237,1349.83747
2026-09-07T00:20:06.888Z,AVAX,0.3178,10680,7.887,1349.83747
2026-09-07T00:20:06.888Z,DOT,-1.188,1331,0.9979,1349.83747
2026-09-07T00:20:06.888Z,LINK,0.6459,17990,13.242,1349.83747
2026-09-07T00:20:06.888Z,POL,0.4515,132.8,0.09794,1349.83747
2026-09-07T00:20:06.888Z,DOGE,1.0631,123.8,0.09075,1349.83747
2026-09-07T00:20:06.888Z,TRX,0.983,456.3,0.33475,1349.83747
2026-09-07T00:20:06.888Z,XLM,1.2353,257,0.18807,1349.83747
2026-09-07T00:20:06.888Z,SHIB,1.9798,0.0076,0.000005521,1349.83747
2026-09-07T00:20:06.888Z,BCH,1.1463,355800,260.6,1349.83747
2026-09-07T00:20:06.888Z,UNI,0.4168,9800,7.23,1349.83747
2026-09-07T00:20:06.888Z,AAVE,-0.1153,182800,135.58,1349.83747
2026-09-07T00:20:06.888Z,SUSHI,1.8044,340.8,0.248,1349.83747
2026-09-07T00:20:06.888Z,LDO,-13.3584,485,0.4147,1349.83747
2026-09-07T00:20:06.888Z,ICP,1.391,3750,2.74,1349.83747
2026-09-07T00:20:06.888Z,NEAR,2.2731,3345,2.423,1349.83747
2026-09-07T00:20:06.888Z,HBAR,1.3614,111.4,0.08142,1349.83747
2026-09-07T00:20:06.888Z,XTZ,0.4729,325.9,0.2403,1349.83747
2026-09-07T00:20:06.888Z,DYDX,-10.9548,149.2,0.12413,1349.83747
2026-09-07T00:20:06.888Z,ARB,0.0532,256.7,0.19007,1349.83747
2026-09-07T00:20:06.888Z,GMX,-5.4299,10160,7.959,1349.83747
2026-09-07T00:20:06.888Z,IMX,-1.8694,176,0.13287,1349.83747
2026-09-07T00:20:06.888Z,INJ,-10.4126,6460,5.342,1349.83747
2026-09-07T00:20:06.888Z,GRT,9.7314,28.75,0.01941,1349.83747
2026-09-07T00:20:06.888Z,SUI,1.3412,1112,0.8129,1349.83747
2026-09-07T00:20:06.888Z,HYPE,1.1862,119800,87.711,1349.83747
2026-09-07T00:25:07.090Z,BTC,0.9667,109181000,80110.1,1349.83747
2026-09-07T00:25:07.090Z,ETH,0.7932,3418000,2512.23,1349.83747
2026-09-07T00:25:07.090Z,SOL,0.7272,144300,106.13,1349.83747
2026-09-07T00:25:07.090Z,BNB,-0.5326,1009000,751.5,1349.83747
2026-09-07T00:25:07.090Z,XRP,0.9012,1932,1.4185,1349.83747
2026-09-07T00:25:07.090Z,ADA,0.7066,304.5,0.224,1349.83747
2026-09-07T00:25:07.090Z,AVAX,0.0387,10680,7.909,1349.83747
2026-09-07T00:25:07.090Z,DOT,0.7659,1358,0.9984,1349.83747
2026-09-07T00:25:07.090Z,LINK,1.1288,18120,13.274,1349.83747
2026-09-07T00:25:07.090Z,POL,0.3593,132.8,0.09803,1349.83747
2026-09-07T00:25:07.090Z,DOGE,1.0965,123.8,0.09072,1349.83747
2026-09-07T00:25:07.090Z,TRX,0.9197,456.3,0.33496,1349.83747
2026-09-07T00:25:07.090Z,XLM,1.0635,256.1,0.18773,1349.83747
2026-09-07T00:25:07.090Z,SHIB,1.906,0.0076,5.525e-06,1349.83747
2026-09-07T00:25:07.090Z,BCH,1.224,355800,260.4,1349.83747
2026-09-07T00:25:07.090Z,UNI,0.126,9800,7.251,1349.83747
2026-09-07T00:25:07.090Z,AAVE,-0.1668,182800,135.65,1349.83747
2026-09-07T00:25:07.090Z,SUSHI,1.3141,340.8,0.2492,1349.83747
2026-09-07T00:25:07.090Z,LDO,-13.3584,485,0.4147,1349.83747
2026-09-07T00:25:07.090Z,ICP,1.2801,3750,2.743,1349.83747
2026-09-07T00:25:07.090Z,NEAR,2.1466,3345,2.426,1349.83747
2026-09-07T00:25:07.090Z,HBAR,1.1874,111.4,0.08156,1349.83747
2026-09-07T00:25:07.090Z,XTZ,0.2643,325.9,0.2408,1349.83747
2026-09-07T00:25:07.090Z,DYDX,-10.9835,149.2,0.12417,1349.83747
2026-09-07T00:25:07.090Z,ARB,0.4336,256.7,0.18935,1349.83747
2026-09-07T00:25:07.090Z,GMX,-5.2871,10160,7.947,1349.83747
2026-09-07T00:25:07.090Z,IMX,-1.9654,176,0.133,1349.83747
2026-09-07T00:25:07.090Z,INJ,-10.2445,6460,5.332,1349.83747
2026-09-07T00:25:07.090Z,GRT,9.8446,28.75,0.01939,1349.83747
2026-09-07T00:25:07.090Z,SUI,1.2416,1112,0.8137,1349.83747
2026-09-07T00:25:07.090Z,HYPE,0.9831,119400,87.594,1349.83747
2026-09-07T00:30:06.905Z,BTC,0.8488,109169000,80195,1349.83747
2026-09-07T00:30:06.905Z,ETH,0.6765,3421000,2517.35,1349.83747
2026-09-07T00:30:06.905Z,SOL,0.8069,144700,106.34,1349.83747
2026-09-07T00:30:06.905Z,BNB,-0.6648,1009000,752.5,1349.83747
2026-09-07T00:30:06.905Z,XRP,0.8067,1934,1.4213,1349.83747
2026-09-07T00:30:06.905Z,ADA,0.6912,306.9,0.2258,1349.83747
2026-09-07T00:30:06.905Z,AVAX,-0.4271,10680,7.946,1349.83747
2026-09-07T00:30:06.905Z,DOT,-0.3717,1358,1.0098,1349.83747
2026-09-07T00:30:06.905Z,LINK,1.2585,18120,13.257,1349.83747
2026-09-07T00:30:06.905Z,POL,0.2366,132.8,0.09815,1349.83747
2026-09-07T00:30:06.905Z,DOGE,0.7372,123.7,0.09097,1349.83747
2026-09-07T00:30:06.905Z,TRX,0.9026,456.1,0.33487,1349.83747
2026-09-07T00:30:06.905Z,XLM,0.7774,256.3,0.18841,1349.83747
2026-09-07T00:30:06.905Z,SHIB,1.5751,0.0076,5.543e-06,1349.83747
2026-09-07T00:30:06.905Z,BCH,0.9526,355800,261.1,1349.83747
2026-09-07T00:30:06.905Z,UNI,0.3197,9800,7.237,1349.83747
2026-09-07T00:30:06.905Z,AAVE,-0.4237,182800,136,1349.83747
2026-09-07T00:30:06.905Z,SUSHI,1.5995,340.8,0.2485,1349.83747
2026-09-07T00:30:06.905Z,LDO,-13.5461,485,0.4156,1349.83747
2026-09-07T00:30:06.905Z,ICP,0.7292,3750,2.758,1349.83747
2026-09-07T00:30:06.905Z,NEAR,2.3575,3345,2.421,1349.83747
2026-09-07T00:30:06.905Z,HBAR,0.755,111.4,0.08191,1349.83747
2026-09-07T00:30:06.905Z,XTZ,0.306,325.9,0.2407,1349.83747
2026-09-07T00:30:06.905Z,DYDX,-11.0694,149.2,0.12429,1349.83747
2026-09-07T00:30:06.905Z,ARB,0.5504,256.7,0.18913,1349.83747
2026-09-07T00:30:06.905Z,GMX,-5.2871,10160,7.947,1349.83747
2026-09-07T00:30:06.905Z,IMX,-2.0611,176,0.13313,1349.83747
2026-09-07T00:30:06.905Z,INJ,-11.4404,6460,5.404,1349.83747
2026-09-07T00:30:06.905Z,GRT,9.562,28.75,0.01944,1349.83747
2026-09-07T00:30:06.905Z,SUI,0.9935,1118,0.8201,1349.83747
2026-09-07T00:30:06.905Z,HYPE,0.7455,119300,87.727,1349.83747
2026-09-07T00:35:06.944Z,BTC,0.7747,108984000,80117.9,1349.83747
2026-09-07T00:35:06.944Z,ETH,0.7238,3418000,2513.96,1349.83747
2026-09-07T00:35:06.944Z,SOL,0.7937,144300,106.06,1349.83747
2026-09-07T00:35:06.944Z,BNB,-0.5591,1009000,751.7,1349.83747
2026-09-07T00:35:06.944Z,XRP,0.7733,1932,1.4203,1349.83747
2026-09-07T00:35:06.944Z,ADA,1.2501,307.1,0.2247,1349.83747
2026-09-07T00:35:06.944Z,AVAX,-0.0876,10680,7.919,1349.83747
2026-09-07T00:35:06.944Z,DOT,-0.0351,1358,1.0064,1349.83747
2026-09-07T00:35:06.944Z,LINK,0.601,18020,13.27,1349.83747
2026-09-07T00:35:06.944Z,POL,0.431,132.8,0.09796,1349.83747
2026-09-07T00:35:06.944Z,DOGE,0.8187,123.8,0.09097,1349.83747
2026-09-07T00:35:06.944Z,TRX,0.8785,456.1,0.33495,1349.83747
2026-09-07T00:35:06.944Z,XLM,0.8932,255.9,0.1879,1349.83747
2026-09-07T00:35:06.944Z,SHIB,1.8323,0.0076,5.529e-06,1349.83747
2026-09-07T00:35:06.944Z,BCH,1.1851,355800,260.5,1349.83747
2026-09-07T00:35:06.944Z,UNI,0.4307,9800,7.229,1349.83747
2026-09-07T00:35:06.944Z,AAVE,-0.4237,182800,136,1349.83747
2026-09-07T00:35:06.944Z,SUSHI,2.2165,340.8,0.247,1349.83747
2026-09-07T00:35:06.944Z,LDO,-13.6292,485,0.416,1349.83747
2026-09-07T00:35:06.944Z,ICP,0.9122,3750,2.753,1349.83747
2026-09-07T00:35:06.944Z,NEAR,2.3153,3345,2.422,1349.83747
2026-09-07T00:35:06.944Z,HBAR,0.7182,111.4,0.08194,1349.83747
2026-09-07T00:35:06.944Z,XTZ,0.306,325.9,0.2407,1349.83747
2026-09-07T00:35:06.944Z,DYDX,-10.7463,149.2,0.12384,1349.83747
2026-09-07T00:35:06.944Z,ARB,-0.0152,256.7,0.1902,1349.83747
2026-09-07T00:35:06.944Z,GMX,-5.5723,10160,7.971,1349.83747
2026-09-07T00:35:06.944Z,IMX,-2.1273,176,0.13322,1349.83747
2026-09-07T00:35:06.944Z,INJ,-5.9929,6950,5.477,1349.83747
2026-09-07T00:35:06.944Z,GRT,9.7879,28.75,0.0194,1349.83747
2026-09-07T00:35:06.944Z,SUI,1.1292,1118,0.819,1349.83747
2026-09-07T00:35:06.944Z,HYPE,0.8656,119400,87.696,1349.83747
2026-09-07T00:40:06.931Z,BTC,0.9559,108911000,80114.8,1346.56492
2026-09-07T00:40:06.931Z,ETH,0.9706,3418000,2513.91,1346.56492
2026-09-07T00:40:06.931Z,SOL,0.8286,144000,106.06,1346.56492
2026-09-07T00:40:06.931Z,BNB,-0.4366,1009000,752.6,1346.56492
2026-09-07T00:40:06.931Z,XRP,0.9517,1931,1.4205,1346.56492
2026-09-07T00:40:06.931Z,ADA,0.7314,305.6,0.2253,1346.56492
2026-09-07T00:40:06.931Z,AVAX,0.1173,10680,7.922,1346.56492
2026-09-07T00:40:06.931Z,DOT,0.6685,1382,1.0195,1346.56492
2026-09-07T00:40:06.931Z,LINK,0.7867,18000,13.263,1346.56492
2026-09-07T00:40:06.931Z,POL,0.5724,132.8,0.09806,1346.56492
2026-09-07T00:40:06.931Z,DOGE,0.9226,123.6,0.09095,1346.56492
2026-09-07T00:40:06.931Z,TRX,0.9816,455.5,0.33498,1346.56492
2026-09-07T00:40:06.931Z,XLM,0.8379,255.9,0.18846,1346.56492
2026-09-07T00:40:06.931Z,SHIB,2.0244,0.0076,5.532e-06,1346.56492
2026-09-07T00:40:06.931Z,BCH,1.3532,355800,260.7,1346.56492
2026-09-07T00:40:06.931Z,UNI,0.4802,9800,7.243,1346.56492
2026-09-07T00:40:06.931Z,AAVE,-0.1009,182800,135.89,1346.56492
2026-09-07T00:40:06.931Z,SUSHI,0.8267,332.5,0.2449,1346.56492
2026-09-07T00:40:06.931Z,LDO,-13.2734,485,0.4153,1346.56492
2026-09-07T00:40:06.931Z,ICP,1.231,3750,2.751,1346.56492
2026-09-07T00:40:06.931Z,NEAR,2.7761,3345,2.417,1346.56492
2026-09-07T00:40:06.931Z,HBAR,0.7784,111.4,0.08209,1346.56492
2026-09-07T00:40:06.931Z,XTZ,0.508,325.9,0.2408,1346.56492
2026-09-07T00:40:06.931Z,DYDX,-10.4643,149.2,0.12375,1346.56492
2026-09-07T00:40:06.931Z,ARB,-0.0926,256.7,0.19081,1346.56492
2026-09-07T00:40:06.931Z,GMX,-5.3666,10160,7.973,1346.56492
2026-09-07T00:40:06.931Z,IMX,-1.9188,176,0.13326,1346.56492
2026-09-07T00:40:06.931Z,INJ,-4.6503,6950,5.413,1346.56492
2026-09-07T00:40:06.931Z,GRT,9.8283,28.75,0.01944,1346.56492
2026-09-07T00:40:06.931Z,SUI,1.2019,1118,0.8204,1346.56492
2026-09-07T00:40:06.931Z,HYPE,0.8344,119200,87.789,1346.56492
2026-09-07T00:45:07.058Z,BTC,0.8979,108840000,80108.6,1346.56492
2026-09-07T00:45:07.058Z,ETH,0.8443,3415000,2514.85,1346.56492
2026-09-07T00:45:07.058Z,SOL,0.8952,144000,105.99,1346.56492
2026-09-07T00:45:07.058Z,BNB,-0.4101,1009000,752.4,1346.56492
2026-09-07T00:45:07.058Z,XRP,0.8452,1931,1.422,1346.56492
2026-09-07T00:45:07.058Z,ADA,0.8559,307.2,0.2262,1346.56492
2026-09-07T00:45:07.058Z,AVAX,1.042,10780,7.923,1346.56492
2026-09-07T00:45:07.058Z,DOT,0.9755,1382,1.0164,1346.56492
2026-09-07T00:45:07.058Z,LINK,0.764,18000,13.266,1346.56492
2026-09-07T00:45:07.058Z,POL,0.5314,132.8,0.0981,1346.56492
2026-09-07T00:45:07.058Z,DOGE,0.8339,123.6,0.09103,1346.56492
2026-09-07T00:45:07.058Z,TRX,0.9564,455.4,0.33499,1346.56492
2026-09-07T00:45:07.058Z,XLM,0.6824,258,0.1903,1346.56492
2026-09-07T00:45:07.058Z,SHIB,1.9507,0.0076,5.536e-06,1346.56492
2026-09-07T00:45:07.058Z,BCH,1.2367,355800,261,1346.56492
2026-09-07T00:45:07.058Z,UNI,0.8142,9800,7.219,1346.56492
2026-09-07T00:45:07.058Z,AAVE,-0.123,182800,135.92,1346.56492
2026-09-07T00:45:07.058Z,SUSHI,1.1157,332.5,0.2442,1346.56492
2026-09-07T00:45:07.058Z,LDO,-13.2107,485,0.415,1346.56492
2026-09-07T00:45:07.058Z,ICP,1.231,3750,2.751,1346.56492
2026-09-07T00:45:07.058Z,NEAR,2.6911,3345,2.419,1346.56492
2026-09-07T00:45:07.058Z,HBAR,0.6436,111.4,0.0822,1346.56492
2026-09-07T00:45:07.058Z,XTZ,0.508,325.9,0.2408,1346.56492
2026-09-07T00:45:07.058Z,DYDX,-10.4498,149.2,0.12373,1346.56492
2026-09-07T00:45:07.058Z,ARB,0.328,256.7,0.19001,1346.56492
2026-09-07T00:45:07.058Z,GMX,-5.212,10160,7.96,1346.56492
2026-09-07T00:45:07.058Z,IMX,-2.0438,176,0.13343,1346.56492
2026-09-07T00:45:07.058Z,INJ,-4.5268,6950,5.406,1346.56492
2026-09-07T00:45:07.058Z,GRT,9.7154,28.75,0.01946,1346.56492
2026-09-07T00:45:07.058Z,SUI,1.4369,1118,0.8185,1346.56492
2026-09-07T00:45:07.058Z,HYPE,0.8402,119200,87.784,1346.56492
2026-09-07T00:50:07.102Z,BTC,0.8205,108755000,80107.5,1346.56492
2026-09-07T00:50:07.102Z,ETH,0.7725,3412000,2514.43,1346.56492
2026-09-07T00:50:07.102Z,SOL,0.768,143900,106.05,1346.56492
2026-09-07T00:50:07.102Z,BNB,-0.3969,1009000,752.3,1346.56492
2026-09-07T00:50:07.102Z,XRP,0.8304,1928,1.42,1346.56492
2026-09-07T00:50:07.102Z,ADA,1.0188,306.2,0.2251,1346.56492
2026-09-07T00:50:07.102Z,AVAX,0.9528,10780,7.93,1346.56492
2026-09-07T00:50:07.102Z,DOT,0.3339,1382,1.0229,1346.56492
2026-09-07T00:50:07.102Z,LINK,0.9973,17990,13.228,1346.56492
2026-09-07T00:50:07.102Z,POL,0.7265,132.8,0.09791,1346.56492
2026-09-07T00:50:07.102Z,DOGE,0.8672,123.6,0.091,1346.56492
2026-09-07T00:50:07.102Z,TRX,0.9896,455.4,0.33488,1346.56492
2026-09-07T00:50:07.102Z,XLM,1.3589,258,0.18903,1346.56492
2026-09-07T00:50:07.102Z,SHIB,2.0429,0.0076,5.531e-06,1346.56492
2026-09-07T00:50:07.102Z,BCH,1.47,355800,260.4,1346.56492
2026-09-07T00:50:07.102Z,UNI,1.3618,9800,7.18,1346.56492
2026-09-07T00:50:07.102Z,AAVE,0.2014,182800,135.48,1346.56492
2026-09-07T00:50:07.102Z,SUSHI,0.6623,332.5,0.2453,1346.56492
2026-09-07T00:50:07.102Z,LDO,-13.022,485,0.4141,1346.56492
2026-09-07T00:50:07.102Z,ICP,1.3784,3750,2.747,1346.56492
2026-09-07T00:50:07.102Z,NEAR,2.9892,3345,2.412,1346.56492
2026-09-07T00:50:07.102Z,HBAR,0.9137,111.4,0.08198,1346.56492
2026-09-07T00:50:07.102Z,XTZ,0.5915,325.9,0.2406,1346.56492
2026-09-07T00:50:07.102Z,DYDX,-10.486,149.2,0.12378,1346.56492
2026-09-07T00:50:07.102Z,ARB,0.2858,256.7,0.19009,1346.56492
2026-09-07T00:50:07.102Z,GMX,-5.045,10160,7.946,1346.56492
2026-09-07T00:50:07.102Z,IMX,-1.9041,176,0.13324,1346.56492
2026-09-07T00:50:07.102Z,INJ,-4.5268,6950,5.406,1346.56492
2026-09-07T00:50:07.102Z,GRT,9.9981,28.75,0.01941,1346.56492
2026-09-07T00:50:07.102Z,SUI,0.4143,1107,0.8187,1346.56492
2026-09-07T00:50:07.102Z,HYPE,0.9414,119200,87.696,1346.56492
2026-09-07T00:55:06.892Z,BTC,0.8285,108755000,80101.1,1346.56492
2026-09-07T00:55:06.892Z,ETH,0.8809,3412000,2511.73,1346.56492
2026-09-07T00:55:06.892Z,SOL,0.8856,144000,106,1346.56492
2026-09-07T00:55:06.892Z,BNB,-0.2378,1009000,751.1,1346.56492
2026-09-07T00:55:06.892Z,XRP,0.8653,1925,1.4173,1346.56492
2026-09-07T00:55:06.892Z,ADA,1.4244,306.2,0.2242,1346.56492
2026-09-07T00:55:06.892Z,AVAX,0.5587,10700,7.902,1346.56492
2026-09-07T00:55:06.892Z,DOT,0.6784,1382,1.0194,1346.56492
2026-09-07T00:55:06.892Z,LINK,1.2318,17920,13.146,1346.56492
2026-09-07T00:55:06.892Z,POL,0.9223,132.8,0.09772,1346.56492
2026-09-07T00:55:06.892Z,DOGE,1.0559,123.6,0.09083,1346.56492
2026-09-07T00:55:06.892Z,TRX,0.9835,455.4,0.3349,1346.56492
2026-09-07T00:55:06.892Z,XLM,1.8275,258,0.18816,1346.56492
2026-09-07T00:55:06.892Z,SHIB,2.3204,0.0076,5.516e-06,1346.56492
2026-09-07T00:55:06.892Z,BCH,1.509,355800,260.3,1346.56492
2026-09-07T00:55:06.892Z,UNI,1.8868,9800,7.143,1346.56492
2026-09-07T00:55:06.892Z,AAVE,0.2384,182800,135.43,1346.56492
2026-09-07T00:55:06.892Z,SUSHI,1.1157,332.5,0.2442,1346.56492
2026-09-07T00:55:06.892Z,LDO,-12.8115,485,0.4131,1346.56492
2026-09-07T00:55:06.892Z,ICP,1.935,3750,2.732,1346.56492
2026-09-07T00:55:06.892Z,NEAR,0.9817,3273,2.407,1346.56492
2026-09-07T00:55:06.892Z,HBAR,1.1234,111.4,0.08181,1346.56492
2026-09-07T00:55:06.892Z,XTZ,0.843,325.9,0.24,1346.56492
2026-09-07T00:55:06.892Z,DYDX,-10.0354,149.2,0.12316,1346.56492
2026-09-07T00:55:06.892Z,ARB,0.5927,256.7,0.18951,1346.56492
2026-09-07T00:55:06.892Z,GMX,-4.8414,10160,7.929,1346.56492
2026-09-07T00:55:06.892Z,IMX,-1.8452,176,0.13316,1346.56492
2026-09-07T00:55:06.892Z,INJ,-4.1011,6950,5.382,1346.56492
2026-09-07T00:55:06.892Z,GRT,10.1683,28.75,0.01938,1346.56492
2026-09-07T00:55:06.892Z,SUI,0.9073,1107,0.8147,1346.56492
2026-09-07T00:55:06.892Z,HYPE,0.9805,119200,87.662,1346.56492
2026-09-07T01:00:06.526Z,BTC,0.8349,108771000,80107.8,1346.56492
2026-09-07T01:00:06.526Z,ETH,0.7694,3408000,2511.56,1346.56492
2026-09-07T01:00:06.526Z,SOL,0.7265,143800,106.02,1346.56492
2026-09-07T01:00:06.526Z,BNB,-0.1048,1009000,750.1,1346.56492
2026-09-07T01:00:06.526Z,XRP,0.8937,1925,1.4169,1346.56492
2026-09-07T01:00:06.526Z,ADA,1.6056,306.2,0.2238,1346.56492
2026-09-07T01:00:06.526Z,AVAX,0.6478,10700,7.895,1346.56492
2026-09-07T01:00:06.526Z,DOT,0.2457,1382,1.0238,1346.56492
2026-09-07T01:00:06.526Z,LINK,0.8978,17850,13.138,1346.56492
2026-09-07T01:00:06.526Z,POL,0.9223,132.8,0.09772,1346.56492
2026-09-07T01:00:06.526Z,DOGE,0.967,123.6,0.09091,1346.56492
2026-09-07T01:00:06.526Z,TRX,0.9594,455.4,0.33498,1346.56492
2026-09-07T01:00:06.526Z,XLM,0.7097,255.1,0.18811,1346.56492
2026-09-07T01:00:06.526Z,SHIB,2.2833,0.0076,5.518e-06,1346.56492
2026-09-07T01:00:06.526Z,BCH,1.7435,355800,259.7,1346.56492
2026-09-07T01:00:06.526Z,UNI,1.6733,9800,7.158,1346.56492
2026-09-07T01:00:06.526Z,AAVE,0.157,182800,135.54,1346.56492
2026-09-07T01:00:06.526Z,SUSHI,0.8267,332.5,0.2449,1346.56492
2026-09-07T01:00:06.526Z,LDO,-12.7481,485,0.4128,1346.56492
2026-09-07T01:00:06.526Z,ICP,1.8232,3750,2.735,1346.56492
2026-09-07T01:00:06.526Z,NEAR,0.8978,3273,2.409,1346.56492
2026-09-07T01:00:06.526Z,HBAR,1.1605,111.4,0.08178,1346.56492
2026-09-07T01:00:06.526Z,XTZ,0.9271,325.9,0.2398,1346.56492
2026-09-07T01:00:06.526Z,DYDX,-9.9549,149.2,0.12305,1346.56492
2026-09-07T01:00:06.526Z,ARB,0.4972,256.7,0.18969,1346.56492
2026-09-07T01:00:06.526Z,GMX,-4.8894,10160,7.933,1346.56492
2026-09-07T01:00:06.526Z,IMX,-1.668,176,0.13292,1346.56492
2026-09-07T01:00:06.526Z,INJ,-4.3676,6950,5.397,1346.56492
2026-09-07T01:00:06.526Z,GRT,10.3391,28.75,0.01935,1346.56492
2026-09-07T01:00:06.526Z,SUI,0.9321,1107,0.8145,1346.56492
2026-09-07T01:00:06.526Z,HYPE,0.9764,119100,87.592,1346.56492
2026-09-07T01:05:07.072Z,BTC,0.702,108744000,80193.6,1346.56492
2026-09-07T01:05:07.072Z,ETH,0.7242,3411000,2514.9,1346.56492
2026-09-07T01:05:07.072Z,SOL,0.499,143800,106.26,1346.56492
2026-09-07T01:05:07.072Z,BNB,-0.1713,1009000,750.6,1346.56492
2026-09-07T01:05:07.072Z,XRP,0.7444,1925,1.419,1346.56492
2026-09-07T01:05:07.072Z,ADA,1.4696,306.2,0.2241,1346.56492
2026-09-07T01:05:07.072Z,AVAX,0.2921,10700,7.923,1346.56492
2026-09-07T01:05:07.072Z,DOT,1.1646,1382,1.0145,1346.56492
2026-09-07T01:05:07.072Z,LINK,0.6221,17850,13.174,1346.56492
2026-09-07T01:05:07.072Z,POL,0.912,132.8,0.09773,1346.56492
2026-09-07T01:05:07.072Z,DOGE,0.6486,123.4,0.09105,1346.56492
2026-09-07T01:05:07.072Z,TRX,0.8256,455,0.33513,1346.56492
2026-09-07T01:05:07.072Z,XLM,0.6643,255.5,0.18849,1346.56492
2026-09-07T01:05:07.072Z,SHIB,0.9557,0.0075,5.517e-06,1346.56492
2026-09-07T01:05:07.072Z,BCH,1.47,355800,260.4,1346.56492
2026-09-07T01:05:07.072Z,UNI,1.2913,9800,7.185,1346.56492
2026-09-07T01:05:07.072Z,AAVE,0.0832,182800,135.64,1346.56492
2026-09-07T01:05:07.072Z,SUSHI,0.3351,332.5,0.2461,1346.56492
2026-09-07T01:05:07.072Z,LDO,-13.064,485,0.4143,1346.56492
2026-09-07T01:05:07.072Z,ICP,1.786,3750,2.736,1346.56492
2026-09-07T01:05:07.072Z,NEAR,0.7724,3273,2.412,1346.56492
2026-09-07T01:05:07.072Z,HBAR,0.9876,111.4,0.08192,1346.56492
2026-09-07T01:05:07.072Z,XTZ,1.0225,325.8,0.2395,1346.56492
2026-09-07T01:05:07.072Z,DYDX,-10.1594,149.2,0.12333,1346.56492
2026-09-07T01:05:07.072Z,ARB,0.8428,256.7,0.18904,1346.56492
2026-09-07T01:05:07.072Z,GMX,-4.9493,10160,7.938,1346.56492
2026-09-07T01:05:07.072Z,IMX,-1.6236,176,0.13286,1346.56492
2026-09-07T01:05:07.072Z,INJ,-4.6679,6950,5.414,1346.56492
2026-09-07T01:05:07.072Z,GRT,10.3391,28.75,0.01935,1346.56492
2026-09-07T01:05:07.072Z,SUI,0.9445,1107,0.8144,1346.56492
2026-09-07T01:05:07.072Z,HYPE,0.7333,118900,87.656,1346.56492
2026-09-07T01:10:06.890Z,BTC,0.8277,108535000,79939.7,1346.56492
2026-09-07T01:10:06.890Z,ETH,0.8461,3400000,2503.76,1346.56492
2026-09-07T01:10:06.890Z,SOL,0.8423,143300,105.53,1346.56492
2026-09-07T01:10:06.890Z,BNB,0.1623,1009000,748.1,1346.56492
2026-09-07T01:10:06.890Z,XRP,0.8751,1915,1.4098,1346.56492
2026-09-07T01:10:06.890Z,ADA,1.0098,302.5,0.2224,1346.56492
2026-09-07T01:10:06.890Z,AVAX,0.766,10680,7.871,1346.56492
2026-09-07T01:10:06.890Z,DOT,2.1819,1382,1.0044,1346.56492
2026-09-07T01:10:06.890Z,LINK,1.0979,17850,13.112,1346.56492
2026-09-07T01:10:06.890Z,POL,1.2921,132.7,0.09729,1346.56492
2026-09-07T01:10:06.890Z,DOGE,0.9129,122.8,0.09037,1346.56492
2026-09-07T01:10:06.890Z,TRX,0.8738,455,0.33497,1346.56492
2026-09-07T01:10:06.890Z,XLM,0.8946,254.4,0.18725,1346.56492
2026-09-07T01:10:06.890Z,SHIB,1.3784,0.0075,5.494e-06,1346.56492
2026-09-07T01:10:06.890Z,BCH,2.0185,355800,259,1346.56492
2026-09-07T01:10:06.890Z,UNI,1.7302,9800,7.154,1346.56492
2026-09-07T01:10:06.890Z,AAVE,0.7816,182800,134.7,1346.56492
2026-09-07T01:10:06.890Z,SUSHI,1.8666,332.5,0.2424,1346.56492
2026-09-07T01:10:06.890Z,LDO,-12.4725,485,0.4115,1346.56492
2026-09-07T01:10:06.890Z,ICP,2.4224,3750,2.719,1346.56492
2026-09-07T01:10:06.890Z,NEAR,0.9591,3241,2.384,1346.56492
2026-09-07T01:10:06.890Z,HBAR,1.6327,111.4,0.0814,1346.56492
2026-09-07T01:10:06.890Z,XTZ,1.5739,325.8,0.2382,1346.56492
2026-09-07T01:10:06.890Z,DYDX,-9.5359,149.2,0.12248,1346.56492
2026-09-07T01:10:06.890Z,ARB,1.1263,256.7,0.18851,1346.56492
2026-09-07T01:10:06.890Z,GMX,-4.4074,10160,7.893,1346.56492
2026-09-07T01:10:06.890Z,IMX,-1.1324,176,0.1322,1346.56492
2026-09-07T01:10:06.890Z,INJ,-4.6503,6950,5.413,1346.56492
2026-09-07T01:10:06.890Z,GRT,11.0277,28.75,0.01923,1346.56492
2026-09-07T01:10:06.890Z,SUI,0.9159,1095,0.8058,1346.56492
2026-09-07T01:10:06.890Z,HYPE,1.0538,118700,87.231,1346.56492
2026-09-07T01:15:06.911Z,BTC,0.8494,108545000,79929.9,1346.56492
2026-09-07T01:15:06.911Z,ETH,0.8263,3403000,2506.46,1346.56492
2026-09-07T01:15:06.911Z,SOL,0.9831,143500,105.53,1346.56492
2026-09-07T01:15:06.911Z,BNB,0.1891,1009000,747.9,1346.56492
2026-09-07T01:15:06.911Z,XRP,0.825,1915,1.4105,1346.56492
2026-09-07T01:15:06.911Z,ADA,1.0098,302.5,0.2224,1346.56492
2026-09-07T01:15:06.911Z,AVAX,0.5743,10680,7.886,1346.56492
2026-09-07T01:15:06.911Z,DOT,1.8271,1382,1.0079,1346.56492
2026-09-07T01:15:06.911Z,LINK,1.0979,17850,13.112,1346.56492
2026-09-07T01:15:06.911Z,POL,1.2088,132.7,0.09737,1346.56492
2026-09-07T01:15:06.911Z,DOGE,1.0997,123,0.09035,1346.56492
2026-09-07T01:15:06.911Z,TRX,0.8436,455,0.33507,1346.56492
2026-09-07T01:15:06.911Z,XLM,0.8354,254.4,0.18736,1346.56492
2026-09-07T01:15:06.911Z,SHIB,1.3046,0.0075,5.498e-06,1346.56492
2026-09-07T01:15:06.911Z,BCH,2.0973,355800,258.8,1346.56492
2026-09-07T01:15:06.911Z,UNI,1.3054,9800,7.184,1346.56492
2026-09-07T01:15:06.911Z,AAVE,0.7741,182800,134.71,1346.56492
2026-09-07T01:15:06.911Z,SUSHI,1.4898,332.5,0.2433,1346.56492
2026-09-07T01:15:06.911Z,LDO,-12.3873,485,0.4111,1346.56492
2026-09-07T01:15:06.911Z,ICP,2.1968,3750,2.725,1346.56492
2026-09-07T01:15:06.911Z,NEAR,0.9168,3241,2.385,1346.56492
2026-09-07T01:15:06.911Z,HBAR,1.6577,111.4,0.08138,1346.56492
2026-09-07T01:15:06.911Z,XTZ,1.6165,325.8,0.2381,1346.56492
2026-09-07T01:15:06.911Z,DYDX,-9.4101,149.2,0.12231,1346.56492
2026-09-07T01:15:06.911Z,ARB,0.439,256.7,0.1898,1346.56492
2026-09-07T01:15:06.911Z,GMX,-4.2254,10160,7.878,1346.56492
2026-09-07T01:15:06.911Z,IMX,-0.8474,176,0.13182,1346.56492
2026-09-07T01:15:06.911Z,INJ,-5.1235,6950,5.44,1346.56492
2026-09-07T01:15:06.911Z,GRT,10.8547,28.75,0.01926,1346.56492
2026-09-07T01:15:06.911Z,SUI,1.167,1095,0.8038,1346.56492
2026-09-07T01:15:06.911Z,HYPE,0.7115,118100,87.085,1346.56492
2026-09-07T01:20:06.896Z,BTC,0.9249,108545000,79870.1,1346.56492
2026-09-07T01:20:06.896Z,ETH,0.836,3400000,2504.01,1346.56492
2026-09-07T01:20:06.896Z,SOL,0.8737,143100,105.35,1346.56492
2026-09-07T01:20:06.896Z,BNB,0.3501,1009000,746.7,1346.56492
2026-09-07T01:20:06.896Z,XRP,0.9247,1912,1.4069,1346.56492
2026-09-07T01:20:06.896Z,ADA,0.8958,300.8,0.2214,1346.56492
2026-09-07T01:20:06.896Z,AVAX,0.9456,10680,7.857,1346.56492
2026-09-07T01:20:06.896Z,DOT,2.3347,1382,1.0029,1346.56492
2026-09-07T01:20:06.896Z,LINK,1.4538,17850,13.066,1346.56492
2026-09-07T01:20:06.896Z,POL,1.3441,132.7,0.09724,1346.56492
2026-09-07T01:20:06.896Z,DOGE,0.8327,122.2,0.09,1346.56492
2026-09-07T01:20:06.896Z,TRX,0.8798,455,0.33495,1346.56492
2026-09-07T01:20:06.896Z,XLM,0.916,253,0.18618,1346.56492
2026-09-07T01:20:06.896Z,SHIB,1.5818,0.0075,5.483e-06,1346.56492
2026-09-07T01:20:06.896Z,BCH,2.4536,355800,257.9,1346.56492
2026-09-07T01:20:06.896Z,UNI,1.6024,9800,7.163,1346.56492
2026-09-07T01:20:06.896Z,AAVE,0.9465,182800,134.48,1346.56492
2026-09-07T01:20:06.896Z,SUSHI,1.6151,332.5,0.243,1346.56492
2026-09-07T01:20:06.896Z,LDO,-12.045,485,0.4095,1346.56492
2026-09-07T01:20:06.896Z,ICP,2.4978,3750,2.717,1346.56492
2026-09-07T01:20:06.896Z,NEAR,0.7228,3209,2.366,1346.56492
2026-09-07T01:20:06.896Z,HBAR,1.9458,111.4,0.08115,1346.56492
2026-09-07T01:20:06.896Z,XTZ,1.8733,325.8,0.2375,1346.56492
2026-09-07T01:20:06.896Z,DYDX,-9.1948,149.2,0.12202,1346.56492
2026-09-07T01:20:06.896Z,ARB,0.233,256.7,0.19019,1346.56492
2026-09-07T01:20:06.896Z,GMX,-4.3347,10160,7.887,1346.56492
2026-09-07T01:20:06.896Z,IMX,-0.6515,176,0.13156,1346.56492
2026-09-07T01:20:06.896Z,INJ,-4.3321,6950,5.395,1346.56492
2026-09-07T01:20:06.896Z,GRT,10.8547,28.75,0.01926,1346.56492
2026-09-07T01:20:06.896Z,SUI,1.2889,1091,0.7999,1346.56492
2026-09-07T01:20:06.896Z,HYPE,0.7902,118100,87.017,1346.56492
2026-09-07T01:25:06.890Z,BTC,0.9256,108532000,79860,1346.56492
2026-09-07T01:25:06.890Z,ETH,0.9471,3401000,2501.99,1346.56492
2026-09-07T01:25:06.890Z,SOL,1.0209,143200,105.27,1346.56492
2026-09-07T01:25:06.890Z,BNB,0.3098,1009000,747,1346.56492
2026-09-07T01:25:06.890Z,XRP,0.9939,1911,1.4052,1346.56492
2026-09-07T01:25:06.890Z,ADA,0.9104,300.3,0.221,1346.56492
2026-09-07T01:25:06.890Z,AVAX,1.9909,10770,7.842,1346.56492
2026-09-07T01:25:06.890Z,DOT,2.2838,1382,1.0034,1346.56492
2026-09-07T01:25:06.890Z,LINK,1.6249,17850,13.044,1346.56492
2026-09-07T01:25:06.890Z,POL,1.4172,132.7,0.09717,1346.56492
2026-09-07T01:25:06.890Z,DOGE,0.9409,122.1,0.08983,1346.56492
2026-09-07T01:25:06.890Z,TRX,0.9099,455,0.33485,1346.56492
2026-09-07T01:25:06.890Z,XLM,0.9815,253.3,0.18628,1346.56492
2026-09-07T01:25:06.890Z,SHIB,1.693,0.0075,5.477e-06,1346.56492
2026-09-07T01:25:06.890Z,BCH,2.7325,355800,257.2,1346.56492
2026-09-07T01:25:06.890Z,UNI,0.8981,9800,7.213,1346.56492
2026-09-07T01:25:06.890Z,AAVE,0.894,182800,134.55,1346.56492
2026-09-07T01:25:06.890Z,SUSHI,1.7826,332.5,0.2426,1346.56492
2026-09-07T01:25:06.890Z,LDO,-12.045,485,0.4095,1346.56492
2026-09-07T01:25:06.890Z,ICP,2.611,3750,2.714,1346.56492
2026-09-07T01:25:06.890Z,NEAR,0.6712,3206,2.365,1346.56492
2026-09-07T01:25:06.890Z,HBAR,2.0716,111.4,0.08105,1346.56492
2026-09-07T01:25:06.890Z,XTZ,2.0882,325.8,0.237,1346.56492
2026-09-07T01:25:06.890Z,DYDX,-9.1502,149.2,0.12196,1346.56492
2026-09-07T01:25:06.890Z,ARB,0.154,256.7,0.19034,1346.56492
2026-09-07T01:25:06.890Z,GMX,-4.2375,10160,7.879,1346.56492
2026-09-07T01:25:06.890Z,IMX,-0.7872,176,0.13174,1346.56492
2026-09-07T01:25:06.890Z,INJ,-5.4017,6950,5.456,1346.56492
2026-09-07T01:25:06.890Z,GRT,10.6823,28.75,0.01929,1346.56492
2026-09-07T01:25:06.890Z,SUI,1.0268,1086,0.7983,1346.56492
2026-09-07T01:25:06.890Z,HYPE,0.5856,118100,87.194,1346.56492
2026-09-07T01:30:06.897Z,BTC,0.8681,108462000,79854,1346.56492
2026-09-07T01:30:06.897Z,ETH,0.8379,3398000,2502.49,1346.56492
2026-09-07T01:30:06.897Z,SOL,0.9058,143200,105.39,1346.56492
2026-09-07T01:30:06.897Z,BNB,0.3635,1009000,746.6,1346.56492
2026-09-07T01:30:06.897Z,XRP,0.8791,1911,1.4068,1346.56492
2026-09-07T01:30:06.897Z,ADA,0.8191,300.3,0.2212,1346.56492
2026-09-07T01:30:06.897Z,AVAX,2.0951,10770,7.834,1346.56492
2026-09-07T01:30:06.897Z,DOT,1.173,1358,0.9968,1346.56492
2026-09-07T01:30:06.897Z,LINK,0.9859,17750,13.053,1346.56492
2026-09-07T01:30:06.897Z,POL,1.3441,132.7,0.09724,1346.56492
2026-09-07T01:30:06.897Z,DOGE,0.7726,122.1,0.08998,1346.56492
2026-09-07T01:30:06.897Z,TRX,0.9009,455,0.33488,1346.56492
2026-09-07T01:30:06.897Z,XLM,0.7659,252.8,0.18631,1346.56492
2026-09-07T01:30:06.897Z,SHIB,1.6745,0.0075,5.478e-06,1346.56492
2026-09-07T01:30:06.897Z,BCH,2.6526,355800,257.4,1346.56492
2026-09-07T01:30:06.897Z,UNI,1.4324,9800,7.175,1346.56492
2026-09-07T01:30:06.897Z,AAVE,1.1194,182800,134.25,1346.56492
2026-09-07T01:30:06.897Z,SUSHI,2.586,332.5,0.2407,1346.56492
2026-09-07T01:30:06.897Z,LDO,-12.1094,485,0.4098,1346.56492
2026-09-07T01:30:06.897Z,ICP,2.6489,3750,2.713,1346.56492
2026-09-07T01:30:06.897Z,NEAR,0.5861,3206,2.367,1346.56492
2026-09-07T01:30:06.897Z,HBAR,2.0968,111.4,0.08103,1346.56492
2026-09-07T01:30:06.897Z,XTZ,2.1313,325.8,0.2369,1346.56492
2026-09-07T01:30:06.897Z,DYDX,-9.1651,149.2,0.12198,1346.56492
2026-09-07T01:30:06.897Z,ARB,0.2225,256.7,0.19021,1346.56492
2026-09-07T01:30:06.897Z,GMX,-4.371,10160,7.89,1346.56492
2026-09-07T01:30:06.897Z,IMX,-0.6817,176,0.1316,1346.56492
2026-09-07T01:30:06.897Z,INJ,-5.6093,6950,5.468,1346.56492
2026-09-07T01:30:06.897Z,GRT,10.5677,28.75,0.01931,1346.56492
2026-09-07T01:30:06.897Z,SUI,0.9004,1086,0.7993,1346.56492
2026-09-07T01:30:06.897Z,HYPE,6.4697,125000,87.188,1346.56492
2026-09-07T01:35:06.885Z,BTC,0.818,108504000,79924.6,1346.56492
2026-09-07T01:35:06.885Z,ETH,0.746,3399000,2505.51,1346.56492
2026-09-07T01:35:06.885Z,SOL,0.8389,143200,105.46,1346.56492
2026-09-07T01:35:06.885Z,BNB,0.2561,1009000,747.4,1346.56492
2026-09-07T01:35:06.885Z,XRP,0.8817,1912,1.4075,1346.56492
2026-09-07T01:35:06.885Z,ADA,0.3202,300.3,0.2223,1346.56492
2026-09-07T01:35:06.885Z,AVAX,2.0039,10770,7.841,1346.56492
2026-09-07T01:35:06.885Z,DOT,1.2644,1358,0.9959,1346.56492
2026-09-07T01:35:06.885Z,LINK,0.6697,17750,13.094,1346.56492
2026-09-07T01:35:06.885Z,POL,1.4485,132.7,0.09714,1346.56492
2026-09-07T01:35:06.885Z,DOGE,0.6384,122.1,0.0901,1346.56492
2026-09-07T01:35:06.885Z,TRX,0.7114,454.2,0.33492,1346.56492
2026-09-07T01:35:06.885Z,XLM,0.8034,253.6,0.18683,1346.56492
2026-09-07T01:35:06.885Z,SHIB,1.6745,0.0075,5.478e-06,1346.56492
2026-09-07T01:35:06.885Z,BCH,0.5142,349200,258,1346.56492
2026-09-07T01:35:06.885Z,UNI,1.3759,9800,7.179,1346.56492
2026-09-07T01:35:06.885Z,AAVE,1.0667,182800,134.32,1346.56492
2026-09-07T01:35:06.885Z,SUSHI,2.9711,332.5,0.2398,1346.56492
2026-09-07T01:35:06.885Z,LDO,-12.2593,485,0.4105,1346.56492
2026-09-07T01:35:06.885Z,ICP,2.6489,3750,2.713,1346.56492
2026-09-07T01:35:06.885Z,NEAR,0.4164,3206,2.371,1346.56492
2026-09-07T01:35:06.885Z,HBAR,0.8058,110.1,0.08111,1346.56492
2026-09-07T01:35:06.885Z,XTZ,2.0451,325.8,0.2371,1346.56492
2026-09-07T01:35:06.885Z,DYDX,-9.1948,149.2,0.12202,1346.56492
2026-09-07T01:35:06.885Z,ARB,0.3227,256.7,0.19002,1346.56492
2026-09-07T01:35:06.885Z,GMX,-4.5283,10160,7.903,1346.56492
2026-09-07T01:35:06.885Z,IMX,-1.1548,176,0.13223,1346.56492
2026-09-07T01:35:06.885Z,INJ,-5.5921,6950,5.467,1346.56492
2026-09-07T01:35:06.885Z,GRT,10.3962,28.75,0.01934,1346.56492
2026-09-07T01:35:06.885Z,SUI,0.8797,1087,0.8002,1346.56492
2026-09-07T01:35:06.885Z,HYPE,0.7274,118200,87.145,1346.56492
2026-09-07T01:40:07.083Z,BTC,0.9375,108548000,79862.3,1346.56492
2026-09-07T01:40:07.083Z,ETH,0.9068,3401000,2502.99,1346.56492
2026-09-07T01:40:07.083Z,SOL,0.9024,143100,105.32,1346.56492
2026-09-07T01:40:07.083Z,BNB,0.3501,1009000,746.7,1346.56492
2026-09-07T01:40:07.083Z,XRP,0.9483,1910,1.4051,1346.56492
2026-09-07T01:40:07.083Z,ADA,0.5011,300.3,0.2219,1346.56492
2026-09-07T01:40:07.083Z,AVAX,2.2517,10770,7.822,1346.56492
2026-09-07T01:40:07.083Z,DOT,1.6113,1358,0.9925,1346.56492
2026-09-07T01:40:07.083Z,LINK,0.6851,17750,13.092,1346.56492
2026-09-07T01:40:07.083Z,POL,1.5635,132.7,0.09703,1346.56492
2026-09-07T01:40:07.083Z,DOGE,0.8062,122.1,0.08995,1346.56492
2026-09-07T01:40:07.083Z,TRX,0.6994,454.2,0.33496,1346.56492
2026-09-07T01:40:07.083Z,XLM,0.8535,253.4,0.18659,1346.56492
2026-09-07T01:40:07.083Z,SHIB,1.8232,0.0075,5.47e-06,1346.56492
2026-09-07T01:40:07.083Z,BCH,0.7876,349200,257.3,1346.56492
2026-09-07T01:40:07.083Z,UNI,1.1083,9800,7.198,1346.56492
2026-09-07T01:40:07.083Z,AAVE,1.2552,182800,134.07,1346.56492
2026-09-07T01:40:07.083Z,SUSHI,3.1,332.5,0.2395,1346.56492
2026-09-07T01:40:07.083Z,LDO,-11.8728,485,0.4087,1346.56492
2026-09-07T01:40:07.083Z,ICP,2.9525,3750,2.705,1346.56492
2026-09-07T01:40:07.083Z,NEAR,0.6712,3206,2.365,1346.56492
2026-09-07T01:40:07.083Z,HBAR,0.9427,110.1,0.081,1346.56492
2026-09-07T01:40:07.083Z,XTZ,2.304,325.8,0.2365,1346.56492
2026-09-07T01:40:07.083Z,DYDX,-8.9636,149.2,0.12171,1346.56492
2026-09-07T01:40:07.083Z,ARB,0.212,256.7,0.19023,1346.56492
2026-09-07T01:40:07.083Z,GMX,-4.1767,10160,7.874,1346.56492
2026-09-07T01:40:07.083Z,IMX,-0.9301,176,0.13193,1346.56492
2026-09-07T01:40:07.083Z,INJ,-5.5575,6950,5.465,1346.56492
2026-09-07T01:40:07.083Z,GRT,10.5677,28.75,0.01931,1346.56492
2026-09-07T01:40:07.083Z,SUI,0.9211,1085,0.7984,1346.56492
2026-09-07T01:40:07.083Z,HYPE,0.8609,118100,86.956,1346.56492
2026-09-07T01:45:06.884Z,BTC,0.902,108462000,79827.1,1346.56492
2026-09-07T01:45:06.884Z,ETH,0.9383,3398000,2500,1346.56492
2026-09-07T01:45:06.884Z,SOL,0.9016,142800,105.1,1346.56492
2026-09-07T01:45:06.884Z,BNB,0.4577,1009000,745.9,1346.56492
2026-09-07T01:45:06.884Z,XRP,0.9288,1908,1.4039,1346.56492
2026-09-07T01:45:06.884Z,ADA,0.7736,300.3,0.2213,1346.56492
2026-09-07T01:45:06.884Z,AVAX,2.5664,10770,7.798,1346.56492
2026-09-07T01:45:06.884Z,DOT,1.7651,1358,0.991,1346.56492
2026-09-07T01:45:06.884Z,LINK,1.0478,17750,13.045,1346.56492
2026-09-07T01:45:06.884Z,POL,1.5844,132.7,0.09701,1346.56492
2026-09-07T01:45:06.884Z,DOGE,0.7867,121.9,0.08982,1346.56492
2026-09-07T01:45:06.884Z,TRX,0.9129,455,0.33484,1346.56492
2026-09-07T01:45:06.884Z,XLM,1.1245,253.4,0.18609,1346.56492
2026-09-07T01:45:06.884Z,SHIB,2.047,0.0075,5.458e-06,1346.56492
2026-09-07T01:45:06.884Z,BCH,1.1809,349200,256.3,1346.56492
2026-09-07T01:45:06.884Z,UNI,1.9154,9800,7.141,1346.56492
2026-09-07T01:45:06.884Z,AAVE,1.5506,182800,133.68,1346.56492
2026-09-07T01:45:06.884Z,SUSHI,3.3157,332.5,0.239,1346.56492
2026-09-07T01:45:06.884Z,LDO,-11.3959,485,0.4065,1346.56492
2026-09-07T01:45:06.884Z,ICP,3.1813,3750,2.699,1346.56492
2026-09-07T01:45:06.884Z,NEAR,0.9272,3206,2.359,1346.56492
2026-09-07T01:45:06.884Z,HBAR,1.08,110.1,0.08089,1346.56492
2026-09-07T01:45:06.884Z,XTZ,2.5208,325.8,0.236,1346.56492
2026-09-07T01:45:06.884Z,DYDX,-8.6182,149.2,0.12125,1346.56492
2026-09-07T01:45:06.884Z,ARB,0.7043,256.7,0.1893,1346.56492
2026-09-07T01:45:06.884Z,GMX,-4.0915,10160,7.867,1346.56492
2026-09-07T01:45:06.884Z,IMX,-0.6515,176,0.13156,1346.56492
2026-09-07T01:45:06.884Z,INJ,-5.0537,6950,5.436,1346.56492
2026-09-07T01:45:06.884Z,GRT,10.9123,28.75,0.01925,1346.56492
2026-09-07T01:45:06.884Z,SUI,1.1829,1084,0.7956,1346.56492
2026-09-07T01:45:06.884Z,HYPE,1.2541,118000,86.545,1346.56492
2026-09-07T01:50:06.732Z,BTC,1.0229,108592000,79827.2,1346.56492
2026-09-07T01:50:06.732Z,ETH,1.0464,3401000,2499.53,1346.56492
2026-09-07T01:50:06.732Z,SOL,1.1232,143100,105.09,1346.56492
2026-09-07T01:50:06.732Z,BNB,0.4039,1009000,746.3,1346.56492
2026-09-07T01:50:06.732Z,XRP,1.068,1909,1.4027,1346.56492
2026-09-07T01:50:06.732Z,ADA,0.8647,300.3,0.2211,1346.56492
2026-09-07T01:50:06.732Z,AVAX,2.6849,10770,7.789,1346.56492
2026-09-07T01:50:06.732Z,DOT,2.2086,1358,0.9867,1346.56492
2026-09-07T01:50:06.732Z,LINK,1.2963,17750,13.013,1346.56492
2026-09-07T01:50:06.732Z,POL,1.553,132.7,0.09704,1346.56492
2026-09-07T01:50:06.732Z,DOGE,0.9224,122.2,0.08992,1346.56492
2026-09-07T01:50:06.732Z,TRX,0.9159,455,0.33483,1346.56492
2026-09-07T01:50:06.732Z,XLM,1.1897,253.4,0.18597,1346.56492
2026-09-07T01:50:06.732Z,SHIB,0.6864,0.0074,5.458e-06,1346.56492
2026-09-07T01:50:06.732Z,BCH,1.2203,349200,256.2,1346.56492
2026-09-07T01:50:06.732Z,UNI,2.7064,9800,7.086,1346.56492
2026-09-07T01:50:06.732Z,AAVE,1.6951,182800,133.49,1346.56492
2026-09-07T01:50:06.732Z,SUSHI,3.2725,332.5,0.2391,1346.56492
2026-09-07T01:50:06.732Z,LDO,-11.1774,485,0.4055,1346.56492
2026-09-07T01:50:06.732Z,ICP,3.2961,3750,2.696,1346.56492
2026-09-07T01:50:06.732Z,NEAR,0.8892,3198,2.354,1346.56492
2026-09-07T01:50:06.732Z,HBAR,1.1175,110.1,0.08086,1346.56492
2026-09-07T01:50:06.732Z,XTZ,2.6077,325.8,0.2358,1346.56492
2026-09-07T01:50:06.732Z,DYDX,-8.6333,149.2,0.12127,1346.56492
2026-09-07T01:50:06.732Z,ARB,1.2176,256.7,0.18834,1346.56492
2026-09-07T01:50:06.732Z,GMX,-3.9449,10160,7.855,1346.56492
2026-09-07T01:50:06.732Z,IMX,-0.8173,176,0.13178,1346.56492
2026-09-07T01:50:06.732Z,INJ,-5.5921,6950,5.467,1346.56492
2026-09-07T01:50:06.732Z,GRT,10.9123,28.75,0.01925,1346.56492
2026-09-07T01:50:06.732Z,SUI,1.1067,1084,0.7962,1346.56492
2026-09-07T01:50:06.732Z,HYPE,0.5847,117400,86.678,1346.56492
2026-09-07T01:55:07.063Z,BTC,1.0781,108738000,79890.8,1346.56492
2026-09-07T01:55:07.063Z,ETH,1.0159,3404000,2502.49,1346.56492
2026-09-07T01:55:07.063Z,SOL,0.9407,143100,105.28,1346.56492
2026-09-07T01:55:07.063Z,BNB,0.2427,1009000,747.5,1346.56492
2026-09-07T01:55:07.063Z,XRP,0.9965,1912,1.4059,1346.56492
2026-09-07T01:55:07.063Z,ADA,0.6371,300.3,0.2216,1346.56492
2026-09-07T01:55:07.063Z,AVAX,2.3957,10770,7.811,1346.56492
2026-09-07T01:55:07.063Z,DOT,2.3019,1358,0.9858,1346.56492
2026-09-07T01:55:07.063Z,LINK,1.2963,17750,13.013,1346.56492
2026-09-07T01:55:07.063Z,POL,1.5007,132.7,0.09709,1346.56492
2026-09-07T01:55:07.063Z,DOGE,0.8409,122.4,0.09014,1346.56492
2026-09-07T01:55:07.063Z,TRX,0.9069,455,0.33486,1346.56492
2026-09-07T01:55:07.063Z,XLM,0.9617,253.4,0.18639,1346.56492
2026-09-07T01:55:07.063Z,SHIB,0.5759,0.0074,5.464e-06,1346.56492
2026-09-07T01:55:07.063Z,BCH,0.9053,349200,257,1346.56492
2026-09-07T01:55:07.063Z,UNI,2.5761,9800,7.095,1346.56492
2026-09-07T01:55:07.063Z,AAVE,1.5126,182800,133.73,1346.56492
2026-09-07T01:55:07.063Z,SUSHI,3.1431,332.5,0.2394,1346.56492
2026-09-07T01:55:07.063Z,LDO,-11.3959,485,0.4065,1346.56492
2026-09-07T01:55:07.063Z,ICP,3.4112,3750,2.693,1346.56492
2026-09-07T01:55:07.063Z,NEAR,0.7608,3198,2.357,1346.56492
2026-09-07T01:55:07.063Z,HBAR,0.8556,110.1,0.08107,1346.56492
2026-09-07T01:55:07.063Z,XTZ,2.1313,325.8,0.2369,1346.56492
2026-09-07T01:55:07.063Z,DYDX,-8.9486,149.2,0.12169,1346.56492
2026-09-07T01:55:07.063Z,ARB,0.3438,256.7,0.18998,1346.56492
2026-09-07T01:55:07.063Z,GMX,-4.0915,10160,7.867,1346.56492
2026-09-07T01:55:07.063Z,IMX,-1.2668,176,0.13238,1346.56492
2026-09-07T01:55:07.063Z,INJ,-5.4884,6950,5.461,1346.56492
2026-09-07T01:55:07.063Z,GRT,10.6823,28.75,0.01929,1346.56492
2026-09-07T01:55:07.063Z,SUI,0.9672,1084,0.7973,1346.56492
2026-09-07T01:55:07.063Z,HYPE,0.5731,117400,86.688,1346.56492
2026-09-07T02:00:06.525Z,BTC,1.1353,108788000,79882.4,1346.56492
2026-09-07T02:00:06.525Z,ETH,1.1084,3408000,2503.14,1346.56492
2026-09-07T02:00:06.525Z,SOL,1.1524,143400,105.28,1346.56492
2026-09-07T02:00:06.525Z,BNB,0.1088,1009000,748.5,1346.56492
2026-09-07T02:00:06.525Z,XRP,1.1021,1914,1.4059,1346.56492
2026-09-07T02:00:06.525Z,ADA,0.6826,300.3,0.2215,1346.56492
2026-09-07T02:00:06.525Z,AVAX,2.2517,10770,7.822,1346.56492
2026-09-07T02:00:06.525Z,DOT,2.2604,1358,0.9862,1346.56492
2026-09-07T02:00:06.525Z,LINK,1.3352,17750,13.008,1346.56492
2026-09-07T02:00:06.525Z,POL,1.6997,132.7,0.0969,1346.56492
2026-09-07T02:00:06.525Z,DOGE,0.9569,122.5,0.09011,1346.56492
2026-09-07T02:00:06.525Z,TRX,0.8768,455,0.33496,1346.56492
2026-09-07T02:00:06.525Z,XLM,1.0159,253.4,0.18629,1346.56492
2026-09-07T02:00:06.525Z,SHIB,0.5023,0.0074,5.468e-06,1346.56492
2026-09-07T02:00:06.525Z,BCH,0.9445,349200,256.9,1346.56492
2026-09-07T02:00:06.525Z,UNI,2.7499,9800,7.083,1346.56492
2026-09-07T02:00:06.525Z,AAVE,1.5886,182800,133.63,1346.56492
2026-09-07T02:00:06.525Z,SUSHI,3.4889,332.5,0.2386,1346.56492
2026-09-07T02:00:06.525Z,LDO,-11.3086,485,0.4061,1346.56492
2026-09-07T02:00:06.525Z,ICP,3.4112,3750,2.693,1346.56492
2026-09-07T02:00:06.525Z,NEAR,0.6754,3198,2.359,1346.56492
2026-09-07T02:00:06.525Z,HBAR,0.9178,110.1,0.08102,1346.56492
2026-09-07T02:00:06.525Z,XTZ,2.3473,325.8,0.2364,1346.56492
2026-09-07T02:00:06.525Z,DYDX,-8.9187,149.2,0.12165,1346.56492
2026-09-07T02:00:06.525Z,ARB,0.529,256.7,0.18963,1346.56492
2026-09-07T02:00:06.525Z,GMX,-4.1037,10160,7.868,1346.56492
2026-09-07T02:00:06.525Z,IMX,-1.2594,176,0.13237,1346.56492
2026-09-07T02:00:06.525Z,INJ,-5.9019,6950,5.485,1346.56492
2026-09-07T02:00:06.525Z,GRT,10.97,28.75,0.01924,1346.56492
2026-09-07T02:00:06.525Z,SUI,1.0432,1084,0.7967,1346.56492
2026-09-07T02:00:06.525Z,HYPE,0.8897,117900,86.784,1346.56492
2026-09-07T02:05:06.901Z,BTC,1.1407,108762000,79859,1346.56492
2026-09-07T02:05:06.901Z,ETH,1.1405,3407000,2501.61,1346.56492
2026-09-07T02:05:06.901Z,SOL,1.2389,143400,105.19,1346.56492
2026-09-07T02:05:06.901Z,BNB,0.1623,1009000,748.1,1346.56492
2026-09-07T02:05:06.901Z,XRP,1.1259,1912,1.4041,1346.56492
2026-09-07T02:05:06.901Z,ADA,0.9104,300.3,0.221,1346.56492
2026-09-07T02:05:06.901Z,AVAX,2.4876,10770,7.804,1346.56492
2026-09-07T02:05:06.901Z,DOT,2.6978,1358,0.982,1346.56492
2026-09-07T02:05:06.901Z,LINK,1.382,17750,13.002,1346.56492
2026-09-07T02:05:06.901Z,POL,1.8258,132.7,0.09678,1346.56492
2026-09-07T02:05:06.901Z,DOGE,1.1364,122.5,0.08995,1346.56492
2026-09-07T02:05:06.901Z,TRX,0.8858,455,0.33493,1346.56492
2026-09-07T02:05:06.901Z,XLM,1.1734,253.4,0.186,1346.56492
2026-09-07T02:05:06.901Z,SHIB,0.6311,0.0074,5.461e-06,1346.56492
2026-09-07T02:05:06.901Z,BCH,1.2203,349200,256.2,1346.56492
2026-09-07T02:05:06.901Z,UNI,2.5183,9800,7.099,1346.56492
2026-09-07T02:05:06.901Z,AAVE,1.718,182800,133.46,1346.56492
2026-09-07T02:05:06.901Z,SUSHI,3.6192,332.5,0.2383,1346.56492
2026-09-07T02:05:06.901Z,LDO,-11.1774,485,0.4055,1346.56492
2026-09-07T02:05:06.901Z,ICP,3.565,3750,2.689,1346.56492
2026-09-07T02:05:06.901Z,NEAR,0.5049,3198,2.363,1346.56492
2026-09-07T02:05:06.901Z,HBAR,1.0925,110.1,0.08088,1346.56492
2026-09-07T02:05:06.901Z,XTZ,2.304,325.8,0.2365,1346.56492
2026-09-07T02:05:06.901Z,DYDX,-8.7536,149.2,0.12143,1346.56492
2026-09-07T02:05:06.901Z,ARB,0.9656,256.7,0.18881,1346.56492
2026-09-07T02:05:06.901Z,GMX,-4.371,10160,7.89,1346.56492
2026-09-07T02:05:06.901Z,IMX,-0.9075,176,0.1319,1346.56492
2026-09-07T02:05:06.901Z,INJ,-6.056,6950,5.494,1346.56492
2026-09-07T02:05:06.901Z,GRT,11.2012,28.75,0.0192,1346.56492
2026-09-07T02:05:06.901Z,SUI,1.272,1084,0.7949,1346.56492
2026-09-07T02:05:06.901Z,HYPE,1.0399,117900,86.655,1346.56492
2026-09-07T02:10:06.879Z,BTC,1.1339,108651000,79782.9,1346.56492
2026-09-07T02:10:06.879Z,ETH,1.0881,3401000,2498.5,1346.56492
2026-09-07T02:10:06.879Z,SOL,1.1166,142900,104.95,1346.56492
2026-09-07T02:10:06.879Z,BNB,0.2427,1009000,747.5,1346.56492
2026-09-07T02:10:06.879Z,XRP,1.21,1911,1.4022,1346.56492
2026-09-07T02:10:06.879Z,ADA,1.2095,300.1,0.2202,1346.56492
2026-09-07T02:10:06.879Z,AVAX,2.6059,10770,7.795,1346.56492
2026-09-07T02:10:06.879Z,DOT,2.8444,1358,0.9806,1346.56492
2026-09-07T02:10:06.879Z,LINK,1.6635,17750,12.966,1346.56492
2026-09-07T02:10:06.879Z,POL,1.9945,132.7,0.09662,1346.56492
2026-09-07T02:10:06.879Z,DOGE,1.2941,122.5,0.08981,1346.56492
2026-09-07T02:10:06.879Z,TRX,0.9491,455,0.33472,1346.56492
2026-09-07T02:10:06.879Z,XLM,1.1258,252.6,0.1855,1346.56492
2026-09-07T02:10:06.879Z,SHIB,2.1781,0.0075,5.451e-06,1346.56492
2026-09-07T02:10:06.879Z,BCH,1.4183,349200,255.7,1346.56492
2026-09-07T02:10:06.879Z,UNI,3.5393,9800,7.029,1346.56492
2026-09-07T02:10:06.879Z,AAVE,2.1235,182800,132.93,1346.56492
2026-09-07T02:10:06.879Z,SUSHI,4.2316,332.5,0.2369,1346.56492
2026-09-07T02:10:06.879Z,LDO,-10.8697,485,0.4041,1346.56492
2026-09-07T02:10:06.879Z,ICP,3.6036,3750,2.688,1346.56492
2026-09-07T02:10:06.879Z,NEAR,0.42,3198,2.365,1346.56492
2026-09-07T02:10:06.879Z,HBAR,1.3431,110.1,0.08068,1346.56492
2026-09-07T02:10:06.879Z,XTZ,2.6077,325.8,0.2358,1346.56492
2026-09-07T02:10:06.879Z,DYDX,-8.5126,149.2,0.12111,1346.56492
2026-09-07T02:10:06.879Z,ARB,2.2491,256.7,0.18644,1346.56492
2026-09-07T02:10:06.879Z,GMX,-4.2254,10160,7.878,1346.56492
2026-09-07T02:10:06.879Z,IMX,-0.591,176,0.13148,1346.56492
2026-09-07T02:10:06.879Z,INJ,-6.1073,6950,5.497,1346.56492
2026-09-07T02:10:06.879Z,GRT,11.6081,28.75,0.01913,1346.56492
2026-09-07T02:10:06.879Z,SUI,1.2039,1080,0.7925,1346.56492
2026-09-07T02:10:06.879Z,HYPE,1.0469,117900,86.649,1346.56492
2026-09-07T02:15:06.901Z,BTC,1.1186,108658000,79800.1,1346.56492
2026-09-07T02:15:06.901Z,ETH,1.1299,3404000,2499.67,1346.56492
2026-09-07T02:15:06.901Z,SOL,0.9339,142900,105.14,1346.56492
2026-09-07T02:15:06.901Z,BNB,0.1355,1009000,748.3,1346.56492
2026-09-07T02:15:06.901Z,XRP,1.1692,1912,1.4035,1346.56492
2026-09-07T02:15:06.901Z,ADA,2.0444,303.4,0.2208,1346.56492
2026-09-07T02:15:06.901Z,AVAX,2.4219,10770,7.809,1346.56492
2026-09-07T02:15:06.901Z,DOT,2.4682,1358,0.9842,1346.56492
2026-09-07T02:15:06.901Z,LINK,1.7577,17750,12.954,1346.56492
2026-09-07T02:15:06.901Z,POL,1.9312,132.7,0.09668,1346.56492
2026-09-07T02:15:06.901Z,DOGE,1.1252,122.5,0.08996,1346.56492
2026-09-07T02:15:06.901Z,TRX,0.9461,455,0.33473,1346.56492
2026-09-07T02:15:06.901Z,XLM,0.9987,252.5,0.18566,1346.56492
2026-09-07T02:15:06.901Z,SHIB,1.991,0.0075,5.461e-06,1346.56492
2026-09-07T02:15:06.901Z,BCH,1.2994,349200,256,1346.56492
2026-09-07T02:15:06.901Z,UNI,3.4216,9800,7.037,1346.56492
2026-09-07T02:15:06.901Z,AAVE,1.8324,182800,133.31,1346.56492
2026-09-07T02:15:06.901Z,SUSHI,4.0997,332.5,0.2372,1346.56492
2026-09-07T02:15:06.901Z,LDO,-11.1555,485,0.4054,1346.56492
2026-09-07T02:15:06.901Z,ICP,3.565,3750,2.689,1346.56492
2026-09-07T02:15:06.901Z,NEAR,-0.129,3198,2.378,1346.56492
2026-09-07T02:15:06.901Z,HBAR,1.2176,110.1,0.08078,1346.56492
2026-09-07T02:15:06.901Z,XTZ,2.5208,325.8,0.236,1346.56492
2026-09-07T02:15:06.901Z,DYDX,-8.7987,149.2,0.12149,1346.56492
2026-09-07T02:15:06.901Z,ARB,1.8285,256.7,0.18721,1346.56492
2026-09-07T02:15:06.901Z,GMX,-3.8593,10160,7.848,1346.56492
2026-09-07T02:15:06.901Z,IMX,-0.6967,176,0.13162,1346.56492
2026-09-07T02:15:06.901Z,INJ,-5.8504,6950,5.482,1346.56492
2026-09-07T02:15:06.901Z,GRT,11.3752,28.75,0.01917,1346.56492
2026-09-07T02:15:06.901Z,SUI,0.8983,1080,0.7949,1346.56492
2026-09-07T02:15:06.901Z,HYPE,1.0027,118100,86.834,1346.56492
2026-09-07T02:20:07.008Z,BTC,1.0675,108760000,79915.4,1346.56492
2026-09-07T02:20:07.008Z,ETH,1.003,3406000,2504.28,1346.56492
2026-09-07T02:20:07.008Z,SOL,0.9606,143400,105.48,1346.56492
2026-09-07T02:20:07.008Z,BNB,-0.0781,1009000,749.9,1346.56492
2026-09-07T02:20:07.008Z,XRP,1.1502,1916,1.4067,1346.56492
2026-09-07T02:20:07.008Z,ADA,1.1027,300.6,0.2208,1346.56492
2026-09-07T02:20:07.008Z,AVAX,2.2125,10770,7.825,1346.56492
2026-09-07T02:20:07.008Z,DOT,2.4994,1358,0.9839,1346.56492
2026-09-07T02:20:07.008Z,LINK,1.6008,17750,12.974,1346.56492
2026-09-07T02:20:07.008Z,POL,0.1256,130.7,0.09694,1346.56492
2026-09-07T02:20:07.008Z,DOGE,0.9121,122.5,0.09015,1346.56492
2026-09-07T02:20:07.008Z,TRX,0.9159,455,0.33483,1346.56492
2026-09-07T02:20:07.008Z,XLM,0.8294,253,0.18634,1346.56492
2026-09-07T02:20:07.008Z,SHIB,1.6188,0.0075,5.481e-06,1346.56492
2026-09-07T02:20:07.008Z,BCH,1.1414,349200,256.4,1346.56492
2026-09-07T02:20:07.008Z,UNI,3.3188,9800,7.044,1346.56492
2026-09-07T02:20:07.008Z,AAVE,1.6571,182800,133.54,1346.56492
2026-09-07T02:20:07.008Z,SUSHI,3.7934,332.5,0.2379,1346.56492
2026-09-07T02:20:07.008Z,LDO,-11.3304,485,0.4062,1346.56492
2026-09-07T02:20:07.008Z,ICP,3.1049,3750,2.701,1346.56492
2026-09-07T02:20:07.008Z,NEAR,-0.129,3198,2.378,1346.56492
2026-09-07T02:20:07.008Z,HBAR,0.8556,110.1,0.08107,1346.56492
2026-09-07T02:20:07.008Z,XTZ,2.2176,325.8,0.2367,1346.56492
2026-09-07T02:20:07.008Z,DYDX,-9.0234,149.2,0.12179,1346.56492
2026-09-07T02:20:07.008Z,ARB,2.0411,256.7,0.18682,1346.56492
2026-09-07T02:20:07.008Z,GMX,-4.1767,10160,7.874,1346.56492
2026-09-07T02:20:07.008Z,IMX,-0.9826,176,0.132,1346.56492
2026-09-07T02:20:07.008Z,INJ,-5.8332,6950,5.481,1346.56492
2026-09-07T02:20:07.008Z,GRT,11.4915,28.75,0.01915,1346.56492
2026-09-07T02:20:07.008Z,SUI,1.1451,1087,0.7981,1346.56492
2026-09-07T02:20:07.008Z,HYPE,1.1044,118400,86.967,1346.56492
2026-09-07T02:25:06.920Z,BTC,1.042,108750000,79928.2,1346.56492
2026-09-07T02:25:06.920Z,ETH,1.001,3406000,2504.33,1346.56492
2026-09-07T02:25:06.920Z,SOL,1.0855,143700,105.57,1346.56492
2026-09-07T02:25:06.920Z,BNB,-0.2112,1009000,750.9,1346.56492
2026-09-07T02:25:06.920Z,XRP,1.1527,1917,1.4074,1346.56492
2026-09-07T02:25:06.920Z,ADA,1.0718,300.1,0.2205,1346.56492
2026-09-07T02:25:06.920Z,AVAX,2.3433,10770,7.815,1346.56492
2026-09-07T02:25:06.920Z,DOT,2.6769,1358,0.9822,1346.56492
2026-09-07T02:25:06.920Z,LINK,1.6792,17750,12.964,1346.56492
2026-09-07T02:25:06.920Z,POL,-0.0599,130.7,0.09712,1346.56492
2026-09-07T02:25:06.920Z,DOGE,0.8673,122.5,0.09019,1346.56492
2026-09-07T02:25:06.920Z,TRX,0.9069,455,0.33486,1346.56492
2026-09-07T02:25:06.920Z,XLM,0.8565,253,0.18629,1346.56492
2026-09-07T02:25:06.920Z,SHIB,1.5632,0.0075,5.484e-06,1346.56492
2026-09-07T02:25:06.920Z,BCH,1.1414,349200,256.4,1346.56492
2026-09-07T02:25:06.920Z,UNI,3.4657,9800,7.034,1346.56492
2026-09-07T02:25:06.920Z,AAVE,1.6418,182800,133.56,1346.56492
2026-09-07T02:25:06.920Z,SUSHI,3.6192,332.5,0.2383,1346.56492
2026-09-07T02:25:06.920Z,LDO,-11.2649,485,0.4059,1346.56492
2026-09-07T02:25:06.920Z,ICP,3.2196,3750,2.698,1346.56492
2026-09-07T02:25:06.920Z,NEAR,1.1936,3224,2.366,1346.56492
2026-09-07T02:25:06.920Z,HBAR,0.868,110.1,0.08106,1346.56492
2026-09-07T02:25:06.920Z,XTZ,2.2608,325.8,0.2366,1346.56492
2026-09-07T02:25:06.920Z,DYDX,-9.0308,149.2,0.1218,1346.56492
2026-09-07T02:25:06.920Z,ARB,2.5792,256.7,0.18584,1346.56492
2026-09-07T02:25:06.920Z,GMX,-4.0915,10160,7.867,1346.56492
2026-09-07T02:25:06.920Z,IMX,-1.0276,176,0.13206,1346.56492
2026-09-07T02:25:06.920Z,INJ,-5.73,6950,5.475,1346.56492
2026-09-07T02:25:06.920Z,GRT,11.6081,28.75,0.01913,1346.56492
2026-09-07T02:25:06.920Z,SUI,1.0945,1087,0.7985,1346.56492
2026-09-07T02:25:06.920Z,HYPE,1.0893,118400,86.98,1346.56492
2026-09-07T02:30:06.998Z,BTC,1.0435,108863000,80010.1,1346.56492
2026-09-07T02:30:06.998Z,ETH,0.9715,3413000,2510.21,1346.56492
2026-09-07T02:30:06.998Z,SOL,1.0477,144000,105.83,1346.56492
2026-09-07T02:30:06.998Z,BNB,1.4204,1027000,752,1346.56492
2026-09-07T02:30:06.998Z,XRP,1.0306,1917,1.4091,1346.56492
2026-09-07T02:30:06.998Z,ADA,1.0541,301,0.2212,1346.56492
2026-09-07T02:30:06.998Z,AVAX,2.1733,10770,7.828,1346.56492
2026-09-07T02:30:06.998Z,DOT,2.8025,1358,0.981,1346.56492
2026-09-07T02:30:06.998Z,LINK,1.4991,17750,12.987,1346.56492
2026-09-07T02:30:06.998Z,POL,-0.2961,130.7,0.09735,1346.56492
2026-09-07T02:30:06.998Z,DOGE,0.8002,122.5,0.09025,1346.56492
2026-09-07T02:30:06.998Z,TRX,1.1256,456,0.33487,1346.56492
2026-09-07T02:30:06.998Z,XLM,0.5165,253,0.18692,1346.56492
2026-09-07T02:30:06.998Z,SHIB,1.4707,0.0075,5.489e-06,1346.56492
2026-09-07T02:30:06.998Z,BCH,0.866,349200,257.1,1346.56492
2026-09-07T02:30:06.998Z,UNI,3.4069,9800,7.038,1346.56492
2026-09-07T02:30:06.998Z,AAVE,1.4519,182800,133.81,1346.56492
2026-09-07T02:30:06.998Z,SUSHI,3.5758,332.5,0.2384,1346.56492
2026-09-07T02:30:06.998Z,LDO,-11.5482,485,0.4072,1346.56492
2026-09-07T02:30:06.998Z,ICP,2.9905,3750,2.704,1346.56492
2026-09-07T02:30:06.998Z,NEAR,1.0654,3224,2.369,1346.56492
2026-09-07T02:30:06.998Z,HBAR,0.7313,110.1,0.08117,1346.56492
2026-09-07T02:30:06.998Z,XTZ,2.2176,325.8,0.2367,1346.56492
2026-09-07T02:30:06.998Z,DYDX,-8.9935,149.2,0.12175,1346.56492
2026-09-07T02:30:06.998Z,ARB,2.1888,256.7,0.18655,1346.56492
2026-09-07T02:30:06.998Z,GMX,-4.1158,10160,7.869,1346.56492
2026-09-07T02:30:06.998Z,IMX,-1.2146,176,0.13231,1346.56492
2026-09-07T02:30:06.998Z,INJ,-5.7988,6950,5.479,1346.56492
2026-09-07T02:30:06.998Z,GRT,11.3752,28.75,0.01917,1346.56492
2026-09-07T02:30:06.998Z,SUI,1.2467,1090,0.7995,1346.56492
2026-09-07T02:30:06.998Z,HYPE,0.9813,118400,87.073,1346.56492
2026-09-07T02:35:06.884Z,BTC,1.081,108856000,79975.2,1346.56492
2026-09-07T02:35:06.884Z,ETH,1.0691,3416000,2509.99,1346.56492
2026-09-07T02:35:06.884Z,SOL,1.1528,144000,105.72,1346.56492
2026-09-07T02:35:06.884Z,BNB,1.4204,1027000,752,1346.56492
2026-09-07T02:35:06.884Z,XRP,1.0618,1918,1.4094,1346.56492
2026-09-07T02:35:06.884Z,ADA,1.0998,301,0.2211,1346.56492
2026-09-07T02:35:06.884Z,AVAX,0.5961,10620,7.84,1346.56492
2026-09-07T02:35:06.884Z,DOT,1.0371,1334,0.9805,1346.56492
2026-09-07T02:35:06.884Z,LINK,0.6774,17750,13.093,1346.56492
2026-09-07T02:35:06.884Z,POL,-0.2141,130.7,0.09727,1346.56492
2026-09-07T02:35:06.884Z,DOGE,1.0432,122.7,0.09018,1346.56492
2026-09-07T02:35:06.884Z,TRX,1.1105,456,0.33492,1346.56492
2026-09-07T02:35:06.884Z,XLM,0.4789,253,0.18699,1346.56492
2026-09-07T02:35:06.884Z,SHIB,1.4338,0.0075,5.491e-06,1346.56492
2026-09-07T02:35:06.884Z,BCH,1.0232,349200,256.7,1346.56492
2026-09-07T02:35:06.884Z,UNI,3.8051,9800,7.011,1346.56492
2026-09-07T02:35:06.884Z,AAVE,1.4519,182800,133.81,1346.56492
2026-09-07T02:35:06.884Z,SUSHI,3.8371,332.5,0.2378,1346.56492
2026-09-07T02:35:06.884Z,LDO,-11.8297,485,0.4085,1346.56492
2026-09-07T02:35:06.884Z,ICP,2.9525,3750,2.705,1346.56492
2026-09-07T02:35:06.884Z,NEAR,1.0228,3224,2.37,1346.56492
2026-09-07T02:35:06.884Z,HBAR,0.6941,110.1,0.0812,1346.56492
2026-09-07T02:35:06.884Z,XTZ,2.2176,325.8,0.2367,1346.56492
2026-09-07T02:35:06.884Z,DYDX,-8.9261,149.2,0.12166,1346.56492
2026-09-07T02:35:06.884Z,ARB,2.491,256.7,0.186,1346.56492
2026-09-07T02:35:06.884Z,GMX,-4.1767,10160,7.874,1346.56492
2026-09-07T02:35:06.884Z,IMX,-1.1548,176,0.13223,1346.56492
2026-09-07T02:35:06.884Z,INJ,-7.0039,6950,5.55,1346.56492
2026-09-07T02:35:06.884Z,GRT,11.4915,28.75,0.01915,1346.56492
2026-09-07T02:35:06.884Z,SUI,0.9977,1088,0.8,1346.56492
2026-09-07T02:35:06.884Z,HYPE,1.0451,118400,87.018,1346.56492
2026-09-07T02:40:06.871Z,BTC,0.9849,109330000,80399.9,1346.56492
2026-09-07T02:40:06.871Z,ETH,0.9871,3446000,2534.09,1346.56492
2026-09-07T02:40:06.871Z,SOL,0.8133,145200,106.96,1346.56492
2026-09-07T02:40:06.871Z,BNB,0.9773,1027000,755.3,1346.56492
2026-09-07T02:40:06.871Z,XRP,0.9749,1943,1.429,1346.56492
2026-09-07T02:40:06.871Z,ADA,0.8257,304.8,0.2245,1346.56492
2026-09-07T02:40:06.871Z,AVAX,0.8637,10780,7.937,1346.56492
2026-09-07T02:40:06.871Z,DOT,-0.5253,1334,0.9959,1346.56492
2026-09-07T02:40:06.871Z,LINK,0.5838,17980,13.275,1346.56492
2026-09-07T02:40:06.871Z,POL,0.6931,133,0.09809,1346.56492
2026-09-07T02:40:06.871Z,DOGE,1.0199,124.1,0.09123,1346.56492
2026-09-07T02:40:06.871Z,TRX,1.002,456,0.33528,1346.56492
2026-09-07T02:40:06.871Z,XLM,0.4975,256.2,0.18932,1346.56492
2026-09-07T02:40:06.871Z,SHIB,0.3555,0.0075,5.55e-06,1346.56492
2026-09-07T02:40:06.871Z,BCH,-0.259,349200,260,1346.56492
2026-09-07T02:40:06.871Z,UNI,2.5039,9800,7.1,1346.56492
2026-09-07T02:40:06.871Z,AAVE,0.0684,182800,135.66,1346.56492
2026-09-07T02:40:06.871Z,SUSHI,2.1616,332.5,0.2417,1346.56492
2026-09-07T02:40:06.871Z,LDO,-13.085,485,0.4144,1346.56492
2026-09-07T02:40:06.871Z,ICP,1.786,3750,2.736,1346.56492
2026-09-07T02:40:06.871Z,NEAR,-0.1568,3224,2.398,1346.56492
2026-09-07T02:40:06.871Z,HBAR,-0.2761,110.1,0.08199,1346.56492
2026-09-07T02:40:06.871Z,XTZ,1.4036,325.8,0.2386,1346.56492
2026-09-07T02:40:06.871Z,DYDX,-9.9696,149.2,0.12307,1346.56492
2026-09-07T02:40:06.871Z,ARB,1.223,256.7,0.18833,1346.56492
2026-09-07T02:40:06.871Z,GMX,-5.0211,10160,7.944,1346.56492
2026-09-07T02:40:06.871Z,IMX,-2.3147,176,0.1338,1346.56492
2026-09-07T02:40:06.871Z,INJ,-7.4542,6950,5.577,1346.56492
2026-09-07T02:40:06.871Z,GRT,10.3391,28.75,0.01935,1346.56492
2026-09-07T02:40:06.871Z,SUI,0.956,1104,0.8121,1346.56492
2026-09-07T02:40:06.871Z,HYPE,0.3887,118400,87.587,1346.56492
2026-09-07T02:45:06.875Z,BTC,1.051,109146000,80212.1,1346.56492
2026-09-07T02:45:06.875Z,ETH,1.0427,3437000,2526.08,1346.56492
2026-09-07T02:45:06.875Z,SOL,1.1002,145300,106.73,1346.56492
2026-09-07T02:45:06.875Z,BNB,1.1916,1027000,753.7,1346.56492
2026-09-07T02:45:06.875Z,XRP,1.0211,1936,1.4232,1346.56492
2026-09-07T02:45:06.875Z,ADA,1.0812,305.3,0.2243,1346.56492
2026-09-07T02:45:06.875Z,AVAX,1.2849,10780,7.904,1346.56492
2026-09-07T02:45:06.875Z,DOT,-0.1744,1334,0.9924,1346.56492
2026-09-07T02:45:06.875Z,LINK,0.8344,17980,13.242,1346.56492
2026-09-07T02:45:06.875Z,POL,0.7958,133,0.09799,1346.56492
2026-09-07T02:45:06.875Z,DOGE,1.2975,124.1,0.09098,1346.56492
2026-09-07T02:45:06.875Z,TRX,1.0523,456.2,0.33526,1346.56492
2026-09-07T02:45:06.875Z,XLM,0.8719,257.1,0.18928,1346.56492
2026-09-07T02:45:06.875Z,SHIB,0.3735,0.0075,5.549e-06,1346.56492
2026-09-07T02:45:06.875Z,BCH,-0.1438,349200,259.7,1346.56492
2026-09-07T02:45:06.875Z,UNI,2.1299,9800,7.126,1346.56492
2026-09-07T02:45:06.875Z,AAVE,0.4015,182800,135.21,1346.56492
2026-09-07T02:45:06.875Z,SUSHI,1.6988,332.5,0.2428,1346.56492
2026-09-07T02:45:06.875Z,LDO,-12.9379,485,0.4137,1346.56492
2026-09-07T02:45:06.875Z,ICP,1.6374,3750,2.74,1346.56492
2026-09-07T02:45:06.875Z,NEAR,0.7306,3273,2.413,1346.56492
2026-09-07T02:45:06.875Z,HBAR,-0.2031,110.1,0.08193,1346.56492
2026-09-07T02:45:06.875Z,XTZ,1.4461,325.8,0.2385,1346.56492
2026-09-07T02:45:06.875Z,DYDX,-9.9769,149.2,0.12308,1346.56492
2026-09-07T02:45:06.875Z,ARB,2.063,256.7,0.18678,1346.56492
2026-09-07T02:45:06.875Z,GMX,-4.8654,10160,7.931,1346.56492
2026-09-07T02:45:06.875Z,IMX,-2.6059,176,0.1342,1346.56492
2026-09-07T02:45:06.875Z,INJ,-7.8343,6950,5.6,1346.56492
2026-09-07T02:45:06.875Z,GRT,10.7397,28.75,0.01928,1346.56492
2026-09-07T02:45:06.875Z,SUI,1.0065,1107,0.8139,1346.56492
2026-09-07T02:45:06.875Z,HYPE,0.8245,118800,87.503,1346.56492
2026-09-07T02:50:07.078Z,BTC,1.0487,109140000,80209.5,1346.56492
2026-09-07T02:50:07.078Z,ETH,1.107,3436000,2523.74,1346.56492
2026-09-07T02:50:07.078Z,SOL,1.1381,145300,106.69,1346.56492
2026-09-07T02:50:07.078Z,BNB,1.2454,1027000,753.3,1346.56492
2026-09-07T02:50:07.078Z,XRP,1.0946,1937,1.4229,1346.56492
2026-09-07T02:50:07.078Z,ADA,1.2165,305.3,0.224,1346.56492
2026-09-07T02:50:07.078Z,AVAX,1.2336,10780,7.908,1346.56492
2026-09-07T02:50:07.078Z,DOT,-0.1442,1334,0.9921,1346.56492
2026-09-07T02:50:07.078Z,LINK,0.5686,17980,13.277,1346.56492
2026-09-07T02:50:07.078Z,POL,0.6828,133,0.0981,1346.56492
2026-09-07T02:50:07.078Z,DOGE,1.5766,124.1,0.09073,1346.56492
2026-09-07T02:50:07.078Z,TRX,1.1339,456.8,0.33543,1346.56492
2026-09-07T02:50:07.078Z,XLM,0.8709,257.6,0.18965,1346.56492
2026-09-07T02:50:07.078Z,SHIB,0.5366,0.0075,5.54e-06,1346.56492
2026-09-07T02:50:07.078Z,BCH,-0.2207,349200,259.9,1346.56492
2026-09-07T02:50:07.078Z,UNI,2.1442,9800,7.125,1346.56492
2026-09-07T02:50:07.078Z,AAVE,0.513,182800,135.06,1346.56492
2026-09-07T02:50:07.078Z,SUSHI,1.9507,332.5,0.2422,1346.56492
2026-09-07T02:50:07.078Z,LDO,-12.9379,485,0.4137,1346.56492
2026-09-07T02:50:07.078Z,ICP,1.4522,3750,2.745,1346.56492
2026-09-07T02:50:07.078Z,NEAR,0.8142,3273,2.411,1346.56492
2026-09-07T02:50:07.078Z,HBAR,-0.3004,110.1,0.08201,1346.56492
2026-09-07T02:50:07.078Z,XTZ,1.5313,325.8,0.2383,1346.56492
2026-09-07T02:50:07.078Z,DYDX,-10.0354,149.2,0.12316,1346.56492
2026-09-07T02:50:07.078Z,ARB,0.6393,251.1,0.18529,1346.56492
2026-09-07T02:50:07.078Z,GMX,-4.9134,10160,7.935,1346.56492
2026-09-07T02:50:07.078Z,IMX,-2.4022,176,0.13392,1346.56492
2026-09-07T02:50:07.078Z,INJ,-8.2113,6950,5.623,1346.56492
2026-09-07T02:50:07.078Z,GRT,10.7397,28.75,0.01928,1346.56492
2026-09-07T02:50:07.078Z,SUI,1.0233,1108,0.8145,1346.56492
2026-09-07T02:50:07.078Z,HYPE,0.8718,118800,87.462,1346.56492
2026-09-07T02:55:06.879Z,BTC,1.1694,109055000,80051.4,1346.56492
2026-09-07T02:55:06.879Z,ETH,1.4358,3436000,2515.56,1346.56492
2026-09-07T02:55:06.879Z,SOL,0.9849,144400,106.19,1346.56492
2026-09-07T02:55:06.879Z,BNB,1.596,1027000,750.7,1346.56492
2026-09-07T02:55:06.879Z,XRP,1.113,1930,1.4175,1346.56492
2026-09-07T02:55:06.879Z,ADA,1.5793,305.3,0.2232,1346.56492
2026-09-07T02:55:06.879Z,AVAX,1.5289,10780,7.885,1346.56492
2026-09-07T02:55:06.879Z,DOT,0.108,1334,0.9896,1346.56492
2026-09-07T02:55:06.879Z,LINK,1.4445,18000,13.177,1346.56492
2026-09-07T02:55:06.879Z,POL,0.971,133,0.09782,1346.56492
2026-09-07T02:55:06.879Z,DOGE,1.1818,123.1,0.09035,1346.56492
2026-09-07T02:55:06.879Z,TRX,1.2396,456.8,0.33508,1346.56492
2026-09-07T02:55:06.879Z,XLM,1.1375,257.6,0.18915,1346.56492
2026-09-07T02:55:06.879Z,SHIB,0.9191,0.0075,5.519e-06,1346.56492
2026-09-07T02:55:06.879Z,BCH,0.3197,349200,258.5,1346.56492
2026-09-07T02:55:06.879Z,UNI,1.9297,9800,7.14,1346.56492
2026-09-07T02:55:06.879Z,AAVE,1.0667,182800,134.32,1346.56492
2026-09-07T02:55:06.879Z,SUSHI,2.1194,332.5,0.2418,1346.56492
2026-09-07T02:55:06.879Z,LDO,-12.7481,485,0.4128,1346.56492
2026-09-07T02:55:06.879Z,ICP,1.1942,3750,2.752,1346.56492
2026-09-07T02:55:06.879Z,NEAR,0.9398,3273,2.408,1346.56492
2026-09-07T02:55:06.879Z,HBAR,0.3111,110.1,0.08151,1346.56492
2026-09-07T02:55:06.879Z,XTZ,1.5739,325.8,0.2382,1346.56492
2026-09-07T02:55:06.879Z,DYDX,-9.6244,149.2,0.1226,1346.56492
2026-09-07T02:55:06.879Z,ARB,1.0045,251.1,0.18462,1346.56492
2026-09-07T02:55:06.879Z,GMX,-4.7212,10160,7.919,1346.56492
2026-09-07T02:55:06.879Z,IMX,-2.2709,176,0.13374,1346.56492
2026-09-07T02:55:06.879Z,INJ,-7.6014,6980,5.61,1346.56492
2026-09-07T02:55:06.879Z,GRT,11.3171,28.75,0.01918,1346.56492
2026-09-07T02:55:06.879Z,SUI,1.7264,1109,0.8096,1346.56492
2026-09-07T02:55:06.879Z,HYPE,1.1215,118800,87.246,1346.56492
2026-09-07T03:00:06.911Z,BTC,1.173,108730000,79810,1346.56492
2026-09-07T03:00:06.911Z,ETH,1.1614,3418000,2509.17,1346.56492
2026-09-07T03:00:06.911Z,SOL,1.2199,144000,105.65,1346.56492
2026-09-07T03:00:06.911Z,BNB,1.9628,1027000,748,1346.56492
2026-09-07T03:00:06.911Z,XRP,1.1483,1924,1.4126,1346.56492
2026-09-07T03:00:06.911Z,ADA,1.1462,302.5,0.2221,1346.56492
2026-09-07T03:00:06.911Z,AVAX,1.9167,10780,7.855,1346.56492
2026-09-07T03:00:06.911Z,DOT,0.7084,1334,0.9837,1346.56492
2026-09-07T03:00:06.911Z,LINK,2.1656,18000,13.084,1346.56492
2026-09-07T03:00:06.911Z,POL,1.1882,133,0.09761,1346.56492
2026-09-07T03:00:06.911Z,DOGE,1.1778,122.7,0.09006,1346.56492
2026-09-07T03:00:06.911Z,TRX,1.2789,456.8,0.33495,1346.56492
2026-09-07T03:00:06.911Z,XLM,1.1495,256.5,0.18832,1346.56492
2026-09-07T03:00:06.911Z,SHIB,1.3046,0.0075,5.498e-06,1346.56492
2026-09-07T03:00:06.911Z,BCH,0.7876,349200,257.3,1346.56492
2026-09-07T03:00:06.911Z,UNI,2.1873,9800,7.122,1346.56492
2026-09-07T03:00:06.911Z,AAVE,1.4292,182800,133.84,1346.56492
2026-09-07T03:00:06.911Z,SUSHI,2.331,332.5,0.2413,1346.56492
2026-09-07T03:00:06.911Z,LDO,-12.4725,485,0.4115,1346.56492
2026-09-07T03:00:06.911Z,ICP,1.786,3750,2.736,1346.56492
2026-09-07T03:00:06.911Z,NEAR,1.1498,3273,2.403,1346.56492
2026-09-07T03:00:06.911Z,HBAR,1.4382,110.9,0.08119,1346.56492
2026-09-07T03:00:06.911Z,XTZ,1.9162,325.8,0.2374,1346.56492
2026-09-07T03:00:06.911Z,DYDX,-9.2766,149.2,0.12213,1346.56492
2026-09-07T03:00:06.911Z,ARB,0.6338,251.1,0.1853,1346.56492
2026-09-07T03:00:06.911Z,GMX,-4.4074,10160,7.893,1346.56492
2026-09-07T03:00:06.911Z,IMX,-1.9924,176,0.13336,1346.56492
2026-09-07T03:00:06.911Z,INJ,-7.0547,6980,5.577,1346.56492
2026-09-07T03:00:06.911Z,GRT,11.7249,28.75,0.01911,1346.56492
2026-09-07T03:00:06.911Z,SUI,1.7087,1101,0.8039,1346.56492
2026-09-07T03:00:06.911Z,HYPE,1.1195,118400,86.954,1346.56492
2026-09-07T03:05:06.889Z,BTC,1.0876,108796000,79925.9,1346.56492
2026-09-07T03:05:06.889Z,ETH,1.0717,3421000,2513.6,1346.56492
2026-09-07T03:05:06.889Z,SOL,1.0444,143900,105.76,1346.56492
2026-09-07T03:05:06.889Z,BNB,1.7315,1027000,749.7,1346.56492
2026-09-07T03:05:06.889Z,XRP,1.1724,1928,1.4152,1346.56492
2026-09-07T03:05:06.889Z,ADA,1.0793,302.3,0.2221,1346.56492
2026-09-07T03:05:06.889Z,AVAX,1.7742,10780,7.866,1346.56492
2026-09-07T03:05:06.889Z,DOT,0.6062,1334,0.9847,1346.56492
2026-09-07T03:05:06.889Z,LINK,2.1032,18000,13.092,1346.56492
2026-09-07T03:05:06.889Z,POL,1.3648,133,0.09744,1346.56492
2026-09-07T03:05:06.889Z,DOGE,1.1182,122.9,0.09026,1346.56492
2026-09-07T03:05:06.889Z,TRX,1.1822,456.8,0.33527,1346.56492
2026-09-07T03:05:06.889Z,XLM,1.1871,256.5,0.18825,1346.56492
2026-09-07T03:05:06.889Z,SHIB,1.3046,0.0075,5.498e-06,1346.56492
2026-09-07T03:05:06.889Z,BCH,0.7485,349200,257.4,1346.56492
2026-09-07T03:05:06.889Z,UNI,2.1156,9800,7.127,1346.56492
2026-09-07T03:05:06.889Z,AAVE,1.2099,182800,134.13,1346.56492
2026-09-07T03:05:06.889Z,SUSHI,2.2462,332.5,0.2415,1346.56492
2026-09-07T03:05:06.889Z,LDO,-12.4725,485,0.4115,1346.56492
2026-09-07T03:05:06.889Z,ICP,1.6374,3750,2.74,1346.56492
2026-09-07T03:05:06.889Z,NEAR,0.7724,3273,2.412,1346.56492
2026-09-07T03:05:06.889Z,HBAR,1.2885,110.9,0.08131,1346.56492
2026-09-07T03:05:06.889Z,XTZ,1.9591,325.8,0.2373,1346.56492
2026-09-07T03:05:06.889Z,DYDX,-9.5654,149.2,0.12252,1346.56492
2026-09-07T03:05:06.889Z,ARB,0.5579,251.1,0.18544,1346.56492
2026-09-07T03:05:06.889Z,GMX,-4.4558,10160,7.897,1346.56492
2026-09-07T03:05:06.889Z,IMX,-2.2855,176,0.13376,1346.56492
2026-09-07T03:05:06.889Z,INJ,-6.9212,6980,5.569,1346.56492
2026-09-07T03:05:06.889Z,GRT,11.6081,28.75,0.01913,1346.56492
2026-09-07T03:05:06.889Z,SUI,0.8613,1094,0.8055,1346.56492
2026-09-07T03:05:06.889Z,HYPE,0.2175,116800,86.551,1346.56492
2026-09-07T03:10:06.870Z,BTC,1.2835,108812000,79783.1,1346.56492
2026-09-07T03:10:06.870Z,ETH,1.2884,3420000,2507.49,1346.56492
2026-09-07T03:10:06.870Z,SOL,1.1814,143700,105.47,1346.56492
2026-09-07T03:10:06.870Z,BNB,1.8538,1027000,748.8,1346.56492
2026-09-07T03:10:06.870Z,XRP,1.2223,1922,1.4101,1346.56492
2026-09-07T03:10:06.870Z,ADA,1.5824,302.3,0.221,1346.56492
2026-09-07T03:10:06.870Z,AVAX,2.1377,10780,7.838,1346.56492
2026-09-07T03:10:06.870Z,DOT,1.068,1334,0.9802,1346.56492
2026-09-07T03:10:06.870Z,LINK,2.2907,18000,13.068,1346.56492
2026-09-07T03:10:06.870Z,POL,1.5524,133,0.09726,1346.56492
2026-09-07T03:10:06.870Z,DOGE,1.4328,122.9,0.08998,1346.56492
2026-09-07T03:10:06.870Z,TRX,1.2517,456.8,0.33504,1346.56492
2026-09-07T03:10:06.870Z,XLM,1.5864,256.5,0.18751,1346.56492
2026-09-07T03:10:06.870Z,SHIB,1.5632,0.0075,5.484e-06,1346.56492
2026-09-07T03:10:06.870Z,BCH,0.9838,349200,256.8,1346.56492
2026-09-07T03:10:06.870Z,UNI,2.4029,9800,7.107,1346.56492
2026-09-07T03:10:06.870Z,AAVE,1.3686,182800,133.92,1346.56492
2026-09-07T03:10:06.870Z,SUSHI,2.2886,332.5,0.2414,1346.56492
2026-09-07T03:10:06.870Z,LDO,-12.1308,485,0.4099,1346.56492
2026-09-07T03:10:06.870Z,ICP,1.8977,3750,2.733,1346.56492
2026-09-07T03:10:06.870Z,NEAR,1.2762,3273,2.4,1346.56492
2026-09-07T03:10:06.870Z,HBAR,1.5133,110.9,0.08113,1346.56492
2026-09-07T03:10:06.870Z,XTZ,2.2608,325.8,0.2366,1346.56492
2026-09-07T03:10:06.870Z,DYDX,-9.5137,149.2,0.12245,1346.56492
2026-09-07T03:10:06.870Z,ARB,0.4928,251.1,0.18556,1346.56492
2026-09-07T03:10:06.870Z,GMX,-4.1037,10160,7.868,1346.56492
2026-09-07T03:10:06.870Z,IMX,-1.631,176,0.13287,1346.56492
2026-09-07T03:10:06.870Z,INJ,-6.1799,6980,5.525,1346.56492
2026-09-07T03:10:06.870Z,GRT,11.8419,28.75,0.01909,1346.56492
2026-09-07T03:10:06.870Z,SUI,1.2762,1094,0.8022,1346.56492
2026-09-07T03:10:06.870Z,HYPE,0.4694,116800,86.334,1346.56492
2026-09-07T03:15:06.875Z,BTC,1.2742,108772000,79761.1,1346.56492
2026-09-07T03:15:06.875Z,ETH,1.2796,3418000,2506.24,1346.56492
2026-09-07T03:15:06.875Z,SOL,1.2357,143600,105.34,1346.56492
2026-09-07T03:15:06.875Z,BNB,1.8402,1027000,748.9,1346.56492
2026-09-07T03:15:06.875Z,XRP,1.2869,1922,1.4092,1346.56492
2026-09-07T03:15:06.875Z,ADA,1.4636,301.4,0.2206,1346.56492
2026-09-07T03:15:06.875Z,AVAX,2.2943,10780,7.826,1346.56492
2026-09-07T03:15:06.875Z,DOT,1.1816,1334,0.9791,1346.56492
2026-09-07T03:15:06.875Z,LINK,2.2985,18000,13.067,1346.56492
2026-09-07T03:15:06.875Z,POL,1.5524,133,0.09726,1346.56492
2026-09-07T03:15:06.875Z,DOGE,1.5005,122.9,0.08992,1346.56492
2026-09-07T03:15:06.875Z,TRX,1.1852,456.5,0.33504,1346.56492
2026-09-07T03:15:06.875Z,XLM,1.5095,255.8,0.18714,1346.56492
2026-09-07T03:15:06.875Z,SHIB,1.6374,0.0075,5.48e-06,1346.56492
2026-09-07T03:15:06.875Z,BCH,1.102,349200,256.5,1346.56492
2026-09-07T03:15:06.875Z,UNI,2.1442,9800,7.125,1346.56492
2026-09-07T03:15:06.875Z,AAVE,1.3989,182800,133.88,1346.56492
2026-09-07T03:15:06.875Z,SUSHI,2.1616,332.5,0.2417,1346.56492
2026-09-07T03:15:06.875Z,LDO,-12.002,485,0.4093,1346.56492
2026-09-07T03:15:06.875Z,ICP,1.4265,3719,2.723,1346.56492
2026-09-07T03:15:06.875Z,NEAR,0.856,3273,2.41,1346.56492
2026-09-07T03:15:06.875Z,HBAR,1.6385,110.9,0.08103,1346.56492
2026-09-07T03:15:06.875Z,XTZ,2.3906,325.8,0.2363,1346.56492
2026-09-07T03:15:06.875Z,DYDX,-9.3805,149.2,0.12227,1346.56492
2026-09-07T03:15:06.875Z,ARB,0.6013,251.1,0.18536,1346.56492
2026-09-07T03:15:06.875Z,GMX,-4.2132,10160,7.877,1346.56492
2026-09-07T03:15:06.875Z,IMX,-1.4827,176,0.13267,1346.56492
2026-09-07T03:15:06.875Z,INJ,-5.7877,6980,5.502,1346.56492
2026-09-07T03:15:06.875Z,GRT,12.0768,28.75,0.01905,1346.56492
2026-09-07T03:15:06.875Z,SUI,1.4153,1094,0.8011,1346.56492
2026-09-07T03:15:06.875Z,HYPE,4.3245,121300,86.347,1346.56492
2026-09-07T03:20:06.875Z,BTC,1.2883,108813000,79780,1346.56492
2026-09-07T03:20:06.875Z,ETH,1.2207,3418000,2507.7,1346.56492
2026-09-07T03:20:06.875Z,SOL,1.255,143600,105.32,1346.56492
2026-09-07T03:20:06.875Z,BNB,1.8946,1027000,748.5,1346.56492
2026-09-07T03:20:06.875Z,XRP,1.2821,1923,1.41,1346.56492
2026-09-07T03:20:06.875Z,ADA,1.4177,301.4,0.2207,1346.56492
2026-09-07T03:20:06.875Z,AVAX,1.2332,10660,7.82,1346.56492
2026-09-07T03:20:06.875Z,DOT,1.1919,1334,0.979,1346.56492
2026-09-07T03:20:06.875Z,LINK,2.3847,18000,13.056,1346.56492
2026-09-07T03:20:06.875Z,POL,1.7092,133,0.09711,1346.56492
2026-09-07T03:20:06.875Z,DOGE,1.249,122.5,0.08985,1346.56492
2026-09-07T03:20:06.875Z,TRX,1.1188,456.5,0.33526,1346.56492
2026-09-07T03:20:06.875Z,XLM,1.14,255.4,0.18753,1346.56492
2026-09-07T03:20:06.875Z,SHIB,1.7488,0.0075,5.474e-06,1346.56492
2026-09-07T03:20:06.875Z,BCH,1.2203,349200,256.2,1346.56492
2026-09-07T03:20:06.875Z,UNI,2.3885,9800,7.108,1346.56492
2026-09-07T03:20:06.875Z,AAVE,1.4899,182800,133.76,1346.56492
2026-09-07T03:20:06.875Z,SUSHI,2.2462,332.5,0.2415,1346.56492
2026-09-07T03:20:06.875Z,LDO,-11.959,485,0.4091,1346.56492
2026-09-07T03:20:06.875Z,ICP,1.5383,3719,2.72,1346.56492
2026-09-07T03:20:06.875Z,NEAR,0.8142,3273,2.411,1346.56492
2026-09-07T03:20:06.875Z,HBAR,1.7767,110.9,0.08092,1346.56492
2026-09-07T03:20:06.875Z,XTZ,2.3906,325.8,0.2363,1346.56492
2026-09-07T03:20:06.875Z,DYDX,-9.2023,149.2,0.12203,1346.56492
2026-09-07T03:20:06.875Z,ARB,0.917,251.1,0.18478,1346.56492
2026-09-07T03:20:06.875Z,GMX,-4.0427,10160,7.863,1346.56492
2026-09-07T03:20:06.875Z,IMX,-1.4604,176,0.13264,1346.56492
2026-09-07T03:20:06.875Z,INJ,-5.9586,6980,5.512,1346.56492
2026-09-07T03:20:06.875Z,GRT,12.1356,28.75,0.01904,1346.56492
2026-09-07T03:20:06.875Z,SUI,1.2678,1092,0.8008,1346.56492
2026-09-07T03:20:06.875Z,HYPE,1.2557,117800,86.397,1346.56492
2026-09-07T03:25:07.077Z,BTC,1.2632,108752000,79755.1,1346.56492
2026-09-07T03:25:07.077Z,ETH,1.2586,3418000,2506.76,1346.56492
2026-09-07T03:25:07.077Z,SOL,1.3608,143600,105.21,1346.56492
2026-09-07T03:25:07.077Z,BNB,1.9219,1027000,748.3,1346.56492
2026-09-07T03:25:07.077Z,XRP,1.2822,1920,1.4078,1346.56492
2026-09-07T03:25:07.077Z,ADA,1.3872,300.9,0.2204,1346.56492
2026-09-07T03:25:07.077Z,AVAX,1.3327,10650,7.805,1346.56492
2026-09-07T03:25:07.077Z,DOT,1.4198,1334,0.9768,1346.56492
2026-09-07T03:25:07.077Z,LINK,2.4789,18000,13.044,1346.56492
2026-09-07T03:25:07.077Z,POL,1.7826,133,0.09704,1346.56492
2026-09-07T03:25:07.077Z,DOGE,1.3618,122.5,0.08975,1346.56492
2026-09-07T03:25:07.077Z,TRX,1.0826,456.5,0.33538,1346.56492
2026-09-07T03:25:07.077Z,XLM,1.3363,255.5,0.18724,1346.56492
2026-09-07T03:25:07.077Z,SHIB,1.7116,0.0075,5.476e-06,1346.56492
2026-09-07T03:25:07.077Z,BCH,1.2599,349200,256.1,1346.56492
2026-09-07T03:25:07.077Z,UNI,2.6051,9800,7.093,1346.56492
2026-09-07T03:25:07.077Z,AAVE,1.5734,182800,133.65,1346.56492
2026-09-07T03:25:07.077Z,SUSHI,2.8424,332.5,0.2401,1346.56492
2026-09-07T03:25:07.077Z,LDO,-12.002,485,0.4093,1346.56492
2026-09-07T03:25:07.077Z,ICP,1.6879,3719,2.716,1346.56492
2026-09-07T03:25:07.077Z,NEAR,0.9817,3273,2.407,1346.56492
2026-09-07T03:25:07.077Z,HBAR,1.8019,110.9,0.0809,1346.56492
2026-09-07T03:25:07.077Z,XTZ,2.4339,325.8,0.2362,1346.56492
2026-09-07T03:25:07.077Z,DYDX,-9.1278,149.2,0.12193,1346.56492
2026-09-07T03:25:07.077Z,ARB,1.411,251.1,0.18388,1346.56492
2026-09-07T03:25:07.077Z,GMX,-4.0183,10160,7.861,1346.56492
2026-09-07T03:25:07.077Z,IMX,-1.3339,176,0.13247,1346.56492
2026-09-07T03:25:07.077Z,INJ,-5.5302,6980,5.487,1346.56492
2026-09-07T03:25:07.077Z,GRT,12.1946,28.75,0.01903,1346.56492
2026-09-07T03:25:07.077Z,SUI,1.3608,1090,0.7986,1346.56492
2026-09-07T03:25:07.077Z,HYPE,1.2439,117800,86.407,1346.56492
2026-09-07T03:30:06.919Z,BTC,1.2548,108668000,79700.1,1346.56492
2026-09-07T03:30:06.919Z,ETH,1.2795,3414000,2503.31,1346.56492
2026-09-07T03:30:06.919Z,SOL,1.2646,143300,105.09,1346.56492
2026-09-07T03:30:06.919Z,BNB,2.0037,1027000,747.7,1346.56492
2026-09-07T03:30:06.919Z,XRP,1.3278,1918,1.4057,1346.56492
2026-09-07T03:30:06.919Z,ADA,1.3937,300.1,0.2198,1346.56492
2026-09-07T03:30:06.919Z,AVAX,1.3892,10630,7.786,1346.56492
2026-09-07T03:30:06.919Z,DOT,1.7009,1334,0.9741,1346.56492
2026-09-07T03:30:06.919Z,LINK,1.164,17720,13.008,1346.56492
2026-09-07T03:30:06.919Z,POL,1.9191,133,0.09691,1346.56492
2026-09-07T03:30:06.919Z,DOGE,1.2188,122,0.08951,1346.56492
2026-09-07T03:30:06.919Z,TRX,1.0464,456.5,0.3355,1346.56492
2026-09-07T03:30:06.919Z,XLM,1.3184,254.5,0.18654,1346.56492
2026-09-07T03:30:06.919Z,SHIB,2.047,0.0075,5.458e-06,1346.56492
2026-09-07T03:30:06.919Z,BCH,1.4977,349200,255.5,1346.56492
2026-09-07T03:30:06.919Z,UNI,3.187,9800,7.053,1346.56492
2026-09-07T03:30:06.919Z,AAVE,1.8019,182800,133.35,1346.56492
2026-09-07T03:30:06.919Z,SUSHI,3.014,332.5,0.2397,1346.56492
2026-09-07T03:30:06.919Z,LDO,-11.5699,485,0.4073,1346.56492
2026-09-07T03:30:06.919Z,ICP,2.0636,3719,2.706,1346.56492
2026-09-07T03:30:06.919Z,NEAR,1.403,3273,2.397,1346.56492
2026-09-07T03:30:06.919Z,HBAR,1.2302,110.1,0.08077,1346.56492
2026-09-07T03:30:06.919Z,XTZ,2.5208,325.8,0.236,1346.56492
2026-09-07T03:30:06.919Z,DYDX,-8.9037,149.2,0.12163,1346.56492
2026-09-07T03:30:06.919Z,ARB,2.8882,251.1,0.18124,1346.56492
2026-09-07T03:30:06.919Z,GMX,-3.8102,10160,7.844,1346.56492
2026-09-07T03:30:06.919Z,IMX,-1.0426,176,0.13208,1346.56492
2026-09-07T03:30:06.919Z,INJ,-5.1325,6980,5.464,1346.56492
2026-09-07T03:30:06.919Z,GRT,12.4309,28.75,0.01899,1346.56492
2026-09-07T03:30:06.919Z,SUI,1.3398,1088,0.7973,1346.56492
2026-09-07T03:30:06.919Z,HYPE,1.4012,117800,86.273,1346.56492
2026-09-07T03:35:06.874Z,BTC,1.2025,108628000,79711.9,1346.56492
2026-09-07T03:35:06.874Z,ETH,1.2221,3411000,2502.53,1346.56492
2026-09-07T03:35:06.874Z,SOL,1.1779,143300,105.18,1346.56492
2026-09-07T03:35:06.874Z,BNB,1.99,1027000,747.8,1346.56492
2026-09-07T03:35:06.874Z,XRP,1.2462,1917,1.4061,1346.56492
2026-09-07T03:35:06.874Z,ADA,1.2892,300.2,0.2201,1346.56492
2026-09-07T03:35:06.874Z,AVAX,1.4413,10630,7.782,1346.56492
2026-09-07T03:35:06.874Z,DOT,1.8473,1334,0.9727,1346.56492
2026-09-07T03:35:06.874Z,LINK,1.1535,17710,13.002,1346.56492
2026-09-07T03:35:06.874Z,POL,1.8246,133,0.097,1346.56492
2026-09-07T03:35:06.874Z,DOGE,1.2188,122,0.08951,1346.56492
2026-09-07T03:35:06.874Z,TRX,1.0705,456.5,0.33542,1346.56492
2026-09-07T03:35:06.874Z,XLM,1.3854,254.6,0.18649,1346.56492
2026-09-07T03:35:06.874Z,SHIB,2.0284,0.0075,5.459e-06,1346.56492
2026-09-07T03:35:06.874Z,BCH,1.4977,349200,255.5,1346.56492
2026-09-07T03:35:06.874Z,UNI,3.2309,9800,7.05,1346.56492
2026-09-07T03:35:06.874Z,AAVE,1.7485,182800,133.42,1346.56492
2026-09-07T03:35:06.874Z,SUSHI,3.6192,332.5,0.2383,1346.56492
2026-09-07T03:35:06.874Z,LDO,-11.5265,485,0.4071,1346.56492
2026-09-07T03:35:06.874Z,ICP,1.3902,3689,2.702,1346.56492
2026-09-07T03:35:06.874Z,NEAR,0.8583,3269,2.407,1346.56492
2026-09-07T03:35:06.874Z,HBAR,1.318,110.1,0.0807,1346.56492
2026-09-07T03:35:06.874Z,XTZ,2.4773,325.8,0.2361,1346.56492
2026-09-07T03:35:06.874Z,DYDX,-8.7612,149.2,0.12144,1346.56492
2026-09-07T03:35:06.874Z,ARB,5.062,251.1,0.17749,1346.56492
2026-09-07T03:35:06.874Z,GMX,-3.7612,10160,7.84,1346.56492
2026-09-07T03:35:06.874Z,IMX,-1.0651,176,0.13211,1346.56492
2026-09-07T03:35:06.874Z,INJ,-5.0108,6980,5.457,1346.56492
2026-09-07T03:35:06.874Z,GRT,12.3126,28.75,0.01901,1346.56492
2026-09-07T03:35:06.874Z,SUI,1.1237,1085,0.7968,1346.56492
2026-09-07T03:35:06.874Z,HYPE,1.1685,117700,86.398,1346.56492
2026-09-07T03:40:06.894Z,BTC,1.2643,108593000,79637.6,1346.56492
2026-09-07T03:40:06.894Z,ETH,1.3109,3409000,2498.87,1346.56492
2026-09-07T03:40:06.894Z,SOL,1.3707,143300,104.98,1346.56492
2026-09-07T03:40:06.894Z,BNB,2.291,1027000,745.6,1346.56492
2026-09-07T03:40:06.894Z,XRP,1.3135,1915,1.4037,1346.56492
2026-09-07T03:40:06.894Z,ADA,1.9336,300.6,0.219,1346.56492
2026-09-07T03:40:06.894Z,AVAX,1.6896,10630,7.763,1346.56492
2026-09-07T03:40:06.894Z,DOT,2.0572,1334,0.9707,1346.56492
2026-09-07T03:40:06.894Z,LINK,1.5543,17720,12.958,1346.56492
2026-09-07T03:40:06.894Z,POL,1.9402,133,0.09689,1346.56492
2026-09-07T03:40:06.894Z,DOGE,1.332,122,0.08941,1346.56492
2026-09-07T03:40:06.894Z,TRX,1.1067,456.5,0.3353,1346.56492
2026-09-07T03:40:06.894Z,XLM,1.4398,254.6,0.18639,1346.56492
2026-09-07T03:40:06.894Z,SHIB,2.1968,0.0075,5.45e-06,1346.56492
2026-09-07T03:40:06.894Z,BCH,1.7366,349200,254.9,1346.56492
2026-09-07T03:40:06.894Z,UNI,2.9755,9730,7.017,1346.56492
2026-09-07T03:40:06.894Z,AAVE,1.9625,182800,133.14,1346.56492
2026-09-07T03:40:06.894Z,SUSHI,4.012,332.5,0.2374,1346.56492
2026-09-07T03:40:06.894Z,LDO,-11.243,485,0.4058,1346.56492
2026-09-07T03:40:06.894Z,ICP,1.3902,3689,2.702,1346.56492
2026-09-07T03:40:06.894Z,NEAR,0.9841,3269,2.404,1346.56492
2026-09-07T03:40:06.894Z,HBAR,1.3893,110,0.08057,1346.56492
2026-09-07T03:40:06.894Z,XTZ,2.4773,325.8,0.2361,1346.56492
2026-09-07T03:40:06.894Z,DYDX,-8.5503,149.2,0.12116,1346.56492
2026-09-07T03:40:06.894Z,ARB,4.8434,251.1,0.17786,1346.56492
2026-09-07T03:40:06.894Z,GMX,-3.7489,10160,7.839,1346.56492
2026-09-07T03:40:06.894Z,IMX,-1.0875,176,0.13214,1346.56492
2026-09-07T03:40:06.894Z,INJ,-4.749,6980,5.442,1346.56492
2026-09-07T03:40:06.894Z,GRT,12.7872,28.75,0.01893,1346.56492
2026-09-07T03:40:06.894Z,SUI,1.4676,1085,0.7941,1346.56492
2026-09-07T03:40:06.894Z,HYPE,1.2752,117700,86.307,1346.56492
2026-09-07T03:45:07.053Z,BTC,1.2469,108534000,79608,1346.56492
2026-09-07T03:45:07.053Z,ETH,1.1672,3402000,2497.28,1346.56492
2026-09-07T03:45:07.053Z,SOL,1.2259,143000,104.91,1346.56492
2026-09-07T03:45:07.053Z,BNB,2.3321,1027000,745.3,1346.56492
2026-09-07T03:45:07.053Z,XRP,1.275,1914,1.4035,1346.56492
2026-09-07T03:45:07.053Z,ADA,1.616,299.8,0.2191,1346.56492
2026-09-07T03:45:07.053Z,AVAX,1.742,10630,7.759,1346.56492
2026-09-07T03:45:07.053Z,DOT,2.1203,1334,0.9701,1346.56492
2026-09-07T03:45:07.053Z,LINK,1.3354,17720,12.986,1346.56492
2026-09-07T03:45:07.053Z,POL,2.0033,133,0.09683,1346.56492
2026-09-07T03:45:07.053Z,DOGE,1.1808,121.6,0.08925,1346.56492
2026-09-07T03:45:07.053Z,TRX,1.1157,456.5,0.33527,1346.56492
2026-09-07T03:45:07.053Z,XLM,1.136,254.6,0.18695,1346.56492
2026-09-07T03:45:07.053Z,SHIB,2.2907,0.0075,5.445e-06,1346.56492
2026-09-07T03:45:07.053Z,BCH,1.7366,349200,254.9,1346.56492
2026-09-07T03:45:07.053Z,UNI,3.1814,9730,7.003,1346.56492
2026-09-07T03:45:07.053Z,AAVE,1.9165,182800,133.2,1346.56492
2026-09-07T03:45:07.053Z,SUSHI,3.8808,332.5,0.2377,1346.56492
2026-09-07T03:45:07.053Z,LDO,-11.0238,485,0.4048,1346.56492
2026-09-07T03:45:07.053Z,ICP,0.0571,3689,2.738,1346.56492
2026-09-07T03:45:07.053Z,NEAR,1.2368,3269,2.398,1346.56492
2026-09-07T03:45:07.053Z,HBAR,1.4019,110,0.08056,1346.56492
2026-09-07T03:45:07.053Z,XTZ,2.6512,325.8,0.2357,1346.56492
2026-09-07T03:45:07.053Z,DYDX,-8.5805,149.2,0.1212,1346.56492
2026-09-07T03:45:07.053Z,ARB,5.7411,251.1,0.17635,1346.56492
2026-09-07T03:45:07.053Z,GMX,-3.2428,10160,7.798,1346.56492
2026-09-07T03:45:07.053Z,IMX,-1.1623,176,0.13224,1346.56492
2026-09-07T03:45:07.053Z,INJ,-4.5736,6980,5.432,1346.56492
2026-09-07T03:45:07.053Z,GRT,12.7277,28.75,0.01894,1346.56492
2026-09-07T03:45:07.053Z,SUI,1.4931,1085,0.7939,1346.56492
2026-09-07T03:45:07.053Z,HYPE,1.3974,117700,86.203,1346.56492
2026-09-07T03:50:06.910Z,BTC,1.2532,108530000,79600.1,1346.56492
2026-09-07T03:50:06.910Z,ETH,1.2656,3404000,2496.32,1346.56492
2026-09-07T03:50:06.910Z,SOL,1.197,143000,104.94,1346.56492
2026-09-07T03:50:06.910Z,BNB,2.3596,1027000,745.1,1346.56492
2026-09-07T03:50:06.910Z,XRP,1.2774,1915,1.4042,1346.56492
2026-09-07T03:50:06.910Z,ADA,1.477,299.8,0.2194,1346.56492
2026-09-07T03:50:06.910Z,AVAX,1.6503,10630,7.766,1346.56492
2026-09-07T03:50:06.910Z,DOT,1.8369,1334,0.9728,1346.56492
2026-09-07T03:50:06.910Z,LINK,1.1251,17720,13.013,1346.56492
2026-09-07T03:50:06.910Z,POL,1.9402,133,0.09689,1346.56492
2026-09-07T03:50:06.910Z,DOGE,1.0902,121.6,0.08933,1346.56492
2026-09-07T03:50:06.910Z,TRX,1.0705,456.5,0.33542,1346.56492
2026-09-07T03:50:06.910Z,XLM,1.163,254.6,0.1869,1346.56492
2026-09-07T03:50:06.910Z,SHIB,2.2531,0.0075,5.447e-06,1346.56492
2026-09-07T03:50:06.910Z,BCH,1.6568,349200,255.1,1346.56492
2026-09-07T03:50:06.910Z,UNI,3.1078,9730,7.008,1346.56492
2026-09-07T03:50:06.910Z,AAVE,1.6951,182800,133.49,1346.56492
2026-09-07T03:50:06.910Z,SUSHI,3.9683,332.5,0.2375,1346.56492
2026-09-07T03:50:06.910Z,LDO,-11.0458,485,0.4049,1346.56492
2026-09-07T03:50:06.910Z,ICP,0.4239,3689,2.728,1346.56492
2026-09-07T03:50:06.910Z,NEAR,0.1509,3269,2.424,1346.56492
2026-09-07T03:50:06.910Z,HBAR,1.3515,110,0.0806,1346.56492
2026-09-07T03:50:06.910Z,XTZ,2.5642,325.8,0.2359,1346.56492
2026-09-07T03:50:06.910Z,DYDX,-8.5579,149.2,0.12117,1346.56492
2026-09-07T03:50:06.910Z,ARB,5.7591,251.1,0.17632,1346.56492
2026-09-07T03:50:06.910Z,GMX,-3.4533,10160,7.815,1346.56492
2026-09-07T03:50:06.910Z,IMX,-1.2668,176,0.13238,1346.56492
2026-09-07T03:50:06.910Z,INJ,-4.5736,6980,5.432,1346.56492
2026-09-07T03:50:06.910Z,GRT,12.5494,28.75,0.01897,1346.56492
2026-09-07T03:50:06.910Z,SUI,1.4292,1085,0.7944,1346.56492
2026-09-07T03:50:06.910Z,HYPE,1.2975,117700,86.288,1346.56492
2026-09-07T03:55:06.870Z,BTC,1.2404,108560000,79632.2,1346.56492
2026-09-07T03:55:06.870Z,ETH,1.1249,3403000,2499.06,1346.56492
2026-09-07T03:55:06.870Z,SOL,1.0814,143000,105.06,1346.56492
2026-09-07T03:55:06.870Z,BNB,2.291,1027000,745.6,1346.56492
2026-09-07T03:55:06.870Z,XRP,1.2894,1917,1.4055,1346.56492
2026-09-07T03:55:06.870Z,ADA,1.2155,299.3,0.2196,1346.56492
2026-09-07T03:55:06.870Z,AVAX,1.5457,10630,7.774,1346.56492
2026-09-07T03:55:06.870Z,DOT,2.0046,1334,0.9712,1346.56492
2026-09-07T03:55:06.870Z,LINK,1.0711,17750,13.042,1346.56492
2026-09-07T03:55:06.870Z,POL,1.8456,133,0.09698,1346.56492
2026-09-07T03:55:06.870Z,DOGE,0.9546,121.6,0.08945,1346.56492
2026-09-07T03:55:06.870Z,TRX,1.0826,456.5,0.33538,1346.56492
2026-09-07T03:55:06.870Z,XLM,1.1035,254.6,0.18701,1346.56492
2026-09-07T03:55:06.870Z,SHIB,2.047,0.0075,5.458e-06,1346.56492
2026-09-07T03:55:06.870Z,BCH,1.5772,349200,255.3,1346.56492
2026-09-07T03:55:06.870Z,UNI,2.7267,9730,7.034,1346.56492
2026-09-07T03:55:06.870Z,AAVE,1.5886,182800,133.63,1346.56492
2026-09-07T03:55:06.870Z,SUSHI,3.8371,332.5,0.2378,1346.56492
2026-09-07T03:55:06.870Z,LDO,-11.0238,485,0.4048,1346.56492
2026-09-07T03:55:06.870Z,ICP,0.7192,3689,2.72,1346.56492
2026-09-07T03:55:06.870Z,NEAR,1.7884,3306,2.412,1346.56492
2026-09-07T03:55:06.870Z,HBAR,1.2887,110,0.08065,1346.56492
2026-09-07T03:55:06.870Z,XTZ,2.6077,325.8,0.2358,1346.56492
2026-09-07T03:55:06.870Z,DYDX,-8.5277,149.2,0.12113,1346.56492
2026-09-07T03:55:06.870Z,ARB,5.9574,251.1,0.17599,1346.56492
2026-09-07T03:55:06.870Z,GMX,-3.6013,10160,7.827,1346.56492
2026-09-07T03:55:06.870Z,IMX,-1.4975,176,0.13269,1346.56492
2026-09-07T03:55:06.870Z,INJ,-5.0804,6980,5.461,1346.56492
2026-09-07T03:55:06.870Z,GRT,12.3126,28.75,0.01901,1346.56492
2026-09-07T03:55:06.870Z,SUI,1.115,1083,0.7954,1346.56492
2026-09-07T03:55:06.870Z,HYPE,1.1674,117700,86.399,1346.56492
2026-09-07T04:00:07.090Z,BTC,1.2514,108489000,79571.5,1346.56492
2026-09-07T04:00:07.090Z,ETH,1.2629,3405000,2497.12,1346.56492
2026-09-07T04:00:07.090Z,SOL,1.2678,143100,104.94,1346.56492
2026-09-07T04:00:07.090Z,BNB,2.2224,1027000,746.1,1346.56492
2026-09-07T04:00:07.090Z,XRP,1.2822,1917,1.4056,1346.56492
2026-09-07T04:00:07.090Z,ADA,1.354,299.3,0.2193,1346.56492
2026-09-07T04:00:07.090Z,AVAX,1.6503,10630,7.766,1346.56492
2026-09-07T04:00:07.090Z,DOT,2.0151,1334,0.9711,1346.56492
2026-09-07T04:00:07.090Z,LINK,1.1486,17750,13.032,1346.56492
2026-09-07T04:00:07.090Z,POL,1.8981,133,0.09693,1346.56492
2026-09-07T04:00:07.090Z,DOGE,1.0789,121.6,0.08934,1346.56492
2026-09-07T04:00:07.090Z,TRX,1.2698,457.4,0.33542,1346.56492
2026-09-07T04:00:07.090Z,XLM,1.4481,255.7,0.18718,1346.56492
2026-09-07T04:00:07.090Z,SHIB,2.1781,0.0075,5.451e-06,1346.56492
2026-09-07T04:00:07.090Z,BCH,1.6568,349200,255.1,1346.56492
2026-09-07T04:00:07.090Z,UNI,3.3437,9730,6.992,1346.56492
2026-09-07T04:00:07.090Z,AAVE,1.718,182800,133.46,1346.56492
2026-09-07T04:00:07.090Z,SUSHI,4.012,332.5,0.2374,1346.56492
2026-09-07T04:00:07.090Z,LDO,-10.8697,485,0.4041,1346.56492
2026-09-07T04:00:07.090Z,ICP,0.8305,3689,2.717,1346.56492
2026-09-07T04:00:07.090Z,NEAR,1.2425,3276,2.403,1346.56492
2026-09-07T04:00:07.090Z,HBAR,1.3767,110,0.08058,1346.56492
2026-09-07T04:00:07.090Z,XTZ,2.5642,325.8,0.2359,1346.56492
2026-09-07T04:00:07.090Z,DYDX,-8.3233,149.2,0.12086,1346.56492
2026-09-07T04:00:07.090Z,ARB,6.3806,251.1,0.17529,1346.56492
2026-09-07T04:00:07.090Z,GMX,-4.0671,10160,7.865,1346.56492
2026-09-07T04:00:07.090Z,IMX,-1.2445,176,0.13235,1346.56492
2026-09-07T04:00:07.090Z,INJ,-5.0978,6980,5.462,1346.56492
2026-09-07T04:00:07.090Z,GRT,12.2535,28.75,0.01902,1346.56492
2026-09-07T04:00:07.090Z,SUI,1.2423,1083,0.7944,1346.56492
2026-09-07T04:00:07.090Z,HYPE,1.3339,117700,86.257,1346.56492
2026-09-07T04:05:07.086Z,BTC,1.2239,108517000,79613.6,1346.56492
2026-09-07T04:05:07.086Z,ETH,1.238,3404000,2497,1346.56492
2026-09-07T04:05:07.086Z,SOL,1.2742,143000,104.86,1346.56492
2026-09-07T04:05:07.086Z,BNB,2.195,1027000,746.3,1346.56492
2026-09-07T04:05:07.086Z,XRP,1.323,1919,1.4065,1346.56492
2026-09-07T04:05:07.086Z,ADA,1.354,299.3,0.2193,1346.56492
2026-09-07T04:05:07.086Z,AVAX,1.5196,10630,7.776,1346.56492
2026-09-07T04:05:07.086Z,DOT,1.8997,1334,0.9722,1346.56492
2026-09-07T04:05:07.086Z,LINK,1.0633,17750,13.043,1346.56492
2026-09-07T04:05:07.086Z,POL,1.9823,133,0.09685,1346.56492
2026-09-07T04:05:07.086Z,DOGE,1.0223,121.6,0.08939,1346.56492
2026-09-07T04:05:07.086Z,TRX,1.1833,457.2,0.33556,1346.56492
2026-09-07T04:05:07.086Z,XLM,1.1797,255.8,0.18775,1346.56492
2026-09-07T04:05:07.086Z,SHIB,2.1219,0.0075,5.454e-06,1346.56492
2026-09-07T04:05:07.086Z,BCH,1.458,349200,255.6,1346.56492
2026-09-07T04:05:07.086Z,UNI,3.5214,9730,6.98,1346.56492
2026-09-07T04:05:07.086Z,AAVE,1.6266,182800,133.58,1346.56492
2026-09-07T04:05:07.086Z,SUSHI,3.5758,332.5,0.2384,1346.56492
2026-09-07T04:05:07.086Z,LDO,-10.3818,485,0.4019,1346.56492
2026-09-07T04:05:07.086Z,ICP,0.5713,3689,2.724,1346.56492
2026-09-07T04:05:07.086Z,NEAR,1.6656,3276,2.393,1346.56492
2026-09-07T04:05:07.086Z,HBAR,1.2636,110,0.08067,1346.56492
2026-09-07T04:05:07.086Z,XTZ,2.1744,325.8,0.2368,1346.56492
2026-09-07T04:05:07.086Z,DYDX,-8.5503,149.2,0.12116,1346.56492
2026-09-07T04:05:07.086Z,ARB,4.926,251.1,0.17772,1346.56492
2026-09-07T04:05:07.086Z,GMX,-3.7734,10160,7.841,1346.56492
2026-09-07T04:05:07.086Z,IMX,-1.237,176,0.13234,1346.56492
2026-09-07T04:05:07.086Z,INJ,-5.0804,6980,5.461,1346.56492
2026-09-07T04:05:07.086Z,GRT,11.6664,28.75,0.01912,1346.56492
2026-09-07T04:05:07.086Z,SUI,1.1531,1083,0.7951,1346.56492
2026-09-07T04:05:07.086Z,HYPE,1.3609,117700,86.234,1346.56492
2026-09-07T04:10:06.717Z,BTC,1.2223,108511000,79610.5,1346.56492
2026-09-07T04:10:06.717Z,ETH,1.2295,3404000,2497.21,1346.56492
2026-09-07T04:10:06.717Z,SOL,1.2967,143100,104.91,1346.56492
2026-09-07T04:10:06.717Z,BNB,2.2224,1027000,746.1,1346.56492
2026-09-07T04:10:06.717Z,XRP,1.299,1918,1.4061,1346.56492
2026-09-07T04:10:06.717Z,ADA,1.4002,299.3,0.2192,1346.56492
2026-09-07T04:10:06.717Z,AVAX,1.4283,10630,7.783,1346.56492
2026-09-07T04:10:06.717Z,DOT,1.7009,1334,0.9741,1346.56492
2026-09-07T04:10:06.717Z,LINK,0.9318,17750,13.06,1346.56492
2026-09-07T04:10:06.717Z,POL,1.8771,133,0.09695,1346.56492
2026-09-07T04:10:06.717Z,DOGE,0.9884,121.6,0.08942,1346.56492
2026-09-07T04:10:06.717Z,TRX,1.1411,457.2,0.3357,1346.56492
2026-09-07T04:10:06.717Z,XLM,1.2212,256.9,0.18848,1346.56492
2026-09-07T04:10:06.717Z,SHIB,2.0845,0.0075,5.456e-06,1346.56492
2026-09-07T04:10:06.717Z,BCH,1.458,349200,255.6,1346.56492
2026-09-07T04:10:06.717Z,UNI,3.1961,9730,7.002,1346.56492
2026-09-07T04:10:06.717Z,AAVE,1.6418,182800,133.56,1346.56492
2026-09-07T04:10:06.717Z,SUSHI,3.9245,332.5,0.2376,1346.56492
2026-09-07T04:10:06.717Z,LDO,-10.2254,485,0.4012,1346.56492
2026-09-07T04:10:06.717Z,ICP,-0.0159,3689,2.74,1346.56492
2026-09-07T04:10:06.717Z,NEAR,1.2425,3276,2.403,1346.56492
2026-09-07T04:10:06.717Z,HBAR,1.251,110,0.08068,1346.56492
2026-09-07T04:10:06.717Z,XTZ,2.1744,325.8,0.2368,1346.56492
2026-09-07T04:10:06.717Z,DYDX,-8.8212,149.2,0.12152,1346.56492
2026-09-07T04:10:06.717Z,ARB,5.3885,251.1,0.17694,1346.56492
2026-09-07T04:10:06.717Z,GMX,-3.6875,10160,7.834,1346.56492
2026-09-07T04:10:06.717Z,IMX,-1.1324,176,0.1322,1346.56492
2026-09-07T04:10:06.717Z,INJ,-5.375,6980,5.478,1346.56492
2026-09-07T04:10:06.717Z,GRT,11.9592,28.75,0.01907,1346.56492
2026-09-07T04:10:06.717Z,SUI,1.1702,1084,0.7957,1346.56492
2026-09-07T04:10:06.717Z,HYPE,0.8992,117100,86.187,1346.56492
2026-09-07T04:15:06.866Z,BTC,1.2044,108547000,79651,1346.56492
2026-09-07T04:15:06.866Z,ETH,1.1472,3401000,2497.04,1346.56492
2026-09-07T04:15:06.866Z,SOL,1.2774,143100,104.93,1346.56492
2026-09-07T04:15:06.866Z,BNB,2.1813,1027000,746.4,1346.56492
2026-09-07T04:15:06.866Z,XRP,1.263,1918,1.4066,1346.56492
2026-09-07T04:15:06.866Z,ADA,1.354,299.3,0.2193,1346.56492
2026-09-07T04:15:06.866Z,AVAX,1.3371,10630,7.79,1346.56492
2026-09-07T04:15:06.866Z,DOT,1.0474,1334,0.9804,1346.56492
2026-09-07T04:15:06.866Z,LINK,1.211,17840,13.09,1346.56492
2026-09-07T04:15:06.866Z,POL,1.7197,133,0.0971,1346.56492
2026-09-07T04:15:06.866Z,DOGE,1.1545,121.8,0.08942,1346.56492
2026-09-07T04:15:06.866Z,TRX,1.1381,457.2,0.33571,1346.56492
2026-09-07T04:15:06.866Z,XLM,1.2838,258,0.18917,1346.56492
2026-09-07T04:15:06.866Z,SHIB,2.047,0.0075,5.458e-06,1346.56492
2026-09-07T04:15:06.866Z,BCH,1.4183,349200,255.7,1346.56492
2026-09-07T04:15:06.866Z,UNI,3.1078,9730,7.008,1346.56492
2026-09-07T04:15:06.866Z,AAVE,1.5962,182800,133.62,1346.56492
2026-09-07T04:15:06.866Z,SUSHI,3.4889,332.5,0.2386,1346.56492
2026-09-07T04:15:06.866Z,LDO,-10.3818,485,0.4019,1346.56492
2026-09-07T04:15:06.866Z,ICP,-0.3795,3689,2.75,1346.56492
2026-09-07T04:15:06.866Z,NEAR,0.9903,3276,2.409,1346.56492
2026-09-07T04:15:06.866Z,HBAR,1.2761,110,0.08066,1346.56492
2026-09-07T04:15:06.866Z,XTZ,2.1744,325.8,0.2368,1346.56492
2026-09-07T04:15:06.866Z,DYDX,-8.8887,149.2,0.12161,1346.56492
2026-09-07T04:15:06.866Z,ARB,5.466,251.1,0.17681,1346.56492
2026-09-07T04:15:06.866Z,GMX,-3.798,10160,7.843,1346.56492
2026-09-07T04:15:06.866Z,IMX,-1.0501,176,0.13209,1346.56492
2026-09-07T04:15:06.866Z,INJ,-5.7535,6980,5.5,1346.56492
2026-09-07T04:15:06.866Z,GRT,12.1356,28.75,0.01904,1346.56492
2026-09-07T04:15:06.866Z,SUI,1.0813,1084,0.7964,1346.56492
2026-09-07T04:15:06.866Z,HYPE,1.2862,117500,86.151,1346.56492
2026-09-07T04:20:06.882Z,BTC,1.1927,108547000,79660.2,1346.56492
2026-09-07T04:20:06.882Z,ETH,1.1302,3401000,2497.46,1346.56492
2026-09-07T04:20:06.882Z,SOL,1.1232,143100,105.09,1346.56492
2026-09-07T04:20:06.882Z,BNB,2.1813,1027000,746.4,1346.56492
2026-09-07T04:20:06.882Z,XRP,1.2438,1919,1.4076,1346.56492
2026-09-07T04:20:06.882Z,ADA,1.2739,299.2,0.2194,1346.56492
2026-09-07T04:20:06.882Z,AVAX,1.1164,10630,7.807,1346.56492
2026-09-07T04:20:06.882Z,DOT,1.1196,1334,0.9797,1346.56492
2026-09-07T04:20:06.882Z,LINK,1.0027,17840,13.117,1346.56492
2026-09-07T04:20:06.882Z,POL,1.5563,132.8,0.09711,1346.56492
2026-09-07T04:20:06.882Z,DOGE,0.9964,121.8,0.08956,1346.56492
2026-09-07T04:20:06.882Z,TRX,1.1481,457.3,0.33575,1346.56492
2026-09-07T04:20:06.882Z,XLM,1.1185,258.6,0.18992,1346.56492
2026-09-07T04:20:06.882Z,SHIB,1.8046,0.0075,5.471e-06,1346.56492
2026-09-07T04:20:06.882Z,BCH,1.3786,349200,255.8,1346.56492
2026-09-07T04:20:06.882Z,UNI,2.9902,9730,7.016,1346.56492
2026-09-07T04:20:06.882Z,AAVE,1.4671,182800,133.79,1346.56492
2026-09-07T04:20:06.882Z,SUSHI,3.4456,332.5,0.2387,1346.56492
2026-09-07T04:20:06.882Z,LDO,-10.4263,485,0.4021,1346.56492
2026-09-07T04:20:06.882Z,ICP,-1.3481,3689,2.777,1346.56492
2026-09-07T04:20:06.882Z,NEAR,1.0742,3276,2.407,1346.56492
2026-09-07T04:20:06.882Z,HBAR,1.0381,110,0.08085,1346.56492
2026-09-07T04:20:06.882Z,XTZ,2.1313,325.8,0.2369,1346.56492
2026-09-07T04:20:06.882Z,DYDX,-9.1353,149.2,0.12194,1346.56492
2026-09-07T04:20:06.882Z,ARB,4.7315,251.1,0.17805,1346.56492
2026-09-07T04:20:06.882Z,GMX,-4.0793,10160,7.866,1346.56492
2026-09-07T04:20:06.882Z,IMX,-1.0875,176,0.13214,1346.56492
2026-09-07T04:20:06.882Z,INJ,-5.375,6980,5.478,1346.56492
2026-09-07T04:20:06.882Z,GRT,12.0768,28.75,0.01905,1346.56492
2026-09-07T04:20:06.882Z,SUI,1.1788,1086,0.7971,1346.56492
2026-09-07T04:20:06.882Z,HYPE,1.1418,117500,86.274,1346.56492
2026-09-07T04:25:06.899Z,BTC,1.2413,108588000,79652,1346.56492
2026-09-07T04:25:06.899Z,ETH,1.1269,3401000,2497.54,1346.56492
2026-09-07T04:25:06.899Z,SOL,1.2774,143400,105.15,1346.56492
2026-09-07T04:25:06.899Z,BNB,2.1403,1027000,746.7,1346.56492
2026-09-07T04:25:06.899Z,XRP,1.1935,1919,1.4083,1346.56492
2026-09-07T04:25:06.899Z,ADA,1.3448,299,0.2191,1346.56492
2026-09-07T04:25:06.899Z,AVAX,1.0905,10630,7.809,1346.56492
2026-09-07T04:25:06.899Z,DOT,1.2333,1334,0.9786,1346.56492
2026-09-07T04:25:06.899Z,LINK,0.7996,17910,13.195,1346.56492
2026-09-07T04:25:06.899Z,POL,1.6924,132.8,0.09698,1346.56492
2026-09-07T04:25:06.899Z,DOGE,1.1774,122.1,0.08962,1346.56492
2026-09-07T04:25:06.899Z,TRX,1.1692,457.3,0.33568,1346.56492
2026-09-07T04:25:06.899Z,XLM,1.577,259.8,0.18994,1346.56492
2026-09-07T04:25:06.899Z,SHIB,1.786,0.0075,5.472e-06,1346.56492
2026-09-07T04:25:06.899Z,BCH,1.2994,349200,256,1346.56492
2026-09-07T04:25:06.899Z,UNI,3.1519,9730,7.005,1346.56492
2026-09-07T04:25:06.899Z,AAVE,1.4216,182800,133.85,1346.56492
2026-09-07T04:25:06.899Z,SUSHI,3.7934,332.5,0.2379,1346.56492
2026-09-07T04:25:06.899Z,LDO,-10.5153,485,0.4025,1346.56492
2026-09-07T04:25:06.899Z,ICP,-1.3481,3689,2.777,1346.56492
2026-09-07T04:25:06.899Z,NEAR,1.2846,3276,2.402,1346.56492
2026-09-07T04:25:06.899Z,HBAR,1.1926,110.1,0.0808,1346.56492
2026-09-07T04:25:06.899Z,XTZ,1.9591,325.8,0.2373,1346.56492
2026-09-07T04:25:06.899Z,DYDX,-9.1055,149.2,0.1219,1346.56492
2026-09-07T04:25:06.899Z,ARB,4.8611,251.1,0.17783,1346.56492
2026-09-07T04:25:06.899Z,GMX,-4.006,10160,7.86,1346.56492
2026-09-07T04:25:06.899Z,IMX,-1.1324,176,0.1322,1346.56492
2026-09-07T04:25:06.899Z,INJ,-5.3922,6980,5.479,1346.56492
2026-09-07T04:25:06.899Z,GRT,11.9005,28.75,0.01908,1346.56492
2026-09-07T04:25:06.899Z,SUI,1.3356,1087,0.7966,1346.56492
2026-09-07T04:25:06.899Z,HYPE,1.2004,117500,86.224,1346.56492
2026-09-07T04:30:07.093Z,BTC,1.3181,108580000,79585.8,1346.56492
2026-09-07T04:30:07.093Z,ETH,1.1906,3401000,2495.97,1346.56492
2026-09-07T04:30:07.093Z,SOL,1.3738,143400,105.05,1346.56492
2026-09-07T04:30:07.093Z,BNB,2.2087,1027000,746.2,1346.56492
2026-09-07T04:30:07.093Z,XRP,1.1958,1917,1.4068,1346.56492
2026-09-07T04:30:07.093Z,ADA,1.4374,299,0.2189,1346.56492
2026-09-07T04:30:07.093Z,AVAX,1.1683,10630,7.803,1346.56492
2026-09-07T04:30:07.093Z,DOT,1.1713,1334,0.9792,1346.56492
2026-09-07T04:30:07.093Z,LINK,1.399,17910,13.117,1346.56492
2026-09-07T04:30:07.093Z,POL,1.7449,132.8,0.09693,1346.56492
2026-09-07T04:30:07.093Z,DOGE,1.2226,122.1,0.08958,1346.56492
2026-09-07T04:30:07.093Z,TRX,1.1511,457.3,0.33574,1346.56492
2026-09-07T04:30:07.093Z,XLM,0.9686,260.8,0.19182,1346.56492
2026-09-07T04:30:07.093Z,SHIB,1.7674,0.0075,5.473e-06,1346.56492
2026-09-07T04:30:07.093Z,BCH,1.3786,349200,255.8,1346.56492
2026-09-07T04:30:07.093Z,UNI,3.5362,9730,6.979,1346.56492
2026-09-07T04:30:07.093Z,AAVE,1.3837,182800,133.9,1346.56492
2026-09-07T04:30:07.093Z,SUSHI,4.2316,332.5,0.2369,1346.56492
2026-09-07T04:30:07.093Z,LDO,-10.4486,485,0.4022,1346.56492
2026-09-07T04:30:07.093Z,ICP,-1.7373,3689,2.788,1346.56492
2026-09-07T04:30:07.093Z,NEAR,1.2004,3276,2.404,1346.56492
2026-09-07T04:30:07.093Z,HBAR,1.1801,110.1,0.08081,1346.56492
2026-09-07T04:30:07.093Z,XTZ,7.3106,342.9,0.2373,1346.56492
2026-09-07T04:30:07.093Z,DYDX,-9.0383,149.2,0.12181,1346.56492
2026-09-07T04:30:07.093Z,ARB,5.6932,251.1,0.17643,1346.56492
2026-09-07T04:30:07.093Z,GMX,-4.0915,10160,7.867,1346.56492
2026-09-07T04:30:07.093Z,IMX,-0.8925,176,0.13188,1346.56492
2026-09-07T04:30:07.093Z,INJ,-5.6162,6980,5.492,1346.56492
2026-09-07T04:30:07.093Z,GRT,11.6664,28.75,0.01912,1346.56492
2026-09-07T04:30:07.093Z,SUI,1.111,1085,0.7969,1346.56492
2026-09-07T04:30:07.093Z,HYPE,1.4092,117700,86.193,1346.56492
2026-09-07T04:35:07.050Z,BTC,1.2594,108516000,79585,1346.56492
2026-09-07T04:35:07.050Z,ETH,1.2647,3403000,2495.61,1346.56492
2026-09-07T04:35:07.050Z,SOL,1.1746,143200,105.11,1346.56492
2026-09-07T04:35:07.050Z,BNB,2.2224,1027000,746.1,1346.56492
2026-09-07T04:35:07.050Z,XRP,1.2846,1918,1.4063,1346.56492
2026-09-07T04:35:07.050Z,ADA,1.5211,298.7,0.2185,1346.56492
2026-09-07T04:35:07.050Z,AVAX,1.2851,10630,7.794,1346.56492
2026-09-07T04:35:07.050Z,DOT,1.099,1334,0.9799,1346.56492
2026-09-07T04:35:07.050Z,LINK,1.6936,17910,13.079,1346.56492
2026-09-07T04:35:07.050Z,POL,1.7869,132.8,0.09689,1346.56492
2026-09-07T04:35:07.050Z,DOGE,1.2226,122.1,0.08958,1346.56492
2026-09-07T04:35:07.050Z,TRX,1.1511,457.3,0.33574,1346.56492
2026-09-07T04:35:07.050Z,XLM,1.5866,260.7,0.19058,1346.56492
2026-09-07T04:35:07.050Z,SHIB,1.8232,0.0075,5.47e-06,1346.56492
2026-09-07T04:35:07.050Z,BCH,1.2994,349200,256,1346.56492
2026-09-07T04:35:07.050Z,UNI,4.0131,9730,6.947,1346.56492
2026-09-07T04:35:07.050Z,AAVE,1.619,182800,133.59,1346.56492
2026-09-07T04:35:07.050Z,SUSHI,4.4079,332.5,0.2365,1346.56492
2026-09-07T04:35:07.050Z,LDO,-10.404,485,0.402,1346.56492
2026-09-07T04:35:07.050Z,ICP,-1.5254,3689,2.782,1346.56492
2026-09-07T04:35:07.050Z,NEAR,1.3268,3276,2.401,1346.56492
2026-09-07T04:35:07.050Z,HBAR,1.2803,110.1,0.08073,1346.56492
2026-09-07T04:35:07.050Z,XTZ,7.2202,342.9,0.2375,1346.56492
2026-09-07T04:35:07.050Z,DYDX,-8.9112,149.2,0.12164,1346.56492
2026-09-07T04:35:07.050Z,ARB,6.5082,251.1,0.17508,1346.56492
2026-09-07T04:35:07.050Z,GMX,-4.2132,10160,7.877,1346.56492
2026-09-07T04:35:07.050Z,IMX,-0.9075,176,0.1319,1346.56492
2026-09-07T04:35:07.050Z,INJ,-6.5352,6980,5.546,1346.56492
2026-09-07T04:35:07.050Z,GRT,11.8419,28.75,0.01909,1346.56492
2026-09-07T04:35:07.050Z,SUI,1.2296,1086,0.7967,1346.56492
2026-09-07T04:35:07.050Z,HYPE,1.3339,117700,86.257,1346.56492
2026-09-07T04:40:06.891Z,BTC,1.2063,108462000,79587.1,1346.56492
2026-09-07T04:40:06.891Z,ETH,1.1764,3399000,2494.85,1346.56492
2026-09-07T04:40:06.891Z,SOL,1.2581,143100,104.95,1346.56492
2026-09-07T04:40:06.891Z,BNB,2.2635,1027000,745.8,1346.56492
2026-09-07T04:40:06.891Z,XRP,1.3182,1917,1.4051,1346.56492
2026-09-07T04:40:06.891Z,ADA,0.9529,297.3,0.2187,1346.56492
2026-09-07T04:40:06.891Z,AVAX,1.9091,10690,7.79,1346.56492
2026-09-07T04:40:06.891Z,DOT,1.4094,1334,0.9769,1346.56492
2026-09-07T04:40:06.891Z,LINK,1.1098,17750,13.037,1346.56492
2026-09-07T04:40:06.891Z,POL,2.2194,132.8,0.09648,1346.56492
2026-09-07T04:40:06.891Z,DOGE,1.3244,122.1,0.08949,1346.56492
2026-09-07T04:40:06.891Z,TRX,1.0879,457.3,0.33595,1346.56492
2026-09-07T04:40:06.891Z,XLM,1.3737,261,0.1912,1346.56492
2026-09-07T04:40:06.891Z,SHIB,1.8418,0.0075,5.469e-06,1346.56492
2026-09-07T04:40:06.891Z,BCH,1.339,349200,255.9,1346.56492
2026-09-07T04:40:06.891Z,UNI,4.0581,9730,6.944,1346.56492
2026-09-07T04:40:06.891Z,AAVE,1.6418,182800,133.56,1346.56492
2026-09-07T04:40:06.891Z,SUSHI,4.2316,332.5,0.2369,1346.56492
2026-09-07T04:40:06.891Z,LDO,-10.2925,485,0.4015,1346.56492
2026-09-07T04:40:06.891Z,ICP,-1.6315,3689,2.785,1346.56492
2026-09-07T04:40:06.891Z,NEAR,2.9135,3337,2.408,1346.56492
2026-09-07T04:40:06.891Z,HBAR,1.1801,110.1,0.08081,1346.56492
2026-09-07T04:40:06.891Z,XTZ,7.3106,342.9,0.2373,1346.56492
2026-09-07T04:40:06.891Z,DYDX,-8.9261,149.2,0.12166,1346.56492
2026-09-07T04:40:06.891Z,ARB,6.9909,251.1,0.17429,1346.56492
2026-09-07T04:40:06.891Z,GMX,-4.1158,10160,7.869,1346.56492
2026-09-07T04:40:06.891Z,IMX,-0.9226,176,0.13192,1346.56492
2026-09-07T04:40:06.891Z,INJ,-6.0439,6980,5.517,1346.56492
2026-09-07T04:40:06.891Z,GRT,12.018,28.75,0.01906,1346.56492
2026-09-07T04:40:06.891Z,SUI,1.1404,1083,0.7952,1346.56492
2026-09-07T04:40:06.891Z,HYPE,1.4398,117700,86.167,1346.56492
2026-09-07T04:45:07.077Z,BTC,1.1973,108525000,79640.4,1346.56492
2026-09-07T04:45:07.077Z,ETH,1.1747,3401000,2496.36,1346.56492
2026-09-07T04:45:07.077Z,SOL,1.1521,143100,105.06,1346.56492
2026-09-07T04:45:07.077Z,BNB,2.195,1027000,746.3,1346.56492
2026-09-07T04:45:07.077Z,XRP,1.2102,1917,1.4066,1346.56492
2026-09-07T04:45:07.077Z,ADA,0.8607,297.3,0.2189,1346.56492
2026-09-07T04:45:07.077Z,AVAX,1.7393,10690,7.803,1346.56492
2026-09-07T04:45:07.077Z,DOT,1.068,1334,0.9802,1346.56492
2026-09-07T04:45:07.077Z,LINK,0.762,17750,13.082,1346.56492
2026-09-07T04:45:07.077Z,POL,1.9763,132.8,0.09671,1346.56492
2026-09-07T04:45:07.077Z,DOGE,1.1548,122.1,0.08964,1346.56492
2026-09-07T04:45:07.077Z,TRX,1.103,457.3,0.3359,1346.56492
2026-09-07T04:45:07.077Z,XLM,1.0258,261.9,0.19252,1346.56492
2026-09-07T04:45:07.077Z,SHIB,1.8046,0.0075,5.471e-06,1346.56492
2026-09-07T04:45:07.077Z,BCH,1.1809,349200,256.3,1346.56492
2026-09-07T04:45:07.077Z,UNI,3.8338,9730,6.959,1346.56492
2026-09-07T04:45:07.077Z,AAVE,1.4595,182800,133.8,1346.56492
2026-09-07T04:45:07.077Z,SUSHI,3.1431,332.5,0.2394,1346.56492
2026-09-07T04:45:07.077Z,LDO,-10.5598,485,0.4027,1346.56492
2026-09-07T04:45:07.077Z,ICP,-1.8429,3689,2.791,1346.56492
2026-09-07T04:45:07.077Z,NEAR,2.1079,3337,2.427,1346.56492
2026-09-07T04:45:07.077Z,HBAR,1.1175,110.1,0.08086,1346.56492
2026-09-07T04:45:07.077Z,XTZ,7.2202,342.9,0.2375,1346.56492
2026-09-07T04:45:07.077Z,DYDX,-8.9935,149.2,0.12175,1346.56492
2026-09-07T04:45:07.077Z,ARB,6.0177,251.1,0.17589,1346.56492
2026-09-07T04:45:07.077Z,GMX,-4.3832,10160,7.891,1346.56492
2026-09-07T04:45:07.077Z,IMX,-0.9075,176,0.1319,1346.56492
2026-09-07T04:45:07.077Z,INJ,-6.4339,6980,5.54,1346.56492
2026-09-07T04:45:07.077Z,GRT,12.0768,28.75,0.01905,1346.56492
2026-09-07T04:45:07.077Z,SUI,1.1958,1087,0.7977,1346.56492
2026-09-07T04:45:07.077Z,HYPE,1.3433,117700,86.249,1346.56492
2026-09-07T04:50:07.354Z,BTC,1.2045,108547000,79650.9,1346.56492
2026-09-07T04:50:07.354Z,ETH,1.2679,3403000,2495.53,1346.56492
2026-09-07T04:50:07.354Z,SOL,1.3449,143400,105.08,1346.56492
2026-09-07T04:50:07.354Z,BNB,1.4125,1019000,746.2,1346.56492
2026-09-07T04:50:07.354Z,XRP,1.2678,1917,1.4058,1346.56492
2026-09-07T04:50:07.354Z,ADA,1.4498,298.9,0.2188,1346.56492
2026-09-07T04:50:07.354Z,AVAX,1.7132,10690,7.805,1346.56492
2026-09-07T04:50:07.354Z,DOT,1.2023,1334,0.9789,1346.56492
2026-09-07T04:50:07.354Z,LINK,0.9395,17750,13.059,1346.56492
2026-09-07T04:50:07.354Z,POL,1.9342,132.8,0.09675,1346.56492
2026-09-07T04:50:07.354Z,DOGE,1.2715,122.2,0.08961,1346.56492
2026-09-07T04:50:07.354Z,TRX,1.2316,458.4,0.33628,1346.56492
2026-09-07T04:50:07.354Z,XLM,1.2134,262.4,0.19253,1346.56492
2026-09-07T04:50:07.354Z,SHIB,1.7116,0.0075,5.476e-06,1346.56492
2026-09-07T04:50:07.354Z,BCH,1.1414,349200,256.4,1346.56492
2026-09-07T04:50:07.354Z,UNI,3.8487,9730,6.958,1346.56492
2026-09-07T04:50:07.354Z,AAVE,1.505,182800,133.74,1346.56492
2026-09-07T04:50:07.354Z,SUSHI,3.7063,332.5,0.2381,1346.56492
2026-09-07T04:50:07.354Z,LDO,-10.6264,485,0.403,1346.56492
2026-09-07T04:50:07.354Z,ICP,-1.6315,3689,2.785,1346.56492
2026-09-07T04:50:07.354Z,NEAR,2.5727,3337,2.416,1346.56492
2026-09-07T04:50:07.354Z,HBAR,1.2469,110.2,0.08083,1346.56492
2026-09-07T04:50:07.354Z,XTZ,7.2654,342.9,0.2374,1346.56492
2026-09-07T04:50:07.354Z,DYDX,-9.0159,149.2,0.12178,1346.56492
2026-09-07T04:50:07.354Z,ARB,6.4595,251.1,0.17516,1346.56492
2026-09-07T04:50:07.354Z,GMX,-4.2497,10160,7.88,1346.56492
2026-09-07T04:50:07.354Z,IMX,-1.0351,176,0.13207,1346.56492
2026-09-07T04:50:07.354Z,INJ,-6.4846,6980,5.543,1346.56492
2026-09-07T04:50:07.354Z,GRT,11.9005,28.75,0.01908,1346.56492
2026-09-07T04:50:07.354Z,SUI,1.4543,1088,0.7964,1346.56492
2026-09-07T04:50:07.354Z,HYPE,1.375,117700,86.222,1346.56492
2026-09-07T04:55:06.694Z,BTC,1.1879,108547000,79664,1346.56492
2026-09-07T04:55:06.694Z,ETH,1.2841,3403000,2495.13,1346.56492
2026-09-07T04:55:06.694Z,SOL,1.2003,143100,105.01,1346.56492
2026-09-07T04:55:06.694Z,BNB,1.4261,1019000,746.1,1346.56492
2026-09-07T04:55:06.694Z,XRP,1.2582,1916,1.4052,1346.56492
2026-09-07T04:55:06.694Z,ADA,1.4498,298.9,0.2188,1346.56492
2026-09-07T04:55:06.694Z,AVAX,1.7784,10690,7.8,1346.56492
2026-09-07T04:55:06.694Z,DOT,1.3368,1334,0.9776,1346.56492
2026-09-07T04:55:06.694Z,LINK,0.9318,17750,13.06,1346.56492
2026-09-07T04:55:06.694Z,POL,1.9447,132.8,0.09674,1346.56492
2026-09-07T04:55:06.694Z,DOGE,1.1774,122.1,0.08962,1346.56492
2026-09-07T04:55:06.694Z,TRX,1.3239,459.2,0.33656,1346.56492
2026-09-07T04:55:06.694Z,XLM,1.164,261.4,0.19189,1346.56492
2026-09-07T04:55:06.694Z,SHIB,1.8604,0.0075,5.468e-06,1346.56492
2026-09-07T04:55:06.694Z,BCH,1.2599,349200,256.1,1346.56492
2026-09-07T04:55:06.694Z,UNI,3.9383,9730,6.952,1346.56492
2026-09-07T04:55:06.694Z,AAVE,1.5886,182800,133.63,1346.56492
2026-09-07T04:55:06.694Z,SUSHI,3.7498,332.5,0.238,1346.56492
2026-09-07T04:55:06.694Z,LDO,-10.5376,485,0.4026,1346.56492
2026-09-07T04:55:06.694Z,ICP,-1.7373,3689,2.788,1346.56492
2026-09-07T04:55:06.694Z,NEAR,2.7003,3337,2.413,1346.56492
2026-09-07T04:55:06.694Z,HBAR,1.3096,110.2,0.08078,1346.56492
2026-09-07T04:55:06.694Z,XTZ,7.3106,342.9,0.2373,1346.56492
2026-09-07T04:55:06.694Z,DYDX,-8.7837,149.2,0.12147,1346.56492
2026-09-07T04:55:06.694Z,ARB,6.4413,251.1,0.17519,1346.56492
2026-09-07T04:55:06.694Z,GMX,-4.1402,10160,7.871,1346.56492
2026-09-07T04:55:06.694Z,IMX,-0.8549,176,0.13183,1346.56492
2026-09-07T04:55:06.694Z,INJ,-6.5352,6980,5.546,1346.56492
2026-09-07T04:55:06.694Z,GRT,12.1356,28.75,0.01904,1346.56492
2026-09-07T04:55:06.694Z,SUI,1.1194,1084,0.7961,1346.56492
2026-09-07T04:55:06.694Z,HYPE,1.3997,117700,86.201,1346.56492
2026-09-07T05:00:06.875Z,BTC,1.1748,108547000,79674.3,1346.56492
2026-09-07T05:00:06.875Z,ETH,1.2146,3402000,2496.11,1346.56492
2026-09-07T05:00:06.875Z,SOL,1.2292,143100,104.98,1346.56492
2026-09-07T05:00:06.875Z,BNB,1.3718,1019000,746.5,1346.56492
2026-09-07T05:00:06.875Z,XRP,1.2582,1916,1.4052,1346.56492
2026-09-07T05:00:06.875Z,ADA,1.4035,298.9,0.2189,1346.56492
2026-09-07T05:00:06.875Z,AVAX,1.6742,10690,7.808,1346.56492
2026-09-07T05:00:06.875Z,DOT,1.1506,1334,0.9794,1346.56492
2026-09-07T05:00:06.875Z,LINK,0.9318,17750,13.06,1346.56492
2026-09-07T05:00:06.875Z,POL,1.7869,132.8,0.09689,1346.56492
2026-09-07T05:00:06.875Z,DOGE,1.2866,122.3,0.08967,1346.56492
2026-09-07T05:00:06.875Z,TRX,1.327,459.2,0.33655,1346.56492
2026-09-07T05:00:06.875Z,XLM,1.4997,260.6,0.19067,1346.56492
2026-09-07T05:00:06.875Z,SHIB,1.8232,0.0075,5.47e-06,1346.56492
2026-09-07T05:00:06.875Z,BCH,1.102,349200,256.5,1346.56492
2026-09-07T05:00:06.875Z,UNI,3.7741,9730,6.963,1346.56492
2026-09-07T05:00:06.875Z,AAVE,1.4292,182800,133.84,1346.56492
2026-09-07T05:00:06.875Z,SUSHI,3.8371,332.5,0.2378,1346.56492
2026-09-07T05:00:06.875Z,LDO,-10.5598,485,0.4027,1346.56492
2026-09-07T05:00:06.875Z,ICP,-1.9483,3689,2.794,1346.56492
2026-09-07T05:00:06.875Z,NEAR,1.9818,3337,2.43,1346.56492
2026-09-07T05:00:06.875Z,HBAR,1.297,110.2,0.08079,1346.56492
2026-09-07T05:00:06.875Z,XTZ,7.2202,342.9,0.2375,1346.56492
2026-09-07T05:00:06.875Z,DYDX,-8.8737,149.2,0.12159,1346.56492
2026-09-07T05:00:06.875Z,ARB,6.5203,251.1,0.17506,1346.56492
2026-09-07T05:00:06.875Z,GMX,-4.1402,10160,7.871,1346.56492
2026-09-07T05:00:06.875Z,IMX,-1.0276,176,0.13206,1346.56492
2026-09-07T05:00:06.875Z,INJ,-6.8208,6980,5.563,1346.56492
2026-09-07T05:00:06.875Z,GRT,12.1356,28.75,0.01904,1346.56492
2026-09-07T05:00:06.875Z,SUI,1.1154,1086,0.7976,1346.56492
2026-09-07T05:00:06.875Z,HYPE,1.3136,117600,86.201,1346.56492
2026-09-07T05:05:06.877Z,BTC,1.1142,108547000,79722,1346.56492
2026-09-07T05:05:06.877Z,ETH,1.1991,3409000,2501.63,1346.56492
2026-09-07T05:05:06.877Z,SOL,1.2004,143400,105.23,1346.56492
2026-09-07T05:05:06.877Z,BNB,1.2768,1019000,747.2,1346.56492
2026-09-07T05:05:06.877Z,XRP,1.2007,1919,1.4082,1346.56492
2026-09-07T05:05:06.877Z,ADA,1.2062,299,0.2194,1346.56492
2026-09-07T05:05:06.877Z,AVAX,1.3497,10690,7.833,1346.56492
2026-09-07T05:05:06.877Z,DOT,1.0165,1334,0.9807,1346.56492
2026-09-07T05:05:06.877Z,LINK,0.2257,17750,13.152,1346.56492
2026-09-07T05:05:06.877Z,POL,1.5877,132.8,0.09708,1346.56492
2026-09-07T05:05:06.877Z,DOGE,1.1252,122.5,0.08996,1346.56492
2026-09-07T05:05:06.877Z,TRX,1.2848,459.2,0.33669,1346.56492
2026-09-07T05:05:06.877Z,XLM,1.1795,260.5,0.1912,1346.56492
2026-09-07T05:05:06.877Z,SHIB,1.4338,0.0075,5.491e-06,1346.56492
2026-09-07T05:05:06.877Z,BCH,0.8268,349200,257.2,1346.56492
2026-09-07T05:05:06.877Z,UNI,3.1814,9730,7.003,1346.56492
2026-09-07T05:05:06.877Z,AAVE,1.1873,182800,134.16,1346.56492
2026-09-07T05:05:06.877Z,SUSHI,3.2293,332.5,0.2392,1346.56492
2026-09-07T05:05:06.877Z,LDO,-10.8255,485,0.4039,1346.56492
2026-09-07T05:05:06.877Z,ICP,-2.1235,3689,2.799,1346.56492
2026-09-07T05:05:06.877Z,NEAR,2.1079,3337,2.427,1346.56492
2026-09-07T05:05:06.877Z,HBAR,1.1218,110.2,0.08093,1346.56492
2026-09-07T05:05:06.877Z,XTZ,7.0849,342.9,0.2378,1346.56492
2026-09-07T05:05:06.877Z,DYDX,-9.1576,149.2,0.12197,1346.56492
2026-09-07T05:05:06.877Z,ARB,7.0401,251.1,0.17421,1346.56492
2026-09-07T05:05:06.877Z,GMX,-4.5042,10160,7.901,1346.56492
2026-09-07T05:05:06.877Z,IMX,-1.2967,176,0.13242,1346.56492
2026-09-07T05:05:06.877Z,INJ,-7.0714,6980,5.578,1346.56492
2026-09-07T05:05:06.877Z,GRT,11.8419,28.75,0.01909,1346.56492
2026-09-07T05:05:06.877Z,SUI,0.5858,1086,0.8018,1346.56492
2026-09-07T05:05:06.877Z,HYPE,1.1388,117600,86.35,1346.56492
2026-09-07T05:10:06.517Z,BTC,1.2519,108670000,79703.8,1346.56492
2026-09-07T05:10:06.517Z,ETH,1.2687,3412000,2502.11,1346.56492
2026-09-07T05:10:06.517Z,SOL,1.3832,143700,105.26,1346.56492
2026-09-07T05:10:06.517Z,BNB,1.2362,1019000,747.5,1346.56492
2026-09-07T05:10:06.517Z,XRP,1.2175,1920,1.4087,1346.56492
2026-09-07T05:10:06.517Z,ADA,1.397,299.7,0.2195,1346.56492
2026-09-07T05:10:06.517Z,AVAX,0.9373,10690,7.865,1346.56492
2026-09-07T05:10:06.517Z,DOT,0.7187,1334,0.9836,1346.56492
2026-09-07T05:10:06.517Z,LINK,0.0432,17750,13.176,1346.56492
2026-09-07T05:10:06.517Z,POL,1.5563,132.8,0.09711,1346.56492
2026-09-07T05:10:06.517Z,DOGE,1.3692,122.7,0.08989,1346.56492
2026-09-07T05:10:06.517Z,TRX,1.2558,459.3,0.33686,1346.56492
2026-09-07T05:10:06.517Z,XLM,1.2555,261.5,0.19179,1346.56492
2026-09-07T05:10:06.517Z,SHIB,1.3968,0.0075,5.493e-06,1346.56492
2026-09-07T05:10:06.517Z,BCH,0.6702,349200,257.6,1346.56492
2026-09-07T05:10:06.517Z,UNI,3.2256,9730,7,1346.56492
2026-09-07T05:10:06.517Z,AAVE,0.7293,182800,134.77,1346.56492
2026-09-07T05:10:06.517Z,SUSHI,3.2293,332.5,0.2392,1346.56492
2026-09-07T05:10:06.517Z,LDO,-10.8034,485,0.4038,1346.56492
2026-09-07T05:10:06.517Z,ICP,-2.6452,3689,2.814,1346.56492
2026-09-07T05:10:06.517Z,NEAR,1.6889,3337,2.437,1346.56492
2026-09-07T05:10:06.517Z,HBAR,1.1468,110.2,0.08091,1346.56492
2026-09-07T05:10:06.517Z,XTZ,7.0849,342.9,0.2378,1346.56492
2026-09-07T05:10:06.517Z,DYDX,-9.3434,149.2,0.12222,1346.56492
2026-09-07T05:10:06.517Z,ARB,7.3234,251.1,0.17375,1346.56492
2026-09-07T05:10:06.517Z,GMX,-4.4316,10160,7.895,1346.56492
2026-09-07T05:10:06.517Z,IMX,-1.4307,176,0.1326,1346.56492
2026-09-07T05:10:06.517Z,INJ,-7.038,6980,5.576,1346.56492
2026-09-07T05:10:06.517Z,GRT,11.6081,28.75,0.01913,1346.56492
2026-09-07T05:10:06.517Z,SUI,1.1415,1092,0.8018,1346.56492
2026-09-07T05:10:06.517Z,HYPE,1.2081,117900,86.511,1346.56492
2026-09-07T05:15:06.884Z,BTC,1.1997,108728000,79787.5,1346.56492
2026-09-07T05:15:06.884Z,ETH,1.1652,3412000,2504.67,1346.56492
2026-09-07T05:15:06.884Z,SOL,1.0755,143400,105.36,1346.56492
2026-09-07T05:15:06.884Z,BNB,1.2362,1019000,747.5,1346.56492
2026-09-07T05:15:06.884Z,XRP,1.1553,1921,1.4103,1346.56492
2026-09-07T05:15:06.884Z,ADA,1.3047,299.7,0.2197,1346.56492
2026-09-07T05:15:06.884Z,AVAX,0.7741,10670,7.863,1346.56492
2026-09-07T05:15:06.884Z,DOT,0.6777,1334,0.984,1346.56492
2026-09-07T05:15:06.884Z,LINK,0.066,17750,13.173,1346.56492
2026-09-07T05:15:06.884Z,POL,1.5354,132.8,0.09713,1346.56492
2026-09-07T05:15:06.884Z,DOGE,1.279,122.7,0.08997,1346.56492
2026-09-07T05:15:06.884Z,TRX,1.2818,459.5,0.33692,1346.56492
2026-09-07T05:15:06.884Z,XLM,0.863,260.5,0.1918,1346.56492
2026-09-07T05:15:06.884Z,SHIB,1.1758,0.0075,5.505e-06,1346.56492
2026-09-07T05:15:06.884Z,BCH,0.4363,349200,258.2,1346.56492
2026-09-07T05:15:06.884Z,UNI,3.2404,9730,6.999,1346.56492
2026-09-07T05:15:06.884Z,AAVE,0.2532,182800,135.41,1346.56492
2026-09-07T05:15:06.884Z,SUSHI,3.014,332.5,0.2397,1346.56492
2026-09-07T05:15:06.884Z,LDO,-10.9358,485,0.4044,1346.56492
2026-09-07T05:15:06.884Z,ICP,-3.2981,3689,2.833,1346.56492
2026-09-07T05:15:06.884Z,NEAR,1.6889,3337,2.437,1346.56492
2026-09-07T05:15:06.884Z,HBAR,1.0219,110.2,0.08101,1346.56492
2026-09-07T05:15:06.884Z,XTZ,7.0399,342.9,0.2379,1346.56492
2026-09-07T05:15:06.884Z,DYDX,-9.2989,149.2,0.12216,1346.56492
2026-09-07T05:15:06.884Z,ARB,7.3914,251.1,0.17364,1346.56492
2026-09-07T05:15:06.884Z,GMX,-4.7333,10160,7.92,1346.56492
2026-09-07T05:15:06.884Z,IMX,-1.4455,176,0.13262,1346.56492
2026-09-07T05:15:06.884Z,INJ,-6.9212,6980,5.569,1346.56492
2026-09-07T05:15:06.884Z,GRT,11.6664,28.75,0.01912,1346.56492
2026-09-07T05:15:06.884Z,SUI,0.7348,1091,0.8043,1346.56492
2026-09-07T05:15:06.884Z,HYPE,1.1473,117900,86.563,1346.56492
2026-09-07T05:20:07.108Z,BTC,1.2505,108777000,79783.4,1346.56492
2026-09-07T05:20:07.108Z,ETH,1.2,3415000,2506.01,1346.56492
2026-09-07T05:20:07.108Z,SOL,1.2102,143700,105.44,1346.56492
2026-09-07T05:20:07.108Z,BNB,1.182,1019000,747.9,1346.56492
2026-09-07T05:20:07.108Z,XRP,1.2056,1924,1.4118,1346.56492
2026-09-07T05:20:07.108Z,ADA,0.925,299.8,0.2206,1346.56492
2026-09-07T05:20:07.108Z,AVAX,0.595,10670,7.877,1346.56492
2026-09-07T05:20:07.108Z,DOT,0.4226,1334,0.9865,1346.56492
2026-09-07T05:20:07.108Z,LINK,-0.063,17750,13.19,1346.56492
2026-09-07T05:20:07.108Z,POL,1.3371,132.8,0.09732,1346.56492
2026-09-07T05:20:07.108Z,DOGE,1.1816,122.8,0.09013,1346.56492
2026-09-07T05:20:07.108Z,TRX,1.2387,459.4,0.33699,1346.56492
2026-09-07T05:20:07.108Z,XLM,1.0612,262.4,0.19282,1346.56492
2026-09-07T05:20:07.108Z,SHIB,0.9557,0.0075,5.517e-06,1346.56492
2026-09-07T05:20:07.108Z,BCH,0.9518,351400,258.5,1346.56492
2026-09-07T05:20:07.108Z,UNI,3.1519,9730,7.005,1346.56492
2026-09-07T05:20:07.108Z,AAVE,0.2828,182800,135.37,1346.56492
2026-09-07T05:20:07.108Z,SUSHI,2.9281,332.5,0.2399,1346.56492
2026-09-07T05:20:07.108Z,LDO,-11.0238,485,0.4048,1346.56492
2026-09-07T05:20:07.108Z,ICP,-4.0097,3689,2.854,1346.56492
2026-09-07T05:20:07.108Z,NEAR,1.5638,3337,2.44,1346.56492
2026-09-07T05:20:07.108Z,HBAR,0.8443,110.4,0.0813,1346.56492
2026-09-07T05:20:07.108Z,XTZ,6.7706,342.9,0.2385,1346.56492
2026-09-07T05:20:07.108Z,DYDX,-9.3805,149.2,0.12227,1346.56492
2026-09-07T05:20:07.108Z,ARB,7.7265,251.1,0.1731,1346.56492
2026-09-07T05:20:07.108Z,GMX,-4.9014,10160,7.934,1346.56492
2026-09-07T05:20:07.108Z,IMX,-1.6162,176,0.13285,1346.56492
2026-09-07T05:20:07.108Z,INJ,-7.1712,6980,5.584,1346.56492
2026-09-07T05:20:07.108Z,GRT,11.5498,28.75,0.01914,1346.56492
2026-09-07T05:20:07.108Z,SUI,0.7829,1096,0.8076,1346.56492
2026-09-07T05:20:07.108Z,HYPE,1.0352,117900,86.659,1346.56492
2026-09-07T05:25:06.898Z,BTC,1.1384,108730000,79837.3,1346.56492
2026-09-07T05:25:06.898Z,ETH,1.0611,3418000,2511.66,1346.56492
2026-09-07T05:25:06.898Z,SOL,1.2103,144000,105.66,1346.56492
2026-09-07T05:25:06.898Z,BNB,1.1144,1019000,748.4,1346.56492
2026-09-07T05:25:06.898Z,XRP,1.1628,1927,1.4146,1346.56492
2026-09-07T05:25:06.898Z,ADA,1.0998,301,0.2211,1346.56492
2026-09-07T05:25:06.898Z,AVAX,1.1309,10750,7.894,1346.56492
2026-09-07T05:25:06.898Z,DOT,0.1991,1334,0.9887,1346.56492
2026-09-07T05:25:06.898Z,LINK,1.3109,18140,13.297,1346.56492
2026-09-07T05:25:06.898Z,POL,1.504,132.8,0.09716,1346.56492
2026-09-07T05:25:06.898Z,DOGE,1.1259,123.1,0.0904,1346.56492
2026-09-07T05:25:06.898Z,TRX,1.2027,459.4,0.33711,1346.56492
2026-09-07T05:25:06.898Z,XLM,1.0765,261.8,0.19235,1346.56492
2026-09-07T05:25:06.898Z,SHIB,0.8096,0.0075,5.525e-06,1346.56492
2026-09-07T05:25:06.898Z,BCH,0.8737,351400,258.7,1346.56492
2026-09-07T05:25:06.898Z,UNI,3.1814,9730,7.003,1346.56492
2026-09-07T05:25:06.898Z,AAVE,0.1127,182800,135.6,1346.56492
2026-09-07T05:25:06.898Z,SUSHI,2.9281,332.5,0.2399,1346.56492
2026-09-07T05:25:06.898Z,LDO,-11.3304,485,0.4062,1346.56492
2026-09-07T05:25:06.898Z,ICP,-4.4783,3689,2.868,1346.56492
2026-09-07T05:25:06.898Z,NEAR,1.6055,3337,2.439,1346.56492
2026-09-07T05:25:06.898Z,HBAR,0.8612,110.5,0.08136,1346.56492
2026-09-07T05:25:06.898Z,XTZ,6.8154,342.9,0.2384,1346.56492
2026-09-07T05:25:06.898Z,DYDX,-9.3657,149.2,0.12225,1346.56492
2026-09-07T05:25:06.898Z,ARB,7.8885,251.1,0.17284,1346.56492
2026-09-07T05:25:06.898Z,GMX,-5.0808,10160,7.949,1346.56492
2026-09-07T05:25:06.898Z,IMX,-1.5569,176,0.13277,1346.56492
2026-09-07T05:25:06.898Z,INJ,-8.2231,6980,5.648,1346.56492
2026-09-07T05:25:06.898Z,GRT,11.4915,28.75,0.01915,1346.56492
2026-09-07T05:25:06.898Z,SUI,0.3233,1096,0.8113,1346.56492
2026-09-07T05:25:06.898Z,HYPE,0.9444,117900,86.737,1346.56492
2026-09-07T05:30:06.942Z,BTC,1.2589,108800000,79793.7,1346.56492
2026-09-07T05:30:06.942Z,ETH,1.142,3420000,2511.12,1346.56492
2026-09-07T05:30:06.942Z,SOL,1.4342,144100,105.5,1346.56492
2026-09-07T05:30:06.942Z,BNB,1.1685,1019000,748,1346.56492
2026-09-07T05:30:06.942Z,XRP,1.2129,1927,1.4139,1346.56492
2026-09-07T05:30:06.942Z,ADA,1.5433,301.5,0.2205,1346.56492
2026-09-07T05:30:06.942Z,AVAX,1.2978,10750,7.881,1346.56492
2026-09-07T05:30:06.942Z,DOT,0.2803,1334,0.9879,1346.56492
2026-09-07T05:30:06.942Z,LINK,1.678,18140,13.249,1346.56492
2026-09-07T05:30:06.942Z,POL,1.4831,132.8,0.09718,1346.56492
2026-09-07T05:30:06.942Z,DOGE,1.4923,123.3,0.09022,1346.56492
2026-09-07T05:30:06.942Z,TRX,1.2297,459.4,0.33702,1346.56492
2026-09-07T05:30:06.942Z,XLM,1.3151,262.8,0.19263,1346.56492
2026-09-07T05:30:06.942Z,SHIB,0.8643,0.0075,5.522e-06,1346.56492
2026-09-07T05:30:06.942Z,BCH,1.0299,351400,258.3,1346.56492
2026-09-07T05:30:06.942Z,UNI,1.9649,9640,7.021,1346.56492
2026-09-07T05:30:06.942Z,AAVE,0.0095,182800,135.74,1346.56492
2026-09-07T05:30:06.942Z,SUSHI,3.2725,332.5,0.2391,1346.56492
2026-09-07T05:30:06.942Z,LDO,-11.635,485,0.4076,1346.56492
2026-09-07T05:30:06.942Z,ICP,-4.8102,3689,2.878,1346.56492
2026-09-07T05:30:06.942Z,NEAR,1.304,3308,2.425,1346.56492
2026-09-07T05:30:06.942Z,HBAR,0.9605,110.5,0.08128,1346.56492
2026-09-07T05:30:06.942Z,XTZ,6.95,342.9,0.2381,1346.56492
2026-09-07T05:30:06.942Z,DYDX,-9.2246,149.2,0.12206,1346.56492
2026-09-07T05:30:06.942Z,ARB,8.4406,251.1,0.17196,1346.56492
2026-09-07T05:30:06.942Z,GMX,-5.0091,10160,7.943,1346.56492
2026-09-07T05:30:06.942Z,IMX,-1.3265,176,0.13246,1346.56492
2026-09-07T05:30:06.942Z,INJ,-8.45,6980,5.662,1346.56492
2026-09-07T05:30:06.942Z,GRT,11.7834,28.75,0.0191,1346.56492
2026-09-07T05:30:06.942Z,SUI,0.8704,1096,0.8069,1346.56492
2026-09-07T05:30:06.942Z,HYPE,1.3485,118200,86.611,1346.56492
2026-09-07T05:35:06.889Z,BTC,1.1814,108724000,79799,1346.56492
2026-09-07T05:35:06.889Z,ETH,1.1788,3421000,2510.94,1346.56492
2026-09-07T05:35:06.889Z,SOL,1.4342,144100,105.5,1346.56492
2026-09-07T05:35:06.889Z,BNB,1.1415,1019000,748.2,1346.56492
2026-09-07T05:35:06.889Z,XRP,1.2558,1927,1.4133,1346.56492
2026-09-07T05:35:06.889Z,ADA,1.4177,301.4,0.2207,1346.56492
2026-09-07T05:35:06.889Z,AVAX,1.0886,10770,7.912,1346.56492
2026-09-07T05:35:06.889Z,DOT,-0.0233,1334,0.9909,1346.56492
2026-09-07T05:35:06.889Z,LINK,1.1364,18200,13.364,1346.56492
2026-09-07T05:35:06.889Z,POL,1.3997,132.8,0.09726,1346.56492
2026-09-07T05:35:06.889Z,DOGE,1.5148,123.3,0.0902,1346.56492
2026-09-07T05:35:06.889Z,TRX,1.3029,459.2,0.33663,1346.56492
2026-09-07T05:35:06.889Z,XLM,1.5003,261.9,0.19162,1346.56492
2026-09-07T05:35:06.889Z,SHIB,0.9923,0.0075,5.515e-06,1346.56492
2026-09-07T05:35:06.889Z,BCH,1.1474,351400,258,1346.56492
2026-09-07T05:35:06.889Z,UNI,1.8199,9640,7.031,1346.56492
2026-09-07T05:35:06.889Z,AAVE,0.0463,182800,135.69,1346.56492
2026-09-07T05:35:06.889Z,SUSHI,3.1862,332.5,0.2393,1346.56492
2026-09-07T05:35:06.889Z,LDO,-11.5482,485,0.4072,1346.56492
2026-09-07T05:35:06.889Z,ICP,-5.3037,3689,2.893,1346.56492
2026-09-07T05:35:06.889Z,NEAR,1.3598,3303,2.42,1346.56492
2026-09-07T05:35:06.889Z,HBAR,0.9977,110.5,0.08125,1346.56492
2026-09-07T05:35:06.889Z,XTZ,7.0399,342.9,0.2379,1346.56492
2026-09-07T05:35:06.889Z,DYDX,-9.1874,149.2,0.12201,1346.56492
2026-09-07T05:35:06.889Z,ARB,8.1764,251.1,0.17238,1346.56492
2026-09-07T05:35:06.889Z,GMX,-5.2001,10160,7.959,1346.56492
2026-09-07T05:35:06.889Z,IMX,-1.4232,176,0.13259,1346.56492
2026-09-07T05:35:06.889Z,INJ,-8.3853,6980,5.658,1346.56492
2026-09-07T05:35:06.889Z,GRT,11.7249,28.75,0.01911,1346.56492
2026-09-07T05:35:06.889Z,SUI,0.983,1096,0.806,1346.56492
2026-09-07T05:35:06.889Z,HYPE,1.2386,118200,86.705,1346.56492
2026-09-07T05:40:06.881Z,BTC,1.1892,108734000,79800.2,1346.56492
2026-09-07T05:40:06.881Z,ETH,1.2893,3421000,2508.2,1346.56492
2026-09-07T05:40:06.881Z,SOL,1.2966,143700,105.35,1346.56492
2026-09-07T05:40:06.881Z,BNB,1.0334,1019000,749,1346.56492
2026-09-07T05:40:06.881Z,XRP,1.2558,1927,1.4133,1346.56492
2026-09-07T05:40:06.881Z,ADA,1.3167,301.1,0.2207,1346.56492
2026-09-07T05:40:06.881Z,AVAX,0.8973,10770,7.927,1346.56492
2026-09-07T05:40:06.881Z,DOT,0.2498,1334,0.9882,1346.56492
2026-09-07T05:40:06.881Z,LINK,1.4408,18390,13.463,1346.56492
2026-09-07T05:40:06.881Z,POL,1.3267,132.8,0.09733,1346.56492
2026-09-07T05:40:06.881Z,DOGE,1.4361,123.3,0.09027,1346.56492
2026-09-07T05:40:06.881Z,TRX,1.3631,459.2,0.33643,1346.56492
2026-09-07T05:40:06.881Z,XLM,1.6513,261.4,0.19097,1346.56492
2026-09-07T05:40:06.881Z,SHIB,0.8278,0.0075,5.524e-06,1346.56492
2026-09-07T05:40:06.881Z,BCH,1.0299,351400,258.3,1346.56492
2026-09-07T05:40:06.881Z,UNI,1.6897,9640,7.04,1346.56492
2026-09-07T05:40:06.881Z,AAVE,-0.1303,182800,135.93,1346.56492
2026-09-07T05:40:06.881Z,SUSHI,3.2725,332.5,0.2391,1346.56492
2026-09-07T05:40:06.881Z,LDO,-11.5482,485,0.4072,1346.56492
2026-09-07T05:40:06.881Z,ICP,-5.0411,3689,2.885,1346.56492
2026-09-07T05:40:06.881Z,NEAR,1.1926,3303,2.424,1346.56492
2026-09-07T05:40:06.881Z,HBAR,1.2428,110.7,0.0812,1346.56492
2026-09-07T05:40:06.881Z,XTZ,7.0849,342.9,0.2378,1346.56492
2026-09-07T05:40:06.881Z,DYDX,-8.9037,149.2,0.12163,1346.56492
2026-09-07T05:40:06.881Z,ARB,8.833,251.1,0.17134,1346.56492
2026-09-07T05:40:06.881Z,GMX,-5.2715,10160,7.965,1346.56492
2026-09-07T05:40:06.881Z,IMX,-1.2743,176,0.13239,1346.56492
2026-09-07T05:40:06.881Z,INJ,-7.9624,6980,5.632,1346.56492
2026-09-07T05:40:06.881Z,GRT,11.8419,28.75,0.01909,1346.56492
2026-09-07T05:40:06.881Z,SUI,1.0206,1096,0.8057,1346.56492
2026-09-07T05:40:06.881Z,HYPE,1.3555,118200,86.605,1346.56492
2026-09-07T05:45:06.869Z,BTC,1.2558,108821000,79811.5,1346.56492
2026-09-07T05:45:06.869Z,ETH,1.2151,3421000,2510.04,1346.56492
2026-09-07T05:45:06.869Z,SOL,1.1781,143600,105.4,1346.56492
2026-09-07T05:45:06.869Z,BNB,0.9795,1019000,749.4,1346.56492
