checkedAt,coin,premium,korbitPrice,foreignPrice,usdKrwRate
2026-09-09T00:00:07.238Z,BTC,0.8428,106407000,78429.7,1345.378849
2026-09-09T00:00:07.238Z,ETH,0.7843,3369000,2484.64,1345.378849
2026-09-09T00:00:07.238Z,SOL,0.7783,140100,103.33,1345.378849
2026-09-09T00:00:07.238Z,BNB,1.1864,1024000,752.2,1345.378849
2026-09-09T00:00:07.238Z,XRP,0.675,1919,1.4168,1345.378849
2026-09-09T00:00:07.238Z,ADA,0.7316,297.2,0.2193,1345.378849
2026-09-09T00:00:07.238Z,AVAX,1.011,10880,8.006,1345.378849
2026-09-09T00:00:07.238Z,DOT,0.7077,1692,1.2488,1345.378849
2026-09-09T00:00:07.238Z,LINK,2.1267,17190,12.511,1345.378849
2026-09-09T00:00:07.238Z,POL,2.1783,131.2,0.09544,1345.378849
2026-09-09T00:00:07.238Z,DOGE,0.6515,121.9,0.09002,1345.378849
2026-09-09T00:00:07.238Z,TRX,0.7796,459.3,0.33875,1345.378849
2026-09-09T00:00:07.238Z,XLM,1.204,255.5,0.18765,1345.378849
2026-09-09T00:00:07.238Z,SHIB,0.3882,0.0073,5.405e-06,1345.378849
2026-09-09T00:00:07.238Z,BCH,1.1582,351400,258.2,1345.378849
2026-09-09T00:00:07.238Z,UNI,1.337,9200,6.748,1345.378849
2026-09-09T00:00:07.238Z,AAVE,0.4283,174000,128.78,1345.378849
2026-09-09T00:00:07.238Z,SUSHI,0.3747,321.4,0.238,1345.378849
2026-09-09T00:00:07.238Z,LDO,-22.8743,399.8,0.3853,1345.378849
2026-09-09T00:00:07.238Z,ICP,1.6194,4014,2.936,1345.378849
2026-09-09T00:00:07.238Z,NEAR,0.0021,3120,2.319,1345.378849
2026-09-09T00:00:07.238Z,HBAR,1.3057,107.7,0.07902,1345.378849
2026-09-09T00:00:07.238Z,XTZ,6.3584,356.3,0.249,1345.378849
2026-09-09T00:00:07.238Z,DYDX,-8.1437,149.2,0.12073,1345.378849
2026-09-09T00:00:07.238Z,ARB,1.826,226,0.16497,1345.378849
2026-09-09T00:00:07.238Z,GMX,-9.0476,10160,8.303,1345.378849
2026-09-09T00:00:07.238Z,IMX,0.9497,179.1,0.13187,1345.378849
2026-09-09T00:00:07.238Z,INJ,1.5626,8760,6.411,1345.378849
2026-09-09T00:00:07.238Z,GRT,15.1401,29.99,0.01936,1345.378849
2026-09-09T00:00:07.238Z,SUI,0.7487,1099,0.8108,1345.378849
2026-09-09T00:00:07.238Z,HYPE,4.0262,119100,85.099,1345.378849
2026-09-09T00:05:06.886Z,BTC,0.6632,106342000,78521.7,1345.378849
2026-09-09T00:05:06.886Z,ETH,0.6498,3370000,2488.7,1345.378849
2026-09-09T00:05:06.886Z,SOL,0.5448,140100,103.57,1345.378849
2026-09-09T00:05:06.886Z,BNB,0.9984,1024000,753.6,1345.378849
2026-09-09T00:05:06.886Z,XRP,0.7072,1923,1.4193,1345.378849
2026-09-09T00:05:06.886Z,ADA,0.3654,297.2,0.2201,1345.378849
2026-09-09T00:05:06.886Z,AVAX,0.659,10880,8.034,1345.378849
2026-09-09T00:05:06.886Z,DOT,0.3141,1692,1.2537,1345.378849
2026-09-09T00:05:06.886Z,LINK,1.8256,17190,12.548,1345.378849
2026-09-09T00:05:06.886Z,POL,2.1462,131.2,0.09547,1345.378849
2026-09-09T00:05:06.886Z,DOGE,0.5795,122.3,0.09038,1345.378849
2026-09-09T00:05:06.886Z,TRX,0.729,459.3,0.33892,1345.378849
2026-09-09T00:05:06.886Z,XLM,1.0214,255.8,0.18821,1345.378849
2026-09-09T00:05:06.886Z,SHIB,-0.0188,0.0073,5.427e-06,1345.378849
2026-09-09T00:05:06.886Z,BCH,0.5131,349700,258.6,1345.378849
2026-09-09T00:05:06.886Z,UNI,0.8885,9200,6.778,1345.378849
2026-09-09T00:05:06.886Z,AAVE,0.226,174000,129.04,1345.378849
2026-09-09T00:05:06.886Z,SUSHI,-0.3372,321.4,0.2397,1345.378849
2026-09-09T00:05:06.886Z,LDO,-23.1734,399.8,0.3868,1345.378849
2026-09-09T00:05:06.886Z,ICP,1.2401,4014,2.947,1345.378849
2026-09-09T00:05:06.886Z,NEAR,-0.47,3120,2.33,1345.378849
2026-09-09T00:05:06.886Z,HBAR,1.1266,107.7,0.07916,1345.378849
2026-09-09T00:05:06.886Z,XTZ,6.1028,356.3,0.2496,1345.378849
2026-09-09T00:05:06.886Z,DYDX,-8.4999,149.2,0.1212,1345.378849
2026-09-09T00:05:06.886Z,ARB,1.3469,226,0.16575,1345.378849
2026-09-09T00:05:06.886Z,GMX,-9.2553,10160,8.322,1345.378849
2026-09-09T00:05:06.886Z,IMX,0.7129,179.1,0.13218,1345.378849
2026-09-09T00:05:06.886Z,INJ,0.5898,8760,6.473,1345.378849
2026-09-09T00:05:06.886Z,GRT,14.9027,29.99,0.0194,1345.378849
2026-09-09T00:05:06.886Z,SUI,-0.2844,1099,0.8192,1345.378849
2026-09-09T00:05:06.886Z,HYPE,3.6972,119100,85.369,1345.378849
2026-09-09T00:10:06.805Z,BTC,0.7644,106528000,78580,1345.378849
2026-09-09T00:10:06.805Z,ETH,0.7298,3376000,2491.15,1345.378849
2026-09-09T00:10:06.805Z,SOL,0.7735,140500,103.63,1345.378849
2026-09-09T00:10:06.805Z,BNB,0.9448,1024000,754,1345.378849
2026-09-09T00:10:06.805Z,XRP,0.5796,1923,1.4211,1345.378849
2026-09-09T00:10:06.805Z,ADA,0.3199,297.2,0.2202,1345.378849
2026-09-09T00:10:06.805Z,AVAX,0.5964,10880,8.039,1345.378849
2026-09-09T00:10:06.805Z,DOT,0.3542,1692,1.2532,1345.378849
2026-09-09T00:10:06.805Z,LINK,1.8174,17190,12.549,1345.378849
2026-09-09T00:10:06.805Z,POL,2.0607,131.2,0.09555,1345.378849
2026-09-09T00:10:06.805Z,DOGE,0.6369,122.6,0.09055,1345.378849
2026-09-09T00:10:06.805Z,TRX,0.6667,459.3,0.33913,1345.378849
2026-09-09T00:10:06.805Z,XLM,0.9945,255.8,0.18826,1345.378849
2026-09-09T00:10:06.805Z,SHIB,-0.1659,0.0073,5.435e-06,1345.378849
2026-09-09T00:10:06.805Z,BCH,0.3966,349700,258.9,1345.378849
2026-09-09T00:10:06.805Z,UNI,0.7844,9200,6.785,1345.378849
2026-09-09T00:10:06.805Z,AAVE,0.1639,174000,129.12,1345.378849
2026-09-09T00:10:06.805Z,SUSHI,-1.039,321.4,0.2414,1345.378849
2026-09-09T00:10:06.805Z,LDO,-23.4899,399.8,0.3884,1345.378849
2026-09-09T00:10:06.805Z,ICP,1.0002,4014,2.954,1345.378849
2026-09-09T00:10:06.805Z,NEAR,-0.8953,3120,2.34,1345.378849
2026-09-09T00:10:06.805Z,HBAR,1.0627,107.7,0.07921,1345.378849
2026-09-09T00:10:06.805Z,XTZ,6.0178,356.3,0.2498,1345.378849
2026-09-09T00:10:06.805Z,DYDX,-8.7408,149.2,0.12152,1345.378849
2026-09-09T00:10:06.805Z,ARB,1.1516,226,0.16607,1345.378849
2026-09-09T00:10:06.805Z,GMX,-9.3859,10160,8.334,1345.378849
2026-09-09T00:10:06.805Z,IMX,0.4849,179.1,0.13248,1345.378849
2026-09-09T00:10:06.805Z,INJ,1.0895,8760,6.441,1345.378849
2026-09-09T00:10:06.805Z,GRT,14.7253,29.99,0.01943,1345.378849
2026-09-09T00:10:06.805Z,SUI,-0.2113,1099,0.8186,1345.378849
2026-09-09T00:10:06.805Z,HYPE,3.6838,119100,85.38,1345.378849
2026-09-09T00:15:07.105Z,BTC,0.6886,106594000,78687.9,1345.378849
2026-09-09T00:15:07.105Z,ETH,0.6812,3378000,2493.83,1345.378849
2026-09-09T00:15:07.105Z,SOL,0.748,140600,103.73,1345.378849
2026-09-09T00:15:07.105Z,BNB,0.8378,1024000,754.8,1345.378849
2026-09-09T00:15:07.105Z,XRP,0.6951,1929,1.4239,1345.378849
2026-09-09T00:15:07.105Z,ADA,0.7542,299.3,0.2208,1345.378849
2026-09-09T00:15:07.105Z,AVAX,0.7467,10880,8.027,1345.378849
2026-09-09T00:15:07.105Z,DOT,0.8855,1692,1.2466,1345.378849
2026-09-09T00:15:07.105Z,LINK,1.8743,17190,12.542,1345.378849
2026-09-09T00:15:07.105Z,POL,1.5823,131.2,0.096,1345.378849
2026-09-09T00:15:07.105Z,DOGE,0.7026,123.1,0.09086,1345.378849
2026-09-09T00:15:07.105Z,TRX,0.6221,459.3,0.33928,1345.378849
2026-09-09T00:15:07.105Z,XLM,0.8499,255.8,0.18853,1345.378849
2026-09-09T00:15:07.105Z,SHIB,0.7014,0.0074,5.462e-06,1345.378849
2026-09-09T00:15:07.105Z,BCH,0.1259,349700,259.6,1345.378849
2026-09-09T00:15:07.105Z,UNI,0.9928,9200,6.771,1345.378849
2026-09-09T00:15:07.105Z,AAVE,-0.0065,174000,129.34,1345.378849
2026-09-09T00:15:07.105Z,SUSHI,-1.1618,321.4,0.2417,1345.378849
2026-09-09T00:15:07.105Z,LDO,-23.7842,399.8,0.3899,1345.378849
2026-09-09T00:15:07.105Z,ICP,1.0002,4014,2.954,1345.378849
2026-09-09T00:15:07.105Z,NEAR,0.6143,3177,2.347,1345.378849
2026-09-09T00:15:07.105Z,HBAR,0.999,107.7,0.07926,1345.378849
2026-09-09T00:15:07.105Z,XTZ,5.3012,356.3,0.2515,1345.378849
2026-09-09T00:15:07.105Z,DYDX,-8.8234,149.2,0.12163,1345.378849
2026-09-09T00:15:07.105Z,ARB,1.3285,226,0.16578,1345.378849
2026-09-09T00:15:07.105Z,GMX,-9.4837,10160,8.343,1345.378849
2026-09-09T00:15:07.105Z,IMX,0.3107,179.1,0.13271,1345.378849
2026-09-09T00:15:07.105Z,INJ,1.2153,8760,6.433,1345.378849
2026-09-09T00:15:07.105Z,GRT,14.5484,29.99,0.01946,1345.378849
2026-09-09T00:15:07.105Z,SUI,0.6833,1114,0.8224,1345.378849
2026-09-09T00:15:07.105Z,HYPE,3.594,119100,85.454,1345.378849
2026-09-09T00:20:06.962Z,BTC,0.7054,106601000,78679.9,1345.378849
2026-09-09T00:20:06.962Z,ETH,0.6736,3376000,2492.54,1345.378849
2026-09-09T00:20:06.962Z,SOL,0.6726,140400,103.66,1345.378849
2026-09-09T00:20:06.962Z,BNB,0.8245,1024000,754.9,1345.378849
2026-09-09T00:20:06.962Z,XRP,0.6488,1925,1.4216,1345.378849
2026-09-09T00:20:06.962Z,ADA,0.937,299.3,0.2204,1345.378849
2026-09-09T00:20:06.962Z,AVAX,0.8724,10880,8.017,1345.378849
2026-09-09T00:20:06.962Z,DOT,0.8817,1669,1.2297,1345.378849
2026-09-09T00:20:06.962Z,LINK,1.9962,17190,12.527,1345.378849
2026-09-09T00:20:06.962Z,POL,1.7625,131.2,0.09583,1345.378849
2026-09-09T00:20:06.962Z,DOGE,0.9025,123.1,0.09068,1345.378849
2026-09-09T00:20:06.962Z,TRX,0.6904,459.3,0.33905,1345.378849
2026-09-09T00:20:06.962Z,XLM,1.1342,255.8,0.188,1345.378849
2026-09-09T00:20:06.962Z,SHIB,1.0158,0.0074,5.445e-06,1345.378849
2026-09-09T00:20:06.962Z,BCH,0.3191,349700,259.1,1345.378849
2026-09-09T00:20:06.962Z,UNI,1.217,9200,6.756,1345.378849
2026-09-09T00:20:06.962Z,AAVE,0.1251,174000,129.17,1345.378849
2026-09-09T00:20:06.962Z,SUSHI,-0.71,321.4,0.2406,1345.378849
2026-09-09T00:20:06.962Z,LDO,-23.4899,399.8,0.3884,1345.378849
2026-09-09T00:20:06.962Z,ICP,1.3433,4014,2.944,1345.378849
2026-09-09T00:20:06.962Z,NEAR,0.5286,3177,2.349,1345.378849
2026-09-09T00:20:06.962Z,HBAR,1.2545,107.7,0.07906,1345.378849
2026-09-09T00:20:06.962Z,XTZ,6.0603,356.3,0.2497,1345.378849
2026-09-09T00:20:06.962Z,DYDX,-8.5074,149.2,0.12121,1345.378849
2026-09-09T00:20:06.962Z,ARB,1.5982,226,0.16534,1345.378849
2026-09-09T00:20:06.962Z,GMX,-9.4837,10160,8.343,1345.378849
2026-09-09T00:20:06.962Z,IMX,0.614,179.1,0.13231,1345.378849
2026-09-09T00:20:06.962Z,INJ,0.5898,8760,6.473,1345.378849
2026-09-09T00:20:06.962Z,GRT,14.9619,29.99,0.01939,1345.378849
2026-09-09T00:20:06.962Z,SUI,0.7476,1112,0.8204,1345.378849
2026-09-09T00:20:06.962Z,HYPE,3.5746,119100,85.47,1345.378849
2026-09-09T00:25:07.173Z,BTC,0.757,106588000,78630,1345.378849
2026-09-09T00:25:07.173Z,ETH,0.7419,3376000,2490.85,1345.378849
2026-09-09T00:25:07.173Z,SOL,0.7115,140400,103.62,1345.378849
2026-09-09T00:25:07.173Z,BNB,0.8512,1024000,754.7,1345.378849
2026-09-09T00:25:07.173Z,XRP,0.7933,1926,1.4203,1345.378849
2026-09-09T00:25:07.173Z,ADA,0.9395,298.9,0.2201,1345.378849
2026-09-09T00:25:07.173Z,AVAX,1.1753,10880,7.993,1345.378849
2026-09-09T00:25:07.173Z,DOT,0.5017,1645,1.2166,1345.378849
2026-09-09T00:25:07.173Z,LINK,2.1512,17190,12.508,1345.378849
2026-09-09T00:25:07.173Z,POL,2.1248,131.2,0.09549,1345.378849
2026-09-09T00:25:07.173Z,DOGE,0.8943,122.9,0.09054,1345.378849
2026-09-09T00:25:07.173Z,TRX,0.7142,459.3,0.33897,1345.378849
2026-09-09T00:25:07.173Z,XLM,1.2311,255.8,0.18782,1345.378849
2026-09-09T00:25:07.173Z,SHIB,1.0715,0.0074,5.442e-06,1345.378849
2026-09-09T00:25:07.173Z,BCH,0.4354,349700,258.8,1345.378849
2026-09-09T00:25:07.173Z,UNI,1.307,9200,6.75,1345.378849
2026-09-09T00:25:07.173Z,AAVE,0.2415,174000,129.02,1345.378849
2026-09-09T00:25:07.173Z,SUSHI,-0.2956,321.4,0.2396,1345.378849
2026-09-09T00:25:07.173Z,LDO,-23.3517,399.8,0.3877,1345.378849
2026-09-09T00:25:07.173Z,ICP,0.8454,3978,2.932,1345.378849
2026-09-09T00:25:07.173Z,NEAR,0.743,3177,2.344,1345.378849
2026-09-09T00:25:07.173Z,HBAR,1.2457,107.5,0.07892,1345.378849
2026-09-09T00:25:07.173Z,XTZ,6.4012,356.3,0.2489,1345.378849
2026-09-09T00:25:07.173Z,DYDX,-8.5829,149.2,0.12131,1345.378849
2026-09-09T00:25:07.173Z,ARB,1.9496,226,0.16477,1345.378849
2026-09-09T00:25:07.173Z,GMX,-9.2335,10160,8.32,1345.378849
2026-09-09T00:25:07.173Z,IMX,0.7282,179.1,0.13216,1345.378849
2026-09-09T00:25:07.173Z,INJ,0.8234,8760,6.458,1345.378849
2026-09-09T00:25:07.173Z,GRT,15.1996,29.99,0.01935,1345.378849
2026-09-09T00:25:07.173Z,SUI,1.0185,1112,0.8182,1345.378849
2026-09-09T00:25:07.173Z,HYPE,3.5335,119100,85.504,1345.378849
2026-09-09T00:30:06.881Z,BTC,0.8261,106605000,78588.7,1345.378849
2026-09-09T00:30:06.881Z,ETH,0.8283,3378000,2490.19,1345.378849
2026-09-09T00:30:06.881Z,SOL,0.7504,140400,103.58,1345.378849
2026-09-09T00:30:06.881Z,BNB,0.8111,1024000,755,1345.378849
2026-09-09T00:30:06.881Z,XRP,0.7764,1925,1.4198,1345.378849
2026-09-09T00:30:06.881Z,ADA,0.8382,298.6,0.2201,1345.378849
2026-09-09T00:30:06.881Z,AVAX,1.264,10880,7.986,1345.378849
2026-09-09T00:30:06.881Z,DOT,0.0412,1645,1.2222,1345.378849
2026-09-09T00:30:06.881Z,LINK,1.0377,16970,12.484,1345.378849
2026-09-09T00:30:06.881Z,POL,2.1783,131.2,0.09544,1345.378849
2026-09-09T00:30:06.881Z,DOGE,0.8387,122.9,0.09059,1345.378849
2026-09-09T00:30:06.881Z,TRX,0.6934,459.3,0.33904,1345.378849
2026-09-09T00:30:06.881Z,XLM,1.1288,255.8,0.18801,1345.378849
2026-09-09T00:30:06.881Z,SHIB,1.183,0.0074,5.436e-06,1345.378849
2026-09-09T00:30:06.881Z,BCH,0.2804,349700,259.2,1345.378849
2026-09-09T00:30:06.881Z,UNI,1.1123,9200,6.763,1345.378849
2026-09-09T00:30:06.881Z,AAVE,0.3193,174000,128.92,1345.378849
2026-09-09T00:30:06.881Z,SUSHI,-0.1706,321.4,0.2393,1345.378849
2026-09-09T00:30:06.881Z,LDO,-23.3715,399.8,0.3878,1345.378849
2026-09-09T00:30:06.881Z,ICP,0.9832,3978,2.928,1345.378849
2026-09-09T00:30:06.881Z,NEAR,0.7001,3177,2.345,1345.378849
2026-09-09T00:30:06.881Z,HBAR,1.2714,107.5,0.0789,1345.378849
2026-09-09T00:30:06.881Z,XTZ,5.6794,356.3,0.2506,1345.378849
2026-09-09T00:30:06.881Z,DYDX,-8.6356,149.2,0.12138,1345.378849
2026-09-09T00:30:06.881Z,ARB,2.1294,226,0.16448,1345.378849
2026-09-09T00:30:06.881Z,GMX,-9.168,10160,8.314,1345.378849
2026-09-09T00:30:06.881Z,IMX,0.835,179.1,0.13202,1345.378849
2026-09-09T00:30:06.881Z,INJ,0.8859,8760,6.454,1345.378849
2026-09-09T00:30:06.881Z,GRT,15.1401,29.99,0.01936,1345.378849
2026-09-09T00:30:06.881Z,SUI,1.0308,1112,0.8181,1345.378849
2026-09-09T00:30:06.881Z,HYPE,3.5359,119100,85.502,1345.378849
2026-09-09T00:35:07.069Z,BTC,0.8267,106605000,78588.2,1345.378849
2026-09-09T00:35:07.069Z,ETH,0.8014,3376000,2489.38,1345.378849
2026-09-09T00:35:07.069Z,SOL,0.8672,140400,103.46,1345.378849
2026-09-09T00:35:07.069Z,BNB,0.8646,1024000,754.6,1345.378849
2026-09-09T00:35:07.069Z,XRP,0.8048,1925,1.4194,1345.378849
2026-09-09T00:35:07.069Z,ADA,0.8599,298.8,0.2202,1345.378849
2026-09-09T00:35:07.069Z,AVAX,1.3909,10880,7.976,1345.378849
2026-09-09T00:35:07.069Z,DOT,0.4604,1645,1.2171,1345.378849
2026-09-09T00:35:07.069Z,LINK,1.1025,16970,12.476,1345.378849
2026-09-09T00:35:07.069Z,POL,2.5652,131.2,0.09508,1345.378849
2026-09-09T00:35:07.069Z,DOGE,0.9501,122.9,0.09049,1345.378849
2026-09-09T00:35:07.069Z,TRX,0.6103,459.3,0.33932,1345.378849
2026-09-09T00:35:07.069Z,XLM,1.2204,255.8,0.18784,1345.378849
2026-09-09T00:35:07.069Z,SHIB,1.2948,0.0074,5.43e-06,1345.378849
2026-09-09T00:35:07.069Z,BCH,0.4354,349700,258.8,1345.378849
2026-09-09T00:35:07.069Z,UNI,1.292,9200,6.751,1345.378849
2026-09-09T00:35:07.069Z,AAVE,0.5064,174000,128.68,1345.378849
2026-09-09T00:35:07.069Z,SUSHI,-0.1706,321.4,0.2393,1345.378849
2026-09-09T00:35:07.069Z,LDO,-23.2131,399.8,0.387,1345.378849
2026-09-09T00:35:07.069Z,ICP,0.9981,3965,2.918,1345.378849
2026-09-09T00:35:07.069Z,NEAR,1.1747,3177,2.334,1345.378849
2026-09-09T00:35:07.069Z,HBAR,1.3871,107.5,0.07881,1345.378849
2026-09-09T00:35:07.069Z,XTZ,5.5951,356.3,0.2508,1345.378849
2026-09-09T00:35:07.069Z,DYDX,-8.4546,149.2,0.12114,1345.378849
2026-09-09T00:35:07.069Z,ARB,0.395,222,0.16436,1345.378849
2026-09-09T00:35:07.069Z,GMX,-9.1461,10160,8.312,1345.378849
2026-09-09T00:35:07.069Z,IMX,1.0186,179.1,0.13178,1345.378849
2026-09-09T00:35:07.069Z,INJ,0.761,8760,6.462,1345.378849
2026-09-09T00:35:07.069Z,GRT,15.5579,29.99,0.01929,1345.378849
2026-09-09T00:35:07.069Z,SUI,1.0131,1108,0.8153,1345.378849
2026-09-09T00:35:07.069Z,HYPE,3.5323,119100,85.505,1345.378849
2026-09-09T00:40:06.873Z,BTC,1.1227,106605000,78622,1340.864413
2026-09-09T00:40:06.873Z,ETH,1.1648,3379000,2491,1340.864413
2026-09-09T00:40:06.873Z,SOL,1.0603,140400,103.61,1340.864413
2026-09-09T00:40:06.873Z,BNB,1.1639,1024000,754.9,1340.864413
2026-09-09T00:40:06.873Z,XRP,1.178,1927,1.4204,1340.864413
2026-09-09T00:40:06.873Z,ADA,1.1656,298.7,0.2202,1340.864413
2026-09-09T00:40:06.873Z,AVAX,1.6304,10880,7.984,1340.864413
2026-09-09T00:40:06.873Z,DOT,1.0977,1645,1.2135,1340.864413
2026-09-09T00:40:06.873Z,LINK,1.1096,16940,12.495,1340.864413
2026-09-09T00:40:06.873Z,POL,0.5997,128.2,0.09504,1340.864413
2026-09-09T00:40:06.873Z,DOGE,1.1893,122.9,0.09058,1340.864413
2026-09-09T00:40:06.873Z,TRX,0.8985,459.3,0.33949,1340.864413
2026-09-09T00:40:06.873Z,XLM,1.6082,256.3,0.18812,1340.864413
2026-09-09T00:40:06.873Z,SHIB,1.5237,0.0074,5.436e-06,1340.864413
2026-09-09T00:40:06.873Z,BCH,0.5017,349700,259.5,1340.864413
2026-09-09T00:40:06.873Z,UNI,1.3927,9200,6.767,1340.864413
2026-09-09T00:40:06.873Z,AAVE,0.6883,174000,128.88,1340.864413
2026-09-09T00:40:06.873Z,SUSHI,0.4594,321.4,0.2386,1340.864413
2026-09-09T00:40:06.873Z,LDO,-22.9745,399.8,0.3871,1340.864413
2026-09-09T00:40:06.873Z,ICP,1.2031,3957,2.916,1340.864413
2026-09-09T00:40:06.873Z,NEAR,1.255,3177,2.34,1340.864413
2026-09-09T00:40:06.873Z,HBAR,1.5995,107.5,0.07891,1340.864413
2026-09-09T00:40:06.873Z,XTZ,5.6137,356.3,0.2516,1340.864413
2026-09-09T00:40:06.873Z,DYDX,-8.26,149.2,0.12129,1340.864413
2026-09-09T00:40:06.873Z,ARB,0.8804,222,0.16412,1340.864413
2026-09-09T00:40:06.873Z,GMX,-8.8292,10160,8.311,1340.864413
2026-09-09T00:40:06.873Z,IMX,1.3741,179.1,0.13176,1340.864413
2026-09-09T00:40:06.873Z,INJ,0.4011,8760,6.507,1340.864413
2026-09-09T00:40:06.873Z,GRT,15.8269,29.99,0.01931,1340.864413
2026-09-09T00:40:06.873Z,SUI,1.1547,1108,0.8169,1340.864413
2026-09-09T00:40:06.873Z,HYPE,3.825,119100,85.551,1340.864413
2026-09-09T00:45:07.198Z,BTC,1.1648,106710000,78666.7,1340.864413
2026-09-09T00:45:07.198Z,ETH,1.1642,3381000,2492.49,1340.864413
2026-09-09T00:45:07.198Z,SOL,1.0213,140400,103.65,1340.864413
2026-09-09T00:45:07.198Z,BNB,1.0568,1024000,755.7,1340.864413
2026-09-09T00:45:07.198Z,XRP,1.1513,1925,1.4193,1340.864413
2026-09-09T00:45:07.198Z,ADA,1.1656,298.7,0.2202,1340.864413
2026-09-09T00:45:07.198Z,AVAX,1.6049,10880,7.986,1340.864413
2026-09-09T00:45:07.198Z,DOT,1.3734,1645,1.2102,1340.864413
2026-09-09T00:45:07.198Z,LINK,1.0934,16940,12.497,1340.864413
2026-09-09T00:45:07.198Z,POL,0.5362,128.2,0.0951,1340.864413
2026-09-09T00:45:07.198Z,DOGE,1.234,122.9,0.09054,1340.864413
2026-09-09T00:45:07.198Z,TRX,0.895,459,0.33928,1340.864413
2026-09-09T00:45:07.198Z,XLM,1.6641,256.4,0.18809,1340.864413
2026-09-09T00:45:07.198Z,SHIB,1.5798,0.0074,5.433e-06,1340.864413
2026-09-09T00:45:07.198Z,BCH,0.618,349700,259.2,1340.864413
2026-09-09T00:45:07.198Z,UNI,1.3777,9200,6.768,1340.864413
2026-09-09T00:45:07.198Z,AAVE,0.618,174000,128.97,1340.864413
2026-09-09T00:45:07.198Z,SUSHI,0.6281,321.4,0.2382,1340.864413
2026-09-09T00:45:07.198Z,LDO,-23.0341,399.8,0.3874,1340.864413
2026-09-09T00:45:07.198Z,ICP,1.3769,3957,2.911,1340.864413
2026-09-09T00:45:07.198Z,NEAR,0.953,3177,2.347,1340.864413
2026-09-09T00:45:07.198Z,HBAR,1.6381,107.5,0.07888,1340.864413
2026-09-09T00:45:07.198Z,XTZ,5.9929,356.3,0.2507,1340.864413
2026-09-09T00:45:07.198Z,DYDX,-8.2145,149.2,0.12123,1340.864413
2026-09-09T00:45:07.198Z,ARB,0.7883,221.5,0.1639,1340.864413
2026-09-09T00:45:07.198Z,GMX,-8.895,10160,8.317,1340.864413
2026-09-09T00:45:07.198Z,IMX,1.3895,179.1,0.13174,1340.864413
2026-09-09T00:45:07.198Z,INJ,0.2932,8760,6.514,1340.864413
2026-09-09T00:45:07.198Z,GRT,16.0071,29.99,0.01928,1340.864413
2026-09-09T00:45:07.198Z,SUI,1.1469,1109,0.8177,1340.864413
2026-09-09T00:45:07.198Z,HYPE,3.6759,119100,85.674,1340.864413
2026-09-09T00:50:06.914Z,BTC,1.1784,106806000,78726.9,1340.864413
2026-09-09T00:50:06.914Z,ETH,1.1702,3385000,2495.29,1340.864413
2026-09-09T00:50:06.914Z,SOL,1.1493,140700,103.74,1340.864413
2026-09-09T00:50:06.914Z,BNB,1.0836,1024000,755.5,1340.864413
2026-09-09T00:50:06.914Z,XRP,1.1326,1926,1.4203,1340.864413
2026-09-09T00:50:06.914Z,ADA,1.1633,299.1,0.2205,1340.864413
2026-09-09T00:50:06.914Z,AVAX,1.4778,10880,7.996,1340.864413
2026-09-09T00:50:06.914Z,DOT,-0.2017,1645,1.2293,1340.864413
2026-09-09T00:50:06.914Z,LINK,0.9157,16940,12.519,1340.864413
2026-09-09T00:50:06.914Z,POL,0.4623,128.2,0.09517,1340.864413
2026-09-09T00:50:06.914Z,DOGE,1.1223,122.9,0.09064,1340.864413
2026-09-09T00:50:06.914Z,TRX,0.898,459,0.33927,1340.864413
2026-09-09T00:50:06.914Z,XLM,1.5453,256.4,0.18831,1340.864413
2026-09-09T00:50:06.914Z,SHIB,1.505,0.0074,5.437e-06,1340.864413
2026-09-09T00:50:06.914Z,BCH,0.5017,349700,259.5,1340.864413
2026-09-09T00:50:06.914Z,UNI,1.1088,9200,6.786,1340.864413
2026-09-09T00:50:06.914Z,AAVE,0.5478,174000,129.06,1340.864413
2026-09-09T00:50:06.914Z,SUSHI,0.8398,321.4,0.2377,1340.864413
2026-09-09T00:50:06.914Z,LDO,-23.0937,399.8,0.3877,1340.864413
2026-09-09T00:50:06.914Z,ICP,0.9953,3957,2.922,1340.864413
2026-09-09T00:50:06.914Z,NEAR,0.8241,3177,2.35,1340.864413
2026-09-09T00:50:06.914Z,HBAR,1.5609,107.5,0.07894,1340.864413
2026-09-09T00:50:06.914Z,XTZ,5.5718,356.3,0.2517,1340.864413
2026-09-09T00:50:06.914Z,DYDX,-8.2145,149.2,0.12123,1340.864413
2026-09-09T00:50:06.914Z,ARB,0.2135,221.5,0.16484,1340.864413
2026-09-09T00:50:06.914Z,GMX,-9.0699,10160,8.333,1340.864413
2026-09-09T00:50:06.914Z,IMX,1.3434,179.1,0.1318,1340.864413
2026-09-09T00:50:06.914Z,INJ,0.6331,8760,6.492,1340.864413
2026-09-09T00:50:06.914Z,GRT,16.0673,29.99,0.01927,1340.864413
2026-09-09T00:50:06.914Z,SUI,0.974,1109,0.8191,1340.864413
2026-09-09T00:50:06.914Z,HYPE,3.6686,119100,85.68,1340.864413
2026-09-09T00:55:06.538Z,BTC,1.206,106850000,78737.8,1340.864413
2026-09-09T00:55:06.538Z,ETH,1.1799,3386000,2495.79,1340.864413
2026-09-09T00:55:06.538Z,SOL,1.1688,140700,103.72,1340.864413
2026-09-09T00:55:06.538Z,BNB,1.1237,1024000,755.2,1340.864413
2026-09-09T00:55:06.538Z,XRP,1.154,1926,1.42,1340.864413
2026-09-09T00:55:06.538Z,ADA,1.243,299.2,0.2204,1340.864413
2026-09-09T00:55:06.538Z,AVAX,1.5159,10880,7.993,1340.864413
2026-09-09T00:55:06.538Z,DOT,0.5014,1645,1.2207,1340.864413
2026-09-09T00:55:06.538Z,LINK,1.1459,16980,12.52,1340.864413
2026-09-09T00:55:06.538Z,POL,0.5362,128.2,0.0951,1340.864413
2026-09-09T00:55:06.538Z,DOGE,1.2005,122.9,0.09057,1340.864413
2026-09-09T00:55:06.538Z,TRX,1.2958,461,0.33941,1340.864413
2026-09-09T00:55:06.538Z,XLM,1.5884,256.4,0.18823,1340.864413
2026-09-09T00:55:06.538Z,SHIB,1.5985,0.0074,5.432e-06,1340.864413
2026-09-09T00:55:06.538Z,BCH,0.8125,349700,258.7,1340.864413
2026-09-09T00:55:06.538Z,UNI,1.2581,9200,6.776,1340.864413
2026-09-09T00:55:06.538Z,AAVE,0.4389,174000,129.2,1340.864413
2026-09-09T00:55:06.538Z,SUSHI,0.9672,321.4,0.2374,1340.864413
2026-09-09T00:55:06.538Z,LDO,-23.0937,399.8,0.3877,1340.864413
2026-09-09T00:55:06.538Z,ICP,1.0991,3957,2.919,1340.864413
2026-09-09T00:55:06.538Z,NEAR,0.953,3177,2.347,1340.864413
2026-09-09T00:55:06.538Z,HBAR,1.651,107.5,0.07887,1340.864413
2026-09-09T00:55:06.538Z,XTZ,6.2047,356.3,0.2502,1340.864413
2026-09-09T00:55:06.538Z,DYDX,-8.1918,149.2,0.1212,1340.864413
2026-09-09T00:55:06.538Z,ARB,0.3352,221.5,0.16464,1340.864413
2026-09-09T00:55:06.538Z,GMX,-9.059,10160,8.332,1340.864413
2026-09-09T00:55:06.538Z,IMX,1.3587,179.1,0.13178,1340.864413
2026-09-09T00:55:06.538Z,INJ,0.3702,8760,6.509,1340.864413
2026-09-09T00:55:06.538Z,GRT,16.0673,29.99,0.01927,1340.864413
2026-09-09T00:55:06.538Z,SUI,1.2505,1110,0.8176,1340.864413
2026-09-09T00:55:06.538Z,HYPE,3.6832,119100,85.668,1340.864413
2026-09-09T01:00:07.098Z,BTC,1.2255,106874000,78740.3,1340.864413
2026-09-09T01:00:07.098Z,ETH,1.1556,3385000,2495.65,1340.864413
2026-09-09T01:00:07.098Z,SOL,1.231,140800,103.73,1340.864413
2026-09-09T01:00:07.098Z,BNB,1.2444,1024000,754.3,1340.864413
2026-09-09T01:00:07.098Z,XRP,1.2422,1927,1.4195,1340.864413
2026-09-09T01:00:07.098Z,ADA,1.2769,299.3,0.2204,1340.864413
2026-09-09T01:00:07.098Z,AVAX,1.5413,10880,7.991,1340.864413
2026-09-09T01:00:07.098Z,DOT,0.6994,1645,1.2183,1340.864413
2026-09-09T01:00:07.098Z,LINK,1.1217,16980,12.523,1340.864413
2026-09-09T01:00:07.098Z,POL,0.7269,128.2,0.09492,1340.864413
2026-09-09T01:00:07.098Z,DOGE,1.2676,122.9,0.09051,1340.864413
2026-09-09T01:00:07.098Z,TRX,1.3585,461,0.3392,1340.864413
2026-09-09T01:00:07.098Z,XLM,1.6298,256.3,0.18808,1340.864413
2026-09-09T01:00:07.098Z,SHIB,1.6172,0.0074,5.431e-06,1340.864413
2026-09-09T01:00:07.098Z,BCH,0.8515,349700,258.6,1340.864413
2026-09-09T01:00:07.098Z,UNI,1.2581,9200,6.776,1340.864413
2026-09-09T01:00:07.098Z,AAVE,0.3379,174000,129.33,1340.864413
2026-09-09T01:00:07.098Z,SUSHI,0.755,321.4,0.2379,1340.864413
2026-09-09T01:00:07.098Z,LDO,-23.1135,399.8,0.3878,1340.864413
2026-09-09T01:00:07.098Z,ICP,1.2725,3957,2.914,1340.864413
2026-09-09T01:00:07.098Z,NEAR,1.3416,3177,2.338,1340.864413
2026-09-09T01:00:07.098Z,HBAR,1.6253,107.5,0.07889,1340.864413
2026-09-09T01:00:07.098Z,XTZ,5.7819,356.3,0.2512,1340.864413
2026-09-09T01:00:07.098Z,DYDX,-8.0629,149.2,0.12103,1340.864413
2026-09-09T01:00:07.098Z,ARB,0.2257,221.5,0.16482,1340.864413
2026-09-09T01:00:07.098Z,GMX,-8.9279,10160,8.32,1340.864413
2026-09-09T01:00:07.098Z,IMX,1.4588,179.1,0.13165,1340.864413
2026-09-09T01:00:07.098Z,INJ,0.5092,8760,6.5,1340.864413
2026-09-09T01:00:07.098Z,GRT,16.1879,29.99,0.01925,1340.864413
2026-09-09T01:00:07.098Z,SUI,1.2381,1110,0.8177,1340.864413
2026-09-09T01:00:07.098Z,HYPE,3.6989,119100,85.655,1340.864413
2026-09-09T01:05:07.271Z,BTC,1.2167,106829000,78714,1340.864413
2026-09-09T01:05:07.271Z,ETH,1.1916,3383000,2493.29,1340.864413
2026-09-09T01:05:07.271Z,SOL,1.175,140600,103.64,1340.864413
2026-09-09T01:05:07.271Z,BNB,1.4731,1024000,752.6,1340.864413
2026-09-09T01:05:07.271Z,XRP,1.1505,1922,1.4171,1340.864413
2026-09-09T01:05:07.271Z,ADA,1.5533,299.3,0.2198,1340.864413
2026-09-09T01:05:07.271Z,AVAX,1.6049,10880,7.986,1340.864413
2026-09-09T01:05:07.271Z,DOT,1.273,1645,1.2114,1340.864413
2026-09-09T01:05:07.271Z,LINK,1.2754,16980,12.504,1340.864413
2026-09-09T01:05:07.271Z,POL,0.8331,128.2,0.09482,1340.864413
2026-09-09T01:05:07.271Z,DOGE,1.1881,122.6,0.09036,1340.864413
2026-09-09T01:05:07.271Z,TRX,1.3884,461,0.3391,1340.864413
2026-09-09T01:05:07.271Z,XLM,1.6514,256.3,0.18804,1340.864413
2026-09-09T01:05:07.271Z,SHIB,1.9928,0.0074,5.411e-06,1340.864413
2026-09-09T01:05:07.271Z,BCH,1.2037,349700,257.7,1340.864413
2026-09-09T01:05:07.271Z,UNI,1.5278,9200,6.758,1340.864413
2026-09-09T01:05:07.271Z,AAVE,0.4778,174000,129.15,1340.864413
2026-09-09T01:05:07.271Z,SUSHI,0.9672,321.4,0.2374,1340.864413
2026-09-09T01:05:07.271Z,LDO,-22.9546,399.8,0.387,1340.864413
2026-09-09T01:05:07.271Z,ICP,1.7965,3957,2.899,1340.864413
2026-09-09T01:05:07.271Z,NEAR,1.4718,3177,2.335,1340.864413
2026-09-09T01:05:07.271Z,HBAR,1.7413,107.5,0.0788,1340.864413
2026-09-09T01:05:07.271Z,XTZ,6.2896,356.3,0.25,1340.864413
2026-09-09T01:05:07.271Z,DYDX,-8.0021,149.2,0.12095,1340.864413
2026-09-09T01:05:07.271Z,ARB,0.7883,221.5,0.1639,1340.864413
2026-09-09T01:05:07.271Z,GMX,-8.9498,10160,8.322,1340.864413
2026-09-09T01:05:07.271Z,IMX,1.5205,179.1,0.13157,1340.864413
2026-09-09T01:05:07.271Z,INJ,0.2163,8760,6.519,1340.864413
2026-09-09T01:05:07.271Z,GRT,16.1879,29.99,0.01925,1340.864413
2026-09-09T01:05:07.271Z,SUI,1.5237,1110,0.8154,1340.864413
2026-09-09T01:05:07.271Z,HYPE,3.7922,119100,85.578,1340.864413
2026-09-09T01:10:06.550Z,BTC,1.2119,106889000,78762,1340.864413
2026-09-09T01:10:06.550Z,ETH,1.1811,3386000,2495.76,1340.864413
2026-09-09T01:10:06.550Z,SOL,1.1725,140800,103.79,1340.864413
2026-09-09T01:10:06.550Z,BNB,1.4461,1024000,752.8,1340.864413
2026-09-09T01:10:06.550Z,XRP,1.1326,1926,1.4203,1340.864413
2026-09-09T01:10:06.550Z,ADA,1.3037,298.7,0.2199,1340.864413
2026-09-09T01:10:06.550Z,AVAX,1.4652,10880,7.997,1340.864413
2026-09-09T01:10:06.550Z,DOT,1.6337,1645,1.2071,1340.864413
2026-09-09T01:10:06.550Z,LINK,2.2427,17160,12.517,1340.864413
2026-09-09T01:10:06.550Z,POL,0.6421,128.2,0.095,1340.864413
2026-09-09T01:10:06.550Z,DOGE,1.0539,122.6,0.09048,1340.864413
2026-09-09T01:10:06.550Z,TRX,1.3555,461,0.33921,1340.864413
2026-09-09T01:10:06.550Z,XLM,1.3531,256.2,0.18852,1340.864413
2026-09-09T01:10:06.550Z,SHIB,1.8798,0.0074,5.417e-06,1340.864413
2026-09-09T01:10:06.550Z,BCH,1.0468,349700,258.1,1340.864413
2026-09-09T01:10:06.550Z,UNI,1.4977,9200,6.76,1340.864413
2026-09-09T01:10:06.550Z,AAVE,0.3379,174000,129.33,1340.864413
2026-09-09T01:10:06.550Z,SUSHI,0.8398,321.4,0.2377,1340.864413
2026-09-09T01:10:06.550Z,LDO,-22.9147,399.8,0.3868,1340.864413
2026-09-09T01:10:06.550Z,ICP,1.7965,3957,2.899,1340.864413
2026-09-09T01:10:06.550Z,NEAR,1.4718,3177,2.335,1340.864413
2026-09-09T01:10:06.550Z,HBAR,1.7026,107.5,0.07883,1340.864413
2026-09-09T01:10:06.550Z,XTZ,6.8452,356.3,0.2487,1340.864413
2026-09-09T01:10:06.550Z,DYDX,-8.1767,149.2,0.12118,1340.864413
2026-09-09T01:10:06.550Z,ARB,0.7145,221.5,0.16402,1340.864413
2026-09-09T01:10:06.550Z,GMX,-8.9279,10160,8.32,1340.864413
2026-09-09T01:10:06.550Z,IMX,1.3434,179.1,0.1318,1340.864413
2026-09-09T01:10:06.550Z,INJ,0.1855,8760,6.521,1340.864413
2026-09-09T01:10:06.550Z,GRT,15.8869,29.99,0.0193,1340.864413
2026-09-09T01:10:06.550Z,SUI,1.2381,1110,0.8177,1340.864413
2026-09-09T01:10:06.550Z,HYPE,3.5261,119100,85.798,1340.864413
2026-09-09T01:15:06.888Z,BTC,1.2104,106802000,78699,1340.864413
2026-09-09T01:15:06.888Z,ETH,1.2412,3385000,2493.54,1340.864413
2026-09-09T01:15:06.888Z,SOL,1.3189,140800,103.64,1340.864413
2026-09-09T01:15:06.888Z,BNB,1.5541,1024000,752,1340.864413
2026-09-09T01:15:06.888Z,XRP,1.1674,1923,1.4176,1340.864413
2026-09-09T01:15:06.888Z,ADA,1.476,298.8,0.2196,1340.864413
2026-09-09T01:15:06.888Z,AVAX,1.5668,10880,7.989,1340.864413
2026-09-09T01:15:06.888Z,DOT,1.273,1645,1.2114,1340.864413
2026-09-09T01:15:06.888Z,LINK,2.3817,17160,12.5,1340.864413
2026-09-09T01:15:06.888Z,POL,0.7587,128.2,0.09489,1340.864413
2026-09-09T01:15:06.888Z,DOGE,1.4205,122.8,0.0903,1340.864413
2026-09-09T01:15:06.888Z,TRX,1.3197,461,0.33933,1340.864413
2026-09-09T01:15:06.888Z,XLM,1.4876,256.2,0.18827,1340.864413
2026-09-09T01:15:06.888Z,SHIB,1.8234,0.0074,5.42e-06,1340.864413
2026-09-09T01:15:06.888Z,BCH,1.1644,349700,257.8,1340.864413
2026-09-09T01:15:06.888Z,UNI,1.4677,9200,6.762,1340.864413
2026-09-09T01:15:06.888Z,AAVE,0.4233,174000,129.22,1340.864413
2026-09-09T01:15:06.888Z,SUSHI,0.6704,321.4,0.2381,1340.864413
2026-09-09T01:15:06.888Z,LDO,-22.8748,399.8,0.3866,1340.864413
2026-09-09T01:15:06.888Z,ICP,1.6913,3957,2.902,1340.864413
2026-09-09T01:15:06.888Z,NEAR,1.4718,3177,2.335,1340.864413
2026-09-09T01:15:06.888Z,HBAR,1.7542,107.5,0.07879,1340.864413
2026-09-09T01:15:06.888Z,XTZ,6.6309,356.3,0.2492,1340.864413
2026-09-09T01:15:06.888Z,DYDX,-8.1843,149.2,0.12119,1340.864413
2026-09-09T01:15:06.888Z,ARB,0.5245,221.5,0.16433,1340.864413
2026-09-09T01:15:06.888Z,GMX,-8.9169,10160,8.319,1340.864413
2026-09-09T01:15:06.888Z,IMX,1.4588,179.1,0.13165,1340.864413
2026-09-09T01:15:06.888Z,INJ,0.2932,8760,6.514,1340.864413
2026-09-09T01:15:06.888Z,GRT,15.8269,29.99,0.01931,1340.864413
2026-09-09T01:15:06.888Z,SUI,1.5611,1110,0.8151,1340.864413
2026-09-09T01:15:06.888Z,HYPE,3.5683,119100,85.763,1340.864413
2026-09-09T01:20:06.890Z,BTC,1.2525,106719000,78605.2,1340.864413
2026-09-09T01:20:06.890Z,ETH,1.2404,3379000,2489.14,1340.864413
2026-09-09T01:20:06.890Z,SOL,1.2753,140400,103.39,1340.864413
2026-09-09T01:20:06.890Z,BNB,1.7977,1024000,750.2,1340.864413
2026-09-09T01:20:06.890Z,XRP,1.2831,1918,1.4123,1340.864413
2026-09-09T01:20:06.890Z,ADA,1.4216,296.6,0.2181,1340.864413
2026-09-09T01:20:06.890Z,AVAX,2.0265,10880,7.953,1340.864413
2026-09-09T01:20:06.890Z,DOT,1.2047,1631,1.2019,1340.864413
2026-09-09T01:20:06.890Z,LINK,1.4372,16950,12.462,1340.864413
2026-09-09T01:20:06.890Z,POL,0.9396,128.2,0.09472,1340.864413
2026-09-09T01:20:06.890Z,DOGE,1.5325,122.5,0.08998,1340.864413
2026-09-09T01:20:06.890Z,TRX,1.3764,461,0.33914,1340.864413
2026-09-09T01:20:06.890Z,XLM,1.7995,256.1,0.18762,1340.864413
2026-09-09T01:20:06.890Z,SHIB,2.3332,0.0074,5.393e-06,1340.864413
2026-09-09T01:20:06.890Z,BCH,1.4399,349700,257.1,1340.864413
2026-09-09T01:20:06.890Z,UNI,2.026,9200,6.725,1340.864413
2026-09-09T01:20:06.890Z,AAVE,0.7195,174000,128.84,1340.864413
2026-09-09T01:20:06.890Z,SUSHI,1.223,321.4,0.2368,1340.864413
2026-09-09T01:20:06.890Z,LDO,-22.5543,399.8,0.385,1340.864413
2026-09-09T01:20:06.890Z,ICP,2.0077,3957,2.893,1340.864413
2026-09-09T01:20:06.890Z,NEAR,1.5547,3151,2.314,1340.864413
2026-09-09T01:20:06.890Z,HBAR,1.9743,107.5,0.07862,1340.864413
2026-09-09T01:20:06.890Z,XTZ,7.0174,356.3,0.2483,1340.864413
2026-09-09T01:20:06.890Z,DYDX,-7.6355,149.2,0.12047,1340.864413
2026-09-09T01:20:06.890Z,ARB,0.7145,221.5,0.16402,1340.864413
2026-09-09T01:20:06.890Z,GMX,-8.6424,10160,8.294,1340.864413
2026-09-09T01:20:06.890Z,IMX,1.8689,179.1,0.13112,1340.864413
2026-09-09T01:20:06.890Z,INJ,0.835,8760,6.479,1340.864413
2026-09-09T01:20:06.890Z,GRT,16.3087,29.99,0.01923,1340.864413
2026-09-09T01:20:06.890Z,SUI,1.3093,1101,0.8105,1340.864413
2026-09-09T01:20:06.890Z,HYPE,3.8517,119100,85.529,1340.864413
2026-09-09T01:25:07.228Z,BTC,1.1893,106710000,78647.6,1340.864413
2026-09-09T01:25:07.228Z,ETH,1.1471,3378000,2490.7,1340.864413
2026-09-09T01:25:07.228Z,SOL,1.213,140300,103.38,1340.864413
2026-09-09T01:25:07.228Z,BNB,1.7299,1024000,750.7,1340.864413
2026-09-09T01:25:07.228Z,XRP,1.096,1915,1.4127,1340.864413
2026-09-09T01:25:07.228Z,ADA,1.1116,296.1,0.2184,1340.864413
2026-09-09T01:25:07.228Z,AVAX,2.0522,10880,7.951,1340.864413
2026-09-09T01:25:07.228Z,DOT,0.9295,1629,1.2037,1340.864413
2026-09-09T01:25:07.228Z,LINK,2.4733,17130,12.467,1340.864413
2026-09-09T01:25:07.228Z,POL,1.8019,129.5,0.09487,1340.864413
2026-09-09T01:25:07.228Z,DOGE,1.2235,122.1,0.08996,1340.864413
2026-09-09T01:25:07.228Z,TRX,1.4872,461,0.33877,1340.864413
2026-09-09T01:25:07.228Z,XLM,1.6586,255.8,0.18766,1340.864413
2026-09-09T01:25:07.228Z,SHIB,2.2573,0.0074,5.397e-06,1340.864413
2026-09-09T01:25:07.228Z,BCH,1.361,349700,257.3,1340.864413
2026-09-09T01:25:07.228Z,UNI,1.7234,9200,6.745,1340.864413
2026-09-09T01:25:07.228Z,AAVE,0.6648,174000,128.91,1340.864413
2026-09-09T01:25:07.228Z,SUSHI,0.8398,321.4,0.2377,1340.864413
2026-09-09T01:25:07.228Z,LDO,-22.7349,399.8,0.3859,1340.864413
2026-09-09T01:25:07.228Z,ICP,1.9372,3957,2.895,1340.864413
2026-09-09T01:25:07.228Z,NEAR,1.5109,3151,2.315,1340.864413
2026-09-09T01:25:07.228Z,HBAR,1.9743,107.5,0.07862,1340.864413
2026-09-09T01:25:07.228Z,XTZ,6.6737,356.3,0.2491,1340.864413
2026-09-09T01:25:07.228Z,DYDX,-7.7045,149.2,0.12056,1340.864413
2026-09-09T01:25:07.228Z,ARB,0.2926,221.5,0.16471,1340.864413
2026-09-09T01:25:07.228Z,GMX,-8.8073,10160,8.309,1340.864413
2026-09-09T01:25:07.228Z,IMX,1.7293,179.1,0.1313,1340.864413
2026-09-09T01:25:07.228Z,INJ,1.1159,8760,6.461,1340.864413
2026-09-09T01:25:07.228Z,GRT,16.0071,29.99,0.01928,1340.864413
2026-09-09T01:25:07.228Z,SUI,1.2469,1101,0.811,1340.864413
2026-09-09T01:25:07.228Z,HYPE,3.8784,119100,85.507,1340.864413
2026-09-09T01:30:07.091Z,BTC,1.2138,106791000,78688.3,1340.864413
2026-09-09T01:30:07.091Z,ETH,1.2393,3381000,2490.64,1340.864413
2026-09-09T01:30:07.091Z,SOL,1.246,140400,103.42,1340.864413
2026-09-09T01:30:07.091Z,BNB,1.7164,1024000,750.8,1340.864413
2026-09-09T01:30:07.091Z,XRP,1.2302,1917,1.4123,1340.864413
2026-09-09T01:30:07.091Z,ADA,1.0653,296.1,0.2185,1340.864413
2026-09-09T01:30:07.091Z,AVAX,2.0393,10880,7.952,1340.864413
2026-09-09T01:30:07.091Z,DOT,1.5793,1629,1.196,1340.864413
2026-09-09T01:30:07.091Z,LINK,2.5061,17130,12.463,1340.864413
2026-09-09T01:30:07.091Z,POL,1.7162,129.5,0.09495,1340.864413
2026-09-09T01:30:07.091Z,DOGE,1.1673,122.1,0.09001,1340.864413
2026-09-09T01:30:07.091Z,TRX,1.4452,461,0.33891,1340.864413
2026-09-09T01:30:07.091Z,XLM,1.4182,255.1,0.18759,1340.864413
2026-09-09T01:30:07.091Z,SHIB,2.2194,0.0074,5.399e-06,1340.864413
2026-09-09T01:30:07.091Z,BCH,1.2823,349700,257.5,1340.864413
2026-09-09T01:30:07.091Z,UNI,1.6631,9200,6.749,1340.864413
2026-09-09T01:30:07.091Z,AAVE,0.6961,174000,128.87,1340.864413
2026-09-09T01:30:07.091Z,SUSHI,0.7127,321.4,0.238,1340.864413
2026-09-09T01:30:07.091Z,LDO,-22.7349,399.8,0.3859,1340.864413
2026-09-09T01:30:07.091Z,ICP,2.1135,3957,2.89,1340.864413
2026-09-09T01:30:07.091Z,NEAR,1.3614,3145,2.314,1340.864413
2026-09-09T01:30:07.091Z,HBAR,1.8965,107.5,0.07868,1340.864413
2026-09-09T01:30:07.091Z,XTZ,7.4067,356.3,0.2474,1340.864413
2026-09-09T01:30:07.091Z,DYDX,-7.7198,149.2,0.12058,1340.864413
2026-09-09T01:30:07.091Z,ARB,2.1876,225,0.16421,1340.864413
2026-09-09T01:30:07.091Z,GMX,-8.8621,10160,8.314,1340.864413
2026-09-09T01:30:07.091Z,IMX,1.6751,179.1,0.13137,1340.864413
2026-09-09T01:30:07.091Z,INJ,0.9129,8760,6.474,1340.864413
2026-09-09T01:30:07.091Z,GRT,16.0673,29.99,0.01927,1340.864413
2026-09-09T01:30:07.091Z,SUI,1.2094,1101,0.8113,1340.864413
2026-09-09T01:30:07.091Z,HYPE,3.9635,119100,85.437,1340.864413
2026-09-09T01:35:06.918Z,BTC,1.2197,106856000,78731.6,1340.864413
2026-09-09T01:35:06.918Z,ETH,1.1489,3380000,2492.13,1340.864413
2026-09-09T01:35:06.918Z,SOL,1.2068,140400,103.46,1340.864413
2026-09-09T01:35:06.918Z,BNB,1.6487,1024000,751.3,1340.864413
2026-09-09T01:35:06.918Z,XRP,1.2114,1918,1.4133,1340.864413
2026-09-09T01:35:06.918Z,ADA,1.0653,296.1,0.2185,1340.864413
2026-09-09T01:35:06.918Z,AVAX,2.0137,10880,7.954,1340.864413
2026-09-09T01:35:06.918Z,DOT,1.3758,1629,1.1984,1340.864413
2026-09-09T01:35:06.918Z,LINK,2.424,17130,12.473,1340.864413
2026-09-09T01:35:06.918Z,POL,1.684,129.5,0.09498,1340.864413
2026-09-09T01:35:06.918Z,DOGE,1.156,122.1,0.09002,1340.864413
2026-09-09T01:35:06.918Z,TRX,1.4333,461,0.33895,1340.864413
2026-09-09T01:35:06.918Z,XLM,1.2651,255,0.1878,1340.864413
2026-09-09T01:35:06.918Z,SHIB,2.1627,0.0074,5.402e-06,1340.864413
2026-09-09T01:35:06.918Z,BCH,1.3216,349700,257.4,1340.864413
2026-09-09T01:35:06.918Z,UNI,1.6933,9200,6.747,1340.864413
2026-09-09T01:35:06.918Z,AAVE,0.6258,174000,128.96,1340.864413
2026-09-09T01:35:06.918Z,SUSHI,0.7974,321.4,0.2378,1340.864413
2026-09-09T01:35:06.918Z,LDO,-22.8349,399.8,0.3864,1340.864413
2026-09-09T01:35:06.918Z,ICP,1.0738,3914,2.888,1340.864413
2026-09-09T01:35:06.918Z,NEAR,1.1864,3145,2.318,1340.864413
2026-09-09T01:35:06.918Z,HBAR,1.9483,107.5,0.07864,1340.864413
2026-09-09T01:35:06.918Z,XTZ,7.1036,356.3,0.2481,1340.864413
2026-09-09T01:35:06.918Z,DYDX,-7.7274,149.2,0.12059,1340.864413
2026-09-09T01:35:06.918Z,ARB,13.3163,250.4,0.1648,1340.864413
2026-09-09T01:35:06.918Z,GMX,-8.8073,10160,8.309,1340.864413
2026-09-09T01:35:06.918Z,IMX,1.6751,179.1,0.13137,1340.864413
2026-09-09T01:35:06.918Z,INJ,0.9441,8760,6.472,1340.864413
2026-09-09T01:35:06.918Z,GRT,15.947,29.99,0.01929,1340.864413
2026-09-09T01:35:06.918Z,SUI,1.1222,1101,0.812,1340.864413
2026-09-09T01:35:06.918Z,HYPE,1.3201,115800,85.237,1340.864413
2026-09-09T01:40:06.702Z,BTC,1.1877,106916000,78800.7,1340.864413
2026-09-09T01:40:06.702Z,ETH,1.1584,3386000,2496.32,1340.864413
2026-09-09T01:40:06.702Z,SOL,1.1883,140700,103.7,1340.864413
2026-09-09T01:40:06.702Z,BNB,1.2444,1024000,754.3,1340.864413
2026-09-09T01:40:06.702Z,XRP,1.1362,1922,1.4173,1340.864413
2026-09-09T01:40:06.702Z,ADA,0.6966,296.1,0.2193,1340.864413
2026-09-09T01:40:06.702Z,AVAX,1.8856,10880,7.964,1340.864413
2026-09-09T01:40:06.702Z,DOT,1.5538,1629,1.1963,1340.864413
2026-09-09T01:40:06.702Z,LINK,1.2864,16990,12.51,1340.864413
2026-09-09T01:40:06.702Z,POL,1.6733,129.5,0.09499,1340.864413
2026-09-09T01:40:06.702Z,DOGE,0.8424,122.1,0.0903,1340.864413
2026-09-09T01:40:06.702Z,TRX,1.4213,461,0.33899,1340.864413
2026-09-09T01:40:06.702Z,XLM,1.0713,255,0.18816,1340.864413
2026-09-09T01:40:06.702Z,SHIB,1.861,0.0074,5.418e-06,1340.864413
2026-09-09T01:40:06.702Z,BCH,1.0077,349700,258.2,1340.864413
2026-09-09T01:40:06.702Z,UNI,1.273,9200,6.775,1340.864413
2026-09-09T01:40:06.702Z,AAVE,0.47,174000,129.16,1340.864413
2026-09-09T01:40:06.702Z,SUSHI,0.7127,321.4,0.238,1340.864413
2026-09-09T01:40:06.702Z,LDO,-22.9944,399.8,0.3872,1340.864413
2026-09-09T01:40:06.702Z,ICP,1.0389,3914,2.889,1340.864413
2026-09-09T01:40:06.702Z,NEAR,1.0121,3145,2.322,1340.864413
2026-09-09T01:40:06.702Z,HBAR,1.7026,107.5,0.07883,1340.864413
2026-09-09T01:40:06.702Z,XTZ,6.8452,356.3,0.2487,1340.864413
2026-09-09T01:40:06.702Z,DYDX,-8.0781,149.2,0.12105,1340.864413
2026-09-09T01:40:06.702Z,ARB,13.33,250.4,0.16478,1340.864413
2026-09-09T01:40:06.702Z,GMX,-8.9169,10160,8.319,1340.864413
2026-09-09T01:40:06.702Z,IMX,1.6596,179.1,0.13139,1340.864413
2026-09-09T01:40:06.702Z,INJ,0.6641,8760,6.49,1340.864413
2026-09-09T01:40:06.702Z,GRT,15.707,29.99,0.01933,1340.864413
2026-09-09T01:40:06.702Z,SUI,0.7252,1101,0.8152,1340.864413
2026-09-09T01:40:06.702Z,HYPE,1.1563,115800,85.375,1340.864413
2026-09-09T01:45:06.536Z,BTC,1.1842,106936000,78818.2,1340.864413
2026-09-09T01:45:06.536Z,ETH,1.1479,3385000,2495.84,1340.864413
2026-09-09T01:45:06.536Z,SOL,1.1981,140700,103.69,1340.864413
2026-09-09T01:45:06.536Z,BNB,1.2578,1024000,754.2,1340.864413
2026-09-09T01:45:06.536Z,XRP,1.2486,1924,1.4172,1340.864413
2026-09-09T01:45:06.536Z,ADA,0.7426,296.1,0.2192,1340.864413
2026-09-09T01:45:06.536Z,AVAX,1.9112,10880,7.962,1340.864413
2026-09-09T01:45:06.536Z,DOT,1.6217,1629,1.1955,1340.864413
2026-09-09T01:45:06.536Z,LINK,1.5408,17000,12.486,1340.864413
2026-09-09T01:45:06.536Z,POL,1.6733,129.5,0.09499,1340.864413
2026-09-09T01:45:06.536Z,DOGE,1.1839,122.5,0.09029,1340.864413
2026-09-09T01:45:06.536Z,TRX,1.2673,460.3,0.33899,1340.864413
2026-09-09T01:45:06.536Z,XLM,1.0928,255,0.18812,1340.864413
2026-09-09T01:45:06.536Z,SHIB,2.0305,0.0074,5.409e-06,1340.864413
2026-09-09T01:45:06.536Z,BCH,1.086,349700,258,1340.864413
2026-09-09T01:45:06.536Z,UNI,1.4227,9200,6.765,1340.864413
2026-09-09T01:45:06.536Z,AAVE,0.5946,174000,129,1340.864413
2026-09-09T01:45:06.536Z,SUSHI,1.1376,321.4,0.237,1340.864413
2026-09-09T01:45:06.536Z,LDO,-22.8948,399.8,0.3867,1340.864413
2026-09-09T01:45:06.536Z,ICP,1.0738,3914,2.888,1340.864413
2026-09-09T01:45:06.536Z,NEAR,1.0557,3145,2.321,1340.864413
2026-09-09T01:45:06.536Z,HBAR,1.8059,107.5,0.07875,1340.864413
2026-09-09T01:45:06.536Z,XTZ,6.9312,356.3,0.2485,1340.864413
2026-09-09T01:45:06.536Z,DYDX,-8.0021,149.2,0.12095,1340.864413
2026-09-09T01:45:06.536Z,ARB,13.3575,250.4,0.16474,1340.864413
2026-09-09T01:45:06.536Z,GMX,-9.0699,10160,8.333,1340.864413
2026-09-09T01:45:06.536Z,IMX,1.7448,179.1,0.13128,1340.864413
2026-09-09T01:45:06.536Z,INJ,0.5092,8760,6.5,1340.864413
2026-09-09T01:45:06.536Z,GRT,15.707,29.99,0.01933,1340.864413
2026-09-09T01:45:06.536Z,SUI,1.308,1109,0.8164,1340.864413
2026-09-09T01:45:06.536Z,HYPE,1.0592,115800,85.457,1340.864413
2026-09-09T01:50:06.521Z,BTC,1.0924,106850000,78826.3,1340.864413
2026-09-09T01:50:06.521Z,ETH,1.2181,3388000,2496.32,1340.864413
2026-09-09T01:50:06.521Z,SOL,1.1786,140700,103.71,1340.864413
2026-09-09T01:50:06.521Z,BNB,1.0702,1024000,755.6,1340.864413
2026-09-09T01:50:06.521Z,XRP,1.1121,1921,1.4169,1340.864413
2026-09-09T01:50:06.521Z,ADA,0.6507,296.1,0.2194,1340.864413
2026-09-09T01:50:06.521Z,AVAX,1.8728,10880,7.965,1340.864413
2026-09-09T01:50:06.521Z,DOT,1.1904,1621,1.1947,1340.864413
2026-09-09T01:50:06.521Z,LINK,1.4677,17000,12.495,1340.864413
2026-09-09T01:50:06.521Z,POL,1.6947,129.5,0.09497,1340.864413
2026-09-09T01:50:06.521Z,DOGE,1.2176,122.5,0.09026,1340.864413
2026-09-09T01:50:06.521Z,TRX,1.2434,460.3,0.33907,1340.864413
2026-09-09T01:50:06.521Z,XLM,1.1681,255,0.18798,1340.864413
2026-09-09T01:50:06.521Z,SHIB,1.9362,0.0074,5.414e-06,1340.864413
2026-09-09T01:50:06.521Z,BCH,0.9686,349700,258.3,1340.864413
2026-09-09T01:50:06.521Z,UNI,1.1685,9200,6.782,1340.864413
2026-09-09T01:50:06.521Z,AAVE,0.4311,174000,129.21,1340.864413
2026-09-09T01:50:06.521Z,SUSHI,1.1803,321.4,0.2369,1340.864413
2026-09-09T01:50:06.521Z,LDO,-22.9944,399.8,0.3872,1340.864413
2026-09-09T01:50:06.521Z,ICP,1.2491,3914,2.883,1340.864413
2026-09-09T01:50:06.521Z,NEAR,0.8818,3145,2.325,1340.864413
2026-09-09T01:50:06.521Z,HBAR,1.793,107.5,0.07876,1340.864413
2026-09-09T01:50:06.521Z,XTZ,6.6737,356.3,0.2491,1340.864413
2026-09-09T01:50:06.521Z,DYDX,-7.9792,149.2,0.12092,1340.864413
2026-09-09T01:50:06.521Z,ARB,0.4275,222,0.16486,1340.864413
2026-09-09T01:50:06.521Z,GMX,-9.0809,10160,8.334,1340.864413
2026-09-09T01:50:06.521Z,IMX,1.8456,179.1,0.13115,1340.864413
2026-09-09T01:50:06.521Z,INJ,1.1316,8760,6.46,1340.864413
2026-09-09T01:50:06.521Z,GRT,15.707,29.99,0.01933,1340.864413
2026-09-09T01:50:06.521Z,SUI,1.2584,1109,0.8168,1340.864413
2026-09-09T01:50:06.521Z,HYPE,0.8139,115800,85.665,1340.864413
2026-09-09T01:55:07.089Z,BTC,1.1793,106938000,78823.5,1340.864413
2026-09-09T01:55:07.089Z,ETH,1.1709,3386000,2496.01,1340.864413
2026-09-09T01:55:07.089Z,SOL,1.27,140800,103.69,1340.864413
2026-09-09T01:55:07.089Z,BNB,1.2176,1024000,754.5,1340.864413
2026-09-09T01:55:07.089Z,XRP,1.2772,1924,1.4168,1340.864413
2026-09-09T01:55:07.089Z,ADA,0.7885,296.1,0.2191,1340.864413
2026-09-09T01:55:07.089Z,AVAX,1.9624,10880,7.958,1340.864413
2026-09-09T01:55:07.089Z,DOT,1.0551,1621,1.1963,1340.864413
2026-09-09T01:55:07.089Z,LINK,1.5571,17000,12.484,1340.864413
2026-09-09T01:55:07.089Z,POL,1.6626,129.5,0.095,1340.864413
2026-09-09T01:55:07.089Z,DOGE,1.1798,122.4,0.09022,1340.864413
2026-09-09T01:55:07.089Z,TRX,1.2852,460.3,0.33893,1340.864413
2026-09-09T01:55:07.089Z,XLM,1.1789,255,0.18796,1340.864413
2026-09-09T01:55:07.089Z,SHIB,1.9928,0.0074,5.411e-06,1340.864413
2026-09-09T01:55:07.089Z,BCH,1.0468,349700,258.1,1340.864413
2026-09-09T01:55:07.089Z,UNI,1.1834,9200,6.781,1340.864413
2026-09-09T01:55:07.089Z,AAVE,0.47,174000,129.16,1340.864413
2026-09-09T01:55:07.089Z,SUSHI,1.1376,321.4,0.237,1340.864413
2026-09-09T01:55:07.089Z,LDO,-22.8948,399.8,0.3867,1340.864413
2026-09-09T01:55:07.089Z,ICP,1.3546,3914,2.88,1340.864413
2026-09-09T01:55:07.089Z,NEAR,1.0121,3145,2.322,1340.864413
2026-09-09T01:55:07.089Z,HBAR,2.0002,107.5,0.0786,1340.864413
2026-09-09T01:55:07.089Z,XTZ,6.5026,356.3,0.2495,1340.864413
2026-09-09T01:55:07.089Z,DYDX,-7.9336,149.2,0.12086,1340.864413
2026-09-09T01:55:07.089Z,ARB,0.4885,222,0.16476,1340.864413
2026-09-09T01:55:07.089Z,GMX,-9.0918,10160,8.335,1340.864413
2026-09-09T01:55:07.089Z,IMX,1.8923,179.1,0.13109,1340.864413
2026-09-09T01:55:07.089Z,INJ,0.8506,8760,6.478,1340.864413
2026-09-09T01:55:07.089Z,GRT,15.4085,29.99,0.01938,1340.864413
2026-09-09T01:55:07.089Z,SUI,1.1918,1108,0.8166,1340.864413
2026-09-09T01:55:07.089Z,HYPE,1.0167,115800,85.493,1340.864413
2026-09-09T02:00:07.109Z,BTC,1.1406,106938000,78853.6,1340.864413
2026-09-09T02:00:07.109Z,ETH,1.1611,3387000,2496.99,1340.864413
2026-09-09T02:00:07.109Z,SOL,1.231,140800,103.73,1340.864413
2026-09-09T02:00:07.109Z,BNB,1.231,1024000,754.4,1340.864413
2026-09-09T02:00:07.109Z,XRP,1.0979,1921,1.4171,1340.864413
2026-09-09T02:00:07.109Z,ADA,0.9687,296.9,0.2193,1340.864413
2026-09-09T02:00:07.109Z,AVAX,1.8728,10880,7.965,1340.864413
2026-09-09T02:00:07.109Z,DOT,1.2158,1621,1.1944,1340.864413
2026-09-09T02:00:07.109Z,LINK,1.4758,17000,12.494,1340.864413
2026-09-09T02:00:07.109Z,POL,1.5237,129.5,0.09513,1340.864413
2026-09-09T02:00:07.109Z,DOGE,1.2624,122.5,0.09022,1340.864413
2026-09-09T02:00:07.109Z,TRX,1.2822,460.3,0.33894,1340.864413
2026-09-09T02:00:07.109Z,XLM,1.1466,255,0.18802,1340.864413
2026-09-09T02:00:07.109Z,SHIB,1.9739,0.0074,5.412e-06,1340.864413
2026-09-09T02:00:07.109Z,BCH,1.0077,349700,258.2,1340.864413
2026-09-09T02:00:07.109Z,UNI,1.1536,9200,6.783,1340.864413
2026-09-09T02:00:07.109Z,AAVE,0.3923,174000,129.26,1340.864413
2026-09-09T02:00:07.109Z,SUSHI,0.9672,321.4,0.2374,1340.864413
2026-09-09T02:00:07.109Z,LDO,-23.054,399.8,0.3875,1340.864413
2026-09-09T02:00:07.109Z,ICP,1.2843,3914,2.882,1340.864413
2026-09-09T02:00:07.109Z,NEAR,0.8384,3145,2.326,1340.864413
2026-09-09T02:00:07.109Z,HBAR,1.7672,107.5,0.07878,1340.864413
2026-09-09T02:00:07.109Z,XTZ,6.5454,356.3,0.2494,1340.864413
2026-09-09T02:00:07.109Z,DYDX,-7.8878,149.2,0.1208,1340.864413
2026-09-09T02:00:07.109Z,ARB,0.1239,222,0.16536,1340.864413
2026-09-09T02:00:07.109Z,GMX,-9.1354,10160,8.339,1340.864413
2026-09-09T02:00:07.109Z,IMX,1.8612,179.1,0.13113,1340.864413
2026-09-09T02:00:07.109Z,INJ,0.8661,8760,6.477,1340.864413
2026-09-09T02:00:07.109Z,GRT,15.2301,29.99,0.01941,1340.864413
2026-09-09T02:00:07.109Z,SUI,0.9378,1104,0.8157,1340.864413
2026-09-09T02:00:07.109Z,HYPE,0.9931,115800,85.513,1340.864413
2026-09-09T02:05:06.918Z,BTC,1.1501,106910000,78825.6,1340.864413
2026-09-09T02:05:06.918Z,ETH,1.2122,3387000,2495.73,1340.864413
2026-09-09T02:05:06.918Z,SOL,1.2603,140800,103.7,1340.864413
2026-09-09T02:05:06.918Z,BNB,1.231,1024000,754.4,1340.864413
2026-09-09T02:05:06.918Z,XRP,1.1907,1921,1.4158,1340.864413
2026-09-09T02:05:06.918Z,ADA,1.3944,297.2,0.2186,1340.864413
2026-09-09T02:05:06.918Z,AVAX,1.9752,10880,7.957,1340.864413
2026-09-09T02:05:06.918Z,DOT,1.3091,1621,1.1933,1340.864413
2026-09-09T02:05:06.918Z,LINK,1.6141,17000,12.477,1340.864413
2026-09-09T02:05:06.918Z,POL,1.481,129.5,0.09517,1340.864413
2026-09-09T02:05:06.918Z,DOGE,1.4198,122.5,0.09008,1340.864413
2026-09-09T02:05:06.918Z,TRX,1.2613,460.3,0.33901,1340.864413
2026-09-09T02:05:06.918Z,XLM,1.2543,255,0.18782,1340.864413
2026-09-09T02:05:06.918Z,SHIB,2.2384,0.0074,5.398e-06,1340.864413
2026-09-09T02:05:06.918Z,BCH,1.086,349700,258,1340.864413
2026-09-09T02:05:06.918Z,UNI,1.273,9200,6.775,1340.864413
2026-09-09T02:05:06.918Z,AAVE,0.5556,174000,129.05,1340.864413
2026-09-09T02:05:06.918Z,SUSHI,0.8398,321.4,0.2377,1340.864413
2026-09-09T02:05:06.918Z,LDO,-22.9346,399.8,0.3869,1340.864413
2026-09-09T02:05:06.918Z,ICP,1.2491,3914,2.883,1340.864413
2026-09-09T02:05:06.918Z,NEAR,1.5809,3145,2.309,1340.864413
2026-09-09T02:05:06.918Z,HBAR,1.9094,107.5,0.07867,1340.864413
2026-09-09T02:05:06.918Z,XTZ,5.9929,356.3,0.2507,1340.864413
2026-09-09T02:05:06.918Z,DYDX,-7.7504,149.2,0.12062,1340.864413
2026-09-09T02:05:06.918Z,ARB,0.4702,222,0.16479,1340.864413
2026-09-09T02:05:06.918Z,GMX,-9.3636,10160,8.36,1340.864413
2026-09-09T02:05:06.918Z,IMX,2.0401,179.1,0.1309,1340.864413
2026-09-09T02:05:06.918Z,INJ,0.9285,8760,6.473,1340.864413
2026-09-09T02:05:06.918Z,GRT,15.4681,29.99,0.01937,1340.864413
2026-09-09T02:05:06.918Z,SUI,1.3363,1107,0.8147,1340.864413
2026-09-09T02:05:06.918Z,HYPE,0.9966,115800,85.51,1340.864413
2026-09-09T02:10:07.511Z,BTC,1.1427,106966000,78872.6,1340.864413
2026-09-09T02:10:07.511Z,ETH,1.0839,3386000,2498.16,1340.864413
2026-09-09T02:10:07.511Z,SOL,1.1797,141000,103.93,1340.864413
2026-09-09T02:10:07.511Z,BNB,1.2712,1024000,754.1,1340.864413
2026-09-09T02:10:07.511Z,XRP,1.089,1923,1.4187,1340.864413
2026-09-09T02:10:07.511Z,ADA,1.3017,297.2,0.2188,1340.864413
2026-09-09T02:10:07.511Z,AVAX,1.8217,10880,7.969,1340.864413
2026-09-09T02:10:07.511Z,DOT,0.9117,1621,1.198,1340.864413
2026-09-09T02:10:07.511Z,LINK,1.3379,17000,12.511,1340.864413
2026-09-09T02:10:07.511Z,POL,1.3958,129.5,0.09525,1340.864413
2026-09-09T02:10:07.511Z,DOGE,0.9138,122.2,0.09031,1340.864413
2026-09-09T02:10:07.511Z,TRX,1.2882,460.3,0.33892,1340.864413
2026-09-09T02:10:07.511Z,XLM,1.0875,255,0.18813,1340.864413
2026-09-09T02:10:07.511Z,SHIB,1.9739,0.0074,5.412e-06,1340.864413
2026-09-09T02:10:07.511Z,BCH,0.8515,349700,258.6,1340.864413
2026-09-09T02:10:07.511Z,UNI,1.2879,9200,6.774,1340.864413
2026-09-09T02:10:07.511Z,AAVE,0.3612,174000,129.3,1340.864413
2026-09-09T02:10:07.511Z,SUSHI,0.7974,321.4,0.2378,1340.864413
2026-09-09T02:10:07.511Z,LDO,-23.1333,399.8,0.3879,1340.864413
2026-09-09T02:10:07.511Z,ICP,1.1439,3914,2.886,1340.864413
2026-09-09T02:10:07.511Z,NEAR,1.3176,3145,2.315,1340.864413
2026-09-09T02:10:07.511Z,HBAR,1.694,107.6,0.07891,1340.864413
2026-09-09T02:10:07.511Z,XTZ,5.1956,356.3,0.2526,1340.864413
2026-09-09T02:10:07.511Z,DYDX,-7.8421,149.2,0.12074,1340.864413
2026-09-09T02:10:07.511Z,ARB,0.1118,222,0.16538,1340.864413
2026-09-09T02:10:07.511Z,GMX,-9.6231,10160,8.384,1340.864413
2026-09-09T02:10:07.511Z,IMX,1.8845,179.1,0.1311,1340.864413
2026-09-09T02:10:07.511Z,INJ,0.7728,8760,6.483,1340.864413
2026-09-09T02:10:07.511Z,GRT,15.4085,29.99,0.01938,1340.864413
2026-09-09T02:10:07.511Z,SUI,1.1763,1110,0.8182,1340.864413
2026-09-09T02:10:07.511Z,HYPE,0.9576,115800,85.543,1340.864413
2026-09-09T02:15:06.910Z,BTC,1.2349,106906000,78756.6,1340.864413
2026-09-09T02:15:06.910Z,ETH,1.2502,3385000,2493.32,1340.864413
2026-09-09T02:15:06.910Z,SOL,1.286,140700,103.6,1340.864413
2026-09-09T02:15:06.910Z,BNB,1.4327,1024000,752.9,1340.864413
2026-09-09T02:15:06.910Z,XRP,1.2961,1923,1.4158,1340.864413
2026-09-09T02:15:06.910Z,ADA,1.5802,297.2,0.2182,1340.864413
2026-09-09T02:15:06.910Z,AVAX,1.9368,10880,7.96,1340.864413
2026-09-09T02:15:06.910Z,DOT,1.1227,1621,1.1955,1340.864413
2026-09-09T02:15:06.910Z,LINK,1.7037,17000,12.466,1340.864413
2026-09-09T02:15:06.910Z,POL,1.6198,129.5,0.09504,1340.864413
2026-09-09T02:15:06.910Z,DOGE,1.3064,122.2,0.08996,1340.864413
2026-09-09T02:15:06.910Z,TRX,1.3869,460.3,0.33859,1340.864413
2026-09-09T02:15:06.910Z,XLM,1.5321,255.4,0.1876,1340.864413
2026-09-09T02:15:06.910Z,SHIB,2.3711,0.0074,5.391e-06,1340.864413
2026-09-09T02:15:06.910Z,BCH,1.2037,349700,257.7,1340.864413
2026-09-09T02:15:06.910Z,UNI,1.3029,9200,6.773,1340.864413
2026-09-09T02:15:06.910Z,AAVE,0.579,174000,129.02,1340.864413
2026-09-09T02:15:06.910Z,SUSHI,0.9247,321.4,0.2375,1340.864413
2026-09-09T02:15:06.910Z,LDO,-22.8149,399.8,0.3863,1340.864413
2026-09-09T02:15:06.910Z,ICP,1.3194,3914,2.881,1340.864413
2026-09-09T02:15:06.910Z,NEAR,1.8897,3145,2.302,1340.864413
2026-09-09T02:15:06.910Z,HBAR,1.9654,107.6,0.0787,1340.864413
2026-09-09T02:15:06.910Z,XTZ,5.5298,356.3,0.2518,1340.864413
2026-09-09T02:15:06.910Z,DYDX,-7.505,149.2,0.1203,1340.864413
2026-09-09T02:15:06.910Z,ARB,0.2269,222,0.16519,1340.864413
2026-09-09T02:15:06.910Z,GMX,-9.2768,10160,8.352,1340.864413
2026-09-09T02:15:06.910Z,IMX,2.2432,179.1,0.13064,1340.864413
2026-09-09T02:15:06.910Z,INJ,1.8727,8760,6.413,1340.864413
2026-09-09T02:15:06.910Z,GRT,15.707,29.99,0.01933,1340.864413
2026-09-09T02:15:06.910Z,SUI,1.29,1105,0.8136,1340.864413
2026-09-09T02:15:06.910Z,HYPE,1.1504,115800,85.38,1340.864413
2026-09-09T02:20:06.734Z,BTC,1.1709,106765000,78702.5,1340.864413
2026-09-09T02:20:06.734Z,ETH,1.2966,3384000,2491.44,1340.864413
2026-09-09T02:20:06.734Z,SOL,1.1445,140300,103.45,1340.864413
2026-09-09T02:20:06.734Z,BNB,1.5811,1024000,751.8,1340.864413
2026-09-09T02:20:06.734Z,XRP,1.2355,1919,1.4137,1340.864413
2026-09-09T02:20:06.734Z,ADA,1.689,296.7,0.2176,1340.864413
2026-09-09T02:20:06.734Z,AVAX,2.1292,10880,7.945,1340.864413
2026-09-09T02:20:06.734Z,DOT,1.1481,1621,1.1952,1340.864413
2026-09-09T02:20:06.734Z,LINK,1.3634,16920,12.449,1340.864413
2026-09-09T02:20:06.734Z,POL,1.6519,129.5,0.09501,1340.864413
2026-09-09T02:20:06.734Z,DOGE,1.1434,121.8,0.08981,1340.864413
2026-09-09T02:20:06.734Z,TRX,1.4229,460.3,0.33847,1340.864413
2026-09-09T02:20:06.734Z,XLM,1.4446,254.5,0.1871,1340.864413
2026-09-09T02:20:06.734Z,SHIB,1.2507,0.0073,5.377e-06,1340.864413
2026-09-09T02:20:06.734Z,BCH,1.3216,349700,257.4,1340.864413
2026-09-09T02:20:06.734Z,UNI,1.2879,9200,6.774,1340.864413
2026-09-09T02:20:06.734Z,AAVE,0.6648,174000,128.91,1340.864413
2026-09-09T02:20:06.734Z,SUSHI,1.0523,321.4,0.2372,1340.864413
2026-09-09T02:20:06.734Z,LDO,-22.8549,399.8,0.3865,1340.864413
2026-09-09T02:20:06.734Z,ICP,1.3546,3914,2.88,1340.864413
2026-09-09T02:20:06.734Z,NEAR,1.6597,3112,2.283,1340.864413
2026-09-09T02:20:06.734Z,HBAR,1.5646,107,0.07857,1340.864413
2026-09-09T02:20:06.734Z,XTZ,5.4879,356.3,0.2519,1340.864413
2026-09-09T02:20:06.734Z,DYDX,-7.3818,149.2,0.12014,1340.864413
2026-09-09T02:20:06.734Z,ARB,-0.2141,222,0.16592,1340.864413
2026-09-09T02:20:06.734Z,GMX,-9.0263,10160,8.329,1340.864413
2026-09-09T02:20:06.734Z,IMX,2.4078,179.1,0.13043,1340.864413
2026-09-09T02:20:06.734Z,INJ,2.0159,8760,6.404,1340.864413
2026-09-09T02:20:06.734Z,GRT,15.7669,29.99,0.01932,1340.864413
2026-09-09T02:20:06.734Z,SUI,1.1144,1102,0.8128,1340.864413
2026-09-09T02:20:06.734Z,HYPE,1.1539,115800,85.377,1340.864413
2026-09-09T02:25:06.902Z,BTC,1.2021,106838000,78732,1340.864413
2026-09-09T02:25:06.902Z,ETH,1.2319,3385000,2493.77,1340.864413
2026-09-09T02:25:06.902Z,SOL,1.3545,140700,103.53,1340.864413
2026-09-09T02:25:06.902Z,BNB,1.6081,1024000,751.6,1340.864413
2026-09-09T02:25:06.902Z,XRP,1.2668,1920,1.414,1340.864413
2026-09-09T02:25:06.902Z,ADA,1.549,296.7,0.2179,1340.864413
2026-09-09T02:25:06.902Z,AVAX,2.0265,10880,7.953,1340.864413
2026-09-09T02:25:06.902Z,DOT,1.1396,1621,1.1953,1340.864413
2026-09-09T02:25:06.902Z,LINK,1.3145,16920,12.455,1340.864413
2026-09-09T02:25:06.902Z,POL,1.545,129.5,0.09511,1340.864413
2026-09-09T02:25:06.902Z,DOGE,1.3853,122.2,0.08989,1340.864413
2026-09-09T02:25:06.902Z,TRX,1.5971,460.9,0.33833,1340.864413
2026-09-09T02:25:06.902Z,XLM,1.327,254.3,0.18717,1340.864413
2026-09-09T02:25:06.902Z,SHIB,1.2695,0.0073,5.376e-06,1340.864413
2026-09-09T02:25:06.902Z,BCH,1.2037,349700,257.7,1340.864413
2026-09-09T02:25:06.902Z,UNI,1.2879,9200,6.774,1340.864413
2026-09-09T02:25:06.902Z,AAVE,0.6726,174000,128.9,1340.864413
2026-09-09T02:25:06.902Z,SUSHI,0.3753,321.4,0.2388,1340.864413
2026-09-09T02:25:06.902Z,LDO,-22.8549,399.8,0.3865,1340.864413
2026-09-09T02:25:06.902Z,ICP,1.214,3914,2.884,1340.864413
2026-09-09T02:25:06.902Z,NEAR,1.3489,3112,2.29,1340.864413
2026-09-09T02:25:06.902Z,HBAR,1.4612,107,0.07865,1340.864413
2026-09-09T02:25:06.902Z,XTZ,5.6137,356.3,0.2516,1340.864413
2026-09-09T02:25:06.902Z,DYDX,-7.528,149.2,0.12033,1340.864413
2026-09-09T02:25:06.902Z,ARB,-0.5079,222,0.16641,1340.864413
2026-09-09T02:25:06.902Z,GMX,-9.0809,10160,8.334,1340.864413
2026-09-09T02:25:06.902Z,IMX,2.3372,179.1,0.13052,1340.864413
2026-09-09T02:25:06.902Z,INJ,2.3676,8760,6.382,1340.864413
2026-09-09T02:25:06.902Z,GRT,15.7669,29.99,0.01932,1340.864413
2026-09-09T02:25:06.902Z,SUI,1.4102,1104,0.8119,1340.864413
2026-09-09T02:25:06.902Z,HYPE,1.0332,115800,85.479,1340.864413
2026-09-09T02:30:07.118Z,BTC,1.139,106831000,78776,1340.864413
2026-09-09T02:30:07.118Z,ETH,1.2091,3386000,2495.07,1340.864413
2026-09-09T02:30:07.118Z,SOL,1.3741,140700,103.51,1340.864413
2026-09-09T02:30:07.118Z,BNB,1.5811,1024000,751.8,1340.864413
2026-09-09T02:30:07.118Z,XRP,1.2121,1921,1.4155,1340.864413
2026-09-09T02:30:07.118Z,ADA,1.5956,296.7,0.2178,1340.864413
2026-09-09T02:30:07.118Z,AVAX,1.9368,10880,7.96,1340.864413
2026-09-09T02:30:07.118Z,DOT,1.3431,1621,1.1929,1340.864413
2026-09-09T02:30:07.118Z,LINK,1.2739,16920,12.46,1340.864413
2026-09-09T02:30:07.118Z,POL,1.4277,129.5,0.09522,1340.864413
2026-09-09T02:30:07.118Z,DOGE,1.2951,122.2,0.08997,1340.864413
2026-09-09T02:30:07.118Z,TRX,1.5941,460.9,0.33834,1340.864413
2026-09-09T02:30:07.118Z,XLM,1.5146,256.2,0.18822,1340.864413
2026-09-09T02:30:07.118Z,SHIB,1.1754,0.0073,5.381e-06,1340.864413
2026-09-09T02:30:07.118Z,BCH,1.1252,349700,257.9,1340.864413
2026-09-09T02:30:07.118Z,UNI,1.1983,9200,6.78,1340.864413
2026-09-09T02:30:07.118Z,AAVE,0.5556,174000,129.05,1340.864413
2026-09-09T02:30:07.118Z,SUSHI,0.4173,321.4,0.2387,1340.864413
2026-09-09T02:30:07.118Z,LDO,-22.9546,399.8,0.387,1340.864413
2026-09-09T02:30:07.118Z,ICP,1.0039,3914,2.89,1340.864413
2026-09-09T02:30:07.118Z,NEAR,1.3932,3112,2.289,1340.864413
2026-09-09T02:30:07.118Z,HBAR,1.4355,107,0.07867,1340.864413
2026-09-09T02:30:07.118Z,XTZ,5.3207,356.3,0.2523,1340.864413
2026-09-09T02:30:07.118Z,DYDX,-7.5972,149.2,0.12042,1340.864413
2026-09-09T02:30:07.118Z,ARB,-0.5975,222,0.16656,1340.864413
2026-09-09T02:30:07.118Z,GMX,-9.0481,10160,8.331,1340.864413
2026-09-09T02:30:07.118Z,IMX,2.3059,179.1,0.13056,1340.864413
2026-09-09T02:30:07.118Z,INJ,1.9045,8760,6.411,1340.864413
2026-09-09T02:30:07.118Z,GRT,15.6472,29.99,0.01934,1340.864413
2026-09-09T02:30:07.118Z,SUI,1.2481,1104,0.8132,1340.864413
2026-09-09T02:30:07.118Z,HYPE,2.9369,118200,85.637,1340.864413
2026-09-09T02:35:06.927Z,BTC,1.209,106831000,78721.5,1340.864413
2026-09-09T02:35:06.927Z,ETH,1.2647,3386000,2493.7,1340.864413
2026-09-09T02:35:06.927Z,SOL,1.2495,140500,103.49,1340.864413
2026-09-09T02:35:06.927Z,BNB,1.6351,1024000,751.4,1340.864413
2026-09-09T02:35:06.927Z,XRP,1.2103,1923,1.417,1340.864413
2026-09-09T02:35:06.927Z,ADA,1.8762,296.7,0.2172,1340.864413
2026-09-09T02:35:06.927Z,AVAX,1.9624,10880,7.958,1340.864413
2026-09-09T02:35:06.927Z,DOT,0.9538,1621,1.1975,1340.864413
2026-09-09T02:35:06.927Z,LINK,1.3715,16920,12.448,1340.864413
2026-09-09T02:35:06.927Z,POL,1.3639,129.5,0.09528,1340.864413
2026-09-09T02:35:06.927Z,DOGE,1.4006,122.3,0.08995,1340.864413
2026-09-09T02:35:06.927Z,TRX,1.1995,459.3,0.33848,1340.864413
2026-09-09T02:35:06.927Z,XLM,1.7669,256.1,0.18768,1340.864413
2026-09-09T02:35:06.927Z,SHIB,2.6759,0.0074,5.375e-06,1340.864413
2026-09-09T02:35:06.927Z,BCH,1.086,349700,258,1340.864413
2026-09-09T02:35:06.927Z,UNI,1.4527,9200,6.763,1340.864413
2026-09-09T02:35:06.927Z,AAVE,0.6336,174000,128.95,1340.864413
2026-09-09T02:35:06.927Z,SUSHI,0.8822,321.4,0.2376,1340.864413
2026-09-09T02:35:06.927Z,LDO,-22.9147,399.8,0.3868,1340.864413
2026-09-09T02:35:06.927Z,ICP,1.2491,3914,2.883,1340.864413
2026-09-09T02:35:06.927Z,NEAR,1.7042,3112,2.282,1340.864413
2026-09-09T02:35:06.927Z,HBAR,1.5,107,0.07862,1340.864413
2026-09-09T02:35:06.927Z,XTZ,5.6977,356.3,0.2514,1340.864413
2026-09-09T02:35:06.927Z,DYDX,-7.5588,149.2,0.12037,1340.864413
2026-09-09T02:35:06.927Z,ARB,-0.2802,222,0.16603,1340.864413
2026-09-09T02:35:06.927Z,GMX,-8.7634,10160,8.305,1340.864413
2026-09-09T02:35:06.927Z,IMX,2.3686,179.1,0.13048,1340.864413
2026-09-09T02:35:06.927Z,INJ,1.7141,8760,6.423,1340.864413
2026-09-09T02:35:06.927Z,GRT,15.6472,29.99,0.01934,1340.864413
2026-09-09T02:35:06.927Z,SUI,1.5271,1105,0.8117,1340.864413
2026-09-09T02:35:06.927Z,HYPE,2.9682,118200,85.611,1340.864413
2026-09-09T02:40:07.203Z,BTC,1.2623,106885000,78719.8,1340.864413
2026-09-09T02:40:07.203Z,ETH,1.2942,3387000,2493.71,1340.864413
2026-09-09T02:40:07.203Z,SOL,1.2727,140600,103.54,1340.864413
2026-09-09T02:40:07.203Z,BNB,1.6216,1024000,751.5,1340.864413
2026-09-09T02:40:07.203Z,XRP,1.1986,1924,1.4179,1340.864413
2026-09-09T02:40:07.203Z,ADA,1.9232,296.7,0.2171,1340.864413
2026-09-09T02:40:07.203Z,AVAX,1.8856,10880,7.964,1340.864413
2026-09-09T02:40:07.203Z,DOT,0.6931,1621,1.2006,1340.864413
2026-09-09T02:40:07.203Z,LINK,1.4017,16940,12.459,1340.864413
2026-09-09T02:40:07.203Z,POL,1.1939,129.5,0.09544,1340.864413
2026-09-09T02:40:07.203Z,DOGE,1.3555,122.3,0.08999,1340.864413
2026-09-09T02:40:07.203Z,TRX,1.1278,459.3,0.33872,1340.864413
2026-09-09T02:40:07.203Z,XLM,1.2234,254.8,0.18773,1340.864413
2026-09-09T02:40:07.203Z,SHIB,2.6377,0.0074,5.377e-06,1340.864413
2026-09-09T02:40:07.203Z,BCH,1.086,349700,258,1340.864413
2026-09-09T02:40:07.203Z,UNI,1.273,9200,6.775,1340.864413
2026-09-09T02:40:07.203Z,AAVE,0.6336,174000,128.95,1340.864413
2026-09-09T02:40:07.203Z,SUSHI,0.8398,321.4,0.2377,1340.864413
2026-09-09T02:40:07.203Z,LDO,-22.8349,399.8,0.3864,1340.864413
2026-09-09T02:40:07.203Z,ICP,1.2843,3914,2.882,1340.864413
2026-09-09T02:40:07.203Z,NEAR,1.5263,3112,2.286,1340.864413
2026-09-09T02:40:07.203Z,HBAR,1.5,107,0.07862,1340.864413
2026-09-09T02:40:07.203Z,XTZ,5.0708,356.3,0.2529,1340.864413
2026-09-09T02:40:07.203Z,DYDX,-7.5204,149.2,0.12032,1340.864413
2026-09-09T02:40:07.203Z,ARB,-0.4061,222,0.16624,1340.864413
2026-09-09T02:40:07.203Z,GMX,-8.6534,10160,8.295,1340.864413
2026-09-09T02:40:07.203Z,IMX,2.2745,179.1,0.1306,1340.864413
2026-09-09T02:40:07.203Z,INJ,1.6192,8760,6.429,1340.864413
2026-09-09T02:40:07.203Z,GRT,15.4085,29.99,0.01938,1340.864413
2026-09-09T02:40:07.203Z,SUI,1.5396,1105,0.8116,1340.864413
2026-09-09T02:40:07.203Z,HYPE,2.8564,118200,85.704,1340.864413
2026-09-09T02:45:06.922Z,BTC,1.1918,106866000,78760.7,1340.864413
2026-09-09T02:45:06.922Z,ETH,1.1693,3386000,2496.05,1340.864413
2026-09-09T02:45:06.922Z,SOL,1.1652,140600,103.65,1340.864413
2026-09-09T02:45:06.922Z,BNB,1.5811,1024000,751.8,1340.864413
2026-09-09T02:45:06.922Z,XRP,1.1371,1925,1.4195,1340.864413
2026-09-09T02:45:06.922Z,ADA,1.3559,296,0.2178,1340.864413
2026-09-09T02:45:06.922Z,AVAX,1.7578,10880,7.974,1340.864413
2026-09-09T02:45:06.922Z,DOT,0.6847,1621,1.2007,1340.864413
2026-09-09T02:45:06.922Z,LINK,1.3855,16940,12.461,1340.864413
2026-09-09T02:45:06.922Z,POL,1.0034,129.5,0.09562,1340.864413
2026-09-09T02:45:06.922Z,DOGE,1.2992,122.3,0.09004,1340.864413
2026-09-09T02:45:06.922Z,TRX,1.098,459.3,0.33882,1340.864413
2026-09-09T02:45:06.922Z,XLM,1.269,255.2,0.18794,1340.864413
2026-09-09T02:45:06.922Z,SHIB,1.1378,0.0073,5.383e-06,1340.864413
2026-09-09T02:45:06.922Z,BCH,0.8905,349700,258.5,1340.864413
2026-09-09T02:45:06.922Z,UNI,1.1237,9200,6.785,1340.864413
2026-09-09T02:45:06.922Z,AAVE,0.6024,174000,128.99,1340.864413
2026-09-09T02:45:06.922Z,SUSHI,0.755,321.4,0.2379,1340.864413
2026-09-09T02:45:06.922Z,LDO,-22.9147,399.8,0.3868,1340.864413
2026-09-09T02:45:06.922Z,ICP,1.1789,3914,2.885,1340.864413
2026-09-09T02:45:06.922Z,NEAR,1.2163,3112,2.293,1340.864413
2026-09-09T02:45:06.922Z,HBAR,1.4612,107,0.07865,1340.864413
2026-09-09T02:45:06.922Z,XTZ,4.5335,356.3,0.2542,1340.864413
2026-09-09T02:45:06.922Z,DYDX,-7.6662,149.2,0.12051,1340.864413
2026-09-09T02:45:06.922Z,ARB,-0.3942,222,0.16622,1340.864413
2026-09-09T02:45:06.922Z,GMX,-8.5652,10160,8.287,1340.864413
2026-09-09T02:45:06.922Z,IMX,2.2041,179.1,0.13069,1340.864413
2026-09-09T02:45:06.922Z,INJ,1.9522,8760,6.408,1340.864413
2026-09-09T02:45:06.922Z,GRT,15.349,29.99,0.01939,1340.864413
2026-09-09T02:45:06.922Z,SUI,1.1642,1102,0.8124,1340.864413
2026-09-09T02:45:06.922Z,HYPE,2.6672,118200,85.862,1340.864413
2026-09-09T02:50:07.278Z,BTC,1.2405,106882000,78734.6,1340.864413
2026-09-09T02:50:07.278Z,ETH,1.2454,3387000,2494.91,1340.864413
2026-09-09T02:50:07.278Z,SOL,1.214,140600,103.6,1340.864413
2026-09-09T02:50:07.278Z,BNB,1.6216,1024000,751.5,1340.864413
2026-09-09T02:50:07.278Z,XRP,1.211,1926,1.4192,1340.864413
2026-09-09T02:50:07.278Z,ADA,1.4024,296,0.2177,1340.864413
2026-09-09T02:50:07.278Z,AVAX,1.7451,10880,7.975,1340.864413
2026-09-09T02:50:07.278Z,DOT,0.7435,1621,1.2,1340.864413
2026-09-09T02:50:07.278Z,LINK,1.4343,16940,12.455,1340.864413
2026-09-09T02:50:07.278Z,POL,1.0034,129.5,0.09562,1340.864413
2026-09-09T02:50:07.278Z,DOGE,1.3442,122.3,0.09,1340.864413
2026-09-09T02:50:07.278Z,TRX,1.0741,459.3,0.3389,1340.864413
2026-09-09T02:50:07.278Z,XLM,1.3229,255.2,0.18784,1340.864413
2026-09-09T02:50:07.278Z,SHIB,1.1754,0.0073,5.381e-06,1340.864413
2026-09-09T02:50:07.278Z,BCH,0.7735,349700,258.8,1340.864413
2026-09-09T02:50:07.278Z,UNI,1.0642,9200,6.789,1340.864413
2026-09-09T02:50:07.278Z,AAVE,0.6102,174000,128.98,1340.864413
2026-09-09T02:50:07.278Z,SUSHI,0.8822,321.4,0.2376,1340.864413
2026-09-09T02:50:07.278Z,LDO,-22.9546,399.8,0.387,1340.864413
2026-09-09T02:50:07.278Z,ICP,1.3898,3914,2.879,1340.864413
2026-09-09T02:50:07.278Z,NEAR,1.5707,3112,2.285,1340.864413
2026-09-09T02:50:07.278Z,HBAR,1.5,107,0.07862,1340.864413
2026-09-09T02:50:07.278Z,XTZ,5.6977,356.3,0.2514,1340.864413
2026-09-09T02:50:07.278Z,DYDX,-7.6355,149.2,0.12047,1340.864413
2026-09-09T02:50:07.278Z,ARB,-0.2321,222,0.16595,1340.864413
2026-09-09T02:50:07.278Z,GMX,-8.2774,10160,8.261,1340.864413
2026-09-09T02:50:07.278Z,IMX,2.1963,179.1,0.1307,1340.864413
2026-09-09T02:50:07.278Z,INJ,2.1116,8760,6.398,1340.864413
2026-09-09T02:50:07.278Z,GRT,15.2895,29.99,0.0194,1340.864413
2026-09-09T02:50:07.278Z,SUI,1.2685,1103,0.8123,1340.864413
2026-09-09T02:50:07.278Z,HYPE,2.7102,118200,85.826,1340.864413
2026-09-09T02:55:06.930Z,BTC,1.2551,106885000,78725.4,1340.864413
2026-09-09T02:55:06.930Z,ETH,1.2686,3387000,2494.34,1340.864413
2026-09-09T02:55:06.930Z,SOL,1.3118,140600,103.5,1340.864413
2026-09-09T02:55:06.930Z,BNB,1.6487,1024000,751.3,1340.864413
2026-09-09T02:55:06.930Z,XRP,1.2298,1925,1.4182,1340.864413
2026-09-09T02:55:06.930Z,ADA,1.3682,295.9,0.2177,1340.864413
2026-09-09T02:55:06.930Z,AVAX,1.6941,10880,7.979,1340.864413
2026-09-09T02:55:06.930Z,DOT,0.3338,1621,1.2049,1340.864413
2026-09-09T02:55:06.930Z,LINK,1.5403,16940,12.442,1340.864413
2026-09-09T02:55:06.930Z,POL,1.014,129.5,0.09561,1340.864413
2026-09-09T02:55:06.930Z,DOGE,1.3442,122.3,0.09,1340.864413
2026-09-09T02:55:06.930Z,TRX,1.0771,459.3,0.33889,1340.864413
2026-09-09T02:55:06.930Z,XLM,1.296,255.2,0.18789,1340.864413
2026-09-09T02:55:06.930Z,SHIB,1.1566,0.0073,5.382e-06,1340.864413
2026-09-09T02:55:06.930Z,BCH,0.9295,349700,258.4,1340.864413
2026-09-09T02:55:06.930Z,UNI,1.0642,9200,6.789,1340.864413
2026-09-09T02:55:06.930Z,AAVE,0.6961,174000,128.87,1340.864413
2026-09-09T02:55:06.930Z,SUSHI,0.8822,321.4,0.2376,1340.864413
2026-09-09T02:55:06.930Z,LDO,-23.0142,399.8,0.3873,1340.864413
2026-09-09T02:55:06.930Z,ICP,1.3194,3914,2.881,1340.864413
2026-09-09T02:55:06.930Z,NEAR,1.3932,3112,2.289,1340.864413
2026-09-09T02:55:06.930Z,HBAR,1.5129,107,0.07861,1340.864413
2026-09-09T02:55:06.930Z,XTZ,5.8662,356.3,0.251,1340.864413
2026-09-09T02:55:06.930Z,DYDX,-7.5588,149.2,0.12037,1340.864413
2026-09-09T02:55:06.930Z,ARB,-0.2862,222,0.16604,1340.864413
2026-09-09T02:55:06.930Z,GMX,-8.1885,10160,8.253,1340.864413
2026-09-09T02:55:06.930Z,IMX,2.1338,179.1,0.13078,1340.864413
2026-09-09T02:55:06.930Z,INJ,2.0956,8760,6.399,1340.864413
2026-09-09T02:55:06.930Z,GRT,15.1115,29.99,0.01943,1340.864413
2026-09-09T02:55:06.930Z,SUI,1.2934,1103,0.8121,1340.864413
2026-09-09T02:55:06.930Z,HYPE,2.7905,118200,85.759,1340.864413
2026-09-09T03:00:07.055Z,BTC,1.2103,106777000,78680.7,1340.864413
2026-09-09T03:00:07.055Z,ETH,1.2491,3384000,2492.61,1340.864413
2026-09-09T03:00:07.055Z,SOL,1.246,140400,103.42,1340.864413
2026-09-09T03:00:07.055Z,BNB,1.6351,1024000,751.4,1340.864413
2026-09-09T03:00:07.055Z,XRP,1.1309,1920,1.4159,1340.864413
2026-09-09T03:00:07.055Z,ADA,1.2654,295.6,0.2177,1340.864413
2026-09-09T03:00:07.055Z,AVAX,1.7961,10880,7.971,1340.864413
2026-09-09T03:00:07.055Z,DOT,0.5089,1621,1.2028,1340.864413
2026-09-09T03:00:07.055Z,LINK,1.2132,16880,12.438,1340.864413
2026-09-09T03:00:07.055Z,POL,1.088,129.5,0.09554,1340.864413
2026-09-09T03:00:07.055Z,DOGE,1.3136,122.1,0.08988,1340.864413
2026-09-09T03:00:07.055Z,TRX,1.0861,459.3,0.33886,1340.864413
2026-09-09T03:00:07.055Z,XLM,1.3549,254.9,0.18756,1340.864413
2026-09-09T03:00:07.055Z,SHIB,2.6377,0.0074,5.377e-06,1340.864413
2026-09-09T03:00:07.055Z,BCH,1.086,349700,258,1340.864413
2026-09-09T03:00:07.055Z,UNI,1.1536,9200,6.783,1340.864413
2026-09-09T03:00:07.055Z,AAVE,0.8134,174000,128.72,1340.864413
2026-09-09T03:00:07.055Z,SUSHI,1.0949,321.4,0.2371,1340.864413
2026-09-09T03:00:07.055Z,LDO,-22.795,399.8,0.3862,1340.864413
2026-09-09T03:00:07.055Z,ICP,1.6015,3914,2.873,1340.864413
2026-09-09T03:00:07.055Z,NEAR,1.6597,3112,2.283,1340.864413
2026-09-09T03:00:07.055Z,HBAR,1.4393,106.8,0.07852,1340.864413
2026-09-09T03:00:07.055Z,XTZ,6.5881,356.3,0.2493,1340.864413
2026-09-09T03:00:07.055Z,DYDX,-7.6048,149.2,0.12043,1340.864413
2026-09-09T03:00:07.055Z,ARB,-0.2321,222,0.16595,1340.864413
2026-09-09T03:00:07.055Z,GMX,-8.1996,10160,8.254,1340.864413
2026-09-09T03:00:07.055Z,IMX,2.3372,179.1,0.13052,1340.864413
2026-09-09T03:00:07.055Z,INJ,2.1435,8760,6.396,1340.864413
2026-09-09T03:00:07.055Z,GRT,15.349,29.99,0.01939,1340.864413
2026-09-09T03:00:07.055Z,SUI,1.2968,1101,0.8106,1340.864413
2026-09-09T03:00:07.055Z,HYPE,2.0184,117200,85.677,1340.864413
2026-09-09T03:05:06.893Z,BTC,1.1817,106682000,78632.9,1340.864413
2026-09-09T03:05:06.893Z,ETH,1.2232,3380000,2490.3,1340.864413
2026-09-09T03:05:06.893Z,SOL,1.3208,140300,103.27,1340.864413
2026-09-09T03:05:06.893Z,BNB,1.7977,1024000,750.2,1340.864413
2026-09-09T03:05:06.893Z,XRP,1.2283,1919,1.4138,1340.864413
2026-09-09T03:05:06.893Z,ADA,1.2925,295,0.2172,1340.864413
2026-09-09T03:05:06.893Z,AVAX,1.9368,10880,7.96,1340.864413
2026-09-09T03:05:06.893Z,DOT,0.668,1621,1.2009,1340.864413
2026-09-09T03:05:06.893Z,LINK,1.2479,16860,12.419,1340.864413
2026-09-09T03:05:06.893Z,POL,1.2576,129.5,0.09538,1340.864413
2026-09-09T03:05:06.893Z,DOGE,1.2562,121.8,0.08971,1340.864413
2026-09-09T03:05:06.893Z,TRX,1.1458,459.3,0.33866,1340.864413
2026-09-09T03:05:06.893Z,XLM,1.3688,254.5,0.18724,1340.864413
2026-09-09T03:05:06.893Z,SHIB,2.7523,0.0074,5.371e-06,1340.864413
2026-09-09T03:05:06.893Z,BCH,1.2037,349700,257.7,1340.864413
2026-09-09T03:05:06.893Z,UNI,1.4527,9200,6.763,1340.864413
2026-09-09T03:05:06.893Z,AAVE,1.104,174000,128.35,1340.864413
2026-09-09T03:05:06.893Z,SUSHI,1.3943,321.4,0.2364,1340.864413
2026-09-09T03:05:06.893Z,LDO,-22.5342,399.8,0.3849,1340.864413
2026-09-09T03:05:06.893Z,ICP,1.1675,3881,2.861,1340.864413
2026-09-09T03:05:06.893Z,NEAR,1.7935,3112,2.28,1340.864413
2026-09-09T03:05:06.893Z,HBAR,1.5039,106.8,0.07847,1340.864413
2026-09-09T03:05:06.893Z,XTZ,5.6557,356.3,0.2515,1340.864413
2026-09-09T03:05:06.893Z,DYDX,-7.2506,149.2,0.11997,1340.864413
2026-09-09T03:05:06.893Z,ARB,1.1773,224.2,0.16526,1340.864413
2026-09-09T03:05:06.893Z,GMX,-8.0994,10160,8.245,1340.864413
2026-09-09T03:05:06.893Z,IMX,2.5572,179.1,0.13024,1340.864413
2026-09-09T03:05:06.893Z,INJ,2.1755,8760,6.394,1340.864413
2026-09-09T03:05:06.893Z,GRT,15.707,29.99,0.01933,1340.864413
2026-09-09T03:05:06.893Z,SUI,1.4846,1101,0.8091,1340.864413
2026-09-09T03:05:06.893Z,HYPE,1.9857,116800,85.412,1340.864413
2026-09-09T03:10:07.376Z,BTC,1.1989,106692000,78626.9,1340.864413
2026-09-09T03:10:07.376Z,ETH,1.1991,3378000,2489.42,1340.864413
2026-09-09T03:10:07.376Z,SOL,1.2058,140100,103.24,1340.864413
2026-09-09T03:10:07.376Z,BNB,1.852,1024000,749.8,1340.864413
2026-09-09T03:10:07.376Z,XRP,1.2042,1918,1.4134,1340.864413
2026-09-09T03:10:07.376Z,ADA,1.3638,294.8,0.2169,1340.864413
2026-09-09T03:10:07.376Z,AVAX,2.0137,10880,7.954,1340.864413
2026-09-09T03:10:07.376Z,DOT,0.5424,1621,1.2024,1340.864413
2026-09-09T03:10:07.376Z,LINK,1.2612,16850,12.41,1340.864413
2026-09-09T03:10:07.376Z,POL,1.332,129.5,0.09531,1340.864413
2026-09-09T03:10:07.376Z,DOGE,1.2901,121.8,0.08968,1340.864413
2026-09-09T03:10:07.376Z,TRX,1.1876,459.3,0.33852,1340.864413
2026-09-09T03:10:07.376Z,XLM,1.3069,254.1,0.18706,1340.864413
2026-09-09T03:10:07.376Z,SHIB,2.9056,0.0074,5.363e-06,1340.864413
2026-09-09T03:10:07.376Z,BCH,1.5188,349700,256.9,1340.864413
2026-09-09T03:10:07.376Z,UNI,1.3927,9200,6.767,1340.864413
2026-09-09T03:10:07.376Z,AAVE,1.0962,174000,128.36,1340.864413
2026-09-09T03:10:07.376Z,SUSHI,1.3514,321.4,0.2365,1340.864413
2026-09-09T03:10:07.376Z,LDO,-22.4939,399.8,0.3847,1340.864413
2026-09-09T03:10:07.376Z,ICP,1.3446,3881,2.856,1340.864413
2026-09-09T03:10:07.376Z,NEAR,1.6152,3112,2.284,1340.864413
2026-09-09T03:10:07.376Z,HBAR,1.7501,107.1,0.0785,1340.864413
2026-09-09T03:10:07.376Z,XTZ,5.154,356.3,0.2527,1340.864413
2026-09-09T03:10:07.376Z,DYDX,-7.1732,149.2,0.11987,1340.864413
2026-09-09T03:10:07.376Z,ARB,0.8843,224.2,0.16574,1340.864413
2026-09-09T03:10:07.376Z,GMX,-7.8087,10160,8.219,1340.864413
2026-09-09T03:10:07.376Z,IMX,2.6124,179.1,0.13017,1340.864413
2026-09-09T03:10:07.376Z,INJ,2.4639,8760,6.376,1340.864413
2026-09-09T03:10:07.376Z,GRT,15.8269,29.99,0.01931,1340.864413
2026-09-09T03:10:07.376Z,SUI,1.1659,1097,0.8087,1340.864413
2026-09-09T03:10:07.376Z,HYPE,1.9069,116800,85.478,1340.864413
2026-09-09T03:15:07.050Z,BTC,1.2155,106621000,78561.7,1340.864413
2026-09-09T03:15:07.050Z,ETH,1.2527,3376000,2486.63,1340.864413
2026-09-09T03:15:07.050Z,SOL,1.2869,139900,103.01,1340.864413
2026-09-09T03:15:07.050Z,BNB,1.988,1024000,748.8,1340.864413
2026-09-09T03:15:07.050Z,XRP,1.1748,1915,1.4116,1340.864413
2026-09-09T03:15:07.050Z,ADA,1.2976,294.2,0.2166,1340.864413
2026-09-09T03:15:07.050Z,AVAX,1.3053,10780,7.936,1340.864413
2026-09-09T03:15:07.050Z,DOT,0.8443,1621,1.1988,1340.864413
2026-09-09T03:15:07.050Z,LINK,1.3511,16850,12.399,1340.864413
2026-09-09T03:15:07.050Z,POL,1.513,129.5,0.09514,1340.864413
2026-09-09T03:15:07.050Z,DOGE,1.3158,121.6,0.08951,1340.864413
2026-09-09T03:15:07.050Z,TRX,1.1756,459.3,0.33856,1340.864413
2026-09-09T03:15:07.050Z,XLM,1.4949,254,0.18664,1340.864413
2026-09-09T03:15:07.050Z,SHIB,3.0979,0.0074,5.353e-06,1340.864413
2026-09-09T03:15:07.050Z,BCH,1.7168,349700,256.4,1340.864413
2026-09-09T03:15:07.050Z,UNI,1.3628,9200,6.769,1340.864413
2026-09-09T03:15:07.050Z,AAVE,1.2776,174000,128.13,1340.864413
2026-09-09T03:15:07.050Z,SUSHI,1.6523,321.4,0.2358,1340.864413
2026-09-09T03:15:07.050Z,LDO,-22.2919,399.8,0.3837,1340.864413
2026-09-09T03:15:07.050Z,ICP,1.4156,3881,2.854,1340.864413
2026-09-09T03:15:07.050Z,NEAR,1.5164,3094,2.273,1340.864413
2026-09-09T03:15:07.050Z,HBAR,1.828,107.1,0.07844,1340.864413
2026-09-09T03:15:07.050Z,XTZ,4.4924,356.3,0.2543,1340.864413
2026-09-09T03:15:07.050Z,DYDX,-7.018,149.2,0.11967,1340.864413
2026-09-09T03:15:07.050Z,ARB,0.9513,224.2,0.16563,1340.864413
2026-09-09T03:15:07.050Z,GMX,-7.7414,10160,8.213,1340.864413
2026-09-09T03:15:07.050Z,IMX,2.7624,179.1,0.12998,1340.864413
2026-09-09T03:15:07.050Z,INJ,2.8187,8760,6.354,1340.864413
2026-09-09T03:15:07.050Z,GRT,15.947,29.99,0.01929,1340.864413
2026-09-09T03:15:07.050Z,SUI,1.249,1096,0.8073,1340.864413
2026-09-09T03:15:07.050Z,HYPE,2.1028,116800,85.314,1340.864413
2026-09-09T03:20:06.851Z,BTC,1.1968,106601000,78561.5,1340.864413
2026-09-09T03:20:06.851Z,ETH,1.1552,3374000,2487.55,1340.864413
2026-09-09T03:20:06.851Z,SOL,1.2735,139800,102.95,1340.864413
2026-09-09T03:20:06.851Z,BNB,1.6304,1020000,748.5,1340.864413
2026-09-09T03:20:06.851Z,XRP,1.2537,1915,1.4105,1340.864413
2026-09-09T03:20:06.851Z,ADA,1.2976,294.2,0.2166,1340.864413
2026-09-09T03:20:06.851Z,AVAX,1.4203,10780,7.927,1340.864413
2026-09-09T03:20:06.851Z,DOT,1.2582,1621,1.1939,1340.864413
2026-09-09T03:20:06.851Z,LINK,1.3511,16850,12.399,1340.864413
2026-09-09T03:20:06.851Z,POL,1.4704,129.5,0.09518,1340.864413
2026-09-09T03:20:06.851Z,DOGE,1.2818,121.6,0.08954,1340.864413
2026-09-09T03:20:06.851Z,TRX,1.1966,459.3,0.33849,1340.864413
2026-09-09T03:20:06.851Z,XLM,1.3676,253.6,0.18658,1340.864413
2026-09-09T03:20:06.851Z,SHIB,3.1364,0.0074,5.351e-06,1340.864413
2026-09-09T03:20:06.851Z,BCH,1.7565,349700,256.3,1340.864413
2026-09-09T03:20:06.851Z,UNI,0.9452,9200,6.797,1340.864413
2026-09-09T03:20:06.851Z,AAVE,1.3409,174000,128.05,1340.864413
2026-09-09T03:20:06.851Z,SUSHI,1.6954,321.4,0.2357,1340.864413
2026-09-09T03:20:06.851Z,LDO,-22.2108,399.8,0.3833,1340.864413
2026-09-09T03:20:06.851Z,ICP,1.4219,3869,2.845,1340.864413
2026-09-09T03:20:06.851Z,NEAR,1.3666,3084,2.269,1340.864413
2026-09-09T03:20:06.851Z,HBAR,1.828,107.1,0.07844,1340.864413
2026-09-09T03:20:06.851Z,XTZ,4.657,356.3,0.2539,1340.864413
2026-09-09T03:20:06.851Z,DYDX,-6.9714,149.2,0.11961,1340.864413
2026-09-09T03:20:06.851Z,ARB,1.3429,224.2,0.16499,1340.864413
2026-09-09T03:20:06.851Z,GMX,-7.8424,10160,8.222,1340.864413
2026-09-09T03:20:06.851Z,IMX,2.8019,179.1,0.12993,1340.864413
2026-09-09T03:20:06.851Z,INJ,3.6506,8760,6.303,1340.864413
2026-09-09T03:20:06.851Z,GRT,16.0071,29.99,0.01928,1340.864413
2026-09-09T03:20:06.851Z,SUI,1.177,1094,0.8064,1340.864413
2026-09-09T03:20:06.851Z,HYPE,2.0597,116800,85.35,1340.864413
2026-09-09T03:25:07.145Z,BTC,1.1421,106528000,78550.1,1340.864413
2026-09-09T03:25:07.145Z,ETH,1.1311,3372000,2486.67,1340.864413
2026-09-09T03:25:07.145Z,SOL,1.2342,139800,102.99,1340.864413
2026-09-09T03:25:07.145Z,BNB,1.7119,1020000,747.9,1340.864413
2026-09-09T03:25:07.145Z,XRP,1.1551,1913,1.4104,1340.864413
2026-09-09T03:25:07.145Z,ADA,1.2781,293.6,0.2162,1340.864413
2026-09-09T03:25:07.145Z,AVAX,1.4203,10780,7.927,1340.864413
2026-09-09T03:25:07.145Z,DOT,1.2412,1621,1.1941,1340.864413
2026-09-09T03:25:07.145Z,LINK,1.0492,16770,12.377,1340.864413
2026-09-09T03:25:07.145Z,POL,1.545,129.5,0.09511,1340.864413
2026-09-09T03:25:07.145Z,DOGE,1.251,121.4,0.08942,1340.864413
2026-09-09T03:25:07.145Z,TRX,1.2029,459.6,0.33869,1340.864413
2026-09-09T03:25:07.145Z,XLM,1.2349,253.2,0.18653,1340.864413
2026-09-09T03:25:07.145Z,SHIB,3.1557,0.0074,5.35e-06,1340.864413
2026-09-09T03:25:07.145Z,BCH,1.4793,349700,257,1340.864413
2026-09-09T03:25:07.145Z,UNI,1.3628,9200,6.769,1340.864413
2026-09-09T03:25:07.145Z,AAVE,1.3567,174000,128.03,1340.864413
2026-09-09T03:25:07.145Z,SUSHI,1.4802,321.4,0.2362,1340.864413
2026-09-09T03:25:07.145Z,LDO,-22.0074,399.8,0.3823,1340.864413
2026-09-09T03:25:07.145Z,ICP,1.5647,3869,2.841,1340.864413
2026-09-09T03:25:07.145Z,NEAR,1.3666,3084,2.269,1340.864413
2026-09-09T03:25:07.145Z,HBAR,1.8409,107.1,0.07843,1340.864413
2026-09-09T03:25:07.145Z,XTZ,5.0293,356.3,0.253,1340.864413
2026-09-09T03:25:07.145Z,DYDX,-6.7453,149.2,0.11932,1340.864413
2026-09-09T03:25:07.145Z,ARB,1.3916,223.9,0.16469,1340.864413
2026-09-09T03:25:07.145Z,GMX,-7.7638,10160,8.215,1340.864413
2026-09-09T03:25:07.145Z,IMX,2.7229,179.1,0.13003,1340.864413
2026-09-09T03:25:07.145Z,INJ,3.7494,8760,6.297,1340.864413
2026-09-09T03:25:07.145Z,GRT,16.1276,29.99,0.01926,1340.864413
2026-09-09T03:25:07.145Z,SUI,1.2272,1094,0.806,1340.864413
2026-09-09T03:25:07.145Z,HYPE,2.3499,116800,85.108,1340.864413
2026-09-09T03:30:06.739Z,BTC,1.1456,106520000,78541.5,1340.864413
2026-09-09T03:30:06.739Z,ETH,1.1347,3372000,2486.58,1340.864413
2026-09-09T03:30:06.739Z,SOL,1.2145,139800,103.01,1340.864413
2026-09-09T03:30:06.739Z,BNB,1.7799,1020000,747.4,1340.864413
2026-09-09T03:30:06.739Z,XRP,1.1766,1913,1.4101,1340.864413
2026-09-09T03:30:06.739Z,ADA,1.3719,293.6,0.216,1340.864413
2026-09-09T03:30:06.739Z,AVAX,1.4331,10780,7.926,1340.864413
2026-09-09T03:30:06.739Z,DOT,1.7097,1621,1.1886,1340.864413
2026-09-09T03:30:06.739Z,LINK,1.0982,16770,12.371,1340.864413
2026-09-09T03:30:06.739Z,POL,1.5985,129.5,0.09506,1340.864413
2026-09-09T03:30:06.739Z,DOGE,1.1449,121.3,0.08944,1340.864413
2026-09-09T03:30:06.739Z,TRX,1.176,459.6,0.33878,1340.864413
2026-09-09T03:30:06.739Z,XLM,1.2132,253.2,0.18657,1340.864413
2026-09-09T03:30:06.739Z,SHIB,1.7617,0.0073,5.35e-06,1340.864413
2026-09-09T03:30:06.739Z,BCH,1.4793,349700,257,1340.864413
2026-09-09T03:30:06.739Z,UNI,1.0939,9200,6.787,1340.864413
2026-09-09T03:30:06.739Z,AAVE,1.4122,174000,127.96,1340.864413
2026-09-09T03:30:06.739Z,SUSHI,1.1376,321.4,0.237,1340.864413
2026-09-09T03:30:06.739Z,LDO,-22.2717,399.8,0.3836,1340.864413
2026-09-09T03:30:06.739Z,ICP,1.9955,3869,2.829,1340.864413
2026-09-09T03:30:06.739Z,NEAR,1.4561,3084,2.267,1340.864413
2026-09-09T03:30:06.739Z,HBAR,1.8409,107.1,0.07843,1340.864413
2026-09-09T03:30:06.739Z,XTZ,5.4461,356.3,0.252,1340.864413
2026-09-09T03:30:06.739Z,DYDX,-6.8,149.2,0.11939,1340.864413
2026-09-09T03:30:06.739Z,ARB,0.7128,223.9,0.1658,1340.864413
2026-09-09T03:30:06.739Z,GMX,-7.7975,10160,8.218,1340.864413
2026-09-09T03:30:06.739Z,IMX,2.7545,179.1,0.12999,1340.864413
2026-09-09T03:30:06.739Z,INJ,3.5192,8760,6.311,1340.864413
2026-09-09T03:30:06.739Z,GRT,16.3692,29.99,0.01922,1340.864413
2026-09-09T03:30:06.739Z,SUI,1.2021,1094,0.8062,1340.864413
2026-09-09T03:30:06.739Z,HYPE,2.2694,116800,85.175,1340.864413
2026-09-09T03:35:07.082Z,BTC,1.1514,106525000,78540.7,1340.864413
2026-09-09T03:35:07.082Z,ETH,1.1805,3374000,2486.93,1340.864413
2026-09-09T03:35:07.082Z,SOL,1.1753,139800,103.05,1340.864413
2026-09-09T03:35:07.082Z,BNB,1.6032,1020000,748.7,1340.864413
2026-09-09T03:35:07.082Z,XRP,1.2106,1915,1.4111,1340.864413
2026-09-09T03:35:07.082Z,ADA,1.3028,293.4,0.216,1340.864413
2026-09-09T03:35:07.082Z,AVAX,1.3692,10780,7.931,1340.864413
2026-09-09T03:35:07.082Z,DOT,1.6498,1621,1.1893,1340.864413
2026-09-09T03:35:07.082Z,LINK,1.0165,16770,12.381,1340.864413
2026-09-09T03:35:07.082Z,POL,1.545,129.5,0.09511,1340.864413
2026-09-09T03:35:07.082Z,DOGE,1.2664,121.5,0.08948,1340.864413
2026-09-09T03:35:07.082Z,TRX,1.1491,459.6,0.33887,1340.864413
2026-09-09T03:35:07.082Z,XLM,1.1861,253.2,0.18662,1340.864413
2026-09-09T03:35:07.082Z,SHIB,1.6097,0.0073,5.358e-06,1340.864413
2026-09-09T03:35:07.082Z,BCH,1.5979,349700,256.7,1340.864413
2026-09-09T03:35:07.082Z,UNI,1.2132,9200,6.779,1340.864413
2026-09-09T03:35:07.082Z,AAVE,1.3567,174000,128.03,1340.864413
2026-09-09T03:35:07.082Z,SUSHI,1.5231,321.4,0.2361,1340.864413
2026-09-09T03:35:07.082Z,LDO,-22.4133,399.8,0.3843,1340.864413
2026-09-09T03:35:07.082Z,ICP,1.8515,3869,2.833,1340.864413
2026-09-09T03:35:07.082Z,NEAR,1.4113,3084,2.268,1340.864413
2026-09-09T03:35:07.082Z,HBAR,1.8799,107.1,0.0784,1340.864413
2026-09-09T03:35:07.082Z,XTZ,4.7808,356.3,0.2536,1340.864413
2026-09-09T03:35:07.082Z,DYDX,-6.9325,149.2,0.11956,1340.864413
2026-09-09T03:35:07.082Z,ARB,1.2876,224.2,0.16508,1340.864413
2026-09-09T03:35:07.082Z,GMX,-7.6964,10160,8.209,1340.864413
2026-09-09T03:35:07.082Z,IMX,2.8732,179.1,0.12984,1340.864413
2026-09-09T03:35:07.082Z,INJ,3.7824,8760,6.295,1340.864413
2026-09-09T03:35:07.082Z,GRT,16.2483,29.99,0.01924,1340.864413
2026-09-09T03:35:07.082Z,SUI,1.1519,1094,0.8066,1340.864413
2026-09-09T03:35:07.082Z,HYPE,2.4065,116800,85.061,1340.864413
2026-09-09T03:40:06.510Z,BTC,1.1139,106525000,78569.8,1340.864413
2026-09-09T03:40:06.510Z,ETH,1.1252,3374000,2488.29,1340.864413
2026-09-09T03:40:06.510Z,SOL,1.2022,140000,103.17,1340.864413
2026-09-09T03:40:06.510Z,BNB,1.5761,1020000,748.9,1340.864413
2026-09-09T03:40:06.510Z,XRP,1.1416,1916,1.4128,1340.864413
2026-09-09T03:40:06.510Z,ADA,1.1156,293.4,0.2164,1340.864413
2026-09-09T03:40:06.510Z,AVAX,4.7032,11150,7.942,1340.864413
2026-09-09T03:40:06.510Z,DOT,1.1311,1621,1.1954,1340.864413
2026-09-09T03:40:06.510Z,LINK,0.8862,16770,12.397,1340.864413
2026-09-09T03:40:06.510Z,POL,1.4704,129.5,0.09518,1340.864413
2026-09-09T03:40:06.510Z,DOGE,1.0744,121.5,0.08965,1340.864413
2026-09-09T03:40:06.510Z,TRX,1.1551,459.6,0.33885,1340.864413
2026-09-09T03:40:06.510Z,XLM,1.0777,253.2,0.18682,1340.864413
2026-09-09T03:40:06.510Z,SHIB,1.4393,0.0073,5.367e-06,1340.864413
2026-09-09T03:40:06.510Z,BCH,1.5584,349700,256.8,1340.864413
2026-09-09T03:40:06.510Z,UNI,1.0939,9200,6.787,1340.864413
2026-09-09T03:40:06.510Z,AAVE,1.104,174000,128.35,1340.864413
2026-09-09T03:40:06.510Z,SUSHI,1.5231,321.4,0.2361,1340.864413
2026-09-09T03:40:06.510Z,LDO,-22.6548,399.8,0.3855,1340.864413
2026-09-09T03:40:06.510Z,ICP,1.4932,3869,2.843,1340.864413
2026-09-09T03:40:06.510Z,NEAR,1.2774,3084,2.271,1340.864413
2026-09-09T03:40:06.510Z,HBAR,1.802,107.1,0.07846,1340.864413
2026-09-09T03:40:06.510Z,XTZ,4.2464,356.3,0.2549,1340.864413
2026-09-09T03:40:06.510Z,DYDX,-7.1809,149.2,0.11988,1340.864413
2026-09-09T03:40:06.510Z,ARB,1.4228,224.2,0.16486,1340.864413
2026-09-09T03:40:06.510Z,GMX,-7.8424,10160,8.222,1340.864413
2026-09-09T03:40:06.510Z,IMX,2.7229,179.1,0.13003,1340.864413
2026-09-09T03:40:06.510Z,INJ,3.6671,8760,6.302,1340.864413
2026-09-09T03:40:06.510Z,GRT,16.1879,29.99,0.01925,1340.864413
2026-09-09T03:40:06.510Z,SUI,1.0017,1094,0.8078,1340.864413
2026-09-09T03:40:06.510Z,HYPE,2.1495,116800,85.275,1340.864413
2026-09-09T03:45:07.156Z,BTC,1.0625,106525000,78609.8,1340.864413
2026-09-09T03:45:07.156Z,ETH,1.1351,3376000,2489.52,1340.864413
2026-09-09T03:45:07.156Z,SOL,1.2058,140100,103.24,1340.864413
2026-09-09T03:45:07.156Z,BNB,1.549,1020000,749.1,1340.864413
2026-09-09T03:45:07.156Z,XRP,1.1997,1919,1.4142,1340.864413
2026-09-09T03:45:07.156Z,ADA,1.0222,293.4,0.2166,1340.864413
2026-09-09T03:45:07.156Z,AVAX,4.6242,11150,7.948,1340.864413
2026-09-09T03:45:07.156Z,DOT,0.6847,1621,1.2007,1340.864413
2026-09-09T03:45:07.156Z,LINK,0.878,16770,12.398,1340.864413
2026-09-09T03:45:07.156Z,POL,1.6412,129.5,0.09502,1340.864413
2026-09-09T03:45:07.156Z,DOGE,1.214,121.6,0.0896,1340.864413
2026-09-09T03:45:07.156Z,TRX,1.17,459.6,0.3388,1340.864413
2026-09-09T03:45:07.156Z,XLM,1.6929,255,0.18701,1340.864413
2026-09-09T03:45:07.156Z,SHIB,1.3827,0.0073,5.37e-06,1340.864413
2026-09-09T03:45:07.156Z,BCH,1.361,349700,257.3,1340.864413
2026-09-09T03:45:07.156Z,UNI,0.7821,9200,6.808,1340.864413
2026-09-09T03:45:07.156Z,AAVE,1.0725,174000,128.39,1340.864413
2026-09-09T03:45:07.156Z,SUSHI,1.4802,321.4,0.2362,1340.864413
2026-09-09T03:45:07.156Z,LDO,-22.6146,399.8,0.3853,1340.864413
2026-09-09T03:45:07.156Z,ICP,1.8515,3869,2.833,1340.864413
2026-09-09T03:45:07.156Z,NEAR,1.2774,3084,2.271,1340.864413
2026-09-09T03:45:07.156Z,HBAR,1.6207,107.1,0.0786,1340.864413
2026-09-09T03:45:07.156Z,XTZ,4.8635,356.3,0.2534,1340.864413
2026-09-09T03:45:07.156Z,DYDX,-7.0802,149.2,0.11975,1340.864413
2026-09-09T03:45:07.156Z,ARB,1.1834,224.2,0.16525,1340.864413
2026-09-09T03:45:07.156Z,GMX,-7.8199,10160,8.22,1340.864413
2026-09-09T03:45:07.156Z,IMX,2.6282,179.1,0.13015,1340.864413
2026-09-09T03:45:07.156Z,INJ,3.6506,8760,6.303,1340.864413
2026-09-09T03:45:07.156Z,GRT,16.1879,29.99,0.01925,1340.864413
2026-09-09T03:45:07.156Z,SUI,0.9517,1094,0.8082,1340.864413
2026-09-09T03:45:07.156Z,HYPE,2.3692,116800,85.092,1340.864413
2026-09-09T03:50:06.848Z,BTC,1.1842,106657000,78612.5,1340.864413
2026-09-09T03:50:06.848Z,ETH,1.1449,3376000,2489.28,1340.864413
2026-09-09T03:50:06.848Z,SOL,1.1495,139900,103.15,1340.864413
2026-09-09T03:50:06.848Z,BNB,1.5761,1020000,748.9,1340.864413
2026-09-09T03:50:06.848Z,XRP,1.1541,1918,1.4141,1340.864413
2026-09-09T03:50:06.848Z,ADA,1.1623,293.4,0.2163,1340.864413
2026-09-09T03:50:06.848Z,AVAX,4.6637,11150,7.945,1340.864413
2026-09-09T03:50:06.848Z,DOT,0.9875,1621,1.1971,1340.864413
2026-09-09T03:50:06.848Z,LINK,0.8862,16770,12.397,1340.864413
2026-09-09T03:50:06.848Z,POL,1.4917,129.5,0.09516,1340.864413
2026-09-09T03:50:06.848Z,DOGE,1.2592,121.6,0.08956,1340.864413
2026-09-09T03:50:06.848Z,TRX,1.1461,459.6,0.33888,1340.864413
2026-09-09T03:50:06.848Z,XLM,1.7582,255,0.18689,1340.864413
2026-09-09T03:50:06.848Z,SHIB,1.4393,0.0073,5.367e-06,1340.864413
2026-09-09T03:50:06.848Z,BCH,1.2823,349700,257.5,1340.864413
2026-09-09T03:50:06.848Z,UNI,0.6343,9200,6.818,1340.864413
2026-09-09T03:50:06.848Z,AAVE,1.1671,174000,128.27,1340.864413
2026-09-09T03:50:06.848Z,SUSHI,1.5231,321.4,0.2361,1340.864413
2026-09-09T03:50:06.848Z,LDO,-22.6548,399.8,0.3855,1340.864413
2026-09-09T03:50:06.848Z,ICP,1.7437,3869,2.836,1340.864413
2026-09-09T03:50:06.848Z,NEAR,1.2774,3084,2.271,1340.864413
2026-09-09T03:50:06.848Z,HBAR,1.6854,107.1,0.07855,1340.864413
2026-09-09T03:50:06.848Z,XTZ,5.1124,356.3,0.2528,1340.864413
2026-09-09T03:50:06.848Z,DYDX,-7.1189,149.2,0.1198,1340.864413
2026-09-09T03:50:06.848Z,ARB,1.1406,224.2,0.16532,1340.864413
2026-09-09T03:50:06.848Z,GMX,-7.5838,10160,8.199,1340.864413
2026-09-09T03:50:06.848Z,IMX,2.6124,179.1,0.13017,1340.864413
2026-09-09T03:50:06.848Z,INJ,3.8483,8760,6.291,1340.864413
2026-09-09T03:50:06.848Z,GRT,16.1879,29.99,0.01925,1340.864413
2026-09-09T03:50:06.848Z,SUI,1.0642,1094,0.8073,1340.864413
2026-09-09T03:50:06.848Z,HYPE,2.3427,116800,85.114,1340.864413
2026-09-09T03:55:06.641Z,BTC,1.1671,106622000,78600,1340.864413
2026-09-09T03:55:06.641Z,ETH,1.1605,3374000,2487.42,1340.864413
2026-09-09T03:55:06.641Z,SOL,1.1103,139900,103.19,1340.864413
2026-09-09T03:55:06.641Z,BNB,1.6439,1020000,748.4,1340.864413
2026-09-09T03:55:06.641Z,XRP,1.1211,1919,1.4153,1340.864413
2026-09-09T03:55:06.641Z,ADA,1.2559,293.4,0.2161,1340.864413
2026-09-09T03:55:06.641Z,AVAX,4.7032,11150,7.942,1340.864413
2026-09-09T03:55:06.641Z,DOT,0.9285,1621,1.1978,1340.864413
2026-09-09T03:55:06.641Z,LINK,0.9676,16770,12.387,1340.864413
2026-09-09T03:55:06.641Z,POL,1.5344,129.5,0.09512,1340.864413
2026-09-09T03:55:06.641Z,DOGE,1.2212,121.5,0.08952,1340.864413
2026-09-09T03:55:06.641Z,TRX,1.0865,459.6,0.33908,1340.864413
2026-09-09T03:55:06.641Z,XLM,1.8181,255,0.18678,1340.864413
2026-09-09T03:55:06.641Z,SHIB,1.4772,0.0073,5.365e-06,1340.864413
2026-09-09T03:55:06.641Z,BCH,1.1644,349700,257.8,1340.864413
2026-09-09T03:55:06.641Z,UNI,1.2132,9200,6.779,1340.864413
2026-09-09T03:55:06.641Z,AAVE,1.2697,174000,128.14,1340.864413
2026-09-09T03:55:06.641Z,SUSHI,1.1376,321.4,0.237,1340.864413
2026-09-09T03:55:06.641Z,LDO,-22.6146,399.8,0.3853,1340.864413
2026-09-09T03:55:06.641Z,ICP,1.7079,3869,2.837,1340.864413
2026-09-09T03:55:06.641Z,NEAR,1.1882,3084,2.273,1340.864413
2026-09-09T03:55:06.641Z,HBAR,1.7372,107.1,0.07851,1340.864413
2026-09-09T03:55:06.641Z,XTZ,6.0352,356.3,0.2506,1340.864413
2026-09-09T03:55:06.641Z,DYDX,-6.9947,149.2,0.11964,1340.864413
2026-09-09T03:55:06.641Z,ARB,1.6798,225,0.16503,1340.864413
2026-09-09T03:55:06.641Z,GMX,-7.6176,10160,8.202,1340.864413
2026-09-09T03:55:06.641Z,IMX,2.7703,179.1,0.12997,1340.864413
2026-09-09T03:55:06.641Z,INJ,4.0965,8760,6.276,1340.864413
2026-09-09T03:55:06.641Z,GRT,16.3692,29.99,0.01922,1340.864413
2026-09-09T03:55:06.641Z,SUI,1.0845,1093,0.8064,1340.864413
2026-09-09T03:55:06.641Z,HYPE,2.3584,116800,85.101,1340.864413
2026-09-09T04:00:06.529Z,BTC,1.2188,106690000,78610,1340.864413
2026-09-09T04:00:06.529Z,ETH,1.1369,3374000,2488,1340.864413
2026-09-09T04:00:06.529Z,SOL,1.0613,139900,103.24,1340.864413
2026-09-09T04:00:06.529Z,BNB,1.549,1020000,749.1,1340.864413
2026-09-09T04:00:06.529Z,XRP,1.2076,1922,1.4163,1340.864413
2026-09-09T04:00:06.529Z,ADA,1.1623,293.4,0.2163,1340.864413
2026-09-09T04:00:06.529Z,AVAX,4.6769,11150,7.944,1340.864413
2026-09-09T04:00:06.529Z,DOT,0.4588,1621,1.2034,1340.864413
2026-09-09T04:00:06.529Z,LINK,0.9513,16770,12.389,1340.864413
2026-09-09T04:00:06.529Z,POL,1.5557,129.5,0.0951,1340.864413
2026-09-09T04:00:06.529Z,DOGE,1.176,121.5,0.08956,1340.864413
2026-09-09T04:00:06.529Z,TRX,1.1812,459.8,0.33891,1340.864413
2026-09-09T04:00:06.529Z,XLM,1.7799,255,0.18685,1340.864413
2026-09-09T04:00:06.529Z,SHIB,1.4772,0.0073,5.365e-06,1340.864413
2026-09-09T04:00:06.529Z,BCH,3.2295,356700,257.7,1340.864413
2026-09-09T04:00:06.529Z,UNI,1.079,9200,6.788,1340.864413
2026-09-09T04:00:06.529Z,AAVE,1.2381,174000,128.18,1340.864413
2026-09-09T04:00:06.529Z,SUSHI,1.5231,321.4,0.2361,1340.864413
2026-09-09T04:00:06.529Z,LDO,-22.6146,399.8,0.3853,1340.864413
2026-09-09T04:00:06.529Z,ICP,1.5647,3869,2.841,1340.864413
2026-09-09T04:00:06.529Z,NEAR,1.1882,3084,2.273,1340.864413
2026-09-09T04:00:06.529Z,HBAR,1.7761,107.1,0.07848,1340.864413
2026-09-09T04:00:06.529Z,XTZ,5.7398,356.3,0.2513,1340.864413
2026-09-09T04:00:06.529Z,DYDX,-6.9403,149.2,0.11957,1340.864413
2026-09-09T04:00:06.529Z,ARB,1.1291,223.7,0.16497,1340.864413
2026-09-09T04:00:06.529Z,GMX,-7.5387,10160,8.195,1340.864413
2026-09-09T04:00:06.529Z,IMX,2.8494,179.1,0.12987,1340.864413
2026-09-09T04:00:06.529Z,INJ,4.5463,8760,6.249,1340.864413
2026-09-09T04:00:06.529Z,GRT,16.3087,29.99,0.01923,1340.864413
2026-09-09T04:00:06.529Z,SUI,1.3072,1095,0.8061,1340.864413
2026-09-09T04:00:06.529Z,HYPE,2.207,116800,85.227,1340.864413
2026-09-09T04:05:06.877Z,BTC,1.0101,106865000,78901.6,1340.864413
2026-09-09T04:05:06.877Z,ETH,1.094,3390000,2500.86,1340.864413
2026-09-09T04:05:06.877Z,SOL,0.9838,140700,103.91,1340.864413
2026-09-09T04:05:06.877Z,BNB,1.2112,1020000,751.6,1340.864413
2026-09-09T04:05:06.877Z,XRP,1.0936,1930,1.4238,1340.864413
2026-09-09T04:05:06.877Z,ADA,1.2043,296.1,0.2182,1340.864413
2026-09-09T04:05:06.877Z,AVAX,3.8922,11150,8.004,1340.864413
2026-09-09T04:05:06.877Z,DOT,0.2423,1621,1.206,1340.864413
2026-09-09T04:05:06.877Z,LINK,0.3197,16770,12.467,1340.864413
2026-09-09T04:05:06.877Z,POL,1.0563,129.5,0.09557,1340.864413
2026-09-09T04:05:06.877Z,DOGE,0.4581,121.5,0.0902,1340.864413
2026-09-09T04:05:06.877Z,TRX,1.1334,459.8,0.33907,1340.864413
2026-09-09T04:05:06.877Z,XLM,1.1251,255,0.18806,1340.864413
2026-09-09T04:05:06.877Z,SHIB,0.7262,0.0073,5.405e-06,1340.864413
2026-09-09T04:05:06.877Z,BCH,0.8888,350100,258.8,1340.864413
2026-09-09T04:05:06.877Z,UNI,0.5311,9200,6.825,1340.864413
2026-09-09T04:05:06.877Z,AAVE,0.6492,174000,128.93,1340.864413
2026-09-09T04:05:06.877Z,SUSHI,0.6704,321.4,0.2381,1340.864413
2026-09-09T04:05:06.877Z,LDO,-23.3112,399.8,0.3888,1340.864413
2026-09-09T04:05:06.877Z,ICP,1.2439,3869,2.85,1340.864413
2026-09-09T04:05:06.877Z,NEAR,0.0004,3084,2.3,1340.864413
2026-09-09T04:05:06.877Z,HBAR,1.183,107.1,0.07894,1340.864413
2026-09-09T04:05:06.877Z,XTZ,4.3283,356.3,0.2547,1340.864413
2026-09-09T04:05:06.877Z,DYDX,-7.6891,149.2,0.12054,1340.864413
2026-09-09T04:05:06.877Z,ARB,0.7079,223.7,0.16566,1340.864413
2026-09-09T04:05:06.877Z,GMX,-8.2885,10160,8.262,1340.864413
2026-09-09T04:05:06.877Z,IMX,2.2432,179.1,0.13064,1340.864413
2026-09-09T04:05:06.877Z,INJ,3.4045,8760,6.318,1340.864413
2026-09-09T04:05:06.877Z,GRT,15.0523,29.99,0.01944,1340.864413
2026-09-09T04:05:06.877Z,SUI,0.361,1095,0.8137,1340.864413
2026-09-09T04:05:06.877Z,HYPE,1.8747,116800,85.505,1340.864413
2026-09-09T04:10:06.996Z,BTC,1.1479,106814000,78756.5,1340.864413
2026-09-09T04:10:06.996Z,ETH,1.1493,3384000,2495.07,1340.864413
2026-09-09T04:10:06.996Z,SOL,1.2958,140700,103.59,1340.864413
2026-09-09T04:10:06.996Z,BNB,1.319,1020000,750.8,1340.864413
2026-09-09T04:10:06.996Z,XRP,1.0953,1928,1.4223,1340.864413
2026-09-09T04:10:06.996Z,ADA,1.5147,296.6,0.2179,1340.864413
2026-09-09T04:10:06.996Z,AVAX,4.2961,11150,7.973,1340.864413
2026-09-09T04:10:06.996Z,DOT,0.2672,1621,1.2057,1340.864413
2026-09-09T04:10:06.996Z,LINK,0.4002,16770,12.457,1340.864413
2026-09-09T04:10:06.996Z,POL,1.1833,129.5,0.09545,1340.864413
2026-09-09T04:10:06.996Z,DOGE,1.337,122.4,0.09008,1340.864413
2026-09-09T04:10:06.996Z,TRX,1.2167,459.5,0.33857,1340.864413
2026-09-09T04:10:06.996Z,XLM,1.319,255,0.1877,1340.864413
2026-09-09T04:10:06.996Z,SHIB,0.8755,0.0073,5.397e-06,1340.864413
2026-09-09T04:10:06.996Z,BCH,0.772,350100,259.1,1340.864413
2026-09-09T04:10:06.996Z,UNI,0.6934,9200,6.814,1340.864413
2026-09-09T04:10:06.996Z,AAVE,0.986,174000,128.5,1340.864413
2026-09-09T04:10:06.996Z,SUSHI,1.0097,321.4,0.2373,1340.864413
2026-09-09T04:10:06.996Z,LDO,-23.0937,399.8,0.3877,1340.864413
2026-09-09T04:10:06.996Z,ICP,1.672,3869,2.838,1340.864413
2026-09-09T04:10:06.996Z,NEAR,0.3057,3084,2.293,1340.864413
2026-09-09T04:10:06.996Z,HBAR,1.3756,107.1,0.07879,1340.864413
2026-09-09T04:10:06.996Z,XTZ,4.4924,356.3,0.2543,1340.864413
2026-09-09T04:10:06.996Z,DYDX,-7.5665,149.2,0.12038,1340.864413
2026-09-09T04:10:06.996Z,ARB,1.0066,223.7,0.16517,1340.864413
2026-09-09T04:10:06.996Z,GMX,-8.1217,10160,8.247,1340.864413
2026-09-09T04:10:06.996Z,IMX,2.4314,179.1,0.1304,1340.864413
2026-09-09T04:10:06.996Z,INJ,3.8318,8760,6.292,1340.864413
2026-09-09T04:10:06.996Z,GRT,15.6472,29.99,0.01934,1340.864413
2026-09-09T04:10:06.996Z,SUI,1.3353,1104,0.8125,1340.864413
2026-09-09T04:10:06.996Z,HYPE,1.9952,116800,85.404,1340.864413
2026-09-09T04:15:07.076Z,BTC,1.0993,106814000,78794.4,1340.864413
2026-09-09T04:15:07.076Z,ETH,1.1254,3384000,2495.66,1340.864413
2026-09-09T04:15:07.076Z,SOL,1.286,140700,103.6,1340.864413
2026-09-09T04:15:07.076Z,BNB,1.3325,1020000,750.7,1340.864413
2026-09-09T04:15:07.076Z,XRP,1.0669,1928,1.4227,1340.864413
2026-09-09T04:15:07.076Z,ADA,1.1969,295.4,0.2177,1340.864413
2026-09-09T04:15:07.076Z,AVAX,4.2569,11150,7.976,1340.864413
2026-09-09T04:15:07.076Z,DOT,0.1924,1621,1.2066,1340.864413
2026-09-09T04:15:07.076Z,LINK,0.3841,16770,12.459,1340.864413
2026-09-09T04:15:07.076Z,POL,1.2576,129.5,0.09538,1340.864413
2026-09-09T04:15:07.076Z,DOGE,1.3708,122.4,0.09005,1340.864413
2026-09-09T04:15:07.076Z,TRX,1.2346,459.5,0.33851,1340.864413
2026-09-09T04:15:07.076Z,XLM,1.2435,255,0.18784,1340.864413
2026-09-09T04:15:07.076Z,SHIB,0.7634,0.0073,5.403e-06,1340.864413
2026-09-09T04:15:07.076Z,BCH,0.6554,350100,259.4,1340.864413
2026-09-09T04:15:07.076Z,UNI,0.7081,9200,6.813,1340.864413
2026-09-09T04:15:07.076Z,AAVE,0.9232,174000,128.58,1340.864413
2026-09-09T04:15:07.076Z,SUSHI,0.9247,321.4,0.2375,1340.864413
2026-09-09T04:15:07.076Z,LDO,-23.1927,399.8,0.3882,1340.864413
2026-09-09T04:15:07.076Z,ICP,1.6362,3869,2.839,1340.864413
2026-09-09T04:15:07.076Z,NEAR,0.2619,3084,2.294,1340.864413
2026-09-09T04:15:07.076Z,HBAR,1.1317,107.1,0.07898,1340.864413
2026-09-09T04:15:07.076Z,XTZ,4.7395,356.3,0.2537,1340.864413
2026-09-09T04:15:07.076Z,DYDX,-7.4819,149.2,0.12027,1340.864413
2026-09-09T04:15:07.076Z,ARB,0.4774,223.7,0.16604,1340.864413
2026-09-09T04:15:07.076Z,GMX,-8.0994,10160,8.245,1340.864413
2026-09-09T04:15:07.076Z,IMX,2.4157,179.1,0.13042,1340.864413
2026-09-09T04:15:07.076Z,INJ,3.7988,8760,6.294,1340.864413
2026-09-09T04:15:07.076Z,GRT,15.5277,29.99,0.01936,1340.864413
2026-09-09T04:15:07.076Z,SUI,1.1128,1099,0.8106,1340.864413
2026-09-09T04:15:07.076Z,HYPE,1.8688,116800,85.51,1340.864413
2026-09-09T04:20:06.693Z,BTC,1.1751,106868000,78775.1,1340.864413
2026-09-09T04:20:06.693Z,ETH,1.1243,3382000,2494.21,1340.864413
2026-09-09T04:20:06.693Z,SOL,1.3056,140700,103.58,1340.864413
2026-09-09T04:20:06.693Z,BNB,1.4406,1020000,749.9,1340.864413
2026-09-09T04:20:06.693Z,XRP,1.1175,1931,1.4242,1340.864413
2026-09-09T04:20:06.693Z,ADA,1.1725,295.6,0.2179,1340.864413
2026-09-09T04:20:06.693Z,AVAX,4.3485,11150,7.969,1340.864413
2026-09-09T04:20:06.693Z,DOT,0.2339,1621,1.2061,1340.864413
2026-09-09T04:20:06.693Z,LINK,0.3922,16770,12.458,1340.864413
2026-09-09T04:20:06.693Z,POL,1.2682,129.5,0.09537,1340.864413
2026-09-09T04:20:06.693Z,DOGE,1.3933,122.4,0.09003,1340.864413
2026-09-09T04:20:06.693Z,TRX,1.2915,459.5,0.33832,1340.864413
2026-09-09T04:20:06.693Z,XLM,1.2651,255,0.1878,1340.864413
2026-09-09T04:20:06.693Z,SHIB,2.2384,0.0074,5.398e-06,1340.864413
2026-09-09T04:20:06.693Z,BCH,0.6167,350100,259.5,1340.864413
2026-09-09T04:20:06.693Z,UNI,0.5163,9200,6.826,1340.864413
2026-09-09T04:20:06.693Z,AAVE,0.9782,174000,128.51,1340.864413
2026-09-09T04:20:06.693Z,SUSHI,1.0097,321.4,0.2373,1340.864413
2026-09-09T04:20:06.693Z,LDO,-23.0937,399.8,0.3877,1340.864413
2026-09-09T04:20:06.693Z,ICP,1.8155,3869,2.834,1340.864413
2026-09-09T04:20:06.693Z,NEAR,0.2619,3084,2.294,1340.864413
2026-09-09T04:20:06.693Z,HBAR,1.2086,107.1,0.07892,1340.864413
2026-09-09T04:20:06.693Z,XTZ,4.9049,356.3,0.2533,1340.864413
2026-09-09T04:20:06.693Z,DYDX,-7.4357,149.2,0.12021,1340.864413
2026-09-09T04:20:06.693Z,ARB,0.4351,223.7,0.16611,1340.864413
2026-09-09T04:20:06.693Z,GMX,-8.0883,10160,8.244,1340.864413
2026-09-09T04:20:06.693Z,IMX,2.2041,179.1,0.13069,1340.864413
2026-09-09T04:20:06.693Z,INJ,4.0965,8760,6.276,1340.864413
2026-09-09T04:20:06.693Z,GRT,15.5277,29.99,0.01936,1340.864413
2026-09-09T04:20:06.693Z,SUI,1.1253,1099,0.8105,1340.864413
2026-09-09T04:20:06.693Z,HYPE,1.9103,116700,85.402,1340.864413
2026-09-09T04:25:07.276Z,BTC,1.0044,106840000,78887.6,1340.864413
2026-09-09T04:25:07.276Z,ETH,1.0193,3384000,2498.28,1340.864413
2026-09-09T04:25:07.276Z,SOL,1.0325,140700,103.86,1340.864413
2026-09-09T04:25:07.276Z,BNB,1.2921,1020000,751,1340.864413
2026-09-09T04:25:07.276Z,XRP,1.0116,1939,1.4316,1340.864413
2026-09-09T04:25:07.276Z,ADA,1.0169,296.5,0.2189,1340.864413
2026-09-09T04:25:07.276Z,AVAX,3.9961,11150,7.996,1340.864413
2026-09-09T04:25:07.276Z,DOT,-0.0726,1621,1.2098,1340.864413
2026-09-09T04:25:07.276Z,LINK,1.0175,16930,12.499,1340.864413
2026-09-09T04:25:07.276Z,POL,0.8874,129.5,0.09573,1340.864413
2026-09-09T04:25:07.276Z,DOGE,1.0342,122.4,0.09035,1340.864413
2026-09-09T04:25:07.276Z,TRX,1.2735,459.5,0.33838,1340.864413
2026-09-09T04:25:07.276Z,XLM,0.8623,255,0.18855,1340.864413
2026-09-09T04:25:07.276Z,SHIB,1.8422,0.0074,5.419e-06,1340.864413
2026-09-09T04:25:07.276Z,BCH,0.8109,350100,259,1340.864413
2026-09-09T04:25:07.276Z,UNI,0.0182,9200,6.86,1340.864413
2026-09-09T04:25:07.276Z,AAVE,0.6102,174000,128.98,1340.864413
2026-09-09T04:25:07.276Z,SUSHI,0.5859,321.4,0.2383,1340.864413
2026-09-09T04:25:07.276Z,LDO,-23.252,399.8,0.3885,1340.864413
2026-09-09T04:25:07.276Z,ICP,1.6004,3869,2.84,1340.864413
2026-09-09T04:25:07.276Z,NEAR,-0.3894,3084,2.309,1340.864413
2026-09-09T04:25:07.276Z,HBAR,1.0678,107.1,0.07903,1340.864413
2026-09-09T04:25:07.276Z,XTZ,4.4103,356.3,0.2545,1340.864413
2026-09-09T04:25:07.276Z,DYDX,-7.7962,149.2,0.12068,1340.864413
2026-09-09T04:25:07.276Z,ARB,0.2299,223.7,0.16645,1340.864413
2026-09-09T04:25:07.276Z,GMX,-8.2996,10160,8.263,1340.864413
2026-09-09T04:25:07.276Z,IMX,1.8923,179.1,0.13109,1340.864413
2026-09-09T04:25:07.276Z,INJ,3.4209,8760,6.317,1340.864413
2026-09-09T04:25:07.276Z,GRT,15.2301,29.99,0.01941,1340.864413
2026-09-09T04:25:07.276Z,SUI,0.493,1099,0.8156,1340.864413
2026-09-09T04:25:07.276Z,HYPE,1.6354,116700,85.633,1340.864413
2026-09-09T04:30:06.903Z,BTC,1.0426,106835000,78854.1,1340.864413
2026-09-09T04:30:06.903Z,ETH,1.0925,3384000,2496.47,1340.864413
2026-09-09T04:30:06.903Z,SOL,1.0653,140800,103.9,1340.864413
2026-09-09T04:30:06.903Z,BNB,1.2786,1020000,751.1,1340.864413
2026-09-09T04:30:06.903Z,XRP,1.0263,1934,1.4277,1340.864413
2026-09-09T04:30:06.903Z,ADA,1.1873,297,0.2189,1340.864413
2026-09-09T04:30:06.903Z,AVAX,3.9571,11150,7.999,1340.864413
2026-09-09T04:30:06.903Z,DOT,-0.1634,1621,1.2109,1340.864413
2026-09-09T04:30:06.903Z,LINK,1.058,16930,12.494,1340.864413
2026-09-09T04:30:06.903Z,POL,0.9823,129.5,0.09564,1340.864413
2026-09-09T04:30:06.903Z,DOGE,1.023,122.4,0.09036,1340.864413
2026-09-09T04:30:06.903Z,TRX,1.3125,459.5,0.33825,1340.864413
2026-09-09T04:30:06.903Z,XLM,0.9855,255,0.18832,1340.864413
2026-09-09T04:30:06.903Z,SHIB,1.8234,0.0074,5.42e-06,1340.864413
2026-09-09T04:30:06.903Z,BCH,0.4618,350100,259.9,1340.864413
2026-09-09T04:30:06.903Z,UNI,-0.2291,9200,6.877,1340.864413
2026-09-09T04:30:06.903Z,AAVE,0.5245,174000,129.09,1340.864413
2026-09-09T04:30:06.903Z,SUSHI,0.2913,321.4,0.239,1340.864413
2026-09-09T04:30:06.903Z,LDO,-23.2718,399.8,0.3886,1340.864413
2026-09-09T04:30:06.903Z,ICP,1.4219,3869,2.845,1340.864413
2026-09-09T04:30:06.903Z,NEAR,-0.6046,3084,2.314,1340.864413
2026-09-09T04:30:06.903Z,HBAR,1.0039,107.1,0.07908,1340.864413
2026-09-09T04:30:06.903Z,XTZ,4.3283,356.3,0.2547,1340.864413
2026-09-09T04:30:06.903Z,DYDX,-7.781,149.2,0.12066,1340.864413
2026-09-09T04:30:06.903Z,ARB,-0.9189,223.7,0.16838,1340.864413
2026-09-09T04:30:06.903Z,GMX,-8.1774,10160,8.252,1340.864413
2026-09-09T04:30:06.903Z,IMX,1.9078,179.1,0.13107,1340.864413
2026-09-09T04:30:06.903Z,INJ,3.6835,8760,6.301,1340.864413
2026-09-09T04:30:06.903Z,GRT,15.349,29.99,0.01939,1340.864413
2026-09-09T04:30:06.903Z,SUI,0.5053,1099,0.8155,1340.864413
2026-09-09T04:30:06.903Z,HYPE,1.6093,116700,85.655,1340.864413
2026-09-09T04:35:06.937Z,BTC,1.0149,106835000,78875.7,1340.864413
2026-09-09T04:35:06.937Z,ETH,1.0114,3382000,2497,1340.864413
2026-09-09T04:35:06.937Z,SOL,1.0751,140800,103.89,1340.864413
2026-09-09T04:35:06.937Z,BNB,1.1708,1020000,751.9,1340.864413
2026-09-09T04:35:06.937Z,XRP,1.0008,1935,1.4288,1340.864413
2026-09-09T04:35:06.937Z,ADA,0.9567,297,0.2194,1340.864413
2026-09-09T04:35:06.937Z,AVAX,3.9182,11150,8.002,1340.864413
2026-09-09T04:35:06.937Z,DOT,-0.0809,1621,1.2099,1340.864413
2026-09-09T04:35:06.937Z,LINK,1.1632,16930,12.481,1340.864413
2026-09-09T04:35:06.937Z,POL,0.8558,129.5,0.09576,1340.864413
2026-09-09T04:35:06.937Z,DOGE,1.0118,122.4,0.09037,1340.864413
2026-09-09T04:35:06.937Z,TRX,1.3364,459.5,0.33817,1340.864413
2026-09-09T04:35:06.937Z,XLM,1.0667,255.3,0.18839,1340.864413
2026-09-09T04:35:06.937Z,SHIB,1.8986,0.0074,5.416e-06,1340.864413
2026-09-09T04:35:06.937Z,BCH,0.6167,350100,259.5,1340.864413
2026-09-09T04:35:06.937Z,UNI,0.1203,9200,6.853,1340.864413
2026-09-09T04:35:06.937Z,AAVE,0.54,174000,129.07,1340.864413
2026-09-09T04:35:06.937Z,SUSHI,0.6704,321.4,0.2381,1340.864413
2026-09-09T04:35:06.937Z,LDO,-23.3112,399.8,0.3888,1340.864413
2026-09-09T04:35:06.937Z,ICP,0.8899,3869,2.86,1340.864413
2026-09-09T04:35:06.937Z,NEAR,-0.8617,3084,2.32,1340.864413
2026-09-09T04:35:06.937Z,HBAR,1.3985,107.6,0.07914,1340.864413
2026-09-09T04:35:06.937Z,XTZ,5.0293,356.3,0.253,1340.864413
2026-09-09T04:35:06.937Z,DYDX,-7.8497,149.2,0.12075,1340.864413
2026-09-09T04:35:06.937Z,ARB,1.1783,226.4,0.16688,1340.864413
2026-09-09T04:35:06.937Z,GMX,-8.1996,10160,8.254,1340.864413
2026-09-09T04:35:06.937Z,IMX,2.0246,179.1,0.13092,1340.864413
2026-09-09T04:35:06.937Z,INJ,3.5521,8760,6.309,1340.864413
2026-09-09T04:35:06.937Z,GRT,15.2895,29.99,0.0194,1340.864413
2026-09-09T04:35:06.937Z,SUI,0.3208,1099,0.817,1340.864413
2026-09-09T04:35:06.937Z,HYPE,1.6235,116700,85.643,1340.864413
2026-09-09T04:40:06.892Z,BTC,0.9933,106835000,78892.6,1340.864413
2026-09-09T04:40:06.892Z,ETH,1.0065,3382000,2497.12,1340.864413
2026-09-09T04:40:06.892Z,SOL,1.0556,140800,103.91,1340.864413
2026-09-09T04:40:06.892Z,BNB,1.0364,1020000,752.9,1340.864413
2026-09-09T04:40:06.892Z,XRP,1.0193,1934,1.4278,1340.864413
2026-09-09T04:40:06.892Z,ADA,1.0488,297,0.2192,1340.864413
2026-09-09T04:40:06.892Z,AVAX,3.8533,11150,8.007,1340.864413
2026-09-09T04:40:06.892Z,DOT,-0.4265,1621,1.2141,1340.864413
2026-09-09T04:40:06.892Z,LINK,1.1713,16930,12.48,1340.864413
2026-09-09T04:40:06.892Z,POL,0.9296,129.5,0.09569,1340.864413
2026-09-09T04:40:06.892Z,DOGE,1.0678,122.4,0.09032,1340.864413
2026-09-09T04:40:06.892Z,TRX,1.2616,459.5,0.33842,1340.864413
2026-09-09T04:40:06.892Z,XLM,1.0667,255.3,0.18839,1340.864413
2026-09-09T04:40:06.892Z,SHIB,1.8422,0.0074,5.419e-06,1340.864413
2026-09-09T04:40:06.892Z,BCH,0.9278,350100,258.7,1340.864413
2026-09-09T04:40:06.892Z,UNI,0.1642,9200,6.85,1340.864413
2026-09-09T04:40:06.892Z,AAVE,0.47,174000,129.16,1340.864413
2026-09-09T04:40:06.892Z,SUSHI,0.5437,321.4,0.2384,1340.864413
2026-09-09T04:40:06.892Z,LDO,-23.3901,399.8,0.3892,1340.864413
2026-09-09T04:40:06.892Z,ICP,0.6436,3869,2.867,1340.864413
2026-09-09T04:40:06.892Z,NEAR,0.6973,3146,2.33,1340.864413
2026-09-09T04:40:06.892Z,HBAR,1.4369,107.6,0.07911,1340.864413
2026-09-09T04:40:06.892Z,XTZ,5.4879,356.3,0.2519,1340.864413
2026-09-09T04:40:06.892Z,DYDX,-7.758,149.2,0.12063,1340.864413
2026-09-09T04:40:06.892Z,ARB,0.9665,226.4,0.16723,1340.864413
2026-09-09T04:40:06.892Z,GMX,-8.1663,10160,8.251,1340.864413
2026-09-09T04:40:06.892Z,IMX,1.9311,179.1,0.13104,1340.864413
2026-09-09T04:40:06.892Z,INJ,3.6506,8760,6.303,1340.864413
2026-09-09T04:40:06.892Z,GRT,15.0523,29.99,0.01944,1340.864413
2026-09-09T04:40:06.892Z,SUI,1.0557,1108,0.8177,1340.864413
2026-09-09T04:40:06.892Z,HYPE,1.5168,116700,85.733,1340.864413
2026-09-09T04:45:07.091Z,BTC,0.882,107120000,79190.3,1340.864413
2026-09-09T04:45:07.091Z,ETH,0.8932,3399000,2512.49,1340.864413
2026-09-09T04:45:07.091Z,SOL,0.9638,141200,104.3,1340.864413
2026-09-09T04:45:07.091Z,BNB,0.7554,1020000,755,1340.864413
2026-09-09T04:45:07.091Z,XRP,0.9563,1942,1.4346,1340.864413
2026-09-09T04:45:07.091Z,ADA,0.9405,297.9,0.2201,1340.864413
2026-09-09T04:45:07.091Z,AVAX,3.3242,11150,8.048,1340.864413
2026-09-09T04:45:07.091Z,DOT,0.5935,1643,1.2181,1340.864413
2026-09-09T04:45:07.091Z,LINK,0.6873,16930,12.54,1340.864413
2026-09-09T04:45:07.091Z,POL,0.5932,129.5,0.09601,1340.864413
2026-09-09T04:45:07.091Z,DOGE,0.8954,122.8,0.09077,1340.864413
2026-09-09T04:45:07.091Z,TRX,1.2496,459.5,0.33846,1340.864413
2026-09-09T04:45:07.091Z,XLM,0.9203,256.5,0.18955,1340.864413
2026-09-09T04:45:07.091Z,SHIB,1.2815,0.0074,5.449e-06,1340.864413
2026-09-09T04:45:07.091Z,BCH,0.3846,350100,260.1,1340.864413
2026-09-09T04:45:07.091Z,UNI,-0.345,9200,6.885,1340.864413
2026-09-09T04:45:07.091Z,AAVE,-0.1408,174000,129.95,1340.864413
2026-09-09T04:45:07.091Z,SUSHI,-0.3343,321.4,0.2405,1340.864413
2026-09-09T04:45:07.091Z,LDO,-23.9567,399.8,0.3921,1340.864413
2026-09-09T04:45:07.091Z,ICP,0.1545,3869,2.881,1340.864413
2026-09-09T04:45:07.091Z,NEAR,0.2242,3146,2.341,1340.864413
2026-09-09T04:45:07.091Z,HBAR,1.0283,107.6,0.07943,1340.864413
2026-09-09T04:45:07.091Z,XTZ,5.154,356.3,0.2527,1340.864413
2026-09-09T04:45:07.091Z,DYDX,-8.1615,149.2,0.12116,1340.864413
2026-09-09T04:45:07.091Z,ARB,0.2174,226.4,0.16848,1340.864413
2026-09-09T04:45:07.091Z,GMX,-8.6314,10160,8.293,1340.864413
2026-09-09T04:45:07.091Z,IMX,1.3895,179.1,0.13174,1340.864413
2026-09-09T04:45:07.091Z,INJ,3.3555,8760,6.321,1340.864413
2026-09-09T04:45:07.091Z,GRT,14.5808,29.99,0.01952,1340.864413
2026-09-09T04:45:07.091Z,SUI,0.8532,1112,0.8223,1340.864413
2026-09-09T04:45:07.091Z,HYPE,1.343,116700,85.88,1340.864413
2026-09-09T04:50:07.072Z,BTC,1.0087,107136000,79102.8,1340.864413
2026-09-09T04:50:07.072Z,ETH,0.9541,3394000,2507.28,1340.864413
2026-09-09T04:50:07.072Z,SOL,1.0801,141200,104.18,1340.864413
2026-09-09T04:50:07.072Z,BNB,0.8355,1020000,754.4,1340.864413
2026-09-09T04:50:07.072Z,XRP,0.9016,1940,1.4339,1340.864413
2026-09-09T04:50:07.072Z,ADA,1.0738,298.7,0.2204,1340.864413
2026-09-09T04:50:07.072Z,AVAX,3.53,11150,8.032,1340.864413
2026-09-09T04:50:07.072Z,DOT,0.6844,1643,1.217,1340.864413
2026-09-09T04:50:07.072Z,LINK,0.5269,16930,12.56,1340.864413
2026-09-09T04:50:07.072Z,POL,0.4571,129.5,0.09614,1340.864413
2026-09-09T04:50:07.072Z,DOGE,0.9955,122.8,0.09068,1340.864413
2026-09-09T04:50:07.072Z,TRX,0.9905,458.5,0.33859,1340.864413
2026-09-09T04:50:07.072Z,XLM,1.0536,256.5,0.1893,1340.864413
2026-09-09T04:50:07.072Z,SHIB,1.3931,0.0074,5.443e-06,1340.864413
2026-09-09T04:50:07.072Z,BCH,0.2304,350100,260.5,1340.864413
2026-09-09T04:50:07.072Z,UNI,-0.6912,9200,6.909,1340.864413
2026-09-09T04:50:07.072Z,AAVE,-0.0793,174000,129.87,1340.864413
2026-09-09T04:50:07.072Z,SUSHI,-0.5823,321.4,0.2411,1340.864413
2026-09-09T04:50:07.072Z,LDO,-23.8207,399.8,0.3914,1340.864413
2026-09-09T04:50:07.072Z,ICP,0.1893,3869,2.88,1340.864413
2026-09-09T04:50:07.072Z,NEAR,0.3528,3146,2.338,1340.864413
2026-09-09T04:50:07.072Z,HBAR,1.1046,107.6,0.07937,1340.864413
2026-09-09T04:50:07.072Z,XTZ,6.2896,356.3,0.25,1340.864413
2026-09-09T04:50:07.072Z,DYDX,-8.3582,149.2,0.12142,1340.864413
2026-09-09T04:50:07.072Z,ARB,0.3127,226.4,0.16832,1340.864413
2026-09-09T04:50:07.072Z,GMX,-8.5652,10160,8.287,1340.864413
2026-09-09T04:50:07.072Z,IMX,1.5437,179.1,0.13154,1340.864413
2026-09-09T04:50:07.072Z,INJ,3.2411,8760,6.328,1340.864413
2026-09-09T04:50:07.072Z,GRT,14.7572,29.99,0.01949,1340.864413
2026-09-09T04:50:07.072Z,SUI,1.0252,1112,0.8209,1340.864413
2026-09-09T04:50:07.072Z,HYPE,1.3077,116700,85.91,1340.864413
2026-09-09T04:55:07.051Z,BTC,0.9513,107135000,79147,1340.864413
2026-09-09T04:55:07.051Z,ETH,0.9625,3396000,2508.55,1340.864413
2026-09-09T04:55:07.051Z,SOL,0.9541,141200,104.31,1340.864413
2026-09-09T04:55:07.051Z,BNB,0.8222,1020000,754.5,1340.864413
2026-09-09T04:55:07.051Z,XRP,0.8888,1943,1.4363,1340.864413
2026-09-09T04:55:07.051Z,ADA,1.1947,299.6,0.2208,1340.864413
2026-09-09T04:55:07.051Z,AVAX,3.5558,11150,8.03,1340.864413
2026-09-09T04:55:07.051Z,DOT,0.6994,1645,1.2183,1340.864413
2026-09-09T04:55:07.051Z,LINK,0.3831,16930,12.578,1340.864413
2026-09-09T04:55:07.051Z,POL,0.2798,129.5,0.09631,1340.864413
2026-09-09T04:55:07.051Z,DOGE,1.0289,122.8,0.09065,1340.864413
2026-09-09T04:55:07.051Z,TRX,0.9934,458.5,0.33858,1340.864413
2026-09-09T04:55:07.051Z,XLM,1.0011,256.8,0.18962,1340.864413
2026-09-09T04:55:07.051Z,SHIB,1.2815,0.0074,5.449e-06,1340.864413
2026-09-09T04:55:07.051Z,BCH,0.3074,350100,260.3,1340.864413
2026-09-09T04:55:07.051Z,UNI,1.4085,9385,6.902,1340.864413
2026-09-09T04:55:07.051Z,AAVE,-0.1408,174000,129.95,1340.864413
2026-09-09T04:55:07.051Z,SUSHI,-0.952,321.4,0.242,1340.864413
2026-09-09T04:55:07.051Z,LDO,-23.7817,399.8,0.3912,1340.864413
2026-09-09T04:55:07.051Z,ICP,0.1893,3869,2.88,1340.864413
2026-09-09T04:55:07.051Z,NEAR,0.5248,3146,2.334,1340.864413
2026-09-09T04:55:07.051Z,HBAR,1.1301,107.6,0.07935,1340.864413
2026-09-09T04:55:07.051Z,XTZ,6.5881,356.3,0.2493,1340.864413
2026-09-09T04:55:07.051Z,DYDX,-8.207,149.2,0.12122,1340.864413
2026-09-09T04:55:07.051Z,ARB,0.9187,227.7,0.16827,1340.864413
2026-09-09T04:55:07.051Z,GMX,-8.5873,10160,8.289,1340.864413
2026-09-09T04:55:07.051Z,IMX,1.5282,179.1,0.13156,1340.864413
2026-09-09T04:55:07.051Z,INJ,3.6013,8760,6.306,1340.864413
2026-09-09T04:55:07.051Z,GRT,14.6395,29.99,0.01951,1340.864413
2026-09-09T04:55:07.051Z,SUI,0.8532,1112,0.8223,1340.864413
2026-09-09T04:55:07.051Z,HYPE,1.1616,116700,86.034,1340.864413
2026-09-09T05:00:07.145Z,BTC,0.9351,107090000,79126.5,1340.864413
2026-09-09T05:00:07.145Z,ETH,0.9685,3396000,2508.4,1340.864413
2026-09-09T05:00:07.145Z,SOL,1.0159,141300,104.32,1340.864413
2026-09-09T05:00:07.145Z,BNB,0.9024,1020000,753.9,1340.864413
2026-09-09T05:00:07.145Z,XRP,0.9352,1942,1.4349,1340.864413
2026-09-09T05:00:07.145Z,ADA,1.028,298.7,0.2205,1340.864413
2026-09-09T05:00:07.145Z,AVAX,3.6203,11150,8.025,1340.864413
2026-09-09T05:00:07.145Z,DOT,0.7573,1645,1.2176,1340.864413
2026-09-09T05:00:07.145Z,LINK,0.407,16930,12.575,1340.864413
2026-09-09T05:00:07.145Z,POL,0.698,129.5,0.09591,1340.864413
2026-09-09T05:00:07.145Z,DOGE,1.174,122.8,0.09052,1340.864413
2026-09-09T05:00:07.145Z,TRX,1.0285,458.7,0.33861,1340.864413
2026-09-09T05:00:07.145Z,XLM,1.0412,257.2,0.18984,1340.864413
2026-09-09T05:00:07.145Z,SHIB,1.4304,0.0074,5.441e-06,1340.864413
2026-09-09T05:00:07.145Z,BCH,0.346,350100,260.2,1340.864413
2026-09-09T05:00:07.145Z,UNI,1.4968,9385,6.896,1340.864413
2026-09-09T05:00:07.145Z,AAVE,-0.2099,174000,130.04,1340.864413
2026-09-09T05:00:07.145Z,SUSHI,-0.6647,321.4,0.2413,1340.864413
2026-09-09T05:00:07.145Z,LDO,-23.7817,399.8,0.3912,1340.864413
2026-09-09T05:00:07.145Z,ICP,0.2241,3869,2.879,1340.864413
2026-09-09T05:00:07.145Z,NEAR,0.611,3146,2.332,1340.864413
2026-09-09T05:00:07.145Z,HBAR,0.9774,107.6,0.07947,1340.864413
2026-09-09T05:00:07.145Z,XTZ,7.0605,356.3,0.2482,1340.864413
2026-09-09T05:00:07.145Z,DYDX,-8.1539,149.2,0.12115,1340.864413
2026-09-09T05:00:07.145Z,ARB,1.0327,227.7,0.16808,1340.864413
2026-09-09T05:00:07.145Z,GMX,-8.5321,10160,8.284,1340.864413
2026-09-09T05:00:07.145Z,IMX,1.6132,179.1,0.13145,1340.864413
2026-09-09T05:00:07.145Z,INJ,3.8483,8760,6.291,1340.864413
2026-09-09T05:00:07.145Z,GRT,14.8161,29.99,0.01948,1340.864413
2026-09-09T05:00:07.145Z,SUI,1.0129,1112,0.821,1340.864413
2026-09-09T05:00:07.145Z,HYPE,0.9518,116600,86.139,1340.864413
2026-09-09T05:05:07.099Z,BTC,0.8845,106991000,79093,1340.864413
2026-09-09T05:05:07.099Z,ETH,0.9169,3388000,2503.77,1340.864413
2026-09-09T05:05:07.099Z,SOL,0.966,141000,104.15,1340.864413
2026-09-09T05:05:07.099Z,BNB,1.0364,1020000,752.9,1340.864413
2026-09-09T05:05:07.099Z,XRP,0.9215,1937,1.4314,1340.864413
2026-09-09T05:05:07.099Z,ADA,1.1438,298.5,0.2201,1340.864413
2026-09-09T05:05:07.099Z,AVAX,3.8273,11150,8.009,1340.864413
2026-09-09T05:05:07.099Z,DOT,1.6085,1645,1.2074,1340.864413
2026-09-09T05:05:07.099Z,LINK,0.591,16930,12.552,1340.864413
2026-09-09T05:05:07.099Z,POL,0.8768,129.5,0.09574,1340.864413
2026-09-09T05:05:07.099Z,DOGE,1.1657,122.6,0.09038,1340.864413
2026-09-09T05:05:07.099Z,TRX,1.0285,458.7,0.33861,1340.864413
2026-09-09T05:05:07.099Z,XLM,1.2438,257.2,0.18946,1340.864413
2026-09-09T05:05:07.099Z,SHIB,1.5798,0.0074,5.433e-06,1340.864413
2026-09-09T05:05:07.099Z,BCH,0.6554,350100,259.4,1340.864413
2026-09-09T05:05:07.099Z,UNI,1.0282,9320,6.88,1340.864413
2026-09-09T05:05:07.099Z,AAVE,0.0208,174000,129.74,1340.864413
2026-09-09T05:05:07.099Z,SUSHI,-0.1682,321.4,0.2401,1340.864413
2026-09-09T05:05:07.099Z,LDO,-23.5668,399.8,0.3901,1340.864413
2026-09-09T05:05:07.099Z,ICP,0.3287,3869,2.876,1340.864413
2026-09-09T05:05:07.099Z,NEAR,0.7406,3146,2.329,1340.864413
2026-09-09T05:05:07.099Z,HBAR,1.2194,107.6,0.07928,1340.864413
2026-09-09T05:05:07.099Z,XTZ,6.7594,356.3,0.2489,1340.864413
2026-09-09T05:05:07.099Z,DYDX,-8.1615,149.2,0.12116,1340.864413
2026-09-09T05:05:07.099Z,ARB,1.1245,227.5,0.16778,1340.864413
2026-09-09T05:05:07.099Z,GMX,-8.5873,10160,8.289,1340.864413
2026-09-09T05:05:07.099Z,IMX,1.7215,179.1,0.13131,1340.864413
2026-09-09T05:05:07.099Z,INJ,4.2128,8760,6.269,1340.864413
2026-09-09T05:05:07.099Z,GRT,15.1708,29.99,0.01942,1340.864413
2026-09-09T05:05:07.099Z,SUI,0.9617,1109,0.8192,1340.864413
2026-09-09T05:05:07.099Z,HYPE,1.1196,116600,85.996,1340.864413
2026-09-09T05:10:07.161Z,BTC,0.874,106976000,79090.1,1340.864413
2026-09-09T05:10:07.161Z,ETH,0.8924,3388000,2504.38,1340.864413
2026-09-09T05:10:07.161Z,SOL,0.96,141100,104.23,1340.864413
2026-09-09T05:10:07.161Z,BNB,0.8785,1018000,752.6,1340.864413
2026-09-09T05:10:07.161Z,XRP,0.8765,1936,1.4313,1340.864413
2026-09-09T05:10:07.161Z,ADA,1.0979,298.5,0.2202,1340.864413
2026-09-09T05:10:07.161Z,AVAX,3.7108,11150,8.018,1340.864413
2026-09-09T05:10:07.161Z,DOT,1.4656,1645,1.2091,1340.864413
2026-09-09T05:10:07.161Z,LINK,0.6231,16930,12.548,1340.864413
2026-09-09T05:10:07.161Z,POL,0.8031,129.5,0.09581,1340.864413
2026-09-09T05:10:07.161Z,DOGE,1.1545,122.6,0.09039,1340.864413
2026-09-09T05:10:07.161Z,TRX,1.0644,458.7,0.33849,1340.864413
2026-09-09T05:10:07.161Z,XLM,0.9437,256.6,0.18958,1340.864413
2026-09-09T05:10:07.161Z,SHIB,1.5798,0.0074,5.433e-06,1340.864413
2026-09-09T05:10:07.161Z,BCH,0.4232,350100,260,1340.864413
2026-09-09T05:10:07.161Z,UNI,1.1458,9320,6.872,1340.864413
2026-09-09T05:10:07.161Z,AAVE,0.0054,174000,129.76,1340.864413
2026-09-09T05:10:07.161Z,SUSHI,-0.0433,321.4,0.2398,1340.864413
2026-09-09T05:10:07.161Z,LDO,-23.4294,399.8,0.3894,1340.864413
2026-09-09T05:10:07.161Z,ICP,0.5384,3869,2.87,1340.864413
2026-09-09T05:10:07.161Z,NEAR,0.6541,3146,2.331,1340.864413
2026-09-09T05:10:07.161Z,HBAR,1.2066,107.6,0.07929,1340.864413
2026-09-09T05:10:07.161Z,XTZ,6.7594,356.3,0.2489,1340.864413
2026-09-09T05:10:07.161Z,DYDX,-8.0249,149.2,0.12098,1340.864413
2026-09-09T05:10:07.161Z,ARB,11.1523,250,0.16774,1340.864413
2026-09-09T05:10:07.161Z,GMX,-8.4105,10160,8.273,1340.864413
2026-09-09T05:10:07.161Z,IMX,1.8068,179.1,0.1312,1340.864413
2026-09-09T05:10:07.161Z,INJ,4.3626,8760,6.26,1340.864413
2026-09-09T05:10:07.161Z,GRT,15.2895,29.99,0.0194,1340.864413
2026-09-09T05:10:07.161Z,SUI,0.974,1109,0.8191,1340.864413
2026-09-09T05:10:07.161Z,HYPE,1.0773,116600,86.032,1340.864413
2026-09-09T05:15:06.868Z,BTC,0.875,107202000,79256.4,1340.864413
2026-09-09T05:15:06.868Z,ETH,0.8372,3390000,2507.23,1340.864413
2026-09-09T05:15:06.868Z,SOL,0.9712,141400,104.44,1340.864413
2026-09-09T05:15:06.868Z,BNB,0.7714,1018000,753.4,1340.864413
2026-09-09T05:15:06.868Z,XRP,0.9016,1940,1.4339,1340.864413
2026-09-09T05:15:06.868Z,ADA,0.9484,298.6,0.2206,1340.864413
2026-09-09T05:15:06.868Z,AVAX,3.5558,11150,8.03,1340.864413
2026-09-09T05:15:06.868Z,DOT,1.2813,1645,1.2113,1340.864413
2026-09-09T05:15:06.868Z,LINK,0.3831,16930,12.578,1340.864413
2026-09-09T05:15:06.868Z,POL,0.5932,129.5,0.09601,1340.864413
2026-09-09T05:15:06.868Z,DOGE,0.9869,122.6,0.09054,1340.864413
2026-09-09T05:15:06.868Z,TRX,1.2066,459.4,0.33853,1340.864413
2026-09-09T05:15:06.868Z,XLM,0.8764,257.2,0.19015,1340.864413
2026-09-09T05:15:06.868Z,SHIB,1.4304,0.0074,5.441e-06,1340.864413
2026-09-09T05:15:06.868Z,BCH,0.1151,350100,260.8,1340.864413
2026-09-09T05:15:06.868Z,UNI,0.75,9320,6.899,1340.864413
2026-09-09T05:15:06.868Z,AAVE,-0.1177,174000,129.92,1340.864413
2026-09-09T05:15:06.868Z,SUSHI,-0.0016,321.4,0.2397,1340.864413
2026-09-09T05:15:06.868Z,LDO,-23.7037,399.8,0.3908,1340.864413
2026-09-09T05:15:06.868Z,ICP,0.2589,3869,2.878,1340.864413
2026-09-09T05:15:06.868Z,NEAR,0.3099,3146,2.339,1340.864413
2026-09-09T05:15:06.868Z,HBAR,1.0283,107.6,0.07943,1340.864413
2026-09-09T05:15:06.868Z,XTZ,6.6309,356.3,0.2492,1340.864413
2026-09-09T05:15:06.868Z,DYDX,-8.2902,149.2,0.12133,1340.864413
2026-09-09T05:15:06.868Z,ARB,11.0795,250,0.16785,1340.864413
2026-09-09T05:15:06.868Z,GMX,-8.6754,10160,8.297,1340.864413
2026-09-09T05:15:06.868Z,IMX,1.5668,179.1,0.13151,1340.864413
2026-09-09T05:15:06.868Z,INJ,4.296,8760,6.264,1340.864413
2026-09-09T05:15:06.868Z,GRT,14.9341,29.99,0.01946,1340.864413
2026-09-09T05:15:06.868Z,SUI,0.6913,1109,0.8214,1340.864413
2026-09-09T05:15:06.868Z,HYPE,0.9482,116600,86.142,1340.864413
2026-09-09T05:20:06.880Z,BTC,0.9206,107291000,79286.4,1340.864413
2026-09-09T05:20:06.880Z,ETH,0.8914,3392000,2507.36,1340.864413
2026-09-09T05:20:06.880Z,SOL,1.0077,141600,104.55,1340.864413
2026-09-09T05:20:06.880Z,BNB,0.758,1018000,753.5,1340.864413
2026-09-09T05:20:06.880Z,XRP,0.9818,1941,1.4335,1340.864413
2026-09-09T05:20:06.880Z,ADA,1.173,299.4,0.2207,1340.864413
2026-09-09T05:20:06.880Z,AVAX,3.4785,11150,8.036,1340.864413
2026-09-09T05:20:06.880Z,DOT,1.5748,1645,1.2078,1340.864413
2026-09-09T05:20:06.880Z,LINK,0.3272,16930,12.585,1340.864413
2026-09-09T05:20:06.880Z,POL,0.5513,129.5,0.09605,1340.864413
2026-09-09T05:20:06.880Z,DOGE,0.9423,122.6,0.09058,1340.864413
2026-09-09T05:20:06.880Z,TRX,1.1977,459.4,0.33856,1340.864413
2026-09-09T05:20:06.880Z,XLM,0.9316,257.3,0.19012,1340.864413
2026-09-09T05:20:06.880Z,SHIB,1.3373,0.0074,5.446e-06,1340.864413
2026-09-09T05:20:06.880Z,BCH,0.3074,350100,260.3,1340.864413
2026-09-09T05:20:06.880Z,UNI,0.9548,9320,6.885,1340.864413
2026-09-09T05:20:06.880Z,AAVE,-0.1715,174000,129.99,1340.864413
2026-09-09T05:20:06.880Z,SUSHI,0.1655,321.4,0.2393,1340.864413
2026-09-09T05:20:06.880Z,LDO,-23.7232,399.8,0.3909,1340.864413
2026-09-09T05:20:06.880Z,ICP,0.3636,3869,2.875,1340.864413
2026-09-09T05:20:06.880Z,NEAR,0.2242,3146,2.341,1340.864413
2026-09-09T05:20:06.880Z,HBAR,1.0919,107.6,0.07938,1340.864413
2026-09-09T05:20:06.880Z,XTZ,6.8452,356.3,0.2487,1340.864413
2026-09-09T05:20:06.880Z,DYDX,-8.2448,149.2,0.12127,1340.864413
2026-09-09T05:20:06.880Z,ARB,11.1324,250,0.16777,1340.864413
2026-09-09T05:20:06.880Z,GMX,-8.5762,10160,8.288,1340.864413
2026-09-09T05:20:06.880Z,IMX,1.6287,179.1,0.13143,1340.864413
2026-09-09T05:20:06.880Z,INJ,4.446,8760,6.255,1340.864413
2026-09-09T05:20:06.880Z,GRT,14.9932,29.99,0.01945,1340.864413
2026-09-09T05:20:06.880Z,SUI,0.6668,1109,0.8216,1340.864413
2026-09-09T05:20:06.880Z,HYPE,1.0127,116600,86.087,1340.864413
2026-09-09T05:25:07.097Z,BTC,1.0914,107291000,79152.4,1340.864413
2026-09-09T05:25:07.097Z,ETH,0.9052,3389000,2504.8,1340.864413
2026-09-09T05:25:07.097Z,SOL,1.0753,141600,104.48,1340.864413
2026-09-09T05:25:07.097Z,BNB,0.7848,1018000,753.3,1340.864413
2026-09-09T05:25:07.097Z,XRP,0.9047,1936,1.4309,1340.864413
2026-09-09T05:25:07.097Z,ADA,1.3107,299.4,0.2204,1340.864413
2026-09-09T05:25:07.097Z,AVAX,3.6203,11150,8.025,1340.864413
2026-09-09T05:25:07.097Z,DOT,1.9377,1645,1.2035,1340.864413
2026-09-09T05:25:07.097Z,LINK,0.4789,16930,12.566,1340.864413
2026-09-09T05:25:07.097Z,POL,0.698,129.5,0.09591,1340.864413
2026-09-09T05:25:07.097Z,DOGE,1.0874,122.6,0.09045,1340.864413
2026-09-09T05:25:07.097Z,TRX,1.2365,459.4,0.33843,1340.864413
2026-09-09T05:25:07.097Z,XLM,0.9626,257,0.18984,1340.864413
2026-09-09T05:25:07.097Z,SHIB,1.4118,0.0074,5.442e-06,1340.864413
2026-09-09T05:25:07.097Z,BCH,0.3074,350100,260.3,1340.864413
2026-09-09T05:25:07.097Z,UNI,0.9548,9320,6.885,1340.864413
2026-09-09T05:25:07.097Z,AAVE,0.0826,174000,129.66,1340.864413
2026-09-09T05:25:07.097Z,SUSHI,0.3753,321.4,0.2388,1340.864413
2026-09-09T05:25:07.097Z,LDO,-23.508,399.8,0.3898,1340.864413
2026-09-09T05:25:07.097Z,ICP,0.1545,3869,2.881,1340.864413
2026-09-09T05:25:07.097Z,NEAR,0.6956,3177,2.353,1340.864413
2026-09-09T05:25:07.097Z,HBAR,1.1301,107.6,0.07935,1340.864413
2026-09-09T05:25:07.097Z,XTZ,6.8452,356.3,0.2487,1340.864413
2026-09-09T05:25:07.097Z,DYDX,-8.1236,149.2,0.12111,1340.864413
2026-09-09T05:25:07.097Z,ARB,11.0133,250,0.16795,1340.864413
2026-09-09T05:25:07.097Z,GMX,-8.7194,10160,8.301,1340.864413
2026-09-09T05:25:07.097Z,IMX,1.6673,179.1,0.13138,1340.864413
2026-09-09T05:25:07.097Z,INJ,4.1795,8760,6.271,1340.864413
2026-09-09T05:25:07.097Z,GRT,15.1115,29.99,0.01943,1340.864413
2026-09-09T05:25:07.097Z,SUI,0.7526,1109,0.8209,1340.864413
2026-09-09T05:25:07.097Z,HYPE,1.0092,116600,86.09,1340.864413
2026-09-09T05:30:06.550Z,BTC,0.8675,106986000,79102.6,1340.864413
2026-09-09T05:30:06.550Z,ETH,0.8993,3385000,2501.99,1340.864413
2026-09-09T05:30:06.550Z,SOL,1.0159,141300,104.32,1340.864413
2026-09-09T05:30:06.550Z,BNB,0.8651,1018000,752.7,1340.864413
2026-09-09T05:30:06.550Z,XRP,0.8765,1936,1.4313,1340.864413
2026-09-09T05:30:06.550Z,ADA,1.0859,298.6,0.2203,1340.864413
2026-09-09T05:30:06.550Z,AVAX,3.6979,11150,8.019,1340.864413
2026-09-09T05:30:06.550Z,DOT,1.8446,1645,1.2046,1340.864413
2026-09-09T05:30:06.550Z,LINK,0.559,16930,12.556,1340.864413
2026-09-09T05:30:06.550Z,POL,0.698,129.5,0.09591,1340.864413
2026-09-09T05:30:06.550Z,DOGE,0.9448,122.4,0.09043,1340.864413
2026-09-09T05:30:06.550Z,TRX,1.0819,458.4,0.33821,1340.864413
2026-09-09T05:30:06.550Z,XLM,1.0478,257,0.18968,1340.864413
2026-09-09T05:30:06.550Z,SHIB,1.4677,0.0074,5.439e-06,1340.864413
2026-09-09T05:30:06.550Z,BCH,0.5005,350100,259.8,1340.864413
2026-09-09T05:30:06.550Z,UNI,0.8377,9320,6.893,1340.864413
2026-09-09T05:30:06.550Z,AAVE,0.0826,174000,129.66,1340.864413
2026-09-09T05:30:06.550Z,SUSHI,0.3753,321.4,0.2388,1340.864413
2026-09-09T05:30:06.550Z,LDO,-23.4097,399.8,0.3893,1340.864413
2026-09-09T05:30:06.550Z,ICP,0.1545,3869,2.881,1340.864413
2026-09-09T05:30:06.550Z,NEAR,0.4821,3177,2.358,1340.864413
2026-09-09T05:30:06.550Z,HBAR,1.2322,107.6,0.07927,1340.864413
2026-09-09T05:30:06.550Z,XTZ,6.8452,356.3,0.2487,1340.864413
2026-09-09T05:30:06.550Z,DYDX,-8.1008,149.2,0.12108,1340.864413
2026-09-09T05:30:06.550Z,ARB,11.1589,250,0.16773,1340.864413
2026-09-09T05:30:06.550Z,GMX,-8.5542,10160,8.286,1340.864413
2026-09-09T05:30:06.550Z,IMX,1.6983,179.1,0.13134,1340.864413
2026-09-09T05:30:06.550Z,INJ,4.3293,8760,6.262,1340.864413
2026-09-09T05:30:06.550Z,GRT,15.1115,29.99,0.01943,1340.864413
2026-09-09T05:30:06.550Z,SUI,0.9419,1110,0.8201,1340.864413
2026-09-09T05:30:06.550Z,HYPE,1.1243,116600,85.992,1340.864413
2026-09-09T05:35:07.056Z,BTC,0.9727,106947000,78991.4,1340.864413
2026-09-09T05:35:07.056Z,ETH,0.965,3380000,2496.67,1340.864413
2026-09-09T05:35:07.056Z,SOL,1.1711,141300,104.16,1340.864413
2026-09-09T05:35:07.056Z,BNB,0.959,1018000,752,1340.864413
2026-09-09T05:35:07.056Z,XRP,1.0378,1933,1.4268,1340.864413
2026-09-09T05:35:07.056Z,ADA,1.2748,297.8,0.2193,1340.864413
2026-09-09T05:35:07.056Z,AVAX,4.0873,11150,7.989,1340.864413
2026-09-09T05:35:07.056Z,DOT,1.0297,1621,1.1966,1340.864413
2026-09-09T05:35:07.056Z,LINK,1.1076,16960,12.51,1340.864413
2026-09-09T05:35:07.056Z,POL,0.5408,129.5,0.09606,1340.864413
2026-09-09T05:35:07.056Z,DOGE,0.9386,122,0.09014,1340.864413
2026-09-09T05:35:07.056Z,TRX,1.1058,458.4,0.33813,1340.864413
2026-09-09T05:35:07.056Z,XLM,1.2428,256.6,0.18902,1340.864413
2026-09-09T05:35:07.056Z,SHIB,1.7108,0.0074,5.426e-06,1340.864413
2026-09-09T05:35:07.056Z,BCH,0.6554,350100,259.4,1340.864413
2026-09-09T05:35:07.056Z,UNI,0.6927,9285,6.877,1340.864413
2026-09-09T05:35:07.056Z,AAVE,0.4778,174000,129.15,1340.864413
2026-09-09T05:35:07.056Z,SUSHI,0.6281,321.4,0.2382,1340.864413
2026-09-09T05:35:07.056Z,LDO,-23.3112,399.8,0.3888,1340.864413
2026-09-09T05:35:07.056Z,ICP,0.4334,3869,2.873,1340.864413
2026-09-09T05:35:07.056Z,NEAR,1.385,3177,2.337,1340.864413
2026-09-09T05:35:07.056Z,HBAR,1.3765,107.4,0.07901,1340.864413
2026-09-09T05:35:07.056Z,XTZ,6.8452,356.3,0.2487,1340.864413
2026-09-09T05:35:07.056Z,DYDX,-7.758,149.2,0.12063,1340.864413
2026-09-09T05:35:07.056Z,ARB,11.7251,250,0.16688,1340.864413
2026-09-09T05:35:07.056Z,GMX,-8.066,10160,8.242,1340.864413
2026-09-09T05:35:07.056Z,IMX,1.9545,179.1,0.13101,1340.864413
2026-09-09T05:35:07.056Z,INJ,4.3126,8760,6.263,1340.864413
2026-09-09T05:35:07.056Z,GRT,15.349,29.99,0.01939,1340.864413
2026-09-09T05:35:07.056Z,SUI,1.5237,1110,0.8154,1340.864413
2026-09-09T05:35:07.056Z,HYPE,1.3494,116600,85.801,1340.864413
2026-09-09T05:40:07.156Z,BTC,1.0563,106931000,78914.2,1340.864413
2026-09-09T05:40:07.156Z,ETH,1.0702,3380000,2494.07,1340.864413
2026-09-09T05:40:07.156Z,SOL,1.1408,141000,103.97,1340.864413
2026-09-09T05:40:07.156Z,BNB,1.08,1018000,751.1,1340.864413
2026-09-09T05:40:07.156Z,XRP,1.0253,1931,1.4255,1340.864413
2026-09-09T05:40:07.156Z,ADA,1.5062,297.8,0.2188,1340.864413
2026-09-09T05:40:07.156Z,AVAX,4.2438,11150,7.977,1340.864413
2026-09-09T05:40:07.156Z,DOT,2.1221,1621,1.1838,1340.864413
2026-09-09T05:40:07.156Z,LINK,1.1885,16960,12.5,1340.864413
2026-09-09T05:40:07.156Z,POL,0.6561,129.5,0.09595,1340.864413
2026-09-09T05:40:07.156Z,DOGE,1.0171,122,0.09007,1340.864413
2026-09-09T05:40:07.156Z,TRX,1.4728,460.2,0.33823,1340.864413
2026-09-09T05:40:07.156Z,XLM,1.3393,256.6,0.18884,1340.864413
2026-09-09T05:40:07.156Z,SHIB,1.9551,0.0074,5.413e-06,1340.864413
2026-09-09T05:40:07.156Z,BCH,0.9278,350100,258.7,1340.864413
2026-09-09T05:40:07.156Z,UNI,1.0135,9320,6.881,1340.864413
2026-09-09T05:40:07.156Z,AAVE,0.5245,174000,129.09,1340.864413
2026-09-09T05:40:07.156Z,SUSHI,0.7127,321.4,0.238,1340.864413
2026-09-09T05:40:07.156Z,LDO,-23.2718,399.8,0.3886,1340.864413
2026-09-09T05:40:07.156Z,ICP,0.5734,3869,2.869,1340.864413
2026-09-09T05:40:07.156Z,NEAR,1.4718,3177,2.335,1340.864413
2026-09-09T05:40:07.156Z,HBAR,1.4279,107.4,0.07897,1340.864413
2026-09-09T05:40:07.156Z,XTZ,7.19,356.3,0.2479,1340.864413
2026-09-09T05:40:07.156Z,DYDX,-7.7733,149.2,0.12065,1340.864413
2026-09-09T05:40:07.156Z,ARB,1.1951,225.8,0.16641,1340.864413
2026-09-09T05:40:07.156Z,GMX,-8.0548,10160,8.241,1340.864413
2026-09-09T05:40:07.156Z,IMX,1.8845,179.1,0.1311,1340.864413
2026-09-09T05:40:07.156Z,INJ,4.7475,8760,6.237,1340.864413
2026-09-09T05:40:07.156Z,GRT,15.2301,29.99,0.01941,1340.864413
2026-09-09T05:40:07.156Z,SUI,1.0617,1104,0.8147,1340.864413
2026-09-09T05:40:07.156Z,HYPE,1.463,116600,85.705,1340.864413
2026-09-09T05:45:06.871Z,BTC,0.8277,106643000,78880.1,1340.864413
2026-09-09T05:45:06.871Z,ETH,1.0128,3378000,2494.01,1340.864413
2026-09-09T05:45:06.871Z,SOL,1.0653,140800,103.9,1340.864413
2026-09-09T05:45:06.871Z,BNB,1.08,1018000,751.1,1340.864413
2026-09-09T05:45:06.871Z,XRP,1.0368,1930,1.4246,1340.864413
2026-09-09T05:45:06.871Z,ADA,1.214,296.4,0.2184,1340.864413
2026-09-09T05:45:06.871Z,AVAX,4.3223,11150,7.971,1340.864413
2026-09-09T05:45:06.871Z,DOT,1.6157,1621,1.1897,1340.864413
2026-09-09T05:45:06.871Z,LINK,1.3344,16960,12.482,1340.864413
2026-09-09T05:45:06.871Z,POL,0.3111,129.5,0.09628,1340.864413
2026-09-09T05:45:06.871Z,DOGE,1.0016,121.9,0.09001,1340.864413
2026-09-09T05:45:06.871Z,TRX,1.4188,460.2,0.33841,1340.864413
2026-09-09T05:45:06.871Z,XLM,1.8959,257.9,0.18876,1340.864413
2026-09-09T05:45:06.871Z,SHIB,2.0305,0.0074,5.409e-06,1340.864413
2026-09-09T05:45:06.871Z,BCH,0.9278,350100,258.7,1340.864413
2026-09-09T05:45:06.871Z,UNI,1.3227,9320,6.86,1340.864413
2026-09-09T05:45:06.871Z,AAVE,0.6414,174000,128.94,1340.864413
2026-09-09T05:45:06.871Z,SUSHI,0.7974,321.4,0.2378,1340.864413
2026-09-09T05:45:06.871Z,LDO,-22.9944,399.8,0.3872,1340.864413
2026-09-09T05:45:06.871Z,ICP,0.6436,3869,2.867,1340.864413
2026-09-09T05:45:06.871Z,NEAR,1.2118,3177,2.341,1340.864413
2026-09-09T05:45:06.871Z,HBAR,1.505,107.4,0.07891,1340.864413
2026-09-09T05:45:06.871Z,XTZ,7.2333,356.3,0.2478,1340.864413
2026-09-09T05:45:06.871Z,DYDX,-7.7962,149.2,0.12068,1340.864413
2026-09-09T05:45:06.871Z,ARB,1.3962,225.8,0.16608,1340.864413
2026-09-09T05:45:06.871Z,GMX,-8.0548,10160,8.241,1340.864413
2026-09-09T05:45:06.871Z,IMX,1.9078,179.1,0.13107,1340.864413
2026-09-09T05:45:06.871Z,INJ,4.8315,8760,6.232,1340.864413
2026-09-09T05:45:06.871Z,GRT,15.5277,29.99,0.01936,1340.864413
2026-09-09T05:45:06.871Z,SUI,1.1859,1104,0.8137,1340.864413
2026-09-09T05:45:06.871Z,HYPE,1.6278,116600,85.566,1340.864413
2026-09-09T05:50:07.180Z,BTC,1.0337,106787000,78825.6,1340.864413
2026-09-09T05:50:07.180Z,ETH,1.0495,3376000,2491.63,1340.864413
2026-09-09T05:50:07.180Z,SOL,1.0714,140700,103.82,1340.864413
2026-09-09T05:50:07.180Z,BNB,0.962,1016000,750.5,1340.864413
2026-09-09T05:50:07.180Z,XRP,0.9773,1929,1.4247,1340.864413
2026-09-09T05:50:07.180Z,ADA,1.214,296.4,0.2184,1340.864413
2026-09-09T05:50:07.180Z,AVAX,4.4009,11150,7.965,1340.864413
2026-09-09T05:50:07.180Z,DOT,1.3771,1621,1.1925,1340.864413
2026-09-09T05:50:07.180Z,LINK,1.1867,16900,12.456,1340.864413
2026-09-09T05:50:07.180Z,POL,0.2278,129.5,0.09636,1340.864413
2026-09-09T05:50:07.180Z,DOGE,1.0465,121.9,0.08997,1340.864413
2026-09-09T05:50:07.180Z,TRX,1.4458,460.2,0.33832,1340.864413
2026-09-09T05:50:07.180Z,XLM,1.2109,255.8,0.18849,1340.864413
2026-09-09T05:50:07.180Z,SHIB,2.106,0.0074,5.405e-06,1340.864413
2026-09-09T05:50:07.180Z,BCH,1.2409,350100,257.9,1340.864413
2026-09-09T05:50:07.180Z,UNI,1.4855,9320,6.849,1340.864413
2026-09-09T05:50:07.180Z,AAVE,0.7117,174000,128.85,1340.864413
2026-09-09T05:50:07.180Z,SUSHI,0.8398,321.4,0.2377,1340.864413
2026-09-09T05:50:07.180Z,LDO,-22.9546,399.8,0.387,1340.864413
2026-09-09T05:50:07.180Z,ICP,0.6436,3869,2.867,1340.864413
2026-09-09T05:50:07.180Z,NEAR,1.8644,3177,2.326,1340.864413
2026-09-09T05:50:07.180Z,HBAR,1.5179,107.4,0.0789,1340.864413
2026-09-09T05:50:07.180Z,XTZ,7.1468,356.3,0.248,1340.864413
2026-09-09T05:50:07.180Z,DYDX,-7.758,149.2,0.12063,1340.864413
2026-09-09T05:50:07.180Z,ARB,0.8803,224.8,0.16619,1340.864413
2026-09-09T05:50:07.180Z,GMX,-8.0102,10160,8.237,1340.864413
2026-09-09T05:50:07.180Z,IMX,2.0557,179.1,0.13088,1340.864413
2026-09-09T05:50:07.180Z,INJ,4.6636,8760,6.242,1340.864413
2026-09-09T05:50:07.180Z,GRT,15.6472,29.99,0.01934,1340.864413
2026-09-09T05:50:07.180Z,SUI,1.1144,1102,0.8128,1340.864413
2026-09-09T05:50:07.180Z,HYPE,1.5732,116600,85.612,1340.864413
2026-09-09T05:55:07.057Z,BTC,0.9403,106789000,78900,1340.864413
2026-09-09T05:55:07.057Z,ETH,0.9844,3379000,2495.45,1340.864413
2026-09-09T05:55:07.057Z,SOL,0.9547,140700,103.94,1340.864413
2026-09-09T05:55:07.057Z,BNB,0.9083,1016000,750.9,1340.864413
2026-09-09T05:55:07.057Z,XRP,1.0324,1931,1.4254,1340.864413
2026-09-09T05:55:07.057Z,ADA,1.0752,296.4,0.2187,1340.864413
2026-09-09T05:55:07.057Z,AVAX,4.3092,11150,7.972,1340.864413
2026-09-09T05:55:07.057Z,DOT,1.4026,1621,1.1922,1340.864413
2026-09-09T05:55:07.057Z,LINK,1.0002,16900,12.479,1340.864413
2026-09-09T05:55:07.057Z,POL,0.3215,129.5,0.09627,1340.864413
2026-09-09T05:55:07.057Z,DOGE,0.9567,121.9,0.09005,1340.864413
2026-09-09T05:55:07.057Z,TRX,1.4338,460.2,0.33836,1340.864413
2026-09-09T05:55:07.057Z,XLM,0.9209,255.5,0.18881,1340.864413
2026-09-09T05:55:07.057Z,SHIB,1.9928,0.0074,5.411e-06,1340.864413
2026-09-09T05:55:07.057Z,BCH,1.0841,350100,258.3,1340.864413
2026-09-09T05:55:07.057Z,UNI,1.5151,9320,6.847,1340.864413
2026-09-09T05:55:07.057Z,AAVE,0.657,174000,128.92,1340.864413
2026-09-09T05:55:07.057Z,SUSHI,0.8398,321.4,0.2377,1340.864413
2026-09-09T05:55:07.057Z,LDO,-22.9346,399.8,0.3869,1340.864413
2026-09-09T05:55:07.057Z,ICP,0.6085,3869,2.868,1340.864413
2026-09-09T05:55:07.057Z,NEAR,2.1279,3177,2.32,1340.864413
2026-09-09T05:55:07.057Z,HBAR,1.4279,107.4,0.07897,1340.864413
2026-09-09T05:55:07.057Z,XTZ,6.9743,356.3,0.2484,1340.864413
2026-09-09T05:55:07.057Z,DYDX,-7.781,149.2,0.12066,1340.864413
2026-09-09T05:55:07.057Z,ARB,0.6442,224.8,0.16658,1340.864413
2026-09-09T05:55:07.057Z,GMX,-8.0102,10160,8.237,1340.864413
2026-09-09T05:55:07.057Z,IMX,2.0324,179.1,0.13091,1340.864413
2026-09-09T05:55:07.057Z,INJ,4.8988,8760,6.228,1340.864413
2026-09-09T05:55:07.057Z,GRT,15.4681,29.99,0.01937,1340.864413
2026-09-09T05:55:07.057Z,SUI,1.2514,1102,0.8117,1340.864413
2026-09-09T05:55:07.057Z,HYPE,1.4263,116600,85.736,1340.864413
2026-09-09T06:00:07.091Z,BTC,1.0084,106880000,78914,1340.864413
2026-09-09T06:00:07.091Z,ETH,0.9881,3379000,2495.36,1340.864413
2026-09-09T06:00:07.091Z,SOL,1.001,140900,104.04,1340.864413
2026-09-09T06:00:07.091Z,BNB,0.8814,1016000,751.1,1340.864413
2026-09-09T06:00:07.091Z,XRP,0.8457,1930,1.4273,1340.864413
2026-09-09T06:00:07.091Z,ADA,0.9828,296.4,0.2189,1340.864413
2026-09-09T06:00:07.091Z,AVAX,4.2177,11150,7.979,1340.864413
2026-09-09T06:00:07.091Z,DOT,1.6584,1621,1.1892,1340.864413
2026-09-09T06:00:07.091Z,LINK,0.8547,16900,12.497,1340.864413
2026-09-09T06:00:07.091Z,POL,0.1758,129.5,0.09641,1340.864413
2026-09-09T06:00:07.091Z,DOGE,0.9567,121.9,0.09005,1340.864413
2026-09-09T06:00:07.091Z,TRX,1.021,458.3,0.33834,1340.864413
2026-09-09T06:00:07.091Z,XLM,0.8728,255.5,0.1889,1340.864413
2026-09-09T06:00:07.091Z,SHIB,1.8046,0.0074,5.421e-06,1340.864413
2026-09-09T06:00:07.091Z,BCH,1.0841,350100,258.3,1340.864413
2026-09-09T06:00:07.091Z,UNI,1.308,9320,6.861,1340.864413
2026-09-09T06:00:07.091Z,AAVE,0.5634,174000,129.04,1340.864413
2026-09-09T06:00:07.091Z,SUSHI,0.5437,321.4,0.2384,1340.864413
2026-09-09T06:00:07.091Z,LDO,-23.054,399.8,0.3875,1340.864413
2026-09-09T06:00:07.091Z,ICP,0.6787,3869,2.866,1340.864413
2026-09-09T06:00:07.091Z,NEAR,1.7769,3177,2.328,1340.864413
2026-09-09T06:00:07.091Z,HBAR,1.3893,107.4,0.079,1340.864413
2026-09-09T06:00:07.091Z,XTZ,6.8452,356.3,0.2487,1340.864413
2026-09-09T06:00:07.091Z,DYDX,-7.9792,149.2,0.12092,1340.864413
2026-09-09T06:00:07.091Z,ARB,0.8682,224.8,0.16621,1340.864413
2026-09-09T06:00:07.091Z,GMX,-8.1217,10160,8.247,1340.864413
2026-09-09T06:00:07.091Z,IMX,1.8923,179.1,0.13109,1340.864413
2026-09-09T06:00:07.091Z,INJ,4.5296,8760,6.25,1340.864413
2026-09-09T06:00:07.091Z,GRT,15.4085,29.99,0.01938,1340.864413
2026-09-09T06:00:07.091Z,SUI,1.2016,1102,0.8121,1340.864413
2026-09-09T06:00:07.091Z,HYPE,1.5222,116600,85.655,1340.864413
2026-09-09T06:05:07.061Z,BTC,0.9804,106761000,78848,1340.864413
2026-09-09T06:05:07.061Z,ETH,1.017,3376000,2492.43,1340.864413
2026-09-09T06:05:07.061Z,SOL,1.1213,141000,103.99,1340.864413
2026-09-09T06:05:07.061Z,BNB,0.9083,1016000,750.9,1340.864413
2026-09-09T06:05:07.061Z,XRP,1.0307,1933,1.4269,1340.864413
2026-09-09T06:05:07.061Z,ADA,1.2604,296.4,0.2183,1340.864413
2026-09-09T06:05:07.061Z,AVAX,4.3354,11150,7.97,1340.864413
2026-09-09T06:05:07.061Z,DOT,2.0532,1621,1.1846,1340.864413
2026-09-09T06:05:07.061Z,LINK,0.9921,16900,12.48,1340.864413
2026-09-09T06:05:07.061Z,POL,1.2063,130.9,0.09646,1340.864413
2026-09-09T06:05:07.061Z,DOGE,1.024,121.9,0.08999,1340.864413
2026-09-09T06:05:07.061Z,TRX,1.012,458.3,0.33837,1340.864413
2026-09-09T06:05:07.061Z,XLM,1.1505,256,0.18875,1340.864413
2026-09-09T06:05:07.061Z,SHIB,1.9362,0.0074,5.414e-06,1340.864413
2026-09-09T06:05:07.061Z,BCH,1.1232,350100,258.2,1340.864413
2026-09-09T06:05:07.061Z,UNI,1.1753,9320,6.87,1340.864413
2026-09-09T06:05:07.061Z,AAVE,0.7352,174000,128.82,1340.864413
2026-09-09T06:05:07.061Z,SUSHI,0.5015,321.4,0.2385,1340.864413
2026-09-09T06:05:07.061Z,LDO,-22.9346,399.8,0.3869,1340.864413
2026-09-09T06:05:07.061Z,ICP,1.1189,3871,2.855,1340.864413
2026-09-09T06:05:07.061Z,NEAR,1.996,3177,2.323,1340.864413
2026-09-09T06:05:07.061Z,HBAR,1.4664,107.4,0.07894,1340.864413
2026-09-09T06:05:07.061Z,XTZ,7.3199,356.3,0.2476,1340.864413
2026-09-09T06:05:07.061Z,DYDX,-7.8115,149.2,0.1207,1340.864413
2026-09-09T06:05:07.061Z,ARB,0.626,224.8,0.16661,1340.864413
2026-09-09T06:05:07.061Z,GMX,-8.066,10160,8.242,1340.864413
2026-09-09T06:05:07.061Z,IMX,2.4943,179.1,0.13032,1340.864413
2026-09-09T06:05:07.061Z,INJ,4.8988,8760,6.228,1340.864413
2026-09-09T06:05:07.061Z,GRT,15.5874,29.99,0.01935,1340.864413
2026-09-09T06:05:07.061Z,SUI,1.0801,1100,0.8116,1340.864413
2026-09-09T06:05:07.061Z,HYPE,1.3199,116600,85.826,1340.864413
2026-09-09T06:10:06.678Z,BTC,1.0077,106882000,78916,1340.864413
2026-09-09T06:10:06.678Z,ETH,0.961,3378000,2495.29,1340.864413
2026-09-09T06:10:06.678Z,SOL,1.0533,141000,104.06,1340.864413
2026-09-09T06:10:06.678Z,BNB,0.8411,1016000,751.4,1340.864413
2026-09-09T06:10:06.678Z,XRP,0.9839,1934,1.4283,1340.864413
2026-09-09T06:10:06.678Z,ADA,1.029,296.4,0.2188,1340.864413
2026-09-09T06:10:06.678Z,AVAX,4.3092,11150,7.972,1340.864413
2026-09-09T06:10:06.678Z,DOT,1.9155,1621,1.1862,1340.864413
2026-09-09T06:10:06.678Z,LINK,0.8305,16900,12.5,1340.864413
2026-09-09T06:10:06.678Z,POL,1.0073,130.9,0.09665,1340.864413
2026-09-09T06:10:06.678Z,DOGE,0.9119,121.9,0.09009,1340.864413
2026-09-09T06:10:06.678Z,TRX,1.021,458.3,0.33834,1340.864413
2026-09-09T06:10:06.678Z,XLM,1.0328,256,0.18897,1340.864413
2026-09-09T06:10:06.678Z,SHIB,1.7671,0.0074,5.423e-06,1340.864413
2026-09-09T06:10:06.678Z,BCH,0.9668,350100,258.6,1340.864413
2026-09-09T06:10:06.678Z,UNI,1.1017,9320,6.875,1340.864413
2026-09-09T06:10:06.678Z,AAVE,0.5946,174000,129,1340.864413
2026-09-09T06:10:06.678Z,SUSHI,0.5015,321.4,0.2385,1340.864413
2026-09-09T06:10:06.678Z,LDO,-23.0738,399.8,0.3876,1340.864413
2026-09-09T06:10:06.678Z,ICP,1.0481,3871,2.857,1340.864413
2026-09-09T06:10:06.678Z,NEAR,1.4284,3177,2.336,1340.864413
2026-09-09T06:10:06.678Z,HBAR,1.415,107.4,0.07898,1340.864413
2026-09-09T06:10:06.678Z,XTZ,7.7551,356.3,0.2466,1340.864413
2026-09-09T06:10:06.678Z,DYDX,-7.9792,149.2,0.12092,1340.864413
2026-09-09T06:10:06.678Z,ARB,-0.6442,224.8,0.16874,1340.864413
2026-09-09T06:10:06.678Z,GMX,-8.1885,10160,8.253,1340.864413
2026-09-09T06:10:06.678Z,IMX,2.3686,179.1,0.13048,1340.864413
2026-09-09T06:10:06.678Z,INJ,4.6803,8760,6.241,1340.864413
2026-09-09T06:10:06.678Z,GRT,15.349,29.99,0.01939,1340.864413
2026-09-09T06:10:06.678Z,SUI,0.9806,1100,0.8124,1340.864413
2026-09-09T06:10:06.678Z,HYPE,1.0961,116600,86.016,1340.864413
2026-09-09T06:15:07.189Z,BTC,0.9154,107013000,79085,1340.864413
2026-09-09T06:15:07.189Z,ETH,0.8208,3380000,2500.24,1340.864413
2026-09-09T06:15:07.189Z,SOL,0.8208,141000,104.3,1340.864413
2026-09-09T06:15:07.189Z,BNB,0.6402,1016000,752.9,1340.864413
2026-09-09T06:15:07.189Z,XRP,0.8398,1938,1.4333,1340.864413
2026-09-09T06:15:07.189Z,ADA,1.0225,297.6,0.2197,1340.864413
2026-09-09T06:15:07.189Z,AVAX,3.7885,11150,8.012,1340.864413
2026-09-09T06:15:07.189Z,DOT,1.5559,1621,1.1904,1340.864413
2026-09-09T06:15:07.189Z,LINK,0.4848,16900,12.543,1340.864413
2026-09-09T06:15:07.189Z,POL,0.7052,130.9,0.09694,1340.864413
2026-09-09T06:15:07.189Z,DOGE,0.5992,121.9,0.09037,1340.864413
2026-09-09T06:15:07.189Z,TRX,1.1051,458.6,0.33828,1340.864413
2026-09-09T06:15:07.189Z,XLM,0.6387,256,0.18971,1340.864413
2026-09-09T06:15:07.189Z,SHIB,1.3745,0.0074,5.444e-06,1340.864413
2026-09-09T06:15:07.189Z,BCH,0.5779,350100,259.6,1340.864413
2026-09-09T06:15:07.189Z,UNI,0.75,9320,6.899,1340.864413
2026-09-09T06:15:07.189Z,AAVE,0.2217,174000,129.48,1340.864413
2026-09-09T06:15:07.189Z,SUSHI,0.3332,321.4,0.2389,1340.864413
2026-09-09T06:15:07.189Z,LDO,-23.4097,399.8,0.3893,1340.864413
2026-09-09T06:15:07.189Z,ICP,0.3805,3871,2.876,1340.864413
2026-09-09T06:15:07.189Z,NEAR,0.5674,3177,2.356,1340.864413
2026-09-09T06:15:07.189Z,HBAR,1.1589,107.4,0.07918,1340.864413
2026-09-09T06:15:07.189Z,XTZ,7.7114,356.3,0.2467,1340.864413
2026-09-09T06:15:07.189Z,DYDX,-8.3053,149.2,0.12135,1340.864413
2026-09-09T06:15:07.189Z,ARB,-2.2089,224.8,0.17144,1340.864413
2026-09-09T06:15:07.189Z,GMX,-8.4879,10160,8.28,1340.864413
2026-09-09T06:15:07.189Z,IMX,2.009,179.1,0.13094,1340.864413
2026-09-09T06:15:07.189Z,INJ,4.1962,8760,6.27,1340.864413
2026-09-09T06:15:07.189Z,GRT,15.0523,29.99,0.01944,1340.864413
2026-09-09T06:15:07.189Z,SUI,0.3015,1100,0.8179,1340.864413
2026-09-09T06:15:07.189Z,HYPE,0.9166,116600,86.169,1340.864413
2026-09-09T06:20:06.907Z,BTC,0.9529,107129000,79141.3,1340.864413
2026-09-09T06:20:06.907Z,ETH,0.8889,3384000,2501.51,1340.864413
2026-09-09T06:20:06.907Z,SOL,0.7242,141000,104.4,1340.864413
2026-09-09T06:20:06.907Z,BNB,0.5067,1016000,753.9,1340.864413
2026-09-09T06:20:06.907Z,XRP,0.8354,1944,1.4378,1340.864413
2026-09-09T06:20:06.907Z,ADA,0.9286,298,0.2202,1340.864413
2026-09-09T06:20:06.907Z,AVAX,3.672,11150,8.021,1340.864413
2026-09-09T06:20:06.907Z,DOT,1.8211,1621,1.1873,1340.864413
2026-09-09T06:20:06.907Z,LINK,0.3408,16900,12.561,1340.864413
2026-09-09T06:20:06.907Z,POL,0.6948,130.9,0.09695,1340.864413
2026-09-09T06:20:06.907Z,DOGE,0.4991,121.9,0.09046,1340.864413
2026-09-09T06:20:06.907Z,TRX,1.114,458.6,0.33825,1340.864413
2026-09-09T06:20:06.907Z,XLM,0.959,257.6,0.19029,1340.864413
2026-09-09T06:20:06.907Z,SHIB,-0.0688,0.0073,5.448e-06,1340.864413
2026-09-09T06:20:06.907Z,BCH,0.6167,350100,259.5,1340.864413
2026-09-09T06:20:06.907Z,UNI,0.2993,9320,6.93,1340.864413
2026-09-09T06:20:06.907Z,AAVE,0.0285,174000,129.73,1340.864413
2026-09-09T06:20:06.907Z,SUSHI,0.2074,321.4,0.2392,1340.864413
2026-09-09T06:20:06.907Z,LDO,-23.5864,399.8,0.3902,1340.864413
2026-09-09T06:20:06.907Z,ICP,-0.0366,3871,2.888,1340.864413
2026-09-09T06:20:06.907Z,NEAR,0.6296,3210,2.379,1340.864413
2026-09-09T06:20:06.907Z,HBAR,1.0058,107.4,0.0793,1340.864413
2026-09-09T06:20:06.907Z,XTZ,7.4936,356.3,0.2472,1340.864413
2026-09-09T06:20:06.907Z,DYDX,-8.4411,149.2,0.12153,1340.864413
2026-09-09T06:20:06.907Z,ARB,-2.089,224.8,0.17123,1340.864413
2026-09-09T06:20:06.907Z,GMX,-8.6314,10160,8.293,1340.864413
2026-09-09T06:20:06.907Z,IMX,1.8379,179.1,0.13116,1340.864413
2026-09-09T06:20:06.907Z,INJ,4.3293,8760,6.262,1340.864413
2026-09-09T06:20:06.907Z,GRT,15.0523,29.99,0.01944,1340.864413
2026-09-09T06:20:06.907Z,SUI,0.1301,1100,0.8193,1340.864413
2026-09-09T06:20:06.907Z,HYPE,0.7996,116800,86.417,1340.864413
2026-09-09T06:25:07.025Z,BTC,0.8783,107129000,79199.9,1340.864413
2026-09-09T06:25:07.025Z,ETH,0.9291,3386000,2501.99,1340.864413
2026-09-09T06:25:07.025Z,SOL,0.7359,141300,104.61,1340.864413
2026-09-09T06:25:07.025Z,BNB,0.347,1016000,755.1,1340.864413
2026-09-09T06:25:07.025Z,XRP,0.8297,1947,1.4401,1340.864413
2026-09-09T06:25:07.025Z,ADA,0.9245,298.8,0.2208,1340.864413
2026-09-09T06:25:07.025Z,AVAX,3.5171,11150,8.033,1340.864413
2026-09-09T06:25:07.025Z,DOT,1.6071,1621,1.1898,1340.864413
2026-09-09T06:25:07.025Z,LINK,0.1733,16900,12.582,1340.864413
2026-09-09T06:25:07.025Z,POL,0.6118,130.9,0.09703,1340.864413
2026-09-09T06:25:07.025Z,DOGE,0.3549,121.9,0.09059,1340.864413
2026-09-09T06:25:07.025Z,TRX,1.114,458.6,0.33825,1340.864413
2026-09-09T06:25:07.025Z,XLM,0.8001,257.6,0.19059,1340.864413
2026-09-09T06:25:07.025Z,SHIB,-0.2154,0.0073,5.456e-06,1340.864413
2026-09-09T06:25:07.025Z,BCH,0.5005,350100,259.8,1340.864413
2026-09-09T06:25:07.025Z,UNI,0.0827,9320,6.945,1340.864413
2026-09-09T06:25:07.025Z,AAVE,-0.0331,174000,129.81,1340.864413
2026-09-09T06:25:07.025Z,SUSHI,0.0819,321.4,0.2395,1340.864413
2026-09-09T06:25:07.025Z,LDO,-23.7817,399.8,0.3912,1340.864413
2026-09-09T06:25:07.025Z,ICP,-0.2093,3871,2.893,1340.864413
2026-09-09T06:25:07.025Z,NEAR,0.7143,3210,2.377,1340.864413
2026-09-09T06:25:07.025Z,HBAR,0.9167,107.4,0.07937,1340.864413
2026-09-09T06:25:07.025Z,XTZ,7.5806,356.3,0.247,1340.864413
2026-09-09T06:25:07.025Z,DYDX,-8.5314,149.2,0.12165,1340.864413
2026-09-09T06:25:07.025Z,ARB,-1.6467,224.8,0.17046,1340.864413
2026-09-09T06:25:07.025Z,GMX,-8.6534,10160,8.295,1340.864413
2026-09-09T06:25:07.025Z,IMX,1.6596,179.1,0.13139,1340.864413
2026-09-09T06:25:07.025Z,INJ,4.3459,8760,6.261,1340.864413
2026-09-09T06:25:07.025Z,GRT,14.7572,29.99,0.01949,1340.864413
2026-09-09T06:25:07.025Z,SUI,-0.1137,1100,0.8213,1340.864413
2026-09-09T06:25:07.025Z,HYPE,0.8158,117100,86.625,1340.864413
2026-09-09T06:30:07.242Z,BTC,0.9477,107127000,79143.9,1340.864413
2026-09-09T06:30:07.242Z,ETH,0.8764,3381000,2499.6,1340.864413
2026-09-09T06:30:07.242Z,SOL,0.7744,141300,104.57,1340.864413
2026-09-09T06:30:07.242Z,BNB,0.3071,1016000,755.4,1340.864413
2026-09-09T06:30:07.242Z,XRP,0.8256,1943,1.4372,1340.864413
2026-09-09T06:30:07.242Z,ADA,1.0618,298.8,0.2205,1340.864413
2026-09-09T06:30:07.242Z,AVAX,3.5429,11150,8.031,1340.864413
2026-09-09T06:30:07.242Z,DOT,1.7183,1621,1.1885,1340.864413
2026-09-09T06:30:07.242Z,LINK,0.1813,16900,12.581,1340.864413
2026-09-09T06:30:07.242Z,POL,0.6014,130.9,0.09704,1340.864413
2026-09-09T06:30:07.242Z,DOGE,0.4658,121.9,0.09049,1340.864413
2026-09-09T06:30:07.242Z,TRX,1.1708,458.6,0.33806,1340.864413
2026-09-09T06:30:07.242Z,XLM,0.9272,257.6,0.19035,1340.864413
2026-09-09T06:30:07.242Z,SHIB,-0.0138,0.0073,5.445e-06,1340.864413
2026-09-09T06:30:07.242Z,BCH,0.6167,350100,259.5,1340.864413
2026-09-09T06:30:07.242Z,UNI,0.4878,9320,6.917,1340.864413
2026-09-09T06:30:07.242Z,AAVE,0.0285,174000,129.73,1340.864413
2026-09-09T06:30:07.242Z,SUSHI,0.0819,321.4,0.2395,1340.864413
2026-09-09T06:30:07.242Z,LDO,-23.7037,399.8,0.3908,1340.864413
2026-09-09T06:30:07.242Z,ICP,-0.0712,3871,2.889,1340.864413
2026-09-09T06:30:07.242Z,NEAR,0.5029,3210,2.382,1340.864413
2026-09-09T06:30:07.242Z,HBAR,1.0489,107.5,0.07934,1340.864413
2026-09-09T06:30:07.242Z,XTZ,7.8864,356.3,0.2463,1340.864413
2026-09-09T06:30:07.242Z,DYDX,-8.5916,149.2,0.12173,1340.864413
2026-09-09T06:30:07.242Z,ARB,0.5135,230.6,0.1711,1340.864413
2026-09-09T06:30:07.242Z,GMX,-8.521,10160,8.283,1340.864413
2026-09-09T06:30:07.242Z,IMX,1.7603,179.1,0.13126,1340.864413
2026-09-09T06:30:07.242Z,INJ,4.2128,8760,6.269,1340.864413
2026-09-09T06:30:07.242Z,GRT,14.9341,29.99,0.01946,1340.864413
2026-09-09T06:30:07.242Z,SUI,-0.065,1100,0.8209,1340.864413
2026-09-09T06:30:07.242Z,HYPE,1.055,117100,86.42,1340.864413
2026-09-09T06:35:07.064Z,BTC,0.8961,107127000,79184.4,1340.864413
2026-09-09T06:35:07.064Z,ETH,0.8168,3379000,2499.6,1340.864413
2026-09-09T06:35:07.064Z,SOL,0.6493,141300,104.7,1340.864413
2026-09-09T06:35:07.064Z,BNB,0.4002,1016000,754.7,1340.864413
2026-09-09T06:35:07.064Z,XRP,0.7919,1941,1.4362,1340.864413
2026-09-09T06:35:07.064Z,ADA,1.016,298.8,0.2206,1340.864413
2026-09-09T06:35:07.064Z,AVAX,3.4785,11150,8.036,1340.864413
2026-09-09T06:35:07.064Z,DOT,2.2257,1621,1.1826,1340.864413
2026-09-09T06:35:07.064Z,LINK,0.1495,16900,12.585,1340.864413
2026-09-09T06:35:07.064Z,POL,0.5703,130.9,0.09707,1340.864413
2026-09-09T06:35:07.064Z,DOGE,0.366,121.9,0.09058,1340.864413
2026-09-09T06:35:07.064Z,TRX,1.2038,458.6,0.33795,1340.864413
2026-09-09T06:35:07.064Z,XLM,0.9908,257.6,0.19023,1340.864413
2026-09-09T06:35:07.064Z,SHIB,-0.1422,0.0073,5.452e-06,1340.864413
2026-09-09T06:35:07.064Z,BCH,0.6554,350100,259.4,1340.864413
2026-09-09T06:35:07.064Z,UNI,0.227,9320,6.935,1340.864413
2026-09-09T06:35:07.064Z,AAVE,0.0285,174000,129.73,1340.864413
2026-09-09T06:35:07.064Z,SUSHI,0.2913,321.4,0.239,1340.864413
2026-09-09T06:35:07.064Z,LDO,-23.8401,399.8,0.3915,1340.864413
2026-09-09T06:35:07.064Z,ICP,-0.2438,3871,2.894,1340.864413
2026-09-09T06:35:07.064Z,NEAR,0.2503,3210,2.388,1340.864413
2026-09-09T06:35:07.064Z,HBAR,0.9852,107.5,0.07939,1340.864413
2026-09-09T06:35:07.064Z,XTZ,8.1058,356.3,0.2458,1340.864413
2026-09-09T06:35:07.064Z,DYDX,-8.554,149.2,0.12168,1340.864413
2026-09-09T06:35:07.064Z,ARB,-0.1691,230.6,0.17227,1340.864413
2026-09-09T06:35:07.064Z,GMX,-8.6314,10160,8.293,1340.864413
2026-09-09T06:35:07.064Z,IMX,1.7138,179.1,0.13132,1340.864413
2026-09-09T06:35:07.064Z,INJ,4.3126,8760,6.263,1340.864413
2026-09-09T06:35:07.064Z,GRT,14.9932,29.99,0.01945,1340.864413
2026-09-09T06:35:07.064Z,SUI,-0.2109,1100,0.8221,1340.864413
2026-09-09T06:35:07.064Z,HYPE,0.93,117100,86.527,1340.864413
2026-09-09T06:40:06.854Z,BTC,0.9096,107127000,79173.8,1340.864413
2026-09-09T06:40:06.854Z,ETH,0.8732,3382000,2500.42,1340.864413
2026-09-09T06:40:06.854Z,SOL,0.917,141500,104.57,1340.864413
2026-09-09T06:40:06.854Z,BNB,0.4534,1016000,754.3,1340.864413
2026-09-09T06:40:06.854Z,XRP,0.9661,1943,1.4352,1340.864413
2026-09-09T06:40:06.854Z,ADA,0.8907,298.7,0.2208,1340.864413
2026-09-09T06:40:06.854Z,AVAX,3.4914,11150,8.035,1340.864413
2026-09-09T06:40:06.854Z,DOT,1.0969,1597,1.1781,1340.864413
2026-09-09T06:40:06.854Z,LINK,0.1972,16900,12.579,1340.864413
2026-09-09T06:40:06.854Z,POL,0.5289,130.9,0.09711,1340.864413
2026-09-09T06:40:06.854Z,DOGE,0.488,121.9,0.09047,1340.864413
2026-09-09T06:40:06.854Z,TRX,1.0063,457.8,0.33802,1340.864413
2026-09-09T06:40:06.854Z,XLM,1.0493,257.6,0.19012,1340.864413
2026-09-09T06:40:06.854Z,SHIB,-0.0872,0.0073,5.449e-06,1340.864413
2026-09-09T06:40:06.854Z,BCH,0.6554,350100,259.4,1340.864413
2026-09-09T06:40:06.854Z,UNI,0.4152,9320,6.922,1340.864413
2026-09-09T06:40:06.854Z,AAVE,-0.1024,174000,129.9,1340.864413
2026-09-09T06:40:06.854Z,SUSHI,0.8822,321.4,0.2376,1340.864413
2026-09-09T06:40:06.854Z,LDO,-23.8596,399.8,0.3916,1340.864413
2026-09-09T06:40:06.854Z,ICP,-0.4845,3871,2.901,1340.864413
2026-09-09T06:40:06.854Z,NEAR,0.0827,3210,2.392,1340.864413
2026-09-09T06:40:06.854Z,HBAR,1.0234,107.5,0.07936,1340.864413
2026-09-09T06:40:06.854Z,XTZ,8.2379,356.3,0.2455,1340.864413
2026-09-09T06:40:06.854Z,DYDX,-8.4562,149.2,0.12155,1340.864413
2026-09-09T06:40:06.854Z,ARB,0.3656,233.8,0.17373,1340.864413
2026-09-09T06:40:06.854Z,GMX,-8.5431,10160,8.285,1340.864413
2026-09-09T06:40:06.854Z,IMX,1.7293,179.1,0.1313,1340.864413
2026-09-09T06:40:06.854Z,INJ,4.4627,8760,6.254,1340.864413
2026-09-09T06:40:06.854Z,GRT,14.875,29.99,0.01947,1340.864413
2026-09-09T06:40:06.854Z,SUI,0.8361,1111,0.8217,1340.864413
2026-09-09T06:40:06.854Z,HYPE,0.8927,117100,86.559,1340.864413
2026-09-09T06:45:06.868Z,BTC,0.852,107058000,79168,1340.864413
2026-09-09T06:45:06.868Z,ETH,0.8901,3382000,2500,1340.864413
2026-09-09T06:45:06.868Z,SOL,0.9074,141500,104.58,1340.864413
2026-09-09T06:45:06.868Z,BNB,0.4667,1016000,754.2,1340.864413
2026-09-09T06:45:06.868Z,XRP,0.8973,1941,1.4347,1340.864413
2026-09-09T06:45:06.868Z,ADA,0.9822,298.7,0.2206,1340.864413
2026-09-09T06:45:06.868Z,AVAX,3.53,11150,8.032,1340.864413
2026-09-09T06:45:06.868Z,DOT,0.9341,1597,1.18,1340.864413
2026-09-09T06:45:06.868Z,LINK,0.2211,16900,12.576,1340.864413
2026-09-09T06:45:06.868Z,POL,0.4048,130.9,0.09723,1340.864413
2026-09-09T06:45:06.868Z,DOGE,0.8556,122.4,0.09051,1340.864413
2026-09-09T06:45:06.868Z,TRX,0.7738,457.8,0.3388,1340.864413
2026-09-09T06:45:06.868Z,XLM,1.0419,257.5,0.19006,1340.864413
2026-09-09T06:45:06.868Z,SHIB,0.023,0.0073,5.443e-06,1340.864413
2026-09-09T06:45:06.868Z,BCH,0.772,350100,259.1,1340.864413
2026-09-09T06:45:06.868Z,UNI,0.3427,9320,6.927,1340.864413
2026-09-09T06:45:06.868Z,AAVE,0.0208,174000,129.74,1340.864413
2026-09-09T06:45:06.868Z,SUSHI,0.8822,321.4,0.2376,1340.864413
2026-09-09T06:45:06.868Z,LDO,-23.7232,399.8,0.3909,1340.864413
2026-09-09T06:45:06.868Z,ICP,-0.5873,3871,2.904,1340.864413
2026-09-09T06:45:06.868Z,NEAR,0.2503,3210,2.388,1340.864413
2026-09-09T06:45:06.868Z,HBAR,1.0998,107.5,0.0793,1340.864413
2026-09-09T06:45:06.868Z,XTZ,8.3262,356.3,0.2453,1340.864413
2026-09-09T06:45:06.868Z,DYDX,-8.2978,149.2,0.12134,1340.864413
2026-09-09T06:45:06.868Z,ARB,0.3714,233.8,0.17372,1340.864413
2026-09-09T06:45:06.868Z,GMX,-8.5542,10160,8.286,1340.864413
2026-09-09T06:45:06.868Z,IMX,1.8223,179.1,0.13118,1340.864413
2026-09-09T06:45:06.868Z,INJ,4.5463,8760,6.249,1340.864413
2026-09-09T06:45:06.868Z,GRT,14.9341,29.99,0.01946,1340.864413
2026-09-09T06:45:06.868Z,SUI,0.8729,1111,0.8214,1340.864413
2026-09-09T06:45:06.868Z,HYPE,0.8834,117100,86.567,1340.864413
2026-09-09T06:50:06.881Z,BTC,0.92,107058000,79114.7,1340.864413
2026-09-09T06:50:06.881Z,ETH,0.9172,3381000,2498.59,1340.864413
2026-09-09T06:50:06.881Z,SOL,0.8322,141300,104.51,1340.864413
2026-09-09T06:50:06.881Z,BNB,0.5601,1016000,753.5,1340.864413
2026-09-09T06:50:06.881Z,XRP,0.8355,1939,1.4341,1340.864413
2026-09-09T06:50:06.881Z,ADA,1.0956,298.9,0.2205,1340.864413
2026-09-09T06:50:06.881Z,AVAX,3.7108,11150,8.018,1340.864413
2026-09-09T06:50:06.881Z,DOT,1.0969,1597,1.1781,1340.864413
2026-09-09T06:50:06.881Z,LINK,0.3968,16900,12.554,1340.864413
2026-09-09T06:50:06.881Z,POL,0.3532,130.9,0.09728,1340.864413
2026-09-09T06:50:06.881Z,DOGE,0.9783,122.4,0.0904,1340.864413
2026-09-09T06:50:06.881Z,TRX,0.747,457.8,0.33889,1340.864413
2026-09-09T06:50:06.881Z,XLM,1.239,257.5,0.18969,1340.864413
2026-09-09T06:50:06.881Z,SHIB,0.0597,0.0073,5.441e-06,1340.864413
2026-09-09T06:50:06.881Z,BCH,0.8498,350100,258.9,1340.864413
2026-09-09T06:50:06.881Z,UNI,0.1692,9320,6.939,1340.864413
2026-09-09T06:50:06.881Z,AAVE,0.0826,174000,129.66,1340.864413
2026-09-09T06:50:06.881Z,SUSHI,1.0097,321.4,0.2373,1340.864413
2026-09-09T06:50:06.881Z,LDO,-23.6647,399.8,0.3906,1340.864413
2026-09-09T06:50:06.881Z,ICP,-0.3471,3871,2.897,1340.864413
2026-09-09T06:50:06.881Z,NEAR,0.3344,3210,2.386,1340.864413
2026-09-09T06:50:06.881Z,HBAR,1.1126,107.5,0.07929,1340.864413
2026-09-09T06:50:06.881Z,XTZ,8.1939,356.3,0.2456,1340.864413
2026-09-09T06:50:06.881Z,DYDX,-8.2826,149.2,0.12132,1340.864413
2026-09-09T06:50:06.881Z,ARB,0.6755,234.9,0.17401,1340.864413
2026-09-09T06:50:06.881Z,GMX,-8.5542,10160,8.286,1340.864413
2026-09-09T06:50:06.881Z,IMX,1.8534,179.1,0.13114,1340.864413
2026-09-09T06:50:06.881Z,INJ,4.5965,8760,6.246,1340.864413
2026-09-09T06:50:06.881Z,GRT,14.9341,29.99,0.01946,1340.864413
2026-09-09T06:50:06.881Z,SUI,0.9466,1111,0.8208,1340.864413
2026-09-09T06:50:06.881Z,HYPE,0.995,117300,86.619,1340.864413
2026-09-09T06:55:07.042Z,BTC,0.9101,107022000,79095.8,1340.864413
2026-09-09T06:55:07.042Z,ETH,0.9265,3381000,2498.36,1340.864413
2026-09-09T06:55:07.042Z,SOL,1.0003,141400,104.41,1340.864413
2026-09-09T06:55:07.042Z,BNB,0.5334,1016000,753.7,1340.864413
2026-09-09T06:55:07.042Z,XRP,0.9129,1939,1.433,1340.864413
2026-09-09T06:55:07.042Z,ADA,1.1415,298.9,0.2204,1340.864413
2026-09-09T06:55:07.042Z,AVAX,3.6979,11150,8.019,1340.864413
2026-09-09T06:55:07.042Z,DOT,1.1141,1597,1.1779,1340.864413
2026-09-09T06:55:07.042Z,LINK,0.4208,16900,12.551,1340.864413
2026-09-09T06:55:07.042Z,POL,0.281,130.9,0.09735,1340.864413
2026-09-09T06:55:07.042Z,DOGE,1.023,122.4,0.09036,1340.864413
2026-09-09T06:55:07.042Z,TRX,0.7767,457.8,0.33879,1340.864413
2026-09-09T06:55:07.042Z,XLM,1.223,257.5,0.18972,1340.864413
2026-09-09T06:55:07.042Z,SHIB,0.1518,0.0073,5.436e-06,1340.864413
2026-09-09T06:55:07.042Z,BCH,0.9668,350100,258.6,1340.864413
2026-09-09T06:55:07.042Z,UNI,0.6187,9320,6.908,1340.864413
2026-09-09T06:55:07.042Z,AAVE,0.1907,174000,129.52,1340.864413
2026-09-09T06:55:07.042Z,SUSHI,0.7974,321.4,0.2378,1340.864413
2026-09-09T06:55:07.042Z,LDO,-23.6647,399.8,0.3906,1340.864413
2026-09-09T06:55:07.042Z,ICP,-0.2783,3871,2.895,1340.864413
2026-09-09T06:55:07.042Z,NEAR,0.2084,3210,2.389,1340.864413
2026-09-09T06:55:07.042Z,HBAR,1.1126,107.5,0.07929,1340.864413
2026-09-09T06:55:07.042Z,XTZ,8.1939,356.3,0.2456,1340.864413
2026-09-09T06:55:07.042Z,DYDX,-8.3129,149.2,0.12136,1340.864413
2026-09-09T06:55:07.042Z,ARB,0.6004,234.9,0.17414,1340.864413
2026-09-09T06:55:07.042Z,GMX,-8.6974,10160,8.299,1340.864413
2026-09-09T06:55:07.042Z,IMX,1.8456,179.1,0.13115,1340.864413
2026-09-09T06:55:07.042Z,INJ,4.2294,8760,6.268,1340.864413
2026-09-09T06:55:07.042Z,GRT,14.9341,29.99,0.01946,1340.864413
2026-09-09T06:55:07.042Z,SUI,0.9835,1111,0.8205,1340.864413
2026-09-09T06:55:07.042Z,HYPE,0.9219,117100,86.534,1340.864413
2026-09-09T07:00:07.193Z,BTC,0.8603,107007000,79123.8,1340.864413
2026-09-09T07:00:07.193Z,ETH,0.8531,3380000,2499.44,1340.864413
2026-09-09T07:00:07.193Z,SOL,0.9519,141400,104.46,1340.864413
2026-09-09T07:00:07.193Z,BNB,0.4268,1016000,754.5,1340.864413
2026-09-09T07:00:07.193Z,XRP,0.92,1939,1.4329,1340.864413
2026-09-09T07:00:07.193Z,ADA,1.2794,298.9,0.2201,1340.864413
2026-09-09T07:00:07.193Z,AVAX,3.7496,11150,8.015,1340.864413
2026-09-09T07:00:07.193Z,DOT,1.2086,1597,1.1768,1340.864413
2026-09-09T07:00:07.193Z,LINK,0.3968,16900,12.554,1340.864413
2026-09-09T07:00:07.193Z,POL,-0.0987,130.9,0.09772,1340.864413
2026-09-09T07:00:07.193Z,DOGE,0.9895,122.4,0.09039,1340.864413
2026-09-09T07:00:07.193Z,TRX,0.7559,457.8,0.33886,1340.864413
2026-09-09T07:00:07.193Z,XLM,1.2123,257.5,0.18974,1340.864413
2026-09-09T07:00:07.193Z,SHIB,0.1333,0.0073,5.437e-06,1340.864413
2026-09-09T07:00:07.193Z,BCH,1.0059,350100,258.5,1340.864413
2026-09-09T07:00:07.193Z,UNI,0.7938,9320,6.896,1340.864413
2026-09-09T07:00:07.193Z,AAVE,0.0826,174000,129.66,1340.864413
2026-09-09T07:00:07.193Z,SUSHI,0.7127,321.4,0.238,1340.864413
2026-09-09T07:00:07.193Z,LDO,-23.5864,399.8,0.3902,1340.864413
2026-09-09T07:00:07.193Z,ICP,-0.4502,3871,2.9,1340.864413
2026-09-09T07:00:07.193Z,NEAR,1.0915,3241,2.391,1340.864413
2026-09-09T07:00:07.193Z,HBAR,1.0489,107.5,0.07934,1340.864413
2026-09-09T07:00:07.193Z,XTZ,8.3704,356.3,0.2452,1340.864413
2026-09-09T07:00:07.193Z,DYDX,-8.26,149.2,0.12129,1340.864413
2026-09-09T07:00:07.193Z,ARB,1.781,234.9,0.17212,1340.864413
2026-09-09T07:00:07.193Z,GMX,-8.6534,10160,8.295,1340.864413
2026-09-09T07:00:07.193Z,IMX,1.8612,179.1,0.13113,1340.864413
2026-09-09T07:00:07.193Z,INJ,3.8979,8760,6.288,1340.864413
2026-09-09T07:00:07.193Z,GRT,14.6983,29.99,0.0195,1340.864413
2026-09-09T07:00:07.193Z,SUI,0.9098,1111,0.8211,1340.864413
2026-09-09T07:00:07.193Z,HYPE,0.6217,117000,86.718,1340.864413
2026-09-09T07:05:06.702Z,BTC,0.7626,106982000,79182,1340.864413
2026-09-09T07:05:06.702Z,ETH,0.7765,3382000,2502.82,1340.864413
2026-09-09T07:05:06.702Z,SOL,0.7686,141400,104.65,1340.864413
2026-09-09T07:05:06.702Z,BNB,0.3071,1016000,755.4,1340.864413
2026-09-09T07:05:06.702Z,XRP,0.7231,1939,1.4357,1340.864413
2026-09-09T07:05:06.702Z,ADA,1.004,298.9,0.2207,1340.864413
2026-09-09T07:05:06.702Z,AVAX,3.6074,11150,8.026,1340.864413
2026-09-09T07:05:06.702Z,DOT,0.8231,1597,1.1813,1340.864413
2026-09-09T07:05:06.702Z,LINK,0.2769,16900,12.569,1340.864413
2026-09-09T07:05:06.702Z,POL,-0.211,130.9,0.09783,1340.864413
2026-09-09T07:05:06.702Z,DOGE,0.8222,122.4,0.09054,1340.864413
2026-09-09T07:05:06.702Z,TRX,0.7559,457.8,0.33886,1340.864413
2026-09-09T07:05:06.702Z,XLM,0.8351,257,0.19008,1340.864413
2026-09-09T07:05:06.702Z,SHIB,-0.1788,0.0073,5.454e-06,1340.864413
2026-09-09T07:05:06.702Z,BCH,0.8498,350100,258.9,1340.864413
2026-09-09T07:05:06.702Z,UNI,0.9548,9320,6.885,1340.864413
2026-09-09T07:05:06.702Z,AAVE,-0.0254,174000,129.8,1340.864413
2026-09-09T07:05:06.702Z,SUSHI,0.5015,321.4,0.2385,1340.864413
2026-09-09T07:05:06.702Z,LDO,-23.6842,399.8,0.3907,1340.864413
2026-09-09T07:05:06.702Z,ICP,-0.3471,3871,2.897,1340.864413
2026-09-09T07:05:06.702Z,NEAR,0.7964,3241,2.398,1340.864413
2026-09-09T07:05:06.702Z,HBAR,0.9725,107.5,0.0794,1340.864413
2026-09-09T07:05:06.702Z,XTZ,8.3262,356.3,0.2453,1340.864413
2026-09-09T07:05:06.702Z,DYDX,-8.539,149.2,0.12166,1340.864413
2026-09-09T07:05:06.702Z,ARB,1.3282,232.7,0.17127,1340.864413
2026-09-09T07:05:06.702Z,GMX,-8.6314,10160,8.293,1340.864413
2026-09-09T07:05:06.702Z,IMX,1.5668,179.1,0.13151,1340.864413
2026-09-09T07:05:06.702Z,INJ,3.5849,8760,6.307,1340.864413
2026-09-09T07:05:06.702Z,GRT,14.7572,29.99,0.01949,1340.864413
2026-09-09T07:05:06.702Z,SUI,0.6646,1111,0.8231,1340.864413
2026-09-09T07:05:06.702Z,HYPE,0.5962,117000,86.74,1340.864413
2026-09-09T07:10:07.081Z,BTC,0.4865,106814000,79274.9,1340.864413
2026-09-09T07:10:07.081Z,ETH,0.7813,3395000,2512.32,1340.864413
2026-09-09T07:10:07.081Z,SOL,0.8032,141800,104.91,1340.864413
2026-09-09T07:10:07.081Z,BNB,0.201,1016000,756.2,1340.864413
2026-09-09T07:10:07.081Z,XRP,0.7386,1942,1.4377,1340.864413
2026-09-09T07:10:07.081Z,ADA,1.0454,299.7,0.2212,1340.864413
2026-09-09T07:10:07.081Z,AVAX,3.5171,11150,8.033,1340.864413
2026-09-09T07:10:07.081Z,DOT,0.3474,1597,1.1869,1340.864413
2026-09-09T07:10:07.081Z,LINK,-0.0174,16900,12.606,1340.864413
2026-09-09T07:10:07.081Z,POL,-0.3739,130.9,0.09799,1340.864413
2026-09-09T07:10:07.081Z,DOGE,0.5889,122.4,0.09075,1340.864413
2026-09-09T07:10:07.081Z,TRX,0.7589,457.8,0.33885,1340.864413
2026-09-09T07:10:07.081Z,XLM,0.5759,257,0.19057,1340.864413
2026-09-09T07:10:07.081Z,SHIB,0.948,0.0074,5.467e-06,1340.864413
2026-09-09T07:10:07.081Z,BCH,0.6554,350100,259.4,1340.864413
2026-09-09T07:10:07.081Z,UNI,0.8669,9320,6.891,1340.864413
2026-09-09T07:10:07.081Z,AAVE,-0.3937,174000,130.28,1340.864413
2026-09-09T07:10:07.081Z,SUSHI,0.1237,321.4,0.2394,1340.864413
2026-09-09T07:10:07.081Z,LDO,-23.9954,399.8,0.3923,1340.864413
2026-09-09T07:10:07.081Z,ICP,0.852,3900,2.884,1340.864413
2026-09-09T07:10:07.081Z,NEAR,1.0915,3241,2.391,1340.864413
2026-09-09T07:10:07.081Z,HBAR,0.7188,107.5,0.0796,1340.864413
2026-09-09T07:10:07.081Z,XTZ,8.0619,356.3,0.2459,1340.864413
2026-09-09T07:10:07.081Z,DYDX,-8.8013,149.2,0.12201,1340.864413
2026-09-09T07:10:07.081Z,ARB,1.3223,232.7,0.17128,1340.864413
2026-09-09T07:10:07.081Z,GMX,-8.7634,10160,8.305,1340.864413
2026-09-09T07:10:07.081Z,IMX,1.1821,179.1,0.13201,1340.864413
2026-09-09T07:10:07.081Z,INJ,3.8318,8760,6.292,1340.864413
2026-09-09T07:10:07.081Z,GRT,14.6395,29.99,0.01951,1340.864413
2026-09-09T07:10:07.081Z,SUI,0.8529,1117,0.826,1340.864413
2026-09-09T07:10:07.081Z,HYPE,0.6972,117000,86.653,1340.864413
2026-09-09T07:15:06.984Z,BTC,0.816,107068000,79203.7,1340.864413
2026-09-09T07:15:06.984Z,ETH,0.7066,3388000,2509,1340.864413
2026-09-09T07:15:06.984Z,SOL,0.8244,141600,104.74,1340.864413
2026-09-09T07:15:06.984Z,BNB,0.3071,1016000,755.4,1340.864413
2026-09-09T07:15:06.984Z,XRP,0.8607,1943,1.4367,1340.864413
2026-09-09T07:15:06.984Z,ADA,1.3662,299.7,0.2205,1340.864413
2026-09-09T07:15:06.984Z,AVAX,3.5687,11150,8.029,1340.864413
2026-09-09T07:15:06.984Z,DOT,0.5761,1597,1.1842,1340.864413
2026-09-09T07:15:06.984Z,LINK,0.253,16900,12.572,1340.864413
2026-09-09T07:15:06.984Z,POL,0.6608,132.3,0.09802,1340.864413
2026-09-09T07:15:06.984Z,DOGE,0.6887,122.4,0.09066,1340.864413
2026-09-09T07:15:06.984Z,TRX,0.8172,458.2,0.33895,1340.864413
2026-09-09T07:15:06.984Z,XLM,0.8467,257.3,0.19028,1340.864413
2026-09-09T07:15:06.984Z,SHIB,1.3001,0.0074,5.448e-06,1340.864413
2026-09-09T07:15:06.984Z,BCH,0.8109,350100,259,1340.864413
2026-09-09T07:15:06.984Z,UNI,1.5299,9320,6.846,1340.864413
2026-09-09T07:15:06.984Z,AAVE,-0.1024,174000,129.9,1340.864413
2026-09-09T07:15:06.984Z,SUSHI,0.1237,321.4,0.2394,1340.864413
2026-09-09T07:15:06.984Z,LDO,-23.8207,399.8,0.3914,1340.864413
2026-09-09T07:15:06.984Z,ICP,0.852,3900,2.884,1340.864413
2026-09-09T07:15:06.984Z,NEAR,1.007,3241,2.393,1340.864413
2026-09-09T07:15:06.984Z,HBAR,0.7315,107.5,0.07959,1340.864413
2026-09-09T07:15:06.984Z,XTZ,7.8426,356.3,0.2464,1340.864413
2026-09-09T07:15:06.984Z,DYDX,-8.7265,149.2,0.12191,1340.864413
2026-09-09T07:15:06.984Z,ARB,1.8156,232.7,0.17045,1340.864413
2026-09-09T07:15:06.984Z,GMX,-8.7084,10160,8.3,1340.864413
2026-09-09T07:15:06.984Z,IMX,1.1132,179.1,0.1321,1340.864413
2026-09-09T07:15:06.984Z,INJ,4.0137,8760,6.281,1340.864413
2026-09-09T07:15:06.984Z,GRT,14.7572,29.99,0.01949,1340.864413
2026-09-09T07:15:06.984Z,SUI,1.1959,1117,0.8232,1340.864413
2026-09-09T07:15:06.984Z,HYPE,0.6345,117000,86.707,1340.864413
2026-09-09T07:20:06.689Z,BTC,0.7718,107070000,79239.9,1340.864413
2026-09-09T07:20:06.689Z,ETH,0.7423,3390000,2509.59,1340.864413
2026-09-09T07:20:06.689Z,SOL,0.7667,141600,104.8,1340.864413
2026-09-09T07:20:06.689Z,BNB,0.4268,1016000,754.5,1340.864413
2026-09-09T07:20:06.689Z,XRP,0.7597,1942,1.4374,1340.864413
2026-09-09T07:20:06.689Z,ADA,1.028,298.7,0.2205,1340.864413
2026-09-09T07:20:06.689Z,AVAX,3.6591,11150,8.022,1340.864413
2026-09-09T07:20:06.689Z,DOT,0.8231,1597,1.1813,1340.864413
2026-09-09T07:20:06.689Z,LINK,0.3009,16900,12.566,1340.864413
2026-09-09T07:20:06.689Z,POL,0.4865,132.3,0.09819,1340.864413
2026-09-09T07:20:06.689Z,DOGE,0.6998,122.4,0.09065,1340.864413
2026-09-09T07:20:06.689Z,TRX,0.8172,458.2,0.33895,1340.864413
2026-09-09T07:20:06.689Z,XLM,0.9007,257.6,0.1904,1340.864413
2026-09-09T07:20:06.689Z,SHIB,-0.1605,0.0073,5.453e-06,1340.864413
2026-09-09T07:20:06.689Z,BCH,0.8888,350100,258.8,1340.864413
2026-09-09T07:20:06.689Z,UNI,1.619,9320,6.84,1340.864413
2026-09-09T07:20:06.689Z,AAVE,-0.1024,174000,129.9,1340.864413
2026-09-09T07:20:06.689Z,SUSHI,0.0819,321.4,0.2395,1340.864413
2026-09-09T07:20:06.689Z,LDO,-24.1308,399.8,0.393,1340.864413
2026-09-09T07:20:06.689Z,ICP,0.922,3900,2.882,1340.864413
2026-09-09T07:20:06.689Z,NEAR,0.7544,3241,2.399,1340.864413
2026-09-09T07:20:06.689Z,HBAR,5.3626,112.4,0.07956,1340.864413
2026-09-09T07:20:06.689Z,XTZ,7.5806,356.3,0.247,1340.864413
2026-09-09T07:20:06.689Z,DYDX,-8.8013,149.2,0.12201,1340.864413
2026-09-09T07:20:06.689Z,ARB,0.8862,230.4,0.17032,1340.864413
2026-09-09T07:20:06.689Z,GMX,-8.7414,10160,8.303,1340.864413
2026-09-09T07:20:06.689Z,IMX,1.2896,179.1,0.13187,1340.864413
2026-09-09T07:20:06.689Z,INJ,3.8979,8760,6.288,1340.864413
2026-09-09T07:20:06.689Z,GRT,14.6395,29.99,0.01951,1340.864413
2026-09-09T07:20:06.689Z,SUI,0.7919,1112,0.8228,1340.864413
2026-09-09T07:20:06.689Z,HYPE,0.7309,117000,86.624,1340.864413
2026-09-09T07:25:07.339Z,BTC,0.7418,107070000,79263.5,1340.864413
2026-09-09T07:25:07.339Z,ETH,0.6157,3390000,2512.75,1340.864413
2026-09-09T07:25:07.339Z,SOL,0.7475,141600,104.82,1340.864413
2026-09-09T07:25:07.339Z,BNB,0.4002,1016000,754.7,1340.864413
2026-09-09T07:25:07.339Z,XRP,0.6743,1944,1.4401,1340.864413
2026-09-09T07:25:07.339Z,ADA,0.7994,298.7,0.221,1340.864413
2026-09-09T07:25:07.339Z,AVAX,3.6074,11150,8.026,1340.864413
2026-09-09T07:25:07.339Z,DOT,1.243,1597,1.1764,1340.864413
2026-09-09T07:25:07.339Z,LINK,0.245,16900,12.573,1340.864413
2026-09-09T07:25:07.339Z,POL,0.6612,132.8,0.09839,1340.864413
2026-09-09T07:25:07.339Z,DOGE,0.5446,122.4,0.09079,1340.864413
2026-09-09T07:25:07.339Z,TRX,0.8321,458.2,0.3389,1340.864413
2026-09-09T07:25:07.339Z,XLM,0.8318,257.6,0.19053,1340.864413
2026-09-09T07:25:07.339Z,SHIB,-0.1971,0.0073,5.455e-06,1340.864413
2026-09-09T07:25:07.339Z,BCH,0.8109,350100,259,1340.864413
2026-09-09T07:25:07.339Z,UNI,1.6785,9320,6.836,1340.864413
2026-09-09T07:25:07.339Z,AAVE,-0.2329,174000,130.07,1340.864413
2026-09-09T07:25:07.339Z,SUSHI,0.1237,321.4,0.2394,1340.864413
2026-09-09T07:25:07.339Z,LDO,-24.0922,399.8,0.3928,1340.864413
2026-09-09T07:25:07.339Z,ICP,1.1325,3900,2.876,1340.864413
2026-09-09T07:25:07.339Z,NEAR,0.8662,3273,2.42,1340.864413
2026-09-09T07:25:07.339Z,HBAR,5.2965,112.4,0.07961,1340.864413
2026-09-09T07:25:07.339Z,XTZ,7.7551,356.3,0.2466,1340.864413
2026-09-09T07:25:07.339Z,DYDX,-8.8685,149.2,0.1221,1340.864413
2026-09-09T07:25:07.339Z,ARB,1.2131,230.4,0.16977,1340.864413
2026-09-09T07:25:07.339Z,GMX,-8.7304,10160,8.302,1340.864413
2026-09-09T07:25:07.339Z,IMX,1.1898,179.1,0.132,1340.864413
2026-09-09T07:25:07.339Z,INJ,4.0137,8760,6.281,1340.864413
2026-09-09T07:25:07.339Z,GRT,14.3872,29.97,0.01954,1340.864413
2026-09-09T07:25:07.339Z,SUI,0.6207,1112,0.8242,1340.864413
2026-09-09T07:25:07.339Z,HYPE,0.5788,117000,86.755,1340.864413
2026-09-09T07:30:06.891Z,BTC,0.7426,107070000,79262.9,1340.864413
2026-09-09T07:30:06.891Z,ETH,0.6414,3393000,2514.33,1340.864413
2026-09-09T07:30:06.891Z,SOL,0.7532,141500,104.74,1340.864413
2026-09-09T07:30:06.891Z,BNB,0.4667,1016000,754.2,1340.864413
2026-09-09T07:30:06.891Z,XRP,0.7289,1946,1.4408,1340.864413
2026-09-09T07:30:06.891Z,ADA,0.7994,298.7,0.221,1340.864413
2026-09-09T07:30:06.891Z,AVAX,3.53,11150,8.032,1340.864413
2026-09-09T07:30:06.891Z,DOT,1.4068,1597,1.1745,1340.864413
2026-09-09T07:30:06.891Z,LINK,0.269,16900,12.57,1340.864413
2026-09-09T07:30:06.891Z,POL,0.7944,132.8,0.09826,1340.864413
2026-09-09T07:30:06.891Z,DOGE,0.7265,122.5,0.0907,1340.864413
2026-09-09T07:30:06.891Z,TRX,0.9186,457.7,0.33824,1340.864413
2026-09-09T07:30:06.891Z,XLM,1.2107,258.5,0.19048,1340.864413
2026-09-09T07:30:06.891Z,SHIB,-0.1971,0.0073,5.455e-06,1340.864413
2026-09-09T07:30:06.891Z,BCH,0.8109,350100,259,1340.864413
2026-09-09T07:30:06.891Z,UNI,0.9419,9220,6.812,1340.864413
2026-09-09T07:30:06.891Z,AAVE,-0.2253,174000,130.06,1340.864413
2026-09-09T07:30:06.891Z,SUSHI,0.2493,321.4,0.2391,1340.864413
2026-09-09T07:30:06.891Z,LDO,-24.0922,399.8,0.3928,1340.864413
2026-09-09T07:30:06.891Z,ICP,0.6826,3884,2.877,1340.864413
2026-09-09T07:30:06.891Z,NEAR,0.7829,3273,2.422,1340.864413
2026-09-09T07:30:06.891Z,HBAR,5.3229,112.4,0.07959,1340.864413
2026-09-09T07:30:06.891Z,XTZ,7.7551,356.3,0.2466,1340.864413
2026-09-09T07:30:06.891Z,DYDX,-8.6591,149.2,0.12182,1340.864413
2026-09-09T07:30:06.891Z,ARB,1.0405,230.4,0.17006,1340.864413
2026-09-09T07:30:06.891Z,GMX,-8.6093,10160,8.291,1340.864413
2026-09-09T07:30:06.891Z,IMX,1.1821,179.1,0.13201,1340.864413
2026-09-09T07:30:06.891Z,INJ,4.08,8760,6.277,1340.864413
2026-09-09T07:30:06.891Z,GRT,14.5631,29.97,0.01951,1340.864413
2026-09-09T07:30:06.891Z,SUI,0.7185,1112,0.8234,1340.864413
2026-09-09T07:30:06.891Z,HYPE,0.5672,117000,86.765,1340.864413
2026-09-09T07:35:07.053Z,BTC,0.8244,107070000,79198.6,1340.864413
2026-09-09T07:35:07.053Z,ETH,0.7412,3393000,2511.84,1340.864413
2026-09-09T07:35:07.053Z,SOL,0.7686,141400,104.65,1340.864413
2026-09-09T07:35:07.053Z,BNB,0.5201,1016000,753.8,1340.864413
2026-09-09T07:35:07.053Z,XRP,0.6505,1943,1.4397,1340.864413
2026-09-09T07:35:07.053Z,ADA,0.8451,298.7,0.2209,1340.864413
2026-09-09T07:35:07.053Z,AVAX,3.5171,11150,8.033,1340.864413
2026-09-09T07:35:07.053Z,DOT,1.5192,1597,1.1732,1340.864413
2026-09-09T07:35:07.053Z,LINK,0.2849,16900,12.568,1340.864413
2026-09-09T07:35:07.053Z,POL,0.6715,132.8,0.09838,1340.864413
2026-09-09T07:35:07.053Z,DOGE,0.7377,122.5,0.09069,1340.864413
2026-09-09T07:35:07.053Z,TRX,0.8828,457.7,0.33836,1340.864413
2026-09-09T07:35:07.053Z,XLM,1.333,258.5,0.19025,1340.864413
2026-09-09T07:35:07.053Z,SHIB,-0.1055,0.0073,5.45e-06,1340.864413
2026-09-09T07:35:07.053Z,BCH,0.8109,350100,259,1340.864413
2026-09-09T07:35:07.053Z,UNI,1.1647,9220,6.797,1340.864413
2026-09-09T07:35:07.053Z,AAVE,0.0903,174000,129.65,1340.864413
2026-09-09T07:35:07.053Z,SUSHI,0.6281,321.4,0.2382,1340.864413
2026-09-09T07:35:07.053Z,LDO,-24.1308,399.8,0.393,1340.864413
2026-09-09T07:35:07.053Z,ICP,0.7527,3884,2.875,1340.864413
2026-09-09T07:35:07.053Z,NEAR,0.5753,3273,2.427,1340.864413
2026-09-09T07:35:07.053Z,HBAR,5.4289,112.4,0.07951,1340.864413
2026-09-09T07:35:07.053Z,XTZ,7.8864,356.3,0.2463,1340.864413
2026-09-09T07:35:07.053Z,DYDX,-8.5089,149.2,0.12162,1340.864413
2026-09-09T07:35:07.053Z,ARB,1.0702,230.4,0.17001,1340.864413
2026-09-09T07:35:07.053Z,GMX,-8.6093,10160,8.291,1340.864413
2026-09-09T07:35:07.053Z,IMX,1.2665,179.1,0.1319,1340.864413
2026-09-09T07:35:07.053Z,INJ,3.7329,8760,6.298,1340.864413
2026-09-09T07:35:07.053Z,GRT,14.8574,29.97,0.01946,1340.864413
2026-09-09T07:35:07.053Z,SUI,0.8409,1112,0.8224,1340.864413
2026-09-09T07:35:07.053Z,HYPE,0.6693,117000,86.677,1340.864413
2026-09-09T07:40:06.878Z,BTC,0.7194,106956000,79196.7,1340.864413
2026-09-09T07:40:06.878Z,ETH,0.7476,3393000,2511.68,1340.864413
2026-09-09T07:40:06.878Z,SOL,0.7783,141400,104.64,1340.864413
2026-09-09T07:40:06.878Z,BNB,0.5734,1016000,753.4,1340.864413
2026-09-09T07:40:06.878Z,XRP,0.6855,1943,1.4392,1340.864413
2026-09-09T07:40:06.878Z,ADA,0.8451,298.7,0.2209,1340.864413
2026-09-09T07:40:06.878Z,AVAX,3.4656,11150,8.037,1340.864413
2026-09-09T07:40:06.878Z,DOT,1.243,1597,1.1764,1340.864413
2026-09-09T07:40:06.878Z,LINK,0.3248,16900,12.563,1340.864413
2026-09-09T07:40:06.878Z,POL,0.1422,132.8,0.0989,1340.864413
2026-09-09T07:40:06.878Z,DOGE,0.7154,122.5,0.09071,1340.864413
2026-09-09T07:40:06.878Z,TRX,0.6983,457.7,0.33898,1340.864413
2026-09-09T07:40:06.878Z,XLM,1.2958,258.5,0.19032,1340.864413
2026-09-09T07:40:06.878Z,SHIB,-0.1422,0.0073,5.452e-06,1340.864413
2026-09-09T07:40:06.878Z,BCH,0.8109,350100,259,1340.864413
2026-09-09T07:40:06.878Z,UNI,1.2988,9220,6.788,1340.864413
2026-09-09T07:40:06.878Z,AAVE,0.044,174000,129.71,1340.864413
2026-09-09T07:40:06.878Z,SUSHI,0.7127,321.4,0.238,1340.864413
2026-09-09T07:40:06.878Z,LDO,-24.1501,399.8,0.3931,1340.864413
2026-09-09T07:40:06.878Z,ICP,0.893,3884,2.871,1340.864413
2026-09-09T07:40:06.878Z,NEAR,0.5753,3273,2.427,1340.864413
2026-09-09T07:40:06.878Z,HBAR,5.4422,112.4,0.0795,1340.864413
2026-09-09T07:40:06.878Z,XTZ,8.0619,356.3,0.2459,1340.864413
2026-09-09T07:40:06.878Z,DYDX,-8.4863,149.2,0.12159,1340.864413
2026-09-09T07:40:06.878Z,ARB,0.8296,229.5,0.16975,1340.864413
2026-09-09T07:40:06.878Z,GMX,-8.5321,10160,8.284,1340.864413
2026-09-09T07:40:06.878Z,IMX,1.3049,179.1,0.13185,1340.864413
2026-09-09T07:40:06.878Z,INJ,3.9144,8760,6.287,1340.864413
2026-09-09T07:40:06.878Z,GRT,14.7984,29.97,0.01947,1340.864413
2026-09-09T07:40:06.878Z,SUI,0.8042,1112,0.8227,1340.864413
2026-09-09T07:40:06.878Z,HYPE,0.5556,117000,86.775,1340.864413
2026-09-09T07:45:06.879Z,BTC,0.6156,106806000,79167.2,1340.864413
2026-09-09T07:45:06.879Z,ETH,0.7195,3390000,2510.16,1340.864413
2026-09-09T07:45:06.879Z,SOL,0.7551,141300,104.59,1340.864413
2026-09-09T07:45:06.879Z,BNB,0.667,1016000,752.7,1340.864413
2026-09-09T07:45:06.879Z,XRP,0.6785,1943,1.4393,1340.864413
2026-09-09T07:45:06.879Z,ADA,0.8451,298.7,0.2209,1340.864413
2026-09-09T07:45:06.879Z,AVAX,3.4914,11150,8.035,1340.864413
2026-09-09T07:45:06.879Z,DOT,1.45,1597,1.174,1340.864413
2026-09-09T07:45:06.879Z,LINK,0.9091,16970,12.542,1340.864413
2026-09-09T07:45:06.879Z,POL,0.0612,132.8,0.09898,1340.864413
2026-09-09T07:45:06.879Z,DOGE,0.771,122.5,0.09066,1340.864413
2026-09-09T07:45:06.879Z,TRX,0.6478,457.7,0.33915,1340.864413
2026-09-09T07:45:06.879Z,XLM,1.3384,258.5,0.19024,1340.864413
2026-09-09T07:45:06.879Z,SHIB,-0.0872,0.0073,5.449e-06,1340.864413
2026-09-09T07:45:06.879Z,BCH,0.8109,350100,259,1340.864413
2026-09-09T07:45:06.879Z,UNI,1.3286,9220,6.786,1340.864413
2026-09-09T07:45:06.879Z,AAVE,0.0748,174000,129.67,1340.864413
2026-09-09T07:45:06.879Z,SUSHI,0.7127,321.4,0.238,1340.864413
2026-09-09T07:45:06.879Z,LDO,-23.9761,399.8,0.3922,1340.864413
2026-09-09T07:45:06.879Z,ICP,0.8579,3884,2.872,1340.864413
2026-09-09T07:45:06.879Z,NEAR,0.2861,3273,2.434,1340.864413
2026-09-09T07:45:06.879Z,HBAR,0.9471,107.5,0.07942,1340.864413
2026-09-09T07:45:06.879Z,XTZ,7.974,356.3,0.2461,1340.864413
2026-09-09T07:45:06.879Z,DYDX,-8.5164,149.2,0.12163,1340.864413
2026-09-09T07:45:06.879Z,ARB,0.7654,228.8,0.16934,1340.864413
2026-09-09T07:45:06.879Z,GMX,-8.5873,10160,8.289,1340.864413
2026-09-09T07:45:06.879Z,IMX,1.3972,179.1,0.13173,1340.864413
2026-09-09T07:45:06.879Z,INJ,4.0965,8760,6.276,1340.864413
2026-09-09T07:45:06.879Z,GRT,14.9165,29.97,0.01945,1340.864413
2026-09-09T07:45:06.879Z,SUI,0.89,1112,0.822,1340.864413
2026-09-09T07:45:06.879Z,HYPE,0.5278,117000,86.799,1340.864413
2026-09-09T07:50:07.097Z,BTC,0.7413,106936000,79164.7,1340.864413
2026-09-09T07:50:07.097Z,ETH,0.7315,3389000,2509.12,1340.864413
2026-09-09T07:50:07.097Z,SOL,0.7937,141300,104.55,1340.864413
2026-09-09T07:50:07.097Z,BNB,0.667,1016000,752.7,1340.864413
2026-09-09T07:50:07.097Z,XRP,0.7415,1943,1.4384,1340.864413
2026-09-09T07:50:07.097Z,ADA,1.004,298.9,0.2207,1340.864413
2026-09-09T07:50:07.097Z,AVAX,3.6332,11150,8.024,1340.864413
2026-09-09T07:50:07.097Z,DOT,1.6318,1597,1.1719,1340.864413
2026-09-09T07:50:07.097Z,LINK,0.9654,16970,12.535,1340.864413
2026-09-09T07:50:07.097Z,POL,0.5182,132.8,0.09853,1340.864413
2026-09-09T07:50:07.097Z,DOGE,0.8155,122.5,0.09062,1340.864413
2026-09-09T07:50:07.097Z,TRX,0.6122,457.7,0.33927,1340.864413
2026-09-09T07:50:07.097Z,XLM,0.8776,257,0.19,1340.864413
2026-09-09T07:50:07.097Z,SHIB,-0.1055,0.0073,5.45e-06,1340.864413
2026-09-09T07:50:07.097Z,BCH,0.8498,350100,258.9,1340.864413
2026-09-09T07:50:07.097Z,UNI,1.3585,9220,6.784,1340.864413
2026-09-09T07:50:07.097Z,AAVE,0.1907,174000,129.52,1340.864413
2026-09-09T07:50:07.097Z,SUSHI,0.6704,321.4,0.2381,1340.864413
2026-09-09T07:50:07.097Z,LDO,-23.7817,399.8,0.3912,1340.864413
2026-09-09T07:50:07.097Z,ICP,1.069,3884,2.866,1340.864413
2026-09-09T07:50:07.097Z,NEAR,0.1626,3273,2.437,1340.864413
2026-09-09T07:50:07.097Z,HBAR,0.9471,107.5,0.07942,1340.864413
2026-09-09T07:50:07.097Z,XTZ,7.6678,356.3,0.2468,1340.864413
2026-09-09T07:50:07.097Z,DYDX,-8.4487,149.2,0.12154,1340.864413
2026-09-09T07:50:07.097Z,ARB,0.5635,228.8,0.16968,1340.864413
2026-09-09T07:50:07.097Z,GMX,-8.6864,10160,8.298,1340.864413
2026-09-09T07:50:07.097Z,IMX,1.2972,179.1,0.13186,1340.864413
2026-09-09T07:50:07.097Z,INJ,4.1463,8760,6.273,1340.864413
2026-09-09T07:50:07.097Z,GRT,14.9165,29.97,0.01945,1340.864413
2026-09-09T07:50:07.097Z,SUI,0.8558,1110,0.8208,1340.864413
2026-09-09T07:50:07.097Z,HYPE,0.7391,117000,86.617,1340.864413
2026-09-09T07:55:06.860Z,BTC,0.6998,106972000,79224,1340.864413
2026-09-09T07:55:06.860Z,ETH,0.7158,3387000,2508.03,1340.864413
2026-09-09T07:55:06.860Z,SOL,0.8998,141300,104.44,1340.864413
2026-09-09T07:55:06.860Z,BNB,0.5201,1016000,753.8,1340.864413
2026-09-09T07:55:06.860Z,XRP,0.7863,1944,1.4385,1340.864413
2026-09-09T07:55:06.860Z,ADA,0.8669,298.9,0.221,1340.864413
2026-09-09T07:55:06.860Z,AVAX,3.6332,11150,8.024,1340.864413
2026-09-09T07:55:06.860Z,DOT,1.6578,1597,1.1716,1340.864413
2026-09-09T07:55:06.860Z,LINK,1.0842,16910,12.476,1340.864413
2026-09-09T07:55:06.860Z,POL,0.132,132.8,0.09891,1340.864413
2026-09-09T07:55:06.860Z,DOGE,0.66,122.5,0.09076,1340.864413
2026-09-09T07:55:06.860Z,TRX,0.6626,457.7,0.3391,1340.864413
2026-09-09T07:55:06.860Z,XLM,0.8298,257,0.19009,1340.864413
2026-09-09T07:55:06.860Z,SHIB,-0.1605,0.0073,5.453e-06,1340.864413
2026-09-09T07:55:06.860Z,BCH,0.8109,350100,259,1340.864413
2026-09-09T07:55:06.860Z,UNI,1.1647,9220,6.797,1340.864413
2026-09-09T07:55:06.860Z,AAVE,0.098,174000,129.64,1340.864413
2026-09-09T07:55:06.860Z,SUSHI,0.4594,321.4,0.2386,1340.864413
2026-09-09T07:55:06.860Z,LDO,-23.7427,399.8,0.391,1340.864413
2026-09-09T07:55:06.860Z,ICP,1.0338,3884,2.867,1340.864413
2026-09-09T07:55:06.860Z,NEAR,1.6928,3338,2.448,1340.864413
2026-09-09T07:55:06.860Z,HBAR,0.9217,107.5,0.07944,1340.864413
2026-09-09T07:55:06.860Z,XTZ,7.7551,356.3,0.2466,1340.864413
2026-09-09T07:55:06.860Z,DYDX,-8.4261,149.2,0.12151,1340.864413
2026-09-09T07:55:06.860Z,ARB,0.0329,228.8,0.17058,1340.864413
2026-09-09T07:55:06.860Z,GMX,-9.0154,10160,8.328,1340.864413
2026-09-09T07:55:06.860Z,IMX,1.2205,179.1,0.13196,1340.864413
2026-09-09T07:55:06.860Z,INJ,4.0965,8760,6.276,1340.864413
2026-09-09T07:55:06.860Z,GRT,14.5631,29.97,0.01951,1340.864413
2026-09-09T07:55:06.860Z,SUI,0.6473,1110,0.8225,1340.864413
2026-09-09T07:55:06.860Z,HYPE,0.5614,117000,86.77,1340.864413
2026-09-09T08:00:07.074Z,BTC,0.6672,106995000,79266.7,1340.864413
2026-09-09T08:00:07.074Z,ETH,0.652,3387000,2509.62,1340.864413
2026-09-09T08:00:07.074Z,SOL,0.5797,141000,104.55,1340.864413
2026-09-09T08:00:07.074Z,BNB,0.4934,1016000,754,1340.864413
2026-09-09T08:00:07.074Z,XRP,0.6394,1944,1.4406,1340.864413
2026-09-09T08:00:07.074Z,ADA,0.6729,299,0.2215,1340.864413
2026-09-09T08:00:07.074Z,AVAX,3.5816,11150,8.028,1340.864413
2026-09-09T08:00:07.074Z,DOT,1.6925,1597,1.1712,1340.864413
2026-09-09T08:00:07.074Z,LINK,1.0518,16910,12.48,1340.864413
2026-09-09T08:00:07.074Z,POL,-0.1406,132.8,0.09918,1340.864413
2026-09-09T08:00:07.074Z,DOGE,0.5602,122.5,0.09085,1340.864413
2026-09-09T08:00:07.074Z,TRX,0.6597,457.7,0.33911,1340.864413
2026-09-09T08:00:07.074Z,XLM,0.745,257,0.19025,1340.864413
2026-09-09T08:00:07.074Z,SHIB,-0.3067,0.0073,5.461e-06,1340.864413
2026-09-09T08:00:07.074Z,BCH,0.772,350100,259.1,1340.864413
2026-09-09T08:00:07.074Z,UNI,1.1498,9220,6.798,1340.864413
2026-09-09T08:00:07.074Z,AAVE,-0.01,174000,129.78,1340.864413
2026-09-09T08:00:07.074Z,SUSHI,0.5437,321.4,0.2384,1340.864413
2026-09-09T08:00:07.074Z,LDO,-23.8207,399.8,0.3914,1340.864413
2026-09-09T08:00:07.074Z,ICP,0.893,3884,2.871,1340.864413
2026-09-09T08:00:07.074Z,NEAR,2.2777,3338,2.434,1340.864413
2026-09-09T08:00:07.074Z,HBAR,0.7568,107.5,0.07957,1340.864413
2026-09-09T08:00:07.074Z,XTZ,7.4501,356.3,0.2473,1340.864413
2026-09-09T08:00:07.074Z,DYDX,-8.4562,149.2,0.12155,1340.864413
2026-09-09T08:00:07.074Z,ARB,-0.0081,228.8,0.17065,1340.864413
2026-09-09T08:00:07.074Z,GMX,-8.8841,10160,8.316,1340.864413
2026-09-09T08:00:07.074Z,IMX,1.1592,179.1,0.13204,1340.864413
2026-09-09T08:00:07.074Z,INJ,3.3718,8760,6.32,1340.864413
2026-09-09T08:00:07.074Z,GRT,14.5631,29.97,0.01951,1340.864413
2026-09-09T08:00:07.074Z,SUI,0.6718,1110,0.8223,1340.864413
2026-09-09T08:00:07.074Z,HYPE,0.7229,117300,86.853,1340.864413
2026-09-09T08:05:06.877Z,BTC,0.5996,107099000,79397,1340.864413
2026-09-09T08:05:06.877Z,ETH,0.5969,3392000,2514.7,1340.864413
2026-09-09T08:05:06.877Z,SOL,0.5245,141300,104.83,1340.864413
2026-09-09T08:05:06.877Z,BNB,0.4401,1016000,754.4,1340.864413
2026-09-09T08:05:06.877Z,XRP,0.5643,1947,1.4439,1340.864413
2026-09-09T08:05:06.877Z,ADA,0.7031,299.9,0.2221,1340.864413
2026-09-09T08:05:06.877Z,AVAX,3.427,11150,8.04,1340.864413
2026-09-09T08:05:06.877Z,DOT,1.5624,1597,1.1727,1340.864413
2026-09-09T08:05:06.877Z,LINK,0.5724,16850,12.495,1340.864413
2026-09-09T08:05:06.877Z,POL,-0.0902,132.8,0.09913,1340.864413
2026-09-09T08:05:06.877Z,DOGE,0.4386,122.5,0.09096,1340.864413
2026-09-09T08:05:06.877Z,TRX,0.6537,457.7,0.33913,1340.864413
2026-09-09T08:05:06.877Z,XLM,0.5389,257,0.19064,1340.864413
2026-09-09T08:05:06.877Z,SHIB,-0.5435,0.0073,5.474e-06,1340.864413
2026-09-09T08:05:06.877Z,BCH,0.4618,350100,259.9,1340.864413
2026-09-09T08:05:06.877Z,UNI,0.7201,9220,6.827,1340.864413
2026-09-09T08:05:06.877Z,AAVE,-0.1485,174000,129.96,1340.864413
2026-09-09T08:05:06.877Z,SUSHI,-0.2513,321.4,0.2403,1340.864413
2026-09-09T08:05:06.877Z,LDO,-24.0922,399.8,0.3928,1340.864413
2026-09-09T08:05:06.877Z,ICP,0.7877,3884,2.874,1340.864413
2026-09-09T08:05:06.877Z,NEAR,1.9844,3338,2.441,1340.864413
2026-09-09T08:05:06.877Z,HBAR,0.5672,107.5,0.07972,1340.864413
2026-09-09T08:05:06.877Z,XTZ,7.4067,356.3,0.2474,1340.864413
2026-09-09T08:05:06.877Z,DYDX,-8.8835,149.2,0.12212,1340.864413
2026-09-09T08:05:06.877Z,ARB,0.9046,229.4,0.16955,1340.864413
2026-09-09T08:05:06.877Z,GMX,-9.0372,10160,8.33,1340.864413
2026-09-09T08:05:06.877Z,IMX,1.0138,179.1,0.13223,1340.864413
2026-09-09T08:05:06.877Z,INJ,3.3718,8760,6.32,1340.864413
2026-09-09T08:05:06.877Z,GRT,14.3287,29.97,0.01955,1340.864413
2026-09-09T08:05:06.877Z,SUI,0.3788,1110,0.8247,1340.864413
2026-09-09T08:05:06.877Z,HYPE,0.7438,117400,86.909,1340.864413
2026-09-09T08:10:06.881Z,BTC,0.5577,107148000,79466.5,1340.864413
2026-09-09T08:10:06.881Z,ETH,0.6134,3394000,2515.77,1340.864413
2026-09-09T08:10:06.881Z,SOL,0.7013,141400,104.72,1340.864413
2026-09-09T08:10:06.881Z,BNB,0.3603,1016000,755,1340.864413
2026-09-09T08:10:06.881Z,XRP,0.6074,1945,1.4418,1340.864413
2026-09-09T08:10:06.881Z,ADA,0.7031,299.9,0.2221,1340.864413
2026-09-09T08:10:06.881Z,AVAX,3.4527,11150,8.038,1340.864413
2026-09-09T08:10:06.881Z,DOT,1.7446,1597,1.1706,1340.864413
2026-09-09T08:10:06.881Z,LINK,0.5724,16850,12.495,1340.864413
2026-09-09T08:10:06.881Z,POL,0.3044,132.8,0.09874,1340.864413
2026-09-09T08:10:06.881Z,DOGE,0.7334,122.9,0.09099,1340.864413
2026-09-09T08:10:06.881Z,TRX,0.6389,457.7,0.33918,1340.864413
2026-09-09T08:10:06.881Z,XLM,0.5864,257,0.19055,1340.864413
2026-09-09T08:10:06.881Z,SHIB,0.6718,0.0074,5.482e-06,1340.864413
2026-09-09T08:10:06.881Z,BCH,0.5005,350100,259.8,1340.864413
2026-09-09T08:10:06.881Z,UNI,0.4552,9220,6.845,1340.864413
2026-09-09T08:10:06.881Z,AAVE,-0.2483,174000,130.09,1340.864413
2026-09-09T08:10:06.881Z,SUSHI,-0.3757,321.4,0.2406,1340.864413
2026-09-09T08:10:06.881Z,LDO,-23.9373,399.8,0.392,1340.864413
2026-09-09T08:10:06.881Z,ICP,0.5428,3884,2.881,1340.864413
2026-09-09T08:10:06.881Z,NEAR,2.4039,3338,2.431,1340.864413
2026-09-09T08:10:06.881Z,HBAR,0.542,107.5,0.07974,1340.864413
2026-09-09T08:10:06.881Z,XTZ,7.2766,356.3,0.2477,1340.864413
2026-09-09T08:10:06.881Z,DYDX,-8.8685,149.2,0.1221,1340.864413
2026-09-09T08:10:06.881Z,ARB,0.8035,229.4,0.16972,1340.864413
2026-09-09T08:10:06.881Z,GMX,-9.3311,10160,8.357,1340.864413
2026-09-09T08:10:06.881Z,IMX,0.9604,179.1,0.1323,1340.864413
2026-09-09T08:10:06.881Z,INJ,3.5356,8760,6.31,1340.864413
2026-09-09T08:10:06.881Z,GRT,14.4457,29.97,0.01953,1340.864413
2026-09-09T08:10:06.881Z,SUI,0.3423,1110,0.825,1340.864413
2026-09-09T08:10:06.881Z,HYPE,0.7717,117400,86.885,1340.864413
2026-09-09T08:15:07.053Z,BTC,0.7381,107234000,79387.8,1340.864413
2026-09-09T08:15:07.053Z,ETH,0.8166,3397000,2512.92,1340.864413
2026-09-09T08:15:07.053Z,SOL,0.8554,141400,104.56,1340.864413
2026-09-09T08:15:07.053Z,BNB,0.5201,1016000,753.8,1340.864413
2026-09-09T08:15:07.053Z,XRP,0.7513,1944,1.439,1340.864413
2026-09-09T08:15:07.053Z,ADA,0.9304,299.9,0.2216,1340.864413
2026-09-09T08:15:07.053Z,AVAX,3.6462,11150,8.023,1340.864413
2026-09-09T08:15:07.053Z,DOT,1.5971,1597,1.1723,1340.864413
2026-09-09T08:15:07.053Z,LINK,0.7175,16850,12.477,1340.864413
2026-09-09T08:15:07.053Z,POL,0.651,132.8,0.0984,1340.864413
2026-09-09T08:15:07.053Z,DOGE,0.8331,122.9,0.0909,1340.864413
2026-09-09T08:15:07.053Z,TRX,0.6715,457.7,0.33907,1340.864413
2026-09-09T08:15:07.053Z,XLM,0.7874,257,0.19017,1340.864413
2026-09-09T08:15:07.053Z,SHIB,0.8005,0.0074,5.475e-06,1340.864413
2026-09-09T08:15:07.053Z,BCH,0.6943,350100,259.3,1340.864413
2026-09-09T08:15:07.053Z,UNI,0.6611,9220,6.831,1340.864413
2026-09-09T08:15:07.053Z,AAVE,-0.1331,174000,129.94,1340.864413
2026-09-09T08:15:07.053Z,SUSHI,-0.2928,321.4,0.2404,1340.864413
