checkedAt,coin,premium,korbitPrice,foreignPrice,usdKrwRate
2026-10-01T00:00:06.962Z,BTC,0.4914,113699000,83581.7,1353.681844
2026-10-01T00:00:06.962Z,XRP,0.564,2027,1.489,1353.681844
2026-10-01T00:00:06.962Z,SOL,0.6415,160800,118.03,1353.681844
2026-10-01T00:00:06.962Z,ETH,0.4819,3652000,2684.89,1353.681844
2026-10-01T00:00:06.962Z,FIL,0.9254,1424,1.0423,1353.681844
2026-10-01T00:00:06.962Z,TRX,0.5193,458.9,0.33725,1353.681844
2026-10-01T00:00:06.962Z,BNB,-0.2734,1038000,768.9,1353.681844
2026-10-01T00:00:06.962Z,WLD,0.2084,726,0.5352,1353.681844
2026-10-01T00:00:06.962Z,FLOW,0.6298,42.46,0.03117,1353.681844
2026-10-01T00:00:06.962Z,LINK,1.2545,19680,14.358,1353.681844
2026-10-01T00:00:06.962Z,DOGE,0.5186,128.6,0.09451,1353.681844
2026-10-01T00:00:06.962Z,SUI,0.6141,1584,1.163,1353.681844
2026-10-01T00:00:06.962Z,XLM,0.4284,307.8,0.22641,1353.681844
2026-10-01T00:00:06.962Z,BCH,0.1057,414800,306.1,1353.681844
2026-10-01T00:00:06.962Z,AVAX,0.8705,14930,10.934,1353.681844
2026-10-01T00:00:06.962Z,ETC,0.6183,12110,8.891,1353.681844
2026-10-01T00:00:06.962Z,AAVE,0.5732,217000,159.39,1353.681844
2026-10-01T00:00:06.962Z,ADA,0.8743,336.6,0.2465,1353.681844
2026-10-01T00:00:06.962Z,HYPE,-0.0351,123200,91.043,1353.681844
2026-10-01T00:00:06.962Z,SEI,0.6485,100.1,0.07347,1353.681844
2026-10-01T00:00:06.962Z,HBAR,1.2804,143.6,0.10474,1353.681844
2026-10-01T00:00:06.962Z,ARB,0.694,276.5,0.20285,1353.681844
2026-10-01T00:00:06.962Z,JTO,-0.9499,710.1,0.5296,1353.681844
2026-10-01T00:00:06.962Z,ONDO,0.4732,679.5,0.4996,1353.681844
2026-10-01T00:00:06.962Z,QTUM,0.4567,1360,1.0001,1353.681844
2026-10-01T00:00:06.962Z,PYTH,-1.1335,103.4,0.07726,1353.681844
2026-10-01T00:00:06.962Z,APT,1.4465,1057,0.7697,1353.681844
2026-10-01T00:00:06.962Z,UNI,0.4554,12070,8.876,1353.681844
2026-10-01T00:00:06.962Z,TIA,0.1076,598.7,0.4418,1353.681844
2026-10-01T00:00:06.962Z,ALGO,1.624,170.5,0.12394,1353.681844
2026-10-01T00:00:06.962Z,NEAR,1.1442,7310,5.339,1353.681844
2026-10-01T00:00:06.962Z,ZIL,-8.8243,4.363,0.003535,1353.681844
2026-10-01T00:00:06.962Z,SUSHI,1.2308,371.5,0.2711,1353.681844
2026-10-01T00:00:06.962Z,PENDLE,-1.5445,3180,2.386,1353.681844
2026-10-01T00:00:06.962Z,XTZ,2.1235,437.4,0.3164,1353.681844
2026-10-01T00:00:06.962Z,W,-3.3535,17.62,0.013468,1353.681844
2026-10-01T00:00:06.962Z,AR,10.4763,6145,4.109,1353.681844
2026-10-01T00:00:06.962Z,SHIB,0.2272,0.0078,0.000005749,1353.681844
2026-10-01T00:00:06.962Z,CELO,-1.228,134,0.10022,1353.681844
2026-10-01T00:00:06.962Z,STX,-0.5103,501,0.372,1353.681844
2026-10-01T00:00:06.962Z,JUP,0.0508,446.4,0.3296,1353.681844
2026-10-01T00:00:06.962Z,PEPE,0.2483,0.0058,0.000004274,1353.681844
2026-10-01T00:00:06.962Z,DYDX,2.715,200,0.14384,1353.681844
2026-10-01T00:00:06.962Z,KITE,-8.2968,176.2,0.14194,1353.681844
2026-10-01T00:00:06.962Z,CRV,-4.4002,510.4,0.3944,1353.681844
2026-10-01T00:00:06.962Z,ENJ,-1.3612,39.35,0.02947,1353.681844
2026-10-01T00:00:06.962Z,ATOM,-0.1595,2353,1.741,1353.681844
2026-10-01T00:00:06.962Z,ICP,-0.313,4495,3.331,1353.681844
2026-10-01T00:00:06.962Z,SPACE,-5.1461,6.822,0.005313,1353.681844
2026-10-01T00:00:06.962Z,DOT,1.1747,1675,1.223,1353.681844
2026-10-01T00:00:06.962Z,ETHFI,3.5553,1100,0.7847,1353.681844
2026-10-01T00:00:06.962Z,CC,11.2331,190.1,0.12625,1353.681844
2026-10-01T00:00:06.962Z,SYRUP,-0.5335,304.3,0.226,1353.681844
2026-10-01T00:00:06.962Z,TAO,8.7214,442700,300.8,1353.681844
2026-10-01T00:00:06.962Z,GRAM,0.892,2050,1.501,1353.681844
2026-10-01T00:00:06.962Z,RAY,13.8838,3000,1.946,1353.681844
2026-10-01T00:00:06.962Z,RENDER,-0.6528,2570,1.911,1353.681844
2026-10-01T00:00:06.962Z,GRASS,4.9992,990.4,0.6968,1353.681844
2026-10-01T00:00:06.962Z,MINA,-1.5714,192.4,0.1444,1353.681844
2026-10-01T00:00:06.962Z,POL,0.5025,155,0.11393,1353.681844
2026-10-01T00:00:06.962Z,ENA,3.6113,371.4,0.2648,1353.681844
2026-10-01T00:00:06.962Z,SAND,-0.8636,58.9,0.04389,1353.681844
2026-10-01T00:00:06.962Z,AERO,-1.2882,1102,0.8247,1353.681844
2026-10-01T00:00:06.962Z,KGEN,-4.051,213.4,0.1643,1353.681844
2026-10-01T00:00:06.962Z,LIT,-0.1519,5340,3.9508,1353.681844
2026-10-01T00:00:06.962Z,MANA,1.5357,123.4,0.08978,1353.681844
2026-10-01T00:00:06.962Z,BAND,-0.3279,294,0.2179,1353.681844
2026-10-01T00:00:06.962Z,APE,-0.5051,202.7,0.1505,1353.681844
2026-10-01T00:00:06.962Z,GMT,-2.6478,11.34,0.008605,1353.681844
2026-10-01T00:00:06.962Z,VIRTUAL,-4.6302,1039,0.8048,1353.681844
2026-10-01T00:00:06.962Z,LPT,6.2335,2554,1.776,1353.681844
2026-10-01T00:00:06.962Z,DATA,-2.5059,285.2,0.2161,1353.681844
2026-10-01T00:00:06.962Z,THETA,-2.5237,296.1,0.2244,1353.681844
2026-10-01T00:00:06.962Z,GRT,-0.1052,39.54,0.02924,1353.681844
2026-10-01T00:00:06.962Z,LAYER,1.8216,107.8,0.07821,1353.681844
2026-10-01T00:00:06.962Z,NMR,20.7009,18370,11.243,1353.681844
2026-10-01T00:00:06.962Z,EIGEN,-2.9008,321.9,0.2449,1353.681844
2026-10-01T00:00:06.962Z,BAT,0.4206,121.8,0.0896,1353.681844
2026-10-01T00:00:06.962Z,SPK,-4.2173,32.35,0.02495,1353.681844
2026-10-01T00:00:06.962Z,PUMP,-3.7096,7.71,0.005915,1353.681844
2026-10-01T00:00:06.962Z,KMNO,-10.7316,52.01,0.04304,1353.681844
2026-10-01T00:00:06.962Z,CHZ,-2.5936,21.44,0.01626,1353.681844
2026-10-01T00:00:06.962Z,PENGU,-0.2116,12.98,0.009609,1353.681844
2026-10-01T00:00:06.962Z,OP,-0.929,173.7,0.12952,1353.681844
2026-10-01T00:00:06.962Z,UMA,2.2024,570,0.412,1353.681844
2026-10-01T00:00:06.962Z,ZRO,6.09,2500,1.7408,1353.681844
2026-10-01T00:00:06.962Z,S,22.6365,67.5,0.04066,1353.681844
2026-10-01T00:00:06.962Z,IMX,-0.4299,224.5,0.16656,1353.681844
2026-10-01T00:00:06.962Z,A,0.6844,134.7,0.09883,1353.681844
2026-10-01T00:00:06.962Z,ATH,-7.2966,7.478,0.005959,1353.681844
2026-10-01T00:00:06.962Z,COMP,-0.8961,33190,24.74,1353.681844
2026-10-01T00:00:06.962Z,CVX,-3.594,2828,2.167,1353.681844
2026-10-01T00:00:06.962Z,AXS,2.3009,1601,1.1561,1353.681844
2026-10-01T00:00:06.962Z,WCT,0.4681,57.08,0.04197,1353.681844
2026-10-01T00:00:06.962Z,ME,0.0035,103.1,0.07616,1353.681844
2026-10-01T00:00:06.962Z,ASTER,-2.7643,997.2,0.7576,1353.681844
2026-10-01T00:00:06.962Z,GMX,4.7315,11210,7.907,1353.681844
2026-10-01T00:00:06.962Z,MORPHO,3.2688,3487,2.4944,1353.681844
2026-10-01T00:00:06.962Z,MON,0.111,43,0.03173,1353.681844
2026-10-01T00:00:06.962Z,1INCH,1.4553,139,0.10121,1353.681844
2026-10-01T00:00:06.962Z,SKY,4.744,110.1,0.07765,1353.681844
2026-10-01T00:00:06.962Z,YGG,-2.4293,35.12,0.02659,1353.681844
2026-10-01T00:00:06.962Z,BIO,-0.1163,42.01,0.03107,1353.681844
2026-10-01T00:00:06.962Z,MOVE,-2.4294,12.22,0.009252,1353.681844
2026-10-01T00:00:06.962Z,GALA,-4.2274,3,0.002314,1353.681844
2026-10-01T00:00:06.962Z,ZK,1.5155,16.68,0.012138,1353.681844
2026-10-01T00:00:06.962Z,ENS,-0.1293,9450,6.99,1353.681844
2026-10-01T00:00:06.962Z,INJ,3.1707,10360,7.418,1353.681844
2026-10-01T00:00:06.962Z,KAITO,-8.0659,435.2,0.3497,1353.681844
2026-10-01T00:00:06.962Z,LDO,4.4551,646.9,0.4575,1353.681844
2026-10-01T00:00:06.962Z,BLUR,-0.4782,28.48,0.02114,1353.681844
2026-10-01T00:00:06.962Z,AUCTION,1.0951,5110,3.734,1353.681844
2026-10-01T00:00:06.962Z,ZETA,2.8828,72.56,0.0521,1353.681844
2026-10-01T00:00:06.962Z,WIF,-0.128,336.5,0.2489,1353.681844
2026-10-01T00:00:06.962Z,KSM,-3.4392,6750,5.164,1353.681844
2026-10-01T00:00:06.962Z,SNX,-1.0656,339.1,0.2532,1353.681844
2026-10-01T00:05:06.991Z,BTC,0.5136,113613000,83500,1353.681844
2026-10-01T00:05:06.991Z,XRP,0.4783,2025,1.4888,1353.681844
2026-10-01T00:05:06.991Z,SOL,0.5845,160600,117.95,1353.681844
2026-10-01T00:05:06.991Z,ETH,0.4976,3650000,2683,1353.681844
2026-10-01T00:05:06.991Z,FIL,0.6061,1415,1.039,1353.681844
2026-10-01T00:05:06.991Z,TRX,0.3586,458.9,0.33779,1353.681844
2026-10-01T00:05:06.991Z,BNB,-0.1826,1038000,768.2,1353.681844
2026-10-01T00:05:06.991Z,WLD,0.3021,726,0.5347,1353.681844
2026-10-01T00:05:06.991Z,FLOW,0.8887,42.46,0.03109,1353.681844
2026-10-01T00:05:06.991Z,LINK,1.17,19680,14.37,1353.681844
2026-10-01T00:05:06.991Z,DOGE,0.6464,128.6,0.09439,1353.681844
2026-10-01T00:05:06.991Z,SUI,0.628,1577,1.1577,1353.681844
2026-10-01T00:05:06.991Z,XLM,0.6863,307.8,0.22583,1353.681844
2026-10-01T00:05:06.991Z,BCH,0.3023,414800,305.5,1353.681844
2026-10-01T00:05:06.991Z,AVAX,0.4646,14840,10.912,1353.681844
2026-10-01T00:05:06.991Z,ETC,0.9703,12110,8.86,1353.681844
2026-10-01T00:05:06.991Z,AAVE,0.5605,217000,159.41,1353.681844
2026-10-01T00:05:06.991Z,ADA,1.1616,336.6,0.2458,1353.681844
2026-10-01T00:05:06.991Z,HYPE,0.1916,123200,90.837,1353.681844
2026-10-01T00:05:06.991Z,SEI,0.937,100.1,0.07326,1353.681844
2026-10-01T00:05:06.991Z,HBAR,0.5814,142.5,0.10466,1353.681844
2026-10-01T00:05:06.991Z,ARB,0.7834,276.5,0.20267,1353.681844
2026-10-01T00:05:06.991Z,JTO,-0.875,710.1,0.5292,1353.681844
2026-10-01T00:05:06.991Z,ONDO,0.5336,679.5,0.4993,1353.681844
2026-10-01T00:05:06.991Z,QTUM,0.517,1360,0.9995,1353.681844
2026-10-01T00:05:06.991Z,PYTH,-0.7223,103.4,0.07694,1353.681844
2026-10-01T00:05:06.991Z,APT,1.6975,1057,0.7678,1353.681844
2026-10-01T00:05:06.991Z,UNI,0.6823,12070,8.856,1353.681844
2026-10-01T00:05:06.991Z,TIA,0.4486,598.7,0.4403,1353.681844
2026-10-01T00:05:06.991Z,ALGO,1.8376,170.5,0.12368,1353.681844
2026-10-01T00:05:06.991Z,NEAR,1.5436,7310,5.318,1353.681844
2026-10-01T00:05:06.991Z,ZIL,-8.5397,4.363,0.003524,1353.681844
2026-10-01T00:05:06.991Z,SUSHI,1.6809,371.5,0.2699,1353.681844
2026-10-01T00:05:06.991Z,PENDLE,-1.0468,3180,2.374,1353.681844
2026-10-01T00:05:06.991Z,XTZ,2.4473,437.4,0.3154,1353.681844
2026-10-01T00:05:06.991Z,W,-3.6254,17.62,0.013506,1353.681844
2026-10-01T00:05:06.991Z,AR,10.7999,6145,4.097,1353.681844
2026-10-01T00:05:06.991Z,SHIB,0.4194,0.0078,0.000005738,1353.681844
2026-10-01T00:05:06.991Z,CELO,-1.6402,134,0.10064,1353.681844
2026-10-01T00:05:06.991Z,STX,-0.1614,501,0.3707,1353.681844
2026-10-01T00:05:06.991Z,JUP,0.1723,446.4,0.3292,1353.681844
2026-10-01T00:05:06.991Z,PEPE,0.5069,0.0058,0.000004263,1353.681844
2026-10-01T00:05:06.991Z,DYDX,2.9727,200,0.14348,1353.681844
2026-10-01T00:05:06.991Z,KITE,-7.901,176.2,0.14133,1353.681844
2026-10-01T00:05:06.991Z,CRV,-4.1328,510.4,0.3933,1353.681844
2026-10-01T00:05:06.991Z,ENJ,-1.2271,39.35,0.02943,1353.681844
2026-10-01T00:05:06.991Z,ATOM,0.3593,2353,1.732,1353.681844
2026-10-01T00:05:06.991Z,ICP,-0.2531,4495,3.329,1353.681844
2026-10-01T00:05:06.991Z,SPACE,-4.8596,6.822,0.005297,1353.681844
2026-10-01T00:05:06.991Z,DOT,1.6484,1675,1.2173,1353.681844
2026-10-01T00:05:06.991Z,ETHFI,4.0592,1100,0.7809,1353.681844
2026-10-01T00:05:06.991Z,CC,11.1363,190.1,0.12636,1353.681844
2026-10-01T00:05:06.991Z,SYRUP,-0.0914,304.3,0.225,1353.681844
2026-10-01T00:05:06.991Z,TAO,8.9387,442700,300.2,1353.681844
2026-10-01T00:05:06.991Z,GRAM,1.3647,2050,1.494,1353.681844
2026-10-01T00:05:06.991Z,RAY,13.8604,3000,1.9464,1353.681844
2026-10-01T00:05:06.991Z,RENDER,-0.5487,2570,1.909,1353.681844
2026-10-01T00:05:06.991Z,GRASS,5.0444,990.4,0.6965,1353.681844
2026-10-01T00:05:06.991Z,MINA,-1.8569,192.4,0.14482,1353.681844
2026-10-01T00:05:06.991Z,POL,1.771,155,0.11251,1353.681844
2026-10-01T00:05:06.991Z,ENA,4.0475,371.4,0.26369,1353.681844
2026-10-01T00:05:06.991Z,SAND,-0.387,58.9,0.04368,1353.681844
2026-10-01T00:05:06.991Z,AERO,-0.9399,1102,0.8218,1353.681844
2026-10-01T00:05:06.991Z,KGEN,-3.6405,213.4,0.1636,1353.681844
2026-10-01T00:05:06.991Z,LIT,0.6428,5340,3.9196,1353.681844
2026-10-01T00:05:06.991Z,MANA,1.8875,123.4,0.08947,1353.681844
2026-10-01T00:05:06.991Z,BAND,-0.0527,294,0.2173,1353.681844
2026-10-01T00:05:06.991Z,APE,-0.4655,202.7,0.15044,1353.681844
2026-10-01T00:05:06.991Z,GMT,-2.3869,11.34,0.008582,1353.681844
2026-10-01T00:05:06.991Z,VIRTUAL,-4.3091,1039,0.8021,1353.681844
2026-10-01T00:05:06.991Z,LPT,6.5334,2554,1.771,1353.681844
2026-10-01T00:05:06.991Z,DATA,-4.7968,285.2,0.2213,1353.681844
2026-10-01T00:05:06.991Z,THETA,-2.4803,296.1,0.2243,1353.681844
2026-10-01T00:05:06.991Z,GRT,0.2376,39.54,0.02914,1353.681844
2026-10-01T00:05:06.991Z,LAYER,2.0696,107.8,0.07802,1353.681844
2026-10-01T00:05:06.991Z,NMR,20.54,18370,11.258,1353.681844
2026-10-01T00:05:06.991Z,EIGEN,-2.7817,321.9,0.2446,1353.681844
2026-10-01T00:05:06.991Z,BAT,0.6115,121.8,0.08943,1353.681844
2026-10-01T00:05:06.991Z,SPK,-3.6768,32.35,0.02481,1353.681844
2026-10-01T00:05:06.991Z,PUMP,-3.4648,7.71,0.0059,1353.681844
2026-10-01T00:05:06.991Z,KMNO,-11.5535,52.01,0.04344,1353.681844
2026-10-01T00:05:06.991Z,CHZ,-2.1724,21.44,0.01619,1353.681844
2026-10-01T00:05:06.991Z,PENGU,0.08,12.98,0.009581,1353.681844
2026-10-01T00:05:06.991Z,OP,-0.6452,173.7,0.12915,1353.681844
2026-10-01T00:05:06.991Z,UMA,2.3514,570,0.4114,1353.681844
2026-10-01T00:05:06.991Z,ZRO,7.0307,2500,1.7255,1353.681844
2026-10-01T00:05:06.991Z,S,23.1514,67.5,0.04049,1353.681844
2026-10-01T00:05:06.991Z,IMX,-0.3162,224.5,0.16637,1353.681844
2026-10-01T00:05:06.991Z,A,0.8988,134.7,0.09862,1353.681844
2026-10-01T00:05:06.991Z,ATH,-6.8747,7.478,0.005932,1353.681844
2026-10-01T00:05:06.991Z,COMP,-0.9361,33190,24.75,1353.681844
2026-10-01T00:05:06.991Z,CVX,-3.7273,2828,2.17,1353.681844
2026-10-01T00:05:06.991Z,AXS,2.8793,1601,1.1496,1353.681844
2026-10-01T00:05:06.991Z,WCT,0.9009,57.08,0.04179,1353.681844
2026-10-01T00:05:06.991Z,ME,0.2008,103.1,0.07601,1353.681844
2026-10-01T00:05:06.991Z,ASTER,-2.5198,997.2,0.7557,1353.681844
2026-10-01T00:05:06.991Z,GMX,4.9173,11210,7.893,1353.681844
2026-10-01T00:05:06.991Z,MORPHO,3.4056,3487,2.4911,1353.681844
2026-10-01T00:05:06.991Z,MON,0.3323,43,0.03166,1353.681844
2026-10-01T00:05:06.991Z,1INCH,1.4553,139,0.10121,1353.681844
2026-10-01T00:05:06.991Z,SKY,5.3955,110.1,0.07717,1353.681844
2026-10-01T00:05:06.991Z,YGG,-2.3191,35.12,0.02656,1353.681844
2026-10-01T00:05:06.991Z,BIO,0.077,42.01,0.03101,1353.681844
2026-10-01T00:05:06.991Z,MOVE,-2.1226,12.22,0.009223,1353.681844
2026-10-01T00:05:06.991Z,GALA,-4.1445,3,0.002312,1353.681844
2026-10-01T00:05:06.991Z,ZK,1.9354,16.68,0.012088,1353.681844
2026-10-01T00:05:06.991Z,ENS,0.0138,9450,6.98,1353.681844
2026-10-01T00:05:06.991Z,INJ,3.4496,10360,7.398,1353.681844
2026-10-01T00:05:06.991Z,KAITO,-7.7229,435.2,0.3484,1353.681844
2026-10-01T00:05:06.991Z,LDO,4.25,646.9,0.4584,1353.681844
2026-10-01T00:05:06.991Z,BLUR,-1.1329,28.48,0.02128,1353.681844
2026-10-01T00:05:06.991Z,AUCTION,1.421,5110,3.722,1353.681844
2026-10-01T00:05:06.991Z,ZETA,3.7792,72.56,0.05165,1353.681844
2026-10-01T00:05:06.991Z,WIF,0.1133,336.5,0.2483,1353.681844
2026-10-01T00:05:06.991Z,KSM,-3.2894,6750,5.156,1353.681844
2026-10-01T00:05:06.991Z,SNX,-0.8698,339.1,0.2527,1353.681844
2026-10-01T00:10:06.755Z,BTC,0.5605,113601000,83452.3,1353.681844
2026-10-01T00:10:06.755Z,XRP,0.5346,2026,1.4887,1353.681844
2026-10-01T00:10:06.755Z,SOL,0.6271,160600,117.9,1353.681844
2026-10-01T00:10:06.755Z,ETH,0.5217,3649000,2681.62,1353.681844
2026-10-01T00:10:06.755Z,FIL,0.5867,1415,1.0392,1353.681844
2026-10-01T00:10:06.755Z,TRX,0.3081,458.9,0.33796,1353.681844
2026-10-01T00:10:06.755Z,BNB,-0.1696,1038000,768.1,1353.681844
2026-10-01T00:10:06.755Z,WLD,0.2646,726,0.5349,1353.681844
2026-10-01T00:10:06.755Z,FLOW,0.5653,42.46,0.03119,1353.681844
2026-10-01T00:10:06.755Z,LINK,0.4783,19540,14.366,1353.681844
2026-10-01T00:10:06.755Z,DOGE,0.6571,128.6,0.09438,1353.681844
2026-10-01T00:10:06.755Z,SUI,0.6715,1577,1.1572,1353.681844
2026-10-01T00:10:06.755Z,XLM,0.3912,306.3,0.22539,1353.681844
2026-10-01T00:10:06.755Z,BCH,0.2367,414800,305.7,1353.681844
2026-10-01T00:10:06.755Z,AVAX,0.4738,14840,10.911,1353.681844
2026-10-01T00:10:06.755Z,ETC,0.9589,12110,8.861,1353.681844
2026-10-01T00:10:06.755Z,AAVE,0.7185,217000,159.16,1353.681844
2026-10-01T00:10:06.755Z,ADA,1.1616,336.6,0.2458,1353.681844
2026-10-01T00:10:06.755Z,HYPE,0.5158,123200,90.544,1353.681844
2026-10-01T00:10:06.755Z,SEI,1.4056,100.4,0.07314,1353.681844
2026-10-01T00:10:06.755Z,HBAR,1.2586,142.5,0.10396,1353.681844
2026-10-01T00:10:06.755Z,ARB,0.8481,276.5,0.20254,1353.681844
2026-10-01T00:10:06.755Z,JTO,-0.725,710.1,0.5284,1353.681844
2026-10-01T00:10:06.755Z,ONDO,0.5538,679.5,0.4992,1353.681844
2026-10-01T00:10:06.755Z,QTUM,0.6076,1360,0.9986,1353.681844
2026-10-01T00:10:06.755Z,PYTH,-0.4506,103.4,0.07673,1353.681844
2026-10-01T00:10:06.755Z,APT,1.6843,1057,0.7679,1353.681844
2026-10-01T00:10:06.755Z,UNI,0.7164,12070,8.853,1353.681844
2026-10-01T00:10:06.755Z,TIA,0.54,598.7,0.4399,1353.681844
2026-10-01T00:10:06.755Z,ALGO,2.0108,170.5,0.12347,1353.681844
2026-10-01T00:10:06.755Z,NEAR,0.4946,7210,5.3,1353.681844
2026-10-01T00:10:06.755Z,ZIL,-8.4357,4.363,0.00352,1353.681844
2026-10-01T00:10:06.755Z,SUSHI,1.6432,371.5,0.27,1353.681844
2026-10-01T00:10:06.755Z,PENDLE,-0.9634,3180,2.372,1353.681844
2026-10-01T00:10:06.755Z,XTZ,2.1881,437.4,0.3162,1353.681844
2026-10-01T00:10:06.755Z,W,-2.9861,17.62,0.013417,1353.681844
2026-10-01T00:10:06.755Z,AR,10.8269,6145,4.096,1353.681844
2026-10-01T00:10:06.755Z,SHIB,0.5947,0.0078,0.000005728,1353.681844
2026-10-01T00:10:06.755Z,CELO,-2.5216,134,0.10155,1353.681844
2026-10-01T00:10:06.755Z,STX,0.1358,501,0.3696,1353.681844
2026-10-01T00:10:06.755Z,JUP,0.2332,446.4,0.329,1353.681844
2026-10-01T00:10:06.755Z,PEPE,0.5305,0.0058,0.000004262,1353.681844
2026-10-01T00:10:06.755Z,DYDX,3.1308,200,0.14326,1353.681844
2026-10-01T00:10:06.755Z,KITE,-8.2903,176.2,0.14193,1353.681844
2026-10-01T00:10:06.755Z,CRV,-4.1815,510.4,0.3935,1353.681844
2026-10-01T00:10:06.755Z,ENJ,-1.1599,39.35,0.02941,1353.681844
2026-10-01T00:10:06.755Z,ATOM,0.3593,2353,1.732,1353.681844
2026-10-01T00:10:06.755Z,ICP,0.0474,4495,3.319,1353.681844
2026-10-01T00:10:06.755Z,SPACE,-5.0567,6.822,0.005308,1353.681844
2026-10-01T00:10:06.755Z,DOT,1.7822,1675,1.2157,1353.681844
2026-10-01T00:10:06.755Z,ETHFI,4.166,1100,0.7801,1353.681844
2026-10-01T00:10:06.755Z,CC,11.1891,190.1,0.1263,1353.681844
2026-10-01T00:10:06.755Z,SYRUP,0.042,304.3,0.2247,1353.681844
2026-10-01T00:10:06.755Z,TAO,8.975,442700,300.1,1353.681844
2026-10-01T00:10:06.755Z,GRAM,1.5006,2050,1.492,1353.681844
2026-10-01T00:10:06.755Z,RAY,14.2949,3000,1.939,1353.681844
2026-10-01T00:10:06.755Z,RENDER,-0.5487,2570,1.909,1353.681844
2026-10-01T00:10:06.755Z,GRASS,4.6837,990.4,0.6989,1353.681844
2026-10-01T00:10:06.755Z,MINA,-1.4212,192.4,0.14418,1353.681844
2026-10-01T00:10:06.755Z,POL,1.8706,155,0.1124,1353.681844
2026-10-01T00:10:06.755Z,ENA,3.9332,371.4,0.26398,1353.681844
2026-10-01T00:10:06.755Z,SAND,-0.4781,58.9,0.04372,1353.681844
2026-10-01T00:10:06.755Z,AERO,-0.964,1102,0.822,1353.681844
2026-10-01T00:10:06.755Z,KGEN,-3.7582,213.4,0.1638,1353.681844
2026-10-01T00:10:06.755Z,LIT,0.8616,5340,3.9111,1353.681844
2026-10-01T00:10:06.755Z,MANA,1.6603,123.4,0.08967,1353.681844
2026-10-01T00:10:06.755Z,BAND,-0.1446,294,0.2175,1353.681844
2026-10-01T00:10:06.755Z,APE,-0.5712,202.7,0.1506,1353.681844
2026-10-01T00:10:06.755Z,GMT,-2.5232,11.34,0.008594,1353.681844
2026-10-01T00:10:06.755Z,VIRTUAL,-4.1418,1039,0.8007,1353.681844
2026-10-01T00:10:06.755Z,LPT,6.7745,2554,1.767,1353.681844
2026-10-01T00:10:06.755Z,DATA,-4.3647,285.2,0.2203,1353.681844
2026-10-01T00:10:06.755Z,THETA,-2.5237,296.1,0.2244,1353.681844
2026-10-01T00:10:06.755Z,GRT,0.1345,39.54,0.02917,1353.681844
2026-10-01T00:10:06.755Z,LAYER,2.0042,107.8,0.07807,1353.681844
2026-10-01T00:10:06.755Z,NMR,20.4437,18370,11.267,1353.681844
2026-10-01T00:10:06.755Z,EIGEN,-2.7022,321.9,0.2444,1353.681844
2026-10-01T00:10:06.755Z,BAT,0.544,121.8,0.08949,1353.681844
2026-10-01T00:10:06.755Z,SPK,-3.7544,32.35,0.02483,1353.681844
2026-10-01T00:10:06.755Z,PUMP,-3.2352,7.71,0.005886,1353.681844
2026-10-01T00:10:06.755Z,KMNO,-10.8144,52.01,0.04308,1353.681844
2026-10-01T00:10:06.755Z,CHZ,-2.2931,21.44,0.01621,1353.681844
2026-10-01T00:10:06.755Z,PENGU,0.1427,12.98,0.009575,1353.681844
2026-10-01T00:10:06.755Z,OP,-0.6067,173.7,0.1291,1353.681844
2026-10-01T00:10:06.755Z,UMA,2.3266,570,0.4115,1353.681844
2026-10-01T00:10:06.755Z,ZRO,7.4042,2500,1.7195,1353.681844
2026-10-01T00:10:06.755Z,S,22.6667,67.5,0.04065,1353.681844
2026-10-01T00:10:06.755Z,IMX,-0.0819,224.5,0.16598,1353.681844
2026-10-01T00:10:06.755Z,A,0.95,134.7,0.09857,1353.681844
2026-10-01T00:10:06.755Z,ATH,-6.9061,7.478,0.005934,1353.681844
2026-10-01T00:10:06.755Z,COMP,-0.9361,33190,24.75,1353.681844
2026-10-01T00:10:06.755Z,CVX,-3.4604,2828,2.164,1353.681844
2026-10-01T00:10:06.755Z,AXS,2.8793,1601,1.1496,1353.681844
2026-10-01T00:10:06.755Z,WCT,0.636,57.08,0.0419,1353.681844
2026-10-01T00:10:06.755Z,ME,0.214,103.1,0.076,1353.681844
2026-10-01T00:10:06.755Z,ASTER,-2.4682,997.2,0.7553,1353.681844
2026-10-01T00:10:06.755Z,GMX,4.9438,11210,7.891,1353.681844
2026-10-01T00:10:06.755Z,MORPHO,3.331,3487,2.4929,1353.681844
2026-10-01T00:10:06.755Z,MON,0.6502,43,0.03156,1353.681844
2026-10-01T00:10:06.755Z,1INCH,1.5356,139,0.10113,1353.681844
2026-10-01T00:10:06.755Z,SKY,5.4229,110.1,0.07715,1353.681844
2026-10-01T00:10:06.755Z,YGG,-2.4659,35.12,0.0266,1353.681844
2026-10-01T00:10:06.755Z,BIO,0.1416,42.01,0.03099,1353.681844
2026-10-01T00:10:06.755Z,MOVE,-2.0908,12.22,0.00922,1353.681844
2026-10-01T00:10:06.755Z,GALA,-4.02,3,0.002309,1353.681844
2026-10-01T00:10:06.755Z,ZK,2.0282,16.68,0.012077,1353.681844
2026-10-01T00:10:06.755Z,ENS,0.0138,9450,6.98,1353.681844
2026-10-01T00:10:06.755Z,INJ,3.4916,10360,7.395,1353.681844
2026-10-01T00:10:06.755Z,KAITO,-7.987,435.2,0.3494,1353.681844
2026-10-01T00:10:06.755Z,LDO,4.2727,646.9,0.4583,1353.681844
2026-10-01T00:10:06.755Z,BLUR,-1.2257,28.48,0.0213,1353.681844
2026-10-01T00:10:06.755Z,AUCTION,1.2849,5110,3.727,1353.681844
2026-10-01T00:10:06.755Z,ZETA,3.9604,72.56,0.05156,1353.681844
2026-10-01T00:10:06.755Z,WIF,0.1536,336.5,0.2482,1353.681844
2026-10-01T00:10:06.755Z,KSM,-3.5326,6750,5.169,1353.681844
2026-10-01T00:10:06.755Z,SNX,-0.9874,339.1,0.253,1353.681844
2026-10-01T00:15:06.976Z,BTC,0.482,113550000,83480,1353.681844
2026-10-01T00:15:06.976Z,XRP,0.5956,2029,1.49,1353.681844
2026-10-01T00:15:06.976Z,SOL,0.5845,160600,117.95,1353.681844
2026-10-01T00:15:06.976Z,ETH,0.5613,3650000,2681.3,1353.681844
2026-10-01T00:15:06.976Z,FIL,0.4225,1415,1.0409,1353.681844
2026-10-01T00:15:06.976Z,TRX,0.2903,458.9,0.33802,1353.681844
2026-10-01T00:15:06.976Z,BNB,-0.1696,1038000,768.1,1353.681844
2026-10-01T00:15:06.976Z,WLD,0.5866,731.6,0.5373,1353.681844
2026-10-01T00:15:06.976Z,FLOW,0.4365,42.46,0.03123,1353.681844
2026-10-01T00:15:06.976Z,LINK,0.5833,19540,14.351,1353.681844
2026-10-01T00:15:06.976Z,DOGE,0.6571,128.6,0.09438,1353.681844
2026-10-01T00:15:06.976Z,SUI,0.6107,1577,1.1579,1353.681844
2026-10-01T00:15:06.976Z,XLM,0.2178,306.3,0.22578,1353.681844
2026-10-01T00:15:06.976Z,BCH,0.1712,414800,305.9,1353.681844
2026-10-01T00:15:06.976Z,AVAX,0.3818,14840,10.921,1353.681844
2026-10-01T00:15:06.976Z,ETC,0.7656,12110,8.878,1353.681844
2026-10-01T00:15:06.976Z,AAVE,0.896,217000,158.88,1353.681844
2026-10-01T00:15:06.976Z,ADA,1.0793,336.6,0.246,1353.681844
2026-10-01T00:15:06.976Z,HYPE,0.6338,123000,90.291,1353.681844
2026-10-01T00:15:06.976Z,SEI,1.3364,100.4,0.07319,1353.681844
2026-10-01T00:15:06.976Z,HBAR,1.0836,142.5,0.10414,1353.681844
2026-10-01T00:15:06.976Z,ARB,0.6841,276.5,0.20287,1353.681844
2026-10-01T00:15:06.976Z,JTO,-0.7625,710.1,0.5286,1353.681844
2026-10-01T00:15:06.976Z,ONDO,0.5994,679.4,0.4989,1353.681844
2026-10-01T00:15:06.976Z,QTUM,0.4567,1360,1.0001,1353.681844
2026-10-01T00:15:06.976Z,PYTH,-0.7223,103.4,0.07694,1353.681844
2026-10-01T00:15:06.976Z,APT,1.1311,1057,0.7721,1353.681844
2026-10-01T00:15:06.976Z,UNI,0.6823,12070,8.856,1353.681844
2026-10-01T00:15:06.976Z,TIA,0.3347,598.7,0.4408,1353.681844
2026-10-01T00:15:06.976Z,ALGO,1.92,170.5,0.12358,1353.681844
2026-10-01T00:15:06.976Z,NEAR,0.818,7210,5.283,1353.681844
2026-10-01T00:15:06.976Z,ZIL,-8.9016,4.363,0.003538,1353.681844
2026-10-01T00:15:06.976Z,SUSHI,1.4929,371.5,0.2704,1353.681844
2026-10-01T00:15:06.976Z,PENDLE,-1.2133,3180,2.378,1353.681844
2026-10-01T00:15:06.976Z,XTZ,1.9946,437.4,0.3168,1353.681844
2026-10-01T00:15:06.976Z,W,-3.2313,17.62,0.013451,1353.681844
2026-10-01T00:15:06.976Z,AR,10.6918,6145,4.101,1353.681844
2026-10-01T00:15:06.976Z,SHIB,0.4719,0.0078,0.000005735,1353.681844
2026-10-01T00:15:06.976Z,CELO,-2.885,134,0.10193,1353.681844
2026-10-01T00:15:06.976Z,STX,0.1087,501,0.3697,1353.681844
2026-10-01T00:15:06.976Z,JUP,-0.0099,446.4,0.3298,1353.681844
2026-10-01T00:15:06.976Z,PEPE,0.3892,0.0058,0.000004268,1353.681844
2026-10-01T00:15:06.976Z,DYDX,2.8365,200,0.14367,1353.681844
2026-10-01T00:15:06.976Z,KITE,-8.4709,176.2,0.14221,1353.681844
2026-10-01T00:15:06.976Z,CRV,-4.1572,510.4,0.3934,1353.681844
2026-10-01T00:15:06.976Z,ENJ,-1.5949,39.35,0.02954,1353.681844
2026-10-01T00:15:06.976Z,ATOM,0.128,2353,1.736,1353.681844
2026-10-01T00:15:06.976Z,ICP,0.0474,4495,3.319,1353.681844
2026-10-01T00:15:06.976Z,SPACE,-5.2531,6.822,0.005319,1353.681844
2026-10-01T00:15:06.976Z,DOT,1.59,1675,1.218,1353.681844
2026-10-01T00:15:06.976Z,ETHFI,4.2863,1100,0.7792,1353.681844
2026-10-01T00:15:06.976Z,CC,10.255,190.1,0.12737,1353.681844
2026-10-01T00:15:06.976Z,SYRUP,0.0865,304.3,0.2246,1353.681844
2026-10-01T00:15:06.976Z,TAO,8.8662,442700,300.4,1353.681844
2026-10-01T00:15:06.976Z,GRAM,1.4326,2050,1.493,1353.681844
2026-10-01T00:15:06.976Z,RAY,14.3362,3000,1.9383,1353.681844
2026-10-01T00:15:06.976Z,RENDER,-0.6528,2570,1.911,1353.681844
2026-10-01T00:15:06.976Z,GRASS,4.6388,990.4,0.6992,1353.681844
2026-10-01T00:15:06.976Z,MINA,-2.0328,192.4,0.14508,1353.681844
2026-10-01T00:15:06.976Z,POL,1.8887,155,0.11238,1353.681844
2026-10-01T00:15:06.976Z,ENA,3.886,371.4,0.2641,1353.681844
2026-10-01T00:15:06.976Z,SAND,-0.6372,58.9,0.04379,1353.681844
2026-10-01T00:15:06.976Z,AERO,-1.3002,1102,0.8248,1353.681844
2026-10-01T00:15:06.976Z,KGEN,-3.8755,213.4,0.164,1353.681844
2026-10-01T00:15:06.976Z,LIT,0.8126,5340,3.913,1353.681844
2026-10-01T00:15:06.976Z,MANA,1.6376,123.4,0.08969,1353.681844
2026-10-01T00:15:06.976Z,BAND,-0.3279,294,0.2179,1353.681844
2026-10-01T00:15:06.976Z,APE,-0.7228,202.7,0.15083,1353.681844
2026-10-01T00:15:06.976Z,GMT,-2.6478,11.34,0.008605,1353.681844
2026-10-01T00:15:06.976Z,VIRTUAL,-4.2495,1039,0.8016,1353.681844
2026-10-01T00:15:06.976Z,LPT,6.6538,2554,1.769,1353.681844
2026-10-01T00:15:06.976Z,DATA,-3.665,285.2,0.2187,1353.681844
2026-10-01T00:15:06.976Z,THETA,-2.7837,296.1,0.225,1353.681844
2026-10-01T00:15:06.976Z,GRT,0.0316,39.54,0.0292,1353.681844
2026-10-01T00:15:06.976Z,LAYER,1.6526,107.8,0.07834,1353.681844
2026-10-01T00:15:06.976Z,NMR,20.241,18370,11.286,1353.681844
2026-10-01T00:15:06.976Z,EIGEN,-2.98,321.9,0.2451,1353.681844
2026-10-01T00:15:06.976Z,BAT,0.3198,121.8,0.08969,1353.681844
2026-10-01T00:15:06.976Z,SPK,-3.5212,32.35,0.02477,1353.681844
2026-10-01T00:15:06.976Z,PUMP,-2.9053,7.71,0.005866,1353.681844
2026-10-01T00:15:06.976Z,KMNO,-11.3699,52.01,0.04335,1353.681844
2026-10-01T00:15:06.976Z,CHZ,-2.5936,21.44,0.01626,1353.681844
2026-10-01T00:15:06.976Z,PENGU,-0.4909,12.91,0.009584,1353.681844
2026-10-01T00:15:06.976Z,OP,-0.8755,173.7,0.12945,1353.681844
2026-10-01T00:15:06.976Z,UMA,2.1033,570,0.4124,1353.681844
2026-10-01T00:15:06.976Z,ZRO,7.7425,2500,1.7141,1353.681844
2026-10-01T00:15:06.976Z,S,22.1558,67.5,0.04082,1353.681844
2026-10-01T00:15:06.976Z,IMX,-0.3701,224.5,0.16646,1353.681844
2026-10-01T00:15:06.976Z,A,0.664,134.7,0.09885,1353.681844
2026-10-01T00:15:06.976Z,ATH,-6.9845,7.478,0.005939,1353.681844
2026-10-01T00:15:06.976Z,COMP,-0.9761,33190,24.76,1353.681844
2026-10-01T00:15:06.976Z,CVX,-3.505,2828,2.165,1353.681844
2026-10-01T00:15:06.976Z,AXS,2.7363,1601,1.1512,1353.681844
2026-10-01T00:15:06.976Z,WCT,0.4921,57.08,0.04196,1353.681844
2026-10-01T00:15:06.976Z,ME,-0.2192,103.1,0.07633,1353.681844
2026-10-01T00:15:06.976Z,ASTER,-2.5843,997.2,0.7562,1353.681844
2026-10-01T00:15:06.976Z,GMX,4.8774,11210,7.896,1353.681844
2026-10-01T00:15:06.976Z,MORPHO,3.1241,3487,2.4979,1353.681844
2026-10-01T00:15:06.976Z,MON,-0.5783,43,0.03195,1353.681844
2026-10-01T00:15:06.976Z,1INCH,1.3052,139,0.10136,1353.681844
2026-10-01T00:15:06.976Z,SKY,4.9603,110.1,0.07749,1353.681844
2026-10-01T00:15:06.976Z,YGG,-2.6124,35.12,0.02664,1353.681844
2026-10-01T00:15:06.976Z,BIO,0.2386,42.01,0.03096,1353.681844
2026-10-01T00:15:06.976Z,MOVE,-2.7448,12.22,0.009282,1353.681844
2026-10-01T00:15:06.976Z,GALA,-4.1031,3,0.002311,1353.681844
2026-10-01T00:15:06.976Z,ZK,1.7922,16.68,0.012105,1353.681844
2026-10-01T00:15:06.976Z,ENS,-0.1007,9450,6.988,1353.681844
2026-10-01T00:15:06.976Z,INJ,3.4077,10360,7.401,1353.681844
2026-10-01T00:15:06.976Z,KAITO,-7.9343,435.2,0.3492,1353.681844
2026-10-01T00:15:06.976Z,LDO,4.5465,646.9,0.4571,1353.681844
2026-10-01T00:15:06.976Z,BLUR,0.3286,28.48,0.02097,1353.681844
2026-10-01T00:15:06.976Z,AUCTION,1.1222,5110,3.733,1353.681844
2026-10-01T00:15:06.976Z,ZETA,3.6588,72.56,0.05171,1353.681844
2026-10-01T00:15:06.976Z,WIF,-0.2082,336.5,0.2491,1353.681844
2026-10-01T00:15:06.976Z,KSM,-3.1767,6750,5.15,1353.681844
2026-10-01T00:15:06.976Z,SNX,-1.2995,339.1,0.2538,1353.681844
2026-10-01T00:20:06.966Z,BTC,0.5251,113505000,83411.1,1353.681844
2026-10-01T00:20:06.966Z,XRP,0.5752,2026,1.4881,1353.681844
2026-10-01T00:20:06.966Z,SOL,0.5389,160500,117.93,1353.681844
2026-10-01T00:20:06.966Z,ETH,0.5116,3645000,2678.95,1353.681844
2026-10-01T00:20:06.966Z,FIL,0.3646,1415,1.0415,1353.681844
2026-10-01T00:20:06.966Z,TRX,0.2725,458.9,0.33808,1353.681844
2026-10-01T00:20:06.966Z,BNB,-0.0915,1038000,767.5,1353.681844
2026-10-01T00:20:06.966Z,WLD,0.4118,730.6,0.5375,1353.681844
2026-10-01T00:20:06.966Z,FLOW,0.6298,42.46,0.03117,1353.681844
2026-10-01T00:20:06.966Z,LINK,0.5971,19510,14.327,1353.681844
2026-10-01T00:20:06.966Z,DOGE,0.6891,128.6,0.09435,1353.681844
2026-10-01T00:20:06.966Z,SUI,0.4044,1572,1.1566,1353.681844
2026-10-01T00:20:06.966Z,XLM,0.2844,306.3,0.22563,1353.681844
2026-10-01T00:20:06.966Z,BCH,0.2695,414800,305.6,1353.681844
2026-10-01T00:20:06.966Z,AVAX,0.4462,14840,10.914,1353.681844
2026-10-01T00:20:06.966Z,ETC,0.8793,12110,8.868,1353.681844
2026-10-01T00:20:06.966Z,AAVE,0.8516,217000,158.95,1353.681844
2026-10-01T00:20:06.966Z,ADA,1.2028,336.6,0.2457,1353.681844
2026-10-01T00:20:06.966Z,HYPE,0.7275,123000,90.207,1353.681844
2026-10-01T00:20:06.966Z,SEI,0.6405,99.37,0.07294,1353.681844
2026-10-01T00:20:06.966Z,HBAR,0.9382,142.5,0.10429,1353.681844
2026-10-01T00:20:06.966Z,ARB,0.9977,276.5,0.20224,1353.681844
2026-10-01T00:20:06.966Z,JTO,-0.875,710.1,0.5292,1353.681844
2026-10-01T00:20:06.966Z,ONDO,0.6801,679.4,0.4985,1353.681844
2026-10-01T00:20:06.966Z,QTUM,0.7488,1360,0.9972,1353.681844
2026-10-01T00:20:06.966Z,PYTH,-0.4376,103.4,0.07672,1353.681844
2026-10-01T00:20:06.966Z,APT,0.6877,1057,0.7755,1353.681844
2026-10-01T00:20:06.966Z,UNI,0.933,12070,8.834,1353.681844
2026-10-01T00:20:06.966Z,TIA,0.403,598.7,0.4405,1353.681844
2026-10-01T00:20:06.966Z,ALGO,1.8953,170.5,0.12361,1353.681844
2026-10-01T00:20:06.966Z,NEAR,0.9009,7205,5.275,1353.681844
2026-10-01T00:20:06.966Z,ZIL,-8.6434,4.363,0.003528,1353.681844
2026-10-01T00:20:06.966Z,SUSHI,1.3626,370.2,0.2698,1353.681844
2026-10-01T00:20:06.966Z,PENDLE,-1.0051,3180,2.373,1353.681844
2026-10-01T00:20:06.966Z,XTZ,2.6752,437.4,0.3147,1353.681844
2026-10-01T00:20:06.966Z,W,-3.2313,17.62,0.013451,1353.681844
2026-10-01T00:20:06.966Z,AR,10.9895,6145,4.09,1353.681844
2026-10-01T00:20:06.966Z,SHIB,0.542,0.0078,0.000005731,1353.681844
2026-10-01T00:20:06.966Z,CELO,-2.8564,134,0.1019,1353.681844
2026-10-01T00:20:06.966Z,STX,0.0275,501,0.37,1353.681844
2026-10-01T00:20:06.966Z,JUP,0.2028,446.4,0.3291,1353.681844
2026-10-01T00:20:06.966Z,PEPE,0.5305,0.0058,0.000004262,1353.681844
2026-10-01T00:20:06.966Z,DYDX,3.0229,200,0.14341,1353.681844
2026-10-01T00:20:06.966Z,KITE,-8.5352,176.2,0.14231,1353.681844
2026-10-01T00:20:06.966Z,CRV,-4.1572,510.4,0.3934,1353.681844
2026-10-01T00:20:06.966Z,ENJ,-1.4949,39.35,0.02951,1353.681844
2026-10-01T00:20:06.966Z,ATOM,0.128,2353,1.736,1353.681844
2026-10-01T00:20:06.966Z,ICP,-0.073,4495,3.323,1353.681844
2026-10-01T00:20:06.966Z,SPACE,-5.1282,6.822,0.005312,1353.681844
2026-10-01T00:20:06.966Z,DOT,1.565,1675,1.2183,1353.681844
2026-10-01T00:20:06.966Z,ETHFI,4.5143,1100,0.7775,1353.681844
2026-10-01T00:20:06.966Z,CC,10.6111,190.1,0.12696,1353.681844
2026-10-01T00:20:06.966Z,SYRUP,0.2204,304.3,0.2243,1353.681844
2026-10-01T00:20:06.966Z,TAO,8.9024,442700,300.3,1353.681844
2026-10-01T00:20:06.966Z,GRAM,1.4326,2050,1.493,1353.681844
2026-10-01T00:20:06.966Z,RAY,14.6259,3000,1.9334,1353.681844
2026-10-01T00:20:06.966Z,RENDER,-0.5487,2570,1.909,1353.681844
2026-10-01T00:20:06.966Z,GRASS,4.6837,990.4,0.6989,1353.681844
2026-10-01T00:20:06.966Z,MINA,-1.9922,192.4,0.14502,1353.681844
2026-10-01T00:20:06.966Z,POL,1.9613,155,0.1123,1353.681844
2026-10-01T00:20:06.966Z,ENA,4.1304,371.4,0.26348,1353.681844
2026-10-01T00:20:06.966Z,SAND,-0.387,58.9,0.04368,1353.681844
2026-10-01T00:20:06.966Z,AERO,-0.964,1102,0.822,1353.681844
2026-10-01T00:20:06.966Z,KGEN,-3.8169,213.4,0.1639,1353.681844
2026-10-01T00:20:06.966Z,LIT,1.3826,5340,3.891,1353.681844
2026-10-01T00:20:06.966Z,MANA,1.683,123.4,0.08965,1353.681844
2026-10-01T00:20:06.966Z,BAND,-0.1905,294,0.2176,1353.681844
2026-10-01T00:20:06.966Z,APE,-0.558,202.7,0.15058,1353.681844
2026-10-01T00:20:06.966Z,GMT,-2.3983,11.34,0.008583,1353.681844
2026-10-01T00:20:06.966Z,VIRTUAL,-3.8777,1039,0.7985,1353.681844
2026-10-01T00:20:06.966Z,LPT,6.8955,2554,1.765,1353.681844
2026-10-01T00:20:06.966Z,DATA,-3.665,285.2,0.2187,1353.681844
2026-10-01T00:20:06.966Z,THETA,-2.5237,296.1,0.2244,1353.681844
2026-10-01T00:20:06.966Z,GRT,0.1345,39.54,0.02917,1353.681844
2026-10-01T00:20:06.966Z,LAYER,1.8737,107.8,0.07817,1353.681844
2026-10-01T00:20:06.966Z,NMR,19.5524,18370,11.351,1353.681844
2026-10-01T00:20:06.966Z,EIGEN,-2.8611,321.9,0.2448,1353.681844
2026-10-01T00:20:06.966Z,BAT,0.7354,121.8,0.08932,1353.681844
2026-10-01T00:20:06.966Z,SPK,-3.4043,32.35,0.02474,1353.681844
2026-10-01T00:20:06.966Z,PUMP,-2.4897,7.71,0.005841,1353.681844
2026-10-01T00:20:06.966Z,KMNO,-11.1444,52.01,0.04324,1353.681844
2026-10-01T00:20:06.966Z,CHZ,-2.2931,21.44,0.01621,1353.681844
2026-10-01T00:20:06.966Z,PENGU,-0.2932,12.91,0.009565,1353.681844
2026-10-01T00:20:06.966Z,OP,-0.7605,173.7,0.1293,1353.681844
2026-10-01T00:20:06.966Z,UMA,2.128,570,0.4123,1353.681844
2026-10-01T00:20:06.966Z,ZRO,7.8558,2500,1.7123,1353.681844
2026-10-01T00:20:06.966Z,S,21.6789,67.5,0.04098,1353.681844
2026-10-01T00:20:06.966Z,IMX,-0.2142,224.5,0.1662,1353.681844
2026-10-01T00:20:06.966Z,A,0.5725,134.7,0.09894,1353.681844
2026-10-01T00:20:06.966Z,ATH,-6.9061,7.478,0.005934,1353.681844
2026-10-01T00:20:06.966Z,COMP,-0.8159,33190,24.72,1353.681844
2026-10-01T00:20:06.966Z,CVX,-3.2368,2828,2.159,1353.681844
2026-10-01T00:20:06.966Z,AXS,2.7363,1601,1.1512,1353.681844
2026-10-01T00:20:06.966Z,WCT,0.54,57.08,0.04194,1353.681844
2026-10-01T00:20:06.966Z,ME,-0.1407,103.1,0.07627,1353.681844
2026-10-01T00:20:06.966Z,ASTER,-2.4811,997.2,0.7554,1353.681844
2026-10-01T00:20:06.966Z,GMX,5.0104,11210,7.886,1353.681844
2026-10-01T00:20:06.966Z,MORPHO,3.3807,3487,2.4917,1353.681844
2026-10-01T00:20:06.966Z,MON,0.1426,43,0.03172,1353.681844
2026-10-01T00:20:06.966Z,1INCH,1.4954,139,0.10117,1353.681844
2026-10-01T00:20:06.966Z,SKY,4.8791,110.1,0.07755,1353.681844
2026-10-01T00:20:06.966Z,YGG,-2.2086,35.12,0.02653,1353.681844
2026-10-01T00:20:06.966Z,BIO,0.3359,42.01,0.03093,1353.681844
2026-10-01T00:20:06.966Z,MOVE,-2.5347,12.22,0.009262,1353.681844
2026-10-01T00:20:06.966Z,GALA,-3.8117,3,0.002304,1353.681844
2026-10-01T00:20:06.966Z,ZK,1.9945,16.68,0.012081,1353.681844
2026-10-01T00:20:06.966Z,ENS,0.1573,9450,6.97,1353.681844
2026-10-01T00:20:06.966Z,INJ,3.5756,10360,7.389,1353.681844
2026-10-01T00:20:06.966Z,KAITO,-7.6433,435.2,0.3481,1353.681844
2026-10-01T00:20:06.966Z,LDO,4.6151,646.9,0.4568,1353.681844
2026-10-01T00:20:06.966Z,BLUR,0.09,28.48,0.02102,1353.681844
2026-10-01T00:20:06.966Z,AUCTION,1.2306,5110,3.729,1353.681844
2026-10-01T00:20:06.966Z,ZETA,3.5987,72.56,0.05174,1353.681844
2026-10-01T00:20:06.966Z,WIF,0.0327,336.5,0.2485,1353.681844
2026-10-01T00:20:06.966Z,KSM,-2.9694,6750,5.139,1353.681844
2026-10-01T00:20:06.966Z,SNX,-1.1826,339.1,0.2535,1353.681844
2026-10-01T00:25:06.945Z,BTC,0.5691,113573000,83424.6,1353.681844
2026-10-01T00:25:06.945Z,XRP,0.5437,2027,1.4893,1353.681844
2026-10-01T00:25:06.945Z,SOL,0.5023,160700,118.12,1353.681844
2026-10-01T00:25:06.945Z,ETH,0.3658,3643000,2681.37,1353.681844
2026-10-01T00:25:06.945Z,FIL,-0.0003,1415,1.0453,1353.681844
2026-10-01T00:25:06.945Z,TRX,0.2162,458.9,0.33827,1353.681844
2026-10-01T00:25:06.945Z,BNB,-0.1566,1038000,768,1353.681844
2026-10-01T00:25:06.945Z,WLD,0.6146,734.8,0.5395,1353.681844
2026-10-01T00:25:06.945Z,FLOW,0.5008,42.46,0.03121,1353.681844
2026-10-01T00:25:06.945Z,LINK,0.3729,19510,14.359,1353.681844
2026-10-01T00:25:06.945Z,DOGE,0.5825,128.6,0.09445,1353.681844
2026-10-01T00:25:06.945Z,SUI,0.0239,1572,1.161,1353.681844
2026-10-01T00:25:06.945Z,XLM,0.2877,306.5,0.22577,1353.681844
2026-10-01T00:25:06.945Z,BCH,0.2695,414800,305.6,1353.681844
2026-10-01T00:25:06.945Z,AVAX,0.5383,14840,10.904,1353.681844
2026-10-01T00:25:06.945Z,ETC,0.6523,12110,8.888,1353.681844
2026-10-01T00:25:06.945Z,AAVE,0.8135,217000,159.01,1353.681844
2026-10-01T00:25:06.945Z,ADA,0.9153,336.6,0.2464,1353.681844
2026-10-01T00:25:06.945Z,HYPE,0.3948,123000,90.506,1353.681844
2026-10-01T00:25:06.945Z,SEI,-0.0174,99.37,0.07342,1353.681844
2026-10-01T00:25:06.945Z,HBAR,0.7065,142.5,0.10453,1353.681844
2026-10-01T00:25:06.945Z,ARB,0.8929,276.5,0.20245,1353.681844
2026-10-01T00:25:06.945Z,JTO,-1.1366,710.1,0.5306,1353.681844
2026-10-01T00:25:06.945Z,ONDO,0.2979,679.4,0.5004,1353.681844
2026-10-01T00:25:06.945Z,QTUM,0.6681,1360,0.998,1353.681844
2026-10-01T00:25:06.945Z,PYTH,-0.6577,103.4,0.07689,1353.681844
2026-10-01T00:25:06.945Z,APT,0.7267,1057,0.7752,1353.681844
2026-10-01T00:25:06.945Z,UNI,0.7961,12070,8.846,1353.681844
2026-10-01T00:25:06.945Z,TIA,0.1076,598.7,0.4418,1353.681844
2026-10-01T00:25:06.945Z,ALGO,1.78,170.5,0.12375,1353.681844
2026-10-01T00:25:06.945Z,NEAR,0.3492,7205,5.304,1353.681844
2026-10-01T00:25:06.945Z,ZIL,-9.0815,4.363,0.003545,1353.681844
2026-10-01T00:25:06.945Z,SUSHI,1.5131,370.2,0.2694,1353.681844
2026-10-01T00:25:06.945Z,PENDLE,-1.0468,3180,2.374,1353.681844
2026-10-01T00:25:06.945Z,XTZ,2.3175,437.4,0.3158,1353.681844
2026-10-01T00:25:06.945Z,W,-3.296,17.62,0.01346,1353.681844
2026-10-01T00:25:06.945Z,AR,10.9353,6145,4.092,1353.681844
2026-10-01T00:25:06.945Z,SHIB,0.4369,0.0078,0.000005737,1353.681844
2026-10-01T00:25:06.945Z,CELO,-2.7515,134,0.10179,1353.681844
2026-10-01T00:25:06.945Z,STX,-0.3227,501,0.3713,1353.681844
2026-10-01T00:25:06.945Z,JUP,0.2028,446.4,0.3291,1353.681844
2026-10-01T00:25:06.945Z,PEPE,0.3187,0.0058,0.000004271,1353.681844
2026-10-01T00:25:06.945Z,DYDX,3.0804,200,0.14333,1353.681844
2026-10-01T00:25:06.945Z,KITE,-9.2051,176.2,0.14336,1353.681844
2026-10-01T00:25:06.945Z,CRV,-4.4486,510.4,0.3946,1353.681844
2026-10-01T00:25:06.945Z,ENJ,-1.3612,39.35,0.02947,1353.681844
2026-10-01T00:25:06.945Z,ATOM,-0.0447,2353,1.739,1353.681844
2026-10-01T00:25:06.945Z,ICP,-0.1031,4495,3.324,1353.681844
2026-10-01T00:25:06.945Z,SPACE,-5.1282,6.822,0.005312,1353.681844
2026-10-01T00:25:06.945Z,DOT,1.3653,1675,1.2207,1353.681844
2026-10-01T00:25:06.945Z,ETHFI,4.9733,1100,0.7741,1353.681844
2026-10-01T00:25:06.945Z,CC,10.4545,190.1,0.12714,1353.681844
2026-10-01T00:25:06.945Z,SYRUP,-0.1801,304.3,0.2252,1353.681844
2026-10-01T00:25:06.945Z,TAO,8.6853,442700,300.9,1353.681844
2026-10-01T00:25:06.945Z,GRAM,1.2969,2050,1.495,1353.681844
2026-10-01T00:25:06.945Z,RAY,14.5016,3000,1.9355,1353.681844
2026-10-01T00:25:06.945Z,RENDER,-0.6528,2570,1.911,1353.681844
2026-10-01T00:25:06.945Z,GRASS,4.2511,990.4,0.7018,1353.681844
2026-10-01T00:25:06.945Z,MINA,-2.3424,192.4,0.14554,1353.681844
2026-10-01T00:25:06.945Z,POL,1.771,155,0.11251,1353.681844
2026-10-01T00:25:06.945Z,ENA,3.6466,371.4,0.26471,1353.681844
2026-10-01T00:25:06.945Z,SAND,-0.5009,58.9,0.04373,1353.681844
2026-10-01T00:25:06.945Z,AERO,-1.1324,1102,0.8234,1353.681844
2026-10-01T00:25:06.945Z,KGEN,-3.9341,213.4,0.1641,1353.681844
2026-10-01T00:25:06.945Z,LIT,0.9881,5340,3.9062,1353.681844
2026-10-01T00:25:06.945Z,MANA,1.5357,123.4,0.08978,1353.681844
2026-10-01T00:25:06.945Z,BAND,-0.1446,294,0.2175,1353.681844
2026-10-01T00:25:06.945Z,APE,-0.7097,202.7,0.15081,1353.681844
2026-10-01T00:25:06.945Z,GMT,-2.6252,11.34,0.008603,1353.681844
2026-10-01T00:25:06.945Z,VIRTUAL,-4.01,1039,0.7996,1353.681844
2026-10-01T00:25:06.945Z,LPT,6.6538,2554,1.769,1353.681844
2026-10-01T00:25:06.945Z,DATA,-3.8847,285.2,0.2192,1353.681844
2026-10-01T00:25:06.945Z,THETA,-2.5237,296.1,0.2244,1353.681844
2026-10-01T00:25:06.945Z,GRT,-0.0026,39.54,0.02921,1353.681844
2026-10-01T00:25:06.945Z,LAYER,1.9128,107.8,0.07814,1353.681844
2026-10-01T00:25:06.945Z,NMR,19.4472,18370,11.361,1353.681844
2026-10-01T00:25:06.945Z,EIGEN,-3.0196,321.9,0.2452,1353.681844
2026-10-01T00:25:06.945Z,BAT,0.634,121.8,0.08941,1353.681844
2026-10-01T00:25:06.945Z,SPK,-3.3261,32.35,0.02472,1353.681844
2026-10-01T00:25:06.945Z,PUMP,-2.8556,7.71,0.005863,1353.681844
2026-10-01T00:25:06.945Z,KMNO,-10.8765,52.01,0.04311,1353.681844
2026-10-01T00:25:06.945Z,CHZ,-2.3534,21.44,0.01622,1353.681844
2026-10-01T00:25:06.945Z,PENGU,-0.5739,12.91,0.009592,1353.681844
2026-10-01T00:25:06.945Z,OP,-0.9443,173.7,0.12954,1353.681844
2026-10-01T00:25:06.945Z,UMA,2.1528,570,0.4122,1353.681844
2026-10-01T00:25:06.945Z,ZRO,7.7866,2500,1.7134,1353.681844
2026-10-01T00:25:06.945Z,S,21.3531,67.5,0.04109,1353.681844
2026-10-01T00:25:06.945Z,IMX,-0.2862,224.5,0.16632,1353.681844
2026-10-01T00:25:06.945Z,A,0.6131,134.7,0.0989,1353.681844
2026-10-01T00:25:06.945Z,ATH,-6.8276,7.478,0.005929,1353.681844
2026-10-01T00:25:06.945Z,COMP,-0.6954,33190,24.69,1353.681844
2026-10-01T00:25:06.945Z,CVX,-3.2368,2828,2.159,1353.681844
2026-10-01T00:25:06.945Z,AXS,2.6561,1601,1.1521,1353.681844
2026-10-01T00:25:06.945Z,WCT,0.8526,57.08,0.04181,1353.681844
2026-10-01T00:25:06.945Z,ME,0.0035,103.1,0.07616,1353.681844
2026-10-01T00:25:06.945Z,ASTER,-2.5327,997.2,0.7558,1353.681844
2026-10-01T00:25:06.945Z,GMX,5.037,11210,7.884,1353.681844
2026-10-01T00:25:06.945Z,MORPHO,3.1654,3487,2.4969,1353.681844
2026-10-01T00:25:06.945Z,MON,-3.2728,43,0.03284,1353.681844
2026-10-01T00:25:06.945Z,1INCH,1.4052,139,0.10126,1353.681844
2026-10-01T00:25:06.945Z,SKY,4.6362,110.1,0.07773,1353.681844
2026-10-01T00:25:06.945Z,YGG,-2.2823,35.12,0.02655,1353.681844
2026-10-01T00:25:06.945Z,BIO,0.3683,42.01,0.03092,1353.681844
2026-10-01T00:25:06.945Z,MOVE,-2.7448,12.22,0.009282,1353.681844
2026-10-01T00:25:06.945Z,GALA,-3.9784,3,0.002308,1353.681844
2026-10-01T00:25:06.945Z,ZK,1.9017,16.68,0.012092,1353.681844
2026-10-01T00:25:06.945Z,ENS,0.2004,9450,6.967,1353.681844
2026-10-01T00:25:06.945Z,INJ,3.4077,10360,7.401,1353.681844
2026-10-01T00:25:06.945Z,KAITO,-7.6168,435.2,0.348,1353.681844
2026-10-01T00:25:06.945Z,LDO,4.2955,646.9,0.4582,1353.681844
2026-10-01T00:25:06.945Z,BLUR,0.2808,28.48,0.02098,1353.681844
2026-10-01T00:25:06.945Z,AUCTION,1.3393,5110,3.725,1353.681844
2026-10-01T00:25:06.945Z,ZETA,3.2793,72.56,0.0519,1353.681844
2026-10-01T00:25:06.945Z,WIF,0.1536,336.5,0.2482,1353.681844
2026-10-01T00:25:06.945Z,KSM,-3.3081,6750,5.157,1353.681844
2026-10-01T00:25:06.945Z,SNX,-1.1826,339.1,0.2535,1353.681844
2026-10-01T00:30:06.770Z,BTC,0.4081,113594000,83440.9,1355.838011
2026-10-01T00:30:06.770Z,XRP,0.4602,2025,1.4867,1355.838011
2026-10-01T00:30:06.770Z,SOL,0.507,160800,118,1355.838011
2026-10-01T00:30:06.770Z,ETH,0.4047,3650000,2681.21,1355.838011
2026-10-01T00:30:06.770Z,FIL,-0.3119,1415,1.0469,1355.838011
2026-10-01T00:30:06.770Z,TRX,0.2228,458.9,0.33771,1355.838011
2026-10-01T00:30:06.770Z,BNB,-0.3413,1038000,768.2,1355.838011
2026-10-01T00:30:06.770Z,WLD,0.7608,735.4,0.5383,1355.838011
2026-10-01T00:30:06.770Z,FLOW,0.502,42.46,0.03116,1355.838011
2026-10-01T00:30:06.770Z,LINK,0.2482,19510,14.354,1355.838011
2026-10-01T00:30:06.770Z,DOGE,0.5396,128.6,0.09434,1355.838011
2026-10-01T00:30:06.770Z,SUI,-0.1094,1572,1.1607,1355.838011
2026-10-01T00:30:06.770Z,XLM,0.2748,306.5,0.22544,1355.838011
2026-10-01T00:30:06.770Z,BCH,-0.0208,414800,306,1355.838011
2026-10-01T00:30:06.770Z,AVAX,0.5074,14840,10.89,1355.838011
2026-10-01T00:30:06.770Z,ETC,0.5035,12110,8.887,1355.838011
2026-10-01T00:30:06.770Z,AAVE,0.7229,217000,158.9,1355.838011
2026-10-01T00:30:06.770Z,ADA,1.0007,336.6,0.2458,1355.838011
2026-10-01T00:30:06.770Z,HYPE,0.5986,123000,90.179,1355.838011
2026-10-01T00:30:06.770Z,SEI,1.0234,100.4,0.0733,1355.838011
2026-10-01T00:30:06.770Z,HBAR,0.7657,141.8,0.10379,1355.838011
2026-10-01T00:30:06.770Z,ARB,0.867,276.5,0.20218,1355.838011
2026-10-01T00:30:06.770Z,JTO,0.7129,724.4,0.5305,1355.838011
2026-10-01T00:30:06.770Z,ONDO,0.8257,684.2,0.5005,1355.838011
2026-10-01T00:30:06.770Z,QTUM,0.3672,1360,0.9994,1355.838011
2026-10-01T00:30:06.770Z,PYTH,-0.6866,103.4,0.07679,1355.838011
2026-10-01T00:30:06.770Z,APT,0.5276,1057,0.7755,1355.838011
2026-10-01T00:30:06.770Z,UNI,0.7611,12070,8.835,1355.838011
2026-10-01T00:30:06.770Z,TIA,-0.0516,598.7,0.4418,1355.838011
2026-10-01T00:30:06.770Z,ALGO,1.7086,170.5,0.12364,1355.838011
2026-10-01T00:30:06.770Z,NEAR,0.1896,7205,5.304,1355.838011
2026-10-01T00:30:06.770Z,ZIL,-9.0979,4.363,0.00354,1355.838011
2026-10-01T00:30:06.770Z,SUSHI,1.6536,370.2,0.2686,1355.838011
2026-10-01T00:30:06.770Z,PENDLE,-1.2458,3180,2.375,1355.838011
2026-10-01T00:30:06.770Z,XTZ,2.2196,437.4,0.3156,1355.838011
2026-10-01T00:30:06.770Z,W,-3.0609,17.62,0.013406,1355.838011
2026-10-01T00:30:06.770Z,AR,10.4888,6145,4.102,1355.838011
2026-10-01T00:30:06.770Z,SHIB,0.3821,0.0078,0.000005731,1355.838011
2026-10-01T00:30:06.770Z,CELO,-2.6575,134,0.10153,1355.838011
2026-10-01T00:30:06.770Z,STX,-1.0674,501,0.3735,1355.838011
2026-10-01T00:30:06.770Z,JUP,-0.078,446.4,0.3295,1355.838011
2026-10-01T00:30:06.770Z,PEPE,0.1591,0.0058,0.000004271,1355.838011
2026-10-01T00:30:06.770Z,DYDX,3.0819,200,0.1431,1355.838011
2026-10-01T00:30:06.770Z,KITE,-9.3748,176.2,0.1434,1355.838011
2026-10-01T00:30:06.770Z,CRV,-4.5764,510.4,0.3945,1355.838011
2026-10-01T00:30:06.770Z,ENJ,-1.6848,39.35,0.02952,1355.838011
2026-10-01T00:30:06.770Z,ATOM,0.0264,2353,1.735,1355.838011
2026-10-01T00:30:06.770Z,ICP,-0.4118,4495,3.329,1355.838011
2026-10-01T00:30:06.770Z,SPACE,-5.2434,6.822,0.00531,1355.838011
2026-10-01T00:30:06.770Z,DOT,1.2788,1675,1.2198,1355.838011
2026-10-01T00:30:06.770Z,ETHFI,4.7388,1100,0.7746,1355.838011
2026-10-01T00:30:06.770Z,CC,9.8813,190.1,0.1276,1355.838011
2026-10-01T00:30:06.770Z,SYRUP,-0.0281,304.3,0.2245,1355.838011
2026-10-01T00:30:06.770Z,TAO,8.6207,442700,300.6,1355.838011
2026-10-01T00:30:06.770Z,GRAM,1.1358,2050,1.495,1355.838011
2026-10-01T00:30:06.770Z,RAY,14.42,3000,1.9338,1355.838011
2026-10-01T00:30:06.770Z,RENDER,-0.4461,2570,1.904,1355.838011
2026-10-01T00:30:06.770Z,GRASS,3.9816,990.4,0.7025,1355.838011
2026-10-01T00:30:06.770Z,MINA,-0.8279,196.3,0.14599,1355.838011
2026-10-01T00:30:06.770Z,POL,0.3426,153,0.11246,1355.838011
2026-10-01T00:30:06.770Z,ENA,3.3646,371.4,0.26501,1355.838011
2026-10-01T00:30:06.770Z,SAND,-0.6818,58.9,0.04374,1355.838011
2026-10-01T00:30:06.770Z,AERO,-1.2656,1102,0.8232,1355.838011
2026-10-01T00:30:06.770Z,KGEN,-4.0869,213.4,0.1641,1355.838011
2026-10-01T00:30:06.770Z,LIT,1.3073,5340,3.8877,1355.838011
2026-10-01T00:30:06.770Z,MANA,1.2502,123.4,0.08989,1355.838011
2026-10-01T00:30:06.770Z,BAND,-0.3492,294,0.2176,1355.838011
2026-10-01T00:30:06.770Z,APE,-0.7095,202.7,0.15057,1355.838011
2026-10-01T00:30:06.770Z,GMT,-2.8027,11.34,0.008605,1355.838011
2026-10-01T00:30:06.770Z,VIRTUAL,-4.2225,1039,0.8001,1355.838011
2026-10-01T00:30:06.770Z,LPT,6.4241,2554,1.77,1355.838011
2026-10-01T00:30:06.770Z,DATA,-4.7761,285.2,0.2209,1355.838011
2026-10-01T00:30:06.770Z,THETA,-2.7221,296.1,0.2245,1355.838011
2026-10-01T00:30:06.770Z,GRT,-0.23,39.54,0.02923,1355.838011
2026-10-01T00:30:06.770Z,LAYER,1.8681,107.8,0.07805,1355.838011
2026-10-01T00:30:06.770Z,NMR,19.2887,18370,11.358,1355.838011
2026-10-01T00:30:06.770Z,EIGEN,-3.1738,321.9,0.2452,1355.838011
2026-10-01T00:30:06.770Z,BAT,0.5864,121.8,0.08931,1355.838011
2026-10-01T00:30:06.770Z,SPK,-3.3626,32.35,0.02469,1355.838011
2026-10-01T00:30:06.770Z,PUMP,-2.8278,7.71,0.005852,1355.838011
2026-10-01T00:30:06.770Z,KMNO,-11.5109,52.01,0.04335,1355.838011
2026-10-01T00:30:06.770Z,CHZ,-2.5086,21.44,0.01622,1355.838011
2026-10-01T00:30:06.770Z,PENGU,-0.8044,12.91,0.009599,1355.838011
2026-10-01T00:30:06.770Z,OP,-1.079,173.7,0.12951,1355.838011
2026-10-01T00:30:06.770Z,UMA,1.8915,570,0.4126,1355.838011
2026-10-01T00:30:06.770Z,ZRO,7.6906,2500,1.7122,1355.838011
2026-10-01T00:30:06.770Z,S,21.7826,67.5,0.04088,1355.838011
2026-10-01T00:30:06.770Z,IMX,-0.4328,224.5,0.1663,1355.838011
2026-10-01T00:30:06.770Z,A,0.4938,134.7,0.09886,1355.838011
2026-10-01T00:30:06.770Z,ATH,-6.8972,7.478,0.005924,1355.838011
2026-10-01T00:30:06.770Z,COMP,13.9064,38100,24.67,1355.838011
2026-10-01T00:30:06.770Z,CVX,-3.6139,2828,2.164,1355.838011
2026-10-01T00:30:06.770Z,AXS,2.5195,1601,1.1518,1355.838011
2026-10-01T00:30:06.770Z,WCT,0.4999,57.08,0.04189,1355.838011
2026-10-01T00:30:06.770Z,ME,-0.0768,103.1,0.0761,1355.838011
2026-10-01T00:30:06.770Z,ASTER,-2.6104,997.2,0.7552,1355.838011
2026-10-01T00:30:06.770Z,GMX,4.8301,11210,7.887,1355.838011
2026-10-01T00:30:06.770Z,MORPHO,2.8325,3487,2.501,1355.838011
2026-10-01T00:30:06.770Z,MON,-1.9941,43,0.03236,1355.838011
2026-10-01T00:30:06.770Z,1INCH,1.2639,139,0.10124,1355.838011
2026-10-01T00:30:06.770Z,SKY,4.3758,110.1,0.0778,1355.838011
2026-10-01T00:30:06.770Z,YGG,-2.5111,35.12,0.02657,1355.838011
2026-10-01T00:30:06.770Z,BIO,0.1439,42.01,0.03094,1355.838011
2026-10-01T00:30:06.770Z,MOVE,-2.7213,12.22,0.009265,1355.838011
2026-10-01T00:30:06.770Z,GALA,-4.0896,3,0.002307,1355.838011
2026-10-01T00:30:06.770Z,ZK,1.807,16.68,0.012084,1355.838011
2026-10-01T00:30:06.770Z,ENS,-0.0737,9450,6.975,1355.838011
2026-10-01T00:30:06.770Z,INJ,3.4529,10360,7.386,1355.838011
2026-10-01T00:30:06.770Z,KAITO,-7.6576,435.2,0.3476,1355.838011
2026-10-01T00:30:06.770Z,LDO,3.9708,646.9,0.4589,1355.838011
2026-10-01T00:30:06.770Z,BLUR,0.1691,28.48,0.02097,1355.838011
2026-10-01T00:30:06.770Z,AUCTION,1.2325,5110,3.723,1355.838011
2026-10-01T00:30:06.770Z,ZETA,3.1349,72.56,0.05189,1355.838011
2026-10-01T00:30:06.770Z,WIF,0.2367,336.5,0.2476,1355.838011
2026-10-01T00:30:06.770Z,KSM,-3.4806,6750,5.158,1355.838011
2026-10-01T00:30:06.770Z,SNX,-1.534,339.1,0.254,1355.838011
2026-10-01T00:35:06.963Z,BTC,0.452,113606000,83413.2,1355.838011
2026-10-01T00:35:06.963Z,XRP,0.4623,2023,1.4852,1355.838011
2026-10-01T00:35:06.963Z,SOL,0.4216,160500,117.88,1355.838011
2026-10-01T00:35:06.963Z,ETH,0.4289,3649000,2679.83,1355.838011
2026-10-01T00:35:06.963Z,FIL,-0.0732,1415,1.0444,1355.838011
2026-10-01T00:35:06.963Z,TRX,0.2554,458.9,0.3376,1355.838011
2026-10-01T00:35:06.963Z,BNB,-0.4191,1038000,768.8,1355.838011
2026-10-01T00:35:06.963Z,WLD,0.5964,731.2,0.5361,1355.838011
2026-10-01T00:35:06.963Z,FLOW,0.3089,42.46,0.03122,1355.838011
2026-10-01T00:35:06.963Z,LINK,0.3321,19510,14.342,1355.838011
2026-10-01T00:35:06.963Z,DOGE,0.7104,128.6,0.09418,1355.838011
2026-10-01T00:35:06.963Z,SUI,-0.118,1572,1.1608,1355.838011
2026-10-01T00:35:06.963Z,XLM,0.139,305.8,0.22523,1355.838011
2026-10-01T00:35:06.963Z,BCH,1.0513,418700,305.6,1355.838011
2026-10-01T00:35:06.963Z,AVAX,0.4299,14770,10.847,1355.838011
2026-10-01T00:35:06.963Z,ETC,0.6054,12110,8.878,1355.838011
2026-10-01T00:35:06.963Z,AAVE,0.7672,217000,158.83,1355.838011
2026-10-01T00:35:06.963Z,ADA,1.1241,336.6,0.2455,1355.838011
2026-10-01T00:35:06.963Z,HYPE,0.7651,123000,90.03,1355.838011
2026-10-01T00:35:06.963Z,SEI,0.9133,100.4,0.07338,1355.838011
2026-10-01T00:35:06.963Z,HBAR,0.8276,141.6,0.10358,1355.838011
2026-10-01T00:35:06.963Z,ARB,1.0319,276.5,0.20185,1355.838011
2026-10-01T00:35:06.963Z,JTO,0.9222,724.4,0.5294,1355.838011
2026-10-01T00:35:06.963Z,ONDO,0.7251,684.2,0.501,1355.838011
2026-10-01T00:35:06.963Z,QTUM,0.73,1360,0.9958,1355.838011
2026-10-01T00:35:06.963Z,PYTH,-0.6218,103.4,0.07674,1355.838011
2026-10-01T00:35:06.963Z,APT,0.5148,1060,0.7778,1355.838011
2026-10-01T00:35:06.963Z,UNI,0.7383,12070,8.837,1355.838011
2026-10-01T00:35:06.963Z,TIA,0.2206,598.7,0.4406,1355.838011
2026-10-01T00:35:06.963Z,ALGO,1.446,170.5,0.12396,1355.838011
2026-10-01T00:35:06.963Z,NEAR,0.3409,7205,5.296,1355.838011
2026-10-01T00:35:06.963Z,ZIL,-8.8662,4.363,0.003531,1355.838011
2026-10-01T00:35:06.963Z,SUSHI,1.4647,370.2,0.2691,1355.838011
2026-10-01T00:35:06.963Z,PENDLE,-1.6186,3180,2.384,1355.838011
2026-10-01T00:35:06.963Z,XTZ,2.5445,437.4,0.3146,1355.838011
2026-10-01T00:35:06.963Z,W,-3.5645,17.62,0.013476,1355.838011
2026-10-01T00:35:06.963Z,AR,10.5967,6145,4.098,1355.838011
2026-10-01T00:35:06.963Z,SHIB,0.3996,0.0078,0.00000573,1355.838011
2026-10-01T00:35:06.963Z,CELO,-1.8844,134,0.10073,1355.838011
2026-10-01T00:35:06.963Z,STX,-1.1733,501,0.3739,1355.838011
2026-10-01T00:35:06.963Z,JUP,0.0738,446.4,0.329,1355.838011
2026-10-01T00:35:06.963Z,PEPE,0.1591,0.0058,0.000004271,1355.838011
2026-10-01T00:35:06.963Z,DYDX,3.1396,200,0.14302,1355.838011
2026-10-01T00:35:06.963Z,KITE,-9.3116,176.2,0.1433,1355.838011
2026-10-01T00:35:06.963Z,CRV,-4.6247,510.4,0.3947,1355.838011
2026-10-01T00:35:06.963Z,ENJ,-1.2163,39.35,0.02938,1355.838011
2026-10-01T00:35:06.963Z,ATOM,-0.0312,2353,1.736,1355.838011
2026-10-01T00:35:06.963Z,ICP,-0.4417,4495,3.33,1355.838011
2026-10-01T00:35:06.963Z,SPACE,-5.2077,6.822,0.005308,1355.838011
2026-10-01T00:35:06.963Z,DOT,1.229,1675,1.2204,1355.838011
2026-10-01T00:35:06.963Z,ETHFI,4.4018,1100,0.7771,1355.838011
2026-10-01T00:35:06.963Z,CC,10.1575,190.1,0.12728,1355.838011
2026-10-01T00:35:06.963Z,SYRUP,0.0164,304.3,0.2244,1355.838011
2026-10-01T00:35:06.963Z,TAO,8.8017,442700,300.1,1355.838011
2026-10-01T00:35:06.963Z,GRAM,1.6116,2050,1.488,1355.838011
2026-10-01T00:35:06.963Z,RAY,14.42,3000,1.9338,1355.838011
2026-10-01T00:35:06.963Z,RENDER,-0.4983,2570,1.905,1355.838011
2026-10-01T00:35:06.963Z,GRASS,4.3381,990.4,0.7001,1355.838011
2026-10-01T00:35:06.963Z,MINA,-0.8415,196.3,0.14601,1355.838011
2026-10-01T00:35:06.963Z,POL,0.2471,152.8,0.11242,1355.838011
2026-10-01T00:35:06.963Z,ENA,2.7642,369.8,0.26541,1355.838011
2026-10-01T00:35:06.963Z,SAND,-0.6137,58.9,0.04371,1355.838011
2026-10-01T00:35:06.963Z,AERO,-1.0372,1102,0.8213,1355.838011
2026-10-01T00:35:06.963Z,KGEN,-3.7937,213.4,0.1636,1355.838011
2026-10-01T00:35:06.963Z,LIT,1.4142,5340,3.8836,1355.838011
2026-10-01T00:35:06.963Z,MANA,1.5779,123.4,0.0896,1355.838011
2026-10-01T00:35:06.963Z,BAND,-0.2117,294,0.2173,1355.838011
2026-10-01T00:35:06.963Z,APE,-0.7689,202.7,0.15066,1355.838011
2026-10-01T00:35:06.963Z,GMT,-2.5762,11.34,0.008585,1355.838011
2026-10-01T00:35:06.963Z,VIRTUAL,-4.3182,1039,0.8009,1355.838011
2026-10-01T00:35:06.963Z,LPT,6.7255,2554,1.765,1355.838011
2026-10-01T00:35:06.963Z,DATA,-4.3431,285.2,0.2199,1355.838011
2026-10-01T00:35:06.963Z,THETA,-2.4178,296.1,0.2238,1355.838011
2026-10-01T00:35:06.963Z,GRT,0.0438,39.54,0.02915,1355.838011
2026-10-01T00:35:06.963Z,LAYER,1.855,107.8,0.07806,1355.838011
2026-10-01T00:35:06.963Z,NMR,20.2949,18370,11.263,1355.838011
2026-10-01T00:35:06.963Z,EIGEN,-3.5279,321.9,0.2461,1355.838011
2026-10-01T00:35:06.963Z,BAT,0.7896,121.8,0.08913,1355.838011
2026-10-01T00:35:06.963Z,SPK,-3.1272,32.35,0.02463,1355.838011
2026-10-01T00:35:06.963Z,PUMP,-2.3606,7.71,0.005824,1355.838011
2026-10-01T00:35:06.963Z,KMNO,-11.4904,52.01,0.04334,1355.838011
2026-10-01T00:35:06.963Z,CHZ,-2.328,21.44,0.01619,1355.838011
2026-10-01T00:35:06.963Z,PENGU,-0.618,12.91,0.009581,1355.838011
2026-10-01T00:35:06.963Z,OP,-1.1248,173.7,0.12957,1355.838011
2026-10-01T00:35:06.963Z,UMA,2.0646,570,0.4119,1355.838011
2026-10-01T00:35:06.963Z,ZRO,7.6152,2500,1.7134,1355.838011
2026-10-01T00:35:06.963Z,S,23.0772,67.5,0.04045,1355.838011
2026-10-01T00:35:06.963Z,IMX,-0.4508,224.5,0.16633,1355.838011
2026-10-01T00:35:06.963Z,A,0.5752,134.7,0.09878,1355.838011
2026-10-01T00:35:06.963Z,ATH,-6.7556,7.478,0.005915,1355.838011
2026-10-01T00:35:06.963Z,COMP,13.676,38100,24.72,1355.838011
2026-10-01T00:35:06.963Z,CVX,-3.8361,2828,2.169,1355.838011
2026-10-01T00:35:06.963Z,AXS,2.7514,1601,1.1492,1355.838011
2026-10-01T00:35:06.963Z,WCT,0.7645,57.08,0.04178,1355.838011
2026-10-01T00:35:06.963Z,ME,0.1865,103.1,0.0759,1355.838011
2026-10-01T00:35:06.963Z,ASTER,-2.3518,997.2,0.7532,1355.838011
2026-10-01T00:35:06.963Z,GMX,4.8035,11210,7.889,1355.838011
2026-10-01T00:35:06.963Z,MORPHO,3.117,3487,2.4941,1355.838011
2026-10-01T00:35:06.963Z,MON,-2.1755,43,0.03242,1355.838011
2026-10-01T00:35:06.963Z,1INCH,1.174,139,0.10133,1355.838011
2026-10-01T00:35:06.963Z,SKY,4.175,110.1,0.07795,1355.838011
2026-10-01T00:35:06.963Z,YGG,-2.3273,35.12,0.02652,1355.838011
2026-10-01T00:35:06.963Z,BIO,0.2087,42.01,0.03092,1355.838011
2026-10-01T00:35:06.963Z,MOVE,-2.6687,12.22,0.00926,1355.838011
2026-10-01T00:35:06.963Z,GALA,-4.0063,3,0.002305,1355.838011
2026-10-01T00:35:06.963Z,ZK,1.807,16.68,0.012084,1355.838011
2026-10-01T00:35:06.963Z,ENS,0.0841,9450,6.964,1355.838011
2026-10-01T00:35:06.963Z,INJ,3.3689,10360,7.392,1355.838011
2026-10-01T00:35:06.963Z,KAITO,-7.7372,435.2,0.3479,1355.838011
2026-10-01T00:35:06.963Z,LDO,3.8576,646.9,0.4594,1355.838011
2026-10-01T00:35:06.963Z,BLUR,0.4565,28.48,0.02091,1355.838011
2026-10-01T00:35:06.963Z,AUCTION,1.3959,5110,3.717,1355.838011
2026-10-01T00:35:06.963Z,ZETA,2.7587,72.56,0.05208,1355.838011
2026-10-01T00:35:06.963Z,WIF,0.1962,336.5,0.2477,1355.838011
2026-10-01T00:35:06.963Z,KSM,-3.3119,6750,5.149,1355.838011
2026-10-01T00:35:06.963Z,SNX,-1.3398,339.1,0.2535,1355.838011
2026-10-01T00:40:07.159Z,BTC,0.4061,113645000,83480,1355.838011
2026-10-01T00:40:07.159Z,XRP,0.4108,2027,1.4889,1355.838011
2026-10-01T00:40:07.159Z,SOL,0.3025,160500,118.02,1355.838011
2026-10-01T00:40:07.159Z,ETH,0.3522,3651000,2683.35,1355.838011
2026-10-01T00:40:07.159Z,FIL,-0.388,1415,1.0477,1355.838011
2026-10-01T00:40:07.159Z,TRX,0.2406,458.9,0.33765,1355.838011
2026-10-01T00:40:07.159Z,BNB,-0.4967,1038000,769.4,1355.838011
2026-10-01T00:40:07.159Z,WLD,0.3342,738,0.5425,1355.838011
2026-10-01T00:40:07.159Z,FLOW,-0.0114,42.46,0.03132,1355.838011
2026-10-01T00:40:07.159Z,LINK,0.0113,19510,14.388,1355.838011
2026-10-01T00:40:07.159Z,DOGE,0.4651,128.6,0.09441,1355.838011
2026-10-01T00:40:07.159Z,SUI,0.2944,1591,1.17,1355.838011
2026-10-01T00:40:07.159Z,XLM,-0.035,306.8,0.22636,1355.838011
2026-10-01T00:40:07.159Z,BCH,0.7874,418700,306.4,1355.838011
2026-10-01T00:40:07.159Z,AVAX,0.3097,14770,10.86,1355.838011
2026-10-01T00:40:07.159Z,ETC,0.4244,12110,8.894,1355.838011
2026-10-01T00:40:07.159Z,AAVE,0.5267,217000,159.21,1355.838011
2026-10-01T00:40:07.159Z,ADA,0.7957,336.6,0.2463,1355.838011
2026-10-01T00:40:07.159Z,HYPE,0.6365,123000,90.145,1355.838011
2026-10-01T00:40:07.159Z,SEI,0.5024,100.4,0.07368,1355.838011
2026-10-01T00:40:07.159Z,HBAR,0.4687,141.6,0.10395,1355.838011
2026-10-01T00:40:07.159Z,ARB,0.2578,275.7,0.20282,1355.838011
2026-10-01T00:40:07.159Z,JTO,0.3535,724.4,0.5324,1355.838011
2026-10-01T00:40:07.159Z,ONDO,0.2654,685.7,0.5044,1355.838011
2026-10-01T00:40:07.159Z,QTUM,0.3571,1360,0.9995,1355.838011
2026-10-01T00:40:07.159Z,PYTH,-0.9445,103.4,0.07699,1355.838011
2026-10-01T00:40:07.159Z,APT,0.1799,1060,0.7804,1355.838011
2026-10-01T00:40:07.159Z,UNI,0.3748,12070,8.869,1355.838011
2026-10-01T00:40:07.159Z,TIA,-0.029,598.7,0.4417,1355.838011
2026-10-01T00:40:07.159Z,ALGO,1.0141,170.5,0.12449,1355.838011
2026-10-01T00:40:07.159Z,NEAR,0.3789,7205,5.294,1355.838011
2026-10-01T00:40:07.159Z,ZIL,-8.995,4.363,0.003536,1355.838011
2026-10-01T00:40:07.159Z,SUSHI,1.0516,370.2,0.2702,1355.838011
2026-10-01T00:40:07.159Z,PENDLE,-1.5773,3180,2.383,1355.838011
2026-10-01T00:40:07.159Z,XTZ,2.4793,437.4,0.3148,1355.838011
2026-10-01T00:40:07.159Z,W,-4.3734,17.62,0.01359,1355.838011
2026-10-01T00:40:07.159Z,AR,10.1933,6145,4.113,1355.838011
2026-10-01T00:40:07.159Z,SHIB,0.0678,0.0078,0.000005749,1355.838011
2026-10-01T00:40:07.159Z,CELO,-2.3594,134,0.10122,1355.838011
2026-10-01T00:40:07.159Z,STX,-1.3052,501,0.3744,1355.838011
2026-10-01T00:40:07.159Z,JUP,-0.1689,446.4,0.3298,1355.838011
2026-10-01T00:40:07.159Z,PEPE,-0.2147,0.0058,0.000004287,1355.838011
2026-10-01T00:40:07.159Z,DYDX,2.5659,200,0.14382,1355.838011
2026-10-01T00:40:07.159Z,KITE,-9.4695,176.2,0.14355,1355.838011
2026-10-01T00:40:07.159Z,CRV,-4.673,510.4,0.3949,1355.838011
2026-10-01T00:40:07.159Z,ENJ,-1.3171,39.35,0.02941,1355.838011
2026-10-01T00:40:07.159Z,ATOM,-0.4327,2353,1.743,1355.838011
2026-10-01T00:40:07.159Z,ICP,-0.4715,4495,3.331,1355.838011
2026-10-01T00:40:07.159Z,SPACE,-5.3682,6.822,0.005317,1355.838011
2026-10-01T00:40:07.159Z,DOT,0.89,1675,1.2245,1355.838011
2026-10-01T00:40:07.159Z,ETHFI,4.4556,1100,0.7767,1355.838011
2026-10-01T00:40:07.159Z,CC,10.1316,190.1,0.12731,1355.838011
2026-10-01T00:40:07.159Z,SYRUP,0.0164,304.3,0.2244,1355.838011
2026-10-01T00:40:07.159Z,TAO,8.4764,442700,301,1355.838011
2026-10-01T00:40:07.159Z,GRAM,1.4752,2050,1.49,1355.838011
2026-10-01T00:40:07.159Z,RAY,14.0602,3000,1.9399,1355.838011
2026-10-01T00:40:07.159Z,RENDER,-0.7588,2570,1.91,1355.838011
2026-10-01T00:40:07.159Z,GRASS,3.9076,990.4,0.703,1355.838011
2026-10-01T00:40:07.159Z,MINA,-0.6714,196.3,0.14576,1355.838011
2026-10-01T00:40:07.159Z,POL,-0.1171,152.8,0.11283,1355.838011
2026-10-01T00:40:07.159Z,ENA,2.0032,369.8,0.26739,1355.838011
2026-10-01T00:40:07.159Z,SAND,-1.2463,58.9,0.04399,1355.838011
2026-10-01T00:40:07.159Z,AERO,-1.0131,1102,0.8211,1355.838011
2026-10-01T00:40:07.159Z,KGEN,-3.7937,213.4,0.1636,1355.838011
2026-10-01T00:40:07.159Z,LIT,1.3647,5340,3.8855,1355.838011
2026-10-01T00:40:07.159Z,MANA,1.2277,123.4,0.08991,1355.838011
2026-10-01T00:40:07.159Z,BAND,-0.5321,294,0.218,1355.838011
2026-10-01T00:40:07.159Z,APE,-1.2213,202.7,0.15135,1355.838011
2026-10-01T00:40:07.159Z,GMT,-2.7575,11.34,0.008601,1355.838011
2026-10-01T00:40:07.159Z,VIRTUAL,-4.8173,1039,0.8051,1355.838011
2026-10-01T00:40:07.159Z,LPT,6.244,2554,1.773,1355.838011
2026-10-01T00:40:07.159Z,DATA,-4.4734,285.2,0.2202,1355.838011
2026-10-01T00:40:07.159Z,THETA,-2.8087,296.1,0.2247,1355.838011
2026-10-01T00:40:07.159Z,GRT,-0.0933,39.54,0.02919,1355.838011
2026-10-01T00:40:07.159Z,LAYER,1.6987,107.8,0.07818,1355.838011
2026-10-01T00:40:07.159Z,NMR,20.359,18370,11.257,1355.838011
2026-10-01T00:40:07.159Z,EIGEN,-3.8016,321.9,0.2468,1355.838011
2026-10-01T00:40:07.159Z,BAT,0.5977,121.8,0.0893,1355.838011
2026-10-01T00:40:07.159Z,SPK,-3.7135,32.35,0.02478,1355.838011
2026-10-01T00:40:07.159Z,PUMP,-2.2599,7.71,0.005818,1355.838011
2026-10-01T00:40:07.159Z,KMNO,-12.119,52.01,0.04365,1355.838011
2026-10-01T00:40:07.159Z,CHZ,-2.8679,21.44,0.01628,1355.838011
2026-10-01T00:40:07.159Z,PENGU,-1.1442,12.91,0.009632,1355.838011
2026-10-01T00:40:07.159Z,OP,-1.641,173.7,0.13025,1355.838011
2026-10-01T00:40:07.159Z,UMA,1.8915,570,0.4126,1355.838011
2026-10-01T00:40:07.159Z,ZRO,7.1773,2500,1.7204,1355.838011
2026-10-01T00:40:07.159Z,S,22.2011,67.5,0.04074,1355.838011
2026-10-01T00:40:07.159Z,IMX,-0.6419,224.5,0.16665,1355.838011
2026-10-01T00:40:07.159Z,A,0.3922,134.7,0.09896,1355.838011
2026-10-01T00:40:07.159Z,ATH,-7.1167,7.478,0.005938,1355.838011
2026-10-01T00:40:07.159Z,COMP,13.5382,38100,24.75,1355.838011
2026-10-01T00:40:07.159Z,CVX,-3.5694,2828,2.163,1355.838011
2026-10-01T00:40:07.159Z,AXS,2.5284,1601,1.1517,1355.838011
2026-10-01T00:40:07.159Z,WCT,0.3562,57.08,0.04195,1355.838011
2026-10-01T00:40:07.159Z,ME,-0.1031,103.1,0.07612,1355.838011
2026-10-01T00:40:07.159Z,ASTER,-2.4942,997.2,0.7543,1355.838011
2026-10-01T00:40:07.159Z,GMX,4.6576,11210,7.9,1355.838011
2026-10-01T00:40:07.159Z,MORPHO,3.0715,3487,2.4952,1355.838011
2026-10-01T00:40:07.159Z,MON,-2.6559,43,0.03258,1355.838011
2026-10-01T00:40:07.159Z,1INCH,0.8059,139,0.1017,1355.838011
2026-10-01T00:40:07.159Z,SKY,4.3624,110.1,0.07781,1355.838011
2026-10-01T00:40:07.159Z,YGG,-2.5478,35.12,0.02658,1355.838011
2026-10-01T00:40:07.159Z,BIO,-0.0177,42.01,0.03099,1355.838011
2026-10-01T00:40:07.159Z,MOVE,-3.5024,12.22,0.00934,1355.838011
2026-10-01T00:40:07.159Z,GALA,-4.7091,3,0.002322,1355.838011
2026-10-01T00:40:07.159Z,ZK,1.2706,16.68,0.012148,1355.838011
2026-10-01T00:40:07.159Z,ENS,-0.2168,9450,6.985,1355.838011
2026-10-01T00:40:07.159Z,INJ,3.1178,10360,7.41,1355.838011
2026-10-01T00:40:07.159Z,KAITO,-8.1596,435.2,0.3495,1355.838011
2026-10-01T00:40:07.159Z,LDO,3.3179,646.9,0.4618,1355.838011
2026-10-01T00:40:07.159Z,BLUR,0.3126,28.48,0.02094,1355.838011
2026-10-01T00:40:07.159Z,AUCTION,1.0696,5110,3.729,1355.838011
2026-10-01T00:40:07.159Z,ZETA,2.7982,72.56,0.05206,1355.838011
2026-10-01T00:40:07.159Z,WIF,-0.0459,336.5,0.2483,1355.838011
2026-10-01T00:40:07.159Z,KSM,-3.9276,6750,5.182,1355.838011
2026-10-01T00:40:07.159Z,SNX,-1.997,339.1,0.2552,1355.838011
2026-10-01T00:45:06.914Z,BTC,0.4204,113747000,83543,1355.838011
2026-10-01T00:45:06.914Z,XRP,0.402,2029,1.4905,1355.838011
2026-10-01T00:45:06.914Z,SOL,0.4843,160900,118.1,1355.838011
2026-10-01T00:45:06.914Z,ETH,0.3706,3656000,2686.53,1355.838011
2026-10-01T00:45:06.914Z,FIL,-0.5399,1415,1.0493,1355.838011
2026-10-01T00:45:06.914Z,TRX,0.1545,458.9,0.33794,1355.838011
2026-10-01T00:45:06.914Z,BNB,-0.5355,1038000,769.7,1355.838011
2026-10-01T00:45:06.914Z,WLD,0.5764,743.6,0.5453,1355.838011
2026-10-01T00:45:06.914Z,FLOW,-0.0114,42.46,0.03132,1355.838011
2026-10-01T00:45:06.914Z,LINK,-0.2106,19510,14.42,1355.838011
2026-10-01T00:45:06.914Z,DOGE,0.3201,128.7,0.09462,1355.838011
2026-10-01T00:45:06.914Z,SUI,0.2533,1600,1.1771,1355.838011
2026-10-01T00:45:06.914Z,XLM,-0.3783,306.8,0.22714,1355.838011
2026-10-01T00:45:06.914Z,BCH,0.5905,418700,307,1355.838011
2026-10-01T00:45:06.914Z,AVAX,0.199,14770,10.872,1355.838011
2026-10-01T00:45:06.914Z,ETC,0.2891,12110,8.906,1355.838011
2026-10-01T00:45:06.914Z,AAVE,0.256,217000,159.64,1355.838011
2026-10-01T00:45:06.914Z,ADA,0.6322,336.6,0.2467,1355.838011
2026-10-01T00:45:06.914Z,HYPE,0.5774,123000,90.198,1355.838011
2026-10-01T00:45:06.914Z,SEI,0.5706,100.7,0.07385,1355.838011
2026-10-01T00:45:06.914Z,HBAR,0.3336,141.6,0.10409,1355.838011
2026-10-01T00:45:06.914Z,ARB,0.0309,275.7,0.20328,1355.838011
2026-10-01T00:45:06.914Z,JTO,0.1654,724.4,0.5334,1355.838011
2026-10-01T00:45:06.914Z,ONDO,0.4959,691.5,0.5075,1355.838011
2026-10-01T00:45:06.914Z,QTUM,0.3571,1360,0.9995,1355.838011
2026-10-01T00:45:06.914Z,PYTH,-0.9703,103.4,0.07701,1355.838011
2026-10-01T00:45:06.914Z,APT,-0.1782,1060,0.7832,1355.838011
2026-10-01T00:45:06.914Z,UNI,0.3861,12070,8.868,1355.838011
2026-10-01T00:45:06.914Z,TIA,-0.1194,598.7,0.4421,1355.838011
2026-10-01T00:45:06.914Z,ALGO,0.7148,170.5,0.12486,1355.838011
2026-10-01T00:45:06.914Z,NEAR,0.2652,7205,5.3,1355.838011
2026-10-01T00:45:06.914Z,ZIL,-9.0722,4.363,0.003539,1355.838011
2026-10-01T00:45:06.914Z,SUSHI,1.1639,370.2,0.2699,1355.838011
2026-10-01T00:45:06.914Z,PENDLE,-1.9886,3180,2.393,1355.838011
2026-10-01T00:45:06.914Z,XTZ,2.3168,437.4,0.3153,1355.838011
2026-10-01T00:45:06.914Z,W,-4.2325,17.62,0.01357,1355.838011
2026-10-01T00:45:06.914Z,AR,10.2201,6145,4.112,1355.838011
2026-10-01T00:45:06.914Z,SHIB,-0.1753,0.0078,0.000005763,1355.838011
2026-10-01T00:45:06.914Z,CELO,-2.166,134,0.10102,1355.838011
2026-10-01T00:45:06.914Z,STX,0.1494,511.1,0.3764,1355.838011
2026-10-01T00:45:06.914Z,JUP,-0.5008,446.4,0.3309,1355.838011
2026-10-01T00:45:06.914Z,PEPE,-0.4005,0.0058,0.000004295,1355.838011
2026-10-01T00:45:06.914Z,DYDX,2.3311,200,0.14415,1355.838011
2026-10-01T00:45:06.914Z,KITE,-9.6395,176.2,0.14382,1355.838011
2026-10-01T00:45:06.914Z,CRV,-4.8417,510.4,0.3956,1355.838011
2026-10-01T00:45:06.914Z,ENJ,-1.4511,39.35,0.02945,1355.838011
2026-10-01T00:45:06.914Z,ATOM,-0.6038,2353,1.746,1355.838011
2026-10-01T00:45:06.914Z,ICP,-0.6505,4495,3.337,1355.838011
2026-10-01T00:45:06.914Z,SPACE,-5.3326,6.822,0.005315,1355.838011
2026-10-01T00:45:06.914Z,DOT,0.4226,1675,1.2302,1355.838011
2026-10-01T00:45:06.914Z,ETHFI,4.3347,1100,0.7776,1355.838011
2026-10-01T00:45:06.914Z,CC,10.1748,190.1,0.12726,1355.838011
2026-10-01T00:45:06.914Z,SYRUP,-0.4273,304.3,0.2254,1355.838011
2026-10-01T00:45:06.914Z,TAO,8.1888,442700,301.8,1355.838011
2026-10-01T00:45:06.914Z,GRAM,1.0007,2050,1.497,1355.838011
2026-10-01T00:45:06.914Z,RAY,13.726,3000,1.9456,1355.838011
2026-10-01T00:45:06.914Z,RENDER,-1.0179,2570,1.915,1355.838011
2026-10-01T00:45:06.914Z,GRASS,3.9076,990.4,0.703,1355.838011
2026-10-01T00:45:06.914Z,MINA,-0.651,196.3,0.14573,1355.838011
2026-10-01T00:45:06.914Z,POL,-0.3027,152.8,0.11304,1355.838011
2026-10-01T00:45:06.914Z,ENA,1.5286,369.8,0.26864,1355.838011
2026-10-01T00:45:06.914Z,SAND,-1.3808,58.9,0.04405,1355.838011
2026-10-01T00:45:06.914Z,AERO,-1.1335,1102,0.8221,1355.838011
2026-10-01T00:45:06.914Z,KGEN,-3.7937,213.4,0.1636,1355.838011
2026-10-01T00:45:06.914Z,LIT,0.7166,5340,3.9105,1355.838011
2026-10-01T00:45:06.914Z,MANA,1.0142,123.4,0.0901,1355.838011
2026-10-01T00:45:06.914Z,BAND,-0.6688,294,0.2183,1355.838011
2026-10-01T00:45:06.914Z,APE,-1.3776,202.7,0.15159,1355.838011
2026-10-01T00:45:06.914Z,GMT,-3.0842,11.34,0.00863,1355.838011
2026-10-01T00:45:06.914Z,VIRTUAL,-5.0532,1039,0.8071,1355.838011
2026-10-01T00:45:06.914Z,LPT,6.1243,2554,1.775,1355.838011
2026-10-01T00:45:06.914Z,DATA,-4.2995,285.2,0.2198,1355.838011
2026-10-01T00:45:06.914Z,THETA,-2.8951,296.1,0.2249,1355.838011
2026-10-01T00:45:06.914Z,GRT,-0.23,39.54,0.02923,1355.838011
2026-10-01T00:45:06.914Z,LAYER,1.5558,107.8,0.07829,1355.838011
2026-10-01T00:45:06.914Z,NMR,19.8586,18370,11.304,1355.838011
2026-10-01T00:45:06.914Z,EIGEN,-4.267,321.9,0.248,1355.838011
2026-10-01T00:45:06.914Z,BAT,0.2273,121.8,0.08963,1355.838011
2026-10-01T00:45:06.914Z,SPK,-3.5968,32.35,0.02475,1355.838011
2026-10-01T00:45:06.914Z,PUMP,-2.3606,7.71,0.005824,1355.838011
2026-10-01T00:45:06.914Z,KMNO,-12.1392,52.01,0.04366,1355.838011
2026-10-01T00:45:06.914Z,CHZ,-3.0466,21.44,0.01631,1355.838011
2026-10-01T00:45:06.914Z,PENGU,-1.4512,12.91,0.009662,1355.838011
2026-10-01T00:45:06.914Z,OP,-1.8745,173.7,0.13056,1355.838011
2026-10-01T00:45:06.914Z,UMA,1.8421,570,0.4128,1355.838011
2026-10-01T00:45:06.914Z,ZRO,7.3333,2500,1.7179,1355.838011
2026-10-01T00:45:06.914Z,S,21.1307,67.5,0.0411,1355.838011
2026-10-01T00:45:06.914Z,IMX,-0.8026,224.5,0.16692,1355.838011
2026-10-01T00:45:06.914Z,A,0.1594,134.7,0.09919,1355.838011
2026-10-01T00:45:06.914Z,ATH,-7.3974,7.478,0.005956,1355.838011
2026-10-01T00:45:06.914Z,COMP,13.218,38100,24.82,1355.838011
2026-10-01T00:45:06.914Z,CVX,-3.4801,2828,2.161,1355.838011
2026-10-01T00:45:06.914Z,AXS,2.3063,1601,1.1542,1355.838011
2026-10-01T00:45:06.914Z,WCT,0.2606,57.08,0.04199,1355.838011
2026-10-01T00:45:06.914Z,ME,-0.1424,103.1,0.07615,1355.838011
2026-10-01T00:45:06.914Z,ASTER,-2.6233,997.2,0.7553,1355.838011
2026-10-01T00:45:06.914Z,GMX,4.5253,11210,7.91,1355.838011
2026-10-01T00:45:06.914Z,MORPHO,2.8161,3487,2.5014,1355.838011
2026-10-01T00:45:06.914Z,MON,-3.102,43,0.03273,1355.838011
2026-10-01T00:45:06.914Z,1INCH,0.6476,139,0.10186,1355.838011
2026-10-01T00:45:06.914Z,SKY,4.0548,110.1,0.07804,1355.838011
2026-10-01T00:45:06.914Z,YGG,-2.6211,35.12,0.0266,1355.838011
2026-10-01T00:45:06.914Z,BIO,-0.4033,42.01,0.03111,1355.838011
2026-10-01T00:45:06.914Z,MOVE,-3.6983,12.22,0.009359,1355.838011
2026-10-01T00:45:06.914Z,GALA,-4.9955,3,0.002329,1355.838011
2026-10-01T00:45:06.914Z,ZK,0.9963,16.68,0.012181,1355.838011
2026-10-01T00:45:06.914Z,ENS,-0.601,9450,7.012,1355.838011
2026-10-01T00:45:06.914Z,INJ,2.7435,10360,7.437,1355.838011
2026-10-01T00:45:06.914Z,KAITO,-8.5781,435.2,0.3511,1355.838011
2026-10-01T00:45:06.914Z,LDO,3.0723,646.9,0.4629,1355.838011
2026-10-01T00:45:06.914Z,BLUR,0.5046,28.48,0.0209,1355.838011
2026-10-01T00:45:06.914Z,AUCTION,1.0155,5110,3.731,1355.838011
2026-10-01T00:45:06.914Z,ZETA,2.4439,72.56,0.05224,1355.838011
2026-10-01T00:45:06.914Z,WIF,-0.3269,336.5,0.249,1355.838011
2026-10-01T00:45:06.914Z,KSM,-3.9832,6750,5.185,1355.838011
2026-10-01T00:45:06.914Z,SNX,-2.1504,339.1,0.2556,1355.838011
2026-10-01T00:50:06.961Z,BTC,0.3827,113652000,83504.6,1355.838011
2026-10-01T00:50:06.961Z,XRP,0.4559,2029,1.4897,1355.838011
2026-10-01T00:50:06.961Z,SOL,0.5269,160900,118.05,1355.838011
2026-10-01T00:50:06.961Z,ETH,0.4889,3659000,2685.57,1355.838011
2026-10-01T00:50:06.961Z,FIL,-0.3975,1415,1.0478,1355.838011
2026-10-01T00:50:06.961Z,TRX,0.1308,458.9,0.33802,1355.838011
2026-10-01T00:50:06.961Z,BNB,-0.4709,1038000,769.2,1355.838011
2026-10-01T00:50:06.961Z,WLD,0.7221,741.4,0.5429,1355.838011
2026-10-01T00:50:06.961Z,FLOW,0.0525,42.46,0.0313,1355.838011
2026-10-01T00:50:06.961Z,LINK,-0.0998,19510,14.404,1355.838011
2026-10-01T00:50:06.961Z,DOGE,0.3731,128.7,0.09457,1355.838011
2026-10-01T00:50:06.961Z,SUI,0.4727,1605,1.1782,1355.838011
2026-10-01T00:50:06.961Z,XLM,-0.0605,308.7,0.22782,1355.838011
2026-10-01T00:50:06.961Z,BCH,0.6888,418700,306.7,1355.838011
2026-10-01T00:50:06.961Z,AVAX,0.3559,14770,10.855,1355.838011
2026-10-01T00:50:06.961Z,ETC,0.2328,12110,8.911,1355.838011
2026-10-01T00:50:06.961Z,AAVE,0.4006,217000,159.41,1355.838011
2026-10-01T00:50:06.961Z,ADA,0.6731,336.6,0.2466,1355.838011
2026-10-01T00:50:06.961Z,HYPE,0.7472,123000,90.046,1355.838011
2026-10-01T00:50:06.961Z,SEI,0.4618,100.7,0.07393,1355.838011
2026-10-01T00:50:06.961Z,HBAR,0.4494,141.6,0.10397,1355.838011
2026-10-01T00:50:06.961Z,ARB,0.2133,275.7,0.20291,1355.838011
2026-10-01T00:50:06.961Z,JTO,0.2217,724.4,0.5331,1355.838011
2026-10-01T00:50:06.961Z,ONDO,0.5157,691.5,0.5074,1355.838011
2026-10-01T00:50:06.961Z,QTUM,0.3672,1360,0.9994,1355.838011
2026-10-01T00:50:06.961Z,PYTH,-0.8673,103.4,0.07693,1355.838011
2026-10-01T00:50:06.961Z,APT,-0.4705,1060,0.7855,1355.838011
2026-10-01T00:50:06.961Z,UNI,0.4314,12070,8.864,1355.838011
2026-10-01T00:50:06.961Z,TIA,0.0616,598.7,0.4413,1355.838011
2026-10-01T00:50:06.961Z,ALGO,0.4493,170.5,0.12519,1355.838011
2026-10-01T00:50:06.961Z,NEAR,0.1518,7205,5.306,1355.838011
2026-10-01T00:50:06.961Z,ZIL,-8.8662,4.363,0.003531,1355.838011
2026-10-01T00:50:06.961Z,SUSHI,1.1265,370.2,0.27,1355.838011
2026-10-01T00:50:06.961Z,PENDLE,-1.8656,3180,2.39,1355.838011
2026-10-01T00:50:06.961Z,XTZ,2.252,437.4,0.3155,1355.838011
2026-10-01T00:50:06.961Z,W,-4.0203,17.62,0.01354,1355.838011
2026-10-01T00:50:06.961Z,AR,10.4619,6145,4.103,1355.838011
2026-10-01T00:50:06.961Z,SHIB,-0.0365,0.0078,0.000005755,1355.838011
2026-10-01T00:50:06.961Z,CELO,-2.4653,134,0.10133,1355.838011
2026-10-01T00:50:06.961Z,STX,0.0697,511.1,0.3767,1355.838011
2026-10-01T00:50:06.961Z,JUP,-0.2294,446.4,0.33,1355.838011
2026-10-01T00:50:06.961Z,PEPE,-0.1914,0.0058,0.000004286,1355.838011
2026-10-01T00:50:06.961Z,DYDX,2.1893,200,0.14435,1355.838011
2026-10-01T00:50:06.961Z,KITE,-9.5892,176.2,0.14374,1355.838011
2026-10-01T00:50:06.961Z,CRV,-4.4795,510.4,0.3941,1355.838011
2026-10-01T00:50:06.961Z,ENJ,-1.4177,39.35,0.02944,1355.838011
2026-10-01T00:50:06.961Z,ATOM,-0.261,2353,1.74,1355.838011
2026-10-01T00:50:06.961Z,ICP,-0.4715,4495,3.331,1355.838011
2026-10-01T00:50:06.961Z,SPACE,-5.3147,6.822,0.005314,1355.838011
2026-10-01T00:50:06.961Z,DOT,0.1701,1675,1.2333,1355.838011
2026-10-01T00:50:06.961Z,ETHFI,4.5633,1100,0.7759,1355.838011
2026-10-01T00:50:06.961Z,CC,10.2701,190.1,0.12715,1355.838011
2026-10-01T00:50:06.961Z,SYRUP,-0.2946,304.3,0.2251,1355.838011
2026-10-01T00:50:06.961Z,TAO,8.3324,442700,301.4,1355.838011
2026-10-01T00:50:06.961Z,GRAM,0.8659,2050,1.499,1355.838011
2026-10-01T00:50:06.961Z,RAY,14.1543,3000,1.9383,1355.838011
2026-10-01T00:50:06.961Z,RENDER,-0.8626,2570,1.912,1355.838011
2026-10-01T00:50:06.961Z,GRASS,3.8781,990.4,0.7032,1355.838011
2026-10-01T00:50:06.961Z,MINA,-0.3433,196.3,0.14528,1355.838011
2026-10-01T00:50:06.961Z,POL,-0.1791,152.8,0.1129,1355.838011
2026-10-01T00:50:06.961Z,ENA,1.4078,369.8,0.26896,1355.838011
2026-10-01T00:50:06.961Z,SAND,-1.2463,58.9,0.04399,1355.838011
2026-10-01T00:50:06.961Z,AERO,-1.0974,1102,0.8218,1355.838011
2026-10-01T00:50:06.961Z,KGEN,-3.9698,213.4,0.1639,1355.838011
2026-10-01T00:50:06.961Z,LIT,1.1278,5340,3.8946,1355.838011
2026-10-01T00:50:06.961Z,MANA,1.1602,123.4,0.08997,1355.838011
2026-10-01T00:50:06.961Z,BAND,-0.6688,294,0.2183,1355.838011
2026-10-01T00:50:06.961Z,APE,-1.3972,202.7,0.15162,1355.838011
2026-10-01T00:50:06.961Z,GMT,-3.0505,11.34,0.008627,1355.838011
2026-10-01T00:50:06.961Z,VIRTUAL,-4.6752,1039,0.8039,1355.838011
2026-10-01T00:50:06.961Z,LPT,6.3039,2554,1.772,1355.838011
2026-10-01T00:50:06.961Z,DATA,-4.1251,285.2,0.2194,1355.838011
2026-10-01T00:50:06.961Z,THETA,-2.7654,296.1,0.2246,1355.838011
2026-10-01T00:50:06.961Z,GRT,-0.5023,39.54,0.02931,1355.838011
2026-10-01T00:50:06.961Z,LAYER,1.5947,107.8,0.07826,1355.838011
2026-10-01T00:50:06.961Z,NMR,20.3697,18370,11.256,1355.838011
2026-10-01T00:50:06.961Z,EIGEN,-4.1511,321.9,0.2477,1355.838011
2026-10-01T00:50:06.961Z,BAT,0.3505,121.8,0.08952,1355.838011
2026-10-01T00:50:06.961Z,SPK,-3.5968,32.35,0.02475,1355.838011
2026-10-01T00:50:06.961Z,PUMP,-1.7872,7.71,0.00579,1355.838011
2026-10-01T00:50:06.961Z,KMNO,-12.1794,52.01,0.04368,1355.838011
2026-10-01T00:50:06.961Z,CHZ,-2.9276,21.44,0.01629,1355.838011
2026-10-01T00:50:06.961Z,PENGU,-1.3797,12.91,0.009655,1355.838011
2026-10-01T00:50:06.961Z,OP,-1.897,173.7,0.13059,1355.838011
2026-10-01T00:50:06.961Z,UMA,1.8668,570,0.4127,1355.838011
2026-10-01T00:50:06.961Z,ZRO,7.5587,2500,1.7143,1355.838011
2026-10-01T00:50:06.961Z,S,21.4261,67.5,0.041,1355.838011
2026-10-01T00:50:06.961Z,IMX,-0.8205,224.5,0.16695,1355.838011
2026-10-01T00:50:06.961Z,A,0.0384,134.7,0.09931,1355.838011
2026-10-01T00:50:06.961Z,ATH,-7.2729,7.478,0.005948,1355.838011
2026-10-01T00:50:06.961Z,COMP,13.5841,38100,24.74,1355.838011
2026-10-01T00:50:06.961Z,CVX,-3.7029,2828,2.166,1355.838011
2026-10-01T00:50:06.961Z,AXS,2.1912,1601,1.1555,1355.838011
2026-10-01T00:50:06.961Z,WCT,0.3323,57.08,0.04196,1355.838011
2026-10-01T00:50:06.961Z,ME,0.1469,103.1,0.07593,1355.838011
2026-10-01T00:50:06.961Z,ASTER,-2.5071,997.2,0.7544,1355.838011
2026-10-01T00:50:06.961Z,GMX,4.5385,11210,7.909,1355.838011
2026-10-01T00:50:06.961Z,MORPHO,2.6069,3487,2.5065,1355.838011
2026-10-01T00:50:06.961Z,MON,-2.0849,43,0.03239,1355.838011
2026-10-01T00:50:06.961Z,1INCH,0.7267,139,0.10178,1355.838011
2026-10-01T00:50:06.961Z,SKY,4.2686,110.1,0.07788,1355.838011
2026-10-01T00:50:06.961Z,YGG,-2.4744,35.12,0.02656,1355.838011
2026-10-01T00:50:06.961Z,BIO,-0.243,42.01,0.03106,1355.838011
2026-10-01T00:50:06.961Z,MOVE,-3.9139,12.22,0.00938,1355.838011
2026-10-01T00:50:06.961Z,GALA,-4.9547,3,0.002328,1355.838011
2026-10-01T00:50:06.961Z,ZK,1.1125,16.68,0.012167,1355.838011
2026-10-01T00:50:06.961Z,ENS,-0.686,9450,7.018,1355.838011
2026-10-01T00:50:06.961Z,INJ,2.7158,10360,7.439,1355.838011
2026-10-01T00:50:06.961Z,KAITO,-8.526,435.2,0.3509,1355.838011
2026-10-01T00:50:06.961Z,LDO,3.3179,646.9,0.4618,1355.838011
2026-10-01T00:50:06.961Z,BLUR,0.4565,28.48,0.02091,1355.838011
2026-10-01T00:50:06.961Z,AUCTION,1.1239,5110,3.727,1355.838011
2026-10-01T00:50:06.961Z,ZETA,2.3069,72.56,0.05231,1355.838011
2026-10-01T00:50:06.961Z,WIF,-0.4469,336.5,0.2493,1355.838011
2026-10-01T00:50:06.961Z,KSM,-4.2602,6750,5.2,1355.838011
2026-10-01T00:50:06.961Z,SNX,-1.9201,339.1,0.255,1355.838011
2026-10-01T00:55:06.944Z,BTC,0.4786,113700000,83460.1,1355.838011
2026-10-01T00:55:06.944Z,XRP,0.5143,2028,1.4881,1355.838011
2026-10-01T00:55:06.944Z,SOL,0.6548,160900,117.9,1355.838011
2026-10-01T00:55:06.944Z,ETH,0.4922,3656000,2683.28,1355.838011
2026-10-01T00:55:06.944Z,FIL,-0.1402,1415,1.0451,1355.838011
2026-10-01T00:55:06.944Z,TRX,0.1457,458.9,0.33797,1355.838011
2026-10-01T00:55:06.944Z,BNB,-0.5226,1038000,769.6,1355.838011
2026-10-01T00:55:06.944Z,WLD,0.8023,738.3,0.5402,1355.838011
2026-10-01T00:55:06.944Z,FLOW,0.2767,42.46,0.03123,1355.838011
2026-10-01T00:55:06.944Z,LINK,0.2552,19510,14.353,1355.838011
2026-10-01T00:55:06.944Z,DOGE,0.5219,128.7,0.09443,1355.838011
2026-10-01T00:55:06.944Z,SUI,0.4866,1598,1.1729,1355.838011
2026-10-01T00:55:06.944Z,XLM,0.3049,308.7,0.22699,1355.838011
2026-10-01T00:55:06.944Z,BCH,0.8203,418700,306.3,1355.838011
2026-10-01T00:55:06.944Z,AVAX,0.4948,14770,10.84,1355.838011
2026-10-01T00:55:06.944Z,ETC,0.4244,12110,8.894,1355.838011
2026-10-01T00:55:06.944Z,AAVE,0.4321,217000,159.36,1355.838011
2026-10-01T00:55:06.944Z,ADA,0.8776,336.6,0.2461,1355.838011
2026-10-01T00:55:06.944Z,HYPE,0.2879,122200,89.87,1355.838011
2026-10-01T00:55:06.944Z,SEI,0.7207,100.7,0.07374,1355.838011
2026-10-01T00:55:06.944Z,HBAR,0.8817,142.1,0.10389,1355.838011
2026-10-01T00:55:06.944Z,ARB,0.4807,275.7,0.20237,1355.838011
2026-10-01T00:55:06.944Z,JTO,0.3347,724.4,0.5325,1355.838011
2026-10-01T00:55:06.944Z,ONDO,1.2541,691.5,0.5037,1355.838011
2026-10-01T00:55:06.944Z,QTUM,0.4577,1360,0.9985,1355.838011
2026-10-01T00:55:06.944Z,PYTH,-0.4012,103.4,0.07657,1355.838011
2026-10-01T00:55:06.944Z,APT,0.6992,1070,0.7837,1355.838011
2026-10-01T00:55:06.944Z,UNI,0.7953,12070,8.832,1355.838011
2026-10-01T00:55:06.944Z,TIA,0.4257,598.7,0.4397,1355.838011
2026-10-01T00:55:06.944Z,ALGO,0.2012,170.5,0.1255,1355.838011
2026-10-01T00:55:06.944Z,NEAR,0.5688,7205,5.284,1355.838011
2026-10-01T00:55:06.944Z,ZIL,-8.6851,4.363,0.003524,1355.838011
2026-10-01T00:55:06.944Z,SUSHI,1.6157,370.2,0.2687,1355.838011
2026-10-01T00:55:06.944Z,PENDLE,-1.6186,3180,2.384,1355.838011
2026-10-01T00:55:06.944Z,XTZ,2.5445,437.4,0.3146,1355.838011
2026-10-01T00:55:06.944Z,W,-3.6931,17.62,0.013494,1355.838011
2026-10-01T00:55:06.944Z,AR,10.8672,6145,4.088,1355.838011
2026-10-01T00:55:06.944Z,SHIB,0.1724,0.0078,0.000005743,1355.838011
2026-10-01T00:55:06.944Z,CELO,-2.0206,134,0.10087,1355.838011
2026-10-01T00:55:06.944Z,STX,-0.1953,511.1,0.3777,1355.838011
2026-10-01T00:55:06.944Z,JUP,0.0738,446.4,0.329,1355.838011
2026-10-01T00:55:06.944Z,PEPE,0.0186,0.0058,0.000004277,1355.838011
2026-10-01T00:55:06.944Z,DYDX,2.4448,200,0.14399,1355.838011
2026-10-01T00:55:06.944Z,KITE,-9.5136,176.2,0.14362,1355.838011
2026-10-01T00:55:06.944Z,CRV,-4.2365,510.4,0.3931,1355.838011
2026-10-01T00:55:06.944Z,ENJ,-1.3842,39.35,0.02943,1355.838011
2026-10-01T00:55:06.944Z,ATOM,-0.0312,2353,1.736,1355.838011
2026-10-01T00:55:06.944Z,ICP,-0.2019,4495,3.322,1355.838011
2026-10-01T00:55:06.944Z,SPACE,-5.1541,6.822,0.005305,1355.838011
2026-10-01T00:55:06.944Z,DOT,0.7337,1675,1.2264,1355.838011
2026-10-01T00:55:06.944Z,ETHFI,4.942,1100,0.7731,1355.838011
2026-10-01T00:55:06.944Z,CC,10.3569,190.1,0.12705,1355.838011
2026-10-01T00:55:06.944Z,SYRUP,-0.1171,304.3,0.2247,1355.838011
2026-10-01T00:55:06.944Z,TAO,8.6569,442700,300.5,1355.838011
2026-10-01T00:55:06.944Z,GRAM,1.0007,2050,1.497,1355.838011
2026-10-01T00:55:06.944Z,RAY,14.4496,3000,1.9333,1355.838011
2026-10-01T00:55:06.944Z,RENDER,-0.8626,2570,1.912,1355.838011
2026-10-01T00:55:06.944Z,GRASS,3.9964,990.4,0.7024,1355.838011
2026-10-01T00:55:06.944Z,MINA,-0.254,196.3,0.14515,1355.838011
2026-10-01T00:55:06.944Z,POL,0.1669,152.8,0.11251,1355.838011
2026-10-01T00:55:06.944Z,ENA,2.1905,369.8,0.2669,1355.838011
2026-10-01T00:55:06.944Z,SAND,-0.8858,58.9,0.04383,1355.838011
2026-10-01T00:55:06.944Z,AERO,-1.3136,1102,0.8236,1355.838011
2026-10-01T00:55:06.944Z,KGEN,-3.9112,213.4,0.1638,1355.838011
2026-10-01T00:55:06.944Z,LIT,1.2058,5340,3.8916,1355.838011
2026-10-01T00:55:06.944Z,MANA,1.4195,123.4,0.08974,1355.838011
2026-10-01T00:55:06.944Z,BAND,-0.5321,294,0.218,1355.838011
2026-10-01T00:55:06.944Z,APE,-1.2343,202.7,0.15137,1355.838011
2026-10-01T00:55:06.944Z,GMT,-2.9155,11.34,0.008615,1355.838011
2026-10-01T00:55:06.944Z,VIRTUAL,-4.1746,1039,0.7997,1355.838011
2026-10-01T00:55:06.944Z,LPT,6.364,2554,1.771,1355.838011
2026-10-01T00:55:06.944Z,DATA,-3.9499,285.2,0.219,1355.838011
2026-10-01T00:55:06.944Z,THETA,-2.9383,296.1,0.225,1355.838011
2026-10-01T00:55:06.944Z,GRT,-0.4004,39.54,0.02928,1355.838011
2026-10-01T00:55:06.944Z,LAYER,1.7898,107.8,0.07811,1355.838011
2026-10-01T00:55:06.944Z,NMR,20.1136,18370,11.28,1355.838011
2026-10-01T00:55:06.944Z,EIGEN,-3.8405,321.9,0.2469,1355.838011
2026-10-01T00:55:06.944Z,BAT,0.6428,121.8,0.08926,1355.838011
2026-10-01T00:55:06.944Z,SPK,-3.4798,32.35,0.02472,1355.838011
2026-10-01T00:55:06.944Z,PUMP,-1.2757,7.71,0.00576,1355.838011
2026-10-01T00:55:06.944Z,KMNO,-11.7957,52.01,0.04349,1355.838011
2026-10-01T00:55:06.944Z,CHZ,-2.8082,21.44,0.01627,1355.838011
2026-10-01T00:55:06.944Z,PENGU,-0.9489,12.91,0.009613,1355.838011
2026-10-01T00:55:06.944Z,OP,-1.5427,173.7,0.13012,1355.838011
2026-10-01T00:55:06.944Z,UMA,1.9656,570,0.4123,1355.838011
2026-10-01T00:55:06.944Z,ZRO,7.6214,2500,1.7133,1355.838011
2026-10-01T00:55:06.944Z,S,21.3965,67.5,0.04101,1355.838011
2026-10-01T00:55:06.944Z,IMX,-0.7253,224.5,0.16679,1355.838011
2026-10-01T00:55:06.944Z,A,0.5446,134.7,0.09881,1355.838011
2026-10-01T00:55:06.944Z,ATH,-7.0071,7.478,0.005931,1355.838011
2026-10-01T00:55:06.944Z,COMP,13.676,38100,24.72,1355.838011
2026-10-01T00:55:06.944Z,CVX,-3.6584,2828,2.165,1355.838011
2026-10-01T00:55:06.944Z,AXS,2.4572,1601,1.1525,1355.838011
2026-10-01T00:55:06.944Z,WCT,0.428,57.08,0.04192,1355.838011
2026-10-01T00:55:06.944Z,ME,0.2657,103.1,0.07584,1355.838011
2026-10-01T00:55:06.944Z,ASTER,-2.4295,997.2,0.7538,1355.838011
2026-10-01T00:55:06.944Z,GMX,4.6973,11210,7.897,1355.838011
2026-10-01T00:55:06.944Z,MORPHO,2.9972,3487,2.497,1355.838011
2026-10-01T00:55:06.944Z,MON,-1.1079,43,0.03207,1355.838011
2026-10-01T00:55:06.944Z,1INCH,0.9051,139,0.1016,1355.838011
2026-10-01T00:55:06.944Z,SKY,4.0415,110.1,0.07805,1355.838011
2026-10-01T00:55:06.944Z,YGG,-2.2905,35.12,0.02651,1355.838011
2026-10-01T00:55:06.944Z,BIO,0.0792,42.01,0.03096,1355.838011
2026-10-01T00:55:06.944Z,MOVE,-3.7086,12.22,0.00936,1355.838011
2026-10-01T00:55:06.944Z,GALA,-4.9139,3,0.002327,1355.838011
2026-10-01T00:55:06.944Z,ZK,1.4042,16.68,0.012132,1355.838011
2026-10-01T00:55:06.944Z,ENS,-0.5301,9450,7.007,1355.838011
2026-10-01T00:55:06.944Z,INJ,3.1039,10360,7.411,1355.838011
2026-10-01T00:55:06.944Z,KAITO,-8.3693,435.2,0.3503,1355.838011
2026-10-01T00:55:06.944Z,LDO,3.7898,646.9,0.4597,1355.838011
2026-10-01T00:55:06.944Z,BLUR,0.4085,28.48,0.02092,1355.838011
2026-10-01T00:55:06.944Z,AUCTION,1.1782,5110,3.725,1355.838011
2026-10-01T00:55:06.944Z,ZETA,2.2873,72.56,0.05232,1355.838011
2026-10-01T00:55:06.944Z,WIF,-0.0459,336.5,0.2483,1355.838011
2026-10-01T00:55:06.944Z,KSM,-3.8905,6750,5.18,1355.838011
2026-10-01T00:55:06.944Z,SNX,-1.8817,339.1,0.2549,1355.838011
2026-10-01T01:00:07.129Z,BTC,0.4349,113684000,83484.7,1355.838011
2026-10-01T01:00:07.129Z,XRP,0.3592,2028,1.4904,1355.838011
2026-10-01T01:00:07.129Z,SOL,0.4956,160700,117.94,1355.838011
2026-10-01T01:00:07.129Z,ETH,0.4469,3656000,2684.49,1355.838011
2026-10-01T01:00:07.129Z,FIL,-0.388,1415,1.0477,1355.838011
2026-10-01T01:00:07.129Z,TRX,0.1427,458.9,0.33798,1355.838011
2026-10-01T01:00:07.129Z,BNB,-0.5484,1038000,769.8,1355.838011
2026-10-01T01:00:07.129Z,WLD,0.3255,734.4,0.5399,1355.838011
2026-10-01T01:00:07.129Z,FLOW,0.1805,42.46,0.03126,1355.838011
2026-10-01T01:00:07.129Z,LINK,0.0948,19510,14.376,1355.838011
2026-10-01T01:00:07.129Z,DOGE,0.4262,128.7,0.09452,1355.838011
2026-10-01T01:00:07.129Z,SUI,0.3326,1598,1.1747,1355.838011
2026-10-01T01:00:07.129Z,XLM,0.2922,309.3,0.22746,1355.838011
2026-10-01T01:00:07.129Z,BCH,0.7874,418700,306.4,1355.838011
2026-10-01T01:00:07.129Z,AVAX,0.4299,14770,10.847,1355.838011
2026-10-01T01:00:07.129Z,ETC,0.895,12190,8.911,1355.838011
2026-10-01T01:00:07.129Z,AAVE,0.3943,217000,159.42,1355.838011
2026-10-01T01:00:07.129Z,ADA,0.7548,336.6,0.2464,1355.838011
2026-10-01T01:00:07.129Z,HYPE,0.365,122200,89.801,1355.838011
2026-10-01T01:00:07.129Z,SEI,0.6388,100.7,0.0738,1355.838011
2026-10-01T01:00:07.129Z,HBAR,0.6267,142,0.10408,1355.838011
2026-10-01T01:00:07.129Z,ARB,0.4212,275.7,0.20249,1355.838011
2026-10-01T01:00:07.129Z,JTO,0.0528,724.4,0.534,1355.838011
2026-10-01T01:00:07.129Z,ONDO,1.1938,691.5,0.504,1355.838011
2026-10-01T01:00:07.129Z,QTUM,0.3772,1360,0.9993,1355.838011
2026-10-01T01:00:07.129Z,PYTH,-0.57,103.4,0.0767,1355.838011
2026-10-01T01:00:07.129Z,APT,0.5581,1070,0.7848,1355.838011
2026-10-01T01:00:07.129Z,UNI,0.6813,12070,8.842,1355.838011
2026-10-01T01:00:07.129Z,TIA,0.107,598.7,0.4411,1355.838011
2026-10-01T01:00:07.129Z,ALGO,0.3691,170.5,0.12529,1355.838011
2026-10-01T01:00:07.129Z,NEAR,0.4738,7205,5.289,1355.838011
2026-10-01T01:00:07.129Z,ZIL,-8.8662,4.363,0.003531,1355.838011
2026-10-01T01:00:07.129Z,SUSHI,1.427,370.2,0.2692,1355.838011
2026-10-01T01:00:07.129Z,PENDLE,-1.6598,3180,2.385,1355.838011
2026-10-01T01:00:07.129Z,XTZ,2.4468,437.4,0.3149,1355.838011
2026-10-01T01:00:07.129Z,W,-3.6645,17.62,0.01349,1355.838011
2026-10-01T01:00:07.129Z,AR,10.6237,6145,4.097,1355.838011
2026-10-01T01:00:07.129Z,SHIB,0.0504,0.0078,0.00000575,1355.838011
2026-10-01T01:00:07.129Z,CELO,-2.0691,134,0.10092,1355.838011
2026-10-01T01:00:07.129Z,STX,-1.1116,511.1,0.3812,1355.838011
2026-10-01T01:00:07.129Z,JUP,0.013,446.4,0.3292,1355.838011
2026-10-01T01:00:07.129Z,PEPE,-0.0748,0.0058,0.000004281,1355.838011
2026-10-01T01:00:07.129Z,DYDX,2.3382,200,0.14414,1355.838011
2026-10-01T01:00:07.129Z,KITE,-9.5514,176.2,0.14368,1355.838011
2026-10-01T01:00:07.129Z,CRV,-4.4795,510.4,0.3941,1355.838011
2026-10-01T01:00:07.129Z,ENJ,-1.4511,39.35,0.02945,1355.838011
2026-10-01T01:00:07.129Z,ATOM,-0.261,2353,1.74,1355.838011
2026-10-01T01:00:07.129Z,ICP,-0.2019,4495,3.322,1355.838011
2026-10-01T01:00:07.129Z,SPACE,-5.1183,6.822,0.005303,1355.838011
2026-10-01T01:00:07.129Z,DOT,0.6516,1675,1.2274,1355.838011
2026-10-01T01:00:07.129Z,ETHFI,5.1051,1100,0.7719,1355.838011
2026-10-01T01:00:07.129Z,CC,10.4787,190.1,0.12691,1355.838011
2026-10-01T01:00:07.129Z,SYRUP,-0.1171,304.3,0.2247,1355.838011
2026-10-01T01:00:07.129Z,TAO,8.5485,442700,300.8,1355.838011
2026-10-01T01:00:07.129Z,GRAM,0.7315,2050,1.501,1355.838011
2026-10-01T01:00:07.129Z,RAY,14.4141,3000,1.9339,1355.838011
2026-10-01T01:00:07.129Z,RENDER,-0.8107,2570,1.911,1355.838011
2026-10-01T01:00:07.129Z,GRASS,3.7306,990.4,0.7042,1355.838011
2026-10-01T01:00:07.129Z,MINA,-0.254,196.3,0.14515,1355.838011
2026-10-01T01:00:07.129Z,POL,0.0425,152.8,0.11265,1355.838011
2026-10-01T01:00:07.129Z,ENA,2.39,369.8,0.26638,1355.838011
2026-10-01T01:00:07.129Z,SAND,-0.9536,58.9,0.04386,1355.838011
2026-10-01T01:00:07.129Z,AERO,-1.5288,1102,0.8254,1355.838011
2026-10-01T01:00:07.129Z,KGEN,-3.9112,213.4,0.1638,1355.838011
2026-10-01T01:00:07.129Z,LIT,1.0941,5340,3.8959,1355.838011
2026-10-01T01:00:07.129Z,MANA,1.3066,123.4,0.08984,1355.838011
2026-10-01T01:00:07.129Z,BAND,-0.5777,294,0.2181,1355.838011
2026-10-01T01:00:07.129Z,APE,-1.3776,202.7,0.15159,1355.838011
2026-10-01T01:00:07.129Z,GMT,-3.0168,11.34,0.008624,1355.838011
2026-10-01T01:00:07.129Z,VIRTUAL,-4.3898,1039,0.8015,1355.838011
2026-10-01T01:00:07.129Z,LPT,6.3039,2554,1.772,1355.838011
2026-10-01T01:00:07.129Z,DATA,-3.9938,285.2,0.2191,1355.838011
2026-10-01T01:00:07.129Z,THETA,-2.6787,296.1,0.2244,1355.838011
2026-10-01T01:00:07.129Z,GRT,-0.4683,39.54,0.0293,1355.838011
2026-10-01T01:00:07.129Z,LAYER,1.7377,107.8,0.07815,1355.838011
2026-10-01T01:00:07.129Z,NMR,19.7844,18370,11.311,1355.838011
2026-10-01T01:00:07.129Z,EIGEN,-3.9572,321.9,0.2472,1355.838011
2026-10-01T01:00:07.129Z,BAT,0.6202,121.8,0.08928,1355.838011
2026-10-01T01:00:07.129Z,SPK,-3.5968,32.35,0.02475,1355.838011
2026-10-01T01:00:07.129Z,PUMP,-2.0579,7.71,0.005806,1355.838011
2026-10-01T01:00:07.129Z,KMNO,-11.9981,52.01,0.04359,1355.838011
2026-10-01T01:00:07.129Z,CHZ,-2.8679,21.44,0.01628,1355.838011
2026-10-01T01:00:07.129Z,PENGU,-1.216,12.91,0.009639,1355.838011
2026-10-01T01:00:07.129Z,OP,-1.7466,173.7,0.13039,1355.838011
2026-10-01T01:00:07.129Z,UMA,1.9656,570,0.4123,1355.838011
2026-10-01T01:00:07.129Z,ZRO,7.8165,2500,1.7102,1355.838011
2026-10-01T01:00:07.129Z,S,20.661,67.5,0.04126,1355.838011
2026-10-01T01:00:07.129Z,IMX,-0.7907,224.5,0.1669,1355.838011
2026-10-01T01:00:07.129Z,A,0.4125,134.7,0.09894,1355.838011
2026-10-01T01:00:07.129Z,ATH,-7.1636,7.478,0.005941,1355.838011
2026-10-01T01:00:07.129Z,COMP,13.768,38100,24.7,1355.838011
2026-10-01T01:00:07.129Z,CVX,-3.6584,2828,2.165,1355.838011
2026-10-01T01:00:07.129Z,AXS,2.3329,1601,1.1539,1355.838011
2026-10-01T01:00:07.129Z,WCT,0.428,57.08,0.04192,1355.838011
2026-10-01T01:00:07.129Z,ME,0.0942,103.1,0.07597,1355.838011
2026-10-01T01:00:07.129Z,ASTER,-2.4425,997.2,0.7539,1355.838011
2026-10-01T01:00:07.129Z,GMX,4.6841,11210,7.898,1355.838011
2026-10-01T01:00:07.129Z,MORPHO,2.8243,3487,2.5012,1355.838011
2026-10-01T01:00:07.129Z,MON,-1.2311,43,0.03211,1355.838011
2026-10-01T01:00:07.129Z,1INCH,0.6377,139,0.10187,1355.838011
2026-10-01T01:00:07.129Z,SKY,3.9217,110.1,0.07814,1355.838011
2026-10-01T01:00:07.129Z,YGG,-2.4377,35.12,0.02655,1355.838011
2026-10-01T01:00:07.129Z,BIO,-0.0177,42.01,0.03099,1355.838011
2026-10-01T01:00:07.129Z,MOVE,-3.9549,12.22,0.009384,1355.838011
2026-10-01T01:00:07.129Z,GALA,-5.1584,3,0.002333,1355.838011
2026-10-01T01:00:07.129Z,ZK,1.2539,16.68,0.01215,1355.838011
2026-10-01T01:00:07.129Z,ENS,-0.5017,9450,7.005,1355.838011
2026-10-01T01:00:07.129Z,INJ,2.8956,10360,7.426,1355.838011
2026-10-01T01:00:07.129Z,KAITO,-8.4999,435.2,0.3508,1355.838011
2026-10-01T01:00:07.129Z,LDO,3.6996,646.9,0.4601,1355.838011
2026-10-01T01:00:07.129Z,BLUR,0.3605,28.48,0.02093,1355.838011
2026-10-01T01:00:07.129Z,AUCTION,0.9884,5110,3.732,1355.838011
2026-10-01T01:00:07.129Z,ZETA,2.1701,72.56,0.05238,1355.838011
2026-10-01T01:00:07.129Z,WIF,-0.1665,336.5,0.2486,1355.838011
2026-10-01T01:00:07.129Z,KSM,-4.0942,6750,5.191,1355.838011
2026-10-01T01:00:07.129Z,SNX,-2.1121,339.1,0.2555,1355.838011
2026-10-01T01:05:06.950Z,BTC,0.3827,113632000,83489.9,1355.838011
2026-10-01T01:05:06.950Z,XRP,0.438,2030,1.4907,1355.838011
2026-10-01T01:05:06.950Z,SOL,0.4586,160600,117.91,1355.838011
2026-10-01T01:05:06.950Z,ETH,0.3955,3653000,2683.66,1355.838011
2026-10-01T01:05:06.950Z,FIL,-0.4735,1415,1.0486,1355.838011
2026-10-01T01:05:06.950Z,TRX,0.1842,458.9,0.33784,1355.838011
2026-10-01T01:05:06.950Z,BNB,-0.5743,1038000,770,1355.838011
2026-10-01T01:05:06.950Z,WLD,0.4859,736.8,0.5408,1355.838011
2026-10-01T01:05:06.950Z,FLOW,0.0205,42.46,0.03131,1355.838011
2026-10-01T01:05:06.950Z,LINK,0.1435,19510,14.369,1355.838011
2026-10-01T01:05:06.950Z,DOGE,0.3943,128.7,0.09455,1355.838011
2026-10-01T01:05:06.950Z,SUI,0.5523,1600,1.1736,1355.838011
2026-10-01T01:05:06.950Z,XLM,0.5223,311.1,0.22826,1355.838011
2026-10-01T01:05:06.950Z,BCH,0.8533,418700,306.2,1355.838011
2026-10-01T01:05:06.950Z,AVAX,0.4577,14770,10.844,1355.838011
2026-10-01T01:05:06.950Z,ETC,0.609,12150,8.907,1355.838011
2026-10-01T01:05:06.950Z,AAVE,0.4636,217000,159.31,1355.838011
2026-10-01T01:05:06.950Z,ADA,0.423,335.9,0.2467,1355.838011
2026-10-01T01:05:06.950Z,HYPE,0.2795,122100,89.804,1355.838011
2026-10-01T01:05:06.950Z,SEI,0.5298,100.7,0.07388,1355.838011
2026-10-01T01:05:06.950Z,HBAR,0.7041,142,0.104,1355.838011
2026-10-01T01:05:06.950Z,ARB,0.4561,276,0.20264,1355.838011
2026-10-01T01:05:06.950Z,JTO,0.0903,724.4,0.5338,1355.838011
2026-10-01T01:05:06.950Z,ONDO,1.0134,691.5,0.5049,1355.838011
2026-10-01T01:05:06.950Z,QTUM,0.4174,1360,0.9989,1355.838011
2026-10-01T01:05:06.950Z,PYTH,-0.8028,103.4,0.07688,1355.838011
2026-10-01T01:05:06.950Z,APT,1.125,1070,0.7804,1355.838011
2026-10-01T01:05:06.950Z,UNI,0.7953,12070,8.832,1355.838011
2026-10-01T01:05:06.950Z,TIA,0.0163,598.7,0.4415,1355.838011
2026-10-01T01:05:06.950Z,ALGO,0.9817,170.5,0.12453,1355.838011
2026-10-01T01:05:06.950Z,NEAR,0.626,7205,5.281,1355.838011
2026-10-01T01:05:06.950Z,ZIL,-8.8662,4.363,0.003531,1355.838011
2026-10-01T01:05:06.950Z,SUSHI,1.3141,370.2,0.2695,1355.838011
2026-10-01T01:05:06.950Z,PENDLE,-1.7834,3180,2.388,1355.838011
2026-10-01T01:05:06.950Z,XTZ,2.1225,437.4,0.3159,1355.838011
2026-10-01T01:05:06.950Z,W,-3.5931,17.62,0.01348,1355.838011
2026-10-01T01:05:06.950Z,AR,11.003,6145,4.083,1355.838011
2026-10-01T01:05:06.950Z,SHIB,0.1027,0.0078,0.000005747,1355.838011
2026-10-01T01:05:06.950Z,CELO,-2.2531,134,0.10111,1355.838011
2026-10-01T01:05:06.950Z,STX,0.7322,525,0.3844,1355.838011
2026-10-01T01:05:06.950Z,JUP,0.013,446.4,0.3292,1355.838011
2026-10-01T01:05:06.950Z,PEPE,-0.1448,0.0058,0.000004284,1355.838011
2026-10-01T01:05:06.950Z,DYDX,2.3879,200,0.14407,1355.838011
2026-10-01T01:05:06.950Z,KITE,-9.5073,176.2,0.14361,1355.838011
2026-10-01T01:05:06.950Z,CRV,-4.6972,510.4,0.395,1355.838011
2026-10-01T01:05:06.950Z,ENJ,-1.3842,39.35,0.02943,1355.838011
2026-10-01T01:05:06.950Z,ATOM,21.6558,2875,1.743,1355.838011
2026-10-01T01:05:06.950Z,ICP,-0.3219,4495,3.326,1355.838011
2026-10-01T01:05:06.950Z,SPACE,-5.5635,6.822,0.005328,1355.838011
2026-10-01T01:05:06.950Z,DOT,0.3981,1675,1.2305,1355.838011
2026-10-01T01:05:06.950Z,ETHFI,4.7117,1100,0.7748,1355.838011
2026-10-01T01:05:06.950Z,CC,10.0192,190.1,0.12744,1355.838011
2026-10-01T01:05:06.950Z,SYRUP,-0.0726,304.3,0.2246,1355.838011
2026-10-01T01:05:06.950Z,TAO,8.5124,442700,300.9,1355.838011
2026-10-01T01:05:06.950Z,GRAM,0.2639,2050,1.508,1355.838011
2026-10-01T01:05:06.950Z,RAY,14.172,3000,1.938,1355.838011
2026-10-01T01:05:06.950Z,RENDER,-0.8107,2570,1.911,1355.838011
2026-10-01T01:05:06.950Z,GRASS,4.592,990.4,0.6984,1355.838011
2026-10-01T01:05:06.950Z,MINA,-0.0957,196.3,0.14492,1355.838011
2026-10-01T01:05:06.950Z,POL,0.1491,152.8,0.11253,1355.838011
2026-10-01T01:05:06.950Z,ENA,2.5247,369.8,0.26603,1355.838011
2026-10-01T01:05:06.950Z,SAND,-1.0438,58.9,0.0439,1355.838011
2026-10-01T01:05:06.950Z,AERO,-1.5288,1102,0.8254,1355.838011
2026-10-01T01:05:06.950Z,KGEN,-4.1453,213.4,0.1642,1355.838011
2026-10-01T01:05:06.950Z,LIT,0.9024,5340,3.9033,1355.838011
2026-10-01T01:05:06.950Z,MANA,1.0703,123.4,0.09005,1355.838011
2026-10-01T01:05:06.950Z,BAND,-0.5321,294,0.218,1355.838011
2026-10-01T01:05:06.950Z,APE,-1.28,202.7,0.15144,1355.838011
2026-10-01T01:05:06.950Z,GMT,-3.3642,11.34,0.008655,1355.838011
2026-10-01T01:05:06.950Z,VIRTUAL,-4.2345,1039,0.8002,1355.838011
2026-10-01T01:05:06.950Z,LPT,6.4241,2554,1.77,1355.838011
2026-10-01T01:05:06.950Z,DATA,-3.7302,285.2,0.2185,1355.838011
2026-10-01T01:05:06.950Z,THETA,-2.8951,296.1,0.2249,1355.838011
2026-10-01T01:05:06.950Z,GRT,-0.3663,39.54,0.02927,1355.838011
2026-10-01T01:05:06.950Z,LAYER,1.7117,107.8,0.07817,1355.838011
2026-10-01T01:05:06.950Z,NMR,18.9223,18370,11.393,1355.838011
2026-10-01T01:05:06.950Z,EIGEN,-3.9184,321.9,0.2471,1355.838011
2026-10-01T01:05:06.950Z,BAT,0.3057,121.8,0.08956,1355.838011
2026-10-01T01:05:06.950Z,SPK,-3.6358,32.35,0.02476,1355.838011
2026-10-01T01:05:06.950Z,PUMP,-2.1253,7.71,0.00581,1355.838011
2026-10-01T01:05:06.950Z,KMNO,-12.2597,52.01,0.04372,1355.838011
2026-10-01T01:05:06.950Z,CHZ,-3.0466,21.44,0.01631,1355.838011
2026-10-01T01:05:06.950Z,PENGU,-1.0518,12.91,0.009623,1355.838011
2026-10-01T01:05:06.950Z,OP,-1.852,173.7,0.13053,1355.838011
2026-10-01T01:05:06.950Z,UMA,1.7435,570,0.4132,1355.838011
2026-10-01T01:05:06.950Z,ZRO,7.7409,2500,1.7114,1355.838011
2026-10-01T01:05:06.950Z,S,20.7487,67.5,0.04123,1355.838011
2026-10-01T01:05:06.950Z,IMX,-1.0989,224.5,0.16742,1355.838011
2026-10-01T01:05:06.950Z,A,0.4328,134.7,0.09892,1355.838011
2026-10-01T01:05:06.950Z,ATH,-7.2729,7.478,0.005948,1355.838011
2026-10-01T01:05:06.950Z,COMP,13.8141,38100,24.69,1355.838011
2026-10-01T01:05:06.950Z,CVX,-3.8804,2828,2.17,1355.838011
2026-10-01T01:05:06.950Z,AXS,2.2709,1601,1.1546,1355.838011
2026-10-01T01:05:06.950Z,WCT,0.428,57.08,0.04192,1355.838011
2026-10-01T01:05:06.950Z,ME,0.1865,103.1,0.0759,1355.838011
2026-10-01T01:05:06.950Z,ASTER,-2.5717,997.2,0.7549,1355.838011
2026-10-01T01:05:06.950Z,GMX,4.3801,11210,7.921,1355.838011
2026-10-01T01:05:06.950Z,MORPHO,2.8613,3487,2.5003,1355.838011
2026-10-01T01:05:06.950Z,MON,-1.6903,43,0.03226,1355.838011
2026-10-01T01:05:06.950Z,1INCH,0.5291,139,0.10198,1355.838011
2026-10-01T01:05:06.950Z,SKY,3.8951,110.1,0.07816,1355.838011
2026-10-01T01:05:06.950Z,YGG,-2.5478,35.12,0.02658,1355.838011
2026-10-01T01:05:06.950Z,BIO,0.306,42.01,0.03089,1355.838011
2026-10-01T01:05:06.950Z,MOVE,-4.1183,12.22,0.0094,1355.838011
2026-10-01T01:05:06.950Z,GALA,-5.1584,3,0.002333,1355.838011
2026-10-01T01:05:06.950Z,ZK,1.154,16.68,0.012162,1355.838011
2026-10-01T01:05:06.950Z,ENS,-0.6152,9450,7.013,1355.838011
2026-10-01T01:05:06.950Z,INJ,3.0205,10360,7.417,1355.838011
2026-10-01T01:05:06.950Z,KAITO,-8.5781,435.2,0.3511,1355.838011
2026-10-01T01:05:06.950Z,LDO,3.8124,646.9,0.4596,1355.838011
2026-10-01T01:05:06.950Z,BLUR,-0.1167,28.48,0.02103,1355.838011
2026-10-01T01:05:06.950Z,AUCTION,0.9073,5110,3.735,1355.838011
2026-10-01T01:05:06.950Z,ZETA,1.5112,72.56,0.05272,1355.838011
2026-10-01T01:05:06.950Z,WIF,-0.4868,336.5,0.2494,1355.838011
2026-10-01T01:05:06.950Z,KSM,-4.6818,6750,5.223,1355.838011
2026-10-01T01:05:06.950Z,SNX,-2.0738,339.1,0.2554,1355.838011
2026-10-01T01:10:06.753Z,BTC,0.4486,113805000,83562.2,1355.838011
2026-10-01T01:10:06.753Z,XRP,0.4157,2032,1.4925,1355.838011
2026-10-01T01:10:06.753Z,SOL,0.3365,160500,117.98,1355.838011
2026-10-01T01:10:06.753Z,ETH,0.3592,3655000,2686.1,1355.838011
2026-10-01T01:10:06.753Z,FIL,-0.9176,1415,1.0533,1355.838011
2026-10-01T01:10:06.753Z,TRX,0.1486,458.9,0.33796,1355.838011
2026-10-01T01:10:06.753Z,BNB,-0.6517,1038000,770.6,1355.838011
2026-10-01T01:10:06.753Z,WLD,0.2814,738.7,0.5433,1355.838011
2026-10-01T01:10:06.753Z,FLOW,-0.0114,42.46,0.03132,1355.838011
2026-10-01T01:10:06.753Z,LINK,0.0043,19510,14.389,1355.838011
2026-10-01T01:10:06.753Z,DOGE,0.2247,128.7,0.09471,1355.838011
2026-10-01T01:10:06.753Z,SUI,0.4072,1603,1.1775,1355.838011
2026-10-01T01:10:06.753Z,XLM,0.5474,313.1,0.22967,1355.838011
2026-10-01T01:10:06.753Z,BCH,0.5905,418700,307,1355.838011
2026-10-01T01:10:06.753Z,AVAX,0.2635,14770,10.865,1355.838011
2026-10-01T01:10:06.753Z,ETC,0.2713,12150,8.937,1355.838011
2026-10-01T01:10:06.753Z,AAVE,0.1807,217000,159.76,1355.838011
2026-10-01T01:10:06.753Z,ADA,0.0175,335.9,0.2477,1355.838011
2026-10-01T01:10:06.753Z,HYPE,0.0708,122200,90.065,1355.838011
2026-10-01T01:10:06.753Z,SEI,0.3038,100.8,0.07412,1355.838011
2026-10-01T01:10:06.753Z,HBAR,0.1456,142,0.10458,1355.838011
2026-10-01T01:10:06.753Z,ARB,0.1201,276,0.20332,1355.838011
2026-10-01T01:10:06.753Z,JTO,-0.6726,724.4,0.5379,1355.838011
2026-10-01T01:10:06.753Z,ONDO,0.5752,691.5,0.5071,1355.838011
2026-10-01T01:10:06.753Z,QTUM,0.2769,1360,1.0003,1355.838011
2026-10-01T01:10:06.753Z,PYTH,-1.0088,103.4,0.07704,1355.838011
2026-10-01T01:10:06.753Z,APT,0.6735,1070,0.7839,1355.838011
2026-10-01T01:10:06.753Z,UNI,0.5335,12070,8.855,1355.838011
2026-10-01T01:10:06.753Z,TIA,-0.4123,598.7,0.4434,1355.838011
2026-10-01T01:10:06.753Z,ALGO,0.4734,170.5,0.12516,1355.838011
2026-10-01T01:10:06.753Z,NEAR,-0.1305,7205,5.321,1355.838011
2026-10-01T01:10:06.753Z,ZIL,-9.0465,4.363,0.003538,1355.838011
2026-10-01T01:10:06.753Z,SUSHI,1.089,370.2,0.2701,1355.838011
2026-10-01T01:10:06.753Z,PENDLE,-2.0295,3180,2.394,1355.838011
2026-10-01T01:10:06.753Z,XTZ,1.8967,437.4,0.3166,1355.838011
2026-10-01T01:10:06.753Z,W,-3.6931,17.62,0.013494,1355.838011
2026-10-01T01:10:06.753Z,AR,10.7047,6145,4.094,1355.838011
2026-10-01T01:10:06.753Z,SHIB,-0.1406,0.0078,0.000005761,1355.838011
2026-10-01T01:10:06.753Z,CELO,-2.6095,134,0.10148,1355.838011
2026-10-01T01:10:06.753Z,STX,-0.0479,525,0.3874,1355.838011
2026-10-01T01:10:06.753Z,JUP,-0.1992,446.4,0.3299,1355.838011
2026-10-01T01:10:06.753Z,PEPE,-0.3773,0.0058,0.000004294,1355.838011
2026-10-01T01:10:06.753Z,DYDX,2.3595,200,0.14411,1355.838011
2026-10-01T01:10:06.753Z,KITE,-9.6457,176.2,0.14383,1355.838011
2026-10-01T01:10:06.753Z,CRV,-4.8177,510.4,0.3955,1355.838011
2026-10-01T01:10:06.753Z,ENJ,-1.5514,39.35,0.02948,1355.838011
2026-10-01T01:10:06.753Z,ATOM,21.3772,2875,1.747,1355.838011
2026-10-01T01:10:06.753Z,ICP,-0.7991,4495,3.342,1355.838011
2026-10-01T01:10:06.753Z,SPACE,-5.8287,6.822,0.005343,1355.838011
2026-10-01T01:10:06.753Z,DOT,-0.3711,1675,1.24,1355.838011
2026-10-01T01:10:06.753Z,ETHFI,4.4825,1100,0.7765,1355.838011
2026-10-01T01:10:06.753Z,CC,9.8813,190.1,0.1276,1355.838011
2026-10-01T01:10:06.753Z,SYRUP,-0.4273,304.3,0.2254,1355.838011
2026-10-01T01:10:06.753Z,TAO,8.153,442700,301.9,1355.838011
2026-10-01T01:10:06.753Z,GRAM,-0.0013,2050,1.512,1355.838011
2026-10-01T01:10:06.753Z,RAY,13.7728,3000,1.9448,1355.838011
2026-10-01T01:10:06.753Z,RENDER,-1.2757,2570,1.92,1355.838011
2026-10-01T01:10:06.753Z,GRASS,4.3232,990.4,0.7002,1355.838011
2026-10-01T01:10:06.753Z,MINA,0.0493,196.3,0.14471,1355.838011
2026-10-01T01:10:06.753Z,POL,0.0069,152.8,0.11269,1355.838011
2026-10-01T01:10:06.753Z,ENA,2.0605,369.8,0.26724,1355.838011
2026-10-01T01:10:06.753Z,SAND,-1.4702,58.9,0.04409,1355.838011
2026-10-01T01:10:06.753Z,AERO,-1.9446,1102,0.8289,1355.838011
2026-10-01T01:10:06.753Z,KGEN,-4.0869,213.4,0.1641,1355.838011
2026-10-01T01:10:06.753Z,LIT,0.6651,5340,3.9125,1355.838011
2026-10-01T01:10:06.753Z,MANA,0.9022,123.4,0.0902,1355.838011
2026-10-01T01:10:06.753Z,BAND,-0.6233,294,0.2182,1355.838011
2026-10-01T01:10:06.753Z,APE,-1.54,202.7,0.15184,1355.838011
2026-10-01T01:10:06.753Z,GMT,-3.5425,11.34,0.008671,1355.838011
2026-10-01T01:10:06.753Z,VIRTUAL,-4.6159,1039,0.8034,1355.838011
2026-10-01T01:10:06.753Z,LPT,6.1243,2554,1.775,1355.838011
2026-10-01T01:10:06.753Z,DATA,-3.3764,285.2,0.2177,1355.838011
2026-10-01T01:10:06.753Z,THETA,-3.2393,296.1,0.2257,1355.838011
2026-10-01T01:10:06.753Z,GRT,-0.8069,39.54,0.0294,1355.838011
2026-10-01T01:10:06.753Z,LAYER,1.4651,107.8,0.07836,1355.838011
2026-10-01T01:10:06.753Z,NMR,18.8701,18370,11.398,1355.838011
2026-10-01T01:10:06.753Z,EIGEN,-4.1511,321.9,0.2477,1355.838011
2026-10-01T01:10:06.753Z,BAT,0.0042,121.8,0.08983,1355.838011
2026-10-01T01:10:06.753Z,SPK,-3.83,32.35,0.02481,1355.838011
2026-10-01T01:10:06.753Z,PUMP,-1.7363,7.71,0.005787,1355.838011
2026-10-01T01:10:06.753Z,KMNO,-12.2597,52.01,0.04372,1355.838011
2026-10-01T01:10:06.753Z,CHZ,-3.2246,21.44,0.01634,1355.838011
2026-10-01T01:10:06.753Z,PENGU,-1.5734,12.91,0.009674,1355.838011
2026-10-01T01:10:06.753Z,OP,-2.368,173.7,0.13122,1355.838011
2026-10-01T01:10:06.753Z,UMA,1.7435,570,0.4132,1355.838011
2026-10-01T01:10:06.753Z,ZRO,7.8291,2500,1.71,1355.838011
2026-10-01T01:10:06.753Z,S,20.0499,67.5,0.04147,1355.838011
2026-10-01T01:10:06.753Z,IMX,-1.3052,224.5,0.16777,1355.838011
2026-10-01T01:10:06.753Z,A,0.4125,134.7,0.09894,1355.838011
2026-10-01T01:10:06.753Z,ATH,-7.4751,7.478,0.005961,1355.838011
2026-10-01T01:10:06.753Z,COMP,13.63,38100,24.73,1355.838011
2026-10-01T01:10:06.753Z,CVX,-3.9247,2828,2.171,1355.838011
2026-10-01T01:10:06.753Z,AXS,2.0411,1601,1.1572,1355.838011
2026-10-01T01:10:06.753Z,WCT,0.1414,57.08,0.04204,1355.838011
2026-10-01T01:10:06.753Z,ME,0.0546,103.1,0.076,1355.838011
2026-10-01T01:10:06.753Z,ASTER,-2.5975,997.2,0.7551,1355.838011
2026-10-01T01:10:06.753Z,GMX,4.1303,11210,7.94,1355.838011
2026-10-01T01:10:06.753Z,MORPHO,2.5455,3487,2.508,1355.838011
2026-10-01T01:10:06.753Z,MON,-1.4153,43,0.03217,1355.838011
2026-10-01T01:10:06.753Z,1INCH,0.3717,139,0.10214,1355.838011
2026-10-01T01:10:06.753Z,SKY,3.5902,110.1,0.07839,1355.838011
2026-10-01T01:10:06.753Z,YGG,-2.7673,35.12,0.02664,1355.838011
2026-10-01T01:10:06.753Z,BIO,-0.0499,42.01,0.031,1355.838011
2026-10-01T01:10:06.753Z,MOVE,-4.2609,12.22,0.009414,1355.838011
2026-10-01T01:10:06.753Z,GALA,-5.6438,3,0.002345,1355.838011
2026-10-01T01:10:06.753Z,ZK,0.9051,16.68,0.012192,1355.838011
2026-10-01T01:10:06.753Z,ENS,-1.0947,9450,7.047,1355.838011
2026-10-01T01:10:06.753Z,INJ,2.7573,10360,7.436,1355.838011
2026-10-01T01:10:06.753Z,KAITO,-8.8377,435.2,0.3521,1355.838011
2026-10-01T01:10:06.753Z,LDO,3.4747,646.9,0.4611,1355.838011
2026-10-01T01:10:06.753Z,BLUR,-0.6364,28.48,0.02114,1355.838011
2026-10-01T01:10:06.753Z,AUCTION,0.7993,5110,3.739,1355.838011
2026-10-01T01:10:06.753Z,ZETA,1.2807,72.56,0.05284,1355.838011
2026-10-01T01:10:06.753Z,WIF,-0.7256,336.5,0.25,1355.838011
2026-10-01T01:10:06.753Z,KSM,-4.2786,6750,5.201,1355.838011
2026-10-01T01:10:06.753Z,SNX,-2.0738,339.1,0.2554,1355.838011
2026-10-01T01:15:07.178Z,BTC,0.4131,113690000,83507.2,1355.838011
2026-10-01T01:15:07.178Z,XRP,0.3999,2031,1.492,1355.838011
2026-10-01T01:15:07.178Z,SOL,0.4046,160500,117.9,1355.838011
2026-10-01T01:15:07.178Z,ETH,0.4667,3658000,2685.43,1355.838011
2026-10-01T01:15:07.178Z,FIL,0.4349,1432,1.0516,1355.838011
2026-10-01T01:15:07.178Z,TRX,0.1397,458.9,0.33799,1355.838011
2026-10-01T01:15:07.178Z,BNB,-0.4967,1038000,769.4,1355.838011
2026-10-01T01:15:07.178Z,WLD,0.4383,734,0.539,1355.838011
2026-10-01T01:15:07.178Z,FLOW,0.0845,42.46,0.03129,1355.838011
2026-10-01T01:15:07.178Z,LINK,0.1017,19510,14.375,1355.838011
2026-10-01T01:15:07.178Z,DOGE,0.345,128.8,0.09467,1355.838011
2026-10-01T01:15:07.178Z,SUI,0.2539,1603,1.1793,1355.838011
2026-10-01T01:15:07.178Z,XLM,0.5489,313.2,0.22974,1355.838011
2026-10-01T01:15:07.178Z,BCH,0.6232,418700,306.9,1355.838011
2026-10-01T01:15:07.178Z,AVAX,0.2728,14770,10.864,1355.838011
2026-10-01T01:15:07.178Z,ETC,0.4624,12150,8.92,1355.838011
2026-10-01T01:15:07.178Z,AAVE,0.2622,217000,159.63,1355.838011
2026-10-01T01:15:07.178Z,ADA,0.0984,335.9,0.2475,1355.838011
2026-10-01T01:15:07.178Z,HYPE,0.403,122200,89.767,1355.838011
2026-10-01T01:15:07.178Z,SEI,0.4304,100.9,0.0741,1355.838011
2026-10-01T01:15:07.178Z,HBAR,0.376,142,0.10434,1355.838011
2026-10-01T01:15:07.178Z,ARB,0.273,276,0.20301,1355.838011
2026-10-01T01:15:07.178Z,JTO,-0.3948,724.4,0.5364,1355.838011
2026-10-01T01:15:07.178Z,ONDO,0.6943,691.5,0.5065,1355.838011
2026-10-01T01:15:07.178Z,QTUM,0.2969,1360,1.0001,1355.838011
2026-10-01T01:15:07.178Z,PYTH,-0.8028,103.4,0.07688,1355.838011
2026-10-01T01:15:07.178Z,APT,0.8537,1070,0.7825,1355.838011
2026-10-01T01:15:07.178Z,UNI,0.6927,12070,8.841,1355.838011
2026-10-01T01:15:07.178Z,TIA,-0.2548,598.7,0.4427,1355.838011
2026-10-01T01:15:07.178Z,ALGO,0.6745,170.5,0.12491,1355.838011
2026-10-01T01:15:07.178Z,NEAR,0.645,7205,5.28,1355.838011
2026-10-01T01:15:07.178Z,ZIL,-9.0722,4.363,0.003539,1355.838011
2026-10-01T01:15:07.178Z,SUSHI,1.3141,370.2,0.2695,1355.838011
2026-10-01T01:15:07.178Z,PENDLE,-1.9476,3180,2.392,1355.838011
2026-10-01T01:15:07.178Z,XTZ,1.7039,437.4,0.3172,1355.838011
2026-10-01T01:15:07.178Z,W,-3.1909,17.62,0.013424,1355.838011
2026-10-01T01:15:07.178Z,AR,10.8672,6145,4.088,1355.838011
2026-10-01T01:15:07.178Z,SHIB,-0.0539,0.0078,0.000005756,1355.838011
2026-10-01T01:15:07.178Z,CELO,-2.5327,134,0.1014,1355.838011
2026-10-01T01:15:07.178Z,STX,-0.2796,525,0.3883,1355.838011
2026-10-01T01:15:07.178Z,JUP,-0.1386,446.4,0.3297,1355.838011
2026-10-01T01:15:07.178Z,PEPE,-0.2612,0.0058,0.000004289,1355.838011
2026-10-01T01:15:07.178Z,DYDX,2.516,200,0.14389,1355.838011
2026-10-01T01:15:07.178Z,KITE,-9.7524,176.2,0.144,1355.838011
2026-10-01T01:15:07.178Z,CRV,-4.6006,510.4,0.3946,1355.838011
2026-10-01T01:15:07.178Z,ENJ,-1.6515,39.35,0.02951,1355.838011
2026-10-01T01:15:07.178Z,ATOM,21.1691,2875,1.75,1355.838011
2026-10-01T01:15:07.178Z,ICP,-0.8288,4495,3.343,1355.838011
2026-10-01T01:15:07.178Z,SPACE,-6.0572,6.822,0.005356,1355.838011
2026-10-01T01:15:07.178Z,DOT,-0.0729,1675,1.2363,1355.838011
2026-10-01T01:15:07.178Z,ETHFI,4.6307,1100,0.7754,1355.838011
2026-10-01T01:15:07.178Z,CC,9.9157,190.1,0.12756,1355.838011
2026-10-01T01:15:07.178Z,SYRUP,-0.6477,304.3,0.2259,1355.838011
2026-10-01T01:15:07.178Z,TAO,8.3324,442700,301.4,1355.838011
2026-10-01T01:15:07.178Z,GRAM,0.3305,2050,1.507,1355.838011
2026-10-01T01:15:07.178Z,RAY,14.1308,3000,1.9387,1355.838011
2026-10-01T01:15:07.178Z,RENDER,-1.2242,2570,1.919,1355.838011
2026-10-01T01:15:07.178Z,GRASS,4.3381,990.4,0.7001,1355.838011
2026-10-01T01:15:07.178Z,MINA,-0.1577,196.3,0.14501,1355.838011
2026-10-01T01:15:07.178Z,POL,-0.0108,152.8,0.11271,1355.838011
2026-10-01T01:15:07.178Z,ENA,2.4131,369.8,0.26632,1355.838011
2026-10-01T01:15:07.178Z,SAND,-1.4032,58.9,0.04406,1355.838011
2026-10-01T01:15:07.178Z,AERO,-2.2277,1102,0.8313,1355.838011
2026-10-01T01:15:07.178Z,KGEN,-4.2619,213.4,0.1644,1355.838011
2026-10-01T01:15:07.178Z,LIT,0.8843,5340,3.904,1355.838011
2026-10-01T01:15:07.178Z,MANA,1.0591,123.4,0.09006,1355.838011
2026-10-01T01:15:07.178Z,BAND,-0.6688,294,0.2183,1355.838011
2026-10-01T01:15:07.178Z,APE,-1.5789,202.7,0.1519,1355.838011
2026-10-01T01:15:07.178Z,GMT,-3.4646,11.34,0.008664,1355.838011
2026-10-01T01:15:07.178Z,VIRTUAL,-4.497,1039,0.8024,1355.838011
2026-10-01T01:15:07.178Z,LPT,6.244,2554,1.773,1355.838011
2026-10-01T01:15:07.178Z,DATA,-3.4207,285.2,0.2178,1355.838011
2026-10-01T01:15:07.178Z,THETA,-3.2393,296.1,0.2257,1355.838011
2026-10-01T01:15:07.178Z,GRT,-0.5701,39.54,0.02933,1355.838011
2026-10-01T01:15:07.178Z,LAYER,1.4004,107.8,0.07841,1355.838011
2026-10-01T01:15:07.178Z,NMR,19.0268,18370,11.383,1355.838011
2026-10-01T01:15:07.178Z,EIGEN,-4.0349,321.9,0.2474,1355.838011
2026-10-01T01:15:07.178Z,BAT,-0.0959,121.8,0.08992,1355.838011
2026-10-01T01:15:07.178Z,SPK,-3.5579,32.35,0.02474,1355.838011
2026-10-01T01:15:07.178Z,PUMP,-1.498,7.71,0.005773,1355.838011
2026-10-01T01:15:07.178Z,KMNO,-12.1794,52.01,0.04368,1355.838011
2026-10-01T01:15:07.178Z,CHZ,-3.1653,21.44,0.01633,1355.838011
2026-10-01T01:15:07.178Z,PENGU,-1.298,12.91,0.009647,1355.838011
2026-10-01T01:15:07.178Z,OP,-1.9571,173.7,0.13067,1355.838011
2026-10-01T01:15:07.178Z,UMA,1.7189,570,0.4133,1355.838011
2026-10-01T01:15:07.178Z,ZRO,7.7157,2500,1.7118,1355.838011
2026-10-01T01:15:07.178Z,S,20.3401,67.5,0.04137,1355.838011
2026-10-01T01:15:07.178Z,IMX,-1.2817,224.5,0.16773,1355.838011
2026-10-01T01:15:07.178Z,A,0.2403,134.7,0.09911,1355.838011
2026-10-01T01:15:07.178Z,ATH,-7.413,7.478,0.005957,1355.838011
2026-10-01T01:15:07.178Z,COMP,13.676,38100,24.72,1355.838011
2026-10-01T01:15:07.178Z,CVX,-3.9247,2828,2.171,1355.838011
2026-10-01T01:15:07.178Z,AXS,0.4013,1575,1.157,1355.838011
2026-10-01T01:15:07.178Z,WCT,0.189,57.08,0.04202,1355.838011
2026-10-01T01:15:07.178Z,ME,0.1205,103.1,0.07595,1355.838011
2026-10-01T01:15:07.178Z,ASTER,-2.5846,997.2,0.755,1355.838011
2026-10-01T01:15:07.178Z,GMX,4.2222,11210,7.933,1355.838011
2026-10-01T01:15:07.178Z,MORPHO,2.8243,3487,2.5012,1355.838011
2026-10-01T01:15:07.178Z,MON,-0.9535,43,0.03202,1355.838011
2026-10-01T01:15:07.178Z,1INCH,0.4996,139,0.10201,1355.838011
2026-10-01T01:15:07.178Z,SKY,3.577,110.1,0.0784,1355.838011
2026-10-01T01:15:07.178Z,YGG,-2.6576,35.12,0.02661,1355.838011
2026-10-01T01:15:07.178Z,BIO,0.0792,42.01,0.03096,1355.838011
2026-10-01T01:15:07.178Z,MOVE,-4.2609,12.22,0.009414,1355.838011
2026-10-01T01:15:07.178Z,GALA,-5.6438,3,0.002345,1355.838011
2026-10-01T01:15:07.178Z,ZK,1.0543,16.68,0.012174,1355.838011
2026-10-01T01:15:07.178Z,ENS,-1.1227,9450,7.049,1355.838011
2026-10-01T01:15:07.178Z,INJ,2.8264,10360,7.431,1355.838011
2026-10-01T01:15:07.178Z,KAITO,-8.8377,435.2,0.3521,1355.838011
2026-10-01T01:15:07.178Z,LDO,3.835,646.9,0.4595,1355.838011
2026-10-01T01:15:07.178Z,BLUR,-0.259,28.48,0.02106,1355.838011
2026-10-01T01:15:07.178Z,AUCTION,0.8533,5110,3.737,1355.838011
2026-10-01T01:15:07.178Z,ZETA,1.2041,72.56,0.05288,1355.838011
2026-10-01T01:15:07.178Z,WIF,-0.6063,336.5,0.2497,1355.838011
2026-10-01T01:15:07.178Z,KSM,-4.5904,6750,5.218,1355.838011
2026-10-01T01:15:07.178Z,SNX,-2.0354,339.1,0.2553,1355.838011
2026-10-01T01:20:07.088Z,BTC,0.3013,113724000,83625.3,1355.838011
2026-10-01T01:20:07.088Z,XRP,0.3575,2033,1.4941,1355.838011
2026-10-01T01:20:07.088Z,SOL,0.2176,160500,118.12,1355.838011
2026-10-01T01:20:07.088Z,ETH,0.3443,3659000,2689.44,1355.838011
2026-10-01T01:20:07.088Z,FIL,0.5181,1440,1.0566,1355.838011
2026-10-01T01:20:07.088Z,TRX,0.4184,460,0.33786,1355.838011
2026-10-01T01:20:07.088Z,BNB,-0.5484,1038000,769.8,1355.838011
2026-10-01T01:20:07.088Z,WLD,0.2097,737.9,0.5431,1355.838011
2026-10-01T01:20:07.088Z,FLOW,-0.1389,42.46,0.03136,1355.838011
2026-10-01T01:20:07.088Z,LINK,-0.1345,19510,14.409,1355.838011
2026-10-01T01:20:07.088Z,DOGE,0.0741,128.9,0.095,1355.838011
2026-10-01T01:20:07.088Z,SUI,0.2043,1609,1.1843,1355.838011
2026-10-01T01:20:07.088Z,XLM,0.308,314,0.23088,1355.838011
2026-10-01T01:20:07.088Z,BCH,0.4923,418700,307.3,1355.838011
2026-10-01T01:20:07.088Z,AVAX,0.0425,14770,10.889,1355.838011
2026-10-01T01:20:07.088Z,ETC,0.1704,12150,8.946,1355.838011
2026-10-01T01:20:07.088Z,AAVE,-0.2253,217000,160.41,1355.838011
2026-10-01T01:20:07.088Z,ADA,-0.2643,335.9,0.2484,1355.838011
2026-10-01T01:20:07.088Z,HYPE,0.0464,122200,90.087,1355.838011
2026-10-01T01:20:07.088Z,SEI,0.6341,100.9,0.07395,1355.838011
2026-10-01T01:20:07.088Z,HBAR,0.2607,142,0.10446,1355.838011
2026-10-01T01:20:07.088Z,ARB,-0.1059,276,0.20378,1355.838011
2026-10-01T01:20:07.088Z,JTO,0.3657,731.7,0.5377,1355.838011
2026-10-01T01:20:07.088Z,ONDO,0.3717,695,0.5107,1355.838011
2026-10-01T01:20:07.088Z,QTUM,0.1667,1360,1.0014,1355.838011
2026-10-01T01:20:07.088Z,PYTH,-0.8931,103.4,0.07695,1355.838011
2026-10-01T01:20:07.088Z,APT,0.6479,1070,0.7841,1355.838011
2026-10-01T01:20:07.088Z,UNI,0.4088,12070,8.866,1355.838011
2026-10-01T01:20:07.088Z,TIA,-0.4796,598.7,0.4437,1355.838011
2026-10-01T01:20:07.088Z,ALGO,0.2491,170.5,0.12544,1355.838011
2026-10-01T01:20:07.088Z,NEAR,0.5498,7205,5.285,1355.838011
2026-10-01T01:20:07.088Z,ZIL,-9.1235,4.363,0.003541,1355.838011
2026-10-01T01:20:07.088Z,SUSHI,0.8277,370.2,0.2708,1355.838011
2026-10-01T01:20:07.088Z,PENDLE,-2.193,3180,2.398,1355.838011
2026-10-01T01:20:07.088Z,XTZ,1.6078,437.4,0.3175,1355.838011
2026-10-01T01:20:07.088Z,W,-3.4427,17.62,0.013459,1355.838011
2026-10-01T01:20:07.088Z,AR,10.7859,6145,4.091,1355.838011
2026-10-01T01:20:07.088Z,SHIB,-0.2791,0.0078,0.000005769,1355.838011
2026-10-01T01:20:07.088Z,CELO,-3.1155,134,0.10201,1355.838011
2026-10-01T01:20:07.088Z,STX,0.5943,526.6,0.3861,1355.838011
2026-10-01T01:20:07.088Z,JUP,-0.5909,446.4,0.3312,1355.838011
2026-10-01T01:20:07.088Z,PEPE,-0.6319,0.0058,0.000004305,1355.838011
2026-10-01T01:20:07.088Z,DYDX,2.573,200,0.14381,1355.838011
2026-10-01T01:20:07.088Z,KITE,-9.7524,176.2,0.144,1355.838011
2026-10-01T01:20:07.088Z,CRV,-5.0098,510.4,0.3963,1355.838011
2026-10-01T01:20:07.088Z,ENJ,-1.6182,39.35,0.0295,1355.838011
2026-10-01T01:20:07.088Z,ATOM,21.0999,2875,1.751,1355.838011
2026-10-01T01:20:07.088Z,ICP,-1.1541,4495,3.354,1355.838011
2026-10-01T01:20:07.088Z,SPACE,-6.1799,6.822,0.005363,1355.838011
2026-10-01T01:20:07.088Z,DOT,-0.4273,1675,1.2407,1355.838011
2026-10-01T01:20:07.088Z,ETHFI,3.9337,1100,0.7806,1355.838011
2026-10-01T01:20:07.088Z,CC,9.9847,190.1,0.12748,1355.838011
2026-10-01T01:20:07.088Z,SYRUP,-0.7356,304.3,0.2261,1355.838011
2026-10-01T01:20:07.088Z,TAO,8.0099,442700,302.3,1355.838011
2026-10-01T01:20:07.088Z,GRAM,0.2639,2050,1.508,1355.838011
2026-10-01T01:20:07.088Z,RAY,13.9779,3000,1.9413,1355.838011
2026-10-01T01:20:07.088Z,RENDER,-1.6853,2570,1.928,1355.838011
2026-10-01T01:20:07.088Z,GRASS,3.5394,990.4,0.7055,1355.838011
2026-10-01T01:20:07.088Z,MINA,-0.309,196.3,0.14523,1355.838011
2026-10-01T01:20:07.088Z,POL,-0.1348,152.8,0.11285,1355.838011
2026-10-01T01:20:07.088Z,ENA,1.9346,369.8,0.26757,1355.838011
2026-10-01T01:20:07.088Z,SAND,-1.8265,58.9,0.04425,1355.838011
2026-10-01T01:20:07.088Z,AERO,-2.2394,1102,0.8314,1355.838011
2026-10-01T01:20:07.088Z,KGEN,-4.2036,213.4,0.1643,1355.838011
2026-10-01T01:20:07.088Z,LIT,0.7424,5340,3.9095,1355.838011
2026-10-01T01:20:07.088Z,MANA,0.9246,123.4,0.09018,1355.838011
2026-10-01T01:20:07.088Z,BAND,-0.8051,294,0.2186,1355.838011
2026-10-01T01:20:07.088Z,APE,-1.8374,202.7,0.1523,1355.838011
2026-10-01T01:20:07.088Z,GMT,-3.7312,11.34,0.008688,1355.838011
2026-10-01T01:20:07.088Z,VIRTUAL,-4.9354,1039,0.8061,1355.838011
2026-10-01T01:20:07.088Z,LPT,5.9452,2554,1.778,1355.838011
2026-10-01T01:20:07.088Z,DATA,-3.4651,285.2,0.2179,1355.838011
2026-10-01T01:20:07.088Z,THETA,-3.3677,296.1,0.226,1355.838011
2026-10-01T01:20:07.088Z,GRT,-0.5701,39.54,0.02933,1355.838011
2026-10-01T01:20:07.088Z,LAYER,1.2454,107.8,0.07853,1355.838011
2026-10-01T01:20:07.088Z,NMR,19.0581,18370,11.38,1355.838011
2026-10-01T01:20:07.088Z,EIGEN,-4.267,321.9,0.248,1355.838011
2026-10-01T01:20:07.088Z,BAT,-0.1958,121.8,0.09001,1355.838011
2026-10-01T01:20:07.088Z,SPK,-3.7524,32.35,0.02479,1355.838011
2026-10-01T01:20:07.088Z,PUMP,-2.0241,7.71,0.005804,1355.838011
2026-10-01T01:20:07.088Z,KMNO,-12.3399,52.01,0.04376,1355.838011
2026-10-01T01:20:07.088Z,CHZ,-3.3429,21.44,0.01636,1355.838011
2026-10-01T01:20:07.088Z,PENGU,-1.5938,12.91,0.009676,1355.838011
2026-10-01T01:20:07.088Z,OP,-1.6636,173.7,0.13028,1355.838011
2026-10-01T01:20:07.088Z,UMA,1.6697,570,0.4135,1355.838011
2026-10-01T01:20:07.088Z,ZRO,7.3395,2500,1.7178,1355.838011
2026-10-01T01:20:07.088Z,S,19.7611,67.5,0.04157,1355.838011
2026-10-01T01:20:07.088Z,IMX,-1.4521,224.5,0.16802,1355.838011
2026-10-01T01:20:07.088Z,A,0.1191,134.7,0.09923,1355.838011
2026-10-01T01:20:07.088Z,ATH,-7.6301,7.478,0.005971,1355.838011
2026-10-01T01:20:07.088Z,COMP,13.5382,38100,24.75,1355.838011
2026-10-01T01:20:07.088Z,CVX,-4.2774,2828,2.179,1355.838011
2026-10-01T01:20:07.088Z,AXS,0.0468,1575,1.1611,1355.838011
2026-10-01T01:20:07.088Z,WCT,0.0937,57.08,0.04206,1355.838011
2026-10-01T01:20:07.088Z,ME,-0.0111,103.1,0.07605,1355.838011
2026-10-01T01:20:07.088Z,ASTER,-2.4166,997.2,0.7537,1355.838011
2026-10-01T01:20:07.088Z,GMX,3.9994,11210,7.95,1355.838011
2026-10-01T01:20:07.088Z,MORPHO,2.6888,3487,2.5045,1355.838011
2026-10-01T01:20:07.088Z,MON,-1.7817,43,0.03229,1355.838011
2026-10-01T01:20:07.088Z,1INCH,0.3127,139,0.1022,1355.838011
2026-10-01T01:20:07.088Z,SKY,3.3792,110.1,0.07855,1355.838011
2026-10-01T01:20:07.088Z,YGG,-3.0221,35.12,0.02671,1355.838011
2026-10-01T01:20:07.088Z,BIO,-0.1465,42.01,0.03103,1355.838011
2026-10-01T01:20:07.088Z,MOVE,-5.3866,12.22,0.009526,1355.838011
2026-10-01T01:20:07.088Z,GALA,-6.3229,3,0.002362,1355.838011
2026-10-01T01:20:07.088Z,ZK,0.6904,16.68,0.012218,1355.838011
2026-10-01T01:20:07.088Z,ENS,-1.3467,9450,7.065,1355.838011
2026-10-01T01:20:07.088Z,INJ,2.6193,10360,7.446,1355.838011
2026-10-01T01:20:07.088Z,KAITO,-8.9928,435.2,0.3527,1355.838011
2026-10-01T01:20:07.088Z,LDO,3.8124,646.9,0.4596,1355.838011
2026-10-01T01:20:07.088Z,BLUR,-0.5423,28.48,0.02112,1355.838011
2026-10-01T01:20:07.088Z,AUCTION,0.7993,5110,3.739,1355.838011
2026-10-01T01:20:07.088Z,ZETA,1.3766,72.56,0.05279,1355.838011
2026-10-01T01:20:07.088Z,WIF,-1.1998,336.5,0.2512,1355.838011
2026-10-01T01:20:07.088Z,KSM,-4.7547,6750,5.227,1355.838011
2026-10-01T01:20:07.088Z,SNX,-2.2651,339.1,0.2559,1355.838011
2026-10-01T01:25:06.953Z,BTC,0.2676,113702000,83637.2,1355.838011
2026-10-01T01:25:06.953Z,XRP,0.2746,2032,1.4946,1355.838011
2026-10-01T01:25:06.953Z,SOL,0.3853,161000,118.29,1355.838011
2026-10-01T01:25:06.953Z,ETH,0.2494,3658000,2691.25,1355.838011
2026-10-01T01:25:06.953Z,FIL,0.2247,1443,1.0619,1355.838011
2026-10-01T01:25:06.953Z,TRX,0.4124,460,0.33788,1355.838011
2026-10-01T01:25:06.953Z,BNB,-0.6259,1038000,770.4,1355.838011
2026-10-01T01:25:06.953Z,WLD,0.1844,738.8,0.5439,1355.838011
2026-10-01T01:25:06.953Z,FLOW,-0.1071,42.46,0.03135,1355.838011
2026-10-01T01:25:06.953Z,LINK,-0.3971,19510,14.447,1355.838011
2026-10-01T01:25:06.953Z,DOGE,0.3181,129.5,0.09521,1355.838011
2026-10-01T01:25:06.953Z,SUI,-0.1162,1609,1.1881,1355.838011
2026-10-01T01:25:06.953Z,XLM,0.4952,314,0.23045,1355.838011
2026-10-01T01:25:06.953Z,BCH,0.2964,418700,307.9,1355.838011
2026-10-01T01:25:06.953Z,AVAX,-0.1042,14770,10.905,1355.838011
2026-10-01T01:25:06.953Z,ETC,0.1033,12150,8.952,1355.838011
2026-10-01T01:25:06.953Z,AAVE,-0.6711,217000,161.13,1355.838011
2026-10-01T01:25:06.953Z,ADA,0.1956,338.4,0.2491,1355.838011
2026-10-01T01:25:06.953Z,HYPE,0.3125,122200,89.848,1355.838011
2026-10-01T01:25:06.953Z,SEI,0.1761,100.4,0.07392,1355.838011
2026-10-01T01:25:06.953Z,HBAR,-0.0646,142,0.1048,1355.838011
2026-10-01T01:25:06.953Z,ARB,-0.3065,276,0.20419,1355.838011
2026-10-01T01:25:06.953Z,JTO,0.3097,731.7,0.538,1355.838011
2026-10-01T01:25:06.953Z,ONDO,0.3127,695,0.511,1355.838011
2026-10-01T01:25:06.953Z,QTUM,0.1667,1360,1.0014,1355.838011
2026-10-01T01:25:06.953Z,PYTH,-0.8931,103.4,0.07695,1355.838011
2026-10-01T01:25:06.953Z,APT,0.2133,1070,0.7875,1355.838011
2026-10-01T01:25:06.953Z,UNI,0.3635,12070,8.87,1355.838011
2026-10-01T01:25:06.953Z,TIA,-0.5469,598.7,0.444,1355.838011
2026-10-01T01:25:06.953Z,ALGO,0.3051,170.5,0.12537,1355.838011
2026-10-01T01:25:06.953Z,NEAR,0.0614,7170,5.285,1355.838011
2026-10-01T01:25:06.953Z,ZIL,-9.0979,4.363,0.00354,1355.838011
2026-10-01T01:25:06.953Z,SUSHI,0.3091,370.2,0.2722,1355.838011
2026-10-01T01:25:06.953Z,PENDLE,-2.68,3180,2.41,1355.838011
2026-10-01T01:25:06.953Z,XTZ,1.5439,437.4,0.3177,1355.838011
2026-10-01T01:25:06.953Z,W,-3.4857,17.62,0.013465,1355.838011
2026-10-01T01:25:06.953Z,AR,10.8672,6145,4.088,1355.838011
2026-10-01T01:25:06.953Z,SHIB,-0.3827,0.0078,0.000005775,1355.838011
2026-10-01T01:25:06.953Z,CELO,-3.144,134,0.10204,1355.838011
2026-10-01T01:25:06.953Z,STX,-0.4383,516.2,0.3824,1355.838011
2026-10-01T01:25:06.953Z,JUP,-0.8006,446.4,0.3319,1355.838011
2026-10-01T01:25:06.953Z,PEPE,-0.7702,0.0058,0.000004311,1355.838011
2026-10-01T01:25:06.953Z,DYDX,2.3169,200,0.14417,1355.838011
2026-10-01T01:25:06.953Z,KITE,-10.2262,176.2,0.14476,1355.838011
2026-10-01T01:25:06.953Z,CRV,-5.1773,510.4,0.397,1355.838011
2026-10-01T01:25:06.953Z,ENJ,-1.6848,39.35,0.02952,1355.838011
2026-10-01T01:25:06.953Z,ATOM,20.8239,2875,1.755,1355.838011
2026-10-01T01:25:06.953Z,ICP,-1.5065,4495,3.366,1355.838011
2026-10-01T01:25:06.953Z,SPACE,-6.4067,6.822,0.005376,1355.838011
2026-10-01T01:25:06.953Z,DOT,-0.5155,1675,1.2418,1355.838011
2026-10-01T01:25:06.953Z,ETHFI,3.2591,1100,0.7857,1355.838011
2026-10-01T01:25:06.953Z,CC,9.864,190.1,0.12762,1355.838011
2026-10-01T01:25:06.953Z,SYRUP,-0.9546,304.3,0.2266,1355.838011
2026-10-01T01:25:06.953Z,TAO,7.9742,442700,302.4,1355.838011
2026-10-01T01:25:06.953Z,GRAM,0.2639,2050,1.508,1355.838011
2026-10-01T01:25:06.953Z,RAY,13.7962,3000,1.9444,1355.838011
2026-10-01T01:25:06.953Z,RENDER,-1.7363,2570,1.929,1355.838011
2026-10-01T01:25:06.953Z,GRASS,3.8633,990.4,0.7033,1355.838011
2026-10-01T01:25:06.953Z,MINA,-0.5964,196.3,0.14565,1355.838011
2026-10-01T01:25:06.953Z,POL,-0.3468,152.8,0.11309,1355.838011
2026-10-01T01:25:06.953Z,ENA,1.8091,369.8,0.2679,1355.838011
2026-10-01T01:25:06.953Z,SAND,-2.07,58.9,0.04436,1355.838011
2026-10-01T01:25:06.953Z,AERO,-2.1806,1102,0.8309,1355.838011
2026-10-01T01:25:06.953Z,KGEN,-4.2036,213.4,0.1643,1355.838011
2026-10-01T01:25:06.953Z,LIT,0.7192,5340,3.9104,1355.838011
2026-10-01T01:25:06.953Z,MANA,0.9246,123.4,0.09018,1355.838011
2026-10-01T01:25:06.953Z,BAND,-0.7597,294,0.2185,1355.838011
2026-10-01T01:25:06.953Z,APE,-1.8245,202.7,0.15228,1355.838011
2026-10-01T01:25:06.953Z,GMT,-3.7312,11.34,0.008688,1355.838011
2026-10-01T01:25:06.953Z,VIRTUAL,-5.2059,1039,0.8084,1355.838011
2026-10-01T01:25:06.953Z,LPT,6.1841,2554,1.774,1355.838011
2026-10-01T01:25:06.953Z,DATA,-3.4207,285.2,0.2178,1355.838011
2026-10-01T01:25:06.953Z,THETA,-3.4532,296.1,0.2262,1355.838011
2026-10-01T01:25:06.953Z,GRT,-0.7731,39.54,0.02939,1355.838011
2026-10-01T01:25:06.953Z,LAYER,1.1295,107.8,0.07862,1355.838011
2026-10-01T01:25:06.953Z,NMR,19.3728,18370,11.35,1355.838011
2026-10-01T01:25:06.953Z,EIGEN,-4.3827,321.9,0.2483,1355.838011
2026-10-01T01:25:06.953Z,BAT,-0.1847,121.8,0.09,1355.838011
2026-10-01T01:25:06.953Z,SPK,-3.83,32.35,0.02481,1355.838011
2026-10-01T01:25:06.953Z,PUMP,-2.0747,7.71,0.005807,1355.838011
2026-10-01T01:25:06.953Z,KMNO,-12.36,52.01,0.04377,1355.838011
2026-10-01T01:25:06.953Z,CHZ,-3.106,21.44,0.01632,1355.838011
2026-10-01T01:25:06.953Z,PENGU,-1.8271,12.91,0.009699,1355.838011
2026-10-01T01:25:06.953Z,OP,-1.7089,173.7,0.13034,1355.838011
2026-10-01T01:25:06.953Z,UMA,1.6451,570,0.4136,1355.838011
2026-10-01T01:25:06.953Z,ZRO,7.2583,2500,1.7191,1355.838011
2026-10-01T01:25:06.953Z,S,19.9054,67.5,0.04152,1355.838011
2026-10-01T01:25:06.953Z,IMX,-1.5107,224.5,0.16812,1355.838011
2026-10-01T01:25:06.953Z,A,0.1393,134.7,0.09921,1355.838011
2026-10-01T01:25:06.953Z,ATH,-7.7228,7.478,0.005977,1355.838011
2026-10-01T01:25:06.953Z,COMP,13.676,38100,24.72,1355.838011
2026-10-01T01:25:06.953Z,CVX,-4.1014,2828,2.175,1355.838011
2026-10-01T01:25:06.953Z,AXS,-0.0393,1575,1.1621,1355.838011
2026-10-01T01:25:06.953Z,WCT,-0.0488,57.08,0.04212,1355.838011
2026-10-01T01:25:06.953Z,ME,0.1073,103.1,0.07596,1355.838011
2026-10-01T01:25:06.953Z,ASTER,-2.3907,997.2,0.7535,1355.838011
2026-10-01T01:25:06.953Z,GMX,3.9209,11210,7.956,1355.838011
2026-10-01T01:25:06.953Z,MORPHO,2.6683,3487,2.505,1355.838011
2026-10-01T01:25:06.953Z,MON,-1.5683,43,0.03222,1355.838011
2026-10-01T01:25:06.953Z,1INCH,0.2539,139,0.10226,1355.838011
2026-10-01T01:25:06.953Z,SKY,3.1953,110.1,0.07869,1355.838011
2026-10-01T01:25:06.953Z,YGG,-3.0584,35.12,0.02672,1355.838011
2026-10-01T01:25:06.953Z,BIO,-0.5312,42.01,0.03115,1355.838011
2026-10-01T01:25:06.953Z,MOVE,-5.9199,12.22,0.00958,1355.838011
2026-10-01T01:25:06.953Z,GALA,-6.0843,3,0.002356,1355.838011
2026-10-01T01:25:06.953Z,ZK,0.5094,16.68,0.01224,1355.838011
2026-10-01T01:25:06.953Z,ENS,-1.4304,9450,7.071,1355.838011
2026-10-01T01:25:06.953Z,INJ,2.4404,10360,7.459,1355.838011
2026-10-01T01:25:06.953Z,KAITO,-9.2501,435.2,0.3537,1355.838011
2026-10-01T01:25:06.953Z,LDO,3.5646,646.9,0.4607,1355.838011
2026-10-01T01:25:06.953Z,BLUR,-1.2901,28.48,0.02128,1355.838011
2026-10-01T01:25:06.953Z,AUCTION,0.7724,5110,3.74,1355.838011
2026-10-01T01:25:06.953Z,ZETA,2.0338,72.56,0.05245,1355.838011
2026-10-01T01:25:06.953Z,WIF,-1.2392,336.5,0.2513,1355.838011
2026-10-01T01:25:06.953Z,KSM,-4.8639,6750,5.233,1355.838011
2026-10-01T01:25:06.953Z,SNX,-2.3414,339.1,0.2561,1355.838011
2026-10-01T01:30:06.827Z,BTC,0.4131,113794000,83583.6,1355.838011
2026-10-01T01:30:06.827Z,XRP,0.3575,2033,1.4941,1355.838011
2026-10-01T01:30:06.827Z,SOL,0.4222,161100,118.32,1355.838011
2026-10-01T01:30:06.827Z,ETH,0.359,3660000,2689.78,1355.838011
2026-10-01T01:30:06.827Z,FIL,0.6513,1443,1.0574,1355.838011
2026-10-01T01:30:06.827Z,TRX,0.4243,460,0.33784,1355.838011
2026-10-01T01:30:06.827Z,BNB,-0.4709,1038000,769.2,1355.838011
2026-10-01T01:30:06.827Z,WLD,0.3878,740.3,0.5439,1355.838011
2026-10-01T01:30:06.827Z,FLOW,-0.315,42.25,0.03126,1355.838011
2026-10-01T01:30:06.827Z,LINK,-0.2314,19510,14.423,1355.838011
2026-10-01T01:30:06.827Z,DOGE,0.3777,129.4,0.09508,1355.838011
2026-10-01T01:30:06.827Z,SUI,0.0776,1609,1.1858,1355.838011
2026-10-01T01:30:06.827Z,XLM,0.4407,312.4,0.2294,1355.838011
2026-10-01T01:30:06.827Z,BCH,0.329,418700,307.8,1355.838011
2026-10-01T01:30:06.827Z,AVAX,0.0333,14770,10.89,1355.838011
2026-10-01T01:30:06.827Z,ETC,0.3836,12150,8.927,1355.838011
2026-10-01T01:30:06.827Z,AAVE,-0.9723,217000,161.62,1355.838011
2026-10-01T01:30:06.827Z,ADA,0.4376,338.4,0.2485,1355.838011
2026-10-01T01:30:06.827Z,HYPE,0.3862,122200,89.782,1355.838011
2026-10-01T01:30:06.827Z,SEI,0.5706,100.4,0.07363,1355.838011
2026-10-01T01:30:06.827Z,HBAR,0.0786,142,0.10465,1355.838011
2026-10-01T01:30:06.827Z,ARB,-0.2674,276,0.20411,1355.838011
2026-10-01T01:30:06.827Z,JTO,0.5527,731.7,0.5367,1355.838011
2026-10-01T01:30:06.827Z,ONDO,0.653,693.4,0.5081,1355.838011
2026-10-01T01:30:06.827Z,QTUM,0.1467,1360,1.0016,1355.838011
2026-10-01T01:30:06.827Z,PYTH,-0.8415,103.4,0.07691,1355.838011
2026-10-01T01:30:06.827Z,APT,0.4429,1070,0.7857,1355.838011
2026-10-01T01:30:06.827Z,UNI,0.1941,12070,8.885,1355.838011
2026-10-01T01:30:06.827Z,TIA,-0.2773,598.7,0.4428,1355.838011
2026-10-01T01:30:06.827Z,ALGO,0.4172,170.5,0.12523,1355.838011
2026-10-01T01:30:06.827Z,NEAR,0.232,7170,5.276,1355.838011
2026-10-01T01:30:06.827Z,ZIL,-8.8403,4.363,0.00353,1355.838011
2026-10-01T01:30:06.827Z,SUSHI,0.6048,370.2,0.2714,1355.838011
2026-10-01T01:30:06.827Z,PENDLE,-3.3218,3180,2.426,1355.838011
2026-10-01T01:30:06.827Z,XTZ,1.6078,437.4,0.3175,1355.838011
2026-10-01T01:30:06.827Z,W,-3.5645,17.62,0.013476,1355.838011
2026-10-01T01:30:06.827Z,AR,11.3302,6145,4.071,1355.838011
2026-10-01T01:30:06.827Z,SHIB,1.0695,0.0079,0.000005765,1355.838011
2026-10-01T01:30:06.827Z,CELO,-2.6287,134,0.1015,1355.838011
2026-10-01T01:30:06.827Z,STX,-1.2133,516.2,0.3854,1355.838011
2026-10-01T01:30:06.827Z,JUP,-0.7408,446.4,0.3317,1355.838011
2026-10-01T01:30:06.827Z,PEPE,-0.5395,0.0058,0.000004301,1355.838011
2026-10-01T01:30:06.827Z,DYDX,2.5017,200,0.14391,1355.838011
2026-10-01T01:30:06.827Z,KITE,-10.3624,176.2,0.14498,1355.838011
2026-10-01T01:30:06.827Z,CRV,-4.9378,510.4,0.396,1355.838011
2026-10-01T01:30:06.827Z,ENJ,-1.5514,39.35,0.02948,1355.838011
2026-10-01T01:30:06.827Z,ATOM,21.0999,2875,1.751,1355.838011
2026-10-01T01:30:06.827Z,ICP,-1.3599,4495,3.361,1355.838011
2026-10-01T01:30:06.827Z,SPACE,-6.1449,6.822,0.005361,1355.838011
2026-10-01T01:30:06.827Z,DOT,-0.3229,1675,1.2394,1355.838011
2026-10-01T01:30:06.827Z,ETHFI,3.6946,1100,0.7824,1355.838011
2026-10-01T01:30:06.827Z,CC,9.778,190.1,0.12772,1355.838011
2026-10-01T01:30:06.827Z,SYRUP,-0.9546,304.3,0.2266,1355.838011
2026-10-01T01:30:06.827Z,TAO,8.0099,442700,302.3,1355.838011
2026-10-01T01:30:06.827Z,GRAM,0.7315,2050,1.501,1355.838011
2026-10-01T01:30:06.827Z,RAY,14.0955,3000,1.9393,1355.838011
2026-10-01T01:30:06.827Z,RENDER,-1.5321,2570,1.925,1355.838011
2026-10-01T01:30:06.827Z,GRASS,4.0557,990.4,0.702,1355.838011
2026-10-01T01:30:06.827Z,MINA,-0.4871,196.3,0.14549,1355.838011
2026-10-01T01:30:06.827Z,POL,-0.1083,152.8,0.11282,1355.838011
2026-10-01T01:30:06.827Z,ENA,2.2633,369.8,0.26671,1355.838011
2026-10-01T01:30:06.827Z,SAND,-1.7599,58.9,0.04422,1355.838011
2026-10-01T01:30:06.827Z,AERO,-1.5526,1102,0.8256,1355.838011
2026-10-01T01:30:06.827Z,KGEN,-4.1453,213.4,0.1642,1355.838011
2026-10-01T01:30:06.827Z,LIT,0.6909,5340,3.9115,1355.838011
2026-10-01T01:30:06.827Z,MANA,1.2052,123.4,0.08993,1355.838011
2026-10-01T01:30:06.827Z,BAND,-0.6233,294,0.2182,1355.838011
2026-10-01T01:30:06.827Z,APE,-1.8696,202.7,0.15235,1355.838011
2026-10-01T01:30:06.827Z,GMT,-3.6092,11.34,0.008677,1355.838011
2026-10-01T01:30:06.827Z,VIRTUAL,-4.9236,1039,0.806,1355.838011
2026-10-01T01:30:06.827Z,LPT,6.4842,2554,1.769,1355.838011
2026-10-01T01:30:06.827Z,DATA,-3.1093,285.2,0.2171,1355.838011
2026-10-01T01:30:06.827Z,THETA,-3.0675,296.1,0.2253,1355.838011
2026-10-01T01:30:06.827Z,GRT,-0.8069,39.54,0.0294,1355.838011
2026-10-01T01:30:06.827Z,LAYER,1.2454,107.8,0.07853,1355.838011
2026-10-01T01:30:06.827Z,NMR,19.0581,18370,11.38,1355.838011
2026-10-01T01:30:06.827Z,EIGEN,-4.1898,321.9,0.2478,1355.838011
2026-10-01T01:30:06.827Z,BAT,-0.1292,121.8,0.08995,1355.838011
2026-10-01T01:30:06.827Z,SPK,-3.6358,32.35,0.02476,1355.838011
2026-10-01T01:30:06.827Z,PUMP,-1.9227,7.71,0.005798,1355.838011
2026-10-01T01:30:06.827Z,KMNO,-12.1392,52.01,0.04366,1355.838011
2026-10-01T01:30:06.827Z,CHZ,-3.106,21.44,0.01632,1355.838011
2026-10-01T01:30:06.827Z,PENGU,-1.7866,12.91,0.009695,1355.838011
2026-10-01T01:30:06.827Z,OP,-1.5124,173.7,0.13008,1355.838011
2026-10-01T01:30:06.827Z,UMA,1.6943,570,0.4134,1355.838011
2026-10-01T01:30:06.827Z,ZRO,7.3208,2500,1.7181,1355.838011
2026-10-01T01:30:06.827Z,S,18.8747,67.5,0.04188,1355.838011
2026-10-01T01:30:06.827Z,IMX,-1.4697,224.5,0.16805,1355.838011
2026-10-01T01:30:06.827Z,A,0.0686,134.7,0.09928,1355.838011
2026-10-01T01:30:06.827Z,ATH,-7.5836,7.478,0.005968,1355.838011
2026-10-01T01:30:06.827Z,COMP,13.9064,38100,24.67,1355.838011
2026-10-01T01:30:06.827Z,CVX,-4.3652,2828,2.181,1355.838011
2026-10-01T01:30:06.827Z,AXS,0.28,1575,1.1584,1355.838011
2026-10-01T01:30:06.827Z,WCT,-0.0251,57.08,0.04211,1355.838011
2026-10-01T01:30:06.827Z,ME,0.1997,103.1,0.07589,1355.838011
2026-10-01T01:30:06.827Z,ASTER,-2.274,997.2,0.7526,1355.838011
2026-10-01T01:30:06.827Z,GMX,3.9601,11210,7.953,1355.838011
2026-10-01T01:30:06.827Z,MORPHO,2.7503,3487,2.503,1355.838011
2026-10-01T01:30:06.827Z,MON,0.3346,43.6,0.03205,1355.838011
2026-10-01T01:30:06.827Z,1INCH,0.3618,139,0.10215,1355.838011
2026-10-01T01:30:06.827Z,SKY,3.3792,110.1,0.07855,1355.838011
2026-10-01T01:30:06.827Z,YGG,-3.0221,35.12,0.02671,1355.838011
2026-10-01T01:30:06.827Z,BIO,-0.7542,42.01,0.03122,1355.838011
2026-10-01T01:30:06.827Z,MOVE,-5.6145,12.22,0.009549,1355.838011
2026-10-01T01:30:06.827Z,GALA,-5.8846,3,0.002351,1355.838011
2026-10-01T01:30:06.827Z,ZK,0.7069,16.68,0.012216,1355.838011
2026-10-01T01:30:06.827Z,ENS,-1.3047,9450,7.062,1355.838011
2026-10-01T01:30:06.827Z,INJ,2.7158,10360,7.439,1355.838011
2026-10-01T01:30:06.827Z,KAITO,-9.1217,435.2,0.3532,1355.838011
2026-10-01T01:30:06.827Z,LDO,3.5421,646.9,0.4608,1355.838011
2026-10-01T01:30:06.827Z,BLUR,-0.6834,28.48,0.02115,1355.838011
2026-10-01T01:30:06.827Z,AUCTION,0.7724,5110,3.74,1355.838011
2026-10-01T01:30:06.827Z,ZETA,2.1701,72.56,0.05238,1355.838011
2026-10-01T01:30:06.827Z,WIF,-0.6461,336.5,0.2498,1355.838011
2026-10-01T01:30:06.827Z,KSM,-3.9091,6750,5.181,1355.838011
2026-10-01T01:30:06.827Z,SNX,-2.1504,339.1,0.2556,1355.838011
2026-10-01T01:35:06.757Z,BTC,0.2806,113568000,83527.8,1355.838011
2026-10-01T01:35:06.757Z,XRP,0.3639,2030,1.4918,1355.838011
2026-10-01T01:35:06.757Z,SOL,0.3709,160800,118.16,1355.838011
2026-10-01T01:35:06.757Z,ETH,0.3495,3659000,2689.3,1355.838011
2026-10-01T01:35:06.757Z,FIL,1.1391,1443,1.0523,1355.838011
2026-10-01T01:35:06.757Z,TRX,0.4451,460,0.33777,1355.838011
2026-10-01T01:35:06.757Z,BNB,-0.5097,1038000,769.5,1355.838011
2026-10-01T01:35:06.757Z,WLD,0.2923,738.1,0.5428,1355.838011
2026-10-01T01:35:06.757Z,FLOW,-0.0912,42.25,0.03119,1355.838011
2026-10-01T01:35:06.757Z,LINK,0.0252,19510,14.386,1355.838011
2026-10-01T01:35:06.757Z,DOGE,0.2361,129,0.09492,1355.838011
2026-10-01T01:35:06.757Z,SUI,0.3716,1614,1.186,1355.838011
2026-10-01T01:35:06.757Z,XLM,0.3,309.8,0.22781,1355.838011
2026-10-01T01:35:06.757Z,BCH,0.6232,418700,306.9,1355.838011
2026-10-01T01:35:06.757Z,AVAX,0.2728,14770,10.864,1355.838011
2026-10-01T01:35:06.757Z,ETC,0.4022,12140,8.918,1355.838011
2026-10-01T01:35:06.757Z,AAVE,-0.8066,217000,161.35,1355.838011
2026-10-01T01:35:06.757Z,ADA,0.5995,338.4,0.2481,1355.838011
2026-10-01T01:35:06.757Z,HYPE,0.3158,122200,89.845,1355.838011
2026-10-01T01:35:06.757Z,SEI,0.5706,100.1,0.07341,1355.838011
2026-10-01T01:35:06.757Z,HBAR,0.376,142,0.10434,1355.838011
2026-10-01T01:35:06.757Z,ARB,-0.0912,276,0.20375,1355.838011
2026-10-01T01:35:06.757Z,JTO,0.3456,727.2,0.5345,1355.838011
2026-10-01T01:35:06.757Z,ONDO,0.6414,691,0.5064,1355.838011
2026-10-01T01:35:06.757Z,QTUM,0.5684,1360,0.9974,1355.838011
2026-10-01T01:35:06.757Z,PYTH,-0.5441,103.4,0.07668,1355.838011
2026-10-01T01:35:06.757Z,APT,0.6864,1070,0.7838,1355.838011
2026-10-01T01:35:06.757Z,UNI,0.3522,12070,8.871,1355.838011
2026-10-01T01:35:06.757Z,TIA,-0.0516,598.7,0.4418,1355.838011
2026-10-01T01:35:06.757Z,ALGO,0.9007,170.5,0.12463,1355.838011
2026-10-01T01:35:06.757Z,NEAR,0.0153,7145,5.269,1355.838011
2026-10-01T01:35:06.757Z,ZIL,-8.5814,4.363,0.00352,1355.838011
2026-10-01T01:35:06.757Z,SUSHI,0.6419,370.2,0.2713,1355.838011
2026-10-01T01:35:06.757Z,PENDLE,-2.68,3180,2.41,1355.838011
2026-10-01T01:35:06.757Z,XTZ,2.0256,437.4,0.3162,1355.838011
2026-10-01T01:35:06.757Z,W,-3.1332,17.62,0.013416,1355.838011
2026-10-01T01:35:06.757Z,AR,11.8522,6145,4.052,1355.838011
2026-10-01T01:35:06.757Z,SHIB,1.2627,0.0079,0.000005754,1355.838011
2026-10-01T01:35:06.757Z,CELO,9.0837,150,0.10142,1355.838011
2026-10-01T01:35:06.757Z,STX,1.02,526.5,0.3844,1355.838011
2026-10-01T01:35:06.757Z,JUP,-0.0173,446.4,0.3293,1355.838011
2026-10-01T01:35:06.757Z,PEPE,-0.2844,0.0058,0.00000429,1355.838011
2026-10-01T01:35:06.757Z,DYDX,2.7087,200,0.14362,1355.838011
2026-10-01T01:35:06.757Z,KITE,-10.2014,176.2,0.14472,1355.838011
2026-10-01T01:35:06.757Z,CRV,-5.1056,510.4,0.3967,1355.838011
2026-10-01T01:35:06.757Z,ENJ,-1.2499,39.35,0.02939,1355.838011
2026-10-01T01:35:06.757Z,ATOM,21.2384,2875,1.749,1355.838011
2026-10-01T01:35:06.757Z,ICP,-1.213,4495,3.356,1355.838011
2026-10-01T01:35:06.757Z,SPACE,-5.7228,6.822,0.005337,1355.838011
2026-10-01T01:35:06.757Z,DOT,0.3491,1675,1.2311,1355.838011
2026-10-01T01:35:06.757Z,ETHFI,3.5887,1100,0.7832,1355.838011
2026-10-01T01:35:06.757Z,CC,9.0607,190.1,0.12856,1355.838011
2026-10-01T01:35:06.757Z,SYRUP,-0.9109,304.3,0.2265,1355.838011
2026-10-01T01:35:06.757Z,TAO,8.2965,442700,301.5,1355.838011
2026-10-01T01:35:06.757Z,GRAM,0.8659,2050,1.499,1355.838011
2026-10-01T01:35:06.757Z,RAY,14.3608,3000,1.9348,1355.838011
2026-10-01T01:35:06.757Z,RENDER,-1.2757,2570,1.92,1355.838011
2026-10-01T01:35:06.757Z,GRASS,4.353,990.4,0.7,1355.838011
2026-10-01T01:35:06.757Z,MINA,-0.889,196.3,0.14608,1355.838011
2026-10-01T01:35:06.757Z,POL,0.078,152.8,0.11261,1355.838011
2026-10-01T01:35:06.757Z,ENA,2.5401,369.8,0.26599,1355.838011
2026-10-01T01:35:06.757Z,SAND,-1.5372,58.9,0.04412,1355.838011
2026-10-01T01:35:06.757Z,AERO,-0.9649,1102,0.8207,1355.838011
2026-10-01T01:35:06.757Z,KGEN,-4.1453,213.4,0.1642,1355.838011
2026-10-01T01:35:06.757Z,LIT,0.7527,5340,3.9091,1355.838011
2026-10-01T01:35:06.757Z,MANA,1.6119,123.4,0.08957,1355.838011
2026-10-01T01:35:06.757Z,BAND,-0.395,294,0.2177,1355.838011
2026-10-01T01:35:06.757Z,APE,-1.5724,202.7,0.15189,1355.838011
2026-10-01T01:35:06.757Z,GMT,-3.5314,11.34,0.00867,1355.838011
2026-10-01T01:35:06.757Z,VIRTUAL,-4.6515,1039,0.8037,1355.838011
2026-10-01T01:35:06.757Z,LPT,6.786,2554,1.764,1355.838011
2026-10-01T01:35:06.757Z,DATA,-3.0647,285.2,0.217,1355.838011
2026-10-01T01:35:06.757Z,THETA,-2.7221,296.1,0.2245,1355.838011
2026-10-01T01:35:06.757Z,GRT,-0.4683,39.54,0.0293,1355.838011
2026-10-01T01:35:06.757Z,LAYER,1.5688,107.8,0.07828,1355.838011
2026-10-01T01:35:06.757Z,NMR,18.7139,18370,11.413,1355.838011
2026-10-01T01:35:06.757Z,EIGEN,-4.0736,321.9,0.2475,1355.838011
2026-10-01T01:35:06.757Z,BAT,0.2273,121.8,0.08963,1355.838011
2026-10-01T01:35:06.757Z,SPK,-3.1272,32.35,0.02463,1355.838011
2026-10-01T01:35:06.757Z,PUMP,-1.6343,7.71,0.005781,1355.838011
2026-10-01T01:35:06.757Z,KMNO,-12.6195,52.01,0.0439,1355.838011
2026-10-01T01:35:06.757Z,CHZ,-2.7485,21.44,0.01626,1355.838011
2026-10-01T01:35:06.757Z,PENGU,-1.5734,12.91,0.009674,1355.838011
2026-10-01T01:35:06.757Z,OP,-1.0331,173.7,0.12945,1355.838011
2026-10-01T01:35:06.757Z,UMA,1.9409,570,0.4124,1355.838011
2026-10-01T01:35:06.757Z,ZRO,7.7472,2500,1.7113,1355.838011
2026-10-01T01:35:06.757Z,S,19.7036,67.5,0.04159,1355.838011
2026-10-01T01:35:06.757Z,IMX,-1.364,224.5,0.16787,1355.838011
2026-10-01T01:35:06.757Z,A,0.5243,134.7,0.09883,1355.838011
2026-10-01T01:35:06.757Z,ATH,-7.2261,7.478,0.005945,1355.838011
2026-10-01T01:35:06.757Z,COMP,14.2305,38100,24.6,1355.838011
2026-10-01T01:35:06.757Z,CVX,-4.1014,2828,2.175,1355.838011
2026-10-01T01:35:06.757Z,AXS,0.4708,1575,1.1562,1355.838011
2026-10-01T01:35:06.757Z,WCT,0.5479,57.08,0.04187,1355.838011
2026-10-01T01:35:06.757Z,ME,0.3981,103.1,0.07574,1355.838011
2026-10-01T01:35:06.757Z,ASTER,-2.248,997.2,0.7524,1355.838011
2026-10-01T01:35:06.757Z,GMX,4.1566,11210,7.938,1355.838011
2026-10-01T01:35:06.757Z,MORPHO,2.956,3487,2.498,1355.838011
2026-10-01T01:35:06.757Z,MON,0.838,43.6,0.03189,1355.838011
2026-10-01T01:35:06.757Z,1INCH,0.47,139,0.10204,1355.838011
2026-10-01T01:35:06.757Z,SKY,3.7623,110.1,0.07826,1355.838011
2026-10-01T01:35:06.757Z,YGG,-2.913,35.12,0.02668,1355.838011
2026-10-01T01:35:06.757Z,BIO,-0.243,42.01,0.03106,1355.838011
2026-10-01T01:35:06.757Z,MOVE,-5.7329,12.22,0.009561,1355.838011
2026-10-01T01:35:06.757Z,GALA,-5.4017,3,0.002339,1355.838011
2026-10-01T01:35:06.757Z,ZK,1.0128,16.68,0.012179,1355.838011
2026-10-01T01:35:06.757Z,ENS,-0.6293,9450,7.014,1355.838011
2026-10-01T01:35:06.757Z,INJ,2.702,10360,7.44,1355.838011
2026-10-01T01:35:06.757Z,KAITO,-8.76,435.2,0.3518,1355.838011
2026-10-01T01:35:06.757Z,LDO,4.0615,646.9,0.4585,1355.838011
2026-10-01T01:35:06.757Z,BLUR,-0.4952,28.48,0.02111,1355.838011
2026-10-01T01:35:06.757Z,AUCTION,1.1239,5110,3.727,1355.838011
2026-10-01T01:35:06.757Z,ZETA,2.4243,72.56,0.05225,1355.838011
2026-10-01T01:35:06.757Z,WIF,-0.3669,336.5,0.2491,1355.838011
2026-10-01T01:35:06.757Z,KSM,-3.4993,6750,5.159,1355.838011
2026-10-01T01:35:06.757Z,SNX,-1.7661,339.1,0.2546,1355.838011
2026-10-01T01:40:06.981Z,BTC,0.3829,113697000,83537.5,1355.838011
2026-10-01T01:40:06.981Z,XRP,0.3841,2030,1.4915,1355.838011
2026-10-01T01:40:06.981Z,SOL,0.4134,160800,118.11,1355.838011
2026-10-01T01:40:06.981Z,ETH,0.3437,3658000,2688.72,1355.838011
2026-10-01T01:40:06.981Z,FIL,0.3897,1427,1.0484,1355.838011
2026-10-01T01:40:06.981Z,TRX,0.466,460,0.3377,1355.838011
2026-10-01T01:40:06.981Z,BNB,-0.432,1038000,768.9,1355.838011
2026-10-01T01:40:06.981Z,WLD,0.4311,734.9,0.5397,1355.838011
2026-10-01T01:40:06.981Z,FLOW,0.2301,42.25,0.03109,1355.838011
2026-10-01T01:40:06.981Z,LINK,0.3234,19560,14.38,1355.838011
2026-10-01T01:40:06.981Z,DOGE,0.1584,128.9,0.09492,1355.838011
2026-10-01T01:40:06.981Z,SUI,0.8249,1615,1.1814,1355.838011
2026-10-01T01:40:06.981Z,XLM,0.2648,309.8,0.22789,1355.838011
2026-10-01T01:40:06.981Z,BCH,0.7546,418700,306.5,1355.838011
2026-10-01T01:40:06.981Z,AVAX,0.3651,14770,10.854,1355.838011
2026-10-01T01:40:06.981Z,ETC,0.6845,12140,8.893,1355.838011
2026-10-01T01:40:06.981Z,AAVE,-0.6156,217000,161.04,1355.838011
2026-10-01T01:40:06.981Z,ADA,0.7619,338.4,0.2477,1355.838011
2026-10-01T01:40:06.981Z,HYPE,0.4187,122200,89.753,1355.838011
2026-10-01T01:40:06.981Z,SEI,0.9419,100.1,0.07314,1355.838011
2026-10-01T01:40:06.981Z,HBAR,0.3663,142,0.10435,1355.838011
2026-10-01T01:40:06.981Z,ARB,0.5405,277.2,0.20335,1355.838011
2026-10-01T01:40:06.981Z,JTO,0.7414,727.2,0.5324,1355.838011
2026-10-01T01:40:06.981Z,ONDO,0.9404,691,0.5049,1355.838011
2026-10-01T01:40:06.981Z,QTUM,0.6896,1360,0.9962,1355.838011
2026-10-01T01:40:06.981Z,PYTH,-0.2188,103.4,0.07643,1355.838011
2026-10-01T01:40:06.981Z,APT,1.0344,1070,0.7811,1355.838011
2026-10-01T01:40:06.981Z,UNI,0.4654,12070,8.861,1355.838011
2026-10-01T01:40:06.981Z,TIA,0.3801,598.7,0.4399,1355.838011
2026-10-01T01:40:06.981Z,ALGO,0.7794,170.5,0.12478,1355.838011
2026-10-01T01:40:06.981Z,NEAR,0.3963,7145,5.249,1355.838011
2026-10-01T01:40:06.981Z,ZIL,-8.3731,4.363,0.003512,1355.838011
2026-10-01T01:40:06.981Z,SUSHI,0.5307,370.2,0.2716,1355.838011
2026-10-01T01:40:06.981Z,PENDLE,-2.6396,3180,2.409,1355.838011
2026-10-01T01:40:06.981Z,XTZ,2.1548,437.4,0.3158,1355.838011
2026-10-01T01:40:06.981Z,W,-2.5594,17.62,0.013337,1355.838011
2026-10-01T01:40:06.981Z,AR,11.8522,6145,4.052,1355.838011
2026-10-01T01:40:06.981Z,SHIB,1.386,0.0079,0.000005747,1355.838011
2026-10-01T01:40:06.981Z,CELO,9.7329,150,0.10082,1355.838011
2026-10-01T01:40:06.981Z,STX,2.2973,526.5,0.3796,1355.838011
2026-10-01T01:40:06.981Z,JUP,0.3789,446.4,0.328,1355.838011
2026-10-01T01:40:06.981Z,PEPE,-0.1681,0.0058,0.000004285,1355.838011
2026-10-01T01:40:06.981Z,DYDX,2.723,200,0.1436,1355.838011
2026-10-01T01:40:06.981Z,KITE,-10.381,176.2,0.14501,1355.838011
2026-10-01T01:40:06.981Z,CRV,-4.9138,510.4,0.3959,1355.838011
2026-10-01T01:40:06.981Z,ENJ,-1.0479,39.35,0.02933,1355.838011
2026-10-01T01:40:06.981Z,ATOM,21.586,2875,1.744,1355.838011
2026-10-01T01:40:06.981Z,ICP,-1.2424,4495,3.357,1355.838011
2026-10-01T01:40:06.981Z,SPACE,-5.7051,6.822,0.005336,1355.838011
2026-10-01T01:40:06.981Z,DOT,0.5697,1675,1.2284,1355.838011
2026-10-01T01:40:06.981Z,ETHFI,4.0403,1100,0.7798,1355.838011
2026-10-01T01:40:06.981Z,CC,9.8554,190.1,0.12763,1355.838011
2026-10-01T01:40:06.981Z,SYRUP,-0.4273,304.3,0.2254,1355.838011
2026-10-01T01:40:06.981Z,TAO,8.4044,442700,301.2,1355.838011
2026-10-01T01:40:06.981Z,GRAM,1.0007,2050,1.497,1355.838011
2026-10-01T01:40:06.981Z,RAY,14.6512,3000,1.9299,1355.838011
2026-10-01T01:40:06.981Z,RENDER,-1.0696,2570,1.916,1355.838011
2026-10-01T01:40:06.981Z,GRASS,4.4873,990.4,0.6991,1355.838011
2026-10-01T01:40:06.981Z,MINA,-0.8279,196.3,0.14599,1355.838011
2026-10-01T01:40:06.981Z,POL,0.3185,152.8,0.11234,1355.838011
2026-10-01T01:40:06.981Z,ENA,2.9698,369.8,0.26488,1355.838011
2026-10-01T01:40:06.981Z,SAND,-1.3584,58.9,0.04404,1355.838011
2026-10-01T01:40:06.981Z,AERO,-0.7108,1102,0.8186,1355.838011
2026-10-01T01:40:06.981Z,KGEN,-4.0284,213.4,0.164,1355.838011
2026-10-01T01:40:06.981Z,LIT,0.6163,5340,3.9144,1355.838011
2026-10-01T01:40:06.981Z,MANA,1.8849,123.4,0.08933,1355.838011
2026-10-01T01:40:06.981Z,BAND,-0.2576,294,0.2174,1355.838011
2026-10-01T01:40:06.981Z,APE,-1.306,202.7,0.15148,1355.838011
2026-10-01T01:40:06.981Z,GMT,-3.1964,11.34,0.00864,1355.838011
2026-10-01T01:40:06.981Z,VIRTUAL,-4.3182,1039,0.8009,1355.838011
2026-10-01T01:40:06.981Z,LPT,6.8466,2554,1.763,1355.838011
2026-10-01T01:40:06.981Z,DATA,-3.02,285.2,0.2169,1355.838011
2026-10-01T01:40:06.981Z,THETA,-2.5919,296.1,0.2242,1355.838011
2026-10-01T01:40:06.981Z,GRT,-0.0248,39.54,0.02917,1355.838011
2026-10-01T01:40:06.981Z,LAYER,1.8811,107.8,0.07804,1355.838011
2026-10-01T01:40:06.981Z,NMR,18.5996,18370,11.424,1355.838011
2026-10-01T01:40:06.981Z,EIGEN,-3.7626,321.9,0.2467,1355.838011
2026-10-01T01:40:06.981Z,BAT,0.3505,121.8,0.08952,1355.838011
2026-10-01T01:40:06.981Z,SPK,-3.0484,32.35,0.02461,1355.838011
2026-10-01T01:40:06.981Z,PUMP,-1.5832,7.71,0.005778,1355.838011
2026-10-01T01:40:06.981Z,KMNO,-12.1593,52.01,0.04367,1355.838011
2026-10-01T01:40:06.981Z,CHZ,-2.3883,21.44,0.0162,1355.838011
2026-10-01T01:40:06.981Z,PENGU,-1.3491,12.91,0.009652,1355.838011
2026-10-01T01:40:06.981Z,OP,-0.4796,173.7,0.12873,1355.838011
2026-10-01T01:40:06.981Z,UMA,2.1142,570,0.4117,1355.838011
2026-10-01T01:40:06.981Z,ZRO,7.6089,2500,1.7135,1355.838011
2026-10-01T01:40:06.981Z,S,19.79,67.5,0.04156,1355.838011
2026-10-01T01:40:06.981Z,IMX,-1.0693,224.5,0.16737,1355.838011
2026-10-01T01:40:06.981Z,A,0.8508,134.7,0.09851,1355.838011
2026-10-01T01:40:06.981Z,ATH,-7.0698,7.478,0.005935,1355.838011
2026-10-01T01:40:06.981Z,COMP,14.6499,38100,24.51,1355.838011
2026-10-01T01:40:06.981Z,CVX,-4.0131,2828,2.173,1355.838011
2026-10-01T01:40:06.981Z,AXS,0.6798,1575,1.1538,1355.838011
2026-10-01T01:40:06.981Z,WCT,0.62,57.08,0.04184,1355.838011
2026-10-01T01:40:06.981Z,ME,0.624,103.1,0.07557,1355.838011
2026-10-01T01:40:06.981Z,ASTER,-2.235,997.2,0.7523,1355.838011
2026-10-01T01:40:06.981Z,GMX,4.2222,11210,7.933,1355.838011
2026-10-01T01:40:06.981Z,MORPHO,3.1294,3487,2.4938,1355.838011
2026-10-01T01:40:06.981Z,MON,1.4424,43.6,0.0317,1355.838011
2026-10-01T01:40:06.981Z,1INCH,0.6476,139,0.10186,1355.838011
2026-10-01T01:40:06.981Z,SKY,4.4429,110.1,0.07775,1355.838011
2026-10-01T01:40:06.981Z,YGG,-2.6211,35.12,0.0266,1355.838011
2026-10-01T01:40:06.981Z,BIO,0.1116,42.01,0.03095,1355.838011
2026-10-01T01:40:06.981Z,MOVE,-5.3667,12.22,0.009524,1355.838011
2026-10-01T01:40:06.981Z,GALA,-4.9139,3,0.002327,1355.838011
2026-10-01T01:40:06.981Z,ZK,1.2873,16.68,0.012146,1355.838011
2026-10-01T01:40:06.981Z,ENS,-0.2739,9450,6.989,1355.838011
2026-10-01T01:40:06.981Z,INJ,3.2711,10360,7.399,1355.838011
2026-10-01T01:40:06.981Z,KAITO,-8.7081,435.2,0.3516,1355.838011
2026-10-01T01:40:06.981Z,LDO,4.4945,646.9,0.4566,1355.838011
2026-10-01T01:40:06.981Z,BLUR,0.0737,28.48,0.02099,1355.838011
2026-10-01T01:40:06.981Z,AUCTION,1.1782,5110,3.725,1355.838011
2026-10-01T01:40:06.981Z,ZETA,2.6404,72.56,0.05214,1355.838011
2026-10-01T01:40:06.981Z,WIF,-0.1665,336.5,0.2486,1355.838011
2026-10-01T01:40:06.981Z,KSM,-3.4432,6750,5.156,1355.838011
2026-10-01T01:40:06.981Z,SNX,-1.6115,339.1,0.2542,1355.838011
2026-10-01T01:45:06.968Z,BTC,0.3879,113727000,83555.4,1355.838011
2026-10-01T01:45:06.968Z,XRP,0.3952,2029,1.4906,1355.838011
2026-10-01T01:45:06.968Z,SOL,0.4078,160900,118.19,1355.838011
2026-10-01T01:45:06.968Z,ETH,0.3835,3661000,2689.86,1355.838011
2026-10-01T01:45:06.968Z,FIL,0.4472,1427,1.0478,1355.838011
2026-10-01T01:45:06.968Z,TRX,0.4392,460,0.33779,1355.838011
2026-10-01T01:45:06.968Z,BNB,-0.432,1038000,768.9,1355.838011
2026-10-01T01:45:06.968Z,WLD,0.4261,735,0.5398,1355.838011
2026-10-01T01:45:06.968Z,FLOW,0.3269,42.25,0.03106,1355.838011
2026-10-01T01:45:06.968Z,LINK,0.2815,19560,14.386,1355.838011
2026-10-01T01:45:06.968Z,DOGE,0.2429,128.9,0.09484,1355.838011
2026-10-01T01:45:06.968Z,SUI,0.9531,1615,1.1799,1355.838011
2026-10-01T01:45:06.968Z,XLM,0.212,309.8,0.22801,1355.838011
2026-10-01T01:45:06.968Z,BCH,0.7217,418700,306.6,1355.838011
2026-10-01T01:45:06.968Z,AVAX,0.3189,14770,10.859,1355.838011
2026-10-01T01:45:06.968Z,ETC,0.7751,12140,8.885,1355.838011
2026-10-01T01:45:06.968Z,AAVE,-0.7327,217000,161.23,1355.838011
2026-10-01T01:45:06.968Z,ADA,0.7619,338.4,0.2477,1355.838011
2026-10-01T01:45:06.968Z,HYPE,0.4338,122100,89.666,1355.838011
2026-10-01T01:45:06.968Z,SEI,0.1783,99.37,0.07316,1355.838011
2026-10-01T01:45:06.968Z,HBAR,0.6074,142,0.1041,1355.838011
2026-10-01T01:45:06.968Z,ARB,0.5504,277.2,0.20333,1355.838011
2026-10-01T01:45:06.968Z,JTO,0.2516,723.8,0.5325,1355.838011
2026-10-01T01:45:06.968Z,ONDO,0.8006,691,0.5056,1355.838011
2026-10-01T01:45:06.968Z,QTUM,0.9429,1360,0.9937,1355.838011
2026-10-01T01:45:06.968Z,PYTH,-0.1796,103.4,0.0764,1355.838011
2026-10-01T01:45:06.968Z,APT,0.6479,1070,0.7841,1355.838011
2026-10-01T01:45:06.968Z,UNI,0.4541,12070,8.862,1355.838011
2026-10-01T01:45:06.968Z,TIA,0.4943,598.7,0.4394,1355.838011
2026-10-01T01:45:06.968Z,ALGO,0.8926,170.5,0.12464,1355.838011
2026-10-01T01:45:06.968Z,NEAR,0.8563,7175,5.247,1355.838011
2026-10-01T01:45:06.968Z,ZIL,-8.3731,4.363,0.003512,1355.838011
2026-10-01T01:45:06.968Z,SUSHI,0.7905,370.2,0.2709,1355.838011
2026-10-01T01:45:06.968Z,PENDLE,-2.3965,3180,2.403,1355.838011
2026-10-01T01:45:06.968Z,XTZ,2.252,437.4,0.3155,1355.838011
2026-10-01T01:45:06.968Z,W,-2.6324,17.62,0.013347,1355.838011
2026-10-01T01:45:06.968Z,AR,11.7144,6145,4.057,1355.838011
2026-10-01T01:45:06.968Z,SHIB,1.439,0.0079,0.000005744,1355.838011
2026-10-01T01:45:06.968Z,CELO,10.3788,150,0.10023,1355.838011
2026-10-01T01:45:06.968Z,STX,-0.2299,507,0.3748,1355.838011
2026-10-01T01:45:06.968Z,JUP,0.4402,446.4,0.3278,1355.838011
2026-10-01T01:45:06.968Z,PEPE,-0.2379,0.0058,0.000004288,1355.838011
2026-10-01T01:45:06.968Z,DYDX,2.8089,200,0.14348,1355.838011
2026-10-01T01:45:06.968Z,KITE,-10.6767,176.2,0.14549,1355.838011
2026-10-01T01:45:06.968Z,CRV,-5.1534,510.4,0.3969,1355.838011
2026-10-01T01:45:06.968Z,ENJ,-0.9128,39.35,0.02929,1355.838011
2026-10-01T01:45:06.968Z,ATOM,21.7256,2875,1.742,1355.838011
2026-10-01T01:45:06.968Z,ICP,-1.6817,4495,3.372,1355.838011
2026-10-01T01:45:06.968Z,SPACE,-5.4393,6.822,0.005321,1355.838011
2026-10-01T01:45:06.968Z,DOT,0.6189,1675,1.2278,1355.838011
2026-10-01T01:45:06.968Z,ETHFI,4.2676,1100,0.7781,1355.838011
2026-10-01T01:45:06.968Z,CC,10.3309,190.1,0.12708,1355.838011
2026-10-01T01:45:06.968Z,SYRUP,-0.1171,304.3,0.2247,1355.838011
2026-10-01T01:45:06.968Z,TAO,8.4764,442700,301,1355.838011
2026-10-01T01:45:06.968Z,GRAM,1.0007,2050,1.497,1355.838011
2026-10-01T01:45:06.968Z,RAY,14.4377,3000,1.9335,1355.838011
2026-10-01T01:45:06.968Z,RENDER,-0.9144,2570,1.913,1355.838011
2026-10-01T01:45:06.968Z,GRASS,4.2934,990.4,0.7004,1355.838011
2026-10-01T01:45:06.968Z,MINA,-0.8143,196.3,0.14597,1355.838011
2026-10-01T01:45:06.968Z,POL,0.3543,152.8,0.1123,1355.838011
2026-10-01T01:45:06.968Z,ENA,3.1763,369.8,0.26435,1355.838011
2026-10-01T01:45:06.968Z,SAND,-1.1114,58.9,0.04393,1355.838011
2026-10-01T01:45:06.968Z,AERO,-0.9286,1102,0.8204,1355.838011
2026-10-01T01:45:06.968Z,KGEN,-4.0284,213.4,0.164,1355.838011
2026-10-01T01:45:06.968Z,LIT,0.7192,5340,3.9104,1355.838011
2026-10-01T01:45:06.968Z,MANA,2.0106,123.4,0.08922,1355.838011
2026-10-01T01:45:06.968Z,BAND,-0.0737,294,0.217,1355.838011
2026-10-01T01:45:06.968Z,APE,-1.2734,202.7,0.15143,1355.838011
2026-10-01T01:45:06.968Z,GMT,-3.0618,11.34,0.008628,1355.838011
2026-10-01T01:45:06.968Z,VIRTUAL,-4.4613,1039,0.8021,1355.838011
2026-10-01T01:45:06.968Z,LPT,6.4241,2554,1.77,1355.838011
2026-10-01T01:45:06.968Z,DATA,-3.154,285.2,0.2172,1355.838011
2026-10-01T01:45:06.968Z,THETA,-2.5049,296.1,0.224,1355.838011
2026-10-01T01:45:06.968Z,GRT,0.0438,39.54,0.02915,1355.838011
2026-10-01T01:45:06.968Z,LAYER,2.0511,107.8,0.07791,1355.838011
2026-10-01T01:45:06.968Z,NMR,1.2376,15700,11.438,1355.838011
2026-10-01T01:45:06.968Z,EIGEN,-3.6845,321.9,0.2465,1355.838011
2026-10-01T01:45:06.968Z,BAT,0.5864,121.8,0.08931,1355.838011
2026-10-01T01:45:06.968Z,SPK,-2.8906,32.35,0.02457,1355.838011
2026-10-01T01:45:06.968Z,PUMP,-2.2095,7.71,0.005815,1355.838011
2026-10-01T01:45:06.968Z,KMNO,-11.8565,52.01,0.04352,1355.838011
2026-10-01T01:45:06.968Z,CHZ,-2.3883,21.44,0.0162,1355.838011
2026-10-01T01:45:06.968Z,PENGU,-1.1032,12.91,0.009628,1355.838011
2026-10-01T01:45:06.968Z,OP,-0.495,173.7,0.12875,1355.838011
2026-10-01T01:45:06.968Z,UMA,2.2632,570,0.4111,1355.838011
2026-10-01T01:45:06.968Z,ZRO,7.3333,2500,1.7179,1355.838011
2026-10-01T01:45:06.968Z,S,20.0789,67.5,0.04146,1355.838011
2026-10-01T01:45:06.968Z,IMX,-0.9865,224.5,0.16723,1355.838011
2026-10-01T01:45:06.968Z,A,1.0457,134.7,0.09832,1355.838011
2026-10-01T01:45:06.968Z,ATH,-6.9444,7.478,0.005927,1355.838011
2026-10-01T01:45:06.968Z,COMP,14.7436,38100,24.49,1355.838011
2026-10-01T01:45:06.968Z,CVX,-4.0131,2828,2.173,1355.838011
2026-10-01T01:45:06.968Z,AXS,0.6623,1575,1.154,1355.838011
2026-10-01T01:45:06.968Z,WCT,0.7645,57.08,0.04178,1355.838011
2026-10-01T01:45:06.968Z,ME,0.6506,103.1,0.07555,1355.838011
2026-10-01T01:45:06.968Z,ASTER,-2.261,997.2,0.7525,1355.838011
2026-10-01T01:45:06.968Z,GMX,4.3274,11210,7.925,1355.838011
2026-10-01T01:45:06.968Z,MORPHO,3.3574,3487,2.4883,1355.838011
2026-10-01T01:45:06.968Z,MON,0.9646,43.6,0.03185,1355.838011
2026-10-01T01:45:06.968Z,1INCH,0.7069,139,0.1018,1355.838011
2026-10-01T01:45:06.968Z,SKY,4.5102,110.1,0.0777,1355.838011
2026-10-01T01:45:06.968Z,YGG,-2.3641,35.12,0.02653,1355.838011
2026-10-01T01:45:06.968Z,BIO,0.2736,42.01,0.0309,1355.838011
2026-10-01T01:45:06.968Z,MOVE,-5.1376,12.22,0.009501,1355.838011
2026-10-01T01:45:06.968Z,GALA,-4.5035,3,0.002317,1355.838011
2026-10-01T01:45:06.968Z,ZK,1.4711,16.68,0.012124,1355.838011
2026-10-01T01:45:06.968Z,ENS,-0.0594,9450,6.974,1355.838011
2026-10-01T01:45:06.968Z,INJ,3.509,10360,7.382,1355.838011
2026-10-01T01:45:06.968Z,KAITO,-8.8895,435.2,0.3523,1355.838011
2026-10-01T01:45:06.968Z,LDO,4.7239,646.9,0.4556,1355.838011
2026-10-01T01:45:06.968Z,BLUR,0.2647,28.48,0.02095,1355.838011
2026-10-01T01:45:06.968Z,AUCTION,1.3414,5110,3.719,1355.838011
2026-10-01T01:45:06.968Z,ZETA,2.8179,72.56,0.05205,1355.838011
2026-10-01T01:45:06.968Z,WIF,-0.2067,336.5,0.2487,1355.838011
2026-10-01T01:45:06.968Z,KSM,-3.1803,6750,5.142,1355.838011
2026-10-01T01:45:06.968Z,SNX,-1.4952,339.1,0.2539,1355.838011
2026-10-01T01:50:07.005Z,BTC,0.407,113655000,83486.6,1355.838011
2026-10-01T01:50:07.005Z,XRP,0.3973,2027,1.4891,1355.838011
2026-10-01T01:50:07.005Z,SOL,0.4049,160800,118.12,1355.838011
2026-10-01T01:50:07.005Z,ETH,0.4031,3660000,2688.6,1355.838011
2026-10-01T01:50:07.005Z,FIL,0.6585,1427,1.0456,1355.838011
2026-10-01T01:50:07.005Z,TRX,0.463,460,0.33771,1355.838011
2026-10-01T01:50:07.005Z,BNB,-0.3802,1038000,768.5,1355.838011
2026-10-01T01:50:07.005Z,WLD,0.5565,733.5,0.538,1355.838011
2026-10-01T01:50:07.005Z,FLOW,0.4563,42.25,0.03102,1355.838011
2026-10-01T01:50:07.005Z,LINK,0.4142,19560,14.367,1355.838011
2026-10-01T01:50:07.005Z,DOGE,0.4123,128.9,0.09468,1355.838011
2026-10-01T01:50:07.005Z,SUI,0.4611,1601,1.1754,1355.838011
2026-10-01T01:50:07.005Z,XLM,0.3881,309.8,0.22761,1355.838011
2026-10-01T01:50:07.005Z,BCH,0.9522,418700,305.9,1355.838011
2026-10-01T01:50:07.005Z,AVAX,0.5133,14770,10.838,1355.838011
2026-10-01T01:50:07.005Z,ETC,0.8887,12140,8.875,1355.838011
2026-10-01T01:50:07.005Z,AAVE,-0.56,217000,160.95,1355.838011
2026-10-01T01:50:07.005Z,ADA,1.0475,338.4,0.247,1355.838011
2026-10-01T01:50:07.005Z,HYPE,0.7191,122100,89.412,1355.838011
2026-10-01T01:50:07.005Z,SEI,0.4392,99.37,0.07297,1355.838011
2026-10-01T01:50:07.005Z,HBAR,0.7332,142,0.10397,1355.838011
2026-10-01T01:50:07.005Z,ARB,0.7192,276.6,0.20255,1355.838011
2026-10-01T01:50:07.005Z,JTO,0.2892,723.8,0.5323,1355.838011
2026-10-01T01:50:07.005Z,ONDO,0.5645,688.7,0.5051,1355.838011
2026-10-01T01:50:07.005Z,QTUM,0.9531,1360,0.9936,1355.838011
2026-10-01T01:50:07.005Z,PYTH,0.0168,103.4,0.07625,1355.838011
2026-10-01T01:50:07.005Z,APT,0.6992,1070,0.7837,1355.838011
2026-10-01T01:50:07.005Z,UNI,0.3861,12070,8.868,1355.838011
2026-10-01T01:50:07.005Z,TIA,0.7695,598.7,0.4382,1355.838011
2026-10-01T01:50:07.005Z,ALGO,1.3234,170.5,0.12411,1355.838011
2026-10-01T01:50:07.005Z,NEAR,1.1455,7175,5.232,1355.838011
2026-10-01T01:50:07.005Z,ZIL,-8.1901,4.363,0.003505,1355.838011
2026-10-01T01:50:07.005Z,SUSHI,0.9022,370.2,0.2706,1355.838011
2026-10-01T01:50:07.005Z,PENDLE,-2.193,3180,2.398,1355.838011
2026-10-01T01:50:07.005Z,XTZ,2.3168,437.4,0.3153,1355.838011
2026-10-01T01:50:07.005Z,W,-2.3911,17.62,0.013314,1355.838011
2026-10-01T01:50:07.005Z,AR,11.8522,6145,4.052,1355.838011
2026-10-01T01:50:07.005Z,SHIB,1.5805,0.0079,0.000005736,1355.838011
2026-10-01T01:50:07.005Z,CELO,10.2578,150,0.10034,1355.838011
2026-10-01T01:50:07.005Z,STX,-0.3362,507,0.3752,1355.838011
2026-10-01T01:50:07.005Z,JUP,0.7167,446.4,0.3269,1355.838011
2026-10-01T01:50:07.005Z,PEPE,-0.1215,0.0058,0.000004283,1355.838011
2026-10-01T01:50:07.005Z,DYDX,3.0603,200,0.14313,1355.838011
2026-10-01T01:50:07.005Z,KITE,-10.6214,176.2,0.1454,1355.838011
2026-10-01T01:50:07.005Z,CRV,-5.2727,510.4,0.3974,1355.838011
2026-10-01T01:50:07.005Z,ENJ,-0.7773,39.35,0.02925,1355.838011
2026-10-01T01:50:07.005Z,ATOM,22.076,2875,1.737,1355.838011
2026-10-01T01:50:07.005Z,ICP,-1.5065,4495,3.366,1355.838011
2026-10-01T01:50:07.005Z,SPACE,-5.1362,6.822,0.005304,1355.838011
2026-10-01T01:50:07.005Z,DOT,0.7912,1675,1.2257,1355.838011
2026-10-01T01:50:07.005Z,ETHFI,4.5094,1100,0.7763,1355.838011
2026-10-01T01:50:07.005Z,CC,10.6443,190.1,0.12672,1355.838011
2026-10-01T01:50:07.005Z,SYRUP,0.1056,304.3,0.2242,1355.838011
2026-10-01T01:50:07.005Z,TAO,8.7292,442700,300.3,1355.838011
2026-10-01T01:50:07.005Z,GRAM,0.9332,2050,1.498,1355.838011
2026-10-01T01:50:07.005Z,RAY,14.491,3000,1.9326,1355.838011
2026-10-01T01:50:07.005Z,RENDER,-0.7588,2570,1.91,1355.838011
2026-10-01T01:50:07.005Z,GRASS,4.682,990.4,0.6978,1355.838011
2026-10-01T01:50:07.005Z,MINA,-1.0719,196.3,0.14635,1355.838011
2026-10-01T01:50:07.005Z,POL,0.4616,152.8,0.11218,1355.838011
2026-10-01T01:50:07.005Z,ENA,3.3639,369.8,0.26387,1355.838011
2026-10-01T01:50:07.005Z,SAND,-0.8179,58.9,0.0438,1355.838011
2026-10-01T01:50:07.005Z,AERO,-0.844,1102,0.8197,1355.838011
2026-10-01T01:50:07.005Z,KGEN,-4.0284,213.4,0.164,1355.838011
2026-10-01T01:50:07.005Z,LIT,1.1096,5340,3.8953,1355.838011
2026-10-01T01:50:07.005Z,MANA,2.2512,123.4,0.08901,1355.838011
2026-10-01T01:50:07.005Z,BAND,0.1108,294,0.2166,1355.838011
2026-10-01T01:50:07.005Z,APE,-0.8938,202.7,0.15085,1355.838011
2026-10-01T01:50:07.005Z,GMT,-2.8591,11.34,0.00861,1355.838011
2026-10-01T01:50:07.005Z,VIRTUAL,-4.2345,1039,0.8002,1355.838011
2026-10-01T01:50:07.005Z,LPT,6.9073,2554,1.762,1355.838011
2026-10-01T01:50:07.005Z,DATA,-2.7959,285.2,0.2164,1355.838011
2026-10-01T01:50:07.005Z,THETA,-2.2431,296.1,0.2234,1355.838011
2026-10-01T01:50:07.005Z,GRT,0.1469,39.54,0.02912,1355.838011
2026-10-01T01:50:07.005Z,LAYER,2.2611,107.8,0.07775,1355.838011
2026-10-01T01:50:07.005Z,NMR,1.2996,15700,11.431,1355.838011
2026-10-01T01:50:07.005Z,EIGEN,-3.8405,321.9,0.2469,1355.838011
2026-10-01T01:50:07.005Z,BAT,0.9254,121.8,0.08901,1355.838011
2026-10-01T01:50:07.005Z,SPK,-2.6926,32.35,0.02452,1355.838011
2026-10-01T01:50:07.005Z,PUMP,-1.872,7.71,0.005795,1355.838011
2026-10-01T01:50:07.005Z,KMNO,-11.7551,52.01,0.04347,1355.838011
2026-10-01T01:50:07.005Z,CHZ,-2.2072,21.44,0.01617,1355.838011
2026-10-01T01:50:07.005Z,PENGU,-0.887,12.91,0.009607,1355.838011
2026-10-01T01:50:07.005Z,OP,-0.3712,173.7,0.12859,1355.838011
2026-10-01T01:50:07.005Z,UMA,2.4876,570,0.4102,1355.838011
2026-10-01T01:50:07.005Z,ZRO,7.7346,2500,1.7115,1355.838011
2026-10-01T01:50:07.005Z,S,20.2529,67.5,0.0414,1355.838011
2026-10-01T01:50:07.005Z,IMX,-0.624,224.5,0.16662,1355.838011
2026-10-01T01:50:07.005Z,A,1.1486,134.7,0.09822,1355.838011
2026-10-01T01:50:07.005Z,ATH,-6.7556,7.478,0.005915,1355.838011
2026-10-01T01:50:07.005Z,COMP,14.8374,38100,24.47,1355.838011
2026-10-01T01:50:07.005Z,CVX,-4.1895,2828,2.177,1355.838011
2026-10-01T01:50:07.005Z,AXS,0.9773,1575,1.1504,1355.838011
2026-10-01T01:50:07.005Z,WCT,0.9821,57.08,0.04169,1355.838011
2026-10-01T01:50:07.005Z,ME,0.9044,103.1,0.07536,1355.838011
2026-10-01T01:50:07.005Z,ASTER,-2.209,997.2,0.7521,1355.838011
2026-10-01T01:50:07.005Z,GMX,4.4989,11210,7.912,1355.838011
2026-10-01T01:50:07.005Z,MORPHO,3.6364,3487,2.4816,1355.838011
2026-10-01T01:50:07.005Z,MON,0.9963,43.6,0.03184,1355.838011
2026-10-01T01:50:07.005Z,1INCH,0.7762,139,0.10173,1355.838011
2026-10-01T01:50:07.005Z,SKY,4.564,110.1,0.07766,1355.838011
2026-10-01T01:50:07.005Z,YGG,-2.0688,35.12,0.02645,1355.838011
2026-10-01T01:50:07.005Z,BIO,0.4686,42.01,0.03084,1355.838011
2026-10-01T01:50:07.005Z,MOVE,-5.307,12.22,0.009518,1355.838011
2026-10-01T01:50:07.005Z,GALA,-4.3384,3,0.002313,1355.838011
2026-10-01T01:50:07.005Z,ZK,1.6724,16.68,0.0121,1355.838011
2026-10-01T01:50:07.005Z,ENS,0.1129,9450,6.962,1355.838011
2026-10-01T01:50:07.005Z,INJ,3.6634,10360,7.371,1355.838011
2026-10-01T01:50:07.005Z,KAITO,-8.7341,435.2,0.3517,1355.838011
2026-10-01T01:50:07.005Z,LDO,4.9773,646.9,0.4545,1355.838011
2026-10-01T01:50:07.005Z,BLUR,0.4085,28.48,0.02092,1355.838011
2026-10-01T01:50:07.005Z,AUCTION,1.5325,5110,3.712,1355.838011
2026-10-01T01:50:07.005Z,ZETA,3.0357,72.56,0.05194,1355.838011
2026-10-01T01:50:07.005Z,WIF,0.0347,336.5,0.2481,1355.838011
2026-10-01T01:50:07.005Z,KSM,-3.3494,6750,5.151,1355.838011
2026-10-01T01:50:07.005Z,SNX,-1.2619,339.1,0.2533,1355.838011
2026-10-01T01:55:06.908Z,BTC,0.4707,113727000,83486.5,1355.838011
2026-10-01T01:55:06.908Z,XRP,0.4064,2028,1.4897,1355.838011
2026-10-01T01:55:06.908Z,SOL,0.4134,160800,118.11,1355.838011
2026-10-01T01:55:06.908Z,ETH,0.3492,3659000,2689.31,1355.838011
2026-10-01T01:55:06.908Z,FIL,0.373,1422,1.0449,1355.838011
2026-10-01T01:55:06.908Z,TRX,0.4303,460,0.33782,1355.838011
2026-10-01T01:55:06.908Z,BNB,-0.432,1038000,768.9,1355.838011
2026-10-01T01:55:06.908Z,WLD,0.1139,728.1,0.5364,1355.838011
2026-10-01T01:55:06.908Z,FLOW,0.737,42.45,0.03108,1355.838011
2026-10-01T01:55:06.908Z,LINK,0.3443,19560,14.377,1355.838011
2026-10-01T01:55:06.908Z,DOGE,0.4478,129,0.09472,1355.838011
2026-10-01T01:55:06.908Z,SUI,0.2894,1595,1.173,1355.838011
2026-10-01T01:55:06.908Z,XLM,-0.0647,309.5,0.22842,1355.838011
2026-10-01T01:55:06.908Z,BCH,0.8533,418700,306.2,1355.838011
2026-10-01T01:55:06.908Z,AVAX,0.3651,14770,10.854,1355.838011
2026-10-01T01:55:06.908Z,ETC,0.8773,12140,8.876,1355.838011
2026-10-01T01:55:06.908Z,AAVE,-0.6526,217000,161.1,1355.838011
2026-10-01T01:55:06.908Z,ADA,0.9249,338.4,0.2473,1355.838011
2026-10-01T01:55:06.908Z,HYPE,0.6021,122100,89.516,1355.838011
2026-10-01T01:55:06.908Z,SEI,0.2194,99.37,0.07313,1355.838011
2026-10-01T01:55:06.908Z,HBAR,0.7719,142,0.10393,1355.838011
2026-10-01T01:55:06.908Z,ARB,0.6993,276.6,0.20259,1355.838011
2026-10-01T01:55:06.908Z,JTO,0.2139,723.8,0.5327,1355.838011
2026-10-01T01:55:06.908Z,ONDO,0.5446,687.2,0.5041,1355.838011
2026-10-01T01:55:06.908Z,QTUM,1.065,1360,0.9925,1355.838011
2026-10-01T01:55:06.908Z,PYTH,-0.1011,103.4,0.07634,1355.838011
2026-10-01T01:55:06.908Z,APT,0.8279,1070,0.7827,1355.838011
2026-10-01T01:55:06.908Z,UNI,0.4768,12070,8.86,1355.838011
2026-10-01T01:55:06.908Z,TIA,0.7925,598.7,0.4381,1355.838011
2026-10-01T01:55:06.908Z,ALGO,1.4951,170.5,0.1239,1355.838011
2026-10-01T01:55:06.908Z,NEAR,1.1841,7175,5.23,1355.838011
2026-10-01T01:55:06.908Z,ZIL,-8.2686,4.363,0.003508,1355.838011
2026-10-01T01:55:06.908Z,SUSHI,0.9022,370.2,0.2706,1355.838011
2026-10-01T01:55:06.908Z,PENDLE,-2.1522,3180,2.397,1355.838011
2026-10-01T01:55:06.908Z,XTZ,2.252,437.4,0.3155,1355.838011
2026-10-01T01:55:06.908Z,W,-2.3104,17.62,0.013303,1355.838011
2026-10-01T01:55:06.908Z,AR,11.9075,6145,4.05,1355.838011
2026-10-01T01:55:06.908Z,SHIB,1.492,0.0079,0.000005741,1355.838011
2026-10-01T01:55:06.908Z,CELO,10.0823,150,0.1005,1355.838011
2026-10-01T01:55:06.908Z,STX,0.171,507,0.3733,1355.838011
2026-10-01T01:55:06.908Z,JUP,0.6243,446.4,0.3272,1355.838011
2026-10-01T01:55:06.908Z,PEPE,-0.0982,0.0058,0.000004282,1355.838011
2026-10-01T01:55:06.908Z,DYDX,2.9452,200,0.14329,1355.838011
2026-10-01T01:55:06.908Z,KITE,-11.0313,176.2,0.14607,1355.838011
2026-10-01T01:55:06.908Z,CRV,-4.9858,510.4,0.3962,1355.838011
2026-10-01T01:55:06.908Z,ENJ,-0.8451,39.35,0.02927,1355.838011
2026-10-01T01:55:06.908Z,ATOM,21.9356,2875,1.739,1355.838011
2026-10-01T01:55:06.908Z,ICP,-1.3012,4495,3.359,1355.838011
2026-10-01T01:55:06.908Z,SPACE,-4.9211,6.822,0.005292,1355.838011
2026-10-01T01:55:06.908Z,DOT,0.9147,1675,1.2242,1355.838011
2026-10-01T01:55:06.908Z,ETHFI,4.5228,1100,0.7762,1355.838011
2026-10-01T01:55:06.908Z,CC,10.5658,190.1,0.12681,1355.838011
2026-10-01T01:55:06.908Z,SYRUP,0.0164,304.3,0.2244,1355.838011
2026-10-01T01:55:06.908Z,TAO,8.6569,442700,300.5,1355.838011
2026-10-01T01:55:06.908Z,GRAM,1.0007,2050,1.497,1355.838011
2026-10-01T01:55:06.908Z,RAY,14.497,3000,1.9325,1355.838011
2026-10-01T01:55:06.908Z,RENDER,-0.8107,2570,1.911,1355.838011
2026-10-01T01:55:06.908Z,GRASS,4.712,990.4,0.6976,1355.838011
2026-10-01T01:55:06.908Z,MINA,-0.9094,196.3,0.14611,1355.838011
2026-10-01T01:55:06.908Z,POL,0.4347,152.8,0.11221,1355.838011
2026-10-01T01:55:06.908Z,ENA,3.0983,369.8,0.26455,1355.838011
2026-10-01T01:55:06.908Z,SAND,-0.7499,58.9,0.04377,1355.838011
2026-10-01T01:55:06.908Z,AERO,-0.9649,1102,0.8207,1355.838011
2026-10-01T01:55:06.908Z,KGEN,-4.0284,213.4,0.164,1355.838011
2026-10-01T01:55:06.908Z,LIT,0.9231,5340,3.9025,1355.838011
2026-10-01T01:55:06.908Z,MANA,2.1594,123.4,0.08909,1355.838011
2026-10-01T01:55:06.908Z,BAND,0.1108,294,0.2166,1355.838011
2026-10-01T01:55:06.908Z,APE,-0.8544,202.7,0.15079,1355.838011
2026-10-01T01:55:06.908Z,GMT,-2.9268,11.34,0.008616,1355.838011
2026-10-01T01:55:06.908Z,VIRTUAL,-4.2225,1039,0.8001,1355.838011
2026-10-01T01:55:06.908Z,LPT,6.9073,2554,1.762,1355.838011
2026-10-01T01:55:06.908Z,DATA,-2.706,285.2,0.2162,1355.838011
2026-10-01T01:55:06.908Z,THETA,-2.3305,296.1,0.2236,1355.838011
2026-10-01T01:55:06.908Z,GRT,0.2502,39.54,0.02909,1355.838011
2026-10-01T01:55:06.908Z,LAYER,2.1823,107.8,0.07781,1355.838011
2026-10-01T01:55:06.908Z,NMR,2.1846,15700,11.332,1355.838011
2026-10-01T01:55:06.908Z,EIGEN,-3.8795,321.9,0.247,1355.838011
2026-10-01T01:55:06.908Z,BAT,0.767,121.8,0.08915,1355.838011
2026-10-01T01:55:06.908Z,SPK,-2.374,32.35,0.02444,1355.838011
2026-10-01T01:55:06.908Z,PUMP,-1.4639,7.71,0.005771,1355.838011
2026-10-01T01:55:06.908Z,KMNO,-11.7145,52.01,0.04345,1355.838011
2026-10-01T01:55:06.908Z,CHZ,-2.2676,21.44,0.01618,1355.838011
2026-10-01T01:55:06.908Z,PENGU,-0.9076,12.91,0.009609,1355.838011
2026-10-01T01:55:06.908Z,OP,-0.4873,173.7,0.12874,1355.838011
2026-10-01T01:55:06.908Z,UMA,2.4377,570,0.4104,1355.838011
2026-10-01T01:55:06.908Z,ZRO,7.7535,2500,1.7112,1355.838011
2026-10-01T01:55:06.908Z,S,20.6025,67.5,0.04128,1355.838011
2026-10-01T01:55:06.908Z,IMX,-0.6777,224.5,0.16671,1355.838011
2026-10-01T01:55:06.908Z,A,0.8304,134.7,0.09853,1355.838011
2026-10-01T01:55:06.908Z,ATH,-6.8028,7.478,0.005918,1355.838011
2026-10-01T01:55:06.908Z,COMP,14.9783,38100,24.44,1355.838011
2026-10-01T01:55:06.908Z,CVX,-4.1895,2828,2.177,1355.838011
2026-10-01T01:55:06.908Z,AXS,0.9861,1575,1.1503,1355.838011
2026-10-01T01:55:06.908Z,WCT,1.2979,57.08,0.04156,1355.838011
2026-10-01T01:55:06.908Z,ME,1.0653,103.1,0.07524,1355.838011
2026-10-01T01:55:06.908Z,ASTER,-2.274,997.2,0.7526,1355.838011
2026-10-01T01:55:06.908Z,GMX,4.5517,11210,7.908,1355.838011
2026-10-01T01:55:06.908Z,MORPHO,3.674,3487,2.4807,1355.838011
2026-10-01T01:55:06.908Z,MON,1.5705,43.6,0.03166,1355.838011
2026-10-01T01:55:06.908Z,1INCH,0.8059,139,0.1017,1355.838011
2026-10-01T01:55:06.908Z,SKY,4.3222,110.1,0.07784,1355.838011
2026-10-01T01:55:06.908Z,YGG,-2.0318,35.12,0.02644,1355.838011
2026-10-01T01:55:06.908Z,BIO,0.2736,42.01,0.0309,1355.838011
2026-10-01T01:55:06.908Z,MOVE,-5.0677,12.22,0.009494,1355.838011
2026-10-01T01:55:06.908Z,GALA,-4.1726,3,0.002309,1355.838011
2026-10-01T01:55:06.908Z,ZK,1.6304,16.68,0.012105,1355.838011
2026-10-01T01:55:06.908Z,ENS,0.1129,9450,6.962,1355.838011
2026-10-01T01:55:06.908Z,INJ,3.523,10360,7.381,1355.838011
2026-10-01T01:55:06.908Z,KAITO,-8.76,435.2,0.3518,1355.838011
2026-10-01T01:55:06.908Z,LDO,5.0004,646.9,0.4544,1355.838011
2026-10-01T01:55:06.908Z,BLUR,0.2647,28.48,0.02095,1355.838011
2026-10-01T01:55:06.908Z,AUCTION,1.5599,5110,3.711,1355.838011
2026-10-01T01:55:06.908Z,ZETA,3.0357,72.56,0.05194,1355.838011
2026-10-01T01:55:06.908Z,WIF,-0.0862,336.5,0.2484,1355.838011
2026-10-01T01:55:06.908Z,KSM,-3.2931,6750,5.148,1355.838011
2026-10-01T01:55:06.908Z,SNX,-1.3009,339.1,0.2534,1355.838011
2026-10-01T02:00:06.748Z,BTC,0.4086,113650000,83481.6,1355.838011
2026-10-01T02:00:06.748Z,XRP,0.4041,2027,1.489,1355.838011
2026-10-01T02:00:06.748Z,SOL,0.4304,160800,118.09,1355.838011
2026-10-01T02:00:06.748Z,ETH,0.4475,3662000,2688.88,1355.838011
2026-10-01T02:00:06.748Z,FIL,0.4499,1422,1.0441,1355.838011
2026-10-01T02:00:06.748Z,TRX,0.4303,460,0.33782,1355.838011
2026-10-01T02:00:06.748Z,BNB,-0.3802,1038000,768.5,1355.838011
2026-10-01T02:00:06.748Z,WLD,0.5839,732.2,0.5369,1355.838011
2026-10-01T02:00:06.748Z,FLOW,0.8343,42.45,0.03105,1355.838011
2026-10-01T02:00:06.748Z,LINK,0.4142,19560,14.367,1355.838011
2026-10-01T02:00:06.748Z,DOGE,0.469,129,0.0947,1355.838011
2026-10-01T02:00:06.748Z,SUI,0.3065,1595,1.1728,1355.838011
2026-10-01T02:00:06.748Z,XLM,0.3804,311.6,0.22895,1355.838011
2026-10-01T02:00:06.748Z,BCH,0.9852,418700,305.8,1355.838011
2026-10-01T02:00:06.748Z,AVAX,0.2635,14770,10.865,1355.838011
2026-10-01T02:00:06.748Z,ETC,0.9228,12140,8.872,1355.838011
2026-10-01T02:00:06.748Z,AAVE,-0.665,217000,161.12,1355.838011
2026-10-01T02:00:06.748Z,ADA,0.9658,338.4,0.2472,1355.838011
2026-10-01T02:00:06.748Z,HYPE,0.6179,122100,89.502,1355.838011
2026-10-01T02:00:06.748Z,SEI,0.3979,99.37,0.073,1355.838011
2026-10-01T02:00:06.748Z,HBAR,0.701,141.9,0.10393,1355.838011
2026-10-01T02:00:06.748Z,ARB,0.6282,276.2,0.20244,1355.838011
2026-10-01T02:00:06.748Z,JTO,0.4402,723.8,0.5315,1355.838011
2026-10-01T02:00:06.748Z,ONDO,0.3889,686,0.504,1355.838011
2026-10-01T02:00:06.748Z,QTUM,1.0955,1360,0.9922,1355.838011
2026-10-01T02:00:06.748Z,PYTH,-0.0226,103.4,0.07628,1355.838011
2026-10-01T02:00:06.748Z,APT,0.9052,1070,0.7821,1355.838011
2026-10-01T02:00:06.748Z,UNI,0.6472,12070,8.845,1355.838011
2026-10-01T02:00:06.748Z,TIA,0.9769,598.7,0.4373,1355.838011
2026-10-01T02:00:06.748Z,ALGO,1.6592,170.5,0.1237,1355.838011
2026-10-01T02:00:06.748Z,NEAR,1.1455,7175,5.232,1355.838011
2026-10-01T02:00:06.748Z,ZIL,-8.1115,4.363,0.003502,1355.838011
2026-10-01T02:00:06.748Z,SUSHI,1.3517,370.2,0.2694,1355.838011
2026-10-01T02:00:06.748Z,PENDLE,-1.9886,3180,2.393,1355.838011
2026-10-01T02:00:06.748Z,XTZ,2.6097,437.4,0.3144,1355.838011
2026-10-01T02:00:06.748Z,W,-1.9862,17.62,0.013259,1355.838011
2026-10-01T02:00:06.748Z,AR,12.0181,6145,4.046,1355.838011
2026-10-01T02:00:06.748Z,SHIB,1.5982,0.0079,0.000005735,1355.838011
2026-10-01T02:00:06.748Z,CELO,10.2688,150,0.10033,1355.838011
2026-10-01T02:00:06.748Z,STX,0.378,509,0.374,1355.838011
2026-10-01T02:00:06.748Z,JUP,0.7784,446.4,0.3267,1355.838011
2026-10-01T02:00:06.748Z,PEPE,-0.0748,0.0058,0.000004281,1355.838011
2026-10-01T02:00:06.748Z,DYDX,2.9812,200,0.14324,1355.838011
2026-10-01T02:00:06.748Z,KITE,-10.9704,176.2,0.14597,1355.838011
2026-10-01T02:00:06.748Z,CRV,-4.7213,510.4,0.3951,1355.838011
2026-10-01T02:00:06.748Z,ENJ,-0.7773,39.35,0.02925,1355.838011
2026-10-01T02:00:06.748Z,ATOM,22.1463,2875,1.736,1355.838011
2026-10-01T02:00:06.748Z,ICP,-1.1541,4495,3.354,1355.838011
2026-10-01T02:00:06.748Z,SPACE,-4.8492,6.822,0.005288,1355.838011
2026-10-01T02:00:06.748Z,DOT,1.0468,1675,1.2226,1355.838011
2026-10-01T02:00:06.748Z,ETHFI,4.6712,1100,0.7751,1355.838011
2026-10-01T02:00:06.748Z,CC,11.3119,190.1,0.12596,1355.838011
2026-10-01T02:00:06.748Z,SYRUP,0.1056,304.3,0.2242,1355.838011
2026-10-01T02:00:06.748Z,TAO,8.7655,442700,300.2,1355.838011
2026-10-01T02:00:06.748Z,GRAM,1.1358,2050,1.495,1355.838011
2026-10-01T02:00:06.748Z,RAY,14.7523,3000,1.9282,1355.838011
2026-10-01T02:00:06.748Z,RENDER,-0.7068,2570,1.909,1355.838011
2026-10-01T02:00:06.748Z,GRASS,4.8172,990.4,0.6969,1355.838011
2026-10-01T02:00:06.748Z,MINA,-0.6919,196.3,0.14579,1355.838011
2026-10-01T02:00:06.748Z,POL,0.4437,152.8,0.1122,1355.838011
2026-10-01T02:00:06.748Z,ENA,3.3091,369.8,0.26401,1355.838011
2026-10-01T02:00:06.748Z,SAND,-0.5226,58.9,0.04367,1355.838011
2026-10-01T02:00:06.748Z,AERO,-0.8803,1102,0.82,1355.838011
2026-10-01T02:00:06.748Z,KGEN,-4.0284,213.4,0.164,1355.838011
2026-10-01T02:00:06.748Z,LIT,0.9231,5340,3.9025,1355.838011
2026-10-01T02:00:06.748Z,MANA,2.2512,123.4,0.08901,1355.838011
2026-10-01T02:00:06.748Z,BAND,0.2497,294,0.2163,1355.838011
2026-10-01T02:00:06.748Z,APE,-0.7952,202.7,0.1507,1355.838011
2026-10-01T02:00:06.748Z,GMT,-2.7462,11.34,0.0086,1355.838011
2026-10-01T02:00:06.748Z,VIRTUAL,-4.2105,1039,0.8,1355.838011
2026-10-01T02:00:06.748Z,LPT,7.1505,2554,1.758,1355.838011
2026-10-01T02:00:06.748Z,DATA,-2.7959,285.2,0.2164,1355.838011
2026-10-01T02:00:06.748Z,THETA,-2.2431,296.1,0.2234,1355.838011
2026-10-01T02:00:06.748Z,GRT,0.2846,39.54,0.02908,1355.838011
2026-10-01T02:00:06.748Z,LAYER,2.3401,107.8,0.07769,1355.838011
2026-10-01T02:00:06.748Z,NMR,2.2477,15700,11.325,1355.838011
2026-10-01T02:00:06.748Z,EIGEN,-3.8016,321.9,0.2468,1355.838011
2026-10-01T02:00:06.748Z,BAT,0.8348,121.8,0.08909,1355.838011
2026-10-01T02:00:06.748Z,SPK,-2.4937,32.35,0.02447,1355.838011
2026-10-01T02:00:06.748Z,PUMP,-1.2757,7.71,0.00576,1355.838011
2026-10-01T02:00:06.748Z,KMNO,-11.4904,52.01,0.04334,1355.838011
2026-10-01T02:00:06.748Z,CHZ,-2.0254,21.44,0.01614,1355.838011
2026-10-01T02:00:06.748Z,PENGU,-0.8457,12.91,0.009603,1355.838011
2026-10-01T02:00:06.748Z,OP,-0.2082,173.7,0.12838,1355.838011
2026-10-01T02:00:06.748Z,UMA,2.5877,570,0.4098,1355.838011
2026-10-01T02:00:06.748Z,ZRO,8.3487,2500,1.7018,1355.838011
2026-10-01T02:00:06.748Z,S,21.4854,67.5,0.04098,1355.838011
2026-10-01T02:00:06.748Z,IMX,-0.3489,224.5,0.16616,1355.838011
2026-10-01T02:00:06.748Z,A,0.9431,134.7,0.09842,1355.838011
2026-10-01T02:00:06.748Z,ATH,-6.7556,7.478,0.005915,1355.838011
2026-10-01T02:00:06.748Z,COMP,14.8843,38100,24.46,1355.838011
2026-10-01T02:00:06.748Z,CVX,-4.1455,2828,2.176,1355.838011
2026-10-01T02:00:06.748Z,AXS,1.03,1575,1.1498,1355.838011
2026-10-01T02:00:06.748Z,WCT,1.1762,57.08,0.04161,1355.838011
2026-10-01T02:00:06.748Z,ME,1.1998,103.1,0.07514,1355.838011
2026-10-01T02:00:06.748Z,ASTER,-2.248,997.2,0.7524,1355.838011
2026-10-01T02:00:06.748Z,GMX,4.6576,11210,7.9,1355.838011
2026-10-01T02:00:06.748Z,MORPHO,3.7577,3487,2.4787,1355.838011
2026-10-01T02:00:06.748Z,MON,1.6669,43.6,0.03163,1355.838011
2026-10-01T02:00:06.748Z,1INCH,0.796,139,0.10171,1355.838011
2026-10-01T02:00:06.748Z,SKY,4.2285,110.1,0.07791,1355.838011
2026-10-01T02:00:06.748Z,YGG,-1.8833,35.12,0.0264,1355.838011
2026-10-01T02:00:06.748Z,BIO,0.5012,42.01,0.03083,1355.838011
2026-10-01T02:00:06.748Z,MOVE,-5.0377,12.22,0.009491,1355.838011
2026-10-01T02:00:06.748Z,GALA,-3.8812,3,0.002302,1355.838011
2026-10-01T02:00:06.748Z,ZK,1.9588,16.68,0.012066,1355.838011
2026-10-01T02:00:06.748Z,ENS,0.1848,9450,6.957,1355.838011
2026-10-01T02:00:06.748Z,INJ,3.5932,10360,7.376,1355.838011
2026-10-01T02:00:06.748Z,KAITO,-8.8377,435.2,0.3521,1355.838011
2026-10-01T02:00:06.748Z,LDO,5.2784,646.9,0.4532,1355.838011
2026-10-01T02:00:06.748Z,BLUR,0.4085,28.48,0.02092,1355.838011
2026-10-01T02:00:06.748Z,AUCTION,1.6969,5110,3.706,1355.838011
2026-10-01T02:00:06.748Z,ZETA,3.0952,72.56,0.05191,1355.838011
2026-10-01T02:00:06.748Z,WIF,0.0347,336.5,0.2481,1355.838011
2026-10-01T02:00:06.748Z,KSM,-2.9916,6750,5.132,1355.838011
2026-10-01T02:00:06.748Z,SNX,-1.2229,339.1,0.2532,1355.838011
2026-10-01T02:05:06.922Z,BTC,0.3872,113638000,83490.6,1355.838011
2026-10-01T02:05:06.922Z,XRP,0.3633,2024,1.4874,1355.838011
2026-10-01T02:05:06.922Z,SOL,0.3794,160800,118.15,1355.838011
2026-10-01T02:05:06.922Z,ETH,0.3882,3660000,2689,1355.838011
2026-10-01T02:05:06.922Z,FIL,0.5077,1422,1.0435,1355.838011
2026-10-01T02:05:06.922Z,TRX,0.4333,460,0.33781,1355.838011
2026-10-01T02:05:06.922Z,BNB,-0.2764,1038000,767.7,1355.838011
2026-10-01T02:05:06.922Z,WLD,0.0677,726,0.5351,1355.838011
2026-10-01T02:05:06.922Z,FLOW,0.9318,42.45,0.03102,1355.838011
2026-10-01T02:05:06.922Z,LINK,0.5047,19440,14.266,1355.838011
2026-10-01T02:05:06.922Z,DOGE,0.4796,129,0.09469,1355.838011
2026-10-01T02:05:06.922Z,SUI,0.3034,1594,1.1721,1355.838011
2026-10-01T02:05:06.922Z,XLM,0.2797,311.6,0.22918,1355.838011
2026-10-01T02:05:06.922Z,BCH,0.9852,418700,305.8,1355.838011
2026-10-01T02:05:06.922Z,AVAX,0.2728,14770,10.864,1355.838011
2026-10-01T02:05:06.922Z,ETC,0.492,12080,8.866,1355.838011
2026-10-01T02:05:06.922Z,AAVE,-0.5415,217000,160.92,1355.838011
2026-10-01T02:05:06.922Z,ADA,1.0884,338.4,0.2469,1355.838011
2026-10-01T02:05:06.922Z,HYPE,0.574,122100,89.541,1355.838011
2026-10-01T02:05:06.922Z,SEI,0.3959,99.3,0.07295,1355.838011
2026-10-01T02:05:06.922Z,HBAR,0.7401,141.6,0.10367,1355.838011
2026-10-01T02:05:06.922Z,ARB,0.5901,275.7,0.20215,1355.838011
2026-10-01T02:05:06.922Z,JTO,0.2327,723.8,0.5326,1355.838011
2026-10-01T02:05:06.922Z,ONDO,0.6551,687,0.5034,1355.838011
2026-10-01T02:05:06.922Z,QTUM,1.1669,1360,0.9915,1355.838011
2026-10-01T02:05:06.922Z,PYTH,0.135,103.4,0.07616,1355.838011
2026-10-01T02:05:06.922Z,APT,0.931,1070,0.7819,1355.838011
2026-10-01T02:05:06.922Z,UNI,0.8524,12070,8.827,1355.838011
2026-10-01T02:05:06.922Z,TIA,0.9307,598.7,0.4375,1355.838011
2026-10-01T02:05:06.922Z,ALGO,1.4706,170.5,0.12393,1355.838011
2026-10-01T02:05:06.922Z,NEAR,0.1569,7075,5.21,1355.838011
2026-10-01T02:05:06.922Z,ZIL,-8.1639,4.363,0.003504,1355.838011
2026-10-01T02:05:06.922Z,SUSHI,1.6157,370.2,0.2687,1355.838011
2026-10-01T02:05:06.922Z,PENDLE,-2.5587,3180,2.407,1355.838011
2026-10-01T02:05:06.922Z,XTZ,3.1016,437.4,0.3129,1355.838011
2026-10-01T02:05:06.922Z,W,-1.9862,17.62,0.013259,1355.838011
2026-10-01T02:05:06.922Z,AR,12.0181,6145,4.046,1355.838011
2026-10-01T02:05:06.922Z,SHIB,0.3471,0.0078,0.000005733,1355.838011
2026-10-01T02:05:06.922Z,CELO,10.2798,150,0.10032,1355.838011
2026-10-01T02:05:06.922Z,STX,-0.9985,509,0.3792,1355.838011
2026-10-01T02:05:06.922Z,JUP,0.6859,446.4,0.327,1355.838011
2026-10-01T02:05:06.922Z,PEPE,-0.1681,0.0058,0.000004285,1355.838011
2026-10-01T02:05:06.922Z,DYDX,3.118,200,0.14305,1355.838011
2026-10-01T02:05:06.922Z,KITE,-10.7625,176.2,0.14563,1355.838011
2026-10-01T02:05:06.922Z,CRV,-4.8417,510.4,0.3956,1355.838011
2026-10-01T02:05:06.922Z,ENJ,-0.7434,39.35,0.02924,1355.838011
2026-10-01T02:05:06.922Z,ATOM,22.1463,2875,1.736,1355.838011
2026-10-01T02:05:06.922Z,ICP,-1.2424,4495,3.357,1355.838011
2026-10-01T02:05:06.922Z,SPACE,-4.7411,6.822,0.005282,1355.838011
2026-10-01T02:05:06.922Z,DOT,1.113,1675,1.2218,1355.838011
2026-10-01T02:05:06.922Z,ETHFI,4.2408,1100,0.7783,1355.838011
2026-10-01T02:05:06.922Z,CC,11.1972,190.1,0.12609,1355.838011
2026-10-01T02:05:06.922Z,SYRUP,0.2398,304.3,0.2239,1355.838011
2026-10-01T02:05:06.922Z,TAO,8.6569,442700,300.5,1355.838011
2026-10-01T02:05:06.922Z,GRAM,1.0682,2050,1.496,1355.838011
2026-10-01T02:05:06.922Z,RAY,14.8834,3000,1.926,1355.838011
2026-10-01T02:05:06.922Z,RENDER,-0.5505,2570,1.906,1355.838011
2026-10-01T02:05:06.922Z,GRASS,5.7427,990.4,0.6908,1355.838011
2026-10-01T02:05:06.922Z,MINA,-0.889,196.3,0.14608,1355.838011
2026-10-01T02:05:06.922Z,POL,0.4706,152.8,0.11217,1355.838011
2026-10-01T02:05:06.922Z,ENA,3.631,369.8,0.26319,1355.838011
2026-10-01T02:05:06.922Z,SAND,-0.5226,58.9,0.04367,1355.838011
2026-10-01T02:05:06.922Z,AERO,-0.5894,1102,0.8176,1355.838011
2026-10-01T02:05:06.922Z,KGEN,-3.8525,213.4,0.1637,1355.838011
2026-10-01T02:05:06.922Z,LIT,0.9904,5340,3.8999,1355.838011
2026-10-01T02:05:06.922Z,MANA,2.2972,123.4,0.08897,1355.838011
2026-10-01T02:05:06.922Z,BAND,0.0646,294,0.2167,1355.838011
2026-10-01T02:05:06.922Z,APE,-0.6568,202.7,0.15049,1355.838011
2026-10-01T02:05:06.922Z,GMT,-2.7462,11.34,0.0086,1355.838011
2026-10-01T02:05:06.922Z,VIRTUAL,-3.9343,1039,0.7977,1355.838011
2026-10-01T02:05:06.922Z,LPT,6.968,2554,1.761,1355.838011
2026-10-01T02:05:06.922Z,DATA,-2.9753,285.2,0.2168,1355.838011
2026-10-01T02:05:06.922Z,THETA,-2.3305,296.1,0.2236,1355.838011
2026-10-01T02:05:06.922Z,GRT,0.0782,39.54,0.02914,1355.838011
2026-10-01T02:05:06.922Z,LAYER,2.2611,107.8,0.07775,1355.838011
2026-10-01T02:05:06.922Z,NMR,1.5839,15700,11.399,1355.838011
2026-10-01T02:05:06.922Z,EIGEN,-3.7626,321.9,0.2467,1355.838011
2026-10-01T02:05:06.922Z,BAT,0.7783,121.8,0.08914,1355.838011
2026-10-01T02:05:06.922Z,SPK,-2.2541,32.35,0.02441,1355.838011
2026-10-01T02:05:06.922Z,PUMP,-1.104,7.71,0.00575,1355.838011
2026-10-01T02:05:06.922Z,KMNO,-11.5924,52.01,0.04339,1355.838011
2026-10-01T02:05:06.922Z,CHZ,-2.0254,21.44,0.01614,1355.838011
2026-10-01T02:05:06.922Z,PENGU,-0.763,12.91,0.009595,1355.838011
2026-10-01T02:05:06.922Z,OP,-0.2238,173.7,0.1284,1355.838011
2026-10-01T02:05:06.922Z,UMA,2.6879,570,0.4094,1355.838011
2026-10-01T02:05:06.922Z,ZRO,8.4507,2500,1.7002,1355.838011
2026-10-01T02:05:06.922Z,S,20.9541,67.5,0.04116,1355.838011
2026-10-01T02:05:06.922Z,IMX,-0.3729,224.5,0.1662,1355.838011
2026-10-01T02:05:06.922Z,A,1.1589,134.7,0.09821,1355.838011
2026-10-01T02:05:06.922Z,ATH,-7.3196,7.478,0.005951,1355.838011
2026-10-01T02:05:06.922Z,COMP,15.1668,38100,24.4,1355.838011
2026-10-01T02:05:06.922Z,CVX,-4.2774,2828,2.179,1355.838011
2026-10-01T02:05:06.922Z,AXS,0.8896,1575,1.1514,1355.838011
2026-10-01T02:05:06.922Z,WCT,1.2736,57.08,0.04157,1355.838011
2026-10-01T02:05:06.922Z,ME,1.3347,103.1,0.07504,1355.838011
2026-10-01T02:05:06.922Z,ASTER,-2.157,997.2,0.7517,1355.838011
2026-10-01T02:05:06.922Z,GMX,4.6708,11210,7.899,1355.838011
2026-10-01T02:05:06.922Z,MORPHO,3.7618,3487,2.4786,1355.838011
2026-10-01T02:05:06.922Z,MON,-0.4364,42.86,0.03175,1355.838011
2026-10-01T02:05:06.922Z,1INCH,0.8952,139,0.10161,1355.838011
2026-10-01T02:05:06.922Z,SKY,4.2285,110.1,0.07791,1355.838011
2026-10-01T02:05:06.922Z,YGG,-1.9576,35.12,0.02642,1355.838011
2026-10-01T02:05:06.922Z,BIO,0.5338,42.01,0.03082,1355.838011
2026-10-01T02:05:06.922Z,MOVE,-5.7625,12.22,0.009564,1355.838011
2026-10-01T02:05:06.922Z,GALA,-4.3797,3,0.002314,1355.838011
2026-10-01T02:05:06.922Z,ZK,1.7564,16.68,0.01209,1355.838011
2026-10-01T02:05:06.922Z,ENS,0.156,9450,6.959,1355.838011
2026-10-01T02:05:06.922Z,INJ,3.6353,10360,7.373,1355.838011
2026-10-01T02:05:06.922Z,KAITO,-8.5521,435.2,0.351,1355.838011
2026-10-01T02:05:06.922Z,LDO,5.1856,646.9,0.4536,1355.838011
2026-10-01T02:05:06.922Z,BLUR,0.2647,28.48,0.02095,1355.838011
2026-10-01T02:05:06.922Z,AUCTION,1.5872,5110,3.71,1355.838011
2026-10-01T02:05:06.922Z,ZETA,3.2344,72.56,0.05184,1355.838011
2026-10-01T02:05:06.922Z,WIF,-0.0459,336.5,0.2483,1355.838011
2026-10-01T02:05:06.922Z,KSM,-3.2931,6750,5.148,1355.838011
2026-10-01T02:05:06.922Z,SNX,-1.4564,339.1,0.2538,1355.838011
2026-10-01T02:10:07.120Z,BTC,0.38,113740000,83571.5,1355.838011
2026-10-01T02:10:07.120Z,XRP,0.4087,2029,1.4904,1355.838011
2026-10-01T02:10:07.120Z,SOL,0.5241,161100,118.2,1355.838011
2026-10-01T02:10:07.120Z,ETH,0.3952,3664000,2691.75,1355.838011
2026-10-01T02:10:07.120Z,FIL,0.2387,1422,1.0463,1355.838011
2026-10-01T02:10:07.120Z,TRX,0.3857,460,0.33797,1355.838011
2026-10-01T02:10:07.120Z,BNB,-0.3802,1038000,768.5,1355.838011
2026-10-01T02:10:07.120Z,WLD,0.2632,733.4,0.5395,1355.838011
2026-10-01T02:10:07.120Z,FLOW,0.5106,42.45,0.03115,1355.838011
2026-10-01T02:10:07.120Z,LINK,0.3131,19490,14.33,1355.838011
2026-10-01T02:10:07.120Z,DOGE,0.2716,129.1,0.09496,1355.838011
2026-10-01T02:10:07.120Z,SUI,-0.2667,1594,1.1788,1355.838011
2026-10-01T02:10:07.120Z,XLM,0.3471,312,0.22932,1355.838011
2026-10-01T02:10:07.120Z,BCH,0.7217,418700,306.6,1355.838011
2026-10-01T02:10:07.120Z,AVAX,-0.0034,14770,10.894,1355.838011
2026-10-01T02:10:07.120Z,ETC,0.1418,12080,8.897,1355.838011
2026-10-01T02:10:07.120Z,AAVE,-0.8496,217000,161.42,1355.838011
2026-10-01T02:10:07.120Z,ADA,0.0388,335.7,0.2475,1355.838011
2026-10-01T02:10:07.120Z,HYPE,0.435,122100,89.665,1355.838011
2026-10-01T02:10:07.120Z,SEI,-0.0834,99.3,0.0733,1355.838011
2026-10-01T02:10:07.120Z,HBAR,0.2662,141.6,0.10416,1355.838011
2026-10-01T02:10:07.120Z,ARB,0.332,275.7,0.20267,1355.838011
2026-10-01T02:10:07.120Z,JTO,0.0449,723.8,0.5336,1355.838011
2026-10-01T02:10:07.120Z,ONDO,0.0858,688,0.507,1355.838011
2026-10-01T02:10:07.120Z,QTUM,1.0039,1360,0.9931,1355.838011
2026-10-01T02:10:07.120Z,PYTH,-0.1011,103.4,0.07634,1355.838011
2026-10-01T02:10:07.120Z,APT,0.6735,1070,0.7839,1355.838011
2026-10-01T02:10:07.120Z,UNI,0.6472,12070,8.845,1355.838011
2026-10-01T02:10:07.120Z,TIA,0.5401,598.7,0.4392,1355.838011
2026-10-01T02:10:07.120Z,ALGO,1.0953,170.5,0.12439,1355.838011
2026-10-01T02:10:07.120Z,NEAR,-0.3024,7075,5.234,1355.838011
2026-10-01T02:10:07.120Z,ZIL,-8.4513,4.363,0.003515,1355.838011
2026-10-01T02:10:07.120Z,SUSHI,1.3517,370.2,0.2694,1355.838011
2026-10-01T02:10:07.120Z,PENDLE,-2.7203,3180,2.411,1355.838011
2026-10-01T02:10:07.120Z,XTZ,2.3168,437.4,0.3153,1355.838011
2026-10-01T02:10:07.120Z,W,-2.5375,17.62,0.013334,1355.838011
2026-10-01T02:10:07.120Z,AR,11.9904,6145,4.047,1355.838011
2026-10-01T02:10:07.120Z,SHIB,0.1027,0.0078,0.000005747,1355.838011
2026-10-01T02:10:07.120Z,CELO,9.8527,150,0.10071,1355.838011
2026-10-01T02:10:07.120Z,STX,-0.023,509,0.3755,1355.838011
2026-10-01T02:10:07.120Z,JUP,0.4402,446.4,0.3278,1355.838011
2026-10-01T02:10:07.120Z,PEPE,-0.4237,0.0058,0.000004296,1355.838011
2026-10-01T02:10:07.120Z,DYDX,2.8448,200,0.14343,1355.838011
2026-10-01T02:10:07.120Z,KITE,-11.153,176.2,0.14627,1355.838011
2026-10-01T02:10:07.120Z,CRV,-5.2012,510.4,0.3971,1355.838011
2026-10-01T02:10:07.120Z,ENJ,-0.8112,39.35,0.02926,1355.838011
2026-10-01T02:10:07.120Z,ATOM,21.5163,2875,1.745,1355.838011
2026-10-01T02:10:07.120Z,ICP,-2.0014,4495,3.383,1355.838011
2026-10-01T02:10:07.120Z,SPACE,-5.2434,6.822,0.00531,1355.838011
2026-10-01T02:10:07.120Z,DOT,0.6434,1675,1.2275,1355.838011
2026-10-01T02:10:07.120Z,ETHFI,4.0537,1100,0.7797,1355.838011
2026-10-01T02:10:07.120Z,CC,11.1883,190.1,0.1261,1355.838011
2026-10-01T02:10:07.120Z,SYRUP,-0.0281,304.3,0.2245,1355.838011
2026-10-01T02:10:07.120Z,TAO,8.2965,442700,301.5,1355.838011
2026-10-01T02:10:07.120Z,GRAM,0.5306,2050,1.504,1355.838011
2026-10-01T02:10:07.120Z,RAY,14.8118,3000,1.9272,1355.838011
2026-10-01T02:10:07.120Z,RENDER,-1.1212,2570,1.917,1355.838011
2026-10-01T02:10:07.120Z,GRASS,5.3918,990.4,0.6931,1355.838011
2026-10-01T02:10:07.120Z,MINA,-1.1327,196.3,0.14644,1355.838011
2026-10-01T02:10:07.120Z,POL,0.3632,152.8,0.11229,1355.838011
2026-10-01T02:10:07.120Z,ENA,3.2974,369.8,0.26404,1355.838011
2026-10-01T02:10:07.120Z,SAND,-0.9761,58.9,0.04387,1355.838011
2026-10-01T02:10:07.120Z,AERO,-0.7472,1102,0.8189,1355.838011
2026-10-01T02:10:07.120Z,KGEN,-4.1453,213.4,0.1642,1355.838011
2026-10-01T02:10:07.120Z,LIT,0.9231,5340,3.9025,1355.838011
2026-10-01T02:10:07.120Z,MANA,1.7938,123.4,0.08941,1355.838011
2026-10-01T02:10:07.120Z,BAND,-0.1197,294,0.2171,1355.838011
2026-10-01T02:10:07.120Z,APE,-0.907,202.7,0.15087,1355.838011
2026-10-01T02:10:07.120Z,GMT,-3.2748,11.34,0.008647,1355.838011
2026-10-01T02:10:07.120Z,VIRTUAL,-4.3182,1039,0.8009,1355.838011
2026-10-01T02:10:07.120Z,LPT,6.7255,2554,1.765,1355.838011
2026-10-01T02:10:07.120Z,DATA,-3.1093,285.2,0.2171,1355.838011
2026-10-01T02:10:07.120Z,THETA,-2.6353,296.1,0.2243,1355.838011
2026-10-01T02:10:07.120Z,GRT,-0.0248,39.54,0.02917,1355.838011
2026-10-01T02:10:07.120Z,LAYER,1.9203,107.8,0.07801,1355.838011
2026-10-01T02:10:07.120Z,NMR,2.0855,15700,11.343,1355.838011
2026-10-01T02:10:07.120Z,EIGEN,-4.0349,321.9,0.2474,1355.838011
2026-10-01T02:10:07.120Z,BAT,0.4515,121.8,0.08943,1355.838011
2026-10-01T02:10:07.120Z,SPK,-2.1739,32.35,0.02439,1355.838011
2026-10-01T02:10:07.120Z,PUMP,-1.7023,7.71,0.005785,1355.838011
2026-10-01T02:10:07.120Z,KMNO,-12.0183,52.01,0.0436,1355.838011
2026-10-01T02:10:07.120Z,CHZ,-2.328,21.44,0.01619,1355.838011
2026-10-01T02:10:07.120Z,PENGU,-1.1134,12.91,0.009629,1355.838011
2026-10-01T02:10:07.120Z,OP,-0.4254,173.7,0.12866,1355.838011
2026-10-01T02:10:07.120Z,UMA,2.3628,570,0.4107,1355.838011
2026-10-01T02:10:07.120Z,ZRO,8.1453,2500,1.705,1355.838011
2026-10-01T02:10:07.120Z,S,20.7195,67.5,0.04124,1355.838011
2026-10-01T02:10:07.120Z,IMX,-0.5584,224.5,0.16651,1355.838011
2026-10-01T02:10:07.120Z,A,0.7077,134.7,0.09865,1355.838011
2026-10-01T02:10:07.120Z,ATH,-7.4441,7.478,0.005959,1355.838011
2026-10-01T02:10:07.120Z,COMP,15.1668,38100,24.4,1355.838011
2026-10-01T02:10:07.120Z,CVX,-4.1014,2828,2.175,1355.838011
2026-10-01T02:10:07.120Z,AXS,0.6972,1575,1.1536,1355.838011
2026-10-01T02:10:07.120Z,WCT,0.8611,57.08,0.04174,1355.838011
2026-10-01T02:10:07.120Z,ME,1.0787,103.1,0.07523,1355.838011
2026-10-01T02:10:07.120Z,ASTER,-2.4166,997.2,0.7537,1355.838011
2026-10-01T02:10:07.120Z,GMX,4.5253,11210,7.91,1355.838011
2026-10-01T02:10:07.120Z,MORPHO,3.6489,3487,2.4813,1355.838011
2026-10-01T02:10:07.120Z,MON,-0.7178,42.86,0.03184,1355.838011
2026-10-01T02:10:07.120Z,1INCH,0.7465,139,0.10176,1355.838011
2026-10-01T02:10:07.120Z,SKY,3.9882,110.1,0.07809,1355.838011
2026-10-01T02:10:07.120Z,YGG,-2.2905,35.12,0.02651,1355.838011
2026-10-01T02:10:07.120Z,BIO,-0.0821,42.01,0.03101,1355.838011
2026-10-01T02:10:07.120Z,MOVE,-6.194,12.22,0.009608,1355.838011
2026-10-01T02:10:07.120Z,GALA,-4.2556,3,0.002311,1355.838011
2026-10-01T02:10:07.120Z,ZK,1.204,16.68,0.012156,1355.838011
2026-10-01T02:10:07.120Z,ENS,-0.2596,9450,6.988,1355.838011
2026-10-01T02:10:07.120Z,INJ,3.4249,10360,7.388,1355.838011
2026-10-01T02:10:07.120Z,KAITO,-9.0186,435.2,0.3528,1355.838011
2026-10-01T02:10:07.120Z,LDO,5.1624,646.9,0.4537,1355.838011
2026-10-01T02:10:07.120Z,BLUR,-0.1167,28.48,0.02103,1355.838011
2026-10-01T02:10:07.120Z,AUCTION,1.4232,5110,3.716,1355.838011
2026-10-01T02:10:07.120Z,ZETA,3.0357,72.56,0.05194,1355.838011
2026-10-01T02:10:07.120Z,WIF,-0.4469,336.5,0.2493,1355.838011
2026-10-01T02:10:07.120Z,KSM,-3.7046,6750,5.17,1355.838011
2026-10-01T02:10:07.120Z,SNX,-1.6115,339.1,0.2542,1355.838011
2026-10-01T02:15:06.963Z,BTC,0.3641,113711000,83563.4,1355.838011
2026-10-01T02:15:06.963Z,XRP,0.4401,2028,1.4892,1355.838011
2026-10-01T02:15:06.963Z,SOL,0.5496,161100,118.17,1355.838011
2026-10-01T02:15:06.963Z,ETH,0.4932,3665000,2689.86,1355.838011
2026-10-01T02:15:06.963Z,FIL,0.4019,1422,1.0446,1355.838011
2026-10-01T02:15:06.963Z,TRX,0.3738,460,0.33801,1355.838011
2026-10-01T02:15:06.963Z,BNB,-0.3153,1038000,768,1355.838011
2026-10-01T02:15:06.963Z,WLD,0.4308,733.4,0.5386,1355.838011
2026-10-01T02:15:06.963Z,FLOW,0.5429,42.45,0.03114,1355.838011
2026-10-01T02:15:06.963Z,LINK,0.3737,19480,14.314,1355.838011
2026-10-01T02:15:06.963Z,DOGE,0.3561,129.1,0.09488,1355.838011
2026-10-01T02:15:06.963Z,SUI,0.7721,1605,1.1747,1355.838011
2026-10-01T02:15:06.963Z,XLM,0.5722,310.9,0.228,1355.838011
2026-10-01T02:15:06.963Z,BCH,0.7546,418700,306.5,1355.838011
2026-10-01T02:15:06.963Z,AVAX,0.0701,14770,10.886,1355.838011
2026-10-01T02:15:06.963Z,ETC,0.2094,12080,8.891,1355.838011
2026-10-01T02:15:06.963Z,AAVE,-0.6588,217000,161.11,1355.838011
2026-10-01T02:15:06.963Z,ADA,0.7867,337.8,0.2472,1355.838011
2026-10-01T02:15:06.963Z,HYPE,0.619,122100,89.501,1355.838011
2026-10-01T02:15:06.963Z,SEI,-0.1924,99.3,0.07338,1355.838011
2026-10-01T02:15:06.963Z,HBAR,0.17,141.6,0.10426,1355.838011
2026-10-01T02:15:06.963Z,ARB,0.4311,275.7,0.20247,1355.838011
2026-10-01T02:15:06.963Z,JTO,0.0824,723.8,0.5334,1355.838011
2026-10-01T02:15:06.963Z,ONDO,0.5021,688,0.5049,1355.838011
2026-10-01T02:15:06.963Z,QTUM,1.0141,1360,0.993,1355.838011
2026-10-01T02:15:06.963Z,PYTH,-0.1142,103.4,0.07635,1355.838011
2026-10-01T02:15:06.963Z,APT,0.9052,1070,0.7821,1355.838011
2026-10-01T02:15:06.963Z,UNI,0.841,12070,8.828,1355.838011
2026-10-01T02:15:06.963Z,TIA,0.7235,598.7,0.4384,1355.838011
2026-10-01T02:15:06.963Z,ALGO,1.1523,170.5,0.12432,1355.838011
2026-10-01T02:15:06.963Z,NEAR,0.1569,7075,5.21,1355.838011
2026-10-01T02:15:06.963Z,ZIL,-8.2686,4.363,0.003508,1355.838011
2026-10-01T02:15:06.963Z,SUSHI,1.5024,370.2,0.269,1355.838011
2026-10-01T02:15:06.963Z,PENDLE,-2.68,3180,2.41,1355.838011
2026-10-01T02:15:06.963Z,XTZ,2.5771,437.4,0.3145,1355.838011
2026-10-01T02:15:06.963Z,W,-2.4277,17.62,0.013319,1355.838011
2026-10-01T02:15:06.963Z,AR,12.0735,6145,4.044,1355.838011
2026-10-01T02:15:06.963Z,SHIB,0.2247,0.0078,0.00000574,1355.838011
2026-10-01T02:15:06.963Z,CELO,10.1151,150,0.10047,1355.838011
2026-10-01T02:15:06.963Z,STX,0.137,509,0.3749,1355.838011
2026-10-01T02:15:06.963Z,JUP,0.5322,446.4,0.3275,1355.838011
2026-10-01T02:15:06.963Z,PEPE,-0.3773,0.0058,0.000004294,1355.838011
2026-10-01T02:15:06.963Z,DYDX,2.9524,200,0.14328,1355.838011
2026-10-01T02:15:06.963Z,KITE,-11.2016,176.2,0.14635,1355.838011
2026-10-01T02:15:06.963Z,CRV,-4.9858,510.4,0.3962,1355.838011
2026-10-01T02:15:06.963Z,ENJ,-0.879,39.35,0.02928,1355.838011
2026-10-01T02:15:06.963Z,ATOM,21.3772,2875,1.747,1355.838011
2026-10-01T02:15:06.963Z,ICP,-1.6525,4495,3.371,1355.838011
2026-10-01T02:15:06.963Z,SPACE,-5.2077,6.822,0.005308,1355.838011
2026-10-01T02:15:06.963Z,DOT,0.6598,1675,1.2273,1355.838011
2026-10-01T02:15:06.963Z,ETHFI,4.0804,1100,0.7795,1355.838011
2026-10-01T02:15:06.963Z,CC,11.1619,190.1,0.12613,1355.838011
2026-10-01T02:15:06.963Z,SYRUP,-0.0726,304.3,0.2246,1355.838011
2026-10-01T02:15:06.963Z,TAO,8.4404,442700,301.1,1355.838011
2026-10-01T02:15:06.963Z,GRAM,0.6644,2050,1.502,1355.838011
2026-10-01T02:15:06.963Z,RAY,14.8536,3000,1.9265,1355.838011
2026-10-01T02:15:06.963Z,RENDER,-0.9144,2570,1.913,1355.838011
2026-10-01T02:15:06.963Z,GRASS,5.3462,990.4,0.6934,1355.838011
2026-10-01T02:15:06.963Z,MINA,-1.3281,196.3,0.14673,1355.838011
2026-10-01T02:15:06.963Z,POL,0.5064,152.8,0.11213,1355.838011
2026-10-01T02:15:06.963Z,ENA,2.9465,369.8,0.26494,1355.838011
2026-10-01T02:15:06.963Z,SAND,-0.8405,58.9,0.04381,1355.838011
2026-10-01T02:15:06.963Z,AERO,-0.3334,1102,0.8155,1355.838011
2026-10-01T02:15:06.963Z,KGEN,-4.1453,213.4,0.1642,1355.838011
2026-10-01T02:15:06.963Z,LIT,1.0759,5340,3.8966,1355.838011
2026-10-01T02:15:06.963Z,MANA,1.942,123.4,0.08928,1355.838011
2026-10-01T02:15:06.963Z,BAND,-0.0737,294,0.217,1355.838011
2026-10-01T02:15:06.963Z,APE,-0.9201,202.7,0.15089,1355.838011
