checkedAt,coin,premium,korbitPrice,foreignPrice,usdKrwRate
2026-09-22T00:00:06.973Z,BTC,-2.4259,117093000,86582.1,1386.016611
2026-09-22T00:00:06.973Z,XRP,-2.3626,2077,1.5348,1386.016611
2026-09-22T00:00:06.973Z,SOL,-2.4207,160700,118.82,1386.016611
2026-09-22T00:00:06.973Z,ETH,-2.3207,3755000,2773.57,1386.016611
2026-09-22T00:00:06.973Z,FIL,-2.4139,1332,0.9848,1386.016611
2026-09-22T00:00:06.973Z,TRX,-2.7835,464.3,0.34458,1386.016611
2026-09-22T00:00:06.973Z,BNB,-2.091,1084000,798.8,1386.016611
2026-09-22T00:00:06.973Z,WLD,-2.2815,619.5,0.4574,1386.016611
2026-09-22T00:00:06.973Z,FLOW,-3.2436,44.55,0.03322,1386.016611
2026-09-22T00:00:06.973Z,LINK,-2.738,17750,13.167,1386.016611
2026-09-22T00:00:06.973Z,DOGE,-2.4132,135,0.09981,1386.016611
2026-09-22T00:00:06.973Z,SUI,-2.4055,1408,1.0409,1386.016611
2026-09-22T00:00:06.973Z,XLM,-2.2774,291.6,0.21529,1386.016611
2026-09-22T00:00:06.973Z,BCH,-2.1334,361900,266.8,1386.016611
2026-09-22T00:00:06.973Z,AVAX,-2.1172,15230,11.226,1386.016611
2026-09-22T00:00:06.973Z,ETC,-2.1499,12050,8.885,1386.016611
2026-09-22T00:00:06.973Z,AAVE,-3.9199,194000,145.68,1386.016611
2026-09-22T00:00:06.973Z,ADA,-2.6133,330.7,0.245,1386.016611
2026-09-22T00:00:06.973Z,HYPE,-2.4834,127000,93.963,1386.016611
2026-09-22T00:00:06.973Z,SEI,-2.1937,80.32,0.05925,1386.016611
2026-09-22T00:00:06.973Z,HBAR,-3.3992,125,0.09336,1386.016611
2026-09-22T00:00:06.973Z,ARB,-0.8845,309.7,0.22544,1386.016611
2026-09-22T00:00:06.973Z,JTO,-2.6726,690,0.5115,1386.016611
2026-09-22T00:00:06.973Z,ONDO,-2.7184,617,0.4576,1386.016611
2026-09-22T00:00:06.973Z,QTUM,-4.5254,1318,0.996,1386.016611
2026-09-22T00:00:06.973Z,PYTH,-2.9342,85.47,0.06353,1386.016611
2026-09-22T00:00:06.973Z,APT,-2.8988,1069,0.7943,1386.016611
2026-09-22T00:00:06.973Z,UNI,-2.7509,12100,8.977,1386.016611
2026-09-22T00:00:06.973Z,TIA,-2.3059,592.4,0.4375,1386.016611
2026-09-22T00:00:06.973Z,ALGO,-2.324,152.1,0.11235,1386.016611
2026-09-22T00:00:06.973Z,NEAR,-1.7917,5800,4.261,1386.016611
2026-09-22T00:00:06.973Z,ZIL,-4.9674,4.78,0.003629,1386.016611
2026-09-22T00:00:06.973Z,SUSHI,-1.1195,350.3,0.2556,1386.016611
2026-09-22T00:00:06.973Z,PENDLE,-2.3948,3401,2.514,1386.016611
2026-09-22T00:00:06.973Z,XTZ,-1.4563,463.7,0.3395,1386.016611
2026-09-22T00:00:06.973Z,W,-2.7872,15.98,0.01186,1386.016611
2026-09-22T00:00:06.973Z,AR,1.0214,6480,4.628,1386.016611
2026-09-22T00:00:06.973Z,SHIB,-3.2596,0.0081,6.041e-06,1386.016611
2026-09-22T00:00:06.973Z,CELO,-3.2733,128.3,0.0957,1386.016611
2026-09-22T00:00:06.973Z,STX,-3.0746,458.1,0.341,1386.016611
2026-09-22T00:00:06.973Z,JUP,-2.5017,402.7,0.298,1386.016611
2026-09-22T00:00:06.973Z,PEPE,-3.1148,0.0064,4.766e-06,1386.016611
2026-09-22T00:00:06.973Z,DYDX,-1.2794,190,0.13886,1386.016611
2026-09-22T00:00:06.973Z,KITE,-0.1141,164.9,0.11911,1386.016611
2026-09-22T00:00:06.973Z,CRV,-1.7576,500,0.3672,1386.016611
2026-09-22T00:00:06.973Z,ENJ,4.2212,40.88,0.0283,1386.016611
2026-09-22T00:00:06.973Z,ATOM,4.0959,2610,1.809,1386.016611
2026-09-22T00:00:06.973Z,ICP,-3.6739,4040,3.026,1386.016611
2026-09-22T00:00:06.973Z,SPACE,-2.0093,6.909,0.005087,1386.016611
2026-09-22T00:00:06.973Z,DOT,-2.4072,1629,1.2043,1386.016611
2026-09-22T00:00:06.973Z,ETHFI,3.6035,1027,0.7152,1386.016611
2026-09-22T00:00:06.973Z,CC,-2.9697,159.5,0.1186,1386.016611
2026-09-22T00:00:06.973Z,SYRUP,-5.0996,304.5,0.2315,1386.016611
2026-09-22T00:00:06.973Z,TAO,-3.9367,425000,319.2,1386.016611
2026-09-22T00:00:06.973Z,GRAM,-1.1436,1984,1.448,1386.016611
2026-09-22T00:00:06.973Z,RAY,-9.543,2257,1.8002,1386.016611
2026-09-22T00:00:06.973Z,RENDER,-9.0912,2360,1.873,1386.016611
2026-09-22T00:00:06.973Z,GRASS,-1.0818,568.7,0.4148,1386.016611
2026-09-22T00:00:06.973Z,MINA,-3.951,170.8,0.1283,1386.016611
2026-09-22T00:00:06.973Z,POL,-1.7874,152.5,0.11203,1386.016611
2026-09-22T00:00:06.973Z,ENA,-4.1455,282,0.21226,1386.016611
2026-09-22T00:00:06.973Z,SAND,-5.0214,55,0.04178,1386.016611
2026-09-22T00:00:06.973Z,AERO,-1.9291,950,0.6989,1386.016611
2026-09-22T00:05:06.979Z,BTC,-2.3099,116987000,86401,1386.016611
2026-09-22T00:05:06.979Z,XRP,-2.4035,2081,1.5384,1386.016611
2026-09-22T00:05:06.979Z,SOL,-2.322,160700,118.7,1386.016611
2026-09-22T00:05:06.979Z,ETH,-2.273,3752000,2770,1386.016611
2026-09-22T00:05:06.979Z,FIL,-2.3445,1332,0.9841,1386.016611
2026-09-22T00:05:06.979Z,TRX,-2.8117,464.3,0.34468,1386.016611
2026-09-22T00:05:06.979Z,BNB,-1.9559,1084000,797.7,1386.016611
2026-09-22T00:05:06.979Z,WLD,-2.6001,619.1,0.4586,1386.016611
2026-09-22T00:05:06.979Z,FLOW,-2.4504,44.78,0.03312,1386.016611
2026-09-22T00:05:06.979Z,LINK,-2.7085,17750,13.163,1386.016611
2026-09-22T00:05:06.979Z,DOGE,-2.1889,135.5,0.09995,1386.016611
2026-09-22T00:05:06.979Z,SUI,-2.3571,1411,1.0426,1386.016611
2026-09-22T00:05:06.979Z,XLM,-2.4298,292.2,0.21607,1386.016611
2026-09-22T00:05:06.979Z,BCH,-2.3895,361900,267.5,1386.016611
2026-09-22T00:05:06.979Z,AVAX,-1.6,15230,11.167,1386.016611
2026-09-22T00:05:06.979Z,ETC,-1.9402,12050,8.866,1386.016611
2026-09-22T00:05:06.979Z,AAVE,-3.9133,194000,145.67,1386.016611
2026-09-22T00:05:06.979Z,ADA,-2.6133,330.7,0.245,1386.016611
2026-09-22T00:05:06.979Z,HYPE,-2.4335,126900,93.841,1386.016611
2026-09-22T00:05:06.979Z,SEI,-1.9818,80.1,0.05896,1386.016611
2026-09-22T00:05:06.979Z,HBAR,-2.9104,125,0.09289,1386.016611
2026-09-22T00:05:06.979Z,ARB,-2.1418,305.5,0.22524,1386.016611
2026-09-22T00:05:06.979Z,JTO,-2.8625,690,0.5125,1386.016611
2026-09-22T00:05:06.979Z,ONDO,-2.0549,617,0.4545,1386.016611
2026-09-22T00:05:06.979Z,QTUM,-4.2177,1318,0.9928,1386.016611
2026-09-22T00:05:06.979Z,PYTH,-2.9647,85.47,0.06355,1386.016611
2026-09-22T00:05:06.979Z,APT,-2.1349,1069,0.7881,1386.016611
2026-09-22T00:05:06.979Z,UNI,-2.8266,12100,8.984,1386.016611
2026-09-22T00:05:06.979Z,TIA,-2.2676,590.6,0.436,1386.016611
2026-09-22T00:05:06.979Z,ALGO,-2.2544,152.1,0.11227,1386.016611
2026-09-22T00:05:06.979Z,NEAR,-2.5465,5800,4.294,1386.016611
2026-09-22T00:05:06.979Z,ZIL,-5.2025,4.78,0.003638,1386.016611
2026-09-22T00:05:06.979Z,SUSHI,-1.0808,350.3,0.2555,1386.016611
2026-09-22T00:05:06.979Z,PENDLE,-2.5885,3401,2.519,1386.016611
2026-09-22T00:05:06.979Z,XTZ,0.0466,463.7,0.3344,1386.016611
2026-09-22T00:05:06.979Z,W,-2.9671,15.98,0.011882,1386.016611
2026-09-22T00:05:06.979Z,AR,1.6805,6480,4.598,1386.016611
2026-09-22T00:05:06.979Z,SHIB,-3.0671,0.0081,6.029e-06,1386.016611
2026-09-22T00:05:06.979Z,CELO,-2.7142,128.3,0.09515,1386.016611
2026-09-22T00:05:06.979Z,STX,-2.7323,458.1,0.3398,1386.016611
2026-09-22T00:05:06.979Z,JUP,-2.4362,402.7,0.2978,1386.016611
2026-09-22T00:05:06.979Z,PEPE,-3.8411,0.0064,4.802e-06,1386.016611
2026-09-22T00:05:06.979Z,DYDX,-1.1726,190,0.13871,1386.016611
2026-09-22T00:05:06.979Z,KITE,0.1044,164.9,0.11885,1386.016611
2026-09-22T00:05:06.979Z,CRV,-1.7309,500,0.3671,1386.016611
2026-09-22T00:05:06.979Z,ENJ,4.5166,40.88,0.02822,1386.016611
2026-09-22T00:05:06.979Z,ATOM,4.1534,2610,1.808,1386.016611
2026-09-22T00:05:06.979Z,ICP,-4.3378,4040,3.047,1386.016611
2026-09-22T00:05:06.979Z,SPACE,-1.99,6.909,0.005086,1386.016611
2026-09-22T00:05:06.979Z,DOT,-1.9758,1629,1.199,1386.016611
2026-09-22T00:05:06.979Z,ETHFI,3.3723,1027,0.7168,1386.016611
2026-09-22T00:05:06.979Z,CC,-2.7647,159.5,0.11835,1386.016611
2026-09-22T00:05:06.979Z,SYRUP,-4.7706,304.5,0.2307,1386.016611
2026-09-22T00:05:06.979Z,TAO,-3.053,427700,318.3,1386.016611
2026-09-22T00:05:06.979Z,GRAM,-2.0868,1961,1.445,1386.016611
2026-09-22T00:05:06.979Z,RAY,-9.1949,2257,1.7933,1386.016611
2026-09-22T00:05:06.979Z,RENDER,-8.6033,2360,1.863,1386.016611
2026-09-22T00:05:06.979Z,GRASS,-1.0341,568.7,0.4146,1386.016611
2026-09-22T00:05:06.979Z,MINA,-3.8686,170.8,0.12819,1386.016611
2026-09-22T00:05:06.979Z,POL,-1.6909,152.5,0.11192,1386.016611
2026-09-22T00:05:06.979Z,ENA,-4.1274,282,0.21222,1386.016611
2026-09-22T00:05:06.979Z,SAND,-4.5875,55,0.04159,1386.016611
2026-09-22T00:05:06.979Z,AERO,-1.8027,950,0.698,1386.016611
2026-09-22T00:10:06.956Z,BTC,-2.5064,116667000,86338.3,1386.016611
2026-09-22T00:10:06.956Z,XRP,-2.6667,2065,1.5307,1386.016611
2026-09-22T00:10:06.956Z,SOL,-2.5109,160200,118.56,1386.016611
2026-09-22T00:10:06.956Z,ETH,-2.3149,3750000,2769.71,1386.016611
2026-09-22T00:10:06.956Z,FIL,-2.4139,1332,0.9848,1386.016611
2026-09-22T00:10:06.956Z,TRX,-2.315,466.7,0.3447,1386.016611
2026-09-22T00:10:06.956Z,BNB,-1.9314,1084000,797.5,1386.016611
2026-09-22T00:10:06.956Z,WLD,-2.1788,621.1,0.4581,1386.016611
2026-09-22T00:10:06.956Z,FLOW,-2.6268,44.78,0.03318,1386.016611
2026-09-22T00:10:06.956Z,LINK,-2.0311,17860,13.153,1386.016611
2026-09-22T00:10:06.956Z,DOGE,-2.6828,134.6,0.09979,1386.016611
2026-09-22T00:10:06.956Z,SUI,-2.6045,1400,1.0371,1386.016611
2026-09-22T00:10:06.956Z,XLM,-2.4359,291.1,0.21527,1386.016611
2026-09-22T00:10:06.956Z,BCH,-1.752,364400,267.6,1386.016611
2026-09-22T00:10:06.956Z,AVAX,-2.2783,15060,11.119,1386.016611
2026-09-22T00:10:06.956Z,ETC,-2.0065,12050,8.872,1386.016611
2026-09-22T00:10:06.956Z,AAVE,-4.0122,194000,145.82,1386.016611
2026-09-22T00:10:06.956Z,ADA,-2.1106,332,0.2447,1386.016611
2026-09-22T00:10:06.956Z,HYPE,-2.4231,126900,93.831,1386.016611
2026-09-22T00:10:06.956Z,SEI,-2.39,79.09,0.05846,1386.016611
2026-09-22T00:10:06.956Z,HBAR,-2.7324,125,0.09272,1386.016611
2026-09-22T00:10:06.956Z,ARB,-1.6089,305.5,0.22402,1386.016611
2026-09-22T00:10:06.956Z,JTO,-3.2589,690,0.5146,1386.016611
2026-09-22T00:10:06.956Z,ONDO,-2.681,614,0.4552,1386.016611
2026-09-22T00:10:06.956Z,QTUM,-4.1211,1318,0.9918,1386.016611
2026-09-22T00:10:06.956Z,PYTH,-2.9952,85.47,0.06357,1386.016611
2026-09-22T00:10:06.956Z,APT,-1.8609,1069,0.7859,1386.016611
2026-09-22T00:10:06.956Z,UNI,-3.3538,12100,9.033,1386.016611
2026-09-22T00:10:06.956Z,TIA,-2.4019,590.6,0.4366,1386.016611
2026-09-22T00:10:06.956Z,ALGO,-1.7732,152.1,0.11172,1386.016611
2026-09-22T00:10:06.956Z,NEAR,-2.9083,5800,4.31,1386.016611
2026-09-22T00:10:06.956Z,ZIL,-5.1765,4.78,0.003637,1386.016611
2026-09-22T00:10:06.956Z,SUSHI,-0.9256,350.3,0.2551,1386.016611
2026-09-22T00:10:06.956Z,PENDLE,-2.6658,3401,2.521,1386.016611
2026-09-22T00:10:06.956Z,XTZ,-0.9897,463.7,0.3379,1386.016611
2026-09-22T00:10:06.956Z,W,-2.6476,15.98,0.011843,1386.016611
2026-09-22T00:10:06.956Z,AR,1.5921,6480,4.602,1386.016611
2026-09-22T00:10:06.956Z,SHIB,-1.7563,0.0082,6.022e-06,1386.016611
2026-09-22T00:10:06.956Z,CELO,-2.9183,128.3,0.09535,1386.016611
2026-09-22T00:10:06.956Z,STX,-2.5028,458.1,0.339,1386.016611
2026-09-22T00:10:06.956Z,JUP,-2.7953,402.7,0.2989,1386.016611
2026-09-22T00:10:06.956Z,PEPE,-2.8444,0.0065,4.827e-06,1386.016611
2026-09-22T00:10:06.956Z,DYDX,-1.0299,190,0.13851,1386.016611
2026-09-22T00:10:06.956Z,KITE,-0.0554,164.9,0.11904,1386.016611
2026-09-22T00:10:06.956Z,CRV,-0.9484,500,0.3642,1386.016611
2026-09-22T00:10:06.956Z,ENJ,4.6279,40.88,0.02819,1386.016611
2026-09-22T00:10:06.956Z,ATOM,16.1758,2900,1.801,1386.016611
2026-09-22T00:10:06.956Z,ICP,-3.9279,4040,3.034,1386.016611
2026-09-22T00:10:06.956Z,SPACE,-1.8498,6.908,0.005078,1386.016611
2026-09-22T00:10:06.956Z,DOT,-0.7481,1645,1.1958,1386.016611
2026-09-22T00:10:06.956Z,ETHFI,3.3146,1027,0.7172,1386.016611
2026-09-22T00:10:06.956Z,CC,-2.6083,159.5,0.11816,1386.016611
2026-09-22T00:10:06.956Z,SYRUP,-4.4392,304.5,0.2299,1386.016611
2026-09-22T00:10:06.956Z,TAO,-3.4776,427700,319.7,1386.016611
2026-09-22T00:10:06.956Z,GRAM,-2.019,1961,1.444,1386.016611
2026-09-22T00:10:06.956Z,RAY,-9.1797,2257,1.793,1386.016611
2026-09-22T00:10:06.956Z,RENDER,-9.0912,2360,1.873,1386.016611
2026-09-22T00:10:06.956Z,GRASS,-1.2009,568.7,0.4153,1386.016611
2026-09-22T00:10:06.956Z,MINA,-4.4129,170.8,0.12892,1386.016611
2026-09-22T00:10:06.956Z,POL,-1.4532,152.5,0.11165,1386.016611
2026-09-22T00:10:06.956Z,ENA,-2.4226,285.5,0.2111,1386.016611
2026-09-22T00:10:06.956Z,SAND,-4.3114,55,0.04147,1386.016611
2026-09-22T00:10:06.956Z,AERO,-1.4497,950,0.6955,1386.016611
2026-09-22T00:15:07.191Z,BTC,-2.6736,116601000,86437.7,1386.016611
2026-09-22T00:15:07.191Z,XRP,-2.6337,2063,1.5287,1386.016611
2026-09-22T00:15:07.191Z,SOL,-2.5931,160200,118.66,1386.016611
2026-09-22T00:15:07.191Z,ETH,-2.6453,3741000,2772.44,1386.016611
2026-09-22T00:15:07.191Z,FIL,-2.6709,1332,0.9874,1386.016611
2026-09-22T00:15:07.191Z,TRX,-2.4202,466.4,0.34485,1386.016611
2026-09-22T00:15:07.191Z,BNB,-2.1032,1084000,798.9,1386.016611
2026-09-22T00:15:07.191Z,WLD,-2.5405,621.1,0.4598,1386.016611
2026-09-22T00:15:07.191Z,FLOW,-2.5975,44.78,0.03317,1386.016611
2026-09-22T00:15:07.191Z,LINK,-2.1576,17860,13.17,1386.016611
2026-09-22T00:15:07.191Z,DOGE,-2.5498,135,0.09995,1386.016611
2026-09-22T00:15:07.191Z,SUI,-2.4653,1402,1.0371,1386.016611
2026-09-22T00:15:07.191Z,XLM,-2.7228,290.5,0.21546,1386.016611
2026-09-22T00:15:07.191Z,BCH,-1.752,364400,267.6,1386.016611
2026-09-22T00:15:07.191Z,AVAX,-2.3486,15060,11.127,1386.016611
2026-09-22T00:15:07.191Z,ETC,-2.0286,12050,8.874,1386.016611
2026-09-22T00:15:07.191Z,AAVE,-4.1108,194000,145.97,1386.016611
2026-09-22T00:15:07.191Z,ADA,-2.1106,332,0.2447,1386.016611
2026-09-22T00:15:07.191Z,HYPE,-2.5063,126900,93.911,1386.016611
2026-09-22T00:15:07.191Z,SEI,-3.0039,79.09,0.05883,1386.016611
2026-09-22T00:15:07.191Z,HBAR,-2.4148,125.3,0.09264,1386.016611
2026-09-22T00:15:07.191Z,ARB,-1.9808,305.5,0.22487,1386.016611
2026-09-22T00:15:07.191Z,JTO,-2.5895,696.8,0.5161,1386.016611
2026-09-22T00:15:07.191Z,ONDO,-3.276,614,0.458,1386.016611
2026-09-22T00:15:07.191Z,QTUM,-4.1888,1318,0.9925,1386.016611
2026-09-22T00:15:07.191Z,PYTH,-2.9952,85.47,0.06357,1386.016611
2026-09-22T00:15:07.191Z,APT,-1.7108,1069,0.7847,1386.016611
2026-09-22T00:15:07.191Z,UNI,-2.7927,12340,9.159,1386.016611
2026-09-22T00:15:07.191Z,TIA,-2.6917,590.6,0.4379,1386.016611
2026-09-22T00:15:07.191Z,ALGO,-1.65,152.1,0.11158,1386.016611
2026-09-22T00:15:07.191Z,NEAR,-2.5011,5800,4.292,1386.016611
2026-09-22T00:15:07.191Z,ZIL,-5.3326,4.78,0.003643,1386.016611
2026-09-22T00:15:07.191Z,SUSHI,-1.1968,350.3,0.2558,1386.016611
2026-09-22T00:15:07.191Z,PENDLE,-3.3559,3401,2.539,1386.016611
2026-09-22T00:15:07.191Z,XTZ,-1.6591,463.7,0.3402,1386.016611
2026-09-22T00:15:07.191Z,W,-2.9671,15.98,0.011882,1386.016611
2026-09-22T00:15:07.191Z,AR,1.548,6480,4.604,1386.016611
2026-09-22T00:15:07.191Z,SHIB,-1.691,0.0082,6.018e-06,1386.016611
2026-09-22T00:15:07.191Z,CELO,-3.1113,128.3,0.09554,1386.016611
2026-09-22T00:15:07.191Z,STX,-2.8753,458.1,0.3403,1386.016611
2026-09-22T00:15:07.191Z,JUP,-2.665,402.7,0.2985,1386.016611
2026-09-22T00:15:07.191Z,PEPE,-3.7221,0.0065,4.871e-06,1386.016611
2026-09-22T00:15:07.191Z,DYDX,-1.1298,190,0.13865,1386.016611
2026-09-22T00:15:07.191Z,KITE,-0.0974,164.9,0.11909,1386.016611
2026-09-22T00:15:07.191Z,CRV,-1.0299,500,0.3645,1386.016611
2026-09-22T00:15:07.191Z,ENJ,4.4056,40.88,0.02825,1386.016611
2026-09-22T00:15:07.191Z,ATOM,15.9184,2900,1.805,1386.016611
2026-09-22T00:15:07.191Z,ICP,-2.6615,4100,3.039,1386.016611
2026-09-22T00:15:07.191Z,SPACE,-1.9463,6.908,0.005083,1386.016611
2026-09-22T00:15:07.191Z,DOT,-0.6983,1645,1.1952,1386.016611
2026-09-22T00:15:07.191Z,ETHFI,2.9843,1027,0.7195,1386.016611
2026-09-22T00:15:07.191Z,CC,-2.9124,159.5,0.11853,1386.016611
2026-09-22T00:15:07.191Z,SYRUP,-4.4392,304.5,0.2299,1386.016611
2026-09-22T00:15:07.191Z,TAO,-3.7485,427700,320.6,1386.016611
2026-09-22T00:15:07.191Z,GRAM,-2.0868,1961,1.445,1386.016611
2026-09-22T00:15:07.191Z,RAY,-9.5982,2257,1.8013,1386.016611
2026-09-22T00:15:07.191Z,RENDER,-9.1882,2360,1.875,1386.016611
2026-09-22T00:15:07.191Z,GRASS,-1.2247,568.7,0.4154,1386.016611
2026-09-22T00:15:07.191Z,MINA,-4.9878,170.8,0.1297,1386.016611
2026-09-22T00:15:07.191Z,POL,-1.6997,152.5,0.11193,1386.016611
2026-09-22T00:15:07.191Z,ENA,-2.4891,285.4,0.21117,1386.016611
2026-09-22T00:15:07.191Z,SAND,-4.6563,55,0.04162,1386.016611
2026-09-22T00:15:07.191Z,AERO,-1.393,950,0.6951,1386.016611
2026-09-22T00:20:06.978Z,BTC,-2.7031,116541000,86419.4,1386.016611
2026-09-22T00:20:06.978Z,XRP,-2.6794,2065,1.5309,1386.016611
2026-09-22T00:20:06.978Z,SOL,-2.6077,160500,118.9,1386.016611
2026-09-22T00:20:06.978Z,ETH,-2.7088,3740000,2773.51,1386.016611
2026-09-22T00:20:06.978Z,FIL,-2.6297,1330,0.9855,1386.016611
2026-09-22T00:20:06.978Z,TRX,-2.5022,466.4,0.34514,1386.016611
2026-09-22T00:20:06.978Z,BNB,-2.1644,1084000,799.4,1386.016611
2026-09-22T00:20:06.978Z,WLD,-2.5643,625,0.4628,1386.016611
2026-09-22T00:20:06.978Z,FLOW,-2.5975,44.78,0.03317,1386.016611
2026-09-22T00:20:06.978Z,LINK,-2.4391,17860,13.208,1386.016611
2026-09-22T00:20:06.978Z,DOGE,-3.4099,135,0.10084,1386.016611
2026-09-22T00:20:06.978Z,SUI,-2.6449,1409,1.0442,1386.016611
2026-09-22T00:20:06.978Z,XLM,-2.819,291.6,0.21649,1386.016611
2026-09-22T00:20:06.978Z,BCH,-1.862,364400,267.9,1386.016611
2026-09-22T00:20:06.978Z,AVAX,-2.6131,15030,11.135,1386.016611
2026-09-22T00:20:06.978Z,ETC,-2.3148,12050,8.9,1386.016611
2026-09-22T00:20:06.978Z,AAVE,-4.0779,194000,145.92,1386.016611
2026-09-22T00:20:06.978Z,ADA,-2.4296,332,0.2455,1386.016611
2026-09-22T00:20:06.978Z,HYPE,-2.64,126900,94.04,1386.016611
2026-09-22T00:20:06.978Z,SEI,-3.2998,79.09,0.05901,1386.016611
2026-09-22T00:20:06.978Z,HBAR,-2.894,124.9,0.0928,1386.016611
2026-09-22T00:20:06.978Z,ARB,-1.9982,305.5,0.22491,1386.016611
2026-09-22T00:20:06.978Z,JTO,-2.5706,696.8,0.516,1386.016611
2026-09-22T00:20:06.978Z,ONDO,-3.2337,614,0.4578,1386.016611
2026-09-22T00:20:06.978Z,QTUM,-4.2948,1318,0.9936,1386.016611
2026-09-22T00:20:06.978Z,PYTH,-3.1172,85.47,0.06365,1386.016611
2026-09-22T00:20:06.978Z,APT,-2.11,1069,0.7879,1386.016611
2026-09-22T00:20:06.978Z,UNI,-2.7554,12400,9.2,1386.016611
2026-09-22T00:20:06.978Z,TIA,-2.4913,590.6,0.437,1386.016611
2026-09-22T00:20:06.978Z,ALGO,-1.2517,152.1,0.11113,1386.016611
2026-09-22T00:20:06.978Z,NEAR,-1.8838,5800,4.265,1386.016611
2026-09-22T00:20:06.978Z,ZIL,-5.5918,4.78,0.003653,1386.016611
2026-09-22T00:20:06.978Z,SUSHI,-1.274,350.3,0.256,1386.016611
2026-09-22T00:20:06.978Z,PENDLE,-3.1652,3401,2.534,1386.016611
2026-09-22T00:20:06.978Z,XTZ,-2.2687,459.2,0.339,1386.016611
2026-09-22T00:20:06.978Z,W,-2.8527,15.98,0.011868,1386.016611
2026-09-22T00:20:06.978Z,AR,1.0869,6480,4.625,1386.016611
2026-09-22T00:20:06.978Z,SHIB,-2.9648,0.0082,6.097e-06,1386.016611
2026-09-22T00:20:06.978Z,CELO,-3.0809,128.3,0.09551,1386.016611
2026-09-22T00:20:06.978Z,STX,-2.7037,458.1,0.3397,1386.016611
2026-09-22T00:20:06.978Z,JUP,-2.9576,402.7,0.2994,1386.016611
2026-09-22T00:20:06.978Z,PEPE,-2.9383,0.0066,4.906e-06,1386.016611
2026-09-22T00:20:06.978Z,DYDX,-0.9942,190,0.13846,1386.016611
2026-09-22T00:20:06.978Z,KITE,-0.7474,164.9,0.11987,1386.016611
2026-09-22T00:20:06.978Z,CRV,-0.9212,500,0.3641,1386.016611
2026-09-22T00:20:06.978Z,ENJ,4.3318,40.88,0.02827,1386.016611
2026-09-22T00:20:06.978Z,ATOM,15.7901,2900,1.807,1386.016611
2026-09-22T00:20:06.978Z,ICP,-2.9489,4100,3.048,1386.016611
2026-09-22T00:20:06.978Z,SPACE,-2.1773,6.908,0.005095,1386.016611
2026-09-22T00:20:06.978Z,DOT,-0.9386,1645,1.1981,1386.016611
2026-09-22T00:20:06.978Z,ETHFI,2.9557,1027,0.7197,1386.016611
2026-09-22T00:20:06.978Z,CC,-3.0759,159.5,0.11873,1386.016611
2026-09-22T00:20:06.978Z,SYRUP,-4.5222,304.5,0.2301,1386.016611
2026-09-22T00:20:06.978Z,TAO,-3.2961,427700,319.1,1386.016611
2026-09-22T00:20:06.978Z,GRAM,-2.1545,1961,1.446,1386.016611
2026-09-22T00:20:06.978Z,RAY,-9.7935,2257,1.8052,1386.016611
2026-09-22T00:20:06.978Z,RENDER,-9.0912,2360,1.873,1386.016611
2026-09-22T00:20:06.978Z,GRASS,-0.2158,568.7,0.4112,1386.016611
2026-09-22T00:20:06.978Z,MINA,-4.6422,170.8,0.12923,1386.016611
2026-09-22T00:20:06.978Z,POL,-1.7348,152.5,0.11197,1386.016611
2026-09-22T00:20:06.978Z,ENA,-2.7856,285.3,0.21174,1386.016611
2026-09-22T00:20:06.978Z,SAND,-4.4726,55,0.04154,1386.016611
2026-09-22T00:20:06.978Z,AERO,-1.7323,950,0.6975,1386.016611
2026-09-22T00:25:06.946Z,BTC,-2.7058,116458000,86360.3,1386.016611
2026-09-22T00:25:06.946Z,XRP,-2.8344,2064,1.5326,1386.016611
2026-09-22T00:25:06.946Z,SOL,-2.6486,160500,118.95,1386.016611
2026-09-22T00:25:06.946Z,ETH,-2.6964,3736000,2770.19,1386.016611
2026-09-22T00:25:06.946Z,FIL,-2.6889,1330,0.9861,1386.016611
2026-09-22T00:25:06.946Z,TRX,-2.5276,466.4,0.34523,1386.016611
2026-09-22T00:25:06.946Z,BNB,-2.0664,1084000,798.6,1386.016611
2026-09-22T00:25:06.946Z,WLD,-3.171,625,0.4657,1386.016611
2026-09-22T00:25:06.946Z,FLOW,-2.4804,44.55,0.03296,1386.016611
2026-09-22T00:25:06.946Z,LINK,-2.3503,17860,13.196,1386.016611
2026-09-22T00:25:06.946Z,DOGE,-2.4294,136.1,0.10064,1386.016611
2026-09-22T00:25:06.946Z,SUI,-2.5605,1419,1.0507,1386.016611
2026-09-22T00:25:06.946Z,XLM,-2.7434,291.8,0.21647,1386.016611
2026-09-22T00:25:06.946Z,BCH,-2.227,364400,268.9,1386.016611
2026-09-22T00:25:06.946Z,AVAX,-2.5081,15030,11.123,1386.016611
2026-09-22T00:25:06.946Z,ETC,-2.1389,12050,8.884,1386.016611
2026-09-22T00:25:06.946Z,AAVE,-4.183,194000,146.08,1386.016611
2026-09-22T00:25:06.946Z,ADA,-2.6103,332.6,0.2464,1386.016611
2026-09-22T00:25:06.946Z,HYPE,-2.7193,127100,94.265,1386.016611
2026-09-22T00:25:06.946Z,SEI,-3.2998,79.09,0.05901,1386.016611
2026-09-22T00:25:06.946Z,HBAR,-2.3877,125.7,0.09291,1386.016611
2026-09-22T00:25:06.946Z,ARB,-1.7974,305.5,0.22445,1386.016611
2026-09-22T00:25:06.946Z,JTO,-2.928,696.8,0.5179,1386.016611
2026-09-22T00:25:06.946Z,ONDO,-2.8258,624.4,0.4636,1386.016611
2026-09-22T00:25:06.946Z,QTUM,-4.1308,1318,0.9919,1386.016611
2026-09-22T00:25:06.946Z,PYTH,-3.4206,85.47,0.06385,1386.016611
2026-09-22T00:25:06.946Z,APT,-2.2217,1069,0.7888,1386.016611
2026-09-22T00:25:06.946Z,UNI,-2.6081,12300,9.112,1386.016611
2026-09-22T00:25:06.946Z,TIA,-2.5581,590.6,0.4373,1386.016611
2026-09-22T00:25:06.946Z,ALGO,-2.8673,149.8,0.11127,1386.016611
2026-09-22T00:25:06.946Z,NEAR,-2.853,5670,4.211,1386.016611
2026-09-22T00:25:06.946Z,ZIL,-5.3326,4.78,0.003643,1386.016611
2026-09-22T00:25:06.946Z,SUSHI,-1.1195,350.3,0.2556,1386.016611
2026-09-22T00:25:06.946Z,PENDLE,-3.1269,3401,2.533,1386.016611
2026-09-22T00:25:06.946Z,XTZ,-1.9505,459.2,0.3379,1386.016611
2026-09-22T00:25:06.946Z,W,-2.8035,15.98,0.011862,1386.016611
2026-09-22T00:25:06.946Z,AR,0.4354,6480,4.655,1386.016611
2026-09-22T00:25:06.946Z,SHIB,-2.917,0.0082,6.094e-06,1386.016611
2026-09-22T00:25:06.946Z,CELO,-3.1113,128.3,0.09554,1386.016611
2026-09-22T00:25:06.946Z,STX,-2.761,458.1,0.3399,1386.016611
2026-09-22T00:25:06.946Z,JUP,-3.0871,402.7,0.2998,1386.016611
2026-09-22T00:25:06.946Z,PEPE,-3.4108,0.0066,4.93e-06,1386.016611
2026-09-22T00:25:06.946Z,DYDX,-1.0513,190,0.13854,1386.016611
2026-09-22T00:25:06.946Z,KITE,-0.5899,164.9,0.11968,1386.016611
2026-09-22T00:25:06.946Z,CRV,-1.1925,500,0.3651,1386.016611
2026-09-22T00:25:06.946Z,ENJ,4.2212,40.88,0.0283,1386.016611
2026-09-22T00:25:06.946Z,ATOM,15.8542,2900,1.806,1386.016611
2026-09-22T00:25:06.946Z,ICP,-3.0125,4100,3.05,1386.016611
2026-09-22T00:25:06.946Z,SPACE,-2.1581,6.908,0.005094,1386.016611
2026-09-22T00:25:06.946Z,DOT,-0.8807,1645,1.1974,1386.016611
2026-09-22T00:25:06.946Z,ETHFI,3.2139,1027,0.7179,1386.016611
2026-09-22T00:25:06.946Z,CC,-3.0432,159.5,0.11869,1386.016611
2026-09-22T00:25:06.946Z,SYRUP,-4.356,304.5,0.2297,1386.016611
2026-09-22T00:25:06.946Z,TAO,-3.8984,427700,321.1,1386.016611
2026-09-22T00:25:06.946Z,GRAM,-2.0868,1961,1.445,1386.016611
2026-09-22T00:25:06.946Z,RAY,-10.2212,2257,1.8138,1386.016611
2026-09-22T00:25:06.946Z,RENDER,-8.8967,2360,1.869,1386.016611
2026-09-22T00:25:06.946Z,GRASS,-0.9864,568.7,0.4144,1386.016611
2026-09-22T00:25:06.946Z,MINA,-4.2644,170.8,0.12872,1386.016611
2026-09-22T00:25:06.946Z,POL,-1.7524,152.5,0.11199,1386.016611
2026-09-22T00:25:06.946Z,ENA,-2.6035,285.2,0.21127,1386.016611
2026-09-22T00:25:06.946Z,SAND,-4.6333,55,0.04161,1386.016611
2026-09-22T00:25:06.946Z,AERO,-2.0412,950,0.6997,1386.016611
2026-09-22T00:30:06.749Z,BTC,-1.9108,116541000,86367.8,1375.642214
2026-09-22T00:30:06.749Z,XRP,-1.93,2066,1.5314,1375.642214
2026-09-22T00:30:06.749Z,SOL,-1.8732,160500,118.9,1375.642214
2026-09-22T00:30:06.749Z,ETH,-1.9162,3737000,2769.62,1375.642214
2026-09-22T00:30:06.749Z,FIL,-1.8954,1330,0.9855,1375.642214
2026-09-22T00:30:06.749Z,TRX,-1.9357,466.3,0.34566,1375.642214
2026-09-22T00:30:06.749Z,BNB,-1.2661,1084000,798.1,1375.642214
2026-09-22T00:30:06.749Z,WLD,-2.0404,627.7,0.4658,1375.642214
2026-09-22T00:30:06.749Z,FLOW,-2.2196,44.55,0.03312,1375.642214
2026-09-22T00:30:06.749Z,LINK,-1.9226,17750,13.156,1375.642214
2026-09-22T00:30:06.749Z,DOGE,-1.8885,136.1,0.10084,1375.642214
2026-09-22T00:30:06.749Z,SUI,-1.9501,1423,1.055,1375.642214
2026-09-22T00:30:06.749Z,XLM,-2.0266,291.4,0.21621,1375.642214
2026-09-22T00:30:06.749Z,BCH,-1.4163,364400,268.7,1375.642214
2026-09-22T00:30:06.749Z,AVAX,-1.8699,15030,11.134,1375.642214
2026-09-22T00:30:06.749Z,ETC,-1.4563,12050,8.889,1375.642214
2026-09-22T00:30:06.749Z,AAVE,-3.5528,194000,146.22,1375.642214
2026-09-22T00:30:06.749Z,ADA,-1.8375,333,0.2466,1375.642214
2026-09-22T00:30:06.749Z,HYPE,-1.6822,127100,93.974,1375.642214
2026-09-22T00:30:06.749Z,SEI,-3.0143,79.09,0.05928,1375.642214
2026-09-22T00:30:06.749Z,HBAR,-1.6833,125.7,0.09294,1375.642214
2026-09-22T00:30:06.749Z,ARB,-1.4344,305.5,0.22531,1375.642214
2026-09-22T00:30:06.749Z,JTO,-1.8739,696.8,0.5162,1375.642214
2026-09-22T00:30:06.749Z,ONDO,-1.3369,624.2,0.4599,1375.642214
2026-09-22T00:30:06.749Z,QTUM,-3.5148,1318,0.993,1375.642214
2026-09-22T00:30:06.749Z,PYTH,-2.9203,85.47,0.064,1375.642214
2026-09-22T00:30:06.749Z,APT,-1.5717,1069,0.7895,1375.642214
2026-09-22T00:30:06.749Z,UNI,-2.277,12400,9.224,1375.642214
2026-09-22T00:30:06.749Z,TIA,-1.8233,590.6,0.4373,1375.642214
2026-09-22T00:30:06.749Z,ALGO,-2.6945,149.8,0.11191,1375.642214
2026-09-22T00:30:06.749Z,NEAR,-2.3915,5755,4.286,1375.642214
2026-09-22T00:30:06.749Z,ZIL,-4.5139,4.78,0.003639,1375.642214
2026-09-22T00:30:06.749Z,SUSHI,-0.6458,350.3,0.2563,1375.642214
2026-09-22T00:30:06.749Z,PENDLE,-2.4349,3401,2.534,1375.642214
2026-09-22T00:30:06.749Z,XTZ,-1.006,459.2,0.3372,1375.642214
2026-09-22T00:30:06.749Z,W,-1.9962,15.98,0.011853,1375.642214
2026-09-22T00:30:06.749Z,AR,1.3017,6480,4.65,1375.642214
2026-09-22T00:30:06.749Z,SHIB,-1.7982,0.0082,6.07e-06,1375.642214
2026-09-22T00:30:06.749Z,CELO,-2.0732,128.3,0.09524,1375.642214
2026-09-22T00:30:06.749Z,STX,-2.5152,458.1,0.3416,1375.642214
2026-09-22T00:30:06.749Z,JUP,-2.5513,402.7,0.3004,1375.642214
2026-09-22T00:30:06.749Z,PEPE,-2.0621,0.0067,4.973e-06,1375.642214
2026-09-22T00:30:06.749Z,DYDX,-0.3339,190,0.13858,1375.642214
2026-09-22T00:30:06.749Z,KITE,0.0762,164.9,0.11978,1375.642214
2026-09-22T00:30:06.749Z,CRV,-0.4474,500,0.3651,1375.642214
2026-09-22T00:30:06.749Z,ENJ,4.859,40.88,0.02834,1375.642214
2026-09-22T00:30:06.749Z,ATOM,16.7279,2900,1.806,1375.642214
2026-09-22T00:30:06.749Z,ICP,-2.1207,4100,3.045,1375.642214
2026-09-22T00:30:06.749Z,SPACE,-1.4589,6.908,0.005096,1375.642214
2026-09-22T00:30:06.749Z,DOT,-0.6146,1645,1.2032,1375.642214
2026-09-22T00:30:06.749Z,ETHFI,3.7466,1027,0.7196,1375.642214
2026-09-22T00:30:06.749Z,CC,-2.632,159.5,0.11908,1375.642214
2026-09-22T00:30:06.749Z,SYRUP,-3.6347,304.5,0.2297,1375.642214
2026-09-22T00:30:06.749Z,TAO,-2.0141,427700,317.3,1375.642214
2026-09-22T00:30:06.749Z,GRAM,-1.4166,1961,1.446,1375.642214
2026-09-22T00:30:06.749Z,RAY,-9.7482,2257,1.8179,1375.642214
2026-09-22T00:30:06.749Z,RENDER,-8.1113,2360,1.867,1375.642214
2026-09-22T00:30:06.749Z,GRASS,-0.3839,568.7,0.415,1375.642214
2026-09-22T00:30:06.749Z,MINA,-3.9305,170.8,0.12924,1375.642214
2026-09-22T00:30:06.749Z,POL,-0.8964,152.5,0.11186,1375.642214
2026-09-22T00:30:06.749Z,ENA,-2.9803,285.2,0.21369,1375.642214
2026-09-22T00:30:06.749Z,SAND,-4.0295,55,0.04166,1375.642214
2026-09-22T00:30:06.749Z,AERO,-0.9912,950,0.6975,1375.642214
2026-09-22T00:35:07.178Z,BTC,-1.9647,116601000,86459.8,1375.642214
2026-09-22T00:35:07.178Z,XRP,-2.0381,2071,1.5368,1375.642214
2026-09-22T00:35:07.178Z,SOL,-1.8384,160800,119.08,1375.642214
2026-09-22T00:35:07.178Z,ETH,-2.0666,3739000,2775.36,1375.642214
2026-09-22T00:35:07.178Z,FIL,-2.3018,1330,0.9896,1375.642214
2026-09-22T00:35:07.178Z,TRX,-1.9584,466.3,0.34574,1375.642214
2026-09-22T00:35:07.178Z,BNB,-1.5129,1084000,800.1,1375.642214
2026-09-22T00:35:07.178Z,WLD,-2.133,636.8,0.473,1375.642214
2026-09-22T00:35:07.178Z,FLOW,-2.0717,44.55,0.03307,1375.642214
2026-09-22T00:35:07.178Z,LINK,-2.1976,17750,13.193,1375.642214
2026-09-22T00:35:07.178Z,DOGE,-1.9995,136,0.10088,1375.642214
2026-09-22T00:35:07.178Z,SUI,-1.939,1438,1.066,1375.642214
2026-09-22T00:35:07.178Z,XLM,-2.1101,292,0.21684,1375.642214
2026-09-22T00:35:07.178Z,BCH,-1.5994,364400,269.2,1375.642214
2026-09-22T00:35:07.178Z,AVAX,-2.081,15030,11.158,1375.642214
2026-09-22T00:35:07.178Z,ETC,-1.8758,12050,8.927,1375.642214
2026-09-22T00:35:07.178Z,AAVE,-3.8291,194000,146.64,1375.642214
2026-09-22T00:35:07.178Z,ADA,-1.8699,333.7,0.2472,1375.642214
2026-09-22T00:35:07.178Z,HYPE,-1.9077,127000,94.116,1375.642214
2026-09-22T00:35:07.178Z,SEI,-1.9924,80.53,0.05973,1375.642214
2026-09-22T00:35:07.178Z,HBAR,-2.178,125.7,0.09341,1375.642214
2026-09-22T00:35:07.178Z,ARB,-2.2759,305.5,0.22725,1375.642214
2026-09-22T00:35:07.178Z,JTO,-1.5421,702,0.5183,1375.642214
2026-09-22T00:35:07.178Z,ONDO,-1.5936,624.2,0.4611,1375.642214
2026-09-22T00:35:07.178Z,QTUM,-3.67,1318,0.9946,1375.642214
2026-09-22T00:35:07.178Z,PYTH,-3.1775,85.47,0.06417,1375.642214
2026-09-22T00:35:07.178Z,APT,-2.3877,1069,0.7961,1375.642214
2026-09-22T00:35:07.178Z,UNI,-3.1485,12400,9.307,1375.642214
2026-09-22T00:35:07.178Z,TIA,-2.3147,590.6,0.4395,1375.642214
2026-09-22T00:35:07.178Z,ALGO,-2.7987,149.8,0.11203,1375.642214
2026-09-22T00:35:07.178Z,NEAR,-2.935,5755,4.31,1375.642214
2026-09-22T00:35:07.178Z,ZIL,-4.8538,4.78,0.003652,1375.642214
2026-09-22T00:35:07.178Z,SUSHI,-1.3005,350.3,0.258,1375.642214
2026-09-22T00:35:07.178Z,PENDLE,-2.242,3401,2.529,1375.642214
2026-09-22T00:35:07.178Z,XTZ,-1.094,459.2,0.3375,1375.642214
2026-09-22T00:35:07.178Z,W,-2.6614,15.98,0.011934,1375.642214
2026-09-22T00:35:07.178Z,AR,1.2799,6480,4.651,1375.642214
2026-09-22T00:35:07.178Z,SHIB,-2.0402,0.0082,0.000006085,1375.642214
2026-09-22T00:35:07.178Z,CELO,-2.0834,128.3,0.09525,1375.642214
2026-09-22T00:35:07.178Z,STX,-2.5152,458.1,0.3416,1375.642214
2026-09-22T00:35:07.178Z,JUP,-2.9068,402.7,0.3015,1375.642214
2026-09-22T00:35:07.178Z,PEPE,-2.6299,0.0067,0.000005002,1375.642214
2026-09-22T00:35:07.178Z,DYDX,-0.4703,190,0.13877,1375.642214
2026-09-22T00:35:07.178Z,KITE,-0.232,164.9,0.12015,1375.642214
2026-09-22T00:35:07.178Z,CRV,-0.8277,500,0.3665,1375.642214
2026-09-22T00:35:07.178Z,ENJ,4.822,40.88,0.02835,1375.642214
2026-09-22T00:35:07.178Z,ATOM,16.47,2900,1.81,1375.642214
2026-09-22T00:35:07.178Z,ICP,-2.2811,4100,3.05,1375.642214
2026-09-22T00:35:07.178Z,SPACE,-1.5941,6.908,0.005103,1375.642214
2026-09-22T00:35:07.178Z,DOT,-1.2221,1645,1.2106,1375.642214
2026-09-22T00:35:07.178Z,ETHFI,3.5308,1027,0.7211,1375.642214
2026-09-22T00:35:07.178Z,CC,-3.1848,159.5,0.11976,1375.642214
2026-09-22T00:35:07.178Z,SYRUP,-3.844,304.5,0.2302,1375.642214
2026-09-22T00:35:07.178Z,TAO,-2.1682,427700,317.8,1375.642214
2026-09-22T00:35:07.178Z,GRAM,-1.824,1961,1.452,1375.642214
2026-09-22T00:35:07.178Z,RAY,-10.6428,2257,1.8361,1375.642214
2026-09-22T00:35:07.178Z,RENDER,-8.3567,2360,1.872,1375.642214
2026-09-22T00:35:07.178Z,GRASS,-0.5516,568.7,0.4157,1375.642214
2026-09-22T00:35:07.178Z,MINA,-3.6696,170.8,0.12889,1375.642214
2026-09-22T00:35:07.178Z,POL,-1.1967,152.5,0.1122,1375.642214
2026-09-22T00:35:07.178Z,ENA,-3.2339,285.2,0.21425,1375.642214
2026-09-22T00:35:07.178Z,SAND,-4.3966,55,0.04182,1375.642214
2026-09-22T00:35:07.178Z,AERO,-1.3589,950,0.7001,1375.642214
2026-09-22T00:40:06.906Z,BTC,-1.918,116381000,86255.6,1375.642214
2026-09-22T00:40:06.906Z,XRP,-1.8467,2066,1.5301,1375.642214
2026-09-22T00:40:06.906Z,SOL,-1.9508,160400,118.92,1375.642214
2026-09-22T00:40:06.906Z,ETH,-1.873,3734000,2766.18,1375.642214
2026-09-22T00:40:06.906Z,FIL,-2.6461,1330,0.9931,1375.642214
2026-09-22T00:40:06.906Z,TRX,-1.8818,466.3,0.34547,1375.642214
2026-09-22T00:40:06.906Z,BNB,-1.2784,1084000,798.2,1375.642214
2026-09-22T00:40:06.906Z,WLD,-1.9295,636.1,0.4715,1375.642214
2026-09-22T00:40:06.906Z,FLOW,-1.9532,44.55,0.03303,1375.642214
2026-09-22T00:40:06.906Z,LINK,-1.8181,17750,13.142,1375.642214
2026-09-22T00:40:06.906Z,DOGE,-2.0824,135.4,0.10052,1375.642214
2026-09-22T00:40:06.906Z,SUI,-1.729,1445,1.0689,1375.642214
2026-09-22T00:40:06.906Z,XLM,-1.8295,291.5,0.21585,1375.642214
2026-09-22T00:40:06.906Z,BCH,-1.3796,364400,268.6,1375.642214
2026-09-22T00:40:06.906Z,AVAX,-2.0722,15030,11.157,1375.642214
2026-09-22T00:40:06.906Z,ETC,-1.9527,12050,8.934,1375.642214
2026-09-22T00:40:06.906Z,AAVE,-3.4736,194000,146.1,1375.642214
2026-09-22T00:40:06.906Z,ADA,-1.5113,333.7,0.2463,1375.642214
2026-09-22T00:40:06.906Z,HYPE,-1.8402,126600,93.755,1375.642214
2026-09-22T00:40:06.906Z,SEI,-2.1253,80.34,0.05967,1375.642214
2026-09-22T00:40:06.906Z,HBAR,-2.5406,125.1,0.09331,1375.642214
2026-09-22T00:40:06.906Z,ARB,-2.3489,305.5,0.22742,1375.642214
2026-09-22T00:40:06.906Z,JTO,-1.0074,702,0.5155,1375.642214
2026-09-22T00:40:06.906Z,ONDO,-1.165,624.2,0.4591,1375.642214
2026-09-22T00:40:06.906Z,QTUM,-3.5537,1318,0.9934,1375.642214
2026-09-22T00:40:06.906Z,PYTH,-2.8748,85.47,0.06397,1375.642214
2026-09-22T00:40:06.906Z,APT,-1.9814,1069,0.7928,1375.642214
2026-09-22T00:40:06.906Z,UNI,-1.8727,12400,9.186,1375.642214
2026-09-22T00:40:06.906Z,TIA,-2.092,590.6,0.4385,1375.642214
2026-09-22T00:40:06.906Z,ALGO,-2.2666,149.8,0.11142,1375.642214
2026-09-22T00:40:06.906Z,NEAR,-2.0397,5800,4.304,1375.642214
2026-09-22T00:40:06.906Z,ZIL,-4.7494,4.78,0.003648,1375.642214
2026-09-22T00:40:06.906Z,SUSHI,-0.9165,350.3,0.257,1375.642214
2026-09-22T00:40:06.906Z,PENDLE,-2.1259,3401,2.526,1375.642214
2026-09-22T00:40:06.906Z,XTZ,-1.3279,459.2,0.3383,1375.642214
2026-09-22T00:40:06.906Z,W,-2.5634,15.98,0.011922,1375.642214
2026-09-22T00:40:06.906Z,AR,2.0478,6480,4.616,1375.642214
2026-09-22T00:40:06.906Z,SHIB,-1.9274,0.0082,0.000006078,1375.642214
2026-09-22T00:40:06.906Z,CELO,-2.2579,128.3,0.09542,1375.642214
2026-09-22T00:40:06.906Z,STX,-2.4009,458.1,0.3412,1375.642214
2026-09-22T00:40:06.906Z,JUP,-2.6485,402.7,0.3007,1375.642214
2026-09-22T00:40:06.906Z,PEPE,-1.9995,0.0068,0.000005044,1375.642214
2026-09-22T00:40:06.906Z,DYDX,-0.6993,190,0.13909,1375.642214
2026-09-22T00:40:06.906Z,KITE,-0.4474,164.9,0.12041,1375.642214
2026-09-22T00:40:06.906Z,CRV,-0.8547,500,0.3666,1375.642214
2026-09-22T00:40:06.906Z,ENJ,4.933,40.88,0.02832,1375.642214
2026-09-22T00:40:06.906Z,ATOM,16.6633,2900,1.807,1375.642214
2026-09-22T00:40:06.906Z,ICP,-2.1528,4100,3.046,1375.642214
2026-09-22T00:40:06.906Z,SPACE,-1.6711,6.908,0.005107,1375.642214
2026-09-22T00:40:06.906Z,DOT,-0.9849,1645,1.2077,1375.642214
2026-09-22T00:40:06.906Z,ETHFI,3.9199,1027,0.7184,1375.642214
2026-09-22T00:40:06.906Z,CC,-3.1039,159.5,0.11966,1375.642214
2026-09-22T00:40:06.906Z,SYRUP,-3.5927,304.5,0.2296,1375.642214
2026-09-22T00:40:06.906Z,TAO,-2.5668,427700,319.1,1375.642214
2026-09-22T00:40:06.906Z,GRAM,-2.1609,1961,1.457,1375.642214
2026-09-22T00:40:06.906Z,RAY,-11.0642,2257,1.8448,1375.642214
2026-09-22T00:40:06.906Z,RENDER,-8.3567,2360,1.872,1375.642214
2026-09-22T00:40:06.906Z,GRASS,-0.5516,568.7,0.4157,1375.642214
2026-09-22T00:40:06.906Z,MINA,-3.2267,170.8,0.1283,1375.642214
2026-09-22T00:40:06.906Z,POL,-1.0821,152.5,0.11207,1375.642214
2026-09-22T00:40:06.906Z,ENA,-3.4997,285.2,0.21484,1375.642214
2026-09-22T00:40:06.906Z,SAND,-4.3051,55,0.04178,1375.642214
2026-09-22T00:40:06.906Z,AERO,-1.0763,950,0.6981,1375.642214
2026-09-22T00:45:06.932Z,BTC,-2.0086,116391000,86342.8,1375.642214
2026-09-22T00:45:06.932Z,XRP,-2.0699,2071,1.5373,1375.642214
2026-09-22T00:45:06.932Z,SOL,-1.9865,160800,119.26,1375.642214
2026-09-22T00:45:06.932Z,ETH,-1.9908,3737000,2771.73,1375.642214
2026-09-22T00:45:06.932Z,FIL,-2.0176,1346,0.9986,1375.642214
2026-09-22T00:45:06.932Z,TRX,-1.9896,466.3,0.34585,1375.642214
2026-09-22T00:45:06.932Z,BNB,-1.402,1084000,799.2,1375.642214
2026-09-22T00:45:06.932Z,WLD,-2.1612,642,0.477,1375.642214
2026-09-22T00:45:06.932Z,FLOW,-2.1901,44.55,0.03311,1375.642214
2026-09-22T00:45:06.932Z,LINK,-2.3407,17720,13.19,1375.642214
2026-09-22T00:45:06.932Z,DOGE,-2.2924,136.4,0.10148,1375.642214
2026-09-22T00:45:06.932Z,SUI,-1.9583,1445,1.0714,1375.642214
2026-09-22T00:45:06.932Z,XLM,-2.2867,291.5,0.21686,1375.642214
2026-09-22T00:45:06.932Z,BCH,-1.7454,364400,269.6,1375.642214
2026-09-22T00:45:06.932Z,AVAX,-2.4133,15030,11.196,1375.642214
2026-09-22T00:45:06.932Z,ETC,-2.2808,12050,8.964,1375.642214
2026-09-22T00:45:06.932Z,AAVE,-3.7109,194000,146.46,1375.642214
2026-09-22T00:45:06.932Z,ADA,-2.1481,334.1,0.2482,1375.642214
2026-09-22T00:45:06.932Z,HYPE,-2.242,126500,94.066,1375.642214
2026-09-22T00:45:06.932Z,SEI,-1.7173,81.04,0.05994,1375.642214
2026-09-22T00:45:06.932Z,HBAR,-2.0615,126.2,0.09367,1375.642214
2026-09-22T00:45:06.932Z,ARB,-2.2415,305.5,0.22717,1375.642214
2026-09-22T00:45:06.932Z,JTO,-1.8091,697.8,0.5166,1375.642214
2026-09-22T00:45:06.932Z,ONDO,-1.7853,624.2,0.462,1375.642214
2026-09-22T00:45:06.932Z,QTUM,-3.7281,1318,0.9952,1375.642214
2026-09-22T00:45:06.932Z,PYTH,-3.6281,85.47,0.06447,1375.642214
2026-09-22T00:45:06.932Z,APT,-1.9937,1069,0.7929,1375.642214
2026-09-22T00:45:06.932Z,UNI,-1.5835,12400,9.159,1375.642214
2026-09-22T00:45:06.932Z,TIA,-2.6028,590.6,0.4408,1375.642214
2026-09-22T00:45:06.932Z,ALGO,-2.6684,149.8,0.11188,1375.642214
2026-09-22T00:45:06.932Z,NEAR,-2.452,5840,4.352,1375.642214
2026-09-22T00:45:06.932Z,ZIL,-4.7494,4.78,0.003648,1375.642214
2026-09-22T00:45:06.932Z,SUSHI,-0.9935,350.3,0.2572,1375.642214
2026-09-22T00:45:06.932Z,PENDLE,-2.3578,3401,2.532,1375.642214
2026-09-22T00:45:06.932Z,XTZ,-2.7975,454.5,0.3399,1375.642214
2026-09-22T00:45:06.932Z,W,-2.7673,15.98,0.011947,1375.642214
2026-09-22T00:45:06.932Z,AR,2.6259,6480,4.59,1375.642214
2026-09-22T00:45:06.932Z,SHIB,-2.3771,0.0082,0.000006106,1375.642214
2026-09-22T00:45:06.932Z,CELO,-2.4929,128.3,0.09565,1375.642214
2026-09-22T00:45:06.932Z,STX,-2.4581,458.1,0.3414,1375.642214
2026-09-22T00:45:06.932Z,JUP,-3.0675,402.7,0.302,1375.642214
2026-09-22T00:45:06.932Z,PEPE,-2.4636,0.0068,0.000005068,1375.642214
2026-09-22T00:45:06.932Z,DYDX,-0.6207,190,0.13898,1375.642214
2026-09-22T00:45:06.932Z,KITE,-1.1534,164.9,0.12127,1375.642214
2026-09-22T00:45:06.932Z,CRV,-1.2319,500,0.368,1375.642214
2026-09-22T00:45:06.932Z,ENJ,4.859,40.88,0.02834,1375.642214
2026-09-22T00:45:06.932Z,ATOM,16.47,2900,1.81,1375.642214
2026-09-22T00:45:06.932Z,ICP,-2.7911,4100,3.066,1375.642214
2026-09-22T00:45:06.932Z,SPACE,-2.0738,6.908,0.005128,1375.642214
2026-09-22T00:45:06.932Z,DOT,-1.4582,1645,1.2135,1375.642214
2026-09-22T00:45:06.932Z,ETHFI,3.3302,1027,0.7225,1375.642214
2026-09-22T00:45:06.932Z,CC,-3.1039,159.5,0.11966,1375.642214
2026-09-22T00:45:06.932Z,SYRUP,-3.6347,304.5,0.2297,1375.642214
2026-09-22T00:45:06.932Z,TAO,-1.6421,427700,316.1,1375.642214
2026-09-22T00:45:06.932Z,GRAM,-2.3619,1961,1.46,1375.642214
2026-09-22T00:45:06.932Z,RAY,-11.5341,2257,1.8546,1375.642214
2026-09-22T00:45:06.932Z,RENDER,-8.3567,2360,1.872,1375.642214
2026-09-22T00:45:06.932Z,GRASS,-1.3349,568.7,0.419,1375.642214
2026-09-22T00:45:06.932Z,MINA,-3.2191,170.8,0.12829,1375.642214
2026-09-22T00:45:06.932Z,POL,-1.4426,152.5,0.11248,1375.642214
2026-09-22T00:45:06.932Z,ENA,-4.0978,285.2,0.21618,1375.642214
2026-09-22T00:45:06.932Z,SAND,-4.8064,55,0.042,1375.642214
2026-09-22T00:45:06.932Z,AERO,-1.4855,950,0.701,1375.642214
2026-09-22T00:50:06.794Z,BTC,-2.0501,116179000,86222,1375.642214
2026-09-22T00:50:06.794Z,XRP,-2.0518,2073,1.5385,1375.642214
2026-09-22T00:50:06.794Z,SOL,-2.0687,160800,119.36,1375.642214
2026-09-22T00:50:06.794Z,ETH,-2.1075,3736000,2774.29,1375.642214
2026-09-22T00:50:06.794Z,FIL,-1.6614,1349,0.9972,1375.642214
2026-09-22T00:50:06.794Z,TRX,-1.9695,466.8,0.34615,1375.642214
2026-09-22T00:50:06.794Z,BNB,-1.3155,1084000,798.5,1375.642214
2026-09-22T00:50:06.794Z,WLD,-1.555,638.8,0.4717,1375.642214
2026-09-22T00:50:06.794Z,FLOW,-2.4846,44.55,0.03321,1375.642214
2026-09-22T00:50:06.794Z,LINK,-2.3851,17720,13.196,1375.642214
2026-09-22T00:50:06.794Z,DOGE,-2.0745,136.3,0.10118,1375.642214
2026-09-22T00:50:06.794Z,SUI,-2.2187,1453,1.0802,1375.642214
2026-09-22T00:50:06.794Z,XLM,-2.0366,292.3,0.2169,1375.642214
2026-09-22T00:50:06.794Z,BCH,-1.7818,364400,269.7,1375.642214
2026-09-22T00:50:06.794Z,AVAX,-2.5352,15030,11.21,1375.642214
2026-09-22T00:50:06.794Z,ETC,-2.2917,12050,8.965,1375.642214
2026-09-22T00:50:06.794Z,AAVE,-3.7372,194000,146.5,1375.642214
2026-09-22T00:50:06.794Z,ADA,-2.1391,334.4,0.2484,1375.642214
2026-09-22T00:50:06.794Z,HYPE,-1.188,127800,94.019,1375.642214
2026-09-22T00:50:06.794Z,SEI,-1.9626,81.04,0.06009,1375.642214
2026-09-22T00:50:06.794Z,HBAR,-1.9569,126.2,0.09357,1375.642214
2026-09-22T00:50:06.794Z,ARB,-2.3103,305.5,0.22733,1375.642214
2026-09-22T00:50:06.794Z,JTO,-1.5041,697.8,0.515,1375.642214
2026-09-22T00:50:06.794Z,ONDO,-1.8277,621.5,0.4602,1375.642214
2026-09-22T00:50:06.794Z,QTUM,-4.0078,1318,0.9981,1375.642214
2026-09-22T00:50:06.794Z,PYTH,-4.0152,85.47,0.06473,1375.642214
2026-09-22T00:50:06.794Z,APT,-2.0308,1069,0.7932,1375.642214
2026-09-22T00:50:06.794Z,UNI,-1.4974,12400,9.151,1375.642214
2026-09-22T00:50:06.794Z,TIA,-2.5807,590.6,0.4407,1375.642214
2026-09-22T00:50:06.794Z,ALGO,-2.7206,149.8,0.11194,1375.642214
2026-09-22T00:50:06.794Z,NEAR,-1.6611,5840,4.317,1375.642214
2026-09-22T00:50:06.794Z,ZIL,-4.8277,4.78,0.003651,1375.642214
2026-09-22T00:50:06.794Z,SUSHI,-1.1089,350.3,0.2575,1375.642214
2026-09-22T00:50:06.794Z,PENDLE,-2.7802,3401,2.543,1375.642214
2026-09-22T00:50:06.794Z,XTZ,-2.8547,454.5,0.3401,1375.642214
2026-09-22T00:50:06.794Z,W,-2.7917,15.98,0.01195,1375.642214
2026-09-22T00:50:06.794Z,AR,1.8713,6480,4.624,1375.642214
2026-09-22T00:50:06.794Z,SHIB,-2.2811,0.0082,6.1e-06,1375.642214
2026-09-22T00:50:06.794Z,CELO,-2.4317,128.3,0.09559,1375.642214
2026-09-22T00:50:06.794Z,STX,-2.4866,458.1,0.3415,1375.642214
2026-09-22T00:50:06.794Z,JUP,-2.9068,402.7,0.3015,1375.642214
2026-09-22T00:50:06.794Z,PEPE,-2.6748,0.0068,5.079e-06,1375.642214
2026-09-22T00:50:06.794Z,DYDX,-0.7778,190,0.1392,1375.642214
2026-09-22T00:50:06.794Z,KITE,-0.9901,164.9,0.12107,1375.642214
2026-09-22T00:50:06.794Z,CRV,-1.4194,500,0.3687,1375.642214
2026-09-22T00:50:06.794Z,ENJ,4.7112,40.88,0.02838,1375.642214
2026-09-22T00:50:06.794Z,ATOM,16.0851,2900,1.816,1375.642214
2026-09-22T00:50:06.794Z,ICP,-2.6323,4100,3.061,1375.642214
2026-09-22T00:50:06.794Z,SPACE,-1.5833,7.013,0.00518,1375.642214
2026-09-22T00:50:06.794Z,DOT,-1.4663,1645,1.2136,1375.642214
2026-09-22T00:50:06.794Z,ETHFI,3.1731,1027,0.7236,1375.642214
2026-09-22T00:50:06.794Z,CC,-3.201,159.5,0.11978,1375.642214
2026-09-22T00:50:06.794Z,SYRUP,-3.6347,304.5,0.2297,1375.642214
2026-09-22T00:50:06.794Z,TAO,-1.5798,427700,315.9,1375.642214
2026-09-22T00:50:06.794Z,GRAM,-2.4287,1961,1.461,1375.642214
2026-09-22T00:50:06.794Z,RAY,-11.1509,2257,1.8466,1375.642214
2026-09-22T00:50:06.794Z,RENDER,-7.914,2360,1.863,1375.642214
2026-09-22T00:50:06.794Z,GRASS,-1.64,568.7,0.4203,1375.642214
2026-09-22T00:50:06.794Z,MINA,-3.3547,170.8,0.12847,1375.642214
2026-09-22T00:50:06.794Z,POL,-1.2671,152.5,0.11228,1375.642214
2026-09-22T00:50:06.794Z,ENA,-3.2968,288.5,0.21687,1375.642214
2026-09-22T00:50:06.794Z,SAND,-4.9196,55,0.04205,1375.642214
2026-09-22T00:50:06.794Z,AERO,-1.9193,950,0.7041,1375.642214
2026-09-22T00:55:06.853Z,BTC,-2.1139,115973000,86125.2,1375.642214
2026-09-22T00:55:06.853Z,XRP,-2.1108,2063,1.532,1375.642214
2026-09-22T00:55:06.853Z,SOL,-2.0908,160400,119.09,1375.642214
2026-09-22T00:55:06.853Z,ETH,-2.1896,3724000,2767.7,1375.642214
2026-09-22T00:55:06.853Z,FIL,-1.8189,1349,0.9988,1375.642214
2026-09-22T00:55:06.853Z,TRX,-2.0189,466.7,0.34625,1375.642214
2026-09-22T00:55:06.853Z,BNB,-1.8052,1077000,797.3,1375.642214
2026-09-22T00:55:06.853Z,WLD,-2.0194,640.1,0.4749,1375.642214
2026-09-22T00:55:06.853Z,FLOW,-2.8065,44.55,0.03332,1375.642214
2026-09-22T00:55:06.853Z,LINK,-2.1479,17720,13.164,1375.642214
2026-09-22T00:55:06.853Z,DOGE,-2.0715,135.9,0.10088,1375.642214
2026-09-22T00:55:06.853Z,SUI,-2.0522,1442,1.0702,1375.642214
2026-09-22T00:55:06.853Z,XLM,-1.7949,291.9,0.21607,1375.642214
2026-09-22T00:55:06.853Z,BCH,-1.3428,364400,268.5,1375.642214
2026-09-22T00:55:06.853Z,AVAX,-0.9702,15240,11.187,1375.642214
2026-09-22T00:55:06.853Z,ETC,-2.1717,12050,8.954,1375.642214
2026-09-22T00:55:06.853Z,AAVE,-3.2617,194000,145.78,1375.642214
2026-09-22T00:55:06.853Z,ADA,-1.6156,334.7,0.2473,1375.642214
2026-09-22T00:55:06.853Z,HYPE,-2.0775,126500,93.908,1375.642214
2026-09-22T00:55:06.853Z,SEI,-1.5859,81.04,0.05986,1375.642214
2026-09-22T00:55:06.853Z,HBAR,-1.5148,126.2,0.09315,1375.642214
2026-09-22T00:55:06.853Z,ARB,-1.5393,305.5,0.22555,1375.642214
2026-09-22T00:55:06.853Z,JTO,-2.5761,695.7,0.5191,1375.642214
2026-09-22T00:55:06.853Z,ONDO,-2.0551,617.5,0.4583,1375.642214
2026-09-22T00:55:06.853Z,QTUM,-3.8537,1318,0.9965,1375.642214
2026-09-22T00:55:06.853Z,PYTH,-4.0893,85.47,0.06478,1375.642214
2026-09-22T00:55:06.853Z,APT,-1.3092,1069,0.7874,1375.642214
2026-09-22T00:55:06.853Z,UNI,-1.4004,12400,9.142,1375.642214
2026-09-22T00:55:06.853Z,TIA,-2.2925,590.6,0.4394,1375.642214
2026-09-22T00:55:06.853Z,ALGO,-2.2227,149.8,0.11137,1375.642214
2026-09-22T00:55:06.853Z,NEAR,-2.8696,5815,4.352,1375.642214
2026-09-22T00:55:06.853Z,ZIL,-5.0358,4.78,0.003659,1375.642214
2026-09-22T00:55:06.853Z,SUSHI,-1.1089,350.3,0.2575,1375.642214
2026-09-22T00:55:06.853Z,PENDLE,-2.2806,3401,2.53,1375.642214
2026-09-22T00:55:06.853Z,XTZ,-2.1353,454.5,0.3376,1375.642214
2026-09-22T00:55:06.853Z,W,-2.6287,15.98,0.01193,1375.642214
2026-09-22T00:55:06.853Z,AR,2.336,6480,4.603,1375.642214
2026-09-22T00:55:06.853Z,SHIB,-2.0563,0.0082,6.086e-06,1375.642214
2026-09-22T00:55:06.853Z,CELO,-2.4011,128.3,0.09556,1375.642214
2026-09-22T00:55:06.853Z,STX,-2.1428,458.1,0.3403,1375.642214
2026-09-22T00:55:06.853Z,JUP,-2.4213,402.7,0.3,1375.642214
2026-09-22T00:55:06.853Z,PEPE,-2.4828,0.0068,5.069e-06,1375.642214
2026-09-22T00:55:06.853Z,DYDX,-0.5778,190,0.13892,1375.642214
2026-09-22T00:55:06.853Z,KITE,-0.7852,164.9,0.12082,1375.642214
2026-09-22T00:55:06.853Z,CRV,-0.9628,500,0.367,1375.642214
2026-09-22T00:55:06.853Z,ENJ,4.7112,40.88,0.02838,1375.642214
2026-09-22T00:55:06.853Z,ATOM,16.2131,2900,1.814,1375.642214
2026-09-22T00:55:06.853Z,ICP,-2.217,4100,3.048,1375.642214
2026-09-22T00:55:06.853Z,SPACE,-1.6403,7.013,0.005183,1375.642214
2026-09-22T00:55:06.853Z,DOT,-1.0341,1645,1.2083,1375.642214
2026-09-22T00:55:06.853Z,ETHFI,3.5021,1027,0.7213,1375.642214
2026-09-22T00:55:06.853Z,CC,-3.0148,159.5,0.11955,1375.642214
2026-09-22T00:55:06.853Z,SYRUP,-3.3823,304.5,0.2291,1375.642214
2026-09-22T00:55:06.853Z,TAO,-2.0141,427700,317.3,1375.642214
2026-09-22T00:55:06.853Z,GRAM,-2.4955,1961,1.462,1375.642214
2026-09-22T00:55:06.853Z,RAY,-11.0449,2257,1.8444,1375.642214
2026-09-22T00:55:06.853Z,RENDER,-7.6662,2360,1.858,1375.642214
2026-09-22T00:55:06.853Z,GRASS,-1.4994,568.7,0.4197,1375.642214
2026-09-22T00:55:06.853Z,MINA,-3.707,170.8,0.12894,1375.642214
2026-09-22T00:55:06.853Z,POL,-0.7455,152.5,0.11169,1375.642214
2026-09-22T00:55:06.853Z,ENA,-2.6007,288.5,0.21532,1375.642214
2026-09-22T00:55:06.853Z,SAND,-4.6929,55,0.04195,1375.642214
2026-09-22T00:55:06.853Z,AERO,-1.9471,950,0.7043,1375.642214
2026-09-22T01:00:07.034Z,BTC,-2.1,115705000,85914,1375.642214
2026-09-22T01:00:07.034Z,XRP,-2.0729,2051,1.5225,1375.642214
2026-09-22T01:00:07.034Z,SOL,-2.1377,159300,118.33,1375.642214
2026-09-22T01:00:07.034Z,ETH,-2.1541,3708000,2754.81,1375.642214
2026-09-22T01:00:07.034Z,FIL,-2.8109,1322,0.9888,1375.642214
2026-09-22T01:00:07.034Z,TRX,-1.9962,466.7,0.34617,1375.642214
2026-09-22T01:00:07.034Z,BNB,-1.4095,1077000,794.1,1375.642214
2026-09-22T01:00:07.034Z,WLD,-2.0724,634.5,0.471,1375.642214
2026-09-22T01:00:07.034Z,FLOW,-1.7747,44.55,0.03297,1375.642214
2026-09-22T01:00:07.034Z,LINK,-1.608,17700,13.077,1375.642214
2026-09-22T01:00:07.034Z,DOGE,-2.3022,133.9,0.09963,1375.642214
2026-09-22T01:00:07.034Z,SUI,-2.2326,1415,1.0521,1375.642214
2026-09-22T01:00:07.034Z,XLM,-2.2182,287.4,0.21366,1375.642214
2026-09-22T01:00:07.034Z,BCH,-0.5651,364400,266.4,1375.642214
2026-09-22T01:00:07.034Z,AVAX,-2.3454,14980,11.151,1375.642214
2026-09-22T01:00:07.034Z,ETC,-1.9524,11930,8.845,1375.642214
2026-09-22T01:00:07.034Z,AAVE,-2.7615,194000,145.03,1375.642214
2026-09-22T01:00:07.034Z,ADA,-2.2267,330.2,0.2455,1375.642214
2026-09-22T01:00:07.034Z,HYPE,-1.5186,126500,93.375,1375.642214
2026-09-22T01:00:07.034Z,SEI,-1.8659,80.04,0.05929,1375.642214
2026-09-22T01:00:07.034Z,HBAR,-1.5873,125.2,0.09248,1375.642214
2026-09-22T01:00:07.034Z,ARB,-1.3513,303.6,0.22372,1375.642214
2026-09-22T01:00:07.034Z,JTO,-1.4146,696.4,0.5135,1375.642214
2026-09-22T01:00:07.034Z,ONDO,-2.3335,605.4,0.4506,1375.642214
2026-09-22T01:00:07.034Z,QTUM,-3.1637,1318,0.9894,1375.642214
2026-09-22T01:00:07.034Z,PYTH,-2.9961,85.47,0.06405,1375.642214
2026-09-22T01:00:07.034Z,APT,-0.2194,1069,0.7788,1375.642214
2026-09-22T01:00:07.034Z,UNI,-0.7927,12400,9.086,1375.642214
2026-09-22T01:00:07.034Z,TIA,-1.3949,590.6,0.4354,1375.642214
2026-09-22T01:00:07.034Z,ALGO,-1.8936,149.4,0.1107,1375.642214
2026-09-22T01:00:07.034Z,NEAR,-2.4969,5785,4.313,1375.642214
2026-09-22T01:00:07.034Z,ZIL,-4.4876,4.78,0.003638,1375.642214
2026-09-22T01:00:07.034Z,SUSHI,-0.1393,350.3,0.255,1375.642214
2026-09-22T01:00:07.034Z,PENDLE,-1.6978,3401,2.515,1375.642214
2026-09-22T01:00:07.034Z,XTZ,-1.6693,454.5,0.336,1375.642214
2026-09-22T01:00:07.034Z,W,-1.872,15.98,0.011838,1375.642214
2026-09-22T01:00:07.034Z,AR,3.8476,6480,4.536,1375.642214
2026-09-22T01:00:07.034Z,SHIB,-2.1413,0.0081,0.000006017,1375.642214
2026-09-22T01:00:07.034Z,CELO,-1.1913,128.3,0.09439,1375.642214
2026-09-22T01:00:07.034Z,STX,-1.2431,458.1,0.3372,1375.642214
2026-09-22T01:00:07.034Z,JUP,-1.8628,401.9,0.2977,1375.642214
2026-09-22T01:00:07.034Z,PEPE,-1.0183,0.0068,0.000004994,1375.642214
2026-09-22T01:00:07.034Z,DYDX,0.0053,190,0.13811,1375.642214
2026-09-22T01:00:07.034Z,KITE,-0.0406,164.9,0.11992,1375.642214
2026-09-22T01:00:07.034Z,CRV,-0.174,500,0.3641,1375.642214
2026-09-22T01:00:07.034Z,ENJ,5.4918,40.88,0.02817,1375.642214
2026-09-22T01:00:07.034Z,ATOM,17.1821,2900,1.799,1375.642214
2026-09-22T01:00:07.034Z,ICP,-1.6304,4084,3.018,1375.642214
2026-09-22T01:00:07.034Z,SPACE,-0.7789,7.013,0.005138,1375.642214
2026-09-22T01:00:07.034Z,DOT,-0.1665,1645,1.1978,1375.642214
2026-09-22T01:00:07.034Z,ETHFI,4.4433,1027,0.7148,1375.642214
2026-09-22T01:00:07.034Z,CC,-2.2544,159.5,0.11862,1375.642214
2026-09-22T01:00:07.034Z,SYRUP,-2.6172,304.5,0.2273,1375.642214
2026-09-22T01:00:07.034Z,TAO,-0.6044,427700,312.8,1375.642214
2026-09-22T01:00:07.034Z,GRAM,-1.6886,1961,1.45,1375.642214
2026-09-22T01:00:07.034Z,RAY,-9.6089,2257,1.8151,1375.642214
2026-09-22T01:00:07.034Z,RENDER,-6.8641,2360,1.842,1375.642214
2026-09-22T01:00:07.034Z,GRASS,-1.2406,568.7,0.4186,1375.642214
2026-09-22T01:00:07.034Z,MINA,-4.3745,170.8,0.12984,1375.642214
2026-09-22T01:00:07.034Z,POL,-0.2633,152.5,0.11115,1375.642214
2026-09-22T01:00:07.034Z,ENA,-1.3777,288.5,0.21265,1375.642214
2026-09-22T01:00:07.034Z,SAND,-3.7985,55,0.04156,1375.642214
2026-09-22T01:00:07.034Z,AERO,-0.8063,950,0.6962,1375.642214
2026-09-22T01:05:06.974Z,BTC,-2.0895,115373000,85658.3,1375.642214
2026-09-22T01:05:06.974Z,XRP,-2.0585,2035,1.5104,1375.642214
2026-09-22T01:05:06.974Z,SOL,-2.0699,158400,117.58,1375.642214
2026-09-22T01:05:06.974Z,ETH,-2.0627,3691000,2739.62,1375.642214
2026-09-22T01:05:06.974Z,FIL,-2.0278,1334,0.9898,1375.642214
2026-09-22T01:05:06.974Z,TRX,-2.0358,466.7,0.34631,1375.642214
2026-09-22T01:05:06.974Z,BNB,-1.875,1068000,791.2,1375.642214
2026-09-22T01:05:06.974Z,WLD,-1.8586,629,0.4659,1375.642214
2026-09-22T01:05:06.974Z,FLOW,-0.6904,44.55,0.03261,1375.642214
2026-09-22T01:05:06.974Z,LINK,-1.4993,17580,12.974,1375.642214
2026-09-22T01:05:06.974Z,DOGE,-2.2722,133,0.09893,1375.642214
2026-09-22T01:05:06.974Z,SUI,-2.2025,1404,1.0436,1375.642214
2026-09-22T01:05:06.974Z,XLM,-1.9225,285.8,0.21183,1375.642214
2026-09-22T01:05:06.974Z,BCH,-1.7732,357000,264.2,1375.642214
2026-09-22T01:05:06.974Z,AVAX,-1.8102,14950,11.068,1375.642214
2026-09-22T01:05:06.974Z,ETC,-2.0051,11840,8.783,1375.642214
2026-09-22T01:05:06.974Z,AAVE,-1.7316,194000,143.51,1375.642214
2026-09-22T01:05:06.974Z,ADA,-1.9714,328.5,0.2436,1375.642214
2026-09-22T01:05:06.974Z,HYPE,-2.1384,125300,93.075,1375.642214
2026-09-22T01:05:06.974Z,SEI,-1.467,80.04,0.05905,1375.642214
2026-09-22T01:05:06.974Z,HBAR,-2.1482,123.8,0.09197,1375.642214
2026-09-22T01:05:06.974Z,ARB,-1.4715,297.7,0.21964,1375.642214
2026-09-22T01:05:06.974Z,JTO,-1.4703,689.5,0.5087,1375.642214
2026-09-22T01:05:06.974Z,ONDO,-2.2259,598.4,0.4449,1375.642214
2026-09-22T01:05:06.974Z,QTUM,-2.6917,1318,0.9846,1375.642214
2026-09-22T01:05:06.974Z,PYTH,-2.0943,85.47,0.06346,1375.642214
2026-09-22T01:05:06.974Z,APT,0.8686,1069,0.7704,1375.642214
2026-09-22T01:05:06.974Z,UNI,0.4007,12400,8.978,1375.642214
2026-09-22T01:05:06.974Z,TIA,-0.8483,590.6,0.433,1375.642214
2026-09-22T01:05:06.974Z,ALGO,-1.9259,149,0.11044,1375.642214
2026-09-22T01:05:06.974Z,NEAR,-2.3687,5755,4.285,1375.642214
2026-09-22T01:05:06.974Z,ZIL,-4.3035,4.78,0.003631,1375.642214
2026-09-22T01:05:06.974Z,SUSHI,1.0094,350.3,0.2521,1375.642214
2026-09-22T01:05:06.974Z,PENDLE,-1.108,3401,2.5,1375.642214
2026-09-22T01:05:06.974Z,XTZ,-1.6107,454.5,0.3358,1375.642214
2026-09-22T01:05:06.974Z,W,-1.0866,15.98,0.011744,1375.642214
2026-09-22T01:05:06.974Z,AR,5.0753,6480,4.483,1375.642214
2026-09-22T01:05:06.974Z,SHIB,-2.3923,0.008,0.000005958,1375.642214
2026-09-22T01:05:06.974Z,CELO,-0.5062,128.3,0.09374,1375.642214
2026-09-22T01:05:06.974Z,STX,-1.2686,453.5,0.3339,1375.642214
2026-09-22T01:05:06.974Z,JUP,-0.3226,401.9,0.2931,1375.642214
2026-09-22T01:05:06.974Z,PEPE,0.3073,0.0068,0.000004928,1375.642214
2026-09-22T01:05:06.974Z,DYDX,1.3333,190,0.1363,1375.642214
2026-09-22T01:05:06.974Z,KITE,1.217,164.9,0.11843,1375.642214
2026-09-22T01:05:06.974Z,CRV,0.8789,500,0.3603,1375.642214
2026-09-22T01:05:06.974Z,ENJ,6.0187,40.88,0.02803,1375.642214
2026-09-22T01:05:06.974Z,ATOM,17.5742,2900,1.793,1375.642214
2026-09-22T01:05:06.974Z,ICP,-0.7424,4084,2.991,1375.642214
2026-09-22T01:05:06.974Z,SPACE,0.0782,7.013,0.005094,1375.642214
2026-09-22T01:05:06.974Z,DOT,-1.9096,1604,1.1887,1375.642214
2026-09-22T01:05:06.974Z,ETHFI,5.4017,1027,0.7083,1375.642214
2026-09-22T01:05:06.974Z,CC,-1.0279,159.5,0.11715,1375.642214
2026-09-22T01:05:06.974Z,SYRUP,-2.1003,304.5,0.2261,1375.642214
2026-09-22T01:05:06.974Z,TAO,0.5528,427700,309.2,1375.642214
2026-09-22T01:05:06.974Z,GRAM,-1.4166,1961,1.446,1375.642214
2026-09-22T01:05:06.974Z,RAY,-8.5815,2257,1.7947,1375.642214
2026-09-22T01:05:06.974Z,RENDER,-5.7383,2360,1.82,1375.642214
2026-09-22T01:05:06.974Z,GRASS,-1.1698,568.7,0.4183,1375.642214
2026-09-22T01:05:06.974Z,MINA,-2.5507,170.8,0.12741,1375.642214
2026-09-22T01:05:06.974Z,POL,0.396,152.5,0.11042,1375.642214
2026-09-22T01:05:06.974Z,ENA,-2.0286,285.1,0.21154,1375.642214
2026-09-22T01:05:06.974Z,SAND,-2.9344,55,0.04119,1375.642214
2026-09-22T01:05:06.974Z,AERO,0.1431,950,0.6896,1375.642214
2026-09-22T01:10:06.971Z,BTC,-2.1462,115598000,85875.1,1375.642214
2026-09-22T01:10:06.971Z,XRP,-2.2559,2043,1.5194,1375.642214
2026-09-22T01:10:06.971Z,SOL,-2.2549,158800,118.1,1375.642214
2026-09-22T01:10:06.971Z,ETH,-2.2042,3705000,2753.99,1375.642214
2026-09-22T01:10:06.971Z,FIL,-2.3816,1341,0.9986,1375.642214
2026-09-22T01:10:06.971Z,TRX,-2.098,466.7,0.34653,1375.642214
2026-09-22T01:10:06.971Z,BNB,-2.1894,1067000,793,1375.642214
2026-09-22T01:10:06.971Z,WLD,-1.9973,636.2,0.4719,1375.642214
2026-09-22T01:10:06.971Z,FLOW,-1.1149,44.55,0.03275,1375.642214
2026-09-22T01:10:06.971Z,LINK,-1.8699,17580,13.023,1375.642214
2026-09-22T01:10:06.971Z,DOGE,-2.3479,134.2,0.0999,1375.642214
2026-09-22T01:10:06.971Z,SUI,-2.2761,1418,1.0548,1375.642214
2026-09-22T01:10:06.971Z,XLM,-2.9076,285.2,0.21353,1375.642214
2026-09-22T01:10:06.971Z,BCH,-2.5112,357000,266.2,1375.642214
2026-09-22T01:10:06.971Z,AVAX,-2.3396,14950,11.128,1375.642214
2026-09-22T01:10:06.971Z,ETC,-2.736,11840,8.849,1375.642214
2026-09-22T01:10:06.971Z,AAVE,-2.4453,194000,144.56,1375.642214
2026-09-22T01:10:06.971Z,ADA,-2.1686,330.8,0.2458,1375.642214
2026-09-22T01:10:06.971Z,HYPE,-1.8572,126200,93.475,1375.642214
2026-09-22T01:10:06.971Z,SEI,-2.7516,80.04,0.05983,1375.642214
2026-09-22T01:10:06.971Z,HBAR,-3.0024,123.8,0.09278,1375.642214
2026-09-22T01:10:06.971Z,ARB,-2.2327,297.7,0.22135,1375.642214
2026-09-22T01:10:06.971Z,JTO,-2.6,689.5,0.5146,1375.642214
2026-09-22T01:10:06.971Z,ONDO,-2.7341,598.1,0.447,1375.642214
2026-09-22T01:10:06.971Z,QTUM,-3.056,1318,0.9883,1375.642214
2026-09-22T01:10:06.971Z,PYTH,-2.7836,85.47,0.06391,1375.642214
2026-09-22T01:10:06.971Z,APT,-0.1553,1069,0.7783,1375.642214
2026-09-22T01:10:06.971Z,UNI,0.1107,12400,9.004,1375.642214
2026-09-22T01:10:06.971Z,TIA,-1.7559,590.6,0.437,1375.642214
2026-09-22T01:10:06.971Z,ALGO,-2.8234,149,0.11146,1375.642214
2026-09-22T01:10:06.971Z,NEAR,-3.1597,5755,4.32,1375.642214
2026-09-22T01:10:06.971Z,ZIL,-4.6449,4.78,0.003644,1375.642214
2026-09-22T01:10:06.971Z,SUSHI,0.3724,350.3,0.2537,1375.642214
2026-09-22T01:10:06.971Z,PENDLE,-1.5804,3401,2.512,1375.642214
2026-09-22T01:10:06.971Z,XTZ,-2.4532,454.5,0.3387,1375.642214
2026-09-22T01:10:06.971Z,W,-1.6893,15.98,0.011816,1375.642214
2026-09-22T01:10:06.971Z,AR,4.6784,6480,4.5,1375.642214
2026-09-22T01:10:06.971Z,SHIB,-2.1575,0.0081,0.000006018,1375.642214
2026-09-22T01:10:06.971Z,CELO,-1.1285,128.3,0.09433,1375.642214
2026-09-22T01:10:06.971Z,STX,-2.4893,449.1,0.3348,1375.642214
2026-09-22T01:10:06.971Z,JUP,-2.4702,397.4,0.2962,1375.642214
2026-09-22T01:10:06.971Z,PEPE,-1.4131,0.0068,0.000005014,1375.642214
2026-09-22T01:10:06.971Z,DYDX,0.376,190,0.1376,1375.642214
2026-09-22T01:10:06.971Z,KITE,0.3779,164.9,0.11942,1375.642214
2026-09-22T01:10:06.971Z,CRV,0.0183,500,0.3634,1375.642214
2026-09-22T01:10:06.971Z,ENJ,5.3795,40.88,0.0282,1375.642214
2026-09-22T01:10:06.971Z,ATOM,16.9221,2900,1.803,1375.642214
2026-09-22T01:10:06.971Z,ICP,-1.636,4077,3.013,1375.642214
2026-09-22T01:10:06.971Z,SPACE,-0.7402,7.013,0.005136,1375.642214
2026-09-22T01:10:06.971Z,DOT,-2.6223,1604,1.1974,1375.642214
2026-09-22T01:10:06.971Z,ETHFI,4.3265,1027,0.7156,1375.642214
2026-09-22T01:10:06.971Z,CC,-1.3479,159.5,0.11753,1375.642214
2026-09-22T01:10:06.971Z,SYRUP,-2.5314,304.5,0.2271,1375.642214
2026-09-22T01:10:06.971Z,TAO,-0.0934,427700,311.2,1375.642214
2026-09-22T01:10:06.971Z,GRAM,-2.0264,1961,1.455,1375.642214
2026-09-22T01:10:06.971Z,RAY,-8.7949,2257,1.7989,1375.642214
2026-09-22T01:10:06.971Z,RENDER,-6.0481,2360,1.826,1375.642214
2026-09-22T01:10:06.971Z,GRASS,-1.8735,568.7,0.4213,1375.642214
2026-09-22T01:10:06.971Z,MINA,-3.3547,170.8,0.12847,1375.642214
2026-09-22T01:10:06.971Z,POL,-0.1555,152.5,0.11103,1375.642214
2026-09-22T01:10:06.971Z,ENA,-2.9189,285.1,0.21348,1375.642214
2026-09-22T01:10:06.971Z,SAND,-3.6362,55,0.04149,1375.642214
2026-09-22T01:10:06.971Z,AERO,-0.4345,950,0.6936,1375.642214
2026-09-22T01:15:07.130Z,BTC,-2.1578,115418000,85751.5,1375.642214
2026-09-22T01:15:07.130Z,XRP,-2.2018,2037,1.5141,1375.642214
2026-09-22T01:15:07.130Z,SOL,-2.0974,158800,117.91,1375.642214
2026-09-22T01:15:07.130Z,ETH,-2.1603,3700000,2749.04,1375.642214
2026-09-22T01:15:07.130Z,FIL,-2.0078,1346,0.9985,1375.642214
2026-09-22T01:15:07.130Z,TRX,-2.1545,466.7,0.34673,1375.642214
2026-09-22T01:15:07.130Z,BNB,-2.1154,1067000,792.4,1375.642214
2026-09-22T01:15:07.130Z,WLD,-1.8656,629.9,0.4666,1375.642214
2026-09-22T01:15:07.130Z,FLOW,-0.8727,44.55,0.03267,1375.642214
2026-09-22T01:15:07.130Z,LINK,-1.9066,17510,12.976,1375.642214
2026-09-22T01:15:07.130Z,DOGE,-1.75,134.4,0.09944,1375.642214
2026-09-22T01:15:07.130Z,SUI,-2.2722,1403,1.0436,1375.642214
2026-09-22T01:15:07.130Z,XLM,-2.1146,285.9,0.21232,1375.642214
2026-09-22T01:15:07.130Z,BCH,-2.0698,357000,265,1375.642214
2026-09-22T01:15:07.130Z,AVAX,-2.0049,14950,11.09,1375.642214
2026-09-22T01:15:07.130Z,ETC,-2.3055,11840,8.81,1375.642214
2026-09-22T01:15:07.130Z,AAVE,-2.1135,194000,144.07,1375.642214
2026-09-22T01:15:07.130Z,ADA,-2.0375,330.3,0.2451,1375.642214
2026-09-22T01:15:07.130Z,HYPE,-1.5993,126200,93.23,1375.642214
2026-09-22T01:15:07.130Z,SEI,-2.4376,79.52,0.05925,1375.642214
2026-09-22T01:15:07.130Z,HBAR,-2.5403,123.8,0.09234,1375.642214
2026-09-22T01:15:07.130Z,ARB,-2.3606,297.7,0.22164,1375.642214
2026-09-22T01:15:07.130Z,JTO,-1.9905,689.5,0.5114,1375.642214
2026-09-22T01:15:07.130Z,ONDO,-2.1133,596.8,0.4432,1375.642214
2026-09-22T01:15:07.130Z,QTUM,-2.9971,1318,0.9877,1375.642214
2026-09-22T01:15:07.130Z,PYTH,-2.7684,85.47,0.0639,1375.642214
2026-09-22T01:15:07.130Z,APT,0.0762,1069,0.7765,1375.642214
2026-09-22T01:15:07.130Z,UNI,0.535,12400,8.966,1375.642214
2026-09-22T01:15:07.130Z,TIA,-1.3949,590.6,0.4354,1375.642214
2026-09-22T01:15:07.130Z,ALGO,-2.64,149,0.11125,1375.642214
2026-09-22T01:15:07.130Z,NEAR,-3.311,5750,4.323,1375.642214
2026-09-22T01:15:07.130Z,ZIL,-4.5663,4.78,0.003641,1375.642214
2026-09-22T01:15:07.130Z,SUSHI,0.5309,350.3,0.2533,1375.642214
2026-09-22T01:15:07.130Z,PENDLE,-1.502,3401,2.51,1375.642214
2026-09-22T01:15:07.130Z,XTZ,-2.0773,454.5,0.3374,1375.642214
2026-09-22T01:15:07.130Z,W,-1.556,15.98,0.0118,1375.642214
2026-09-22T01:15:07.130Z,AR,5.1457,6480,4.48,1375.642214
2026-09-22T01:15:07.130Z,SHIB,-1.5523,0.0081,0.000005981,1375.642214
2026-09-22T01:15:07.130Z,CELO,-0.8552,128.3,0.09407,1375.642214
2026-09-22T01:15:07.130Z,STX,-2.2558,449.1,0.334,1375.642214
2026-09-22T01:15:07.130Z,JUP,-2.0403,397.4,0.2949,1375.642214
2026-09-22T01:15:07.130Z,PEPE,-1.5506,0.0068,0.000005021,1375.642214
2026-09-22T01:15:07.130Z,DYDX,0.72,190,0.13713,1375.642214
2026-09-22T01:15:07.130Z,KITE,-0.3232,164.9,0.12026,1375.642214
2026-09-22T01:15:07.130Z,CRV,0.9069,500,0.3602,1375.642214
2026-09-22T01:15:07.130Z,ENJ,5.5667,40.88,0.02815,1375.642214
2026-09-22T01:15:07.130Z,ATOM,17.117,2900,1.8,1375.642214
2026-09-22T01:15:07.130Z,ICP,-1.1439,4077,2.998,1375.642214
2026-09-22T01:15:07.130Z,SPACE,-0.9331,7.013,0.005146,1375.642214
2026-09-22T01:15:07.130Z,DOT,-2.1811,1604,1.192,1375.642214
2026-09-22T01:15:07.130Z,ETHFI,4.6776,1027,0.7132,1375.642214
2026-09-22T01:15:07.130Z,CC,1.2609,163.3,0.11723,1375.642214
2026-09-22T01:15:07.130Z,SYRUP,-2.1436,304.5,0.2262,1375.642214
2026-09-22T01:15:07.130Z,TAO,0.5854,427700,309.1,1375.642214
2026-09-22T01:15:07.130Z,GRAM,-2.3619,1961,1.46,1375.642214
2026-09-22T01:15:07.130Z,RAY,-8.1567,2257,1.7864,1375.642214
2026-09-22T01:15:07.130Z,RENDER,-5.7901,2360,1.821,1375.642214
2026-09-22T01:15:07.130Z,GRASS,-1.6868,568.7,0.4205,1375.642214
2026-09-22T01:15:07.130Z,MINA,-2.566,170.8,0.12743,1375.642214
2026-09-22T01:15:07.130Z,POL,0.4597,152.5,0.11035,1375.642214
2026-09-22T01:15:07.130Z,ENA,-1.9854,284.7,0.21115,1375.642214
2026-09-22T01:15:07.130Z,SAND,-3.4501,55,0.04141,1375.642214
2026-09-22T01:15:07.130Z,AERO,-0.1032,950,0.6913,1375.642214
2026-09-22T01:20:07.158Z,BTC,-2.239,115058000,85555.1,1375.642214
2026-09-22T01:20:07.158Z,XRP,-2.151,2032,1.5096,1375.642214
2026-09-22T01:20:07.158Z,SOL,-2.2663,157800,117.37,1375.642214
2026-09-22T01:20:07.158Z,ETH,-2.1876,3688000,2740.89,1375.642214
2026-09-22T01:20:07.158Z,FIL,-1.1652,1352,0.9944,1375.642214
2026-09-22T01:20:07.158Z,TRX,-2.2634,466.1,0.34667,1375.642214
2026-09-22T01:20:07.158Z,BNB,-1.9669,1067000,791.2,1375.642214
2026-09-22T01:20:07.158Z,WLD,-2.3666,619.7,0.4614,1375.642214
2026-09-22T01:20:07.158Z,FLOW,-0.5989,44.55,0.03258,1375.642214
2026-09-22T01:20:07.158Z,LINK,-1.8784,17430,12.913,1375.642214
2026-09-22T01:20:07.158Z,DOGE,-2.3567,132.2,0.09842,1375.642214
2026-09-22T01:20:07.158Z,SUI,-2.0704,1390,1.0318,1375.642214
2026-09-22T01:20:07.158Z,XLM,-2.3281,284,0.21137,1375.642214
2026-09-22T01:20:07.158Z,BCH,-1.325,357000,263,1375.642214
2026-09-22T01:20:07.158Z,AVAX,-1.9165,14950,11.08,1375.642214
2026-09-22T01:20:07.158Z,ETC,-1.9828,11840,8.781,1375.642214
2026-09-22T01:20:07.158Z,AAVE,-1.5188,194000,143.2,1375.642214
2026-09-22T01:20:07.158Z,ADA,-2.5391,327,0.2439,1375.642214
2026-09-22T01:20:07.158Z,HYPE,-2.1275,125400,93.139,1375.642214
2026-09-22T01:20:07.158Z,SEI,-1.9743,79.52,0.05897,1375.642214
2026-09-22T01:20:07.158Z,HBAR,-1.8771,123.9,0.09179,1375.642214
2026-09-22T01:20:07.158Z,ARB,-2.5496,297.7,0.22207,1375.642214
2026-09-22T01:20:07.158Z,JTO,-1.5091,689.5,0.5089,1375.642214
2026-09-22T01:20:07.158Z,ONDO,-2.1277,592,0.4397,1375.642214
2026-09-22T01:20:07.158Z,QTUM,-2.8002,1318,0.9857,1375.642214
2026-09-22T01:20:07.158Z,PYTH,-1.9397,85.47,0.06336,1375.642214
2026-09-22T01:20:07.158Z,APT,0.4384,1069,0.7737,1375.642214
2026-09-22T01:20:07.158Z,UNI,0.4902,12400,8.97,1375.642214
2026-09-22T01:20:07.158Z,TIA,-1.2134,590.6,0.4346,1375.642214
2026-09-22T01:20:07.158Z,ALGO,-2.1739,149,0.11072,1375.642214
2026-09-22T01:20:07.158Z,NEAR,-2.464,5795,4.319,1375.642214
2026-09-22T01:20:07.158Z,ZIL,-4.4876,4.78,0.003638,1375.642214
2026-09-22T01:20:07.158Z,SUSHI,0.6899,350.3,0.2529,1375.642214
2026-09-22T01:20:07.158Z,PENDLE,-1.5412,3401,2.511,1375.642214
2026-09-22T01:20:07.158Z,XTZ,-1.9029,454.5,0.3368,1375.642214
2026-09-22T01:20:07.158Z,W,-1.3051,15.98,0.01177,1375.642214
2026-09-22T01:20:07.158Z,AR,4.3075,6480,4.516,1375.642214
2026-09-22T01:20:07.158Z,SHIB,-3.3854,0.0079,0.000005944,1375.642214
2026-09-22T01:20:07.158Z,CELO,-0.6863,128.3,0.09391,1375.642214
2026-09-22T01:20:07.158Z,STX,-1.8738,449.1,0.3327,1375.642214
2026-09-22T01:20:07.158Z,JUP,-1.5394,397.4,0.2934,1375.642214
2026-09-22T01:20:07.158Z,PEPE,-2.766,0.0067,0.000005009,1375.642214
2026-09-22T01:20:07.158Z,DYDX,1.3556,190,0.13627,1375.642214
2026-09-22T01:20:07.158Z,KITE,0.3527,164.9,0.11945,1375.642214
2026-09-22T01:20:07.158Z,CRV,1.5554,500,0.3579,1375.642214
2026-09-22T01:20:07.158Z,ENJ,5.5667,40.88,0.02815,1375.642214
2026-09-22T01:20:07.158Z,ATOM,17.7055,2900,1.791,1375.642214
2026-09-22T01:20:07.158Z,ICP,-0.6135,4077,2.982,1375.642214
2026-09-22T01:20:07.158Z,SPACE,-1.1444,7.013,0.005157,1375.642214
2026-09-22T01:20:07.158Z,DOT,-1.8931,1604,1.1885,1375.642214
2026-09-22T01:20:07.158Z,ETHFI,5.0015,1027,0.711,1375.642214
2026-09-22T01:20:07.158Z,CC,-0.8417,159.5,0.11693,1375.642214
2026-09-22T01:20:07.158Z,SYRUP,-1.7091,304.5,0.2252,1375.642214
2026-09-22T01:20:07.158Z,TAO,0.9446,427700,308,1375.642214
2026-09-22T01:20:07.158Z,GRAM,-1.6886,1961,1.45,1375.642214
2026-09-22T01:20:07.158Z,RAY,-7.93,2257,1.782,1375.642214
2026-09-22T01:20:07.158Z,RENDER,-5.5827,2360,1.817,1375.642214
2026-09-22T01:20:07.158Z,GRASS,0.831,568.7,0.41,1375.642214
2026-09-22T01:20:07.158Z,MINA,-2.5354,170.8,0.12739,1375.642214
2026-09-22T01:20:07.158Z,POL,0.8069,152.5,0.10997,1375.642214
2026-09-22T01:20:07.158Z,ENA,-1.7201,284.7,0.21058,1375.642214
2026-09-22T01:20:07.158Z,SAND,-3.2866,55,0.04134,1375.642214
2026-09-22T01:20:07.158Z,AERO,0.5806,950,0.6866,1375.642214
2026-09-22T01:25:06.971Z,BTC,-2.2069,115230000,85654.8,1375.642214
2026-09-22T01:25:06.971Z,XRP,-2.295,2036,1.5148,1375.642214
2026-09-22T01:25:06.971Z,SOL,-2.1864,158400,117.72,1375.642214
2026-09-22T01:25:06.971Z,ETH,-2.2199,3695000,2747,1375.642214
2026-09-22T01:25:06.971Z,FIL,-1.5611,1352,0.9984,1375.642214
2026-09-22T01:25:06.971Z,TRX,-2.2706,466.2,0.34677,1375.642214
2026-09-22T01:25:06.971Z,BNB,-2.2264,1067000,793.3,1375.642214
2026-09-22T01:25:06.971Z,WLD,-1.6225,627.4,0.4636,1375.642214
2026-09-22T01:25:06.971Z,FLOW,-1.1149,44.55,0.03275,1375.642214
2026-09-22T01:25:06.971Z,LINK,-1.9431,17490,12.966,1375.642214
2026-09-22T01:25:06.971Z,DOGE,-2.2382,133.1,0.09897,1375.642214
2026-09-22T01:25:06.971Z,SUI,-2.1786,1396,1.0374,1375.642214
2026-09-22T01:25:06.971Z,XLM,-2.1074,285.8,0.21223,1375.642214
2026-09-22T01:25:06.971Z,BCH,-1.8846,357000,264.5,1375.642214
2026-09-22T01:25:06.971Z,AVAX,-2.4615,14930,11.127,1375.642214
2026-09-22T01:25:06.971Z,ETC,-2.4162,11840,8.82,1375.642214
2026-09-22T01:25:06.971Z,AAVE,-2.2153,194000,144.22,1375.642214
2026-09-22T01:25:06.971Z,ADA,-2.2767,330.3,0.2457,1375.642214
2026-09-22T01:25:06.971Z,HYPE,-2.5211,125400,93.515,1375.642214
2026-09-22T01:25:06.971Z,SEI,-2.6348,79.52,0.05937,1375.642214
2026-09-22T01:25:06.971Z,HBAR,-2.2922,123.9,0.09218,1375.642214
2026-09-22T01:25:06.971Z,ARB,-2.5847,297.7,0.22215,1375.642214
2026-09-22T01:25:06.971Z,JTO,-2.5053,689.5,0.5141,1375.642214
2026-09-22T01:25:06.971Z,ONDO,-2.7577,591.4,0.4421,1375.642214
2026-09-22T01:25:06.971Z,QTUM,-3.437,1318,0.9922,1375.642214
2026-09-22T01:25:06.971Z,PYTH,-2.4478,85.47,0.06369,1375.642214
2026-09-22T01:25:06.971Z,APT,0.2828,1069,0.7749,1375.642214
2026-09-22T01:25:06.971Z,UNI,-2.2088,12110,9.002,1375.642214
2026-09-22T01:25:06.971Z,TIA,-2.0026,590.6,0.4381,1375.642214
2026-09-22T01:25:06.971Z,ALGO,-2.7187,149,0.11134,1375.642214
2026-09-22T01:25:06.971Z,NEAR,-2.8266,5855,4.38,1375.642214
2026-09-22T01:25:06.971Z,ZIL,-4.8538,4.78,0.003652,1375.642214
2026-09-22T01:25:06.971Z,SUSHI,0.2933,350.3,0.2539,1375.642214
2026-09-22T01:25:06.971Z,PENDLE,-1.502,3401,2.51,1375.642214
2026-09-22T01:25:06.971Z,XTZ,-2.2801,454.5,0.3381,1375.642214
2026-09-22T01:25:06.971Z,W,-2.12,15.98,0.011868,1375.642214
2026-09-22T01:25:06.971Z,AR,4.7715,6480,4.496,1375.642214
2026-09-22T01:25:06.971Z,SHIB,-1.5358,0.0081,0.00000598,1375.642214
2026-09-22T01:25:06.971Z,CELO,-1.2122,128.3,0.09441,1375.642214
2026-09-22T01:25:06.971Z,STX,-2.1679,449.1,0.3337,1375.642214
2026-09-22T01:25:06.971Z,JUP,-2.0403,397.4,0.2949,1375.642214
2026-09-22T01:25:06.971Z,PEPE,-3.3065,0.0067,0.000005037,1375.642214
2026-09-22T01:25:06.971Z,DYDX,0.5147,190,0.13741,1375.642214
2026-09-22T01:25:06.971Z,KITE,0.2604,164.9,0.11956,1375.642214
2026-09-22T01:25:06.971Z,CRV,0.7391,500,0.3608,1375.642214
2026-09-22T01:25:06.971Z,ENJ,4.785,40.88,0.02836,1375.642214
2026-09-22T01:25:06.971Z,ATOM,17.052,2900,1.801,1375.642214
2026-09-22T01:25:06.971Z,ICP,-1.0779,4077,2.996,1375.642214
2026-09-22T01:25:06.971Z,SPACE,-1.3739,7.013,0.005169,1375.642214
2026-09-22T01:25:06.971Z,DOT,-2.6954,1604,1.1983,1375.642214
2026-09-22T01:25:06.971Z,ETHFI,4.3557,1027,0.7154,1375.642214
2026-09-22T01:25:06.971Z,CC,-1.1966,159.5,0.11735,1375.642214
2026-09-22T01:25:06.971Z,SYRUP,-1.9268,304.5,0.2257,1375.642214
2026-09-22T01:25:06.971Z,TAO,0.4229,427700,309.6,1375.642214
2026-09-22T01:25:06.971Z,GRAM,-1.8915,1961,1.453,1375.642214
2026-09-22T01:25:06.971Z,RAY,-8.1876,2257,1.787,1375.642214
2026-09-22T01:25:06.971Z,RENDER,-6.3046,2360,1.831,1375.642214
2026-09-22T01:25:06.971Z,GRASS,1.0528,568.7,0.4091,1375.642214
2026-09-22T01:25:06.971Z,MINA,-2.7948,170.8,0.12773,1375.642214
2026-09-22T01:25:06.971Z,POL,0.3234,152.5,0.1105,1375.642214
2026-09-22T01:25:06.971Z,ENA,-2.8823,284.7,0.2131,1375.642214
2026-09-22T01:25:06.971Z,SAND,-3.8217,55,0.04157,1375.642214
2026-09-22T01:25:06.971Z,AERO,0.2594,950,0.6888,1375.642214
2026-09-22T01:30:06.566Z,BTC,-2.2868,115267000,85752.4,1375.642214
2026-09-22T01:30:06.566Z,XRP,-2.2707,2040,1.5174,1375.642214
2026-09-22T01:30:06.566Z,SOL,-2.274,158500,117.9,1375.642214
2026-09-22T01:30:06.566Z,ETH,-2.3752,3695000,2751.37,1375.642214
2026-09-22T01:30:06.566Z,FIL,-1.9637,1352,1.0025,1375.642214
2026-09-22T01:30:06.566Z,TRX,-2.3016,466.2,0.34688,1375.642214
2026-09-22T01:30:06.566Z,BNB,-2.3741,1067000,794.5,1375.642214
2026-09-22T01:30:06.566Z,WLD,-2.1922,627.4,0.4663,1375.642214
2026-09-22T01:30:06.566Z,FLOW,-1.0545,44.55,0.03273,1375.642214
2026-09-22T01:30:06.566Z,LINK,-2.0607,17500,12.989,1375.642214
2026-09-22T01:30:06.566Z,DOGE,-2.4471,133.5,0.09948,1375.642214
2026-09-22T01:30:06.566Z,SUI,-2.3094,1394,1.0373,1375.642214
2026-09-22T01:30:06.566Z,XLM,-2.3007,285.8,0.21265,1375.642214
2026-09-22T01:30:06.566Z,BCH,-2.2173,357000,265.4,1375.642214
2026-09-22T01:30:06.566Z,AVAX,-2.3122,14930,11.11,1375.642214
2026-09-22T01:30:06.566Z,ETC,-2.5819,11840,8.835,1375.642214
2026-09-22T01:30:06.566Z,AAVE,-2.3778,194000,144.46,1375.642214
2026-09-22T01:30:06.566Z,ADA,-2.4745,329.9,0.2459,1375.642214
2026-09-22T01:30:06.566Z,HYPE,-2.8193,125400,93.802,1375.642214
2026-09-22T01:30:06.566Z,SEI,-2.5527,79.52,0.05932,1375.642214
2026-09-22T01:30:06.566Z,HBAR,-1.8979,124.4,0.09218,1375.642214
2026-09-22T01:30:06.566Z,ARB,-2.131,297.7,0.22112,1375.642214
2026-09-22T01:30:06.566Z,JTO,-2.9207,689.5,0.5163,1375.642214
2026-09-22T01:30:06.566Z,ONDO,-2.5219,592.7,0.442,1375.642214
2026-09-22T01:30:06.566Z,QTUM,-2.6847,1328,0.992,1375.642214
2026-09-22T01:30:06.566Z,PYTH,-2.4631,85.47,0.0637,1375.642214
2026-09-22T01:30:06.566Z,APT,-0.1937,1069,0.7786,1375.642214
2026-09-22T01:30:06.566Z,UNI,-2.706,12110,9.048,1375.642214
2026-09-22T01:30:06.566Z,TIA,-2.1589,590.6,0.4388,1375.642214
2026-09-22T01:30:06.566Z,ALGO,-3.0842,149,0.11176,1375.642214
2026-09-22T01:30:06.566Z,NEAR,-2.0192,5905,4.381,1375.642214
2026-09-22T01:30:06.566Z,ZIL,-4.7755,4.78,0.003649,1375.642214
2026-09-22T01:30:06.566Z,SUSHI,0.1355,350.3,0.2543,1375.642214
2026-09-22T01:30:06.566Z,PENDLE,-1.9318,3401,2.521,1375.642214
2026-09-22T01:30:06.566Z,XTZ,-2.3955,454.5,0.3385,1375.642214
2026-09-22T01:30:06.566Z,W,-2.186,15.98,0.011876,1375.642214
2026-09-22T01:30:06.566Z,AR,3.9163,6480,4.533,1375.642214
2026-09-22T01:30:06.566Z,SHIB,-1.9294,0.0081,0.000006004,1375.642214
2026-09-22T01:30:06.566Z,CELO,-1.5252,128.3,0.09471,1375.642214
2026-09-22T01:30:06.566Z,STX,-2.7218,449.1,0.3356,1375.642214
2026-09-22T01:30:06.566Z,JUP,-2.2722,397.4,0.2956,1375.642214
2026-09-22T01:30:06.566Z,PEPE,-2.4828,0.0068,0.000005069,1375.642214
2026-09-22T01:30:06.566Z,DYDX,0.544,190,0.13737,1375.642214
2026-09-22T01:30:06.566Z,KITE,0.2436,164.9,0.11958,1375.642214
2026-09-22T01:30:06.566Z,CRV,0.2943,500,0.3624,1375.642214
2026-09-22T01:30:06.566Z,ENJ,4.859,40.88,0.02834,1375.642214
2026-09-22T01:30:06.566Z,ATOM,16.9221,2900,1.803,1375.642214
2026-09-22T01:30:06.566Z,ICP,-1.3085,4077,3.003,1375.642214
2026-09-22T01:30:06.566Z,SPACE,-1.8108,7.013,0.005192,1375.642214
2026-09-22T01:30:06.566Z,DOT,-2.7279,1604,1.1987,1375.642214
2026-09-22T01:30:06.566Z,ETHFI,3.8765,1027,0.7187,1375.642214
2026-09-22T01:30:06.566Z,CC,0.515,163.3,0.1181,1375.642214
2026-09-22T01:30:06.566Z,SYRUP,-2.1003,304.5,0.2261,1375.642214
2026-09-22T01:30:06.566Z,TAO,-0.7631,427700,313.3,1375.642214
2026-09-22T01:30:06.566Z,GRAM,-1.959,1961,1.454,1375.642214
2026-09-22T01:30:06.566Z,RAY,-8.7036,2257,1.7971,1375.642214
2026-09-22T01:30:06.566Z,RENDER,-6.8136,2360,1.841,1375.642214
2026-09-22T01:30:06.566Z,GRASS,0.3171,568.7,0.4121,1375.642214
2026-09-22T01:30:06.566Z,MINA,-3.6023,170.8,0.1288,1375.642214
2026-09-22T01:30:06.566Z,POL,0.3415,152.5,0.11048,1375.642214
2026-09-22T01:30:06.566Z,ENA,-3.7718,284.7,0.21507,1375.642214
2026-09-22T01:30:06.566Z,SAND,-3.9372,55,0.04162,1375.642214
2026-09-22T01:30:06.566Z,AERO,0.114,950,0.6898,1375.642214
2026-09-22T01:35:07.117Z,BTC,-2.2,115388000,85766.2,1375.642214
2026-09-22T01:35:07.117Z,XRP,-2.1233,2042,1.5166,1375.642214
2026-09-22T01:35:07.117Z,SOL,-2.1555,158800,117.98,1375.642214
2026-09-22T01:35:07.117Z,ETH,-2.1612,3701000,2749.81,1375.642214
2026-09-22T01:35:07.117Z,FIL,-1.4992,1358,1.0022,1375.642214
2026-09-22T01:35:07.117Z,TRX,-2.4225,466.2,0.34731,1375.642214
2026-09-22T01:35:07.117Z,BNB,-2.3987,1067000,794.7,1375.642214
2026-09-22T01:35:07.117Z,WLD,-2.0923,630.6,0.4682,1375.642214
2026-09-22T01:35:07.117Z,FLOW,-0.9637,44.55,0.0327,1375.642214
2026-09-22T01:35:07.117Z,LINK,-2.3131,17510,13.03,1375.642214
2026-09-22T01:35:07.117Z,DOGE,-2.1745,133.9,0.0995,1375.642214
2026-09-22T01:35:07.117Z,SUI,-2.1409,1396,1.037,1375.642214
2026-09-22T01:35:07.117Z,XLM,-2.4929,285.6,0.21292,1375.642214
2026-09-22T01:35:07.117Z,BCH,-2.291,357000,265.6,1375.642214
2026-09-22T01:35:07.117Z,AVAX,-2.1373,14950,11.105,1375.642214
2026-09-22T01:35:07.117Z,ETC,-2.791,11840,8.854,1375.642214
2026-09-22T01:35:07.117Z,AAVE,-2.6272,194000,144.83,1375.642214
2026-09-22T01:35:07.117Z,ADA,-2.5141,329.9,0.246,1375.642214
2026-09-22T01:35:07.117Z,HYPE,-2.839,125400,93.821,1375.642214
2026-09-22T01:35:07.117Z,SEI,-2.2835,79.78,0.05935,1375.642214
2026-09-22T01:35:07.117Z,HBAR,-2.0891,124.4,0.09236,1375.642214
2026-09-22T01:35:07.117Z,ARB,-2.2503,297.7,0.22139,1375.642214
2026-09-22T01:35:07.117Z,JTO,-2.8643,689.5,0.516,1375.642214
2026-09-22T01:35:07.117Z,ONDO,-2.3673,592.7,0.4413,1375.642214
2026-09-22T01:35:07.117Z,QTUM,-2.5865,1328,0.991,1375.642214
2026-09-22T01:35:07.117Z,PYTH,-2.4325,85.47,0.06368,1375.642214
2026-09-22T01:35:07.117Z,APT,-0.0911,1069,0.7778,1375.642214
2026-09-22T01:35:07.117Z,UNI,-3.2088,12110,9.095,1375.642214
2026-09-22T01:35:07.117Z,TIA,-2.4922,590.6,0.4403,1375.642214
2026-09-22T01:35:07.117Z,ALGO,-3.3523,149,0.11207,1375.642214
2026-09-22T01:35:07.117Z,NEAR,-2.1182,5930,4.404,1375.642214
2026-09-22T01:35:07.117Z,ZIL,-5.1136,4.78,0.003662,1375.642214
2026-09-22T01:35:07.117Z,SUSHI,-0.1785,350.3,0.2551,1375.642214
2026-09-22T01:35:07.117Z,PENDLE,-1.8539,3401,2.519,1375.642214
2026-09-22T01:35:07.117Z,XTZ,-1.8737,454.5,0.3367,1375.642214
2026-09-22T01:35:07.117Z,W,-1.9631,15.98,0.011849,1375.642214
2026-09-22T01:35:07.117Z,AR,2.7154,6480,4.586,1375.642214
2026-09-22T01:35:07.117Z,SHIB,-2.0762,0.0081,0.000006013,1375.642214
2026-09-22T01:35:07.117Z,CELO,-1.2645,128.3,0.09446,1375.642214
2026-09-22T01:35:07.117Z,STX,-3.2408,449.1,0.3374,1375.642214
2026-09-22T01:35:07.117Z,JUP,-2.4702,397.4,0.2962,1375.642214
2026-09-22T01:35:07.117Z,PEPE,-2.1159,0.0068,0.00000505,1375.642214
2026-09-22T01:35:07.117Z,DYDX,0.4928,190,0.13744,1375.642214
2026-09-22T01:35:07.117Z,KITE,0.0929,164.9,0.11976,1375.642214
2026-09-22T01:35:07.117Z,CRV,0.1837,500,0.3628,1375.642214
2026-09-22T01:35:07.117Z,ENJ,4.785,40.88,0.02836,1375.642214
2026-09-22T01:35:07.117Z,ATOM,16.6633,2900,1.807,1375.642214
2026-09-22T01:35:07.117Z,ICP,-1.7013,4077,3.015,1375.642214
2026-09-22T01:35:07.117Z,SPACE,-1.4502,7.013,0.005173,1375.642214
2026-09-22T01:35:07.117Z,DOT,-3.2445,1604,1.2051,1375.642214
2026-09-22T01:35:07.117Z,ETHFI,3.6458,1027,0.7203,1375.642214
2026-09-22T01:35:07.117Z,CC,0.4554,163.3,0.11817,1375.642214
2026-09-22T01:35:07.117Z,SYRUP,-1.8834,304.5,0.2256,1375.642214
2026-09-22T01:35:07.117Z,TAO,-1.4238,427700,315.4,1375.642214
2026-09-22T01:35:07.117Z,GRAM,-2.1609,1961,1.457,1375.642214
2026-09-22T01:35:07.117Z,RAY,-8.8911,2257,1.8008,1375.642214
2026-09-22T01:35:07.117Z,RENDER,-7.1163,2360,1.847,1375.642214
2026-09-22T01:35:07.117Z,GRASS,0.831,568.7,0.41,1375.642214
2026-09-22T01:35:07.117Z,MINA,-2.3821,170.8,0.12719,1375.642214
2026-09-22T01:35:07.117Z,POL,0.4688,152.5,0.11034,1375.642214
2026-09-22T01:35:07.117Z,ENA,-2.864,284.7,0.21306,1375.642214
2026-09-22T01:35:07.117Z,SAND,-3.891,55,0.0416,1375.642214
2026-09-22T01:35:07.117Z,AERO,-0.0019,950,0.6906,1375.642214
2026-09-22T01:40:06.788Z,BTC,-2.128,115311000,85645.9,1375.642214
2026-09-22T01:40:06.788Z,XRP,-2.2175,2036,1.5136,1375.642214
2026-09-22T01:40:06.788Z,SOL,-2.1531,158400,117.68,1375.642214
2026-09-22T01:40:06.788Z,ETH,-2.1087,3699000,2746.85,1375.642214
2026-09-22T01:40:06.788Z,FIL,-2.0419,1352,1.0033,1375.642214
2026-09-22T01:40:06.788Z,TRX,-2.2221,467.4,0.34749,1375.642214
2026-09-22T01:40:06.788Z,BNB,-2.1771,1067000,792.9,1375.642214
2026-09-22T01:40:06.788Z,WLD,-2.4236,628.6,0.4683,1375.642214
2026-09-22T01:40:06.788Z,FLOW,-0.994,44.55,0.03271,1375.642214
2026-09-22T01:40:06.788Z,LINK,-2.0726,17510,12.998,1375.642214
2026-09-22T01:40:06.788Z,DOGE,-1.938,133.9,0.09926,1375.642214
2026-09-22T01:40:06.788Z,SUI,-2.0385,1398,1.0374,1375.642214
2026-09-22T01:40:06.788Z,XLM,-2.0146,286.3,0.2124,1375.642214
2026-09-22T01:40:06.788Z,BCH,-2.1067,357000,265.1,1375.642214
2026-09-22T01:40:06.788Z,AVAX,-2.0491,14950,11.095,1375.642214
2026-09-22T01:40:06.788Z,ETC,-2.5598,11840,8.833,1375.642214
2026-09-22T01:40:06.788Z,AAVE,-2.1679,194000,144.15,1375.642214
2026-09-22T01:40:06.788Z,ADA,-2.3054,329.8,0.2454,1375.642214
2026-09-22T01:40:06.788Z,HYPE,-2.7239,125400,93.71,1375.642214
2026-09-22T01:40:06.788Z,SEI,-2.4971,79.78,0.05948,1375.642214
2026-09-22T01:40:06.788Z,HBAR,-2.0042,124.4,0.09228,1375.642214
2026-09-22T01:40:06.788Z,ARB,-2.2194,297.7,0.22132,1375.642214
2026-09-22T01:40:06.788Z,JTO,-2.6945,689.5,0.5151,1375.642214
2026-09-22T01:40:06.788Z,ONDO,-2.0579,593.5,0.4405,1375.642214
2026-09-22T01:40:06.788Z,QTUM,-2.3994,1328,0.9891,1375.642214
2026-09-22T01:40:06.788Z,PYTH,-2.048,85.47,0.06343,1375.642214
2026-09-22T01:40:06.788Z,APT,-0.1039,1069,0.7779,1375.642214
2026-09-22T01:40:06.788Z,UNI,-3.2938,12110,9.103,1375.642214
2026-09-22T01:40:06.788Z,TIA,-2.4036,590.6,0.4399,1375.642214
2026-09-22T01:40:06.788Z,ALGO,-3.2055,149,0.1119,1375.642214
2026-09-22T01:40:06.788Z,NEAR,-1.7702,6020,4.455,1375.642214
2026-09-22T01:40:06.788Z,ZIL,-5.1395,4.78,0.003663,1375.642214
2026-09-22T01:40:06.788Z,SUSHI,-0.0217,350.3,0.2547,1375.642214
2026-09-22T01:40:06.788Z,PENDLE,-1.5804,3401,2.512,1375.642214
2026-09-22T01:40:06.788Z,XTZ,-2.1353,454.5,0.3376,1375.642214
2026-09-22T01:40:06.788Z,W,-1.7641,15.98,0.011825,1375.642214
2026-09-22T01:40:06.788Z,AR,3.0299,6480,4.572,1375.642214
2026-09-22T01:40:06.788Z,SHIB,-2.125,0.0081,0.000006016,1375.642214
2026-09-22T01:40:06.788Z,CELO,-1.4367,127.9,0.09433,1375.642214
2026-09-22T01:40:06.788Z,STX,-3.1546,449.1,0.3371,1375.642214
2026-09-22T01:40:06.788Z,JUP,-2.2392,397.4,0.2955,1375.642214
2026-09-22T01:40:06.788Z,PEPE,-1.9217,0.0068,0.00000504,1375.642214
2026-09-22T01:40:06.788Z,DYDX,0.5587,190,0.13735,1375.642214
2026-09-22T01:40:06.788Z,KITE,0.0679,164.9,0.11979,1375.642214
2026-09-22T01:40:06.788Z,CRV,0.1837,500,0.3628,1375.642214
2026-09-22T01:40:06.788Z,ENJ,4.822,40.88,0.02835,1375.642214
2026-09-22T01:40:06.788Z,ATOM,16.8573,2900,1.804,1375.642214
2026-09-22T01:40:06.788Z,ICP,-1.4398,4077,3.007,1375.642214
2026-09-22T01:40:06.788Z,SPACE,-0.6822,7.013,0.005133,1375.642214
2026-09-22T01:40:06.788Z,DOT,-3.0756,1604,1.203,1375.642214
2026-09-22T01:40:06.788Z,ETHFI,3.5021,1027,0.7213,1375.642214
2026-09-22T01:40:06.788Z,CC,-0.0184,163.3,0.11873,1375.642214
2026-09-22T01:40:06.788Z,SYRUP,-1.3587,304.5,0.2244,1375.642214
2026-09-22T01:40:06.788Z,TAO,-1.2986,427700,315,1375.642214
2026-09-22T01:40:06.788Z,GRAM,-1.959,1961,1.454,1375.642214
2026-09-22T01:40:06.788Z,RAY,-8.7848,2257,1.7987,1375.642214
2026-09-22T01:40:06.788Z,RENDER,-6.9147,2360,1.843,1375.642214
2026-09-22T01:40:06.788Z,GRASS,0.1713,568.7,0.4127,1375.642214
2026-09-22T01:40:06.788Z,MINA,-2.8557,170.8,0.12781,1375.642214
2026-09-22T01:40:06.788Z,POL,0.6604,152.5,0.11013,1375.642214
2026-09-22T01:40:06.788Z,ENA,-2.9369,284.7,0.21322,1375.642214
2026-09-22T01:40:06.788Z,SAND,-3.891,55,0.0416,1375.642214
2026-09-22T01:40:06.788Z,AERO,0.2594,950,0.6888,1375.642214
2026-09-22T01:45:06.922Z,BTC,-2.0797,115387000,85660.1,1375.642214
2026-09-22T01:45:06.922Z,XRP,-2.1408,2038,1.5139,1375.642214
2026-09-22T01:45:06.922Z,SOL,-2.1365,158400,117.66,1375.642214
2026-09-22T01:45:06.922Z,ETH,-2.1549,3700000,2748.89,1375.642214
2026-09-22T01:45:06.922Z,FIL,-2.1881,1352,1.0048,1375.642214
2026-09-22T01:45:06.922Z,TRX,-2.2024,467.4,0.34742,1375.642214
2026-09-22T01:45:06.922Z,BNB,-2.2642,1060000,788.4,1375.642214
2026-09-22T01:45:06.922Z,WLD,-2.2556,627.8,0.4669,1375.642214
2026-09-22T01:45:06.922Z,FLOW,-1.1752,44.55,0.03277,1375.642214
2026-09-22T01:45:06.922Z,LINK,-2.1479,17510,13.008,1375.642214
2026-09-22T01:45:06.922Z,DOGE,-2.2476,133.8,0.0995,1375.642214
2026-09-22T01:45:06.922Z,SUI,-2.511,1393,1.0387,1375.642214
2026-09-22T01:45:06.922Z,XLM,-2.1936,286.1,0.21264,1375.642214
2026-09-22T01:45:06.922Z,BCH,-2.1067,357000,265.1,1375.642214
2026-09-22T01:45:06.922Z,AVAX,-2.0166,14990,11.121,1375.642214
2026-09-22T01:45:06.922Z,ETC,-2.637,11840,8.84,1375.642214
2026-09-22T01:45:06.922Z,AAVE,-2.2628,194000,144.29,1375.642214
2026-09-22T01:45:06.922Z,ADA,-2.2666,330.2,0.2456,1375.642214
2026-09-22T01:45:06.922Z,HYPE,-2.7737,125400,93.758,1375.642214
2026-09-22T01:45:06.922Z,SEI,-2.7097,79.78,0.05961,1375.642214
2026-09-22T01:45:06.922Z,HBAR,-2.3041,124.1,0.09234,1375.642214
2026-09-22T01:45:06.922Z,ARB,-2.4178,297.7,0.22177,1375.642214
2026-09-22T01:45:06.922Z,JTO,-2.6067,692.4,0.5168,1375.642214
2026-09-22T01:45:06.922Z,ONDO,-2.2616,592.4,0.4406,1375.642214
2026-09-22T01:45:06.922Z,QTUM,-2.3599,1328,0.9887,1375.642214
2026-09-22T01:45:06.922Z,PYTH,-2.279,85.47,0.06358,1375.642214
2026-09-22T01:45:06.922Z,APT,0.0118,1069,0.777,1375.642214
2026-09-22T01:45:06.922Z,UNI,-3.738,12110,9.145,1375.642214
2026-09-22T01:45:06.922Z,TIA,-2.4701,590.6,0.4402,1375.642214
2026-09-22T01:45:06.922Z,ALGO,-3.266,149,0.11197,1375.642214
2026-09-22T01:45:06.922Z,NEAR,-2.1532,5870,4.361,1375.642214
2026-09-22T01:45:06.922Z,ZIL,-5.2688,4.78,0.003668,1375.642214
2026-09-22T01:45:06.922Z,SUSHI,-0.1785,350.3,0.2551,1375.642214
2026-09-22T01:45:06.922Z,PENDLE,-1.5412,3401,2.511,1375.642214
2026-09-22T01:45:06.922Z,XTZ,-2.3667,454.5,0.3384,1375.642214
2026-09-22T01:45:06.922Z,W,-1.8637,15.98,0.011837,1375.642214
2026-09-22T01:45:06.922Z,AR,3.301,6480,4.56,1375.642214
2026-09-22T01:45:06.922Z,SHIB,-2.3199,0.0081,0.000006028,1375.642214
2026-09-22T01:45:06.922Z,CELO,-1.7013,127.8,0.09451,1375.642214
2026-09-22T01:45:06.922Z,STX,-3.2981,449.1,0.3376,1375.642214
2026-09-22T01:45:06.922Z,JUP,-2.3053,397.4,0.2957,1375.642214
2026-09-22T01:45:06.922Z,PEPE,-3.0185,0.0068,0.000005097,1375.642214
2026-09-22T01:45:06.922Z,DYDX,0.4709,190,0.13747,1375.642214
2026-09-22T01:45:06.922Z,KITE,0.0846,164.9,0.11977,1375.642214
2026-09-22T01:45:06.922Z,CRV,-0.2835,500,0.3645,1375.642214
2026-09-22T01:45:06.922Z,ENJ,4.933,40.88,0.02832,1375.642214
2026-09-22T01:45:06.922Z,ATOM,16.8573,2900,1.804,1375.642214
2026-09-22T01:45:06.922Z,ICP,-1.5053,4077,3.009,1375.642214
2026-09-22T01:45:06.922Z,SPACE,-1.0293,7.013,0.005151,1375.642214
2026-09-22T01:45:06.922Z,DOT,-3.1722,1604,1.2042,1375.642214
2026-09-22T01:45:06.922Z,ETHFI,3.3731,1027,0.7222,1375.642214
2026-09-22T01:45:06.922Z,CC,0.0322,163.3,0.11867,1375.642214
2026-09-22T01:45:06.922Z,SYRUP,-1.4465,304.5,0.2246,1375.642214
2026-09-22T01:45:06.922Z,TAO,-2.1066,427700,317.6,1375.642214
2026-09-22T01:45:06.922Z,GRAM,-1.8915,1961,1.453,1375.642214
2026-09-22T01:45:06.922Z,RAY,-8.2748,2257,1.7887,1375.642214
2026-09-22T01:45:06.922Z,RENDER,-7.066,2360,1.846,1375.642214
2026-09-22T01:45:06.922Z,GRASS,0.1956,568.7,0.4126,1375.642214
2026-09-22T01:45:06.922Z,MINA,-2.7948,170.8,0.12773,1375.642214
2026-09-22T01:45:06.922Z,POL,0.6513,152.5,0.11014,1375.642214
2026-09-22T01:45:06.922Z,ENA,-2.5438,284.7,0.21236,1375.642214
2026-09-22T01:45:06.922Z,SAND,-3.7985,55,0.04156,1375.642214
2026-09-22T01:45:06.922Z,AERO,0.2885,950,0.6886,1375.642214
2026-09-22T01:50:06.950Z,BTC,-2.0896,115242000,85561.1,1375.642214
2026-09-22T01:50:06.950Z,XRP,-2.1519,2034,1.5111,1375.642214
2026-09-22T01:50:06.950Z,SOL,-1.9315,158300,117.34,1375.642214
2026-09-22T01:50:06.950Z,ETH,-2.0627,3695000,2742.59,1375.642214
2026-09-22T01:50:06.950Z,FIL,-1.856,1352,1.0014,1375.642214
2026-09-22T01:50:06.950Z,TRX,-1.9938,468.1,0.3472,1375.642214
2026-09-22T01:50:06.950Z,BNB,-1.9129,1063000,787.8,1375.642214
2026-09-22T01:50:06.950Z,WLD,-1.7294,627.8,0.4644,1375.642214
2026-09-22T01:50:06.950Z,FLOW,-0.1083,44.55,0.03242,1375.642214
2026-09-22T01:50:06.950Z,LINK,-1.7476,17510,12.955,1375.642214
2026-09-22T01:50:06.950Z,DOGE,-1.7895,134.4,0.09948,1375.642214
2026-09-22T01:50:06.950Z,SUI,-2.0355,1394,1.0344,1375.642214
2026-09-22T01:50:06.950Z,XLM,-2.1681,284.6,0.21147,1375.642214
2026-09-22T01:50:06.950Z,BCH,-1.736,357000,264.1,1375.642214
2026-09-22T01:50:06.950Z,AVAX,-1.6861,15000,11.091,1375.642214
2026-09-22T01:50:06.950Z,ETC,-2.2167,11840,8.802,1375.642214
2026-09-22T01:50:06.950Z,AAVE,-1.7931,194000,143.6,1375.642214
2026-09-22T01:50:06.950Z,ADA,-1.867,330.2,0.2446,1375.642214
2026-09-22T01:50:06.950Z,HYPE,-2.4209,125400,93.419,1375.642214
2026-09-22T01:50:06.950Z,SEI,-2.4971,79.78,0.05948,1375.642214
2026-09-22T01:50:06.950Z,HBAR,-2.022,124,0.092,1375.642214
2026-09-22T01:50:06.950Z,ARB,-1.9136,297.7,0.22063,1375.642214
2026-09-22T01:50:06.950Z,JTO,-1.9617,692.4,0.5134,1375.642214
2026-09-22T01:50:06.950Z,ONDO,-1.6082,592.3,0.4376,1375.642214
2026-09-22T01:50:06.950Z,QTUM,-2.1819,1328,0.9869,1375.642214
2026-09-22T01:50:06.950Z,PYTH,-1.1421,86.07,0.06329,1375.642214
2026-09-22T01:50:06.950Z,APT,0.5553,1069,0.7728,1375.642214
2026-09-22T01:50:06.950Z,UNI,-2.9848,12110,9.074,1375.642214
2026-09-22T01:50:06.950Z,TIA,-2.1143,590.6,0.4386,1375.642214
2026-09-22T01:50:06.950Z,ALGO,-2.6837,149,0.1113,1375.642214
2026-09-22T01:50:06.950Z,NEAR,-2.9704,5845,4.379,1375.642214
2026-09-22T01:50:06.950Z,ZIL,-5.0358,4.78,0.003659,1375.642214
2026-09-22T01:50:06.950Z,SUSHI,0.2933,350.3,0.2539,1375.642214
2026-09-22T01:50:06.950Z,PENDLE,-1.1475,3401,2.501,1375.642214
2026-09-22T01:50:06.950Z,XTZ,-2.2511,454.5,0.338,1375.642214
2026-09-22T01:50:06.950Z,W,-1.3554,15.98,0.011776,1375.642214
2026-09-22T01:50:06.950Z,AR,4.0541,6480,4.527,1375.642214
2026-09-22T01:50:06.950Z,SHIB,-1.9457,0.0081,0.000006005,1375.642214
2026-09-22T01:50:06.950Z,CELO,-1.189,127.8,0.09402,1375.642214
2026-09-22T01:50:06.950Z,STX,-3.0396,449.1,0.3367,1375.642214
2026-09-22T01:50:06.950Z,JUP,-1.9738,397.4,0.2947,1375.642214
2026-09-22T01:50:06.950Z,PEPE,-2.4251,0.0068,0.000005066,1375.642214
2026-09-22T01:50:06.950Z,DYDX,0.7788,190,0.13705,1375.642214
2026-09-22T01:50:06.950Z,KITE,0.3527,164.9,0.11945,1375.642214
2026-09-22T01:50:06.950Z,CRV,-0.0916,500,0.3638,1375.642214
2026-09-22T01:50:06.950Z,ENJ,5.0814,40.88,0.02828,1375.642214
2026-09-22T01:50:06.950Z,ATOM,17.1821,2900,1.799,1375.642214
2026-09-22T01:50:06.950Z,ICP,-1.0449,4077,2.995,1375.642214
2026-09-22T01:50:06.950Z,SPACE,-0.5854,7.013,0.005128,1375.642214
2026-09-22T01:50:06.950Z,DOT,-3.1158,1604,1.2035,1375.642214
2026-09-22T01:50:06.950Z,ETHFI,4.0938,1027,0.7172,1375.642214
2026-09-22T01:50:06.950Z,CC,0.2434,163.3,0.11842,1375.642214
2026-09-22T01:50:06.950Z,SYRUP,-1.05,304.5,0.2237,1375.642214
2026-09-22T01:50:06.950Z,TAO,-1.5175,427700,315.7,1375.642214
2026-09-22T01:50:06.950Z,GRAM,-1.6207,1961,1.449,1375.642214
2026-09-22T01:50:06.950Z,RAY,-8.0847,2257,1.785,1375.642214
2026-09-22T01:50:06.950Z,RENDER,-6.8136,2360,1.841,1375.642214
2026-09-22T01:50:06.950Z,GRASS,0.5612,568.7,0.4111,1375.642214
2026-09-22T01:50:06.950Z,MINA,-2.2207,170.8,0.12698,1375.642214
2026-09-22T01:50:06.950Z,POL,0.7153,152.5,0.11007,1375.642214
2026-09-22T01:50:06.950Z,ENA,-1.7714,284.7,0.21069,1375.642214
2026-09-22T01:50:06.950Z,SAND,-3.5432,55,0.04145,1375.642214
2026-09-22T01:50:06.950Z,AERO,0.6393,950,0.6862,1375.642214
2026-09-22T01:55:06.986Z,BTC,-2.1286,115301000,85639,1375.642214
2026-09-22T01:55:06.986Z,XRP,-2.1685,2042,1.5173,1375.642214
2026-09-22T01:55:06.986Z,SOL,-2.2102,158200,117.6,1375.642214
2026-09-22T01:55:06.986Z,ETH,-2.136,3701000,2749.1,1375.642214
2026-09-22T01:55:06.986Z,FIL,-2.3048,1352,1.006,1375.642214
2026-09-22T01:55:06.986Z,TRX,-2.1404,468.1,0.34772,1375.642214
2026-09-22T01:55:06.986Z,BNB,-2.1613,1063000,789.8,1375.642214
2026-09-22T01:55:06.986Z,WLD,-2.4228,627.8,0.4677,1375.642214
2026-09-22T01:55:06.986Z,FLOW,-0.6599,44.55,0.0326,1375.642214
2026-09-22T01:55:06.986Z,LINK,-2.2981,17510,13.028,1375.642214
2026-09-22T01:55:06.986Z,DOGE,-2.3328,135,0.10048,1375.642214
2026-09-22T01:55:06.986Z,SUI,-2.1919,1402,1.042,1375.642214
2026-09-22T01:55:06.986Z,XLM,-2.3002,285.6,0.2125,1375.642214
2026-09-22T01:55:06.986Z,BCH,-2.1436,357000,265.2,1375.642214
2026-09-22T01:55:06.986Z,AVAX,-2.1273,15000,11.141,1375.642214
2026-09-22T01:55:06.986Z,ETC,-2.637,11840,8.84,1375.642214
2026-09-22T01:55:06.986Z,AAVE,-2.3305,194000,144.39,1375.642214
2026-09-22T01:55:06.986Z,ADA,-2.7418,330.2,0.2468,1375.642214
2026-09-22T01:55:06.986Z,HYPE,-2.1316,125800,93.44,1375.642214
2026-09-22T01:55:06.986Z,SEI,-2.8889,79.78,0.05972,1375.642214
2026-09-22T01:55:06.986Z,HBAR,-2.4145,124,0.09237,1375.642214
2026-09-22T01:55:06.986Z,ARB,-2.7074,297.7,0.22243,1375.642214
2026-09-22T01:55:06.986Z,JTO,-2.4179,692.4,0.5158,1375.642214
2026-09-22T01:55:06.986Z,ONDO,-2.4049,591.8,0.4408,1375.642214
2026-09-22T01:55:06.986Z,QTUM,-2.4684,1328,0.9898,1375.642214
2026-09-22T01:55:06.986Z,PYTH,-1.5001,86.07,0.06352,1375.642214
2026-09-22T01:55:06.986Z,APT,7.1923,1140,0.7731,1375.642214
2026-09-22T01:55:06.986Z,UNI,-3.8851,12110,9.159,1375.642214
2026-09-22T01:55:06.986Z,TIA,-2.5807,590.6,0.4407,1375.642214
2026-09-22T01:55:06.986Z,ALGO,-3.0061,149,0.11167,1375.642214
2026-09-22T01:55:06.986Z,NEAR,-2.5029,5845,4.358,1375.642214
2026-09-22T01:55:06.986Z,ZIL,-5.475,4.78,0.003676,1375.642214
2026-09-22T01:55:06.986Z,SUSHI,-0.3737,350.3,0.2556,1375.642214
2026-09-22T01:55:06.986Z,PENDLE,-1.3448,3401,2.506,1375.642214
2026-09-22T01:55:06.986Z,XTZ,-2.683,454.5,0.3395,1375.642214
2026-09-22T01:55:06.986Z,W,-1.6643,15.98,0.011813,1375.642214
2026-09-22T01:55:06.986Z,AR,3.7333,6480,4.541,1375.642214
2026-09-22T01:55:06.986Z,SHIB,-2.6268,0.0081,0.000006047,1375.642214
2026-09-22T01:55:06.986Z,CELO,-2.2084,127.8,0.095,1375.642214
2026-09-22T01:55:06.986Z,STX,-3.0972,449.1,0.3369,1375.642214
2026-09-22T01:55:06.986Z,JUP,-2.2722,397.4,0.2956,1375.642214
2026-09-22T01:55:06.986Z,PEPE,-3.1326,0.0068,0.000005103,1375.642214
2026-09-22T01:55:06.986Z,DYDX,0.2739,190,0.13774,1375.642214
2026-09-22T01:55:06.986Z,KITE,0.0846,164.9,0.11977,1375.642214
2026-09-22T01:55:06.986Z,CRV,-0.8547,500,0.3666,1375.642214
2026-09-22T01:55:06.986Z,ENJ,4.822,40.88,0.02835,1375.642214
2026-09-22T01:55:06.986Z,ATOM,17.1821,2900,1.799,1375.642214
2026-09-22T01:55:06.986Z,ICP,-1.3085,4077,3.003,1375.642214
2026-09-22T01:55:06.986Z,SPACE,-1.0293,7.013,0.005151,1375.642214
2026-09-22T01:55:06.986Z,DOT,-3.0111,1604,1.2022,1375.642214
2026-09-22T01:55:06.986Z,ETHFI,4.1373,1027,0.7169,1375.642214
2026-09-22T01:55:06.986Z,CC,0.1672,163.3,0.11851,1375.642214
2026-09-22T01:55:06.986Z,SYRUP,-1.2266,304.5,0.2241,1375.642214
2026-09-22T01:55:06.986Z,TAO,-2.0141,427700,317.3,1375.642214
2026-09-22T01:55:06.986Z,GRAM,-1.5528,1961,1.448,1375.642214
2026-09-22T01:55:06.986Z,RAY,-8.2697,2257,1.7886,1375.642214
2026-09-22T01:55:06.986Z,RENDER,-7.317,2360,1.851,1375.642214
2026-09-22T01:55:06.986Z,GRASS,0.1956,568.7,0.4126,1375.642214
2026-09-22T01:55:06.986Z,MINA,-2.9088,170.8,0.12788,1375.642214
2026-09-22T01:55:06.986Z,POL,0.5417,152.5,0.11026,1375.642214
2026-09-22T01:55:06.986Z,ENA,-2.3784,284.7,0.212,1375.642214
2026-09-22T01:55:06.986Z,SAND,-3.891,55,0.0416,1375.642214
2026-09-22T01:55:06.986Z,AERO,0.085,950,0.69,1375.642214
2026-09-22T02:00:07.713Z,BTC,-2.2037,115160000,85600,1375.642214
2026-09-22T02:00:07.713Z,XRP,-2.2453,2033,1.5118,1375.642214
2026-09-22T02:00:07.713Z,SOL,-2.2019,158200,117.59,1375.642214
2026-09-22T02:00:07.713Z,ETH,-2.1569,3698000,2747.46,1375.642214
2026-09-22T02:00:07.713Z,FIL,-1.7579,1352,1.0004,1375.642214
2026-09-22T02:00:07.713Z,TRX,-2.2079,468.1,0.34796,1375.642214
2026-09-22T02:00:07.713Z,BNB,-2.0869,1063000,789.2,1375.642214
2026-09-22T02:00:07.713Z,WLD,-2.2287,627.3,0.4664,1375.642214
2026-09-22T02:00:07.713Z,FLOW,-0.5073,44.55,0.03255,1375.642214
2026-09-22T02:00:07.713Z,LINK,-1.7296,17620,13.034,1375.642214
2026-09-22T02:00:07.713Z,DOGE,-1.5786,135,0.09971,1375.642214
2026-09-22T02:00:07.713Z,SUI,-2.3094,1394,1.0373,1375.642214
2026-09-22T02:00:07.713Z,XLM,-2.2769,284.7,0.21178,1375.642214
2026-09-22T02:00:07.713Z,BCH,-2.1067,357000,265.1,1375.642214
2026-09-22T02:00:07.713Z,AVAX,-2.3639,15000,11.168,1375.642214
2026-09-22T02:00:07.713Z,ETC,-2.3941,11840,8.818,1375.642214
2026-09-22T02:00:07.713Z,AAVE,-2.3981,194000,144.49,1375.642214
2026-09-22T02:00:07.713Z,ADA,-2.3063,330.2,0.2457,1375.642214
2026-09-22T02:00:07.713Z,HYPE,-1.7974,125900,93.196,1375.642214
2026-09-22T02:00:07.713Z,SEI,-2.1889,80.53,0.05985,1375.642214
2026-09-22T02:00:07.713Z,HBAR,-2.0114,124,0.09199,1375.642214
2026-09-22T02:00:07.713Z,ARB,-2.9343,297.7,0.22295,1375.642214
2026-09-22T02:00:07.713Z,JTO,-2.399,692.4,0.5157,1375.642214
2026-09-22T02:00:07.713Z,ONDO,-2.0586,593.9,0.4408,1375.642214
2026-09-22T02:00:07.713Z,QTUM,-2.3599,1328,0.9887,1375.642214
2026-09-22T02:00:07.713Z,PYTH,-1.4225,86.07,0.06347,1375.642214
2026-09-22T02:00:07.713Z,APT,7.2062,1140,0.773,1375.642214
2026-09-22T02:00:07.713Z,UNI,-4.1154,12110,9.181,1375.642214
2026-09-22T02:00:07.713Z,TIA,-2.8233,590.6,0.4418,1375.642214
2026-09-22T02:00:07.713Z,ALGO,-2.6137,149,0.11122,1375.642214
2026-09-22T02:00:07.713Z,NEAR,-2.5476,5845,4.36,1375.642214
2026-09-22T02:00:07.713Z,ZIL,-5.5264,4.78,0.003678,1375.642214
2026-09-22T02:00:07.713Z,SUSHI,-0.2567,350.3,0.2553,1375.642214
2026-09-22T02:00:07.713Z,PENDLE,-1.2265,3401,2.503,1375.642214
2026-09-22T02:00:07.713Z,XTZ,-2.683,454.5,0.3395,1375.642214
2026-09-22T02:00:07.713Z,W,-1.7558,15.98,0.011824,1375.642214
2026-09-22T02:00:07.713Z,AR,3.6648,6480,4.544,1375.642214
2026-09-22T02:00:07.713Z,SHIB,-2.2388,0.0081,0.000006023,1375.642214
2026-09-22T02:00:07.713Z,CELO,-2.033,127.8,0.09483,1375.642214
2026-09-22T02:00:07.713Z,STX,-2.982,449.1,0.3365,1375.642214
2026-09-22T02:00:07.713Z,JUP,-2.1787,396.3,0.2945,1375.642214
2026-09-22T02:00:07.713Z,PEPE,-1.9961,0.0069,0.000005118,1375.642214
2026-09-22T02:00:07.713Z,DYDX,0.2739,190,0.13774,1375.642214
2026-09-22T02:00:07.713Z,KITE,-0.1904,164.9,0.1201,1375.642214
2026-09-22T02:00:07.713Z,CRV,-0.9628,500,0.367,1375.642214
2026-09-22T02:00:07.713Z,ENJ,4.9701,40.88,0.02831,1375.642214
2026-09-22T02:00:07.713Z,ATOM,17.2473,2900,1.798,1375.642214
2026-09-22T02:00:07.713Z,ICP,-2.1044,4032,2.994,1375.642214
2026-09-22T02:00:07.713Z,SPACE,-0.5466,7.013,0.005126,1375.642214
2026-09-22T02:00:07.713Z,DOT,-2.7928,1604,1.1995,1375.642214
2026-09-22T02:00:07.713Z,ETHFI,4.2682,1027,0.716,1375.642214
2026-09-22T02:00:07.713Z,CC,0.7966,163.3,0.11777,1375.642214
2026-09-22T02:00:07.713Z,SYRUP,-1.1384,304.5,0.2239,1375.642214
2026-09-22T02:00:07.713Z,TAO,-1.7974,427700,316.6,1375.642214
2026-09-22T02:00:07.713Z,GRAM,-1.5528,1961,1.448,1375.642214
2026-09-22T02:00:07.713Z,RAY,-7.9661,2257,1.7827,1375.642214
2026-09-22T02:00:07.713Z,RENDER,-7.317,2360,1.851,1375.642214
2026-09-22T02:00:07.713Z,GRASS,0.3902,568.7,0.4118,1375.642214
2026-09-22T02:00:07.713Z,MINA,-3.7667,170.8,0.12902,1375.642214
2026-09-22T02:00:07.713Z,POL,0.5326,152.5,0.11027,1375.642214
2026-09-22T02:00:07.713Z,ENA,-2.7088,284.7,0.21272,1375.642214
2026-09-22T02:00:07.713Z,SAND,-3.9372,55,0.04162,1375.642214
2026-09-22T02:00:07.713Z,AERO,-0.1177,950,0.6914,1375.642214
2026-09-22T02:05:06.958Z,BTC,-2.1424,115100000,85501.8,1375.642214
2026-09-22T02:05:06.958Z,XRP,-2.1603,2031,1.509,1375.642214
2026-09-22T02:05:06.958Z,SOL,-2.1508,158000,117.38,1375.642214
2026-09-22T02:05:06.958Z,ETH,-2.0004,3698000,2743.07,1375.642214
2026-09-22T02:05:06.958Z,FIL,-2.1142,1344,0.9981,1375.642214
2026-09-22T02:05:06.958Z,TRX,-2.3005,468.1,0.34829,1375.642214
2026-09-22T02:05:06.958Z,BNB,-1.9627,1063000,788.2,1375.642214
2026-09-22T02:05:06.958Z,WLD,-1.6567,628.4,0.4645,1375.642214
2026-09-22T02:05:06.958Z,FLOW,-0.3849,44.55,0.03251,1375.642214
2026-09-22T02:05:06.958Z,LINK,-1.4043,17620,12.991,1375.642214
2026-09-22T02:05:06.958Z,DOGE,-2.1534,134.4,0.09985,1375.642214
2026-09-22T02:05:06.958Z,SUI,-2.2,1400,1.0406,1375.642214
2026-09-22T02:05:06.958Z,XLM,-1.8895,285.1,0.21124,1375.642214
2026-09-22T02:05:06.958Z,BCH,-1.8104,357000,264.3,1375.642214
2026-09-22T02:05:06.958Z,AVAX,-1.9513,15000,11.121,1375.642214
2026-09-22T02:05:06.958Z,ETC,-2.1054,11840,8.792,1375.642214
2026-09-22T02:05:06.958Z,AAVE,-1.9911,194000,143.89,1375.642214
2026-09-22T02:05:06.958Z,ADA,-2.147,330.2,0.2453,1375.642214
2026-09-22T02:05:06.958Z,HYPE,-2.2144,125200,93.073,1375.642214
2026-09-22T02:05:06.958Z,SEI,-2.3521,80.53,0.05995,1375.642214
2026-09-22T02:05:06.958Z,HBAR,-1.8086,124,0.0918,1375.642214
2026-09-22T02:05:06.958Z,ARB,-2.1088,297.7,0.22107,1375.642214
2026-09-22T02:05:06.958Z,JTO,-1.7896,692.4,0.5125,1375.642214
2026-09-22T02:05:06.958Z,ONDO,-2.3101,591.3,0.44,1375.642214
2026-09-22T02:05:06.958Z,QTUM,-2.3698,1328,0.9888,1375.642214
2026-09-22T02:05:06.958Z,PYTH,-0.8916,86.07,0.06313,1375.642214
2026-09-22T02:05:06.958Z,APT,7.7919,1140,0.7688,1375.642214
2026-09-22T02:05:06.958Z,UNI,-3.2194,12110,9.096,1375.642214
2026-09-22T02:05:06.958Z,TIA,-2.4922,590.6,0.4403,1375.642214
2026-09-22T02:05:06.958Z,ALGO,-2.447,149,0.11103,1375.642214
2026-09-22T02:05:06.958Z,NEAR,-1.8424,5890,4.362,1375.642214
2026-09-22T02:05:06.958Z,ZIL,-5.2946,4.78,0.003669,1375.642214
2026-09-22T02:05:06.958Z,SUSHI,0.0176,350.3,0.2546,1375.642214
2026-09-22T02:05:06.958Z,PENDLE,-0.9098,3401,2.495,1375.642214
2026-09-22T02:05:06.958Z,XTZ,-2.2801,454.5,0.3381,1375.642214
2026-09-22T02:05:06.958Z,W,-1.872,15.98,0.011838,1375.642214
2026-09-22T02:05:06.958Z,AR,3.7561,6480,4.54,1375.642214
2026-09-22T02:05:06.958Z,SHIB,-1.7002,0.0081,0.00000599,1375.642214
2026-09-22T02:05:06.958Z,CELO,-1.6493,127.8,0.09446,1375.642214
2026-09-22T02:05:06.958Z,STX,-2.6638,449.1,0.3354,1375.642214
2026-09-22T02:05:06.958Z,JUP,-2.1455,396.3,0.2944,1375.642214
2026-09-22T02:05:06.958Z,PEPE,-1.6116,0.0069,0.000005098,1375.642214
2026-09-22T02:05:06.958Z,DYDX,0.7347,190,0.13711,1375.642214
2026-09-22T02:05:06.958Z,KITE,-0.0073,164.9,0.11988,1375.642214
2026-09-22T02:05:06.958Z,CRV,-0.665,500,0.3659,1375.642214
2026-09-22T02:05:06.958Z,ENJ,5.0443,40.88,0.02829,1375.642214
2026-09-22T02:05:06.958Z,ATOM,17.3779,2900,1.796,1375.642214
2026-09-22T02:05:06.958Z,ICP,-1.9078,4032,2.988,1375.642214
2026-09-22T02:05:06.958Z,SPACE,-0.6241,7.013,0.00513,1375.642214
2026-09-22T02:05:06.958Z,DOT,-2.4512,1604,1.1953,1375.642214
2026-09-22T02:05:06.958Z,ETHFI,4.9277,1027,0.7115,1375.642214
2026-09-22T02:05:06.958Z,CC,0.677,163.3,0.11791,1375.642214
2026-09-22T02:05:06.958Z,SYRUP,-1.1384,304.5,0.2239,1375.642214
2026-09-22T02:05:06.958Z,TAO,-2.1374,427700,317.7,1375.642214
2026-09-22T02:05:06.958Z,GRAM,-1.3484,1961,1.445,1375.642214
2026-09-22T02:05:06.958Z,RAY,-7.8265,2257,1.78,1375.642214
2026-09-22T02:05:06.958Z,RENDER,-7.417,2360,1.853,1375.642214
2026-09-22T02:05:06.958Z,GRASS,-0.5277,568.7,0.4156,1375.642214
2026-09-22T02:05:06.958Z,MINA,-2.9392,170.8,0.12792,1375.642214
2026-09-22T02:05:06.958Z,POL,0.7061,152.5,0.11008,1375.642214
2026-09-22T02:05:06.958Z,ENA,-2.1872,284.8,0.21166,1375.642214
2026-09-22T02:05:06.958Z,SAND,-3.7754,55,0.04155,1375.642214
2026-09-22T02:05:06.958Z,AERO,0.2739,950,0.6887,1375.642214
2026-09-22T02:10:06.756Z,BTC,-2.1612,115102000,85519.7,1375.642214
2026-09-22T02:10:06.756Z,XRP,-2.1325,2034,1.5108,1375.642214
2026-09-22T02:10:06.756Z,SOL,-2.1627,157900,117.32,1375.642214
2026-09-22T02:10:06.756Z,ETH,-2.1439,3690000,2741.15,1375.642214
2026-09-22T02:10:06.756Z,FIL,-2.5438,1344,1.0025,1375.642214
2026-09-22T02:10:06.756Z,TRX,-2.2191,468.1,0.348,1375.642214
2026-09-22T02:10:06.756Z,BNB,-2.0124,1063000,788.6,1375.642214
2026-09-22T02:10:06.756Z,WLD,-1.8483,623.8,0.462,1375.642214
2026-09-22T02:10:06.756Z,FLOW,-0.5684,44.55,0.03257,1375.642214
2026-09-22T02:10:06.756Z,LINK,-1.3512,17620,12.984,1375.642214
2026-09-22T02:10:06.756Z,DOGE,-1.998,134.6,0.09984,1375.642214
2026-09-22T02:10:06.756Z,SUI,-2.0723,1399,1.0385,1375.642214
2026-09-22T02:10:06.756Z,XLM,-2.1119,285.1,0.21172,1375.642214
2026-09-22T02:10:06.756Z,BCH,-1.736,357000,264.1,1375.642214
2026-09-22T02:10:06.756Z,AVAX,-1.9777,15000,11.124,1375.642214
2026-09-22T02:10:06.756Z,ETC,-1.4104,11920,8.789,1375.642214
2026-09-22T02:10:06.756Z,AAVE,-2.3454,192600,143.37,1375.642214
2026-09-22T02:10:06.756Z,ADA,-1.9203,331.1,0.2454,1375.642214
2026-09-22T02:10:06.756Z,HYPE,-2.4313,125200,93.28,1375.642214
2026-09-22T02:10:06.756Z,SEI,-1.8446,81.07,0.06004,1375.642214
2026-09-22T02:10:06.756Z,HBAR,-2.1696,123.1,0.09147,1375.642214
2026-09-22T02:10:06.756Z,ARB,-2.0823,297.7,0.22101,1375.642214
2026-09-22T02:10:06.756Z,JTO,-1.3275,692.4,0.5101,1375.642214
2026-09-22T02:10:06.756Z,ONDO,-2.1767,591.3,0.4394,1375.642214
2026-09-22T02:10:06.756Z,QTUM,-2.4487,1328,0.9896,1375.642214
2026-09-22T02:10:06.756Z,PYTH,-0.8759,86.07,0.06312,1375.642214
2026-09-22T02:10:06.756Z,APT,7.7078,1140,0.7694,1375.642214
2026-09-22T02:10:06.756Z,UNI,-2.942,12110,9.07,1375.642214
2026-09-22T02:10:06.756Z,TIA,-2.4257,590.6,0.44,1375.642214
2026-09-22T02:10:06.756Z,ALGO,-2.6225,149,0.11123,1375.642214
2026-09-22T02:10:06.756Z,NEAR,-1.8873,5890,4.364,1375.642214
2026-09-22T02:10:06.756Z,ZIL,-5.0877,4.78,0.003661,1375.642214
2026-09-22T02:10:06.756Z,SUSHI,0.2144,350.3,0.2541,1375.642214
2026-09-22T02:10:06.756Z,PENDLE,-0.4309,3401,2.483,1375.642214
2026-09-22T02:10:06.756Z,XTZ,-2.4532,454.5,0.3387,1375.642214
2026-09-22T02:10:06.756Z,W,-1.6643,15.98,0.011813,1375.642214
2026-09-22T02:10:06.756Z,AR,4.5158,6480,4.507,1375.642214
2026-09-22T02:10:06.756Z,SHIB,-1.733,0.0081,0.000005992,1375.642214
2026-09-22T02:10:06.756Z,CELO,-1.4093,127.8,0.09423,1375.642214
2026-09-22T02:10:06.756Z,STX,-2.6057,449.1,0.3352,1375.642214
2026-09-22T02:10:06.756Z,JUP,-1.8789,396.3,0.2936,1375.642214
2026-09-22T02:10:06.756Z,PEPE,-1.3935,0.0068,0.000005013,1375.642214
2026-09-22T02:10:06.756Z,DYDX,0.7053,190,0.13715,1375.642214
2026-09-22T02:10:06.756Z,KITE,0.3191,164.9,0.11949,1375.642214
2026-09-22T02:10:06.756Z,CRV,-0.4746,500,0.3652,1375.642214
2026-09-22T02:10:06.756Z,ENJ,5.3049,40.88,0.02822,1375.642214
2026-09-22T02:10:06.756Z,ATOM,17.5087,2900,1.794,1375.642214
2026-09-22T02:10:06.756Z,ICP,-1.4792,4032,2.975,1375.642214
2026-09-22T02:10:06.756Z,SPACE,-0.8368,7.013,0.005141,1375.642214
2026-09-22T02:10:06.756Z,DOT,-2.1975,1604,1.1922,1375.642214
2026-09-22T02:10:06.756Z,ETHFI,5.1197,1027,0.7102,1375.642214
2026-09-22T02:10:06.756Z,CC,1.1229,163.3,0.11739,1375.642214
2026-09-22T02:10:06.756Z,SYRUP,-0.8727,304.5,0.2233,1375.642214
2026-09-22T02:10:06.756Z,TAO,-1.6732,427700,316.2,1375.642214
2026-09-22T02:10:06.756Z,GRAM,-1.4166,1961,1.446,1375.642214
2026-09-22T02:10:06.756Z,RAY,-8.0022,2257,1.7834,1375.642214
2026-09-22T02:10:06.756Z,RENDER,-7.914,2360,1.863,1375.642214
2026-09-22T02:10:06.756Z,GRASS,-0.2637,568.7,0.4145,1375.642214
2026-09-22T02:10:06.756Z,MINA,-3.2191,170.8,0.12829,1375.642214
2026-09-22T02:10:06.756Z,POL,0.6421,152.5,0.11015,1375.642214
2026-09-22T02:10:06.756Z,ENA,-2.0066,284.8,0.21127,1375.642214
2026-09-22T02:10:06.756Z,SAND,-3.729,55,0.04153,1375.642214
2026-09-22T02:10:06.756Z,AERO,0.3468,950,0.6882,1375.642214
2026-09-22T02:15:06.957Z,BTC,-2.0931,115250000,85570.1,1375.642214
2026-09-22T02:15:06.957Z,XRP,-2.1399,2036,1.5124,1375.642214
2026-09-22T02:15:06.957Z,SOL,-2.0352,158200,117.39,1375.642214
2026-09-22T02:15:06.957Z,ETH,-2.1326,3692000,2742.32,1375.642214
2026-09-22T02:15:06.957Z,FIL,-2.6603,1344,1.0037,1375.642214
2026-09-22T02:15:06.957Z,TRX,-2.2219,468.1,0.34801,1375.642214
2026-09-22T02:15:06.957Z,BNB,-1.9503,1063000,788.1,1375.642214
2026-09-22T02:15:06.957Z,WLD,-2.233,622.7,0.463,1375.642214
2026-09-22T02:15:06.957Z,FLOW,-0.5989,44.55,0.03258,1375.642214
2026-09-22T02:15:06.957Z,LINK,-1.4347,17620,12.995,1375.642214
2026-09-22T02:15:06.957Z,DOGE,-2.187,134.3,0.09981,1375.642214
2026-09-22T02:15:06.957Z,SUI,-1.8563,1406,1.0414,1375.642214
2026-09-22T02:15:06.957Z,XLM,-2.3984,284.4,0.21182,1375.642214
2026-09-22T02:15:06.957Z,BCH,-2.2173,357000,265.4,1375.642214
2026-09-22T02:15:06.957Z,AVAX,-2.0658,15000,11.134,1375.642214
2026-09-22T02:15:06.957Z,ETC,-2.5692,11800,8.804,1375.642214
2026-09-22T02:15:06.957Z,AAVE,-2.4611,192600,143.54,1375.642214
2026-09-22T02:15:06.957Z,ADA,-2.0799,331.1,0.2458,1375.642214
2026-09-22T02:15:06.957Z,HYPE,-2.6349,125200,93.475,1375.642214
2026-09-22T02:15:06.957Z,SEI,-1.7628,81.07,0.05999,1375.642214
2026-09-22T02:15:06.957Z,HBAR,-2.3037,123.2,0.09167,1375.642214
2026-09-22T02:15:06.957Z,ARB,-2.409,297.7,0.22175,1375.642214
2026-09-22T02:15:06.957Z,JTO,-1.5398,692.4,0.5112,1375.642214
2026-09-22T02:15:06.957Z,ONDO,-2.5407,589.1,0.4394,1375.642214
2026-09-22T02:15:06.957Z,QTUM,-2.3797,1328,0.9889,1375.642214
2026-09-22T02:15:06.957Z,PYTH,-0.97,86.07,0.06318,1375.642214
2026-09-22T02:15:06.957Z,APT,7.7638,1140,0.769,1375.642214
2026-09-22T02:15:06.957Z,UNI,-3.2194,12110,9.096,1375.642214
2026-09-22T02:15:06.957Z,TIA,-2.5144,590.6,0.4404,1375.642214
2026-09-22T02:15:06.957Z,ALGO,-3.0061,149,0.11167,1375.642214
2026-09-22T02:15:06.957Z,NEAR,-3.2145,5805,4.36,1375.642214
2026-09-22T02:15:06.957Z,ZIL,-5.2171,4.78,0.003666,1375.642214
2026-09-22T02:15:06.957Z,SUSHI,0.2933,350.3,0.2539,1375.642214
2026-09-22T02:15:06.957Z,PENDLE,-0.4309,3401,2.483,1375.642214
2026-09-22T02:15:06.957Z,XTZ,-2.7689,454.5,0.3398,1375.642214
2026-09-22T02:15:06.957Z,W,-1.7973,15.98,0.011829,1375.642214
2026-09-22T02:15:06.957Z,AR,4.4926,6480,4.508,1375.642214
2026-09-22T02:15:06.957Z,SHIB,-1.7494,0.0081,0.000005993,1375.642214
2026-09-22T02:15:06.957Z,CELO,-1.7741,127.8,0.09458,1375.642214
2026-09-22T02:15:06.957Z,STX,-2.4311,449.1,0.3346,1375.642214
2026-09-22T02:15:06.957Z,JUP,-1.8789,396.3,0.2936,1375.642214
2026-09-22T02:15:06.957Z,PEPE,-1.8438,0.0068,0.000005036,1375.642214
2026-09-22T02:15:06.957Z,DYDX,0.5953,190,0.1373,1375.642214
2026-09-22T02:15:06.957Z,KITE,0.3779,164.9,0.11942,1375.642214
2026-09-22T02:15:06.957Z,CRV,-0.2835,500,0.3645,1375.642214
2026-09-22T02:15:06.957Z,ENJ,5.1558,40.88,0.02826,1375.642214
2026-09-22T02:15:06.957Z,ATOM,17.3125,2900,1.797,1375.642214
2026-09-22T02:15:06.957Z,ICP,-1.3465,4032,2.971,1375.642214
2026-09-22T02:15:06.957Z,SPACE,-0.9331,7.013,0.005146,1375.642214
2026-09-22T02:15:06.957Z,DOT,-2.1893,1604,1.1921,1375.642214
2026-09-22T02:15:06.957Z,ETHFI,4.9424,1027,0.7114,1375.642214
2026-09-22T02:15:06.957Z,CC,1.4773,163.3,0.11698,1375.642214
2026-09-22T02:15:06.957Z,SYRUP,-0.9171,304.5,0.2234,1375.642214
2026-09-22T02:15:06.957Z,TAO,-2.1374,427700,317.7,1375.642214
2026-09-22T02:15:06.957Z,GRAM,-1.4166,1961,1.446,1375.642214
2026-09-22T02:15:06.957Z,RAY,-8.3056,2257,1.7893,1375.642214
2026-09-22T02:15:06.957Z,RENDER,-8.5521,2360,1.876,1375.642214
2026-09-22T02:15:06.957Z,GRASS,-1.0988,568.7,0.418,1375.642214
2026-09-22T02:15:06.957Z,MINA,-3.0983,170.8,0.12813,1375.642214
2026-09-22T02:15:06.957Z,POL,0.7153,152.5,0.11007,1375.642214
2026-09-22T02:15:06.957Z,ENA,-2.0252,284.8,0.21131,1375.642214
2026-09-22T02:15:06.957Z,SAND,-3.8448,55,0.04158,1375.642214
2026-09-22T02:15:06.957Z,AERO,0.1576,950,0.6895,1375.642214
2026-09-22T02:20:06.920Z,BTC,-1.9932,115351000,85557.8,1375.642214
2026-09-22T02:20:06.920Z,XRP,-2.1168,2035,1.5113,1375.642214
2026-09-22T02:20:06.920Z,SOL,-1.9635,158100,117.23,1375.642214
2026-09-22T02:20:06.920Z,ETH,-1.9953,3693000,2739.22,1375.642214
2026-09-22T02:20:06.920Z,FIL,-2.5341,1344,1.0024,1375.642214
2026-09-22T02:20:06.920Z,TRX,-2.2091,468,0.34789,1375.642214
2026-09-22T02:20:06.920Z,BNB,-1.9627,1063000,788.2,1375.642214
2026-09-22T02:20:06.920Z,WLD,-1.3864,626.6,0.4619,1375.642214
2026-09-22T02:20:06.920Z,FLOW,-0.8362,44.43,0.03257,1375.642214
2026-09-22T02:20:06.920Z,LINK,-1.2523,17620,12.971,1375.642214
2026-09-22T02:20:06.920Z,DOGE,-1.6318,134.9,0.09969,1375.642214
2026-09-22T02:20:06.920Z,SUI,-2.0911,1399,1.0387,1375.642214
2026-09-22T02:20:06.920Z,XLM,-1.814,286.4,0.21204,1375.642214
2026-09-22T02:20:06.920Z,BCH,-2.1067,357000,265.1,1375.642214
2026-09-22T02:20:06.920Z,AVAX,-1.916,15000,11.117,1375.642214
2026-09-22T02:20:06.920Z,ETC,-2.3807,11800,8.787,1375.642214
2026-09-22T02:20:06.920Z,AAVE,-2.2432,192600,143.22,1375.642214
2026-09-22T02:20:06.920Z,ADA,-1.839,333.4,0.2469,1375.642214
2026-09-22T02:20:06.920Z,HYPE,-2.4334,125200,93.282,1375.642214
2026-09-22T02:20:06.920Z,SEI,-1.8393,81.52,0.06037,1375.642214
2026-09-22T02:20:06.920Z,HBAR,-2.5482,123.2,0.0919,1375.642214
2026-09-22T02:20:06.920Z,ARB,-2.1398,297.7,0.22114,1375.642214
2026-09-22T02:20:06.920Z,JTO,-1.636,692.4,0.5117,1375.642214
2026-09-22T02:20:06.920Z,ONDO,-2.5407,589.1,0.4394,1375.642214
2026-09-22T02:20:06.920Z,QTUM,-2.3698,1328,0.9888,1375.642214
2026-09-22T02:20:06.920Z,PYTH,-0.8445,86.07,0.0631,1375.642214
2026-09-22T02:20:06.920Z,APT,7.568,1140,0.7704,1375.642214
2026-09-22T02:20:06.920Z,UNI,-2.7382,12110,9.051,1375.642214
2026-09-22T02:20:06.920Z,TIA,-2.5365,590.6,0.4405,1375.642214
2026-09-22T02:20:06.920Z,ALGO,-3.5331,149,0.11228,1375.642214
2026-09-22T02:20:06.920Z,NEAR,-1.4834,5940,4.383,1375.642214
2026-09-22T02:20:06.920Z,ZIL,-4.671,4.78,0.003645,1375.642214
2026-09-22T02:20:06.920Z,SUSHI,0.3328,350.3,0.2538,1375.642214
2026-09-22T02:20:06.920Z,PENDLE,-0.2703,3401,2.479,1375.642214
2026-09-22T02:20:06.920Z,XTZ,-2.683,454.5,0.3395,1375.642214
2026-09-22T02:20:06.920Z,W,-1.9879,15.98,0.011852,1375.642214
2026-09-22T02:20:06.920Z,AR,3.8934,6480,4.534,1375.642214
2026-09-22T02:20:06.920Z,SHIB,-1.6674,0.0081,0.000005988,1375.642214
2026-09-22T02:20:06.920Z,CELO,-1.9917,127.8,0.09479,1375.642214
2026-09-22T02:20:06.920Z,STX,-2.6057,449.1,0.3352,1375.642214
2026-09-22T02:20:06.920Z,JUP,-2.4107,396.3,0.2952,1375.642214
2026-09-22T02:20:06.920Z,PEPE,-2.174,0.0068,0.000005053,1375.642214
2026-09-22T02:20:06.920Z,DYDX,0.7053,190,0.13715,1375.642214
2026-09-22T02:20:06.920Z,KITE,0.3695,164.9,0.11943,1375.642214
2026-09-22T02:20:06.920Z,CRV,-0.0642,500,0.3637,1375.642214
2026-09-22T02:20:06.920Z,ENJ,5.1186,40.88,0.02827,1375.642214
2026-09-22T02:20:06.920Z,ATOM,17.117,2900,1.8,1375.642214
2026-09-22T02:20:06.920Z,ICP,-1.4129,4032,2.973,1375.642214
2026-09-22T02:20:06.920Z,SPACE,-0.4495,7.013,0.005121,1375.642214
2026-09-22T02:20:06.920Z,DOT,-1.8187,1604,1.1876,1375.642214
2026-09-22T02:20:06.920Z,ETHFI,5.1494,1027,0.71,1375.642214
2026-09-22T02:20:06.920Z,CC,1.3733,163.3,0.1171,1375.642214
2026-09-22T02:20:06.920Z,SYRUP,-0.9614,304.5,0.2235,1375.642214
2026-09-22T02:20:06.920Z,TAO,-2.6278,427700,319.3,1375.642214
2026-09-22T02:20:06.920Z,GRAM,-1.3484,1961,1.445,1375.642214
2026-09-22T02:20:06.920Z,RAY,-8.3056,2257,1.7893,1375.642214
2026-09-22T02:20:06.920Z,RENDER,-9.1333,2360,1.888,1375.642214
2026-09-22T02:20:06.920Z,GRASS,-2.1985,568.7,0.4227,1375.642214
2026-09-22T02:20:06.920Z,MINA,-2.0278,170.8,0.12673,1375.642214
2026-09-22T02:20:06.920Z,POL,0.6696,152.5,0.11012,1375.642214
2026-09-22T02:20:06.920Z,ENA,-1.7509,284.8,0.21072,1375.642214
2026-09-22T02:20:06.920Z,SAND,-3.7522,55,0.04154,1375.642214
2026-09-22T02:20:06.920Z,AERO,0.2303,950,0.689,1375.642214
2026-09-22T02:25:06.954Z,BTC,-2.238,115166000,85634.5,1375.642214
2026-09-22T02:25:06.954Z,XRP,-2.1261,2041,1.5159,1375.642214
2026-09-22T02:25:06.954Z,SOL,-2.0436,158200,117.4,1375.642214
2026-09-22T02:25:06.954Z,ETH,-2.0829,3693000,2741.67,1375.642214
2026-09-22T02:25:06.954Z,FIL,-2.3717,1350,1.0052,1375.642214
2026-09-22T02:25:06.954Z,TRX,-2.2316,468,0.34797,1375.642214
2026-09-22T02:25:06.954Z,BNB,-2.0869,1063000,789.2,1375.642214
2026-09-22T02:25:06.954Z,WLD,-2.0166,623,0.4622,1375.642214
2026-09-22T02:25:06.954Z,FLOW,-0.6838,44.43,0.03252,1375.642214
2026-09-22T02:25:06.954Z,LINK,-1.4574,17620,12.998,1375.642214
2026-09-22T02:25:06.954Z,DOGE,-2.0734,134.2,0.09962,1375.642214
2026-09-22T02:25:06.954Z,SUI,-1.9356,1405,1.0415,1375.642214
2026-09-22T02:25:06.954Z,XLM,-2.2338,285.7,0.21243,1375.642214
2026-09-22T02:25:06.954Z,BCH,-2.1805,357000,265.3,1375.642214
2026-09-22T02:25:06.954Z,AVAX,-2.0658,15000,11.134,1375.642214
2026-09-22T02:25:06.954Z,ETC,-2.6355,11800,8.81,1375.642214
2026-09-22T02:25:06.954Z,AAVE,-2.5494,192600,143.67,1375.642214
2026-09-22T02:25:06.954Z,ADA,-2.0374,333.4,0.2474,1375.642214
2026-09-22T02:25:06.954Z,HYPE,-2.1417,125600,93.301,1375.642214
2026-09-22T02:25:06.954Z,SEI,-2.8412,81.53,0.061,1375.642214
2026-09-22T02:25:06.954Z,HBAR,-2.195,124.4,0.09246,1375.642214
2026-09-22T02:25:06.954Z,ARB,-2.4486,297.7,0.22184,1375.642214
2026-09-22T02:25:06.954Z,JTO,-2.2283,692.4,0.5148,1375.642214
2026-09-22T02:25:06.954Z,ONDO,-2.8722,589.1,0.4409,1375.642214
2026-09-22T02:25:06.954Z,QTUM,-2.498,1328,0.9901,1375.642214
2026-09-22T02:25:06.954Z,PYTH,-2.0131,85.77,0.06363,1375.642214
2026-09-22T02:25:06.954Z,APT,7.3729,1140,0.7718,1375.642214
2026-09-22T02:25:06.954Z,UNI,-3.1129,12110,9.086,1375.642214
2026-09-22T02:25:06.954Z,TIA,-3.1084,590.6,0.4431,1375.642214
2026-09-22T02:25:06.954Z,ALGO,-4.1393,149,0.11299,1375.642214
2026-09-22T02:25:06.954Z,NEAR,-2.0932,5980,4.44,1375.642214
2026-09-22T02:25:06.954Z,ZIL,-4.9838,4.78,0.003657,1375.642214
2026-09-22T02:25:06.954Z,SUSHI,-0.0217,350.3,0.2547,1375.642214
2026-09-22T02:25:06.954Z,PENDLE,-0.5511,3401,2.486,1375.642214
2026-09-22T02:25:06.954Z,XTZ,-2.9688,454.5,0.3405,1375.642214
2026-09-22T02:25:06.954Z,W,-1.9714,15.98,0.01185,1375.642214
2026-09-22T02:25:06.954Z,AR,4.1461,6480,4.523,1375.642214
2026-09-22T02:25:06.954Z,SHIB,-1.6181,0.0081,0.000005985,1375.642214
2026-09-22T02:25:06.954Z,CELO,-1.9089,127.8,0.09471,1375.642214
2026-09-22T02:25:06.954Z,STX,-2.8954,449.1,0.3362,1375.642214
2026-09-22T02:25:06.954Z,JUP,-2.773,396.3,0.2963,1375.642214
2026-09-22T02:25:06.954Z,PEPE,-2.0424,0.0067,0.000004972,1375.642214
2026-09-22T02:25:06.954Z,DYDX,0.3905,190,0.13758,1375.642214
2026-09-22T02:25:06.954Z,KITE,0.2687,164.9,0.11955,1375.642214
2026-09-22T02:25:06.954Z,CRV,-0.4746,500,0.3652,1375.642214
2026-09-22T02:25:06.954Z,ENJ,5.0814,40.88,0.02828,1375.642214
2026-09-22T02:25:06.954Z,ATOM,16.8573,2900,1.804,1375.642214
2026-09-22T02:25:06.954Z,ICP,-1.6775,4032,2.981,1375.642214
2026-09-22T02:25:06.954Z,SPACE,-0.5854,7.013,0.005128,1375.642214
2026-09-22T02:25:06.954Z,DOT,-2.3613,1604,1.1942,1375.642214
2026-09-22T02:25:06.954Z,ETHFI,4.9277,1027,0.7115,1375.642214
2026-09-22T02:25:06.954Z,CC,1.2437,163.3,0.11725,1375.642214
2026-09-22T02:25:06.954Z,SYRUP,-1.0057,304.5,0.2236,1375.642214
2026-09-22T02:25:06.954Z,TAO,-3.7432,427700,323,1375.642214
2026-09-22T02:25:06.954Z,GRAM,-1.4847,1961,1.447,1375.642214
2026-09-22T02:25:06.954Z,RAY,-8.8304,2257,1.7996,1375.642214
2026-09-22T02:25:06.954Z,RENDER,-9.2295,2360,1.89,1375.642214
2026-09-22T02:25:06.954Z,GRASS,-2.1059,568.7,0.4223,1375.642214
2026-09-22T02:25:06.954Z,MINA,-1.9349,170.8,0.12661,1375.642214
2026-09-22T02:25:06.954Z,POL,0.4415,152.5,0.11037,1375.642214
2026-09-22T02:25:06.954Z,ENA,-2.0252,284.8,0.21131,1375.642214
2026-09-22T02:25:06.954Z,SAND,-3.9603,55,0.04163,1375.642214
2026-09-22T02:25:06.954Z,AERO,0.1285,950,0.6897,1375.642214
2026-09-22T02:30:06.968Z,BTC,-2.0215,115562000,85739.1,1375.642214
2026-09-22T02:30:06.968Z,XRP,-2.0387,2047,1.519,1375.642214
2026-09-22T02:30:06.968Z,SOL,-2.083,158500,117.67,1375.642214
2026-09-22T02:30:06.968Z,ETH,-2.1101,3696000,2744.66,1375.642214
2026-09-22T02:30:06.968Z,FIL,-2.3134,1350,1.0046,1375.642214
2026-09-22T02:30:06.968Z,TRX,-2.341,468,0.34836,1375.642214
2026-09-22T02:30:06.968Z,BNB,-2.2356,1063000,790.4,1375.642214
2026-09-22T02:30:06.968Z,WLD,-2.2492,623,0.4633,1375.642214
2026-09-22T02:30:06.968Z,FLOW,-0.6532,44.43,0.03251,1375.642214
2026-09-22T02:30:06.968Z,LINK,-1.6013,17620,13.017,1375.642214
2026-09-22T02:30:06.968Z,DOGE,-2.2347,134.1,0.09971,1375.642214
2026-09-22T02:30:06.968Z,SUI,-2.022,1426,1.058,1375.642214
2026-09-22T02:30:06.968Z,XLM,-2.0259,288.1,0.21376,1375.642214
2026-09-22T02:30:06.968Z,BCH,-2.5112,357000,266.2,1375.642214
2026-09-22T02:30:06.968Z,AVAX,-2.4338,15000,11.176,1375.642214
2026-09-22T02:30:06.968Z,ETC,-2.933,11800,8.837,1375.642214
2026-09-22T02:30:06.968Z,AAVE,-2.7727,192600,144,1375.642214
2026-09-22T02:30:06.968Z,ADA,-2.3724,333.2,0.2481,1375.642214
2026-09-22T02:30:06.968Z,HYPE,-2.0373,125800,93.35,1375.642214
2026-09-22T02:30:06.968Z,SEI,-2.1947,82.53,0.06134,1375.642214
2026-09-22T02:30:06.968Z,HBAR,-2.2479,124.4,0.09251,1375.642214
2026-09-22T02:30:06.968Z,ARB,-2.5979,297.7,0.22218,1375.642214
2026-09-22T02:30:06.968Z,JTO,-2.1142,692.4,0.5142,1375.642214
2026-09-22T02:30:06.968Z,ONDO,-1.9757,597.1,0.4428,1375.642214
2026-09-22T02:30:06.968Z,QTUM,-2.6749,1328,0.9919,1375.642214
2026-09-22T02:30:06.968Z,PYTH,-1.9669,85.77,0.0636,1375.642214
2026-09-22T02:30:06.968Z,APT,7.0538,1140,0.7741,1375.642214
2026-09-22T02:30:06.968Z,UNI,-3.5059,12110,9.123,1375.642214
2026-09-22T02:30:06.968Z,TIA,-3.3918,590.6,0.4444,1375.642214
2026-09-22T02:30:06.968Z,ALGO,-4.2325,149,0.1131,1375.642214
2026-09-22T02:30:06.968Z,NEAR,-1.8944,5980,4.431,1375.642214
2026-09-22T02:30:06.968Z,ZIL,-5.475,4.78,0.003676,1375.642214
2026-09-22T02:30:06.968Z,SUSHI,-0.1002,350.3,0.2549,1375.642214
2026-09-22T02:30:06.968Z,PENDLE,-0.471,3401,2.484,1375.642214
2026-09-22T02:30:06.968Z,XTZ,-3.5636,454.5,0.3426,1375.642214
2026-09-22T02:30:06.968Z,W,-2.2847,15.98,0.011888,1375.642214
2026-09-22T02:30:06.968Z,AR,4.2613,6480,4.518,1375.642214
2026-09-22T02:30:06.968Z,SHIB,-1.7002,0.0081,0.00000599,1375.642214
2026-09-22T02:30:06.968Z,CELO,-2.2084,127.8,0.095,1375.642214
2026-09-22T02:30:06.968Z,STX,-3.0972,449.1,0.3369,1375.642214
2026-09-22T02:30:06.968Z,JUP,-2.773,396.3,0.2963,1375.642214
2026-09-22T02:30:06.968Z,PEPE,-2.8436,0.0067,0.000005013,1375.642214
2026-09-22T02:30:06.968Z,DYDX,0.0125,190,0.1381,1375.642214
2026-09-22T02:30:06.968Z,KITE,0.58,164.9,0.11918,1375.642214
2026-09-22T02:30:06.968Z,CRV,-1.0167,500,0.3672,1375.642214
2026-09-22T02:30:06.968Z,ENJ,4.9701,40.88,0.02831,1375.642214
2026-09-22T02:30:06.968Z,ATOM,16.4056,2900,1.811,1375.642214
2026-09-22T02:30:06.968Z,ICP,-1.9078,4032,2.988,1375.642214
2026-09-22T02:30:06.968Z,SPACE,-0.8368,7.013,0.005141,1375.642214
2026-09-22T02:30:06.968Z,DOT,-2.5246,1604,1.1962,1375.642214
2026-09-22T02:30:06.968Z,ETHFI,4.9129,1027,0.7116,1375.642214
2026-09-22T02:30:06.968Z,CC,0.9853,163.3,0.11755,1375.642214
2026-09-22T02:30:06.968Z,SYRUP,-1.1384,304.5,0.2239,1375.642214
2026-09-22T02:30:06.968Z,TAO,-3.773,427700,323.1,1375.642214
2026-09-22T02:30:06.968Z,GRAM,-1.5528,1961,1.448,1375.642214
2026-09-22T02:30:06.968Z,RAY,-9.0326,2257,1.8036,1375.642214
2026-09-22T02:30:06.968Z,RENDER,-9.037,2360,1.886,1375.642214
2026-09-22T02:30:06.968Z,GRASS,-3.3192,568.7,0.4276,1375.642214
2026-09-22T02:30:06.968Z,MINA,-2.213,170.8,0.12697,1375.642214
2026-09-22T02:30:06.968Z,POL,0.3324,152.5,0.11049,1375.642214
2026-09-22T02:30:06.968Z,ENA,-1.9881,284.8,0.21123,1375.642214
2026-09-22T02:30:06.968Z,SAND,-4.2822,55,0.04177,1375.642214
2026-09-22T02:30:06.968Z,AERO,0.114,950,0.6898,1375.642214
2026-09-22T02:35:06.975Z,BTC,-2.0973,115420000,85700,1375.642214
2026-09-22T02:35:06.975Z,XRP,-2.1666,2045,1.5195,1375.642214
2026-09-22T02:35:06.975Z,SOL,-2.3218,158100,117.66,1375.642214
2026-09-22T02:35:06.975Z,ETH,-2.0601,3696000,2743.26,1375.642214
2026-09-22T02:35:06.975Z,FIL,-2.6236,1350,1.0078,1375.642214
2026-09-22T02:35:06.975Z,TRX,-2.313,468,0.34826,1375.642214
2026-09-22T02:35:06.975Z,BNB,-2.2232,1063000,790.3,1375.642214
2026-09-22T02:35:06.975Z,WLD,-2.4911,622.8,0.4643,1375.642214
2026-09-22T02:35:06.975Z,FLOW,-1.2553,44.12,0.03248,1375.642214
2026-09-22T02:35:06.975Z,LINK,-1.7371,17620,13.035,1375.642214
2026-09-22T02:35:06.975Z,DOGE,-2.1591,133.8,0.09941,1375.642214
2026-09-22T02:35:06.975Z,SUI,-2.1977,1426,1.0599,1375.642214
2026-09-22T02:35:06.975Z,XLM,-2.2545,288.1,0.21426,1375.642214
2026-09-22T02:35:06.975Z,BCH,-2.4746,357000,266.1,1375.642214
2026-09-22T02:35:06.975Z,AVAX,-2.4949,15000,11.183,1375.642214
2026-09-22T02:35:06.975Z,ETC,-2.9769,11800,8.841,1375.642214
2026-09-22T02:35:06.975Z,AAVE,-2.8267,192600,144.08,1375.642214
2026-09-22T02:35:06.975Z,ADA,-2.3632,333.5,0.2483,1375.642214
2026-09-22T02:35:06.975Z,HYPE,-2.0404,125800,93.353,1375.642214
2026-09-22T02:35:06.975Z,SEI,-2.4491,82.53,0.0615,1375.642214
2026-09-22T02:35:06.975Z,HBAR,-2.2267,124.4,0.09249,1375.642214
2026-09-22T02:35:06.975Z,ARB,-2.668,297.7,0.22234,1375.642214
2026-09-22T02:35:06.975Z,JTO,-2.6444,692.4,0.517,1375.642214
2026-09-22T02:35:06.975Z,ONDO,-2.1304,597.1,0.4435,1375.642214
2026-09-22T02:35:06.975Z,QTUM,-2.6553,1328,0.9917,1375.642214
2026-09-22T02:35:06.975Z,PYTH,-1.6576,85.77,0.0634,1375.642214
2026-09-22T02:35:06.975Z,APT,6.7917,1140,0.776,1375.642214
2026-09-22T02:35:06.975Z,UNI,-4.105,12110,9.18,1375.642214
2026-09-22T02:35:06.975Z,TIA,-3.1958,590.6,0.4435,1375.642214
2026-09-22T02:35:06.975Z,ALGO,-4.0713,149,0.11291,1375.642214
2026-09-22T02:35:06.975Z,NEAR,-2.6876,6020,4.497,1375.642214
2026-09-22T02:35:06.975Z,ZIL,-5.4235,4.78,0.003674,1375.642214
2026-09-22T02:35:06.975Z,SUSHI,-0.2957,350.3,0.2554,1375.642214
2026-09-22T02:35:06.975Z,PENDLE,-0.5111,3401,2.485,1375.642214
2026-09-22T02:35:06.975Z,XTZ,-3.4509,454.5,0.3422,1375.642214
2026-09-22T02:35:06.975Z,W,-2.0458,15.98,0.011859,1375.642214
2026-09-22T02:35:06.975Z,AR,4.3306,6480,4.515,1375.642214
2026-09-22T02:35:06.975Z,SHIB,-1.6509,0.0081,0.000005987,1375.642214
2026-09-22T02:35:06.975Z,CELO,-2.3728,127.8,0.09516,1375.642214
2026-09-22T02:35:06.975Z,STX,-3.0684,449.1,0.3368,1375.642214
2026-09-22T02:35:06.975Z,JUP,-2.8058,396.3,0.2964,1375.642214
2026-09-22T02:35:06.975Z,PEPE,-2.7271,0.0067,0.000005007,1375.642214
2026-09-22T02:35:06.975Z,DYDX,-0.0237,190,0.13815,1375.642214
2026-09-22T02:35:06.975Z,KITE,0.5126,164.9,0.11926,1375.642214
2026-09-22T02:35:06.975Z,CRV,-1.4194,500,0.3687,1375.642214
2026-09-22T02:35:06.975Z,ENJ,5.0814,40.88,0.02828,1375.642214
2026-09-22T02:35:06.975Z,ATOM,16.2772,2900,1.813,1375.642214
2026-09-22T02:35:06.975Z,ICP,-2.0717,4032,2.993,1375.642214
2026-09-22T02:35:06.975Z,SPACE,-0.566,7.013,0.005127,1375.642214
2026-09-22T02:35:06.975Z,DOT,-2.6304,1604,1.1975,1375.642214
2026-09-22T02:35:06.975Z,ETHFI,4.7657,1027,0.7126,1375.642214
2026-09-22T02:35:06.975Z,CC,0.8566,163.3,0.1177,1375.642214
2026-09-22T02:35:06.975Z,SYRUP,-1.0057,304.5,0.2236,1375.642214
2026-09-22T02:35:06.975Z,TAO,-4.2177,427700,324.6,1375.642214
2026-09-22T02:35:06.975Z,GRAM,-1.6207,1961,1.449,1375.642214
2026-09-22T02:35:06.975Z,RAY,-9.4793,2257,1.8125,1375.642214
2026-09-22T02:35:06.975Z,RENDER,-9.5168,2360,1.896,1375.642214
2026-09-22T02:35:06.975Z,GRASS,-3.0472,568.7,0.4264,1375.642214
2026-09-22T02:35:06.975Z,MINA,-1.8884,170.8,0.12655,1375.642214
2026-09-22T02:35:06.975Z,POL,0.487,152.5,0.11032,1375.642214
2026-09-22T02:35:06.975Z,ENA,-2.0623,284.8,0.21139,1375.642214
2026-09-22T02:35:06.975Z,SAND,-4.3051,55,0.04178,1375.642214
2026-09-22T02:35:06.975Z,AERO,0.027,950,0.6904,1375.642214
2026-09-22T02:40:06.998Z,BTC,-2.0556,115560000,85767.4,1375.642214
2026-09-22T02:40:06.998Z,XRP,-2.1271,2050,1.5226,1375.642214
2026-09-22T02:40:06.998Z,SOL,-2.1637,158800,117.99,1375.642214
2026-09-22T02:40:06.998Z,ETH,-2.1504,3696000,2745.79,1375.642214
2026-09-22T02:40:06.998Z,FIL,-1.9646,1359,1.0077,1375.642214
2026-09-22T02:40:06.998Z,TRX,-2.1163,468,0.34756,1375.642214
2026-09-22T02:40:06.998Z,BNB,-2.3344,1063000,791.2,1375.642214
2026-09-22T02:40:06.998Z,WLD,-2.0859,626.6,0.4652,1375.642214
2026-09-22T02:40:06.998Z,FLOW,-1.4979,44.12,0.03256,1375.642214
2026-09-22T02:40:06.998Z,LINK,-1.835,17620,13.048,1375.642214
2026-09-22T02:40:06.998Z,DOGE,-2.1618,134.2,0.09971,1375.642214
2026-09-22T02:40:06.998Z,SUI,-1.788,1434,1.0614,1375.642214
2026-09-22T02:40:06.998Z,XLM,-2.3502,288.1,0.21447,1375.642214
2026-09-22T02:40:06.998Z,BCH,-2.4121,357900,266.6,1375.642214
2026-09-22T02:40:06.998Z,AVAX,-2.582,15000,11.193,1375.642214
2026-09-22T02:40:06.998Z,ETC,-3.1959,11800,8.861,1375.642214
2026-09-22T02:40:06.998Z,AAVE,-3.1158,192600,144.51,1375.642214
2026-09-22T02:40:06.998Z,ADA,-1.8187,335.9,0.2487,1375.642214
2026-09-22T02:40:06.998Z,HYPE,-2.0131,125800,93.327,1375.642214
2026-09-22T02:40:06.998Z,SEI,-2.0092,83.01,0.06158,1375.642214
2026-09-22T02:40:06.998Z,HBAR,-2.4588,124.4,0.09271,1375.642214
2026-09-22T02:40:06.998Z,ARB,-3.1428,297.7,0.22343,1375.642214
2026-09-22T02:40:06.998Z,JTO,-2.8323,692.4,0.518,1375.642214
2026-09-22T02:40:06.998Z,ONDO,-2.2626,597.1,0.4441,1375.642214
2026-09-22T02:40:06.998Z,QTUM,-2.6062,1328,0.9912,1375.642214
2026-09-22T02:40:06.998Z,PYTH,-2.1976,85.77,0.06375,1375.642214
2026-09-22T02:40:06.998Z,APT,6.1488,1140,0.7807,1375.642214
2026-09-22T02:40:06.998Z,UNI,-5.4948,12110,9.315,1375.642214
2026-09-22T02:40:06.998Z,TIA,-2.1989,598.7,0.445,1375.642214
2026-09-22T02:40:06.998Z,ALGO,-2.0732,152.4,0.11313,1375.642214
2026-09-22T02:40:06.998Z,NEAR,-2.576,6110,4.559,1375.642214
2026-09-22T02:40:06.998Z,ZIL,-5.5264,4.78,0.003678,1375.642214
2026-09-22T02:40:06.998Z,SUSHI,-0.762,350.3,0.2566,1375.642214
2026-09-22T02:40:06.998Z,PENDLE,-1.3054,3401,2.505,1375.642214
2026-09-22T02:40:06.998Z,XTZ,-3.9561,454.5,0.344,1375.642214
2026-09-22T02:40:06.998Z,W,-2.4324,15.98,0.011906,1375.642214
2026-09-22T02:40:06.998Z,AR,3.5281,6480,4.55,1375.642214
2026-09-22T02:40:06.998Z,SHIB,-1.864,0.0081,0.000006,1375.642214
2026-09-22T02:40:06.998Z,CELO,-2.4307,128.1,0.09544,1375.642214
2026-09-22T02:40:06.998Z,STX,-3.2694,449.1,0.3375,1375.642214
2026-09-22T02:40:06.998Z,JUP,-3.4249,396.3,0.2983,1375.642214
2026-09-22T02:40:06.998Z,PEPE,-3.0177,0.0067,0.000005022,1375.642214
2026-09-22T02:40:06.998Z,DYDX,-0.2691,190,0.13849,1375.642214
2026-09-22T02:40:06.998Z,KITE,0.2771,164.9,0.11954,1375.642214
2026-09-22T02:40:06.998Z,CRV,-1.4729,500,0.3689,1375.642214
2026-09-22T02:40:06.998Z,ENJ,4.6743,40.88,0.02839,1375.642214
2026-09-22T02:40:06.998Z,ATOM,15.7664,2900,1.821,1375.642214
2026-09-22T02:40:06.998Z,ICP,-2.1697,4032,2.996,1375.642214
2026-09-22T02:40:06.998Z,SPACE,-0.7595,7.013,0.005137,1375.642214
2026-09-22T02:40:06.998Z,DOT,-2.6304,1604,1.1975,1375.642214
2026-09-22T02:40:06.998Z,ETHFI,4.2682,1027,0.716,1375.642214
2026-09-22T02:40:06.998Z,CC,0.5916,163.3,0.11801,1375.642214
2026-09-22T02:40:06.998Z,SYRUP,-1.1384,304.5,0.2239,1375.642214
2026-09-22T02:40:06.998Z,TAO,-4.0699,427700,324.1,1375.642214
2026-09-22T02:40:06.998Z,GRAM,-1.7563,1961,1.451,1375.642214
2026-09-22T02:40:06.998Z,RAY,-10.2026,2257,1.8271,1375.642214
2026-09-22T02:40:06.998Z,RENDER,-9.469,2360,1.895,1375.642214
2026-09-22T02:40:06.998Z,GRASS,-3.138,568.7,0.4268,1375.642214
2026-09-22T02:40:06.998Z,MINA,-3.302,170.8,0.1284,1375.642214
2026-09-22T02:40:06.998Z,POL,0.1693,152.5,0.11067,1375.642214
2026-09-22T02:40:06.998Z,ENA,-2.6746,284.8,0.21272,1375.642214
2026-09-22T02:40:06.998Z,SAND,-4.7156,55,0.04196,1375.642214
2026-09-22T02:40:06.998Z,AERO,-0.1032,950,0.6913,1375.642214
2026-09-22T02:45:06.963Z,BTC,-2.0351,115612000,85788.1,1375.642214
2026-09-22T02:45:06.963Z,XRP,-2.0756,2050,1.5218,1375.642214
2026-09-22T02:45:06.963Z,SOL,-1.9858,158900,117.85,1375.642214
2026-09-22T02:45:06.963Z,ETH,-1.988,3701000,2744.95,1375.642214
2026-09-22T02:45:06.963Z,FIL,-1.838,1359,1.0064,1375.642214
2026-09-22T02:45:06.963Z,TRX,-2.1231,467.9,0.34751,1375.642214
2026-09-22T02:45:06.963Z,BNB,-2.3468,1063000,791.3,1375.642214
2026-09-22T02:45:06.963Z,WLD,-2.007,623.6,0.4626,1375.642214
2026-09-22T02:45:06.963Z,FLOW,-1.3767,44.12,0.03252,1375.642214
2026-09-22T02:45:06.963Z,LINK,-1.5786,17620,13.014,1375.642214
2026-09-22T02:45:06.963Z,DOGE,-2.03,134.3,0.09965,1375.642214
2026-09-22T02:45:06.963Z,SUI,-1.6709,1428,1.0557,1375.642214
2026-09-22T02:45:06.963Z,XLM,-1.9968,288.9,0.21429,1375.642214
2026-09-22T02:45:06.963Z,BCH,-2.192,357900,266,1375.642214
2026-09-22T02:45:06.963Z,AVAX,-2.521,15000,11.186,1375.642214
2026-09-22T02:45:06.963Z,ETC,-2.878,11800,8.832,1375.642214
2026-09-22T02:45:06.963Z,AAVE,-2.7254,192600,143.93,1375.642214
2026-09-22T02:45:06.963Z,ADA,-1.3825,335.9,0.2476,1375.642214
2026-09-22T02:45:06.963Z,HYPE,-1.7869,125800,93.112,1375.642214
2026-09-22T02:45:06.963Z,SEI,-1.7539,83.01,0.06142,1375.642214
2026-09-22T02:45:06.963Z,HBAR,-2.2584,124.4,0.09252,1375.642214
2026-09-22T02:45:06.963Z,ARB,-1.8725,300.7,0.22276,1375.642214
2026-09-22T02:45:06.963Z,JTO,-2.569,692.4,0.5166,1375.642214
2026-09-22T02:45:06.963Z,ONDO,-1.887,597.1,0.4424,1375.642214
2026-09-22T02:45:06.963Z,QTUM,-2.4487,1328,0.9896,1375.642214
2026-09-22T02:45:06.963Z,PYTH,-2.0439,85.77,0.06365,1375.642214
2026-09-22T02:45:06.963Z,APT,6.8055,1140,0.7759,1375.642214
2026-09-22T02:45:06.963Z,UNI,-4.1989,12110,9.189,1375.642214
2026-09-22T02:45:06.963Z,TIA,-1.6908,598.7,0.4427,1375.642214
2026-09-22T02:45:06.963Z,ALGO,-1.8128,152.4,0.11283,1375.642214
2026-09-22T02:45:06.963Z,NEAR,-2.2113,6110,4.542,1375.642214
2026-09-22T02:45:06.963Z,ZIL,-5.0617,4.78,0.00366,1375.642214
2026-09-22T02:45:06.963Z,SUSHI,-0.762,350.3,0.2566,1375.642214
2026-09-22T02:45:06.963Z,PENDLE,-1.0684,3401,2.499,1375.642214
2026-09-22T02:45:06.963Z,XTZ,-3.9561,454.5,0.344,1375.642214
2026-09-22T02:45:06.963Z,W,-2.2025,15.98,0.011878,1375.642214
2026-09-22T02:45:06.963Z,AR,3.779,6480,4.539,1375.642214
2026-09-22T02:45:06.963Z,SHIB,-2.8813,0.008,0.000005988,1375.642214
2026-09-22T02:45:06.963Z,CELO,-2.3796,128.1,0.09539,1375.642214
2026-09-22T02:45:06.963Z,STX,-3.1259,449.1,0.337,1375.642214
2026-09-22T02:45:06.963Z,JUP,-3.0674,396.3,0.2972,1375.642214
2026-09-22T02:45:06.963Z,PEPE,-3.3065,0.0067,0.000005037,1375.642214
2026-09-22T02:45:06.963Z,DYDX,-0.0309,190,0.13816,1375.642214
2026-09-22T02:45:06.963Z,KITE,0.5547,164.9,0.11921,1375.642214
2026-09-22T02:45:06.963Z,CRV,-0.9898,500,0.3671,1375.642214
2026-09-22T02:45:06.963Z,ENJ,4.7481,40.88,0.02837,1375.642214
2026-09-22T02:45:06.963Z,ATOM,15.9574,2900,1.818,1375.642214
2026-09-22T02:45:06.963Z,ICP,-1.8421,4032,2.986,1375.642214
2026-09-22T02:45:06.963Z,SPACE,-0.566,7.013,0.005127,1375.642214
2026-09-22T02:45:06.963Z,DOT,-2.345,1604,1.194,1375.642214
2026-09-22T02:45:06.963Z,ETHFI,4.9719,1027,0.7112,1375.642214
2026-09-22T02:45:06.963Z,CC,0.7282,163.3,0.11785,1375.642214
2026-09-22T02:45:06.963Z,SYRUP,-1.1384,304.5,0.2239,1375.642214
2026-09-22T02:45:06.963Z,TAO,-1.6421,427700,316.1,1375.642214
2026-09-22T02:45:06.963Z,GRAM,-1.5528,1961,1.448,1375.642214
2026-09-22T02:45:06.963Z,RAY,-9.9611,2257,1.8222,1375.642214
2026-09-22T02:45:06.963Z,RENDER,-8.9404,2360,1.884,1375.642214
2026-09-22T02:45:06.963Z,GRASS,-3.0926,568.7,0.4266,1375.642214
2026-09-22T02:45:06.963Z,MINA,-3.6397,170.8,0.12885,1375.642214
2026-09-22T02:45:06.963Z,POL,0.2871,152.5,0.11054,1375.642214
2026-09-22T02:45:06.963Z,ENA,-2.2657,284.8,0.21183,1375.642214
2026-09-22T02:45:06.963Z,SAND,-4.4195,55,0.04183,1375.642214
2026-09-22T02:45:06.963Z,AERO,-0.1754,950,0.6918,1375.642214
2026-09-22T02:50:06.766Z,BTC,-2.0287,115611000,85781.7,1375.642214
2026-09-22T02:50:06.766Z,XRP,-2.0258,2047,1.5188,1375.642214
2026-09-22T02:50:06.766Z,SOL,-1.9643,158800,117.75,1375.642214
2026-09-22T02:50:06.766Z,ETH,-1.9878,3699000,2743.46,1375.642214
2026-09-22T02:50:06.766Z,FIL,-1.893,1355,1.004,1375.642214
2026-09-22T02:50:06.766Z,TRX,-2.1203,467.9,0.3475,1375.642214
2026-09-22T02:50:06.766Z,BNB,-2.2974,1063000,790.9,1375.642214
2026-09-22T02:50:06.766Z,WLD,-1.8727,620,0.4593,1375.642214
2026-09-22T02:50:06.766Z,FLOW,-1.2856,44.12,0.03249,1375.642214
2026-09-22T02:50:06.766Z,LINK,-1.3284,17620,12.981,1375.642214
