checkedAt,coin,premium,korbitPrice,foreignPrice,usdKrwRate
2026-09-06T00:00:06.920Z,BTC,1.1819,108903000,79786.3,1348.990395
2026-09-06T00:00:06.920Z,ETH,1.1966,3384000,2478.88,1348.990395
2026-09-06T00:00:06.920Z,SOL,1.37,141000,103.11,1348.990395
2026-09-06T00:00:06.920Z,BNB,1.0065,1044000,766.2,1348.990395
2026-09-06T00:00:06.920Z,XRP,1.3149,1929,1.4114,1348.990395
2026-09-06T00:00:06.920Z,ADA,1.5585,298.8,0.2181,1348.990395
2026-09-06T00:00:06.920Z,AVAX,1.1523,10350,7.585,1348.990395
2026-09-06T00:00:06.920Z,DOT,1.4651,1252,0.9147,1348.990395
2026-09-06T00:00:06.920Z,LINK,0.6659,16350,12.04,1348.990395
2026-09-06T00:00:06.920Z,DOGE,1.2323,122.4,0.08963,1348.990395
2026-09-06T00:00:06.920Z,TRX,1.2645,455.7,0.33359,1348.990395
2026-09-06T00:00:06.920Z,XLM,1.4743,251.6,0.1838,1348.990395
2026-09-06T00:00:06.920Z,SHIB,0.487,0.0074,0.000005459,1348.990395
2026-09-06T00:00:06.920Z,BCH,1.6385,351000,256,1348.990395
2026-09-06T00:00:06.920Z,UNI,0.9996,9600,7.046,1348.990395
2026-09-06T00:00:06.920Z,AAVE,-2.2128,177200,134.33,1348.990395
2026-09-06T00:00:06.920Z,SUSHI,1.1438,348.2,0.2552,1348.990395
2026-09-06T00:00:06.920Z,LDO,-9.5982,485,0.3977,1348.990395
2026-09-06T00:00:06.920Z,ICP,2.4249,3685,2.667,1348.990395
2026-09-06T00:00:06.920Z,NEAR,0.2949,2963,2.19,1348.990395
2026-09-06T00:00:06.920Z,HBAR,1.565,109.8,0.08014,1348.990395
2026-09-06T00:00:06.920Z,XTZ,1.4535,326,0.2382,1348.990395
2026-09-06T00:00:06.920Z,DYDX,-8.7449,149.2,0.1212,1348.990395
2026-09-06T00:00:06.920Z,ARB,0.2425,241,0.17822,1348.990395
2026-09-06T00:00:06.920Z,GMX,-1.574,10160,7.652,1348.990395
2026-09-06T00:00:06.920Z,IMX,0.9189,176,0.12928,1348.990395
2026-09-06T00:00:06.920Z,INJ,-2.9829,6460,4.936,1348.990395
2026-09-06T00:00:06.920Z,GRT,-7.3789,22.69,0.01816,1348.990395
2026-09-06T00:00:06.920Z,SUI,2.0901,1095,0.7951,1348.990395
2026-09-06T00:05:06.900Z,BTC,1.2722,109090000,79852,1348.990395
2026-09-06T00:05:06.900Z,ETH,1.2273,3385000,2478.86,1348.990395
2026-09-06T00:05:06.900Z,SOL,1.262,141000,103.22,1348.990395
2026-09-06T00:05:06.900Z,BNB,0.8223,1044000,767.6,1348.990395
2026-09-06T00:05:06.900Z,XRP,1.2552,1928,1.4115,1348.990395
2026-09-06T00:05:06.900Z,ADA,1.2798,298.8,0.2187,1348.990395
2026-09-06T00:05:06.900Z,AVAX,1.0325,10350,7.594,1348.990395
2026-09-06T00:05:06.900Z,DOT,1.2438,1252,0.9167,1348.990395
2026-09-06T00:05:06.900Z,LINK,0.424,16350,12.069,1348.990395
2026-09-06T00:05:06.900Z,DOGE,1.0069,122.4,0.08983,1348.990395
2026-09-06T00:05:06.900Z,TRX,1.1583,455.7,0.33394,1348.990395
2026-09-06T00:05:06.900Z,XLM,1.3806,251.6,0.18397,1348.990395
2026-09-06T00:05:06.900Z,SHIB,0.3583,0.0074,0.000005466,1348.990395
2026-09-06T00:05:06.900Z,BCH,1.4009,351000,256.6,1348.990395
2026-09-06T00:05:06.900Z,UNI,0.5288,9600,7.079,1348.990395
2026-09-06T00:05:06.900Z,AAVE,-2.6332,177200,134.91,1348.990395
2026-09-06T00:05:06.900Z,SUSHI,2.104,348.2,0.2528,1348.990395
2026-09-06T00:05:06.900Z,LDO,-10.4538,485,0.4015,1348.990395
2026-09-06T00:05:06.900Z,ICP,2.4633,3685,2.666,1348.990395
2026-09-06T00:05:06.900Z,NEAR,0.7087,2963,2.181,1348.990395
2026-09-06T00:05:06.900Z,HBAR,1.3753,109.8,0.08029,1348.990395
2026-09-06T00:05:06.900Z,XTZ,1.5814,326,0.2379,1348.990395
2026-09-06T00:05:06.900Z,DYDX,-9.0525,149.2,0.12161,1348.990395
2026-09-06T00:05:06.900Z,ARB,-1.2808,241,0.18097,1348.990395
2026-09-06T00:05:06.900Z,GMX,-1.5868,10160,7.653,1348.990395
2026-09-06T00:05:06.900Z,IMX,0.9814,176,0.1292,1348.990395
2026-09-06T00:05:06.900Z,INJ,-3.4717,6460,4.961,1348.990395
2026-09-06T00:05:06.900Z,GRT,-7.2257,22.69,0.01813,1348.990395
2026-09-06T00:05:06.900Z,SUI,2.0516,1095,0.7954,1348.990395
2026-09-06T00:10:06.714Z,BTC,1.268,109114000,79872.9,1348.990395
2026-09-06T00:10:06.714Z,ETH,1.259,3387000,2479.55,1348.990395
2026-09-06T00:10:06.714Z,SOL,1.2847,141100,103.27,1348.990395
2026-09-06T00:10:06.714Z,BNB,0.8223,1044000,767.6,1348.990395
2026-09-06T00:10:06.714Z,XRP,1.3315,1930,1.4119,1348.990395
2026-09-06T00:10:06.714Z,ADA,1.2922,298.7,0.2186,1348.990395
2026-09-06T00:10:06.714Z,AVAX,4.1392,10650,7.581,1348.990395
2026-09-06T00:10:06.714Z,DOT,1.3101,1252,0.9161,1348.990395
2026-09-06T00:10:06.714Z,LINK,1.4184,16490,12.053,1348.990395
2026-09-06T00:10:06.714Z,DOGE,1.3406,122.9,0.0899,1348.990395
2026-09-06T00:10:06.714Z,TRX,1.1644,455.7,0.33392,1348.990395
2026-09-06T00:10:06.714Z,XLM,1.3093,251.3,0.18388,1348.990395
2026-09-06T00:10:06.714Z,SHIB,0.3583,0.0074,0.000005466,1348.990395
2026-09-06T00:10:06.714Z,BCH,1.1643,351000,257.2,1348.990395
2026-09-06T00:10:06.714Z,UNI,0.5146,9600,7.08,1348.990395
2026-09-06T00:10:06.714Z,AAVE,-2.38,177200,134.56,1348.990395
2026-09-06T00:10:06.714Z,SUSHI,3.0827,348.2,0.2504,1348.990395
2026-09-06T00:10:06.714Z,LDO,-10.2526,485,0.4006,1348.990395
2026-09-06T00:10:06.714Z,ICP,2.6173,3685,2.662,1348.990395
2026-09-06T00:10:06.714Z,NEAR,0.7087,2963,2.181,1348.990395
2026-09-06T00:10:06.714Z,HBAR,1.3626,109.8,0.0803,1348.990395
2026-09-06T00:10:06.714Z,XTZ,1.241,326,0.2387,1348.990395
2026-09-06T00:10:06.714Z,DYDX,-9.2689,149.2,0.1219,1348.990395
2026-09-06T00:10:06.714Z,ARB,0.53,243.4,0.17948,1348.990395
2026-09-06T00:10:06.714Z,GMX,-1.5225,10160,7.648,1348.990395
2026-09-06T00:10:06.714Z,IMX,0.693,176,0.12957,1348.990395
2026-09-06T00:10:06.714Z,INJ,-3.5495,6460,4.965,1348.990395
2026-09-06T00:10:06.714Z,GRT,-6.9691,22.69,0.01808,1348.990395
2026-09-06T00:10:06.714Z,SUI,0.9459,1083,0.7953,1348.990395
2026-09-06T00:14:20.348Z,BTC,1.2983,109129000,79860,1348.990395
2026-09-06T00:14:20.348Z,ETH,1.2902,3389000,2480.25,1348.990395
2026-09-06T00:14:20.348Z,SOL,1.2455,141100,103.31,1348.990395
2026-09-06T00:14:20.348Z,BNB,0.7305,1044000,768.3,1348.990395
2026-09-06T00:14:20.348Z,XRP,1.248,1928,1.4116,1348.990395
2026-09-06T00:14:20.348Z,ADA,1.2922,298.7,0.2186,1348.990395
2026-09-06T00:14:20.348Z,AVAX,4.1255,10650,7.582,1348.990395
2026-09-06T00:14:20.348Z,DOT,1.3101,1252,0.9161,1348.990395
2026-09-06T00:14:20.348Z,LINK,1.4605,16490,12.048,1348.990395
2026-09-06T00:14:20.348Z,POL,-4.8281,125.6,0.09783,1348.990395
2026-09-06T00:14:20.348Z,DOGE,1.397,122.9,0.08985,1348.990395
2026-09-06T00:14:20.348Z,TRX,1.1553,455.7,0.33395,1348.990395
2026-09-06T00:14:20.348Z,XLM,1.3037,251.3,0.18389,1348.990395
2026-09-06T00:14:20.348Z,SHIB,0.3032,0.0074,0.000005469,1348.990395
2026-09-06T00:14:20.348Z,BCH,1.0464,351000,257.5,1348.990395
2026-09-06T00:14:20.348Z,UNI,0.4437,9600,7.085,1348.990395
2026-09-06T00:14:20.348Z,AAVE,-2.4017,177200,134.59,1348.990395
2026-09-06T00:14:20.348Z,SUSHI,2.8772,348.2,0.2509,1348.990395
2026-09-06T00:14:20.348Z,LDO,-10.4761,485,0.4016,1348.990395
2026-09-06T00:14:20.348Z,ICP,2.6173,3685,2.662,1348.990395
2026-09-06T00:14:20.348Z,NEAR,0.7087,2963,2.181,1348.990395
2026-09-06T00:14:20.348Z,HBAR,1.5017,109.8,0.08019,1348.990395
2026-09-06T00:14:20.348Z,XTZ,1.1986,326,0.2388,1348.990395
2026-09-06T00:14:20.348Z,DYDX,-9.9412,149.2,0.12281,1348.990395
2026-09-06T00:14:20.348Z,ARB,0.3009,243.4,0.17989,1348.990395
2026-09-06T00:14:20.348Z,GMX,-1.471,10160,7.644,1348.990395
2026-09-06T00:14:20.348Z,IMX,0.3831,176,0.12997,1348.990395
2026-09-06T00:14:20.348Z,INJ,-3.8207,6460,4.979,1348.990395
2026-09-06T00:14:20.348Z,GRT,-7.4299,22.69,0.01817,1348.990395
2026-09-06T00:14:20.348Z,SUI,0.8698,1083,0.7959,1348.990395
2026-09-06T00:14:20.348Z,HYPE,1.3357,116800,85.442,1348.990395
2026-09-06T00:15:06.877Z,BTC,1.2758,109110000,79863.8,1348.990395
2026-09-06T00:15:06.877Z,ETH,1.2804,3389000,2480.49,1348.990395
2026-09-06T00:15:06.877Z,SOL,1.2455,141100,103.31,1348.990395
2026-09-06T00:15:06.877Z,BNB,0.7698,1044000,768,1348.990395
2026-09-06T00:15:06.877Z,XRP,1.2552,1928,1.4115,1348.990395
2026-09-06T00:15:06.877Z,ADA,1.2798,298.8,0.2187,1348.990395
2026-09-06T00:15:06.877Z,AVAX,4.1392,10650,7.581,1348.990395
2026-09-06T00:15:06.877Z,DOT,1.3986,1252,0.9153,1348.990395
2026-09-06T00:15:06.877Z,LINK,1.4689,16490,12.047,1348.990395
2026-09-06T00:15:06.877Z,POL,-5.032,125.6,0.09804,1348.990395
2026-09-06T00:15:06.877Z,DOGE,1.3744,122.9,0.08987,1348.990395
2026-09-06T00:15:06.877Z,TRX,1.1432,455.7,0.33399,1348.990395
2026-09-06T00:15:06.877Z,XLM,1.2872,251.3,0.18392,1348.990395
2026-09-06T00:15:06.877Z,SHIB,0.3032,0.0074,0.000005469,1348.990395
2026-09-06T00:15:06.877Z,BCH,1.0857,351000,257.4,1348.990395
2026-09-06T00:15:06.877Z,UNI,0.387,9600,7.089,1348.990395
2026-09-06T00:15:06.877Z,AAVE,-2.3872,177200,134.57,1348.990395
2026-09-06T00:15:06.877Z,SUSHI,2.7544,348.2,0.2512,1348.990395
2026-09-06T00:15:06.877Z,LDO,-10.5206,485,0.4018,1348.990395
2026-09-06T00:15:06.877Z,ICP,2.6173,3685,2.662,1348.990395
2026-09-06T00:15:06.877Z,NEAR,0.6626,2963,2.182,1348.990395
2026-09-06T00:15:06.877Z,HBAR,1.4384,109.8,0.08024,1348.990395
2026-09-06T00:15:06.877Z,XTZ,1.3259,326,0.2385,1348.990395
2026-09-06T00:15:06.877Z,DYDX,-9.6321,149.2,0.12239,1348.990395
2026-09-06T00:15:06.877Z,ARB,0.3009,243.4,0.17989,1348.990395
2026-09-06T00:15:06.877Z,GMX,-1.4839,10160,7.645,1348.990395
2026-09-06T00:15:06.877Z,IMX,0.2597,176,0.13013,1348.990395
2026-09-06T00:15:06.877Z,INJ,-3.8593,6460,4.981,1348.990395
2026-09-06T00:15:06.877Z,GRT,-7.5317,22.69,0.01819,1348.990395
2026-09-06T00:15:06.877Z,SUI,0.8444,1083,0.7961,1348.990395
2026-09-06T00:15:06.877Z,HYPE,1.3274,116800,85.449,1348.990395
2026-09-06T00:20:06.882Z,BTC,1.26,109092000,79863.1,1348.990395
2026-09-06T00:20:06.882Z,ETH,1.2374,3388000,2480.81,1348.990395
2026-09-06T00:20:06.882Z,SOL,1.3565,141200,103.27,1348.990395
2026-09-06T00:20:06.882Z,BNB,0.7567,1044000,768.1,1348.990395
2026-09-06T00:20:06.882Z,XRP,1.2767,1928,1.4112,1348.990395
2026-09-06T00:20:06.882Z,ADA,1.3137,298.9,0.2187,1348.990395
2026-09-06T00:20:06.882Z,AVAX,4.0706,10650,7.586,1348.990395
2026-09-06T00:20:06.882Z,DOT,0.9794,1252,0.9191,1348.990395
2026-09-06T00:20:06.882Z,LINK,1.3931,16490,12.056,1348.990395
2026-09-06T00:20:06.882Z,POL,-5.2542,125.6,0.09827,1348.990395
2026-09-06T00:20:06.882Z,DOGE,1.273,122.9,0.08996,1348.990395
2026-09-06T00:20:06.882Z,TRX,1.2491,456.3,0.33408,1348.990395
2026-09-06T00:20:06.882Z,XLM,1.2487,251.3,0.18399,1348.990395
2026-09-06T00:20:06.882Z,SHIB,0.3399,0.0074,0.000005467,1348.990395
2026-09-06T00:20:06.882Z,BCH,1.2824,351000,256.9,1348.990395
2026-09-06T00:20:06.882Z,UNI,0.2173,9600,7.101,1348.990395
2026-09-06T00:20:06.882Z,AAVE,-2.4959,177200,134.72,1348.990395
2026-09-06T00:20:06.882Z,SUSHI,3.0004,348.2,0.2506,1348.990395
2026-09-06T00:20:06.882Z,LDO,-10.3868,485,0.4012,1348.990395
2026-09-06T00:20:06.882Z,ICP,1.9281,3685,2.68,1348.990395
2026-09-06T00:20:06.882Z,NEAR,1.4868,2990,2.184,1348.990395
2026-09-06T00:20:06.882Z,HBAR,1.3626,109.8,0.0803,1348.990395
2026-09-06T00:20:06.882Z,XTZ,1.1139,326,0.239,1348.990395
2026-09-06T00:20:06.882Z,DYDX,-9.4398,149.2,0.12213,1348.990395
2026-09-06T00:20:06.882Z,ARB,1.1255,254.2,0.18634,1348.990395
2026-09-06T00:20:06.882Z,GMX,-1.5611,10160,7.651,1348.990395
2026-09-06T00:20:06.882Z,IMX,0.6619,176,0.12961,1348.990395
2026-09-06T00:20:06.882Z,INJ,-4.5111,6460,5.015,1348.990395
2026-09-06T00:20:06.882Z,GRT,-7.6332,22.69,0.01821,1348.990395
2026-09-06T00:20:06.882Z,SUI,1.1111,1086,0.7962,1348.990395
2026-09-06T00:20:06.882Z,HYPE,1.4521,116800,85.344,1348.990395
2026-09-06T00:25:06.891Z,BTC,1.3143,109108000,79832,1348.990395
2026-09-06T00:25:06.891Z,ETH,1.2486,3390000,2482,1348.990395
2026-09-06T00:25:06.891Z,SOL,1.3565,141200,103.27,1348.990395
2026-09-06T00:25:06.891Z,BNB,0.9143,1044000,766.9,1348.990395
2026-09-06T00:25:06.891Z,XRP,1.2503,1929,1.4123,1348.990395
2026-09-06T00:25:06.891Z,ADA,1.3746,299.9,0.2193,1348.990395
2026-09-06T00:25:06.891Z,AVAX,3.9746,10650,7.593,1348.990395
2026-09-06T00:25:06.891Z,DOT,0.6836,1252,0.9218,1348.990395
2026-09-06T00:25:06.891Z,LINK,1.3763,16490,12.058,1348.990395
2026-09-06T00:25:06.891Z,POL,-5.1287,125.6,0.09814,1348.990395
2026-09-06T00:25:06.891Z,DOGE,1.0446,122.8,0.09009,1348.990395
2026-09-06T00:25:06.891Z,TRX,1.2501,456.4,0.33415,1348.990395
2026-09-06T00:25:06.891Z,XLM,1.1278,251.3,0.18421,1348.990395
2026-09-06T00:25:06.891Z,SHIB,0.1933,0.0074,0.000005475,1348.990395
2026-09-06T00:25:06.891Z,BCH,0.8897,351000,257.9,1348.990395
2026-09-06T00:25:06.891Z,UNI,0.9299,9720,7.139,1348.990395
2026-09-06T00:25:06.891Z,AAVE,-2.799,177200,135.14,1348.990395
2026-09-06T00:25:06.891Z,SUSHI,3.2476,348.2,0.25,1348.990395
2026-09-06T00:25:06.891Z,LDO,-10.4983,485,0.4017,1348.990395
2026-09-06T00:25:06.891Z,ICP,1.6247,3685,2.688,1348.990395
2026-09-06T00:25:06.891Z,NEAR,1.0243,2990,2.194,1348.990395
2026-09-06T00:25:06.891Z,HBAR,1.0355,109.8,0.08056,1348.990395
2026-09-06T00:25:06.891Z,XTZ,0.9871,326,0.2393,1348.990395
2026-09-06T00:25:06.891Z,DYDX,-9.6543,149.2,0.12242,1348.990395
2026-09-06T00:25:06.891Z,ARB,0.7686,254.2,0.187,1348.990395
2026-09-06T00:25:06.891Z,GMX,-1.6768,10160,7.66,1348.990395
2026-09-06T00:25:06.891Z,IMX,-0.0629,176,0.13055,1348.990395
2026-09-06T00:25:06.891Z,INJ,-4.8904,6460,5.035,1348.990395
2026-09-06T00:25:06.891Z,GRT,-7.8357,22.69,0.01825,1348.990395
2026-09-06T00:25:06.891Z,SUI,1.035,1086,0.7968,1348.990395
2026-09-06T00:25:06.891Z,HYPE,1.4271,116800,85.365,1348.990395
2026-09-06T00:30:06.882Z,BTC,1.2867,109148000,79883,1348.990395
2026-09-06T00:30:06.882Z,ETH,1.2401,3395000,2485.87,1348.990395
2026-09-06T00:30:06.882Z,SOL,1.2291,141200,103.4,1348.990395
2026-09-06T00:30:06.882Z,BNB,0.7961,1044000,767.8,1348.990395
2026-09-06T00:30:06.882Z,XRP,1.2263,1931,1.4141,1348.990395
2026-09-06T00:30:06.882Z,ADA,1.3408,299.8,0.2193,1348.990395
2026-09-06T00:30:06.882Z,AVAX,3.8106,10650,7.605,1348.990395
2026-09-06T00:30:06.882Z,DOT,0.6945,1252,0.9217,1348.990395
2026-09-06T00:30:06.882Z,LINK,1.2336,16490,12.075,1348.990395
2026-09-06T00:30:06.882Z,POL,-4.9059,125.6,0.09791,1348.990395
2026-09-06T00:30:06.882Z,DOGE,0.9997,122.8,0.09013,1348.990395
2026-09-06T00:30:06.882Z,TRX,1.1895,456.4,0.33435,1348.990395
2026-09-06T00:30:06.882Z,XLM,1.2393,251.7,0.1843,1348.990395
2026-09-06T00:30:06.882Z,SHIB,0.0836,0.0074,0.000005481,1348.990395
2026-09-06T00:30:06.882Z,BCH,0.8115,351000,258.1,1348.990395
2026-09-06T00:30:06.882Z,UNI,1.0148,9720,7.133,1348.990395
2026-09-06T00:30:06.882Z,AAVE,-3.0644,177200,135.51,1348.990395
2026-09-06T00:30:06.882Z,SUSHI,3.9964,348.2,0.2482,1348.990395
2026-09-06T00:30:06.882Z,LDO,-10.9859,485,0.4039,1348.990395
2026-09-06T00:30:06.882Z,ICP,1.8141,3685,2.683,1348.990395
2026-09-06T00:30:06.882Z,NEAR,0.8404,2990,2.198,1348.990395
2026-09-06T00:30:06.882Z,HBAR,0.9603,109.8,0.08062,1348.990395
2026-09-06T00:30:06.882Z,XTZ,0.8607,326,0.2396,1348.990395
2026-09-06T00:30:06.882Z,DYDX,-9.5286,149.2,0.12225,1348.990395
2026-09-06T00:30:06.882Z,ARB,0.6125,254.2,0.18729,1348.990395
2026-09-06T00:30:06.882Z,GMX,-2.1494,10160,7.697,1348.990395
2026-09-06T00:30:06.882Z,IMX,-0.6715,176,0.13135,1348.990395
2026-09-06T00:30:06.882Z,INJ,-4.473,6460,5.013,1348.990395
2026-09-06T00:30:06.882Z,GRT,-8.1377,22.69,0.01831,1348.990395
2026-09-06T00:30:06.882Z,SUI,0.8957,1086,0.7979,1348.990395
2026-09-06T00:30:06.882Z,HYPE,1.3179,116800,85.457,1348.990395
2026-09-06T00:35:06.518Z,BTC,1.3332,109140000,79840.5,1348.990395
2026-09-06T00:35:06.518Z,ETH,1.2927,3395000,2484.58,1348.990395
2026-09-06T00:35:06.518Z,SOL,1.3694,141300,103.33,1348.990395
2026-09-06T00:35:06.518Z,BNB,0.8355,1044000,767.5,1348.990395
2026-09-06T00:35:06.518Z,XRP,1.281,1933,1.4148,1348.990395
2026-09-06T00:35:06.518Z,ADA,1.4173,300.3,0.2195,1348.990395
2026-09-06T00:35:06.518Z,AVAX,3.756,10650,7.609,1348.990395
2026-09-06T00:35:06.518Z,DOT,0.6509,1252,0.9221,1348.990395
2026-09-06T00:35:06.518Z,LINK,1.2504,16490,12.073,1348.990395
2026-09-06T00:35:06.518Z,POL,-5.0513,125.6,0.09806,1348.990395
2026-09-06T00:35:06.518Z,DOGE,0.899,122.8,0.09022,1348.990395
2026-09-06T00:35:06.518Z,TRX,1.7586,458.5,0.33401,1348.990395
2026-09-06T00:35:06.518Z,XLM,1.1624,251.7,0.18444,1348.990395
2026-09-06T00:35:06.518Z,SHIB,0.0654,0.0074,0.000005482,1348.990395
2026-09-06T00:35:06.518Z,BCH,0.8506,351000,258,1348.990395
2026-09-06T00:35:06.518Z,UNI,0.3396,9720,7.181,1348.990395
2026-09-06T00:35:06.518Z,AAVE,1.0311,185000,135.74,1348.990395
2026-09-06T00:35:06.518Z,SUSHI,0.6958,338.1,0.2489,1348.990395
2026-09-06T00:35:06.518Z,LDO,-10.8976,485,0.4035,1348.990395
2026-09-06T00:35:06.518Z,ICP,1.5869,3685,2.689,1348.990395
2026-09-06T00:35:06.518Z,NEAR,0.8404,2990,2.198,1348.990395
2026-09-06T00:35:06.518Z,HBAR,1.023,109.8,0.08057,1348.990395
2026-09-06T00:35:06.518Z,XTZ,0.9449,326,0.2394,1348.990395
2026-09-06T00:35:06.518Z,DYDX,-9.1795,149.2,0.12178,1348.990395
2026-09-06T00:35:06.518Z,ARB,8.2982,274.1,0.18762,1348.990395
2026-09-06T00:35:06.518Z,GMX,-1.7537,10160,7.666,1348.990395
2026-09-06T00:35:06.518Z,IMX,-1.0857,176,0.1319,1348.990395
2026-09-06T00:35:06.518Z,INJ,-4.6252,6460,5.021,1348.990395
2026-09-06T00:35:06.518Z,GRT,-7.8862,22.69,0.01826,1348.990395
2026-09-06T00:35:06.518Z,SUI,1.3602,1091,0.7979,1348.990395
2026-09-06T00:35:06.518Z,HYPE,1.2087,116700,85.476,1348.990395
2026-09-06T00:40:06.906Z,BTC,1.2105,109101000,79858.6,1349.83747
2026-09-06T00:40:06.906Z,ETH,1.2378,3397000,2485.83,1349.83747
2026-09-06T00:40:06.906Z,SOL,1.3058,141300,103.33,1349.83747
2026-09-06T00:40:06.906Z,BNB,0.8116,1044000,767.2,1349.83747
2026-09-06T00:40:06.906Z,XRP,1.2103,1933,1.4149,1349.83747
2026-09-06T00:40:06.906Z,ADA,1.3447,300,0.2193,1349.83747
2026-09-06T00:40:06.906Z,AVAX,3.7727,10650,7.603,1349.83747
2026-09-06T00:40:06.906Z,DOT,0.8063,1252,0.9201,1349.83747
2026-09-06T00:40:06.906Z,LINK,1.2371,16490,12.067,1349.83747
2026-09-06T00:40:06.906Z,POL,-5.0431,125.6,0.09799,1349.83747
2026-09-06T00:40:06.906Z,DOGE,0.9027,122.8,0.09016,1349.83747
2026-09-06T00:40:06.906Z,TRX,1.6856,458.5,0.33404,1349.83747
2026-09-06T00:40:06.906Z,XLM,0.9621,251.7,0.18469,1349.83747
2026-09-06T00:40:06.906Z,SHIB,0.1487,0.0074,0.000005474,1349.83747
2026-09-06T00:40:06.906Z,BCH,1.0615,351000,257.3,1349.83747
2026-09-06T00:40:06.906Z,UNI,1.3208,9720,7.107,1349.83747
2026-09-06T00:40:06.906Z,AAVE,1.4462,186000,135.83,1349.83747
2026-09-06T00:40:06.906Z,SUSHI,0.5922,338.1,0.249,1349.83747
2026-09-06T00:40:06.906Z,LDO,-10.5768,485,0.4018,1349.83747
2026-09-06T00:40:06.906Z,ICP,1.5232,3685,2.689,1349.83747
2026-09-06T00:40:06.906Z,NEAR,1.796,2990,2.176,1349.83747
2026-09-06T00:40:06.906Z,HBAR,1.3612,110.1,0.08047,1349.83747
2026-09-06T00:40:06.906Z,XTZ,1.0927,326,0.2389,1349.83747
2026-09-06T00:40:06.906Z,DYDX,-8.757,149.2,0.12114,1349.83747
2026-09-06T00:40:06.906Z,ARB,8.6123,274.1,0.18696,1349.83747
2026-09-06T00:40:06.906Z,GMX,-1.841,10160,7.668,1349.83747
2026-09-06T00:40:06.906Z,IMX,-1.0052,176,0.13171,1349.83747
2026-09-06T00:40:06.906Z,INJ,-4.4377,6460,5.008,1349.83747
2026-09-06T00:40:06.906Z,GRT,-7.7925,22.69,0.01823,1349.83747
2026-09-06T00:40:06.906Z,SUI,1.4364,1091,0.7968,1349.83747
2026-09-06T00:40:06.906Z,HYPE,1.2212,116800,85.485,1349.83747
2026-09-06T00:45:07.068Z,BTC,1.237,109100000,79837,1349.83747
2026-09-06T00:45:07.068Z,ETH,1.3055,3399000,2485.63,1349.83747
2026-09-06T00:45:07.068Z,SOL,1.3254,141300,103.31,1349.83747
2026-09-06T00:45:07.068Z,BNB,0.759,1044000,767.6,1349.83747
2026-09-06T00:45:07.068Z,XRP,1.2174,1933,1.4148,1349.83747
2026-09-06T00:45:07.068Z,ADA,1.2985,300,0.2194,1349.83747
2026-09-06T00:45:07.068Z,AVAX,3.6636,10650,7.611,1349.83747
2026-09-06T00:45:07.068Z,DOT,0.6423,1252,0.9216,1349.83747
2026-09-06T00:45:07.068Z,LINK,0.9193,16490,12.105,1349.83747
2026-09-06T00:45:07.068Z,POL,-5.0528,125.6,0.098,1349.83747
2026-09-06T00:45:07.068Z,DOGE,0.9139,122.8,0.09015,1349.83747
2026-09-06T00:45:07.068Z,TRX,1.6491,458.5,0.33416,1349.83747
2026-09-06T00:45:07.068Z,XLM,0.9184,251.7,0.18477,1349.83747
2026-09-06T00:45:07.068Z,SHIB,0.1122,0.0074,0.000005476,1349.83747
2026-09-06T00:45:07.068Z,BCH,1.0615,351000,257.3,1349.83747
2026-09-06T00:45:07.068Z,UNI,0.5427,9720,7.162,1349.83747
2026-09-06T00:45:07.068Z,AAVE,0.5872,186000,136.99,1349.83747
2026-09-06T00:45:07.068Z,SUSHI,-1.4655,338.1,0.2542,1349.83747
2026-09-06T00:45:07.068Z,LDO,-10.9976,485,0.4037,1349.83747
2026-09-06T00:45:07.068Z,ICP,1.5987,3685,2.687,1349.83747
2026-09-06T00:45:07.068Z,NEAR,1.5161,2990,2.182,1349.83747
2026-09-06T00:45:07.068Z,HBAR,1.2354,110.1,0.08057,1349.83747
2026-09-06T00:45:07.068Z,XTZ,1.5604,326,0.2378,1349.83747
2026-09-06T00:45:07.068Z,DYDX,-8.9899,149.2,0.12145,1349.83747
2026-09-06T00:45:07.068Z,ARB,7.7649,274.1,0.18843,1349.83747
2026-09-06T00:45:07.068Z,GMX,-2.0454,10160,7.684,1349.83747
2026-09-06T00:45:07.068Z,IMX,-1.1778,176,0.13194,1349.83747
2026-09-06T00:45:07.068Z,INJ,-4.969,6460,5.036,1349.83747
2026-09-06T00:45:07.068Z,GRT,-8.1452,22.69,0.0183,1349.83747
2026-09-06T00:45:07.068Z,SUI,1.2124,1089,0.7971,1349.83747
2026-09-06T00:45:07.068Z,HYPE,1.1721,116600,85.38,1349.83747
2026-09-06T00:50:06.889Z,BTC,1.2144,109070000,79832.8,1349.83747
2026-09-06T00:50:06.889Z,ETH,1.2396,3399000,2487.25,1349.83747
2026-09-06T00:50:06.889Z,SOL,1.4236,141300,103.21,1349.83747
2026-09-06T00:50:06.889Z,BNB,0.759,1044000,767.6,1349.83747
2026-09-06T00:50:06.889Z,XRP,1.2438,1932,1.4137,1349.83747
2026-09-06T00:50:06.889Z,ADA,1.4497,299.9,0.219,1349.83747
2026-09-06T00:50:06.889Z,AVAX,3.65,10650,7.612,1349.83747
2026-09-06T00:50:06.889Z,DOT,0.5005,1252,0.9229,1349.83747
2026-09-06T00:50:06.889Z,LINK,0.8111,16490,12.118,1349.83747
2026-09-06T00:50:06.889Z,POL,-5.5731,125.6,0.09854,1349.83747
2026-09-06T00:50:06.889Z,DOGE,0.9699,122.8,0.0901,1349.83747
2026-09-06T00:50:06.889Z,TRX,1.6126,458.5,0.33428,1349.83747
2026-09-06T00:50:06.889Z,XLM,0.984,251.7,0.18465,1349.83747
2026-09-06T00:50:06.889Z,SHIB,0.0939,0.0074,0.000005477,1349.83747
2026-09-06T00:50:06.889Z,BCH,1.1008,351000,257.2,1349.83747
2026-09-06T00:50:06.889Z,UNI,0.6833,9720,7.152,1349.83747
2026-09-06T00:50:06.889Z,AAVE,0.8243,187500,137.77,1349.83747
2026-09-06T00:50:06.889Z,SUSHI,2.2422,348.2,0.2523,1349.83747
2026-09-06T00:50:06.889Z,LDO,-10.5322,485,0.4016,1349.83747
2026-09-06T00:50:06.889Z,ICP,1.3724,3685,2.693,1349.83747
2026-09-06T00:50:06.889Z,NEAR,1.284,2990,2.187,1349.83747
2026-09-06T00:50:06.889Z,HBAR,1.2103,110.1,0.08059,1349.83747
2026-09-06T00:50:06.889Z,XTZ,1.4324,326,0.2381,1349.83747
2026-09-06T00:50:06.889Z,DYDX,-9.0797,149.2,0.12157,1349.83747
2026-09-06T00:50:06.889Z,ARB,5.2732,274.1,0.19289,1349.83747
2026-09-06T00:50:06.889Z,GMX,-2.6661,10160,7.733,1349.83747
2026-09-06T00:50:06.889Z,IMX,-1.2526,176,0.13204,1349.83747
2026-09-06T00:50:06.889Z,INJ,-4.9879,6460,5.037,1349.83747
2026-09-06T00:50:06.889Z,GRT,-8.3955,22.69,0.01835,1349.83747
2026-09-06T00:50:06.889Z,SUI,1.3395,1089,0.7961,1349.83747
2026-09-06T00:50:06.889Z,HYPE,1.2433,116600,85.32,1349.83747
2026-09-06T00:55:07.099Z,BTC,1.2142,109077000,79838.1,1349.83747
2026-09-06T00:55:07.099Z,ETH,1.2352,3400000,2488.09,1349.83747
2026-09-06T00:55:07.099Z,SOL,1.3843,141300,103.25,1349.83747
2026-09-06T00:55:07.099Z,BNB,0.7328,1044000,767.8,1349.83747
2026-09-06T00:55:07.099Z,XRP,1.2555,1934,1.415,1349.83747
2026-09-06T00:55:07.099Z,ADA,1.3109,299.9,0.2193,1349.83747
2026-09-06T00:55:07.099Z,AVAX,3.5684,10650,7.618,1349.83747
2026-09-06T00:55:07.099Z,DOT,0.675,1252,0.9213,1349.83747
2026-09-06T00:55:07.099Z,LINK,1.1139,16560,12.133,1349.83747
2026-09-06T00:55:07.099Z,POL,-5.7358,125.6,0.09871,1349.83747
2026-09-06T00:55:07.099Z,DOGE,0.8916,122.8,0.09017,1349.83747
2026-09-06T00:55:07.099Z,TRX,1.6795,458.5,0.33406,1349.83747
2026-09-06T00:55:07.099Z,XLM,0.9894,251.7,0.18464,1349.83747
2026-09-06T00:55:07.099Z,SHIB,0.0939,0.0074,0.000005477,1349.83747
2026-09-06T00:55:07.099Z,BCH,1.0615,351000,257.3,1349.83747
2026-09-06T00:55:07.099Z,UNI,0.3325,9720,7.177,1349.83747
2026-09-06T00:55:07.099Z,AAVE,0.3647,188000,138.77,1349.83747
2026-09-06T00:55:07.099Z,SUSHI,2.4859,348.2,0.2517,1349.83747
2026-09-06T00:55:07.099Z,LDO,-10.4207,485,0.4011,1349.83747
2026-09-06T00:55:07.099Z,ICP,1.0347,3685,2.702,1349.83747
2026-09-06T00:55:07.099Z,NEAR,1.4231,2990,2.184,1349.83747
2026-09-06T00:55:07.099Z,HBAR,1.2983,110.1,0.08052,1349.83747
2026-09-06T00:55:07.099Z,XTZ,1.5177,326,0.2379,1349.83747
2026-09-06T00:55:07.099Z,DYDX,-9.0423,149.2,0.12152,1349.83747
2026-09-06T00:55:07.099Z,ARB,5.6566,274.1,0.19219,1349.83747
2026-09-06T00:55:07.099Z,GMX,-3.4031,10160,7.792,1349.83747
2026-09-06T00:55:07.099Z,IMX,-1.1478,176,0.1319,1349.83747
2026-09-06T00:55:07.099Z,INJ,-4.6661,6460,5.02,1349.83747
2026-09-06T00:55:07.099Z,GRT,-8.6444,22.69,0.0184,1349.83747
2026-09-06T00:55:07.099Z,SUI,1.1616,1089,0.7975,1349.83747
2026-09-06T00:55:07.099Z,HYPE,1.1413,116600,85.406,1349.83747
2026-09-06T01:00:07.157Z,BTC,1.2111,109092000,79851.5,1349.83747
2026-09-06T01:00:07.157Z,ETH,1.2447,3402000,2489.32,1349.83747
2026-09-06T01:00:07.157Z,SOL,1.2212,141100,103.27,1349.83747
2026-09-06T01:00:07.157Z,BNB,0.8773,1044000,766.7,1349.83747
2026-09-06T01:00:07.157Z,XRP,1.2223,1932,1.414,1349.83747
2026-09-06T01:00:07.157Z,ADA,1.3785,300.1,0.2193,1349.83747
2026-09-06T01:00:07.157Z,AVAX,3.5276,10650,7.621,1349.83747
2026-09-06T01:00:07.157Z,DOT,0.5768,1252,0.9222,1349.83747
2026-09-06T01:00:07.157Z,LINK,0.9059,16560,12.158,1349.83747
2026-09-06T01:00:07.157Z,POL,-5.9359,125.6,0.09892,1349.83747
2026-09-06T01:00:07.157Z,DOGE,1.3508,123.4,0.0902,1349.83747
2026-09-06T01:00:07.157Z,TRX,1.7039,458.5,0.33398,1349.83747
2026-09-06T01:00:07.157Z,XLM,1.3142,252.4,0.18456,1349.83747
2026-09-06T01:00:07.157Z,SHIB,1.428,0.0075,0.000005478,1349.83747
2026-09-06T01:00:07.157Z,BCH,1.0615,351000,257.3,1349.83747
2026-09-06T01:00:07.157Z,UNI,0.7631,9895,7.275,1349.83747
2026-09-06T01:00:07.157Z,AAVE,0.4687,188100,138.7,1349.83747
2026-09-06T01:00:07.157Z,SUSHI,2.3233,348.2,0.2521,1349.83747
2026-09-06T01:00:07.157Z,LDO,-10.7323,485,0.4025,1349.83747
2026-09-06T01:00:07.157Z,ICP,1.3724,3685,2.693,1349.83747
2026-09-06T01:00:07.157Z,NEAR,1.796,2990,2.176,1349.83747
2026-09-06T01:00:07.157Z,HBAR,1.2857,110.1,0.08053,1349.83747
2026-09-06T01:00:07.157Z,XTZ,1.5604,326,0.2378,1349.83747
2026-09-06T01:00:07.157Z,DYDX,-9.0198,149.2,0.12149,1349.83747
2026-09-06T01:00:07.157Z,ARB,5.3169,274.1,0.19281,1349.83747
2026-09-06T01:00:07.157Z,GMX,-3.4279,10160,7.794,1349.83747
2026-09-06T01:00:07.157Z,IMX,-1.1028,176,0.13184,1349.83747
2026-09-06T01:00:07.157Z,INJ,-4.7799,6460,5.026,1349.83747
2026-09-06T01:00:07.157Z,GRT,-8.7931,22.69,0.01843,1349.83747
2026-09-06T01:00:07.157Z,SUI,1.1616,1089,0.7975,1349.83747
2026-09-06T01:00:07.157Z,HYPE,1.3077,116800,85.412,1349.83747
2026-09-06T01:05:06.945Z,BTC,1.187,109136000,79902.8,1349.83747
2026-09-06T01:05:06.945Z,ETH,1.2881,3408000,2492.64,1349.83747
2026-09-06T01:05:06.945Z,SOL,1.2145,141200,103.35,1349.83747
2026-09-06T01:05:06.945Z,BNB,0.8247,1044000,767.1,1349.83747
2026-09-06T01:05:06.945Z,XRP,1.2626,1934,1.4149,1349.83747
2026-09-06T01:05:06.945Z,ADA,1.2737,300.2,0.2196,1349.83747
2026-09-06T01:05:06.945Z,AVAX,3.5956,10650,7.616,1349.83747
2026-09-06T01:05:06.945Z,DOT,0.7625,1252,0.9205,1349.83747
2026-09-06T01:05:06.945Z,LINK,0.7816,16560,12.173,1349.83747
2026-09-06T01:05:06.945Z,POL,-6.2675,125.6,0.09927,1349.83747
2026-09-06T01:05:06.945Z,DOGE,1.3958,123.4,0.09016,1349.83747
2026-09-06T01:05:06.945Z,TRX,1.6643,458.5,0.33411,1349.83747
2026-09-06T01:05:06.945Z,XLM,1.2648,252.4,0.18465,1349.83747
2026-09-06T01:05:06.945Z,SHIB,1.428,0.0075,0.000005478,1349.83747
2026-09-06T01:05:06.945Z,BCH,0.9047,351000,257.7,1349.83747
2026-09-06T01:05:06.945Z,UNI,1.3447,10000,7.31,1349.83747
2026-09-06T01:05:06.945Z,AAVE,0.8979,188100,138.11,1349.83747
2026-09-06T01:05:06.945Z,SUSHI,1.0803,348.2,0.2552,1349.83747
2026-09-06T01:05:06.945Z,LDO,-10.3984,485,0.401,1349.83747
2026-09-06T01:05:06.945Z,ICP,1.1845,3685,2.698,1349.83747
2026-09-06T01:05:06.945Z,NEAR,1.3304,2990,2.186,1349.83747
2026-09-06T01:05:06.945Z,HBAR,1.2731,110.1,0.08054,1349.83747
2026-09-06T01:05:06.945Z,XTZ,1.2623,326,0.2385,1349.83747
2026-09-06T01:05:06.945Z,DYDX,-8.8923,149.2,0.12132,1349.83747
2026-09-06T01:05:06.945Z,ARB,4.6331,274.1,0.19407,1349.83747
2026-09-06T01:05:06.945Z,GMX,-3.5022,10160,7.8,1349.83747
2026-09-06T01:05:06.945Z,IMX,-1.3647,176,0.13219,1349.83747
2026-09-06T01:05:06.945Z,INJ,-4.7799,6460,5.026,1349.83747
2026-09-06T01:05:06.945Z,GRT,-8.694,22.69,0.01841,1349.83747
2026-09-06T01:05:06.945Z,SUI,1.1997,1089,0.7972,1349.83747
2026-09-06T01:05:06.945Z,HYPE,1.2167,116900,85.562,1349.83747
2026-09-06T01:10:06.894Z,BTC,1.2011,109198000,79937,1349.83747
2026-09-06T01:10:06.894Z,ETH,1.1755,3406000,2493.95,1349.83747
2026-09-06T01:10:06.894Z,SOL,1.211,141400,103.5,1349.83747
2026-09-06T01:10:06.894Z,BNB,0.9345,1045000,767,1349.83747
2026-09-06T01:10:06.894Z,XRP,1.2291,1935,1.4161,1349.83747
2026-09-06T01:10:06.894Z,ADA,1.1382,301.3,0.2207,1349.83747
2026-09-06T01:10:06.894Z,AVAX,3.2972,10650,7.638,1349.83747
2026-09-06T01:10:06.894Z,DOT,0.6204,1252,0.9218,1349.83747
2026-09-06T01:10:06.894Z,LINK,1.1189,16640,12.191,1349.83747
2026-09-06T01:10:06.894Z,POL,-6.3713,125.6,0.09938,1349.83747
2026-09-06T01:10:06.894Z,DOGE,1.2197,123.5,0.09039,1349.83747
2026-09-06T01:10:06.894Z,TRX,1.6156,458.5,0.33427,1349.83747
2026-09-06T01:10:06.894Z,XLM,1.2464,252.6,0.18483,1349.83747
2026-09-06T01:10:06.894Z,SHIB,1.2063,0.0075,0.00000549,1349.83747
2026-09-06T01:10:06.894Z,BCH,0.3207,351000,259.2,1349.83747
2026-09-06T01:10:06.894Z,UNI,0.6699,10000,7.359,1349.83747
2026-09-06T01:10:06.894Z,AAVE,0.8906,188100,138.12,1349.83747
2026-09-06T01:10:06.894Z,SUSHI,1.3185,348.2,0.2546,1349.83747
2026-09-06T01:10:06.894Z,LDO,-10.0394,485,0.3994,1349.83747
2026-09-06T01:10:06.894Z,ICP,1.0347,3685,2.702,1349.83747
2026-09-06T01:10:06.894Z,NEAR,1.1531,3023,2.214,1349.83747
2026-09-06T01:10:06.894Z,HBAR,0.9972,110.1,0.08076,1349.83747
2026-09-06T01:10:06.894Z,XTZ,1.0082,326,0.2391,1349.83747
2026-09-06T01:10:06.894Z,DYDX,-9.2588,149.2,0.12181,1349.83747
2026-09-06T01:10:06.894Z,ARB,2.225,263.1,0.19067,1349.83747
2026-09-06T01:10:06.894Z,GMX,-4.5303,10160,7.884,1349.83747
2026-09-06T01:10:06.894Z,IMX,-1.5434,176,0.13243,1349.83747
2026-09-06T01:10:06.894Z,INJ,-5.0633,6460,5.041,1349.83747
2026-09-06T01:10:06.894Z,GRT,-8.8426,22.69,0.01844,1349.83747
2026-09-06T01:10:06.894Z,SUI,0.6944,1089,0.8012,1349.83747
2026-09-06T01:10:06.894Z,HYPE,1.2166,117400,85.928,1349.83747
2026-09-06T01:15:06.924Z,BTC,1.2121,109184000,79918.1,1349.83747
2026-09-06T01:15:06.924Z,ETH,1.1168,3407000,2496.13,1349.83747
2026-09-06T01:15:06.924Z,SOL,1.1426,141400,103.57,1349.83747
2026-09-06T01:15:06.924Z,BNB,0.8818,1045000,767.4,1349.83747
2026-09-06T01:15:06.924Z,XRP,1.1791,1935,1.4168,1349.83747
2026-09-06T01:15:06.924Z,ADA,1.1898,302,0.2211,1349.83747
2026-09-06T01:15:06.924Z,AVAX,3.2837,10650,7.639,1349.83747
2026-09-06T01:15:06.924Z,DOT,0.6095,1252,0.9219,1349.83747
2026-09-06T01:15:06.924Z,LINK,1.1629,16680,12.215,1349.83747
2026-09-06T01:15:06.924Z,POL,-5.4099,125.6,0.09837,1349.83747
2026-09-06T01:15:06.924Z,DOGE,1.1861,123.5,0.09042,1349.83747
2026-09-06T01:15:06.924Z,TRX,1.2892,457,0.33425,1349.83747
2026-09-06T01:15:06.924Z,XLM,1.2043,252.7,0.18498,1349.83747
2026-09-06T01:15:06.924Z,SHIB,1.2063,0.0075,0.00000549,1349.83747
2026-09-06T01:15:06.924Z,BCH,0.4758,351000,258.8,1349.83747
2026-09-06T01:15:06.924Z,UNI,-0.3323,10000,7.433,1349.83747
2026-09-06T01:15:06.924Z,AAVE,0.563,188100,138.57,1349.83747
2026-09-06T01:15:06.924Z,SUSHI,-0.2101,348.2,0.2585,1349.83747
2026-09-06T01:15:06.924Z,LDO,-10.4654,485,0.4013,1349.83747
2026-09-06T01:15:06.924Z,ICP,1.147,3685,2.699,1349.83747
2026-09-06T01:15:06.924Z,NEAR,1.5659,3023,2.205,1349.83747
2026-09-06T01:15:06.924Z,HBAR,1.0723,110.1,0.0807,1349.83747
2026-09-06T01:15:06.924Z,XTZ,1.1351,326,0.2388,1349.83747
2026-09-06T01:15:06.924Z,DYDX,-9.3927,149.2,0.12199,1349.83747
2026-09-06T01:15:06.924Z,ARB,1.0589,263.1,0.19287,1349.83747
2026-09-06T01:15:06.924Z,GMX,-4.9522,10160,7.919,1349.83747
2026-09-06T01:15:06.924Z,IMX,-1.1927,176,0.13196,1349.83747
2026-09-06T01:15:06.924Z,INJ,-5.0067,6460,5.038,1349.83747
2026-09-06T01:15:06.924Z,GRT,-8.4952,22.69,0.01837,1349.83747
2026-09-06T01:15:06.924Z,SUI,0.7159,1091,0.8025,1349.83747
2026-09-06T01:15:06.924Z,HYPE,0.9942,117600,86.264,1349.83747
2026-09-06T01:20:07.242Z,BTC,1.1827,109113000,79889.3,1349.83747
2026-09-06T01:20:07.242Z,ETH,1.2548,3407000,2492.73,1349.83747
2026-09-06T01:20:07.242Z,SOL,1.3443,141600,103.51,1349.83747
2026-09-06T01:20:07.242Z,BNB,1.1587,1045000,765.3,1349.83747
2026-09-06T01:20:07.242Z,XRP,1.1863,1935,1.4167,1349.83747
2026-09-06T01:20:07.242Z,ADA,1.2101,303.7,0.2223,1349.83747
2026-09-06T01:20:07.242Z,AVAX,3.1082,10650,7.652,1349.83747
2026-09-06T01:20:07.242Z,DOT,-0.2436,1243,0.9231,1349.83747
2026-09-06T01:20:07.242Z,LINK,1.4286,16680,12.183,1349.83747
2026-09-06T01:20:07.242Z,POL,-5.5923,125.6,0.09856,1349.83747
2026-09-06T01:20:07.242Z,DOGE,1.3094,123.5,0.09031,1349.83747
2026-09-06T01:20:07.242Z,TRX,1.2953,457,0.33423,1349.83747
2026-09-06T01:20:07.242Z,XLM,1.2645,252.7,0.18487,1349.83747
2026-09-06T01:20:07.242Z,SHIB,1.2616,0.0075,0.000005487,1349.83747
2026-09-06T01:20:07.242Z,BCH,0.5924,351000,258.5,1349.83747
2026-09-06T01:20:07.242Z,UNI,0.3187,10110,7.466,1349.83747
2026-09-06T01:20:07.242Z,AAVE,-0.0931,188100,139.48,1349.83747
2026-09-06T01:20:07.242Z,SUSHI,0.6465,348.2,0.2563,1349.83747
2026-09-06T01:20:07.242Z,LDO,-10.3984,485,0.401,1349.83747
2026-09-06T01:20:07.242Z,ICP,0.6251,3685,2.713,1349.83747
2026-09-06T01:20:07.242Z,NEAR,1.7043,3023,2.202,1349.83747
2026-09-06T01:20:07.242Z,HBAR,1.0098,110.1,0.08075,1349.83747
2026-09-06T01:20:07.242Z,XTZ,1.1351,326,0.2388,1349.83747
2026-09-06T01:20:07.242Z,DYDX,-9.7994,149.2,0.12254,1349.83747
2026-09-06T01:20:07.242Z,ARB,0.7299,263.1,0.1935,1349.83747
2026-09-06T01:20:07.242Z,GMX,-4.19,10160,7.856,1349.83747
2026-09-06T01:20:07.242Z,IMX,-1.2302,176,0.13201,1349.83747
2026-09-06T01:20:07.242Z,INJ,-4.8556,6460,5.03,1349.83747
2026-09-06T01:20:07.242Z,GRT,-8.7931,22.69,0.01843,1349.83747
2026-09-06T01:20:07.242Z,SUI,1.1982,1098,0.8038,1349.83747
2026-09-06T01:20:07.242Z,HYPE,1.3067,117700,86.071,1349.83747
2026-09-06T01:25:06.858Z,BTC,1.2311,109147000,79876,1349.83747
2026-09-06T01:25:06.858Z,ETH,1.231,3405000,2491.85,1349.83747
2026-09-06T01:25:06.858Z,SOL,1.1785,141300,103.46,1349.83747
2026-09-06T01:25:06.858Z,BNB,1.2248,1045000,764.8,1349.83747
2026-09-06T01:25:06.858Z,XRP,1.2171,1936,1.417,1349.83747
2026-09-06T01:25:06.858Z,ADA,1.259,303.3,0.2219,1349.83747
2026-09-06T01:25:06.858Z,AVAX,2.9736,10650,7.662,1349.83747
2026-09-06T01:25:06.858Z,DOT,1.0441,1260,0.9238,1349.83747
2026-09-06T01:25:06.858Z,LINK,1.4286,16680,12.183,1349.83747
2026-09-06T01:25:06.858Z,POL,-5.3041,125.6,0.09826,1349.83747
2026-09-06T01:25:06.858Z,DOGE,1.2533,123.5,0.09036,1349.83747
2026-09-06T01:25:06.858Z,TRX,1.3377,457,0.33409,1349.83747
2026-09-06T01:25:06.858Z,XLM,1.3375,252.8,0.18481,1349.83747
2026-09-06T01:25:06.858Z,SHIB,1.2801,0.0075,0.000005486,1349.83747
2026-09-06T01:25:06.858Z,BCH,0.6313,351000,258.4,1349.83747
2026-09-06T01:25:06.858Z,UNI,0.8998,10110,7.423,1349.83747
2026-09-06T01:25:06.858Z,AAVE,0.3963,188100,138.8,1349.83747
2026-09-06T01:25:06.858Z,SUSHI,1.2788,348.2,0.2547,1349.83747
2026-09-06T01:25:06.858Z,LDO,-10.2417,485,0.4003,1349.83747
2026-09-06T01:25:06.858Z,ICP,0.182,3685,2.725,1349.83747
2026-09-06T01:25:06.858Z,NEAR,1.7043,3023,2.202,1349.83747
2026-09-06T01:25:06.858Z,HBAR,0.9597,110.1,0.08079,1349.83747
2026-09-06T01:25:06.858Z,XTZ,0.3595,323.5,0.2388,1349.83747
2026-09-06T01:25:06.858Z,DYDX,-9.5632,149.2,0.12222,1349.83747
2026-09-06T01:25:06.858Z,ARB,1.2111,263.1,0.19258,1349.83747
2026-09-06T01:25:06.858Z,GMX,-3.6134,10160,7.809,1349.83747
2026-09-06T01:25:06.858Z,IMX,-1.4392,176,0.13229,1349.83747
2026-09-06T01:25:06.858Z,INJ,-5.1197,6460,5.044,1349.83747
2026-09-06T01:25:06.858Z,GRT,-8.8426,22.69,0.01844,1349.83747
2026-09-06T01:25:06.858Z,SUI,1.2234,1098,0.8036,1349.83747
2026-09-06T01:25:06.858Z,HYPE,1.3054,117600,85.999,1349.83747
2026-09-06T01:30:07.144Z,BTC,1.1951,109111000,79878.1,1349.83747
2026-09-06T01:30:07.144Z,ETH,1.2315,3406000,2492.57,1349.83747
2026-09-06T01:30:07.144Z,SOL,1.1394,141300,103.5,1349.83747
2026-09-06T01:30:07.144Z,BNB,1.1455,1045000,765.4,1349.83747
2026-09-06T01:30:07.144Z,XRP,1.2766,1937,1.4169,1349.83747
2026-09-06T01:30:07.144Z,ADA,1.4419,303.3,0.2215,1349.83747
2026-09-06T01:30:07.144Z,AVAX,3.0678,10650,7.655,1349.83747
2026-09-06T01:30:07.144Z,DOT,1.2524,1260,0.9219,1349.83747
2026-09-06T01:30:07.144Z,LINK,1.3038,16680,12.198,1349.83747
2026-09-06T01:30:07.144Z,POL,-5.2269,125.6,0.09818,1349.83747
2026-09-06T01:30:07.144Z,DOGE,1.2085,123.5,0.0904,1349.83747
2026-09-06T01:30:07.144Z,TRX,1.3377,457,0.33409,1349.83747
2026-09-06T01:30:07.144Z,XLM,1.319,253,0.18499,1349.83747
2026-09-06T01:30:07.144Z,SHIB,1.2616,0.0075,0.000005487,1349.83747
2026-09-06T01:30:07.144Z,BCH,0.7873,351000,258,1349.83747
2026-09-06T01:30:07.144Z,UNI,1.805,10110,7.357,1349.83747
2026-09-06T01:30:07.144Z,AAVE,1.1538,188700,138.2,1349.83747
2026-09-06T01:30:07.144Z,SUSHI,1.678,348.2,0.2537,1349.83747
2026-09-06T01:30:07.144Z,LDO,-10.3313,485,0.4007,1349.83747
2026-09-06T01:30:07.144Z,ICP,-0.0015,3685,2.73,1349.83747
2026-09-06T01:30:07.144Z,NEAR,1.8894,3023,2.198,1349.83747
2026-09-06T01:30:07.144Z,HBAR,1.0223,110.1,0.08074,1349.83747
2026-09-06T01:30:07.144Z,XTZ,0.4436,323.5,0.2386,1349.83747
2026-09-06T01:30:07.144Z,DYDX,-9.4521,149.2,0.12207,1349.83747
2026-09-06T01:30:07.144Z,ARB,0.9634,257.1,0.18865,1349.83747
2026-09-06T01:30:07.144Z,GMX,-3.4898,10160,7.799,1349.83747
2026-09-06T01:30:07.144Z,IMX,-1.2975,176,0.1321,1349.83747
2026-09-06T01:30:07.144Z,INJ,-5.4758,6460,5.063,1349.83747
2026-09-06T01:30:07.144Z,GRT,-8.694,22.69,0.01841,1349.83747
2026-09-06T01:30:07.144Z,SUI,1.1856,1098,0.8039,1349.83747
2026-09-06T01:30:07.144Z,HYPE,1.323,117600,85.984,1349.83747
2026-09-06T01:35:06.877Z,BTC,1.1603,109115000,79908.5,1349.83747
2026-09-06T01:35:06.877Z,ETH,1.1428,3407000,2495.49,1349.83747
2026-09-06T01:35:06.877Z,SOL,1.0125,141300,103.63,1349.83747
2026-09-06T01:35:06.877Z,BNB,1.1322,1045000,765.5,1349.83747
2026-09-06T01:35:06.877Z,XRP,1.2123,1937,1.4178,1349.83747
2026-09-06T01:35:06.877Z,ADA,1.2134,303.3,0.222,1349.83747
2026-09-06T01:35:06.877Z,AVAX,2.9871,10650,7.661,1349.83747
2026-09-06T01:35:06.877Z,DOT,1.0989,1260,0.9233,1349.83747
2026-09-06T01:35:06.877Z,LINK,0.8109,16690,12.265,1349.83747
2026-09-06T01:35:06.877Z,POL,-5.4196,125.6,0.09838,1349.83747
2026-09-06T01:35:06.877Z,DOGE,1.1821,123.7,0.09057,1349.83747
2026-09-06T01:35:06.877Z,TRX,1.3742,457,0.33397,1349.83747
2026-09-06T01:35:06.877Z,XLM,1.2478,253,0.18512,1349.83747
2026-09-06T01:35:06.877Z,SHIB,1.2432,0.0075,0.000005488,1349.83747
2026-09-06T01:35:06.877Z,BCH,0.7483,351000,258.1,1349.83747
2026-09-06T01:35:06.877Z,UNI,2.1242,10110,7.334,1349.83747
2026-09-06T01:35:06.877Z,AAVE,1.1905,188700,138.15,1349.83747
2026-09-06T01:35:06.877Z,SUSHI,0.3333,348.2,0.2571,1349.83747
2026-09-06T01:35:06.877Z,LDO,-10.1968,485,0.4001,1349.83747
2026-09-06T01:35:06.877Z,ICP,0.403,3685,2.719,1349.83747
2026-09-06T01:35:06.877Z,NEAR,1.4279,3023,2.208,1349.83747
2026-09-06T01:35:06.877Z,HBAR,0.7602,110.1,0.08095,1349.83747
2026-09-06T01:35:06.877Z,XTZ,0.3595,323.5,0.2388,1349.83747
2026-09-06T01:35:06.877Z,DYDX,-9.4595,149.2,0.12208,1349.83747
2026-09-06T01:35:06.877Z,ARB,0.4522,258.7,0.19079,1349.83747
2026-09-06T01:35:06.877Z,GMX,-3.6257,10160,7.81,1349.83747
2026-09-06T01:35:06.877Z,IMX,-1.3199,176,0.13213,1349.83747
2026-09-06T01:35:06.877Z,INJ,-5.27,6460,5.052,1349.83747
2026-09-06T01:35:06.877Z,GRT,-8.694,22.69,0.01841,1349.83747
2026-09-06T01:35:06.877Z,SUI,0.9888,1099,0.8062,1349.83747
2026-09-06T01:35:06.877Z,HYPE,1.2275,117500,85.992,1349.83747
2026-09-06T01:40:07.088Z,BTC,1.1629,109240000,79998,1349.83747
2026-09-06T01:40:07.088Z,ETH,1.1475,3422000,2506.36,1349.83747
2026-09-06T01:40:07.088Z,SOL,1.0223,141600,103.84,1349.83747
2026-09-06T01:40:07.088Z,BNB,0.9871,1045000,766.6,1349.83747
2026-09-06T01:40:07.088Z,XRP,1.1575,1938,1.4193,1349.83747
2026-09-06T01:40:07.088Z,ADA,1.0313,303.3,0.2224,1349.83747
2026-09-06T01:40:07.088Z,AVAX,2.6254,10650,7.688,1349.83747
2026-09-06T01:40:07.088Z,DOT,0.9021,1260,0.9251,1349.83747
2026-09-06T01:40:07.088Z,LINK,0.5812,16690,12.293,1349.83747
2026-09-06T01:40:07.088Z,POL,-5.9073,125.6,0.09889,1349.83747
2026-09-06T01:40:07.088Z,DOGE,1.0408,123.8,0.09077,1349.83747
2026-09-06T01:40:07.088Z,TRX,1.3165,457,0.33416,1349.83747
2026-09-06T01:40:07.088Z,XLM,1.1674,253.4,0.18556,1349.83747
2026-09-06T01:40:07.088Z,SHIB,1.0039,0.0075,0.000005501,1349.83747
2026-09-06T01:40:07.088Z,BCH,0.2434,351000,259.4,1349.83747
2026-09-06T01:40:07.088Z,UNI,1.3778,10110,7.388,1349.83747
2026-09-06T01:40:07.088Z,AAVE,0.6586,188700,138.88,1349.83747
2026-09-06T01:40:07.088Z,SUSHI,-1.992,348.2,0.2632,1349.83747
2026-09-06T01:40:07.088Z,LDO,-11.0857,485,0.4041,1349.83747
2026-09-06T01:40:07.088Z,ICP,0.6993,3685,2.711,1349.83747
2026-09-06T01:40:07.088Z,NEAR,1.2445,3023,2.212,1349.83747
2026-09-06T01:40:07.088Z,HBAR,0.6731,110.1,0.08102,1349.83747
2026-09-06T01:40:07.088Z,XTZ,-0.0173,323.5,0.2397,1349.83747
2026-09-06T01:40:07.088Z,DYDX,-10.1805,149.2,0.12306,1349.83747
2026-09-06T01:40:07.088Z,ARB,-0.7752,258.7,0.19315,1349.83747
2026-09-06T01:40:07.088Z,GMX,-3.9945,10160,7.84,1349.83747
2026-09-06T01:40:07.088Z,IMX,-1.677,176,0.13261,1349.83747
2026-09-06T01:40:07.088Z,INJ,-5.9217,6460,5.087,1349.83747
2026-09-06T01:40:07.088Z,GRT,-9.6267,22.69,0.0186,1349.83747
2026-09-06T01:40:07.088Z,SUI,1.3022,1102,0.8059,1349.83747
2026-09-06T01:40:07.088Z,HYPE,0.9891,117500,86.195,1349.83747
2026-09-06T01:45:06.882Z,BTC,1.229,109218000,79929.6,1349.83747
2026-09-06T01:45:06.882Z,ETH,1.2141,3417000,2501.05,1349.83747
2026-09-06T01:45:06.882Z,SOL,1.2527,141800,103.75,1349.83747
2026-09-06T01:45:06.882Z,BNB,1.0135,1045000,766.4,1349.83747
2026-09-06T01:45:06.882Z,XRP,1.1411,1934,1.4166,1349.83747
2026-09-06T01:45:06.882Z,ADA,1.1621,302.6,0.2216,1349.83747
2026-09-06T01:45:06.882Z,AVAX,2.9065,10650,7.667,1349.83747
2026-09-06T01:45:06.882Z,DOT,0.4677,1260,0.9291,1349.83747
2026-09-06T01:45:06.882Z,LINK,1.0994,16690,12.23,1349.83747
2026-09-06T01:45:06.882Z,POL,-5.8216,125.6,0.0988,1349.83747
2026-09-06T01:45:06.882Z,DOGE,1.3647,123.8,0.09048,1349.83747
2026-09-06T01:45:06.882Z,TRX,1.3954,457,0.3339,1349.83747
2026-09-06T01:45:06.882Z,XLM,1.3022,253.3,0.18524,1349.83747
2026-09-06T01:45:06.882Z,SHIB,1.2247,0.0075,0.000005489,1349.83747
2026-09-06T01:45:06.882Z,BCH,0.4758,351000,258.8,1349.83747
2026-09-06T01:45:06.882Z,UNI,1.1724,10110,7.403,1349.83747
2026-09-06T01:45:06.882Z,AAVE,0.5651,189000,139.23,1349.83747
2026-09-06T01:45:06.882Z,SUSHI,0.1461,358.5,0.2652,1349.83747
2026-09-06T01:45:06.882Z,LDO,-11.3052,485,0.4051,1349.83747
2026-09-06T01:45:06.882Z,ICP,0.9227,3685,2.705,1349.83747
2026-09-06T01:45:06.882Z,NEAR,1.3361,3023,2.21,1349.83747
2026-09-06T01:45:06.882Z,HBAR,0.7229,110.1,0.08098,1349.83747
2026-09-06T01:45:06.882Z,XTZ,0.1498,323.5,0.2393,1349.83747
2026-09-06T01:45:06.882Z,DYDX,-11.1766,149.2,0.12444,1349.83747
2026-09-06T01:45:06.882Z,ARB,1.1619,266.7,0.19531,1349.83747
2026-09-06T01:45:06.882Z,GMX,-4.4939,10160,7.881,1349.83747
2026-09-06T01:45:06.882Z,IMX,-1.7733,176,0.13274,1349.83747
2026-09-06T01:45:06.882Z,INJ,-5.5131,6460,5.065,1349.83747
2026-09-06T01:45:06.882Z,GRT,-9.869,22.69,0.01865,1349.83747
2026-09-06T01:45:06.882Z,SUI,1.6681,1102,0.803,1349.83747
2026-09-06T01:45:06.882Z,HYPE,1.4788,117800,85.998,1349.83747
2026-09-06T01:50:06.891Z,BTC,1.2049,109160000,79906.2,1349.83747
2026-09-06T01:50:06.891Z,ETH,1.1562,3416000,2501.75,1349.83747
2026-09-06T01:50:06.891Z,SOL,1.2332,141800,103.77,1349.83747
2026-09-06T01:50:06.891Z,BNB,1.1676,1044000,764.5,1349.83747
2026-09-06T01:50:06.891Z,XRP,1.1768,1934,1.4161,1349.83747
2026-09-06T01:50:06.891Z,ADA,1.1955,302.7,0.2216,1349.83747
2026-09-06T01:50:06.891Z,AVAX,0.7413,10430,7.67,1349.83747
2026-09-06T01:50:06.891Z,DOT,0.4137,1260,0.9296,1349.83747
2026-09-06T01:50:06.891Z,LINK,0.8849,16690,12.256,1349.83747
2026-09-06T01:50:06.891Z,POL,-5.4676,125.6,0.09843,1349.83747
2026-09-06T01:50:06.891Z,DOGE,1.1969,123.8,0.09063,1349.83747
2026-09-06T01:50:06.891Z,TRX,1.4379,457,0.33376,1349.83747
2026-09-06T01:50:06.891Z,XLM,1.2533,253,0.18511,1349.83747
2026-09-06T01:50:06.891Z,SHIB,1.2985,0.0075,0.000005485,1349.83747
2026-09-06T01:50:06.891Z,BCH,0.5146,351000,258.7,1349.83747
2026-09-06T01:50:06.891Z,UNI,1.1724,10110,7.403,1349.83747
2026-09-06T01:50:06.891Z,AAVE,0.6953,189000,139.05,1349.83747
2026-09-06T01:50:06.891Z,SUSHI,0.3017,361.9,0.2673,1349.83747
2026-09-06T01:50:06.891Z,LDO,-11.2395,485,0.4048,1349.83747
2026-09-06T01:50:06.891Z,ICP,1.0347,3685,2.702,1349.83747
2026-09-06T01:50:06.891Z,NEAR,1.6581,3023,2.203,1349.83747
2026-09-06T01:50:06.891Z,HBAR,0.6856,110.1,0.08101,1349.83747
2026-09-06T01:50:06.891Z,XTZ,0.0662,323.5,0.2395,1349.83747
2026-09-06T01:50:06.891Z,DYDX,-10.703,149.2,0.12378,1349.83747
2026-09-06T01:50:06.891Z,ARB,0.6056,266.7,0.19639,1349.83747
2026-09-06T01:50:06.891Z,GMX,-4.3118,10160,7.866,1349.83747
2026-09-06T01:50:06.891Z,IMX,-2.1126,176,0.1332,1349.83747
2026-09-06T01:50:06.891Z,INJ,-5.9402,6460,5.088,1349.83747
2026-09-06T01:50:06.891Z,GRT,-6.5841,23.58,0.0187,1349.83747
2026-09-06T01:50:06.891Z,SUI,1.5974,1100,0.8021,1349.83747
2026-09-06T01:50:06.891Z,HYPE,1.147,116100,85.035,1349.83747
2026-09-06T01:55:06.732Z,BTC,1.2121,109210000,79937.1,1349.83747
2026-09-06T01:55:06.732Z,ETH,1.239,3420000,2502.63,1349.83747
2026-09-06T01:55:06.732Z,SOL,1.1129,142000,104.04,1349.83747
2026-09-06T01:55:06.732Z,BNB,1.0619,1044000,765.3,1349.83747
2026-09-06T01:55:06.732Z,XRP,1.1766,1937,1.4183,1349.83747
2026-09-06T01:55:06.732Z,ADA,1.2256,303.2,0.2219,1349.83747
2026-09-06T01:55:06.732Z,AVAX,0.6101,10430,7.68,1349.83747
2026-09-06T01:55:06.732Z,DOT,0.511,1260,0.9287,1349.83747
2026-09-06T01:55:06.732Z,LINK,1.1481,16810,12.312,1349.83747
2026-09-06T01:55:06.732Z,POL,-5.6114,125.6,0.09858,1349.83747
2026-09-06T01:55:06.732Z,DOGE,1.0965,123.8,0.09072,1349.83747
2026-09-06T01:55:06.732Z,TRX,1.4106,457,0.33385,1349.83747
2026-09-06T01:55:06.732Z,XLM,1.0404,253,0.1855,1349.83747
2026-09-06T01:55:06.732Z,SHIB,1.2063,0.0075,0.00000549,1349.83747
2026-09-06T01:55:06.732Z,BCH,0.3594,351000,259.1,1349.83747
2026-09-06T01:55:06.732Z,UNI,1.4602,10110,7.382,1349.83747
2026-09-06T01:55:06.732Z,AAVE,0.5002,189000,139.32,1349.83747
2026-09-06T01:55:06.732Z,SUSHI,0.077,361.9,0.2679,1349.83747
2026-09-06T01:55:06.732Z,LDO,-11.2833,485,0.405,1349.83747
2026-09-06T01:55:06.732Z,ICP,0.9227,3685,2.705,1349.83747
2026-09-06T01:55:06.732Z,NEAR,1.612,3023,2.204,1349.83747
2026-09-06T01:55:06.732Z,HBAR,0.5862,110.1,0.08109,1349.83747
2026-09-06T01:55:06.732Z,XTZ,-0.059,323.5,0.2398,1349.83747
2026-09-06T01:55:06.732Z,DYDX,-10.4353,149.2,0.12341,1349.83747
2026-09-06T01:55:06.732Z,ARB,2.606,267.1,0.19285,1349.83747
2026-09-06T01:55:06.732Z,GMX,-4.1778,10160,7.855,1349.83747
2026-09-06T01:55:06.732Z,IMX,-2.1713,176,0.13328,1349.83747
2026-09-06T01:55:06.732Z,INJ,-5.8292,6460,5.082,1349.83747
2026-09-06T01:55:06.732Z,GRT,-6.2331,23.58,0.01863,1349.83747
2026-09-06T01:55:06.732Z,SUI,1.3195,1100,0.8043,1349.83747
2026-09-06T01:55:06.732Z,HYPE,1.2086,116500,85.276,1349.83747
2026-09-06T02:00:06.876Z,BTC,1.1696,109169000,79940.7,1349.83747
2026-09-06T02:00:06.876Z,ETH,1.1455,3422000,2506.41,1349.83747
2026-09-06T02:00:06.876Z,SOL,1.032,141900,104.05,1349.83747
2026-09-06T02:00:06.876Z,BNB,1.0487,1044000,765.4,1349.83747
2026-09-06T02:00:06.876Z,XRP,1.1529,1936,1.4179,1349.83747
2026-09-06T02:00:06.876Z,ADA,1.2869,302.7,0.2214,1349.83747
2026-09-06T02:00:06.876Z,AVAX,0.4793,10430,7.69,1349.83747
2026-09-06T02:00:06.876Z,DOT,0.5327,1260,0.9285,1349.83747
2026-09-06T02:00:06.876Z,LINK,0.7227,16810,12.364,1349.83747
2026-09-06T02:00:06.876Z,POL,-5.4003,125.6,0.09836,1349.83747
2026-09-06T02:00:06.876Z,DOGE,1.1595,124,0.09081,1349.83747
2026-09-06T02:00:06.876Z,TRX,1.4106,457,0.33385,1349.83747
2026-09-06T02:00:06.876Z,XLM,1.251,253.5,0.18548,1349.83747
2026-09-06T02:00:06.876Z,SHIB,1.2063,0.0075,0.00000549,1349.83747
2026-09-06T02:00:06.876Z,BCH,0.3594,351000,259.1,1349.83747
2026-09-06T02:00:06.876Z,UNI,1.4877,10110,7.38,1349.83747
2026-09-06T02:00:06.876Z,AAVE,0.4425,189000,139.4,1349.83747
2026-09-06T02:00:06.876Z,SUSHI,0.1144,361.9,0.2678,1349.83747
2026-09-06T02:00:06.876Z,LDO,-11.3271,485,0.4052,1349.83747
2026-09-06T02:00:06.876Z,ICP,0.8557,3688,2.709,1349.83747
2026-09-06T02:00:06.876Z,NEAR,3.4746,3084,2.208,1349.83747
2026-09-06T02:00:06.876Z,HBAR,0.5119,110.1,0.08115,1349.83747
2026-09-06T02:00:06.876Z,XTZ,0.2336,323.5,0.2391,1349.83747
2026-09-06T02:00:06.876Z,DYDX,-10.5802,149.2,0.12361,1349.83747
2026-09-06T02:00:06.876Z,ARB,2.4891,267.1,0.19307,1349.83747
2026-09-06T02:00:06.876Z,GMX,-4.5182,10160,7.883,1349.83747
2026-09-06T02:00:06.876Z,IMX,-2.5734,176,0.13383,1349.83747
2026-09-06T02:00:06.876Z,INJ,-5.7921,6460,5.08,1349.83747
2026-09-06T02:00:06.876Z,GRT,-6.7835,23.58,0.01874,1349.83747
2026-09-06T02:00:06.876Z,SUI,0.972,1095,0.8034,1349.83747
2026-09-06T02:00:06.876Z,HYPE,1.0309,116500,85.426,1349.83747
2026-09-06T02:05:06.905Z,BTC,1.184,109129000,79900,1349.83747
2026-09-06T02:05:06.905Z,ETH,1.2387,3421000,2503.37,1349.83747
2026-09-06T02:05:06.905Z,SOL,1.1389,141900,103.94,1349.83747
2026-09-06T02:05:06.905Z,BNB,1.433,1044000,762.5,1349.83747
2026-09-06T02:05:06.905Z,XRP,1.1554,1934,1.4164,1349.83747
2026-09-06T02:05:06.905Z,ADA,1.4243,302.7,0.2211,1349.83747
2026-09-06T02:05:06.905Z,AVAX,0.6757,10430,7.675,1349.83747
2026-09-06T02:05:06.905Z,DOT,0.6085,1260,0.9278,1349.83747
2026-09-06T02:05:06.905Z,LINK,1.2448,16960,12.41,1349.83747
2026-09-06T02:05:06.905Z,POL,-5.0819,125.6,0.09803,1349.83747
2026-09-06T02:05:06.905Z,DOGE,1.3157,124,0.09067,1349.83747
2026-09-06T02:05:06.905Z,TRX,1.0071,455.1,0.33379,1349.83747
2026-09-06T02:05:06.905Z,XLM,1.489,254,0.18541,1349.83747
2026-09-06T02:05:06.905Z,SHIB,1.2801,0.0075,0.000005486,1349.83747
2026-09-06T02:05:06.905Z,BCH,0.1661,351000,259.6,1349.83747
2026-09-06T02:05:06.905Z,UNI,1.5427,10110,7.376,1349.83747
2026-09-06T02:05:06.905Z,AAVE,1.0879,189000,138.51,1349.83747
2026-09-06T02:05:06.905Z,SUSHI,-0.5909,361.9,0.2697,1349.83747
2026-09-06T02:05:06.905Z,LDO,-11.0857,485,0.4041,1349.83747
2026-09-06T02:05:06.905Z,ICP,0.8929,3688,2.708,1349.83747
2026-09-06T02:05:06.905Z,NEAR,3.8037,3084,2.201,1349.83747
2026-09-06T02:05:06.905Z,HBAR,0.4252,110.1,0.08122,1349.83747
2026-09-06T02:05:06.905Z,XTZ,0.3595,323.5,0.2388,1349.83747
2026-09-06T02:05:06.905Z,DYDX,-10.6091,149.2,0.12365,1349.83747
2026-09-06T02:05:06.905Z,ARB,2.2666,267.1,0.19349,1349.83747
2026-09-06T02:05:06.905Z,GMX,-4.4818,10160,7.88,1349.83747
2026-09-06T02:05:06.905Z,IMX,-2.1566,176,0.13326,1349.83747
2026-09-06T02:05:06.905Z,INJ,-5.5131,6460,5.065,1349.83747
2026-09-06T02:05:06.905Z,GRT,-6.434,23.58,0.01867,1349.83747
2026-09-06T02:05:06.905Z,SUI,0.6837,1095,0.8057,1349.83747
2026-09-06T02:05:06.905Z,HYPE,1.1882,116400,85.22,1349.83747
2026-09-06T02:10:06.899Z,BTC,1.17,109155000,79930.1,1349.83747
2026-09-06T02:10:06.899Z,ETH,1.084,3421000,2507.2,1349.83747
2026-09-06T02:10:06.899Z,SOL,1.1678,142200,104.13,1349.83747
2026-09-06T02:10:06.899Z,BNB,1.3399,1044000,763.2,1349.83747
2026-09-06T02:10:06.899Z,XRP,1.1718,1938,1.4191,1349.83747
2026-09-06T02:10:06.899Z,ADA,1.2992,302.6,0.2213,1349.83747
2026-09-06T02:10:06.899Z,AVAX,0.6363,10430,7.678,1349.83747
2026-09-06T02:10:06.899Z,DOT,0.5543,1260,0.9283,1349.83747
2026-09-06T02:10:06.899Z,LINK,1.3182,16960,12.401,1349.83747
2026-09-06T02:10:06.899Z,POL,-5.6689,125.6,0.09864,1349.83747
2026-09-06T02:10:06.899Z,DOGE,1.1595,124,0.09081,1349.83747
2026-09-06T02:10:06.899Z,TRX,1.0071,455.1,0.33379,1349.83747
2026-09-06T02:10:06.899Z,XLM,1.2651,254,0.18582,1349.83747
2026-09-06T02:10:06.899Z,SHIB,1.2063,0.0075,0.00000549,1349.83747
2026-09-06T02:10:06.899Z,BCH,-0.1416,351000,260.4,1349.83747
2026-09-06T02:10:06.899Z,UNI,1.6944,10110,7.365,1349.83747
2026-09-06T02:10:06.899Z,AAVE,1.2707,189000,138.26,1349.83747
2026-09-06T02:10:06.899Z,SUSHI,-0.8482,361.9,0.2704,1349.83747
2026-09-06T02:10:06.899Z,LDO,-11.349,485,0.4053,1349.83747
2026-09-06T02:10:06.899Z,ICP,0.9302,3688,2.707,1349.83747
2026-09-06T02:10:06.899Z,NEAR,3.1942,3084,2.214,1349.83747
2026-09-06T02:10:06.899Z,HBAR,1.0595,111,0.08137,1349.83747
2026-09-06T02:10:06.899Z,XTZ,0.1917,323.5,0.2392,1349.83747
2026-09-06T02:10:06.899Z,DYDX,-10.7823,149.2,0.12389,1349.83747
2026-09-06T02:10:06.899Z,ARB,-0.1277,264.5,0.1962,1349.83747
2026-09-06T02:10:06.899Z,GMX,-5.12,10160,7.933,1349.83747
2026-09-06T02:10:06.899Z,IMX,-2.3545,176,0.13353,1349.83747
2026-09-06T02:10:06.899Z,INJ,-5.5877,6460,5.069,1349.83747
2026-09-06T02:10:06.899Z,GRT,-6.9821,23.58,0.01878,1349.83747
2026-09-06T02:10:06.899Z,SUI,1.2382,1108,0.8108,1349.83747
2026-09-06T02:10:06.899Z,HYPE,1.1245,116500,85.347,1349.83747
2026-09-06T02:15:06.866Z,BTC,1.1665,109200000,79965.8,1349.83747
2026-09-06T02:15:06.866Z,ETH,1.1002,3421000,2506.8,1349.83747
2026-09-06T02:15:06.866Z,SOL,1.1452,142100,104.08,1349.83747
2026-09-06T02:15:06.866Z,BNB,1.4463,1044000,762.4,1349.83747
2026-09-06T02:15:06.866Z,XRP,1.1695,1937,1.4184,1349.83747
2026-09-06T02:15:06.866Z,ADA,1.2412,302.7,0.2215,1349.83747
2026-09-06T02:15:06.866Z,AVAX,0.715,10430,7.672,1349.83747
2026-09-06T02:15:06.866Z,DOT,0.576,1260,0.9281,1349.83747
2026-09-06T02:15:06.866Z,LINK,1.4983,16960,12.379,1349.83747
2026-09-06T02:15:06.866Z,POL,-5.688,125.6,0.09866,1349.83747
2026-09-06T02:15:06.866Z,DOGE,1.1929,124,0.09078,1349.83747
2026-09-06T02:15:06.866Z,TRX,1.0647,455.1,0.3336,1349.83747
2026-09-06T02:15:06.866Z,XLM,1.2379,254,0.18587,1349.83747
2026-09-06T02:15:06.866Z,SHIB,1.1694,0.0075,0.000005492,1349.83747
2026-09-06T02:15:06.866Z,BCH,-0.0648,351000,260.2,1349.83747
2026-09-06T02:15:06.866Z,UNI,1.3915,10110,7.387,1349.83747
2026-09-06T02:15:06.866Z,AAVE,1.4541,189000,138.01,1349.83747
2026-09-06T02:15:06.866Z,SUSHI,-0.2581,361.9,0.2688,1349.83747
2026-09-06T02:15:06.866Z,LDO,-11.0417,485,0.4039,1349.83747
2026-09-06T02:15:06.866Z,ICP,1.3407,3703,2.707,1349.83747
2026-09-06T02:15:06.866Z,NEAR,2.684,3084,2.225,1349.83747
2026-09-06T02:15:06.866Z,HBAR,0.9107,111,0.08149,1349.83747
2026-09-06T02:15:06.866Z,XTZ,0.3175,323.5,0.2389,1349.83747
2026-09-06T02:15:06.866Z,DYDX,-10.6886,149.2,0.12376,1349.83747
2026-09-06T02:15:06.866Z,ARB,0.8593,264.5,0.19428,1349.83747
2026-09-06T02:15:06.866Z,GMX,-5.2036,10160,7.94,1349.83747
2026-09-06T02:15:06.866Z,IMX,-2.0611,176,0.13313,1349.83747
2026-09-06T02:15:06.866Z,INJ,-5.9772,6460,5.09,1349.83747
2026-09-06T02:15:06.866Z,GRT,-6.9325,23.58,0.01877,1349.83747
2026-09-06T02:15:06.866Z,SUI,1.778,1108,0.8065,1349.83747
2026-09-06T02:15:06.866Z,HYPE,1.0191,116500,85.436,1349.83747
2026-09-06T02:20:07.099Z,BTC,1.1885,109154000,79914.8,1349.83747
2026-09-06T02:20:07.099Z,ETH,1.299,3421000,2501.88,1349.83747
2026-09-06T02:20:07.099Z,SOL,1.2912,142100,103.93,1349.83747
2026-09-06T02:20:07.099Z,BNB,1.5395,1044000,761.7,1349.83747
2026-09-06T02:20:07.099Z,XRP,1.2434,1935,1.4159,1349.83747
2026-09-06T02:20:07.099Z,ADA,1.3061,301.8,0.2207,1349.83747
2026-09-06T02:20:07.099Z,AVAX,0.7938,10430,7.666,1349.83747
2026-09-06T02:20:07.099Z,DOT,0.6519,1260,0.9274,1349.83747
2026-09-06T02:20:07.099Z,LINK,1.8604,16960,12.335,1349.83747
2026-09-06T02:20:07.099Z,POL,-5.4484,125.6,0.09841,1349.83747
2026-09-06T02:20:07.099Z,DOGE,1.3828,124,0.09061,1349.83747
2026-09-06T02:20:07.099Z,TRX,1.1587,455.1,0.33329,1349.83747
2026-09-06T02:20:07.099Z,XLM,1.4836,254,0.18542,1349.83747
2026-09-06T02:20:07.099Z,SHIB,1.5021,0.0075,0.000005474,1349.83747
2026-09-06T02:20:07.099Z,BCH,0.089,351000,259.8,1349.83747
2026-09-06T02:20:07.099Z,UNI,1.7496,10110,7.361,1349.83747
2026-09-06T02:20:07.099Z,AAVE,1.0813,186900,136.98,1349.83747
2026-09-06T02:20:07.099Z,SUSHI,2.5699,361.5,0.2611,1349.83747
2026-09-06T02:20:07.099Z,LDO,-10.7545,485,0.4026,1349.83747
2026-09-06T02:20:07.099Z,ICP,1.7542,3703,2.696,1349.83747
2026-09-06T02:20:07.099Z,NEAR,3.5684,3084,2.206,1349.83747
2026-09-06T02:20:07.099Z,HBAR,1.159,111,0.08129,1349.83747
2026-09-06T02:20:07.099Z,XTZ,0.5701,323.5,0.2383,1349.83747
2026-09-06T02:20:07.099Z,DYDX,-10.4498,149.2,0.12343,1349.83747
2026-09-06T02:20:07.099Z,ARB,0.9893,264.5,0.19403,1349.83747
2026-09-06T02:20:07.099Z,GMX,-5.0242,10160,7.925,1349.83747
2026-09-06T02:20:07.099Z,IMX,-1.9432,176,0.13297,1349.83747
2026-09-06T02:20:07.099Z,INJ,-6.3268,6460,5.109,1349.83747
2026-09-06T02:20:07.099Z,GRT,-6.8829,23.58,0.01876,1349.83747
2026-09-06T02:20:07.099Z,SUI,1.6971,1096,0.7984,1349.83747
2026-09-06T02:20:07.099Z,HYPE,1.3111,116700,85.336,1349.83747
2026-09-06T02:25:06.880Z,BTC,1.247,109173000,79882.5,1349.83747
2026-09-06T02:25:06.880Z,ETH,1.2157,3417000,2501.01,1349.83747
2026-09-06T02:25:06.880Z,SOL,1.1938,142100,104.03,1349.83747
2026-09-06T02:25:06.880Z,BNB,1.6062,1044000,761.2,1349.83747
2026-09-06T02:25:06.880Z,XRP,1.2054,1934,1.4157,1349.83747
2026-09-06T02:25:06.880Z,ADA,1.2972,301.5,0.2205,1349.83747
2026-09-06T02:25:06.880Z,AVAX,0.6494,10430,7.677,1349.83747
2026-09-06T02:25:06.880Z,DOT,0.5543,1260,0.9283,1349.83747
2026-09-06T02:25:06.880Z,LINK,2.2416,16960,12.289,1349.83747
2026-09-06T02:25:06.880Z,POL,-5.5348,125.6,0.0985,1349.83747
2026-09-06T02:25:06.880Z,DOGE,1.167,123.9,0.09073,1349.83747
2026-09-06T02:25:06.880Z,TRX,1.2012,455.1,0.33315,1349.83747
2026-09-06T02:25:06.880Z,XLM,1.5274,254,0.18534,1349.83747
2026-09-06T02:25:06.880Z,SHIB,1.3725,0.0075,0.000005481,1349.83747
2026-09-06T02:25:06.880Z,BCH,-0.0648,351000,260.2,1349.83747
2026-09-06T02:25:06.880Z,UNI,2.6421,10110,7.297,1349.83747
2026-09-06T02:25:06.880Z,AAVE,1.4664,186900,136.46,1349.83747
2026-09-06T02:25:06.880Z,SUSHI,3.5215,361.5,0.2587,1349.83747
2026-09-06T02:25:06.880Z,LDO,-10.5768,485,0.4018,1349.83747
2026-09-06T02:25:06.880Z,ICP,1.9054,3703,2.692,1349.83747
2026-09-06T02:25:06.880Z,NEAR,3.5684,3084,2.206,1349.83747
2026-09-06T02:25:06.880Z,HBAR,1.1714,111,0.08128,1349.83747
2026-09-06T02:25:06.880Z,XTZ,0.6545,323.5,0.2381,1349.83747
2026-09-06T02:25:06.880Z,DYDX,-10.319,149.2,0.12325,1349.83747
2026-09-06T02:25:06.880Z,ARB,2.2061,264.5,0.19172,1349.83747
2026-09-06T02:25:06.880Z,GMX,-5.5249,10160,7.967,1349.83747
2026-09-06T02:25:06.880Z,IMX,-1.8621,176,0.13286,1349.83747
2026-09-06T02:25:06.880Z,INJ,-6.1615,6460,5.1,1349.83747
2026-09-06T02:25:06.880Z,GRT,-7.1798,23.58,0.01882,1349.83747
2026-09-06T02:25:06.880Z,SUI,1.9141,1096,0.7967,1349.83747
2026-09-06T02:25:06.880Z,HYPE,1.3586,116700,85.296,1349.83747
2026-09-06T02:30:06.906Z,BTC,1.2407,109173000,79887.5,1349.83747
2026-09-06T02:30:06.906Z,ETH,1.1546,3416000,2501.79,1349.83747
2026-09-06T02:30:06.906Z,SOL,1.0837,142000,104.07,1349.83747
2026-09-06T02:30:06.906Z,BNB,1.4862,1044000,762.1,1349.83747
2026-09-06T02:30:06.906Z,XRP,1.2054,1934,1.4157,1349.83747
2026-09-06T02:30:06.906Z,ADA,1.1718,301.4,0.2207,1349.83747
2026-09-06T02:30:06.906Z,AVAX,0.6494,10430,7.677,1349.83747
2026-09-06T02:30:06.906Z,DOT,0.2196,1260,0.9314,1349.83747
2026-09-06T02:30:06.906Z,LINK,2.3416,16960,12.277,1349.83747
2026-09-06T02:30:06.906Z,POL,-5.4772,125.6,0.09844,1349.83747
2026-09-06T02:30:06.906Z,DOGE,1.1224,123.9,0.09077,1349.83747
2026-09-06T02:30:06.906Z,TRX,1.2133,455.1,0.33311,1349.83747
2026-09-06T02:30:06.906Z,XLM,1.4234,254,0.18553,1349.83747
2026-09-06T02:30:06.906Z,SHIB,1.317,0.0075,0.000005484,1349.83747
2026-09-06T02:30:06.906Z,BCH,0.1276,351000,259.7,1349.83747
2026-09-06T02:30:06.906Z,UNI,2.9524,10110,7.275,1349.83747
2026-09-06T02:30:06.906Z,AAVE,1.593,186900,136.29,1349.83747
2026-09-06T02:30:06.906Z,SUSHI,3.7621,361.5,0.2581,1349.83747
2026-09-06T02:30:06.906Z,LDO,-10.2865,485,0.4005,1349.83747
2026-09-06T02:30:06.906Z,ICP,2.2472,3703,2.683,1349.83747
2026-09-06T02:30:06.906Z,NEAR,3.3342,3084,2.211,1349.83747
2026-09-06T02:30:06.906Z,HBAR,0.9726,111,0.08144,1349.83747
2026-09-06T02:30:06.906Z,XTZ,0.8664,323.5,0.2376,1349.83747
2026-09-06T02:30:06.906Z,DYDX,-10.3554,149.2,0.1233,1349.83747
2026-09-06T02:30:06.906Z,ARB,1.0883,264.5,0.19384,1349.83747
2026-09-06T02:30:06.906Z,GMX,-6.1843,10160,8.023,1349.83747
2026-09-06T02:30:06.906Z,IMX,-1.7585,176,0.13272,1349.83747
2026-09-06T02:30:06.906Z,INJ,-6.2535,6460,5.105,1349.83747
2026-09-06T02:30:06.906Z,GRT,-7.3275,23.58,0.01885,1349.83747
2026-09-06T02:30:06.906Z,SUI,1.6716,1096,0.7986,1349.83747
2026-09-06T02:30:06.906Z,HYPE,1.247,116700,85.39,1349.83747
2026-09-06T02:35:07.088Z,BTC,1.2248,109173000,79900,1349.83747
2026-09-06T02:35:07.088Z,ETH,1.1353,3417000,2503,1349.83747
2026-09-06T02:35:07.088Z,SOL,1.0481,142400,104.4,1349.83747
2026-09-06T02:35:07.088Z,BNB,1.2471,1044000,763.9,1349.83747
2026-09-06T02:35:07.088Z,XRP,1.1743,1936,1.4176,1349.83747
2026-09-06T02:35:07.088Z,ADA,1.1922,303.1,0.2219,1349.83747
2026-09-06T02:35:07.088Z,AVAX,0.4401,10430,7.693,1349.83747
2026-09-06T02:35:07.088Z,DOT,1.2428,1273,0.9315,1349.83747
2026-09-06T02:35:07.088Z,LINK,2.2916,16960,12.283,1349.83747
2026-09-06T02:35:07.088Z,POL,-5.5731,125.6,0.09854,1349.83747
2026-09-06T02:35:07.088Z,DOGE,0.9926,124,0.09096,1349.83747
2026-09-06T02:35:07.088Z,TRX,1.2072,455.1,0.33313,1349.83747
2026-09-06T02:35:07.088Z,XLM,1.129,254,0.18607,1349.83747
2026-09-06T02:35:07.088Z,SHIB,1.1326,0.0075,5.494e-06,1349.83747
2026-09-06T02:35:07.088Z,BCH,-0.7514,351000,262,1349.83747
2026-09-06T02:35:07.088Z,UNI,3.0942,10110,7.265,1349.83747
2026-09-06T02:35:07.088Z,AAVE,1.5036,186900,136.41,1349.83747
2026-09-06T02:35:07.088Z,SUSHI,5.1472,361.5,0.2547,1349.83747
2026-09-06T02:35:07.088Z,LDO,-10.107,485,0.3997,1349.83747
2026-09-06T02:35:07.088Z,ICP,2.095,3703,2.687,1349.83747
2026-09-06T02:35:07.088Z,NEAR,3.1942,3084,2.214,1349.83747
2026-09-06T02:35:07.088Z,HBAR,0.9355,111,0.08147,1349.83747
2026-09-06T02:35:07.088Z,XTZ,0.7392,323.5,0.2379,1349.83747
2026-09-06T02:35:07.088Z,DYDX,-10.2972,149.2,0.12322,1349.83747
2026-09-06T02:35:07.088Z,ARB,2.5323,264.5,0.19111,1349.83747
2026-09-06T02:35:07.088Z,GMX,-5.5723,10160,7.971,1349.83747
2026-09-06T02:35:07.088Z,IMX,-1.8547,176,0.13285,1349.83747
2026-09-06T02:35:07.088Z,INJ,-6.4916,6460,5.118,1349.83747
2026-09-06T02:35:07.088Z,GRT,-7.1304,23.58,0.01881,1349.83747
2026-09-06T02:35:07.088Z,SUI,1.367,1096,0.801,1349.83747
2026-09-06T02:35:07.088Z,HYPE,1.0849,116700,85.527,1349.83747
2026-09-06T02:40:07.080Z,BTC,1.2103,109145000,79891,1349.83747
2026-09-06T02:40:07.080Z,ETH,1.0761,3415000,2503,1349.83747
2026-09-06T02:40:07.080Z,SOL,1.0898,142800,104.65,1349.83747
2026-09-06T02:40:07.080Z,BNB,1.3001,1044000,763.5,1349.83747
2026-09-06T02:40:07.080Z,XRP,1.16,1936,1.4178,1349.83747
2026-09-06T02:40:07.080Z,ADA,1.2657,302.5,0.2213,1349.83747
2026-09-06T02:40:07.080Z,AVAX,0.427,10430,7.694,1349.83747
2026-09-06T02:40:07.080Z,DOT,1.5918,1273,0.9283,1349.83747
2026-09-06T02:40:07.080Z,LINK,2.4501,16960,12.264,1349.83747
2026-09-06T02:40:07.080Z,POL,-5.9929,125.6,0.09898,1349.83747
2026-09-06T02:40:07.080Z,DOGE,1.0704,124,0.09089,1349.83747
2026-09-06T02:40:07.080Z,TRX,1.2346,455.1,0.33304,1349.83747
2026-09-06T02:40:07.080Z,XLM,1.1236,254,0.18608,1349.83747
2026-09-06T02:40:07.080Z,SHIB,1.1326,0.0075,5.494e-06,1349.83747
2026-09-06T02:40:07.080Z,BCH,0.3324,357000,263.6,1349.83747
2026-09-06T02:40:07.080Z,UNI,3.1225,10110,7.263,1349.83747
2026-09-06T02:40:07.080Z,AAVE,1.7348,186900,136.1,1349.83747
2026-09-06T02:40:07.080Z,SUSHI,1.2799,346.7,0.2536,1349.83747
2026-09-06T02:40:07.080Z,LDO,-9.9492,485,0.399,1349.83747
2026-09-06T02:40:07.080Z,ICP,2.2472,3703,2.683,1349.83747
2026-09-06T02:40:07.080Z,NEAR,2.6379,3084,2.226,1349.83747
2026-09-06T02:40:07.080Z,HBAR,0.9107,111,0.08149,1349.83747
2026-09-06T02:40:07.080Z,XTZ,0.7815,323.5,0.2378,1349.83747
2026-09-06T02:40:07.080Z,DYDX,-10.2243,149.2,0.12312,1349.83747
2026-09-06T02:40:07.080Z,ARB,2.4733,264.5,0.19122,1349.83747
2026-09-06T02:40:07.080Z,GMX,-5.3229,10160,7.95,1349.83747
2026-09-06T02:40:07.080Z,IMX,-2.0979,176,0.13318,1349.83747
2026-09-06T02:40:07.080Z,INJ,-6.4001,6460,5.113,1349.83747
2026-09-06T02:40:07.080Z,GRT,-6.634,23.58,0.01871,1349.83747
2026-09-06T02:40:07.080Z,SUI,1.2331,1091,0.7984,1349.83747
2026-09-06T02:40:07.080Z,HYPE,1.0293,116700,85.574,1349.83747
2026-09-06T02:45:06.885Z,BTC,1.2211,109093000,79844.4,1349.83747
2026-09-06T02:45:06.885Z,ETH,1.2316,3418000,2501.35,1349.83747
2026-09-06T02:45:06.885Z,SOL,1.2742,142500,104.24,1349.83747
2026-09-06T02:45:06.885Z,BNB,1.3267,1044000,763.3,1349.83747
2026-09-06T02:45:06.885Z,XRP,1.1934,1935,1.4166,1349.83747
2026-09-06T02:45:06.885Z,ADA,1.4491,302.5,0.2209,1349.83747
2026-09-06T02:45:06.885Z,AVAX,0.6625,10430,7.676,1349.83747
2026-09-06T02:45:06.885Z,DOT,1.8001,1273,0.9264,1349.83747
2026-09-06T02:45:06.885Z,LINK,2.6593,16960,12.239,1349.83747
2026-09-06T02:45:06.885Z,POL,-5.793,125.6,0.09877,1349.83747
2026-09-06T02:45:06.885Z,DOGE,1.1706,124,0.0908,1349.83747
2026-09-06T02:45:06.885Z,TRX,1.2559,455.1,0.33297,1349.83747
2026-09-06T02:45:06.885Z,XLM,1.3087,254,0.18574,1349.83747
2026-09-06T02:45:06.885Z,SHIB,1.2616,0.0075,5.487e-06,1349.83747
2026-09-06T02:45:06.885Z,BCH,1.0609,357000,261.7,1349.83747
2026-09-06T02:45:06.885Z,UNI,2.9383,10110,7.276,1349.83747
2026-09-06T02:45:06.885Z,AAVE,2.0723,186900,135.65,1349.83747
2026-09-06T02:45:06.885Z,SUSHI,1.6004,346.7,0.2528,1349.83747
2026-09-06T02:45:06.885Z,LDO,-9.3128,485,0.3962,1349.83747
2026-09-06T02:45:06.885Z,ICP,2.4381,3703,2.678,1349.83747
2026-09-06T02:45:06.885Z,NEAR,2.3161,3084,2.233,1349.83747
2026-09-06T02:45:06.885Z,HBAR,1.1549,110.9,0.08122,1349.83747
2026-09-06T02:45:06.885Z,XTZ,0.8664,323.5,0.2376,1349.83747
2026-09-06T02:45:06.885Z,DYDX,-9.229,149.2,0.12177,1349.83747
2026-09-06T02:45:06.885Z,ARB,2.7528,264.5,0.1907,1349.83747
2026-09-06T02:45:06.885Z,GMX,-5.3705,10160,7.954,1349.83747
2026-09-06T02:45:06.885Z,IMX,-2.1713,176,0.13328,1349.83747
2026-09-06T02:45:06.885Z,INJ,-6.6011,6460,5.124,1349.83747
2026-09-06T02:45:06.885Z,GRT,-6.5341,23.58,0.01869,1349.83747
2026-09-06T02:45:06.885Z,SUI,1.5129,1091,0.7962,1349.83747
2026-09-06T02:45:06.885Z,HYPE,1.0352,116700,85.569,1349.83747
2026-09-06T02:50:06.710Z,BTC,1.212,109085000,79845.7,1349.83747
2026-09-06T02:50:06.710Z,ETH,1.195,3416000,2500.79,1349.83747
2026-09-06T02:50:06.710Z,SOL,1.1675,142500,104.35,1349.83747
2026-09-06T02:50:06.710Z,BNB,1.3399,1044000,763.2,1349.83747
2026-09-06T02:50:06.710Z,XRP,1.2148,1935,1.4163,1349.83747
2026-09-06T02:50:06.710Z,ADA,1.1473,301.6,0.2209,1349.83747
2026-09-06T02:50:06.710Z,AVAX,0.7019,10430,7.673,1349.83747
2026-09-06T02:50:06.710Z,DOT,1.7233,1273,0.9271,1349.83747
2026-09-06T02:50:06.710Z,LINK,2.6677,16960,12.238,1349.83747
2026-09-06T02:50:06.710Z,POL,-5.5827,125.6,0.09855,1349.83747
2026-09-06T02:50:06.710Z,DOGE,1.1149,124,0.09085,1349.83747
2026-09-06T02:50:06.710Z,TRX,1.3015,455.1,0.33282,1349.83747
2026-09-06T02:50:06.710Z,XLM,1.3414,254,0.18568,1349.83747
2026-09-06T02:50:06.710Z,SHIB,1.2247,0.0075,5.489e-06,1349.83747
2026-09-06T02:50:06.710Z,BCH,0.8297,357000,262.3,1349.83747
2026-09-06T02:50:06.710Z,UNI,4.2275,10110,7.186,1349.83747
2026-09-06T02:50:06.710Z,AAVE,2.291,186900,135.36,1349.83747
2026-09-06T02:50:06.710Z,SUSHI,1.1602,346.7,0.2539,1349.83747
2026-09-06T02:50:06.710Z,LDO,-8.9682,485,0.3947,1349.83747
2026-09-06T02:50:06.710Z,ICP,2.5147,3703,2.676,1349.83747
2026-09-06T02:50:06.710Z,NEAR,2.869,3084,2.221,1349.83747
2026-09-06T02:50:06.710Z,HBAR,1.3671,110.9,0.08105,1349.83747
2026-09-06T02:50:06.710Z,XTZ,0.9513,323.5,0.2374,1349.83747
2026-09-06T02:50:06.710Z,DYDX,-9.3407,149.2,0.12192,1349.83747
2026-09-06T02:50:06.710Z,ARB,4.5287,264.5,0.18746,1349.83747
2026-09-06T02:50:06.710Z,GMX,-4.5545,10160,7.886,1349.83747
2026-09-06T02:50:06.710Z,IMX,-2.1713,176,0.13328,1349.83747
2026-09-06T02:50:06.710Z,INJ,-6.7467,6460,5.132,1349.83747
2026-09-06T02:50:06.710Z,GRT,-6.8332,23.58,0.01875,1349.83747
2026-09-06T02:50:06.710Z,SUI,1.4364,1091,0.7968,1349.83747
2026-09-06T02:50:06.710Z,HYPE,1.0955,116700,85.518,1349.83747
2026-09-06T02:55:06.898Z,BTC,1.1973,109081000,79854.4,1349.83747
2026-09-06T02:55:06.898Z,ETH,1.1663,3416000,2501.5,1349.83747
2026-09-06T02:55:06.898Z,SOL,1.2063,142500,104.31,1349.83747
2026-09-06T02:55:06.898Z,BNB,1.2338,1044000,764,1349.83747
2026-09-06T02:55:06.898Z,XRP,1.1672,1936,1.4177,1349.83747
2026-09-06T02:55:06.898Z,ADA,1.1653,302.2,0.2213,1349.83747
2026-09-06T02:55:06.898Z,AVAX,0.5839,10430,7.682,1349.83747
2026-09-06T02:55:06.898Z,DOT,1.5262,1273,0.9289,1349.83747
2026-09-06T02:55:06.898Z,LINK,2.6677,16960,12.238,1349.83747
2026-09-06T02:55:06.898Z,POL,-6.0119,125.6,0.099,1349.83747
2026-09-06T02:55:06.898Z,DOGE,1.0815,124,0.09088,1349.83747
2026-09-06T02:55:06.898Z,TRX,1.2954,455.1,0.33284,1349.83747
2026-09-06T02:55:06.898Z,XLM,1.1834,254,0.18597,1349.83747
2026-09-06T02:55:06.898Z,SHIB,1.1142,0.0075,5.495e-06,1349.83747
2026-09-06T02:55:06.898Z,BCH,0.2564,357000,263.8,1349.83747
2026-09-06T02:55:06.898Z,UNI,4.2856,10110,7.182,1349.83747
2026-09-06T02:55:06.898Z,AAVE,2.208,186900,135.47,1349.83747
2026-09-06T02:55:06.898Z,SUSHI,1.0939,346.2,0.2537,1349.83747
2026-09-06T02:55:06.898Z,LDO,-9.1294,485,0.3954,1349.83747
2026-09-06T02:55:06.898Z,ICP,2.3617,3703,2.68,1349.83747
2026-09-06T02:55:06.898Z,NEAR,2.7302,3084,2.224,1349.83747
2026-09-06T02:55:06.898Z,HBAR,1.3296,110.9,0.08108,1349.83747
2026-09-06T02:55:06.898Z,XTZ,0.9088,323.5,0.2375,1349.83747
2026-09-06T02:55:06.898Z,DYDX,-9.3407,149.2,0.12192,1349.83747
2026-09-06T02:55:06.898Z,ARB,1.3178,258.7,0.18916,1349.83747
2026-09-06T02:55:06.898Z,GMX,-4.5061,10160,7.882,1349.83747
2026-09-06T02:55:06.898Z,IMX,-1.9432,176,0.13297,1349.83747
2026-09-06T02:55:06.898Z,INJ,-6.2902,6460,5.107,1349.83747
2026-09-06T02:55:06.898Z,GRT,-6.9821,23.58,0.01878,1349.83747
2026-09-06T02:55:06.898Z,SUI,1.3728,1091,0.7973,1349.83747
2026-09-06T02:55:06.898Z,HYPE,1.2293,116700,85.405,1349.83747
2026-09-06T03:00:06.873Z,BTC,1.2138,109127000,79875,1349.83747
2026-09-06T03:00:06.873Z,ETH,1.1843,3418000,2502.52,1349.83747
2026-09-06T03:00:06.873Z,SOL,1.1578,142500,104.36,1349.83747
2026-09-06T03:00:06.873Z,BNB,1.2471,1044000,763.9,1349.83747
2026-09-06T03:00:06.873Z,XRP,1.16,1936,1.4178,1349.83747
2026-09-06T03:00:06.873Z,ADA,1.2568,302.2,0.2211,1349.83747
2026-09-06T03:00:06.873Z,AVAX,0.6625,10430,7.676,1349.83747
2026-09-06T03:00:06.873Z,DOT,1.6575,1273,0.9277,1349.83747
2026-09-06T03:00:06.873Z,LINK,1.1434,16700,12.232,1349.83747
2026-09-06T03:00:06.873Z,POL,-5.8693,125.6,0.09885,1349.83747
2026-09-06T03:00:06.873Z,DOGE,1.0371,124,0.09092,1349.83747
2026-09-06T03:00:06.873Z,TRX,1.2924,455.1,0.33285,1349.83747
2026-09-06T03:00:06.873Z,XLM,1.178,254,0.18598,1349.83747
2026-09-06T03:00:06.873Z,SHIB,1.1694,0.0075,5.492e-06,1349.83747
2026-09-06T03:00:06.873Z,BCH,0.5231,357000,263.1,1349.83747
2026-09-06T03:00:06.873Z,UNI,1.5913,9820,7.161,1349.83747
2026-09-06T03:00:06.873Z,AAVE,2.4196,186900,135.19,1349.83747
2026-09-06T03:00:06.873Z,SUSHI,0.9745,346.2,0.254,1349.83747
2026-09-06T03:00:06.873Z,LDO,-9.0143,485,0.3949,1349.83747
2026-09-06T03:00:06.873Z,ICP,2.553,3703,2.675,1349.83747
2026-09-06T03:00:06.873Z,NEAR,2.7302,3084,2.224,1349.83747
2026-09-06T03:00:06.873Z,HBAR,1.2422,110.9,0.08115,1349.83747
2026-09-06T03:00:06.873Z,XTZ,0.9939,323.5,0.2373,1349.83747
2026-09-06T03:00:06.873Z,DYDX,-9.2886,149.2,0.12185,1349.83747
2026-09-06T03:00:06.873Z,ARB,1.4895,258.7,0.18884,1349.83747
2026-09-06T03:00:06.873Z,GMX,-4.6874,10160,7.897,1349.83747
2026-09-06T03:00:06.873Z,IMX,-1.9875,176,0.13303,1349.83747
2026-09-06T03:00:06.873Z,INJ,-6.1799,6460,5.101,1349.83747
2026-09-06T03:00:06.873Z,GRT,-7.1798,23.58,0.01882,1349.83747
2026-09-06T03:00:06.873Z,SUI,1.2585,1091,0.7982,1349.83747
2026-09-06T03:00:06.873Z,HYPE,1.118,116700,85.499,1349.83747
2026-09-06T03:05:06.881Z,BTC,1.198,109127000,79887.5,1349.83747
2026-09-06T03:05:06.881Z,ETH,1.1505,3416000,2501.89,1349.83747
2026-09-06T03:05:06.881Z,SOL,1.1675,142500,104.35,1349.83747
2026-09-06T03:05:06.881Z,BNB,1.2206,1044000,764.1,1349.83747
2026-09-06T03:05:06.881Z,XRP,1.1244,1936,1.4183,1349.83747
2026-09-06T03:05:06.881Z,ADA,1.3415,303,0.2215,1349.83747
2026-09-06T03:05:06.881Z,AVAX,0.7019,10430,7.673,1349.83747
2026-09-06T03:05:06.881Z,DOT,1.8441,1273,0.926,1349.83747
2026-09-06T03:05:06.881Z,LINK,1.1599,16700,12.23,1349.83747
2026-09-06T03:05:06.881Z,POL,-5.333,125.6,0.09829,1349.83747
2026-09-06T03:05:06.881Z,DOGE,1.1261,124,0.09084,1349.83747
2026-09-06T03:05:06.881Z,TRX,1.2924,455.1,0.33285,1349.83747
2026-09-06T03:05:06.881Z,XLM,1.2576,254.2,0.18598,1349.83747
2026-09-06T03:05:06.881Z,SHIB,1.1878,0.0075,5.491e-06,1349.83747
2026-09-06T03:05:06.881Z,BCH,0.0289,357000,264.4,1349.83747
2026-09-06T03:05:06.881Z,UNI,1.4072,9820,7.174,1349.83747
2026-09-06T03:05:06.881Z,AAVE,2.2457,186900,135.42,1349.83747
2026-09-06T03:05:06.881Z,SUSHI,0.2248,346.2,0.2559,1349.83747
2026-09-06T03:05:06.881Z,LDO,-9.1753,485,0.3956,1349.83747
2026-09-06T03:05:06.881Z,ICP,2.057,3703,2.688,1349.83747
2026-09-06T03:05:06.881Z,NEAR,3.1942,3084,2.214,1349.83747
2026-09-06T03:05:06.881Z,HBAR,1.2297,110.9,0.08116,1349.83747
2026-09-06T03:05:06.881Z,XTZ,1.0365,323.5,0.2372,1349.83747
2026-09-06T03:05:06.881Z,DYDX,-9.2812,149.2,0.12184,1349.83747
2026-09-06T03:05:06.881Z,ARB,1.0347,258.7,0.18969,1349.83747
2026-09-06T03:05:06.881Z,GMX,-4.6512,10160,7.894,1349.83747
2026-09-06T03:05:06.881Z,IMX,-2.2666,176,0.13341,1349.83747
2026-09-06T03:05:06.881Z,INJ,-5.6063,6460,5.07,1349.83747
2026-09-06T03:05:06.881Z,GRT,-7.2783,23.58,0.01884,1349.83747
2026-09-06T03:05:06.881Z,SUI,1.3474,1091,0.7975,1349.83747
2026-09-06T03:05:06.881Z,HYPE,0.988,116700,85.609,1349.83747
2026-09-06T03:10:06.893Z,BTC,1.2133,109132000,79879.1,1349.83747
2026-09-06T03:10:06.893Z,ETH,1.2021,3418000,2502.08,1349.83747
2026-09-06T03:10:06.893Z,SOL,1.1772,142500,104.34,1349.83747
2026-09-06T03:10:06.893Z,BNB,1.2073,1044000,764.2,1349.83747
2026-09-06T03:10:06.893Z,XRP,1.2337,1937,1.4175,1349.83747
2026-09-06T03:10:06.893Z,ADA,1.4491,302.5,0.2209,1349.83747
2026-09-06T03:10:06.893Z,AVAX,0.9255,10430,7.656,1349.83747
2026-09-06T03:10:06.893Z,DOT,2.2084,1273,0.9227,1349.83747
2026-09-06T03:10:06.893Z,LINK,1.265,16690,12.21,1349.83747
2026-09-06T03:10:06.893Z,POL,-5.0334,125.6,0.09798,1349.83747
2026-09-06T03:10:06.893Z,DOGE,1.1929,124,0.09078,1349.83747
2026-09-06T03:10:06.893Z,TRX,1.3167,455.1,0.33277,1349.83747
2026-09-06T03:10:06.893Z,XLM,1.631,255,0.18588,1349.83747
2026-09-06T03:10:06.893Z,SHIB,1.2616,0.0075,5.487e-06,1349.83747
2026-09-06T03:10:06.893Z,BCH,0.9451,357000,262,1349.83747
2026-09-06T03:10:06.893Z,UNI,1.5913,9820,7.161,1349.83747
2026-09-06T03:10:06.893Z,AAVE,2.3666,186900,135.26,1349.83747
2026-09-06T03:10:06.893Z,SUSHI,0.5391,346.2,0.2551,1349.83747
2026-09-06T03:10:06.893Z,LDO,-9.0373,485,0.395,1349.83747
2026-09-06T03:10:06.893Z,ICP,2.3617,3703,2.68,1349.83747
2026-09-06T03:10:06.893Z,NEAR,3.6154,3084,2.205,1349.83747
2026-09-06T03:10:06.893Z,HBAR,1.3671,110.9,0.08105,1349.83747
2026-09-06T03:10:06.893Z,XTZ,10.0617,352.1,0.237,1349.83747
2026-09-06T03:10:06.893Z,DYDX,-8.9973,149.2,0.12146,1349.83747
2026-09-06T03:10:06.893Z,ARB,0.925,254.7,0.18696,1349.83747
2026-09-06T03:10:06.893Z,GMX,-5.12,10160,7.933,1349.83747
2026-09-06T03:10:06.893Z,IMX,-2.0684,176,0.13314,1349.83747
2026-09-06T03:10:06.893Z,INJ,-5.401,6460,5.059,1349.83747
2026-09-06T03:10:06.893Z,GRT,-7.3275,23.58,0.01885,1349.83747
2026-09-06T03:10:06.893Z,SUI,1.5384,1091,0.796,1349.83747
2026-09-06T03:10:06.893Z,HYPE,0.948,116700,85.643,1349.83747
2026-09-06T03:15:06.889Z,BTC,1.1876,109135000,79901.6,1349.83747
2026-09-06T03:15:06.889Z,ETH,1.025,3416000,2505,1349.83747
2026-09-06T03:15:06.889Z,SOL,1.0803,142500,104.44,1349.83747
2026-09-06T03:15:06.889Z,BNB,1.2206,1044000,764.1,1349.83747
2026-09-06T03:15:06.889Z,XRP,1.0673,1936,1.4191,1349.83747
2026-09-06T03:15:06.889Z,ADA,1.4032,302.5,0.221,1349.83747
2026-09-06T03:15:06.889Z,AVAX,0.597,10430,7.681,1349.83747
2026-09-06T03:15:06.889Z,DOT,2.1309,1273,0.9234,1349.83747
2026-09-06T03:15:06.889Z,LINK,1.0085,16690,12.241,1349.83747
2026-09-06T03:15:06.889Z,POL,-5.1786,125.6,0.09813,1349.83747
2026-09-06T03:15:06.889Z,DOGE,1.1038,124,0.09086,1349.83747
2026-09-06T03:15:06.889Z,TRX,1.683,456.8,0.33281,1349.83747
2026-09-06T03:15:06.889Z,XLM,1.0512,254.2,0.18636,1349.83747
2026-09-06T03:15:06.889Z,SHIB,1.1878,0.0075,5.491e-06,1349.83747
2026-09-06T03:15:06.889Z,BCH,1.0609,357000,261.7,1349.83747
2026-09-06T03:15:06.889Z,UNI,1.5771,9820,7.162,1349.83747
2026-09-06T03:15:06.889Z,AAVE,2.1702,186900,135.52,1349.83747
2026-09-06T03:15:06.889Z,SUSHI,-0.5138,346.2,0.2578,1349.83747
2026-09-06T03:15:06.889Z,LDO,-9.2899,485,0.3961,1349.83747
2026-09-06T03:15:06.889Z,ICP,2.2091,3703,2.684,1349.83747
2026-09-06T03:15:06.889Z,NEAR,3.5684,3084,2.206,1349.83747
2026-09-06T03:15:06.889Z,HBAR,1.2172,110.9,0.08117,1349.83747
2026-09-06T03:15:06.889Z,XTZ,9.6253,351,0.2372,1349.83747
2026-09-06T03:15:06.889Z,DYDX,-9.1245,149.2,0.12163,1349.83747
2026-09-06T03:15:06.889Z,ARB,-0.6427,254.7,0.18991,1349.83747
2026-09-06T03:15:06.889Z,GMX,-5.12,10160,7.933,1349.83747
2026-09-06T03:15:06.889Z,IMX,-1.8547,176,0.13285,1349.83747
2026-09-06T03:15:06.889Z,INJ,-5.401,6460,5.059,1349.83747
2026-09-06T03:15:06.889Z,GRT,-7.6704,23.58,0.01892,1349.83747
2026-09-06T03:15:06.889Z,SUI,1.3474,1091,0.7975,1349.83747
2026-09-06T03:15:06.889Z,HYPE,0.8655,116700,85.713,1349.83747
2026-09-06T03:20:07.093Z,BTC,1.2788,109280000,79935.7,1349.83747
2026-09-06T03:20:07.093Z,ETH,1.0354,3416000,2504.74,1349.83747
2026-09-06T03:20:07.093Z,SOL,1.17,143200,104.86,1349.83747
2026-09-06T03:20:07.093Z,BNB,1.1941,1044000,764.3,1349.83747
2026-09-06T03:20:07.093Z,XRP,1.1646,1938,1.4192,1349.83747
2026-09-06T03:20:07.093Z,ADA,1.1653,302.2,0.2213,1349.83747
2026-09-06T03:20:07.093Z,AVAX,0.5054,10430,7.688,1349.83747
2026-09-06T03:20:07.093Z,DOT,2.0094,1273,0.9245,1349.83747
2026-09-06T03:20:07.093Z,LINK,1.025,16690,12.239,1349.83747
2026-09-06T03:20:07.093Z,POL,-5.6019,125.6,0.09857,1349.83747
2026-09-06T03:20:07.093Z,DOGE,1.1408,124.1,0.0909,1349.83747
2026-09-06T03:20:07.093Z,TRX,1.6921,456.8,0.33278,1349.83747
2026-09-06T03:20:07.093Z,XLM,1.0349,254.2,0.18639,1349.83747
2026-09-06T03:20:07.093Z,SHIB,1.0958,0.0075,5.496e-06,1349.83747
2026-09-06T03:20:07.093Z,BCH,0.9837,357000,261.9,1349.83747
2026-09-06T03:20:07.093Z,UNI,1.172,9830,7.198,1349.83747
2026-09-06T03:20:07.093Z,AAVE,2.1326,186900,135.57,1349.83747
2026-09-06T03:20:07.093Z,SUSHI,-0.2042,346.2,0.257,1349.83747
2026-09-06T03:20:07.093Z,LDO,-9.3357,485,0.3963,1349.83747
2026-09-06T03:20:07.093Z,ICP,2.3235,3703,2.681,1349.83747
2026-09-06T03:20:07.093Z,NEAR,3.6624,3084,2.204,1349.83747
2026-09-06T03:20:07.093Z,HBAR,1.1051,110.9,0.08126,1349.83747
2026-09-06T03:20:07.093Z,XTZ,9.211,351,0.2381,1349.83747
2026-09-06T03:20:07.093Z,DYDX,-9.0423,149.2,0.12152,1349.83747
2026-09-06T03:20:07.093Z,ARB,-0.8776,254.7,0.19036,1349.83747
2026-09-06T03:20:07.093Z,GMX,-5.4893,10160,7.964,1349.83747
2026-09-06T03:20:07.093Z,IMX,-1.8621,176,0.13286,1349.83747
2026-09-06T03:20:07.093Z,INJ,-5.5318,6460,5.066,1349.83747
2026-09-06T03:20:07.093Z,GRT,-7.1798,23.58,0.01882,1349.83747
2026-09-06T03:20:07.093Z,SUI,1.115,1090,0.7986,1349.83747
2026-09-06T03:20:07.093Z,HYPE,0.8985,116700,85.685,1349.83747
2026-09-06T03:25:06.880Z,BTC,1.1689,109140000,79920,1349.83747
2026-09-06T03:25:06.880Z,ETH,1.1756,3420000,2504.2,1349.83747
2026-09-06T03:25:06.880Z,SOL,1.2823,143400,104.89,1349.83747
2026-09-06T03:25:06.880Z,BNB,1.2206,1044000,764.1,1349.83747
2026-09-06T03:25:06.880Z,XRP,1.1409,1937,1.4188,1349.83747
2026-09-06T03:25:06.880Z,ADA,1.3026,302.2,0.221,1349.83747
2026-09-06T03:25:06.880Z,AVAX,0.4401,10430,7.693,1349.83747
2026-09-06T03:25:06.880Z,DOT,2.3526,1273,0.9214,1349.83747
2026-09-06T03:25:06.880Z,LINK,1.1407,16690,12.225,1349.83747
2026-09-06T03:25:06.880Z,POL,-6.0404,125.6,0.09903,1349.83747
2026-09-06T03:25:06.880Z,DOGE,1.1965,124.1,0.09085,1349.83747
2026-09-06T03:25:06.880Z,TRX,1.7135,456.8,0.33271,1349.83747
2026-09-06T03:25:06.880Z,XLM,0.8888,254.2,0.18666,1349.83747
2026-09-06T03:25:06.880Z,SHIB,1.0958,0.0075,5.496e-06,1349.83747
2026-09-06T03:25:06.880Z,BCH,1.3707,357000,260.9,1349.83747
2026-09-06T03:25:06.880Z,UNI,1.3974,9830,7.182,1349.83747
2026-09-06T03:25:06.880Z,AAVE,2.2004,186900,135.48,1349.83747
2026-09-06T03:25:06.880Z,SUSHI,0.4604,346.2,0.2553,1349.83747
2026-09-06T03:25:06.880Z,LDO,-9.1523,485,0.3955,1349.83747
2026-09-06T03:25:06.880Z,ICP,2.5147,3703,2.676,1349.83747
2026-09-06T03:25:06.880Z,NEAR,3.6154,3084,2.205,1349.83747
2026-09-06T03:25:06.880Z,HBAR,1.1923,110.9,0.08119,1349.83747
2026-09-06T03:25:06.880Z,XTZ,9.4408,351,0.2376,1349.83747
2026-09-06T03:25:06.880Z,DYDX,-8.7946,149.2,0.12119,1349.83747
2026-09-06T03:25:06.880Z,ARB,-0.6375,254.7,0.1899,1349.83747
2026-09-06T03:25:06.880Z,GMX,-5.0721,10160,7.929,1349.83747
2026-09-06T03:25:06.880Z,IMX,-2.1566,176,0.13326,1349.83747
2026-09-06T03:25:06.880Z,INJ,-5.4758,6460,5.063,1349.83747
2026-09-06T03:25:06.880Z,GRT,-7.2291,23.58,0.01883,1349.83747
2026-09-06T03:25:06.880Z,SUI,1.318,1090,0.797,1349.83747
2026-09-06T03:25:06.880Z,HYPE,0.8667,116700,85.712,1349.83747
2026-09-06T03:30:06.892Z,BTC,1.2133,109140000,79884.9,1349.83747
2026-09-06T03:30:06.892Z,ETH,1.1898,3416000,2500.92,1349.83747
2026-09-06T03:30:06.892Z,SOL,1.1023,143500,105.15,1349.83747
2026-09-06T03:30:06.892Z,BNB,1.2736,1044000,763.7,1349.83747
2026-09-06T03:30:06.892Z,XRP,1.0934,1938,1.4202,1349.83747
2026-09-06T03:30:06.892Z,ADA,1.0893,301.7,0.2211,1349.83747
2026-09-06T03:30:06.892Z,AVAX,0.4793,10430,7.69,1349.83747
2026-09-06T03:30:06.892Z,DOT,2.3303,1273,0.9216,1349.83747
2026-09-06T03:30:06.892Z,LINK,1.2016,16670,12.203,1349.83747
2026-09-06T03:30:06.892Z,POL,-5.7835,125.6,0.09876,1349.83747
2026-09-06T03:30:06.892Z,DOGE,1.1595,124,0.09081,1349.83747
2026-09-06T03:30:06.892Z,TRX,1.7166,456.8,0.3327,1349.83747
2026-09-06T03:30:06.892Z,XLM,0.9483,254.5,0.18677,1349.83747
2026-09-06T03:30:06.892Z,SHIB,1.0774,0.0075,5.497e-06,1349.83747
2026-09-06T03:30:06.892Z,BCH,1.2931,357000,261.1,1349.83747
2026-09-06T03:30:06.892Z,UNI,1.1439,9830,7.2,1349.83747
2026-09-06T03:30:06.892Z,AAVE,2.2004,186900,135.48,1349.83747
2026-09-06T03:30:06.892Z,SUSHI,5.9112,347.4,0.243,1349.83747
2026-09-06T03:30:06.892Z,LDO,-9.1523,485,0.3955,1349.83747
2026-09-06T03:30:06.892Z,ICP,2.6682,3703,2.672,1349.83747
2026-09-06T03:30:06.892Z,NEAR,3.4746,3084,2.208,1349.83747
2026-09-06T03:30:06.892Z,HBAR,0.8817,110.9,0.08144,1349.83747
2026-09-06T03:30:06.892Z,XTZ,9.3487,351,0.2378,1349.83747
2026-09-06T03:30:06.892Z,DYDX,-8.7268,149.2,0.1211,1349.83747
2026-09-06T03:30:06.892Z,ARB,-1.0595,254.7,0.19071,1349.83747
2026-09-06T03:30:06.892Z,GMX,-5.0122,10160,7.924,1349.83747
2026-09-06T03:30:06.892Z,IMX,-2.1273,176,0.13322,1349.83747
2026-09-06T03:30:06.892Z,INJ,-5.6621,6460,5.073,1349.83747
2026-09-06T03:30:06.892Z,GRT,-7.1798,23.58,0.01882,1349.83747
2026-09-06T03:30:06.892Z,SUI,1.3689,1090,0.7966,1349.83747
2026-09-06T03:30:06.892Z,HYPE,0.8361,116700,85.738,1349.83747
2026-09-06T03:35:07.069Z,BTC,1.1564,109128000,79921.1,1349.83747
2026-09-06T03:35:07.069Z,ETH,1.1408,3416000,2502.13,1349.83747
2026-09-06T03:35:07.069Z,SOL,1.1276,144000,105.49,1349.83747
2026-09-06T03:35:07.069Z,BNB,1.2471,1044000,763.9,1349.83747
2026-09-06T03:35:07.069Z,XRP,1.2094,1942,1.4215,1349.83747
2026-09-06T03:35:07.069Z,ADA,1.0162,302.3,0.2217,1349.83747
2026-09-06T03:35:07.069Z,AVAX,0.4401,10430,7.693,1349.83747
2026-09-06T03:35:07.069Z,DOT,2.4415,1273,0.9206,1349.83747
2026-09-06T03:35:07.069Z,LINK,1.2514,16670,12.197,1349.83747
2026-09-06T03:35:07.069Z,POL,-5.9549,125.6,0.09894,1349.83747
2026-09-06T03:35:07.069Z,DOGE,1.0371,124,0.09092,1349.83747
2026-09-06T03:35:07.069Z,TRX,1.3289,455.1,0.33273,1349.83747
2026-09-06T03:35:07.069Z,XLM,1.1541,254.5,0.18639,1349.83747
2026-09-06T03:35:07.069Z,SHIB,1.0039,0.0075,5.501e-06,1349.83747
2026-09-06T03:35:07.069Z,BCH,0.8681,357000,262.2,1349.83747
2026-09-06T03:35:07.069Z,UNI,1.2142,9830,7.195,1349.83747
2026-09-06T03:35:07.069Z,AAVE,2.2759,186900,135.38,1349.83747
2026-09-06T03:35:07.069Z,SUSHI,7.2798,347.4,0.2399,1349.83747
2026-09-06T03:35:07.069Z,LDO,-9.2212,485,0.3958,1349.83747
2026-09-06T03:35:07.069Z,ICP,2.9765,3703,2.664,1349.83747
2026-09-06T03:35:07.069Z,NEAR,3.0546,3084,2.217,1349.83747
2026-09-06T03:35:07.069Z,HBAR,0.5606,110.9,0.0817,1349.83747
2026-09-06T03:35:07.069Z,XTZ,9.3028,351,0.2379,1349.83747
2026-09-06T03:35:07.069Z,DYDX,-8.5456,149.2,0.12086,1349.83747
2026-09-06T03:35:07.069Z,ARB,-1.3853,254.7,0.19134,1349.83747
2026-09-06T03:35:07.069Z,GMX,-5.2752,10160,7.946,1349.83747
2026-09-06T03:35:07.069Z,IMX,-2.2886,176,0.13344,1349.83747
2026-09-06T03:35:07.069Z,INJ,-5.4944,6460,5.064,1349.83747
2026-09-06T03:35:07.069Z,GRT,-6.9821,23.58,0.01878,1349.83747
2026-09-06T03:35:07.069Z,SUI,1.0897,1090,0.7988,1349.83747
2026-09-06T03:35:07.069Z,HYPE,0.7762,116700,85.789,1349.83747
2026-09-06T03:40:07.043Z,BTC,1.1058,109140000,79969.9,1349.83747
2026-09-06T03:40:07.043Z,ETH,1.1162,3424000,2508.6,1349.83747
2026-09-06T03:40:07.043Z,SOL,1.0002,145700,106.87,1349.83747
2026-09-06T03:40:07.043Z,BNB,1.1147,1044000,764.9,1349.83747
2026-09-06T03:40:07.043Z,XRP,1.0647,1947,1.4272,1349.83747
2026-09-06T03:40:07.043Z,ADA,1.0404,303.6,0.2226,1349.83747
2026-09-06T03:40:07.043Z,AVAX,0.024,10430,7.725,1349.83747
2026-09-06T03:40:07.043Z,DOT,2.0867,1273,0.9238,1349.83747
2026-09-06T03:40:07.043Z,LINK,1.0112,16670,12.226,1349.83747
2026-09-06T03:40:07.043Z,POL,-6.0214,125.6,0.09901,1349.83747
2026-09-06T03:40:07.043Z,DOGE,1.1992,124.8,0.09136,1349.83747
2026-09-06T03:40:07.043Z,TRX,1.3381,455.1,0.3327,1349.83747
2026-09-06T03:40:07.043Z,XLM,1.0619,255.1,0.187,1349.83747
2026-09-06T03:40:07.043Z,SHIB,0.6562,0.0075,5.52e-06,1349.83747
2026-09-06T03:40:07.043Z,BCH,0.7529,357000,262.5,1349.83747
2026-09-06T03:40:07.043Z,UNI,1.172,9830,7.198,1349.83747
2026-09-06T03:40:07.043Z,AAVE,2.1929,186900,135.49,1349.83747
2026-09-06T03:40:07.043Z,SUSHI,6.7016,347.4,0.2412,1349.83747
2026-09-06T03:40:07.043Z,LDO,-9.5184,485,0.3971,1349.83747
2026-09-06T03:40:07.043Z,ICP,2.9765,3703,2.664,1349.83747
2026-09-06T03:40:07.043Z,NEAR,2.9153,3084,2.22,1349.83747
2026-09-06T03:40:07.043Z,HBAR,0.4868,110.9,0.08176,1349.83747
2026-09-06T03:40:07.043Z,XTZ,9.1193,351,0.2383,1349.83747
2026-09-06T03:40:07.043Z,DYDX,-9.0572,149.2,0.12154,1349.83747
2026-09-06T03:40:07.043Z,ARB,-2.1168,254.7,0.19277,1349.83747
2026-09-06T03:40:07.043Z,GMX,-5.4299,10160,7.959,1349.83747
2026-09-06T03:40:07.043Z,IMX,-2.5078,176,0.13374,1349.83747
2026-09-06T03:40:07.043Z,INJ,-6.4184,6460,5.114,1349.83747
2026-09-06T03:40:07.043Z,GRT,-7.6215,23.58,0.01891,1349.83747
2026-09-06T03:40:07.043Z,SUI,0.8334,1092,0.8023,1349.83747
2026-09-06T03:40:07.043Z,HYPE,0.6694,116700,85.88,1349.83747
2026-09-06T03:45:06.904Z,BTC,1.0694,109244000,80074.9,1349.83747
2026-09-06T03:45:06.904Z,ETH,1.1014,3428000,2511.9,1349.83747
2026-09-06T03:45:06.904Z,SOL,1.0792,145200,106.42,1349.83747
2026-09-06T03:45:06.904Z,BNB,1.0355,1044000,765.5,1349.83747
2026-09-06T03:45:06.904Z,XRP,1.1473,1949,1.4275,1349.83747
2026-09-06T03:45:06.904Z,ADA,0.8564,304,0.2233,1349.83747
2026-09-06T03:45:06.904Z,AVAX,-0.0407,10430,7.73,1349.83747
2026-09-06T03:45:06.904Z,DOT,1.6684,1273,0.9276,1349.83747
2026-09-06T03:45:06.904Z,LINK,0.7887,16670,12.253,1349.83747
2026-09-06T03:45:06.904Z,POL,-6.4183,125.6,0.09943,1349.83747
2026-09-06T03:45:06.904Z,DOGE,1.151,125,0.09155,1349.83747
2026-09-06T03:45:06.904Z,TRX,1.1468,454.2,0.33267,1349.83747
2026-09-06T03:45:06.904Z,XLM,1.3788,255.9,0.187,1349.83747
2026-09-06T03:45:06.904Z,SHIB,0.547,0.0075,5.526e-06,1349.83747
2026-09-06T03:45:06.904Z,BCH,0.6379,357000,262.8,1349.83747
2026-09-06T03:45:06.904Z,UNI,1.0596,9830,7.206,1349.83747
2026-09-06T03:45:06.904Z,AAVE,1.7722,186900,136.05,1349.83747
2026-09-06T03:45:06.904Z,SUSHI,6.0422,347.4,0.2427,1349.83747
2026-09-06T03:45:06.904Z,LDO,-9.5867,485,0.3974,1349.83747
2026-09-06T03:45:06.904Z,ICP,2.7836,3703,2.669,1349.83747
2026-09-06T03:45:06.904Z,NEAR,2.684,3084,2.225,1349.83747
2026-09-06T03:45:06.904Z,HBAR,0.2294,110.9,0.08197,1349.83747
2026-09-06T03:45:06.904Z,XTZ,9.0735,351,0.2384,1349.83747
2026-09-06T03:45:06.904Z,DYDX,-9.1693,149.2,0.12169,1349.83747
2026-09-06T03:45:06.904Z,ARB,-2.9126,254.7,0.19435,1349.83747
2026-09-06T03:45:06.904Z,GMX,-5.6906,10160,7.981,1349.83747
2026-09-06T03:45:06.904Z,IMX,-2.6097,176,0.13388,1349.83747
2026-09-06T03:45:06.904Z,INJ,-6.455,6460,5.116,1349.83747
2026-09-06T03:45:06.904Z,GRT,-7.9137,23.58,0.01897,1349.83747
2026-09-06T03:45:06.904Z,SUI,1.2063,1100,0.8052,1349.83747
2026-09-06T03:45:06.904Z,HYPE,0.5137,116700,86.013,1349.83747
2026-09-06T03:50:06.904Z,BTC,1.1018,109141000,79973.8,1349.83747
2026-09-06T03:50:06.904Z,ETH,1.2759,3427000,2506.84,1349.83747
2026-09-06T03:50:06.904Z,SOL,1.0698,144900,106.21,1349.83747
2026-09-06T03:50:06.904Z,BNB,1.1412,1044000,764.7,1349.83747
2026-09-06T03:50:06.904Z,XRP,1.0742,1945,1.4256,1349.83747
2026-09-06T03:50:06.904Z,ADA,1.1825,304.3,0.2228,1349.83747
2026-09-06T03:50:06.904Z,AVAX,0.1277,10430,7.717,1349.83747
2026-09-06T03:50:06.904Z,DOT,1.8441,1273,0.926,1349.83747
2026-09-06T03:50:06.904Z,LINK,1.0939,16670,12.216,1349.83747
2026-09-06T03:50:06.904Z,POL,-6.2108,125.6,0.09921,1349.83747
2026-09-06T03:50:06.904Z,DOGE,1.4502,125,0.09128,1349.83747
2026-09-06T03:50:06.904Z,TRX,1.165,454.2,0.33261,1349.83747
2026-09-06T03:50:06.904Z,XLM,1.4276,255.9,0.18691,1349.83747
2026-09-06T03:50:06.904Z,SHIB,0.7475,0.0075,5.515e-06,1349.83747
2026-09-06T03:50:06.904Z,BCH,0.6762,357000,262.7,1349.83747
2026-09-06T03:50:06.904Z,UNI,0.8916,9830,7.218,1349.83747
2026-09-06T03:50:06.904Z,AAVE,2.1024,186900,135.61,1349.83747
2026-09-06T03:50:06.904Z,SUSHI,5.6938,347.4,0.2435,1349.83747
2026-09-06T03:50:06.904Z,LDO,-9.3128,485,0.3962,1349.83747
2026-09-06T03:50:06.904Z,ICP,2.9378,3703,2.665,1349.83747
2026-09-06T03:50:06.904Z,NEAR,3.3342,3084,2.211,1349.83747
2026-09-06T03:50:06.904Z,HBAR,0.0707,110.9,0.0821,1349.83747
2026-09-06T03:50:06.904Z,XTZ,9.2569,351,0.238,1349.83747
2026-09-06T03:50:06.904Z,DYDX,-8.9449,149.2,0.12139,1349.83747
2026-09-06T03:50:06.904Z,ARB,-3.2362,254.7,0.195,1349.83747
2026-09-06T03:50:06.904Z,GMX,-5.3229,10160,7.95,1349.83747
2026-09-06T03:50:06.904Z,IMX,-2.3325,176,0.1335,1349.83747
2026-09-06T03:50:06.904Z,INJ,-6.2351,6460,5.104,1349.83747
2026-09-06T03:50:06.904Z,GRT,-8.1558,23.58,0.01902,1349.83747
2026-09-06T03:50:06.904Z,SUI,1.4457,1100,0.8033,1349.83747
2026-09-06T03:50:06.904Z,HYPE,0.5967,116700,85.942,1349.83747
2026-09-06T03:55:06.920Z,BTC,1.1388,109243000,80019.2,1349.83747
2026-09-06T03:55:06.920Z,ETH,1.0569,3423000,2509.34,1349.83747
2026-09-06T03:55:06.920Z,SOL,1.054,144700,106.08,1349.83747
2026-09-06T03:55:06.920Z,BNB,1.0751,1044000,765.2,1349.83747
2026-09-06T03:55:06.920Z,XRP,1.1404,1946,1.4254,1349.83747
2026-09-06T03:55:06.920Z,ADA,1.1371,304.3,0.2229,1349.83747
2026-09-06T03:55:06.920Z,AVAX,0.1667,10430,7.714,1349.83747
2026-09-06T03:55:06.920Z,DOT,1.6794,1273,0.9275,1349.83747
2026-09-06T03:55:06.920Z,LINK,1.0691,16670,12.219,1349.83747
2026-09-06T03:55:06.920Z,POL,-6.6249,125.6,0.09965,1349.83747
2026-09-06T03:55:06.920Z,DOGE,1.1366,124.6,0.09127,1349.83747
2026-09-06T03:55:06.920Z,TRX,1.162,454.2,0.33262,1349.83747
2026-09-06T03:55:06.920Z,XLM,1.4385,255.9,0.18689,1349.83747
2026-09-06T03:55:06.920Z,SHIB,0.7658,0.0075,5.514e-06,1349.83747
2026-09-06T03:55:06.920Z,BCH,0.4849,357000,263.2,1349.83747
2026-09-06T03:55:06.920Z,UNI,0.6685,9830,7.234,1349.83747
2026-09-06T03:55:06.920Z,AAVE,1.9971,186900,135.75,1349.83747
2026-09-06T03:55:06.920Z,SUSHI,5.607,347.4,0.2437,1349.83747
2026-09-06T03:55:06.920Z,LDO,-9.4956,485,0.397,1349.83747
2026-09-06T03:55:06.920Z,ICP,2.7066,3703,2.671,1349.83747
2026-09-06T03:55:06.920Z,NEAR,3.2875,3084,2.212,1349.83747
2026-09-06T03:55:06.920Z,HBAR,0.0463,110.9,0.08212,1349.83747
2026-09-06T03:55:06.920Z,XTZ,9.2569,351,0.238,1349.83747
2026-09-06T03:55:06.920Z,DYDX,-9.0273,149.2,0.1215,1349.83747
2026-09-06T03:55:06.920Z,ARB,-3.5034,254.7,0.19554,1349.83747
2026-09-06T03:55:06.920Z,GMX,-5.3943,10160,7.956,1349.83747
2026-09-06T03:55:06.920Z,IMX,-2.7695,176,0.1341,1349.83747
2026-09-06T03:55:06.920Z,INJ,-6.0141,6460,5.092,1349.83747
2026-09-06T03:55:06.920Z,GRT,-8.2523,23.58,0.01904,1349.83747
2026-09-06T03:55:06.920Z,SUI,1.5848,1100,0.8022,1349.83747
2026-09-06T03:55:06.920Z,HYPE,0.5827,116700,85.954,1349.83747
2026-09-06T04:00:06.890Z,BTC,1.1426,109221000,80000.1,1349.83747
2026-09-06T04:00:06.890Z,ETH,1.1514,3425000,2508.46,1349.83747
2026-09-06T04:00:06.890Z,SOL,1.1112,144700,106.02,1349.83747
2026-09-06T04:00:06.890Z,BNB,1.1279,1044000,764.8,1349.83747
2026-09-06T04:00:06.890Z,XRP,1.1121,1943,1.4236,1349.83747
2026-09-06T04:00:06.890Z,ADA,1.0917,304.3,0.223,1349.83747
2026-09-06T04:00:06.890Z,AVAX,0.2186,10430,7.71,1349.83747
2026-09-06T04:00:06.890Z,DOT,1.4061,1273,0.93,1349.83747
2026-09-06T04:00:06.890Z,LINK,1.0691,16670,12.219,1349.83747
2026-09-06T04:00:06.890Z,POL,-6.8959,125.6,0.09994,1349.83747
2026-09-06T04:00:06.890Z,DOGE,1.1699,124.6,0.09124,1349.83747
2026-09-06T04:00:06.890Z,TRX,1.983,457.9,0.33263,1349.83747
2026-09-06T04:00:06.890Z,XLM,1.4874,255.9,0.1868,1349.83747
2026-09-06T04:00:06.890Z,SHIB,0.8755,0.0075,5.508e-06,1349.83747
2026-09-06T04:00:06.890Z,BCH,0.8297,357000,262.3,1349.83747
2026-09-06T04:00:06.890Z,UNI,0.6685,9830,7.234,1349.83747
2026-09-06T04:00:06.890Z,AAVE,2.0949,186900,135.62,1349.83747
2026-09-06T04:00:06.890Z,SUSHI,5.9112,347.4,0.243,1349.83747
2026-09-06T04:00:06.890Z,LDO,-9.4271,485,0.3967,1349.83747
2026-09-06T04:00:06.890Z,ICP,2.7451,3703,2.67,1349.83747
2026-09-06T04:00:06.890Z,NEAR,3.1476,3084,2.215,1349.83747
2026-09-06T04:00:06.890Z,HBAR,1.0673,112.1,0.08217,1349.83747
2026-09-06T04:00:06.890Z,XTZ,9.1651,351,0.2382,1349.83747
2026-09-06T04:00:06.890Z,DYDX,-9.0722,149.2,0.12156,1349.83747
2026-09-06T04:00:06.890Z,ARB,-4.6349,254.7,0.19786,1349.83747
2026-09-06T04:00:06.890Z,GMX,-5.1439,10160,7.935,1349.83747
2026-09-06T04:00:06.890Z,IMX,-3.3318,176,0.13488,1349.83747
2026-09-06T04:00:06.890Z,INJ,-6.3085,6460,5.108,1349.83747
2026-09-06T04:00:06.890Z,GRT,-8.6361,23.58,0.01912,1349.83747
2026-09-06T04:00:06.890Z,SUI,1.6608,1100,0.8016,1349.83747
2026-09-06T04:00:06.890Z,HYPE,0.694,116700,85.859,1349.83747
2026-09-06T04:05:07.079Z,BTC,1.1149,109132000,79956.8,1349.83747
2026-09-06T04:05:07.079Z,ETH,1.1772,3425000,2507.82,1349.83747
2026-09-06T04:05:07.079Z,SOL,1.2545,144700,105.87,1349.83747
2026-09-06T04:05:07.079Z,BNB,1.1147,1044000,764.9,1349.83747
2026-09-06T04:05:07.079Z,XRP,1.1146,1941,1.4221,1349.83747
2026-09-06T04:05:07.079Z,ADA,1.2012,303.4,0.2221,1349.83747
2026-09-06T04:05:07.079Z,AVAX,0.4401,10430,7.693,1349.83747
2026-09-06T04:05:07.079Z,DOT,1.4388,1273,0.9297,1349.83747
2026-09-06T04:05:07.079Z,LINK,1.2929,16670,12.192,1349.83747
2026-09-06T04:05:07.079Z,POL,-7.0076,125.6,0.10006,1349.83747
2026-09-06T04:05:07.079Z,DOGE,1.3699,124.6,0.09106,1349.83747
2026-09-06T04:05:07.079Z,TRX,1.1488,454.1,0.33259,1349.83747
2026-09-06T04:05:07.079Z,XLM,1.3101,254.4,0.18603,1349.83747
2026-09-06T04:05:07.079Z,SHIB,0.8939,0.0075,5.507e-06,1349.83747
2026-09-06T04:05:07.079Z,BCH,1.0223,357000,261.8,1349.83747
2026-09-06T04:05:07.079Z,UNI,1.2282,9830,7.194,1349.83747
2026-09-06T04:05:07.079Z,AAVE,2.1627,186900,135.53,1349.83747
2026-09-06T04:05:07.079Z,SUSHI,8.1363,347.4,0.238,1349.83747
2026-09-06T04:05:07.079Z,LDO,-9.4271,485,0.3967,1349.83747
2026-09-06T04:05:07.079Z,ICP,3.0538,3703,2.662,1349.83747
2026-09-06T04:05:07.079Z,NEAR,3.381,3084,2.21,1349.83747
2026-09-06T04:05:07.079Z,HBAR,1.6985,112.1,0.08166,1349.83747
2026-09-06T04:05:07.079Z,XTZ,9.2569,351,0.238,1349.83747
2026-09-06T04:05:07.079Z,DYDX,-8.5456,149.2,0.12086,1349.83747
2026-09-06T04:05:07.079Z,ARB,2.1873,275.9,0.20002,1349.83747
2026-09-06T04:05:07.079Z,GMX,-5.2871,10160,7.947,1349.83747
2026-09-06T04:05:07.079Z,IMX,-3.6319,176,0.1353,1349.83747
2026-09-06T04:05:07.079Z,INJ,-6.3818,6460,5.112,1349.83747
2026-09-06T04:05:07.079Z,GRT,-7.6704,23.58,0.01892,1349.83747
2026-09-06T04:05:07.079Z,SUI,1.8514,1100,0.8001,1349.83747
2026-09-06T04:05:07.079Z,HYPE,1.2008,117200,85.795,1349.83747
2026-09-06T04:10:06.885Z,BTC,1.103,109110000,79950.1,1349.83747
2026-09-06T04:10:06.885Z,ETH,1.1864,3424000,2506.86,1349.83747
2026-09-06T04:10:06.885Z,SOL,1.0604,144600,106,1349.83747
2026-09-06T04:10:06.885Z,BNB,1.1279,1044000,764.8,1349.83747
2026-09-06T04:10:06.885Z,XRP,1.0886,1939,1.421,1349.83747
2026-09-06T04:10:06.885Z,ADA,1.0071,302,0.2215,1349.83747
2026-09-06T04:10:06.885Z,AVAX,0.6101,10430,7.68,1349.83747
2026-09-06T04:10:06.885Z,DOT,1.4934,1273,0.9292,1349.83747
2026-09-06T04:10:06.885Z,LINK,1.2929,16670,12.192,1349.83747
2026-09-06T04:10:06.885Z,POL,-6.8586,125.6,0.0999,1349.83747
2026-09-06T04:10:06.885Z,DOGE,1.2446,124.2,0.09088,1349.83747
2026-09-06T04:10:06.885Z,TRX,1.0031,454.1,0.33307,1349.83747
2026-09-06T04:10:06.885Z,XLM,1.3646,254.4,0.18593,1349.83747
2026-09-06T04:10:06.885Z,SHIB,1.0223,0.0075,5.5e-06,1349.83747
2026-09-06T04:10:06.885Z,BCH,1.3707,357000,260.9,1349.83747
2026-09-06T04:10:06.885Z,UNI,0.8777,9830,7.219,1349.83747
2026-09-06T04:10:06.885Z,AAVE,2.4424,186900,135.16,1349.83747
2026-09-06T04:10:06.885Z,SUSHI,9.1097,352,0.239,1349.83747
2026-09-06T04:10:06.885Z,LDO,-9.267,485,0.396,1349.83747
2026-09-06T04:10:06.885Z,ICP,3.2866,3703,2.656,1349.83747
2026-09-06T04:10:06.885Z,NEAR,3.5215,3084,2.207,1349.83747
2026-09-06T04:10:06.885Z,HBAR,1.4339,112,0.0818,1349.83747
2026-09-06T04:10:06.885Z,XTZ,9.4408,351,0.2376,1349.83747
2026-09-06T04:10:06.885Z,DYDX,-8.3104,149.2,0.12055,1349.83747
2026-09-06T04:10:06.885Z,ARB,2.2799,270.6,0.196,1349.83747
2026-09-06T04:10:06.885Z,GMX,-5.5723,10160,7.971,1349.83747
2026-09-06T04:10:06.885Z,IMX,-3.4463,176,0.13504,1349.83747
2026-09-06T04:10:06.885Z,INJ,-6.3452,6460,5.11,1349.83747
2026-09-06T04:10:06.885Z,GRT,-7.6704,23.58,0.01892,1349.83747
2026-09-06T04:10:06.885Z,SUI,1.0265,1090,0.7993,1349.83747
2026-09-06T04:10:06.885Z,HYPE,0.7146,116800,85.915,1349.83747
2026-09-06T04:15:07.045Z,BTC,1.108,109100000,79938.8,1349.83747
2026-09-06T04:15:07.045Z,ETH,1.1568,3422000,2506.13,1349.83747
2026-09-06T04:15:07.045Z,SOL,1.1937,144900,106.08,1349.83747
2026-09-06T04:15:07.045Z,BNB,1.2206,1044000,764.1,1349.83747
2026-09-06T04:15:07.045Z,XRP,1.1525,1942,1.4223,1349.83747
2026-09-06T04:15:07.045Z,ADA,1.3538,302.9,0.2214,1349.83747
2026-09-06T04:15:07.045Z,AVAX,0.7413,10430,7.67,1349.83747
2026-09-06T04:15:07.045Z,DOT,1.6137,1273,0.9281,1349.83747
2026-09-06T04:15:07.045Z,LINK,1.426,16670,12.176,1349.83747
2026-09-06T04:15:07.045Z,POL,-6.0024,125.6,0.09899,1349.83747
2026-09-06T04:15:07.045Z,DOGE,1.0889,124.2,0.09102,1349.83747
2026-09-06T04:15:07.045Z,TRX,1,454.1,0.33308,1349.83747
2026-09-06T04:15:07.045Z,XLM,1.412,254.3,0.18577,1349.83747
2026-09-06T04:15:07.045Z,SHIB,1.0039,0.0075,5.501e-06,1349.83747
2026-09-06T04:15:07.045Z,BCH,1.4096,357000,260.8,1349.83747
2026-09-06T04:15:07.045Z,UNI,1.6379,9830,7.165,1349.83747
2026-09-06T04:15:07.045Z,AAVE,2.7541,186900,134.75,1349.83747
2026-09-06T04:15:07.045Z,SUSHI,8.9274,352,0.2394,1349.83747
2026-09-06T04:15:07.045Z,LDO,-8.9913,485,0.3948,1349.83747
2026-09-06T04:15:07.045Z,ICP,3.4814,3703,2.651,1349.83747
2026-09-06T04:15:07.045Z,NEAR,3.5215,3084,2.207,1349.83747
2026-09-06T04:15:07.045Z,HBAR,1.6327,112,0.08164,1349.83747
2026-09-06T04:15:07.045Z,XTZ,9.4408,351,0.2376,1349.83747
2026-09-06T04:15:07.045Z,DYDX,-8.1733,149.2,0.12037,1349.83747
2026-09-06T04:15:07.045Z,ARB,2.3883,265.4,0.19203,1349.83747
2026-09-06T04:15:07.045Z,GMX,-5.108,10160,7.932,1349.83747
2026-09-06T04:15:07.045Z,IMX,-3.5106,176,0.13513,1349.83747
2026-09-06T04:15:07.045Z,INJ,-6.2167,6460,5.103,1349.83747
2026-09-06T04:15:07.045Z,GRT,-7.2783,23.58,0.01884,1349.83747
2026-09-06T04:15:07.045Z,SUI,1.2625,1092,0.7989,1349.83747
2026-09-06T04:15:07.045Z,HYPE,1.0355,117700,86.302,1349.83747
2026-09-06T04:20:06.870Z,BTC,1.1627,109129000,79916.8,1349.83747
2026-09-06T04:20:06.870Z,ETH,1.15,3419000,2504.1,1349.83747
2026-09-06T04:20:06.870Z,SOL,1.258,144500,105.72,1349.83747
2026-09-06T04:20:06.870Z,BNB,1.3001,1044000,763.5,1349.83747
2026-09-06T04:20:06.870Z,XRP,1.2026,1939,1.4194,1349.83747
2026-09-06T04:20:06.870Z,ADA,1.2937,301.9,0.2208,1349.83747
2026-09-06T04:20:06.870Z,AVAX,1.0311,10430,7.648,1349.83747
2026-09-06T04:20:06.870Z,DOT,2.0314,1273,0.9243,1349.83747
2026-09-06T04:20:06.870Z,LINK,1.369,16610,12.139,1349.83747
2026-09-06T04:20:06.870Z,POL,-6.0498,125.6,0.09904,1349.83747
2026-09-06T04:20:06.870Z,DOGE,1.3784,124.2,0.09076,1349.83747
2026-09-06T04:20:06.870Z,TRX,1.0364,454.1,0.33296,1349.83747
2026-09-06T04:20:06.870Z,XLM,1.5799,254.2,0.18539,1349.83747
2026-09-06T04:20:06.870Z,SHIB,1.354,0.0075,5.482e-06,1349.83747
2026-09-06T04:20:06.870Z,BCH,1.6825,357000,260.1,1349.83747
2026-09-06T04:20:06.870Z,UNI,1.4821,9830,7.176,1349.83747
2026-09-06T04:20:06.870Z,AAVE,1.368,183900,134.4,1349.83747
2026-09-06T04:20:06.870Z,SUSHI,10.3564,352,0.2363,1349.83747
2026-09-06T04:20:06.870Z,LDO,-8.7138,485,0.3936,1349.83747
2026-09-06T04:20:06.870Z,ICP,3.5987,3703,2.648,1349.83747
2026-09-06T04:20:06.870Z,NEAR,3.8509,3084,2.2,1349.83747
2026-09-06T04:20:06.870Z,HBAR,1.7468,111.7,0.08133,1349.83747
2026-09-06T04:20:06.870Z,XTZ,9.7642,351,0.2369,1349.83747
2026-09-06T04:20:06.870Z,DYDX,-7.8287,149.2,0.11992,1349.83747
2026-09-06T04:20:06.870Z,ARB,1.5842,265.4,0.19355,1349.83747
2026-09-06T04:20:06.870Z,GMX,-4.7236,10160,7.9,1349.83747
2026-09-06T04:20:06.870Z,IMX,-3.3533,176,0.13491,1349.83747
2026-09-06T04:20:06.870Z,INJ,-5.9217,6460,5.087,1349.83747
2026-09-06T04:20:06.870Z,GRT,-7.0316,23.58,0.01879,1349.83747
2026-09-06T04:20:06.870Z,SUI,1.5421,1092,0.7967,1349.83747
2026-09-06T04:20:06.870Z,HYPE,1.3055,117700,86.072,1349.83747
2026-09-06T04:25:06.713Z,BTC,1.1143,109041000,79890.6,1349.83747
2026-09-06T04:25:06.713Z,ETH,1.0999,3411000,2499.48,1349.83747
2026-09-06T04:25:06.713Z,SOL,1.0127,144300,105.83,1349.83747
2026-09-06T04:25:06.713Z,BNB,1.4064,1044000,762.7,1349.83747
2026-09-06T04:25:06.713Z,XRP,1.1529,1936,1.4179,1349.83747
2026-09-06T04:25:06.713Z,ADA,1.3308,301.6,0.2205,1349.83747
2026-09-06T04:25:06.713Z,AVAX,1.0443,10430,7.647,1349.83747
2026-09-06T04:25:06.713Z,DOT,0.2657,1253,0.9258,1349.83747
2026-09-06T04:25:06.713Z,LINK,1.0306,16560,12.143,1349.83747
2026-09-06T04:25:06.713Z,POL,-6.4936,125.6,0.09951,1349.83747
2026-09-06T04:25:06.713Z,DOGE,1.1562,123.6,0.09052,1349.83747
2026-09-06T04:25:06.713Z,TRX,1.0718,454.3,0.33299,1349.83747
2026-09-06T04:25:06.713Z,XLM,1.4343,254,0.18551,1349.83747
2026-09-06T04:25:06.713Z,SHIB,1.3725,0.0075,5.481e-06,1349.83747
2026-09-06T04:25:06.713Z,BCH,1.7608,357000,259.9,1349.83747
2026-09-06T04:25:06.713Z,UNI,1.6067,9720,7.087,1349.83747
2026-09-06T04:25:06.713Z,AAVE,1.4435,183900,134.3,1349.83747
2026-09-06T04:25:06.713Z,SUSHI,11.0614,352,0.2348,1349.83747
2026-09-06T04:25:06.713Z,LDO,-8.7138,485,0.3936,1349.83747
2026-09-06T04:25:06.713Z,ICP,3.834,3703,2.642,1349.83747
2026-09-06T04:25:06.713Z,NEAR,1.391,3000,2.192,1349.83747
2026-09-06T04:25:06.713Z,HBAR,0.9022,110.8,0.08135,1349.83747
2026-09-06T04:25:06.713Z,XTZ,9.9033,351,0.2366,1349.83747
2026-09-06T04:25:06.713Z,DYDX,-7.9132,149.2,0.12003,1349.83747
2026-09-06T04:25:06.713Z,ARB,1.558,265.4,0.1936,1349.83747
2026-09-06T04:25:06.713Z,GMX,-4.4454,10160,7.877,1349.83747
2026-09-06T04:25:06.713Z,IMX,-3.7102,176,0.13541,1349.83747
2026-09-06T04:25:06.713Z,INJ,-6.1615,6460,5.1,1349.83747
2026-09-06T04:25:06.713Z,GRT,-6.3839,23.58,0.01866,1349.83747
2026-09-06T04:25:06.713Z,SUI,1.7209,1092,0.7953,1349.83747
2026-09-06T04:25:06.713Z,HYPE,1.3196,117700,86.06,1349.83747
2026-09-06T04:30:06.737Z,BTC,1.1288,109069000,79899.7,1349.83747
2026-09-06T04:30:06.737Z,ETH,1.0621,3413000,2501.88,1349.83747
2026-09-06T04:30:06.737Z,SOL,1.1241,144500,105.86,1349.83747
2026-09-06T04:30:06.737Z,BNB,1.4729,1044000,762.2,1349.83747
2026-09-06T04:30:06.737Z,XRP,1.1481,1937,1.4187,1349.83747
2026-09-06T04:30:06.737Z,ADA,1.2848,301.6,0.2206,1349.83747
2026-09-06T04:30:06.737Z,AVAX,1.1369,10430,7.64,1349.83747
2026-09-06T04:30:06.737Z,DOT,0.2441,1253,0.926,1349.83747
2026-09-06T04:30:06.737Z,LINK,1.1222,16560,12.132,1349.83747
2026-09-06T04:30:06.737Z,POL,-6.6905,125.6,0.09972,1349.83747
2026-09-06T04:30:06.737Z,DOGE,1.1227,123.6,0.09055,1349.83747
2026-09-06T04:30:06.737Z,TRX,1.0749,454.3,0.33298,1349.83747
2026-09-06T04:30:06.737Z,XLM,1.3742,254,0.18562,1349.83747
2026-09-06T04:30:06.737Z,SHIB,1.317,0.0075,5.484e-06,1349.83747
2026-09-06T04:30:06.737Z,BCH,1.7608,357000,259.9,1349.83747
2026-09-06T04:30:06.737Z,UNI,1.335,9720,7.106,1349.83747
2026-09-06T04:30:06.737Z,AAVE,1.5494,183900,134.16,1349.83747
2026-09-06T04:30:06.737Z,SUSHI,11.2984,352,0.2343,1349.83747
2026-09-06T04:30:06.737Z,LDO,-8.737,485,0.3937,1349.83747
2026-09-06T04:30:06.737Z,ICP,3.9914,3703,2.638,1349.83747
2026-09-06T04:30:06.737Z,NEAR,1.6692,3000,2.186,1349.83747
2026-09-06T04:30:06.737Z,HBAR,0.8526,110.8,0.08139,1349.83747
2026-09-06T04:30:06.737Z,XTZ,9.9498,351,0.2365,1349.83747
2026-09-06T04:30:06.737Z,DYDX,-7.466,149.2,0.11945,1349.83747
2026-09-06T04:30:06.737Z,ARB,2.1914,265.4,0.1924,1349.83747
2026-09-06T04:30:06.737Z,GMX,-4.0679,10160,7.846,1349.83747
2026-09-06T04:30:06.737Z,IMX,-3.0587,176,0.1345,1349.83747
2026-09-06T04:30:06.737Z,INJ,-6.0695,6460,5.095,1349.83747
2026-09-06T04:30:06.737Z,GRT,-5.9302,23.58,0.01857,1349.83747
2026-09-06T04:30:06.737Z,SUI,1.7337,1092,0.7952,1349.83747
2026-09-06T04:30:06.737Z,HYPE,1.2796,117700,86.094,1349.83747
2026-09-06T04:35:07.091Z,BTC,1.1211,109024000,79872.8,1349.83747
2026-09-06T04:35:07.091Z,ETH,1.1585,3415000,2500.96,1349.83747
2026-09-06T04:35:07.091Z,SOL,1.1848,144300,105.65,1349.83747
2026-09-06T04:35:07.091Z,BNB,1.4596,1044000,762.3,1349.83747
2026-09-06T04:35:07.091Z,XRP,1.1814,1936,1.4175,1349.83747
2026-09-06T04:35:07.091Z,ADA,1.4688,301.6,0.2202,1349.83747
2026-09-06T04:35:07.091Z,AVAX,1.2164,10430,7.634,1349.83747
2026-09-06T04:35:07.091Z,DOT,0.385,1253,0.9247,1349.83747
2026-09-06T04:35:07.091Z,LINK,1.2223,16560,12.12,1349.83747
2026-09-06T04:35:07.091Z,POL,-6.84,125.6,0.09988,1349.83747
2026-09-06T04:35:07.091Z,DOGE,1.1117,123.3,0.09034,1349.83747
2026-09-06T04:35:07.091Z,TRX,1.087,454.3,0.33294,1349.83747
2026-09-06T04:35:07.091Z,XLM,1.3578,254,0.18565,1349.83747
2026-09-06T04:35:07.091Z,SHIB,1.428,0.0075,5.478e-06,1349.83747
2026-09-06T04:35:07.091Z,BCH,1.9569,357000,259.4,1349.83747
2026-09-06T04:35:07.091Z,UNI,0.8101,9720,7.143,1349.83747
2026-09-06T04:35:07.091Z,AAVE,1.5645,183900,134.14,1349.83747
2026-09-06T04:35:07.091Z,SUSHI,10.8254,352,0.2353,1349.83747
2026-09-06T04:35:07.091Z,LDO,-8.7833,485,0.3939,1349.83747
2026-09-06T04:35:07.091Z,ICP,3.9914,3703,2.638,1349.83747
2026-09-06T04:35:07.091Z,NEAR,1.6772,2992,2.18,1349.83747
2026-09-06T04:35:07.091Z,HBAR,1.0637,110.8,0.08122,1349.83747
2026-09-06T04:35:07.091Z,XTZ,9.8105,351,0.2368,1349.83747
2026-09-06T04:35:07.091Z,DYDX,-7.4738,149.2,0.11946,1349.83747
2026-09-06T04:35:07.091Z,ARB,3.33,265.4,0.19028,1349.83747
2026-09-06T04:35:07.091Z,GMX,-3.9945,10160,7.84,1349.83747
2026-09-06T04:35:07.091Z,IMX,-2.5661,176,0.13382,1349.83747
2026-09-06T04:35:07.091Z,INJ,-6.1799,6460,5.101,1349.83747
2026-09-06T04:35:07.091Z,GRT,-5.6252,23.58,0.01851,1349.83747
2026-09-06T04:35:07.091Z,SUI,1.1111,1086,0.7957,1349.83747
2026-09-06T04:35:07.091Z,HYPE,1.3208,117700,86.059,1349.83747
2026-09-06T04:40:06.680Z,BTC,1.1201,109024000,79873.6,1349.83747
2026-09-06T04:40:06.680Z,ETH,1.1224,3414000,2501.12,1349.83747
2026-09-06T04:40:06.680Z,SOL,1.1081,144600,105.95,1349.83747
2026-09-06T04:40:06.680Z,BNB,1.4463,1044000,762.4,1349.83747
2026-09-06T04:40:06.680Z,XRP,1.1672,1936,1.4177,1349.83747
2026-09-06T04:40:06.680Z,ADA,1.2389,301.6,0.2207,1349.83747
2026-09-06T04:40:06.680Z,AVAX,1.1898,10430,7.636,1349.83747
2026-09-06T04:40:06.680Z,DOT,0.2765,1253,0.9257,1349.83747
2026-09-06T04:40:06.680Z,LINK,1.1222,16560,12.132,1349.83747
2026-09-06T04:40:06.680Z,POL,-6.7933,125.6,0.09983,1349.83747
2026-09-06T04:40:06.680Z,DOGE,0.9107,123.3,0.09052,1349.83747
2026-09-06T04:40:06.680Z,TRX,1.1265,454.3,0.33281,1349.83747
2026-09-06T04:40:06.680Z,XLM,1.3721,254.2,0.18577,1349.83747
2026-09-06T04:40:06.680Z,SHIB,1.354,0.0075,5.482e-06,1349.83747
2026-09-06T04:40:06.680Z,BCH,1.9569,357000,259.4,1349.83747
2026-09-06T04:40:06.680Z,UNI,1.9953,9720,7.06,1349.83747
2026-09-06T04:40:06.680Z,AAVE,1.504,183900,134.22,1349.83747
2026-09-06T04:40:06.680Z,SUSHI,11.3459,352,0.2342,1349.83747
2026-09-06T04:40:06.680Z,LDO,-8.8296,485,0.3941,1349.83747
2026-09-06T04:40:06.680Z,ICP,3.952,3703,2.639,1349.83747
2026-09-06T04:40:06.680Z,NEAR,1.7239,2992,2.179,1349.83747
2026-09-06T04:40:06.680Z,HBAR,1.0388,110.8,0.08124,1349.83747
2026-09-06T04:40:06.680Z,XTZ,9.8569,351,0.2367,1349.83747
2026-09-06T04:40:06.680Z,DYDX,-7.4428,149.2,0.11942,1349.83747
2026-09-06T04:40:06.680Z,ARB,2.8382,265.4,0.19119,1349.83747
2026-09-06T04:40:06.680Z,GMX,-4.19,10160,7.856,1349.83747
2026-09-06T04:40:06.680Z,IMX,-2.5588,176,0.13381,1349.83747
2026-09-06T04:40:06.680Z,INJ,-6.2535,6460,5.105,1349.83747
2026-09-06T04:40:06.680Z,GRT,-5.9808,23.58,0.01858,1349.83747
2026-09-06T04:40:06.680Z,SUI,1.073,1086,0.796,1349.83747
2026-09-06T04:40:06.680Z,HYPE,1.3302,117700,86.051,1349.83747
2026-09-06T04:45:06.893Z,BTC,1.1317,109060000,79890.8,1349.83747
2026-09-06T04:45:06.893Z,ETH,1.0696,3415000,2503.16,1349.83747
2026-09-06T04:45:06.893Z,SOL,1.0635,144700,106.07,1349.83747
2026-09-06T04:45:06.893Z,BNB,1.3931,1044000,762.8,1349.83747
